name,id,cur_rank,prev_rank,world,dc,points,points_delta,portrait,tier,wins,wins_delta,job
Cliffe Zanza,36074329,1,0,Spriggan,Chaos,5088,0,d8d2fa78adb447ec4b6d5d747f5d5f84_feaf0a2e88ff164813fbc9b85876fa48fc0.jpg?1788796486,Ultima,259,24,MNK
Mamiyama Kamimama,37371304,2,0,Spriggan,Chaos,4066,87,3c6fd6569d3dce40308c9a2a1f3c3bfa_feaf0a2e88ff164813fbc9b85876fa48fc0.jpg?1788795189,Ultima,498,23,PCT
Saboree Catboy,36051653,3,0,Spriggan,Chaos,3998,199,b61ec1080d608b5a83f30baef219dc02_feaf0a2e88ff164813fbc9b85876fa48fc0.jpg?1788794587,Ultima,382,4,SAM
Auelin Fae,18291844,4,0,Zodiark,Light,3725,0,2d6204db02c5efce86aca234fd6f1ce1_c274370774c6bc3483cc8740805f41bcfc0.jpg?1788794571,Ultima,164,0,MCH
Deadrise Mutombo,31730694,5,0,Ragnarok,Chaos,3686,0,a382acb94313f23d966dd6d39d909bea_40d57ba713628f3f1ef5ef204b6d76d2fc0.jpg?1788793522,Ultima,265,14,NIN
Crow Kaien,44749262,6,0,Zodiark,Light,3652,0,54e5719ccbdb45c6de28f017b4365207_c274370774c6bc3483cc8740805f41bcfc0.jpg?1788796548,Ultima,71,6,PLD
Tsukuyo Ritlas,37800185,7,0,Odin,Light,3614,0,eca30840fe0bed8e80f620b5f57c49de_644311b63b607133c989d7c1188467dafc0.jpg?1788795304,Ultima,150,0,PCT
Loty Coldwind,36521588,8,0,Twintania,Light,3590,0,3632cf6d20598f5c4c7b748be7e19153_c33f640c0cdd35f7def85b8aa31a0007fc0.jpg?1788792995,Ultima,421,12,WHM
Scarlet Rose,26616217,9,0,Spriggan,Chaos,3358,0,96ad88f23a708e8d6e391f669986d57c_feaf0a2e88ff164813fbc9b85876fa48fc0.jpg?1788794920,Ultima,554,3,PLD
Miyu Moon,58918526,10,0,Moogle,Chaos,3349,0,1abf5ce3756f6fa0d1c5be2cd39491bc_d7a9d5f85a29d6278ec1c7adc2c8d242fc0.jpg?1788796335,Ultima,138,9,SAM
Tia Tomoe,41293767,11,0,Phoenix,Light,3104,0,7dc31b9a880ba3f36a3ef1208e0c5909_5047bc596a4bab2dc7f7c120bb22dec5fc0.jpg?1788793510,Ultima,188,1,SMN
Elohim Meth,60682611,12,0,Raiden,Light,3055,0,0b14f1751b014118eca06236e1fdf2bf_a370664d98f658f4ed4e620f378f73cdfc0.jpg?1788794376,Ultima,200,0,UNK
Shino Yaru,38308969,13,0,Phoenix,Light,3026,0,0662727bb913ed7fe3009f3542ea1e64_5047bc596a4bab2dc7f7c120bb22dec5fc0.jpg?1788794021,Ultima,457,19,UNK
Ange Melrose,50267939,14,0,Omega,Chaos,3007,0,f2fb3057962bf3d28bcce976076f5368_39e25ac3d737c46452305eefe324372cfc0.jpg?1788793943,Ultima,399,0,MNK
Ivaious Zol,38270926,15,0,Odin,Light,2992,0,2e78b44195db83336b1acbe75927a864_644311b63b607133c989d7c1188467dafc0.jpg?1788795225,Omega,199,11,RDM
Prisma Tic,38791879,16,0,Cerberus,Chaos,2939,0,5220c35172bb26154c862a6d485e37b8_777c57311d510ca65dac3c1077dee435fc0.jpg?1788795949,Omega,301,15,PCT
Totsu Geki,60147602,17,0,Spriggan,Chaos,2826,0,1b45188bdbf3dd4afe9a37a646eaa4b9_feaf0a2e88ff164813fbc9b85876fa48fc0.jpg?1788794662,Omega,510,0,DRK
Miyu Edelfelt,21335430,18,0,Phoenix,Light,2816,0,ba690d74246b4d07f543f0d9516feec2_5047bc596a4bab2dc7f7c120bb22dec5fc0.jpg?1788796360,Omega,287,0,AST
Ase Dora,42603487,19,0,Alpha,Light,2806,0,78626e6cf6f07875d5ac9527a5bd0c4d_6132295fcf5570fb8b0a944ef322a598fc0.jpg?1788795145,Omega,603,0,RDM
Moki Moki,14235486,20,28,Odin,Light,2789,392,82d3ef8d03fa7a6ddf4429f15fd296a2_644311b63b607133c989d7c1188467dafc0.jpg?1788794016,Omega,78,17,MNK
Aura Sphere,30657353,21,20,Zodiark,Light,2741,0,6cc4a373eafbcbf88a340a52d95f133e_c274370774c6bc3483cc8740805f41bcfc0.jpg?1788794211,Omega,171,13,AST
Akari Tsuki,31005286,22,21,Louisoix,Chaos,2700,0,28e1cfaecfbf911dc3621f5de74642aa_0a122616f3718d3f45cab10fd8fc1604fc0.jpg?1788796093,Omega,88,7,MNK
Maarato Cookie,20349526,23,22,Twintania,Light,2667,0,dbab16598b86bb31b2eb96070f723572_c33f640c0cdd35f7def85b8aa31a0007fc0.jpg?1788793233,Omega,242,2,DRG
Ten Gil,17217146,24,23,Louisoix,Chaos,2663,0,884fcae1e61228d09798c630a2c827fb_0a122616f3718d3f45cab10fd8fc1604fc0.jpg?1788794810,Omega,157,12,SMN
Tarutella Goldfish,4235488,25,24,Phoenix,Light,2651,0,f269741c27ca22c02db955557e7283fa_5047bc596a4bab2dc7f7c120bb22dec5fc0.jpg?1788794439,Omega,248,0,CUL
Tei Tei,36611700,26,25,Odin,Light,2524,0,21c224545e3d3af775a3d377c8e444bf_644311b63b607133c989d7c1188467dafc0.jpg?1788796434,Omega,241,4,MNK
Sice Seven,15008161,27,26,Moogle,Chaos,2494,0,23657ac0d29f4bc5667ef1e00cf528f8_d7a9d5f85a29d6278ec1c7adc2c8d242fc0.jpg?1788793709,Omega,117,0,BRD
Yasuki San,61688064,28,27,Phantom,Chaos,2477,0,37dbf9b8936faaf9c75f598c38dcac11_f0a43d6e5eea19af337a176e9836acddfc0.jpg?1788795234,Omega,495,11,UNK
Lex'ander Wayfarer,18009481,29,0,Odin,Light,2295,0,0adfa03fe11940a91e3b6a2ed08ddb88_644311b63b607133c989d7c1188467dafc0.jpg?1788794036,Omega,105,0,SAM
Resilla Frostflow,14658770,30,0,Cerberus,Chaos,2294,0,00a4e6250beb98b5644c87cffe8b7f4f_777c57311d510ca65dac3c1077dee435fc0.jpg?1788796339,Omega,185,8,NIN
Yamizura Kumozuma,19652230,31,35,Twintania,Light,2271,96,24bbc9cebf09eb83efcbc272c3085fd1_c33f640c0cdd35f7def85b8aa31a0007fc0.jpg?1788795774,Omega,34,2,SCH
Cat Wife,21099767,32,31,Zodiark,Light,2257,0,76d1664265ae631c957cfab6c72cfba9_c274370774c6bc3483cc8740805f41bcfc0.jpg?1788795866,Omega,47,0,WHM
Dalik Mathis,9537863,33,39,Ragnarok,Chaos,2238,196,fd4dde44208527cc20e58ba589d51f01_40d57ba713628f3f1ef5ef204b6d76d2fc0.jpg?1788796469,Omega,228,8,GNB
Ame Ame,20722816,34,32,Ragnarok,Chaos,2189,0,84eea0fa24e8d91df6e02312644e4c94_40d57ba713628f3f1ef5ef204b6d76d2fc0.jpg?1788793856,Omega,84,0,UNK
Lhei Tayun,25191408,35,33,Zodiark,Light,2179,0,6ee93960f16da0ea5150fe1b7590dfa4_c274370774c6bc3483cc8740805f41bcfc0.jpg?1788793647,Omega,271,8,BLM
Xen Thique,40172078,36,34,Odin,Light,2178,0,8930228f4df0c18feea28ebbb1c451f2_644311b63b607133c989d7c1188467dafc0.jpg?1788793075,Omega,148,0,WHM
Shia Sun,1754600,37,36,Odin,Light,2094,0,7550981ba488e5ebe919aa3cb39efbfa_644311b63b607133c989d7c1188467dafc0.jpg?1788793068,Omega,243,11,MIN
Myst Freyja,33906213,38,37,Omega,Chaos,2086,0,240b879fd403fc16c04022b6075077ae_39e25ac3d737c46452305eefe324372cfc0.jpg?1788794572,Omega,84,0,RPR
Endorel Soro,12949151,39,42,Alpha,Light,2077,103,038b9a835f84a3b80a8a467605d3dd8c_6132295fcf5570fb8b0a944ef322a598fc0.jpg?1788796414,Omega,73,4,UNK
Sunie Mochi,12728791,40,38,Twintania,Light,2073,0,4760f9b45bd6f71f83adbd97ab87eae3_c33f640c0cdd35f7def85b8aa31a0007fc0.jpg?1788795706,Omega,241,0,DNC
Shadow Aya,54551815,41,52,Zodiark,Light,1991,195,5ca13f39db9eefc50e8e57be73e7254e_c274370774c6bc3483cc8740805f41bcfc0.jpg?1788793904,Omega,183,9,DRK
Leedo Dale,25033597,42,40,Zodiark,Light,1983,0,9e122691e98bda2ea6abe86ed7b81a63_c274370774c6bc3483cc8740805f41bcfc0.jpg?1788795980,Omega,517,0,NIN
Meryll Enetari,24681550,43,41,Cerberus,Chaos,1978,0,f4fe16c70d7023e2101e19421c5abf1e_777c57311d510ca65dac3c1077dee435fc0.jpg?1788795607,Omega,424,12,DNC
Yi Ma,60448295,44,43,Phoenix,Light,1949,0,bb3af62117cae7488d9b02007f341c7b_5047bc596a4bab2dc7f7c120bb22dec5fc0.jpg?1788794432,Omega,160,0,VPR
Delzor Waka,40194085,45,49,Odin,Light,1948,111,bde30c4caff355f65cf9761727b12725_644311b63b607133c989d7c1188467dafc0.jpg?1788794352,Omega,227,9,MCH
Purr It,40913226,46,44,Zodiark,Light,1947,0,9adf9c1689ff6761673da6e25b839b7b_c274370774c6bc3483cc8740805f41bcfc0.jpg?1788794493,Omega,305,13,VPR
Arale Il,15406803,47,45,Ragnarok,Chaos,1919,0,e5c2a19e43a1edb9b276827163b36a1b_40d57ba713628f3f1ef5ef204b6d76d2fc0.jpg?1788794244,Omega,142,0,RDM
Misora Kaiatsa,25126040,48,46,Moogle,Chaos,1917,0,80fa199452585ab77d14128509576300_d7a9d5f85a29d6278ec1c7adc2c8d242fc0.jpg?1788793231,Omega,187,0,RPR
Kimbi Aoe,24693270,49,47,Shiva,Light,1898,0,67e0ddfb70faf5725a971d086cfdce61_3fbff0e6b620e4d259dc427abc6574dafc0.jpg?1788794491,Omega,100,0,PLD
Marci Sidekick,41408431,50,48,Zodiark,Light,1887,0,a9c3b41a05dec1fd191fe80f38009aa5_c274370774c6bc3483cc8740805f41bcfc0.jpg?1788796096,Omega,64,0,DRG
Magna Shanoa,22946172,51,50,Omega,Chaos,1798,0,fa3b3fe187b1dcbf8c4a5af5b2c5d507_39e25ac3d737c46452305eefe324372cfc0.jpg?1788795945,Omega,88,0,WHM
Two Koma,51508003,52,51,Zodiark,Light,1797,0,15a666f8d7bb67401300fae763ce4d32_c274370774c6bc3483cc8740805f41bcfc0.jpg?1788792998,Omega,165,1,WAR
Jun Moxiao,40533777,53,0,Odin,Light,1737,0,9f41b7adf0a59849ae35b17cdace2b32_644311b63b607133c989d7c1188467dafc0.jpg?1788794706,Omega,200,14,PLD
Alex Rider,18844824,54,66,Raiden,Light,1728,204,88e1d370b1f9d1b22933e6476449b463_a370664d98f658f4ed4e620f378f73cdfc0.jpg?1788794676,Omega,103,2,SMN
Terro Beoulevard,51148631,55,54,Sagittarius,Chaos,1726,0,758b534f47542287e0b99c648590b2ac_44ca0844398b2d010d8cd4a31ddb023dfc0.jpg?1788794238,Omega,95,0,RPR
Maggot Maggot,61703768,56,55,Omega,Chaos,1709,0,3657d57f4a20a5d901d7f4537f1b7307_39e25ac3d737c46452305eefe324372cfc0.jpg?1788794009,Omega,235,0,WAR
Yhren Vhal,56948558,57,56,Odin,Light,1693,0,3f62ad2093c1016540ef936a5563823b_644311b63b607133c989d7c1188467dafc0.jpg?1788794530,Omega,248,0,UNK
Mahou Mahou,5924021,58,57,Odin,Light,1690,0,4c6afcfde744ebab926aa3423b6c4064_644311b63b607133c989d7c1188467dafc0.jpg?1788795131,Omega,54,0,VPR
Sweet Light,41777815,59,58,Spriggan,Chaos,1686,0,2e6808627bd2b8f0f5f0377d20cbbbc5_feaf0a2e88ff164813fbc9b85876fa48fc0.jpg?1788793832,Omega,181,8,DNC
Vanilla Blossom,41496807,60,59,Moogle,Chaos,1680,0,b0e7d1b464d155d8791692fe2e47299d_d7a9d5f85a29d6278ec1c7adc2c8d242fc0.jpg?1788794582,Omega,108,0,DRK
Fygqhzr Zhgfjhh,49000606,61,60,Phantom,Chaos,1679,0,ed46d70a9c354991698a796aac7c462e_f0a43d6e5eea19af337a176e9836acddfc0.jpg?1788793490,Omega,46,0,DRG
Pan Ther,47356852,62,61,Twintania,Light,1651,0,fc9492796dbee9f84ae010350ec7759c_c33f640c0cdd35f7def85b8aa31a0007fc0.jpg?1788794840,Omega,173,8,WHM
Yun' Yun,11341467,63,62,Cerberus,Chaos,1592,0,df098ceed6d9cf14cf61cc4110cd6cb5_777c57311d510ca65dac3c1077dee435fc0.jpg?1788796514,Omega,160,0,WHM
Mew Rilah,53409550,64,63,Cerberus,Chaos,1590,0,e65ddd06c5702de8a5312239356a6e36_777c57311d510ca65dac3c1077dee435fc0.jpg?1788795159,Omega,150,0,MCH
Lylia Venis,13391767,65,64,Moogle,Chaos,1559,0,79af70239d663a69f312f0788f3cf927_d7a9d5f85a29d6278ec1c7adc2c8d242fc0.jpg?1788795193,Omega,30,0,DRK
Baka Bao,30345026,66,65,Phantom,Chaos,1535,0,57df7efcbcdf8f1aca84c4f1435c36ba_f0a43d6e5eea19af337a176e9836acddfc0.jpg?1788793617,Omega,625,0,GNB
Imy Pure,24943089,67,0,Cerberus,Chaos,1509,0,2e46879ac1baf7fc77ec2de872a0461c_777c57311d510ca65dac3c1077dee435fc0.jpg?1788793793,Omega,56,0,MNK
Raiden Thorne,27238016,68,0,Zodiark,Light,1506,0,96a909af8d24d60f6d8173f8cc16facb_c274370774c6bc3483cc8740805f41bcfc0.jpg?1788794087,Omega,41,0,WAR
Chise Hatori',9182735,69,0,Ragnarok,Chaos,1500,0,236f29f4984f26e6b197da380f104a63_40d57ba713628f3f1ef5ef204b6d76d2fc0.jpg?1788793246,Omega,169,0,RDM
Aris Oz,41983172,70,0,Zodiark,Light,1500,0,abbd4cf51609bf59977c5b4850c4c351_c274370774c6bc3483cc8740805f41bcfc0.jpg?1788795888,Omega,70,0,DRK
Asuna Natsume,14428124,71,0,Raiden,Light,1498,0,142ba45dfd31aa40c0d2a1159d358f2d_a370664d98f658f4ed4e620f378f73cdfc0.jpg?1788795860,Crystal,76,9,WHM
Yuripa Arashi,37731658,72,0,Shiva,Light,1498,0,73ff0d0b3cc5f92ec79dabffa2bedf80_3fbff0e6b620e4d259dc427abc6574dafc0.jpg?1788794334,Crystal,62,0,WAR
Memento Mo'ri,1641495,73,0,Ragnarok,Chaos,1495,0,86323bce84189061b1d71ff1dc25266a_40d57ba713628f3f1ef5ef204b6d76d2fc0.jpg?1788794546,Crystal,131,0,WHM
A'dyalani Sato,10026278,74,0,Odin,Light,1487,0,d072994a22af88090aecf6e5a3b85c36_644311b63b607133c989d7c1188467dafc0.jpg?1788794187,Crystal,224,0,NIN
Farnese Astrope,29144926,75,0,Odin,Light,1477,0,9d52a45ac0156312b562aef0a55cfff2_644311b63b607133c989d7c1188467dafc0.jpg?1788794040,Crystal,49,5,PLD
Spedah Sashihai,46717230,76,81,Phantom,Chaos,1475,99,916aa42d41d9cb06784f26d21d850c5a_f0a43d6e5eea19af337a176e9836acddfc0.jpg?1788793932,Crystal,335,22,SGE
Shimori Bunihara,35166011,77,76,Raiden,Light,1461,0,c44c8fc68c230b1051ec35a527afe9ed_a370664d98f658f4ed4e620f378f73cdfc0.jpg?1788795029,Crystal,134,0,RPR
Khorasan Ataraxia,47289604,78,77,Shiva,Light,1429,0,721a6c9c723209b16696818df4cf0c93_3fbff0e6b620e4d259dc427abc6574dafc0.jpg?1788794010,Crystal,367,9,UNK
Snap Ringer,18714030,79,90,Omega,Chaos,1397,304,77577ce781d587b133c9c53da0974817_39e25ac3d737c46452305eefe324372cfc0.jpg?1788795644,Crystal,37,15,WAR
Magic Beans,43732030,80,78,Phoenix,Light,1396,0,4a7e75e2be4f70e389e8807cc1d2b885_5047bc596a4bab2dc7f7c120bb22dec5fc0.jpg?1788793965,Crystal,179,0,PLD
Aurora Maou,26517539,81,79,Louisoix,Chaos,1388,0,433a49b5cc43b35afac03d97c50262f9_0a122616f3718d3f45cab10fd8fc1604fc0.jpg?1788796279,Crystal,106,0,MNK
Baby Starz,27999014,82,80,Omega,Chaos,1381,0,e8cb7daea22ff306dcc9397ecad5a4a2_39e25ac3d737c46452305eefe324372cfc0.jpg?1788793901,Crystal,192,0,DRG
Wwwwwwwwww Wwwwwwwwww,22934838,83,82,Odin,Light,1318,0,44b50a04ce7aed4e2c4699753f5b83bc_644311b63b607133c989d7c1188467dafc0.jpg?1788796093,Crystal,82,0,SMN
Blunt Man,35300195,84,83,Louisoix,Chaos,1308,0,bfddeb1fd8c57b9259f8bb179dd8158b_0a122616f3718d3f45cab10fd8fc1604fc0.jpg?1788794365,Crystal,273,16,SAM
Satoru Kobayashi,45096077,85,84,Raiden,Light,1284,0,69c528c4dcff12abeb6cf1d9696af468_a370664d98f658f4ed4e620f378f73cdfc0.jpg?1788795016,Crystal,92,0,AST
Lsi Lsi,47353875,86,85,Lich,Light,1209,0,792b3235fe2fbd35d956e856c210194f_7206469080400ed57a5373d0a9c55c59fc0.jpg?1788793708,Crystal,207,0,AST
Zot To,18725302,87,137,Cerberus,Chaos,1199,609,852c16bac4fe7f528a8653c65704e818_777c57311d510ca65dac3c1077dee435fc0.jpg?1788795063,Crystal,16,11,MNK
Based Miqote,46487952,88,86,Twintania,Light,1190,0,5e2bb42e554586a20b050b7fd3f88e26_c33f640c0cdd35f7def85b8aa31a0007fc0.jpg?1788794228,Crystal,148,0,UNK
Kyouko Owo,25629243,89,87,Louisoix,Chaos,1157,0,4fbeb17208a00397ad05eebfc2d20d2f_0a122616f3718d3f45cab10fd8fc1604fc0.jpg?1788795965,Crystal,71,0,WHM
Mitsuki Mirai,18435457,90,88,Louisoix,Chaos,1142,0,365f1772f387bd280bdbfc16afbd5e4e_0a122616f3718d3f45cab10fd8fc1604fc0.jpg?1788796494,Crystal,86,2,SAM
General Aardvark,48423100,91,89,Twintania,Light,1103,0,cf88029724167c1d18ed8c536a862900_c33f640c0cdd35f7def85b8aa31a0007fc0.jpg?1788794189,Crystal,283,9,SMN
Holos Ymir,35299241,92,91,Cerberus,Chaos,1066,0,f8029ed36fad032333305dfa455cddec_777c57311d510ca65dac3c1077dee435fc0.jpg?1788794492,Crystal,119,11,RDM
Feri De,32873333,93,92,Twintania,Light,1058,0,04fae792c920333e5bdc3287c0df72e4_c33f640c0cdd35f7def85b8aa31a0007fc0.jpg?1788792972,Crystal,235,0,SAM
Aru Chiikawa,53173199,94,93,Raiden,Light,1013,0,e04a223356da8c93c18581feda55b5bf_a370664d98f658f4ed4e620f378f73cdfc0.jpg?1788793320,Crystal,231,3,BLM
Phaey Yeon,58326616,95,94,Moogle,Chaos,1006,0,6497d439e55c80c0156c198e7f135c78_d7a9d5f85a29d6278ec1c7adc2c8d242fc0.jpg?1788795544,Crystal,112,0,UNK
William Sharpeye,31183782,96,103,Moogle,Chaos,1004,114,f90b7bfd929ec716aa63dc03d0533a18_d7a9d5f85a29d6278ec1c7adc2c8d242fc0.jpg?1788795054,Crystal,64,10,FSH
Kyra Nshakha,56831314,97,95,Alpha,Light,1000,0,b27d76c3fbe312d06184fd92f8aebc55_6132295fcf5570fb8b0a944ef322a598fc0.jpg?1788795687,Crystal,214,0,PLD
Tay Talenath,45740169,98,96,Raiden,Light,995,0,b2fa0c7222f7e3ebe117f24a200e11d8_a370664d98f658f4ed4e620f378f73cdfc0.jpg?1788794208,Crystal,190,0,SCH
Melinoe Mei,52244848,99,97,Odin,Light,977,0,f2f35dd3d3f7ed2ab1eaf11e0291525a_644311b63b607133c989d7c1188467dafc0.jpg?1788793254,Crystal,73,23,UNK
Elyndra Mayhn,27143285,100,98,Twintania,Light,937,0,e4b30c11c8c987996e50ee4c5899c037_c33f640c0cdd35f7def85b8aa31a0007fc0.jpg?1788796253,Crystal,124,0,RPR
Tyra Kett,26531277,101,99,Spriggan,Chaos,926,0,101b7ec48bba5c5e5b34fda1316c57bc_feaf0a2e88ff164813fbc9b85876fa48fc0.jpg?1788795385,Crystal,126,0,DRG
Sin Mirrorslave,43994621,102,100,Raiden,Light,908,0,3f8e3345c252d3f9b50e27c481f91100_a370664d98f658f4ed4e620f378f73cdfc0.jpg?1788794692,Crystal,89,0,UNK
Aurora Aria,24116937,103,101,Phoenix,Light,894,0,05caa52c69a69c31a889325a1f319530_5047bc596a4bab2dc7f7c120bb22dec5fc0.jpg?1788795632,Crystal,160,0,SAM
Xanthe Hati,28239197,104,102,Sagittarius,Chaos,891,0,9bf816bfcd7f963908af59458b5500c9_44ca0844398b2d010d8cd4a31ddb023dfc0.jpg?1788794365,Crystal,74,0,DRG
Lybel Alyborias,25836089,105,104,Louisoix,Chaos,807,0,a86b680e6c4e5e23befaaaf535a158de_0a122616f3718d3f45cab10fd8fc1604fc0.jpg?1788795803,Crystal,67,0,GNB
Pat Olehouse,17156873,106,105,Lich,Light,806,0,54c944c62ef7bd68e95a2a558d856482_7206469080400ed57a5373d0a9c55c59fc0.jpg?1788793542,Crystal,117,0,PLD
Sotek Scherwil,486374,107,106,Twintania,Light,806,0,c881840c18d6c9fc415801f5f8240174_c33f640c0cdd35f7def85b8aa31a0007fc0.jpg?1788794505,Crystal,83,0,DRK
Brian Ricardo,23607238,108,107,Zodiark,Light,801,0,9c9d045f5f22c579ce5c24faa2b9b303_c274370774c6bc3483cc8740805f41bcfc0.jpg?1788794653,Crystal,67,0,AST
Drop Dead,61865612,109,108,Raiden,Light,796,0,8b4d73c68bf61dbad86bb051105da5ec_a370664d98f658f4ed4e620f378f73cdfc0.jpg?1788793687,Crystal,61,0,SAM
Rei Nara,30869508,110,109,Ragnarok,Chaos,795,0,6d7be1a63248369bf5017070a85d6bd0_40d57ba713628f3f1ef5ef204b6d76d2fc0.jpg?1788794126,Crystal,78,0,UNK
Acacia Strain,43137076,111,110,Raiden,Light,794,0,8678948c8fea34b563980d4a6da37e32_a370664d98f658f4ed4e620f378f73cdfc0.jpg?1788793807,Crystal,344,0,GNB
Sho'zhirr Shizahi-jo,28092848,112,111,Phoenix,Light,794,0,c6923f91c3f9e08d53d38488a3040788_5047bc596a4bab2dc7f7c120bb22dec5fc0.jpg?1788794417,Crystal,81,0,UNK
Sal Ren,40787945,113,112,Phoenix,Light,793,0,9613f7a8c0a759977b8a3fe787fed7e0_5047bc596a4bab2dc7f7c120bb22dec5fc0.jpg?1788796259,Crystal,220,0,WAR
Hyzenthlay Efrafa,1817919,114,113,Ragnarok,Chaos,790,0,f61f49f2ed95a3709fa034686da0eb63_40d57ba713628f3f1ef5ef204b6d76d2fc0.jpg?1788793361,Crystal,59,0,PLD
Keylinda Heliopsis,44659154,115,114,Moogle,Chaos,784,0,aae227ec83063cc479b9c5f6fb803e66_d7a9d5f85a29d6278ec1c7adc2c8d242fc0.jpg?1788796448,Crystal,161,10,AST
Skillpade Skyr,37019657,116,115,Lich,Light,782,0,e520a31662bd7030c96e4951a4f2d301_7206469080400ed57a5373d0a9c55c59fc0.jpg?1788796341,Crystal,146,0,DRK
Sekai Eri,41303117,117,116,Raiden,Light,705,0,cb1ac59e3c66b2050bc4ee7e3368c36c_a370664d98f658f4ed4e620f378f73cdfc0.jpg?1788794816,Crystal,224,14,UNK
Life Enjoyer,28145650,118,117,Raiden,Light,704,0,1f163924ab5a124c00b3684fe37e6e58_a370664d98f658f4ed4e620f378f73cdfc0.jpg?1788795552,Crystal,108,0,MNK
Manji Haq,30381529,119,118,Shiva,Light,702,0,1840291846e97e46d3053d2cb9351608_3fbff0e6b620e4d259dc427abc6574dafc0.jpg?1788795540,Crystal,272,0,CUL
Red Aura,58355527,120,119,Spriggan,Chaos,700,0,24685b07d940d962953f7111d4144e46_feaf0a2e88ff164813fbc9b85876fa48fc0.jpg?1788796440,Crystal,49,0,MNK
Chie Chibana,52839770,121,120,Alpha,Light,699,0,825f10ea00e64238dc349a5faa06969e_6132295fcf5570fb8b0a944ef322a598fc0.jpg?1788795862,Crystal,219,1,NIN
Diarmuidia Ua-dibhne,60435376,122,121,Cerberus,Chaos,699,0,5d9b7dcb4848e335ad4a88c0dc644669_777c57311d510ca65dac3c1077dee435fc0.jpg?1788794528,Crystal,107,0,GNB
Fae Mhis,16223299,123,122,Lich,Light,698,0,075328fa236ca776da32524ca8bd395c_7206469080400ed57a5373d0a9c55c59fc0.jpg?1788794735,Crystal,31,0,DRG
Kaixer Almasy,24721919,124,123,Ragnarok,Chaos,695,0,16b404151182dfe17ac302129a023750_40d57ba713628f3f1ef5ef204b6d76d2fc0.jpg?1788793222,Crystal,157,0,UNK
Lost Signal,56186869,125,124,Odin,Light,695,0,b36972ee34bfd25f82ce348b32b6f5da_644311b63b607133c989d7c1188467dafc0.jpg?1788794189,Crystal,126,0,VPR
Gabriel Zephyrus,11099535,126,125,Zodiark,Light,690,0,fb5c6913d0c275952def0841ab82887f_c274370774c6bc3483cc8740805f41bcfc0.jpg?1788794530,Crystal,199,0,VPR
Thor Strom,35911315,127,148,Cerberus,Chaos,685,189,3826da79ed71141aec290f69127b5c79_777c57311d510ca65dac3c1077dee435fc0.jpg?1788795071,Crystal,10,5,SCH
Laela Hyun,59589734,128,126,Phantom,Chaos,684,0,a377ba040d4300db7c8df4efc92acd53_f0a43d6e5eea19af337a176e9836acddfc0.jpg?1788794059,Crystal,55,0,UNK
Aeo We,10437907,129,127,Ragnarok,Chaos,681,0,2cc33bbd6e1f29b872030a98ed37c0fc_40d57ba713628f3f1ef5ef204b6d76d2fc0.jpg?1788793253,Crystal,41,0,UNK
Magidolce Magileine,39132419,130,128,Twintania,Light,614,0,088bd05d5a98251023ecb7e28a638b68_c33f640c0cdd35f7def85b8aa31a0007fc0.jpg?1788795602,Crystal,265,0,SMN
Dacien Darlett,3339751,131,129,Odin,Light,608,0,0311b8a0924e142c3f1da4b81f645156_644311b63b607133c989d7c1188467dafc0.jpg?1788794536,Crystal,184,0,SCH
Fay Fury,13801627,132,130,Alpha,Light,601,0,c8bf2d24d3b66a91e8891eb6b4043bd8_6132295fcf5570fb8b0a944ef322a598fc0.jpg?1788794888,Crystal,134,0,UNK
Sophia Ariadne,11431073,133,131,Odin,Light,600,0,f4329ddf82a418a6e12f1ba978bc1523_644311b63b607133c989d7c1188467dafc0.jpg?1788794050,Crystal,57,0,ALC
Judith Vaeyle,49905732,134,132,Sagittarius,Chaos,599,0,4fc6774f2e98f002c3180f372e3b54bf_44ca0844398b2d010d8cd4a31ddb023dfc0.jpg?1788793061,Crystal,72,0,RPR
Cipher Strife,7955322,135,133,Ragnarok,Chaos,597,0,fd0f2644fe22871d381e6bae8798c484_40d57ba713628f3f1ef5ef204b6d76d2fc0.jpg?1788792993,Crystal,431,0,DRK
Roy Dimgao,29524655,136,134,Omega,Chaos,597,0,320af7149c63c337e5826c2c2cc1bf37_39e25ac3d737c46452305eefe324372cfc0.jpg?1788794536,Crystal,187,0,SAM
Feral Jorex,21749898,137,135,Odin,Light,594,0,f9027c778862384a6ae4224efd2fe7c3_644311b63b607133c989d7c1188467dafc0.jpg?1788794413,Crystal,389,0,SMN
Queenie Skyfrost,34868775,138,136,Odin,Light,594,0,4c0182a4bd02a557a3e29b795c1e0b9c_644311b63b607133c989d7c1188467dafc0.jpg?1788794362,Crystal,102,0,SMN
Seraban Mistodisushi,25116690,139,138,Omega,Chaos,523,0,9ab6f5d4307a747e8378402c6070b2a7_39e25ac3d737c46452305eefe324372cfc0.jpg?1788795864,Crystal,240,7,UNK
Neclord Drakan,34358772,140,139,Phoenix,Light,510,0,7e002012c8fc4f9e493cd5879573e088_5047bc596a4bab2dc7f7c120bb22dec5fc0.jpg?1788793781,Crystal,41,0,SGE
Shiroko Momo,39619880,141,140,Odin,Light,504,0,83b4a27fbdf8dfdce9a7e095cc14bf41_644311b63b607133c989d7c1188467dafc0.jpg?1788794204,Crystal,150,0,NIN
Arima Sui,61051327,142,141,Alpha,Light,503,0,a616749d9bdfd00b6659f83dbb1c8a7f_6132295fcf5570fb8b0a944ef322a598fc0.jpg?1788796486,Crystal,513,0,PCT
Tikka Masola,44131885,143,142,Zodiark,Light,503,0,ef489d662d845a0d473f7abb93124d5e_c274370774c6bc3483cc8740805f41bcfc0.jpg?1788795213,Crystal,7,0,BRD
Master Zoknik,47233914,144,143,Omega,Chaos,498,0,47b7a0d3c4816d6dc7cb85c85a3685f7_39e25ac3d737c46452305eefe324372cfc0.jpg?1788793543,Crystal,69,0,BLM
Lion Lad,60548427,145,144,Phantom,Chaos,498,0,69af2e062eb7ba4549c964e1fbc8b79e_f0a43d6e5eea19af337a176e9836acddfc0.jpg?1788795214,Crystal,30,0,RDM
Yellow Blue,58488618,146,145,Spriggan,Chaos,497,0,51731f8a93c1d8b59b5c3ded4ffb5a64_feaf0a2e88ff164813fbc9b85876fa48fc0.jpg?1788793268,Crystal,80,0,DRG
Thesa Sergearis,47267643,147,169,Raiden,Light,497,197,09dba50da69ae23c7f77aa5135356ea2_a370664d98f658f4ed4e620f378f73cdfc0.jpg?1788794124,Crystal,35,8,RPR
Jou Bright,26172504,148,146,Shiva,Light,496,0,80f6d86c4118e80a4c51ba20920a1384_3fbff0e6b620e4d259dc427abc6574dafc0.jpg?1788793317,Crystal,196,0,NIN
Lolorei Lalarei,3686155,149,147,Omega,Chaos,496,0,da6ff12e4effc4cbacfe1b954f1c3bf5_39e25ac3d737c46452305eefe324372cfc0.jpg?1788794896,Crystal,149,0,WHM
Yin Mei,60684179,150,0,Raiden,Light,495,0,f01b244692f6f854c5f1789e2a131ffc_a370664d98f658f4ed4e620f378f73cdfc0.jpg?1788793931,Crystal,48,0,UNK
Bing Bing,50857849,151,149,Odin,Light,424,0,1a2b77cf04680b9bfe1c19f07f9f1f44_644311b63b607133c989d7c1188467dafc0.jpg?1788795083,Crystal,83,1,RDM
Zecht Bradamant,31785474,152,150,Omega,Chaos,415,0,b0b8438e6682f2931a1a930121d0ab43_39e25ac3d737c46452305eefe324372cfc0.jpg?1788794186,Crystal,103,0,PLD
Yinwea Levai,36476322,153,151,Shiva,Light,412,0,944bf3a8e93fcc8f15f3f521462d11b5_3fbff0e6b620e4d259dc427abc6574dafc0.jpg?1788794157,Crystal,154,0,AST
Tiggy Rohart,23133091,154,152,Alpha,Light,406,0,aa27360383b1eb0f9b5bd135578bb7bb_6132295fcf5570fb8b0a944ef322a598fc0.jpg?1788793708,Crystal,104,2,VPR
Kaido Joestar,30360817,155,153,Phantom,Chaos,406,0,0b2c2c50e354a9b7aad5f6356e205149_f0a43d6e5eea19af337a176e9836acddfc0.jpg?1788794689,Crystal,30,0,WAR
Frankie Urien,32323176,156,154,Odin,Light,405,0,ffae33588fe71f102672b7defdb50a30_644311b63b607133c989d7c1188467dafc0.jpg?1788794004,Crystal,212,0,WHM
Blaine Skyler,37236741,157,191,Louisoix,Chaos,404,203,f892c4691642e8efdead7c502a5d01f0_0a122616f3718d3f45cab10fd8fc1604fc0.jpg?1788794115,Crystal,108,6,MIN
Ul Unhu,9592278,158,155,Phoenix,Light,403,0,d703e404c81140848dbcd200abc4ef7e_5047bc596a4bab2dc7f7c120bb22dec5fc0.jpg?1788795549,Crystal,139,0,DRK
Isca Mog,32212471,159,156,Zodiark,Light,401,0,e47f3ccc4bd8599193929766ab0abd2c_c274370774c6bc3483cc8740805f41bcfc0.jpg?1788793707,Crystal,66,0,RDM
Lawr Hawk,28248881,160,157,Odin,Light,401,0,e241b26df61ea0e201b637a7ae6c4cd4_644311b63b607133c989d7c1188467dafc0.jpg?1788794040,Crystal,63,0,CRP
Limit Cat,37849108,161,158,Lich,Light,401,0,5b03795e0323d8633451ea410c4aeced_7206469080400ed57a5373d0a9c55c59fc0.jpg?1788794099,Crystal,23,0,RDM
Firas Xll,61570305,162,159,Alpha,Light,397,0,180935d91342970858d2044d5c23d436_6132295fcf5570fb8b0a944ef322a598fc0.jpg?1788795869,Crystal,75,7,SMN
Rei Dassario,24597443,163,160,Raiden,Light,396,0,a51ce0a687a31ff3b67287e80ea30aed_a370664d98f658f4ed4e620f378f73cdfc0.jpg?1788795746,Crystal,74,0,VPR
Veritan Indaerus,21877909,164,161,Odin,Light,396,0,978a128ddf080c55e3afc742274d0c9f_644311b63b607133c989d7c1188467dafc0.jpg?1788794430,Crystal,55,0,DRG
Smoothie Sour,42056621,165,162,Zodiark,Light,389,0,247388cdfc4db1451cf9df83cce7b3a1_c274370774c6bc3483cc8740805f41bcfc0.jpg?1788795686,Crystal,64,0,GNB
Renna Vorak,25421061,166,163,Raiden,Light,310,0,c2dc94bad32c136ebcdcb42ec56ba1c3_a370664d98f658f4ed4e620f378f73cdfc0.jpg?1788795955,Crystal,75,0,BLU
Victoria Nyala,43751055,167,164,Phoenix,Light,304,0,d41ca298e2f03ee2273aca61640ebce0_5047bc596a4bab2dc7f7c120bb22dec5fc0.jpg?1788795542,Crystal,66,0,MCH
Yoe Lleufyn,28631681,168,165,Phoenix,Light,302,0,9584dd8fac44ba749b0855105a0e29e9_5047bc596a4bab2dc7f7c120bb22dec5fc0.jpg?1788793557,Crystal,153,2,BLM
Lina Sunstar,52075433,169,166,Spriggan,Chaos,301,0,d60c4576e74acfcd0ed77a6ea5d48800_feaf0a2e88ff164813fbc9b85876fa48fc0.jpg?1788795087,Crystal,204,1,WHM
Wimp Lo,37793632,170,167,Zodiark,Light,300,0,45ed053d252c3a44eabe55329426aa37_c274370774c6bc3483cc8740805f41bcfc0.jpg?1788793383,Crystal,150,0,SCH
Kalythas Alagria,37806271,171,168,Shiva,Light,300,0,4403baaa9e80e2bfd259c321ef6e7799_3fbff0e6b620e4d259dc427abc6574dafc0.jpg?1788794416,Crystal,81,0,SGE
Neo Saladin,60195724,172,170,Alpha,Light,299,0,d61ef205c9700150e78797546d2ac263_6132295fcf5570fb8b0a944ef322a598fc0.jpg?1788793882,Crystal,90,0,DRK
Lu Ni,58272624,173,171,Cerberus,Chaos,299,0,ab167867f3aa425b82e05a081df98df4_777c57311d510ca65dac3c1077dee435fc0.jpg?1788794487,Crystal,79,0,DRK
Medicine Melancholy,25525676,174,172,Raiden,Light,299,0,8a3aaef7e82e665cdb12f15457700593_a370664d98f658f4ed4e620f378f73cdfc0.jpg?1788794797,Crystal,71,0,RDM
Madelynn Veil,49771412,175,173,Omega,Chaos,299,0,92f91d9225bb816c6562fb117814681e_39e25ac3d737c46452305eefe324372cfc0.jpg?1788795867,Crystal,57,0,VPR
Kihn Shirudo,43951482,176,174,Spriggan,Chaos,298,0,2e619166d10daa6082c54563a5af17ff_feaf0a2e88ff164813fbc9b85876fa48fc0.jpg?1788794608,Crystal,118,0,DRK
Miimo Xa'ra,11362808,177,175,Shiva,Light,298,0,ce9814c05102c51abc5834316927fd0c_3fbff0e6b620e4d259dc427abc6574dafc0.jpg?1788794498,Crystal,76,0,BTN
Lunaelumen Heartless,3344766,178,176,Phoenix,Light,298,0,442c49c53db78614043ce10aa9733411_5047bc596a4bab2dc7f7c120bb22dec5fc0.jpg?1788796424,Crystal,48,0,RDM
Luna Everlight,11876492,179,177,Phantom,Chaos,298,0,87daed323422dd94882b0079ba9f6b3d_f0a43d6e5eea19af337a176e9836acddfc0.jpg?1788794518,Crystal,13,0,WAR
Riseon Misha,26343965,180,178,Zodiark,Light,297,0,d883dcfcee6650b3e6e1691bf6838f6c_c274370774c6bc3483cc8740805f41bcfc0.jpg?1788796096,Crystal,147,0,WHM
Ultimo Tower,13765195,181,179,Odin,Light,297,0,f3f293a7802e54bc6d3f5c2ceb6f4902_644311b63b607133c989d7c1188467dafc0.jpg?1788795875,Crystal,114,0,MNK
Dundee Nic'hpisfa,35976824,182,180,Odin,Light,296,0,8eda92b5ce2e258786d149b7cb349e09_644311b63b607133c989d7c1188467dafc0.jpg?1788793114,Crystal,196,0,SGE
Selin Naari,16360751,183,181,Cerberus,Chaos,296,0,fb2c3681e2cb33bdcd7894d5aad0b9ec_777c57311d510ca65dac3c1077dee435fc0.jpg?1788793619,Crystal,32,2,PLD
Hegel Gil,25438753,184,182,Omega,Chaos,295,0,5ed500fc1dd1d9cbbc95000a80326ff7_39e25ac3d737c46452305eefe324372cfc0.jpg?1788794267,Crystal,127,0,VPR
Akurei Amotanius,36595921,185,183,Odin,Light,294,0,ca5d9f24b62995e3bcb5d25cc576fc70_644311b63b607133c989d7c1188467dafc0.jpg?1788793875,Crystal,121,0,AST
Night Siren,46140840,186,184,Alpha,Light,221,0,5b2c854dc9360523ee7fcd5bfee41621_6132295fcf5570fb8b0a944ef322a598fc0.jpg?1788793763,Crystal,168,0,GNB
Erion Hein,39135014,187,185,Twintania,Light,216,0,ba6bc1e1e70e5f3402d91ecfcf7d01e8_c33f640c0cdd35f7def85b8aa31a0007fc0.jpg?1788794199,Crystal,144,0,SGE
Airi Rhitik,2286171,188,186,Moogle,Chaos,212,0,0e7c747879926e0f575c8444323c478f_d7a9d5f85a29d6278ec1c7adc2c8d242fc0.jpg?1788795704,Crystal,146,2,WHM
Ayrelinia Saelinire,41821402,189,187,Spriggan,Chaos,207,0,8604bb768bf59461e5f44eef46ee9961_feaf0a2e88ff164813fbc9b85876fa48fc0.jpg?1788793468,Crystal,22,0,DRG
Onox Farbane,43799244,190,188,Zodiark,Light,206,0,c322e9dd886e64c0365244e0b587448f_c274370774c6bc3483cc8740805f41bcfc0.jpg?1788796120,Crystal,45,0,WAR
Brutal Killer,8885117,191,189,Ragnarok,Chaos,203,0,30c6a6207c7e93d407784888a7f29c97_40d57ba713628f3f1ef5ef204b6d76d2fc0.jpg?1788793488,Crystal,3,0,DRK
Strife Duskblade,34142903,192,190,Omega,Chaos,202,0,e8d7518889e9dd65f6114527334ca66a_39e25ac3d737c46452305eefe324372cfc0.jpg?1788794755,Crystal,82,0,DRK
Gaspard Deguingoix,11032081,193,192,Moogle,Chaos,201,0,b9283e6a6be9cd219ee0afea98546775_d7a9d5f85a29d6278ec1c7adc2c8d242fc0.jpg?1788793865,Crystal,79,0,SGE
Sayuri Maeshima,33888798,194,193,Omega,Chaos,201,0,9543e703e2409901a4e4c51fcd72a0bd_39e25ac3d737c46452305eefe324372cfc0.jpg?1788794681,Crystal,57,0,NIN
Tiranna Reinford,12390793,195,194,Moogle,Chaos,201,0,287223c7dac01617ab03a9e54406de0e_d7a9d5f85a29d6278ec1c7adc2c8d242fc0.jpg?1788795843,Crystal,31,0,VPR
Shanks Haki,20417857,196,195,Louisoix,Chaos,200,0,01683c16881e9dfb6ce45ceb07293b70_0a122616f3718d3f45cab10fd8fc1604fc0.jpg?1788794512,Crystal,116,0,MNK
Dessy Moonwalker,30980737,197,196,Zodiark,Light,200,0,e34bce9409ca557af54cb198e3aec31b_c274370774c6bc3483cc8740805f41bcfc0.jpg?1788793140,Crystal,88,0,SAM
Mizu Shimizu,41402391,198,197,Twintania,Light,200,0,b745f1d87ccd905d96d6b6ca49092222_c33f640c0cdd35f7def85b8aa31a0007fc0.jpg?1788795031,Crystal,74,0,UNK
Asra Alvah,37928023,199,0,Raiden,Light,200,200,262658a82a5c4524098a08e12cb232b2_a370664d98f658f4ed4e620f378f73cdfc0.jpg?1788795296,Crystal,73,21,SMN
Ash Dreadsaint,16641514,200,198,Alpha,Light,200,0,35babc8a56d97c1de09ffbf594068bd0_6132295fcf5570fb8b0a944ef322a598fc0.jpg?1788795279,Crystal,67,0,WVR
Eve Naeuri,43290162,201,199,Sagittarius,Chaos,200,0,c143c5d5e461ba9e3f51c07a3de23e21_44ca0844398b2d010d8cd4a31ddb023dfc0.jpg?1788794633,Crystal,45,0,GSM
Krek Balflear,48912824,202,200,Sagittarius,Chaos,200,0,3ddedc4fdcf35465d04f99e2b4737a9f_44ca0844398b2d010d8cd4a31ddb023dfc0.jpg?1788794466,Crystal,42,0,BLM
Neppie Nen,38644421,203,201,Phoenix,Light,200,0,6744f6c777bfc017ed7318054ef44f3d_5047bc596a4bab2dc7f7c120bb22dec5fc0.jpg?1788794486,Crystal,31,0,RDM
Mer Lin,50434149,204,202,Spriggan,Chaos,200,0,52a13256ecf71bc72e25a6b211b196c8_feaf0a2e88ff164813fbc9b85876fa48fc0.jpg?1788796168,Crystal,18,0,DRK
Erika Avellana,45153856,205,203,Alpha,Light,199,0,d52954932b2c20e3d303cb8cf101f3eb_6132295fcf5570fb8b0a944ef322a598fc0.jpg?1788794782,Crystal,366,0,DRK
Vic Strider,53817077,206,204,Raiden,Light,199,0,64d68250fabd33e4972dcba2d2638d6c_a370664d98f658f4ed4e620f378f73cdfc0.jpg?1788795046,Crystal,156,0,FSH
Blauer Klappstuhl,26766763,207,205,Twintania,Light,199,0,f76377f6ab535a27f0b0fd1a7ab3b7a0_c33f640c0cdd35f7def85b8aa31a0007fc0.jpg?1788794226,Crystal,68,0,LTW
Tomo Kote,55321667,208,206,Zodiark,Light,199,0,5955a289356783d4701df9a9c192d2b8_c274370774c6bc3483cc8740805f41bcfc0.jpg?1788795787,Crystal,45,0,GNB
Leo Wolfram,55309464,209,207,Twintania,Light,198,0,137bda326a93315b803aa0d477a79942_c33f640c0cdd35f7def85b8aa31a0007fc0.jpg?1788794204,Crystal,66,0,MNK
Guimiko Miko,54285624,210,208,Moogle,Chaos,197,0,610c37aeb64c6149d7c6d5ea93a8114e_d7a9d5f85a29d6278ec1c7adc2c8d242fc0.jpg?1788795505,Crystal,51,0,SAM
Vyn Silvair,21908199,211,209,Shiva,Light,196,0,05a4597e1e8ad1e87cfc4aab88be286c_3fbff0e6b620e4d259dc427abc6574dafc0.jpg?1788794572,Crystal,87,0,CRP
Mats Luxed,36390152,212,210,Twintania,Light,196,0,4d98b4ef01ccfc9df166d83a5771a4ea_c33f640c0cdd35f7def85b8aa31a0007fc0.jpg?1788794486,Crystal,32,0,RDM
Luca Natura,26126798,213,211,Omega,Chaos,196,0,aee9a8f332f96a4c5a45923c0e82782a_39e25ac3d737c46452305eefe324372cfc0.jpg?1788794368,Crystal,24,0,GSM
Wieg Wiggles,35061622,214,212,Lich,Light,192,0,61256a3e6c4f0c3dcc05469f5550d102_7206469080400ed57a5373d0a9c55c59fc0.jpg?1788796195,Crystal,187,0,WAR
Aiva Ibusaki,11039086,215,213,Shiva,Light,105,0,39b96ee63110c8909c27318f222d3695_3fbff0e6b620e4d259dc427abc6574dafc0.jpg?1788794476,Crystal,202,0,BRD
Deltimor Offerentis,53216923,216,214,Ragnarok,Chaos,101,0,b1f3b3bcc24281f671ac2ced6960431a_40d57ba713628f3f1ef5ef204b6d76d2fc0.jpg?1788794116,Crystal,292,0,BLM
Ezra Qestir,44134603,217,215,Raiden,Light,101,0,7200800b651be63ad1594ce634d2eb48_a370664d98f658f4ed4e620f378f73cdfc0.jpg?1788795951,Crystal,132,0,SAM
Song Shuhang,60751505,218,216,Louisoix,Chaos,101,0,908d04c341598c3e6095e2af05dfae15_0a122616f3718d3f45cab10fd8fc1604fc0.jpg?1788796019,Crystal,31,0,PCT
Eeva Lightwood,34867115,219,217,Phoenix,Light,100,0,029a994eac70f6897fab7cb241b4204b_5047bc596a4bab2dc7f7c120bb22dec5fc0.jpg?1788794212,Crystal,237,7,VPR
Rem Minase,15335467,220,218,Ragnarok,Chaos,100,0,6f4b9532213e5ed122fcac3e5c3b4cc5_40d57ba713628f3f1ef5ef204b6d76d2fc0.jpg?1788794104,Crystal,215,0,FSH
Freya Highwind,37533969,221,219,Spriggan,Chaos,100,0,de376c51fd21ccbb1018c1c3fb40734b_feaf0a2e88ff164813fbc9b85876fa48fc0.jpg?1788794183,Crystal,204,0,WAR
Sonnas Dedede,37860927,222,220,Twintania,Light,100,0,25b1bad7226a0841ef265c7dc5b0eba9_c33f640c0cdd35f7def85b8aa31a0007fc0.jpg?1788794744,Crystal,202,0,SAM
Laville Burns,44676490,223,221,Alpha,Light,100,0,1999bb362905ab6ad44fa2e8931ef3dc_6132295fcf5570fb8b0a944ef322a598fc0.jpg?1788793226,Crystal,200,0,RDM
Rose Nashi'rah,5586423,224,222,Moogle,Chaos,100,0,eabb33d9d4a68beb623fdbad8de0ccd2_d7a9d5f85a29d6278ec1c7adc2c8d242fc0.jpg?1788793926,Crystal,179,0,GSM
Keraunos Greywolfe,31183458,225,223,Alpha,Light,100,0,3431088cd9f33e5f20e30162c35286fd_6132295fcf5570fb8b0a944ef322a598fc0.jpg?1788795074,Crystal,177,0,DRK
Bagel Egg,18929023,226,224,Omega,Chaos,100,0,f655117235b1c0d199ca39849579a631_39e25ac3d737c46452305eefe324372cfc0.jpg?1788793220,Crystal,173,0,BLM
Staz Hellcat,8016319,227,225,Cerberus,Chaos,100,0,c7e860ceda35e35e41bca47bf02624be_777c57311d510ca65dac3c1077dee435fc0.jpg?1788793374,Crystal,155,0,RDM
Lazyy Kitty,53228784,228,229,Zodiark,Light,100,0,c09b1a0029bc70ebcdbedaad8618bbbc_c274370774c6bc3483cc8740805f41bcfc0.jpg?1788794728,Crystal,148,22,SCH
Lumine Heartseeker,37169102,228,226,Lich,Light,100,0,bef41e353f9709f6c26365adcd129410_7206469080400ed57a5373d0a9c55c59fc0.jpg?1788793569,Crystal,148,0,RDM
Magnus Skorweg,14288959,230,227,Cerberus,Chaos,100,0,36b3ca5cc0c3fa7edd1b5b276f54a6fc_777c57311d510ca65dac3c1077dee435fc0.jpg?1788795390,Crystal,145,0,SMN
Alabaster Arcadia,39618537,231,228,Phoenix,Light,100,0,04f03f1ffd5a39f931966123f856ea6c_5047bc596a4bab2dc7f7c120bb22dec5fc0.jpg?1788793527,Crystal,144,0,BLU
Merily Marlin,52216084,232,230,Louisoix,Chaos,100,0,1b485637d5f1df89d363a45b95cba49c_0a122616f3718d3f45cab10fd8fc1604fc0.jpg?1788796285,Crystal,124,0,GNB
Sir Azmuth,21784845,232,230,Lich,Light,100,0,aaa9e4ee439eaa5d584760975605186f_7206469080400ed57a5373d0a9c55c59fc0.jpg?1788793495,Crystal,124,0,SAM
Altair Nightveil,37899651,234,232,Odin,Light,100,0,66c10a4203ea077f0a752e4bf561ff53_644311b63b607133c989d7c1188467dafc0.jpg?1788793217,Crystal,122,0,WAR
Wilson D'ball,48646138,235,0,Phantom,Chaos,100,100,c7a54b3f5006e7e5afdef2d9e10421ad_f0a43d6e5eea19af337a176e9836acddfc0.jpg?1788794791,Crystal,113,8,DRG
Indrxon Darkdrake,39417099,236,233,Zodiark,Light,100,0,ad54d57c1df432e3d1125b26e7a70c69_c274370774c6bc3483cc8740805f41bcfc0.jpg?1788794473,Crystal,112,0,BRD
Deme Tayuun,14832348,237,234,Lich,Light,100,0,ae2fb7b7ac8ad3f92247efdd9fade6e7_7206469080400ed57a5373d0a9c55c59fc0.jpg?1788795543,Crystal,108,0,MNK
Haadin Maero,25649806,237,234,Cerberus,Chaos,100,0,ab3efb60a6f01134129c732e6e60c255_777c57311d510ca65dac3c1077dee435fc0.jpg?1788793410,Crystal,108,0,RDM
Ai Ka',13500675,239,236,Ragnarok,Chaos,100,0,171f0ab92d0e928acdb718980be9c896_40d57ba713628f3f1ef5ef204b6d76d2fc0.jpg?1788794106,Crystal,105,0,FSH
Lilia Sunvale,59323692,239,236,Phoenix,Light,100,0,01173bfd4d3bd682b07d6e9ac6dafd16_5047bc596a4bab2dc7f7c120bb22dec5fc0.jpg?1788796538,Crystal,105,0,BRD
Saku Rozen,1622070,241,238,Odin,Light,100,0,76d32a46909474e4b590ee6476bfabce_644311b63b607133c989d7c1188467dafc0.jpg?1788794040,Crystal,101,0,UNK
Tisha Adori,32551351,241,238,Zodiark,Light,100,0,a1f13f2decf7933275b7ce63051dc06f_c274370774c6bc3483cc8740805f41bcfc0.jpg?1788793226,Crystal,101,0,SMN
Aragorn Pendragon,9019127,243,240,Ragnarok,Chaos,100,0,87aef8a41356f31d322683bdf3e6103b_40d57ba713628f3f1ef5ef204b6d76d2fc0.jpg?1788794781,Crystal,100,0,MCH
Hope Carmine,31931991,243,240,Odin,Light,100,0,4d5e5c176cb534aaf44e67236bf6c171_644311b63b607133c989d7c1188467dafc0.jpg?1788793480,Crystal,100,0,RDM
Rain Hoshino,6160241,245,242,Moogle,Chaos,100,0,fc4a751ebc0402023f56f7934007c9ef_d7a9d5f85a29d6278ec1c7adc2c8d242fc0.jpg?1788795747,Crystal,99,0,PLD
Pave Zen,51542459,246,243,Zodiark,Light,100,0,c62f2300698b05a5ff2e27ea4ec74914_c274370774c6bc3483cc8740805f41bcfc0.jpg?1788794519,Crystal,96,0,SAM
Haki Haki,8290724,247,244,Ragnarok,Chaos,100,0,3fc43df6da1c629c59b5cdae63dee7a7_40d57ba713628f3f1ef5ef204b6d76d2fc0.jpg?1788795447,Crystal,94,0,WAR
Ray Croft,29659793,248,245,Shiva,Light,100,0,56ebf33c0c49fd7529d32303d4b7c8d9_3fbff0e6b620e4d259dc427abc6574dafc0.jpg?1788793692,Crystal,89,0,BLM
Glyceri Chosuti,30338174,249,246,Moogle,Chaos,100,0,6d93c9241424e92e6f0351d35d8b6eaa_d7a9d5f85a29d6278ec1c7adc2c8d242fc0.jpg?1788796360,Crystal,88,0,DNC
Ark Kekko,50821807,250,247,Omega,Chaos,100,0,b81b1c241e98f7a5f9b9c81665be1243_39e25ac3d737c46452305eefe324372cfc0.jpg?1788794937,Crystal,86,0,SCH
Vincent God,14069867,251,248,Phoenix,Light,100,0,7d8e17eab1b900c1741204dbf199eb48_5047bc596a4bab2dc7f7c120bb22dec5fc0.jpg?1788794776,Crystal,84,0,GSM
Catlisaie Leveilleur,38928587,252,249,Sagittarius,Chaos,100,0,b49cedcc9313e5b78f3c3e17f3a3b68c_44ca0844398b2d010d8cd4a31ddb023dfc0.jpg?1788794653,Crystal,80,0,CRP
Ahri Astral,27303728,253,250,Ragnarok,Chaos,100,0,8a7c70df6b714ed519111f5eb5430952_40d57ba713628f3f1ef5ef204b6d76d2fc0.jpg?1788796558,Crystal,79,0,WHM
Gun Grave,39069917,254,251,Alpha,Light,100,0,89afa1641c5d0fb3c37ff5b905d4b26a_6132295fcf5570fb8b0a944ef322a598fc0.jpg?1788794850,Crystal,77,0,UNK
Sahamaru Kamijo,13566032,255,252,Lich,Light,100,0,ab5bb27991a2037ddd8e8b0aef304406_7206469080400ed57a5373d0a9c55c59fc0.jpg?1788793573,Crystal,75,0,NIN
Akito Kotomine,14113084,256,253,Cerberus,Chaos,100,0,6535eaee5701ca6c10beffbfc70273c9_777c57311d510ca65dac3c1077dee435fc0.jpg?1788796356,Crystal,70,0,RPR
Nemesis Sol,49622209,257,254,Shiva,Light,100,0,1bcb80e23a56918c49abb6d50ef563af_3fbff0e6b620e4d259dc427abc6574dafc0.jpg?1788793125,Crystal,67,0,RPR
Tsuguri Tempest,8093380,258,255,Moogle,Chaos,100,0,673dd69d52b7f7c210bb231091fd1922_d7a9d5f85a29d6278ec1c7adc2c8d242fc0.jpg?1788794424,Crystal,66,0,BRD
Lolarita Rorry,39677497,259,256,Odin,Light,100,0,3c990f7c55a34985fb496735b20a6b10_644311b63b607133c989d7c1188467dafc0.jpg?1788793039,Crystal,65,0,WHM
Core Flare,44609138,260,257,Raiden,Light,100,0,4d277108d876101c6b97212a26f6bc97_a370664d98f658f4ed4e620f378f73cdfc0.jpg?1788794840,Crystal,64,0,SAM
Magisa Vale,43527083,261,258,Phoenix,Light,100,0,50d54724458e52e82fcfc6d537b9e001_5047bc596a4bab2dc7f7c120bb22dec5fc0.jpg?1788793961,Crystal,56,0,RDM
Fandrix Shadowsong,36051326,262,259,Louisoix,Chaos,100,0,e8515941184b5c25f2622f1899a0969a_0a122616f3718d3f45cab10fd8fc1604fc0.jpg?1788794471,Crystal,50,0,GNB
Ino Based,41531397,263,260,Alpha,Light,100,0,ae8562754d31616305226909752bc4fd_6132295fcf5570fb8b0a944ef322a598fc0.jpg?1788795400,Crystal,49,0,PLD
Const Mar,17323909,264,261,Phoenix,Light,100,0,9b3b80b05e36ff71934a612327c91867_5047bc596a4bab2dc7f7c120bb22dec5fc0.jpg?1788793384,Crystal,47,0,VPR
Pattinger Kersel,8183392,265,262,Raiden,Light,100,0,4fec5839fc0fc0bba3a80fc4e1910660_a370664d98f658f4ed4e620f378f73cdfc0.jpg?1788795224,Crystal,44,0,MCH
Sarah Swordmoon,15666675,266,263,Ragnarok,Chaos,100,0,f4dc48a690259d750cc95afaff6386b8_40d57ba713628f3f1ef5ef204b6d76d2fc0.jpg?1788794784,Crystal,42,0,NIN
Maya White,9385038,267,264,Twintania,Light,100,0,1ab5adfc5d7d400ad0f8b4d181e6d2f0_c33f640c0cdd35f7def85b8aa31a0007fc0.jpg?1788795727,Crystal,40,0,WAR
Red Fluffy,41965323,268,265,Shiva,Light,100,0,6e4c702e77f55eff42d4c42a07f242db_3fbff0e6b620e4d259dc427abc6574dafc0.jpg?1788794141,Crystal,38,0,WHM
Gwen Farron,10011051,269,266,Ragnarok,Chaos,100,0,3348ff23f3315e0457aa0694f655e953_40d57ba713628f3f1ef5ef204b6d76d2fc0.jpg?1788793731,Crystal,35,0,VPR
Sakurane Zero'yuurai,13075529,270,267,Ragnarok,Chaos,100,0,b65369d4b043831749f5fa45d2428e30_40d57ba713628f3f1ef5ef204b6d76d2fc0.jpg?1788795122,Crystal,31,0,PLD
Gella Zenhat,16553524,271,0,Cerberus,Chaos,100,100,34542c2a2fe5b9a690d00a5565e15c1b_777c57311d510ca65dac3c1077dee435fc0.jpg?1788793642,Crystal,28,4,AST
Ka La,18103622,271,268,Ragnarok,Chaos,100,0,79cb69a4d9a7535c8ee4e2bbfc9b2a1d_40d57ba713628f3f1ef5ef204b6d76d2fc0.jpg?1788795951,Crystal,28,0,VPR
Mhia Mewrilah,26716262,273,269,Omega,Chaos,100,0,6b70c463b87dca3437d37504f74aad3b_39e25ac3d737c46452305eefe324372cfc0.jpg?1788795279,Crystal,27,0,WHM
Xiex Xie,40733160,274,270,Zodiark,Light,100,0,f253e0943a65dac103a6dfd764a01f52_c274370774c6bc3483cc8740805f41bcfc0.jpg?1788793355,Crystal,25,0,MIN
Ebin Almsivi,35310847,275,271,Shiva,Light,100,0,0c72e527d2d86c2ee8f4698832e880b5_3fbff0e6b620e4d259dc427abc6574dafc0.jpg?1788795129,Crystal,23,0,PLD
Yuumi Fish,25707217,276,272,Cerberus,Chaos,100,0,1a7ebbda26c28eb61f262b9fb37e8c6e_777c57311d510ca65dac3c1077dee435fc0.jpg?1788794145,Crystal,18,0,DNC
Zhinna Maya,8219011,277,273,Odin,Light,100,0,b96bc839d3db0d26e61bf4b24282c925_644311b63b607133c989d7c1188467dafc0.jpg?1788795873,Crystal,15,0,WAR
Autuas Au,37357840,278,274,Phantom,Chaos,100,0,5c8929453beb42fb1a167e93eca11abf_f0a43d6e5eea19af337a176e9836acddfc0.jpg?1788795054,Crystal,13,0,UNK
Skaia Enirim,54107195,279,0,Phantom,Chaos,0,0,6e5d7cb14c89fb82a873ae38f4c26491_f0a43d6e5eea19af337a176e9836acddfc0.jpg?1788795221,Diamond,281,2,BRD
Athena Olympe,44680885,280,275,Sagittarius,Chaos,0,0,7e7afe9e9cebc29cee3220c1e0530540_44ca0844398b2d010d8cd4a31ddb023dfc0.jpg?1788793818,Diamond,203,0,WAR
Sangon Yukihoshi,11533024,281,276,Raiden,Light,0,0,d5814159d4f4b2afaa562891375a7b01_a370664d98f658f4ed4e620f378f73cdfc0.jpg?1788793943,Diamond,124,3,PLD
Lu Mi,47806406,282,277,Raiden,Light,0,0,c8d19bad38e9523a4db779b2bf514973_a370664d98f658f4ed4e620f378f73cdfc0.jpg?1788793811,Diamond,83,0,CUL
Rave Bae,47220633,283,278,Alpha,Light,0,0,e640b0d43fa0078b032cbecc50b4e94c_6132295fcf5570fb8b0a944ef322a598fc0.jpg?1788793024,Diamond,73,0,WHM
Paper Planes,59055005,284,279,Raiden,Light,0,0,1b7fc8e62eb37ebc10e0b203856e161c_a370664d98f658f4ed4e620f378f73cdfc0.jpg?1788795501,Diamond,21,0,DRG
Slayn Lockmeier,43624360,285,299,Ragnarok,Chaos,0,0,6e8ed130575c22a15b32af255b35348b_40d57ba713628f3f1ef5ef204b6d76d2fc0.jpg?1788793312,Diamond,9,2,FSH
Naralis A'roihan,35460975,286,280,Odin,Light,0,0,39833ac3dfdbb3ea64ab911763fea294_644311b63b607133c989d7c1188467dafc0.jpg?1788795770,Diamond,328,0,SCH
Tsu Kee,47596814,287,281,Zodiark,Light,0,0,df5063d6db141a1bc921d4623e08a366_c274370774c6bc3483cc8740805f41bcfc0.jpg?1788793786,Diamond,279,9,WHM
Vesper Lux,39986527,288,282,Phoenix,Light,0,0,3ffa8cf173ca00c6bd21dc61c1a7850f_5047bc596a4bab2dc7f7c120bb22dec5fc0.jpg?1788796042,Diamond,191,0,PCT
Jalsket Pirated,40728416,289,283,Zodiark,Light,0,0,18ffb968d4a5a0c03d5e251516a2c3aa_c274370774c6bc3483cc8740805f41bcfc0.jpg?1788794479,Diamond,133,0,VPR
Uraraka Lunae,19968499,290,284,Louisoix,Chaos,0,0,87178981b631653f4905b195c6c49583_0a122616f3718d3f45cab10fd8fc1604fc0.jpg?1788794596,Diamond,106,4,SAM
Athena Divinita,29936247,291,285,Raiden,Light,0,0,d3fb26737b874d6c865e1ff9ba20a651_a370664d98f658f4ed4e620f378f73cdfc0.jpg?1788793157,Diamond,75,0,WHM
Alex Bean,24788739,292,286,Zodiark,Light,0,0,6aa5d269d2362413ba9a055f7c8f6704_c274370774c6bc3483cc8740805f41bcfc0.jpg?1788794019,Diamond,60,0,SMN
Rei Morow,28187368,293,287,Raiden,Light,0,0,3f9c2b5b08b9fdb4c7d188d33979cea6_a370664d98f658f4ed4e620f378f73cdfc0.jpg?1788794814,Diamond,57,0,UNK
Kaomi Silver's,31290391,294,288,Phantom,Chaos,0,0,239fcc464702423d7f9ce8c7854a4fc3_f0a43d6e5eea19af337a176e9836acddfc0.jpg?1788794517,Diamond,44,0,WHM
Irmele Elandris,13301011,295,289,Odin,Light,0,0,545d79c172c687ee4ac495ceca89d9dd_644311b63b607133c989d7c1188467dafc0.jpg?1788793468,Diamond,35,0,MIN
Littlebard Crits,44849524,296,290,Lich,Light,0,0,85155be3d7c3c8936c428085496b1e8d_7206469080400ed57a5373d0a9c55c59fc0.jpg?1788795674,Diamond,9,0,UNK
Lins Rehw-marouc,14630657,297,291,Odin,Light,0,0,6613def0ffe04fb55813301bfc92a2af_644311b63b607133c989d7c1188467dafc0.jpg?1788795066,Diamond,209,11,MNK
Lavender Yumori,47189865,298,292,Phoenix,Light,0,0,c0a56a85a3c082e0dd3b96359531f30f_5047bc596a4bab2dc7f7c120bb22dec5fc0.jpg?1788794460,Diamond,87,0,DRG
Shiva Dorys,36432577,299,293,Phoenix,Light,0,0,df6ee6331f96148f2b97966d8a3e2a5a_5047bc596a4bab2dc7f7c120bb22dec5fc0.jpg?1788793555,Diamond,75,0,MCH
Yuki Lanayamour',25377754,299,293,Raiden,Light,0,0,04cba58273ddf8b1aa59bafbd98c8868_a370664d98f658f4ed4e620f378f73cdfc0.jpg?1788794065,Diamond,75,0,SGE
Makina Belg,23683223,1,0,Belias,Meteor,4686,199,ffed281791b6f91e5a2000e4917cfeeb_894c4bd0beab2e2beb44b74f4c4bd206fc0.jpg?1788794222,Ultima,221,3,MNK
Yurugi Koyurugi,29769522,2,0,Belias,Meteor,4440,0,ce65dfc48d522a7a126208d94cdc2852_894c4bd0beab2e2beb44b74f4c4bd206fc0.jpg?1788795441,Ultima,106,0,PLD
Paker Zuka,35106373,3,0,Bahamut,Gaia,4260,101,1dfba22310e23cd21bd3a7481bf928e1_86da943caa70c8694707ab2ff74e68c9fc0.jpg?1788794870,Ultima,136,1,UNK
Djinn Piston,44999217,4,7,Durandal,Gaia,4159,191,f34e66517ae3b26262c9b4f09835c5a0_806ea5b45071d5cd6bf393e38462ee71fc0.jpg?1788795069,Ultima,143,4,MNK
Sensei Jyutusi,20995129,5,4,Chocobo,Mana,4090,0,218ddf1e9e095da9f0b9d5866f9f2d80_781d6b3603312f6be41670afa37282e0fc0.jpg?1788793343,Ultima,163,0,BTN
Kim Shin,2354630,6,5,Masamune,Mana,4076,0,9d6bba308f1c44ad24883a9717b4d480_134930215abb8a90ec37d6cc05b05e08fc0.jpg?1788794640,Ultima,89,0,GNB
Happo Hapo,59173770,7,6,Pandaemonium,Mana,4052,0,8d06d5697fa5f35516e08e77ecb4eff8_470db1bf2e865f9130531fea40b61ee4fc0.jpg?1788795841,Ultima,125,0,VPR
Rein Asshe,17170082,8,0,Ultima,Gaia,3854,0,f9ab83c24ecb748f4dad2b1415364524_9df1b3cb0da35db33c17ef11ddf12adafc0.jpg?1788794840,Omega,111,9,AST
Seraki Matsushima,43566777,9,0,Ixion,Mana,3836,0,1e4675de3ee8e4d8e053dede59297104_7126768d768f6c6c7fed3eaee98c3a8afc0.jpg?1788794408,Omega,124,0,PCT
K' R',8489348,10,0,Chocobo,Mana,3774,0,38834b79bf39846f80b605b4a592c2eb_781d6b3603312f6be41670afa37282e0fc0.jpg?1788795152,Omega,216,1,AST
Sorin Maki,53900927,11,0,Durandal,Gaia,3751,0,b0d4570e39585eb6b5ba7458ff8781a7_806ea5b45071d5cd6bf393e38462ee71fc0.jpg?1788794770,Omega,127,0,RPR
Vivi Ann,4766157,12,0,Kujata,Elemental,3745,0,9543e197b2faf03aa21058f9deedc408_72c48f093f2278ac3243962d3eb6a8d7fc0.jpg?1788793681,Omega,259,16,AST
Robs Wiz,47501636,13,0,Aegis,Elemental,3729,0,24b0e4e155ae76da2a553003980ac156_3ea38e723c590aabf186367e1eb7e6a1fc0.jpg?1788796066,Omega,372,18,DRG
Rex Cold,46340519,14,0,Bahamut,Gaia,3607,0,5a590acfa6bbe6cddd1eb5143c7070f2_86da943caa70c8694707ab2ff74e68c9fc0.jpg?1788793079,Omega,248,6,UNK
Shien Tia,43209576,15,0,Ixion,Mana,3580,0,bd7a6b413b4e6770e7c2860d540ae37a_7126768d768f6c6c7fed3eaee98c3a8afc0.jpg?1788795287,Omega,64,4,BRD
Hyunsik Lee,59757026,16,0,Typhon,Elemental,3571,0,d171f47402375bca99a35c72ebcb7e48_32d8c9c7cd5f62d62da2d31b6750a680fc0.jpg?1788796235,Omega,197,0,DNC
Ciel Cocco,27192023,17,0,Anima,Mana,3568,0,05df3829299dc9e3c4ba0bceb512525a_2f698530a28d671d20278c8518c804c9fc0.jpg?1788793503,Omega,277,0,SGE
Aizen Sosuke,46625154,18,0,Asura,Mana,3523,0,084fe9c7ee753ba32657d9e49b4edde5_53f1445a9f28799a32ea55f046319fc3fc0.jpg?1788794805,Omega,169,0,UNK
Emil Sarasun,7191072,19,0,Asura,Mana,3514,0,052a2527c0dee23533f8162c40d66898_53f1445a9f28799a32ea55f046319fc3fc0.jpg?1788795295,Omega,152,0,PLD
Merry Scrald,11886780,20,25,Belias,Meteor,3375,198,7bfbd82582fd003bc514339935d874a7_894c4bd0beab2e2beb44b74f4c4bd206fc0.jpg?1788794502,Omega,102,8,WAR
Kite Free,28865954,21,20,Kujata,Elemental,3360,0,b602646591e3d050094503c65590ee4c_72c48f093f2278ac3243962d3eb6a8d7fc0.jpg?1788795003,Omega,48,0,SGE
Wuruwuru Yaya,19903532,22,21,Asura,Mana,3281,0,c4dcc6326814217e41a2636e5dd8eea3_53f1445a9f28799a32ea55f046319fc3fc0.jpg?1788795799,Omega,282,15,NIN
Atsu Bow,47953241,23,22,Mandragora,Meteor,3265,0,a397b9893231105b4549ed9a8721c60a_ee738654add55c3d07ea92d8e108074cfc0.jpg?1788796087,Omega,352,0,DRG
Hatozo Ito,39455624,24,23,Typhon,Elemental,3242,0,a2de1cbebb1230e8f11f0fa765df7d0f_32d8c9c7cd5f62d62da2d31b6750a680fc0.jpg?1788793839,Omega,203,13,RDM
Nicku Nicku,18939474,25,76,Tonberry,Elemental,3192,683,c713d7a775bba8adf5d47b2630f63674_7bb6b1e488f0e4f01c5314d010b60f31fc0.jpg?1788793148,Omega,60,15,UNK
Fania Eckert,2837251,26,24,Titan,Mana,3179,0,7177d6fdd5036eebc72834f8376cd1cf_e2bb3f9679fec6d4836fcf8abcc3eeacfc0.jpg?1788795116,Omega,268,8,PCT
Gogant Gogant,24052697,27,26,Atomos,Elemental,3160,0,9b2637d94cc0b341ddad961722026fdf_cf768a751b1f5e355c2fd39a9ed91f3ffc0.jpg?1788796206,Omega,138,3,SAM
Lancer Yan,18545180,28,27,Fenrir,Gaia,3158,0,b5d95c2f29f83c258c8ed96425acd32b_d384cf5ad7db803f29799f36ebbc3eadfc0.jpg?1788793480,Omega,84,0,NIN
Khelby Trickster,1496735,29,34,Gungnir,Elemental,3149,103,fde8b59fda65550661c58e15a9026a06_8f82f937943b6baf4c565020d5eba0ccfc0.jpg?1788795035,Omega,174,3,DRK
Tam Sin,26754914,30,28,Ultima,Gaia,3144,0,4e875947aa4b95d1be857096f32d4ae8_9df1b3cb0da35db33c17ef11ddf12adafc0.jpg?1788795197,Omega,105,0,SAM
Hollow Crown,59144034,31,29,Chocobo,Mana,3143,0,b91b6512544e8803d649622f67e53eab_781d6b3603312f6be41670afa37282e0fc0.jpg?1788793504,Omega,58,0,SAM
Lil Latte,55025559,32,30,Anima,Mana,3130,0,2d01c7e9c74b9faebdd6d9ece7c9eb4a_2f698530a28d671d20278c8518c804c9fc0.jpg?1788795370,Omega,297,11,UNK
Tarex Youva,26374295,33,35,Tonberry,Elemental,3127,93,7dad78de32b2e7e31077d03f095a81ac_7bb6b1e488f0e4f01c5314d010b60f31fc0.jpg?1788794286,Omega,294,4,SCH
World Travel,26227053,34,31,Asura,Mana,3101,0,8c5accf240d0634c0fb1fde191afedb7_53f1445a9f28799a32ea55f046319fc3fc0.jpg?1788793741,Omega,67,0,GNB
Ame Ame,53697484,35,32,Titan,Mana,3095,0,93d3d9e0c4003776bb652473d623797e_e2bb3f9679fec6d4836fcf8abcc3eeacfc0.jpg?1788794766,Omega,146,0,UNK
Wonton Starlight,27496660,36,33,Chocobo,Mana,3077,0,8d6c3f0a6f695cdc94b9234b6c28be22_781d6b3603312f6be41670afa37282e0fc0.jpg?1788795515,Omega,275,0,RPR
Rya Myosotisy,44244496,37,52,Asura,Mana,3076,309,d39af5863481d80b66f4fe05bf80d003_53f1445a9f28799a32ea55f046319fc3fc0.jpg?1788794407,Omega,151,13,MNK
Tsuchi Tsuki,39089046,38,42,Bahamut,Gaia,3056,104,032858264c706c6341f57dbef9e86da1_86da943caa70c8694707ab2ff74e68c9fc0.jpg?1788795550,Omega,99,6,DRK
Kappi Scarlet,11922639,39,36,Asura,Mana,2989,0,820f32c739a02029fdacf6c96cbf1fa4_53f1445a9f28799a32ea55f046319fc3fc0.jpg?1788795646,Omega,232,5,RPR
Yumichin Nekoangel,11505114,40,37,Chocobo,Mana,2987,0,43e39ba4314b9f81eb1067f163d33ed5_781d6b3603312f6be41670afa37282e0fc0.jpg?1788795042,Omega,50,0,RPR
Shining Star,60899272,41,38,Typhon,Elemental,2966,0,691eeafc0853bd2b215c57b64edd3a71_32d8c9c7cd5f62d62da2d31b6750a680fc0.jpg?1788793183,Omega,231,19,MNK
Noin Kurial,23981966,42,47,Asura,Mana,2961,97,83830f722858537d3bbdd6afabacaa3d_53f1445a9f28799a32ea55f046319fc3fc0.jpg?1788794218,Omega,58,1,PLD
Yo Na,52935364,43,39,Fenrir,Gaia,2956,0,2517fd5dbad75617e546949761815db9_d384cf5ad7db803f29799f36ebbc3eadfc0.jpg?1788793503,Omega,93,0,NIN
Xignas Schwalbe,2577287,44,40,Anima,Mana,2955,0,726f737868161a35f25fb4e06bccf08e_2f698530a28d671d20278c8518c804c9fc0.jpg?1788794062,Omega,184,1,GNB
Bakeke Bake,40527195,45,41,Asura,Mana,2953,0,2df47416611081755cf9e0cd7c586afa_53f1445a9f28799a32ea55f046319fc3fc0.jpg?1788794352,Omega,170,0,WAR
Dome Violet,45179152,46,43,Masamune,Mana,2918,0,a95c15ebd393e5497d6641d375ec02b1_134930215abb8a90ec37d6cc05b05e08fc0.jpg?1788794393,Omega,217,0,BRD
Endless Summer,36558820,47,44,Tiamat,Gaia,2905,0,0079a66433e68b1f473c7487944a4d3d_9f10d335198e90990f3437c5733468e7fc0.jpg?1788794517,Omega,254,2,WHM
Inx Chrono,21920611,48,83,Yojimbo,Meteor,2895,404,83c01df24231dda93176c28e69768459_4a92c619bde4f34cfa77e05fef21ad85fc0.jpg?1788794070,Omega,359,7,MCH
Pero Noir,27109057,49,45,Ultima,Gaia,2883,0,889b0b13f93f702d3df91ec97e272102_9df1b3cb0da35db33c17ef11ddf12adafc0.jpg?1788795000,Omega,85,8,SMN
Sura Imo,25164389,50,46,Shinryu,Meteor,2881,0,d2cd07ab0f766e9dd870046dcc7fae97_87b7d447f40b06dfc7228caf195f7dcffc0.jpg?1788793028,Omega,52,0,MCH
Furanzeska Sumeragi,8414050,51,48,Tonberry,Elemental,2858,0,7300d72d23103eb5494b3e21bf99b3b6_7bb6b1e488f0e4f01c5314d010b60f31fc0.jpg?1788794126,Omega,117,4,RDM
Akatuki Re,22410327,52,49,Carbuncle,Elemental,2857,0,b3e601fbc493d7bc642faec11f3c05fb_9eb3c19866f7ae0eeeffac7bf770aba5fc0.jpg?1788794719,Omega,188,7,RDM
Lilica Astadir,3503219,53,50,Valefor,Meteor,2855,0,5af5f880cbf4a0fb2fc785912a217eae_485f4777c38002871591fb54f27edc65fc0.jpg?1788796031,Omega,143,4,DRG
Soujirou Seta,4110224,54,51,Tonberry,Elemental,2836,0,7453a7542d76520abe9dd8dcc3572b78_7bb6b1e488f0e4f01c5314d010b60f31fc0.jpg?1788793984,Omega,208,3,RDM
Scrambledegg Man,49825055,55,53,Atomos,Elemental,2795,0,1299b45b377e351257f93184002c1b42_cf768a751b1f5e355c2fd39a9ed91f3ffc0.jpg?1788793648,Omega,60,0,MCH
Zsika Mu',18898369,56,65,Ridill,Gaia,2794,196,ed7f8569bf4537dfd9f2ea953ad59e8a_138751880f18161a907d7cf0faa43f07fc0.jpg?1788795013,Omega,64,4,UNK
Piccolo Saaaaann,23336998,57,54,Asura,Mana,2789,0,efa27fc6ea5fa0a09f429159c3346a0f_53f1445a9f28799a32ea55f046319fc3fc0.jpg?1788796382,Omega,438,7,VPR
Neneco Neko,60257588,58,55,Ultima,Gaia,2784,0,d410b53bdce1036d1d4331de5dd4f44e_9df1b3cb0da35db33c17ef11ddf12adafc0.jpg?1788794526,Omega,103,0,GSM
Nocturne Midnightblue,55368101,59,0,Asura,Mana,2763,102,e9f7726a264875c782e0384932dbf161_53f1445a9f28799a32ea55f046319fc3fc0.jpg?1788794786,Omega,106,1,NIN
Envy Lua,43034484,60,131,Valefor,Meteor,2751,505,e7cd2d55788c0aa6cbc5b71284096360_485f4777c38002871591fb54f27edc65fc0.jpg?1788795628,Omega,193,19,AST
Lan Dame-celot,31839759,61,56,Ifrit,Gaia,2731,0,c278e5b98fa396fbc950aeafdb5aaee8_f9f796348bc43067c7242ec4551cde69fc0.jpg?1788796148,Omega,74,0,RPR
Piggy Walk,49739992,62,57,Alexander,Gaia,2692,0,3e967d228a864beca527f7f9e1561cb0_b7a71d8799cf6dd75b711a7f52de6675fc0.jpg?1788795368,Omega,77,0,GNB
Morumi Rumi,5819525,63,58,Fenrir,Gaia,2673,0,819c0240b9b23eef1ed8fc2d0f39d94f_d384cf5ad7db803f29799f36ebbc3eadfc0.jpg?1788794733,Omega,75,0,UNK
Ardlan Vorlesh,45102526,64,60,Asura,Mana,2659,0,04bfc027079d355fc717e8ec9a4b5f9e_53f1445a9f28799a32ea55f046319fc3fc0.jpg?1788793550,Omega,144,5,DRG
Imlink Rr,46726473,65,61,Bahamut,Gaia,2636,0,6c9ffcd32b7d78e8b7e09c63d130ef2a_86da943caa70c8694707ab2ff74e68c9fc0.jpg?1788795908,Omega,328,6,MCH
Death-by Glamour,50007656,66,62,Fenrir,Gaia,2630,0,73746aab8b21d5917fab43f4db6f35aa_d384cf5ad7db803f29799f36ebbc3eadfc0.jpg?1788792978,Omega,70,0,UNK
Tango Ngo,47753273,67,63,Alexander,Gaia,2629,0,c8ff6406f324ec51842e0a491ba1e4fa_b7a71d8799cf6dd75b711a7f52de6675fc0.jpg?1788794248,Omega,226,0,VPR
Deisia Touna,31397456,68,108,Mandragora,Meteor,2608,301,f9bdcbbd105a361017ee7dd26bde2ea6_ee738654add55c3d07ea92d8e108074cfc0.jpg?1788795492,Omega,280,9,WHM
Erik Bural,20508529,69,64,Hades,Mana,2603,0,2ca5bed0ca0e49f68c7ca14062e0bacc_a4730651230dd43cb129562a30d531aefc0.jpg?1788794999,Omega,490,11,SMN
Okome Justice,58734775,70,112,Durandal,Gaia,2594,300,3589d26a22faffebd4c39812822aab8a_806ea5b45071d5cd6bf393e38462ee71fc0.jpg?1788793124,Omega,50,3,BRD
Mun- Mutyo,18063500,71,66,Bahamut,Gaia,2580,0,870df3b6a4306c3c3de44d72fc9a577d_86da943caa70c8694707ab2ff74e68c9fc0.jpg?1788796405,Omega,224,0,SCH
Sono Ta,49701933,72,67,Shinryu,Meteor,2574,0,c5fbe5dc524e8f9d2eb8b7c350df2a00_87b7d447f40b06dfc7228caf195f7dcffc0.jpg?1788796399,Omega,48,0,DRK
Sead Slendisch,27788989,73,69,Asura,Mana,2573,2,c9bd1276c77cf644ce955ce68575aa37_53f1445a9f28799a32ea55f046319fc3fc0.jpg?1788793056,Omega,209,2,SGE
Shamia Lafihna,19352479,74,68,Hades,Mana,2573,0,d0039c35e86ce2926331c5c708ef39f6_a4730651230dd43cb129562a30d531aefc0.jpg?1788796500,Omega,126,0,VPR
Fennel Earltea,21886406,75,70,Typhon,Elemental,2566,0,4e8f23f97ca17b02271d5d67829e204d_32d8c9c7cd5f62d62da2d31b6750a680fc0.jpg?1788795259,Omega,153,7,AST
Hosi Lumier,20014623,76,71,Ridill,Gaia,2555,0,126e42d301322000c4e965281e8f7098_138751880f18161a907d7cf0faa43f07fc0.jpg?1788793917,Omega,221,14,BRD
Kageto Magatsuki,36052369,77,91,Ultima,Gaia,2551,101,c99eebd98f0729313042324985a6fc9a_9df1b3cb0da35db33c17ef11ddf12adafc0.jpg?1788795012,Omega,117,8,DRK
Sukoya Mihirogi,42042279,78,130,Anima,Mana,2541,292,58dacb01c0c75e38125f892840beb026_2f698530a28d671d20278c8518c804c9fc0.jpg?1788795163,Omega,157,6,NIN
Aman Kaharmine,37434311,79,72,Belias,Meteor,2538,0,7fa9aa672753e286a5710cf338755727_894c4bd0beab2e2beb44b74f4c4bd206fc0.jpg?1788795500,Omega,433,16,UNK
Peng In,60228501,80,73,Bahamut,Gaia,2538,0,871397d65bde709b44c83fca4e18a1b3_86da943caa70c8694707ab2ff74e68c9fc0.jpg?1788795246,Omega,193,0,SMN
Yo Mono,29638044,81,74,Mandragora,Meteor,2530,0,f5b980a3f8621a5100e92963a63030bb_ee738654add55c3d07ea92d8e108074cfc0.jpg?1788793262,Omega,162,12,PLD
Tiger Rutata,23825437,82,75,Asura,Mana,2513,0,a69a7fd0c20bbbd51ddf7cc27af7921e_53f1445a9f28799a32ea55f046319fc3fc0.jpg?1788794995,Omega,179,8,RDM
Inori Chan,54439983,83,77,Asura,Mana,2502,0,924e00538b2fef48f1ddd6b463e8f7ef_53f1445a9f28799a32ea55f046319fc3fc0.jpg?1788794365,Omega,42,0,VPR
Jay Eins,3930926,84,78,Chocobo,Mana,2499,0,31d212c5602873cad51c02ca3a1707f4_781d6b3603312f6be41670afa37282e0fc0.jpg?1788794763,Omega,66,0,SMN
He Ro,57048881,85,79,Ultima,Gaia,2494,0,1988e9fc4df817df742388c245715b40_9df1b3cb0da35db33c17ef11ddf12adafc0.jpg?1788795578,Omega,721,30,UNK
Elosie Ue,46030616,86,80,Bahamut,Gaia,2493,0,cdd278ec7274c3a04f790d4954079c53_86da943caa70c8694707ab2ff74e68c9fc0.jpg?1788795192,Omega,138,18,SGE
Syaharu Rau,42277277,87,81,Ultima,Gaia,2493,0,2fc2311e22f50bf5f2604260eee05be9_9df1b3cb0da35db33c17ef11ddf12adafc0.jpg?1788795266,Omega,118,5,DRG
Primlock Griffyn,37385266,88,82,Tonberry,Elemental,2492,0,89c0dfc59ff658981baaccf8c8d2b22b_7bb6b1e488f0e4f01c5314d010b60f31fc0.jpg?1788794100,Omega,162,17,DRK
Mialulu Sabotage,33714151,89,96,Tiamat,Gaia,2485,94,ed107570ce5fd9ee695034c45ef4d395_9f10d335198e90990f3437c5733468e7fc0.jpg?1788793691,Omega,59,5,SAM
Hei Meiling,1856397,90,84,Anima,Mana,2477,0,4629fe3ae75d216d2429582d28bd3a7b_2f698530a28d671d20278c8518c804c9fc0.jpg?1788796506,Omega,95,1,MNK
Lukos Vulpes,47911699,91,170,Tonberry,Elemental,2468,389,73775fb852b03d1976eaab2425fb9a4c_7bb6b1e488f0e4f01c5314d010b60f31fc0.jpg?1788794794,Omega,88,11,SMN
Wolten Rema,17758406,92,85,Yojimbo,Meteor,2467,0,7f56f4547e5e3e1528ebc681d9618464_4a92c619bde4f34cfa77e05fef21ad85fc0.jpg?1788795620,Omega,79,0,PLD
Sophia' Yule,26382957,93,86,Unicorn,Meteor,2467,0,121f584b89f4420ffef15e271fc8c0a3_393eb74047bb90c8d80dea54218430eefc0.jpg?1788794762,Omega,62,0,UNK
Elisa Wolframite,18964939,94,87,Hades,Mana,2463,0,5582934bb6b94d50874d7d241225aa74_a4730651230dd43cb129562a30d531aefc0.jpg?1788796088,Omega,238,0,SMN
Shiman Chu,38475144,95,88,Yojimbo,Meteor,2463,0,4cb93a24c937da83418345140d361e9b_4a92c619bde4f34cfa77e05fef21ad85fc0.jpg?1788793259,Omega,221,6,SAM
Ui Thrix,39291749,96,89,Chocobo,Mana,2463,0,08b70654c7812f561afc700e0756319a_781d6b3603312f6be41670afa37282e0fc0.jpg?1788793977,Omega,126,0,PCT
Laviera Rose,60788095,97,149,Masamune,Mana,2454,293,137281dbfd05a8698e1b5b46cb1d6d03_134930215abb8a90ec37d6cc05b05e08fc0.jpg?1788793268,Omega,53,7,RPR
Ruru Rururun,41786182,98,90,Ifrit,Gaia,2452,0,3fd0ff0d0e58f6a761a54eebd33b7bc6_f9f796348bc43067c7242ec4551cde69fc0.jpg?1788795862,Omega,558,16,UNK
Black' Cat,27132360,99,154,Ifrit,Gaia,2424,305,25f0dd65be1cf71e9e26e0bcc0dc271f_f9f796348bc43067c7242ec4551cde69fc0.jpg?1788795041,Omega,234,4,DRG
Aborigini Eve,41231646,100,92,Durandal,Gaia,2413,0,f51909d0dbf287a0c5ad1041eb658fcd_806ea5b45071d5cd6bf393e38462ee71fc0.jpg?1788795733,Omega,132,0,SGE
Ed Xii,61003934,101,93,Zeromus,Meteor,2401,0,abe7e4f5eb6a0af4b416d2bf4f34ef4d_c76848359d0b4d2f37aefbb9903ed97bfc0.jpg?1788793707,Omega,57,0,PLD
Yuu Utsu,26831533,102,94,Garuda,Elemental,2399,0,aed9bb13f4dad6a80690e4d58ee69af3_fcb1f5b0249d1069e5bdc66d0796f26afc0.jpg?1788794610,Omega,48,0,SCH
Yuki Yui,25457703,103,95,Ultima,Gaia,2392,0,53e27d2153b5d4878ef23b1326589ff5_9df1b3cb0da35db33c17ef11ddf12adafc0.jpg?1788792995,Omega,208,9,UNK
Kid Whew,62106062,104,97,Aegis,Elemental,2389,0,798e57e3e43ece4b4a8d6028b89dcfe3_3ea38e723c590aabf186367e1eb7e6a1fc0.jpg?1788794418,Omega,221,0,AST
Lucy Tave,5530448,105,98,Durandal,Gaia,2382,0,fd7ea485d2ba7644c76c49d7b00fce24_806ea5b45071d5cd6bf393e38462ee71fc0.jpg?1788795118,Omega,783,22,MNK
Tige Noir,13429005,106,115,Ridill,Gaia,2378,99,92cf71f8edc971b0656a49db62280b09_138751880f18161a907d7cf0faa43f07fc0.jpg?1788795743,Omega,295,19,DNC
Yoochan Fantasy,30892468,107,99,Anima,Mana,2371,0,179b316106d60bb1488917ac1c45548c_2f698530a28d671d20278c8518c804c9fc0.jpg?1788794516,Omega,73,0,AST
Ml Tei,47822875,108,100,Alexander,Gaia,2370,0,259bd72e639c252e3e6ab819661c07a6_b7a71d8799cf6dd75b711a7f52de6675fc0.jpg?1788794769,Omega,71,0,BLM
Mame Poporu,22836070,109,120,Ixion,Mana,2369,98,a886d90317b0e4205db7046757e57e53_7126768d768f6c6c7fed3eaee98c3a8afc0.jpg?1788795161,Omega,74,1,DRK
Taroe Kobuta,8734523,110,101,Kujata,Elemental,2367,0,821347c202f7d7d6b676bd393bcdfdae_72c48f093f2278ac3243962d3eb6a8d7fc0.jpg?1788795828,Omega,377,0,RPR
Minisuta Blood,24769179,111,102,Atomos,Elemental,2360,0,851ddd354ea9b3a8e623078a0f4d8a05_cf768a751b1f5e355c2fd39a9ed91f3ffc0.jpg?1788796442,Omega,39,0,DRK
Aries San,12460047,112,103,Tiamat,Gaia,2352,0,00a39e6a3c0cb6e9529ffdf15a10dadb_9f10d335198e90990f3437c5733468e7fc0.jpg?1788795300,Omega,113,0,DRG
Aurora Duskveil,14659861,113,104,Carbuncle,Elemental,2347,0,8d51113f06ccc3227a4928f8ab5ddee6_9eb3c19866f7ae0eeeffac7bf770aba5fc0.jpg?1788795731,Omega,165,0,SMN
Snow Albarn,25263326,114,105,Fenrir,Gaia,2341,0,fa179c06d46acce251bb94d22a05e931_d384cf5ad7db803f29799f36ebbc3eadfc0.jpg?1788794762,Omega,213,0,BLM
Ren Chamx,43411675,115,106,Chocobo,Mana,2324,0,d14faf3557b40f62c1fd8e9103ff0ca1_781d6b3603312f6be41670afa37282e0fc0.jpg?1788794905,Omega,211,0,PLD
Ritsu Nikuno,23932877,116,107,Alexander,Gaia,2316,0,5ce857706fb6e7f76dd30d1ef38e16f7_b7a71d8799cf6dd75b711a7f52de6675fc0.jpg?1788795481,Omega,72,2,DRG
Yan Yan,3182501,117,109,Alexander,Gaia,2305,0,5cd079575de2bd01f87a188c93738695_b7a71d8799cf6dd75b711a7f52de6675fc0.jpg?1788795741,Omega,107,0,NIN
Basta Reno,31797927,118,110,Carbuncle,Elemental,2305,0,22b32c1986bb9c2732e5f877f7cbdbd6_9eb3c19866f7ae0eeeffac7bf770aba5fc0.jpg?1788794804,Omega,78,6,VPR
Kaede Felis,33728274,119,111,Typhon,Elemental,2300,0,40686a32bf2ab631ff7e7677fc614cb3_32d8c9c7cd5f62d62da2d31b6750a680fc0.jpg?1788796090,Omega,130,0,DRG
Walter Winston,3431710,120,137,Fenrir,Gaia,2300,96,bee8390354426d2c1d42d687a0de29d5_d384cf5ad7db803f29799f36ebbc3eadfc0.jpg?1788795011,Omega,129,6,WAR
Ku Chan,35624538,121,113,Shinryu,Meteor,2290,0,c563ef5b623babbcbf7d852a7e64c31e_87b7d447f40b06dfc7228caf195f7dcffc0.jpg?1788794867,Omega,80,0,WHM
Sweetbleed Viras,56084804,122,141,Ridill,Gaia,2285,99,98404495f2c5b2af87b2eb9ff9b3aaf0_138751880f18161a907d7cf0faa43f07fc0.jpg?1788794726,Omega,182,1,WAR
Ai Shironuko,19976423,123,114,Kujata,Elemental,2284,0,7036fde037e0136275a64cfa690a558c_72c48f093f2278ac3243962d3eb6a8d7fc0.jpg?1788796391,Omega,51,2,DRG
Shion Amber,26147773,124,116,Unicorn,Meteor,2279,0,e2ecf01d14ce449e8393bc3f5dfc57f4_393eb74047bb90c8d80dea54218430eefc0.jpg?1788794810,Omega,39,0,AST
Aeritte Ravel,41831914,125,117,Carbuncle,Elemental,2275,0,56a646fd4b2eb086bf8c9d712567e62f_9eb3c19866f7ae0eeeffac7bf770aba5fc0.jpg?1788794868,Omega,230,0,NIN
Coffee Mint,29415966,126,118,Titan,Mana,2274,0,e5a147803c62c81952bc0c786dcfc3cb_e2bb3f9679fec6d4836fcf8abcc3eeacfc0.jpg?1788795371,Omega,873,18,NIN
Now Tarako,25271680,127,119,Belias,Meteor,2271,0,238a3ddced202809c65eaecd03eda2d1_894c4bd0beab2e2beb44b74f4c4bd206fc0.jpg?1788795163,Omega,124,6,DRG
Chi Pom,30745084,128,233,Hades,Mana,2270,601,45d248e450c3623965da94fa0aa12a58_a4730651230dd43cb129562a30d531aefc0.jpg?1788793040,Omega,94,30,WAR
Akki Noc,2298162,129,121,Alexander,Gaia,2265,0,4a145f36c7316e0d32845d32af5e92bd_b7a71d8799cf6dd75b711a7f52de6675fc0.jpg?1788794900,Omega,189,0,SGE
Lain Wired,1578110,130,122,Chocobo,Mana,2263,0,51b29015827612eb3c28c2c8dd0f43ef_781d6b3603312f6be41670afa37282e0fc0.jpg?1788795619,Omega,325,5,PCT
Lupinus Lily,33777966,131,123,Ultima,Gaia,2263,0,6f019b443ab48375b1bcc5e5aa0debf9_9df1b3cb0da35db33c17ef11ddf12adafc0.jpg?1788793825,Omega,94,0,GNB
Kuno Cadenzavnaeve,42178142,132,124,Ifrit,Gaia,2262,0,85baa25ca299e93ef56226f40814f03b_f9f796348bc43067c7242ec4551cde69fc0.jpg?1788793340,Omega,111,0,WAR
Jawa San,3768644,133,125,Titan,Mana,2261,0,6dc7f48778a077c0339870e942a79f2e_e2bb3f9679fec6d4836fcf8abcc3eeacfc0.jpg?1788794942,Omega,151,8,NIN
Dopa Gaki,19292121,134,126,Garuda,Elemental,2258,0,922b912ad0f37ed8d9f8bf6c33abd9ad_fcb1f5b0249d1069e5bdc66d0796f26afc0.jpg?1788796168,Omega,148,13,UNK
Pallas Athene,2406168,135,127,Shinryu,Meteor,2258,0,53bb581fc41367c292fd90f3c8eafe9f_87b7d447f40b06dfc7228caf195f7dcffc0.jpg?1788795837,Omega,49,0,SCH
Tomato Mato,54649869,136,128,Ixion,Mana,2257,0,e417d4ddd5bd7df8155005f15bd1ab53_7126768d768f6c6c7fed3eaee98c3a8afc0.jpg?1788795122,Omega,66,0,UNK
Kupfdoen Mynaikoensyn,2336564,137,129,Garuda,Elemental,2249,0,89679647ba7b815cb23d73ae2d6050eb_fcb1f5b0249d1069e5bdc66d0796f26afc0.jpg?1788794002,Omega,180,0,BLM
Velvet Shilky,15655369,138,132,Anima,Mana,2244,0,988a0ec11e3b6bbbfc5478b0eab4b03f_2f698530a28d671d20278c8518c804c9fc0.jpg?1788796337,Omega,379,4,PLD
Hina Narumi,36489169,139,133,Masamune,Mana,2244,0,b92b3bffbe6d8e1f5f53a1f3735c1387_134930215abb8a90ec37d6cc05b05e08fc0.jpg?1788795484,Omega,69,0,WAR
Ciao' Chu-ru,46227731,140,134,Asura,Mana,2243,0,4407462a62eb8cb31cec691e9f214c86_53f1445a9f28799a32ea55f046319fc3fc0.jpg?1788796119,Omega,88,0,UNK
Warrior Second,23934727,141,152,Pandaemonium,Mana,2241,99,2ec7ca5ad015304a6059e8fa1756b8be_470db1bf2e865f9130531fea40b61ee4fc0.jpg?1788793939,Omega,203,3,RDM
Crystalline Conflict,56094564,142,135,Kujata,Elemental,2216,0,dcae5be360cd5ac359780dd998fbbf57_72c48f093f2278ac3243962d3eb6a8d7fc0.jpg?1788795231,Omega,160,0,UNK
Aria Canon,1030539,143,194,Pandaemonium,Mana,2211,197,c643f10c86a1dec8fe0358a24454dab6_470db1bf2e865f9130531fea40b61ee4fc0.jpg?1788793012,Omega,320,17,AST
Hibarii Maiden,2220475,144,136,Garuda,Elemental,2204,0,46a565a07005b1224b7facd2223d54b9_fcb1f5b0249d1069e5bdc66d0796f26afc0.jpg?1788796242,Omega,130,0,AST
Link Ring,55955379,145,138,Durandal,Gaia,2199,0,cd57a4705e19ebab4b3922b039f3a7b7_806ea5b45071d5cd6bf393e38462ee71fc0.jpg?1788793505,Omega,128,0,BLM
Lazulim Langheim,1644495,146,139,Ultima,Gaia,2191,0,997660bb7160cf32fb6806926222d151_9df1b3cb0da35db33c17ef11ddf12adafc0.jpg?1788795051,Omega,35,0,ALC
Roric Thorne,59323169,147,140,Pandaemonium,Mana,2191,0,4ff669632484c5fdf241ea2b9f955435_470db1bf2e865f9130531fea40b61ee4fc0.jpg?1788794072,Omega,31,0,VPR
Anoma Loris,44038350,148,142,Valefor,Meteor,2186,0,57b0094511d082e7e7e8203d850b4159_485f4777c38002871591fb54f27edc65fc0.jpg?1788795525,Omega,119,0,SGE
Runa Angelic,45189036,149,147,Pandaemonium,Mana,2185,12,de7cc40eb09bdf14a96e8a0781fd0999_470db1bf2e865f9130531fea40b61ee4fc0.jpg?1788795984,Omega,102,2,AST
Inu- Pe-,42153397,150,143,Anima,Mana,2184,0,40c3101dfff66955ad4d9b06fda6e3a8_2f698530a28d671d20278c8518c804c9fc0.jpg?1788793357,Omega,387,0,SAM
Alt Sanktgallen,2143482,151,144,Mandragora,Meteor,2184,0,5c873dda3f483d96a474d6049544be77_ee738654add55c3d07ea92d8e108074cfc0.jpg?1788793048,Omega,157,0,VPR
Jack O'brian,12218514,152,145,Valefor,Meteor,2184,0,c75b51feaef2edd8ae7e838fdfef63ae_485f4777c38002871591fb54f27edc65fc0.jpg?1788795150,Omega,46,0,MNK
Wabi Suke,1601102,153,156,Asura,Mana,2183,78,355b0ae1cb512875c96e88afa06d36a7_53f1445a9f28799a32ea55f046319fc3fc0.jpg?1788794394,Omega,619,29,NIN
Zero Ping,54411140,154,146,Aegis,Elemental,2182,0,0a9f6dc0852272c2afa163fb3e3573bc_3ea38e723c590aabf186367e1eb7e6a1fc0.jpg?1788795790,Omega,65,0,UNK
Kana Drouv,37418772,155,176,Mandragora,Meteor,2170,102,556bea70c6c70acf776be4041d191d92_ee738654add55c3d07ea92d8e108074cfc0.jpg?1788795922,Omega,41,1,PCT
Regret Weise,15486920,156,148,Fenrir,Gaia,2167,0,13172be4a1ad05d87f2b3a6e43f14d31_d384cf5ad7db803f29799f36ebbc3eadfc0.jpg?1788795168,Omega,112,2,NIN
Zwei Kreuz,14516450,157,180,Bahamut,Gaia,2162,100,367ea315b18ce50bb6f34a9ea77f3222_86da943caa70c8694707ab2ff74e68c9fc0.jpg?1788796070,Omega,45,2,UNK
Hana'ni Narou,55619969,158,150,Bahamut,Gaia,2154,0,6fed23863620c8b715cbb8ea2b38180f_86da943caa70c8694707ab2ff74e68c9fc0.jpg?1788796381,Omega,211,0,WAR
Aslan Miller,42003071,159,151,Ixion,Mana,2142,0,091d6880c471f9f4c412b704f952af81_7126768d768f6c6c7fed3eaee98c3a8afc0.jpg?1788795131,Omega,265,0,BRD
Sidurgu Obsidian,17768556,160,153,Garuda,Elemental,2139,0,19277f9e0fcd9432fb16b0e1cbad47a7_fcb1f5b0249d1069e5bdc66d0796f26afc0.jpg?1788794935,Omega,83,0,WHM
Aquamarine Freyja,30360317,161,187,Titan,Mana,2136,100,0dfd1b818fb45dff90b6c17b14b71318_e2bb3f9679fec6d4836fcf8abcc3eeacfc0.jpg?1788795851,Omega,169,1,MNK
Mily Sara,23911809,162,188,Aegis,Elemental,2129,101,19086b376708852503d1ac9c2b293b8c_3ea38e723c590aabf186367e1eb7e6a1fc0.jpg?1788793425,Omega,310,2,MCH
Tsuki Umi,11484,163,155,Aegis,Elemental,2106,0,3aaaae6cddd9873011bc36ef76a0b349_3ea38e723c590aabf186367e1eb7e6a1fc0.jpg?1788794957,Omega,47,0,UNK
Silver Fish,1685472,164,157,Tiamat,Gaia,2097,0,d120e5c883044c27e047d03a08d44f81_9f10d335198e90990f3437c5733468e7fc0.jpg?1788794048,Omega,87,0,RPR
Hso Gkd,39936541,165,158,Asura,Mana,2096,0,4f7b0c3e146a0735f571292dfccd0adb_53f1445a9f28799a32ea55f046319fc3fc0.jpg?1788793160,Omega,76,0,MNK
Fuki Non,51302585,166,159,Titan,Mana,2096,0,99d46e5dfaf54e3a630e700cbd41968b_e2bb3f9679fec6d4836fcf8abcc3eeacfc0.jpg?1788794057,Omega,67,0,WHM
Kotori Angel,11433233,167,160,Alexander,Gaia,2094,0,249a60efd4f3f03c25a40a0c3c35d33f_b7a71d8799cf6dd75b711a7f52de6675fc0.jpg?1788795127,Omega,60,0,DRG
Satosan Fiftysix,26440218,168,0,Typhon,Elemental,2094,1099,0b17719ebd757aaebd8ff00d5d1bd6f5_32d8c9c7cd5f62d62da2d31b6750a680fc0.jpg?1788795266,Omega,49,24,DRG
Hakuen Sinonome,10757391,169,161,Asura,Mana,2094,0,6660ba18e406e22fbec52d7b8d1ac332_53f1445a9f28799a32ea55f046319fc3fc0.jpg?1788793728,Omega,42,0,DRG
Fio Arcend,3402177,170,162,Durandal,Gaia,2093,0,cf61c3add0c53cee90c99a71058286c7_806ea5b45071d5cd6bf393e38462ee71fc0.jpg?1788793134,Omega,38,0,GNB
Mozambique Here,27514804,171,0,Masamune,Mana,2092,586,279d13db60cdd9d339d0c85385d703d5_134930215abb8a90ec37d6cc05b05e08fc0.jpg?1788793596,Omega,46,11,DRG
Yuki Macaron-vanille,37997737,172,163,Ridill,Gaia,2087,0,87df14febf49ad8a24a323b239fb3250_138751880f18161a907d7cf0faa43f07fc0.jpg?1788794789,Omega,66,0,RDM
Planet Exploration,30755276,173,164,Ixion,Mana,2086,0,b2df099dea56680a53bbc8588e28444f_7126768d768f6c6c7fed3eaee98c3a8afc0.jpg?1788793287,Omega,74,0,SCH
Waka'ri Mii,5525644,174,201,Chocobo,Mana,2086,91,779528f8c170270a5dcbb5e911db62e9_781d6b3603312f6be41670afa37282e0fc0.jpg?1788796273,Omega,65,2,UNK
Avail Tec,46450631,175,165,Garuda,Elemental,2085,0,174c8b1a79d654754078bef6b8c51067_fcb1f5b0249d1069e5bdc66d0796f26afc0.jpg?1788793575,Omega,78,0,SAM
Ardbert Hylfyst,31584604,176,166,Belias,Meteor,2085,0,964952d6da8636ab55a5b87a925f0d4c_894c4bd0beab2e2beb44b74f4c4bd206fc0.jpg?1788794542,Omega,31,0,UNK
Rip Rill,726210,177,167,Gungnir,Elemental,2084,0,1ed2cf8fd8dc78c1ec061d9bb9c45462_8f82f937943b6baf4c565020d5eba0ccfc0.jpg?1788794792,Omega,321,10,WHM
Muutyo Ganajai,35379364,178,168,Ridill,Gaia,2082,0,5435163c8ed77079a8f6bdb50b7b4da2_138751880f18161a907d7cf0faa43f07fc0.jpg?1788795223,Omega,86,12,SGE
Tomomomo Momomo,25830708,179,169,Ramuh,Meteor,2080,0,d1b6359fffbcc60e8bddc1120dc05d55_410ddb5a66a2fcacf538bec5ea5d0291fc0.jpg?1788794842,Omega,46,0,SCH
Shinra Arasaka,24734269,180,203,Tiamat,Gaia,2079,92,2d735fa31b5cfcc7eabaae1839d0b731_9f10d335198e90990f3437c5733468e7fc0.jpg?1788793358,Omega,58,7,MNK
Douglas Ward,32519646,181,171,Asura,Mana,2077,0,5902010d301aa95176126fcdef0dc7c7_53f1445a9f28799a32ea55f046319fc3fc0.jpg?1788793269,Omega,322,0,RDM
Zumu Elect,11364414,182,172,Shinryu,Meteor,2075,0,bd0b65a51fad6bef1e3c413041784da0_87b7d447f40b06dfc7228caf195f7dcffc0.jpg?1788794661,Omega,59,0,GNB
Yggdra Ashland,54877212,183,0,Kujata,Elemental,2073,989,816b46afe7a43cca1a29679630895589_72c48f093f2278ac3243962d3eb6a8d7fc0.jpg?1788795288,Omega,77,10,WAR
Ria Esta,46580024,184,173,Typhon,Elemental,2071,0,537b652a83e9ead35e927e93170f46f0_32d8c9c7cd5f62d62da2d31b6750a680fc0.jpg?1788796492,Omega,77,0,MCH
Meilkea Inori,40934425,185,174,Aegis,Elemental,2070,0,4c256b756b0f4f43b209ec71728dc0e2_3ea38e723c590aabf186367e1eb7e6a1fc0.jpg?1788793152,Omega,317,0,UNK
Sha Moji,19121169,186,175,Carbuncle,Elemental,2068,0,eb82915777eea0c952b2885bf59641d9_9eb3c19866f7ae0eeeffac7bf770aba5fc0.jpg?1788795221,Omega,206,0,MCH
Suteiki Niku,21443132,187,177,Ixion,Mana,2065,0,2f186f805d4bb29abd9458d61593b81a_7126768d768f6c6c7fed3eaee98c3a8afc0.jpg?1788794149,Omega,204,0,DRK
Liken Liekun,24806613,188,178,Shinryu,Meteor,2064,0,5aa5d27e0f5d07d19980648d6a9c2ba5_87b7d447f40b06dfc7228caf195f7dcffc0.jpg?1788795619,Omega,239,13,DRK
Tamago Crab,1576417,189,179,Chocobo,Mana,2063,0,0bce11216fe6e4e1cecfe7c969a1460f_781d6b3603312f6be41670afa37282e0fc0.jpg?1788795889,Omega,202,6,SMN
Mitui Aset,29908583,190,0,Zeromus,Meteor,2058,504,03c5c419a0ed40508b02b7656c3bc1e1_c76848359d0b4d2f37aefbb9903ed97bfc0.jpg?1788794266,Omega,455,25,DRK
Aran Tyler,47478713,191,181,Zeromus,Meteor,2056,0,601da8267e6037e1adc37928f1ab982b_c76848359d0b4d2f37aefbb9903ed97bfc0.jpg?1788793484,Omega,140,0,SAM
Scarlet Liora,50450849,192,182,Ridill,Gaia,2056,0,823b2552238fefce05d1a2e39630911f_138751880f18161a907d7cf0faa43f07fc0.jpg?1788793054,Omega,75,0,SGE
Beatrice Rosenkreuz,31285042,193,183,Tiamat,Gaia,2050,0,1972bc9fb243d5cb03ad68af2779564d_9f10d335198e90990f3437c5733468e7fc0.jpg?1788795498,Omega,68,3,DNC
Ena Lucida,46120110,194,184,Valefor,Meteor,2047,0,0d22e7ccb96b881d94b2eaac8c63f55c_485f4777c38002871591fb54f27edc65fc0.jpg?1788794828,Omega,178,0,UNK
Fuuga Reinfeldt,29495648,195,185,Unicorn,Meteor,2043,0,4441cdfb6f60085397a6647656e86646_393eb74047bb90c8d80dea54218430eefc0.jpg?1788795577,Omega,142,0,FSH
Creya Oaks,20662074,196,186,Tonberry,Elemental,2037,0,0fb57385ff1c90e3ea26edc53722b78c_7bb6b1e488f0e4f01c5314d010b60f31fc0.jpg?1788794093,Omega,353,8,BRD
Amarl Malaguld,27652092,197,189,Masamune,Mana,2024,0,92f5a8f587b00180a706bf0adc6692cb_134930215abb8a90ec37d6cc05b05e08fc0.jpg?1788796464,Omega,121,0,AST
Sakura Nemutai,55109399,198,190,Titan,Mana,2021,0,efa9ef6672998c8a9c860e5e104d6b3e_e2bb3f9679fec6d4836fcf8abcc3eeacfc0.jpg?1788796320,Omega,153,0,SGE
Teena Lewis,2553070,199,191,Bahamut,Gaia,2017,0,53366246b477a6a74d51a27aa7146532_86da943caa70c8694707ab2ff74e68c9fc0.jpg?1788793950,Omega,99,0,BRD
Loussier Ellerensia,18596456,200,192,Hades,Mana,2015,0,1bf2ff58d52f79b841b10e792fe24dcc_a4730651230dd43cb129562a30d531aefc0.jpg?1788795055,Omega,70,0,BLM
Devil May'cry,43140387,201,193,Chocobo,Mana,2015,0,bc38e75d4332eb0a661f158200cedb80_781d6b3603312f6be41670afa37282e0fc0.jpg?1788794754,Omega,44,0,UNK
Mister Alpheratz,34950496,202,252,Ixion,Mana,2014,303,fdba356c4be03c92ffecec87e607f037_7126768d768f6c6c7fed3eaee98c3a8afc0.jpg?1788794261,Omega,147,8,BLM
Ya Yu,34288352,203,195,Asura,Mana,2013,0,8ee4d542c051faaa0d111ca68c5e777b_53f1445a9f28799a32ea55f046319fc3fc0.jpg?1788795306,Omega,133,32,DRG
Stardust Emilia,25988007,204,211,Hades,Mana,2011,88,b805b54635a07b2d9710df33b9a946aa_a4730651230dd43cb129562a30d531aefc0.jpg?1788795330,Omega,154,13,UNK
Plum Wanderlust,48936197,205,196,Ultima,Gaia,2008,0,5b0b1feec9777b8ffd95170b55940879_9df1b3cb0da35db33c17ef11ddf12adafc0.jpg?1788795232,Omega,49,0,AST
Bronze Warrior,33944385,206,214,Alexander,Gaia,2007,100,3a8559d847a626b7d8a2760ec13a73b5_b7a71d8799cf6dd75b711a7f52de6675fc0.jpg?1788793359,Omega,143,21,WAR
Ange Ciliegio,1686962,207,282,Atomos,Elemental,2005,400,59e7fb02c5fc2af8111364635f319ae2_cf768a751b1f5e355c2fd39a9ed91f3ffc0.jpg?1788794228,Omega,116,12,UNK
Slow Motion,49156538,208,197,Tonberry,Elemental,2002,0,547aebd17f25be55b7f8f23a583d6d76_7bb6b1e488f0e4f01c5314d010b60f31fc0.jpg?1788794158,Omega,44,0,MCH
Yoruki Hiroran,56925172,209,198,Typhon,Elemental,2001,0,68df19c82415e8fed5592345fb9acbd3_32d8c9c7cd5f62d62da2d31b6750a680fc0.jpg?1788795151,Omega,43,0,WAR
Kusozako Kamemushi,50184336,210,199,Bahamut,Gaia,1999,0,801e61d45b0753f23789f45575af6b15_86da943caa70c8694707ab2ff74e68c9fc0.jpg?1788794517,Crystal,41,0,SAM
Hope Crystal,4251312,211,0,Typhon,Elemental,1997,1203,be323a355cbabd45c620a1fa30ef27bf_32d8c9c7cd5f62d62da2d31b6750a680fc0.jpg?1788793120,Crystal,81,24,AST
Shino Sabury,1570016,212,200,Ramuh,Meteor,1995,0,554872db6961ea2dde7f5ab823211e5c_410ddb5a66a2fcacf538bec5ea5d0291fc0.jpg?1788794315,Crystal,70,0,VPR
Neku Xyst,23660389,213,202,Ifrit,Gaia,1991,0,fb1f5fe2519e579c50b2b5aa89992706_f9f796348bc43067c7242ec4551cde69fc0.jpg?1788794885,Crystal,64,0,VPR
Alqa Mar,39507968,214,204,Ramuh,Meteor,1986,0,8aca13da51dbc7d45ed47e52f57fb53e_410ddb5a66a2fcacf538bec5ea5d0291fc0.jpg?1788794231,Crystal,125,7,WAR
Euphemia Lucretia,5759007,215,256,Bahamut,Gaia,1984,579,f1911e13fdc5df9df573c0300652757e_86da943caa70c8694707ab2ff74e68c9fc0.jpg?1788794606,Crystal,64,13,CUL
Uta Tubame,12421333,216,205,Zeromus,Meteor,1983,0,4c1c1810ab77c61696ca66b0716fd309_c76848359d0b4d2f37aefbb9903ed97bfc0.jpg?1788794075,Crystal,114,0,DRG
Iroha Date,6961136,217,206,Aegis,Elemental,1973,0,554b38366a6696fd4ca04583ad727660_3ea38e723c590aabf186367e1eb7e6a1fc0.jpg?1788793606,Crystal,156,0,CUL
Kirakira Akira,55531034,218,207,Typhon,Elemental,1973,0,5934f798f998575286709c767ba05f59_32d8c9c7cd5f62d62da2d31b6750a680fc0.jpg?1788795263,Crystal,35,0,WHM
Konegai Konegai,3277232,219,263,Masamune,Mana,1968,285,3a445dba3d4d2882c60b55a59669971b_134930215abb8a90ec37d6cc05b05e08fc0.jpg?1788794371,Crystal,226,25,BLM
Sunie Mochi,14078182,220,208,Tiamat,Gaia,1959,0,22c488096fbb927f7a888b06f816cca5_9f10d335198e90990f3437c5733468e7fc0.jpg?1788794864,Crystal,76,0,BRD
Aruku Babyun,7383311,221,209,Unicorn,Meteor,1948,0,c2fa4e98c1f4638d053218fa4c127b4c_393eb74047bb90c8d80dea54218430eefc0.jpg?1788795660,Crystal,258,0,NIN
Oarkly Vitt,31318782,222,210,Bahamut,Gaia,1931,0,983948d8222d15214cc30f8669e5ba70_86da943caa70c8694707ab2ff74e68c9fc0.jpg?1788793939,Crystal,68,0,SCH
Arina A'rire,50872908,223,212,Zeromus,Meteor,1923,922,5cbe4af0899dedf33965e088d9b0d796_c76848359d0b4d2f37aefbb9903ed97bfc0.jpg?1788793191,Crystal,82,33,UNK
Baked Potapota,42031891,224,213,Ramuh,Meteor,1908,0,1b1e5ff45bcbd6a80c94ee1c0c8bddcf_410ddb5a66a2fcacf538bec5ea5d0291fc0.jpg?1788794106,Crystal,127,1,AST
Errer Errant,28706539,225,215,Asura,Mana,1901,0,14833bd371ac70e05cffe6a03634bb61_53f1445a9f28799a32ea55f046319fc3fc0.jpg?1788794455,Crystal,46,1,NIN
Ririca Rica,22451341,226,216,Valefor,Meteor,1900,0,b82d75152d14ebf44db2622ef433b4f4_485f4777c38002871591fb54f27edc65fc0.jpg?1788795040,Crystal,230,2,RPR
Nao Fu,41247403,227,217,Shinryu,Meteor,1897,0,cfc231e11fac22b1fb8d9d27cee48586_87b7d447f40b06dfc7228caf195f7dcffc0.jpg?1788796182,Crystal,179,10,AST
Noi Mini,43301677,228,218,Alexander,Gaia,1892,0,20f564ddd53bd362683edef0d0a11a4e_b7a71d8799cf6dd75b711a7f52de6675fc0.jpg?1788793033,Crystal,178,0,WHM
Royce Farrell,16260248,229,219,Tiamat,Gaia,1890,0,dc9ad81c6df424c2b17bd56da6b0cc85_9f10d335198e90990f3437c5733468e7fc0.jpg?1788793399,Crystal,89,0,BRD
En Avant,46371551,230,220,Belias,Meteor,1887,0,d6c3784f3b06c119ae16dd725e2a2b6e_894c4bd0beab2e2beb44b74f4c4bd206fc0.jpg?1788794642,Crystal,161,3,GNB
Rohesa Morgan,10586618,231,221,Ramuh,Meteor,1884,0,1b6623c84e2fcee5c1d726a691ab88ba_410ddb5a66a2fcacf538bec5ea5d0291fc0.jpg?1788795428,Crystal,267,3,GSM
Cait Sith,1574936,232,222,Tiamat,Gaia,1883,0,fc4156170aa1fca8004a80238705e5cf_9f10d335198e90990f3437c5733468e7fc0.jpg?1788795040,Crystal,178,0,AST
Cue Quale,17820016,233,223,Pandaemonium,Mana,1882,0,9edb0d14fdbd058ddfd9ac52055de6bc_470db1bf2e865f9130531fea40b61ee4fc0.jpg?1788795099,Crystal,63,9,NIN
O'dette Noelle,26231391,234,224,Kujata,Elemental,1877,0,e4d0424de154feb08b3839c7806f9266_72c48f093f2278ac3243962d3eb6a8d7fc0.jpg?1788793282,Crystal,114,0,VPR
Gelgel Llin,36131481,235,225,Ridill,Gaia,1876,0,2a90eea47454447b3ae0d4df4fbfdc5e_138751880f18161a907d7cf0faa43f07fc0.jpg?1788795002,Crystal,126,4,DNC
Kur Age,27916663,236,226,Ifrit,Gaia,1872,0,b6c15539902ac3615580d0c358a2ce3a_f9f796348bc43067c7242ec4551cde69fc0.jpg?1788794146,Crystal,63,0,RPR
Wally Deluaki,45789739,237,227,Hades,Mana,1871,0,4fb7feab6d0bc67088445d5355bf455a_a4730651230dd43cb129562a30d531aefc0.jpg?1788795066,Crystal,92,2,DRK
Dodopita Pittan,3558680,238,228,Tiamat,Gaia,1869,0,0c4178029dae08c0fcbe267d46034e76_9f10d335198e90990f3437c5733468e7fc0.jpg?1788793380,Crystal,179,4,SAM
U-ta Rona,33778140,239,229,Ifrit,Gaia,1862,0,5364399662a84913de2dc736c1cdcfc6_f9f796348bc43067c7242ec4551cde69fc0.jpg?1788795293,Crystal,122,6,BLM
Avaron Ninesisters,1584314,240,230,Tiamat,Gaia,1833,0,5c1970240f5e1f80ffabdd3988080f5e_9f10d335198e90990f3437c5733468e7fc0.jpg?1788794159,Crystal,254,6,WHM
Mochi Dooooon,51161467,241,231,Hades,Mana,1806,0,fe8f2f3f207480dac3f25ca746d11cf4_a4730651230dd43cb129562a30d531aefc0.jpg?1788795110,Crystal,68,1,SGE
Sol Perfect,13175986,242,232,Hades,Mana,1805,0,09b81422623fbfed2cbc5f5650d41a6f_a4730651230dd43cb129562a30d531aefc0.jpg?1788795724,Crystal,86,0,BLM
Lycan Roar,52059954,243,234,Titan,Mana,1797,0,29dea1cc321c3f2275d537c23520e2b8_e2bb3f9679fec6d4836fcf8abcc3eeacfc0.jpg?1788794887,Crystal,89,5,UNK
Taru Taro,25668590,244,235,Tiamat,Gaia,1795,0,b541a0a2f56c87b841eddbd08ea324d6_9f10d335198e90990f3437c5733468e7fc0.jpg?1788794231,Crystal,66,1,SCH
Diao Tiandi,56776774,245,236,Ixion,Mana,1792,0,d3f8787a245e6cabd6ee8065c6eeefb5_7126768d768f6c6c7fed3eaee98c3a8afc0.jpg?1788794492,Crystal,134,0,SCH
Boku Hide,61259881,246,237,Chocobo,Mana,1792,0,2405cc4b75108a1384180ce7bafc3b98_781d6b3603312f6be41670afa37282e0fc0.jpg?1788795004,Crystal,90,4,UNK
Renard Blanche,23991579,247,238,Garuda,Elemental,1791,0,77da911f4046b7b2f7d2dfc59cc9aa3b_fcb1f5b0249d1069e5bdc66d0796f26afc0.jpg?1788794462,Crystal,47,11,RDM
Hamu Chan',45271368,248,239,Ixion,Mana,1788,0,7c3e44799d535f1060ebd0ed96bab339_7126768d768f6c6c7fed3eaee98c3a8afc0.jpg?1788793246,Crystal,152,4,UNK
Cey Noqed,56239764,249,240,Anima,Mana,1783,0,05a455503c1b9dc0712f50ad519d9d21_2f698530a28d671d20278c8518c804c9fc0.jpg?1788793085,Crystal,116,1,BLM
Silverrice Fuke,9722101,250,241,Bahamut,Gaia,1782,0,1dd1a12dfff155f3393d6da4fac6e223_86da943caa70c8694707ab2ff74e68c9fc0.jpg?1788795127,Crystal,113,9,VPR
Takesiba Musasino,29225556,251,242,Durandal,Gaia,1781,0,5cacf8dd1a9dae9427de92b387913396_806ea5b45071d5cd6bf393e38462ee71fc0.jpg?1788795010,Crystal,217,8,NIN
Momikucha Ocojo,51451812,252,243,Ixion,Mana,1780,0,52ebf8cad8e1a025e1469ada4534a0f2_7126768d768f6c6c7fed3eaee98c3a8afc0.jpg?1788796182,Crystal,149,0,UNK
Vir Sanctus,38437893,253,244,Asura,Mana,1777,0,e0afc9c178de541c5ba8a1afafa4bb02_53f1445a9f28799a32ea55f046319fc3fc0.jpg?1788794573,Crystal,63,0,PCT
Korone Yubi,38334943,254,245,Yojimbo,Meteor,1768,0,f96e46a75ff8692aefd4bf0841f4e177_4a92c619bde4f34cfa77e05fef21ad85fc0.jpg?1788795484,Crystal,115,0,WAR
Zitnn Alexand,10097624,255,0,Belias,Meteor,1761,573,9ba803d5e4d6d11746adc55721fd0c6e_894c4bd0beab2e2beb44b74f4c4bd206fc0.jpg?1788795704,Crystal,109,25,MCH
Oriental Art,1070191,256,246,Chocobo,Mana,1755,0,d31830cb71830b425529f231f39e776b_781d6b3603312f6be41670afa37282e0fc0.jpg?1788795451,Crystal,487,8,DRG
Kyo Twilight,30343517,257,272,Ifrit,Gaia,1755,100,6defc9436b918d5f2bdbfb72c3e4d06e_f9f796348bc43067c7242ec4551cde69fc0.jpg?1788794503,Crystal,87,14,WHM
Zero No'name,24180515,258,0,Titan,Mana,1755,201,3f2ec2a99605ed4d05ef0e5bc0f3b8d4_e2bb3f9679fec6d4836fcf8abcc3eeacfc0.jpg?1788795995,Crystal,50,2,PLD
Odwit Vendisch,42078574,259,247,Aegis,Elemental,1734,0,16b22e919d37aaeda97dfa361cf8659d_3ea38e723c590aabf186367e1eb7e6a1fc0.jpg?1788793793,Crystal,533,0,UNK
Battoh Nuko,1022118,260,248,Durandal,Gaia,1724,0,bdbb91b8d6d4eaa2d99a4a18d13153cb_806ea5b45071d5cd6bf393e38462ee71fc0.jpg?1788794615,Crystal,62,2,DRG
Yagi San,39789403,261,249,Titan,Mana,1715,0,a9f69f22365543e496675c89e48486c0_e2bb3f9679fec6d4836fcf8abcc3eeacfc0.jpg?1788793483,Crystal,63,0,DNC
Yuuki Swallowtail,32886185,262,250,Kujata,Elemental,1714,0,712840b89db68c0862aff570eefb28c6_72c48f093f2278ac3243962d3eb6a8d7fc0.jpg?1788794377,Crystal,135,3,MCH
Cinzia Castagnone,42223337,263,251,Ultima,Gaia,1713,0,f04869081ccf9229ca06746e399b2740_9df1b3cb0da35db33c17ef11ddf12adafc0.jpg?1788794373,Crystal,116,0,AST
Tirumu Pirumu,31090405,264,0,Anima,Mana,1703,396,24135dbec64e2f95240873c43ad18659_2f698530a28d671d20278c8518c804c9fc0.jpg?1788794899,Crystal,26,7,DRG
Orpheus Jongleur,3414846,265,253,Bahamut,Gaia,1702,0,091f84408fe996c55b0d18af8fc1d9d6_86da943caa70c8694707ab2ff74e68c9fc0.jpg?1788796411,Crystal,107,0,WHM
Lenias Nia,30635992,266,285,Masamune,Mana,1700,100,72f0d71a08956e402910a0df36e536eb_134930215abb8a90ec37d6cc05b05e08fc0.jpg?1788794245,Crystal,82,1,NIN
Nov Noa,56271994,267,254,Tiamat,Gaia,1698,0,0711a53e252756264a473f2b53d53cad_9f10d335198e90990f3437c5733468e7fc0.jpg?1788795925,Crystal,268,31,AST
Jios Quartar,3179754,268,255,Tiamat,Gaia,1695,0,e4a3c15118c1258c3c33b152cbada545_9f10d335198e90990f3437c5733468e7fc0.jpg?1788795050,Crystal,271,3,BLM
Lufefe Lufe,8829146,269,257,Mandragora,Meteor,1691,0,91e252cc1edf40cc72e7912c50fbfde7_ee738654add55c3d07ea92d8e108074cfc0.jpg?1788794252,Crystal,120,5,DRK
Splitz Allure,11250991,270,258,Tonberry,Elemental,1690,0,5df739fcece56728f620a7cd5b05392e_7bb6b1e488f0e4f01c5314d010b60f31fc0.jpg?1788795071,Crystal,33,0,MCH
Kinq-of- Platinum,48727904,271,259,Gungnir,Elemental,1689,0,3c8d43a875a038c5fbf54250da8a5442_8f82f937943b6baf4c565020d5eba0ccfc0.jpg?1788794380,Crystal,203,0,DRG
Oracle Trezavejo,15712017,272,260,Bahamut,Gaia,1686,0,b4aa7ecb29192073338a2cc53603b062_86da943caa70c8694707ab2ff74e68c9fc0.jpg?1788796361,Crystal,141,5,MNK
Laru Gucchi,4772544,273,261,Durandal,Gaia,1686,0,766e8af080f3aa6e38ee510dee4807b8_806ea5b45071d5cd6bf393e38462ee71fc0.jpg?1788796391,Crystal,119,0,AST
Hal Moonvine,6544837,274,262,Yojimbo,Meteor,1685,0,0b051eda0b20b820aec68545891c2ce7_4a92c619bde4f34cfa77e05fef21ad85fc0.jpg?1788795676,Crystal,28,0,UNK
Luluna Coco,23829165,275,264,Garuda,Elemental,1681,0,3eb7f6d6469ce3529ed00171b8214030_fcb1f5b0249d1069e5bdc66d0796f26afc0.jpg?1788794809,Crystal,52,11,SMN
Maito Melek,26875635,276,265,Hades,Mana,1680,0,f46d534bca38450ba9b70bb608411c3e_a4730651230dd43cb129562a30d531aefc0.jpg?1788793608,Crystal,79,4,UNK
Haine Balantin,25261749,277,266,Ifrit,Gaia,1679,0,95d742d2775dc4ae64696462b68ee21f_f9f796348bc43067c7242ec4551cde69fc0.jpg?1788795349,Crystal,278,7,VPR
Iz Levmel,17594950,278,0,Garuda,Elemental,1677,234,9e457ec4068931e92288544db8499aae_fcb1f5b0249d1069e5bdc66d0796f26afc0.jpg?1788794589,Crystal,219,21,SAM
Mao Caprice,32793338,279,267,Titan,Mana,1676,0,101c8c73de660221dc8ad95fafa4ad3c_e2bb3f9679fec6d4836fcf8abcc3eeacfc0.jpg?1788794404,Crystal,80,0,PLD
Aurelia Stratosfera,26527089,280,268,Unicorn,Meteor,1675,0,0ed689683555a9555b96a5599288d4a1_393eb74047bb90c8d80dea54218430eefc0.jpg?1788796271,Crystal,64,0,SAM
Moi Pomme,56383677,281,269,Anima,Mana,1672,0,df195b6c463065fc5c6cf34724d6875c_2f698530a28d671d20278c8518c804c9fc0.jpg?1788794847,Crystal,76,0,SMN
Azusa A'z,9917991,282,270,Valefor,Meteor,1664,0,9a4b71f1ac5c0e02e818be31a1d439f2_485f4777c38002871591fb54f27edc65fc0.jpg?1788796038,Crystal,386,5,PCT
Hak Elak,35740519,283,271,Ramuh,Meteor,1662,0,b86c5618a66aa9349d3190d9ad84491f_410ddb5a66a2fcacf538bec5ea5d0291fc0.jpg?1788795423,Crystal,404,0,SGE
Katuo Bushi,48894263,284,291,Garuda,Elemental,1660,72,8b92a347d66765b2b2d24c1ad40d5afa_fcb1f5b0249d1069e5bdc66d0796f26afc0.jpg?1788794627,Crystal,241,10,SAM
Tori Momo,47876183,285,273,Unicorn,Meteor,1656,5,3672fa98c1d2b3d4855d7f0bdad1caf8_393eb74047bb90c8d80dea54218430eefc0.jpg?1788794110,Crystal,234,4,WHM
Lala Ruru,23370112,286,274,Hades,Mana,1633,0,52987a3ea9f860f9522e49f36a51fcdf_a4730651230dd43cb129562a30d531aefc0.jpg?1788795453,Crystal,283,5,WHM
Yu Haru,31526046,287,275,Hades,Mana,1626,0,d1d463d935a459f76da24079cf48b932_a4730651230dd43cb129562a30d531aefc0.jpg?1788794795,Crystal,49,0,UNK
Chrono Meter,4807361,288,276,Zeromus,Meteor,1622,0,b74f258cbaba5cb680ca0095a0758cbb_c76848359d0b4d2f37aefbb9903ed97bfc0.jpg?1788796502,Crystal,602,14,UNK
Shattered Onyx,61529398,289,277,Mandragora,Meteor,1621,0,4507237b3154f0500f368c8975cd596c_ee738654add55c3d07ea92d8e108074cfc0.jpg?1788796227,Crystal,135,0,UNK
Shi Syou,5023543,290,278,Atomos,Elemental,1619,0,d930c67636980aa5cc10bd814bdc2dbd_cf768a751b1f5e355c2fd39a9ed91f3ffc0.jpg?1788794093,Crystal,185,5,MCH
Adelbert Arde,2303486,291,279,Aegis,Elemental,1619,0,116777aa8f26a0d0d17dc0b82cca79e6_3ea38e723c590aabf186367e1eb7e6a1fc0.jpg?1788793973,Crystal,75,7,RPR
Moo Tarm,58329682,292,280,Mandragora,Meteor,1615,0,f24fe9c1ea6c09f2a9c7bd84788ffccc_ee738654add55c3d07ea92d8e108074cfc0.jpg?1788793799,Crystal,52,0,VPR
Kaheo Milde,30278970,293,281,Ultima,Gaia,1609,0,b92bf3d51d1bfabde325071eedf3d3e0_9df1b3cb0da35db33c17ef11ddf12adafc0.jpg?1788795341,Crystal,297,0,VPR
Chokobi Liagnar,21253698,294,0,Bahamut,Gaia,1606,104,5c76fed1bbd8e72090d538c4dfcaf96b_86da943caa70c8694707ab2ff74e68c9fc0.jpg?1788794319,Crystal,50,4,VPR
Notttz Imbrium,50270248,295,283,Titan,Mana,1603,0,58a87ecc9a18820b07646a481a8154a4_e2bb3f9679fec6d4836fcf8abcc3eeacfc0.jpg?1788795336,Crystal,69,0,PCT
Falaris Whitemoon,39272552,296,284,Carbuncle,Elemental,1602,0,ba7f541c520a57e21fce1321218d73b3_9eb3c19866f7ae0eeeffac7bf770aba5fc0.jpg?1788794936,Crystal,58,0,MNK
Aristel Brown,3214595,297,286,Typhon,Elemental,1599,0,edba68904ef1184c5563cdd263603a74_32d8c9c7cd5f62d62da2d31b6750a680fc0.jpg?1788794426,Crystal,490,0,PCT
Nana Degu,42551273,298,287,Asura,Mana,1599,0,f0ca36e4824faa31992738bb368e803c_53f1445a9f28799a32ea55f046319fc3fc0.jpg?1788794423,Crystal,50,0,DRG
Frey'a Anastarsha,60508318,299,0,Typhon,Elemental,1598,200,5b7cc6263f1925f3b01bf736603b78c6_32d8c9c7cd5f62d62da2d31b6750a680fc0.jpg?1788795224,Crystal,42,9,SAM
Cardinal Shiten,32020696,300,0,Asura,Mana,1593,96,22c6fdca1c107eb07233d098b04cf126_53f1445a9f28799a32ea55f046319fc3fc0.jpg?1788794461,Crystal,264,25,RDM
Miyu Moon,14522179,1,0,Mateus,Crystal,4462,98,3562f4cf44aad7d526acbf8fae3937b0_f0c52cc66e124fc2e641d7c21ab2ce79fc0.jpg?1788794733,Ultima,113,1,SAM
Pekora Meow,37421725,2,0,Leviathan,Primal,4230,0,dc85502f9baa330d5a15d3c0a6f002a0_a91aae52cff9ef65932db06b150ffd47fc0.jpg?1788796517,Ultima,262,0,SAM
Ahri Meow,42604315,3,0,Leviathan,Primal,3739,0,99498e3de5cc49aacddccc855d4ee19d_a91aae52cff9ef65932db06b150ffd47fc0.jpg?1788793099,Ultima,155,0,RDM
Emi Meow,44729199,4,0,Siren,Aether,3675,0,39fec9b8eaf71c699797cd15ef87009b_58a84e851e55175d22158ca97af58a1ffc0.jpg?1788794052,Ultima,95,0,BLM
Legendary Ash,10855248,5,0,Faerie,Aether,3472,0,6fd699132806b61c9dcb8613c3ae11a3_0e336ff6ad415f47233f0aaf127feac0fc0.jpg?1788795641,Ultima,128,0,PCT
Crow Meow,54328117,6,0,Jenova,Aether,3253,0,7eded062751a7f80f7f3d9fbe0ab8e34_ce736afe35e2ded4e46c4fd0659aef7efc0.jpg?1788795748,Ultima,99,0,NIN
Tomo Kote,38176817,7,0,Gilgamesh,Aether,3171,0,e5d7502ad7f21874552a4fc21553ee9e_b937560c841465f7c4bc8eb47ea7948afc0.jpg?1788794123,Ultima,266,1,PLD
Hollow Bastion,56455630,8,0,Rafflesia,Dynamis,3156,0,1f48f716d376c4c54dbbeedac9f01255_2783886613347a4db0bed7524de1298ffc0.jpg?1788795789,Ultima,86,0,UNK
Azar Kaveh,16748899,9,0,Mateus,Crystal,3139,0,1d25f3d1883510d8fd010504471516b8_f0c52cc66e124fc2e641d7c21ab2ce79fc0.jpg?1788796417,Ultima,606,1,SCH
Kuzo Makuzo,29453053,10,0,Exodus,Primal,3083,0,c143f86dcebb42612bbef964edfc96ab_0cdf051c93865faa15cbc5cd3d2b69fbfc0.jpg?1788794488,Ultima,105,0,UNK
Azure Balmung,17864089,11,0,Gilgamesh,Aether,3079,0,5456a33c0abb12eab1bf88281486246e_b937560c841465f7c4bc8eb47ea7948afc0.jpg?1788794493,Ultima,59,0,RPR
Meteor Moon,29693876,12,0,Rafflesia,Dynamis,3072,0,7f262df9422aa27c9dd850d004812561_2783886613347a4db0bed7524de1298ffc0.jpg?1788795842,Ultima,287,0,SGE
Terro Beoulve,45682109,13,0,Coeurl,Crystal,3070,0,5c8262e03844a30a89d0d2374247f03c_284358f8eb4efc9095914e46798c6ab3fc0.jpg?1788794777,Ultima,189,0,VPR
Artesia Saeyrs,2957946,14,0,Sargatanas,Aether,3061,0,e1a9c389a8110feceacc91a730bfc558_ba22853447012a24cee115315d6a5bebfc0.jpg?1788795650,Ultima,58,0,VPR
Cyphos Ultimus,2288366,15,0,Balmung,Crystal,3045,0,b980cc0ff24da63437a59ef78df763c0_7a573cbc0cda3a3dfc1795cb3d9f7b23fc0.jpg?1788795815,Ultima,195,0,DRG
Kairi Rune,28236760,16,0,Hyperion,Primal,3024,0,ce129fc5d83b1472a349e0e1053aee02_57ae9ee5592123dd79c8912bf768cf99fc0.jpg?1788793604,Ultima,305,0,DRG
Local-area Network,28168413,17,0,Cactuar,Aether,3012,0,5181fed39656c5cf1dc247fe1bf97832_96ab1df8877c1f8ba6a89a39cccfd437fc0.jpg?1788795204,Ultima,72,1,SAM
Mac Arena,21560395,18,0,Adamantoise,Aether,2968,0,30fa962580974874808d1a8b67407ebb_1f5fd239b885860b7c2bfc72ad1d97effc0.jpg?1788793818,Omega,127,14,NIN
Merlin Emryss,9605720,19,0,Faerie,Aether,2859,0,87179f28ae17956a4d43567dadf6ea60_0e336ff6ad415f47233f0aaf127feac0fc0.jpg?1788795087,Omega,222,0,DRK
Sanahi Keto,57330112,20,0,Hyperion,Primal,2819,0,6531a5f5216bf8e7efcdcf26e24615cb_57ae9ee5592123dd79c8912bf768cf99fc0.jpg?1788796357,Omega,324,1,RPR
Barock Obama,52411158,21,0,Siren,Aether,2787,0,05a5459925b46dd9d074e273b24d5d27_58a84e851e55175d22158ca97af58a1ffc0.jpg?1788793429,Omega,526,8,PLD
Lucio Harundo,4012099,22,0,Leviathan,Primal,2708,0,d042eff245eaa56c0b6989df68a99564_a91aae52cff9ef65932db06b150ffd47fc0.jpg?1788794601,Omega,534,8,WAR
Kasai Kage,21886030,23,39,Adamantoise,Aether,2586,490,6835735c490425c8a49d6889308a3484_1f5fd239b885860b7c2bfc72ad1d97effc0.jpg?1788793962,Omega,72,12,NIN
Sylvie Chan,48678953,24,23,Brynhildr,Crystal,2523,0,14580705b6124b25ef19217300b4891f_d0a0f515a62457570c9b44997063e3c1fc0.jpg?1788794264,Omega,279,9,GNB
Fye Alanyk,48751064,25,24,Diabolos,Crystal,2517,0,d605d68b88b347dfdb8a9b9e6c3539d6_7b33d33ae3ecb996f778a5f67a6a0af6fc0.jpg?1788794092,Omega,384,10,VPR
Hrothmar Blackburns,28757856,26,25,Adamantoise,Aether,2493,0,ba6405bac0d5b1fb489962984f0d9fb9_1f5fd239b885860b7c2bfc72ad1d97effc0.jpg?1788793990,Omega,446,7,BLM
Kris Lhea,39204335,27,26,Mateus,Crystal,2481,0,982639accd39a2021d8f112bb5e763df_f0c52cc66e124fc2e641d7c21ab2ce79fc0.jpg?1788795727,Omega,78,0,BRD
Suhr Zarek,8876676,28,27,Balmung,Crystal,2449,0,c09e4087ccb76545f31b81fa5ca01485_7a573cbc0cda3a3dfc1795cb3d9f7b23fc0.jpg?1788794523,Omega,541,31,DRG
Labrys Roux,31449732,29,28,Ultros,Primal,2444,0,b78d649d03beba97a36fa9eebc98afc4_c514cdcdb619439df97d906d4434ccc6fc0.jpg?1788796379,Omega,245,6,AST
Pvp Badboy,38919488,30,29,Sargatanas,Aether,2421,0,8833f678967938d2e79b8d993021ce3f_ba22853447012a24cee115315d6a5bebfc0.jpg?1788796158,Omega,208,0,NIN
Ham Baga,28276994,31,30,Balmung,Crystal,2389,0,80672270fca68b3d3fa2f4c0b220427a_7a573cbc0cda3a3dfc1795cb3d9f7b23fc0.jpg?1788792994,Omega,265,0,MCH
Deadrise Mutambo,49340180,32,54,Diabolos,Crystal,2368,500,05829ade005fe971a894d48d18963c4f_7b33d33ae3ecb996f778a5f67a6a0af6fc0.jpg?1788796185,Omega,102,5,NIN
Zypris Allsbane,13616095,33,31,Leviathan,Primal,2364,0,8194751bb802fcd9691a7ee558040836_a91aae52cff9ef65932db06b150ffd47fc0.jpg?1788793339,Omega,149,5,GNB
Olivia Lugria,15149290,34,32,Sargatanas,Aether,2361,0,c230658574a9dc12a4eb6fae2e16ceb4_ba22853447012a24cee115315d6a5bebfc0.jpg?1788795177,Omega,280,13,BLM
Fulheart Grit,38212551,35,33,Balmung,Crystal,2347,0,4a4d99f967c37bf42bd739857921e360_7a573cbc0cda3a3dfc1795cb3d9f7b23fc0.jpg?1788795434,Omega,160,0,PLD
Rin Ruki,59858100,36,34,Exodus,Primal,2297,0,7ec8676537a0b3fff644be3f10ee7741_0cdf051c93865faa15cbc5cd3d2b69fbfc0.jpg?1788796395,Omega,100,0,UNK
Size Difference,33536390,37,35,Sargatanas,Aether,2271,0,770b5bd32a40e292765490f8e46eaf60_ba22853447012a24cee115315d6a5bebfc0.jpg?1788795386,Omega,190,0,MNK
Vittorio Moretti,61421815,38,36,Diabolos,Crystal,2263,0,8c11f65c791a4f39ba7c716aeb6bc8d9_7b33d33ae3ecb996f778a5f67a6a0af6fc0.jpg?1788794123,Omega,153,0,SMN
Rae Rea,58956664,39,37,Adamantoise,Aether,2194,0,72766cccd8c79e6afd3055accfc559fa_1f5fd239b885860b7c2bfc72ad1d97effc0.jpg?1788793148,Omega,37,0,MNK
Sparrow Hawk,50867063,40,38,Seraph,Dynamis,2190,0,1253b18a592d2d3c5133e9b86ab20c5a_07fb0511053f398d1f2d6831e6a6b4c8fc0.jpg?1788793979,Omega,146,3,SCH
Sanguinius Smolblood,33489157,41,0,Kraken,Dynamis,2169,91,461663ac9dfac06c5d61bc05d26ae652_049a956dfeb0eb2e19c417a1dde4d680fc0.jpg?1788795175,Omega,277,15,SGE
Norma Jeannie,28105106,42,40,Jenova,Aether,2088,0,bff6f64f1e9dd700a962c74db4bf4812_ce736afe35e2ded4e46c4fd0659aef7efc0.jpg?1788794458,Omega,86,2,DRK
Gongsun Qerel,38059779,43,42,Mateus,Crystal,2063,0,015ef2d1ef8f18b0cf7fa0e646fa2d12_f0c52cc66e124fc2e641d7c21ab2ce79fc0.jpg?1788796053,Omega,243,6,VPR
Rubedo Ginshi,15639088,44,43,Lamia,Primal,2061,0,bbc5b3eb96e1a1691fb9abb344fc3217_4d9be17b5e1edc617052b4dbf4007875fc0.jpg?1788794701,Omega,160,5,RPR
Myu Meow,9691497,45,44,Leviathan,Primal,2015,0,d925a41776719d761c94e8e32e5e7a0f_a91aae52cff9ef65932db06b150ffd47fc0.jpg?1788793889,Omega,134,5,UNK
Yua Churu,57865436,46,45,Goblin,Crystal,2002,0,f101295546bd5a2b87478407b6d55ffd_8e81e2940511f7152ba4462fe53e35b8fc0.jpg?1788796429,Omega,176,0,AST
Fortune Days,44283538,47,46,Zalera,Crystal,1999,0,044cf6044387105edf58d48a910b1ae4_8106f857613f8fb994b0be37b26ff4bafc0.jpg?1788794246,Omega,95,0,SCH
Clara Green,44437004,48,47,Gilgamesh,Aether,1982,0,9fdf7ee98ab3c5eb9220a6d31f045135_b937560c841465f7c4bc8eb47ea7948afc0.jpg?1788793076,Omega,124,1,PCT
Air Azure,41482862,49,48,Rafflesia,Dynamis,1979,0,a32fc7c37974e2629ce594c455ff54a7_2783886613347a4db0bed7524de1298ffc0.jpg?1788793720,Omega,194,0,SCH
Im Dead,44727021,50,49,Balmung,Crystal,1972,0,382bb5e8fe23a4e04750cfd29fa9f46c_7a573cbc0cda3a3dfc1795cb3d9f7b23fc0.jpg?1788793684,Omega,53,0,AST
Death Reaps,8773483,51,50,Balmung,Crystal,1958,0,265183f487ab7e0a5a5b3128ec29a82a_7a573cbc0cda3a3dfc1795cb3d9f7b23fc0.jpg?1788794697,Omega,212,0,MCH
Xiao Longbao,31670807,52,58,Excalibur,Primal,1909,122,b9d8562547d5b9d8e86054d9061c6a23_745baffc465480ed372e274d50318290fc0.jpg?1788793181,Omega,510,9,MIN
Momo Meow,50898775,53,51,Siren,Aether,1909,0,6abf63b1f0755aa211bfd1dadc66e3b9_58a84e851e55175d22158ca97af58a1ffc0.jpg?1788793566,Omega,48,4,MNK
Kahlil Immortalis,22812670,54,52,Diabolos,Crystal,1890,0,0451aa29bd529c5d15b718b74c287dd2_7b33d33ae3ecb996f778a5f67a6a0af6fc0.jpg?1788796158,Omega,208,10,UNK
Bepsi Kola,41348459,55,53,Adamantoise,Aether,1879,0,cc3717bc9d9d5c90534918043bb3ba56_1f5fd239b885860b7c2bfc72ad1d97effc0.jpg?1788794565,Omega,218,0,DNC
Yuseong Regilis,60222350,56,55,Exodus,Primal,1827,0,1c96ea3b1132f01c102abfff5ab289ec_0cdf051c93865faa15cbc5cd3d2b69fbfc0.jpg?1788794295,Omega,111,0,UNK
Micro Uryade,37487800,57,56,Sargatanas,Aether,1819,0,d9df4db31e4d391c99006db3caa4b5f9_ba22853447012a24cee115315d6a5bebfc0.jpg?1788793903,Omega,293,21,RDM
P'roto Idola,35374628,58,57,Brynhildr,Crystal,1796,7,a91ad9e8c6c6ddb0905cd9aa6cede8e3_d0a0f515a62457570c9b44997063e3c1fc0.jpg?1788794257,Omega,124,1,BLM
Suhr Zarek,41651606,59,0,Goblin,Crystal,1781,0,9a55a7c2b29a7a0b7de33b2fcc5a0411_8e81e2940511f7152ba4462fe53e35b8fc0.jpg?1788794279,Omega,105,0,MNK
Orpheus Laine,29851207,60,0,Gilgamesh,Aether,1780,0,5939235fbb052c79392d334cce14ca00_b937560c841465f7c4bc8eb47ea7948afc0.jpg?1788793245,Omega,87,4,BLM
Haha Unless,35825889,61,0,Faerie,Aether,1750,0,3c249691791cbe0f2fb3ccc230c9a4e4_0e336ff6ad415f47233f0aaf127feac0fc0.jpg?1788796560,Omega,134,0,DNC
Medori Tenosu,31992476,62,81,Jenova,Aether,1748,181,2d7230bf79f29d3570cfdc7390506985_ce736afe35e2ded4e46c4fd0659aef7efc0.jpg?1788792974,Omega,301,25,MNK
Naomi Hakoma,13697124,63,62,Halicarnassus,Dynamis,1710,0,a6732f9cc34509a6761d618186e745fd_f2d324d722b28bbe681b2898bcdca8bffc0.jpg?1788794651,Omega,85,0,MIN
Show Maker,61843104,64,63,Kraken,Dynamis,1699,0,a2da8d9d3d95080eac0c8ad1975a70ac_049a956dfeb0eb2e19c417a1dde4d680fc0.jpg?1788793489,Omega,121,0,UNK
Kylis Pendragon,36050245,65,64,Balmung,Crystal,1685,0,6d0f4e4d3e36c9a4dd7fccd76f9effc3_7a573cbc0cda3a3dfc1795cb3d9f7b23fc0.jpg?1788793879,Omega,278,5,BRD
Marci Meow,54739620,66,65,Balmung,Crystal,1683,0,4ebc98a9ae6cf756ec75bc3db97f87f6_7a573cbc0cda3a3dfc1795cb3d9f7b23fc0.jpg?1788796060,Omega,78,0,DRG
Azura Skye,61832185,67,66,Goblin,Crystal,1678,0,06833163f0059227fbc31ba3c8c36610_8e81e2940511f7152ba4462fe53e35b8fc0.jpg?1788795041,Omega,99,0,MCH
La Bubu,26625120,68,74,Diabolos,Crystal,1675,85,733d34df72366760c6f44581681c9088_7b33d33ae3ecb996f778a5f67a6a0af6fc0.jpg?1788794503,Omega,175,11,BRD
Akari Tsuki,46655701,69,67,Adamantoise,Aether,1633,0,08f7ffe45c1b134f99ea040b39ee2bdd_1f5fd239b885860b7c2bfc72ad1d97effc0.jpg?1788794635,Omega,60,0,SMN
Gidding Mimid,9835761,70,86,Exodus,Primal,1624,100,97296d489ec3afb5d7c65e3c6fa7fc05_0cdf051c93865faa15cbc5cd3d2b69fbfc0.jpg?1788795893,Omega,333,1,NIN
Ryan Hoshiko,10323495,71,70,Lamia,Primal,1616,5,b8f720f05e5314618bc7341f856d075d_4d9be17b5e1edc617052b4dbf4007875fc0.jpg?1788794513,Omega,68,4,RDM
Mtn Boop,36509633,72,68,Brynhildr,Crystal,1616,0,175f521a1de707cbfb345e95df5e588c_d0a0f515a62457570c9b44997063e3c1fc0.jpg?1788795737,Omega,37,0,VPR
Azureal Grandeur,20448737,73,69,Marilith,Dynamis,1615,0,fa989d1d00d58fc1b4171abefb5e22b7_bbfb28d5a9059cd0c768daf77ab29982fc0.jpg?1788796332,Omega,191,0,BRD
Raphtalia Solari,8126326,74,71,Adamantoise,Aether,1602,0,baeca36f0f50dbb796496ea18e58ee30_1f5fd239b885860b7c2bfc72ad1d97effc0.jpg?1788795284,Omega,105,0,SGE
Josh Trigiani,6965228,75,72,Lamia,Primal,1595,0,22f547722b0454bc3b30d7f6a8ac5b0a_4d9be17b5e1edc617052b4dbf4007875fc0.jpg?1788793294,Omega,42,0,SGE
The Feast,46586541,76,73,Behemoth,Primal,1592,0,db9e7409cc816f51307405b49c8b5713_be20385e18333edb329d4574f364a1f0fc0.jpg?1788793865,Omega,102,9,UNK
Saraliah Dawnbringer,21371539,77,75,Coeurl,Crystal,1588,0,6cef2d612818607782b7fbc356526664_284358f8eb4efc9095914e46798c6ab3fc0.jpg?1788795023,Omega,39,0,SAM
Sovereign Phil,14314725,78,76,Goblin,Crystal,1586,0,acf642268567c66b82aaf11114198670_8e81e2940511f7152ba4462fe53e35b8fc0.jpg?1788794272,Omega,31,0,PLD
Nemx Takeuchi,43679010,79,77,Excalibur,Primal,1586,0,14abc372f60fdda90f30d64457c232b3_745baffc465480ed372e274d50318290fc0.jpg?1788793667,Omega,30,0,MCH
Sovereign Philia,15078273,80,78,Goblin,Crystal,1579,0,9d8a559fe71ba693a4346902b608d5ec_8e81e2940511f7152ba4462fe53e35b8fc0.jpg?1788794365,Omega,31,0,BLM
Mavis Enyo,14769968,81,79,Excalibur,Primal,1578,0,00bced457c7cea8ae968197c61367bed_745baffc465480ed372e274d50318290fc0.jpg?1788796069,Omega,37,0,CRP
Sitri Belladonna,44271644,82,173,Maduin,Dynamis,1577,779,d5fba1e5169b57a308fb1ea60e3553cf_7ff236346f6151d8a2c08fd0b4a0b806fc0.jpg?1788794958,Omega,166,21,RDM
Lia Kiri,52292388,83,80,Lamia,Primal,1577,0,297469abea049ff5cfb98af6fe45176f_4d9be17b5e1edc617052b4dbf4007875fc0.jpg?1788795052,Omega,77,0,DRG
Big Three,47754584,84,82,Zalera,Crystal,1564,0,ef1725c11b5e975338a0b9d2fccdabfe_8106f857613f8fb994b0be37b26ff4bafc0.jpg?1788794131,Omega,122,0,WAR
Air Weaver,12424525,85,83,Coeurl,Crystal,1564,0,06474f472310d759766363e8e8f53b3f_284358f8eb4efc9095914e46798c6ab3fc0.jpg?1788795106,Omega,62,0,MCH
Gio Vanna,33440191,86,84,Adamantoise,Aether,1546,0,7d1d14338474ce900c0581dbd778d321_1f5fd239b885860b7c2bfc72ad1d97effc0.jpg?1788794758,Omega,77,0,SGE
Chocolate Mint,12837521,87,85,Mateus,Crystal,1534,0,96f57e6a545b8f0a814d211bd90bda0a_f0c52cc66e124fc2e641d7c21ab2ce79fc0.jpg?1788795486,Omega,35,0,FSH
Vaal Hazak,26534863,88,108,Zalera,Crystal,1532,312,7c44a75a2f3d57a9cd3b86235340939b_8106f857613f8fb994b0be37b26ff4bafc0.jpg?1788794716,Omega,229,14,GNB
Peregrine Lofte,21726171,89,87,Leviathan,Primal,1523,0,351c30387c9048190075024c6b344ead_a91aae52cff9ef65932db06b150ffd47fc0.jpg?1788794284,Omega,62,0,MCH
Bisukito Neko,32261082,90,88,Zalera,Crystal,1522,0,3462c7ee2de7556ca86498dc5214a7fb_8106f857613f8fb994b0be37b26ff4bafc0.jpg?1788795530,Omega,56,0,UNK
Zeta Salazar,44375733,91,89,Midgardsormr,Aether,1520,0,4be3c205f3892cdbc09e8417ad6dbb68_5c8ecfbc673e1287a9b5e85423fe1657fc0.jpg?1788796278,Omega,217,12,WAR
Milla Wilder,10826315,92,90,Exodus,Primal,1507,0,c9949330d11abf504236795bf6bd61f9_0cdf051c93865faa15cbc5cd3d2b69fbfc0.jpg?1788795663,Omega,130,0,NIN
Navori Valois,48622291,93,91,Adamantoise,Aether,1504,0,4facdc408c9ad771bc52001d3c82fa9f_1f5fd239b885860b7c2bfc72ad1d97effc0.jpg?1788793493,Omega,95,0,UNK
Eloza Ketsch,8667845,94,92,Malboro,Crystal,1503,0,4414bb689fd8033d67e6821653f9a232_2e97c13fdd593d15d543093f8a37b6f0fc0.jpg?1788795146,Omega,272,6,DRG
Uki Yo,50106047,95,107,Adamantoise,Aether,1488,205,75e9983a4dd07e7e5de0ed1ac11a23fb_1f5fd239b885860b7c2bfc72ad1d97effc0.jpg?1788794370,Crystal,41,4,RPR
Fire Strike,52397705,96,93,Kraken,Dynamis,1480,0,b9c1021d4aa2ae66682e7904857161ed_049a956dfeb0eb2e19c417a1dde4d680fc0.jpg?1788793884,Crystal,68,0,BLM
Sponge Cake,15121944,97,131,Faerie,Aether,1424,394,3428a89877f1f714b6306dba262cd7ea_0e336ff6ad415f47233f0aaf127feac0fc0.jpg?1788795504,Crystal,54,13,AST
Silanah Sylphrena,45709349,98,94,Faerie,Aether,1406,0,353d000e66ebf6b7715ff5998504f784_0e336ff6ad415f47233f0aaf127feac0fc0.jpg?1788795810,Crystal,44,0,WHM
Seto Mimyho,20943977,99,95,Behemoth,Primal,1394,0,e0110a23ddcddf11cb8bf1e895c56d75_be20385e18333edb329d4574f364a1f0fc0.jpg?1788796450,Crystal,55,0,SGE
Mash Buttons,12470854,100,96,Ultros,Primal,1388,0,eec5508ec2ce3844fd62caa5b87a24d8_c514cdcdb619439df97d906d4434ccc6fc0.jpg?1788795706,Crystal,89,9,BRD
Dandy Lyon,9088850,101,97,Leviathan,Primal,1379,0,5e652518b4930ff5cb411a5818760318_a91aae52cff9ef65932db06b150ffd47fc0.jpg?1788793159,Crystal,91,7,SCH
Finch Curador,30712387,102,98,Leviathan,Primal,1378,0,a7767d35320b852f509e7dd68b0151d4_a91aae52cff9ef65932db06b150ffd47fc0.jpg?1788795521,Crystal,55,0,DRK
Skyanar Tyrunas,42486942,103,99,Siren,Aether,1376,0,ba17697df023a58dbdba8be74f3894f2_58a84e851e55175d22158ca97af58a1ffc0.jpg?1788794913,Crystal,209,0,GNB
Ninety-nine Agility,43878532,104,100,Famfrit,Primal,1367,0,07309ebd18b321f5df47f9ab79049d40_fce4949e615393e574f2d57134b31fc1fc0.jpg?1788793290,Crystal,46,0,PCT
Rhiki Nelhah,29582811,105,101,Balmung,Crystal,1309,0,0ad8b0bcd2e47e8bf6c0716959820415_7a573cbc0cda3a3dfc1795cb3d9f7b23fc0.jpg?1788794441,Crystal,166,14,UNK
Lazy Bear,39566180,106,102,Faerie,Aether,1298,0,a07cf0c35d5a78a5a1b9ca16d6f41803_0e336ff6ad415f47233f0aaf127feac0fc0.jpg?1788793598,Crystal,172,0,MNK
Shimori Bunihara,50186185,107,103,Kraken,Dynamis,1298,0,c7cd2842a29701e0963bf6d156392014_049a956dfeb0eb2e19c417a1dde4d680fc0.jpg?1788796150,Crystal,58,0,RPR
Wmmmmmmmmm Wmmmmmmmmm,56778920,108,104,Halicarnassus,Dynamis,1296,0,9e294822ea14ed4084dfe667478bc6e5_f2d324d722b28bbe681b2898bcdca8bffc0.jpg?1788795872,Crystal,46,0,ROG
Kuina Kagetsu,36802695,109,105,Ultros,Primal,1286,0,dd8ffbe11c53ea988c605c9c24157c59_c514cdcdb619439df97d906d4434ccc6fc0.jpg?1788793841,Crystal,99,0,DNC
Aerika Meow,27836279,110,106,Faerie,Aether,1285,0,cefa16e18644e0b625a0d52d2df514b9_0e336ff6ad415f47233f0aaf127feac0fc0.jpg?1788795877,Crystal,38,6,DNC
Baka Bao,48974722,111,109,Gilgamesh,Aether,1217,0,ef2247fb5724315ecd96d1ac9c5804b1_b937560c841465f7c4bc8eb47ea7948afc0.jpg?1788794426,Crystal,311,5,MNK
Celeste Aeternum,38129090,112,110,Adamantoise,Aether,1210,0,76510814c4215ff9bd016e9313ee6e2c_1f5fd239b885860b7c2bfc72ad1d97effc0.jpg?1788795633,Crystal,251,25,AST
Fyoriah Aliapoh,44734635,113,111,Faerie,Aether,1204,0,298901c71b421faa4612e0bbd9420820_0e336ff6ad415f47233f0aaf127feac0fc0.jpg?1788793175,Crystal,162,8,WHM
No Buts,2234245,114,112,Zalera,Crystal,1203,0,0d8b9ae74f55ea0ba374fa7b38b48862_8106f857613f8fb994b0be37b26ff4bafc0.jpg?1788796526,Crystal,166,6,BRD
Neo Dymium,33030676,115,113,Seraph,Dynamis,1201,0,24be6098cf7acc2de169d92917d3299f_07fb0511053f398d1f2d6831e6a6b4c8fc0.jpg?1788794734,Crystal,73,0,VPR
Ellie Titis,36865882,116,183,Midgardsormr,Aether,1198,491,71601f63eddfe2db7e4ec2213790102c_5c8ecfbc673e1287a9b5e85423fe1657fc0.jpg?1788793602,Crystal,45,13,MNK
Cain Molkoh,57323197,117,114,Goblin,Crystal,1189,0,889deea7b0b76edd744a2b6fb24a09a1_8e81e2940511f7152ba4462fe53e35b8fc0.jpg?1788794432,Crystal,180,0,MCH
Zaneko Yuneko,61640151,118,115,Goblin,Crystal,1182,0,e90101e9d13d827fb83b96932b2de05b_8e81e2940511f7152ba4462fe53e35b8fc0.jpg?1788796357,Crystal,78,0,SMN
Karl Rex,48615049,119,116,Siren,Aether,1179,0,a7f2129699ecb71e801871425b8cbc52_58a84e851e55175d22158ca97af58a1ffc0.jpg?1788796150,Crystal,259,0,SMN
Aesa Iys,59631795,120,117,Kraken,Dynamis,1168,0,60f73c621a5b6dec56728cc5466268c2_049a956dfeb0eb2e19c417a1dde4d680fc0.jpg?1788793657,Crystal,270,0,UNK
Cayen Cen,13893282,121,118,Cactuar,Aether,1124,0,736a684af24050d9faf2a50c1a5ea0b6_96ab1df8877c1f8ba6a89a39cccfd437fc0.jpg?1788794872,Crystal,74,0,UNK
Yui Fins,46861659,122,119,Adamantoise,Aether,1122,0,477904411f28cfd029518422146e02f0_1f5fd239b885860b7c2bfc72ad1d97effc0.jpg?1788794253,Crystal,696,20,PLD
Yneca Matan,52351159,123,120,Rafflesia,Dynamis,1113,0,aa6e6c057603c70f4559f29fce683a54_2783886613347a4db0bed7524de1298ffc0.jpg?1788793250,Crystal,63,0,GNB
No Bee,37102144,124,121,Lamia,Primal,1110,0,5c741048df2befeb7f80a2b03bb02aee_4d9be17b5e1edc617052b4dbf4007875fc0.jpg?1788794557,Crystal,139,0,BLM
Anti Luminosity,53824427,125,122,Marilith,Dynamis,1107,0,345441c3ea324bf07484e7e6f1031ccc_bbfb28d5a9059cd0c768daf77ab29982fc0.jpg?1788796065,Crystal,217,0,RPR
Ailbhe Costa,24483224,126,123,Golem,Dynamis,1100,0,d2a07a324d29f192eabbae6adeb2462b_dd61c3dc259e5c43722e89409499b669fc0.jpg?1788796394,Crystal,18,0,UNK
Bibi Zuzu,57423691,127,124,Rafflesia,Dynamis,1097,0,8b943a88460eb71bae75bfbd8b2408e8_2783886613347a4db0bed7524de1298ffc0.jpg?1788795733,Crystal,115,0,DNC
Adrianne Lehman,335503,128,125,Jenova,Aether,1096,0,9487d4bc6332e7a22c323a4ee321ffa1_ce736afe35e2ded4e46c4fd0659aef7efc0.jpg?1788795725,Crystal,353,3,RDM
Limit Less,48764071,129,126,Jenova,Aether,1094,0,cfaa3805c7a62fc99a75b9c68da57b17_ce736afe35e2ded4e46c4fd0659aef7efc0.jpg?1788793313,Crystal,22,0,VPR
Unit Chan,37998953,130,127,Jenova,Aether,1089,0,edbb6ab0cdf4eefcc524df286e3ff034_ce736afe35e2ded4e46c4fd0659aef7efc0.jpg?1788794644,Crystal,132,0,SCH
Vann Healsing,6572,131,128,Coeurl,Crystal,1086,0,e19ce452168669ef7abba0e26cc8ee4c_284358f8eb4efc9095914e46798c6ab3fc0.jpg?1788794111,Crystal,26,1,PLD
Null Scapes,59976938,132,129,Midgardsormr,Aether,1080,2,15e6a7125c017437361f0bcc34cb84af_5c8ecfbc673e1287a9b5e85423fe1657fc0.jpg?1788794112,Crystal,82,3,DRG
Noel Bunny,5201676,133,142,Behemoth,Primal,1079,90,c7f99603b6e09c43470bbabaed203add_be20385e18333edb329d4574f364a1f0fc0.jpg?1788794774,Crystal,196,4,UNK
Aibertain Mando,32541700,134,130,Jenova,Aether,1076,0,8dec967ad48c9a703018a7445740a7f3_ce736afe35e2ded4e46c4fd0659aef7efc0.jpg?1788794196,Crystal,340,6,MCH
Zolzayaa Noykin,34804380,135,164,Balmung,Crystal,1025,201,ff773bbf0388cc8a61ac7c87e78f978f_7a573cbc0cda3a3dfc1795cb3d9f7b23fc0.jpg?1788794471,Crystal,100,5,BLM
Doomballoon Dapingus,19169037,136,132,Diabolos,Crystal,1017,0,e43cef91ca38a14de0e5bea2295ba9c0_7b33d33ae3ecb996f778a5f67a6a0af6fc0.jpg?1788796369,Crystal,64,7,DRK
Silah Zetsku,53965328,137,133,Marilith,Dynamis,1012,0,d2b4042f092dccb0d381fdc61afe74c3_bbfb28d5a9059cd0c768daf77ab29982fc0.jpg?1788793339,Crystal,77,5,WHM
Zithiel Bihrul,44613484,138,134,Faerie,Aether,1003,0,4abc29f0f384c794c1f6c7e7e60b8ed8_0e336ff6ad415f47233f0aaf127feac0fc0.jpg?1788794774,Crystal,211,0,BRD
Fain Doncel'aram,18921518,139,135,Jenova,Aether,1002,0,99d5d58c7b97e260ff83d3d4b87a7103_ce736afe35e2ded4e46c4fd0659aef7efc0.jpg?1788794684,Crystal,23,0,MNK
Nero Cor,51685882,140,136,Cactuar,Aether,1001,0,a53a1a6499997a089c36337bcc3ae46d_96ab1df8877c1f8ba6a89a39cccfd437fc0.jpg?1788796217,Crystal,96,0,SAM
F'ool Pr'oof,27802292,141,137,Behemoth,Primal,1001,0,07756f3cccf4cada3f3d40b5d44ef841_be20385e18333edb329d4574f364a1f0fc0.jpg?1788793601,Crystal,83,0,SMN
Kirishoto Azphina,7859003,142,138,Excalibur,Primal,999,0,c9689b4fc4af55f8366432b02c0ce55f_745baffc465480ed372e274d50318290fc0.jpg?1788794613,Crystal,62,0,WAR
Mo Azure,47140618,143,139,Lamia,Primal,995,0,8e6a4b8b298b5523d1f99888dd9f36cf_4d9be17b5e1edc617052b4dbf4007875fc0.jpg?1788796411,Crystal,24,0,WHM
Kuhl World,37758198,144,140,Siren,Aether,990,0,f50e6e509584057795c9e4befd5e5d69_58a84e851e55175d22158ca97af58a1ffc0.jpg?1788794666,Crystal,73,0,RPR
Raiden Meow,60049984,145,141,Halicarnassus,Dynamis,990,0,82a7874a19aee552f4a0f8ff2b663dff_f2d324d722b28bbe681b2898bcdca8bffc0.jpg?1788793404,Crystal,31,0,SCH
Yulia Lunaria,82714,146,143,Coeurl,Crystal,988,0,30d19e29baad4dfe064001a80a4466e1_284358f8eb4efc9095914e46798c6ab3fc0.jpg?1788794111,Crystal,40,5,DRG
Keyleth Creed,45772844,147,144,Ultros,Primal,987,0,fafdc7854669343158328c3adeb0a3ae_c514cdcdb619439df97d906d4434ccc6fc0.jpg?1788793362,Crystal,29,0,UNK
Erik Jormungandr,21053207,148,145,Balmung,Crystal,985,0,d279bad4f9c048ee2cb4310b2dabb453_7a573cbc0cda3a3dfc1795cb3d9f7b23fc0.jpg?1788793498,Crystal,37,0,DRK
Xale Solace,52728205,149,146,Adamantoise,Aether,936,0,5272a5d5dea9738bb4a6638ac3f083d2_1f5fd239b885860b7c2bfc72ad1d97effc0.jpg?1788793165,Crystal,159,0,DRG
Tiny Sosig,16648383,150,147,Balmung,Crystal,911,0,47661dc0b135d6c15fadc46a3fa85816_7a573cbc0cda3a3dfc1795cb3d9f7b23fc0.jpg?1788793798,Crystal,208,0,NIN
Celesse Archon,5403993,151,148,Midgardsormr,Aether,911,0,46c05696a375eb66cab3503bea79e4e4_5c8ecfbc673e1287a9b5e85423fe1657fc0.jpg?1788794235,Crystal,45,0,WHM
Rathais Gunnach,32955444,152,149,Brynhildr,Crystal,910,0,2a434eda7d82f52a4a70d056b83f2c27_d0a0f515a62457570c9b44997063e3c1fc0.jpg?1788794829,Crystal,62,0,SAM
Ash Ymir,50182260,153,150,Gilgamesh,Aether,906,0,571648c27d0568207bb3ebea02244e4e_b937560c841465f7c4bc8eb47ea7948afc0.jpg?1788794904,Crystal,73,1,UNK
Boulder Beholder,10981587,154,151,Faerie,Aether,905,0,9de7d0362a3a832a7171bfe262bb5d94_0e336ff6ad415f47233f0aaf127feac0fc0.jpg?1788793197,Crystal,18,0,RDM
Xianra Bryne,4015592,155,152,Excalibur,Primal,905,0,770b7228e5d013ae3146fc6330b9b756_745baffc465480ed372e274d50318290fc0.jpg?1788794419,Crystal,17,0,SGE
Minato Maki,53819658,156,153,Excalibur,Primal,904,0,03c1d1dc5b9a30317518ec9a30c301ab_745baffc465480ed372e274d50318290fc0.jpg?1788793913,Crystal,38,0,VPR
Silvy Kaenbyou,45504540,157,154,Goblin,Crystal,901,0,3a856bd5c7e35d95f6afcc57be4321a1_8e81e2940511f7152ba4462fe53e35b8fc0.jpg?1788794404,Crystal,262,0,SAM
Somnidemn Serdorm,37031558,158,155,Goblin,Crystal,901,0,6147ca113912ee7b9ac321313bbf5863_8e81e2940511f7152ba4462fe53e35b8fc0.jpg?1788794427,Crystal,72,0,MNK
Theory Ai,55206021,159,156,Leviathan,Primal,897,0,018be547248466158b1d0f9de4315340_a91aae52cff9ef65932db06b150ffd47fc0.jpg?1788795902,Crystal,232,4,SCH
June Buggy,39873640,160,157,Brynhildr,Crystal,896,0,929fb7f3958e6f1fbc9e559d731c0108_d0a0f515a62457570c9b44997063e3c1fc0.jpg?1788793773,Crystal,51,0,MNK
Sera Yatsuzuka,55095335,161,162,Balmung,Crystal,895,97,3531afbf77c8233b92b28b214039f903_7a573cbc0cda3a3dfc1795cb3d9f7b23fc0.jpg?1788793817,Crystal,61,1,NIN
Nia Yukumo,22530343,162,158,Lamia,Primal,893,0,41fe576462de4cc12ab76d6d29ef58e4_4d9be17b5e1edc617052b4dbf4007875fc0.jpg?1788794666,Crystal,109,0,FSH
Ice Mage,56719413,163,159,Golem,Dynamis,893,0,20eb207dbce003e2fb1842e0c47aacc7_dd61c3dc259e5c43722e89409499b669fc0.jpg?1788796055,Crystal,65,1,BLM
Garu Kettle,7054871,164,160,Behemoth,Primal,887,0,e03f1b46663ddb8c150315a88c79c9f1_be20385e18333edb329d4574f364a1f0fc0.jpg?1788794199,Crystal,188,5,UNK
Aahaha Hahahahaha,31743716,165,161,Exodus,Primal,887,0,77935bdcfdbdbcd8404ce28584023170_0cdf051c93865faa15cbc5cd3d2b69fbfc0.jpg?1788795988,Crystal,83,0,BLM
Phrosticus Maximus,51732834,166,163,Kraken,Dynamis,831,0,36921233b0c05085a501c86bb51f5633_049a956dfeb0eb2e19c417a1dde4d680fc0.jpg?1788795314,Crystal,355,19,NIN
Kiitla Hundar,21600585,167,165,Brynhildr,Crystal,821,0,acff83df95bca2189584bd6af72e84ce_d0a0f515a62457570c9b44997063e3c1fc0.jpg?1788795947,Crystal,143,1,UNK
Horan Lou,38248988,168,166,Brynhildr,Crystal,817,0,3c88d2c3502bacefa5eb1e223a75217b_d0a0f515a62457570c9b44997063e3c1fc0.jpg?1788794174,Crystal,110,0,SCH
Apple Thief,43679241,169,167,Balmung,Crystal,808,0,746256d82b3652ef93bbd475defb85ac_7a573cbc0cda3a3dfc1795cb3d9f7b23fc0.jpg?1788794957,Crystal,611,31,SAM
Mirae Malaguld,50148809,170,168,Famfrit,Primal,803,0,6eb6ea3365a1160e9537ec75ff91463a_fce4949e615393e574f2d57134b31fc1fc0.jpg?1788794311,Crystal,16,0,NIN
Haley Autouria,105933,171,169,Coeurl,Crystal,802,0,8e6b9b10fc2e31af21e24fdaae151c61_284358f8eb4efc9095914e46798c6ab3fc0.jpg?1788794110,Crystal,33,4,UNK
Judas Demaio,7957583,172,170,Balmung,Crystal,800,0,802e8b947615ba3fa10ac8d8e4fb1ebf_7a573cbc0cda3a3dfc1795cb3d9f7b23fc0.jpg?1788794526,Crystal,55,0,UNK
Ren Meow,50978506,173,171,Midgardsormr,Aether,800,0,7b0d37527fbf80936d64911e4e02726d_5c8ecfbc673e1287a9b5e85423fe1657fc0.jpg?1788796249,Crystal,23,0,DRK
Shadow Reve,6323548,174,172,Gilgamesh,Aether,799,0,cbca7664e2c3d133469b2f7134ae8c01_b937560c841465f7c4bc8eb47ea7948afc0.jpg?1788793976,Crystal,42,0,UNK
Satoshi Itaori,52546108,175,174,Golem,Dynamis,798,0,1ecf4d8479fa0e8c3c4b6fe005108b6d_dd61c3dc259e5c43722e89409499b669fc0.jpg?1788793993,Crystal,46,0,AST
Io Isana,33563057,176,175,Coeurl,Crystal,796,0,bb1bccc46bef2876072e2e7fa326fa12_284358f8eb4efc9095914e46798c6ab3fc0.jpg?1788793857,Crystal,26,0,DRG
Alex Rider,61850079,177,188,Hyperion,Primal,794,100,d221a7b6c00ffa393c988249ed242d9a_57ae9ee5592123dd79c8912bf768cf99fc0.jpg?1788794060,Crystal,108,2,DRG
Gracidea Blossom,4573171,178,176,Lamia,Primal,792,0,12afdfb12aebd14365b3149875fee65f_4d9be17b5e1edc617052b4dbf4007875fc0.jpg?1788795502,Crystal,91,1,WHM
Alana Mystranquil,38447772,179,177,Coeurl,Crystal,787,0,a3b4e0628a97b6c3941d78fd1af36b81_284358f8eb4efc9095914e46798c6ab3fc0.jpg?1788796079,Crystal,43,0,SCH
Kanae Meow,36806118,180,178,Ultros,Primal,782,0,8969e8a0b518902a3996525f822b4701_c514cdcdb619439df97d906d4434ccc6fc0.jpg?1788794937,Crystal,254,0,WHM
Onigiri Bunny,7352884,181,179,Behemoth,Primal,780,0,382f2b7a0b15514c38a6e2d5af3d8014_be20385e18333edb329d4574f364a1f0fc0.jpg?1788794796,Crystal,15,0,UNK
Rasan Sena,13544028,182,180,Kraken,Dynamis,710,0,70d1ba94bcbeff8a384f1e364b2ee863_049a956dfeb0eb2e19c417a1dde4d680fc0.jpg?1788793470,Crystal,114,0,UNK
Radanis Luminacht,16920977,183,181,Sargatanas,Aether,710,0,b371d311f8b15d14c5d5b08dda36ab7f_ba22853447012a24cee115315d6a5bebfc0.jpg?1788795415,Crystal,21,0,SCH
S'tille Fhey,8693680,184,182,Midgardsormr,Aether,709,0,d02ff61e52c6b3e4eadaf1f6172fe557_5c8ecfbc673e1287a9b5e85423fe1657fc0.jpg?1788796498,Crystal,79,0,SMN
Jin Mercer,31096690,185,184,Marilith,Dynamis,704,0,708b770d30658bbff6a84015d913b518_bbfb28d5a9059cd0c768daf77ab29982fc0.jpg?1788795024,Crystal,198,14,MNK
Scythe Horrorblade,32713598,186,185,Mateus,Crystal,702,0,43c41a5aa8d981f109e6d76f3347bd93_f0c52cc66e124fc2e641d7c21ab2ce79fc0.jpg?1788793218,Crystal,319,0,DRG
Rusheel Vasscus,2314921,187,186,Adamantoise,Aether,702,0,a4248cc27f1d518fee3b2b12da021669_1f5fd239b885860b7c2bfc72ad1d97effc0.jpg?1788794083,Crystal,15,0,MNK
Rin Denma,33178809,188,187,Gilgamesh,Aether,700,0,6c5bab6678d3c44b6e646bc8726eb9f9_b937560c841465f7c4bc8eb47ea7948afc0.jpg?1788794289,Crystal,18,0,UNK
Twist Slaps,45827554,189,0,Balmung,Crystal,698,698,15159b4ecdb811d022905e8cd9bc4839_7a573cbc0cda3a3dfc1795cb3d9f7b23fc0.jpg?1788793575,Crystal,56,14,RDM
Eyre Stahl,32745572,190,213,Maduin,Dynamis,696,103,0d24cf6e8f53fc59a993fd5e5311d4e0_7ff236346f6151d8a2c08fd0b4a0b806fc0.jpg?1788796425,Crystal,59,7,MNK
Mori Sumire,22629786,191,189,Zalera,Crystal,694,0,9d1372da41637e0a1cee75add0cdab3e_8106f857613f8fb994b0be37b26ff4bafc0.jpg?1788794003,Crystal,86,0,UNK
Master Zoknik,48144446,192,190,Balmung,Crystal,692,0,3c54e73f2ad7023aa3b173793f95c070_7a573cbc0cda3a3dfc1795cb3d9f7b23fc0.jpg?1788794540,Crystal,29,0,RDM
Zot Meow,34168568,193,191,Sargatanas,Aether,690,0,857170879bee95fc8f3f62ae264a46ce_ba22853447012a24cee115315d6a5bebfc0.jpg?1788793031,Crystal,28,0,SGE
Lolly Pops,11573609,194,192,Leviathan,Primal,685,0,a38b4d4cbcfc624c56b5db6efb627dd2_a91aae52cff9ef65932db06b150ffd47fc0.jpg?1788793309,Crystal,339,0,MNK
Rachna's Kitten,60414129,195,217,Diabolos,Crystal,681,173,5a2079c26296ecf9252da83453669ee7_7b33d33ae3ecb996f778a5f67a6a0af6fc0.jpg?1788793149,Crystal,55,6,UNK
Pravik Rhati,30628415,196,193,Zalera,Crystal,623,0,6f338ced5bbbd90812f4a17468f53684_8106f857613f8fb994b0be37b26ff4bafc0.jpg?1788794835,Crystal,310,0,DRK
Reed Diamond,7237831,197,194,Ultros,Primal,612,0,132bb33f336f4f3ae42c3cf9a96a11ad_c514cdcdb619439df97d906d4434ccc6fc0.jpg?1788795905,Crystal,151,5,MNK
Ethan Dumas,2337003,198,195,Zalera,Crystal,612,0,4363afb6aeff95a15293cf3907560f7b_8106f857613f8fb994b0be37b26ff4bafc0.jpg?1788794136,Crystal,143,6,RDM
Tc Sola,43984930,199,196,Zalera,Crystal,608,0,1bde011c1056c258b5456fb7d0f6283f_8106f857613f8fb994b0be37b26ff4bafc0.jpg?1788796491,Crystal,110,0,MNK
Kyda Oriana,7676781,200,197,Balmung,Crystal,607,0,5a1ffcf9ec98159ee3f6c3727943f30f_7a573cbc0cda3a3dfc1795cb3d9f7b23fc0.jpg?1788796036,Crystal,40,0,GNB
Hilto Feltre,55076328,201,198,Sargatanas,Aether,605,0,4a850e1dbb7f6f3aeff5b21df6166f3f_ba22853447012a24cee115315d6a5bebfc0.jpg?1788795760,Crystal,45,0,MCH
Novical Astrea,42979170,202,199,Exodus,Primal,604,0,b638930bbe9987be79fa698126728549_0cdf051c93865faa15cbc5cd3d2b69fbfc0.jpg?1788793523,Crystal,116,0,BRD
Ivy Storm,61727582,203,200,Zalera,Crystal,604,0,27a648f77de0ff7a1a44539cbd062203_8106f857613f8fb994b0be37b26ff4bafc0.jpg?1788795287,Crystal,81,0,MCH
Shiroi Kijo,44769088,204,201,Ultros,Primal,602,0,2bc8c14bed99e41cc16db823a37e5295_c514cdcdb619439df97d906d4434ccc6fc0.jpg?1788793762,Crystal,193,0,SMN
Shum One,31246227,205,202,Midgardsormr,Aether,602,0,6a9ab1154c9d9a712cc039f45837db6d_5c8ecfbc673e1287a9b5e85423fe1657fc0.jpg?1788795557,Crystal,93,0,VPR
Alma Braver,729037,206,203,Goblin,Crystal,602,0,1d50d402d833734bf7f0d1fe6b3af5e8_8e81e2940511f7152ba4462fe53e35b8fc0.jpg?1788795887,Crystal,63,0,WHM
Nikau Milkdud,30842976,207,204,Lamia,Primal,601,0,2ffee265e9fb9491997d30306dc67cc3_4d9be17b5e1edc617052b4dbf4007875fc0.jpg?1788795491,Crystal,20,0,DNC
Hunie Pop,37396085,208,205,Ultros,Primal,599,0,8a72b357002474c02d597d6e8bc94cee_c514cdcdb619439df97d906d4434ccc6fc0.jpg?1788794640,Crystal,189,7,WHM
Kohvu Lynx,1558192,209,206,Exodus,Primal,599,0,071acbe4f7c99524490dc3ec23aca0f1_0cdf051c93865faa15cbc5cd3d2b69fbfc0.jpg?1788793267,Crystal,48,4,WAR
Mimiko Kino,37737560,210,207,Cactuar,Aether,598,0,2f578a342ca6fc6db5f86b231212e716_96ab1df8877c1f8ba6a89a39cccfd437fc0.jpg?1788795852,Crystal,37,0,SAM
Sarantsatsral Kha,26082962,211,208,Behemoth,Primal,597,0,f8735f190504d139ee16ec1a623371dc_be20385e18333edb329d4574f364a1f0fc0.jpg?1788795427,Crystal,41,0,PLD
Unagi Box,34773273,212,209,Cuchulainn,Dynamis,597,0,05a513d02b60c767bfb83440ab2d406b_b4a106e4893fd452df0001eaeecf9d7efc0.jpg?1788795061,Crystal,39,0,MCH
Lelouch Masamune,12543299,213,210,Malboro,Crystal,596,0,711457fd66b589fb422ba4640a4826f0_2e97c13fdd593d15d543093f8a37b6f0fc0.jpg?1788793922,Crystal,80,0,DRK
Teysa Montgomery,6201712,214,211,Cactuar,Aether,595,0,eb51f53fb1f2b23ee171b4e92895e9b4_96ab1df8877c1f8ba6a89a39cccfd437fc0.jpg?1788794839,Crystal,293,0,DRG
Koifucius Dao-master,37165464,215,212,Exodus,Primal,595,0,030277d5215f88056127d2b9e88474e4_0cdf051c93865faa15cbc5cd3d2b69fbfc0.jpg?1788794852,Crystal,17,0,PLD
Cynthia Noir,25307713,216,214,Leviathan,Primal,592,0,5b4f8d78ae6dd18586116fe673617384_a91aae52cff9ef65932db06b150ffd47fc0.jpg?1788795819,Crystal,399,0,BLM
Freelili Baylili,41088797,217,215,Famfrit,Primal,591,0,2fd0edea93f7f1b96bfa59c24d04a2af_fce4949e615393e574f2d57134b31fc1fc0.jpg?1788795902,Crystal,68,0,RPR
Nori Uxu,59427885,218,216,Famfrit,Primal,590,0,f6e4448deaa96d55d9e4599f8eba8c7c_fce4949e615393e574f2d57134b31fc1fc0.jpg?1788795301,Crystal,19,0,PLD
Cassian Syndriel,52998476,219,218,Ultros,Primal,507,0,db812378f708097c17610e9e6817f749_c514cdcdb619439df97d906d4434ccc6fc0.jpg?1788794346,Crystal,82,0,SAM
Naeng Myeon,35393894,220,219,Jenova,Aether,506,0,e834ee8ccde5fd99424275ed75278f5b_ce736afe35e2ded4e46c4fd0659aef7efc0.jpg?1788796517,Crystal,164,2,NIN
Cecils Lunas,39054438,221,0,Brynhildr,Crystal,505,405,4f553dbd79cfae0460c3d43b82171d15_d0a0f515a62457570c9b44997063e3c1fc0.jpg?1788796391,Crystal,58,5,SGE
Airi Aogane,46241895,222,220,Sargatanas,Aether,503,0,11367baad718b56f9682513d9430146d_ba22853447012a24cee115315d6a5bebfc0.jpg?1788793793,Crystal,117,0,BLM
Yos Sy,23664999,223,221,Jenova,Aether,501,0,01f58e6e2269085746fd0a5b6fe0e7f2_ce736afe35e2ded4e46c4fd0659aef7efc0.jpg?1788793880,Crystal,153,0,DRG
V'linh Tia,35736983,224,222,Hyperion,Primal,501,0,760e31f96b4d3b3534fcdc43c9564fab_57ae9ee5592123dd79c8912bf768cf99fc0.jpg?1788793508,Crystal,128,11,BRD
Chronochaos Asura,1230012,225,223,Excalibur,Primal,501,0,16f01a0a9404158e87254af5dbe09328_745baffc465480ed372e274d50318290fc0.jpg?1788793241,Crystal,95,0,NIN
Blonde Redhead,49490935,226,224,Marilith,Dynamis,501,0,0e239c86e9da893fd26a7749174eb81a_bbfb28d5a9059cd0c768daf77ab29982fc0.jpg?1788794971,Crystal,24,0,DNC
Virtus Giruvegan,3183831,226,224,Gilgamesh,Aether,501,0,e8050cdd79efaaf143d74f9ae4cdcfb1_b937560c841465f7c4bc8eb47ea7948afc0.jpg?1788795314,Crystal,24,0,UNK
Oni Akuma,7300790,228,226,Gilgamesh,Aether,500,0,e8e098720e245711114b4614110261b5_b937560c841465f7c4bc8eb47ea7948afc0.jpg?1788794989,Crystal,197,0,NIN
Veri Luominen,55705450,229,227,Lamia,Primal,500,0,950efa363fdbeeb92977c51680813524_4d9be17b5e1edc617052b4dbf4007875fc0.jpg?1788794030,Crystal,35,0,DNC
Senka Kyo,40405843,230,228,Adamantoise,Aether,500,0,57edcac1396cccc62373cfaa1109ab06_1f5fd239b885860b7c2bfc72ad1d97effc0.jpg?1788795030,Crystal,4,0,ALC
Aelara Nightelm,2908362,231,229,Maduin,Dynamis,499,0,f40ea9e3404cbab02b92f9bc1d80cdcd_7ff236346f6151d8a2c08fd0b4a0b806fc0.jpg?1788795653,Crystal,136,0,AST
M' Twelve,36885704,232,230,Halicarnassus,Dynamis,499,0,0f10ff80520b725264b0aed8ac62d609_f2d324d722b28bbe681b2898bcdca8bffc0.jpg?1788795517,Crystal,75,0,UNK
Honey Toast,57307408,233,231,Exodus,Primal,499,0,f4ce05067fa4042fad64931eb5015841_0cdf051c93865faa15cbc5cd3d2b69fbfc0.jpg?1788796545,Crystal,49,0,UNK
Brian Ricardo,9364090,234,232,Adamantoise,Aether,499,0,c00688b4ac9b567c1a4de9d648fbbff4_1f5fd239b885860b7c2bfc72ad1d97effc0.jpg?1788793343,Crystal,37,0,MCH
Shinra Tatsuya,8648762,235,233,Gilgamesh,Aether,498,0,7dccb5e520b149afd2b044279fa8694e_b937560c841465f7c4bc8eb47ea7948afc0.jpg?1788794821,Crystal,127,5,SAM
Mahou Mahou,47196016,236,234,Rafflesia,Dynamis,497,0,6e978054777e93d657aa58ae97d863a9_2783886613347a4db0bed7524de1298ffc0.jpg?1788794071,Crystal,14,0,VPR
Tio Tot,32427648,237,235,Jenova,Aether,493,0,b6b5f99e0b2c9878499873fdbe82cda3_ce736afe35e2ded4e46c4fd0659aef7efc0.jpg?1788794788,Crystal,27,0,MIN
Suho Thamasa,29478863,238,268,Hyperion,Primal,409,104,5a1f26eb5676742192b41e767e7e2071_57ae9ee5592123dd79c8912bf768cf99fc0.jpg?1788794486,Crystal,64,10,RPR
Bento Manjusaka,8342791,239,236,Famfrit,Primal,408,0,6ad6165e804ca5f8a6e46061f7c359ec_fce4949e615393e574f2d57134b31fc1fc0.jpg?1788794037,Crystal,167,20,BRD
Bigg Succ,14228989,240,237,Coeurl,Crystal,408,0,d833225ff74a6d00fc89b134cc155262_284358f8eb4efc9095914e46798c6ab3fc0.jpg?1788795900,Crystal,7,0,MCH
Bean Waters,34305264,241,238,Famfrit,Primal,406,0,bcdcd97b24d4dfc6b3e643c8670b6f7c_fce4949e615393e574f2d57134b31fc1fc0.jpg?1788794081,Crystal,47,0,SAM
Lowan Gleview,48863675,242,239,Gilgamesh,Aether,406,0,3ed0770e9633fa9630af57f595f1d68d_b937560c841465f7c4bc8eb47ea7948afc0.jpg?1788794622,Crystal,35,0,NIN
Roland Montpensier,27408688,243,240,Mateus,Crystal,402,0,f999e29fa2ab10f6ba02338f493e886b_f0c52cc66e124fc2e641d7c21ab2ce79fc0.jpg?1788793346,Crystal,27,0,DRK
Lean Bean,27288162,244,241,Leviathan,Primal,402,0,10eb9c645841623c4f9edb8e24e49d0e_a91aae52cff9ef65932db06b150ffd47fc0.jpg?1788795524,Crystal,21,0,SMN
Larxis Themage,9284703,245,242,Mateus,Crystal,401,0,f1440421e273892659981868cbc99f9b_f0c52cc66e124fc2e641d7c21ab2ce79fc0.jpg?1788795826,Crystal,237,6,NIN
Von Columbine,58381347,246,243,Gilgamesh,Aether,401,0,616328e702b2b2e8d452581d53ec9f88_b937560c841465f7c4bc8eb47ea7948afc0.jpg?1788794372,Crystal,102,0,GNB
Very Shooooooooooort,49384501,247,244,Hyperion,Primal,401,0,084259a7b0d5cdac112faebe64bac849_57ae9ee5592123dd79c8912bf768cf99fc0.jpg?1788795868,Crystal,88,0,UNK
O'naeas Du'faigh,39414113,248,245,Ultros,Primal,401,0,7994a259bec436115a0081b11babf4f8_c514cdcdb619439df97d906d4434ccc6fc0.jpg?1788793422,Crystal,75,0,DRK
Vicious Nouzen,42001229,249,246,Adamantoise,Aether,401,0,94ccc3f4ceffc2356f1ddd47d85ca9f7_1f5fd239b885860b7c2bfc72ad1d97effc0.jpg?1788795588,Crystal,58,3,VPR
Rail Ying,33252892,250,247,Famfrit,Primal,400,0,e9ae8b691e418ccccf35ebe11804f497_fce4949e615393e574f2d57134b31fc1fc0.jpg?1788793331,Crystal,341,0,RPR
Coffee Dawg,17085073,251,248,Famfrit,Primal,400,0,3f73984ff31eed30a16eba5ac017bdda_fce4949e615393e574f2d57134b31fc1fc0.jpg?1788794333,Crystal,71,0,WAR
Nero K'ten,6155374,252,249,Lamia,Primal,400,0,457604f04300faac0e52a053884e2bb7_4d9be17b5e1edc617052b4dbf4007875fc0.jpg?1788794605,Crystal,54,0,MIN
Cj Deux,23394493,253,250,Lamia,Primal,399,0,64702aeefa55d2931c531ddadd7964ea_4d9be17b5e1edc617052b4dbf4007875fc0.jpg?1788794180,Crystal,325,3,NIN
Johnny Rotten,60584717,254,251,Balmung,Crystal,399,0,16dd0eb6be877814ca22fed24fe6191d_7a573cbc0cda3a3dfc1795cb3d9f7b23fc0.jpg?1788793216,Crystal,89,0,SMN
Lenpao Victus,30455513,255,252,Midgardsormr,Aether,399,0,6067c0a6b77debbd9a03665d4d13dd52_5c8ecfbc673e1287a9b5e85423fe1657fc0.jpg?1788796123,Crystal,77,0,UNK
Pvp Wintrader,55633250,256,253,Rafflesia,Dynamis,399,0,a95c4512f0f35cf564aac910d19b00e2_2783886613347a4db0bed7524de1298ffc0.jpg?1788796477,Crystal,41,0,BRD
So What,33785359,257,254,Ultros,Primal,398,0,b0f894a94041f0bd4b241723ce815801_c514cdcdb619439df97d906d4434ccc6fc0.jpg?1788793350,Crystal,62,0,DRK
Kaede Obinata,32151196,258,255,Marilith,Dynamis,398,0,460d631b298c83b035fb70ac5669658d_bbfb28d5a9059cd0c768daf77ab29982fc0.jpg?1788794505,Crystal,46,0,NIN
Ava Falafell,7835301,259,256,Cactuar,Aether,398,0,037dd67f6ab82aadfe3e7b3e4973d525_96ab1df8877c1f8ba6a89a39cccfd437fc0.jpg?1788794006,Crystal,32,0,WHM
Milly Mina,37964161,260,257,Cuchulainn,Dynamis,398,0,f3300c3e28b3c5b4a3767a587341831e_b4a106e4893fd452df0001eaeecf9d7efc0.jpg?1788794859,Crystal,25,0,WAR
Shoujo Hime,18340055,261,258,Leviathan,Primal,397,0,c341075038058a45ef549f7bac1b9d25_a91aae52cff9ef65932db06b150ffd47fc0.jpg?1788795267,Crystal,211,0,WHM
Aurora Aura,51466191,262,259,Coeurl,Crystal,397,0,6bf65747d41f881881af0d8d8ee83bb9_284358f8eb4efc9095914e46798c6ab3fc0.jpg?1788794761,Crystal,124,4,SMN
Pinky Auto'break,59213242,263,260,Halicarnassus,Dynamis,397,0,9ac8bffaba88f1f4c7fe1238e6a7dcb0_f2d324d722b28bbe681b2898bcdca8bffc0.jpg?1788792981,Crystal,41,0,UNK
Kale Crow,57973655,264,261,Excalibur,Primal,396,0,39e30189265e5cf770bddc1b87bdb349_745baffc465480ed372e274d50318290fc0.jpg?1788793242,Crystal,66,0,UNK
Goemon Da-cat,33537349,265,262,Behemoth,Primal,395,0,43966a550ccf1c1bef04bbdf44d30910_be20385e18333edb329d4574f364a1f0fc0.jpg?1788793048,Crystal,41,0,BRD
Jon Jitsu,3287137,266,263,Exodus,Primal,395,0,40995ea7a6a7bd4a2bf41fe663bdcd2a_0cdf051c93865faa15cbc5cd3d2b69fbfc0.jpg?1788793849,Crystal,28,0,RDM
Thamiel Blade,11845109,267,264,Malboro,Crystal,393,0,80ba6f7aa26a72c98ebf41b210be27be_2e97c13fdd593d15d543093f8a37b6f0fc0.jpg?1788796291,Crystal,84,0,RDM
Kala Bean,47191581,268,265,Sargatanas,Aether,390,0,652d26fa63ddcd1da1592c0daad3e3e7_ba22853447012a24cee115315d6a5bebfc0.jpg?1788794974,Crystal,35,0,SGE
Kiro Storm,2229937,269,266,Zalera,Crystal,311,0,80b8683df1ad9172d59a3f29dba5f221_8106f857613f8fb994b0be37b26ff4bafc0.jpg?1788794629,Crystal,42,1,BLU
Clyde Valentine,47896182,270,267,Faerie,Aether,307,0,7643a89a2b062b2c4613ed6226d9ca00_0e336ff6ad415f47233f0aaf127feac0fc0.jpg?1788793651,Crystal,74,13,UNK
Obelisk Silvermoon,18585285,271,269,Zalera,Crystal,304,0,7af7eadecc57bb171735e8cd2c455a5c_8106f857613f8fb994b0be37b26ff4bafc0.jpg?1788795916,Crystal,25,0,UNK
Dank Lollington,37820692,272,270,Exodus,Primal,304,0,2b6faafd9620689cd5e4222c96529aa5_0cdf051c93865faa15cbc5cd3d2b69fbfc0.jpg?1788794212,Crystal,21,0,DRK
Eroison Chren,42575447,273,292,Ultros,Primal,302,9,d66c862181da18eea3335d6667510dc6_c514cdcdb619439df97d906d4434ccc6fc0.jpg?1788796508,Crystal,56,10,WHM
Malorec Achlur,23572490,274,0,Balmung,Crystal,302,101,2a92fda1b2bcfc00ac608ee4842abefc_7a573cbc0cda3a3dfc1795cb3d9f7b23fc0.jpg?1788796456,Crystal,20,2,GNB
Tarex Youva,34244171,275,271,Behemoth,Primal,301,0,f62a1a6593a19abc7f2ade2191e57159_be20385e18333edb329d4574f364a1f0fc0.jpg?1788794139,Crystal,75,0,SMN
Denmo Mcstronghuge,1150717,276,272,Excalibur,Primal,301,0,bb33b9be77e28ab26ee6367ad6ba7cac_745baffc465480ed372e274d50318290fc0.jpg?1788794936,Crystal,20,0,BLM
Erdrick Than'talas,35169837,277,273,Behemoth,Primal,300,0,bcdde4e2fbfba10f901006ffbc7723cc_be20385e18333edb329d4574f364a1f0fc0.jpg?1788795853,Crystal,335,0,PLD
Ciel Sorrel,22647977,278,274,Zalera,Crystal,300,0,4feb2b2835b10561864f50a075fa571c_8106f857613f8fb994b0be37b26ff4bafc0.jpg?1788794584,Crystal,91,0,UNK
Eternal Slumber,25903660,279,275,Hyperion,Primal,300,0,e04969696b7e202db5371bd7c0b62231_57ae9ee5592123dd79c8912bf768cf99fc0.jpg?1788796078,Crystal,71,0,NIN
Chocolate Sundae,11896647,280,0,Leviathan,Primal,300,200,e75ff0153c7586a9f758c64c6f71a8a2_a91aae52cff9ef65932db06b150ffd47fc0.jpg?1788794232,Crystal,58,4,WAR
Sumia Flor,33531136,281,276,Siren,Aether,300,0,48d2b4acca8a2f9b8af413bf808c0b05_58a84e851e55175d22158ca97af58a1ffc0.jpg?1788795162,Crystal,21,0,BRD
Onion Little,37583983,282,277,Zalera,Crystal,300,0,59533d6fd2d0a8b58595bf860ae3f36a_8106f857613f8fb994b0be37b26ff4bafc0.jpg?1788794904,Crystal,13,0,ALC
W'kepaga M'ankhad,51943168,283,278,Midgardsormr,Aether,299,0,2731864a3bfbb890bb0d554a4dbb55cc_5c8ecfbc673e1287a9b5e85423fe1657fc0.jpg?1788796187,Crystal,248,7,SMN
Blair Dorne,29869596,284,279,Ultros,Primal,299,0,9e146102ba59effa56603b6cece7193d_c514cdcdb619439df97d906d4434ccc6fc0.jpg?1788794474,Crystal,169,0,PGL
Lux Mas,23065843,285,280,Sargatanas,Aether,299,0,88a2ca0abf69b95b8d6893d740e04615_ba22853447012a24cee115315d6a5bebfc0.jpg?1788794299,Crystal,133,3,RDM
Nava Savitra,11866965,286,281,Behemoth,Primal,299,0,192dd5e055cc8be6175a56a286c32203_be20385e18333edb329d4574f364a1f0fc0.jpg?1788795821,Crystal,122,2,BLM
Communal Cheeks,27114083,287,0,Exodus,Primal,299,199,3fc08de400212f238f1a14efeb29b544_0cdf051c93865faa15cbc5cd3d2b69fbfc0.jpg?1788793268,Crystal,104,4,MCH
Ever After,61886458,288,282,Golem,Dynamis,298,0,ce6d0aed1a633df84225c3db33b7d3b6_dd61c3dc259e5c43722e89409499b669fc0.jpg?1788795030,Crystal,68,0,AST
Sophia Sol,50636657,289,283,Diabolos,Crystal,298,0,f2e548487adc8d24ba4ee5ae891d1fca_7b33d33ae3ecb996f778a5f67a6a0af6fc0.jpg?1788795070,Crystal,51,0,BLM
Kotsu Inaro,30630355,290,284,Exodus,Primal,298,0,366970acd3e57071fd4ad21f6339b0d7_0cdf051c93865faa15cbc5cd3d2b69fbfc0.jpg?1788794557,Crystal,43,0,UNK
Tom Diesche,18405124,291,285,Brynhildr,Crystal,298,0,ed1c4fdb1074b3519b700cc1619d3ba6_d0a0f515a62457570c9b44997063e3c1fc0.jpg?1788795176,Crystal,13,0,WHM
Kemono Friends,9960513,292,286,Balmung,Crystal,298,0,32976001d45735dc6eed07706ce7c1aa_7a573cbc0cda3a3dfc1795cb3d9f7b23fc0.jpg?1788793415,Crystal,6,0,DRG
Aesa Reign,35916991,293,287,Behemoth,Primal,298,0,41b39fb2112c54e35953a1e9bca43b2b_be20385e18333edb329d4574f364a1f0fc0.jpg?1788794612,Crystal,3,0,MCH
Esdeath Frostwalker,13055427,294,0,Ultros,Primal,297,297,e4d4a49fa77136849753f7901dfbe937_c514cdcdb619439df97d906d4434ccc6fc0.jpg?1788794220,Crystal,64,18,VPR
Asteroth Rayet,34556987,295,288,Coeurl,Crystal,297,0,074f19c1dfdaef751b93ed3b29eeb320_284358f8eb4efc9095914e46798c6ab3fc0.jpg?1788794689,Crystal,31,0,VPR
Fui Yins,58885962,296,289,Halicarnassus,Dynamis,296,0,2e525e40683dcc64fcbcb9213fda6fc9_f2d324d722b28bbe681b2898bcdca8bffc0.jpg?1788796456,Crystal,19,0,DNC
Delin Windsong,5444135,297,290,Leviathan,Primal,294,0,84bdef2b116c23becb02390c2f9c14a6_a91aae52cff9ef65932db06b150ffd47fc0.jpg?1788793688,Crystal,203,1,BLM
Nika Arwing,12407061,298,291,Behemoth,Primal,294,0,f0ebfd95e843addaab2471d3cb028eb6_be20385e18333edb329d4574f364a1f0fc0.jpg?1788794923,Crystal,8,0,GSM
Shuba Rashii,43704609,299,0,Adamantoise,Aether,293,293,a0c17bafae65d503976e3a231681fc34_1f5fd239b885860b7c2bfc72ad1d97effc0.jpg?1788796106,Crystal,28,13,DNC
Marika Mjolnir,38212348,300,293,Malboro,Crystal,292,0,969a50dcb0d9777a00aae149894ab7f5_2e97c13fdd593d15d543093f8a37b6f0fc0.jpg?1788793016,Crystal,181,0,WAR
Ash Kitamura,26629771,1,0,Ravana,Materia,0,0,33c0c99f7649a707ea0e8e4da0340efb_2f53b2675d3eea360f0b48d74d30af15fc0.jpg?1788794070,Diamond,81,0,AST
Enrei Mihata,49665542,2,0,Ravana,Materia,0,0,9df67e19d234830f2d797bb6efbad836_2f53b2675d3eea360f0b48d74d30af15fc0.jpg?1788795567,Diamond,37,0,DRG
Fatahh Wizardcat,60429758,3,0,Zurvan,Materia,0,0,0a04508a6feea55f3b4227e7d574212a_1fa3a1b3845481a1b67b46854a3cc49afc0.jpg?1788793025,Platinum,52,0,BLM
Queue Up,44283543,4,0,Ravana,Materia,0,0,341e0565d728c5334b58960edfc1c897_2f53b2675d3eea360f0b48d74d30af15fc0.jpg?1788794118,Platinum,42,0,PLD
Shiki Hime,41619079,5,0,Sophia,Materia,0,0,e0f33871fdd9bcb0012cace0f140b504_ba15a18cd3a8fb567e39053022515eb6fc0.jpg?1788795146,Platinum,39,0,MNK
Sora Teppelin,7487042,6,0,Sophia,Materia,0,0,3d849e783499c238b2f4d439e3a8c2a7_ba15a18cd3a8fb567e39053022515eb6fc0.jpg?1788796544,Platinum,35,0,VPR
Shiny Jirachi,51220221,7,0,Sophia,Materia,0,0,f1b04aa626472a08642b4f93d911f87c_ba15a18cd3a8fb567e39053022515eb6fc0.jpg?1788795031,Platinum,11,0,RDM
Raiosu Eucliffe,45249258,8,0,Ravana,Materia,0,0,a21442f92d53ab89cab416d41fe9132d_2f53b2675d3eea360f0b48d74d30af15fc0.jpg?1788794266,Platinum,53,0,BRD
Nyanyanyanya Nyanyan,48648775,9,0,Ravana,Materia,0,0,ec08e9f45b8d4335b412f3e39f4458e2_2f53b2675d3eea360f0b48d74d30af15fc0.jpg?1788795636,Platinum,29,0,WHM
Ku Ku,58267971,10,0,Sophia,Materia,0,0,77db43d75ac5ffe3d585318a47534ab9_ba15a18cd3a8fb567e39053022515eb6fc0.jpg?1788793797,Platinum,52,0,BRD
Master Zoknik,61010055,11,0,Zurvan,Materia,0,0,bfa135b89b0fb27fe708b3a427bd667f_1fa3a1b3845481a1b67b46854a3cc49afc0.jpg?1788796370,Platinum,88,0,SMN
Jiraiya Sannin,47974804,12,0,Ravana,Materia,0,0,6a5cc312529bc78b7d0bbbf5f41983af_2f53b2675d3eea360f0b48d74d30af15fc0.jpg?1788794158,Platinum,45,0,WAR
Esperance Lightbound,16103781,13,0,Ravana,Materia,0,0,0d3ff648d49892a8fc3bd67490985032_2f53b2675d3eea360f0b48d74d30af15fc0.jpg?1788793532,Platinum,40,0,RPR
Syth Isi,14766898,14,0,Sephirot,Materia,0,0,4eef23c58ccbdfd054240b7a6afee3df_30a5f9eadea6e0cb684a5265362d0d59fc0.jpg?1788794124,Platinum,31,0,SGE
Lil Wu,39781651,15,0,Ravana,Materia,0,0,883868199332c12050d61887025475bc_2f53b2675d3eea360f0b48d74d30af15fc0.jpg?1788793642,Platinum,38,0,PLD
Monkey Rat,28956529,16,0,Zurvan,Materia,0,0,bd13db4ebaa363278dd269b5941ae816_1fa3a1b3845481a1b67b46854a3cc49afc0.jpg?1788794850,Platinum,75,0,SGE
Unshao Theruun,36386941,17,0,Sephirot,Materia,0,0,ec8f93abdc73eddcd17e0450db1cb572_30a5f9eadea6e0cb684a5265362d0d59fc0.jpg?1788795294,Platinum,28,0,WAR
Aleksei Veldoch,39931654,18,0,Ravana,Materia,0,0,ef0923b785702de5a588b383a0d1bcea_2f53b2675d3eea360f0b48d74d30af15fc0.jpg?1788794065,Platinum,47,0,BLM
Noelle Frost,59496366,19,0,Zurvan,Materia,0,0,5e03b95700bb3e6556a80cb9336a41d2_1fa3a1b3845481a1b67b46854a3cc49afc0.jpg?1788793219,Platinum,40,0,WHM
Boz Ulceros,32280980,20,0,Ravana,Materia,0,0,269b081d650bf5598fd5a3f9419b8b43_2f53b2675d3eea360f0b48d74d30af15fc0.jpg?1788793533,Platinum,72,0,NIN
Funeral Pyre,29286073,21,0,Zurvan,Materia,0,0,48d5de4023484583f2225a2026548284_1fa3a1b3845481a1b67b46854a3cc49afc0.jpg?1788793414,Platinum,61,0,SMN
Mars Bars,41756039,22,0,Sophia,Materia,0,0,87af5886ec3b52e7e582ccc7755f6a9b_ba15a18cd3a8fb567e39053022515eb6fc0.jpg?1788794056,Platinum,49,0,DRG
Chs Crane,37655547,23,0,Sophia,Materia,0,0,7cd2d4b420716bf684bdd41ef37d9319_ba15a18cd3a8fb567e39053022515eb6fc0.jpg?1788796074,Platinum,30,0,BLM
Simetras Sol,38726083,24,0,Ravana,Materia,0,0,fc54c458f2e80d3680f50e6026011ab7_2f53b2675d3eea360f0b48d74d30af15fc0.jpg?1788794697,Gold,131,0,DRK
Lillian Melikai,42502039,25,0,Ravana,Materia,0,0,6c5f22e96162240c2bb96702fcbe123b_2f53b2675d3eea360f0b48d74d30af15fc0.jpg?1788795863,Gold,47,0,GNB
Coffee Lover,50333621,26,0,Sophia,Materia,0,0,3c4552eb56bfb14f36d9b512873eac0d_ba15a18cd3a8fb567e39053022515eb6fc0.jpg?1788793967,Gold,42,0,UNK
Twitch Pvpash,58310287,27,0,Sephirot,Materia,0,0,825390c1ecfa92c4ed45d4ff7a91e39e_30a5f9eadea6e0cb684a5265362d0d59fc0.jpg?1788793323,Gold,35,0,SAM
Disco Knees,36101852,28,0,Sophia,Materia,0,0,48d0a8dae7efe9ad10780f28920a969b_ba15a18cd3a8fb567e39053022515eb6fc0.jpg?1788794732,Gold,33,0,DRK
Seth Nier,10650761,29,0,Sophia,Materia,0,0,64bba40966450747199bec23184e47a3_ba15a18cd3a8fb567e39053022515eb6fc0.jpg?1788793673,Gold,26,0,MNK
Izaray Wintergray,40906176,30,0,Sophia,Materia,0,0,be2f5b4e324fa72cd4ef19d0c29f10da_ba15a18cd3a8fb567e39053022515eb6fc0.jpg?1788795978,Gold,37,0,PLD
Fokus Galantryus,40738924,31,0,Sophia,Materia,0,0,93e1d720637fb04b8b4f9b7a346a6a4e_ba15a18cd3a8fb567e39053022515eb6fc0.jpg?1788794815,Gold,31,0,SMN
Nirki Yukumo,41663432,32,0,Zurvan,Materia,0,0,c950234c9a872ae2ab8476f696fcb74f_1fa3a1b3845481a1b67b46854a3cc49afc0.jpg?1788794123,Gold,26,0,NIN
Jena Kuwahara,28003546,33,0,Ravana,Materia,0,0,5bacb190ffd91b392df04923b13fa29a_2f53b2675d3eea360f0b48d74d30af15fc0.jpg?1788795575,Gold,118,0,DRK
Han Liu,44640291,34,0,Ravana,Materia,0,0,55233b520f90487f51f380e2add5fc3d_2f53b2675d3eea360f0b48d74d30af15fc0.jpg?1788794309,Gold,109,0,NIN
Vielle Drillemont,52770027,35,0,Ravana,Materia,0,0,6c212c0698d00b38fb5cb7d51dcf91bf_2f53b2675d3eea360f0b48d74d30af15fc0.jpg?1788794326,Gold,79,0,MCH
Scarlette Harlette,51206657,36,0,Sephirot,Materia,0,0,2f63ccbdc329fa14480887bf4c0dfa0e_30a5f9eadea6e0cb684a5265362d0d59fc0.jpg?1788793123,Gold,71,0,NIN
Stu Vermillion,45923134,37,0,Sephirot,Materia,0,0,542be51b9ba1f8c4c217e94d2b96e3aa_30a5f9eadea6e0cb684a5265362d0d59fc0.jpg?1788794139,Gold,51,0,WHM
Stupid Puzzle,57160120,38,0,Ravana,Materia,0,0,7af9b543418115db5c1299f1abb4e123_2f53b2675d3eea360f0b48d74d30af15fc0.jpg?1788794129,Gold,45,0,DRG
Aislinn Rose,47395507,39,0,Ravana,Materia,0,0,920c56af8cba5363c65e0c83dbbcac71_2f53b2675d3eea360f0b48d74d30af15fc0.jpg?1788794154,Gold,68,0,GNB
Brian Ricardo,41560139,40,0,Sophia,Materia,0,0,678ed14a243387459872b7217f75e382_ba15a18cd3a8fb567e39053022515eb6fc0.jpg?1788794062,Gold,26,0,SGE
Noah Marlowe,16149159,41,0,Ravana,Materia,0,0,ec4ee34b34397ee883bd89175e1f15df_2f53b2675d3eea360f0b48d74d30af15fc0.jpg?1788793331,Gold,15,0,RDM
Berogi Avarous,37261319,42,0,Sophia,Materia,0,0,5fbe574c31dc7541b2bb18753fed8278_ba15a18cd3a8fb567e39053022515eb6fc0.jpg?1788794871,Gold,25,0,MNK
Lion Lord,60332724,43,0,Ravana,Materia,0,0,72fbb269e357d68127cd61715f152bc8_2f53b2675d3eea360f0b48d74d30af15fc0.jpg?1788794206,Gold,57,0,BRD
Lupercal Aurelian,37936946,44,0,Ravana,Materia,0,0,93674d47ae679f2b2191e0d82e33123f_2f53b2675d3eea360f0b48d74d30af15fc0.jpg?1788794114,Gold,30,0,MNK
Arvus Lake,60370728,45,0,Bismarck,Materia,0,0,3491a10775fcbbb5a0c1329925f30f4f_36f0570990ac5402b2ef514d36b0435cfc0.jpg?1788795219,Gold,17,0,MNK
Neo Zee,58982637,46,0,Ravana,Materia,0,0,c042f71fe47095dad35d5764027056d1_2f53b2675d3eea360f0b48d74d30af15fc0.jpg?1788795454,Gold,38,0,BRD
Juru'a Mihrulh,48704606,47,0,Zurvan,Materia,0,0,80aa9b34947750aa356810124a11ba19_1fa3a1b3845481a1b67b46854a3cc49afc0.jpg?1788794401,Gold,66,0,RDM
Zervish Vanht,21659747,48,0,Ravana,Materia,0,0,ff2403388bd597c0b3fb62c30e9bff67_2f53b2675d3eea360f0b48d74d30af15fc0.jpg?1788794830,Gold,23,0,BLM
Byakko Moon,10831175,49,0,Sephirot,Materia,0,0,7d8049ebe32efa74e5107944b1e43d15_30a5f9eadea6e0cb684a5265362d0d59fc0.jpg?1788793923,Gold,3,0,BSM
Wierd Dude,58113414,50,0,Sephirot,Materia,0,0,c887fa7d587b2205b349abb82627a0d1_30a5f9eadea6e0cb684a5265362d0d59fc0.jpg?1788796260,Gold,66,0,WHM
Sukoshi Ninjin,57860048,51,0,Sophia,Materia,0,0,b41a0bd7b5958d56cec5f84314a28f3a_ba15a18cd3a8fb567e39053022515eb6fc0.jpg?1788796454,Gold,32,0,UNK
Aurum Blaiddyd,10794239,52,0,Sophia,Materia,0,0,8b76648a8cb1cbbd4f1c870189433f3a_ba15a18cd3a8fb567e39053022515eb6fc0.jpg?1788795748,Gold,13,0,SAM
Clars Lester,951178,53,0,Sephirot,Materia,0,0,46727c8d445323c9e5b8140d37027050_30a5f9eadea6e0cb684a5265362d0d59fc0.jpg?1788796538,Silver,62,0,WAR
Sebastian Michaelis,42038341,54,0,Sephirot,Materia,0,0,17f4346a95c45541b337263d60106b3f_30a5f9eadea6e0cb684a5265362d0d59fc0.jpg?1788793253,Silver,59,0,BTN
Sana Miyata,34196273,55,0,Ravana,Materia,0,0,4a94c0f8b59e635e8748a32f11cc42f8_2f53b2675d3eea360f0b48d74d30af15fc0.jpg?1788793539,Silver,31,0,SCH
Birdy Lou,40000398,56,0,Sophia,Materia,0,0,a8894121a60bc81621d47edf1ee0577b_ba15a18cd3a8fb567e39053022515eb6fc0.jpg?1788793992,Silver,29,0,NIN
J'mo H',10666399,57,0,Sephirot,Materia,0,0,53873e717cbf7baeb168205935077671_30a5f9eadea6e0cb684a5265362d0d59fc0.jpg?1788796435,Silver,17,0,BRD
Cwenhild Reid,41763782,58,0,Sophia,Materia,0,0,c9d176025665cc1528a984e82a81fd64_ba15a18cd3a8fb567e39053022515eb6fc0.jpg?1788795285,Silver,24,0,DRK
Pollux Renault,45246168,59,0,Ravana,Materia,0,0,af456258cb5d3ca7c42bb950f92247de_2f53b2675d3eea360f0b48d74d30af15fc0.jpg?1788794124,Silver,13,0,MNK
Ranko Riselle,47223883,60,0,Sophia,Materia,0,0,301cb977b468ead36aa13c049b17f861_ba15a18cd3a8fb567e39053022515eb6fc0.jpg?1788794408,Silver,11,0,UNK
Anzac Fenrir,10988408,61,0,Ravana,Materia,0,0,6c7b02f93e5250249333e13f236fc545_2f53b2675d3eea360f0b48d74d30af15fc0.jpg?1788795968,Silver,31,0,SMN
Kensuke Sugimori,59626210,61,0,Zurvan,Materia,0,0,b8c23a3c5466f6621fe9629c20c0b897_1fa3a1b3845481a1b67b46854a3cc49afc0.jpg?1788794130,Silver,31,0,NIN
Your Conscience,16441762,63,0,Sophia,Materia,0,0,2b2174722b7610bb306987526ac6cb6d_ba15a18cd3a8fb567e39053022515eb6fc0.jpg?1788795670,Silver,27,0,SMN
Eustace Madao,44593837,64,0,Ravana,Materia,0,0,687914339d33024fe783e72eb5a1929f_2f53b2675d3eea360f0b48d74d30af15fc0.jpg?1788795029,Silver,22,0,PCT
Elto Malto,55670275,65,0,Zurvan,Materia,0,0,6625d7f60a549d4e764bdbbb6315b573_1fa3a1b3845481a1b67b46854a3cc49afc0.jpg?1788795354,Silver,17,0,UNK
Peaceful Serenity,44576253,66,0,Sephirot,Materia,0,0,ae7fb16a93fad97a522145bf683d894f_30a5f9eadea6e0cb684a5265362d0d59fc0.jpg?1788794764,Silver,0,0,RDM
Cucu Cucumber,43336963,67,0,Sophia,Materia,0,0,d0bedba76c1744686e4fafd9d31eeb08_ba15a18cd3a8fb567e39053022515eb6fc0.jpg?1788793261,Silver,40,0,BLM
Persona Non-grata,59997612,68,0,Ravana,Materia,0,0,817d96e78e710beff47ca2d76caa6b30_2f53b2675d3eea360f0b48d74d30af15fc0.jpg?1788796470,Silver,33,0,PLD
Frierens Feet,18696306,69,0,Bismarck,Materia,0,0,55c56c5779dac3caf6a9e915a44a972d_36f0570990ac5402b2ef514d36b0435cfc0.jpg?1788793901,Silver,29,0,SMN
C'ranmaia Lizha,60465549,70,0,Bismarck,Materia,0,0,f41736abfa17637ee6e1f020f2787726_36f0570990ac5402b2ef514d36b0435cfc0.jpg?1788794052,Silver,18,0,UNK
Shiny Garchomp,44081260,71,0,Ravana,Materia,0,0,a9aeaf4658d90c68d46e7086d323e456_2f53b2675d3eea360f0b48d74d30af15fc0.jpg?1788795974,Silver,17,0,MCH
Rorqual Kasa,57902813,72,0,Sophia,Materia,0,0,7feae505b9896a3e51486698db2446ea_ba15a18cd3a8fb567e39053022515eb6fc0.jpg?1788795112,Silver,24,0,NIN
Sen Zeka,62124659,73,0,Sophia,Materia,0,0,1823c4c042b6dba95a5ad3e3a8d5658b_ba15a18cd3a8fb567e39053022515eb6fc0.jpg?1788796376,Silver,15,0,ROG
Minty Dew,11254788,74,0,Sephirot,Materia,0,0,afdf4d4e1f96c8e17ed8dbbb09ea4e01_30a5f9eadea6e0cb684a5265362d0d59fc0.jpg?1788793397,Silver,12,0,DNC
Pompitous Litchous,28520377,75,0,Sephirot,Materia,0,0,ab4abed9c2f0b5369480818f95581f87_30a5f9eadea6e0cb684a5265362d0d59fc0.jpg?1788794392,Silver,10,0,RPR
Red Pocket,57790009,76,0,Zurvan,Materia,0,0,9ee6578b70ebe2412c9a6a3b9539d845_1fa3a1b3845481a1b67b46854a3cc49afc0.jpg?1788794201,Silver,1,0,UNK
Magnolia Moonsong,39932795,77,0,Sephirot,Materia,0,0,a9e5b8f87ce0e4e7d236eef2abfe90e0_30a5f9eadea6e0cb684a5265362d0d59fc0.jpg?1788795804,Silver,19,0,SGE
Sil Vanht,3592400,78,0,Ravana,Materia,0,0,7557bb5d8d4d13b13e750b30dbd34093_2f53b2675d3eea360f0b48d74d30af15fc0.jpg?1788794831,Silver,9,0,MCH
Re- G',41760350,79,0,Sophia,Materia,0,0,b5e032ba04147a101b5a91d07703c313_ba15a18cd3a8fb567e39053022515eb6fc0.jpg?1788794624,Silver,0,0,UNK
Tiny Seda,43818296,80,0,Ravana,Materia,0,0,21e2b2de9125d9cf1b99748fa9eef0e2_2f53b2675d3eea360f0b48d74d30af15fc0.jpg?1788793039,Silver,50,0,PCT
Venase Tym,61779775,81,0,Sophia,Materia,0,0,24aac6d5abd68d4dc957bd7c98ba27f2_ba15a18cd3a8fb567e39053022515eb6fc0.jpg?1788795228,Silver,18,0,UNK
Zero Alexander,18446688,82,0,Sophia,Materia,0,0,f2e26342d51255236baa45461f41bf5b_ba15a18cd3a8fb567e39053022515eb6fc0.jpg?1788794232,Silver,14,0,BLM
Temp Arie,41750566,83,0,Zurvan,Materia,0,0,73bdd493fc471827004a90a5745ff400_1fa3a1b3845481a1b67b46854a3cc49afc0.jpg?1788795174,Silver,13,0,DRG
Awayi Soleil,40986096,84,0,Zurvan,Materia,0,0,c84676ef434b75aec3260707fcad3d8a_1fa3a1b3845481a1b67b46854a3cc49afc0.jpg?1788793593,Silver,12,0,BLM
Swhe Swoo,28568079,85,0,Sephirot,Materia,0,0,fbccbe709d21605c6f47dec5052b1238_30a5f9eadea6e0cb684a5265362d0d59fc0.jpg?1788793867,Silver,9,0,GNB
Anwir De-viece,58698037,86,0,Ravana,Materia,0,0,2a85cf689dc656e43470cb547586f207_2f53b2675d3eea360f0b48d74d30af15fc0.jpg?1788796304,Silver,18,0,RDM
Levinia Lumina,25634480,87,0,Ravana,Materia,0,0,9ba79c01085813db00f74aa9a46fd0c8_2f53b2675d3eea360f0b48d74d30af15fc0.jpg?1788794231,Silver,12,0,MCH
Faye Amoret,28738568,88,0,Sophia,Materia,0,0,db40e5035f6f662b6a8b36ecf79df1fc_ba15a18cd3a8fb567e39053022515eb6fc0.jpg?1788796070,Silver,11,0,BRD
Liachen Thrope,29127861,89,0,Sophia,Materia,0,0,b0722934ed1329725ff744f9ae52c7ba_ba15a18cd3a8fb567e39053022515eb6fc0.jpg?1788793352,Silver,9,0,ARM
Egg White,3210815,90,0,Ravana,Materia,0,0,c387324a5e1c8e594b0e31a55b518e02_2f53b2675d3eea360f0b48d74d30af15fc0.jpg?1788796391,Silver,6,0,DNC
Goober Gooberm,48887220,91,0,Ravana,Materia,0,0,4523e0b4a5f923b67e31f18f801210af_2f53b2675d3eea360f0b48d74d30af15fc0.jpg?1788794835,Silver,18,0,ALC
Zepherii Sui,43963552,92,0,Sophia,Materia,0,0,31b395238c6120dc114964c652dc393b_ba15a18cd3a8fb567e39053022515eb6fc0.jpg?1788794052,Silver,16,0,CRP
Athena' Aria,29939277,93,0,Ravana,Materia,0,0,c678c1cf7f9d7de3e80882588e7606e8_2f53b2675d3eea360f0b48d74d30af15fc0.jpg?1788796301,Silver,6,0,AST
Turuturu Mennmenn,51356780,94,0,Sephirot,Materia,0,0,501dec1a7db9bac050ecbd4f8028e6e6_30a5f9eadea6e0cb684a5265362d0d59fc0.jpg?1788795258,Bronze,19,0,MNK
Hotsingles Inyourarea,43275845,95,0,Sephirot,Materia,0,0,08be8dec8891190a5227c50c7650dd29_30a5f9eadea6e0cb684a5265362d0d59fc0.jpg?1788795833,Bronze,15,0,PCT
Esuna Me,41693115,96,0,Sophia,Materia,0,0,a228e053489ecc9e042fda80c30c0c67_ba15a18cd3a8fb567e39053022515eb6fc0.jpg?1788795253,Bronze,14,0,GNB
Makh'a Zruhn,42193944,97,0,Ravana,Materia,0,0,323be164f5593618bf1111ae4538ad96_2f53b2675d3eea360f0b48d74d30af15fc0.jpg?1788794269,Bronze,6,0,BSM
Ashmi Rae,18364101,98,0,Bismarck,Materia,0,0,2b3a41d227e2937852d5c1e031d5aba0_36f0570990ac5402b2ef514d36b0435cfc0.jpg?1788794593,Bronze,5,0,BRD
Tiny Wrath,25583557,99,0,Zurvan,Materia,0,0,2c82c1a404fc646361cabcf478aed323_1fa3a1b3845481a1b67b46854a3cc49afc0.jpg?1788793020,Bronze,24,0,DRG
Astoria Einar,48634124,100,0,Sophia,Materia,0,0,c128519c4464923dc4c2b6c0b5fb5c47_ba15a18cd3a8fb567e39053022515eb6fc0.jpg?1788793979,Bronze,19,0,SMN
