name,id,cur_rank,prev_rank,world,dc,points,points_delta,portrait,tier,wins,wins_delta,job
Cliffe Zanza,36074329,1,0,Spriggan,Chaos,3910,0,d8d2fa78adb447ec4b6d5d747f5d5f84_feaf0a2e88ff164813fbc9b85876fa48fc0.jpg?1788098285,Ultima,203,4,MNK
Loty Coldwind,36521588,2,0,Twintania,Light,3590,0,3632cf6d20598f5c4c7b748be7e19153_c33f640c0cdd35f7def85b8aa31a0007fc0.jpg?1788098987,Ultima,371,9,WAR
Mamiyama Kamimama,37371304,3,0,Spriggan,Chaos,3490,0,3c6fd6569d3dce40308c9a2a1f3c3bfa_feaf0a2e88ff164813fbc9b85876fa48fc0.jpg?1788100187,Ultima,413,0,PCT
Saboree Catboy,36051653,4,0,Spriggan,Chaos,3394,8,b61ec1080d608b5a83f30baef219dc02_feaf0a2e88ff164813fbc9b85876fa48fc0.jpg?1788098817,Ultima,370,3,WAR
Tsukuyo Ritlas,37800185,5,12,Odin,Light,3316,311,eca30840fe0bed8e80f620b5f57c49de_644311b63b607133c989d7c1188467dafc0.jpg?1788098188,Ultima,128,5,RDM
Crow Kaien,44749262,6,5,Zodiark,Light,3164,0,54e5719ccbdb45c6de28f017b4365207_c274370774c6bc3483cc8740805f41bcfc0.jpg?1788099369,Ultima,56,0,SCH
Scarlet Rose,26616217,7,6,Spriggan,Chaos,3126,0,96ad88f23a708e8d6e391f669986d57c_feaf0a2e88ff164813fbc9b85876fa48fc0.jpg?1788099484,Ultima,478,15,PLD
Tia Tomoe,41293767,8,7,Phoenix,Light,3104,0,7dc31b9a880ba3f36a3ef1208e0c5909_5047bc596a4bab2dc7f7c120bb22dec5fc0.jpg?1788099342,Ultima,169,0,MNK
Miyu Moon,58918526,9,8,Moogle,Chaos,3093,0,1abf5ce3756f6fa0d1c5be2cd39491bc_d7a9d5f85a29d6278ec1c7adc2c8d242fc0.jpg?1788101535,Ultima,101,0,SAM
Auelin Fae,18291844,10,9,Zodiark,Light,3057,0,2d6204db02c5efce86aca234fd6f1ce1_c274370774c6bc3483cc8740805f41bcfc0.jpg?1788099151,Ultima,130,0,DRG
Elohim Meth,60682611,11,10,Raiden,Light,3055,0,0b14f1751b014118eca06236e1fdf2bf_a370664d98f658f4ed4e620f378f73cdfc0.jpg?1788099576,Ultima,200,0,UNK
Shino Yaru,38308969,12,11,Phoenix,Light,3026,0,0662727bb913ed7fe3009f3542ea1e64_5047bc596a4bab2dc7f7c120bb22dec5fc0.jpg?1788099372,Ultima,339,27,UNK
Totsu Geki,60147602,13,0,Spriggan,Chaos,2826,0,1b45188bdbf3dd4afe9a37a646eaa4b9_feaf0a2e88ff164813fbc9b85876fa48fc0.jpg?1788099862,Omega,510,19,DRK
Miyu Edelfelt,21335430,14,0,Phoenix,Light,2816,0,ba690d74246b4d07f543f0d9516feec2_5047bc596a4bab2dc7f7c120bb22dec5fc0.jpg?1788101052,Omega,247,0,MCH
Deadrise Mutombo,31730694,15,33,Ragnarok,Chaos,2714,786,a382acb94313f23d966dd6d39d909bea_40d57ba713628f3f1ef5ef204b6d76d2fc0.jpg?1788100335,Omega,202,29,RDM
Akari Tsuki,31005286,16,15,Louisoix,Chaos,2700,0,28e1cfaecfbf911dc3621f5de74642aa_0a122616f3718d3f45cab10fd8fc1604fc0.jpg?1788100177,Omega,74,0,MNK
Maarato Cookie,20349526,17,16,Twintania,Light,2667,0,dbab16598b86bb31b2eb96070f723572_c33f640c0cdd35f7def85b8aa31a0007fc0.jpg?1788101453,Omega,239,5,DRG
Tarutella Goldfish,4235488,18,17,Phoenix,Light,2651,0,f269741c27ca22c02db955557e7283fa_5047bc596a4bab2dc7f7c120bb22dec5fc0.jpg?1788098684,Omega,179,31,SGE
Ivaious Zol,38270926,19,25,Odin,Light,2598,298,2e78b44195db83336b1acbe75927a864_644311b63b607133c989d7c1188467dafc0.jpg?1788101324,Omega,156,6,RDM
Prisma Tic,38791879,20,18,Cerberus,Chaos,2544,0,5220c35172bb26154c862a6d485e37b8_777c57311d510ca65dac3c1077dee435fc0.jpg?1788098687,Omega,266,2,DRK
Sice Seven,15008161,21,19,Moogle,Chaos,2494,15,23657ac0d29f4bc5667ef1e00cf528f8_d7a9d5f85a29d6278ec1c7adc2c8d242fc0.jpg?1788098909,Omega,117,14,BRD
Yasuki San,61688064,22,20,Phantom,Chaos,2477,0,37dbf9b8936faaf9c75f598c38dcac11_f0a43d6e5eea19af337a176e9836acddfc0.jpg?1788099723,Omega,452,3,UNK
Ange Melrose,50267939,23,21,Omega,Chaos,2432,0,f2fb3057962bf3d28bcce976076f5368_39e25ac3d737c46452305eefe324372cfc0.jpg?1788101515,Omega,368,17,SCH
Tei Tei,36611700,24,22,Odin,Light,2382,0,21c224545e3d3af775a3d377c8e444bf_644311b63b607133c989d7c1188467dafc0.jpg?1788100908,Omega,196,3,MNK
Aura Sphere,30657353,25,23,Zodiark,Light,2355,0,6cc4a373eafbcbf88a340a52d95f133e_c274370774c6bc3483cc8740805f41bcfc0.jpg?1788100125,Omega,121,3,PLD
Ase Dora,42603487,26,24,Alpha,Light,2340,0,78626e6cf6f07875d5ac9527a5bd0c4d_6132295fcf5570fb8b0a944ef322a598fc0.jpg?1788100584,Omega,506,16,VPR
Lex'ander Wayfarer,18009481,27,26,Odin,Light,2295,0,0adfa03fe11940a91e3b6a2ed08ddb88_644311b63b607133c989d7c1188467dafc0.jpg?1788100176,Omega,72,0,VPR
Resilla Frostflow,14658770,28,27,Cerberus,Chaos,2294,0,00a4e6250beb98b5644c87cffe8b7f4f_777c57311d510ca65dac3c1077dee435fc0.jpg?1788101465,Omega,146,0,WAR
Ame Ame,20722816,29,28,Ragnarok,Chaos,2187,0,84eea0fa24e8d91df6e02312644e4c94_40d57ba713628f3f1ef5ef204b6d76d2fc0.jpg?1788101339,Omega,77,0,UNK
Lhei Tayun,25191408,30,29,Zodiark,Light,2179,0,6ee93960f16da0ea5150fe1b7590dfa4_c274370774c6bc3483cc8740805f41bcfc0.jpg?1788100488,Omega,263,0,BLM
Cat Wife,21099767,31,30,Zodiark,Light,2161,99,76d1664265ae631c957cfab6c72cfba9_c274370774c6bc3483cc8740805f41bcfc0.jpg?1788100749,Omega,37,3,RDM
Leedo Dale,25033597,32,31,Zodiark,Light,1983,0,9e122691e98bda2ea6abe86ed7b81a63_c274370774c6bc3483cc8740805f41bcfc0.jpg?1788098743,Omega,485,0,SGE
Meryll Enetari,24681550,33,32,Cerberus,Chaos,1974,0,f4fe16c70d7023e2101e19421c5abf1e_777c57311d510ca65dac3c1077dee435fc0.jpg?1788100745,Omega,365,8,DNC
Xen Thique,40172078,34,36,Odin,Light,1972,78,8930228f4df0c18feea28ebbb1c451f2_644311b63b607133c989d7c1188467dafc0.jpg?1788098665,Omega,138,6,WHM
Purr It,40913226,35,72,Zodiark,Light,1947,786,9adf9c1689ff6761673da6e25b839b7b_c274370774c6bc3483cc8740805f41bcfc0.jpg?1788100995,Omega,190,21,SAM
Arale Il,15406803,36,34,Ragnarok,Chaos,1919,0,e5c2a19e43a1edb9b276827163b36a1b_40d57ba713628f3f1ef5ef204b6d76d2fc0.jpg?1788098454,Omega,142,0,WHM
Ten Gil,17217146,37,35,Louisoix,Chaos,1916,0,884fcae1e61228d09798c630a2c827fb_0a122616f3718d3f45cab10fd8fc1604fc0.jpg?1788099538,Omega,89,6,SMN
Marci Sidekick,41408431,38,37,Zodiark,Light,1887,0,a9c3b41a05dec1fd191fe80f38009aa5_c274370774c6bc3483cc8740805f41bcfc0.jpg?1788101296,Omega,64,0,DRG
Yi Ma,60448295,39,42,Phoenix,Light,1852,100,bb3af62117cae7488d9b02007f341c7b_5047bc596a4bab2dc7f7c120bb22dec5fc0.jpg?1788099625,Omega,158,5,SMN
Delzor Waka,40194085,40,38,Odin,Light,1837,0,bde30c4caff355f65cf9761727b12725_644311b63b607133c989d7c1188467dafc0.jpg?1788100601,Omega,189,0,MCH
Misora Kaiatsa,25126040,41,39,Moogle,Chaos,1817,0,80fa199452585ab77d14128509576300_d7a9d5f85a29d6278ec1c7adc2c8d242fc0.jpg?1788100994,Omega,146,8,RDM
Magna Shanoa,22946172,42,40,Omega,Chaos,1798,0,fa3b3fe187b1dcbf8c4a5af5b2c5d507_39e25ac3d737c46452305eefe324372cfc0.jpg?1788100020,Omega,88,0,PCT
Two Koma,51508003,43,41,Zodiark,Light,1796,1,15a666f8d7bb67401300fae763ce4d32_c274370774c6bc3483cc8740805f41bcfc0.jpg?1788098157,Omega,128,1,DRK
Myst Freyja,33906213,44,45,Omega,Chaos,1795,99,240b879fd403fc16c04022b6075077ae_39e25ac3d737c46452305eefe324372cfc0.jpg?1788099087,Omega,81,1,RDM
Jun Moxiao,40533777,45,43,Odin,Light,1737,0,9f41b7adf0a59849ae35b17cdace2b32_644311b63b607133c989d7c1188467dafc0.jpg?1788101432,Omega,168,0,VPR
Maggot Maggot,61703768,46,44,Omega,Chaos,1709,0,3657d57f4a20a5d901d7f4537f1b7307_39e25ac3d737c46452305eefe324372cfc0.jpg?1788101455,Omega,235,0,DRK
Dalik Mathis,9537863,47,46,Ragnarok,Chaos,1694,0,fd4dde44208527cc20e58ba589d51f01_40d57ba713628f3f1ef5ef204b6d76d2fc0.jpg?1788101044,Omega,180,17,GNB
Yhren Vhal,56948558,48,47,Odin,Light,1693,0,3f62ad2093c1016540ef936a5563823b_644311b63b607133c989d7c1188467dafc0.jpg?1788099730,Omega,248,0,UNK
Kimbi Aoe,24693270,49,48,Shiva,Light,1692,0,67e0ddfb70faf5725a971d086cfdce61_3fbff0e6b620e4d259dc427abc6574dafc0.jpg?1788098323,Omega,80,0,MCH
Sweet Light,41777815,50,49,Spriggan,Chaos,1679,0,2e6808627bd2b8f0f5f0377d20cbbbc5_feaf0a2e88ff164813fbc9b85876fa48fc0.jpg?1788099676,Omega,143,12,SMN
Fygqhzr Zhgfjhh,49000606,51,50,Phantom,Chaos,1679,0,ed46d70a9c354991698a796aac7c462e_f0a43d6e5eea19af337a176e9836acddfc0.jpg?1788098690,Omega,46,0,DRG
Yamizura Kumozuma,19652230,52,51,Twintania,Light,1679,0,24bbc9cebf09eb83efcbc272c3085fd1_c33f640c0cdd35f7def85b8aa31a0007fc0.jpg?1788099459,Omega,22,0,SCH
Shia Sun,1754600,53,52,Odin,Light,1678,0,7550981ba488e5ebe919aa3cb39efbfa_644311b63b607133c989d7c1188467dafc0.jpg?1788099402,Omega,204,5,DNC
Pan Ther,47356852,54,53,Twintania,Light,1651,0,fc9492796dbee9f84ae010350ec7759c_c33f640c0cdd35f7def85b8aa31a0007fc0.jpg?1788101078,Omega,159,0,RPR
Yun' Yun,11341467,55,54,Cerberus,Chaos,1592,0,df098ceed6d9cf14cf61cc4110cd6cb5_777c57311d510ca65dac3c1077dee435fc0.jpg?1788098114,Omega,160,0,WHM
Imy Pure,24943089,56,55,Cerberus,Chaos,1509,0,2e46879ac1baf7fc77ec2de872a0461c_777c57311d510ca65dac3c1077dee435fc0.jpg?1788101334,Omega,56,0,RPR
Chise Hatori',9182735,57,56,Ragnarok,Chaos,1500,0,236f29f4984f26e6b197da380f104a63_40d57ba713628f3f1ef5ef204b6d76d2fc0.jpg?1788098446,Omega,169,0,RDM
Yuripa Arashi,37731658,58,57,Shiva,Light,1498,0,73ff0d0b3cc5f92ec79dabffa2bedf80_3fbff0e6b620e4d259dc427abc6574dafc0.jpg?1788100719,Crystal,62,0,MCH
Memento Mo'ri,1641495,59,58,Ragnarok,Chaos,1495,0,86323bce84189061b1d71ff1dc25266a_40d57ba713628f3f1ef5ef204b6d76d2fc0.jpg?1788098105,Crystal,120,0,WHM
A'dyalani Sato,10026278,60,59,Odin,Light,1487,0,d072994a22af88090aecf6e5a3b85c36_644311b63b607133c989d7c1188467dafc0.jpg?1788099387,Crystal,224,0,NIN
Shimori Bunihara,35166011,61,60,Raiden,Light,1461,0,c44c8fc68c230b1051ec35a527afe9ed_a370664d98f658f4ed4e620f378f73cdfc0.jpg?1788100681,Crystal,134,0,RPR
Khorasan Ataraxia,47289604,62,61,Shiva,Light,1429,0,721a6c9c723209b16696818df4cf0c93_3fbff0e6b620e4d259dc427abc6574dafc0.jpg?1788098117,Crystal,307,0,UNK
Terro Beoulevard,51148631,63,62,Sagittarius,Chaos,1428,0,758b534f47542287e0b99c648590b2ac_44ca0844398b2d010d8cd4a31ddb023dfc0.jpg?1788099438,Crystal,91,0,RPR
Aurora Maou,26517539,64,63,Louisoix,Chaos,1388,0,433a49b5cc43b35afac03d97c50262f9_0a122616f3718d3f45cab10fd8fc1604fc0.jpg?1788098450,Crystal,106,0,PLD
Baby Starz,27999014,65,64,Omega,Chaos,1381,0,e8cb7daea22ff306dcc9397ecad5a4a2_39e25ac3d737c46452305eefe324372cfc0.jpg?1788098258,Crystal,173,6,NIN
Sunie Mochi,12728791,66,65,Twintania,Light,1374,0,4760f9b45bd6f71f83adbd97ab87eae3_c33f640c0cdd35f7def85b8aa31a0007fc0.jpg?1788101600,Crystal,215,0,DNC
Spedah Sashihai,46717230,67,68,Phantom,Chaos,1308,106,916aa42d41d9cb06784f26d21d850c5a_f0a43d6e5eea19af337a176e9836acddfc0.jpg?1788100203,Crystal,201,15,SGE
Farnese Shieldmaiden,24419493,68,75,Cerberus,Chaos,1307,198,dcec016c4a6cd9a2bd3a2b73183f5a65_777c57311d510ca65dac3c1077dee435fc0.jpg?1788099160,Crystal,62,6,PLD
Raiden Thorne,27238016,69,66,Zodiark,Light,1299,0,96a909af8d24d60f6d8173f8cc16facb_c274370774c6bc3483cc8740805f41bcfc0.jpg?1788098423,Crystal,31,0,SAM
Lsi Lsi,47353875,70,67,Lich,Light,1209,0,792b3235fe2fbd35d956e856c210194f_7206469080400ed57a5373d0a9c55c59fc0.jpg?1788100182,Crystal,191,17,MNK
Endorel Soro,12949151,71,69,Alpha,Light,1192,0,038b9a835f84a3b80a8a467605d3dd8c_6132295fcf5570fb8b0a944ef322a598fc0.jpg?1788101486,Crystal,48,0,UNK
Based Miqote,46487952,72,70,Twintania,Light,1190,0,5e2bb42e554586a20b050b7fd3f88e26_c33f640c0cdd35f7def85b8aa31a0007fc0.jpg?1788099428,Crystal,130,0,UNK
Shadow Aya,54551815,73,71,Zodiark,Light,1169,0,5ca13f39db9eefc50e8e57be73e7254e_c274370774c6bc3483cc8740805f41bcfc0.jpg?1788098942,Crystal,103,9,DRK
Kyouko Owo,25629243,74,73,Louisoix,Chaos,1157,0,4fbeb17208a00397ad05eebfc2d20d2f_0a122616f3718d3f45cab10fd8fc1604fc0.jpg?1788100191,Crystal,69,0,WHM
Mitsuki Mirai,18435457,75,74,Louisoix,Chaos,1142,0,365f1772f387bd280bdbfc16afbd5e4e_0a122616f3718d3f45cab10fd8fc1604fc0.jpg?1788099086,Crystal,66,2,BLM
Snap Ringer,18714030,76,0,Omega,Chaos,1093,0,77577ce781d587b133c9c53da0974817_39e25ac3d737c46452305eefe324372cfc0.jpg?1788099601,Crystal,22,0,SAM
Holos Ymir,35299241,77,0,Cerberus,Chaos,1066,0,f8029ed36fad032333305dfa455cddec_777c57311d510ca65dac3c1077dee435fc0.jpg?1788100318,Crystal,91,0,WVR
Feri De,32873333,78,0,Twintania,Light,1058,0,04fae792c920333e5bdc3287c0df72e4_c33f640c0cdd35f7def85b8aa31a0007fc0.jpg?1788100345,Crystal,206,6,WVR
Baka Bao,30345026,79,0,Phantom,Chaos,1015,0,57df7efcbcdf8f1aca84c4f1435c36ba_f0a43d6e5eea19af337a176e9836acddfc0.jpg?1788099519,Crystal,557,10,SAM
Phaey Yeon,58326616,80,0,Moogle,Chaos,1006,0,6497d439e55c80c0156c198e7f135c78_d7a9d5f85a29d6278ec1c7adc2c8d242fc0.jpg?1788099172,Crystal,112,0,UNK
Kyra Nshakha,56831314,81,0,Alpha,Light,1000,0,b27d76c3fbe312d06184fd92f8aebc55_6132295fcf5570fb8b0a944ef322a598fc0.jpg?1788100845,Crystal,212,4,SCH
Tay Talenath,45740169,82,0,Raiden,Light,995,0,b2fa0c7222f7e3ebe117f24a200e11d8_a370664d98f658f4ed4e620f378f73cdfc0.jpg?1788100998,Crystal,172,0,SGE
Elyndra Mayhn,27143285,83,0,Twintania,Light,937,0,e4b30c11c8c987996e50ee4c5899c037_c33f640c0cdd35f7def85b8aa31a0007fc0.jpg?1788100386,Crystal,124,0,RPR
Tyra Kett,26531277,84,0,Spriggan,Chaos,926,0,101b7ec48bba5c5e5b34fda1316c57bc_feaf0a2e88ff164813fbc9b85876fa48fc0.jpg?1788100585,Crystal,126,0,DRG
Wwwwwwwwww Wwwwwwwwww,22934838,85,0,Odin,Light,910,0,44b50a04ce7aed4e2c4699753f5b83bc_644311b63b607133c989d7c1188467dafc0.jpg?1788100752,Crystal,63,0,SMN
Sin Mirrorslave,43994621,86,0,Raiden,Light,908,0,3f8e3345c252d3f9b50e27c481f91100_a370664d98f658f4ed4e620f378f73cdfc0.jpg?1788099161,Crystal,68,7,UNK
Magic Beans,43732030,87,0,Phoenix,Light,905,0,4a7e75e2be4f70e389e8807cc1d2b885_5047bc596a4bab2dc7f7c120bb22dec5fc0.jpg?1788099018,Crystal,153,0,WAR
Xanthe Hati,28239197,88,0,Sagittarius,Chaos,891,0,9bf816bfcd7f963908af59458b5500c9_44ca0844398b2d010d8cd4a31ddb023dfc0.jpg?1788100966,Crystal,72,0,VPR
Aris Oz,41983172,89,99,Zodiark,Light,813,101,abbd4cf51609bf59977c5b4850c4c351_c274370774c6bc3483cc8740805f41bcfc0.jpg?1788099202,Crystal,60,1,PLD
Alex Rider,15112833,90,89,Alpha,Light,812,0,3c32a1d9439fd94359ee9df8b368df94_6132295fcf5570fb8b0a944ef322a598fc0.jpg?1788100043,Crystal,108,1,DRG
Lybel Alyborias,25836089,91,90,Louisoix,Chaos,807,0,a86b680e6c4e5e23befaaaf535a158de_0a122616f3718d3f45cab10fd8fc1604fc0.jpg?1788099933,Crystal,67,0,RDM
Blunt Man,35300195,92,91,Louisoix,Chaos,801,0,bfddeb1fd8c57b9259f8bb179dd8158b_0a122616f3718d3f45cab10fd8fc1604fc0.jpg?1788099565,Crystal,202,9,SAM
Aurora Aria,24116937,93,92,Phoenix,Light,801,0,05caa52c69a69c31a889325a1f319530_5047bc596a4bab2dc7f7c120bb22dec5fc0.jpg?1788099618,Crystal,154,0,NIN
Brian Ricardo,23607238,94,93,Zodiark,Light,801,0,9c9d045f5f22c579ce5c24faa2b9b303_c274370774c6bc3483cc8740805f41bcfc0.jpg?1788099853,Crystal,67,0,AST
Drop Dead,61865612,95,94,Raiden,Light,796,0,8b4d73c68bf61dbad86bb051105da5ec_a370664d98f658f4ed4e620f378f73cdfc0.jpg?1788099838,Crystal,61,0,DRG
Acacia Strain,43137076,96,95,Raiden,Light,794,0,8678948c8fea34b563980d4a6da37e32_a370664d98f658f4ed4e620f378f73cdfc0.jpg?1788098496,Crystal,331,0,VPR
Sho'zhirr Shizahi-jo,28092848,97,106,Phoenix,Light,794,99,c6923f91c3f9e08d53d38488a3040788_5047bc596a4bab2dc7f7c120bb22dec5fc0.jpg?1788101245,Crystal,80,2,UNK
Rei Nara,30869508,98,121,Ragnarok,Chaos,794,292,6d7be1a63248369bf5017070a85d6bd0_40d57ba713628f3f1ef5ef204b6d76d2fc0.jpg?1788099148,Crystal,69,11,UNK
Sal Ren,40787945,99,96,Phoenix,Light,793,0,9613f7a8c0a759977b8a3fe787fed7e0_5047bc596a4bab2dc7f7c120bb22dec5fc0.jpg?1788101609,Crystal,147,2,WAR
Hyzenthlay Efrafa,1817919,100,97,Ragnarok,Chaos,790,0,f61f49f2ed95a3709fa034686da0eb63_40d57ba713628f3f1ef5ef204b6d76d2fc0.jpg?1788100446,Crystal,59,0,BRD
Mahou Mahou,5924021,101,242,Odin,Light,790,790,4c6afcfde744ebab926aa3423b6c4064_644311b63b607133c989d7c1188467dafc0.jpg?1788100921,Crystal,39,32,DRG
Skillpade Skyr,37019657,102,98,Lich,Light,782,0,e520a31662bd7030c96e4951a4f2d301_7206469080400ed57a5373d0a9c55c59fc0.jpg?1788101569,Crystal,146,0,DRK
Sotek Scherwil,486374,103,111,Twintania,Light,707,105,c881840c18d6c9fc415801f5f8240174_c33f640c0cdd35f7def85b8aa31a0007fc0.jpg?1788098576,Crystal,82,8,DRK
Sekai Eri,41303117,104,101,Raiden,Light,705,4,cb1ac59e3c66b2050bc4ee7e3368c36c_a370664d98f658f4ed4e620f378f73cdfc0.jpg?1788101541,Crystal,150,12,UNK
Life Enjoyer,28145650,105,100,Raiden,Light,704,0,1f163924ab5a124c00b3684fe37e6e58_a370664d98f658f4ed4e620f378f73cdfc0.jpg?1788101525,Crystal,104,0,DRG
Red Aura,58355527,106,102,Spriggan,Chaos,700,0,24685b07d940d962953f7111d4144e46_feaf0a2e88ff164813fbc9b85876fa48fc0.jpg?1788101640,Crystal,49,0,MNK
Diarmuidia Ua-dibhne,60435376,107,103,Cerberus,Chaos,699,0,5d9b7dcb4848e335ad4a88c0dc644669_777c57311d510ca65dac3c1077dee435fc0.jpg?1788099671,Crystal,107,7,DRG
Aru Chiikawa,53173199,108,104,Raiden,Light,698,0,e04a223356da8c93c18581feda55b5bf_a370664d98f658f4ed4e620f378f73cdfc0.jpg?1788101317,Crystal,189,9,WHM
Lost Signal,56186869,109,105,Odin,Light,695,0,b36972ee34bfd25f82ce348b32b6f5da_644311b63b607133c989d7c1188467dafc0.jpg?1788099806,Crystal,126,0,PCT
Gabriel Zephyrus,11099535,110,107,Zodiark,Light,690,0,fb5c6913d0c275952def0841ab82887f_c274370774c6bc3483cc8740805f41bcfc0.jpg?1788099485,Crystal,199,0,RPR
Laela Hyun,59589734,111,108,Phantom,Chaos,684,0,a377ba040d4300db7c8df4efc92acd53_f0a43d6e5eea19af337a176e9836acddfc0.jpg?1788099259,Crystal,55,0,UNK
Aeo We,10437907,112,109,Ragnarok,Chaos,681,0,2cc33bbd6e1f29b872030a98ed37c0fc_40d57ba713628f3f1ef5ef204b6d76d2fc0.jpg?1788099474,Crystal,41,1,UNK
Magidolce Magileine,39132419,113,110,Twintania,Light,614,0,088bd05d5a98251023ecb7e28a638b68_c33f640c0cdd35f7def85b8aa31a0007fc0.jpg?1788099337,Crystal,265,0,PCT
Manji Haq,30381529,114,185,Shiva,Light,608,508,1840291846e97e46d3053d2cb9351608_3fbff0e6b620e4d259dc427abc6574dafc0.jpg?1788100145,Crystal,237,15,PLD
Fay Fury,13801627,115,0,Alpha,Light,601,601,c8bf2d24d3b66a91e8891eb6b4043bd8_6132295fcf5570fb8b0a944ef322a598fc0.jpg?1788098798,Crystal,134,19,UNK
Sophia Ariadne,11431073,116,112,Odin,Light,600,0,f4329ddf82a418a6e12f1ba978bc1523_644311b63b607133c989d7c1188467dafc0.jpg?1788101003,Crystal,57,0,WHM
Roy Dimgao,29524655,117,113,Omega,Chaos,597,0,320af7149c63c337e5826c2c2cc1bf37_39e25ac3d737c46452305eefe324372cfc0.jpg?1788098999,Crystal,187,0,SAM
Feral Jorex,21749898,118,114,Odin,Light,594,0,f9027c778862384a6ae4224efd2fe7c3_644311b63b607133c989d7c1188467dafc0.jpg?1788098460,Crystal,366,7,BTN
General Aardvark,48423100,119,115,Twintania,Light,593,0,cf88029724167c1d18ed8c536a862900_c33f640c0cdd35f7def85b8aa31a0007fc0.jpg?1788101327,Crystal,222,11,SAM
Zot To,18725302,120,116,Cerberus,Chaos,590,0,852c16bac4fe7f528a8653c65704e818_777c57311d510ca65dac3c1077dee435fc0.jpg?1788100665,Crystal,5,0,DRG
Seraban Mistodisushi,25116690,121,137,Omega,Chaos,514,112,9ab6f5d4307a747e8378402c6070b2a7_39e25ac3d737c46452305eefe324372cfc0.jpg?1788099089,Crystal,190,9,UNK
Neclord Drakan,34358772,122,117,Phoenix,Light,510,0,7e002012c8fc4f9e493cd5879573e088_5047bc596a4bab2dc7f7c120bb22dec5fc0.jpg?1788098981,Crystal,41,0,SGE
Pat Olehouse,17156873,123,118,Lich,Light,506,0,54c944c62ef7bd68e95a2a558d856482_7206469080400ed57a5373d0a9c55c59fc0.jpg?1788099924,Crystal,95,0,PLD
Shiroko Momo,39619880,124,119,Odin,Light,504,0,83b4a27fbdf8dfdce9a7e095cc14bf41_644311b63b607133c989d7c1188467dafc0.jpg?1788100275,Crystal,150,0,SCH
Arima Sui,61051327,125,120,Alpha,Light,503,0,a616749d9bdfd00b6659f83dbb1c8a7f_6132295fcf5570fb8b0a944ef322a598fc0.jpg?1788100907,Crystal,467,10,WAR
Cipher Strife,7955322,126,122,Ragnarok,Chaos,501,0,fd0f2644fe22871d381e6bae8798c484_40d57ba713628f3f1ef5ef204b6d76d2fc0.jpg?1788101047,Crystal,372,13,VPR
Dacien Darlett,3339751,127,123,Odin,Light,498,0,0311b8a0924e142c3f1da4b81f645156_644311b63b607133c989d7c1188467dafc0.jpg?1788099653,Crystal,162,0,SCH
Queenie Skyfrost,34868775,128,136,Odin,Light,498,95,4c0182a4bd02a557a3e29b795c1e0b9c_644311b63b607133c989d7c1188467dafc0.jpg?1788100411,Crystal,85,3,SGE
Master Zoknik,47233914,129,124,Omega,Chaos,498,0,47b7a0d3c4816d6dc7cb85c85a3685f7_39e25ac3d737c46452305eefe324372cfc0.jpg?1788099336,Crystal,69,0,DRK
Lion Lad,60548427,130,125,Phantom,Chaos,498,0,69af2e062eb7ba4549c964e1fbc8b79e_f0a43d6e5eea19af337a176e9836acddfc0.jpg?1788100867,Crystal,30,0,BRD
Yellow Blue,58488618,131,126,Spriggan,Chaos,497,0,51731f8a93c1d8b59b5c3ded4ffb5a64_feaf0a2e88ff164813fbc9b85876fa48fc0.jpg?1788098468,Crystal,80,0,DRG
Jou Bright,26172504,132,127,Shiva,Light,496,0,80f6d86c4118e80a4c51ba20920a1384_3fbff0e6b620e4d259dc427abc6574dafc0.jpg?1788098517,Crystal,196,0,NIN
Lolorei Lalarei,3686155,133,128,Omega,Chaos,496,0,da6ff12e4effc4cbacfe1b954f1c3bf5_39e25ac3d737c46452305eefe324372cfc0.jpg?1788099641,Crystal,149,0,WHM
Thor Strom,35911315,134,129,Cerberus,Chaos,496,0,3826da79ed71141aec290f69127b5c79_777c57311d510ca65dac3c1077dee435fc0.jpg?1788100271,Crystal,5,0,SCH
Reireiko Reiko,51402233,135,130,Alpha,Light,491,0,6bb627130b2067e09c7110eb74707745_6132295fcf5570fb8b0a944ef322a598fc0.jpg?1788100421,Crystal,38,0,PLD
Bing Bing,50857849,136,131,Odin,Light,424,0,1a2b77cf04680b9bfe1c19f07f9f1f44_644311b63b607133c989d7c1188467dafc0.jpg?1788099858,Crystal,78,0,MCH
Zecht Bradamant,31785474,137,132,Omega,Chaos,415,0,b0b8438e6682f2931a1a930121d0ab43_39e25ac3d737c46452305eefe324372cfc0.jpg?1788101042,Crystal,103,0,PLD
Yinwea Levai,36476322,138,133,Shiva,Light,412,0,944bf3a8e93fcc8f15f3f521462d11b5_3fbff0e6b620e4d259dc427abc6574dafc0.jpg?1788100812,Crystal,154,0,WAR
Frankie Urien,32323176,139,134,Odin,Light,405,0,ffae33588fe71f102672b7defdb50a30_644311b63b607133c989d7c1188467dafc0.jpg?1788100684,Crystal,212,0,DNC
Ul Unhu,9592278,140,135,Phoenix,Light,403,0,d703e404c81140848dbcd200abc4ef7e_5047bc596a4bab2dc7f7c120bb22dec5fc0.jpg?1788100178,Crystal,139,0,DRK
Lawr Hawk,28248881,141,138,Odin,Light,401,0,e241b26df61ea0e201b637a7ae6c4cd4_644311b63b607133c989d7c1188467dafc0.jpg?1788098740,Crystal,63,0,FSH
Limit Cat,37849108,142,183,Lich,Light,401,210,5b03795e0323d8633451ea410c4aeced_7206469080400ed57a5373d0a9c55c59fc0.jpg?1788099299,Crystal,23,5,RDM
Firas Xll,61570305,143,139,Alpha,Light,397,0,180935d91342970858d2044d5c23d436_6132295fcf5570fb8b0a944ef322a598fc0.jpg?1788100197,Crystal,68,0,WHM
Renna Vorak,25421061,144,140,Raiden,Light,310,0,c2dc94bad32c136ebcdcb42ec56ba1c3_a370664d98f658f4ed4e620f378f73cdfc0.jpg?1788100910,Crystal,75,0,WAR
Victoria Nyala,43751055,145,141,Phoenix,Light,304,0,d41ca298e2f03ee2273aca61640ebce0_5047bc596a4bab2dc7f7c120bb22dec5fc0.jpg?1788099378,Crystal,66,0,MCH
Moki Moki,14235486,146,142,Odin,Light,303,0,82d3ef8d03fa7a6ddf4429f15fd296a2_644311b63b607133c989d7c1188467dafc0.jpg?1788100448,Crystal,10,0,DRG
Yoe Lleufyn,28631681,147,143,Phoenix,Light,302,0,9584dd8fac44ba749b0855105a0e29e9_5047bc596a4bab2dc7f7c120bb22dec5fc0.jpg?1788098990,Crystal,115,0,BLM
Lina Sunstar,52075433,148,144,Spriggan,Chaos,301,0,d60c4576e74acfcd0ed77a6ea5d48800_feaf0a2e88ff164813fbc9b85876fa48fc0.jpg?1788100529,Crystal,168,10,WHM
Kalythas Alagria,37806271,149,145,Shiva,Light,300,0,4403baaa9e80e2bfd259c321ef6e7799_3fbff0e6b620e4d259dc427abc6574dafc0.jpg?1788099060,Crystal,64,1,SGE
Thesa Sergearis,47267643,150,172,Raiden,Light,300,100,09dba50da69ae23c7f77aa5135356ea2_a370664d98f658f4ed4e620f378f73cdfc0.jpg?1788099324,Crystal,27,1,RPR
Neo Saladin,60195724,151,146,Alpha,Light,299,0,d61ef205c9700150e78797546d2ac263_6132295fcf5570fb8b0a944ef322a598fc0.jpg?1788098258,Crystal,90,0,NIN
Lu Ni,58272624,152,147,Cerberus,Chaos,299,0,ab167867f3aa425b82e05a081df98df4_777c57311d510ca65dac3c1077dee435fc0.jpg?1788100975,Crystal,79,0,BLM
Medicine Melancholy,25525676,153,148,Raiden,Light,299,0,8a3aaef7e82e665cdb12f15457700593_a370664d98f658f4ed4e620f378f73cdfc0.jpg?1788101477,Crystal,71,0,GNB
Madelynn Veil,49771412,154,149,Omega,Chaos,299,0,92f91d9225bb816c6562fb117814681e_39e25ac3d737c46452305eefe324372cfc0.jpg?1788099177,Crystal,57,0,RDM
Wimp Lo,37793632,155,150,Zodiark,Light,298,0,45ed053d252c3a44eabe55329426aa37_c274370774c6bc3483cc8740805f41bcfc0.jpg?1788101635,Crystal,146,0,RDM
Kihn Shirudo,43951482,156,151,Spriggan,Chaos,298,0,2e619166d10daa6082c54563a5af17ff_feaf0a2e88ff164813fbc9b85876fa48fc0.jpg?1788098117,Crystal,92,18,DRK
Miimo Xa'ra,11362808,157,152,Shiva,Light,298,0,ce9814c05102c51abc5834316927fd0c_3fbff0e6b620e4d259dc427abc6574dafc0.jpg?1788098503,Crystal,72,0,SAM
Lunaelumen Heartless,3344766,158,153,Phoenix,Light,298,0,442c49c53db78614043ce10aa9733411_5047bc596a4bab2dc7f7c120bb22dec5fc0.jpg?1788098813,Crystal,48,0,MNK
Riseon Misha,26343965,159,154,Zodiark,Light,297,0,d883dcfcee6650b3e6e1691bf6838f6c_c274370774c6bc3483cc8740805f41bcfc0.jpg?1788101388,Crystal,146,8,RDM
Ultimo Tower,13765195,160,155,Odin,Light,297,0,f3f293a7802e54bc6d3f5c2ceb6f4902_644311b63b607133c989d7c1188467dafc0.jpg?1788101395,Crystal,102,0,WAR
Dundee Nic'hpisfa,35976824,161,156,Odin,Light,296,0,8eda92b5ce2e258786d149b7cb349e09_644311b63b607133c989d7c1188467dafc0.jpg?1788098314,Crystal,196,0,SGE
Night Siren,46140840,162,157,Alpha,Light,221,0,5b2c854dc9360523ee7fcd5bfee41621_6132295fcf5570fb8b0a944ef322a598fc0.jpg?1788098963,Crystal,168,0,GNB
Erion Hein,39135014,163,158,Twintania,Light,216,0,ba6bc1e1e70e5f3402d91ecfcf7d01e8_c33f640c0cdd35f7def85b8aa31a0007fc0.jpg?1788099776,Crystal,144,0,SCH
Ayrelinia Saelinire,41821402,164,159,Spriggan,Chaos,207,0,8604bb768bf59461e5f44eef46ee9961_feaf0a2e88ff164813fbc9b85876fa48fc0.jpg?1788100924,Crystal,22,0,BLU
Keylinda Heliopsis,44659154,165,160,Moogle,Chaos,204,0,aae227ec83063cc479b9c5f6fb803e66_d7a9d5f85a29d6278ec1c7adc2c8d242fc0.jpg?1788099552,Crystal,132,7,AST
Brutal Killer,8885117,166,161,Ragnarok,Chaos,203,0,30c6a6207c7e93d407784888a7f29c97_40d57ba713628f3f1ef5ef204b6d76d2fc0.jpg?1788099205,Crystal,3,0,DRK
Strife Duskblade,34142903,167,162,Omega,Chaos,202,0,e8d7518889e9dd65f6114527334ca66a_39e25ac3d737c46452305eefe324372cfc0.jpg?1788098114,Crystal,82,0,DRK
Gaspard Deguingoix,11032081,168,163,Moogle,Chaos,201,0,b9283e6a6be9cd219ee0afea98546775_d7a9d5f85a29d6278ec1c7adc2c8d242fc0.jpg?1788100588,Crystal,79,0,SGE
Rei Dassario,24597443,169,164,Raiden,Light,201,0,a51ce0a687a31ff3b67287e80ea30aed_a370664d98f658f4ed4e620f378f73cdfc0.jpg?1788100183,Crystal,70,0,VPR
Sayuri Maeshima,33888798,170,165,Omega,Chaos,201,0,9543e703e2409901a4e4c51fcd72a0bd_39e25ac3d737c46452305eefe324372cfc0.jpg?1788098907,Crystal,57,0,FSH
Tiranna Reinford,12390793,171,166,Moogle,Chaos,201,0,287223c7dac01617ab03a9e54406de0e_d7a9d5f85a29d6278ec1c7adc2c8d242fc0.jpg?1788098074,Crystal,31,0,WAR
Mizu Shimizu,41402391,172,167,Twintania,Light,200,0,b745f1d87ccd905d96d6b6ca49092222_c33f640c0cdd35f7def85b8aa31a0007fc0.jpg?1788100231,Crystal,74,0,UNK
Ash Dreadsaint,16641514,173,168,Alpha,Light,200,0,35babc8a56d97c1de09ffbf594068bd0_6132295fcf5570fb8b0a944ef322a598fc0.jpg?1788099208,Crystal,67,0,GNB
Eve Naeuri,43290162,174,169,Sagittarius,Chaos,200,0,c143c5d5e461ba9e3f51c07a3de23e21_44ca0844398b2d010d8cd4a31ddb023dfc0.jpg?1788098936,Crystal,45,0,WAR
Krek Balflear,48912824,175,170,Sagittarius,Chaos,200,0,3ddedc4fdcf35465d04f99e2b4737a9f_44ca0844398b2d010d8cd4a31ddb023dfc0.jpg?1788100102,Crystal,42,0,RPR
Neppie Nen,38644421,176,171,Phoenix,Light,200,0,6744f6c777bfc017ed7318054ef44f3d_5047bc596a4bab2dc7f7c120bb22dec5fc0.jpg?1788098419,Crystal,31,0,DRG
Selin Naari,16360751,177,173,Cerberus,Chaos,200,0,fb2c3681e2cb33bdcd7894d5aad0b9ec_777c57311d510ca65dac3c1077dee435fc0.jpg?1788101400,Crystal,21,0,SMN
Mer Lin,50434149,178,174,Spriggan,Chaos,200,0,52a13256ecf71bc72e25a6b211b196c8_feaf0a2e88ff164813fbc9b85876fa48fc0.jpg?1788101368,Crystal,18,0,DRK
Vic Strider,53817077,179,175,Raiden,Light,199,0,64d68250fabd33e4972dcba2d2638d6c_a370664d98f658f4ed4e620f378f73cdfc0.jpg?1788099636,Crystal,156,0,WHM
Hegel Gil,25438753,180,176,Omega,Chaos,199,0,5ed500fc1dd1d9cbbc95000a80326ff7_39e25ac3d737c46452305eefe324372cfc0.jpg?1788098254,Crystal,124,0,WAR
Veritan Indaerus,21877909,181,228,Odin,Light,198,98,978a128ddf080c55e3afc742274d0c9f_644311b63b607133c989d7c1188467dafc0.jpg?1788098987,Crystal,48,2,DRG
Airi Rhitik,2286171,182,177,Moogle,Chaos,197,0,0e7c747879926e0f575c8444323c478f_d7a9d5f85a29d6278ec1c7adc2c8d242fc0.jpg?1788098906,Crystal,132,0,AST
Guimiko Miko,54285624,183,178,Moogle,Chaos,197,0,610c37aeb64c6149d7c6d5ea93a8114e_d7a9d5f85a29d6278ec1c7adc2c8d242fc0.jpg?1788101055,Crystal,51,0,SAM
Vyn Silvair,21908199,184,179,Shiva,Light,196,0,05a4597e1e8ad1e87cfc4aab88be286c_3fbff0e6b620e4d259dc427abc6574dafc0.jpg?1788098971,Crystal,87,0,WHM
Mats Luxed,36390152,185,180,Twintania,Light,196,0,4d98b4ef01ccfc9df166d83a5771a4ea_c33f640c0cdd35f7def85b8aa31a0007fc0.jpg?1788100171,Crystal,32,0,RDM
Luca Natura,26126798,186,181,Omega,Chaos,196,0,aee9a8f332f96a4c5a45923c0e82782a_39e25ac3d737c46452305eefe324372cfc0.jpg?1788099568,Crystal,24,0,GSM
Wieg Wiggles,35061622,187,182,Lich,Light,192,0,61256a3e6c4f0c3dcc05469f5550d102_7206469080400ed57a5373d0a9c55c59fc0.jpg?1788101154,Crystal,186,0,WAR
Deltimor Offerentis,53216923,188,184,Ragnarok,Chaos,101,0,b1f3b3bcc24281f671ac2ced6960431a_40d57ba713628f3f1ef5ef204b6d76d2fc0.jpg?1788099316,Crystal,292,0,BLM
Ezra Qestir,44134603,189,295,Raiden,Light,101,101,7200800b651be63ad1594ce634d2eb48_a370664d98f658f4ed4e620f378f73cdfc0.jpg?1788100221,Crystal,76,15,DRG
Rem Minase,15335467,190,186,Ragnarok,Chaos,100,0,6f4b9532213e5ed122fcac3e5c3b4cc5_40d57ba713628f3f1ef5ef204b6d76d2fc0.jpg?1788098525,Crystal,210,6,SAM
Freya Highwind,37533969,191,186,Spriggan,Chaos,100,0,de376c51fd21ccbb1018c1c3fb40734b_feaf0a2e88ff164813fbc9b85876fa48fc0.jpg?1788099817,Crystal,204,0,SMN
Sonnas Dedede,37860927,192,188,Twintania,Light,100,0,25b1bad7226a0841ef265c7dc5b0eba9_c33f640c0cdd35f7def85b8aa31a0007fc0.jpg?1788099944,Crystal,202,0,SAM
Laville Burns,44676490,193,189,Alpha,Light,100,0,1999bb362905ab6ad44fa2e8931ef3dc_6132295fcf5570fb8b0a944ef322a598fc0.jpg?1788100103,Crystal,200,0,CNJ
Eeva Lightwood,34867115,194,191,Phoenix,Light,100,0,029a994eac70f6897fab7cb241b4204b_5047bc596a4bab2dc7f7c120bb22dec5fc0.jpg?1788098155,Crystal,191,12,SMN
Arienai Nashi,47596567,195,190,Zodiark,Light,100,0,ccbc05e41375849179a5f554d78d7ae1_c274370774c6bc3483cc8740805f41bcfc0.jpg?1788099952,Crystal,184,0,BLM
Rose Nashi'rah,5586423,196,191,Moogle,Chaos,100,0,eabb33d9d4a68beb623fdbad8de0ccd2_d7a9d5f85a29d6278ec1c7adc2c8d242fc0.jpg?1788101050,Crystal,179,0,WVR
Keraunos Greywolfe,31183458,197,193,Alpha,Light,100,0,3431088cd9f33e5f20e30162c35286fd_6132295fcf5570fb8b0a944ef322a598fc0.jpg?1788099085,Crystal,177,0,DRK
Bagel Egg,18929023,198,194,Omega,Chaos,100,0,f655117235b1c0d199ca39849579a631_39e25ac3d737c46452305eefe324372cfc0.jpg?1788098420,Crystal,173,0,BLM
Staz Hellcat,8016319,199,195,Cerberus,Chaos,100,0,c7e860ceda35e35e41bca47bf02624be_777c57311d510ca65dac3c1077dee435fc0.jpg?1788101414,Crystal,155,0,PLD
Lumine Heartseeker,37169102,200,196,Lich,Light,100,0,bef41e353f9709f6c26365adcd129410_7206469080400ed57a5373d0a9c55c59fc0.jpg?1788101474,Crystal,148,0,PCT
Magnus Skorweg,14288959,201,197,Cerberus,Chaos,100,0,36b3ca5cc0c3fa7edd1b5b276f54a6fc_777c57311d510ca65dac3c1077dee435fc0.jpg?1788098989,Crystal,145,0,NIN
Alabaster Arcadia,39618537,202,198,Phoenix,Light,100,0,04f03f1ffd5a39f931966123f856ea6c_5047bc596a4bab2dc7f7c120bb22dec5fc0.jpg?1788099324,Crystal,144,0,RDM
Sir Azmuth,21784845,203,199,Lich,Light,100,0,aaa9e4ee439eaa5d584760975605186f_7206469080400ed57a5373d0a9c55c59fc0.jpg?1788099291,Crystal,124,0,SAM
Indrxon Darkdrake,39417099,204,200,Zodiark,Light,100,0,ad54d57c1df432e3d1125b26e7a70c69_c274370774c6bc3483cc8740805f41bcfc0.jpg?1788099570,Crystal,112,0,BTN
Deme Tayuun,14832348,205,201,Lich,Light,100,0,ae2fb7b7ac8ad3f92247efdd9fade6e7_7206469080400ed57a5373d0a9c55c59fc0.jpg?1788100913,Crystal,108,0,DRG
Haadin Maero,25649806,205,201,Cerberus,Chaos,100,0,ab3efb60a6f01134129c732e6e60c255_777c57311d510ca65dac3c1077dee435fc0.jpg?1788098610,Crystal,108,0,RDM
Lilia Sunvale,59323692,207,203,Phoenix,Light,100,0,01173bfd4d3bd682b07d6e9ac6dafd16_5047bc596a4bab2dc7f7c120bb22dec5fc0.jpg?1788098138,Crystal,105,0,BRD
Blaine Skyler,37236741,208,204,Louisoix,Chaos,100,0,f892c4691642e8efdead7c502a5d01f0_0a122616f3718d3f45cab10fd8fc1604fc0.jpg?1788101252,Crystal,101,0,GNB
Saku Rozen,1622070,208,204,Odin,Light,100,0,76d32a46909474e4b590ee6476bfabce_644311b63b607133c989d7c1188467dafc0.jpg?1788099240,Crystal,101,0,UNK
Aragorn Pendragon,9019127,210,206,Ragnarok,Chaos,100,0,87aef8a41356f31d322683bdf3e6103b_40d57ba713628f3f1ef5ef204b6d76d2fc0.jpg?1788100125,Crystal,100,0,WHM
Hope Carmine,31931991,210,206,Odin,Light,100,0,4d5e5c176cb534aaf44e67236bf6c171_644311b63b607133c989d7c1188467dafc0.jpg?1788098680,Crystal,100,0,RDM
Rain Hoshino,6160241,212,208,Moogle,Chaos,100,0,fc4a751ebc0402023f56f7934007c9ef_d7a9d5f85a29d6278ec1c7adc2c8d242fc0.jpg?1788100947,Crystal,99,0,PLD
Pave Zen,51542459,213,209,Zodiark,Light,100,0,c62f2300698b05a5ff2e27ea4ec74914_c274370774c6bc3483cc8740805f41bcfc0.jpg?1788101635,Crystal,96,0,SMN
Haki Haki,8290724,214,210,Ragnarok,Chaos,100,0,3fc43df6da1c629c59b5cdae63dee7a7_40d57ba713628f3f1ef5ef204b6d76d2fc0.jpg?1788098184,Crystal,94,0,WAR
Ai Ka',13500675,215,0,Ragnarok,Chaos,100,100,171f0ab92d0e928acdb718980be9c896_40d57ba713628f3f1ef5ef204b6d76d2fc0.jpg?1788099401,Crystal,90,16,PLD
Ray Croft,29659793,216,211,Shiva,Light,100,0,56ebf33c0c49fd7529d32303d4b7c8d9_3fbff0e6b620e4d259dc427abc6574dafc0.jpg?1788099791,Crystal,89,0,RDM
Glyceri Chosuti,30338174,217,212,Moogle,Chaos,100,0,6d93c9241424e92e6f0351d35d8b6eaa_d7a9d5f85a29d6278ec1c7adc2c8d242fc0.jpg?1788100397,Crystal,88,0,DNC
Tisha Adori,32551351,217,216,Zodiark,Light,100,0,a1f13f2decf7933275b7ce63051dc06f_c274370774c6bc3483cc8740805f41bcfc0.jpg?1788101450,Crystal,88,9,MCH
Ark Kekko,50821807,219,213,Omega,Chaos,100,0,b81b1c241e98f7a5f9b9c81665be1243_39e25ac3d737c46452305eefe324372cfc0.jpg?1788098520,Crystal,86,0,RDM
Vincent God,14069867,220,214,Phoenix,Light,100,0,7d8e17eab1b900c1741204dbf199eb48_5047bc596a4bab2dc7f7c120bb22dec5fc0.jpg?1788100991,Crystal,84,0,CUL
Catlisaie Leveilleur,38928587,221,215,Sagittarius,Chaos,100,0,b49cedcc9313e5b78f3c3e17f3a3b68c_44ca0844398b2d010d8cd4a31ddb023dfc0.jpg?1788098934,Crystal,80,0,WAR
Gun Grave,39069917,222,217,Alpha,Light,100,0,89afa1641c5d0fb3c37ff5b905d4b26a_6132295fcf5570fb8b0a944ef322a598fc0.jpg?1788100041,Crystal,77,0,UNK
Sahamaru Kamijo,13566032,223,218,Lich,Light,100,0,ab5bb27991a2037ddd8e8b0aef304406_7206469080400ed57a5373d0a9c55c59fc0.jpg?1788101366,Crystal,75,0,SAM
Kaixer Almasy,24721919,224,223,Ragnarok,Chaos,100,0,16b404151182dfe17ac302129a023750_40d57ba713628f3f1ef5ef204b6d76d2fc0.jpg?1788098357,Crystal,71,11,UNK
Akito Kotomine,14113084,225,219,Cerberus,Chaos,100,0,6535eaee5701ca6c10beffbfc70273c9_777c57311d510ca65dac3c1077dee435fc0.jpg?1788101556,Crystal,70,0,RPR
Nemesis Sol,49622209,226,220,Shiva,Light,100,0,1bcb80e23a56918c49abb6d50ef563af_3fbff0e6b620e4d259dc427abc6574dafc0.jpg?1788098279,Crystal,67,0,AST
Tsuguri Tempest,8093380,227,249,Moogle,Chaos,100,100,673dd69d52b7f7c210bb231091fd1922_d7a9d5f85a29d6278ec1c7adc2c8d242fc0.jpg?1788099624,Crystal,66,3,BRD
Lolarita Rorry,39677497,228,221,Odin,Light,100,0,3c990f7c55a34985fb496735b20a6b10_644311b63b607133c989d7c1188467dafc0.jpg?1788098239,Crystal,65,0,WHM
Core Flare,44609138,229,222,Raiden,Light,100,0,4d277108d876101c6b97212a26f6bc97_a370664d98f658f4ed4e620f378f73cdfc0.jpg?1788098769,Crystal,64,0,DRG
Magisa Vale,43527083,230,224,Phoenix,Light,100,0,50d54724458e52e82fcfc6d537b9e001_5047bc596a4bab2dc7f7c120bb22dec5fc0.jpg?1788100730,Crystal,55,0,DRG
Fandrix Shadowsong,36051326,231,225,Louisoix,Chaos,100,0,e8515941184b5c25f2622f1899a0969a_0a122616f3718d3f45cab10fd8fc1604fc0.jpg?1788099868,Crystal,50,0,VPR
Ino Based,41531397,232,226,Alpha,Light,100,0,ae8562754d31616305226909752bc4fd_6132295fcf5570fb8b0a944ef322a598fc0.jpg?1788100412,Crystal,49,0,WAR
Const Mar,17323909,233,227,Phoenix,Light,100,0,9b3b80b05e36ff71934a612327c91867_5047bc596a4bab2dc7f7c120bb22dec5fc0.jpg?1788101639,Crystal,47,0,WAR
Onox Farbane,43799244,234,229,Zodiark,Light,100,0,c322e9dd886e64c0365244e0b587448f_c274370774c6bc3483cc8740805f41bcfc0.jpg?1788099393,Crystal,44,0,WAR
Pattinger Kersel,8183392,234,229,Raiden,Light,100,0,4fec5839fc0fc0bba3a80fc4e1910660_a370664d98f658f4ed4e620f378f73cdfc0.jpg?1788098407,Crystal,44,0,NIN
Sarah Swordmoon,15666675,236,231,Ragnarok,Chaos,100,0,f4dc48a690259d750cc95afaff6386b8_40d57ba713628f3f1ef5ef204b6d76d2fc0.jpg?1788100177,Crystal,42,0,MNK
Tomo Kote,55321667,237,232,Zodiark,Light,100,0,5955a289356783d4701df9a9c192d2b8_c274370774c6bc3483cc8740805f41bcfc0.jpg?1788098229,Crystal,41,0,WAR
Maya White,9385038,238,233,Twintania,Light,100,0,1ab5adfc5d7d400ad0f8b4d181e6d2f0_c33f640c0cdd35f7def85b8aa31a0007fc0.jpg?1788100927,Crystal,40,0,WAR
Gwen Farron,10011051,239,234,Ragnarok,Chaos,100,0,3348ff23f3315e0457aa0694f655e953_40d57ba713628f3f1ef5ef204b6d76d2fc0.jpg?1788101141,Crystal,35,0,WAR
Sakurane Zero'yuurai,13075529,240,235,Ragnarok,Chaos,100,0,b65369d4b043831749f5fa45d2428e30_40d57ba713628f3f1ef5ef204b6d76d2fc0.jpg?1788101313,Crystal,31,0,SMN
Ka La,18103622,241,236,Ragnarok,Chaos,100,0,79cb69a4d9a7535c8ee4e2bbfc9b2a1d_40d57ba713628f3f1ef5ef204b6d76d2fc0.jpg?1788099733,Crystal,28,0,PLD
Mhia Mewrilah,26716262,242,237,Omega,Chaos,100,0,6b70c463b87dca3437d37504f74aad3b_39e25ac3d737c46452305eefe324372cfc0.jpg?1788099957,Crystal,27,0,WHM
Xiex Xie,40733160,243,238,Zodiark,Light,100,0,f253e0943a65dac103a6dfd764a01f52_c274370774c6bc3483cc8740805f41bcfc0.jpg?1788098555,Crystal,25,0,MIN
Ebin Almsivi,35310847,244,239,Shiva,Light,100,0,0c72e527d2d86c2ee8f4698832e880b5_3fbff0e6b620e4d259dc427abc6574dafc0.jpg?1788100329,Crystal,23,0,PLD
Vanilla Blossom,41496807,244,239,Moogle,Chaos,100,0,b0e7d1b464d155d8791692fe2e47299d_d7a9d5f85a29d6278ec1c7adc2c8d242fc0.jpg?1788099039,Crystal,23,0,DRK
Yuumi Fish,25707217,246,241,Cerberus,Chaos,100,0,1a7ebbda26c28eb61f262b9fb37e8c6e_777c57311d510ca65dac3c1077dee435fc0.jpg?1788101493,Crystal,18,0,DNC
Zhinna Maya,8219011,247,242,Odin,Light,100,0,b96bc839d3db0d26e61bf4b24282c925_644311b63b607133c989d7c1188467dafc0.jpg?1788101073,Crystal,14,0,WAR
Autuas Au,37357840,248,244,Phantom,Chaos,100,0,5c8929453beb42fb1a167e93eca11abf_f0a43d6e5eea19af337a176e9836acddfc0.jpg?1788100254,Crystal,13,0,UNK
Lylia Venis,13391767,249,245,Moogle,Chaos,100,0,79af70239d663a69f312f0788f3cf927_d7a9d5f85a29d6278ec1c7adc2c8d242fc0.jpg?1788098764,Crystal,0,0,DRK
Athena Olympe,44680885,250,246,Sagittarius,Chaos,0,0,7e7afe9e9cebc29cee3220c1e0530540_44ca0844398b2d010d8cd4a31ddb023dfc0.jpg?1788099018,Diamond,203,0,WAR
Lu Mi,47806406,251,247,Raiden,Light,0,0,c8d19bad38e9523a4db779b2bf514973_a370664d98f658f4ed4e620f378f73cdfc0.jpg?1788100676,Diamond,83,0,RDM
Rave Bae,47220633,252,248,Alpha,Light,0,0,e640b0d43fa0078b032cbecc50b4e94c_6132295fcf5570fb8b0a944ef322a598fc0.jpg?1788098887,Diamond,73,0,SMN
Paper Planes,59055005,253,250,Raiden,Light,0,0,1b7fc8e62eb37ebc10e0b203856e161c_a370664d98f658f4ed4e620f378f73cdfc0.jpg?1788100701,Diamond,21,0,DRG
Naralis A'roihan,35460975,254,251,Odin,Light,0,0,39833ac3dfdbb3ea64ab911763fea294_644311b63b607133c989d7c1188467dafc0.jpg?1788100093,Diamond,328,3,SCH
Tsu Kee,47596814,255,253,Zodiark,Light,0,0,df5063d6db141a1bc921d4623e08a366_c274370774c6bc3483cc8740805f41bcfc0.jpg?1788101307,Diamond,198,13,GSM
Vesper Lux,39986527,256,252,Phoenix,Light,0,0,3ffa8cf173ca00c6bd21dc61c1a7850f_5047bc596a4bab2dc7f7c120bb22dec5fc0.jpg?1788101065,Diamond,191,0,RDM
Uraraka Lunae,19968499,257,254,Louisoix,Chaos,0,0,87178981b631653f4905b195c6c49583_0a122616f3718d3f45cab10fd8fc1604fc0.jpg?1788100163,Diamond,78,8,MNK
Sangon Yukihoshi,11533024,258,255,Raiden,Light,0,0,d5814159d4f4b2afaa562891375a7b01_a370664d98f658f4ed4e620f378f73cdfc0.jpg?1788101579,Diamond,64,2,PLD
Alex Bean,24788739,259,256,Zodiark,Light,0,0,6aa5d269d2362413ba9a055f7c8f6704_c274370774c6bc3483cc8740805f41bcfc0.jpg?1788101301,Diamond,60,1,SMN
Kaomi Silver's,31290391,260,257,Phantom,Chaos,0,0,239fcc464702423d7f9ce8c7854a4fc3_f0a43d6e5eea19af337a176e9836acddfc0.jpg?1788101085,Diamond,30,0,DNC
Irmele Elandris,13301011,261,258,Odin,Light,0,0,545d79c172c687ee4ac495ceca89d9dd_644311b63b607133c989d7c1188467dafc0.jpg?1788099704,Diamond,28,0,WHM
Littlebard Crits,44849524,262,259,Lich,Light,0,0,85155be3d7c3c8936c428085496b1e8d_7206469080400ed57a5373d0a9c55c59fc0.jpg?1788100874,Diamond,9,0,UNK
Lins Rehw-marouc,14630657,263,0,Odin,Light,0,0,6613def0ffe04fb55813301bfc92a2af_644311b63b607133c989d7c1188467dafc0.jpg?1788100273,Diamond,168,8,VPR
Merily Marlin,52216084,264,260,Louisoix,Chaos,0,0,1b485637d5f1df89d363a45b95cba49c_0a122616f3718d3f45cab10fd8fc1604fc0.jpg?1788099950,Diamond,113,0,BLM
Lavender Yumori,47189865,265,261,Phoenix,Light,0,0,c0a56a85a3c082e0dd3b96359531f30f_5047bc596a4bab2dc7f7c120bb22dec5fc0.jpg?1788100693,Diamond,87,0,SMN
Princess Emi,5884527,266,262,Twintania,Light,0,0,4ab2080550ab1fb15ca76fbfe8e8d512_c33f640c0cdd35f7def85b8aa31a0007fc0.jpg?1788101133,Diamond,57,0,PLD
Shiva Dorys,36432577,267,263,Phoenix,Light,0,0,df6ee6331f96148f2b97966d8a3e2a5a_5047bc596a4bab2dc7f7c120bb22dec5fc0.jpg?1788098697,Diamond,54,0,WHM
Doctor Zoidberg,9214410,268,264,Cerberus,Chaos,0,0,40bc630c90e57d0ca265dd7fc809d5c8_777c57311d510ca65dac3c1077dee435fc0.jpg?1788099978,Diamond,18,0,PCT
Altrios Alrun,37280856,269,265,Odin,Light,0,0,eed006603ff3859a7471671dcb9c221c_644311b63b607133c989d7c1188467dafc0.jpg?1788098438,Diamond,10,0,RDM
Aiva Ibusaki,11039086,270,266,Shiva,Light,0,0,39b96ee63110c8909c27318f222d3695_3fbff0e6b620e4d259dc427abc6574dafc0.jpg?1788098368,Diamond,157,9,MCH
Katarina Kittycat,24355925,271,267,Twintania,Light,0,0,488decc103448e79430a7f4ffa3674c5_c33f640c0cdd35f7def85b8aa31a0007fc0.jpg?1788100904,Diamond,146,2,UNK
Benedikta Cucumber,55428569,272,268,Sagittarius,Chaos,0,0,1091166e96bfe839d8a067a8fc27848a_44ca0844398b2d010d8cd4a31ddb023dfc0.jpg?1788100160,Diamond,119,0,GNB
Charon Tesar,2860491,273,269,Shiva,Light,0,0,71fb4ffe6d15608a77682afdbdef53d7_3fbff0e6b620e4d259dc427abc6574dafc0.jpg?1788101424,Diamond,112,0,PCT
Protos Heis,34597162,274,270,Spriggan,Chaos,0,0,1227bb2a621e4455479d060e840ff145_feaf0a2e88ff164813fbc9b85876fa48fc0.jpg?1788099145,Diamond,93,0,MCH
Lu' Bu',21757305,275,271,Odin,Light,0,0,20b9e744e2190850310da72ffaf5c5d4_644311b63b607133c989d7c1188467dafc0.jpg?1788100731,Diamond,88,0,VPR
Shizuna Kha,34044483,276,291,Sagittarius,Chaos,0,0,6aba21e5b013fb13d6b90ad356453c58_44ca0844398b2d010d8cd4a31ddb023dfc0.jpg?1788100288,Diamond,84,1,SGE
Zerith Ars,7801227,277,272,Zodiark,Light,0,0,d9b23bac7d7203e071be18c6932a61a8_c274370774c6bc3483cc8740805f41bcfc0.jpg?1788099936,Diamond,76,0,DRG
Yuki Shinryu,18457903,278,273,Omega,Chaos,0,0,7c3380880e156cefcc0afc85574b6091_39e25ac3d737c46452305eefe324372cfc0.jpg?1788098570,Diamond,59,0,WHM
Leenar Raim,45005021,279,274,Raiden,Light,0,0,cd15b6146d9e895f605fe9d8aa6e46d2_a370664d98f658f4ed4e620f378f73cdfc0.jpg?1788099445,Diamond,57,0,SGE
Akurei Amotanius,36595921,280,0,Odin,Light,0,0,ca5d9f24b62995e3bcb5d25cc576fc70_644311b63b607133c989d7c1188467dafc0.jpg?1788098331,Diamond,52,3,MNK
Decha Kirk,32806624,281,275,Moogle,Chaos,0,0,e50b415f85b832de8463247f434991ce_d7a9d5f85a29d6278ec1c7adc2c8d242fc0.jpg?1788098839,Diamond,39,2,MCH
Rei Morow,28187368,282,0,Raiden,Light,0,0,3f9c2b5b08b9fdb4c7d188d33979cea6_a370664d98f658f4ed4e620f378f73cdfc0.jpg?1788099537,Diamond,38,12,UNK
Red Fluffy,41965323,283,276,Shiva,Light,0,0,6e4c702e77f55eff42d4c42a07f242db_3fbff0e6b620e4d259dc427abc6574dafc0.jpg?1788099400,Diamond,27,0,SGE
Certin Ferocia,26600453,284,277,Spriggan,Chaos,0,0,528919b4d45df00513ad6c80440fc2f4_feaf0a2e88ff164813fbc9b85876fa48fc0.jpg?1788101176,Diamond,15,0,SMN
Lia Lothje,30611623,285,278,Odin,Light,0,0,12f34ee0f0d0404c9b47a7fea301f068_644311b63b607133c989d7c1188467dafc0.jpg?1788098266,Diamond,12,0,AST
Luna Everlight,11876492,286,279,Phantom,Chaos,0,0,87daed323422dd94882b0079ba9f6b3d_f0a43d6e5eea19af337a176e9836acddfc0.jpg?1788098342,Diamond,8,0,RDM
Hiyuki Korikawa,55814095,287,280,Alpha,Light,0,0,74afa7e4138c1508f5559cba8b88f0c4_6132295fcf5570fb8b0a944ef322a598fc0.jpg?1788098104,Diamond,205,6,SAM
Altair Nightveil,37899651,288,281,Odin,Light,0,0,66c10a4203ea077f0a752e4bf561ff53_644311b63b607133c989d7c1188467dafc0.jpg?1788098748,Diamond,112,0,WAR
Wilson D'ball,48646138,289,282,Phantom,Chaos,0,0,c7a54b3f5006e7e5afdef2d9e10421ad_f0a43d6e5eea19af337a176e9836acddfc0.jpg?1788099427,Diamond,99,0,DRG
Chrome Hearts',48963270,290,283,Raiden,Light,0,0,71e7f9df828e655c1c9fe64893dfdf9c_a370664d98f658f4ed4e620f378f73cdfc0.jpg?1788099077,Diamond,68,0,UNK
Saki Aiko,58256956,291,284,Zodiark,Light,0,0,f65bf40d95342ebe3141def95c5232bc_c274370774c6bc3483cc8740805f41bcfc0.jpg?1788099377,Diamond,43,0,SAM
Sheidyn Windsor,30282791,292,285,Omega,Chaos,0,0,e3eaa192d0e2b6192580f940474cd0b5_39e25ac3d737c46452305eefe324372cfc0.jpg?1788099949,Diamond,33,0,WAR
Goemon Da-scarred,51082512,293,0,Sagittarius,Chaos,0,0,0babb17eaeeb3c5d8fab3b044bcc075b_44ca0844398b2d010d8cd4a31ddb023dfc0.jpg?1788098443,Diamond,7,0,SCH
Erika Avellana,45153856,294,286,Alpha,Light,0,0,d52954932b2c20e3d303cb8cf101f3eb_6132295fcf5570fb8b0a944ef322a598fc0.jpg?1788098864,Diamond,332,6,DRK
Duessa Fidessa,47722925,295,287,Louisoix,Chaos,0,0,3e992addf0aaeeda98883cfe0443f4c4_0a122616f3718d3f45cab10fd8fc1604fc0.jpg?1788098597,Diamond,268,0,SMN
Ash Zero,49368748,296,289,Shiva,Light,0,0,8c69f041cca72fdc1059bfc9f2f8ecc9_3fbff0e6b620e4d259dc427abc6574dafc0.jpg?1788099213,Diamond,128,3,MCH
Jalsket Pirated,40728416,297,0,Zodiark,Light,0,0,18ffb968d4a5a0c03d5e251516a2c3aa_c274370774c6bc3483cc8740805f41bcfc0.jpg?1788101327,Diamond,126,8,NIN
Lo Enha,27971408,297,288,Moogle,Chaos,0,0,5236c7cc585f6b9213e6d33f05e78c61_d7a9d5f85a29d6278ec1c7adc2c8d242fc0.jpg?1788099587,Diamond,126,0,BLM
Flynn Cethlenne,35848614,299,290,Zodiark,Light,0,0,2543efc6def84f10fb27cc68c29b1460_c274370774c6bc3483cc8740805f41bcfc0.jpg?1788101204,Diamond,99,0,PLD
Tung Kniv,36744544,300,293,Spriggan,Chaos,0,0,63aabeb5204c3ae5d2f0295a0f4a8e22_feaf0a2e88ff164813fbc9b85876fa48fc0.jpg?1788100776,Diamond,94,12,BLM
Sensei Jyutusi,20995129,1,0,Chocobo,Mana,4090,0,218ddf1e9e095da9f0b9d5866f9f2d80_781d6b3603312f6be41670afa37282e0fc0.jpg?1788099370,Ultima,163,0,WHM
Kim Shin,2354630,2,0,Masamune,Mana,4076,0,9d6bba308f1c44ad24883a9717b4d480_134930215abb8a90ec37d6cc05b05e08fc0.jpg?1788099362,Ultima,89,0,VPR
Happo Hapo,59173770,3,5,Pandaemonium,Mana,3878,183,8d06d5697fa5f35516e08e77ecb4eff8_470db1bf2e865f9130531fea40b61ee4fc0.jpg?1788101041,Omega,107,6,VPR
Yurugi Koyurugi,29769522,4,3,Belias,Meteor,3856,0,ce65dfc48d522a7a126208d94cdc2852_894c4bd0beab2e2beb44b74f4c4bd206fc0.jpg?1788100058,Omega,87,0,PLD
Seraki Matsushima,43566777,5,4,Ixion,Mana,3836,0,1e4675de3ee8e4d8e053dede59297104_7126768d768f6c6c7fed3eaee98c3a8afc0.jpg?1788099374,Omega,116,4,RPR
Paker Zuka,35106373,6,0,Bahamut,Gaia,3580,83,1dfba22310e23cd21bd3a7481bf928e1_86da943caa70c8694707ab2ff74e68c9fc0.jpg?1788100275,Omega,121,2,UNK
Emil Sarasun,7191072,7,0,Asura,Mana,3514,94,052a2527c0dee23533f8162c40d66898_53f1445a9f28799a32ea55f046319fc3fc0.jpg?1788099208,Omega,116,5,DRK
Vivi Ann,4766157,8,0,Kujata,Elemental,3489,205,9543e197b2faf03aa21058f9deedc408_72c48f093f2278ac3243962d3eb6a8d7fc0.jpg?1788099867,Omega,161,5,WHM
Robs Wiz,47501636,9,30,Aegis,Elemental,3317,603,24b0e4e155ae76da2a553003980ac156_3ea38e723c590aabf186367e1eb7e6a1fc0.jpg?1788100115,Omega,231,18,DRG
Makina Belg,23683223,10,9,Belias,Meteor,3250,0,ffed281791b6f91e5a2000e4917cfeeb_894c4bd0beab2e2beb44b74f4c4bd206fc0.jpg?1788100463,Omega,170,0,MNK
Sorin Maki,53900927,11,10,Durandal,Gaia,3247,0,b0d4570e39585eb6b5ba7458ff8781a7_806ea5b45071d5cd6bf393e38462ee71fc0.jpg?1788099508,Omega,103,0,SGE
Hatozo Ito,39455624,12,11,Typhon,Elemental,3242,0,a2de1cbebb1230e8f11f0fa765df7d0f_32d8c9c7cd5f62d62da2d31b6750a680fc0.jpg?1788100302,Omega,142,16,RDM
Aizen Sosuke,46625154,13,25,Asura,Mana,3206,318,084fe9c7ee753ba32657d9e49b4edde5_53f1445a9f28799a32ea55f046319fc3fc0.jpg?1788101411,Omega,148,8,UNK
K' R',8489348,14,12,Chocobo,Mana,3197,0,38834b79bf39846f80b605b4a592c2eb_781d6b3603312f6be41670afa37282e0fc0.jpg?1788100352,Omega,162,11,AST
Ciel Cocco,27192023,15,13,Anima,Mana,3182,0,05df3829299dc9e3c4ba0bceb512525a_2f698530a28d671d20278c8518c804c9fc0.jpg?1788099264,Omega,222,16,WAR
Kite Free,28865954,16,14,Kujata,Elemental,3167,0,b602646591e3d050094503c65590ee4c_72c48f093f2278ac3243962d3eb6a8d7fc0.jpg?1788101559,Omega,42,0,MNK
Tam Sin,26754914,17,0,Ultima,Gaia,3144,95,4e875947aa4b95d1be857096f32d4ae8_9df1b3cb0da35db33c17ef11ddf12adafc0.jpg?1788100397,Omega,105,11,SAM
Merry Scrald,11886780,18,15,Belias,Meteor,3078,0,7bfbd82582fd003bc514339935d874a7_894c4bd0beab2e2beb44b74f4c4bd206fc0.jpg?1788099927,Omega,89,0,WAR
Wonton Starlight,27496660,19,16,Chocobo,Mana,3077,0,8d6c3f0a6f695cdc94b9234b6c28be22_781d6b3603312f6be41670afa37282e0fc0.jpg?1788100715,Omega,275,9,RPR
Hyunsik Lee,59757026,20,59,Typhon,Elemental,3061,779,d171f47402375bca99a35c72ebcb7e48_32d8c9c7cd5f62d62da2d31b6750a680fc0.jpg?1788101435,Omega,158,24,DNC
Kappi Scarlet,11922639,21,18,Asura,Mana,2989,0,820f32c739a02029fdacf6c96cbf1fa4_53f1445a9f28799a32ea55f046319fc3fc0.jpg?1788100121,Omega,164,0,RPR
Ame Ame,53697484,22,19,Titan,Mana,2983,0,93d3d9e0c4003776bb652473d623797e_e2bb3f9679fec6d4836fcf8abcc3eeacfc0.jpg?1788099154,Omega,92,16,UNK
Tarex Youva,26374295,23,28,Tonberry,Elemental,2961,181,7dad78de32b2e7e31077d03f095a81ac_7bb6b1e488f0e4f01c5314d010b60f31fc0.jpg?1788098450,Omega,219,12,SCH
Bakeke Bake,40527195,24,20,Asura,Mana,2953,0,2df47416611081755cf9e0cd7c586afa_53f1445a9f28799a32ea55f046319fc3fc0.jpg?1788100538,Omega,163,0,VPR
Fania Eckert,2837251,25,21,Titan,Mana,2951,0,7177d6fdd5036eebc72834f8376cd1cf_e2bb3f9679fec6d4836fcf8abcc3eeacfc0.jpg?1788098606,Omega,205,2,PCT
Dome Violet,45179152,26,22,Masamune,Mana,2918,0,a95c15ebd393e5497d6641d375ec02b1_134930215abb8a90ec37d6cc05b05e08fc0.jpg?1788100253,Omega,205,0,BRD
Djinn Piston,44999217,27,23,Durandal,Gaia,2898,0,f34e66517ae3b26262c9b4f09835c5a0_806ea5b45071d5cd6bf393e38462ee71fc0.jpg?1788100791,Omega,83,0,MNK
Naku Cha,51398763,28,24,Zeromus,Meteor,2897,0,d1f355424cec05811e0f15dc0a707de5_c76848359d0b4d2f37aefbb9903ed97bfc0.jpg?1788099561,Omega,65,0,NIN
Wuruwuru Yaya,19903532,29,96,Asura,Mana,2867,780,c4dcc6326814217e41a2636e5dd8eea3_53f1445a9f28799a32ea55f046319fc3fc0.jpg?1788100999,Omega,177,10,NIN
Grey Book,51082088,30,26,Alexander,Gaia,2796,0,2b2e5a5f068a7529dabfbbf6c918d473_b7a71d8799cf6dd75b711a7f52de6675fc0.jpg?1788101114,Omega,93,0,VPR
Piccolo Saaaaann,23336998,31,27,Asura,Mana,2789,0,efa27fc6ea5fa0a09f429159c3346a0f_53f1445a9f28799a32ea55f046319fc3fc0.jpg?1788099335,Omega,355,15,VPR
Atsu Bow,47953241,32,29,Mandragora,Meteor,2753,0,a397b9893231105b4549ed9a8721c60a_ee738654add55c3d07ea92d8e108074cfc0.jpg?1788099143,Omega,306,3,DRG
Akatuki Re,22410327,33,45,Carbuncle,Elemental,2753,299,b3e601fbc493d7bc642faec11f3c05fb_9eb3c19866f7ae0eeeffac7bf770aba5fc0.jpg?1788098349,Omega,145,3,RDM
Xignas Schwalbe,2577287,34,36,Anima,Mana,2656,101,726f737868161a35f25fb4e06bccf08e_2f698530a28d671d20278c8518c804c9fc0.jpg?1788099350,Omega,180,1,VPR
Lancer Yan,18545180,35,46,Fenrir,Gaia,2654,201,b5d95c2f29f83c258c8ed96425acd32b_d384cf5ad7db803f29799f36ebbc3eadfc0.jpg?1788101583,Omega,69,5,SAM
Imlink Rr,46726473,36,31,Bahamut,Gaia,2636,0,6c9ffcd32b7d78e8b7e09c63d130ef2a_86da943caa70c8694707ab2ff74e68c9fc0.jpg?1788101108,Omega,312,10,MCH
Death-by Glamour,50007656,37,70,Fenrir,Gaia,2630,394,73746aab8b21d5917fab43f4db6f35aa_d384cf5ad7db803f29799f36ebbc3eadfc0.jpg?1788098178,Omega,67,7,UNK
Tango Ngo,47753273,38,32,Alexander,Gaia,2629,0,c8ff6406f324ec51842e0a491ba1e4fa_b7a71d8799cf6dd75b711a7f52de6675fc0.jpg?1788099448,Omega,208,0,VPR
Erik Bural,20508529,39,129,Hades,Mana,2603,589,2ca5bed0ca0e49f68c7ca14062e0bacc_a4730651230dd43cb129562a30d531aefc0.jpg?1788098880,Omega,394,15,SGE
Sura Imo,25164389,40,33,Shinryu,Meteor,2584,0,d2cd07ab0f766e9dd870046dcc7fae97_87b7d447f40b06dfc7228caf195f7dcffc0.jpg?1788099877,Omega,48,0,PLD
Mun- Mutyo,18063500,41,34,Bahamut,Gaia,2580,0,870df3b6a4306c3c3de44d72fc9a577d_86da943caa70c8694707ab2ff74e68c9fc0.jpg?1788100129,Omega,221,0,ALC
Sono Ta,49701933,42,35,Shinryu,Meteor,2574,0,c5fbe5dc524e8f9d2eb8b7c350df2a00_87b7d447f40b06dfc7228caf195f7dcffc0.jpg?1788101599,Omega,48,0,DRK
Furanzeska Sumeragi,8414050,43,0,Tonberry,Elemental,2573,99,7300d72d23103eb5494b3e21bf99b3b6_7bb6b1e488f0e4f01c5314d010b60f31fc0.jpg?1788099524,Omega,90,1,SMN
Gogant Gogant,24052697,44,83,Atomos,Elemental,2560,397,9b2637d94cc0b341ddad961722026fdf_cf768a751b1f5e355c2fd39a9ed91f3ffc0.jpg?1788099990,Omega,119,4,NIN
Aman Kaharmine,37434311,45,37,Belias,Meteor,2538,0,7fa9aa672753e286a5710cf338755727_894c4bd0beab2e2beb44b74f4c4bd206fc0.jpg?1788099572,Omega,347,3,UNK
Peng In,60228501,46,38,Bahamut,Gaia,2538,0,871397d65bde709b44c83fca4e18a1b3_86da943caa70c8694707ab2ff74e68c9fc0.jpg?1788100446,Omega,156,0,SMN
Jay Eins,3930926,47,39,Chocobo,Mana,2499,0,31d212c5602873cad51c02ca3a1707f4_781d6b3603312f6be41670afa37282e0fc0.jpg?1788100386,Omega,66,0,NIN
Zsika Mu',18898369,48,40,Ridill,Gaia,2496,0,ed7f8569bf4537dfd9f2ea953ad59e8a_138751880f18161a907d7cf0faa43f07fc0.jpg?1788099235,Omega,57,0,UNK
Syaharu Rau,42277277,49,90,Ultima,Gaia,2493,398,2fc2311e22f50bf5f2604260eee05be9_9df1b3cb0da35db33c17ef11ddf12adafc0.jpg?1788099559,Omega,63,4,DRG
Tsuchi Tsuki,39089046,50,41,Bahamut,Gaia,2481,0,032858264c706c6341f57dbef9e86da1_86da943caa70c8694707ab2ff74e68c9fc0.jpg?1788100750,Omega,69,3,DRK
Pero Noir,27109057,51,42,Ultima,Gaia,2480,0,889b0b13f93f702d3df91ec97e272102_9df1b3cb0da35db33c17ef11ddf12adafc0.jpg?1788098271,Omega,60,0,PCT
Shiman Chu,38475144,52,44,Yojimbo,Meteor,2463,0,4cb93a24c937da83418345140d361e9b_4a92c619bde4f34cfa77e05fef21ad85fc0.jpg?1788099942,Omega,156,15,SAM
Ruru Rururun,41786182,53,125,Ifrit,Gaia,2452,409,3fd0ff0d0e58f6a761a54eebd33b7bc6_f9f796348bc43067c7242ec4551cde69fc0.jpg?1788099834,Omega,439,34,UNK
Yuki Yui,25457703,54,47,Ultima,Gaia,2392,0,53e27d2153b5d4878ef23b1326589ff5_9df1b3cb0da35db33c17ef11ddf12adafc0.jpg?1788098161,Omega,164,21,UNK
Neneco Neko,60257588,55,48,Ultima,Gaia,2392,0,d410b53bdce1036d1d4331de5dd4f44e_9df1b3cb0da35db33c17ef11ddf12adafc0.jpg?1788099327,Omega,69,0,ALC
Mialulu Sabotage,33714151,56,75,Tiamat,Gaia,2391,200,ed107570ce5fd9ee695034c45ef4d395_9f10d335198e90990f3437c5733468e7fc0.jpg?1788100205,Omega,52,2,PLD
Lucy Tave,5530448,57,49,Durandal,Gaia,2382,0,fd7ea485d2ba7644c76c49d7b00fce24_806ea5b45071d5cd6bf393e38462ee71fc0.jpg?1788100318,Omega,664,31,MNK
Yoochan Fantasy,30892468,58,50,Anima,Mana,2371,0,179b316106d60bb1488917ac1c45548c_2f698530a28d671d20278c8518c804c9fc0.jpg?1788100146,Omega,73,0,DNC
Taroe Kobuta,8734523,59,51,Kujata,Elemental,2367,0,821347c202f7d7d6b676bd393bcdfdae_72c48f093f2278ac3243962d3eb6a8d7fc0.jpg?1788101028,Omega,377,0,RPR
Minisuta Blood,24769179,60,52,Atomos,Elemental,2360,0,851ddd354ea9b3a8e623078a0f4d8a05_cf768a751b1f5e355c2fd39a9ed91f3ffc0.jpg?1788099740,Omega,39,0,DRG
Aurora Duskveil,14659861,61,53,Carbuncle,Elemental,2347,0,8d51113f06ccc3227a4928f8ab5ddee6_9eb3c19866f7ae0eeeffac7bf770aba5fc0.jpg?1788099417,Omega,161,0,SMN
Snow Albarn,25263326,62,54,Fenrir,Gaia,2341,0,fa179c06d46acce251bb94d22a05e931_d384cf5ad7db803f29799f36ebbc3eadfc0.jpg?1788099115,Omega,163,5,PCT
Lan Dame-celot,31839759,63,55,Ifrit,Gaia,2338,0,c278e5b98fa396fbc950aeafdb5aaee8_f9f796348bc43067c7242ec4551cde69fc0.jpg?1788100032,Omega,69,0,DRK
Lil Latte,55025559,64,56,Anima,Mana,2329,0,2d01c7e9c74b9faebdd6d9ece7c9eb4a_2f698530a28d671d20278c8518c804c9fc0.jpg?1788099200,Omega,222,0,UNK
Ren Chamx,43411675,65,57,Chocobo,Mana,2324,0,d14faf3557b40f62c1fd8e9103ff0ca1_781d6b3603312f6be41670afa37282e0fc0.jpg?1788101525,Omega,177,9,BLM
Inx Chrono,21920611,66,71,Yojimbo,Meteor,2319,106,83c01df24231dda93176c28e69768459_4a92c619bde4f34cfa77e05fef21ad85fc0.jpg?1788098994,Omega,284,22,BRD
Basta Reno,31797927,67,58,Carbuncle,Elemental,2305,0,22b32c1986bb9c2732e5f877f7cbdbd6_9eb3c19866f7ae0eeeffac7bf770aba5fc0.jpg?1788099672,Omega,72,2,DRG
Shien Tia,43209576,68,109,Ixion,Mana,2292,495,bd7a6b413b4e6770e7c2860d540ae37a_7126768d768f6c6c7fed3eaee98c3a8afc0.jpg?1788098834,Omega,39,5,RDM
Ku Chan,35624538,69,136,Shinryu,Meteor,2290,304,c563ef5b623babbcbf7d852a7e64c31e_87b7d447f40b06dfc7228caf195f7dcffc0.jpg?1788100067,Omega,80,4,WHM
Ai Shironuko,19976423,70,102,Kujata,Elemental,2284,199,7036fde037e0136275a64cfa690a558c_72c48f093f2278ac3243962d3eb6a8d7fc0.jpg?1788100778,Omega,39,2,MNK
Aeritte Ravel,41831914,71,60,Carbuncle,Elemental,2275,0,56a646fd4b2eb086bf8c9d712567e62f_9eb3c19866f7ae0eeeffac7bf770aba5fc0.jpg?1788099974,Omega,174,0,PLD
Coffee Mint,29415966,72,61,Titan,Mana,2274,0,e5a147803c62c81952bc0c786dcfc3cb_e2bb3f9679fec6d4836fcf8abcc3eeacfc0.jpg?1788099026,Omega,763,48,RDM
Akki Noc,2298162,73,62,Alexander,Gaia,2265,0,4a145f36c7316e0d32845d32af5e92bd_b7a71d8799cf6dd75b711a7f52de6675fc0.jpg?1788098218,Omega,141,0,SGE
Lupinus Lily,33777966,74,63,Ultima,Gaia,2263,0,6f019b443ab48375b1bcc5e5aa0debf9_9df1b3cb0da35db33c17ef11ddf12adafc0.jpg?1788099025,Omega,92,0,GNB
Kuno Cadenzavnaeve,42178142,75,64,Ifrit,Gaia,2260,0,85baa25ca299e93ef56226f40814f03b_f9f796348bc43067c7242ec4551cde69fc0.jpg?1788100647,Omega,103,1,WAR
Tomato Mato,54649869,76,65,Ixion,Mana,2257,0,e417d4ddd5bd7df8155005f15bd1ab53_7126768d768f6c6c7fed3eaee98c3a8afc0.jpg?1788099690,Omega,66,0,UNK
Kupfdoen Mynaikoensyn,2336564,77,66,Garuda,Elemental,2249,0,89679647ba7b815cb23d73ae2d6050eb_fcb1f5b0249d1069e5bdc66d0796f26afc0.jpg?1788098713,Omega,157,1,BLM
Sukoya Mihirogi,42042279,78,67,Anima,Mana,2249,0,58dacb01c0c75e38125f892840beb026_2f698530a28d671d20278c8518c804c9fc0.jpg?1788100866,Omega,146,4,NIN
Velvet Shilky,15655369,79,68,Anima,Mana,2244,0,988a0ec11e3b6bbbfc5478b0eab4b03f_2f698530a28d671d20278c8518c804c9fc0.jpg?1788100149,Omega,350,10,PLD
Ciao' Chu-ru,46227731,80,69,Asura,Mana,2243,0,4407462a62eb8cb31cec691e9f214c86_53f1445a9f28799a32ea55f046319fc3fc0.jpg?1788100117,Omega,88,0,UNK
Walter Winston,3431710,81,72,Fenrir,Gaia,2202,0,bee8390354426d2c1d42d687a0de29d5_d384cf5ad7db803f29799f36ebbc3eadfc0.jpg?1788100211,Omega,83,4,WAR
Kaede Felis,33728274,82,73,Typhon,Elemental,2201,0,40686a32bf2ab631ff7e7677fc614cb3_32d8c9c7cd5f62d62da2d31b6750a680fc0.jpg?1788099207,Omega,129,0,DRG
Yumichin Nekoangel,11505114,83,74,Chocobo,Mana,2200,0,43e39ba4314b9f81eb1067f163d33ed5_781d6b3603312f6be41670afa37282e0fc0.jpg?1788099204,Omega,38,0,MIN
Ed Xii,61003934,84,94,Zeromus,Meteor,2193,100,abe7e4f5eb6a0af4b416d2bf4f34ef4d_c76848359d0b4d2f37aefbb9903ed97bfc0.jpg?1788100419,Omega,50,3,PLD
Sead Slendisch,27788989,85,151,Asura,Mana,2191,303,c9bd1276c77cf644ce955ce68575aa37_53f1445a9f28799a32ea55f046319fc3fc0.jpg?1788100776,Omega,182,32,SGE
Roric Thorne,59323169,86,132,Pandaemonium,Mana,2191,199,4ff669632484c5fdf241ea2b9f955435_470db1bf2e865f9130531fea40b61ee4fc0.jpg?1788099537,Omega,30,3,DRK
Hosi Lumier,20014623,87,76,Ridill,Gaia,2190,0,126e42d301322000c4e965281e8f7098_138751880f18161a907d7cf0faa43f07fc0.jpg?1788100077,Omega,168,0,BRD
Alt Sanktgallen,2143482,88,77,Mandragora,Meteor,2184,0,5c873dda3f483d96a474d6049544be77_ee738654add55c3d07ea92d8e108074cfc0.jpg?1788101456,Omega,145,16,WAR
Noin Kurial,23981966,89,78,Asura,Mana,2177,0,83830f722858537d3bbdd6afabacaa3d_53f1445a9f28799a32ea55f046319fc3fc0.jpg?1788100212,Omega,49,0,PLD
Now Tarako,25271680,90,228,Belias,Meteor,2172,668,238a3ddced202809c65eaecd03eda2d1_894c4bd0beab2e2beb44b74f4c4bd206fc0.jpg?1788099725,Omega,95,22,VPR
Lain Wired,1578110,91,79,Chocobo,Mana,2171,0,51b29015827612eb3c28c2c8dd0f43ef_781d6b3603312f6be41670afa37282e0fc0.jpg?1788098874,Omega,296,34,SGE
Tige Noir,13429005,92,80,Ridill,Gaia,2170,0,92cf71f8edc971b0656a49db62280b09_138751880f18161a907d7cf0faa43f07fc0.jpg?1788100943,Omega,252,6,DNC
Regret Weise,15486920,93,81,Fenrir,Gaia,2167,0,13172be4a1ad05d87f2b3a6e43f14d31_d384cf5ad7db803f29799f36ebbc3eadfc0.jpg?1788100318,Omega,88,4,DRK
Corvus Gradior,27132837,94,82,Titan,Mana,2165,0,7d80ef18f8183b40dd80776987e971f6_e2bb3f9679fec6d4836fcf8abcc3eeacfc0.jpg?1788100378,Omega,79,0,AST
Hana'ni Narou,55619969,95,122,Bahamut,Gaia,2154,96,6fed23863620c8b715cbb8ea2b38180f_86da943caa70c8694707ab2ff74e68c9fc0.jpg?1788098978,Omega,132,22,PCT
Soujirou Seta,4110224,96,84,Tonberry,Elemental,2153,0,7453a7542d76520abe9dd8dcc3572b78_7bb6b1e488f0e4f01c5314d010b60f31fc0.jpg?1788099972,Omega,165,22,WAR
Aslan Miller,42003071,97,85,Ixion,Mana,2142,0,091d6880c471f9f4c412b704f952af81_7126768d768f6c6c7fed3eaee98c3a8afc0.jpg?1788098866,Omega,254,0,WHM
Sidurgu Obsidian,17768556,98,86,Garuda,Elemental,2139,0,19277f9e0fcd9432fb16b0e1cbad47a7_fcb1f5b0249d1069e5bdc66d0796f26afc0.jpg?1788101341,Omega,83,0,WHM
Hibarii Maiden,2220475,99,87,Garuda,Elemental,2112,0,46a565a07005b1224b7facd2223d54b9_fcb1f5b0249d1069e5bdc66d0796f26afc0.jpg?1788100024,Omega,86,3,AST
He Ro,57048881,100,134,Ultima,Gaia,2098,110,1988e9fc4df817df742388c245715b40_9df1b3cb0da35db33c17ef11ddf12adafc0.jpg?1788098543,Omega,606,13,UNK
Khelby Trickster,1496735,101,148,Gungnir,Elemental,2096,198,fde8b59fda65550661c58e15a9026a06_8f82f937943b6baf4c565020d5eba0ccfc0.jpg?1788101480,Omega,135,6,SCH
Hso Gkd,39936541,102,88,Asura,Mana,2096,0,4f7b0c3e146a0735f571292dfccd0adb_53f1445a9f28799a32ea55f046319fc3fc0.jpg?1788098704,Omega,76,0,SAM
Fuki Non,51302585,103,89,Titan,Mana,2096,0,99d46e5dfaf54e3a630e700cbd41968b_e2bb3f9679fec6d4836fcf8abcc3eeacfc0.jpg?1788099257,Omega,67,0,WHM
Fury Halone,31201226,104,91,Chocobo,Mana,2095,0,391e22872f5bc92045c105b0c7778c1b_781d6b3603312f6be41670afa37282e0fc0.jpg?1788099330,Omega,52,0,SAM
Kotori Angel,11433233,105,92,Alexander,Gaia,2094,0,249a60efd4f3f03c25a40a0c3c35d33f_b7a71d8799cf6dd75b711a7f52de6675fc0.jpg?1788100327,Omega,60,0,DRG
Hakuen Sinonome,10757391,106,93,Asura,Mana,2094,0,6660ba18e406e22fbec52d7b8d1ac332_53f1445a9f28799a32ea55f046319fc3fc0.jpg?1788099871,Omega,42,0,BLM
Primlock Griffyn,37385266,107,95,Tonberry,Elemental,2090,0,89c0dfc59ff658981baaccf8c8d2b22b_7bb6b1e488f0e4f01c5314d010b60f31fc0.jpg?1788099667,Omega,118,0,MNK
Elosie Ue,46030616,108,97,Bahamut,Gaia,2087,0,cdd278ec7274c3a04f790d4954079c53_86da943caa70c8694707ab2ff74e68c9fc0.jpg?1788099295,Omega,79,0,SGE
Yuki Macaron-vanille,37997737,109,98,Ridill,Gaia,2087,0,87df14febf49ad8a24a323b239fb3250_138751880f18161a907d7cf0faa43f07fc0.jpg?1788099911,Omega,66,0,RDM
Kikiru Kiru,32877503,110,99,Pandaemonium,Mana,2086,0,e7b80247dc6473f7ec0cd4127f78efb3_470db1bf2e865f9130531fea40b61ee4fc0.jpg?1788100905,Omega,35,0,RDM
Nocturne Midnightblue,55368101,111,100,Asura,Mana,2085,0,e9f7726a264875c782e0384932dbf161_53f1445a9f28799a32ea55f046319fc3fc0.jpg?1788101117,Omega,82,0,PCT
Avail Tec,46450631,112,101,Garuda,Elemental,2085,0,174c8b1a79d654754078bef6b8c51067_fcb1f5b0249d1069e5bdc66d0796f26afc0.jpg?1788098775,Omega,78,0,SAM
Ardbert Hylfyst,31584604,113,103,Belias,Meteor,2085,0,964952d6da8636ab55a5b87a925f0d4c_894c4bd0beab2e2beb44b74f4c4bd206fc0.jpg?1788101415,Omega,31,0,UNK
Rip Rill,726210,114,104,Gungnir,Elemental,2084,0,1ed2cf8fd8dc78c1ec061d9bb9c45462_8f82f937943b6baf4c565020d5eba0ccfc0.jpg?1788099992,Omega,264,2,WHM
Jack O'brian,12218514,115,105,Valefor,Meteor,2084,0,c75b51feaef2edd8ae7e838fdfef63ae_485f4777c38002871591fb54f27edc65fc0.jpg?1788099376,Omega,45,0,MNK
Inori Chan,54439983,116,106,Asura,Mana,2084,0,924e00538b2fef48f1ddd6b463e8f7ef_53f1445a9f28799a32ea55f046319fc3fc0.jpg?1788099019,Omega,24,0,VPR
Muutyo Ganajai,35379364,117,107,Ridill,Gaia,2082,0,5435163c8ed77079a8f6bdb50b7b4da2_138751880f18161a907d7cf0faa43f07fc0.jpg?1788100423,Omega,70,1,SGE
Tomomomo Momomo,25830708,118,108,Ramuh,Meteor,2080,0,d1b6359fffbcc60e8bddc1120dc05d55_410ddb5a66a2fcacf538bec5ea5d0291fc0.jpg?1788100144,Omega,46,0,SCH
Douglas Ward,32519646,119,110,Asura,Mana,2077,0,5902010d301aa95176126fcdef0dc7c7_53f1445a9f28799a32ea55f046319fc3fc0.jpg?1788099355,Omega,322,0,RDM
Citrullus Lanatus,44400335,120,111,Yojimbo,Meteor,2076,0,13ea310de2d8cda4dccc636dbfe2e046_4a92c619bde4f34cfa77e05fef21ad85fc0.jpg?1788099357,Omega,48,0,SAM
Shion Amber,26147773,121,112,Unicorn,Meteor,2075,0,e2ecf01d14ce449e8393bc3f5dfc57f4_393eb74047bb90c8d80dea54218430eefc0.jpg?1788100010,Omega,33,0,AST
Ardlan Vorlesh,45102526,122,113,Asura,Mana,2072,0,04bfc027079d355fc717e8ec9a4b5f9e_53f1445a9f28799a32ea55f046319fc3fc0.jpg?1788100258,Omega,112,0,DRG
Ria Esta,46580024,123,114,Typhon,Elemental,2071,0,537b652a83e9ead35e927e93170f46f0_32d8c9c7cd5f62d62da2d31b6750a680fc0.jpg?1788098092,Omega,67,0,MCH
Meilkea Inori,40934425,124,115,Aegis,Elemental,2070,0,4c256b756b0f4f43b209ec71728dc0e2_3ea38e723c590aabf186367e1eb7e6a1fc0.jpg?1788101377,Omega,317,0,UNK
Elisa Wolframite,18964939,125,116,Hades,Mana,2069,0,5582934bb6b94d50874d7d241225aa74_a4730651230dd43cb129562a30d531aefc0.jpg?1788101571,Omega,207,26,SMN
Sha Moji,19121169,126,117,Carbuncle,Elemental,2068,0,eb82915777eea0c952b2885bf59641d9_9eb3c19866f7ae0eeeffac7bf770aba5fc0.jpg?1788100421,Omega,166,6,MCH
Kana Drouv,37418772,127,118,Mandragora,Meteor,2068,0,556bea70c6c70acf776be4041d191d92_ee738654add55c3d07ea92d8e108074cfc0.jpg?1788101122,Omega,40,0,PCT
Suteiki Niku,21443132,128,119,Ixion,Mana,2065,0,2f186f805d4bb29abd9458d61593b81a_7126768d768f6c6c7fed3eaee98c3a8afc0.jpg?1788099236,Omega,204,0,VPR
Jawa San,3768644,129,120,Titan,Mana,2065,0,6dc7f48778a077c0339870e942a79f2e_e2bb3f9679fec6d4836fcf8abcc3eeacfc0.jpg?1788100142,Omega,138,0,NIN
Tamago Crab,1576417,130,121,Chocobo,Mana,2063,0,0bce11216fe6e4e1cecfe7c969a1460f_781d6b3603312f6be41670afa37282e0fc0.jpg?1788100445,Omega,147,12,SMN
Scarlet Liora,50450849,131,123,Ridill,Gaia,2056,0,823b2552238fefce05d1a2e39630911f_138751880f18161a907d7cf0faa43f07fc0.jpg?1788098254,Omega,75,0,SGE
Beatrice Rosenkreuz,31285042,132,124,Tiamat,Gaia,2050,0,1972bc9fb243d5cb03ad68af2779564d_9f10d335198e90990f3437c5733468e7fc0.jpg?1788101444,Omega,61,1,CUL
Fuuga Reinfeldt,29495648,133,159,Unicorn,Meteor,2043,199,4441cdfb6f60085397a6647656e86646_393eb74047bb90c8d80dea54218430eefc0.jpg?1788100762,Omega,138,3,WAR
Creya Oaks,20662074,134,126,Tonberry,Elemental,2037,0,0fb57385ff1c90e3ea26edc53722b78c_7bb6b1e488f0e4f01c5314d010b60f31fc0.jpg?1788101190,Omega,276,3,BRD
Sakura Nemutai,55109399,135,127,Titan,Mana,2021,0,efa9ef6672998c8a9c860e5e104d6b3e_e2bb3f9679fec6d4836fcf8abcc3eeacfc0.jpg?1788101520,Omega,151,0,SGE
Aborigini Eve,41231646,136,203,Durandal,Gaia,2021,401,f51909d0dbf287a0c5ad1041eb658fcd_806ea5b45071d5cd6bf393e38462ee71fc0.jpg?1788101293,Omega,97,7,SGE
Devil May'cry,43140387,137,128,Chocobo,Mana,2015,0,bc38e75d4332eb0a661f158200cedb80_781d6b3603312f6be41670afa37282e0fc0.jpg?1788099954,Omega,44,0,UNK
Yan Yan,3182501,138,130,Alexander,Gaia,2012,0,5cd079575de2bd01f87a188c93738695_b7a71d8799cf6dd75b711a7f52de6675fc0.jpg?1788098539,Omega,91,0,NIN
Plum Wanderlust,48936197,139,0,Ultima,Gaia,2008,1012,5b0b1feec9777b8ffd95170b55940879_9df1b3cb0da35db33c17ef11ddf12adafc0.jpg?1788100432,Omega,49,24,AST
Yoruki Hiroran,56925172,140,131,Typhon,Elemental,2001,0,68df19c82415e8fed5592345fb9acbd3_32d8c9c7cd5f62d62da2d31b6750a680fc0.jpg?1788098374,Omega,43,0,SGE
Neku Xyst,23660389,141,133,Ifrit,Gaia,1991,0,fb1f5fe2519e579c50b2b5aa89992706_f9f796348bc43067c7242ec4551cde69fc0.jpg?1788100085,Crystal,64,0,VPR
Shinra Arasaka,24734269,142,135,Tiamat,Gaia,1987,0,2d735fa31b5cfcc7eabaae1839d0b731_9f10d335198e90990f3437c5733468e7fc0.jpg?1788100228,Crystal,49,1,MNK
Uta Tubame,12421333,143,137,Zeromus,Meteor,1983,0,4c1c1810ab77c61696ca66b0716fd309_c76848359d0b4d2f37aefbb9903ed97bfc0.jpg?1788098497,Crystal,107,2,MCH
Iroha Date,6961136,144,138,Aegis,Elemental,1973,0,554b38366a6696fd4ca04583ad727660_3ea38e723c590aabf186367e1eb7e6a1fc0.jpg?1788100190,Crystal,147,18,SCH
Kirakira Akira,55531034,145,139,Typhon,Elemental,1973,0,5934f798f998575286709c767ba05f59_32d8c9c7cd5f62d62da2d31b6750a680fc0.jpg?1788100530,Crystal,35,0,BRD
Amarl Malaguld,27652092,146,140,Masamune,Mana,1966,0,92f5a8f587b00180a706bf0adc6692cb_134930215abb8a90ec37d6cc05b05e08fc0.jpg?1788099960,Crystal,84,10,AST
Endless Summer,36558820,147,141,Tiamat,Gaia,1927,0,0079a66433e68b1f473c7487944a4d3d_9f10d335198e90990f3437c5733468e7fc0.jpg?1788101015,Crystal,169,6,WHM
Ajika Rajika,6811285,148,142,Tiamat,Gaia,1916,0,97621d00c96124d00a3c01cec2dde5f8_9f10d335198e90990f3437c5733468e7fc0.jpg?1788100698,Crystal,104,0,UNK
Che'rie Amiri,60682859,149,143,Zeromus,Meteor,1913,0,74b40d795da2cd26657f9838869b63da_c76848359d0b4d2f37aefbb9903ed97bfc0.jpg?1788100799,Crystal,113,0,UNK
Crystalline Conflict,56094564,150,144,Kujata,Elemental,1911,0,dcae5be360cd5ac359780dd998fbbf57_72c48f093f2278ac3243962d3eb6a8d7fc0.jpg?1788100431,Crystal,148,0,UNK
Baked Potapota,42031891,151,145,Ramuh,Meteor,1908,0,1b1e5ff45bcbd6a80c94ee1c0c8bddcf_410ddb5a66a2fcacf538bec5ea5d0291fc0.jpg?1788099306,Crystal,113,0,AST
Ririca Rica,22451341,152,146,Valefor,Meteor,1900,0,b82d75152d14ebf44db2622ef433b4f4_485f4777c38002871591fb54f27edc65fc0.jpg?1788101529,Crystal,207,3,RPR
Link Ring,55955379,153,147,Durandal,Gaia,1899,0,cd57a4705e19ebab4b3922b039f3a7b7_806ea5b45071d5cd6bf393e38462ee71fc0.jpg?1788098705,Crystal,100,0,BLM
Nao Fu,41247403,154,149,Shinryu,Meteor,1897,0,cfc231e11fac22b1fb8d9d27cee48586_87b7d447f40b06dfc7228caf195f7dcffc0.jpg?1788100872,Crystal,126,0,SGE
Noi Mini,43301677,155,211,Alexander,Gaia,1892,297,20f564ddd53bd362683edef0d0a11a4e_b7a71d8799cf6dd75b711a7f52de6675fc0.jpg?1788101051,Crystal,131,34,PLD
Royce Farrell,16260248,156,185,Tiamat,Gaia,1890,202,dc9ad81c6df424c2b17bd56da6b0cc85_9f10d335198e90990f3437c5733468e7fc0.jpg?1788098599,Crystal,81,7,BRD
Okome Justice,58734775,157,150,Durandal,Gaia,1889,0,3589d26a22faffebd4c39812822aab8a_806ea5b45071d5cd6bf393e38462ee71fc0.jpg?1788101586,Crystal,41,0,SAM
Shamia Lafihna,19352479,158,152,Hades,Mana,1885,0,d0039c35e86ce2926331c5c708ef39f6_a4730651230dd43cb129562a30d531aefc0.jpg?1788098100,Crystal,75,0,VPR
Rohesa Morgan,10586618,159,153,Ramuh,Meteor,1884,0,1b6623c84e2fcee5c1d726a691ab88ba_410ddb5a66a2fcacf538bec5ea5d0291fc0.jpg?1788100029,Crystal,224,6,ARM
Cait Sith,1574936,160,154,Tiamat,Gaia,1883,0,fc4156170aa1fca8004a80238705e5cf_9f10d335198e90990f3437c5733468e7fc0.jpg?1788098765,Crystal,128,0,AST
Wabi Suke,1601102,161,155,Asura,Mana,1882,0,355b0ae1cb512875c96e88afa06d36a7_53f1445a9f28799a32ea55f046319fc3fc0.jpg?1788100532,Crystal,521,0,NIN
Hollow Crown,59144034,162,156,Chocobo,Mana,1880,0,b91b6512544e8803d649622f67e53eab_781d6b3603312f6be41670afa37282e0fc0.jpg?1788101561,Crystal,34,3,MNK
Kur Age,27916663,163,157,Ifrit,Gaia,1872,0,b6c15539902ac3615580d0c358a2ce3a_f9f796348bc43067c7242ec4551cde69fc0.jpg?1788099346,Crystal,56,10,RPR
Dodopita Pittan,3558680,164,168,Tiamat,Gaia,1869,97,0c4178029dae08c0fcbe267d46034e76_9f10d335198e90990f3437c5733468e7fc0.jpg?1788099056,Crystal,132,17,SAM
U-ta Rona,33778140,165,158,Ifrit,Gaia,1862,0,5364399662a84913de2dc736c1cdcfc6_f9f796348bc43067c7242ec4551cde69fc0.jpg?1788101089,Crystal,96,0,ARM
Loussier Ellerensia,18596456,166,252,Hades,Mana,1815,401,1bf2ff58d52f79b841b10e792fe24dcc_a4730651230dd43cb129562a30d531aefc0.jpg?1788100430,Crystal,64,10,WHM
Stardust Emilia,25988007,167,160,Hades,Mana,1812,0,b805b54635a07b2d9710df33b9a946aa_a4730651230dd43cb129562a30d531aefc0.jpg?1788101456,Crystal,106,3,UNK
Inu- Pe-,42153397,168,175,Anima,Mana,1807,100,40c3101dfff66955ad4d9b06fda6e3a8_2f698530a28d671d20278c8518c804c9fc0.jpg?1788099392,Crystal,308,5,SGE
Nicku Nicku,18939474,169,161,Tonberry,Elemental,1805,1,c713d7a775bba8adf5d47b2630f63674_7bb6b1e488f0e4f01c5314d010b60f31fc0.jpg?1788098803,Crystal,21,1,UNK
Black' Cat,27132360,170,162,Ifrit,Gaia,1800,0,25f0dd65be1cf71e9e26e0bcc0dc271f_f9f796348bc43067c7242ec4551cde69fc0.jpg?1788101203,Crystal,185,17,WHM
Taru Taro,25668590,171,182,Tiamat,Gaia,1795,101,b541a0a2f56c87b841eddbd08ea324d6_9f10d335198e90990f3437c5733468e7fc0.jpg?1788099256,Crystal,55,8,PLD
Planet Exploration,30755276,172,163,Ixion,Mana,1793,0,b2df099dea56680a53bbc8588e28444f_7126768d768f6c6c7fed3eaee98c3a8afc0.jpg?1788100547,Crystal,70,4,SMN
Boku Hide,61259881,173,235,Chocobo,Mana,1792,302,2405cc4b75108a1384180ce7bafc3b98_781d6b3603312f6be41670afa37282e0fc0.jpg?1788100462,Crystal,79,17,UNK
Anoma Loris,44038350,174,255,Valefor,Meteor,1790,389,57b0094511d082e7e7e8203d850b4159_485f4777c38002871591fb54f27edc65fc0.jpg?1788099641,Crystal,113,18,SGE
Cey Noqed,56239764,175,164,Anima,Mana,1783,0,05a455503c1b9dc0712f50ad519d9d21_2f698530a28d671d20278c8518c804c9fc0.jpg?1788101175,Crystal,105,0,BLM
Yo Na,52935364,176,165,Fenrir,Gaia,1783,0,2517fd5dbad75617e546949761815db9_d384cf5ad7db803f29799f36ebbc3eadfc0.jpg?1788098703,Crystal,67,0,NIN
Momikucha Ocojo,51451812,177,166,Ixion,Mana,1780,0,52ebf8cad8e1a025e1469ada4534a0f2_7126768d768f6c6c7fed3eaee98c3a8afc0.jpg?1788099392,Crystal,117,1,UNK
Kageto Magatsuki,36052369,178,167,Ultima,Gaia,1776,0,c99eebd98f0729313042324985a6fc9a_9df1b3cb0da35db33c17ef11ddf12adafc0.jpg?1788100353,Crystal,52,0,VPR
Dopa Gaki,19292121,179,169,Garuda,Elemental,1769,0,922b912ad0f37ed8d9f8bf6c33abd9ad_fcb1f5b0249d1069e5bdc66d0796f26afc0.jpg?1788098380,Crystal,92,1,UNK
Korone Yubi,38334943,180,170,Yojimbo,Meteor,1768,0,f96e46a75ff8692aefd4bf0841f4e177_4a92c619bde4f34cfa77e05fef21ad85fc0.jpg?1788101598,Crystal,115,0,NIN
Zwei Kreuz,14516450,181,194,Bahamut,Gaia,1763,90,367ea315b18ce50bb6f34a9ea77f3222_86da943caa70c8694707ab2ff74e68c9fc0.jpg?1788100234,Crystal,39,2,UNK
Aruku Babyun,7383311,182,221,Unicorn,Meteor,1760,202,c2fa4e98c1f4638d053218fa4c127b4c_393eb74047bb90c8d80dea54218430eefc0.jpg?1788098785,Crystal,221,19,DRK
Envy Lua,43034484,183,198,Valefor,Meteor,1742,94,e7cd2d55788c0aa6cbc5b71284096360_485f4777c38002871591fb54f27edc65fc0.jpg?1788099940,Crystal,124,27,SAM
Odwit Vendisch,42078574,184,199,Aegis,Elemental,1734,87,16b22e919d37aaeda97dfa361cf8659d_3ea38e723c590aabf186367e1eb7e6a1fc0.jpg?1788099877,Crystal,419,11,UNK
Battoh Nuko,1022118,185,250,Durandal,Gaia,1718,301,bdbb91b8d6d4eaa2d99a4a18d13153cb_806ea5b45071d5cd6bf393e38462ee71fc0.jpg?1788099790,Crystal,58,7,DRG
Yuuki Swallowtail,32886185,186,172,Kujata,Elemental,1714,0,712840b89db68c0862aff570eefb28c6_72c48f093f2278ac3243962d3eb6a8d7fc0.jpg?1788100389,Crystal,131,0,SAM
Cinzia Castagnone,42223337,187,173,Ultima,Gaia,1713,0,f04869081ccf9229ca06746e399b2740_9df1b3cb0da35db33c17ef11ddf12adafc0.jpg?1788099573,Crystal,116,1,AST
Rex Cold,46340519,188,174,Bahamut,Gaia,1709,0,5a590acfa6bbe6cddd1eb5143c7070f2_86da943caa70c8694707ab2ff74e68c9fc0.jpg?1788098279,Crystal,116,18,UNK
Mochi Dooooon,51161467,189,176,Hades,Mana,1707,0,fe8f2f3f207480dac3f25ca746d11cf4_a4730651230dd43cb129562a30d531aefc0.jpg?1788098835,Crystal,39,0,SGE
Orpheus Jongleur,3414846,190,177,Bahamut,Gaia,1702,0,091f84408fe996c55b0d18af8fc1d9d6_86da943caa70c8694707ab2ff74e68c9fc0.jpg?1788100277,Crystal,67,0,WAR
Nov Noa,56271994,191,178,Tiamat,Gaia,1698,0,0711a53e252756264a473f2b53d53cad_9f10d335198e90990f3437c5733468e7fc0.jpg?1788099839,Crystal,96,42,DNC
Sol Perfect,13175986,192,179,Hades,Mana,1697,0,09b81422623fbfed2cbc5f5650d41a6f_a4730651230dd43cb129562a30d531aefc0.jpg?1788098047,Crystal,71,5,BLM
Jios Quartar,3179754,193,180,Tiamat,Gaia,1695,0,e4a3c15118c1258c3c33b152cbada545_9f10d335198e90990f3437c5733468e7fc0.jpg?1788100125,Crystal,172,21,BRD
Ml Tei,47822875,194,181,Alexander,Gaia,1695,0,259bd72e639c252e3e6ab819661c07a6_b7a71d8799cf6dd75b711a7f52de6675fc0.jpg?1788098189,Crystal,25,0,THM
Lufefe Lufe,8829146,195,183,Mandragora,Meteor,1691,0,91e252cc1edf40cc72e7912c50fbfde7_ee738654add55c3d07ea92d8e108074cfc0.jpg?1788099140,Crystal,101,2,NIN
Kinq-of- Platinum,48727904,196,0,Gungnir,Elemental,1689,463,3c8d43a875a038c5fbf54250da8a5442_8f82f937943b6baf4c565020d5eba0ccfc0.jpg?1788099580,Crystal,169,9,DRG
Aria Canon,1030539,197,257,Pandaemonium,Mana,1688,289,c643f10c86a1dec8fe0358a24454dab6_470db1bf2e865f9130531fea40b61ee4fc0.jpg?1788098212,Crystal,241,31,AST
Sweetbleed Viras,56084804,198,184,Ridill,Gaia,1688,0,98404495f2c5b2af87b2eb9ff9b3aaf0_138751880f18161a907d7cf0faa43f07fc0.jpg?1788101189,Crystal,160,8,VPR
Oracle Trezavejo,15712017,199,216,Bahamut,Gaia,1686,101,b4aa7ecb29192073338a2cc53603b062_86da943caa70c8694707ab2ff74e68c9fc0.jpg?1788100451,Crystal,100,4,SMN
Laru Gucchi,4772544,200,186,Durandal,Gaia,1686,0,766e8af080f3aa6e38ee510dee4807b8_806ea5b45071d5cd6bf393e38462ee71fc0.jpg?1788098754,Crystal,95,5,DRG
O'dette Noelle,26231391,201,187,Kujata,Elemental,1686,0,e4d0424de154feb08b3839c7806f9266_72c48f093f2278ac3243962d3eb6a8d7fc0.jpg?1788100722,Crystal,66,0,MNK
Konegai Konegai,3277232,202,274,Masamune,Mana,1683,301,3a445dba3d4d2882c60b55a59669971b_134930215abb8a90ec37d6cc05b05e08fc0.jpg?1788099673,Crystal,174,10,MCH
Pallas Athene,2406168,203,270,Shinryu,Meteor,1683,298,53bb581fc41367c292fd90f3c8eafe9f_87b7d447f40b06dfc7228caf195f7dcffc0.jpg?1788101543,Crystal,28,5,SCH
Maito Melek,26875635,204,188,Hades,Mana,1680,0,f46d534bca38450ba9b70bb608411c3e_a4730651230dd43cb129562a30d531aefc0.jpg?1788100943,Crystal,55,16,UNK
Lilica Astadir,3503219,205,189,Valefor,Meteor,1677,0,5af5f880cbf4a0fb2fc785912a217eae_485f4777c38002871591fb54f27edc65fc0.jpg?1788100144,Crystal,106,3,WAR
Mao Caprice,32793338,206,190,Titan,Mana,1675,0,101c8c73de660221dc8ad95fafa4ad3c_e2bb3f9679fec6d4836fcf8abcc3eeacfc0.jpg?1788100319,Crystal,77,0,MNK
Aurelia Stratosfera,26527089,207,191,Unicorn,Meteor,1675,0,0ed689683555a9555b96a5599288d4a1_393eb74047bb90c8d80dea54218430eefc0.jpg?1788101471,Crystal,64,0,SAM
Ena Lucida,46120110,208,192,Valefor,Meteor,1674,0,0d22e7ccb96b881d94b2eaac8c63f55c_485f4777c38002871591fb54f27edc65fc0.jpg?1788100028,Crystal,158,2,UNK
Liken Liekun,24806613,209,193,Shinryu,Meteor,1673,0,5aa5d27e0f5d07d19980648d6a9c2ba5_87b7d447f40b06dfc7228caf195f7dcffc0.jpg?1788099791,Crystal,206,9,AST
Moi Pomme,56383677,210,195,Anima,Mana,1672,0,df195b6c463065fc5c6cf34724d6875c_2f698530a28d671d20278c8518c804c9fc0.jpg?1788100047,Crystal,76,0,SMN
Aries San,12460047,211,196,Tiamat,Gaia,1668,0,00a39e6a3c0cb6e9529ffdf15a10dadb_9f10d335198e90990f3437c5733468e7fc0.jpg?1788098679,Crystal,102,0,SGE
Oriental Art,1070191,212,197,Chocobo,Mana,1660,0,d31830cb71830b425529f231f39e776b_781d6b3603312f6be41670afa37282e0fc0.jpg?1788100651,Crystal,375,25,DRG
Tori Momo,47876183,213,0,Unicorn,Meteor,1651,507,3672fa98c1d2b3d4855d7f0bdad1caf8_393eb74047bb90c8d80dea54218430eefc0.jpg?1788100025,Crystal,201,16,WHM
Lala Ruru,23370112,214,200,Hades,Mana,1633,0,52987a3ea9f860f9522e49f36a51fcdf_a4730651230dd43cb129562a30d531aefc0.jpg?1788099549,Crystal,234,7,WHM
Aquamarine Freyja,30360317,215,209,Titan,Mana,1630,30,0dfd1b818fb45dff90b6c17b14b71318_e2bb3f9679fec6d4836fcf8abcc3eeacfc0.jpg?1788100003,Crystal,132,18,MNK
Avaron Ninesisters,1584314,216,207,Tiamat,Gaia,1624,22,5c1970240f5e1f80ffabdd3988080f5e_9f10d335198e90990f3437c5733468e7fc0.jpg?1788099359,Crystal,196,14,WHM
Chrono Meter,4807361,217,201,Zeromus,Meteor,1622,0,b74f258cbaba5cb680ca0095a0758cbb_c76848359d0b4d2f37aefbb9903ed97bfc0.jpg?1788100565,Crystal,427,23,UNK
Shattered Onyx,61529398,218,202,Mandragora,Meteor,1621,0,4507237b3154f0500f368c8975cd596c_ee738654add55c3d07ea92d8e108074cfc0.jpg?1788101510,Crystal,135,0,UNK
Shi Syou,5023543,219,281,Atomos,Elemental,1619,255,d930c67636980aa5cc10bd814bdc2dbd_cf768a751b1f5e355c2fd39a9ed91f3ffc0.jpg?1788100281,Crystal,136,7,MCH
Piggy Walk,49739992,220,204,Alexander,Gaia,1618,0,3e967d228a864beca527f7f9e1561cb0_b7a71d8799cf6dd75b711a7f52de6675fc0.jpg?1788098675,Crystal,57,0,NIN
Tiger Rutata,23825437,221,205,Asura,Mana,1615,0,a69a7fd0c20bbbd51ddf7cc27af7921e_53f1445a9f28799a32ea55f046319fc3fc0.jpg?1788100195,Crystal,119,0,RDM
Teena Lewis,2553070,222,206,Bahamut,Gaia,1608,0,53366246b477a6a74d51a27aa7146532_86da943caa70c8694707ab2ff74e68c9fc0.jpg?1788100003,Crystal,82,0,WAR
Choi Choi,21476713,223,286,Ridill,Gaia,1603,285,eb5761358ba215960780a48c39d26cbf_138751880f18161a907d7cf0faa43f07fc0.jpg?1788099541,Crystal,214,29,VPR
Notttz Imbrium,50270248,224,226,Titan,Mana,1603,94,58a87ecc9a18820b07646a481a8154a4_e2bb3f9679fec6d4836fcf8abcc3eeacfc0.jpg?1788099831,Crystal,64,5,SMN
Falaris Whitemoon,39272552,225,208,Carbuncle,Elemental,1602,0,ba7f541c520a57e21fce1321218d73b3_9eb3c19866f7ae0eeeffac7bf770aba5fc0.jpg?1788100136,Crystal,58,0,MNK
Aristel Brown,3214595,226,210,Typhon,Elemental,1599,0,edba68904ef1184c5563cdd263603a74_32d8c9c7cd5f62d62da2d31b6750a680fc0.jpg?1788099671,Crystal,419,17,GNB
Nao Silver,7061459,227,0,Ridill,Gaia,1592,699,5b47b6dc6257d8717a69638713cf3379_138751880f18161a907d7cf0faa43f07fc0.jpg?1788101153,Crystal,61,10,UNK
Fennel Earltea,21886406,228,212,Typhon,Elemental,1591,0,4e8f23f97ca17b02271d5d67829e204d_32d8c9c7cd5f62d62da2d31b6750a680fc0.jpg?1788100687,Crystal,100,0,SCH
Bronze Warrior,33944385,229,262,Alexander,Gaia,1591,197,3a8559d847a626b7d8a2760ec13a73b5_b7a71d8799cf6dd75b711a7f52de6675fc0.jpg?1788098852,Crystal,77,5,WAR
Ame Azarashi,23141823,230,213,Durandal,Gaia,1589,0,3169ff74c51973a08f1b5c47026339a9_806ea5b45071d5cd6bf393e38462ee71fc0.jpg?1788098850,Crystal,33,0,GNB
Katuo Bushi,48894263,231,214,Garuda,Elemental,1588,0,8b92a347d66765b2b2d24c1ad40d5afa_fcb1f5b0249d1069e5bdc66d0796f26afc0.jpg?1788101639,Crystal,200,5,SAM
Hal Moonvine,6544837,232,254,Yojimbo,Meteor,1587,201,0b051eda0b20b820aec68545891c2ce7_4a92c619bde4f34cfa77e05fef21ad85fc0.jpg?1788101419,Crystal,25,3,UNK
Rinfia Rint,24291060,233,215,Durandal,Gaia,1586,0,a0d48d9035ce8cb65db8d80e6f885428_806ea5b45071d5cd6bf393e38462ee71fc0.jpg?1788099955,Crystal,246,20,WHM
Ursula Hackenschmidt,42648090,234,217,Fenrir,Gaia,1584,0,a665d50be7723b1660e54e045bb7a2fe_d384cf5ad7db803f29799f36ebbc3eadfc0.jpg?1788100559,Crystal,34,0,PLD
Hina Narumi,36489169,235,218,Masamune,Mana,1575,0,b92b3bffbe6d8e1f5f53a1f3735c1387_134930215abb8a90ec37d6cc05b05e08fc0.jpg?1788101319,Crystal,59,0,DRG
Aran Tyler,47478713,236,244,Zeromus,Meteor,1573,107,601da8267e6037e1adc37928f1ab982b_c76848359d0b4d2f37aefbb9903ed97bfc0.jpg?1788100638,Crystal,108,12,SAM
Honey Cat,51251838,237,219,Ultima,Gaia,1565,0,c89504a579493fe83a6003536b5fcfdf_9df1b3cb0da35db33c17ef11ddf12adafc0.jpg?1788099436,Crystal,122,0,MCH
Hateful Past,26237856,238,220,Asura,Mana,1560,0,ed0c8f5d7b00b4c718fd834e96efdd7e_53f1445a9f28799a32ea55f046319fc3fc0.jpg?1788099482,Crystal,61,0,PLD
Mitui Aset,29908583,239,222,Zeromus,Meteor,1554,0,03c5c419a0ed40508b02b7656c3bc1e1_c76848359d0b4d2f37aefbb9903ed97bfc0.jpg?1788100523,Crystal,387,4,NIN
Zukasa Yatoh,8768354,240,223,Typhon,Elemental,1547,0,4b9242a67c4aa4390facfa8e2028de4b_32d8c9c7cd5f62d62da2d31b6750a680fc0.jpg?1788099978,Crystal,161,0,DRG
Deisia Touna,31397456,241,224,Mandragora,Meteor,1528,0,f9bdcbbd105a361017ee7dd26bde2ea6_ee738654add55c3d07ea92d8e108074cfc0.jpg?1788099055,Crystal,235,0,AST
Hoshino Ai,47933529,242,225,Titan,Mana,1528,0,82bad71f761726aa0a737f36447d9f50_e2bb3f9679fec6d4836fcf8abcc3eeacfc0.jpg?1788098080,Crystal,59,0,DRG
Karewa Kare,53675376,243,227,Durandal,Gaia,1508,0,cbdbee91e564af7bf540b273708c9d13_806ea5b45071d5cd6bf393e38462ee71fc0.jpg?1788099485,Crystal,75,0,WHM
Lily Skywaker,6792620,244,229,Ixion,Mana,1503,0,2a199e9346f375c2f2e814be59d0cf09_7126768d768f6c6c7fed3eaee98c3a8afc0.jpg?1788098704,Crystal,171,0,VPR
Comachi Dj,13425678,245,230,Hades,Mana,1503,0,4983bf5b31ed2764865b5fd4a01a64a5_a4730651230dd43cb129562a30d531aefc0.jpg?1788100769,Crystal,121,0,VPR
Nacreous Snowmelt,55586649,246,231,Asura,Mana,1500,0,2927bf8e620ad06dc8e1e74d7e3c071f_53f1445a9f28799a32ea55f046319fc3fc0.jpg?1788100426,Crystal,23,0,WAR
Yi Xiangfeng,57320880,247,232,Titan,Mana,1497,0,a98e604367a6e3fd017185877e3a9227_e2bb3f9679fec6d4836fcf8abcc3eeacfc0.jpg?1788100435,Crystal,38,0,MCH
Maplesyrup Hunnyhunt,5036291,248,233,Unicorn,Meteor,1494,0,30c7709ed0a59cb5eb0c9201d62deb82_393eb74047bb90c8d80dea54218430eefc0.jpg?1788100412,Crystal,121,16,NIN
In Darkness,58974244,249,234,Chocobo,Mana,1493,0,d7230442a7c392d7ef8e729a84ab3182_781d6b3603312f6be41670afa37282e0fc0.jpg?1788099346,Crystal,382,0,RPR
Laviera Rose,60788095,250,0,Masamune,Mana,1490,298,137281dbfd05a8698e1b5b46cb1d6d03_134930215abb8a90ec37d6cc05b05e08fc0.jpg?1788100238,Crystal,33,7,DRG
Splitz Allure,11250991,251,236,Tonberry,Elemental,1489,0,5df739fcece56728f620a7cd5b05392e_7bb6b1e488f0e4f01c5314d010b60f31fc0.jpg?1788099087,Crystal,31,0,VPR
Shining Star,60899272,252,0,Typhon,Elemental,1489,0,691eeafc0853bd2b215c57b64edd3a71_32d8c9c7cd5f62d62da2d31b6750a680fc0.jpg?1788100420,Crystal,27,0,DRG
Happy Gigapanda,29631468,253,237,Belias,Meteor,1488,0,d689aa402e0869833ed03b58aa3396a8_894c4bd0beab2e2beb44b74f4c4bd206fc0.jpg?1788099616,Crystal,107,0,SAM
Chiot Sieste,27120226,254,0,Ifrit,Gaia,1488,400,d09b6e1369ed8f7fa4051b3759458707_f9f796348bc43067c7242ec4551cde69fc0.jpg?1788100535,Crystal,62,18,MNK
Tur Vi,29441650,255,238,Ixion,Mana,1486,0,c25db65c8bbbbc541970e309edde5c7b_7126768d768f6c6c7fed3eaee98c3a8afc0.jpg?1788099566,Crystal,23,0,MNK
Luna Nana,41082381,256,239,Typhon,Elemental,1485,0,35d0842e516aa886b3d925659c693234_32d8c9c7cd5f62d62da2d31b6750a680fc0.jpg?1788098499,Crystal,119,0,BRD
Shino Sabury,1570016,257,240,Ramuh,Meteor,1484,0,554872db6961ea2dde7f5ab823211e5c_410ddb5a66a2fcacf538bec5ea5d0291fc0.jpg?1788098693,Crystal,55,0,VPR
Ta Negi,42845486,258,0,Shinryu,Meteor,1483,201,8edd0ae7edb0f6b6f5d1ccc25c08673e_87b7d447f40b06dfc7228caf195f7dcffc0.jpg?1788098569,Crystal,104,11,MNK
Haine Balantin,25261749,259,0,Ifrit,Gaia,1481,294,95d742d2775dc4ae64696462b68ee21f_f9f796348bc43067c7242ec4551cde69fc0.jpg?1788100261,Crystal,213,6,DRK
Blari Taraba,29682913,260,241,Ultima,Gaia,1481,0,8715585bf23b1871520e0b6c478fa049_9df1b3cb0da35db33c17ef11ddf12adafc0.jpg?1788100675,Crystal,95,9,RPR
Ui Thrix,39291749,261,242,Chocobo,Mana,1475,0,08b70654c7812f561afc700e0756319a_781d6b3603312f6be41670afa37282e0fc0.jpg?1788100464,Crystal,47,0,AST
Vir Sanctus,38437893,262,243,Asura,Mana,1469,0,e0afc9c178de541c5ba8a1afafa4bb02_53f1445a9f28799a32ea55f046319fc3fc0.jpg?1788100674,Crystal,54,0,MCH
Hyde Suta,3129505,263,245,Carbuncle,Elemental,1459,0,4535742390448a5e3b926ce9d7f18056_9eb3c19866f7ae0eeeffac7bf770aba5fc0.jpg?1788100040,Crystal,118,3,SMN
Smol Despair,46030499,264,246,Kujata,Elemental,1453,0,fa02f92ff876436157f679735d22c53c_72c48f093f2278ac3243962d3eb6a8d7fc0.jpg?1788099143,Crystal,155,6,MNK
Karma Strife,3816037,265,247,Chocobo,Mana,1448,3,7a25293b17ff84c0c64a519d1fc09720_781d6b3603312f6be41670afa37282e0fc0.jpg?1788099263,Crystal,102,1,SAM
Iz Levmel,17594950,266,248,Garuda,Elemental,1443,0,9e457ec4068931e92288544db8499aae_fcb1f5b0249d1069e5bdc66d0796f26afc0.jpg?1788098570,Crystal,163,4,SAM
Mao Niang,52828242,267,249,Ramuh,Meteor,1418,0,8d9afe0653c54c1b87570b3e2bbd4aad_410ddb5a66a2fcacf538bec5ea5d0291fc0.jpg?1788099028,Crystal,85,0,MCH
Totoka Toka,40704377,268,251,Chocobo,Mana,1415,0,3aafbe2ed09507936a8a2aa2a03e2207_781d6b3603312f6be41670afa37282e0fc0.jpg?1788099128,Crystal,304,20,BLM
Nyaruga Kyuruga,4962287,269,284,Atomos,Elemental,1411,80,fb555ad539f0f8689a39c65513b388b2_cf768a751b1f5e355c2fd39a9ed91f3ffc0.jpg?1788099253,Crystal,170,24,WAR
Diao Tiandi,56776774,270,253,Ixion,Mana,1408,0,d3f8787a245e6cabd6ee8065c6eeefb5_7126768d768f6c6c7fed3eaee98c3a8afc0.jpg?1788100723,Crystal,98,0,SCH
Ieajheg Ftydryhc,20204391,271,0,Chocobo,Mana,1401,201,5b94b6423a78c8a54f86294e40d71a5f_781d6b3603312f6be41670afa37282e0fc0.jpg?1788099460,Crystal,68,6,DRG
Qra Pon,12606504,272,256,Tiamat,Gaia,1401,0,30ece015b03b1ce579289400a20de837_9f10d335198e90990f3437c5733468e7fc0.jpg?1788100592,Crystal,43,0,MNK
En Avant,46371551,273,258,Belias,Meteor,1399,0,d6c3784f3b06c119ae16dd725e2a2b6e_894c4bd0beab2e2beb44b74f4c4bd206fc0.jpg?1788099842,Crystal,136,4,GNB
Alqa Mar,39507968,274,259,Ramuh,Meteor,1398,0,8aca13da51dbc7d45ed47e52f57fb53e_410ddb5a66a2fcacf538bec5ea5d0291fc0.jpg?1788098685,Crystal,56,17,MNK
Super Gal,52139020,275,260,Bahamut,Gaia,1396,0,2a20ce1a576737898f3290324b402cd6_86da943caa70c8694707ab2ff74e68c9fc0.jpg?1788099340,Crystal,309,5,RDM
Sylphiette Luglia,13255770,276,261,Ultima,Gaia,1394,0,50ff78ae7a4200bc288765aa81af5849_9df1b3cb0da35db33c17ef11ddf12adafc0.jpg?1788099346,Crystal,140,0,MNK
Ringo Pearl,18445964,277,263,Fenrir,Gaia,1392,0,4e7a80bd883c8829d443cdb72f24722e_d384cf5ad7db803f29799f36ebbc3eadfc0.jpg?1788099242,Crystal,170,15,GNB
Umai Okawari,28809423,278,0,Zeromus,Meteor,1392,314,603544c81055f8085a950feb781bee2a_c76848359d0b4d2f37aefbb9903ed97bfc0.jpg?1788099522,Crystal,81,10,AST
Evariste Galois,58660135,279,264,Chocobo,Mana,1392,0,7f835ad51f7703d8c7d073fc750b8987_781d6b3603312f6be41670afa37282e0fc0.jpg?1788099196,Crystal,72,0,UNK
Nina Vailu,50599787,280,265,Yojimbo,Meteor,1390,0,0a657d81c5b867d2f49d51382bc7b94c_4a92c619bde4f34cfa77e05fef21ad85fc0.jpg?1788099520,Crystal,116,0,DNC
Syake Dog-nyan,1616788,281,266,Bahamut,Gaia,1390,0,39b434160e1c215835c854cb7a564018_86da943caa70c8694707ab2ff74e68c9fc0.jpg?1788101266,Crystal,82,0,WHM
Aster Sion,3717138,282,267,Valefor,Meteor,1389,0,bb0aa6be216055a36aa59e813ca0ebdb_485f4777c38002871591fb54f27edc65fc0.jpg?1788100096,Crystal,41,0,DRK
Mily Sara,23911809,283,268,Aegis,Elemental,1385,0,19086b376708852503d1ac9c2b293b8c_3ea38e723c590aabf186367e1eb7e6a1fc0.jpg?1788098877,Crystal,237,0,MCH
Lilium Arihi,28259742,284,269,Bahamut,Gaia,1385,0,fa8d96ac3ef3a5f3b2fcd65c0f5508c0_86da943caa70c8694707ab2ff74e68c9fc0.jpg?1788099861,Crystal,182,27,MCH
Sana Papa,44925625,285,271,Ramuh,Meteor,1384,0,6a2d4e251458356b738142d6b0653c03_410ddb5a66a2fcacf538bec5ea5d0291fc0.jpg?1788100621,Crystal,40,0,MCH
Surt Albert,36791487,286,272,Carbuncle,Elemental,1384,0,8a235875533c6a7a42c502326fca8981_9eb3c19866f7ae0eeeffac7bf770aba5fc0.jpg?1788101305,Crystal,28,0,AST
Mame Poporu,22836070,287,0,Ixion,Mana,1383,101,a886d90317b0e4205db7046757e57e53_7126768d768f6c6c7fed3eaee98c3a8afc0.jpg?1788100387,Crystal,45,2,DRK
Save Metaru,4884743,288,273,Titan,Mana,1383,0,9a955c2a6fd15f44207aa0dbedbb58f0_e2bb3f9679fec6d4836fcf8abcc3eeacfc0.jpg?1788099946,Crystal,31,0,RDM
Zero No'name,24180515,289,275,Titan,Mana,1381,0,3f2ec2a99605ed4d05ef0e5bc0f3b8d4_e2bb3f9679fec6d4836fcf8abcc3eeacfc0.jpg?1788099203,Crystal,42,0,PLD
Pinn Pinn,7581229,290,0,Chocobo,Mana,1381,393,1706e2472f4738c6982540a19097ec0d_781d6b3603312f6be41670afa37282e0fc0.jpg?1788098223,Crystal,26,6,SAM
San Sowa,35604125,291,276,Ridill,Gaia,1379,0,c5fbf3709fd6b4c8fba74f67e0820609_138751880f18161a907d7cf0faa43f07fc0.jpg?1788098998,Crystal,241,0,UNK
Jake Emethart,30406074,292,277,Alexander,Gaia,1378,0,0bb538c469f634e7e8b6453518a8df60_b7a71d8799cf6dd75b711a7f52de6675fc0.jpg?1788099010,Crystal,96,7,AST
Star Chaserrrr,60248723,293,278,Ultima,Gaia,1375,0,7ea1d361c68c068f551d54d771f334dc_9df1b3cb0da35db33c17ef11ddf12adafc0.jpg?1788100590,Crystal,126,0,UNK
Yono Yami,44420572,294,279,Tonberry,Elemental,1367,0,abc3ec391f6dfec3c47fb08fe593b9fb_7bb6b1e488f0e4f01c5314d010b60f31fc0.jpg?1788099786,Crystal,125,0,UNK
Lhei Tayun,55776060,295,280,Chocobo,Mana,1366,0,d1e1c509f0fac227ceada972ddb424d4_781d6b3603312f6be41670afa37282e0fc0.jpg?1788101634,Crystal,66,0,BLM
Rariboy Xx,4660025,296,282,Garuda,Elemental,1356,0,80b036f210d47467413b630ce1537551_fcb1f5b0249d1069e5bdc66d0796f26afc0.jpg?1788099378,Crystal,95,1,MCH
Kid Whew,62106062,297,283,Aegis,Elemental,1336,0,798e57e3e43ece4b4a8d6028b89dcfe3_3ea38e723c590aabf186367e1eb7e6a1fc0.jpg?1788100232,Crystal,137,0,SAM
Rius Celma,2593636,298,285,Gungnir,Elemental,1325,0,0cd92976f9846763acada5649dcee812_8f82f937943b6baf4c565020d5eba0ccfc0.jpg?1788101165,Crystal,163,12,RDM
Yoizuki Yomi,39860188,299,0,Ifrit,Gaia,1324,99,db1f8772414cb2afc3561282dd4a6a5a_f9f796348bc43067c7242ec4551cde69fc0.jpg?1788101190,Crystal,57,6,VPR
Ichigo Jasmine,57027122,300,287,Shinryu,Meteor,1309,0,17fae3561e1e77d262d93652dbd0bdc4_87b7d447f40b06dfc7228caf195f7dcffc0.jpg?1788098644,Crystal,45,0,DNC
Miyu Moon,14522179,1,0,Mateus,Crystal,3756,0,3562f4cf44aad7d526acbf8fae3937b0_f0c52cc66e124fc2e641d7c21ab2ce79fc0.jpg?1788099550,Ultima,93,0,SAM
Ahri Meow,42604315,2,0,Leviathan,Primal,3739,0,99498e3de5cc49aacddccc855d4ee19d_a91aae52cff9ef65932db06b150ffd47fc0.jpg?1788099203,Ultima,143,0,RDM
Pekora Meow,37421725,3,0,Leviathan,Primal,3385,0,dc85502f9baa330d5a15d3c0a6f002a0_a91aae52cff9ef65932db06b150ffd47fc0.jpg?1788101467,Ultima,242,0,RDM
Legendary Ash,10855248,4,0,Faerie,Aether,3294,0,6fd699132806b61c9dcb8613c3ae11a3_0e336ff6ad415f47233f0aaf127feac0fc0.jpg?1788100980,Ultima,117,0,PLD
Tomo Kote,38176817,5,0,Gilgamesh,Aether,3171,0,e5d7502ad7f21874552a4fc21553ee9e_b937560c841465f7c4bc8eb47ea7948afc0.jpg?1788099169,Ultima,252,6,MNK
Emi Meow,44729199,6,0,Siren,Aether,3095,0,39fec9b8eaf71c699797cd15ef87009b_58a84e851e55175d22158ca97af58a1ffc0.jpg?1788100457,Ultima,78,0,RDM
Azure Balmung,17864089,7,0,Gilgamesh,Aether,3079,0,5456a33c0abb12eab1bf88281486246e_b937560c841465f7c4bc8eb47ea7948afc0.jpg?1788099528,Ultima,59,0,RPR
Meteor Moon,29693876,8,0,Rafflesia,Dynamis,3072,0,7f262df9422aa27c9dd850d004812561_2783886613347a4db0bed7524de1298ffc0.jpg?1788099639,Ultima,287,8,SGE
Artesia Saeyrs,2957946,9,0,Sargatanas,Aether,3061,0,e1a9c389a8110feceacc91a730bfc558_ba22853447012a24cee115315d6a5bebfc0.jpg?1788098331,Ultima,58,0,VPR
Hollow Bastion,56455630,10,0,Rafflesia,Dynamis,3057,0,1f48f716d376c4c54dbbeedac9f01255_2783886613347a4db0bed7524de1298ffc0.jpg?1788101199,Ultima,78,0,UNK
Crow Meow,54328117,11,0,Jenova,Aether,3055,0,7eded062751a7f80f7f3d9fbe0ab8e34_ce736afe35e2ded4e46c4fd0659aef7efc0.jpg?1788100529,Ultima,80,0,WHM
Kairi Rune,28236760,12,17,Hyperion,Primal,3024,360,ce129fc5d83b1472a349e0e1053aee02_57ae9ee5592123dd79c8912bf768cf99fc0.jpg?1788098092,Ultima,305,13,WAR
Mac Arena,21560395,13,16,Adamantoise,Aether,2968,293,30fa962580974874808d1a8b67407ebb_1f5fd239b885860b7c2bfc72ad1d97effc0.jpg?1788099786,Omega,53,9,GNB
Azar Kaveh,16748899,14,20,Mateus,Crystal,2950,366,1d25f3d1883510d8fd010504471516b8_f0c52cc66e124fc2e641d7c21ab2ce79fc0.jpg?1788099742,Omega,563,34,MCH
Cyphos Ultimus,2288366,15,12,Balmung,Crystal,2896,0,b980cc0ff24da63437a59ef78df763c0_7a573cbc0cda3a3dfc1795cb3d9f7b23fc0.jpg?1788099770,Omega,144,0,RPR
Sanahi Keto,57330112,16,13,Hyperion,Primal,2819,0,6531a5f5216bf8e7efcdcf26e24615cb_57ae9ee5592123dd79c8912bf768cf99fc0.jpg?1788098222,Omega,294,0,WHM
Barock Obama,52411158,17,14,Siren,Aether,2787,0,05a5459925b46dd9d074e273b24d5d27_58a84e851e55175d22158ca97af58a1ffc0.jpg?1788098676,Omega,424,22,MNK
Lucio Harundo,4012099,18,19,Leviathan,Primal,2708,119,d042eff245eaa56c0b6989df68a99564_a91aae52cff9ef65932db06b150ffd47fc0.jpg?1788101125,Omega,404,9,WAR
Merlin Emryss,9605720,19,15,Faerie,Aether,2684,0,87179f28ae17956a4d43567dadf6ea60_0e336ff6ad415f47233f0aaf127feac0fc0.jpg?1788098140,Omega,178,0,BLM
Local-area Network,28168413,20,18,Cactuar,Aether,2606,0,5181fed39656c5cf1dc247fe1bf97832_96ab1df8877c1f8ba6a89a39cccfd437fc0.jpg?1788098793,Omega,53,0,SAM
Fye Alanyk,48751064,21,0,Diabolos,Crystal,2517,0,d605d68b88b347dfdb8a9b9e6c3539d6_7b33d33ae3ecb996f778a5f67a6a0af6fc0.jpg?1788100061,Omega,357,15,AST
Hrothmar Blackburns,28757856,22,0,Adamantoise,Aether,2425,0,ba6405bac0d5b1fb489962984f0d9fb9_1f5fd239b885860b7c2bfc72ad1d97effc0.jpg?1788100407,Omega,357,9,BLM
Pvp Badboy,38919488,23,0,Sargatanas,Aether,2421,0,8833f678967938d2e79b8d993021ce3f_ba22853447012a24cee115315d6a5bebfc0.jpg?1788098247,Omega,193,0,NIN
Ham Baga,28276994,24,0,Balmung,Crystal,2389,0,80672270fca68b3d3fa2f4c0b220427a_7a573cbc0cda3a3dfc1795cb3d9f7b23fc0.jpg?1788099956,Omega,243,5,PLD
Zypris Allsbane,13616095,25,0,Leviathan,Primal,2364,0,8194751bb802fcd9691a7ee558040836_a91aae52cff9ef65932db06b150ffd47fc0.jpg?1788099982,Omega,129,2,RPR
Olivia Lugria,15149290,26,30,Sargatanas,Aether,2361,97,c230658574a9dc12a4eb6fae2e16ceb4_ba22853447012a24cee115315d6a5bebfc0.jpg?1788100329,Omega,262,26,RDM
Terro Beoulve,45682109,27,26,Coeurl,Crystal,2310,0,5c8262e03844a30a89d0d2374247f03c_284358f8eb4efc9095914e46798c6ab3fc0.jpg?1788099115,Omega,160,4,VPR
Rin Ruki,59858100,28,27,Exodus,Primal,2297,0,7ec8676537a0b3fff644be3f10ee7741_0cdf051c93865faa15cbc5cd3d2b69fbfc0.jpg?1788101595,Omega,100,0,UNK
Fulheart Grit,38212551,29,28,Balmung,Crystal,2273,0,4a4d99f967c37bf42bd739857921e360_7a573cbc0cda3a3dfc1795cb3d9f7b23fc0.jpg?1788099085,Omega,129,0,MCH
Size Difference,33536390,30,29,Sargatanas,Aether,2271,0,770b5bd32a40e292765490f8e46eaf60_ba22853447012a24cee115315d6a5bebfc0.jpg?1788100586,Omega,190,0,MNK
Vittorio Moretti,61421815,31,0,Diabolos,Crystal,2263,0,8c11f65c791a4f39ba7c716aeb6bc8d9_7b33d33ae3ecb996f778a5f67a6a0af6fc0.jpg?1788100266,Omega,148,0,RDM
Rae Rea,58956664,32,0,Adamantoise,Aether,2194,0,72766cccd8c79e6afd3055accfc559fa_1f5fd239b885860b7c2bfc72ad1d97effc0.jpg?1788098894,Omega,36,0,SGE
Sparrow Hawk,50867063,33,0,Seraph,Dynamis,2190,0,1253b18a592d2d3c5133e9b86ab20c5a_07fb0511053f398d1f2d6831e6a6b4c8fc0.jpg?1788101088,Omega,101,6,DRG
Suhr Zarek,8876676,34,0,Balmung,Crystal,2129,0,c09e4087ccb76545f31b81fa5ca01485_7a573cbc0cda3a3dfc1795cb3d9f7b23fc0.jpg?1788098445,Omega,409,19,PLD
Labrys Roux,31449732,35,57,Ultros,Primal,2109,500,b78d649d03beba97a36fa9eebc98afc4_c514cdcdb619439df97d906d4434ccc6fc0.jpg?1788101579,Omega,142,11,AST
Norma Jeannie,28105106,36,42,Jenova,Aether,2088,198,bff6f64f1e9dd700a962c74db4bf4812_ce736afe35e2ded4e46c4fd0659aef7efc0.jpg?1788098258,Omega,81,6,DRK
Sanguinius Smolblood,33489157,37,35,Kraken,Dynamis,2078,0,461663ac9dfac06c5d61bc05d26ae652_049a956dfeb0eb2e19c417a1dde4d680fc0.jpg?1788099685,Omega,192,8,SGE
Gongsun Qerel,38059779,38,36,Mateus,Crystal,2063,0,015ef2d1ef8f18b0cf7fa0e646fa2d12_f0c52cc66e124fc2e641d7c21ab2ce79fc0.jpg?1788098209,Omega,198,3,VPR
J'heero Eshe,47050578,39,37,Lamia,Primal,2013,0,138c64290a6a358316c3dc27a53343ee_4d9be17b5e1edc617052b4dbf4007875fc0.jpg?1788099216,Omega,130,0,RPR
Yua Churu,57865436,40,38,Goblin,Crystal,2002,0,f101295546bd5a2b87478407b6d55ffd_8e81e2940511f7152ba4462fe53e35b8fc0.jpg?1788100834,Omega,132,0,AST
Fortune Days,44283538,41,47,Zalera,Crystal,1999,192,044cf6044387105edf58d48a910b1ae4_8106f857613f8fb994b0be37b26ff4bafc0.jpg?1788099495,Omega,87,9,BRD
Clara Green,44437004,42,39,Gilgamesh,Aether,1982,0,9fdf7ee98ab3c5eb9220a6d31f045135_b937560c841465f7c4bc8eb47ea7948afc0.jpg?1788099496,Omega,120,5,SCH
Im Dead,44727021,43,147,Balmung,Crystal,1972,1183,382bb5e8fe23a4e04750cfd29fa9f46c_7a573cbc0cda3a3dfc1795cb3d9f7b23fc0.jpg?1788098884,Omega,53,15,AST
Air Azure,41482862,44,40,Rafflesia,Dynamis,1970,0,a32fc7c37974e2629ce594c455ff54a7_2783886613347a4db0bed7524de1298ffc0.jpg?1788099556,Omega,170,23,BRD
Momo Meow,50898775,45,41,Siren,Aether,1909,0,6abf63b1f0755aa211bfd1dadc66e3b9_58a84e851e55175d22158ca97af58a1ffc0.jpg?1788099631,Omega,44,4,WHM
Kahlil Immortalis,22812670,46,75,Diabolos,Crystal,1890,0,0451aa29bd529c5d15b718b74c287dd2_7b33d33ae3ecb996f778a5f67a6a0af6fc0.jpg?1788099446,Omega,157,0,UNK
Bepsi Kola,41348459,47,43,Adamantoise,Aether,1879,0,cc3717bc9d9d5c90534918043bb3ba56_1f5fd239b885860b7c2bfc72ad1d97effc0.jpg?1788100813,Omega,200,0,DRK
Sylvie Chan,48678953,48,44,Brynhildr,Crystal,1846,0,14580705b6124b25ef19217300b4891f_d0a0f515a62457570c9b44997063e3c1fc0.jpg?1788099895,Omega,226,0,BRD
Yuseong Regilis,60222350,49,45,Exodus,Primal,1827,0,1c96ea3b1132f01c102abfff5ab289ec_0cdf051c93865faa15cbc5cd3d2b69fbfc0.jpg?1788101411,Omega,111,0,UNK
Micro Uryade,37487800,50,46,Sargatanas,Aether,1819,0,d9df4db31e4d391c99006db3caa4b5f9_ba22853447012a24cee115315d6a5bebfc0.jpg?1788099623,Omega,200,8,AST
Kuzo Makuzo,29453053,51,78,Exodus,Primal,1803,409,c143f86dcebb42612bbef964edfc96ab_0cdf051c93865faa15cbc5cd3d2b69fbfc0.jpg?1788098288,Omega,74,12,UNK
P'roto Idola,35374628,52,73,Brynhildr,Crystal,1789,286,a91ad9e8c6c6ddb0905cd9aa6cede8e3_d0a0f515a62457570c9b44997063e3c1fc0.jpg?1788100186,Omega,123,11,SMN
Xiao Longbao,31670807,53,48,Excalibur,Primal,1787,0,b9d8562547d5b9d8e86054d9061c6a23_745baffc465480ed372e274d50318290fc0.jpg?1788098135,Omega,437,19,MIN
Suhr Zarek,41651606,54,49,Goblin,Crystal,1781,0,9a55a7c2b29a7a0b7de33b2fcc5a0411_8e81e2940511f7152ba4462fe53e35b8fc0.jpg?1788098752,Omega,79,9,WAR
Death Reaps,8773483,55,50,Balmung,Crystal,1771,0,265183f487ab7e0a5a5b3128ec29a82a_7a573cbc0cda3a3dfc1795cb3d9f7b23fc0.jpg?1788101406,Omega,175,13,NIN
Naomi Hakoma,13697124,56,51,Halicarnassus,Dynamis,1710,0,a6732f9cc34509a6761d618186e745fd_f2d324d722b28bbe681b2898bcdca8bffc0.jpg?1788098932,Omega,83,0,MIN
Myu Meow,9691497,57,52,Leviathan,Primal,1703,0,d925a41776719d761c94e8e32e5e7a0f_a91aae52cff9ef65932db06b150ffd47fc0.jpg?1788099303,Omega,113,0,MCH
Show Maker,61843104,58,53,Kraken,Dynamis,1699,0,a2da8d9d3d95080eac0c8ad1975a70ac_049a956dfeb0eb2e19c417a1dde4d680fc0.jpg?1788098689,Omega,121,0,BLM
Kylis Pendragon,36050245,59,54,Balmung,Crystal,1685,0,6d0f4e4d3e36c9a4dd7fccd76f9effc3_7a573cbc0cda3a3dfc1795cb3d9f7b23fc0.jpg?1788099601,Omega,245,4,AST
Marci Meow,54739620,60,55,Balmung,Crystal,1683,0,4ebc98a9ae6cf756ec75bc3db97f87f6_7a573cbc0cda3a3dfc1795cb3d9f7b23fc0.jpg?1788101260,Omega,78,0,DRG
Mtn Boop,36509633,61,86,Brynhildr,Crystal,1616,309,175f521a1de707cbfb345e95df5e588c_d0a0f515a62457570c9b44997063e3c1fc0.jpg?1788098567,Omega,37,8,SCH
Azureal Grandeur,20448737,62,56,Marilith,Dynamis,1615,0,fa989d1d00d58fc1b4171abefb5e22b7_bbfb28d5a9059cd0c768daf77ab29982fc0.jpg?1788099805,Omega,191,0,PCT
Raphtalia Solari,8126326,63,58,Adamantoise,Aether,1602,0,baeca36f0f50dbb796496ea18e58ee30_1f5fd239b885860b7c2bfc72ad1d97effc0.jpg?1788098491,Omega,105,0,SAM
Kris Lhea,39204335,64,59,Mateus,Crystal,1602,0,982639accd39a2021d8f112bb5e763df_f0c52cc66e124fc2e641d7c21ab2ce79fc0.jpg?1788099173,Omega,59,0,WHM
Josh Trigiani,6965228,65,60,Lamia,Primal,1595,0,22f547722b0454bc3b30d7f6a8ac5b0a_4d9be17b5e1edc617052b4dbf4007875fc0.jpg?1788098888,Omega,42,0,BRD
The Feast,46586541,66,61,Behemoth,Primal,1592,0,db9e7409cc816f51307405b49c8b5713_be20385e18333edb329d4574f364a1f0fc0.jpg?1788099065,Omega,92,0,UNK
Orpheus Laine,29851207,67,62,Gilgamesh,Aether,1591,0,5939235fbb052c79392d334cce14ca00_b937560c841465f7c4bc8eb47ea7948afc0.jpg?1788099977,Omega,69,0,PCT
Saraliah Dawnbringer,21371539,68,63,Coeurl,Crystal,1588,0,6cef2d612818607782b7fbc356526664_284358f8eb4efc9095914e46798c6ab3fc0.jpg?1788099898,Omega,39,0,SAM
Sovereign Phil,14314725,69,64,Goblin,Crystal,1586,0,acf642268567c66b82aaf11114198670_8e81e2940511f7152ba4462fe53e35b8fc0.jpg?1788101102,Omega,31,0,SGE
Mavis Enyo,14769968,70,65,Excalibur,Primal,1578,0,00bced457c7cea8ae968197c61367bed_745baffc465480ed372e274d50318290fc0.jpg?1788100892,Omega,37,0,WAR
Lia Kiri,52292388,71,66,Lamia,Primal,1577,0,297469abea049ff5cfb98af6fe45176f_4d9be17b5e1edc617052b4dbf4007875fc0.jpg?1788100012,Omega,77,0,BTN
Air Weaver,12424525,72,67,Coeurl,Crystal,1564,0,06474f472310d759766363e8e8f53b3f_284358f8eb4efc9095914e46798c6ab3fc0.jpg?1788099734,Omega,62,0,NIN
Gio Vanna,33440191,73,68,Adamantoise,Aether,1546,0,7d1d14338474ce900c0581dbd778d321_1f5fd239b885860b7c2bfc72ad1d97effc0.jpg?1788099958,Omega,77,0,SGE
Peregrine Lofte,21726171,74,124,Leviathan,Primal,1523,607,351c30387c9048190075024c6b344ead_a91aae52cff9ef65932db06b150ffd47fc0.jpg?1788099882,Omega,62,18,SCH
Bisukito Neko,32261082,75,69,Zalera,Crystal,1522,0,3462c7ee2de7556ca86498dc5214a7fb_8106f857613f8fb994b0be37b26ff4bafc0.jpg?1788101025,Omega,56,0,UNK
Zeta Salazar,44375733,76,70,Midgardsormr,Aether,1520,0,4be3c205f3892cdbc09e8417ad6dbb68_5c8ecfbc673e1287a9b5e85423fe1657fc0.jpg?1788098783,Omega,204,0,PLD
Nemx Eisenhorn,2244246,77,71,Excalibur,Primal,1512,0,8d22c9821683049e16868ac1de65df41_745baffc465480ed372e274d50318290fc0.jpg?1788100825,Omega,104,0,SAM
Navori Valois,48622291,78,72,Adamantoise,Aether,1504,0,4facdc408c9ad771bc52001d3c82fa9f_1f5fd239b885860b7c2bfc72ad1d97effc0.jpg?1788100607,Omega,93,2,UNK
Fire Strike,52397705,79,74,Kraken,Dynamis,1480,0,b9c1021d4aa2ae66682e7904857161ed_049a956dfeb0eb2e19c417a1dde4d680fc0.jpg?1788099084,Crystal,68,2,BLM
Big Three,47754584,80,84,Zalera,Crystal,1450,99,ef1725c11b5e975338a0b9d2fccdabfe_8106f857613f8fb994b0be37b26ff4bafc0.jpg?1788099331,Crystal,120,7,WAR
Kasai Kage,21886030,81,76,Adamantoise,Aether,1398,0,6835735c490425c8a49d6889308a3484_1f5fd239b885860b7c2bfc72ad1d97effc0.jpg?1788100311,Crystal,39,0,VPR
Gidding Mimid,9835761,82,77,Exodus,Primal,1394,0,97296d489ec3afb5d7c65e3c6fa7fc05_0cdf051c93865faa15cbc5cd3d2b69fbfc0.jpg?1788099613,Crystal,265,17,NIN
Seto Mimyho,20943977,83,79,Behemoth,Primal,1394,0,e0110a23ddcddf11cb8bf1e895c56d75_be20385e18333edb329d4574f364a1f0fc0.jpg?1788098058,Crystal,55,0,FSH
Haha Unless,35825889,84,83,Faerie,Aether,1379,24,3c249691791cbe0f2fb3ccc230c9a4e4_0e336ff6ad415f47233f0aaf127feac0fc0.jpg?1788098160,Crystal,109,9,DNC
Dandy Lyon,9088850,85,80,Leviathan,Primal,1379,0,5e652518b4930ff5cb411a5818760318_a91aae52cff9ef65932db06b150ffd47fc0.jpg?1788100666,Crystal,80,0,SAM
Finch Curador,30712387,86,81,Leviathan,Primal,1378,0,a7767d35320b852f509e7dd68b0151d4_a91aae52cff9ef65932db06b150ffd47fc0.jpg?1788099082,Crystal,53,0,BLM
Ninety-nine Agility,43878532,87,82,Famfrit,Primal,1367,0,07309ebd18b321f5df47f9ab79049d40_fce4949e615393e574f2d57134b31fc1fc0.jpg?1788098490,Crystal,46,4,PCT
Ryan Hoshiko,10323495,88,94,Lamia,Primal,1313,96,b8f720f05e5314618bc7341f856d075d_4d9be17b5e1edc617052b4dbf4007875fc0.jpg?1788101580,Crystal,61,1,VPR
Rhiki Nelhah,29582811,89,85,Balmung,Crystal,1309,0,0ad8b0bcd2e47e8bf6c0716959820415_7a573cbc0cda3a3dfc1795cb3d9f7b23fc0.jpg?1788100540,Crystal,125,0,UNK
Lazy Bear,39566180,90,87,Faerie,Aether,1298,0,a07cf0c35d5a78a5a1b9ca16d6f41803_0e336ff6ad415f47233f0aaf127feac0fc0.jpg?1788098798,Crystal,172,0,MNK
Shimori Bunihara,50186185,91,88,Kraken,Dynamis,1298,0,c7cd2842a29701e0963bf6d156392014_049a956dfeb0eb2e19c417a1dde4d680fc0.jpg?1788099314,Crystal,58,0,GNB
Wmmmmmmmmm Wmmmmmmmmm,56778920,92,89,Halicarnassus,Dynamis,1296,0,9e294822ea14ed4084dfe667478bc6e5_f2d324d722b28bbe681b2898bcdca8bffc0.jpg?1788101072,Crystal,46,0,ROG
Kuina Kagetsu,36802695,93,90,Ultros,Primal,1286,0,dd8ffbe11c53ea988c605c9c24157c59_c514cdcdb619439df97d906d4434ccc6fc0.jpg?1788101092,Crystal,86,0,AST
Aerika Meow,27836279,94,91,Faerie,Aether,1285,0,cefa16e18644e0b625a0d52d2df514b9_0e336ff6ad415f47233f0aaf127feac0fc0.jpg?1788101256,Crystal,32,0,DNC
Uki Yo,50106047,95,92,Adamantoise,Aether,1283,0,75e9983a4dd07e7e5de0ed1ac11a23fb_1f5fd239b885860b7c2bfc72ad1d97effc0.jpg?1788100362,Crystal,37,0,DRG
Skyanar Tyrunas,42486942,96,93,Siren,Aether,1278,0,ba17697df023a58dbdba8be74f3894f2_58a84e851e55175d22158ca97af58a1ffc0.jpg?1788099072,Crystal,186,8,AST
Baka Bao,48974722,97,104,Gilgamesh,Aether,1217,97,ef2247fb5724315ecd96d1ac9c5804b1_b937560c841465f7c4bc8eb47ea7948afc0.jpg?1788098326,Crystal,247,16,SAM
La Bubu,26625120,98,95,Diabolos,Crystal,1207,0,733d34df72366760c6f44581681c9088_7b33d33ae3ecb996f778a5f67a6a0af6fc0.jpg?1788098942,Crystal,120,2,DRG
Fyoriah Aliapoh,44734635,99,96,Faerie,Aether,1204,0,298901c71b421faa4612e0bbd9420820_0e336ff6ad415f47233f0aaf127feac0fc0.jpg?1788100123,Crystal,144,6,SCH
Neo Dymium,33030676,100,97,Seraph,Dynamis,1201,0,24be6098cf7acc2de169d92917d3299f_07fb0511053f398d1f2d6831e6a6b4c8fc0.jpg?1788100360,Crystal,55,3,MNK
Silanah Sylphrena,45709349,101,98,Faerie,Aether,1199,0,353d000e66ebf6b7715ff5998504f784_0e336ff6ad415f47233f0aaf127feac0fc0.jpg?1788099754,Crystal,36,0,RPR
Cain Molkoh,57323197,102,99,Goblin,Crystal,1189,0,889deea7b0b76edd744a2b6fb24a09a1_8e81e2940511f7152ba4462fe53e35b8fc0.jpg?1788101217,Crystal,168,10,AST
Zaneko Yuneko,61640151,103,100,Goblin,Crystal,1182,0,e90101e9d13d827fb83b96932b2de05b_8e81e2940511f7152ba4462fe53e35b8fc0.jpg?1788101557,Crystal,78,0,SMN
Karl Rex,48615049,104,101,Siren,Aether,1179,0,a7f2129699ecb71e801871425b8cbc52_58a84e851e55175d22158ca97af58a1ffc0.jpg?1788098217,Crystal,259,0,BLM
Aesa Iys,59631795,105,102,Kraken,Dynamis,1168,0,60f73c621a5b6dec56728cc5466268c2_049a956dfeb0eb2e19c417a1dde4d680fc0.jpg?1788098857,Crystal,270,0,UNK
Yui Fins,46861659,106,103,Adamantoise,Aether,1122,0,477904411f28cfd029518422146e02f0_1f5fd239b885860b7c2bfc72ad1d97effc0.jpg?1788100868,Crystal,551,21,PLD
Velvet Mordio,11975584,107,105,Exodus,Primal,1116,0,78d6cff1cf5b31e96125819d9688bb5a_0cdf051c93865faa15cbc5cd3d2b69fbfc0.jpg?1788098651,Crystal,26,0,DRG
Anti Luminosity,53824427,108,106,Marilith,Dynamis,1107,0,345441c3ea324bf07484e7e6f1031ccc_bbfb28d5a9059cd0c768daf77ab29982fc0.jpg?1788101265,Crystal,217,0,RPR
Deadrise Mutambo,49340180,109,107,Diabolos,Crystal,1101,0,05829ade005fe971a894d48d18963c4f_7b33d33ae3ecb996f778a5f67a6a0af6fc0.jpg?1788101385,Crystal,83,7,NIN
Eloza Ketsch,8667845,110,108,Malboro,Crystal,1097,0,4414bb689fd8033d67e6821653f9a232_2e97c13fdd593d15d543093f8a37b6f0fc0.jpg?1788101253,Crystal,229,0,DRG
Limit Less,48764071,111,109,Jenova,Aether,1094,0,cfaa3805c7a62fc99a75b9c68da57b17_ce736afe35e2ded4e46c4fd0659aef7efc0.jpg?1788099827,Crystal,22,0,PCT
Unit Chan,37998953,112,110,Jenova,Aether,1089,0,edbb6ab0cdf4eefcc524df286e3ff034_ce736afe35e2ded4e46c4fd0659aef7efc0.jpg?1788098366,Crystal,132,0,BRD
Aibertain Mando,32541700,113,111,Jenova,Aether,1076,0,8dec967ad48c9a703018a7445740a7f3_ce736afe35e2ded4e46c4fd0659aef7efc0.jpg?1788099899,Crystal,267,15,VPR
Vaal Hazak,26534863,114,112,Zalera,Crystal,1022,0,7c44a75a2f3d57a9cd3b86235340939b_8106f857613f8fb994b0be37b26ff4bafc0.jpg?1788100407,Crystal,177,5,VPR
Doomballoon Dapingus,19169037,115,113,Diabolos,Crystal,1017,0,e43cef91ca38a14de0e5bea2295ba9c0_7b33d33ae3ecb996f778a5f67a6a0af6fc0.jpg?1788100099,Crystal,57,0,NIN
Cayen Cen,13893282,116,114,Cactuar,Aether,1016,0,736a684af24050d9faf2a50c1a5ea0b6_96ab1df8877c1f8ba6a89a39cccfd437fc0.jpg?1788098314,Crystal,64,0,UNK
Zithiel Bihrul,44613484,117,115,Faerie,Aether,1003,0,4abc29f0f384c794c1f6c7e7e60b8ed8_0e336ff6ad415f47233f0aaf127feac0fc0.jpg?1788099034,Crystal,176,4,BLM
No Buts,2234245,118,116,Zalera,Crystal,1003,0,0d8b9ae74f55ea0ba374fa7b38b48862_8106f857613f8fb994b0be37b26ff4bafc0.jpg?1788101026,Crystal,87,10,BRD
Fain Doncel'aram,18921518,119,145,Jenova,Aether,1002,803,99d5d58c7b97e260ff83d3d4b87a7103_ce736afe35e2ded4e46c4fd0659aef7efc0.jpg?1788099659,Crystal,17,15,MNK
Nero Cor,51685882,120,117,Cactuar,Aether,1001,0,a53a1a6499997a089c36337bcc3ae46d_96ab1df8877c1f8ba6a89a39cccfd437fc0.jpg?1788100550,Crystal,96,0,RDM
F'ool Pr'oof,27802292,121,118,Behemoth,Primal,1001,0,07756f3cccf4cada3f3d40b5d44ef841_be20385e18333edb329d4574f364a1f0fc0.jpg?1788098801,Crystal,83,0,SMN
Kirishoto Azphina,7859003,122,119,Excalibur,Primal,999,0,c9689b4fc4af55f8366432b02c0ce55f_745baffc465480ed372e274d50318290fc0.jpg?1788098694,Crystal,60,0,PLD
Adrianne Lehman,335503,123,120,Jenova,Aether,996,0,9487d4bc6332e7a22c323a4ee321ffa1_ce736afe35e2ded4e46c4fd0659aef7efc0.jpg?1788099151,Crystal,313,0,NIN
Raiden Meow,60049984,124,121,Halicarnassus,Dynamis,990,0,82a7874a19aee552f4a0f8ff2b663dff_f2d324d722b28bbe681b2898bcdca8bffc0.jpg?1788098597,Crystal,29,0,BRD
Keyleth Creed,45772844,125,122,Ultros,Primal,987,0,fafdc7854669343158328c3adeb0a3ae_c514cdcdb619439df97d906d4434ccc6fc0.jpg?1788100438,Crystal,29,0,UNK
Vann Healsing,6572,126,123,Coeurl,Crystal,986,0,e19ce452168669ef7abba0e26cc8ee4c_284358f8eb4efc9095914e46798c6ab3fc0.jpg?1788100022,Crystal,24,0,WHM
Silah Zetsku,53965328,127,125,Marilith,Dynamis,914,0,d2b4042f092dccb0d381fdc61afe74c3_bbfb28d5a9059cd0c768daf77ab29982fc0.jpg?1788098795,Crystal,57,0,WAR
Tiny Sosig,16648383,128,126,Balmung,Crystal,911,0,47661dc0b135d6c15fadc46a3fa85816_7a573cbc0cda3a3dfc1795cb3d9f7b23fc0.jpg?1788101017,Crystal,189,4,NIN
Rathais Gunnach,32955444,129,127,Brynhildr,Crystal,910,0,2a434eda7d82f52a4a70d056b83f2c27_d0a0f515a62457570c9b44997063e3c1fc0.jpg?1788100860,Crystal,62,0,SMN
Ash Ymir,50182260,130,128,Gilgamesh,Aether,906,0,571648c27d0568207bb3ebea02244e4e_b937560c841465f7c4bc8eb47ea7948afc0.jpg?1788099851,Crystal,67,9,UNK
Xianra Bryne,4015592,131,129,Excalibur,Primal,905,0,770b7228e5d013ae3146fc6330b9b756_745baffc465480ed372e274d50318290fc0.jpg?1788099619,Crystal,17,0,SGE
Minato Maki,53819658,132,130,Excalibur,Primal,904,0,03c1d1dc5b9a30317518ec9a30c301ab_745baffc465480ed372e274d50318290fc0.jpg?1788099113,Crystal,38,0,VPR
Celesse Archon,5403993,133,131,Midgardsormr,Aether,902,0,46c05696a375eb66cab3503bea79e4e4_5c8ecfbc673e1287a9b5e85423fe1657fc0.jpg?1788099229,Crystal,32,0,AST
Silvy Kaenbyou,45504540,134,132,Goblin,Crystal,901,0,3a856bd5c7e35d95f6afcc57be4321a1_8e81e2940511f7152ba4462fe53e35b8fc0.jpg?1788099953,Crystal,262,0,GNB
Somnidemn Serdorm,37031558,135,133,Goblin,Crystal,901,0,6147ca113912ee7b9ac321313bbf5863_8e81e2940511f7152ba4462fe53e35b8fc0.jpg?1788101600,Crystal,72,0,FSH
Nia Yukumo,22530343,136,134,Lamia,Primal,893,0,41fe576462de4cc12ab76d6d29ef58e4_4d9be17b5e1edc617052b4dbf4007875fc0.jpg?1788100607,Crystal,109,0,FSH
Ice Mage,56719413,137,135,Golem,Dynamis,893,0,20eb207dbce003e2fb1842e0c47aacc7_dd61c3dc259e5c43722e89409499b669fc0.jpg?1788101255,Crystal,62,0,BLM
Theory Ai,55206021,138,136,Leviathan,Primal,891,0,018be547248466158b1d0f9de4315340_a91aae52cff9ef65932db06b150ffd47fc0.jpg?1788099808,Crystal,219,0,BLU
Garu Kettle,7054871,139,137,Behemoth,Primal,887,0,e03f1b46663ddb8c150315a88c79c9f1_be20385e18333edb329d4574f364a1f0fc0.jpg?1788101272,Crystal,172,6,UNK
Nanamie Namie,54007603,140,138,Seraph,Dynamis,884,0,0a2ba3a431605dbe05215a75dffd70e7_07fb0511053f398d1f2d6831e6a6b4c8fc0.jpg?1788098952,Crystal,92,0,MNK
Phrosticus Maximus,51732834,141,139,Kraken,Dynamis,831,0,36921233b0c05085a501c86bb51f5633_049a956dfeb0eb2e19c417a1dde4d680fc0.jpg?1788100514,Crystal,285,17,NIN
Kiitla Hundar,21600585,142,140,Brynhildr,Crystal,821,0,acff83df95bca2189584bd6af72e84ce_d0a0f515a62457570c9b44997063e3c1fc0.jpg?1788099499,Crystal,117,4,UNK
Horan Lou,38248988,143,141,Brynhildr,Crystal,817,0,3c88d2c3502bacefa5eb1e223a75217b_d0a0f515a62457570c9b44997063e3c1fc0.jpg?1788099817,Crystal,105,0,DRK
Mirae Malaguld,50148809,144,142,Famfrit,Primal,803,0,6eb6ea3365a1160e9537ec75ff91463a_fce4949e615393e574f2d57134b31fc1fc0.jpg?1788100063,Crystal,16,0,WHM
Judas Demaio,7957583,145,143,Balmung,Crystal,800,0,802e8b947615ba3fa10ac8d8e4fb1ebf_7a573cbc0cda3a3dfc1795cb3d9f7b23fc0.jpg?1788099344,Crystal,55,0,UNK
Shadow Reve,6323548,146,156,Gilgamesh,Aether,799,98,cbca7664e2c3d133469b2f7134ae8c01_b937560c841465f7c4bc8eb47ea7948afc0.jpg?1788098797,Crystal,30,2,UNK
Satoshi Itaori,52546108,147,144,Golem,Dynamis,798,0,1ecf4d8479fa0e8c3c4b6fe005108b6d_dd61c3dc259e5c43722e89409499b669fc0.jpg?1788098913,Crystal,43,0,MCH
Kuhl World,37758198,148,177,Siren,Aether,797,199,f50e6e509584057795c9e4befd5e5d69_58a84e851e55175d22158ca97af58a1ffc0.jpg?1788098255,Crystal,65,5,PLD
Io Isana,33563057,149,146,Coeurl,Crystal,796,0,bb1bccc46bef2876072e2e7fa326fa12_284358f8eb4efc9095914e46798c6ab3fc0.jpg?1788098484,Crystal,25,0,DRG
Mash Buttons,12470854,150,226,Ultros,Primal,794,395,eec5508ec2ce3844fd62caa5b87a24d8_c514cdcdb619439df97d906d4434ccc6fc0.jpg?1788100906,Crystal,58,4,BRD
Alana Mystranquil,38447772,151,148,Coeurl,Crystal,787,0,a3b4e0628a97b6c3941d78fd1af36b81_284358f8eb4efc9095914e46798c6ab3fc0.jpg?1788099342,Crystal,34,1,SCH
Kanae Meow,36806118,152,236,Ultros,Primal,782,391,8969e8a0b518902a3996525f822b4701_c514cdcdb619439df97d906d4434ccc6fc0.jpg?1788101432,Crystal,254,6,WHM
Onigiri Bunny,7352884,153,149,Behemoth,Primal,780,0,382f2b7a0b15514c38a6e2d5af3d8014_be20385e18333edb329d4574f364a1f0fc0.jpg?1788100464,Crystal,15,0,UNK
No Bee,37102144,154,150,Lamia,Primal,710,0,5c741048df2befeb7f80a2b03bb02aee_4d9be17b5e1edc617052b4dbf4007875fc0.jpg?1788099923,Crystal,119,5,PCT
Rasan Sena,13544028,155,151,Kraken,Dynamis,710,0,70d1ba94bcbeff8a384f1e364b2ee863_049a956dfeb0eb2e19c417a1dde4d680fc0.jpg?1788098309,Crystal,74,7,WAR
S'tille Fhey,8693680,156,152,Midgardsormr,Aether,709,0,d02ff61e52c6b3e4eadaf1f6172fe557_5c8ecfbc673e1287a9b5e85423fe1657fc0.jpg?1788101328,Crystal,79,0,GNB
Ellie Titis,36865882,157,153,Midgardsormr,Aether,707,0,71601f63eddfe2db7e4ec2213790102c_5c8ecfbc673e1287a9b5e85423fe1657fc0.jpg?1788101491,Crystal,30,0,VPR
Scythe Horrorblade,32713598,158,154,Mateus,Crystal,702,0,43c41a5aa8d981f109e6d76f3347bd93_f0c52cc66e124fc2e641d7c21ab2ce79fc0.jpg?1788098418,Crystal,319,0,DRG
Rusheel Vasscus,2314921,159,155,Adamantoise,Aether,702,0,a4248cc27f1d518fee3b2b12da021669_1f5fd239b885860b7c2bfc72ad1d97effc0.jpg?1788099315,Crystal,15,0,MNK
Noel Bunny,5201676,160,157,Behemoth,Primal,697,0,c7f99603b6e09c43470bbabaed203add_be20385e18333edb329d4574f364a1f0fc0.jpg?1788099662,Crystal,168,8,UNK
Alex Rider,61850079,161,158,Hyperion,Primal,694,0,d221a7b6c00ffa393c988249ed242d9a_57ae9ee5592123dd79c8912bf768cf99fc0.jpg?1788100873,Crystal,98,0,DRG
Mori Sumire,22629786,162,159,Zalera,Crystal,694,0,9d1372da41637e0a1cee75add0cdab3e_8106f857613f8fb994b0be37b26ff4bafc0.jpg?1788098818,Crystal,84,0,UNK
Mo Azure,47140618,163,160,Lamia,Primal,694,0,8e6a4b8b298b5523d1f99888dd9f36cf_4d9be17b5e1edc617052b4dbf4007875fc0.jpg?1788099153,Crystal,19,0,GNB
Master Zoknik,48144446,164,161,Balmung,Crystal,692,0,3c54e73f2ad7023aa3b173793f95c070_7a573cbc0cda3a3dfc1795cb3d9f7b23fc0.jpg?1788100324,Crystal,29,0,RDM
Yulia Lunaria,82714,165,199,Coeurl,Crystal,691,195,30d19e29baad4dfe064001a80a4466e1_284358f8eb4efc9095914e46798c6ab3fc0.jpg?1788098336,Crystal,30,5,SGE
Zot Meow,34168568,166,162,Sargatanas,Aether,690,0,857170879bee95fc8f3f62ae264a46ce_ba22853447012a24cee115315d6a5bebfc0.jpg?1788098231,Crystal,28,0,SGE
Lolly Pops,11573609,167,163,Leviathan,Primal,685,0,a38b4d4cbcfc624c56b5db6efb627dd2_a91aae52cff9ef65932db06b150ffd47fc0.jpg?1788100520,Crystal,321,0,MCH
Ethan Dumas,2337003,168,164,Zalera,Crystal,612,0,4363afb6aeff95a15293cf3907560f7b_8106f857613f8fb994b0be37b26ff4bafc0.jpg?1788098719,Crystal,129,7,RDM
Tc Sola,43984930,169,165,Zalera,Crystal,608,0,1bde011c1056c258b5456fb7d0f6283f_8106f857613f8fb994b0be37b26ff4bafc0.jpg?1788099527,Crystal,110,12,MNK
Akari Tsuki,46655701,170,166,Adamantoise,Aether,608,0,08f7ffe45c1b134f99ea040b39ee2bdd_1f5fd239b885860b7c2bfc72ad1d97effc0.jpg?1788098050,Crystal,28,2,SMN
Kyda Oriana,7676781,171,167,Balmung,Crystal,607,0,5a1ffcf9ec98159ee3f6c3727943f30f_7a573cbc0cda3a3dfc1795cb3d9f7b23fc0.jpg?1788099552,Crystal,40,0,GNB
Hilto Feltre,55076328,172,168,Sargatanas,Aether,605,0,4a850e1dbb7f6f3aeff5b21df6166f3f_ba22853447012a24cee115315d6a5bebfc0.jpg?1788100171,Crystal,45,0,RPR
Ivy Storm,61727582,173,169,Zalera,Crystal,604,0,27a648f77de0ff7a1a44539cbd062203_8106f857613f8fb994b0be37b26ff4bafc0.jpg?1788100487,Crystal,81,0,MCH
Aahaha Hahahahaha,31743716,174,170,Exodus,Primal,603,0,77935bdcfdbdbcd8404ce28584023170_0cdf051c93865faa15cbc5cd3d2b69fbfc0.jpg?1788099158,Crystal,59,0,DRK
Shiroi Kijo,44769088,175,171,Ultros,Primal,602,0,2bc8c14bed99e41cc16db823a37e5295_c514cdcdb619439df97d906d4434ccc6fc0.jpg?1788098792,Crystal,175,7,SMN
Shum One,31246227,176,172,Midgardsormr,Aether,602,0,6a9ab1154c9d9a712cc039f45837db6d_5c8ecfbc673e1287a9b5e85423fe1657fc0.jpg?1788100757,Crystal,93,0,VPR
Alma Braver,729037,177,173,Goblin,Crystal,602,0,1d50d402d833734bf7f0d1fe6b3af5e8_8e81e2940511f7152ba4462fe53e35b8fc0.jpg?1788101087,Crystal,63,0,WHM
Apple Thief,43679241,178,174,Balmung,Crystal,601,0,746256d82b3652ef93bbd475defb85ac_7a573cbc0cda3a3dfc1795cb3d9f7b23fc0.jpg?1788099645,Crystal,484,25,DRG
Nikau Milkdud,30842976,179,175,Lamia,Primal,601,0,2ffee265e9fb9491997d30306dc67cc3_4d9be17b5e1edc617052b4dbf4007875fc0.jpg?1788099802,Crystal,20,0,MNK
Hunie Pop,37396085,180,176,Ultros,Primal,599,0,8a72b357002474c02d597d6e8bc94cee_c514cdcdb619439df97d906d4434ccc6fc0.jpg?1788098902,Crystal,148,0,WHM
Medori Tenosu,31992476,181,178,Jenova,Aether,595,0,2d7230bf79f29d3570cfdc7390506985_ce736afe35e2ded4e46c4fd0659aef7efc0.jpg?1788099417,Crystal,151,24,BLM
June Buggy,39873640,182,179,Brynhildr,Crystal,595,0,929fb7f3958e6f1fbc9e559d731c0108_d0a0f515a62457570c9b44997063e3c1fc0.jpg?1788098198,Crystal,43,0,RDM
Unagi Box,34773273,183,180,Cuchulainn,Dynamis,595,0,05a513d02b60c767bfb83440ab2d406b_b4a106e4893fd452df0001eaeecf9d7efc0.jpg?1788099676,Crystal,28,0,GNB
Eyre Stahl,32745572,184,181,Maduin,Dynamis,593,0,0d24cf6e8f53fc59a993fd5e5311d4e0_7ff236346f6151d8a2c08fd0b4a0b806fc0.jpg?1788099279,Crystal,52,0,MNK
Teysa Montgomery,6201712,185,182,Cactuar,Aether,591,0,eb51f53fb1f2b23ee171b4e92895e9b4_96ab1df8877c1f8ba6a89a39cccfd437fc0.jpg?1788101501,Crystal,249,3,DRG
Freelili Baylili,41088797,186,209,Famfrit,Primal,591,191,2fd0edea93f7f1b96bfa59c24d04a2af_fce4949e615393e574f2d57134b31fc1fc0.jpg?1788098945,Crystal,64,4,RPR
Erik Jormungandr,21053207,187,183,Balmung,Crystal,588,0,d279bad4f9c048ee2cb4310b2dabb453_7a573cbc0cda3a3dfc1795cb3d9f7b23fc0.jpg?1788098273,Crystal,32,0,DRK
Sarantsatsral Kha,26082962,188,184,Behemoth,Primal,586,0,f8735f190504d139ee16ec1a623371dc_be20385e18333edb329d4574f364a1f0fc0.jpg?1788098404,Crystal,35,0,BLM
Xale Solace,52728205,189,198,Adamantoise,Aether,544,47,5272a5d5dea9738bb4a6638ac3f083d2_1f5fd239b885860b7c2bfc72ad1d97effc0.jpg?1788099175,Crystal,135,8,DRG
Rachna's Kitten,60414129,190,185,Diabolos,Crystal,508,0,5a2079c26296ecf9252da83453669ee7_7b33d33ae3ecb996f778a5f67a6a0af6fc0.jpg?1788098165,Crystal,48,0,UNK
Cassian Syndriel,52998476,191,186,Ultros,Primal,507,0,db812378f708097c17610e9e6817f749_c514cdcdb619439df97d906d4434ccc6fc0.jpg?1788101554,Crystal,82,0,SAM
Naeng Myeon,35393894,192,187,Jenova,Aether,506,0,e834ee8ccde5fd99424275ed75278f5b_ce736afe35e2ded4e46c4fd0659aef7efc0.jpg?1788101511,Crystal,127,0,VPR
Airi Aogane,46241895,193,188,Sargatanas,Aether,503,0,11367baad718b56f9682513d9430146d_ba22853447012a24cee115315d6a5bebfc0.jpg?1788098836,Crystal,117,0,DRK
Celeste Aeternum,38129090,194,189,Adamantoise,Aether,501,0,76510814c4215ff9bd016e9313ee6e2c_1f5fd239b885860b7c2bfc72ad1d97effc0.jpg?1788101093,Crystal,164,9,SCH
Yos Sy,23664999,195,190,Jenova,Aether,501,0,01f58e6e2269085746fd0a5b6fe0e7f2_ce736afe35e2ded4e46c4fd0659aef7efc0.jpg?1788099214,Crystal,133,0,DRG
Rin Denma,33178809,196,191,Gilgamesh,Aether,501,0,6c5bab6678d3c44b6e646bc8726eb9f9_b937560c841465f7c4bc8eb47ea7948afc0.jpg?1788099082,Crystal,13,0,UNK
Oni Akuma,7300790,197,192,Gilgamesh,Aether,500,0,e8e098720e245711114b4614110261b5_b937560c841465f7c4bc8eb47ea7948afc0.jpg?1788100189,Crystal,197,0,NIN
Aelara Nightelm,2908362,198,193,Maduin,Dynamis,499,0,f40ea9e3404cbab02b92f9bc1d80cdcd_7ff236346f6151d8a2c08fd0b4a0b806fc0.jpg?1788101611,Crystal,136,0,AST
Lelouch Masamune,12543299,199,194,Malboro,Crystal,499,0,711457fd66b589fb422ba4640a4826f0_2e97c13fdd593d15d543093f8a37b6f0fc0.jpg?1788099306,Crystal,76,0,SCH
M' Twelve,36885704,200,195,Halicarnassus,Dynamis,499,0,0f10ff80520b725264b0aed8ac62d609_f2d324d722b28bbe681b2898bcdca8bffc0.jpg?1788100717,Crystal,75,0,UNK
Brian Ricardo,9364090,201,196,Adamantoise,Aether,499,0,c00688b4ac9b567c1a4de9d648fbbff4_1f5fd239b885860b7c2bfc72ad1d97effc0.jpg?1788098543,Crystal,37,0,MCH
Jin Mercer,31096690,202,213,Marilith,Dynamis,498,97,708b770d30658bbff6a84015d913b518_bbfb28d5a9059cd0c768daf77ab29982fc0.jpg?1788099611,Crystal,122,4,MCH
Shinra Tatsuya,8648762,203,197,Gilgamesh,Aether,498,0,7dccb5e520b149afd2b044279fa8694e_b937560c841465f7c4bc8eb47ea7948afc0.jpg?1788100736,Crystal,99,0,DRG
Sponge Cake,15121944,204,0,Faerie,Aether,497,397,3428a89877f1f714b6306dba262cd7ea_0e336ff6ad415f47233f0aaf127feac0fc0.jpg?1788098907,Crystal,25,6,RDM
High Five,40416979,205,200,Brynhildr,Crystal,493,0,f6eae218fa6037625ae22a8c800d935d_d0a0f515a62457570c9b44997063e3c1fc0.jpg?1788098927,Crystal,21,0,BRD
Gracidea Blossom,4573171,206,202,Lamia,Primal,492,76,12afdfb12aebd14365b3149875fee65f_4d9be17b5e1edc617052b4dbf4007875fc0.jpg?1788100702,Crystal,81,3,WHM
Pravik Rhati,30628415,207,201,Zalera,Crystal,435,0,6f338ced5bbbd90812f4a17468f53684_8106f857613f8fb994b0be37b26ff4bafc0.jpg?1788099852,Crystal,285,0,DRK
Azura Skye,61832185,208,203,Goblin,Crystal,408,0,06833163f0059227fbc31ba3c8c36610_8e81e2940511f7152ba4462fe53e35b8fc0.jpg?1788098735,Crystal,71,0,PLD
Bigg Succ,14228989,209,204,Coeurl,Crystal,408,0,d833225ff74a6d00fc89b134cc155262_284358f8eb4efc9095914e46798c6ab3fc0.jpg?1788101100,Crystal,7,0,MCH
Zolzayaa Noykin,34804380,210,205,Balmung,Crystal,407,0,ff773bbf0388cc8a61ac7c87e78f978f_7a573cbc0cda3a3dfc1795cb3d9f7b23fc0.jpg?1788100174,Crystal,76,1,VPR
Bean Waters,34305264,211,206,Famfrit,Primal,406,0,bcdcd97b24d4dfc6b3e643c8670b6f7c_fce4949e615393e574f2d57134b31fc1fc0.jpg?1788098447,Crystal,47,0,DRK
Lowan Gleview,48863675,212,207,Gilgamesh,Aether,406,0,3ed0770e9633fa9630af57f595f1d68d_b937560c841465f7c4bc8eb47ea7948afc0.jpg?1788099822,Crystal,35,0,NIN
Reed Diamond,7237831,213,208,Ultros,Primal,404,0,132bb33f336f4f3ae42c3cf9a96a11ad_c514cdcdb619439df97d906d4434ccc6fc0.jpg?1788100201,Crystal,122,0,MNK
Roland Montpensier,27408688,214,210,Mateus,Crystal,402,0,f999e29fa2ab10f6ba02338f493e886b_f0c52cc66e124fc2e641d7c21ab2ce79fc0.jpg?1788098546,Crystal,27,1,DRK
Tio Tot,32427648,215,211,Jenova,Aether,402,0,b6b5f99e0b2c9878499873fdbe82cda3_ce736afe35e2ded4e46c4fd0659aef7efc0.jpg?1788100880,Crystal,25,0,NIN
Larxis Themage,9284703,216,212,Mateus,Crystal,401,0,f1440421e273892659981868cbc99f9b_f0c52cc66e124fc2e641d7c21ab2ce79fc0.jpg?1788099700,Crystal,198,9,MCH
V'linh Tia,35736983,217,214,Hyperion,Primal,401,0,760e31f96b4d3b3534fcdc43c9564fab_57ae9ee5592123dd79c8912bf768cf99fc0.jpg?1788101354,Crystal,107,0,MCH
Von Columbine,58381347,218,215,Gilgamesh,Aether,401,0,616328e702b2b2e8d452581d53ec9f88_b937560c841465f7c4bc8eb47ea7948afc0.jpg?1788099112,Crystal,102,0,GNB
O'naeas Du'faigh,39414113,219,216,Ultros,Primal,401,0,7994a259bec436115a0081b11babf4f8_c514cdcdb619439df97d906d4434ccc6fc0.jpg?1788101502,Crystal,75,0,DRK
Very Shooooooooooort,49384501,220,217,Hyperion,Primal,401,0,084259a7b0d5cdac112faebe64bac849_57ae9ee5592123dd79c8912bf768cf99fc0.jpg?1788100391,Crystal,63,0,UNK
Vicious Nouzen,42001229,221,218,Jenova,Aether,401,0,94ccc3f4ceffc2356f1ddd47d85ca9f7_ce736afe35e2ded4e46c4fd0659aef7efc0.jpg?1788100199,Crystal,51,0,MNK
Virtus Giruvegan,3183831,222,219,Gilgamesh,Aether,401,0,e8050cdd79efaaf143d74f9ae4cdcfb1_b937560c841465f7c4bc8eb47ea7948afc0.jpg?1788101489,Crystal,23,0,UNK
Senka Kyo,40405843,223,220,Adamantoise,Aether,401,0,57edcac1396cccc62373cfaa1109ab06_1f5fd239b885860b7c2bfc72ad1d97effc0.jpg?1788100940,Crystal,3,0,ALC
Rail Ying,33252892,224,221,Famfrit,Primal,400,0,e9ae8b691e418ccccf35ebe11804f497_fce4949e615393e574f2d57134b31fc1fc0.jpg?1788098531,Crystal,341,0,RPR
Coffee Dawg,17085073,225,222,Famfrit,Primal,400,0,3f73984ff31eed30a16eba5ac017bdda_fce4949e615393e574f2d57134b31fc1fc0.jpg?1788100612,Crystal,70,0,VPR
Nero K'ten,6155374,226,223,Lamia,Primal,400,0,457604f04300faac0e52a053884e2bb7_4d9be17b5e1edc617052b4dbf4007875fc0.jpg?1788099934,Crystal,53,0,SAM
Cj Deux,23394493,227,224,Lamia,Primal,399,0,64702aeefa55d2931c531ddadd7964ea_4d9be17b5e1edc617052b4dbf4007875fc0.jpg?1788099451,Crystal,256,0,SMN
Johnny Rotten,60584717,228,225,Balmung,Crystal,399,0,16dd0eb6be877814ca22fed24fe6191d_7a573cbc0cda3a3dfc1795cb3d9f7b23fc0.jpg?1788098639,Crystal,88,3,MCH
Pvp Wintrader,55633250,229,227,Rafflesia,Dynamis,399,0,a95c4512f0f35cf564aac910d19b00e2_2783886613347a4db0bed7524de1298ffc0.jpg?1788098077,Crystal,41,0,BRD
Kaede Obinata,32151196,230,228,Marilith,Dynamis,398,0,460d631b298c83b035fb70ac5669658d_bbfb28d5a9059cd0c768daf77ab29982fc0.jpg?1788101636,Crystal,46,0,DNC
Honey Toast,57307408,231,229,Exodus,Primal,398,0,f4ce05067fa4042fad64931eb5015841_0cdf051c93865faa15cbc5cd3d2b69fbfc0.jpg?1788098910,Crystal,36,0,UNK
Ava Falafell,7835301,232,230,Cactuar,Aether,398,0,037dd67f6ab82aadfe3e7b3e4973d525_96ab1df8877c1f8ba6a89a39cccfd437fc0.jpg?1788100071,Crystal,32,0,WHM
Milly Mina,37964161,233,231,Cuchulainn,Dynamis,398,0,f3300c3e28b3c5b4a3767a587341831e_b4a106e4893fd452df0001eaeecf9d7efc0.jpg?1788099023,Crystal,25,0,WAR
Shoujo Hime,18340055,234,232,Leviathan,Primal,397,0,c341075038058a45ef549f7bac1b9d25_a91aae52cff9ef65932db06b150ffd47fc0.jpg?1788099635,Crystal,211,0,AST
Kale Crow,57973655,235,233,Excalibur,Primal,396,0,39e30189265e5cf770bddc1b87bdb349_745baffc465480ed372e274d50318290fc0.jpg?1788100560,Crystal,66,0,UNK
Thamiel Blade,11845109,236,234,Malboro,Crystal,393,0,80ba6f7aa26a72c98ebf41b210be27be_2e97c13fdd593d15d543093f8a37b6f0fc0.jpg?1788101183,Crystal,84,0,PLD
Aurora Aura,51466191,237,235,Coeurl,Crystal,392,0,6bf65747d41f881881af0d8d8ee83bb9_284358f8eb4efc9095914e46798c6ab3fc0.jpg?1788101153,Crystal,112,0,PCT
Cynthia Noir,25307713,238,237,Leviathan,Primal,388,0,5b4f8d78ae6dd18586116fe673617384_a91aae52cff9ef65932db06b150ffd47fc0.jpg?1788100557,Crystal,297,0,BLM
Boulder Beholder,10981587,239,238,Faerie,Aether,310,0,9de7d0362a3a832a7171bfe262bb5d94_0e336ff6ad415f47233f0aaf127feac0fc0.jpg?1788101574,Crystal,6,0,RDM
Clyde Valentine,47896182,240,239,Faerie,Aether,307,0,7643a89a2b062b2c4613ed6226d9ca00_0e336ff6ad415f47233f0aaf127feac0fc0.jpg?1788098686,Crystal,46,3,UNK
Kohvu Lynx,1558192,241,240,Exodus,Primal,307,0,071acbe4f7c99524490dc3ec23aca0f1_0cdf051c93865faa15cbc5cd3d2b69fbfc0.jpg?1788099677,Crystal,37,0,WHM
Dank Lollington,37820692,242,241,Exodus,Primal,304,0,2b6faafd9620689cd5e4222c96529aa5_0cdf051c93865faa15cbc5cd3d2b69fbfc0.jpg?1788098963,Crystal,21,0,MCH
Tarex Youva,34244171,243,242,Behemoth,Primal,301,0,f62a1a6593a19abc7f2ade2191e57159_be20385e18333edb329d4574f364a1f0fc0.jpg?1788100027,Crystal,75,0,AST
Denmo Mcstronghuge,1150717,244,243,Excalibur,Primal,301,0,bb33b9be77e28ab26ee6367ad6ba7cac_745baffc465480ed372e274d50318290fc0.jpg?1788098548,Crystal,20,0,MNK
Erdrick Than'talas,35169837,245,244,Behemoth,Primal,300,0,bcdde4e2fbfba10f901006ffbc7723cc_be20385e18333edb329d4574f364a1f0fc0.jpg?1788100615,Crystal,303,3,PLD
Ciel Sorrel,22647977,246,245,Zalera,Crystal,300,0,4feb2b2835b10561864f50a075fa571c_8106f857613f8fb994b0be37b26ff4bafc0.jpg?1788100911,Crystal,81,0,UNK
Eternal Slumber,25903660,247,246,Hyperion,Primal,300,0,e04969696b7e202db5371bd7c0b62231_57ae9ee5592123dd79c8912bf768cf99fc0.jpg?1788101278,Crystal,71,2,NIN
Onion Little,37583983,248,247,Zalera,Crystal,300,0,59533d6fd2d0a8b58595bf860ae3f36a_8106f857613f8fb994b0be37b26ff4bafc0.jpg?1788098393,Crystal,13,0,WHM
W'kepaga M'ankhad,51943168,249,248,Midgardsormr,Aether,299,0,2731864a3bfbb890bb0d554a4dbb55cc_5c8ecfbc673e1287a9b5e85423fe1657fc0.jpg?1788098577,Crystal,204,11,SMN
Lux Mas,23065843,250,249,Sargatanas,Aether,299,0,88a2ca0abf69b95b8d6893d740e04615_ba22853447012a24cee115315d6a5bebfc0.jpg?1788101495,Crystal,124,0,RDM
Nava Savitra,11866965,251,250,Behemoth,Primal,299,0,192dd5e055cc8be6175a56a286c32203_be20385e18333edb329d4574f364a1f0fc0.jpg?1788100070,Crystal,101,0,BLM
Novical Astrea,42979170,252,251,Exodus,Primal,299,0,b638930bbe9987be79fa698126728549_0cdf051c93865faa15cbc5cd3d2b69fbfc0.jpg?1788101372,Crystal,89,7,PLD
Bento Manjusaka,8342791,253,0,Famfrit,Primal,298,0,6ad6165e804ca5f8a6e46061f7c359ec_fce4949e615393e574f2d57134b31fc1fc0.jpg?1788101175,Crystal,59,18,MCH
Sophia Sol,50636657,254,252,Diabolos,Crystal,298,0,f2e548487adc8d24ba4ee5ae891d1fca_7b33d33ae3ecb996f778a5f67a6a0af6fc0.jpg?1788101571,Crystal,51,0,NIN
Lean Bean,27288162,255,254,Leviathan,Primal,298,0,10eb9c645841623c4f9edb8e24e49d0e_a91aae52cff9ef65932db06b150ffd47fc0.jpg?1788098521,Crystal,16,0,MNK
Kemono Friends,9960513,256,255,Balmung,Crystal,298,0,32976001d45735dc6eed07706ce7c1aa_7a573cbc0cda3a3dfc1795cb3d9f7b23fc0.jpg?1788098615,Crystal,6,0,DRG
Ailbhe Costa,24483224,257,256,Golem,Dynamis,298,0,d2a07a324d29f192eabbae6adeb2462b_dd61c3dc259e5c43722e89409499b669fc0.jpg?1788099700,Crystal,5,0,UNK
Aesa Reign,35916991,258,257,Behemoth,Primal,298,0,41b39fb2112c54e35953a1e9bca43b2b_be20385e18333edb329d4574f364a1f0fc0.jpg?1788101095,Crystal,3,0,WAR
Asteroth Rayet,34556987,259,258,Coeurl,Crystal,297,0,074f19c1dfdaef751b93ed3b29eeb320_284358f8eb4efc9095914e46798c6ab3fc0.jpg?1788099820,Crystal,28,0,GNB
Sitri Belladonna,44271644,260,259,Maduin,Dynamis,296,0,d5fba1e5169b57a308fb1ea60e3553cf_7ff236346f6151d8a2c08fd0b4a0b806fc0.jpg?1788098073,Crystal,58,0,BLM
Nika Arwing,12407061,261,260,Behemoth,Primal,294,0,f0ebfd95e843addaab2471d3cb028eb6_be20385e18333edb329d4574f364a1f0fc0.jpg?1788100840,Crystal,8,0,MNK
Eroison Chren,42575447,262,261,Ultros,Primal,293,0,d66c862181da18eea3335d6667510dc6_c514cdcdb619439df97d906d4434ccc6fc0.jpg?1788100213,Crystal,46,0,SGE
Marika Mjolnir,38212348,263,262,Malboro,Crystal,292,0,969a50dcb0d9777a00aae149894ab7f5_2e97c13fdd593d15d543093f8a37b6f0fc0.jpg?1788098433,Crystal,181,0,WAR
Nixacu Murubra,24114126,264,263,Lamia,Primal,205,0,68206034a86cf63bd8aecd714ae17955_4d9be17b5e1edc617052b4dbf4007875fc0.jpg?1788100129,Crystal,100,3,RDM
Lumiel Alstreim,6929457,265,264,Balmung,Crystal,204,0,6004c4e57250b544ed36bf6b310e878a_7a573cbc0cda3a3dfc1795cb3d9f7b23fc0.jpg?1788098972,Crystal,46,0,PCT
Abel Catallus,20632128,266,265,Hyperion,Primal,203,0,a753917cbe6dc89a0ba41f10003a621d_57ae9ee5592123dd79c8912bf768cf99fc0.jpg?1788098546,Crystal,72,0,RDM
Lenpao Victus,30455513,267,266,Midgardsormr,Aether,201,0,6067c0a6b77debbd9a03665d4d13dd52_5c8ecfbc673e1287a9b5e85423fe1657fc0.jpg?1788098234,Crystal,72,0,UNK
Malorec Achlur,23572490,268,267,Balmung,Crystal,201,0,2a92fda1b2bcfc00ac608ee4842abefc_7a573cbc0cda3a3dfc1795cb3d9f7b23fc0.jpg?1788099509,Crystal,18,0,BLM
Yuki Yozora,32275648,269,268,Faerie,Aether,200,0,bed164ee9535c02b6ea7cc8b5000c845_0e336ff6ad415f47233f0aaf127feac0fc0.jpg?1788100203,Crystal,210,0,PLD
Sy Lunaris,48637920,270,269,Faerie,Aether,200,0,119833ed114a32ccf585b8e626ecb7f4_0e336ff6ad415f47233f0aaf127feac0fc0.jpg?1788101022,Crystal,88,0,SGE
Caius Dreemurr,16334190,271,270,Behemoth,Primal,200,0,15755bc10e106a8c901afd96c5ef39c3_be20385e18333edb329d4574f364a1f0fc0.jpg?1788100273,Crystal,51,0,ALC
Aiberaint Mando,58601227,272,271,Faerie,Aether,200,0,b7621f9e3f9c7a33ce4acd4a392c3a41_0e336ff6ad415f47233f0aaf127feac0fc0.jpg?1788098480,Crystal,33,0,RPR
Nonoha Noha,32959229,273,272,Balmung,Crystal,200,0,d9c4977477ddfaebc0c2204729f692f9_7a573cbc0cda3a3dfc1795cb3d9f7b23fc0.jpg?1788098517,Crystal,22,0,UNK
Bellatrix Solara,20445342,274,273,Leviathan,Primal,200,0,89d7b355539e181e2d0c9cd890f6f062_a91aae52cff9ef65932db06b150ffd47fc0.jpg?1788100860,Crystal,11,0,UNK
Joe Biden',48592929,275,274,Seraph,Dynamis,200,0,c06fd69e6b294b74118f1a8ad5727f56_07fb0511053f398d1f2d6831e6a6b4c8fc0.jpg?1788098861,Crystal,2,0,UNK
Giselle Aureillien,29155636,276,275,Coeurl,Crystal,200,0,0864f26f62e17d3942c765f8a16665d2_284358f8eb4efc9095914e46798c6ab3fc0.jpg?1788101012,Crystal,1,0,NIN
Vayce Lilacspark,4565408,277,276,Balmung,Crystal,199,0,e9f3928d81a9f68a9cfae3a6a414feb8_7a573cbc0cda3a3dfc1795cb3d9f7b23fc0.jpg?1788099533,Crystal,137,0,DRK
Chronochaos Asura,1230012,278,277,Excalibur,Primal,199,0,16f01a0a9404158e87254af5dbe09328_745baffc465480ed372e274d50318290fc0.jpg?1788098584,Crystal,75,0,VPR
Cleo Kaisuri,49507760,279,278,Hyperion,Primal,199,0,b3c346a088e9876c531a3dcecd6b78db_57ae9ee5592123dd79c8912bf768cf99fc0.jpg?1788101552,Crystal,43,0,SGE
Nickon Malek,36659706,280,279,Zalera,Crystal,199,0,d4f6bca99d38c68180883a3bd35b4647_8106f857613f8fb994b0be37b26ff4bafc0.jpg?1788101427,Crystal,37,0,VPR
Mits Suki,33204212,281,280,Famfrit,Primal,199,0,5bb063598970951b9c8c586bd4f0db1f_fce4949e615393e574f2d57134b31fc1fc0.jpg?1788098423,Crystal,5,0,MCH
Ace Dorayaki,34266163,282,281,Mateus,Crystal,198,0,2a9eb696c40033fe1c17e7506f93392e_f0c52cc66e124fc2e641d7c21ab2ce79fc0.jpg?1788099644,Crystal,272,0,VPR
Sandoz Nakao,10931721,283,282,Sargatanas,Aether,198,0,dbfb04dfbbe3ea56cd066152b1c185fb_ba22853447012a24cee115315d6a5bebfc0.jpg?1788101211,Crystal,181,0,GNB
Cassian Aten,49727028,284,283,Ultros,Primal,198,0,beba5702725b35f7f383e56d8c6eeb6c_c514cdcdb619439df97d906d4434ccc6fc0.jpg?1788101407,Crystal,68,0,UNK
Glamour Police,42569529,285,284,Faerie,Aether,198,0,628a713ff9a3e9604964fec89696bc80_0e336ff6ad415f47233f0aaf127feac0fc0.jpg?1788099037,Crystal,54,0,MCH
Radanis Luminacht,16920977,286,285,Sargatanas,Aether,198,0,b371d311f8b15d14c5d5b08dda36ab7f_ba22853447012a24cee115315d6a5bebfc0.jpg?1788101308,Crystal,1,0,WAR
Dietrich Heart,5260294,287,286,Lamia,Primal,197,0,9c761cd2d09e76e2e456f7b37de66456_4d9be17b5e1edc617052b4dbf4007875fc0.jpg?1788099440,Crystal,140,0,BRD
Tree Cat,26335365,288,287,Jenova,Aether,197,0,33c88618a561b4c9a812b3fe8cb0ba15_ce736afe35e2ded4e46c4fd0659aef7efc0.jpg?1788101413,Crystal,3,0,WHM
Sensus Meow,3918158,289,288,Gilgamesh,Aether,196,0,c830651186889d4902ef13cefd58a832_b937560c841465f7c4bc8eb47ea7948afc0.jpg?1788100030,Crystal,1,0,NIN
Unit Two,9241194,290,289,Ultros,Primal,195,0,641de9f4edfaf7fe05a95460092c87ef_c514cdcdb619439df97d906d4434ccc6fc0.jpg?1788098603,Crystal,147,0,DRK
Flipped Hellcat,21788780,291,290,Brynhildr,Crystal,105,0,2ae61210380d605b7b52e1b3372b5079_d0a0f515a62457570c9b44997063e3c1fc0.jpg?1788099354,Crystal,34,0,UNK
Original Meow,35808978,292,291,Gilgamesh,Aether,103,0,b244a7412043a7dd35bae3d62114182d_b937560c841465f7c4bc8eb47ea7948afc0.jpg?1788100315,Crystal,1,0,BRD
Renzo Jinwoo,34732404,293,292,Seraph,Dynamis,102,0,5661b5945f2e3c2ffb7cc17ead7445b0_07fb0511053f398d1f2d6831e6a6b4c8fc0.jpg?1788101000,Crystal,178,0,MCH
Agreed Indeed,35442337,294,293,Cactuar,Aether,102,0,420d1175f93ad013aa9ab84ae2d42209_96ab1df8877c1f8ba6a89a39cccfd437fc0.jpg?1788098076,Crystal,11,0,BLM
Gidson Brand,28304013,295,294,Goblin,Crystal,101,0,876c2dd63c77339205c6fe96b4bd3d82_8e81e2940511f7152ba4462fe53e35b8fc0.jpg?1788099033,Crystal,40,0,WAR
Tegridy Weed,3469679,296,295,Midgardsormr,Aether,101,0,96f7b1ca58cffc2cdcbb1df90d116807_5c8ecfbc673e1287a9b5e85423fe1657fc0.jpg?1788100173,Crystal,29,0,AST
Goemon Da-cat,33537349,297,0,Behemoth,Primal,101,1,43966a550ccf1c1bef04bbdf44d30910_be20385e18333edb329d4574f364a1f0fc0.jpg?1788099429,Crystal,26,2,BRD
June Freyja,10894711,298,296,Brynhildr,Crystal,100,0,a53a85398b567470f54962e592f2684d_d0a0f515a62457570c9b44997063e3c1fc0.jpg?1788101087,Crystal,191,0,SAM
Deep-fried Shrimp,39013955,299,297,Halicarnassus,Dynamis,100,0,8c854c8dde07c11059f113329f369709_f2d324d722b28bbe681b2898bcdca8bffc0.jpg?1788101300,Crystal,187,0,DRK
Dewdrop Ex'nivis,42142474,300,298,Coeurl,Crystal,100,0,4d866401d0e56d8747b77e186b624f24_284358f8eb4efc9095914e46798c6ab3fc0.jpg?1788098497,Crystal,154,0,ALC
Ash Kitamura,26629771,1,0,Ravana,Materia,0,0,33c0c99f7649a707ea0e8e4da0340efb_2f53b2675d3eea360f0b48d74d30af15fc0.jpg?1788099270,Diamond,81,0,AST
Enrei Mihata,49665542,2,0,Ravana,Materia,0,0,9df67e19d234830f2d797bb6efbad836_2f53b2675d3eea360f0b48d74d30af15fc0.jpg?1788100767,Diamond,37,0,DRG
Fatahh Wizardcat,60429758,3,0,Zurvan,Materia,0,0,0a04508a6feea55f3b4227e7d574212a_1fa3a1b3845481a1b67b46854a3cc49afc0.jpg?1788098225,Platinum,52,0,BLM
Queue Up,44283543,4,0,Ravana,Materia,0,0,341e0565d728c5334b58960edfc1c897_2f53b2675d3eea360f0b48d74d30af15fc0.jpg?1788099318,Platinum,42,0,PLD
Shiki Hime,41619079,5,0,Sophia,Materia,0,0,e0f33871fdd9bcb0012cace0f140b504_ba15a18cd3a8fb567e39053022515eb6fc0.jpg?1788100361,Platinum,39,0,MNK
Sora Teppelin,7487042,6,0,Sophia,Materia,0,0,3d849e783499c238b2f4d439e3a8c2a7_ba15a18cd3a8fb567e39053022515eb6fc0.jpg?1788098144,Platinum,35,0,VPR
Shiny Jirachi,51220221,7,0,Sophia,Materia,0,0,f1b04aa626472a08642b4f93d911f87c_ba15a18cd3a8fb567e39053022515eb6fc0.jpg?1788101400,Platinum,11,0,SAM
Raiosu Eucliffe,45249258,8,0,Ravana,Materia,0,0,a21442f92d53ab89cab416d41fe9132d_2f53b2675d3eea360f0b48d74d30af15fc0.jpg?1788099466,Platinum,53,0,BRD
Nyanyanyanya Nyanyan,48648775,9,0,Ravana,Materia,0,0,ec08e9f45b8d4335b412f3e39f4458e2_2f53b2675d3eea360f0b48d74d30af15fc0.jpg?1788100836,Platinum,29,0,WHM
Ku Ku,58267971,10,0,Sophia,Materia,0,0,77db43d75ac5ffe3d585318a47534ab9_ba15a18cd3a8fb567e39053022515eb6fc0.jpg?1788098997,Platinum,52,0,BRD
Master Zoknik,61010055,11,0,Zurvan,Materia,0,0,bfa135b89b0fb27fe708b3a427bd667f_1fa3a1b3845481a1b67b46854a3cc49afc0.jpg?1788101570,Platinum,88,0,SMN
Jiraiya Sannin,47974804,12,0,Ravana,Materia,0,0,6a5cc312529bc78b7d0bbbf5f41983af_2f53b2675d3eea360f0b48d74d30af15fc0.jpg?1788099358,Platinum,45,0,WAR
Esperance Lightbound,16103781,13,0,Ravana,Materia,0,0,0d3ff648d49892a8fc3bd67490985032_2f53b2675d3eea360f0b48d74d30af15fc0.jpg?1788099516,Platinum,40,0,AST
Syth Isi,14766898,14,0,Sephirot,Materia,0,0,4eef23c58ccbdfd054240b7a6afee3df_30a5f9eadea6e0cb684a5265362d0d59fc0.jpg?1788099324,Platinum,31,0,SGE
Lil Wu,39781651,15,0,Ravana,Materia,0,0,883868199332c12050d61887025475bc_2f53b2675d3eea360f0b48d74d30af15fc0.jpg?1788098842,Platinum,38,0,PLD
Monkey Rat,28956529,16,0,Zurvan,Materia,0,0,bd13db4ebaa363278dd269b5941ae816_1fa3a1b3845481a1b67b46854a3cc49afc0.jpg?1788098961,Platinum,75,0,BLM
Unshao Theruun,36386941,17,0,Sephirot,Materia,0,0,ec8f93abdc73eddcd17e0450db1cb572_30a5f9eadea6e0cb684a5265362d0d59fc0.jpg?1788100494,Platinum,28,0,WAR
Aleksei Veldoch,39931654,18,0,Ravana,Materia,0,0,ef0923b785702de5a588b383a0d1bcea_2f53b2675d3eea360f0b48d74d30af15fc0.jpg?1788101637,Platinum,47,0,SCH
Noelle Frost,59496366,19,0,Zurvan,Materia,0,0,5e03b95700bb3e6556a80cb9336a41d2_1fa3a1b3845481a1b67b46854a3cc49afc0.jpg?1788098419,Platinum,40,0,WHM
Boz Ulceros,32280980,20,0,Ravana,Materia,0,0,269b081d650bf5598fd5a3f9419b8b43_2f53b2675d3eea360f0b48d74d30af15fc0.jpg?1788099993,Platinum,72,0,SAM
Funeral Pyre,29286073,21,0,Zurvan,Materia,0,0,48d5de4023484583f2225a2026548284_1fa3a1b3845481a1b67b46854a3cc49afc0.jpg?1788098614,Platinum,61,0,SMN
Mars Bars,41756039,22,0,Sophia,Materia,0,0,87af5886ec3b52e7e582ccc7755f6a9b_ba15a18cd3a8fb567e39053022515eb6fc0.jpg?1788099256,Platinum,49,0,DRG
Chs Crane,37655547,23,0,Sophia,Materia,0,0,7cd2d4b420716bf684bdd41ef37d9319_ba15a18cd3a8fb567e39053022515eb6fc0.jpg?1788100268,Platinum,30,0,FSH
Simetras Sol,38726083,24,0,Ravana,Materia,0,0,fc54c458f2e80d3680f50e6026011ab7_2f53b2675d3eea360f0b48d74d30af15fc0.jpg?1788099817,Gold,131,0,WHM
Lillian Melikai,42502039,25,0,Ravana,Materia,0,0,6c5f22e96162240c2bb96702fcbe123b_2f53b2675d3eea360f0b48d74d30af15fc0.jpg?1788100957,Gold,47,0,NIN
Coffee Lover,50333621,26,0,Sophia,Materia,0,0,3c4552eb56bfb14f36d9b512873eac0d_ba15a18cd3a8fb567e39053022515eb6fc0.jpg?1788099167,Gold,42,0,UNK
Twitch Pvpash,58310287,27,0,Sephirot,Materia,0,0,825390c1ecfa92c4ed45d4ff7a91e39e_30a5f9eadea6e0cb684a5265362d0d59fc0.jpg?1788100409,Gold,35,0,PLD
Disco Knees,36101852,28,0,Sophia,Materia,0,0,48d0a8dae7efe9ad10780f28920a969b_ba15a18cd3a8fb567e39053022515eb6fc0.jpg?1788101090,Gold,33,0,DRG
Seth Nier,10650761,29,0,Sophia,Materia,0,0,64bba40966450747199bec23184e47a3_ba15a18cd3a8fb567e39053022515eb6fc0.jpg?1788101264,Gold,26,0,DRK
Izaray Wintergray,40906176,30,0,Sophia,Materia,0,0,be2f5b4e324fa72cd4ef19d0c29f10da_ba15a18cd3a8fb567e39053022515eb6fc0.jpg?1788098289,Gold,37,0,PLD
Jena Kuwahara,28003546,31,0,Ravana,Materia,0,0,5bacb190ffd91b392df04923b13fa29a_2f53b2675d3eea360f0b48d74d30af15fc0.jpg?1788101514,Gold,111,6,GNB
Han Liu,44640291,32,0,Ravana,Materia,0,0,55233b520f90487f51f380e2add5fc3d_2f53b2675d3eea360f0b48d74d30af15fc0.jpg?1788101059,Gold,100,3,DNC
Vielle Drillemont,52770027,33,0,Ravana,Materia,0,0,6c212c0698d00b38fb5cb7d51dcf91bf_2f53b2675d3eea360f0b48d74d30af15fc0.jpg?1788099395,Gold,79,2,PCT
Scarlette Harlette,51206657,34,39,Sephirot,Materia,0,0,2f63ccbdc329fa14480887bf4c0dfa0e_30a5f9eadea6e0cb684a5265362d0d59fc0.jpg?1788101244,Gold,71,7,NIN
Stupid Puzzle,57160120,35,34,Ravana,Materia,0,0,7af9b543418115db5c1299f1abb4e123_2f53b2675d3eea360f0b48d74d30af15fc0.jpg?1788099329,Gold,45,0,DRG
Stu Vermillion,45923134,36,35,Sephirot,Materia,0,0,542be51b9ba1f8c4c217e94d2b96e3aa_30a5f9eadea6e0cb684a5265362d0d59fc0.jpg?1788100580,Gold,43,0,RPR
Aislinn Rose,47395507,37,36,Ravana,Materia,0,0,920c56af8cba5363c65e0c83dbbcac71_2f53b2675d3eea360f0b48d74d30af15fc0.jpg?1788101279,Gold,68,0,MNK
Brian Ricardo,41560139,38,37,Sophia,Materia,0,0,678ed14a243387459872b7217f75e382_ba15a18cd3a8fb567e39053022515eb6fc0.jpg?1788099262,Gold,26,0,SGE
Noah Marlowe,16149159,39,38,Ravana,Materia,0,0,ec4ee34b34397ee883bd89175e1f15df_2f53b2675d3eea360f0b48d74d30af15fc0.jpg?1788098531,Gold,15,0,RDM
Berogi Avarous,37261319,40,0,Sophia,Materia,0,0,5fbe574c31dc7541b2bb18753fed8278_ba15a18cd3a8fb567e39053022515eb6fc0.jpg?1788100106,Gold,25,0,SAM
Lion Lord,60332724,41,0,Ravana,Materia,0,0,72fbb269e357d68127cd61715f152bc8_2f53b2675d3eea360f0b48d74d30af15fc0.jpg?1788099406,Gold,57,0,BRD
Lupercal Aurelian,37936946,42,0,Ravana,Materia,0,0,93674d47ae679f2b2191e0d82e33123f_2f53b2675d3eea360f0b48d74d30af15fc0.jpg?1788098433,Gold,30,0,PLD
Arvus Lake,60370728,43,0,Bismarck,Materia,0,0,3491a10775fcbbb5a0c1329925f30f4f_36f0570990ac5402b2ef514d36b0435cfc0.jpg?1788100419,Gold,17,0,MNK
Nirki Yukumo,41663432,44,0,Zurvan,Materia,0,0,c950234c9a872ae2ab8476f696fcb74f_1fa3a1b3845481a1b67b46854a3cc49afc0.jpg?1788100118,Gold,20,0,NIN
Neo Zee,58982637,45,0,Ravana,Materia,0,0,c042f71fe47095dad35d5764027056d1_2f53b2675d3eea360f0b48d74d30af15fc0.jpg?1788100654,Gold,38,0,BRD
Juru'a Mihrulh,48704606,46,0,Zurvan,Materia,0,0,80aa9b34947750aa356810124a11ba19_1fa3a1b3845481a1b67b46854a3cc49afc0.jpg?1788098602,Gold,63,0,RDM
Zervish Vanht,21659747,47,0,Ravana,Materia,0,0,ff2403388bd597c0b3fb62c30e9bff67_2f53b2675d3eea360f0b48d74d30af15fc0.jpg?1788100526,Gold,23,0,GNB
Byakko Moon,10831175,48,0,Sephirot,Materia,0,0,7d8049ebe32efa74e5107944b1e43d15_30a5f9eadea6e0cb684a5265362d0d59fc0.jpg?1788100934,Gold,3,0,PLD
Wierd Dude,58113414,49,0,Sephirot,Materia,0,0,c887fa7d587b2205b349abb82627a0d1_30a5f9eadea6e0cb684a5265362d0d59fc0.jpg?1788099704,Gold,66,3,MNK
Sukoshi Ninjin,57860048,50,0,Sophia,Materia,0,0,b41a0bd7b5958d56cec5f84314a28f3a_ba15a18cd3a8fb567e39053022515eb6fc0.jpg?1788100471,Gold,32,0,UNK
Fokus Galantryus,40738924,51,75,Sophia,Materia,0,0,93e1d720637fb04b8b4f9b7a346a6a4e_ba15a18cd3a8fb567e39053022515eb6fc0.jpg?1788099189,Gold,25,7,WHM
Aurum Blaiddyd,10794239,52,51,Sophia,Materia,0,0,8b76648a8cb1cbbd4f1c870189433f3a_ba15a18cd3a8fb567e39053022515eb6fc0.jpg?1788099310,Gold,13,0,PCT
Clars Lester,951178,53,52,Sephirot,Materia,0,0,46727c8d445323c9e5b8140d37027050_30a5f9eadea6e0cb684a5265362d0d59fc0.jpg?1788099049,Silver,62,0,WAR
Sebastian Michaelis,42038341,54,53,Sephirot,Materia,0,0,17f4346a95c45541b337263d60106b3f_30a5f9eadea6e0cb684a5265362d0d59fc0.jpg?1788099636,Silver,59,0,RDM
Sana Miyata,34196273,55,54,Ravana,Materia,0,0,4a94c0f8b59e635e8748a32f11cc42f8_2f53b2675d3eea360f0b48d74d30af15fc0.jpg?1788098739,Silver,31,0,SCH
Birdy Lou,40000398,56,55,Sophia,Materia,0,0,a8894121a60bc81621d47edf1ee0577b_ba15a18cd3a8fb567e39053022515eb6fc0.jpg?1788100995,Silver,29,0,SMN
J'mo H',10666399,57,56,Sephirot,Materia,0,0,53873e717cbf7baeb168205935077671_30a5f9eadea6e0cb684a5265362d0d59fc0.jpg?1788100120,Silver,17,0,WHM
Cwenhild Reid,41763782,58,57,Sophia,Materia,0,0,c9d176025665cc1528a984e82a81fd64_ba15a18cd3a8fb567e39053022515eb6fc0.jpg?1788099811,Silver,24,0,SAM
Pollux Renault,45246168,59,58,Ravana,Materia,0,0,af456258cb5d3ca7c42bb950f92247de_2f53b2675d3eea360f0b48d74d30af15fc0.jpg?1788101190,Silver,13,0,GNB
Ranko Riselle,47223883,60,59,Sophia,Materia,0,0,301cb977b468ead36aa13c049b17f861_ba15a18cd3a8fb567e39053022515eb6fc0.jpg?1788099608,Silver,11,0,UNK
Anzac Fenrir,10988408,61,60,Ravana,Materia,0,0,6c7b02f93e5250249333e13f236fc545_2f53b2675d3eea360f0b48d74d30af15fc0.jpg?1788099669,Silver,31,0,MCH
Kensuke Sugimori,59626210,61,60,Zurvan,Materia,0,0,b8c23a3c5466f6621fe9629c20c0b897_1fa3a1b3845481a1b67b46854a3cc49afc0.jpg?1788100249,Silver,31,0,NIN
Eustace Madao,44593837,63,62,Ravana,Materia,0,0,687914339d33024fe783e72eb5a1929f_2f53b2675d3eea360f0b48d74d30af15fc0.jpg?1788101411,Silver,22,0,BTN
Elto Malto,55670275,64,63,Zurvan,Materia,0,0,6625d7f60a549d4e764bdbbb6315b573_1fa3a1b3845481a1b67b46854a3cc49afc0.jpg?1788100554,Silver,17,0,UNK
Peaceful Serenity,44576253,65,64,Sephirot,Materia,0,0,ae7fb16a93fad97a522145bf683d894f_30a5f9eadea6e0cb684a5265362d0d59fc0.jpg?1788099964,Silver,0,0,RDM
Cucu Cucumber,43336963,66,65,Sophia,Materia,0,0,d0bedba76c1744686e4fafd9d31eeb08_ba15a18cd3a8fb567e39053022515eb6fc0.jpg?1788098461,Silver,40,0,BLM
Persona Non-grata,59997612,67,66,Ravana,Materia,0,0,817d96e78e710beff47ca2d76caa6b30_2f53b2675d3eea360f0b48d74d30af15fc0.jpg?1788098070,Silver,33,4,PLD
Frierens Feet,18696306,68,66,Bismarck,Materia,0,0,55c56c5779dac3caf6a9e915a44a972d_36f0570990ac5402b2ef514d36b0435cfc0.jpg?1788099101,Silver,29,0,SMN
C'ranmaia Lizha,60465549,69,68,Bismarck,Materia,0,0,f41736abfa17637ee6e1f020f2787726_36f0570990ac5402b2ef514d36b0435cfc0.jpg?1788099252,Silver,18,0,UNK
Shiny Garchomp,44081260,70,69,Ravana,Materia,0,0,a9aeaf4658d90c68d46e7086d323e456_2f53b2675d3eea360f0b48d74d30af15fc0.jpg?1788101174,Silver,17,0,MCH
Sen Zeka,62124659,71,70,Sophia,Materia,0,0,1823c4c042b6dba95a5ad3e3a8d5658b_ba15a18cd3a8fb567e39053022515eb6fc0.jpg?1788101249,Silver,15,0,MNK
Minty Dew,11254788,72,71,Sephirot,Materia,0,0,afdf4d4e1f96c8e17ed8dbbb09ea4e01_30a5f9eadea6e0cb684a5265362d0d59fc0.jpg?1788099168,Silver,12,0,SMN
Pompitous Litchous,28520377,73,72,Sephirot,Materia,0,0,ab4abed9c2f0b5369480818f95581f87_30a5f9eadea6e0cb684a5265362d0d59fc0.jpg?1788100467,Silver,10,0,RPR
Red Pocket,57790009,74,73,Zurvan,Materia,0,0,9ee6578b70ebe2412c9a6a3b9539d845_1fa3a1b3845481a1b67b46854a3cc49afc0.jpg?1788099401,Silver,1,0,UNK
Magnolia Moonsong,39932795,75,74,Sephirot,Materia,0,0,a9e5b8f87ce0e4e7d236eef2abfe90e0_30a5f9eadea6e0cb684a5265362d0d59fc0.jpg?1788099432,Silver,19,0,SMN
Sil Vanht,3592400,76,0,Ravana,Materia,0,0,7557bb5d8d4d13b13e750b30dbd34093_2f53b2675d3eea360f0b48d74d30af15fc0.jpg?1788101516,Silver,9,0,PLD
Re- G',41760350,77,0,Sophia,Materia,0,0,b5e032ba04147a101b5a91d07703c313_ba15a18cd3a8fb567e39053022515eb6fc0.jpg?1788099824,Silver,0,0,UNK
Tiny Seda,43818296,78,0,Ravana,Materia,0,0,21e2b2de9125d9cf1b99748fa9eef0e2_2f53b2675d3eea360f0b48d74d30af15fc0.jpg?1788101276,Silver,48,3,PCT
Venase Tym,61779775,79,0,Sophia,Materia,0,0,24aac6d5abd68d4dc957bd7c98ba27f2_ba15a18cd3a8fb567e39053022515eb6fc0.jpg?1788100428,Silver,18,0,UNK
Zero Alexander,18446688,80,0,Sophia,Materia,0,0,f2e26342d51255236baa45461f41bf5b_ba15a18cd3a8fb567e39053022515eb6fc0.jpg?1788099916,Silver,14,0,BLM
Temp Arie,41750566,81,0,Zurvan,Materia,0,0,73bdd493fc471827004a90a5745ff400_1fa3a1b3845481a1b67b46854a3cc49afc0.jpg?1788100936,Silver,13,0,PLD
Awayi Soleil,40986096,82,0,Zurvan,Materia,0,0,c84676ef434b75aec3260707fcad3d8a_1fa3a1b3845481a1b67b46854a3cc49afc0.jpg?1788098793,Silver,12,0,BLM
Swhe Swoo,28568079,83,0,Sephirot,Materia,0,0,fbccbe709d21605c6f47dec5052b1238_30a5f9eadea6e0cb684a5265362d0d59fc0.jpg?1788100640,Silver,9,0,DRK
Anwir De-viece,58698037,84,0,Ravana,Materia,0,0,2a85cf689dc656e43470cb547586f207_2f53b2675d3eea360f0b48d74d30af15fc0.jpg?1788099459,Silver,14,8,VPR
Levinia Lumina,25634480,85,84,Ravana,Materia,0,0,9ba79c01085813db00f74aa9a46fd0c8_2f53b2675d3eea360f0b48d74d30af15fc0.jpg?1788099431,Silver,12,0,MCH
Faye Amoret,28738568,86,0,Sophia,Materia,0,0,db40e5035f6f662b6a8b36ecf79df1fc_ba15a18cd3a8fb567e39053022515eb6fc0.jpg?1788101270,Silver,11,5,BRD
Liachen Thrope,29127861,87,85,Sophia,Materia,0,0,b0722934ed1329725ff744f9ae52c7ba_ba15a18cd3a8fb567e39053022515eb6fc0.jpg?1788099674,Silver,9,0,BSM
Egg White,3210815,88,0,Ravana,Materia,0,0,c387324a5e1c8e594b0e31a55b518e02_2f53b2675d3eea360f0b48d74d30af15fc0.jpg?1788099534,Silver,6,0,VPR
Goober Gooberm,48887220,89,86,Ravana,Materia,0,0,4523e0b4a5f923b67e31f18f801210af_2f53b2675d3eea360f0b48d74d30af15fc0.jpg?1788100035,Silver,18,0,ALC
Your Conscience,16441762,90,0,Sophia,Materia,0,0,2b2174722b7610bb306987526ac6cb6d_ba15a18cd3a8fb567e39053022515eb6fc0.jpg?1788099989,Silver,17,6,SMN
Zepherii Sui,43963552,91,87,Sophia,Materia,0,0,31b395238c6120dc114964c652dc393b_ba15a18cd3a8fb567e39053022515eb6fc0.jpg?1788099319,Silver,16,0,MCH
Athena' Aria,29939277,92,88,Ravana,Materia,0,0,c678c1cf7f9d7de3e80882588e7606e8_2f53b2675d3eea360f0b48d74d30af15fc0.jpg?1788101501,Silver,6,0,AST
Turuturu Mennmenn,51356780,93,89,Sephirot,Materia,0,0,501dec1a7db9bac050ecbd4f8028e6e6_30a5f9eadea6e0cb684a5265362d0d59fc0.jpg?1788100458,Bronze,19,0,MNK
Hotsingles Inyourarea,43275845,94,90,Sephirot,Materia,0,0,08be8dec8891190a5227c50c7650dd29_30a5f9eadea6e0cb684a5265362d0d59fc0.jpg?1788101033,Bronze,15,0,PCT
Esuna Me,41693115,95,0,Sophia,Materia,0,0,a228e053489ecc9e042fda80c30c0c67_ba15a18cd3a8fb567e39053022515eb6fc0.jpg?1788100453,Bronze,14,3,GNB
Makh'a Zruhn,42193944,96,91,Ravana,Materia,0,0,323be164f5593618bf1111ae4538ad96_2f53b2675d3eea360f0b48d74d30af15fc0.jpg?1788100937,Bronze,6,0,SAM
Ashmi Rae,18364101,97,92,Bismarck,Materia,0,0,2b3a41d227e2937852d5c1e031d5aba0_36f0570990ac5402b2ef514d36b0435cfc0.jpg?1788099551,Bronze,5,0,BRD
Tiny Wrath,25583557,98,93,Zurvan,Materia,0,0,2c82c1a404fc646361cabcf478aed323_1fa3a1b3845481a1b67b46854a3cc49afc0.jpg?1788101156,Bronze,24,0,WHM
Fio Vanetti,41633033,99,94,Ravana,Materia,0,0,f237b05eb696b7fe8e05b757513a1ca2_2f53b2675d3eea360f0b48d74d30af15fc0.jpg?1788101438,Bronze,12,0,DRG
Mandakavaa Malaguld,37955863,100,95,Bismarck,Materia,0,0,28368cf0fe654896ddafdbaa7c7a6a56_36f0570990ac5402b2ef514d36b0435cfc0.jpg?1788098279,Bronze,11,0,FSH
