name,id,cur_rank,prev_rank,world,dc,points,points_delta,portrait,tier,wins,wins_delta,job
Miyu Edelfelt,21335430,1,0,Phoenix,Light,1602,602,ba690d74246b4d07f543f0d9516feec2_5047bc596a4bab2dc7f7c120bb22dec5fc0.jpg?1785411937,Omega,39,18,AST
Scarlet Rose,26616217,2,0,Spriggan,Chaos,1009,9,96ad88f23a708e8d6e391f669986d57c_feaf0a2e88ff164813fbc9b85876fa48fc0.jpg?1785410306,Crystal,35,16,PLD
Maarato Cookie,20349526,3,30,Twintania,Light,798,798,dbab16598b86bb31b2eb96070f723572_c33f640c0cdd35f7def85b8aa31a0007fc0.jpg?1785410335,Crystal,30,16,NIN
Mamiyama Kamimama,37371304,4,0,Spriggan,Chaos,788,199,3c6fd6569d3dce40308c9a2a1f3c3bfa_feaf0a2e88ff164813fbc9b85876fa48fc0.jpg?1785411476,Crystal,31,12,PCT
Pan Ther,47356852,5,3,Twintania,Light,787,0,fc9492796dbee9f84ae010350ec7759c_c33f640c0cdd35f7def85b8aa31a0007fc0.jpg?1785409780,Crystal,26,12,RPR
Loty Coldwind,36521588,6,23,Twintania,Light,696,596,3632cf6d20598f5c4c7b748be7e19153_c33f640c0cdd35f7def85b8aa31a0007fc0.jpg?1785411261,Crystal,21,17,BLM
Tsukuyo Ritlas,37800185,7,23,Odin,Light,599,499,eca30840fe0bed8e80f620b5f57c49de_644311b63b607133c989d7c1188467dafc0.jpg?1785412718,Crystal,11,7,RPR
Lex'ander Wayfarer,18009481,8,5,Odin,Light,498,0,0adfa03fe11940a91e3b6a2ed08ddb88_644311b63b607133c989d7c1188467dafc0.jpg?1785410162,Crystal,17,0,VPR
Crow Kaien,44749262,9,6,Zodiark,Light,494,0,54e5719ccbdb45c6de28f017b4365207_c274370774c6bc3483cc8740805f41bcfc0.jpg?1785412670,Crystal,5,0,PLD
Tyra Kett,26531277,10,7,Spriggan,Chaos,410,0,101b7ec48bba5c5e5b34fda1316c57bc_feaf0a2e88ff164813fbc9b85876fa48fc0.jpg?1785411781,Crystal,28,4,MCH
Tei Tei,36611700,11,9,Odin,Light,399,0,21c224545e3d3af775a3d377c8e444bf_644311b63b607133c989d7c1188467dafc0.jpg?1785411190,Crystal,27,14,AST
Saboree Catboy,36051653,12,8,Spriggan,Chaos,399,0,b61ec1080d608b5a83f30baef219dc02_feaf0a2e88ff164813fbc9b85876fa48fc0.jpg?1785410367,Crystal,23,0,RDM
Raiden Thorne,27238016,13,18,Zodiark,Light,399,200,96a909af8d24d60f6d8173f8cc16facb_c274370774c6bc3483cc8740805f41bcfc0.jpg?1785412057,Crystal,7,4,PLD
Sweet Light,41777815,14,15,Spriggan,Chaos,302,101,2e6808627bd2b8f0f5f0377d20cbbbc5_feaf0a2e88ff164813fbc9b85876fa48fc0.jpg?1785412690,Crystal,2,1,FSH
Holos Ymir,35299241,15,10,Cerberus,Chaos,297,0,f8029ed36fad032333305dfa455cddec_777c57311d510ca65dac3c1077dee435fc0.jpg?1785413151,Crystal,9,0,BRD
Ciel Melrose,58478493,16,11,Raiden,Light,297,0,2c7b597e2437a00ad9f0fc0439c68531_a370664d98f658f4ed4e620f378f73cdfc0.jpg?1785411227,Crystal,2,0,SAM
Xen Thique,40172078,17,12,Odin,Light,293,0,8930228f4df0c18feea28ebbb1c451f2_644311b63b607133c989d7c1188467dafc0.jpg?1785412375,Crystal,4,0,SGE
Mitsuki Mirai,18435457,18,13,Louisoix,Chaos,287,0,365f1772f387bd280bdbfc16afbd5e4e_0a122616f3718d3f45cab10fd8fc1604fc0.jpg?1785409939,Crystal,3,1,SAM
Shimori Bunihara,35166011,19,14,Raiden,Light,204,0,c44c8fc68c230b1051ec35a527afe9ed_a370664d98f658f4ed4e620f378f73cdfc0.jpg?1785410445,Crystal,16,1,BLM
Brutal Killer,8885117,20,0,Raiden,Light,203,0,30c6a6207c7e93d407784888a7f29c97_a370664d98f658f4ed4e620f378f73cdfc0.jpg?1785412451,Crystal,3,0,WAR
Sice Seven,15008161,21,0,Moogle,Chaos,201,0,23657ac0d29f4bc5667ef1e00cf528f8_d7a9d5f85a29d6278ec1c7adc2c8d242fc0.jpg?1785410802,Crystal,1,0,SGE
Elohim Meth,60682611,22,16,Raiden,Light,200,0,0b14f1751b014118eca06236e1fdf2bf_a370664d98f658f4ed4e620f378f73cdfc0.jpg?1785411053,Crystal,10,0,UNK
Deadrise Mutombo,31730694,23,18,Ragnarok,Chaos,199,0,a382acb94313f23d966dd6d39d909bea_40d57ba713628f3f1ef5ef204b6d76d2fc0.jpg?1785412254,Crystal,4,1,MNK
Marci Sidekick,41408431,23,17,Zodiark,Light,199,0,a9c3b41a05dec1fd191fe80f38009aa5_c274370774c6bc3483cc8740805f41bcfc0.jpg?1785411078,Crystal,4,0,DRG
Prisma Tic,38791879,25,0,Cerberus,Chaos,198,0,5220c35172bb26154c862a6d485e37b8_777c57311d510ca65dac3c1077dee435fc0.jpg?1785410576,Crystal,10,0,AST
Akari Tsuki,31005286,26,0,Louisoix,Chaos,198,0,28e1cfaecfbf911dc3621f5de74642aa_0a122616f3718d3f45cab10fd8fc1604fc0.jpg?1785410813,Crystal,1,0,MNK
Zot To,18725302,27,20,Cerberus,Chaos,196,0,852c16bac4fe7f528a8653c65704e818_777c57311d510ca65dac3c1077dee435fc0.jpg?1785411312,Crystal,1,0,NIN
Tarutella Goldfish,4235488,28,21,Phoenix,Light,194,0,f269741c27ca22c02db955557e7283fa_5047bc596a4bab2dc7f7c120bb22dec5fc0.jpg?1785410237,Crystal,1,0,CUL
Shia Sun,1754600,29,38,Odin,Light,100,100,7550981ba488e5ebe919aa3cb39efbfa_644311b63b607133c989d7c1188467dafc0.jpg?1785411375,Crystal,23,15,WHM
Misora Kaiatsa,25126040,30,0,Moogle,Chaos,100,0,80fa199452585ab77d14128509576300_d7a9d5f85a29d6278ec1c7adc2c8d242fc0.jpg?1785411612,Crystal,20,0,RDM
Based Miqote,46487952,31,22,Twintania,Light,100,0,5e2bb42e554586a20b050b7fd3f88e26_c33f640c0cdd35f7def85b8aa31a0007fc0.jpg?1785412436,Crystal,18,0,UNK
Lybel Alyborias,25836089,32,26,Louisoix,Chaos,100,0,a86b680e6c4e5e23befaaaf535a158de_0a122616f3718d3f45cab10fd8fc1604fc0.jpg?1785411056,Crystal,10,9,GNB
Vai Zol,38270926,33,23,Odin,Light,100,0,2e78b44195db83336b1acbe75927a864_644311b63b607133c989d7c1188467dafc0.jpg?1785410123,Crystal,6,2,RDM
Sunie Mochi,12728791,34,0,Twintania,Light,100,0,4760f9b45bd6f71f83adbd97ab87eae3_c33f640c0cdd35f7def85b8aa31a0007fc0.jpg?1785410966,Crystal,4,0,WAR
Moki Moki,14235486,35,0,Odin,Light,100,0,82d3ef8d03fa7a6ddf4429f15fd296a2_644311b63b607133c989d7c1188467dafc0.jpg?1785410497,Crystal,1,0,WAR
Ase Dora,42603487,36,52,Alpha,Light,0,0,78626e6cf6f07875d5ac9527a5bd0c4d_6132295fcf5570fb8b0a944ef322a598fc0.jpg?1785410121,Diamond,34,22,PLD
Myst Freyja,33906213,36,29,Omega,Chaos,0,0,240b879fd403fc16c04022b6075077ae_39e25ac3d737c46452305eefe324372cfc0.jpg?1785412721,Diamond,34,13,RPR
Fygqhzr Zhgfjhh,49000606,38,27,Phantom,Chaos,0,0,ed46d70a9c354991698a796aac7c462e_f0a43d6e5eea19af337a176e9836acddfc0.jpg?1785411585,Diamond,13,0,GNB
Littlebard Crits,44849524,39,28,Lich,Light,0,0,85155be3d7c3c8936c428085496b1e8d_7206469080400ed57a5373d0a9c55c59fc0.jpg?1785412451,Diamond,9,0,UNK
Tay Talenath,45740169,40,31,Raiden,Light,0,0,b2fa0c7222f7e3ebe117f24a200e11d8_a370664d98f658f4ed4e620f378f73cdfc0.jpg?1785412422,Diamond,45,26,SMN
Sakurane Zero'yuurai,13075529,41,53,Ragnarok,Chaos,0,0,b65369d4b043831749f5fa45d2428e30_40d57ba713628f3f1ef5ef204b6d76d2fc0.jpg?1785412568,Diamond,25,16,ARM
Neo Saladin,60195724,42,45,Alpha,Light,0,0,d61ef205c9700150e78797546d2ac263_6132295fcf5570fb8b0a944ef322a598fc0.jpg?1785412759,Diamond,20,12,BRD
Ul Unhu,9592278,43,172,Phoenix,Light,0,0,d703e404c81140848dbcd200abc4ef7e_5047bc596a4bab2dc7f7c120bb22dec5fc0.jpg?1785410044,Diamond,55,36,DRK
Baka Bao,30345026,44,33,Phantom,Chaos,0,0,57df7efcbcdf8f1aca84c4f1435c36ba_f0a43d6e5eea19af337a176e9836acddfc0.jpg?1785413071,Diamond,16,11,SAM
Isca Mog,32212471,45,0,Zodiark,Light,0,0,e47f3ccc4bd8599193929766ab0abd2c_c274370774c6bc3483cc8740805f41bcfc0.jpg?1785412236,Diamond,8,0,SCH
Leedo Dale,25033597,46,53,Zodiark,Light,0,0,9e122691e98bda2ea6abe86ed7b81a63_c274370774c6bc3483cc8740805f41bcfc0.jpg?1785412197,Diamond,33,24,SCH
Delzor Waka,40194085,47,50,Odin,Light,0,0,bde30c4caff355f65cf9761727b12725_644311b63b607133c989d7c1188467dafc0.jpg?1785412430,Diamond,30,16,VPR
Blunt Man,35300195,48,32,Louisoix,Chaos,0,0,bfddeb1fd8c57b9259f8bb179dd8158b_0a122616f3718d3f45cab10fd8fc1604fc0.jpg?1785411454,Diamond,28,13,SAM
Chise Hatori',9182735,49,44,Ragnarok,Chaos,0,0,236f29f4984f26e6b197da380f104a63_40d57ba713628f3f1ef5ef204b6d76d2fc0.jpg?1785412740,Diamond,23,11,VPR
Two Koma,51508003,50,47,Zodiark,Light,0,0,15a666f8d7bb67401300fae763ce4d32_c274370774c6bc3483cc8740805f41bcfc0.jpg?1785410120,Diamond,13,8,SAM
Leia Leia,61767715,51,97,Twintania,Light,0,0,da1bea022b3ca64e80681b4a30a9d7e1_c33f640c0cdd35f7def85b8aa31a0007fc0.jpg?1785411693,Diamond,53,24,DRG
Memento Mo'ri,1641495,52,40,Ragnarok,Chaos,0,0,86323bce84189061b1d71ff1dc25266a_40d57ba713628f3f1ef5ef204b6d76d2fc0.jpg?1785409762,Diamond,22,11,FSH
Yuumi Fish,25707217,53,59,Cerberus,Chaos,0,0,1a7ebbda26c28eb61f262b9fb37e8c6e_777c57311d510ca65dac3c1077dee435fc0.jpg?1785412525,Diamond,13,3,SMN
Spannah Banana,26233821,54,34,Spriggan,Chaos,0,0,982829c9c509b90f9e17b94711c775dd_feaf0a2e88ff164813fbc9b85876fa48fc0.jpg?1785412649,Diamond,12,0,RDM
Erion Hein,39135014,55,35,Twintania,Light,0,0,ba6bc1e1e70e5f3402d91ecfcf7d01e8_c33f640c0cdd35f7def85b8aa31a0007fc0.jpg?1785411045,Diamond,10,3,CRP
Selin Naari,16360751,56,36,Cerberus,Chaos,0,0,fb2c3681e2cb33bdcd7894d5aad0b9ec_777c57311d510ca65dac3c1077dee435fc0.jpg?1785413206,Diamond,5,0,SMN
Remes Yveltar,21757305,57,37,Odin,Light,0,0,20b9e744e2190850310da72ffaf5c5d4_644311b63b607133c989d7c1188467dafc0.jpg?1785411130,Diamond,24,10,VPR
A'dyalani Sato,10026278,58,60,Odin,Light,0,0,d072994a22af88090aecf6e5a3b85c36_644311b63b607133c989d7c1188467dafc0.jpg?1785411717,Diamond,20,12,WHM
Lhei Tayun,25191408,59,63,Zodiark,Light,0,0,6ee93960f16da0ea5150fe1b7590dfa4_c274370774c6bc3483cc8740805f41bcfc0.jpg?1785412571,Diamond,14,12,BLM
Resilla Frostflow,14658770,60,56,Cerberus,Chaos,0,0,00a4e6250beb98b5644c87cffe8b7f4f_777c57311d510ca65dac3c1077dee435fc0.jpg?1785412066,Diamond,12,10,WHM
Sal Ren,40787945,61,38,Phoenix,Light,0,0,9613f7a8c0a759977b8a3fe787fed7e0_5047bc596a4bab2dc7f7c120bb22dec5fc0.jpg?1785412426,Diamond,8,0,SAM
Vanilla Blossom,41496807,62,43,Moogle,Chaos,0,0,b0e7d1b464d155d8791692fe2e47299d_d7a9d5f85a29d6278ec1c7adc2c8d242fc0.jpg?1785409847,Diamond,7,3,PLD
Meryll Enetari,24681550,63,49,Cerberus,Chaos,0,0,f4fe16c70d7023e2101e19421c5abf1e_777c57311d510ca65dac3c1077dee435fc0.jpg?1785410724,Diamond,38,23,DNC
Brian Ricardo,23607238,64,58,Zodiark,Light,0,0,9c9d045f5f22c579ce5c24faa2b9b303_c274370774c6bc3483cc8740805f41bcfc0.jpg?1785410695,Diamond,32,21,SGE
Renna Vorak,25421061,65,41,Raiden,Light,0,0,c2dc94bad32c136ebcdcb42ec56ba1c3_a370664d98f658f4ed4e620f378f73cdfc0.jpg?1785410843,Diamond,10,1,WAR
Lina Sunstar,52075433,66,0,Spriggan,Chaos,0,0,d60c4576e74acfcd0ed77a6ea5d48800_feaf0a2e88ff164813fbc9b85876fa48fc0.jpg?1785412306,Diamond,9,0,WHM
Glyceri Chosuti,30338174,67,42,Moogle,Chaos,0,0,6d93c9241424e92e6f0351d35d8b6eaa_d7a9d5f85a29d6278ec1c7adc2c8d242fc0.jpg?1785410821,Diamond,8,0,DNC
Pat Olehouse,17156873,68,46,Lich,Light,0,0,54c944c62ef7bd68e95a2a558d856482_7206469080400ed57a5373d0a9c55c59fc0.jpg?1785411521,Diamond,19,12,SCH
Sheidyn Windsor,30282791,69,63,Omega,Chaos,0,0,e3eaa192d0e2b6192580f940474cd0b5_39e25ac3d737c46452305eefe324372cfc0.jpg?1785411212,Diamond,9,7,SAM
Madelynn Veil,49771412,70,0,Omega,Chaos,0,0,92f91d9225bb816c6562fb117814681e_39e25ac3d737c46452305eefe324372cfc0.jpg?1785409971,Diamond,7,0,NIN
Farnese Shieldmaiden,24419493,71,47,Cerberus,Chaos,0,0,dcec016c4a6cd9a2bd3a2b73183f5a65_777c57311d510ca65dac3c1077dee435fc0.jpg?1785410895,Diamond,5,0,PLD
Haki Haki,8290724,71,0,Ragnarok,Chaos,0,0,3fc43df6da1c629c59b5cdae63dee7a7_40d57ba713628f3f1ef5ef204b6d76d2fc0.jpg?1785411368,Diamond,5,0,SMN
Kihn Shirudo,43951482,71,0,Spriggan,Chaos,0,0,2e619166d10daa6082c54563a5af17ff_feaf0a2e88ff164813fbc9b85876fa48fc0.jpg?1785413090,Diamond,5,0,DRK
Magidolce Magileine,39132419,74,0,Twintania,Light,0,0,088bd05d5a98251023ecb7e28a638b68_c33f640c0cdd35f7def85b8aa31a0007fc0.jpg?1785411787,Diamond,4,0,RDM
Cipher Strife,7955322,75,0,Ragnarok,Chaos,0,0,fd0f2644fe22871d381e6bae8798c484_40d57ba713628f3f1ef5ef204b6d76d2fc0.jpg?1785410068,Diamond,3,0,GNB
Smoothie Sour,42056621,75,0,Zodiark,Light,0,0,247388cdfc4db1451cf9df83cce7b3a1_c274370774c6bc3483cc8740805f41bcfc0.jpg?1785413170,Diamond,3,0,WAR
Staz Hellcat,8016319,77,50,Cerberus,Chaos,0,0,c7e860ceda35e35e41bca47bf02624be_777c57311d510ca65dac3c1077dee435fc0.jpg?1785413005,Diamond,32,18,DRK
Victoria Nyala,43751055,78,80,Phoenix,Light,0,0,d41ca298e2f03ee2273aca61640ebce0_5047bc596a4bab2dc7f7c120bb22dec5fc0.jpg?1785413136,Diamond,14,8,WAR
Mina Ha,50543888,79,68,Raiden,Light,0,0,712f53c2b6ed3bc9fa9cc0b0b60a16d7_a370664d98f658f4ed4e620f378f73cdfc0.jpg?1785411071,Diamond,11,1,PCT
Lawr Hawk,28248881,80,0,Odin,Light,0,0,e241b26df61ea0e201b637a7ae6c4cd4_644311b63b607133c989d7c1188467dafc0.jpg?1785412597,Diamond,6,0,PLD
Sin Mirrorslave,43994621,81,55,Raiden,Light,0,0,3f8e3345c252d3f9b50e27c481f91100_a370664d98f658f4ed4e620f378f73cdfc0.jpg?1785410747,Diamond,5,0,UNK
Maru Tani,58799026,82,56,Alpha,Light,0,0,b632027978294d1f77f2347d48fc3704_6132295fcf5570fb8b0a944ef322a598fc0.jpg?1785410710,Diamond,2,0,SCH
Zecht Bradamant,31785474,82,0,Omega,Chaos,0,0,b0b8438e6682f2931a1a930121d0ab43_39e25ac3d737c46452305eefe324372cfc0.jpg?1785410526,Diamond,2,0,GNB
Diggoo Jumalxtenlavis,21389976,84,0,Zodiark,Light,0,0,ae5b9d280ccfc178e7b74cd839ec5e43_c274370774c6bc3483cc8740805f41bcfc0.jpg?1785409843,Diamond,12,0,WAR
Kai Usami,51704875,84,73,Raiden,Light,0,0,de98603cf09d40c4587c720f86e73817_a370664d98f658f4ed4e620f378f73cdfc0.jpg?1785411437,Diamond,12,11,UNK
Nemesis Sol,49622209,84,61,Shiva,Light,0,0,1bcb80e23a56918c49abb6d50ef563af_3fbff0e6b620e4d259dc427abc6574dafc0.jpg?1785410622,Diamond,12,8,AST
Melili Nalili,60720700,87,79,Twintania,Light,0,0,24a7b96fbc052a40de9c6f7809fe72fe_c33f640c0cdd35f7def85b8aa31a0007fc0.jpg?1785410132,Diamond,9,1,MCH
Lolorei Lalarei,3686155,88,75,Omega,Chaos,0,0,da6ff12e4effc4cbacfe1b954f1c3bf5_39e25ac3d737c46452305eefe324372cfc0.jpg?1785410935,Diamond,7,7,WHM
Aris Oz,41983172,89,73,Zodiark,Light,0,0,abbd4cf51609bf59977c5b4850c4c351_c274370774c6bc3483cc8740805f41bcfc0.jpg?1785410042,Diamond,6,5,WAR
Bing Bing,50857849,90,65,Odin,Light,0,0,1a2b77cf04680b9bfe1c19f07f9f1f44_644311b63b607133c989d7c1188467dafc0.jpg?1785410622,Diamond,5,4,MCH
Wimp Lo,37793632,91,0,Zodiark,Light,0,0,45ed053d252c3a44eabe55329426aa37_c274370774c6bc3483cc8740805f41bcfc0.jpg?1785411043,Diamond,4,0,SGE
Xiex Xie,40733160,92,62,Zodiark,Light,0,0,f253e0943a65dac103a6dfd764a01f52_c274370774c6bc3483cc8740805f41bcfc0.jpg?1785412252,Diamond,3,0,MIN
Brindacier Alomon,26055030,93,65,Phoenix,Light,0,0,fbefc8262b34e93b398aa2dde0c2e4b8_5047bc596a4bab2dc7f7c120bb22dec5fc0.jpg?1785409987,Diamond,1,0,GNB
Roy Dimgao,29524655,93,65,Omega,Chaos,0,0,320af7149c63c337e5826c2c2cc1bf37_39e25ac3d737c46452305eefe324372cfc0.jpg?1785411144,Diamond,1,0,WHM
Maggot Maggot,61703768,95,78,Omega,Chaos,0,0,3657d57f4a20a5d901d7f4537f1b7307_39e25ac3d737c46452305eefe324372cfc0.jpg?1785410179,Diamond,52,9,WAR
Lsi Lsi,47353875,96,110,Lich,Light,0,0,792b3235fe2fbd35d956e856c210194f_7206469080400ed57a5373d0a9c55c59fc0.jpg?1785410307,Diamond,37,17,PCT
Nana Usui,34696904,97,124,Moogle,Chaos,0,0,abd9e807ccb2486ea89e3deab9cc56d2_d7a9d5f85a29d6278ec1c7adc2c8d242fc0.jpg?1785411525,Diamond,23,16,WHM
Feral Jorex,21749898,98,70,Odin,Light,0,0,f9027c778862384a6ae4224efd2fe7c3_644311b63b607133c989d7c1188467dafc0.jpg?1785412920,Diamond,6,4,WAR
Uraraka Lunae,19968499,99,0,Louisoix,Chaos,0,0,87178981b631653f4905b195c6c49583_0a122616f3718d3f45cab10fd8fc1604fc0.jpg?1785410180,Diamond,5,0,DRG
Doctor Zoidberg,9214410,100,69,Cerberus,Chaos,0,0,40bc630c90e57d0ca265dd7fc809d5c8_777c57311d510ca65dac3c1077dee435fc0.jpg?1785411656,Diamond,3,0,SMN
Guimiko Miko,54285624,100,0,Moogle,Chaos,0,0,610c37aeb64c6149d7c6d5ea93a8114e_d7a9d5f85a29d6278ec1c7adc2c8d242fc0.jpg?1785412783,Diamond,3,0,WAR
Baby Starz,27999014,102,70,Omega,Chaos,0,0,e8cb7daea22ff306dcc9397ecad5a4a2_39e25ac3d737c46452305eefe324372cfc0.jpg?1785410712,Diamond,2,0,DRG
Kimbi Aoe,24693270,102,70,Shiva,Light,0,0,67e0ddfb70faf5725a971d086cfdce61_3fbff0e6b620e4d259dc427abc6574dafc0.jpg?1785411918,Diamond,2,0,PCT
Death Fury,9386074,104,0,Ragnarok,Chaos,0,0,f334633b7adb1af69b68d26c3dc12e81_40d57ba713628f3f1ef5ef204b6d76d2fc0.jpg?1785410297,Diamond,0,0,DRK
Decha Kirk,32806624,104,75,Moogle,Chaos,0,0,e50b415f85b832de8463247f434991ce_d7a9d5f85a29d6278ec1c7adc2c8d242fc0.jpg?1785410230,Diamond,0,0,BLM
Illyrion Akatsuki,56186869,104,0,Odin,Light,0,0,b36972ee34bfd25f82ce348b32b6f5da_644311b63b607133c989d7c1188467dafc0.jpg?1785411384,Diamond,0,0,VPR
Izuma Knox,48747330,104,75,Spriggan,Chaos,0,0,e4ecfd700fe3f6df45f6409e46a09d8b_feaf0a2e88ff164813fbc9b85876fa48fc0.jpg?1785410346,Diamond,0,0,SGE
Yoe Lleufyn,28631681,104,0,Phoenix,Light,0,0,9584dd8fac44ba749b0855105a0e29e9_5047bc596a4bab2dc7f7c120bb22dec5fc0.jpg?1785410800,Diamond,0,0,PCT
Yuripa Arashi,37731658,104,0,Shiva,Light,0,0,73ff0d0b3cc5f92ec79dabffa2bedf80_3fbff0e6b620e4d259dc427abc6574dafc0.jpg?1785411787,Diamond,0,0,RDM
Zoera Rinn,47442640,104,0,Alpha,Light,0,0,1a8a49a922d7b9ede1f40d3e59c5b86f_6132295fcf5570fb8b0a944ef322a598fc0.jpg?1785410829,Diamond,0,0,GNB
Pattinger Kersel,8183392,111,0,Raiden,Light,0,0,4fec5839fc0fc0bba3a80fc4e1910660_a370664d98f658f4ed4e620f378f73cdfc0.jpg?1785412343,Platinum,13,0,WAR
Bagel Egg,18929023,112,0,Omega,Chaos,0,0,f655117235b1c0d199ca39849579a631_39e25ac3d737c46452305eefe324372cfc0.jpg?1785410582,Platinum,6,0,PLD
Akurei Amotanius,36595921,113,81,Odin,Light,0,0,ca5d9f24b62995e3bcb5d25cc576fc70_644311b63b607133c989d7c1188467dafc0.jpg?1785411955,Platinum,5,4,MNK
Mono Lith,59519255,114,88,Omega,Chaos,0,0,2d12a270aa7b3b097c78dcc93127e881_39e25ac3d737c46452305eefe324372cfc0.jpg?1785411856,Platinum,15,14,RDM
C'rhun Tia,59338588,115,0,Spriggan,Chaos,0,0,b2ff4ed07ded26f7b90db369f6c22e10_feaf0a2e88ff164813fbc9b85876fa48fc0.jpg?1785410011,Platinum,1,0,BLM
Princess Emi,5884527,116,82,Twintania,Light,0,0,4ab2080550ab1fb15ca76fbfe8e8d512_c33f640c0cdd35f7def85b8aa31a0007fc0.jpg?1785410179,Platinum,20,12,VPR
Athena Olympe,44680885,117,98,Sagittarius,Chaos,0,0,7e7afe9e9cebc29cee3220c1e0530540_44ca0844398b2d010d8cd4a31ddb023dfc0.jpg?1785412493,Platinum,15,7,BLM
Ark Kekko,50821807,118,83,Omega,Chaos,0,0,b81b1c241e98f7a5f9b9c81665be1243_39e25ac3d737c46452305eefe324372cfc0.jpg?1785410864,Platinum,9,5,SGE
Gaspard Deguingoix,11032081,119,0,Moogle,Chaos,0,0,b9283e6a6be9cd219ee0afea98546775_d7a9d5f85a29d6278ec1c7adc2c8d242fc0.jpg?1785412693,Platinum,2,0,BRD
Airi Rhitik,2286171,120,0,Moogle,Chaos,0,0,0e7c747879926e0f575c8444323c478f_d7a9d5f85a29d6278ec1c7adc2c8d242fc0.jpg?1785412524,Platinum,7,0,WHM
Alex Rider,15112833,121,120,Alpha,Light,0,0,3c32a1d9439fd94359ee9df8b368df94_6132295fcf5570fb8b0a944ef322a598fc0.jpg?1785411656,Platinum,6,4,SMN
Veritan Indaerus,21877909,122,84,Odin,Light,0,0,978a128ddf080c55e3afc742274d0c9f_644311b63b607133c989d7c1188467dafc0.jpg?1785412161,Platinum,2,0,SMN
Arienai Nashi,47596567,123,138,Zodiark,Light,0,0,ccbc05e41375849179a5f554d78d7ae1_c274370774c6bc3483cc8740805f41bcfc0.jpg?1785410904,Platinum,81,36,SGE
Merily Marlin,52216084,124,145,Louisoix,Chaos,0,0,1b485637d5f1df89d363a45b95cba49c_0a122616f3718d3f45cab10fd8fc1604fc0.jpg?1785412510,Platinum,51,21,RDM
Yasuki San,61688064,125,109,Phantom,Chaos,0,0,37dbf9b8936faaf9c75f598c38dcac11_f0a43d6e5eea19af337a176e9836acddfc0.jpg?1785411121,Platinum,35,7,UNK
Steph Annie,28876458,126,85,Lich,Light,0,0,753eeef7260d5b48fedb9d189d2b51ca_7206469080400ed57a5373d0a9c55c59fc0.jpg?1785411950,Platinum,13,3,PLD
T'syl Mitnu,35875855,127,94,Twintania,Light,0,0,20f1860def433fa504db9aefe1d56299_c33f640c0cdd35f7def85b8aa31a0007fc0.jpg?1785410580,Platinum,4,3,MNK
Sevii Ives,32840233,128,86,Spriggan,Chaos,0,0,53517e20a979543039424f8ff9a605ad_feaf0a2e88ff164813fbc9b85876fa48fc0.jpg?1785410901,Platinum,0,0,PCT
Garik Slambert,60482352,129,121,Phoenix,Light,0,0,db0a037687194ebf4febd49e14005a66_5047bc596a4bab2dc7f7c120bb22dec5fc0.jpg?1785410340,Platinum,33,9,BTN
Lu Mi,47806406,130,117,Raiden,Light,0,0,c8d19bad38e9523a4db779b2bf514973_a370664d98f658f4ed4e620f378f73cdfc0.jpg?1785410260,Platinum,10,7,WHM
Lise-hoi Pipeloi,29719212,131,0,Cerberus,Chaos,0,0,57c5498cda4f5b24c975d5c6ad1dad53_777c57311d510ca65dac3c1077dee435fc0.jpg?1785409913,Platinum,7,0,GNB
Keraunos Greywolfe,31183458,132,184,Alpha,Light,0,0,3431088cd9f33e5f20e30162c35286fd_6132295fcf5570fb8b0a944ef322a598fc0.jpg?1785411635,Platinum,63,34,BRD
Hex Me,33474528,133,163,Twintania,Light,0,0,9a101efdb226e330a61a1c1d4f73a726_c33f640c0cdd35f7def85b8aa31a0007fc0.jpg?1785411124,Platinum,22,10,MCH
Rei Morow,28187368,134,88,Raiden,Light,0,0,3f9c2b5b08b9fdb4c7d188d33979cea6_a370664d98f658f4ed4e620f378f73cdfc0.jpg?1785409864,Platinum,5,4,UNK
Libitina Incarne,53924694,135,87,Phantom,Chaos,0,0,43b10121c131b468c3e5c5fe3569ab0e_f0a43d6e5eea19af337a176e9836acddfc0.jpg?1785411831,Platinum,1,0,MCH
Khorasan Ataraxia,47289604,136,122,Shiva,Light,0,0,721a6c9c723209b16696818df4cf0c93_3fbff0e6b620e4d259dc427abc6574dafc0.jpg?1785410799,Platinum,30,13,UNK
Saki Aiko,58256956,137,0,Zodiark,Light,0,0,f65bf40d95342ebe3141def95c5232bc_c274370774c6bc3483cc8740805f41bcfc0.jpg?1785410269,Platinum,17,0,WHM
Dundee Nic'hpisfa,35976824,138,0,Odin,Light,0,0,8eda92b5ce2e258786d149b7cb349e09_644311b63b607133c989d7c1188467dafc0.jpg?1785412689,Platinum,10,0,SGE
Rei Dassario,24597443,139,0,Raiden,Light,0,0,a51ce0a687a31ff3b67287e80ea30aed_a370664d98f658f4ed4e620f378f73cdfc0.jpg?1785410585,Platinum,4,0,VPR
Astinus Zivlyne,4289243,140,0,Shiva,Light,0,0,1d876b5e49c40cda49b1b7afdd305d4d_3fbff0e6b620e4d259dc427abc6574dafc0.jpg?1785411769,Platinum,1,0,SMN
Evvie Hwyi,60349732,141,0,Phantom,Chaos,0,0,d4ebfd0621314af6eaf4a106071ff400_f0a43d6e5eea19af337a176e9836acddfc0.jpg?1785412494,Platinum,0,0,PLD
Frankie Urien,32323176,142,108,Odin,Light,0,0,ffae33588fe71f102672b7defdb50a30_644311b63b607133c989d7c1188467dafc0.jpg?1785412107,Platinum,37,7,WHM
Skillpade Skyr,37019657,143,0,Lich,Light,0,0,e520a31662bd7030c96e4951a4f2d301_7206469080400ed57a5373d0a9c55c59fc0.jpg?1785412905,Platinum,32,0,DRK
Byebye Beautiful,43257006,144,249,Alpha,Light,0,0,2695c54f089ec16e27afa21f57922d73_6132295fcf5570fb8b0a944ef322a598fc0.jpg?1785412887,Platinum,36,30,WHM
Skadi Eisenfuchs,38610374,145,90,Lich,Light,0,0,da2e0ae75ad34a6461f407787a0c95d0_7206469080400ed57a5373d0a9c55c59fc0.jpg?1785413030,Platinum,24,0,SGE
Tenma Death'bringer,54374029,146,136,Louisoix,Chaos,0,0,64bae8fc59f9af667315793ed47e18c5_0a122616f3718d3f45cab10fd8fc1604fc0.jpg?1785412987,Platinum,23,20,SMN
Subu Miyamoto,33153388,147,0,Phoenix,Light,0,0,247515b8dba3951fe67b91c270d4e745_5047bc596a4bab2dc7f7c120bb22dec5fc0.jpg?1785411568,Platinum,14,0,GNB
Vermilion Rose,4596210,148,131,Phantom,Chaos,0,0,6eeb39ac8e979b57130040ff257bf772_f0a43d6e5eea19af337a176e9836acddfc0.jpg?1785410846,Platinum,12,11,PLD
Zanzas Olta,23438927,149,101,Alpha,Light,0,0,7776729f1bc0f0c25a713fde32b1292f_6132295fcf5570fb8b0a944ef322a598fc0.jpg?1785412111,Platinum,9,6,PLD
General Aardvark,48423100,150,102,Twintania,Light,0,0,cf88029724167c1d18ed8c536a862900_c33f640c0cdd35f7def85b8aa31a0007fc0.jpg?1785413167,Platinum,5,5,WAR
Serphe Dot,52263876,151,91,Moogle,Chaos,0,0,9650655e67fd2c317b6785da99b8da48_d7a9d5f85a29d6278ec1c7adc2c8d242fc0.jpg?1785410592,Platinum,3,0,DRK
Edgy Maincharacter,34503685,152,94,Omega,Chaos,0,0,bdffb22602f572e2ef683a1f09207b77_39e25ac3d737c46452305eefe324372cfc0.jpg?1785410438,Platinum,2,1,SAM
Hope Carmine,31931991,152,92,Odin,Light,0,0,4d5e5c176cb534aaf44e67236bf6c171_644311b63b607133c989d7c1188467dafc0.jpg?1785412579,Platinum,2,0,RDM
Nicco Sushi,42846008,152,102,Alpha,Light,0,0,ffcb0ee6f92ba9224ade0ee2b0e9917b_6132295fcf5570fb8b0a944ef322a598fc0.jpg?1785412360,Platinum,2,2,SAM
Seraban Mistodisushi,25116690,152,92,Omega,Chaos,0,0,9ab6f5d4307a747e8378402c6070b2a7_39e25ac3d737c46452305eefe324372cfc0.jpg?1785411491,Platinum,2,0,UNK
Bigbread Crumbs,61687913,156,96,Zodiark,Light,0,0,77161e6a73b6cf1a75740a7d942ac7ad_c274370774c6bc3483cc8740805f41bcfc0.jpg?1785411884,Platinum,35,0,UNK
Kiara Anima,33528154,157,207,Raiden,Light,0,0,f1bb383b8594f615718c3d7f602fc10c_a370664d98f658f4ed4e620f378f73cdfc0.jpg?1785411144,Platinum,34,27,VPR
Sahamaru Kamijo,13566032,158,237,Lich,Light,0,0,ab5bb27991a2037ddd8e8b0aef304406_7206469080400ed57a5373d0a9c55c59fc0.jpg?1785411742,Platinum,27,20,MCH
Wieg Wiggles,35061622,158,192,Lich,Light,0,0,61256a3e6c4f0c3dcc05469f5550d102_7206469080400ed57a5373d0a9c55c59fc0.jpg?1785411761,Platinum,27,11,DRK
Daemon Doh'ra,26767946,160,0,Twintania,Light,0,0,06492181a7ceadd34fa55d580e97a909_c33f640c0cdd35f7def85b8aa31a0007fc0.jpg?1785412068,Platinum,11,0,WHM
Rain Nox,60193350,160,125,Lich,Light,0,0,c063b7c34350713be1ce7beabd8e946e_7206469080400ed57a5373d0a9c55c59fc0.jpg?1785412697,Platinum,11,7,SGE
Epiphany Eruyt,23090429,162,117,Lich,Light,0,0,eff479ee1ea70675f2380b47f87b2c8e_7206469080400ed57a5373d0a9c55c59fc0.jpg?1785411875,Platinum,10,7,AST
Eden Sight,26795634,163,99,Zodiark,Light,0,0,0082848ea437238b52e2fc002e546579_c274370774c6bc3483cc8740805f41bcfc0.jpg?1785409945,Platinum,7,0,DRG
Protos Heis,34597162,163,99,Spriggan,Chaos,0,0,1227bb2a621e4455479d060e840ff145_feaf0a2e88ff164813fbc9b85876fa48fc0.jpg?1785410599,Platinum,7,0,MCH
Damnae Faryan,11563557,165,102,Lich,Light,0,0,40252782d0c0214e28fdc5ecc817dae0_7206469080400ed57a5373d0a9c55c59fc0.jpg?1785410859,Platinum,2,2,SMN
Mystletainn Nadir,24684133,166,0,Cerberus,Chaos,0,0,faf29f764d2cf7afaab509b1a316c5d1_777c57311d510ca65dac3c1077dee435fc0.jpg?1785412822,Platinum,1,0,PLD
Blankit Memezan,30259447,167,102,Louisoix,Chaos,0,0,a31367a61ab25517de6c4da4a6f8c225_0a122616f3718d3f45cab10fd8fc1604fc0.jpg?1785411520,Platinum,0,0,BLM
Kitty Purr,35221239,167,0,Zodiark,Light,0,0,5255b02c0e30309529735d2aa66456c5_c274370774c6bc3483cc8740805f41bcfc0.jpg?1785412483,Platinum,0,0,WHM
Schnurrsula Fluff,51217383,167,102,Alpha,Light,0,0,019cbc646bd2ecbd421e42d0b6d98585_6132295fcf5570fb8b0a944ef322a598fc0.jpg?1785412882,Platinum,0,0,UNK
Ye Jin,49057312,167,102,Alpha,Light,0,0,c230435310db6e112e461dbdcafe4cf0_6132295fcf5570fb8b0a944ef322a598fc0.jpg?1785409888,Platinum,0,0,UNK
Acacia Strain,43137076,171,142,Raiden,Light,0,0,8678948c8fea34b563980d4a6da37e32_a370664d98f658f4ed4e620f378f73cdfc0.jpg?1785410119,Gold,55,35,SMN
Neddard Bronzal,58358802,172,155,Cerberus,Chaos,0,0,e264c83d09cf8875716ac17d1287ab31_777c57311d510ca65dac3c1077dee435fc0.jpg?1785413050,Gold,44,40,VPR
Zanaki Shimoku,13934933,173,160,Odin,Light,0,0,8b858b5f040e0a16fb17c23034d051e4_644311b63b607133c989d7c1188467dafc0.jpg?1785412832,Gold,41,19,BLM
Arenne Cine,24108313,174,111,Zodiark,Light,0,0,b2833a2b4e618072a6309f375128e34b_c274370774c6bc3483cc8740805f41bcfc0.jpg?1785413045,Gold,19,0,PLD
Reina Hibiki,11880322,175,112,Odin,Light,0,0,24a12bd68a664065816c9f10a696955c_644311b63b607133c989d7c1188467dafc0.jpg?1785413223,Gold,18,6,RPR
Calamity Hellfire,19991596,176,114,Alpha,Light,0,0,42b5f3e913fb3a618bbefaf561c46d0c_6132295fcf5570fb8b0a944ef322a598fc0.jpg?1785410595,Gold,13,7,DRG
Caragai Avagnar,12684852,177,112,Phoenix,Light,0,0,7b337c4d27b7d61d5bde4f5c6b8f951c_5047bc596a4bab2dc7f7c120bb22dec5fc0.jpg?1785413148,Gold,12,0,GNB
Ossim Numine,26339671,177,115,Spriggan,Chaos,0,0,c5d164dd5b0090daf2749023d8296214_feaf0a2e88ff164813fbc9b85876fa48fc0.jpg?1785413226,Gold,12,7,RPR
Rave Bae,47220633,179,115,Alpha,Light,0,0,e640b0d43fa0078b032cbecc50b4e94c_6132295fcf5570fb8b0a944ef322a598fc0.jpg?1785411004,Gold,5,0,BRD
Cara Mella,24729581,180,117,Alpha,Light,0,0,3a4b927e3270b8b19f71653beb22ff8a_6132295fcf5570fb8b0a944ef322a598fc0.jpg?1785412197,Gold,3,0,WHM
Erika Avellana,45153856,181,139,Alpha,Light,0,0,d52954932b2c20e3d303cb8cf101f3eb_6132295fcf5570fb8b0a944ef322a598fc0.jpg?1785413109,Gold,63,35,MCH
Nera Hollow,31238652,182,123,Moogle,Chaos,0,0,6e5617df0ecba0976711462e9597a03f_d7a9d5f85a29d6278ec1c7adc2c8d242fc0.jpg?1785412900,Gold,10,0,RDM
Elena Misko,59221160,183,126,Alpha,Light,0,0,78414ef4216d7893ff3827d9de7f28b9_6132295fcf5570fb8b0a944ef322a598fc0.jpg?1785413301,Gold,2,0,UNK
Sayri Asumi,5211655,184,127,Shiva,Light,0,0,c55f223c6e05062c8fa5856152540682_3fbff0e6b620e4d259dc427abc6574dafc0.jpg?1785410451,Gold,1,0,SCH
Crystalia Aguilau'ra,51094995,185,161,Phantom,Chaos,0,0,e8e576c74bb3b06299949b7258aa8c6b_f0a43d6e5eea19af337a176e9836acddfc0.jpg?1785412407,Gold,84,39,UNK
Perhaps Mayhaps,37474425,186,129,Twintania,Light,0,0,cebf8c69029dd630783bec1aab9868e1_c33f640c0cdd35f7def85b8aa31a0007fc0.jpg?1785411149,Gold,25,22,SAM
Murami Rami,53497913,187,128,Spriggan,Chaos,0,0,ac8505d7081a771d1d5d288a8bb41cf2_feaf0a2e88ff164813fbc9b85876fa48fc0.jpg?1785409995,Gold,17,1,SMN
Whimsy Soul,25726202,187,0,Louisoix,Chaos,0,0,5b449a4a75c9b2cfb347808e4f957449_0a122616f3718d3f45cab10fd8fc1604fc0.jpg?1785410310,Gold,17,0,DNC
Fig Bish,51129428,189,129,Sagittarius,Chaos,0,0,c71837c3e35206da4d22e995b7cfad54_44ca0844398b2d010d8cd4a31ddb023dfc0.jpg?1785413286,Gold,7,4,PCT
Jinu Saja,37557023,189,0,Louisoix,Chaos,0,0,ed18601452ec3c3b1def16f37ba89988_0a122616f3718d3f45cab10fd8fc1604fc0.jpg?1785411971,Gold,7,0,UNK
Dayn Ayawyn,10132044,191,0,Ragnarok,Chaos,0,0,10fbfcbfba7fb1511a29eb04debda8fc_40d57ba713628f3f1ef5ef204b6d76d2fc0.jpg?1785412202,Gold,4,0,SMN
Nimui Moonmoon,32082532,191,0,Zodiark,Light,0,0,a6776c984edc3822827a0f3afed86b18_c274370774c6bc3483cc8740805f41bcfc0.jpg?1785412508,Gold,4,0,BRD
Teemo Grindvior,2770258,193,0,Ragnarok,Chaos,0,0,5278a534299ab25701c1bd34423d730e_40d57ba713628f3f1ef5ef204b6d76d2fc0.jpg?1785413060,Gold,3,0,DRG
Tadamoki Avalon,38498676,194,131,Odin,Light,0,0,d3ca6216ae79c77e9925b298de51ce1e_644311b63b607133c989d7c1188467dafc0.jpg?1785410440,Gold,2,1,NIN
Gio Genova,35750784,195,131,Spriggan,Chaos,0,0,544f6c035e2e2930c88366a671634ecb_feaf0a2e88ff164813fbc9b85876fa48fc0.jpg?1785409757,Gold,1,0,MCH
Mowgar Nightslade,40238415,196,134,Shiva,Light,0,0,caf06ef1481275eaf26d0edc97985aa1_3fbff0e6b620e4d259dc427abc6574dafc0.jpg?1785412346,Gold,21,0,WHM
Vesper Lux,39986527,197,135,Phoenix,Light,0,0,3ffa8cf173ca00c6bd21dc61c1a7850f_5047bc596a4bab2dc7f7c120bb22dec5fc0.jpg?1785411465,Gold,18,10,RDM
Lyhna Maesya,18373657,198,0,Omega,Chaos,0,0,ff72e2a49e3fab7e6316b64f1cf77334_39e25ac3d737c46452305eefe324372cfc0.jpg?1785410915,Gold,3,0,DRK
Suo Yue,16803520,199,0,Lich,Light,0,0,6f55794eac84fc109c1082e4a3a9410f_7206469080400ed57a5373d0a9c55c59fc0.jpg?1785411069,Gold,22,0,NIN
Kin Battle,306592,200,0,Phantom,Chaos,0,0,9bb441969329b440c86d63d3906c0e59_f0a43d6e5eea19af337a176e9836acddfc0.jpg?1785410732,Gold,16,0,UNK
Runa Hirose,42276879,201,141,Spriggan,Chaos,0,0,82f21bb31b18b6f717ac0c5ec6d93de1_feaf0a2e88ff164813fbc9b85876fa48fc0.jpg?1785410696,Gold,12,6,DRG
Shiro Astar,28391543,202,137,Lich,Light,0,0,3a202deb3fd3b50aaa118b30018d8d6e_7206469080400ed57a5373d0a9c55c59fc0.jpg?1785411318,Gold,11,6,BLM
Yinwea Levai,36476322,203,154,Shiva,Light,0,0,944bf3a8e93fcc8f15f3f521462d11b5_3fbff0e6b620e4d259dc427abc6574dafc0.jpg?1785410439,Gold,49,26,MCH
Arokh Belmont,11857777,204,153,Lich,Light,0,0,30aecf92630f3cecec4e116666981198_7206469080400ed57a5373d0a9c55c59fc0.jpg?1785411939,Gold,17,17,DRK
Mimi Skykru,33956705,205,174,Phoenix,Light,0,0,5c8b2e44de3760f515d4623b4056e983_5047bc596a4bab2dc7f7c120bb22dec5fc0.jpg?1785411548,Gold,33,20,FSH
Everard Woodrow,26140913,206,140,Shiva,Light,0,0,babebdcffb2810238b0f7cd2e3701f76_3fbff0e6b620e4d259dc427abc6574dafc0.jpg?1785413250,Gold,22,0,SGE
Kai Weaver,59504701,207,0,Cerberus,Chaos,0,0,f3598c7f1d9880e593c1f5f6cd04a2cd_777c57311d510ca65dac3c1077dee435fc0.jpg?1785410372,Gold,14,0,NIN
R'ylie Chenshi,26778511,208,0,Cerberus,Chaos,0,0,39c5f15084d5126f1e3d46d46fad5e90_777c57311d510ca65dac3c1077dee435fc0.jpg?1785412602,Gold,4,0,MCH
Isaac Wift,47836273,209,190,Raiden,Light,0,0,01f1ce8d1d1d62aacd4244efb8a1a7ed_a370664d98f658f4ed4e620f378f73cdfc0.jpg?1785409974,Gold,21,8,PLD
Tuhot Forju,22357371,209,256,Twintania,Light,0,0,a116bea996b9b2d133346a1729b072d1_c33f640c0cdd35f7def85b8aa31a0007fc0.jpg?1785410777,Gold,21,13,FSH
Wilson D'ball,48646138,209,157,Phantom,Chaos,0,0,c7a54b3f5006e7e5afdef2d9e10421ad_f0a43d6e5eea19af337a176e9836acddfc0.jpg?1785409780,Gold,21,6,SMN
Charon Tesar,2860491,212,144,Shiva,Light,0,0,71fb4ffe6d15608a77682afdbdef53d7_3fbff0e6b620e4d259dc427abc6574dafc0.jpg?1785411735,Gold,13,7,PCT
Kiara Grey,37094940,213,143,Spriggan,Chaos,0,0,db22a76f2a2081a6b0444434c327f5ab_feaf0a2e88ff164813fbc9b85876fa48fc0.jpg?1785410598,Gold,11,3,BRD
Shin S'kai,21173308,213,0,Omega,Chaos,0,0,8e60f70d6d24f3bfcf57c73372d9836c_39e25ac3d737c46452305eefe324372cfc0.jpg?1785413273,Gold,11,0,BLM
Edward Shadowstrike,22925829,215,0,Lich,Light,0,0,824350aaacd2bae213d6ecc000a9a366_7206469080400ed57a5373d0a9c55c59fc0.jpg?1785412756,Gold,4,0,MNK
Tifaine Lavande,45602804,215,152,Alpha,Light,0,0,f94b7e957aecd1db5298e594ffbfb633_6132295fcf5570fb8b0a944ef322a598fc0.jpg?1785410995,Gold,4,3,PLD
Trishula Vanarmory,43189263,215,0,Zodiark,Light,0,0,b0561ffcac8807f3746d04e5bcf799bc_c274370774c6bc3483cc8740805f41bcfc0.jpg?1785410264,Gold,4,0,BLM
Riku Yamamoto,50962515,218,146,Raiden,Light,0,0,2737e3393944ab82a3eec48071df16a8_a370664d98f658f4ed4e620f378f73cdfc0.jpg?1785410260,Gold,36,15,DRK
Celeste Starblade,57129516,219,196,Phoenix,Light,0,0,f658a7c187303ff40c92c131f45b6f67_5047bc596a4bab2dc7f7c120bb22dec5fc0.jpg?1785412937,Gold,28,14,WHM
Namora Snowsong,48210575,220,147,Shiva,Light,0,0,af3398dbfd885b536f96298a4375a364_3fbff0e6b620e4d259dc427abc6574dafc0.jpg?1785410929,Gold,19,0,WHM
Fay Fury,13801627,221,148,Alpha,Light,0,0,c8bf2d24d3b66a91e8891eb6b4043bd8_6132295fcf5570fb8b0a944ef322a598fc0.jpg?1785412431,Gold,18,0,CRP
Rem Minase,15335467,222,180,Ragnarok,Chaos,0,0,6f4b9532213e5ed122fcac3e5c3b4cc5_40d57ba713628f3f1ef5ef204b6d76d2fc0.jpg?1785410237,Gold,15,11,SMN
Arden Stride,38866682,223,149,Phoenix,Light,0,0,432c8ab2c6f44595a9159d81f4355cea_5047bc596a4bab2dc7f7c120bb22dec5fc0.jpg?1785411853,Gold,5,0,PCT
Fever Dream,59054986,224,0,Lich,Light,0,0,e7d9029cba4c5847d010f2d624de541a_7206469080400ed57a5373d0a9c55c59fc0.jpg?1785410752,Gold,4,0,SAM
U'luuna Sotha,55400402,225,150,Cerberus,Chaos,0,0,9c49f4e91aba7a49ef4f3c5f4bf6001f_777c57311d510ca65dac3c1077dee435fc0.jpg?1785412084,Gold,3,0,MCH
Fran Hanazono,59504733,226,151,Moogle,Chaos,0,0,01fb68c15d5820cfd3d944f27b7e05c0_d7a9d5f85a29d6278ec1c7adc2c8d242fc0.jpg?1785412986,Gold,2,0,UNK
Love Dealer,15173692,227,214,Zodiark,Light,0,0,458963d37f074f6ffc55f09041946662_c274370774c6bc3483cc8740805f41bcfc0.jpg?1785411333,Gold,24,18,SMN
Bounty Dreams,55288091,228,156,Sagittarius,Chaos,0,0,9d04b873df58e33b4ad1594b740d63c9_44ca0844398b2d010d8cd4a31ddb023dfc0.jpg?1785409892,Gold,3,0,AST
Teadus Rochcailloux,57680253,229,187,Spriggan,Chaos,0,0,5896bdf6334f0e2c509d6359ba8d261f_feaf0a2e88ff164813fbc9b85876fa48fc0.jpg?1785409934,Gold,45,20,GNB
Dacien Darlett,3339751,230,188,Odin,Light,0,0,0311b8a0924e142c3f1da4b81f645156_644311b63b607133c989d7c1188467dafc0.jpg?1785411409,Gold,35,15,WAR
Rinne Arryn,28659392,231,0,Lich,Light,0,0,ccaa6881b10221d6509a436bc761d3c5_7206469080400ed57a5373d0a9c55c59fc0.jpg?1785410362,Gold,25,21,UNK
Steve Trenchcoat,59258673,232,0,Cerberus,Chaos,0,0,cdf641d87086cc4aa73dfaad6651906e_777c57311d510ca65dac3c1077dee435fc0.jpg?1785412814,Gold,5,0,RDM
Xaeon De'san,49479807,232,158,Ragnarok,Chaos,0,0,df331c7c02631dd5ed1bec12fbf2de4b_40d57ba713628f3f1ef5ef204b6d76d2fc0.jpg?1785411356,Gold,5,1,NIN
Moira Jargal,37297361,234,0,Omega,Chaos,0,0,a6c3b7dcbf34048b1974302dcb57e4a6_39e25ac3d737c46452305eefe324372cfc0.jpg?1785413072,Gold,2,0,RPR
Ultimo Tower,13765195,234,159,Odin,Light,0,0,f3f293a7802e54bc6d3f5c2ceb6f4902_644311b63b607133c989d7c1188467dafc0.jpg?1785413164,Gold,2,0,WAR
Hegel Gil,25438753,236,210,Omega,Chaos,0,0,5ed500fc1dd1d9cbbc95000a80326ff7_39e25ac3d737c46452305eefe324372cfc0.jpg?1785412342,Gold,36,26,WAR
Norai Tempest,38251436,237,189,Zodiark,Light,0,0,b7018360f2380ddb9010a48d596309f2_c274370774c6bc3483cc8740805f41bcfc0.jpg?1785410428,Gold,25,6,WAR
Dabble Brightmarsh,33364087,238,164,Moogle,Chaos,0,0,950061d55bbabf6b05b7e43b5c8e84b7_d7a9d5f85a29d6278ec1c7adc2c8d242fc0.jpg?1785412819,Gold,19,10,MNK
Nereida Nautilus,44008096,239,213,Alpha,Light,0,0,5da3e789cb86b765450a3aa535e82821_6132295fcf5570fb8b0a944ef322a598fc0.jpg?1785411995,Gold,18,11,RDM
Asphal Flaye,51597003,240,0,Lich,Light,0,0,0925f20570c006b2455be17ee78802ef_7206469080400ed57a5373d0a9c55c59fc0.jpg?1785409873,Gold,0,0,DRG
Setsuna San,48785770,241,228,Moogle,Chaos,0,0,8aeae7d92fb0643ec5ed3b0f3893f61c_d7a9d5f85a29d6278ec1c7adc2c8d242fc0.jpg?1785412636,Silver,30,21,UNK
Aru Chiikawa,53173199,242,293,Raiden,Light,0,0,e04a223356da8c93c18581feda55b5bf_a370664d98f658f4ed4e620f378f73cdfc0.jpg?1785410206,Silver,25,22,BLM
Zel Tarren,27049179,243,162,Spriggan,Chaos,0,0,91194747cae63d7e136386c931670529_feaf0a2e88ff164813fbc9b85876fa48fc0.jpg?1785411999,Silver,21,6,PLD
Heroica Sylverin,47701376,244,165,Raiden,Light,0,0,2b1f1bb1870af747aadf918421bb272c_a370664d98f658f4ed4e620f378f73cdfc0.jpg?1785412999,Silver,18,10,BRD
Arong Alcanos,27359509,245,179,Lich,Light,0,0,84a932c5710d5fc9704ea8d7f0ea9f5d_7206469080400ed57a5373d0a9c55c59fc0.jpg?1785411685,Silver,17,10,WHM
Hana Ruipi,7952461,246,166,Ragnarok,Chaos,0,0,d1b00f69294c7c0eac14b26ff235445c_40d57ba713628f3f1ef5ef204b6d76d2fc0.jpg?1785410497,Silver,16,11,UNK
Yen'to Tahzun,18891703,247,0,Moogle,Chaos,0,0,b5d2155caa7838a07a7ddd08b433f5dc_d7a9d5f85a29d6278ec1c7adc2c8d242fc0.jpg?1785413008,Silver,5,0,MCH
Ash Zero,49368748,248,186,Shiva,Light,0,0,8c69f041cca72fdc1059bfc9f2f8ecc9_3fbff0e6b620e4d259dc427abc6574dafc0.jpg?1785410187,Silver,32,11,RDM
Ryssrael Niunaglwyn,33315027,248,203,Omega,Chaos,0,0,33b521784d0398ac0bb6736f1c6d0a15_39e25ac3d737c46452305eefe324372cfc0.jpg?1785410280,Silver,32,20,MCH
Dhel Maral,27286203,250,226,Phoenix,Light,0,0,9169813f4af882482823951b9270c14b_5047bc596a4bab2dc7f7c120bb22dec5fc0.jpg?1785411391,Silver,28,16,BRD
Deme Tayuun,14832348,251,167,Lich,Light,0,0,ae2fb7b7ac8ad3f92247efdd9fade6e7_7206469080400ed57a5373d0a9c55c59fc0.jpg?1785412359,Silver,22,0,DRG
Katarina Kittycat,24355925,252,174,Twintania,Light,0,0,488decc103448e79430a7f4ffa3674c5_c33f640c0cdd35f7def85b8aa31a0007fc0.jpg?1785411453,Silver,20,7,UNK
Celeste Solaris,11951456,253,199,Moogle,Chaos,0,0,0d68612adf7213914b7662007894bad7_d7a9d5f85a29d6278ec1c7adc2c8d242fc0.jpg?1785411632,Silver,18,9,SMN
Hurt Loop,58891164,254,291,Lich,Light,0,0,6591afff880a78e6642422e0c5f8db22_7206469080400ed57a5373d0a9c55c59fc0.jpg?1785412007,Silver,13,9,SAM
Bosco Immanente,59724077,255,169,Ragnarok,Chaos,0,0,f6a475633f891d50b8bc234cf4e1e140_40d57ba713628f3f1ef5ef204b6d76d2fc0.jpg?1785409888,Silver,11,8,UNK
Dallerie Watcher,37783949,256,0,Phoenix,Light,0,0,9ad61a1d750b458a6b9522d2c5afa718_5047bc596a4bab2dc7f7c120bb22dec5fc0.jpg?1785412363,Silver,5,0,BLM
Libby Janssens,21037853,256,168,Sagittarius,Chaos,0,0,3cf6e9f0537d5a7983f632e5348034a5_44ca0844398b2d010d8cd4a31ddb023dfc0.jpg?1785411456,Silver,5,0,MNK
Simi Sunshine',5663390,256,0,Odin,Light,0,0,37b08b6bb6f30161ff909ee4625acd51_644311b63b607133c989d7c1188467dafc0.jpg?1785411516,Silver,5,0,PCT
Kamaro Suizuga,6550671,259,169,Phoenix,Light,0,0,925284109a1fe6f98fbb383c05eb1e62_5047bc596a4bab2dc7f7c120bb22dec5fc0.jpg?1785413075,Silver,3,0,WAR
Ava Fortuna,22575733,260,0,Twintania,Light,0,0,7e2eddafe03b5bf9430fa994044ca860_c33f640c0cdd35f7def85b8aa31a0007fc0.jpg?1785411400,Silver,1,0,RDM
Anyu Nayru,34487597,261,171,Phoenix,Light,0,0,88772bb9fe8e19be70e12bce0dbf5dec_5047bc596a4bab2dc7f7c120bb22dec5fc0.jpg?1785410496,Silver,31,6,DRG
Gu Mil,45328506,262,177,Phantom,Chaos,0,0,8e9333776bddafee47a7bf66a532658b_f0a43d6e5eea19af337a176e9836acddfc0.jpg?1785412655,Silver,21,11,WAR
Yori Hisa,6672132,263,219,Phoenix,Light,0,0,a7d5623cbf8a31a36892abe8f1d55fe5_5047bc596a4bab2dc7f7c120bb22dec5fc0.jpg?1785411236,Silver,19,9,WHM
Cansa Banyu,52445690,264,0,Phantom,Chaos,0,0,f269ff0cb3cfd9dd7d3c843fcfcc76a5_f0a43d6e5eea19af337a176e9836acddfc0.jpg?1785412312,Silver,18,0,GNB
Lazlouth Galewind,43845697,265,173,Raiden,Light,0,0,0df1a1f4c8b616a0d8e6fe35a9c20596_a370664d98f658f4ed4e620f378f73cdfc0.jpg?1785411858,Silver,17,1,RPR
Frost Crystal,37677927,266,0,Lich,Light,0,0,c3ec9d78b98f80e9106ed5179035d4d4_7206469080400ed57a5373d0a9c55c59fc0.jpg?1785412503,Silver,16,0,SGE
Vic Strider,53817077,267,174,Raiden,Light,0,0,64d68250fabd33e4972dcba2d2638d6c_a370664d98f658f4ed4e620f378f73cdfc0.jpg?1785413169,Silver,14,1,WHM
Dawnik Kaisel,28069251,268,0,Lich,Light,0,0,5b6f2c0cc9cfd4761c61218f4ffc111c_7206469080400ed57a5373d0a9c55c59fc0.jpg?1785413151,Silver,12,0,DRK
Leenar Raim,45005021,269,178,Raiden,Light,0,0,cd15b6146d9e895f605fe9d8aa6e46d2_a370664d98f658f4ed4e620f378f73cdfc0.jpg?1785411638,Silver,8,0,WHM
Sigurd Rawbewesfv,25186321,270,0,Lich,Light,0,0,fc8add8a5572ffd161d1df1bcf1646d2_7206469080400ed57a5373d0a9c55c59fc0.jpg?1785410992,Silver,6,0,GNB
Leannansidhe Sorrows,41805825,271,0,Spriggan,Chaos,0,0,2b687dde55ec219092f9e7feb9a24c25_feaf0a2e88ff164813fbc9b85876fa48fc0.jpg?1785410541,Silver,1,0,BLM
Lyxilionne Lonesky,21655581,271,181,Spriggan,Chaos,0,0,0f73e69d49ef4950252f239359873040_feaf0a2e88ff164813fbc9b85876fa48fc0.jpg?1785410803,Silver,1,0,WHM
Kana Chrystalis,47267236,273,0,Alpha,Light,0,0,3d1c5dc0a6e84a21d8aeee66407576d0_6132295fcf5570fb8b0a944ef322a598fc0.jpg?1785412857,Silver,0,0,NIN
Tsu Kee,47596814,274,206,Zodiark,Light,0,0,df5063d6db141a1bc921d4623e08a366_c274370774c6bc3483cc8740805f41bcfc0.jpg?1785411858,Silver,19,11,VPR
Moid Subsix,37010339,275,0,Moogle,Chaos,0,0,ffa9a363b5dea57affc12d2c91e47d42_d7a9d5f85a29d6278ec1c7adc2c8d242fc0.jpg?1785410041,Silver,10,0,FSH
Ash Dawnveil,59492400,276,0,Louisoix,Chaos,0,0,05ee701a19032dd932d7549dfe122c2f_0a122616f3718d3f45cab10fd8fc1604fc0.jpg?1785410067,Silver,9,0,DRG
Seamus Surfingway,48321780,277,182,Moogle,Chaos,0,0,c80a5b40750954b83b7502037d66b796_d7a9d5f85a29d6278ec1c7adc2c8d242fc0.jpg?1785413034,Silver,7,0,SMN
Dulce Leche,56900875,278,183,Spriggan,Chaos,0,0,fda76964badb8e7cfb03008a7d1b46eb_feaf0a2e88ff164813fbc9b85876fa48fc0.jpg?1785413262,Silver,5,0,SMN
Skaia Enirim,54107195,279,202,Phantom,Chaos,0,0,6e5d7cb14c89fb82a873ae38f4c26491_f0a43d6e5eea19af337a176e9836acddfc0.jpg?1785411323,Silver,24,5,AST
Skally Teeblatt,28716418,280,218,Phoenix,Light,0,0,c0ad062b0c2cee81818fae2f72289df5_5047bc596a4bab2dc7f7c120bb22dec5fc0.jpg?1785411306,Silver,23,11,WHM
Aki Mercer,15040596,281,185,Phoenix,Light,0,0,9cb0d2402b9bc6666edba1bfc624c3dd_5047bc596a4bab2dc7f7c120bb22dec5fc0.jpg?1785412573,Silver,22,0,WAR
Arale Il,15406803,281,196,Ragnarok,Chaos,0,0,e5c2a19e43a1edb9b276827163b36a1b_40d57ba713628f3f1ef5ef204b6d76d2fc0.jpg?1785412275,Silver,22,8,LTW
Nivirelle Undomiel,56498020,281,193,Odin,Light,0,0,22a21b826761791456ee2d23fe169d56_644311b63b607133c989d7c1188467dafc0.jpg?1785412810,Silver,22,11,DNC
Momo Lran,58763242,284,221,Louisoix,Chaos,0,0,82d19b75a1a7bd356865d5f5414d323a_0a122616f3718d3f45cab10fd8fc1604fc0.jpg?1785410105,Silver,14,8,WHM
Nozomi Minalinsky,52461834,285,265,Cerberus,Chaos,0,0,fc48110235c2b779788866b2979263d8_777c57311d510ca65dac3c1077dee435fc0.jpg?1785413220,Silver,12,9,PCT
Phase Voltage,45552856,285,0,Phantom,Chaos,0,0,bb2741c66c66efd364a1ded17a8ff995_f0a43d6e5eea19af337a176e9836acddfc0.jpg?1785410333,Silver,12,0,UNK
Yuii Rei,28519755,287,0,Zodiark,Light,0,0,6a6673a3959b9ed417b11367af00a3e5_c274370774c6bc3483cc8740805f41bcfc0.jpg?1785411466,Silver,11,0,MCH
Blue Dreamer,14780653,288,0,Shiva,Light,0,0,df66fec67572b60997d30f4a63363f52_3fbff0e6b620e4d259dc427abc6574dafc0.jpg?1785409870,Silver,6,0,GSM
Mikuzu Nawina,35716110,289,195,Lich,Light,0,0,4169df93198d72a6bb92ba581e1953b3_7206469080400ed57a5373d0a9c55c59fc0.jpg?1785412138,Silver,20,3,SMN
Faith Tali,37990597,290,277,Omega,Chaos,0,0,e9e1ecd3653ee5558b212d47180a78c2_39e25ac3d737c46452305eefe324372cfc0.jpg?1785412198,Silver,15,12,RDM
Clay Apple,57252041,291,191,Odin,Light,0,0,f3ab3587882137a83361a0a8c4e7052a_644311b63b607133c989d7c1188467dafc0.jpg?1785410515,Silver,12,1,DNC
Amelia Velaris,58130024,292,208,Alpha,Light,0,0,a3c7b2b2c3cdf8ace8d1660743387791_6132295fcf5570fb8b0a944ef322a598fc0.jpg?1785410957,Silver,11,6,DRK
Sano Jomei,37512213,293,0,Twintania,Light,0,0,bef0ea1d2654851718c2741032459688_c33f640c0cdd35f7def85b8aa31a0007fc0.jpg?1785411482,Silver,9,0,BRD
Garrik Mad,42391923,294,0,Lich,Light,0,0,f6066ded8bc182d3dde0192c493c4077_7206469080400ed57a5373d0a9c55c59fc0.jpg?1785410413,Silver,0,0,FSH
Lala Satalin,42207030,295,217,Zodiark,Light,0,0,b286aaf11ecac5e87da57697e5531b9e_c274370774c6bc3483cc8740805f41bcfc0.jpg?1785410601,Silver,26,13,SAM
Sitri Soreus,41256416,296,194,Moogle,Chaos,0,0,72c39ca2462344ed634b5fda0bc98489_d7a9d5f85a29d6278ec1c7adc2c8d242fc0.jpg?1785410429,Silver,8,0,SCH
Noniyo Niyo,2236212,297,0,Raiden,Light,0,0,bc09408a946d28a395f685b2dbb929e8_a370664d98f658f4ed4e620f378f73cdfc0.jpg?1785412736,Silver,25,0,PLD
Artemisa Aetrna,49319047,298,221,Raiden,Light,0,0,0f4293545490f954e24b6a4562cb84a2_a370664d98f658f4ed4e620f378f73cdfc0.jpg?1785410206,Silver,21,15,RPR
Gojo Satoru-senpai,36092797,299,235,Lich,Light,0,0,dbfa7890a6aa759fa0f5a83fad657080_7206469080400ed57a5373d0a9c55c59fc0.jpg?1785410278,Silver,18,9,RPR
Rain Hoshino,6160241,299,204,Moogle,Chaos,0,0,fc4a751ebc0402023f56f7934007c9ef_d7a9d5f85a29d6278ec1c7adc2c8d242fc0.jpg?1785412984,Silver,18,7,RDM
Makina Belg,23683223,1,0,Belias,Meteor,1910,0,ffed281791b6f91e5a2000e4917cfeeb_894c4bd0beab2e2beb44b74f4c4bd206fc0.jpg?1785409743,Crystal,47,13,DRK
Sorin Maki,53900927,2,5,Durandal,Gaia,1500,488,b0d4570e39585eb6b5ba7458ff8781a7_806ea5b45071d5cd6bf393e38462ee71fc0.jpg?1785410455,Crystal,43,23,DRG
Jay Eins,3930926,3,2,Chocobo,Mana,1394,301,31d212c5602873cad51c02ca3a1707f4_781d6b3603312f6be41670afa37282e0fc0.jpg?1785410014,Crystal,49,22,MNK
Piccolo Saaaaann,23336998,4,16,Asura,Mana,1314,813,efa27fc6ea5fa0a09f429159c3346a0f_53f1445a9f28799a32ea55f046319fc3fc0.jpg?1785411990,Crystal,23,16,VPR
Karma Strife,3816037,5,60,Chocobo,Mana,1223,1023,7a25293b17ff84c0c64a519d1fc09720_781d6b3603312f6be41670afa37282e0fc0.jpg?1785410733,Crystal,50,28,MNK
Ml Tei,47822875,6,0,Alexander,Gaia,1200,0,259bd72e639c252e3e6ab819661c07a6_b7a71d8799cf6dd75b711a7f52de6675fc0.jpg?1785410779,Crystal,13,0,VPR
Bakeke Bake,40527195,7,4,Asura,Mana,1148,113,2df47416611081755cf9e0cd7c586afa_53f1445a9f28799a32ea55f046319fc3fc0.jpg?1785411089,Crystal,33,14,MCH
Hina Narumi,36489169,8,7,Masamune,Mana,1091,99,b92b3bffbe6d8e1f5f53a1f3735c1387_134930215abb8a90ec37d6cc05b05e08fc0.jpg?1785412221,Crystal,16,2,VPR
San Sowa,35604125,9,3,Ridill,Gaia,1076,0,c5fbf3709fd6b4c8fba74f67e0820609_138751880f18161a907d7cf0faa43f07fc0.jpg?1785413125,Crystal,18,0,UNK
Kappi Scarlet,11922639,10,6,Asura,Mana,1003,0,820f32c739a02029fdacf6c96cbf1fa4_53f1445a9f28799a32ea55f046319fc3fc0.jpg?1785410966,Crystal,23,13,PLD
Raiden Thorne,60267443,11,93,Tiamat,Gaia,1001,901,d973da1a88fef8b53bb1c5cad4ee7a1f_9f10d335198e90990f3437c5733468e7fc0.jpg?1785412224,Crystal,33,13,MNK
Rip Rill,726210,12,8,Gungnir,Elemental,923,0,1ed2cf8fd8dc78c1ec061d9bb9c45462_8f82f937943b6baf4c565020d5eba0ccfc0.jpg?1785410813,Crystal,18,5,WHM
Kuno Cadenzavnaeve,42178142,13,37,Ifrit,Gaia,895,595,85baa25ca299e93ef56226f40814f03b_f9f796348bc43067c7242ec4551cde69fc0.jpg?1785410323,Crystal,34,11,NIN
Basuta Kirito,31797927,14,53,Carbuncle,Elemental,806,597,22b32c1986bb9c2732e5f877f7cbdbd6_9eb3c19866f7ae0eeeffac7bf770aba5fc0.jpg?1785411261,Crystal,12,7,BLM
Aman Kaharmine,37434311,15,19,Belias,Meteor,804,307,7fa9aa672753e286a5710cf338755727_894c4bd0beab2e2beb44b74f4c4bd206fc0.jpg?1785411840,Crystal,22,7,UNK
Bikkuri Donkey,59256942,16,78,Belias,Meteor,797,599,96f62f47670d9d1c85e1a464d6f4da65_894c4bd0beab2e2beb44b74f4c4bd206fc0.jpg?1785412764,Crystal,7,6,AST
Sead Slendisch,27788989,17,0,Asura,Mana,701,0,c9bd1276c77cf644ce955ce68575aa37_53f1445a9f28799a32ea55f046319fc3fc0.jpg?1785413307,Crystal,15,0,SGE
Wuruwuru Yaya,19903532,18,23,Asura,Mana,701,296,c4dcc6326814217e41a2636e5dd8eea3_53f1445a9f28799a32ea55f046319fc3fc0.jpg?1785411799,Crystal,13,6,NIN
Vivi Ann,4766157,19,45,Kujata,Elemental,699,401,9543e197b2faf03aa21058f9deedc408_72c48f093f2278ac3243962d3eb6a8d7fc0.jpg?1785412457,Crystal,9,7,PLD
Sensei Jyutusi,20995129,20,46,Chocobo,Mana,691,394,218ddf1e9e095da9f0b9d5866f9f2d80_781d6b3603312f6be41670afa37282e0fc0.jpg?1785410705,Crystal,11,7,WHM
Hateful Past,26237856,21,0,Asura,Mana,688,0,ed0c8f5d7b00b4c718fd834e96efdd7e_53f1445a9f28799a32ea55f046319fc3fc0.jpg?1785410190,Crystal,11,0,DRK
Rariboy Xx,4660025,22,9,Garuda,Elemental,686,0,80b036f210d47467413b630ce1537551_fcb1f5b0249d1069e5bdc66d0796f26afc0.jpg?1785412869,Crystal,8,0,MCH
Ajika Rajika,6811285,23,22,Tiamat,Gaia,617,205,97621d00c96124d00a3c01cec2dde5f8_9f10d335198e90990f3437c5733468e7fc0.jpg?1785411343,Crystal,10,7,UNK
Aizen Sosuke,46625154,24,0,Asura,Mana,603,0,084fe9c7ee753ba32657d9e49b4edde5_53f1445a9f28799a32ea55f046319fc3fc0.jpg?1785412764,Crystal,15,0,UNK
Death-by Glamour,50007656,25,40,Fenrir,Gaia,585,286,73746aab8b21d5917fab43f4db6f35aa_d384cf5ad7db803f29799f36ebbc3eadfc0.jpg?1785410813,Crystal,17,5,UNK
Zero Nox,2468417,26,10,Alexander,Gaia,584,0,d402005d8e26ea9d6b72ff80a5a60b9e_b7a71d8799cf6dd75b711a7f52de6675fc0.jpg?1785412219,Crystal,5,0,BRD
Lan Dame-celot,31839759,27,11,Ifrit,Gaia,582,0,c278e5b98fa396fbc950aeafdb5aaee8_f9f796348bc43067c7242ec4551cde69fc0.jpg?1785412829,Crystal,9,0,NIN
Ciel Cocco,27192023,28,18,Anima,Mana,581,83,05df3829299dc9e3c4ba0bceb512525a_2f698530a28d671d20278c8518c804c9fc0.jpg?1785411285,Crystal,21,12,SAM
Meilkea Inori,40934425,29,12,Aegis,Elemental,522,0,4c256b756b0f4f43b209ec71728dc0e2_3ea38e723c590aabf186367e1eb7e6a1fc0.jpg?1785411676,Crystal,21,4,UNK
Awayuki Setu,33258355,30,55,Ifrit,Gaia,508,303,f32c3844eb5d976376b67910940d6d48_f9f796348bc43067c7242ec4551cde69fc0.jpg?1785410789,Crystal,23,13,DRG
Stardust Emilia,25988007,31,13,Hades,Mana,504,0,b805b54635a07b2d9710df33b9a946aa_a4730651230dd43cb129562a30d531aefc0.jpg?1785410548,Crystal,12,2,UNK
Rex Cold,46340519,32,14,Bahamut,Gaia,504,0,5a590acfa6bbe6cddd1eb5143c7070f2_86da943caa70c8694707ab2ff74e68c9fc0.jpg?1785410692,Crystal,5,0,UNK
Paker Zuka,35106373,33,67,Bahamut,Gaia,503,304,1dfba22310e23cd21bd3a7481bf928e1_86da943caa70c8694707ab2ff74e68c9fc0.jpg?1785410500,Crystal,11,4,UNK
Laviera Rose,60788095,34,15,Masamune,Mana,503,0,137281dbfd05a8698e1b5b46cb1d6d03_134930215abb8a90ec37d6cc05b05e08fc0.jpg?1785411482,Crystal,5,0,DRK
Kawlo Wilhelm,53079906,35,17,Ixion,Mana,500,0,c9dcb47fbd9f0b8b6bf1b3ac91b2e802_7126768d768f6c6c7fed3eaee98c3a8afc0.jpg?1785412076,Crystal,4,0,UNK
Lalala Lalaa,42488617,36,106,Garuda,Elemental,499,399,304385d0c9b61a485f766a1c92c09f29_fcb1f5b0249d1069e5bdc66d0796f26afc0.jpg?1785412084,Crystal,14,9,UNK
Lhei Tayun,55776060,37,0,Chocobo,Mana,499,0,d1e1c509f0fac227ceada972ddb424d4_781d6b3603312f6be41670afa37282e0fc0.jpg?1785412434,Crystal,6,0,BLM
Hattori Kaze,57332259,38,0,Alexander,Gaia,499,0,2ec48d7f5caadae4f62dc2d1cdc75610_b7a71d8799cf6dd75b711a7f52de6675fc0.jpg?1785410704,Crystal,4,0,MNK
Creya Oaks,20662074,39,42,Tonberry,Elemental,495,197,0fb57385ff1c90e3ea26edc53722b78c_7bb6b1e488f0e4f01c5314d010b60f31fc0.jpg?1785410265,Crystal,16,3,BRD
Lain Wired,1578110,40,27,Chocobo,Mana,495,94,51b29015827612eb3c28c2c8dd0f43ef_781d6b3603312f6be41670afa37282e0fc0.jpg?1785410144,Crystal,12,6,SGE
Yuki Yui,25457703,41,20,Ultima,Gaia,494,0,53e27d2153b5d4878ef23b1326589ff5_9df1b3cb0da35db33c17ef11ddf12adafc0.jpg?1785412843,Crystal,9,0,PCT
Endless Summer,36558820,42,21,Tiamat,Gaia,493,0,0079a66433e68b1f473c7487944a4d3d_9f10d335198e90990f3437c5733468e7fc0.jpg?1785412218,Crystal,15,6,AST
Sha Moji,19121169,43,38,Carbuncle,Elemental,493,0,eb82915777eea0c952b2885bf59641d9_9eb3c19866f7ae0eeeffac7bf770aba5fc0.jpg?1785410894,Crystal,8,0,MCH
Zana'tan Stratos,7600570,44,31,Shinryu,Meteor,488,99,e3525c189345468c5a9b4b37cf4fcd3e_87b7d447f40b06dfc7228caf195f7dcffc0.jpg?1785412234,Crystal,5,1,MCH
Lufefe Lufe,8829146,45,208,Mandragora,Meteor,407,407,91e252cc1edf40cc72e7912c50fbfde7_ee738654add55c3d07ea92d8e108074cfc0.jpg?1785410107,Crystal,19,14,DRK
Cait Sith,1574936,46,29,Tiamat,Gaia,404,5,fc4156170aa1fca8004a80238705e5cf_9f10d335198e90990f3437c5733468e7fc0.jpg?1785411026,Crystal,23,9,AST
God Moai,4474924,47,24,Atomos,Elemental,404,0,05f6a7a1f7ee2f6b156d711777e8411f_cf768a751b1f5e355c2fd39a9ed91f3ffc0.jpg?1785410194,Crystal,8,0,BRD
Tiger Rutata,23825437,48,25,Asura,Mana,403,0,a69a7fd0c20bbbd51ddf7cc27af7921e_53f1445a9f28799a32ea55f046319fc3fc0.jpg?1785410995,Crystal,10,0,RDM
Cherry Frappuccino,48257342,49,26,Tiamat,Gaia,403,0,c025aeb95c405240f96f361c7451b90a_9f10d335198e90990f3437c5733468e7fc0.jpg?1785410415,Crystal,7,4,SAM
Uta Tubame,12421333,50,0,Zeromus,Meteor,403,0,4c1c1810ab77c61696ca66b0716fd309_c76848359d0b4d2f37aefbb9903ed97bfc0.jpg?1785411325,Crystal,5,0,PCT
Sukoya Mihirogi,42042279,51,65,Anima,Mana,402,202,58dacb01c0c75e38125f892840beb026_2f698530a28d671d20278c8518c804c9fc0.jpg?1785410180,Crystal,12,6,PLD
Notttz Imbrium,50270248,52,30,Titan,Mana,402,6,58a87ecc9a18820b07646a481a8154a4_e2bb3f9679fec6d4836fcf8abcc3eeacfc0.jpg?1785411059,Crystal,9,4,VPR
Roric Thorne,59323169,53,27,Pandaemonium,Mana,401,0,4ff669632484c5fdf241ea2b9f955435_470db1bf2e865f9130531fea40b61ee4fc0.jpg?1785412754,Crystal,6,0,VPR
Hal Moonvine,6544837,54,36,Yojimbo,Meteor,401,97,0b051eda0b20b820aec68545891c2ce7_4a92c619bde4f34cfa77e05fef21ad85fc0.jpg?1785410926,Crystal,4,2,MNK
Ui Thrix,39291749,55,42,Chocobo,Mana,399,101,08b70654c7812f561afc700e0756319a_781d6b3603312f6be41670afa37282e0fc0.jpg?1785410641,Crystal,15,2,AST
Dodopita Pittan,3558680,56,87,Tiamat,Gaia,397,293,0c4178029dae08c0fcbe267d46034e76_9f10d335198e90990f3437c5733468e7fc0.jpg?1785411589,Crystal,16,8,SAM
Ripa Warrick,44033179,57,0,Fenrir,Gaia,397,0,42a47e1c0e32c9f818021cb7ac8799fc_d384cf5ad7db803f29799f36ebbc3eadfc0.jpg?1785412890,Crystal,10,0,RPR
Bug Cut,48066025,58,0,Alexander,Gaia,397,0,eb099ae5ed67142ac0888bf755079790_b7a71d8799cf6dd75b711a7f52de6675fc0.jpg?1785411355,Crystal,8,0,BRD
Aries San,12460047,59,0,Tiamat,Gaia,396,0,00a39e6a3c0cb6e9529ffdf15a10dadb_9f10d335198e90990f3437c5733468e7fc0.jpg?1785412118,Crystal,12,0,DNC
Furanzeska Sumeragi,8414050,60,63,Tonberry,Elemental,394,194,7300d72d23103eb5494b3e21bf99b3b6_7bb6b1e488f0e4f01c5314d010b60f31fc0.jpg?1785412295,Crystal,10,2,BRD
Kotori Angel,11433233,61,50,Alexander,Gaia,394,99,249a60efd4f3f03c25a40a0c3c35d33f_b7a71d8799cf6dd75b711a7f52de6675fc0.jpg?1785410724,Crystal,9,6,PLD
Buronko San,22145554,62,49,Fenrir,Gaia,393,97,f3682fba79a377e3f0c0bd47d12f7e2a_d384cf5ad7db803f29799f36ebbc3eadfc0.jpg?1785412319,Crystal,8,3,WHM
Yan Yan,3182501,63,51,Alexander,Gaia,387,96,5cd079575de2bd01f87a188c93738695_b7a71d8799cf6dd75b711a7f52de6675fc0.jpg?1785411778,Crystal,9,5,NIN
Lucie Blanc,4813641,64,32,Anima,Mana,314,0,9c05760085153887cf9c52f28861be7c_2f698530a28d671d20278c8518c804c9fc0.jpg?1785412019,Crystal,6,0,BLM
Lilica Astadir,3503219,65,33,Valefor,Meteor,308,0,5af5f880cbf4a0fb2fc785912a217eae_485f4777c38002871591fb54f27edc65fc0.jpg?1785410881,Crystal,4,2,DRG
Fennel Earltea,21886406,66,34,Typhon,Elemental,306,0,4e8f23f97ca17b02271d5d67829e204d_32d8c9c7cd5f62d62da2d31b6750a680fc0.jpg?1785411216,Crystal,24,10,AST
Nanna Shamash,29824400,67,0,Unicorn,Meteor,304,0,480461b43403f674360bd1de18eef8ba_393eb74047bb90c8d80dea54218430eefc0.jpg?1785410329,Crystal,5,0,SMN
Naku Cha,51398763,68,35,Zeromus,Meteor,304,0,d1f355424cec05811e0f15dc0a707de5_c76848359d0b4d2f37aefbb9903ed97bfc0.jpg?1785410040,Crystal,3,0,NIN
Planet Exploration,30755276,69,0,Ixion,Mana,303,0,b2df099dea56680a53bbc8588e28444f_7126768d768f6c6c7fed3eaee98c3a8afc0.jpg?1785410266,Crystal,9,0,SGE
Super Gal,52139020,70,93,Bahamut,Gaia,301,201,2a20ce1a576737898f3290324b402cd6_86da943caa70c8694707ab2ff74e68c9fc0.jpg?1785411031,Crystal,33,13,RDM
Pitty What,32924935,71,97,Durandal,Gaia,301,201,1ca1a6b980542985bc7d7cf818520e1f_806ea5b45071d5cd6bf393e38462ee71fc0.jpg?1785412642,Crystal,20,6,NIN
Mao Caprice,32793338,72,105,Titan,Mana,300,200,101c8c73de660221dc8ad95fafa4ad3c_e2bb3f9679fec6d4836fcf8abcc3eeacfc0.jpg?1785412600,Crystal,16,10,BRD
Lupinus Lily,33777966,73,0,Ultima,Gaia,300,0,6f019b443ab48375b1bcc5e5aa0debf9_9df1b3cb0da35db33c17ef11ddf12adafc0.jpg?1785409825,Crystal,10,0,GNB
Ririca Rica,22451341,74,39,Valefor,Meteor,299,0,b82d75152d14ebf44db2622ef433b4f4_485f4777c38002871591fb54f27edc65fc0.jpg?1785410132,Crystal,21,6,RPR
Wysle Reht,1828472,75,124,Garuda,Elemental,299,299,5cbcf5ffdd71a5125b21ffcfc158e58d_fcb1f5b0249d1069e5bdc66d0796f26afc0.jpg?1785411492,Crystal,19,7,UNK
Bronze Warrior,33944385,76,0,Alexander,Gaia,299,0,3a8559d847a626b7d8a2760ec13a73b5_b7a71d8799cf6dd75b711a7f52de6675fc0.jpg?1785412481,Crystal,4,0,WAR
Fuki Non,51302585,76,41,Titan,Mana,299,0,99d46e5dfaf54e3a630e700cbd41968b_e2bb3f9679fec6d4836fcf8abcc3eeacfc0.jpg?1785410057,Crystal,4,0,WHM
Atsu Bow,47953241,78,100,Mandragora,Meteor,298,198,a397b9893231105b4549ed9a8721c60a_ee738654add55c3d07ea92d8e108074cfc0.jpg?1785410845,Crystal,26,14,DRG
Aina The-end,44020286,79,44,Tiamat,Gaia,298,0,5de9f2cc82562b167fe84c1fcb425b92_9f10d335198e90990f3437c5733468e7fc0.jpg?1785409925,Crystal,14,8,SMN
Nov Noa,56271994,80,64,Tiamat,Gaia,298,98,0711a53e252756264a473f2b53d53cad_9f10d335198e90990f3437c5733468e7fc0.jpg?1785411599,Crystal,8,1,SGE
Zwei Kreuz,14516450,81,54,Bahamut,Gaia,298,89,367ea315b18ce50bb6f34a9ea77f3222_86da943caa70c8694707ab2ff74e68c9fc0.jpg?1785410785,Crystal,3,1,UNK
Fuuga Reinfeldt,29495648,82,0,Unicorn,Meteor,297,0,4441cdfb6f60085397a6647656e86646_393eb74047bb90c8d80dea54218430eefc0.jpg?1785410160,Crystal,9,0,WAR
En Avant,46371551,83,109,Belias,Meteor,297,197,d6c3784f3b06c119ae16dd725e2a2b6e_894c4bd0beab2e2beb44b74f4c4bd206fc0.jpg?1785411861,Crystal,7,4,GNB
Yuu San-san,54307183,84,47,Ifrit,Gaia,297,0,994981fbf9e1b2803b813723a4509624_f9f796348bc43067c7242ec4551cde69fc0.jpg?1785410777,Crystal,3,0,SAM
Junon Everlight,17200263,85,48,Ultima,Gaia,297,0,c9853ba0f4943819fd5f003c84f5ddb1_9df1b3cb0da35db33c17ef11ddf12adafc0.jpg?1785411520,Crystal,2,0,AST
Aran Tyler,47478713,86,0,Zeromus,Meteor,294,0,601da8267e6037e1adc37928f1ab982b_c76848359d0b4d2f37aefbb9903ed97bfc0.jpg?1785412421,Crystal,2,0,AST
Deisia Touna,31397456,86,160,Mandragora,Meteor,294,0,f9bdcbbd105a361017ee7dd26bde2ea6_ee738654add55c3d07ea92d8e108074cfc0.jpg?1785410889,Crystal,2,0,WHM
Yama Premium,42012398,88,0,Pandaemonium,Mana,293,0,365678fb124f0258a37df891fd0e6355_470db1bf2e865f9130531fea40b61ee4fc0.jpg?1785411535,Crystal,2,0,GNB
Splitz Allure,11250991,89,73,Tonberry,Elemental,286,87,5df739fcece56728f620a7cd5b05392e_7bb6b1e488f0e4f01c5314d010b60f31fc0.jpg?1785412234,Crystal,6,2,PLD
Stella Hound,39752570,90,70,Shinryu,Meteor,218,21,94bbccb4f9cbf58a79ef4edeff0af1b7_87b7d447f40b06dfc7228caf195f7dcffc0.jpg?1785410281,Crystal,13,10,AST
Emotion Creep,49933002,91,52,Gungnir,Elemental,211,0,9fbb59a27d018625f559ed61097d64ab_8f82f937943b6baf4c565020d5eba0ccfc0.jpg?1785411228,Crystal,7,0,PLD
Firo Sknaht,27296541,92,56,Bahamut,Gaia,203,0,30d62e88cfdd08d4cf3a87b542657d3d_86da943caa70c8694707ab2ff74e68c9fc0.jpg?1785410207,Crystal,5,0,WAR
Shinra Arasaka,24734269,93,59,Tiamat,Gaia,203,2,2d735fa31b5cfcc7eabaae1839d0b731_9f10d335198e90990f3437c5733468e7fc0.jpg?1785413297,Crystal,4,2,WAR
Noin Kurial,23981966,94,71,Asura,Mana,202,3,83830f722858537d3bbdd6afabacaa3d_53f1445a9f28799a32ea55f046319fc3fc0.jpg?1785413137,Crystal,15,5,MCH
Yunaneko Supira,25194794,95,57,Ultima,Gaia,202,0,c0bc711bf1246d0da5eda5edf888392b_9df1b3cb0da35db33c17ef11ddf12adafc0.jpg?1785410108,Crystal,13,8,UNK
Ciara Harris,18217850,96,58,Pandaemonium,Mana,202,0,659240736e3ff3d56487b454576fbaf9_470db1bf2e865f9130531fea40b61ee4fc0.jpg?1785409855,Crystal,2,0,WAR
Sugar Cham,51852133,97,0,Yojimbo,Meteor,202,0,8d4d430b06db96492d9e2982f1b942b8_4a92c619bde4f34cfa77e05fef21ad85fc0.jpg?1785412689,Crystal,1,0,PLD
Kanata Suzuumi,11384076,98,80,Mandragora,Meteor,201,4,7fbbd37cfcc7580f4aceda1b74cf0a11_ee738654add55c3d07ea92d8e108074cfc0.jpg?1785411129,Crystal,8,6,MNK
Zsika Mu',18898369,99,0,Ridill,Gaia,201,0,ed7f8569bf4537dfd9f2ea953ad59e8a_138751880f18161a907d7cf0faa43f07fc0.jpg?1785411498,Crystal,5,0,UNK
Kuro Nosuke,54408962,100,0,Valefor,Meteor,201,0,40234eee3a97e636df97858b8ba2422a_485f4777c38002871591fb54f27edc65fc0.jpg?1785411988,Crystal,3,0,UNK
Taroe Kobuta,8734523,101,61,Kujata,Elemental,200,0,821347c202f7d7d6b676bd393bcdfdae_72c48f093f2278ac3243962d3eb6a8d7fc0.jpg?1785412500,Crystal,23,13,WAR
Ena Lucida,46120110,102,62,Valefor,Meteor,200,0,0d22e7ccb96b881d94b2eaac8c63f55c_485f4777c38002871591fb54f27edc65fc0.jpg?1785412560,Crystal,9,0,UNK
Walter Winston,3431710,102,65,Fenrir,Gaia,200,0,bee8390354426d2c1d42d687a0de29d5_d384cf5ad7db803f29799f36ebbc3eadfc0.jpg?1785410354,Crystal,9,3,WAR
Torime Nico,26400369,104,0,Atomos,Elemental,200,0,dbb2fb17c00b9c7a6e6ca0a65c888ac6_cf768a751b1f5e355c2fd39a9ed91f3ffc0.jpg?1785411761,Crystal,7,0,DRG
Lycan Roar,52059954,105,89,Titan,Mana,200,97,29dea1cc321c3f2275d537c23520e2b8_e2bb3f9679fec6d4836fcf8abcc3eeacfc0.jpg?1785412570,Crystal,6,3,UNK
Douglas Ward,32519646,106,0,Asura,Mana,200,0,5902010d301aa95176126fcdef0dc7c7_53f1445a9f28799a32ea55f046319fc3fc0.jpg?1785411002,Crystal,1,0,RDM
Errer Errant,28706539,106,67,Asura,Mana,200,0,14833bd371ac70e05cffe6a03634bb61_53f1445a9f28799a32ea55f046319fc3fc0.jpg?1785411028,Crystal,1,0,MCH
Gaelle Green,6689086,106,67,Durandal,Gaia,200,0,8fd9b0a2971011504ea89c22ce063dd4_806ea5b45071d5cd6bf393e38462ee71fc0.jpg?1785412621,Crystal,1,0,WVR
Lazulim Langheim,1644495,106,0,Ultima,Gaia,200,0,997660bb7160cf32fb6806926222d151_9df1b3cb0da35db33c17ef11ddf12adafc0.jpg?1785410371,Crystal,1,0,WHM
Mame Poporu,22836070,106,0,Ixion,Mana,200,0,a886d90317b0e4205db7046757e57e53_7126768d768f6c6c7fed3eaee98c3a8afc0.jpg?1785412518,Crystal,1,0,RPR
Pero Noir,27109057,106,0,Ultima,Gaia,200,0,889b0b13f93f702d3df91ec97e272102_9df1b3cb0da35db33c17ef11ddf12adafc0.jpg?1785411408,Crystal,1,0,PCT
Robs Wiz,47501636,106,0,Aegis,Elemental,200,0,24b0e4e155ae76da2a553003980ac156_3ea38e723c590aabf186367e1eb7e6a1fc0.jpg?1785412340,Crystal,1,0,SGE
Mily Sara,23911809,113,0,Aegis,Elemental,199,199,19086b376708852503d1ac9c2b293b8c_3ea38e723c590aabf186367e1eb7e6a1fc0.jpg?1785412918,Crystal,20,17,LTW
Iz Levmel,17594950,114,72,Garuda,Elemental,199,0,9e457ec4068931e92288544db8499aae_fcb1f5b0249d1069e5bdc66d0796f26afc0.jpg?1785411454,Crystal,5,0,PLD
Roud Mahu,3355785,115,0,Ixion,Mana,199,0,5ec00ff4b6711e2a189db7843e6ec84a_7126768d768f6c6c7fed3eaee98c3a8afc0.jpg?1785412300,Crystal,4,0,SAM
Elfmum Saintrelmaux,47797645,116,0,Alexander,Gaia,199,0,4be3fea60d75388e0a0edd868bfb2eca_b7a71d8799cf6dd75b711a7f52de6675fc0.jpg?1785409785,Crystal,3,0,WAR
Yurugi Koyurugi,29769522,116,0,Belias,Meteor,199,0,ce65dfc48d522a7a126208d94cdc2852_894c4bd0beab2e2beb44b74f4c4bd206fc0.jpg?1785411331,Crystal,3,0,VPR
Anoma Loris,44038350,118,74,Valefor,Meteor,199,0,57b0094511d082e7e7e8203d850b4159_485f4777c38002871591fb54f27edc65fc0.jpg?1785410029,Crystal,2,0,SCH
Juta Bebe,19119522,118,75,Ultima,Gaia,199,0,cb47a4ffd8c28a12a61de0dd25af7752_9df1b3cb0da35db33c17ef11ddf12adafc0.jpg?1785410633,Crystal,2,1,UNK
Desire Drive,5396012,120,75,Yojimbo,Meteor,199,0,4f60f8a5453f05522e828234043a6edb_4a92c619bde4f34cfa77e05fef21ad85fc0.jpg?1785412183,Crystal,1,0,PLD
Konegai Konegai,3277232,120,0,Masamune,Mana,199,0,3a445dba3d4d2882c60b55a59669971b_134930215abb8a90ec37d6cc05b05e08fc0.jpg?1785410347,Crystal,1,0,MCH
Ria Esta,46580024,120,75,Typhon,Elemental,199,0,537b652a83e9ead35e927e93170f46f0_32d8c9c7cd5f62d62da2d31b6750a680fc0.jpg?1785412472,Crystal,1,0,MCH
Satosan Fiftysix,26440218,120,0,Typhon,Elemental,199,0,0b17719ebd757aaebd8ff00d5d1bd6f5_32d8c9c7cd5f62d62da2d31b6750a680fc0.jpg?1785410333,Crystal,1,0,DRG
Quina Quale,22357925,124,78,Chocobo,Mana,198,0,8e04161822614b18e307be12f4aecf1e_781d6b3603312f6be41670afa37282e0fc0.jpg?1785412485,Crystal,1,0,AST
Cey Noqed,56239764,125,81,Anima,Mana,197,0,05a455503c1b9dc0712f50ad519d9d21_2f698530a28d671d20278c8518c804c9fc0.jpg?1785412151,Crystal,1,0,BLM
Shiro Yozora,25997255,126,82,Titan,Mana,196,0,4fb271416b8be97cbd977dc4cd9a7c1b_e2bb3f9679fec6d4836fcf8abcc3eeacfc0.jpg?1785410243,Crystal,17,0,BLM
Fania Eckert,2837251,127,83,Titan,Mana,196,0,7177d6fdd5036eebc72834f8376cd1cf_e2bb3f9679fec6d4836fcf8abcc3eeacfc0.jpg?1785411659,Crystal,10,0,SMN
Pi Eee,47920666,128,84,Aegis,Elemental,196,0,76497e5fd625035b6a1bb855c7418b8a_3ea38e723c590aabf186367e1eb7e6a1fc0.jpg?1785410048,Crystal,9,0,RDM
Pinn Pinn,7581229,129,85,Chocobo,Mana,192,0,1706e2472f4738c6982540a19097ec0d_781d6b3603312f6be41670afa37282e0fc0.jpg?1785412691,Crystal,1,0,DNC
Umai Okawari,28809423,130,0,Zeromus,Meteor,189,0,603544c81055f8085a950feb781bee2a_c76848359d0b4d2f37aefbb9903ed97bfc0.jpg?1785411962,Crystal,1,0,SCH
Dome Violet,45179152,131,91,Masamune,Mana,106,4,a95c15ebd393e5497d6641d375ec02b1_134930215abb8a90ec37d6cc05b05e08fc0.jpg?1785411963,Crystal,5,4,BRD
Cole Cotte,35200239,132,86,Ramuh,Meteor,106,0,9acbd1b4d8e74c2e0d4a71ce9834fab5_410ddb5a66a2fcacf538bec5ea5d0291fc0.jpg?1785410872,Crystal,1,0,WHM
Merry Scrald,11886780,133,0,Belias,Meteor,105,0,7bfbd82582fd003bc514339935d874a7_894c4bd0beab2e2beb44b74f4c4bd206fc0.jpg?1785410706,Crystal,4,0,AST
Flame Lieutenant,27336347,134,88,Carbuncle,Elemental,103,0,d0817be17ae2ce45486a2e26ae5d06d6_9eb3c19866f7ae0eeeffac7bf770aba5fc0.jpg?1785412305,Crystal,15,0,AST
Patricia Frankene,18106523,134,99,Ultima,Gaia,103,3,c545da9cb222915531dc1fa18623cb41_9df1b3cb0da35db33c17ef11ddf12adafc0.jpg?1785409737,Crystal,15,2,RDM
Inx Chrono,21920611,136,90,Yojimbo,Meteor,102,0,83c01df24231dda93176c28e69768459_4a92c619bde4f34cfa77e05fef21ad85fc0.jpg?1785411289,Crystal,9,0,BLM
Rech Leys,13839764,137,97,Asura,Mana,101,1,7bc422589ea337ab644d4bc829ed74bd_53f1445a9f28799a32ea55f046319fc3fc0.jpg?1785410142,Crystal,28,14,UNK
Oriental Art,1070191,138,92,Chocobo,Mana,101,0,d31830cb71830b425529f231f39e776b_781d6b3603312f6be41670afa37282e0fc0.jpg?1785412959,Crystal,1,0,SGE
Monica Bryant,34559458,139,158,Garuda,Elemental,100,100,40cd2c4ca4c17623d5c27dfb19831017_fcb1f5b0249d1069e5bdc66d0796f26afc0.jpg?1785412197,Crystal,48,21,LTW
Tatsumi Berserk,19183868,140,137,Ifrit,Gaia,100,100,54a616ddbe0b20dbfc773ec735961a62_f9f796348bc43067c7242ec4551cde69fc0.jpg?1785409923,Crystal,45,28,NIN
Very Loooooooooooong,45433715,141,157,Anima,Mana,100,100,e7afe8b45f41457ea5316dab06e39a5b_2f698530a28d671d20278c8518c804c9fc0.jpg?1785410828,Crystal,36,4,UNK
Majyo Last,4927104,142,196,Ixion,Mana,100,100,abea00150b3fc3eff3f4d437fc5d82a9_7126768d768f6c6c7fed3eaee98c3a8afc0.jpg?1785412707,Crystal,34,16,AST
Momo Mori,30221811,143,102,Ifrit,Gaia,100,0,9434c5a1a8c3b2c8d1ebf5440ef2455a_f9f796348bc43067c7242ec4551cde69fc0.jpg?1785409811,Crystal,27,18,ALC
Sober Ga,9544200,144,0,Masamune,Mana,100,0,7fc7cff5310240681e3c9c95b7c59ffb_134930215abb8a90ec37d6cc05b05e08fc0.jpg?1785413107,Crystal,24,0,SGE
Ions Kurogane,59447235,145,149,Durandal,Gaia,100,100,5dc6d8a02ed60e18360bff1ed3698f17_806ea5b45071d5cd6bf393e38462ee71fc0.jpg?1785410712,Crystal,23,15,MCH
Turumaru Piccolo,17249165,146,135,Shinryu,Meteor,100,100,04cb411f0fe27f7b8fe79317a5df3691_87b7d447f40b06dfc7228caf195f7dcffc0.jpg?1785412681,Crystal,20,8,NIN
Ato Ruderala,36258604,147,95,Ramuh,Meteor,100,0,584e9807025c7704e71e1e296efa1644_410ddb5a66a2fcacf538bec5ea5d0291fc0.jpg?1785410942,Crystal,19,0,VPR
Crystalline Conflict,56094564,148,96,Kujata,Elemental,100,0,dcae5be360cd5ac359780dd998fbbf57_72c48f093f2278ac3243962d3eb6a8d7fc0.jpg?1785411231,Crystal,15,0,UNK
Ruru Rururun,41786182,148,189,Ifrit,Gaia,100,100,3fd0ff0d0e58f6a761a54eebd33b7bc6_f9f796348bc43067c7242ec4551cde69fc0.jpg?1785412634,Crystal,15,9,UNK
Sora Kirei,14465480,148,138,Typhon,Elemental,100,100,03f5dfd5ab7e1427255c464753e72077_32d8c9c7cd5f62d62da2d31b6750a680fc0.jpg?1785411314,Crystal,15,5,PLD
Tarex Youva,26374295,148,149,Tonberry,Elemental,100,100,7dad78de32b2e7e31077d03f095a81ac_7bb6b1e488f0e4f01c5314d010b60f31fc0.jpg?1785411187,Crystal,15,7,MNK
Hyde Suta,3129505,152,103,Carbuncle,Elemental,100,0,4535742390448a5e3b926ce9d7f18056_9eb3c19866f7ae0eeeffac7bf770aba5fc0.jpg?1785411351,Crystal,13,5,SCH
Kamai Tatsu,29892918,153,104,Belias,Meteor,100,0,07af2e6006bf1cc13d61320c9564c48e_894c4bd0beab2e2beb44b74f4c4bd206fc0.jpg?1785410871,Crystal,12,5,DRK
Zukasa Yatoh,8768354,153,0,Typhon,Elemental,100,0,4b9242a67c4aa4390facfa8e2028de4b_32d8c9c7cd5f62d62da2d31b6750a680fc0.jpg?1785413109,Crystal,12,0,DRG
Snow Albarn,25263326,155,0,Fenrir,Gaia,100,0,fa179c06d46acce251bb94d22a05e931_d384cf5ad7db803f29799f36ebbc3eadfc0.jpg?1785412592,Crystal,10,0,BLM
Zero No'name,24180515,155,101,Titan,Mana,100,0,3f2ec2a99605ed4d05ef0e5bc0f3b8d4_e2bb3f9679fec6d4836fcf8abcc3eeacfc0.jpg?1785412187,Crystal,10,0,PLD
Fio Waldstein,15536952,157,110,Chocobo,Mana,100,0,cad62c88f360d5d6d4f48b42b2e493d0_781d6b3603312f6be41670afa37282e0fc0.jpg?1785411238,Crystal,8,6,WAR
Kaede Felis,33728274,158,0,Typhon,Elemental,100,0,40686a32bf2ab631ff7e7677fc614cb3_32d8c9c7cd5f62d62da2d31b6750a680fc0.jpg?1785410052,Crystal,7,0,WAR
Beorn Flint,61529398,159,0,Mandragora,Meteor,100,0,4507237b3154f0500f368c8975cd596c_ee738654add55c3d07ea92d8e108074cfc0.jpg?1785412444,Crystal,6,0,VPR
Comachi Dj,13425678,159,110,Hades,Mana,100,0,4983bf5b31ed2764865b5fd4a01a64a5_a4730651230dd43cb129562a30d531aefc0.jpg?1785410323,Crystal,6,4,GNB
Yoochan Fantasy,30892468,159,108,Anima,Mana,100,0,179b316106d60bb1488917ac1c45548c_2f698530a28d671d20278c8518c804c9fc0.jpg?1785411466,Crystal,6,2,SGE
Elisa Wolframite,18964939,162,115,Hades,Mana,100,0,5582934bb6b94d50874d7d241225aa74_a4730651230dd43cb129562a30d531aefc0.jpg?1785413203,Crystal,5,4,NIN
Iris Yamao,31576726,162,106,Shinryu,Meteor,100,0,64c44722ec2c6ff7cfb9ab2e5554b730_87b7d447f40b06dfc7228caf195f7dcffc0.jpg?1785411526,Crystal,5,0,BLM
Webley Rehw-setlas,17882657,164,115,Ridill,Gaia,100,0,0a6d6dae107ba471df1b3d81c87b0a89_138751880f18161a907d7cf0faa43f07fc0.jpg?1785410723,Crystal,4,0,UNK
Lifa Testarossa,1581967,165,0,Garuda,Elemental,100,0,e3fe9d2f986ff2af89b20a896a7dd100_fcb1f5b0249d1069e5bdc66d0796f26afc0.jpg?1785410323,Crystal,3,0,BRD
Nemuko Makura,22952337,166,0,Durandal,Gaia,100,0,2de9ba12432dbfa0962543bd77521100_806ea5b45071d5cd6bf393e38462ee71fc0.jpg?1785409737,Crystal,2,0,SCH
Sono Ta,49701933,166,110,Shinryu,Meteor,100,0,c5fbe5dc524e8f9d2eb8b7c350df2a00_87b7d447f40b06dfc7228caf195f7dcffc0.jpg?1785412058,Crystal,2,0,MCH
Wabi Suke,1601102,166,110,Asura,Mana,100,0,355b0ae1cb512875c96e88afa06d36a7_53f1445a9f28799a32ea55f046319fc3fc0.jpg?1785412797,Crystal,2,0,NIN
Wasa Beef,49246246,166,110,Shinryu,Meteor,100,0,e99b0c86882ba3bd71e3f5d7b719549c_87b7d447f40b06dfc7228caf195f7dcffc0.jpg?1785412023,Crystal,2,0,UNK
Felik Mqzino,3228461,170,115,Ultima,Gaia,100,0,e0fa758cd21d584189f586f1dbab3151_9df1b3cb0da35db33c17ef11ddf12adafc0.jpg?1785412383,Crystal,1,0,SGE
Yayuyo Aespa,35461964,170,115,Tiamat,Gaia,100,0,16b1729f46aad9c60b8448e48789febf_9f10d335198e90990f3437c5733468e7fc0.jpg?1785412020,Crystal,1,0,PLD
Ahhhhhhhhh Haaaaaaaaa,27905070,172,119,Fenrir,Gaia,100,0,677ceae1da7d90401ff11febbe50cff8_d384cf5ad7db803f29799f36ebbc3eadfc0.jpg?1785410861,Crystal,0,0,NIN
Jios Quartar,3179754,172,0,Tiamat,Gaia,100,0,e4a3c15118c1258c3c33b152cbada545_9f10d335198e90990f3437c5733468e7fc0.jpg?1785411857,Crystal,0,0,PCT
Kageto Magatsuki,36052369,172,0,Ultima,Gaia,100,0,c99eebd98f0729313042324985a6fc9a_9df1b3cb0da35db33c17ef11ddf12adafc0.jpg?1785413063,Crystal,0,0,PCT
Kotatu Mikan,22566283,172,119,Ifrit,Gaia,100,0,89896b33aefae0916b7c6eb21c27641e_f9f796348bc43067c7242ec4551cde69fc0.jpg?1785409924,Crystal,0,0,DRG
Rilm Valoth,17536858,172,119,Tonberry,Elemental,100,0,18015c19ef92dd21ab4fe83a83d51ee9_7bb6b1e488f0e4f01c5314d010b60f31fc0.jpg?1785412611,Crystal,0,0,MCH
Serasu Vic,35748124,172,126,Alexander,Gaia,100,0,1c76ce7d344f9dacccac434020d246e5_b7a71d8799cf6dd75b711a7f52de6675fc0.jpg?1785410308,Crystal,0,0,PLD
Tsuchi Tsuki,39089046,172,255,Bahamut,Gaia,100,0,032858264c706c6341f57dbef9e86da1_86da943caa70c8694707ab2ff74e68c9fc0.jpg?1785410925,Crystal,0,0,DRK
Zitnn Alexand,10097624,172,119,Belias,Meteor,100,0,9ba803d5e4d6d11746adc55721fd0c6e_894c4bd0beab2e2beb44b74f4c4bd206fc0.jpg?1785411741,Crystal,0,0,DRG
Lil Latte,55025559,180,0,Anima,Mana,0,0,2d01c7e9c74b9faebdd6d9ece7c9eb4a_2f698530a28d671d20278c8518c804c9fc0.jpg?1785410791,Diamond,56,53,UNK
Fafayon Nanayon,12048786,181,298,Chocobo,Mana,0,0,b283bd786b4c6854f79b0f5968b4ebbb_781d6b3603312f6be41670afa37282e0fc0.jpg?1785411502,Diamond,24,22,UNK
Rev Raven,8795859,181,0,Masamune,Mana,0,0,abddc6e80b0f6cbbb92006b7baab7d97_134930215abb8a90ec37d6cc05b05e08fc0.jpg?1785413036,Diamond,24,0,UNK
Rarara Rabbit,23103539,183,0,Anima,Mana,0,0,e32c4d277187bcd58a3c3d751bb6fb96_2f698530a28d671d20278c8518c804c9fc0.jpg?1785412101,Diamond,20,0,AST
Aruku Babyun,7383311,184,123,Unicorn,Meteor,0,0,c2fa4e98c1f4638d053218fa4c127b4c_393eb74047bb90c8d80dea54218430eefc0.jpg?1785410325,Diamond,18,0,WAR
Cocomo Como,30612915,184,203,Unicorn,Meteor,0,0,a047da1705d1341dc080fca3e1f8c350_393eb74047bb90c8d80dea54218430eefc0.jpg?1785411573,Diamond,18,9,WHM
Shara Mura,40394634,186,0,Garuda,Elemental,0,0,00ee76cc1f13c8d3891aee16b0a97d91_fcb1f5b0249d1069e5bdc66d0796f26afc0.jpg?1785411545,Diamond,15,0,RDM
Kyass Siki,23041662,187,140,Anima,Mana,0,0,5cdbec81a516edb0b61ee54248f37aaf_2f698530a28d671d20278c8518c804c9fc0.jpg?1785410646,Diamond,13,4,SAM
Layla Kirsten,47778901,187,0,Yojimbo,Meteor,0,0,1028df3754b4687b6c793cbb5ff32d9b_4a92c619bde4f34cfa77e05fef21ad85fc0.jpg?1785410015,Diamond,13,0,BRD
Mitui Aset,29908583,189,0,Zeromus,Meteor,0,0,03c5c419a0ed40508b02b7656c3bc1e1_c76848359d0b4d2f37aefbb9903ed97bfc0.jpg?1785410211,Diamond,30,0,NIN
Azusa A'z,9917991,190,136,Valefor,Meteor,0,0,9a4b71f1ac5c0e02e818be31a1d439f2_485f4777c38002871591fb54f27edc65fc0.jpg?1785411478,Diamond,28,8,DRG
Tya-tama Elnest,24427558,191,217,Yojimbo,Meteor,0,0,3f3a1173605c888904f4779eaccc3a72_4a92c619bde4f34cfa77e05fef21ad85fc0.jpg?1785410202,Diamond,19,9,BRD
Maverick Romeo,46962375,192,132,Yojimbo,Meteor,0,0,995d47ed9c45fc68cd11f66adc0cd6dd_4a92c619bde4f34cfa77e05fef21ad85fc0.jpg?1785411735,Diamond,14,2,BLM
Rekey Lazuline,7660930,192,125,Anima,Mana,0,0,a0f0f483db663160f06e9bfb698a808d_2f698530a28d671d20278c8518c804c9fc0.jpg?1785411017,Diamond,14,0,RDM
Renmu Luna,36159846,194,0,Ultima,Gaia,0,0,29f301d4c72b5dc79d96f486e2c33bc3_9df1b3cb0da35db33c17ef11ddf12adafc0.jpg?1785410676,Diamond,12,0,WHM
Mikall Nikall,27338323,195,0,Carbuncle,Elemental,0,0,e60a512b2d60c224cfd9c74b6449dffd_9eb3c19866f7ae0eeeffac7bf770aba5fc0.jpg?1785411293,Diamond,9,0,PLD
Strawberry Hat,57505676,196,131,Tonberry,Elemental,0,0,5afb62c4e97465a42baa4dea913380fd_7bb6b1e488f0e4f01c5314d010b60f31fc0.jpg?1785412502,Diamond,35,22,RDM
Rigel Aura,23033368,197,127,Asura,Mana,0,0,5ddcad14350b750f59e9a858e2f7d03c_53f1445a9f28799a32ea55f046319fc3fc0.jpg?1785412500,Diamond,33,12,UNK
Lily Skywaker,6792620,198,0,Ixion,Mana,0,0,2a199e9346f375c2f2e814be59d0cf09_7126768d768f6c6c7fed3eaee98c3a8afc0.jpg?1785410872,Diamond,27,0,PCT
Suteiki Niku,21443132,199,0,Ixion,Mana,0,0,2f186f805d4bb29abd9458d61593b81a_7126768d768f6c6c7fed3eaee98c3a8afc0.jpg?1785411047,Diamond,22,0,RDM
Area Koma,5903864,200,128,Zeromus,Meteor,0,0,019acc38ed27b95699c6c7334376033d_c76848359d0b4d2f37aefbb9903ed97bfc0.jpg?1785411991,Diamond,20,4,GNB
Now Tarako,25271680,201,147,Belias,Meteor,0,0,238a3ddced202809c65eaecd03eda2d1_894c4bd0beab2e2beb44b74f4c4bd206fc0.jpg?1785411502,Diamond,14,10,MCH
Rio Valencia,3184664,202,129,Bahamut,Gaia,0,0,c923ef9c84c4dd791499e68da5deb25c_86da943caa70c8694707ab2ff74e68c9fc0.jpg?1785412587,Diamond,10,0,MCH
Madness Hatter,47229107,203,130,Masamune,Mana,0,0,b1ce721e9a0d715503eac373843b74d3_134930215abb8a90ec37d6cc05b05e08fc0.jpg?1785411952,Diamond,54,28,GNB
Koharu Yoharu,48704540,204,0,Unicorn,Meteor,0,0,59c8442d86fecf85e3be6247b88eddb1_393eb74047bb90c8d80dea54218430eefc0.jpg?1785410060,Diamond,29,25,DRG
Lily Fleurdelis,3490739,205,0,Kujata,Elemental,0,0,d702f2678d53091549a1679735bbd57f_72c48f093f2278ac3243962d3eb6a8d7fc0.jpg?1785412302,Diamond,25,0,BLM
Fine Wine,38709478,206,0,Gungnir,Elemental,0,0,34085768826eec456c206e95d27fa73c_8f82f937943b6baf4c565020d5eba0ccfc0.jpg?1785412461,Diamond,18,0,PCT
Chara Rara,34895009,207,141,Anima,Mana,0,0,a2fdbef9f1b62a7a7fe7fd22cb9b7326_2f698530a28d671d20278c8518c804c9fc0.jpg?1785410335,Diamond,17,10,WAR
Veri Alicia,9258260,208,132,Carbuncle,Elemental,0,0,243856f1a822e598f83f36d05b0e485c_9eb3c19866f7ae0eeeffac7bf770aba5fc0.jpg?1785413027,Diamond,12,0,PLD
Eris Lihzeh,21340234,209,187,Valefor,Meteor,0,0,c034722148b81128c2375e8c611f8db5_485f4777c38002871591fb54f27edc65fc0.jpg?1785411340,Diamond,11,4,MNK
Kenafu Helga,19478437,209,0,Kujata,Elemental,0,0,2b6fcf4ad71a2a07c30eec648c59e7fc_72c48f093f2278ac3243962d3eb6a8d7fc0.jpg?1785411080,Diamond,11,0,UNK
Wriggle Nightbug,4274881,211,179,Chocobo,Mana,0,0,2ab37dc6168b1af1d1aff8ad35b1df94_781d6b3603312f6be41670afa37282e0fc0.jpg?1785410208,Diamond,8,3,SAM
Risuko Morino,7677889,212,134,Unicorn,Meteor,0,0,96086d2857127e6a39d153c0d12be556_393eb74047bb90c8d80dea54218430eefc0.jpg?1785410789,Diamond,39,12,UNK
Elu Acknowless,58699844,213,0,Mandragora,Meteor,0,0,60c2649fe79faac79d3e7ac948084121_ee738654add55c3d07ea92d8e108074cfc0.jpg?1785410358,Diamond,30,22,RDM
Takesiba Musasino,29225556,214,198,Durandal,Gaia,0,0,5cacf8dd1a9dae9427de92b387913396_806ea5b45071d5cd6bf393e38462ee71fc0.jpg?1785411307,Diamond,24,10,NIN
Arurun Aru,4766853,215,164,Ixion,Mana,0,0,ef6167a3e733b6d5ca2166ef13d63a6d_7126768d768f6c6c7fed3eaee98c3a8afc0.jpg?1785412185,Diamond,22,10,WHM
Reina Candy,11073614,216,149,Shinryu,Meteor,0,0,08d2aeb8b4d75dee8963fbcfdee1bc9d_87b7d447f40b06dfc7228caf195f7dcffc0.jpg?1785412845,Diamond,21,13,SMN
Teratera Teramina,51643625,217,176,Ridill,Gaia,0,0,83b858e3bdc9248c43f1b502ee21ef34_138751880f18161a907d7cf0faa43f07fc0.jpg?1785412338,Diamond,20,13,NIN
Yoshi Mu,14733990,218,0,Garuda,Elemental,0,0,f7082caf447c811b5ecb2dba3238c656_fcb1f5b0249d1069e5bdc66d0796f26afc0.jpg?1785412803,Diamond,18,0,UNK
Cipolla Cebolla,3607761,219,0,Ifrit,Gaia,0,0,f8b33386418ddd7f178bcdcedf2a19fa_f9f796348bc43067c7242ec4551cde69fc0.jpg?1785410307,Diamond,14,0,DRK
Gobou Mekara,16295932,220,176,Chocobo,Mana,0,0,b0b05a15f0e0132f73d76efb146bb255_781d6b3603312f6be41670afa37282e0fc0.jpg?1785410228,Diamond,11,4,PCT
Alice Prospero,41799655,221,0,Shinryu,Meteor,0,0,4bf4e894cf61b3ea0ef902a3375d21ea_87b7d447f40b06dfc7228caf195f7dcffc0.jpg?1785411812,Diamond,6,0,SMN
Sakuya Sera,21835844,222,143,Durandal,Gaia,0,0,c3fa6f72151612aeca83a30e68f577e9_806ea5b45071d5cd6bf393e38462ee71fc0.jpg?1785411633,Diamond,33,4,PLD
Ace Su,31801270,223,0,Ixion,Mana,0,0,1e2377b34263e93263ec140679203cec_7126768d768f6c6c7fed3eaee98c3a8afc0.jpg?1785410141,Diamond,23,11,UNK
Kanata Nishiki,51518712,224,0,Ramuh,Meteor,0,0,f9a7a07121c24e16915fde21238b6fcf_410ddb5a66a2fcacf538bec5ea5d0291fc0.jpg?1785411660,Diamond,15,6,WHM
Nuts-eater Masako,58818316,225,0,Aegis,Elemental,0,0,ce8fb0e3178706a835225acb9558c0ed_3ea38e723c590aabf186367e1eb7e6a1fc0.jpg?1785413311,Diamond,13,0,UNK
Proof Welbeck,1631186,226,138,Anima,Mana,0,0,2f3b149feb17d287875a58a220690204_2f698530a28d671d20278c8518c804c9fc0.jpg?1785411046,Diamond,10,0,PLD
Reygard Zazapoki,2306407,226,0,Tonberry,Elemental,0,0,217af034a276bf78c84b6ef6826f6c8d_7bb6b1e488f0e4f01c5314d010b60f31fc0.jpg?1785410229,Diamond,10,0,WHM
Yu Phil,58976040,228,0,Masamune,Mana,0,0,f5f16fef894ded2d7fed3f62646f02a3_134930215abb8a90ec37d6cc05b05e08fc0.jpg?1785411334,Diamond,9,7,UNK
Kurths Nardin,14567743,229,289,Carbuncle,Elemental,0,0,890ebec056373b4c9e5333abaa88727d_9eb3c19866f7ae0eeeffac7bf770aba5fc0.jpg?1785411352,Diamond,8,5,SMN
Mumucha Sushiroll,1576167,230,0,Mandragora,Meteor,0,0,f8e461e3429acde067b399f6743f575d_ee738654add55c3d07ea92d8e108074cfc0.jpg?1785413189,Diamond,7,0,UNK
Fall Leaves,22881570,231,142,Masamune,Mana,0,0,23540a672824a88d3fc727e33d7f3254_134930215abb8a90ec37d6cc05b05e08fc0.jpg?1785412315,Diamond,6,0,SAM
Nagi Haruka,1165003,232,195,Ultima,Gaia,0,0,02b67ad9f5596ecfd86188d66dfccdaf_9df1b3cb0da35db33c17ef11ddf12adafc0.jpg?1785412404,Diamond,51,23,BRD
Shelga Sena,12697925,233,0,Gungnir,Elemental,0,0,db65ec94097825acaecb859c8879f087_8f82f937943b6baf4c565020d5eba0ccfc0.jpg?1785410831,Diamond,30,12,AST
Bambi Jp,54856263,234,0,Yojimbo,Meteor,0,0,e0b355c67706f36ac65a3daa81d6f98a_4a92c619bde4f34cfa77e05fef21ad85fc0.jpg?1785411117,Diamond,25,0,MCH
Lucy Tave,5530448,235,0,Durandal,Gaia,0,0,fd7ea485d2ba7644c76c49d7b00fce24_806ea5b45071d5cd6bf393e38462ee71fc0.jpg?1785410869,Diamond,23,13,WAR
Holo Holo,2401211,236,0,Hades,Mana,0,0,475c448c757a038f01743ec0218d046f_a4730651230dd43cb129562a30d531aefc0.jpg?1785410777,Diamond,21,13,DRG
Rinfia Rint,24291060,237,145,Durandal,Gaia,0,0,a0d48d9035ce8cb65db8d80e6f885428_806ea5b45071d5cd6bf393e38462ee71fc0.jpg?1785411927,Diamond,18,6,WHM
Ren Yagami,2211036,238,220,Alexander,Gaia,0,0,006c10637b502eabcd0682b44d9ed93e_b7a71d8799cf6dd75b711a7f52de6675fc0.jpg?1785411433,Diamond,17,8,AST
Alphecca Gemma,4526393,239,144,Unicorn,Meteor,0,0,c10d06d433c5e12b072a5585ba187a79_393eb74047bb90c8d80dea54218430eefc0.jpg?1785412487,Diamond,14,1,DRG
Crosner Agathe,1685660,239,270,Mandragora,Meteor,0,0,61a52bbd914b0c7f0b9af4110a19e6f0_ee738654add55c3d07ea92d8e108074cfc0.jpg?1785410789,Diamond,14,6,MNK
Wr Nnc,35802954,239,149,Typhon,Elemental,0,0,1212ebad6dde8cf1cd79905a2b648b5d_32d8c9c7cd5f62d62da2d31b6750a680fc0.jpg?1785410649,Diamond,14,6,RPR
Belle Waon,3972955,242,255,Garuda,Elemental,0,0,21faf51cee73f102a18dde71e77806bf_fcb1f5b0249d1069e5bdc66d0796f26afc0.jpg?1785410421,Diamond,13,7,PLD
Yashiro Nanakase,50567023,242,289,Durandal,Gaia,0,0,a2ffd90cc491ce7361adecc48dac5bec_806ea5b45071d5cd6bf393e38462ee71fc0.jpg?1785412111,Diamond,13,10,DRK
Shuntaro Xxx,44848538,244,0,Unicorn,Meteor,0,0,4c23250851001fcd749d3cfaae78626c_393eb74047bb90c8d80dea54218430eefc0.jpg?1785411337,Diamond,12,10,WAR
Velvet Shilky,15655369,244,145,Anima,Mana,0,0,988a0ec11e3b6bbbfc5478b0eab4b03f_2f698530a28d671d20278c8518c804c9fc0.jpg?1785410433,Diamond,12,0,PLD
Love Ladoll,47881815,246,153,Zeromus,Meteor,0,0,fcb4f97496323324eb91fb9011d85caa_c76848359d0b4d2f37aefbb9903ed97bfc0.jpg?1785411206,Diamond,11,4,SMN
Pipi Rupipi,46388617,246,172,Ridill,Gaia,0,0,b5eafab62aeba30f47ef1dc72cff8b3e_138751880f18161a907d7cf0faa43f07fc0.jpg?1785412753,Diamond,11,3,PLD
Syaro Teaparty,46726981,248,147,Anima,Mana,0,0,789d245f48598b208651776d91481b6b_2f698530a28d671d20278c8518c804c9fc0.jpg?1785411762,Diamond,9,0,RDM
Lyon'li Labbuta,32964201,249,229,Aegis,Elemental,0,0,df16ef81570a0aae9abea4afba3d0858_3ea38e723c590aabf186367e1eb7e6a1fc0.jpg?1785413184,Diamond,8,3,NIN
Nier- Replicant,37468108,249,153,Asura,Mana,0,0,13c3e566b12af8d19aac3478b28cfd42_53f1445a9f28799a32ea55f046319fc3fc0.jpg?1785410567,Diamond,8,1,SMN
Lucece Luce,22856100,251,153,Carbuncle,Elemental,0,0,cf790ec88ce1ee81dd2f57a20c445403_9eb3c19866f7ae0eeeffac7bf770aba5fc0.jpg?1785410467,Diamond,7,0,VPR
Shokei Ho,30687420,251,156,Hades,Mana,0,0,2ef916230993ea7292dd24269227da9f_a4730651230dd43cb129562a30d531aefc0.jpg?1785410328,Diamond,7,1,WAR
Verudandy Muninn,11243557,253,265,Tonberry,Elemental,0,0,5d2026447409def6086459b52ec1684c_7bb6b1e488f0e4f01c5314d010b60f31fc0.jpg?1785410257,Diamond,46,23,PLD
Scuderia Spider,21330660,254,180,Alexander,Gaia,0,0,d45189123fa427bac4307d56876fef72_b7a71d8799cf6dd75b711a7f52de6675fc0.jpg?1785412810,Diamond,36,19,WAR
Yuki Amamiya,31666386,255,159,Asura,Mana,0,0,be0f5c48cd51ee52ae9fb5fbd908b45a_53f1445a9f28799a32ea55f046319fc3fc0.jpg?1785411044,Diamond,35,17,GNB
He Ro,57048881,256,213,Ultima,Gaia,0,0,1988e9fc4df817df742388c245715b40_9df1b3cb0da35db33c17ef11ddf12adafc0.jpg?1785413318,Diamond,25,11,UNK
Kakera Del,40268854,256,160,Belias,Meteor,0,0,cc58a734b92e49560e1992e229d39563_894c4bd0beab2e2beb44b74f4c4bd206fc0.jpg?1785412816,Diamond,25,11,VPR
Ageha Zero,23835412,258,185,Hades,Mana,0,0,056c3e38e10636bc73badb2ef7875a26_a4730651230dd43cb129562a30d531aefc0.jpg?1785412254,Diamond,24,14,SMN
Schnee Astre,15762263,259,168,Ixion,Mana,0,0,f8e8cfc7021c8d0f4d70ebccaf0bc872_7126768d768f6c6c7fed3eaee98c3a8afc0.jpg?1785412067,Diamond,19,10,AST
Yu Lluvia,48936263,259,211,Ultima,Gaia,0,0,3a5dd0f5dc6a7ba5985a690e9b6ae465_9df1b3cb0da35db33c17ef11ddf12adafc0.jpg?1785411623,Diamond,19,3,BLM
Aegis Langley,3804510,261,163,Kujata,Elemental,0,0,3bc86f473d65219199042e8fc95fd1c3_72c48f093f2278ac3243962d3eb6a8d7fc0.jpg?1785412178,Diamond,18,5,SCH
Ku Zu,8645344,262,165,Tiamat,Gaia,0,0,9a0526547e58b7d9b5216f686d6d3929_9f10d335198e90990f3437c5733468e7fc0.jpg?1785410923,Diamond,17,7,UNK
Rou Moshroca,15197315,262,182,Belias,Meteor,0,0,357b5b0026ba3861e85f8fca4426e321_894c4bd0beab2e2beb44b74f4c4bd206fc0.jpg?1785412636,Diamond,17,4,BRD
Ginono Pearl,59094069,264,0,Kujata,Elemental,0,0,589e09db77517e4b763086dd32c4de65_72c48f093f2278ac3243962d3eb6a8d7fc0.jpg?1785411858,Diamond,15,11,UNK
Poor Screem,47010123,265,160,Garuda,Elemental,0,0,2bda2e0016aa62e833a1c075ab09edb9_fcb1f5b0249d1069e5bdc66d0796f26afc0.jpg?1785412566,Diamond,14,0,BRD
Lilii Lii,45887406,266,0,Masamune,Mana,0,0,bf2419ebdbbbb639e3206d5a3273a85a_134930215abb8a90ec37d6cc05b05e08fc0.jpg?1785412038,Diamond,13,10,SMN
Que Lie,27687617,266,172,Anima,Mana,0,0,27dbb9e3eb4cb4ae5f25289502ec5d7b_2f698530a28d671d20278c8518c804c9fc0.jpg?1785411392,Diamond,13,5,WAR
Gavrenon Whitelock,1670747,268,165,Tonberry,Elemental,0,0,0190a130e80838022a675b1f2a28319b_7bb6b1e488f0e4f01c5314d010b60f31fc0.jpg?1785412497,Diamond,10,0,DNC
Momochi Thunder,9048595,268,165,Bahamut,Gaia,0,0,3ce0fcc40e818a0d134a6c043d2c09f5_86da943caa70c8694707ab2ff74e68c9fc0.jpg?1785410833,Diamond,10,0,ARM
Kuszanagi Hyperion,29823870,270,178,Kujata,Elemental,0,0,9c0ffbb97c41a6d6e33567df432f80f0_72c48f093f2278ac3243962d3eb6a8d7fc0.jpg?1785412229,Diamond,9,3,VPR
Laugh Orz,49796117,270,168,Ramuh,Meteor,0,0,f693557ba9dbe3fb9abf2ca293ec21cd_410ddb5a66a2fcacf538bec5ea5d0291fc0.jpg?1785411666,Diamond,9,0,UNK
Saku Bakeneko,33803756,270,168,Tiamat,Gaia,0,0,4ba6589b87f78ed822e8b7b3afd9d5c9_9f10d335198e90990f3437c5733468e7fc0.jpg?1785412396,Diamond,9,0,VPR
Totoya Toya,52809943,270,168,Tiamat,Gaia,0,0,c767e5b8db73f952d64ae68dec4fa69c_9f10d335198e90990f3437c5733468e7fc0.jpg?1785410137,Diamond,9,0,UNK
Gogant Gogant,24052697,274,172,Atomos,Elemental,0,0,9b2637d94cc0b341ddad961722026fdf_cf768a751b1f5e355c2fd39a9ed91f3ffc0.jpg?1785410722,Diamond,8,0,VPR
Mizuki Tacha,11347077,274,282,Shinryu,Meteor,0,0,a24963a83696d903e606e7b6cc930277_87b7d447f40b06dfc7228caf195f7dcffc0.jpg?1785410465,Diamond,8,4,BRD
Pochi Nyan,16112258,274,172,Ifrit,Gaia,0,0,98226c17d144ccdcbd76974c969613ee_f9f796348bc43067c7242ec4551cde69fc0.jpg?1785413179,Diamond,8,0,PLD
Yu Haru,31526046,274,0,Hades,Mana,0,0,d1d463d935a459f76da24079cf48b932_a4730651230dd43cb129562a30d531aefc0.jpg?1785413287,Diamond,8,0,UNK
Luto Crossford,23034353,278,0,Yojimbo,Meteor,0,0,d7fc3d4551a0290b655cc671459af66b_4a92c619bde4f34cfa77e05fef21ad85fc0.jpg?1785410090,Diamond,7,0,UNK
Alisha A'lisha,22587475,279,298,Valefor,Meteor,0,0,8d066e8b8c9ac4ac15470748192e4e8f_485f4777c38002871591fb54f27edc65fc0.jpg?1785412150,Diamond,6,4,SMN
Amelia Merci,4615493,279,0,Garuda,Elemental,0,0,db0adaf5f94fc8a26eddba17a3cc3000_fcb1f5b0249d1069e5bdc66d0796f26afc0.jpg?1785410892,Diamond,6,5,SAM
Sol Aris,57521975,279,0,Tiamat,Gaia,0,0,6ab68bf6eefec05bfad7e7947693606d_9f10d335198e90990f3437c5733468e7fc0.jpg?1785412481,Diamond,6,0,SAM
Zedek Alchemister,44485506,282,183,Hades,Mana,0,0,57423f9f7664fe2a7e4b6f51f5ceb38b_a4730651230dd43cb129562a30d531aefc0.jpg?1785410824,Diamond,34,22,BLM
Omochi Mochii,30150225,283,212,Unicorn,Meteor,0,0,74e2d615d665dff442ba47c657f997d8_393eb74047bb90c8d80dea54218430eefc0.jpg?1785412573,Diamond,30,15,MCH
Astaroth Seraph,8511230,284,213,Anima,Mana,0,0,338045c37e7e4aa52bc97e5005c7267b_2f698530a28d671d20278c8518c804c9fc0.jpg?1785410554,Diamond,26,12,WAR
Reisu Nojea,9952920,284,259,Carbuncle,Elemental,0,0,b19c99afae6f80705e5b0bebd3c03052_9eb3c19866f7ae0eeeffac7bf770aba5fc0.jpg?1785412080,Diamond,26,21,PCT
Rairu Machikane,35982501,286,249,Carbuncle,Elemental,0,0,3e3590e33dc0f4200701883e081b45c4_9eb3c19866f7ae0eeeffac7bf770aba5fc0.jpg?1785409823,Diamond,19,10,MCH
Cloe Delacroix,38248903,287,184,Ramuh,Meteor,0,0,4f65189259aa970465c3bc462b9307a1_410ddb5a66a2fcacf538bec5ea5d0291fc0.jpg?1785412321,Diamond,18,7,GNB
Serori Fluoright,23635433,288,251,Hades,Mana,0,0,fdcd4ce6ccfc1ba20edd21632ce6576f_a4730651230dd43cb129562a30d531aefc0.jpg?1785410587,Diamond,17,9,DNC
Hayashi Reita,52684199,289,181,Fenrir,Gaia,0,0,12e2bb5d5c36fd69bf91670ac00ea977_d384cf5ad7db803f29799f36ebbc3eadfc0.jpg?1785410959,Diamond,16,0,UNK
Katuo Bushi,48894263,289,0,Garuda,Elemental,0,0,8b92a347d66765b2b2d24c1ad40d5afa_fcb1f5b0249d1069e5bdc66d0796f26afc0.jpg?1785413150,Diamond,16,9,SAM
Blue Maxwell,15361370,291,0,Durandal,Gaia,0,0,8287426ec96aab2ec25485f7c720ce0b_806ea5b45071d5cd6bf393e38462ee71fc0.jpg?1785412968,Diamond,15,12,UNK
White Lycoris,25503606,292,187,Ixion,Mana,0,0,1fd05d6baab5439d2c33292c473844fe_7126768d768f6c6c7fed3eaee98c3a8afc0.jpg?1785411502,Diamond,13,6,DRG
Aqua Wilhelm,9520123,293,282,Bahamut,Gaia,0,0,d9ecd2e4aaf99d3ce6be3c4714ef31ca_86da943caa70c8694707ab2ff74e68c9fc0.jpg?1785412571,Diamond,11,7,GNB
Nil Neko,33755071,293,278,Bahamut,Gaia,0,0,e61989f1f8837cd1fd123388a0514425_86da943caa70c8694707ab2ff74e68c9fc0.jpg?1785411764,Diamond,11,6,AST
M'ia Tia,38242630,295,0,Tiamat,Gaia,0,0,df44443eaf36e311c79116a20ddd9005_9f10d335198e90990f3437c5733468e7fc0.jpg?1785410777,Diamond,10,0,NIN
Makoto Halone,43563024,295,193,Zeromus,Meteor,0,0,d44d3401e25d236536b74a72be0c21ac_c76848359d0b4d2f37aefbb9903ed97bfc0.jpg?1785411681,Diamond,10,6,RDM
Rohesa Morgan,10586618,295,225,Ramuh,Meteor,0,0,1b6623c84e2fcee5c1d726a691ab88ba_410ddb5a66a2fcacf538bec5ea5d0291fc0.jpg?1785410726,Diamond,10,4,GSM
Saka Sun,4332447,295,0,Fenrir,Gaia,0,0,b31a7471fe1a248e108702d6d19d9c60_d384cf5ad7db803f29799f36ebbc3eadfc0.jpg?1785411607,Diamond,10,0,AST
Xi Cross,9829888,299,186,Belias,Meteor,0,0,a3d20f19481c3f0ae24c6938e2edc25a_894c4bd0beab2e2beb44b74f4c4bd206fc0.jpg?1785413213,Diamond,9,0,MCH
Fuku Maru,61194013,300,0,Kujata,Elemental,0,0,37b08e34a6e378a59c45dd8f0be0f8ca_72c48f093f2278ac3243962d3eb6a8d7fc0.jpg?1785411337,Diamond,8,7,RPR
Suhr Zarek,8876676,1,0,Balmung,Crystal,1207,3,c09e4087ccb76545f31b81fa5ca01485_7a573cbc0cda3a3dfc1795cb3d9f7b23fc0.jpg?1785410430,Crystal,26,8,PLD
Mavis Enyo,14769968,2,0,Excalibur,Primal,994,199,00bced457c7cea8ae968197c61367bed_745baffc465480ed372e274d50318290fc0.jpg?1785410204,Crystal,12,2,WAR
Hrothmar Blackburns,28757856,3,6,Adamantoise,Aether,919,318,ba6405bac0d5b1fb489962984f0d9fb9_1f5fd239b885860b7c2bfc72ad1d97effc0.jpg?1785413147,Crystal,33,16,BLM
Celesse Archon,5403993,4,8,Midgardsormr,Aether,902,305,46c05696a375eb66cab3503bea79e4e4_5c8ecfbc673e1287a9b5e85423fe1657fc0.jpg?1785411138,Crystal,17,6,AST
Terro Mctwisp,49469934,5,10,Leviathan,Primal,894,397,4f22d821591ca7181ba2027974b77e2f_a91aae52cff9ef65932db06b150ffd47fc0.jpg?1785412633,Crystal,11,4,VPR
Fye Alanyk,48751064,6,3,Diabolos,Crystal,815,104,d605d68b88b347dfdb8a9b9e6c3539d6_7b33d33ae3ecb996f778a5f67a6a0af6fc0.jpg?1785412382,Crystal,18,5,VPR
Pekora Meow,37421725,7,4,Leviathan,Primal,799,99,dc85502f9baa330d5a15d3c0a6f002a0_a91aae52cff9ef65932db06b150ffd47fc0.jpg?1785409998,Crystal,35,19,RDM
Fulheart Grit,38212551,8,0,Balmung,Crystal,787,0,4a4d99f967c37bf42bd739857921e360_7a573cbc0cda3a3dfc1795cb3d9f7b23fc0.jpg?1785412353,Crystal,12,0,MNK
Uki Yo,50106047,9,21,Adamantoise,Aether,785,488,75e9983a4dd07e7e5de0ed1ac11a23fb_1f5fd239b885860b7c2bfc72ad1d97effc0.jpg?1785411217,Crystal,10,7,RPR
Merlin Emryss,9605720,10,5,Faerie,Aether,699,0,87179f28ae17956a4d43567dadf6ea60_0e336ff6ad415f47233f0aaf127feac0fc0.jpg?1785411802,Crystal,22,10,BLM
Death Reaps,8773483,11,15,Balmung,Crystal,683,286,265183f487ab7e0a5a5b3128ec29a82a_7a573cbc0cda3a3dfc1795cb3d9f7b23fc0.jpg?1785410512,Crystal,21,18,MNK
Kasai Kage,21886030,12,7,Adamantoise,Aether,618,19,6835735c490425c8a49d6889308a3484_1f5fd239b885860b7c2bfc72ad1d97effc0.jpg?1785411735,Crystal,14,4,NIN
Akari Tsuki,46655701,13,0,Adamantoise,Aether,602,203,08f7ffe45c1b134f99ea040b39ee2bdd_1f5fd239b885860b7c2bfc72ad1d97effc0.jpg?1785413270,Crystal,14,5,SMN
Olivia Lugria,15149290,14,22,Sargatanas,Aether,589,294,c230658574a9dc12a4eb6fae2e16ceb4_ba22853447012a24cee115315d6a5bebfc0.jpg?1785409766,Crystal,19,9,DRK
Tomo Kote,38176817,15,18,Gilgamesh,Aether,583,285,e5d7502ad7f21874552a4fc21553ee9e_b937560c841465f7c4bc8eb47ea7948afc0.jpg?1785412409,Crystal,20,16,SAM
Lucio Harundo,4012099,16,9,Leviathan,Primal,512,0,d042eff245eaa56c0b6989df68a99564_a91aae52cff9ef65932db06b150ffd47fc0.jpg?1785411278,Crystal,33,19,WAR
Haha Unless,35825889,17,30,Faerie,Aether,506,306,3c249691791cbe0f2fb3ccc230c9a4e4_0e336ff6ad415f47233f0aaf127feac0fc0.jpg?1785410062,Crystal,15,14,DNC
Meteor Moon,29693876,18,30,Rafflesia,Dynamis,506,306,7f262df9422aa27c9dd850d004812561_2783886613347a4db0bed7524de1298ffc0.jpg?1785412376,Crystal,12,11,SGE
Lillian Floresca,58646686,19,28,Diabolos,Crystal,505,305,4855e798f71f9426ff66aa8bcfc65aed_7b33d33ae3ecb996f778a5f67a6a0af6fc0.jpg?1785411670,Crystal,27,6,UNK
Ham Baga,28276994,20,44,Balmung,Crystal,501,399,80672270fca68b3d3fa2f4c0b220427a_7a573cbc0cda3a3dfc1795cb3d9f7b23fc0.jpg?1785411551,Crystal,11,8,MCH
Myu Meow,9691497,21,17,Leviathan,Primal,499,200,d925a41776719d761c94e8e32e5e7a0f_a91aae52cff9ef65932db06b150ffd47fc0.jpg?1785411817,Crystal,8,3,MCH
Barock Obama,52411158,22,0,Siren,Aether,499,0,05a5459925b46dd9d074e273b24d5d27_58a84e851e55175d22158ca97af58a1ffc0.jpg?1785410062,Crystal,7,0,PLD
Jay Vermillion,20310837,23,26,Adamantoise,Aether,497,295,ae2f157d9c523947744b038a73f77be6_1f5fd239b885860b7c2bfc72ad1d97effc0.jpg?1785411904,Crystal,25,15,PCT
Bisukito Neko,32261082,24,11,Zalera,Crystal,495,0,3462c7ee2de7556ca86498dc5214a7fb_8106f857613f8fb994b0be37b26ff4bafc0.jpg?1785412455,Crystal,14,0,UNK
Sylvie Chan,48678953,25,48,Brynhildr,Crystal,405,305,14580705b6124b25ef19217300b4891f_d0a0f515a62457570c9b44997063e3c1fc0.jpg?1785410839,Crystal,15,11,WHM
Crow Meow,54328117,26,12,Jenova,Aether,400,0,7eded062751a7f80f7f3d9fbe0ab8e34_ce736afe35e2ded4e46c4fd0659aef7efc0.jpg?1785409990,Crystal,6,0,SCH
Pvp Badboy,38919488,27,50,Sargatanas,Aether,399,0,8833f678967938d2e79b8d993021ce3f_ba22853447012a24cee115315d6a5bebfc0.jpg?1785410592,Crystal,20,0,NIN
Seto Mimyho,20943977,28,35,Behemoth,Primal,399,200,e0110a23ddcddf11cb8bf1e895c56d75_be20385e18333edb329d4574f364a1f0fc0.jpg?1785413275,Crystal,19,7,FSH
Miyu Moon,14522179,29,27,Mateus,Crystal,399,198,3562f4cf44aad7d526acbf8fae3937b0_f0c52cc66e124fc2e641d7c21ab2ce79fc0.jpg?1785413316,Crystal,9,6,SAM
Velvet Mordio,11975584,30,14,Exodus,Primal,399,0,78d6cff1cf5b31e96125819d9688bb5a_0cdf051c93865faa15cbc5cd3d2b69fbfc0.jpg?1785413051,Crystal,7,0,DRG
Lelouch Masamune,12543299,31,55,Malboro,Crystal,397,397,711457fd66b589fb422ba4640a4826f0_2e97c13fdd593d15d543093f8a37b6f0fc0.jpg?1785411646,Crystal,40,14,SCH
Air Azure,41482862,32,25,Rafflesia,Dynamis,397,192,a32fc7c37974e2629ce594c455ff54a7_2783886613347a4db0bed7524de1298ffc0.jpg?1785409878,Crystal,20,15,WHM
Aibertain Mando,32541700,33,38,Jenova,Aether,393,195,8dec967ad48c9a703018a7445740a7f3_ce736afe35e2ded4e46c4fd0659aef7efc0.jpg?1785413226,Crystal,9,7,MCH
Rubedo Ginshi,15639088,34,106,Lamia,Primal,306,0,bbc5b3eb96e1a1691fb9abb344fc3217_4d9be17b5e1edc617052b4dbf4007875fc0.jpg?1785410577,Crystal,12,0,RPR
Zeta Salazar,44375733,35,0,Midgardsormr,Aether,301,0,4be3c205f3892cdbc09e8417ad6dbb68_5c8ecfbc673e1287a9b5e85423fe1657fc0.jpg?1785410464,Crystal,21,0,SAM
Garu Kettle,7054871,36,0,Behemoth,Primal,301,0,e03f1b46663ddb8c150315a88c79c9f1_be20385e18333edb329d4574f364a1f0fc0.jpg?1785410684,Crystal,5,0,UNK
Onion Little,37583983,37,16,Zalera,Crystal,300,0,59533d6fd2d0a8b58595bf860ae3f36a_8106f857613f8fb994b0be37b26ff4bafc0.jpg?1785410942,Crystal,13,5,AST
Ash Meow,28316663,38,0,Faerie,Aether,300,0,1d4dc329a59b5b1e26a3423a11d1a751_0e336ff6ad415f47233f0aaf127feac0fc0.jpg?1785411407,Crystal,6,0,RDM
Rin Denma,33178809,39,134,Gilgamesh,Aether,300,0,6c5bab6678d3c44b6e646bc8726eb9f9_b937560c841465f7c4bc8eb47ea7948afc0.jpg?1785413298,Crystal,3,0,UNK
Vann Healsing,6572,40,19,Coeurl,Crystal,298,0,e19ce452168669ef7abba0e26cc8ee4c_284358f8eb4efc9095914e46798c6ab3fc0.jpg?1785413104,Crystal,3,0,SGE
Yulia Lunaria,82714,40,19,Coeurl,Crystal,298,0,30d19e29baad4dfe064001a80a4466e1_284358f8eb4efc9095914e46798c6ab3fc0.jpg?1785413103,Crystal,3,0,WAR
Nero K'ten,6155374,42,47,Lamia,Primal,296,196,457604f04300faac0e52a053884e2bb7_4d9be17b5e1edc617052b4dbf4007875fc0.jpg?1785410843,Crystal,12,6,AST
Sanahi Keto,57330112,43,23,Hyperion,Primal,295,0,6531a5f5216bf8e7efcdcf26e24615cb_57ae9ee5592123dd79c8912bf768cf99fc0.jpg?1785410730,Crystal,6,0,WAR
Koifucius Dao-master,37165464,44,24,Exodus,Primal,292,0,030277d5215f88056127d2b9e88474e4_0cdf051c93865faa15cbc5cd3d2b69fbfc0.jpg?1785410010,Crystal,6,0,WHM
No Buts,2234245,45,43,Zalera,Crystal,204,10,0d8b9ae74f55ea0ba374fa7b38b48862_8106f857613f8fb994b0be37b26ff4bafc0.jpg?1785410277,Crystal,17,7,WAR
Eyre Stahl,32745572,46,0,Maduin,Dynamis,202,0,0d24cf6e8f53fc59a993fd5e5311d4e0_7ff236346f6151d8a2c08fd0b4a0b806fc0.jpg?1785410935,Crystal,1,0,SAM
Nero Cor,51685882,47,29,Cactuar,Aether,201,1,a53a1a6499997a089c36337bcc3ae46d_96ab1df8877c1f8ba6a89a39cccfd437fc0.jpg?1785411428,Crystal,12,6,NIN
Rusheel Vasscus,2314921,48,0,Adamantoise,Aether,201,0,a4248cc27f1d518fee3b2b12da021669_1f5fd239b885860b7c2bfc72ad1d97effc0.jpg?1785411553,Crystal,1,0,MNK
Aiberaint Mando,58601227,49,30,Faerie,Aether,200,0,b7621f9e3f9c7a33ce4acd4a392c3a41_0e336ff6ad415f47233f0aaf127feac0fc0.jpg?1785410393,Crystal,13,12,PLD
Big Three,47754584,50,0,Zalera,Crystal,200,0,ef1725c11b5e975338a0b9d2fccdabfe_8106f857613f8fb994b0be37b26ff4bafc0.jpg?1785410131,Crystal,5,0,WAR
Raiden Meow,60049984,51,42,Halicarnassus,Dynamis,200,4,82a7874a19aee552f4a0f8ff2b663dff_f2d324d722b28bbe681b2898bcdca8bffc0.jpg?1785413009,Crystal,4,3,BRD
P'roto Idola,35374628,52,30,Brynhildr,Crystal,200,0,a91ad9e8c6c6ddb0905cd9aa6cede8e3_d0a0f515a62457570c9b44997063e3c1fc0.jpg?1785410716,Crystal,3,2,WAR
Joe Biden',48592929,53,0,Seraph,Dynamis,200,0,c06fd69e6b294b74118f1a8ad5727f56_07fb0511053f398d1f2d6831e6a6b4c8fc0.jpg?1785413261,Crystal,2,0,UNK
Air Weaver,12424525,54,30,Coeurl,Crystal,200,0,06474f472310d759766363e8e8f53b3f_284358f8eb4efc9095914e46798c6ab3fc0.jpg?1785411137,Crystal,1,0,WHM
Size Difference,33536390,55,0,Sargatanas,Aether,199,0,770b5bd32a40e292765490f8e46eaf60_ba22853447012a24cee115315d6a5bebfc0.jpg?1785409904,Crystal,34,0,NIN
Kuina Kagetsu,36802695,56,61,Ultros,Primal,199,199,dd8ffbe11c53ea988c605c9c24157c59_c514cdcdb619439df97d906d4434ccc6fc0.jpg?1785413201,Crystal,11,3,SGE
Novical Astrea,42979170,57,36,Exodus,Primal,199,0,b638930bbe9987be79fa698126728549_0cdf051c93865faa15cbc5cd3d2b69fbfc0.jpg?1785409963,Crystal,8,7,BRD
Raphtalia Solari,8126326,58,37,Adamantoise,Aether,199,1,baeca36f0f50dbb796496ea18e58ee30_1f5fd239b885860b7c2bfc72ad1d97effc0.jpg?1785413265,Crystal,6,1,SGE
Silanah Sylphrena,45709349,59,45,Faerie,Aether,199,98,353d000e66ebf6b7715ff5998504f784_0e336ff6ad415f47233f0aaf127feac0fc0.jpg?1785410121,Crystal,5,4,PLD
Mits Suki,33204212,60,0,Famfrit,Primal,199,0,5bb063598970951b9c8c586bd4f0db1f_fce4949e615393e574f2d57134b31fc1fc0.jpg?1785409866,Crystal,3,0,MNK
Milly Mina,37964161,61,0,Cuchulainn,Dynamis,199,0,f3300c3e28b3c5b4a3767a587341831e_b4a106e4893fd452df0001eaeecf9d7efc0.jpg?1785413328,Crystal,1,0,AST
Gidding Mimid,9835761,62,0,Exodus,Primal,197,0,97296d489ec3afb5d7c65e3c6fa7fc05_0cdf051c93865faa15cbc5cd3d2b69fbfc0.jpg?1785410794,Crystal,5,0,NIN
Onigiri Bunny,7352884,63,39,Behemoth,Primal,197,0,382f2b7a0b15514c38a6e2d5af3d8014_be20385e18333edb329d4574f364a1f0fc0.jpg?1785410838,Crystal,1,0,UNK
Roland Montpensier,27408688,63,39,Mateus,Crystal,197,0,f999e29fa2ab10f6ba02338f493e886b_f0c52cc66e124fc2e641d7c21ab2ce79fc0.jpg?1785410931,Crystal,1,0,DRG
Unagi Box,34773273,63,39,Cuchulainn,Dynamis,197,0,05a513d02b60c767bfb83440ab2d406b_b4a106e4893fd452df0001eaeecf9d7efc0.jpg?1785411330,Crystal,1,0,GNB
Unit Two,9241194,66,81,Ultros,Primal,195,195,641de9f4edfaf7fe05a95460092c87ef_c514cdcdb619439df97d906d4434ccc6fc0.jpg?1785412062,Crystal,49,33,PLD
Ninety-nine Agility,43878532,67,0,Famfrit,Primal,102,0,07309ebd18b321f5df47f9ab79049d40_fce4949e615393e574f2d57134b31fc1fc0.jpg?1785412481,Crystal,1,0,AST
Vittorio Moretti,61421815,68,284,Diabolos,Crystal,100,100,8c11f65c791a4f39ba7c716aeb6bc8d9_7b33d33ae3ecb996f778a5f67a6a0af6fc0.jpg?1785411524,Crystal,42,26,RDM
Sitri Belladonna,44271644,69,141,Maduin,Dynamis,100,100,d5fba1e5169b57a308fb1ea60e3553cf_7ff236346f6151d8a2c08fd0b4a0b806fc0.jpg?1785411328,Crystal,25,20,VPR
Snowsteps Frozenheart,25431273,69,60,Siren,Aether,100,100,3e9412aba214d5dab23b4cdfc8b81294_58a84e851e55175d22158ca97af58a1ffc0.jpg?1785410238,Crystal,25,6,DNC
Labrys Roux,31449732,71,56,Ultros,Primal,100,100,b78d649d03beba97a36fa9eebc98afc4_c514cdcdb619439df97d906d4434ccc6fc0.jpg?1785411585,Crystal,21,1,AST
Minato Maki,53819658,71,66,Excalibur,Primal,100,100,03c1d1dc5b9a30317518ec9a30c301ab_745baffc465480ed372e274d50318290fc0.jpg?1785409877,Crystal,21,12,MNK
June Buggy,39873640,73,46,Brynhildr,Crystal,100,0,929fb7f3958e6f1fbc9e559d731c0108_d0a0f515a62457570c9b44997063e3c1fc0.jpg?1785411900,Crystal,18,0,RDM
Neo Dymium,33030676,74,0,Seraph,Dynamis,100,0,24be6098cf7acc2de169d92917d3299f_07fb0511053f398d1f2d6831e6a6b4c8fc0.jpg?1785409899,Crystal,6,0,VPR
Nemx Eisenhorn,2244246,75,48,Excalibur,Primal,100,0,8d22c9821683049e16868ac1de65df41_745baffc465480ed372e274d50318290fc0.jpg?1785413180,Crystal,4,0,SGE
La Bubu,26625120,76,0,Diabolos,Crystal,100,0,733d34df72366760c6f44581681c9088_7b33d33ae3ecb996f778a5f67a6a0af6fc0.jpg?1785411192,Crystal,2,0,BRD
Naomi Hakoma,13697124,77,52,Halicarnassus,Dynamis,100,0,a6732f9cc34509a6761d618186e745fd_f2d324d722b28bbe681b2898bcdca8bffc0.jpg?1785409961,Crystal,1,1,MIN
Sarantsatsral Kha,26082962,77,51,Behemoth,Primal,100,0,f8735f190504d139ee16ec1a623371dc_be20385e18333edb329d4574f364a1f0fc0.jpg?1785410022,Crystal,1,0,BLM
Haley Autouria,105933,79,52,Coeurl,Crystal,100,0,8e6b9b10fc2e31af21e24fdaae151c61_284358f8eb4efc9095914e46798c6ab3fc0.jpg?1785411153,Crystal,0,0,UNK
Io Isana,33563057,79,52,Coeurl,Crystal,100,0,bb1bccc46bef2876072e2e7fa326fa12_284358f8eb4efc9095914e46798c6ab3fc0.jpg?1785410187,Crystal,0,0,PLD
Dread Ross,4916315,81,78,Exodus,Primal,0,0,dafd63f0b3ce97e8283a4d153f0acd06_0cdf051c93865faa15cbc5cd3d2b69fbfc0.jpg?1785411619,Diamond,50,28,WAR
Neco-arc Myuri,1364925,82,116,Balmung,Crystal,0,0,45595754292a6e60dac91dc40349a619_7a573cbc0cda3a3dfc1795cb3d9f7b23fc0.jpg?1785412930,Diamond,23,22,UNK
Johnny Rotten,60584717,83,57,Balmung,Crystal,0,0,16dd0eb6be877814ca22fed24fe6191d_7a573cbc0cda3a3dfc1795cb3d9f7b23fc0.jpg?1785410133,Diamond,15,2,SMN
Lazy Bear,39566180,84,83,Faerie,Aether,0,0,a07cf0c35d5a78a5a1b9ca16d6f41803_0e336ff6ad415f47233f0aaf127feac0fc0.jpg?1785411818,Diamond,25,14,PLD
Ethan Dumas,2337003,85,59,Zalera,Crystal,0,0,4363afb6aeff95a15293cf3907560f7b_8106f857613f8fb994b0be37b26ff4bafc0.jpg?1785410024,Diamond,18,7,RDM
Theory Ai,55206021,86,62,Leviathan,Primal,0,0,018be547248466158b1d0f9de4315340_a91aae52cff9ef65932db06b150ffd47fc0.jpg?1785410281,Diamond,47,27,PLD
Pravik Rhati,30628415,87,58,Zalera,Crystal,0,0,6f338ced5bbbd90812f4a17468f53684_8106f857613f8fb994b0be37b26ff4bafc0.jpg?1785413036,Diamond,32,15,DRG
Anti Luminosity,53824427,88,104,Marilith,Dynamis,0,0,345441c3ea324bf07484e7e6f1031ccc_bbfb28d5a9059cd0c768daf77ab29982fc0.jpg?1785410529,Diamond,25,17,RPR
Ash Ymir,58885179,89,67,Goblin,Crystal,0,0,9326f044cdbd54d081c76d88de6310e0_8e81e2940511f7152ba4462fe53e35b8fc0.jpg?1785412885,Diamond,27,14,SAM
Fyoriah Aliapoh,44734635,90,64,Faerie,Aether,0,0,298901c71b421faa4612e0bbd9420820_0e336ff6ad415f47233f0aaf127feac0fc0.jpg?1785410592,Diamond,25,11,WHM
Freelili Baylili,41088797,91,69,Famfrit,Primal,0,0,2fd0edea93f7f1b96bfa59c24d04a2af_fce4949e615393e574f2d57134b31fc1fc0.jpg?1785409872,Diamond,19,10,MCH
Noraliza Aubyrn,32094068,92,0,Goblin,Crystal,0,0,8a18cbebe3a2fc2c4bc70809fec01623_8e81e2940511f7152ba4462fe53e35b8fc0.jpg?1785412931,Diamond,18,0,DRK
Navori Valois,48622291,93,82,Siren,Aether,0,0,4facdc408c9ad771bc52001d3c82fa9f_58a84e851e55175d22158ca97af58a1ffc0.jpg?1785411008,Diamond,16,4,VPR
Jin Mercer,31096690,94,0,Marilith,Dynamis,0,0,708b770d30658bbff6a84015d913b518_bbfb28d5a9059cd0c768daf77ab29982fc0.jpg?1785412351,Diamond,7,0,DRG
Mocha Sun,31799604,95,63,Coeurl,Crystal,0,0,3929588579c8d6631b5fe6a13edbb3dd_284358f8eb4efc9095914e46798c6ab3fc0.jpg?1785410462,Diamond,15,5,VPR
Tarex Youva,34244171,96,95,Behemoth,Primal,0,0,f62a1a6593a19abc7f2ade2191e57159_be20385e18333edb329d4574f364a1f0fc0.jpg?1785410826,Diamond,13,7,BRD
Abel Catallus,20632128,97,0,Hyperion,Primal,0,0,a753917cbe6dc89a0ba41f10003a621d_57ae9ee5592123dd79c8912bf768cf99fc0.jpg?1785412904,Diamond,12,0,BLM
Hilto Feltre,55076328,98,0,Sargatanas,Aether,0,0,4a850e1dbb7f6f3aeff5b21df6166f3f_ba22853447012a24cee115315d6a5bebfc0.jpg?1785411330,Diamond,8,0,RPR
Isabeau Yuki,56519813,99,80,Balmung,Crystal,0,0,f89033dd8180df3efc68a5b0f142cf25_7a573cbc0cda3a3dfc1795cb3d9f7b23fc0.jpg?1785413103,Diamond,24,13,SMN
Tiny Sosig,16648383,100,75,Balmung,Crystal,0,0,47661dc0b135d6c15fadc46a3fa85816_7a573cbc0cda3a3dfc1795cb3d9f7b23fc0.jpg?1785412189,Diamond,23,13,MNK
Jenova Catgirl,56356925,101,0,Balmung,Crystal,0,0,fdd023d68fd7a60dd9109a3f33c74fb1_7a573cbc0cda3a3dfc1795cb3d9f7b23fc0.jpg?1785410781,Diamond,16,0,MCH
M' Twelve,36885704,102,0,Halicarnassus,Dynamis,0,0,0f10ff80520b725264b0aed8ac62d609_f2d324d722b28bbe681b2898bcdca8bffc0.jpg?1785410864,Diamond,13,0,UNK
Silah Zetsku,53965328,102,71,Marilith,Dynamis,0,0,d2b4042f092dccb0d381fdc61afe74c3_bbfb28d5a9059cd0c768daf77ab29982fc0.jpg?1785411459,Diamond,13,6,PLD
Brian Ricardo,9364090,104,65,Adamantoise,Aether,0,0,c00688b4ac9b567c1a4de9d648fbbff4_1f5fd239b885860b7c2bfc72ad1d97effc0.jpg?1785409906,Diamond,11,0,AST
Yui Fins,46861659,105,126,Adamantoise,Aether,0,0,477904411f28cfd029518422146e02f0_1f5fd239b885860b7c2bfc72ad1d97effc0.jpg?1785410463,Diamond,30,24,PLD
Eroison Chren,42575447,106,89,Behemoth,Primal,0,0,d66c862181da18eea3335d6667510dc6_be20385e18333edb329d4574f364a1f0fc0.jpg?1785412897,Diamond,23,10,SAM
Glowing Orchid,38774047,107,91,Siren,Aether,0,0,88f633924891d0f1c7e70d8b2684e821_58a84e851e55175d22158ca97af58a1ffc0.jpg?1785412803,Diamond,19,8,WHM
Malachi Lights,12672217,107,83,Kraken,Dynamis,0,0,78c8b470bdf08206e10dc0aea773bc7c_049a956dfeb0eb2e19c417a1dde4d680fc0.jpg?1785413138,Diamond,19,8,MCH
Savard Qerel,20600432,109,0,Diabolos,Crystal,0,0,db0af86bd2eb90f70c42b9e65658aff2_7b33d33ae3ecb996f778a5f67a6a0af6fc0.jpg?1785410431,Diamond,14,0,BRD
Kale Crow,57973655,110,0,Excalibur,Primal,0,0,39e30189265e5cf770bddc1b87bdb349_745baffc465480ed372e274d50318290fc0.jpg?1785412292,Diamond,9,0,UNK
Shiba Kotohime,43864312,111,0,Balmung,Crystal,0,0,03f0a4821e97ef1e04b4bc44363c30e3_7a573cbc0cda3a3dfc1795cb3d9f7b23fc0.jpg?1785410107,Diamond,7,0,PLD
Stephanie Dolla,28812314,112,74,Zalera,Crystal,0,0,d9051d9ee54d0e9f8178549cfed7d8cf_8106f857613f8fb994b0be37b26ff4bafc0.jpg?1785411695,Diamond,27,8,AST
Gongsun Qerel,38059779,113,103,Mateus,Crystal,0,0,015ef2d1ef8f18b0cf7fa0e646fa2d12_f0c52cc66e124fc2e641d7c21ab2ce79fc0.jpg?1785411466,Diamond,19,3,WAR
Alma Braver,729037,114,0,Goblin,Crystal,0,0,1d50d402d833734bf7f0d1fe6b3af5e8_8e81e2940511f7152ba4462fe53e35b8fc0.jpg?1785412331,Diamond,9,0,WHM
F'ool Pr'oof,27802292,115,0,Behemoth,Primal,0,0,07756f3cccf4cada3f3d40b5d44ef841_be20385e18333edb329d4574f364a1f0fc0.jpg?1785409943,Diamond,8,0,DNC
Jen Helstrom,25258759,116,88,Coeurl,Crystal,0,0,04eae21709a39e9beb00eaf137a9c920_284358f8eb4efc9095914e46798c6ab3fc0.jpg?1785411495,Diamond,31,8,SAM
Reed Diamond,7237831,117,71,Ultros,Primal,0,0,132bb33f336f4f3ae42c3cf9a96a11ad_c514cdcdb619439df97d906d4434ccc6fc0.jpg?1785411371,Diamond,19,12,MNK
Zypris Allsbane,13616095,118,68,Leviathan,Primal,0,0,8194751bb802fcd9691a7ee558040836_a91aae52cff9ef65932db06b150ffd47fc0.jpg?1785412229,Diamond,11,0,RPR
Kiitla Hundar,21600585,119,0,Brynhildr,Crystal,0,0,acff83df95bca2189584bd6af72e84ce_d0a0f515a62457570c9b44997063e3c1fc0.jpg?1785410492,Diamond,10,0,UNK
Mini Miki,48775956,120,70,Hyperion,Primal,0,0,f93a08a63d35da3273db5bd24d02c19b_57ae9ee5592123dd79c8912bf768cf99fc0.jpg?1785412641,Diamond,8,0,SAM
V'rahsa Yun,36482021,121,71,Diabolos,Crystal,0,0,33c355fce6bd87aedc5b77aaaf8aacd9_7b33d33ae3ecb996f778a5f67a6a0af6fc0.jpg?1785410547,Diamond,7,0,UNK
Zolzayaa Noykin,34804380,121,77,Balmung,Crystal,0,0,ff773bbf0388cc8a61ac7c87e78f978f_7a573cbc0cda3a3dfc1795cb3d9f7b23fc0.jpg?1785411493,Diamond,7,2,VPR
Lux Mas,23065843,123,76,Sargatanas,Aether,0,0,88a2ca0abf69b95b8d6893d740e04615_ba22853447012a24cee115315d6a5bebfc0.jpg?1785410101,Diamond,21,12,PCT
Living Failure,41211137,124,0,Ultros,Primal,0,0,0944d31af8dc0ff0f4aef75057f6b371_c514cdcdb619439df97d906d4434ccc6fc0.jpg?1785412349,Diamond,10,0,RDM
Shimori Bunihara,50186185,125,0,Kraken,Dynamis,0,0,c7cd2842a29701e0963bf6d156392014_049a956dfeb0eb2e19c417a1dde4d680fc0.jpg?1785410239,Diamond,8,0,BLM
Scythe Horrorblade,32713598,126,150,Mateus,Crystal,0,0,43c41a5aa8d981f109e6d76f3347bd93_f0c52cc66e124fc2e641d7c21ab2ce79fc0.jpg?1785410705,Diamond,40,14,UNK
Cj Deux,23394493,127,79,Lamia,Primal,0,0,64702aeefa55d2931c531ddadd7964ea_4d9be17b5e1edc617052b4dbf4007875fc0.jpg?1785410347,Diamond,23,11,SMN
Adrianne Lehman,335503,128,94,Jenova,Aether,0,0,9487d4bc6332e7a22c323a4ee321ffa1_ce736afe35e2ded4e46c4fd0659aef7efc0.jpg?1785411804,Diamond,22,14,NIN
Saria Desolita,7318698,129,123,Exodus,Primal,0,0,b9d47f2d43e0c5bf6c608abae563f12e_0cdf051c93865faa15cbc5cd3d2b69fbfc0.jpg?1785410583,Diamond,21,12,PLD
Noel Bunny,5201676,130,155,Behemoth,Primal,0,0,c7f99603b6e09c43470bbabaed203add_be20385e18333edb329d4574f364a1f0fc0.jpg?1785410846,Diamond,20,13,UNK
V'linh Tia,35736983,131,91,Hyperion,Primal,0,0,760e31f96b4d3b3534fcdc43c9564fab_57ae9ee5592123dd79c8912bf768cf99fc0.jpg?1785412129,Diamond,19,8,MCH
Orpheus Laine,29851207,132,105,Gilgamesh,Aether,0,0,5939235fbb052c79392d334cce14ca00_b937560c841465f7c4bc8eb47ea7948afc0.jpg?1785410022,Diamond,13,6,WAR
Shinra Tatsuya,8648762,133,0,Gilgamesh,Aether,0,0,7dccb5e520b149afd2b044279fa8694e_b937560c841465f7c4bc8eb47ea7948afc0.jpg?1785411491,Diamond,7,0,ALC
Lishenna Bloodborne,12882191,134,0,Ultros,Primal,0,0,99310d0cea042cd2f2464c5e5675b99b_c514cdcdb619439df97d906d4434ccc6fc0.jpg?1785412873,Diamond,5,0,UNK
Eloza Ketsch,8667845,135,121,Malboro,Crystal,0,0,4414bb689fd8033d67e6821653f9a232_2e97c13fdd593d15d543093f8a37b6f0fc0.jpg?1785411171,Diamond,54,30,VPR
Nanamie Namie,54007603,136,85,Seraph,Dynamis,0,0,0a2ba3a431605dbe05215a75dffd70e7_07fb0511053f398d1f2d6831e6a6b4c8fc0.jpg?1785409857,Diamond,24,15,DRG
Phrosticus Maximus,51732834,137,87,Kraken,Dynamis,0,0,36921233b0c05085a501c86bb51f5633_049a956dfeb0eb2e19c417a1dde4d680fc0.jpg?1785413258,Diamond,16,10,NIN
Oni Akuma,7300790,138,86,Gilgamesh,Aether,0,0,e8e098720e245711114b4614110261b5_b937560c841465f7c4bc8eb47ea7948afc0.jpg?1785410352,Diamond,14,7,MNK
Horan Lou,38248988,139,98,Brynhildr,Crystal,0,0,3c88d2c3502bacefa5eb1e223a75217b_d0a0f515a62457570c9b44997063e3c1fc0.jpg?1785409774,Diamond,11,9,RDM
Celeste Aeternum,38129090,140,127,Adamantoise,Aether,0,0,76510814c4215ff9bd016e9313ee6e2c_1f5fd239b885860b7c2bfc72ad1d97effc0.jpg?1785411838,Diamond,9,4,WHM
You Sea,12059416,141,0,Gilgamesh,Aether,0,0,6ac29901580281ae6a79f2e6a070dc6a_b937560c841465f7c4bc8eb47ea7948afc0.jpg?1785412217,Diamond,3,0,DRG
Zero Infinity,24892158,142,202,Leviathan,Primal,0,0,3e81b091ca7d58c24c56ff29d26ce657_a91aae52cff9ef65932db06b150ffd47fc0.jpg?1785412226,Diamond,52,17,SGE
Grem Lynoir,49876244,143,90,Diabolos,Crystal,0,0,e9408b6119c7b2f158074dc2c17546b2_7b33d33ae3ecb996f778a5f67a6a0af6fc0.jpg?1785412384,Diamond,15,3,DRG
Elphen Gura,2247953,144,97,Gilgamesh,Aether,0,0,292e135e4f46290be61b4699e8236363_b937560c841465f7c4bc8eb47ea7948afc0.jpg?1785412543,Diamond,14,11,SMN
Mutilated Remains,15274725,145,140,Adamantoise,Aether,0,0,8f629073b22cd80f608068b9cfd406f3_1f5fd239b885860b7c2bfc72ad1d97effc0.jpg?1785409959,Diamond,12,6,MNK
Pharys Ra,13620648,146,93,Excalibur,Primal,0,0,ab536250c61e7cff127e8bc9e716882f_745baffc465480ed372e274d50318290fc0.jpg?1785412904,Diamond,11,2,RDM
Aurora Aura,51466191,147,0,Coeurl,Crystal,0,0,6bf65747d41f881881af0d8d8ee83bb9_284358f8eb4efc9095914e46798c6ab3fc0.jpg?1785412051,Diamond,8,0,PCT
Rathais Gunnach,32955444,147,96,Brynhildr,Crystal,0,0,2a434eda7d82f52a4a70d056b83f2c27_d0a0f515a62457570c9b44997063e3c1fc0.jpg?1785412762,Diamond,8,3,SGE
Sabe Kryze,21508368,147,98,Coeurl,Crystal,0,0,a0a944e1f5230b8ce9389d528bf274af_284358f8eb4efc9095914e46798c6ab3fc0.jpg?1785412569,Diamond,8,6,WHM
Kanae Meow,36806118,150,0,Ultros,Primal,0,0,8969e8a0b518902a3996525f822b4701_c514cdcdb619439df97d906d4434ccc6fc0.jpg?1785410356,Diamond,7,0,WHM
Misdes Lightborn,15985822,150,0,Excalibur,Primal,0,0,b5a720db92fc3ecb59bb12c0885b2648_745baffc465480ed372e274d50318290fc0.jpg?1785410509,Diamond,7,0,DRK
Sophia Sol,50636657,152,127,Diabolos,Crystal,0,0,f2e548487adc8d24ba4ee5ae891d1fca_7b33d33ae3ecb996f778a5f67a6a0af6fc0.jpg?1785413033,Diamond,6,1,AST
Celicat Owaowa,35524850,153,0,Malboro,Crystal,0,0,a457193103c1bc069e4ac285614c96f0_2e97c13fdd593d15d543093f8a37b6f0fc0.jpg?1785410842,Diamond,5,0,SAM
A'kena Themis,30488636,154,0,Cuchulainn,Dynamis,0,0,0dfbdcebc19679eb813e05521b4bc587_b4a106e4893fd452df0001eaeecf9d7efc0.jpg?1785410602,Diamond,3,0,DNC
Ellie Meeps,36047772,154,0,Lamia,Primal,0,0,5075b5b323ed5910f6ab59867119b460_4d9be17b5e1edc617052b4dbf4007875fc0.jpg?1785410918,Diamond,3,0,MCH
Alhanelem Amidatelion,873371,156,0,Hyperion,Primal,0,0,6b4308cba17ad122edd5baebfaf6b98a_57ae9ee5592123dd79c8912bf768cf99fc0.jpg?1785409970,Diamond,2,0,PCT
Denmo Mcstronghuge,1150717,156,98,Excalibur,Primal,0,0,bb33b9be77e28ab26ee6367ad6ba7cac_745baffc465480ed372e274d50318290fc0.jpg?1785412125,Diamond,2,0,BLM
Diddly Gyatt,47133213,156,98,Excalibur,Primal,0,0,ccc0c02fa7582879eaf0559bd61758ec_745baffc465480ed372e274d50318290fc0.jpg?1785410543,Diamond,2,0,MNK
Na In,32505635,156,0,Goblin,Crystal,0,0,6ad54caac94f2e89fe9d5acd94c2c145_8e81e2940511f7152ba4462fe53e35b8fc0.jpg?1785409740,Diamond,2,0,AST
Shoji Takamura,61762635,160,177,Jenova,Aether,0,0,d5049e0803da1f5700919b28fc756498_ce736afe35e2ded4e46c4fd0659aef7efc0.jpg?1785410739,Diamond,36,5,DRG
Daeis Arc,31556437,161,0,Siren,Aether,0,0,a6f89bb3c06524a4b469909fd9e6cb4e_58a84e851e55175d22158ca97af58a1ffc0.jpg?1785412052,Diamond,18,7,MCH
Rei Momochi,50254035,162,102,Siren,Aether,0,0,cb1720f90e6c9a751720009eb7c39a62_58a84e851e55175d22158ca97af58a1ffc0.jpg?1785411274,Diamond,17,0,UNK
Greenage Hudson,17334864,163,151,Mateus,Crystal,0,0,8a24473a4118500340b8c827950bf0ee_f0c52cc66e124fc2e641d7c21ab2ce79fc0.jpg?1785411628,Diamond,14,6,PCT
Zhamla Meer,28108044,164,124,Diabolos,Crystal,0,0,d254cd9d290acc95810fd6d7c72153cf_7b33d33ae3ecb996f778a5f67a6a0af6fc0.jpg?1785411579,Diamond,13,6,SAM
Aeon Xel'kai,11883456,165,122,Gilgamesh,Aether,0,0,48aca0812d41518f37895b59be706dd8_b937560c841465f7c4bc8eb47ea7948afc0.jpg?1785412585,Diamond,12,1,GNB
Nana Shirogane,27492589,165,131,Lamia,Primal,0,0,3cda69c8242e3525a60690e884546ccd_4d9be17b5e1edc617052b4dbf4007875fc0.jpg?1785411680,Diamond,12,9,UNK
Hiro Hirino,4677599,167,0,Excalibur,Primal,0,0,a8fff7e575552e602ec806be25a54135_745baffc465480ed372e274d50318290fc0.jpg?1785413091,Diamond,11,0,WHM
Lumiel Alstreim,6929457,168,111,Balmung,Crystal,0,0,6004c4e57250b544ed36bf6b310e878a_7a573cbc0cda3a3dfc1795cb3d9f7b23fc0.jpg?1785409916,Diamond,7,4,BLM
Jon Jitsu,3287137,169,106,Exodus,Primal,0,0,40995ea7a6a7bd4a2bf41fe663bdcd2a_0cdf051c93865faa15cbc5cd3d2b69fbfc0.jpg?1785412806,Diamond,6,0,GNB
Kirishoto Azphina,7859003,169,0,Excalibur,Primal,0,0,c9689b4fc4af55f8366432b02c0ce55f_745baffc465480ed372e274d50318290fc0.jpg?1785411609,Diamond,6,0,WHM
Aahaha Hahahahaha,31743716,171,108,Exodus,Primal,0,0,77935bdcfdbdbcd8404ce28584023170_0cdf051c93865faa15cbc5cd3d2b69fbfc0.jpg?1785410135,Diamond,4,0,VPR
Bean Waters,34305264,171,108,Famfrit,Primal,0,0,bcdcd97b24d4dfc6b3e643c8670b6f7c_fce4949e615393e574f2d57134b31fc1fc0.jpg?1785412207,Diamond,4,0,GNB
Vaeltis Nyght,16404977,171,108,Famfrit,Primal,0,0,0caba4911a7521943ad38550f8faec63_fce4949e615393e574f2d57134b31fc1fc0.jpg?1785411542,Diamond,4,0,GNB
Bonzie Rice,42563875,174,111,Halicarnassus,Dynamis,0,0,1ebd9289972e6929e32e80360d9c1f5f_f2d324d722b28bbe681b2898bcdca8bffc0.jpg?1785412164,Diamond,3,0,RDM
Ice Mage,56719413,174,0,Golem,Dynamis,0,0,20eb207dbce003e2fb1842e0c47aacc7_dd61c3dc259e5c43722e89409499b669fc0.jpg?1785412055,Diamond,3,0,BLM
Seychelle Mae,15803862,174,0,Hyperion,Primal,0,0,f3aabdecd1d759e56719f01786a72507_57ae9ee5592123dd79c8912bf768cf99fc0.jpg?1785410577,Diamond,3,0,UNK
Draiser Montblanc,32398472,177,113,Lamia,Primal,0,0,7815697ae034669b4e9620865400c384_4d9be17b5e1edc617052b4dbf4007875fc0.jpg?1785412138,Diamond,2,0,SAM
Lulumi Lumi,4385892,177,113,Excalibur,Primal,0,0,f67f0afcda21270147df40ff6110d899_745baffc465480ed372e274d50318290fc0.jpg?1785413007,Diamond,2,0,SCH
Runica Featherbow,2735402,177,113,Gilgamesh,Aether,0,0,2050ede441451e2b7f340c28c5ea7fe9_b937560c841465f7c4bc8eb47ea7948afc0.jpg?1785413145,Diamond,2,0,WAR
Xion Fleur,45111165,177,0,Leviathan,Primal,0,0,91cc4c8c334d9404f523f324d4439d0a_a91aae52cff9ef65932db06b150ffd47fc0.jpg?1785411320,Diamond,2,0,DNC
Ak'o Tia,34363822,181,0,Behemoth,Primal,0,0,1b3d1d8ad42763c52706747b13cb6647_be20385e18333edb329d4574f364a1f0fc0.jpg?1785411037,Diamond,1,0,DRG
Belle Quicksilver,2897739,181,116,Balmung,Crystal,0,0,4f386af86d2c8049f58f4baaeeb4a3a3_7a573cbc0cda3a3dfc1795cb3d9f7b23fc0.jpg?1785411063,Diamond,1,0,UNK
Iron'chef America,8128303,181,0,Excalibur,Primal,0,0,0481201183ab89a2bd2f40a399e79d47_745baffc465480ed372e274d50318290fc0.jpg?1785410483,Diamond,1,0,PLD
Kookiki Kooki,39878714,181,0,Mateus,Crystal,0,0,a5cc27e1b858293392d13abf6fc94e77_f0c52cc66e124fc2e641d7c21ab2ce79fc0.jpg?1785410003,Diamond,1,0,DRG
Myron Bruh,2328250,181,116,Adamantoise,Aether,0,0,e979eeace2c98e9b400b84529b6779b7_1f5fd239b885860b7c2bfc72ad1d97effc0.jpg?1785409879,Diamond,1,0,PCT
Orea Brador,33963035,181,116,Exodus,Primal,0,0,de652fddceae1de60684077d0d5922e4_0cdf051c93865faa15cbc5cd3d2b69fbfc0.jpg?1785409961,Diamond,1,0,WAR
Lolly Pops,11573609,187,120,Leviathan,Primal,0,0,a38b4d4cbcfc624c56b5db6efb627dd2_a91aae52cff9ef65932db06b150ffd47fc0.jpg?1785410931,Diamond,35,7,MCH
Yuki Yozora,32275648,188,129,Faerie,Aether,0,0,bed164ee9535c02b6ea7cc8b5000c845_0e336ff6ad415f47233f0aaf127feac0fc0.jpg?1785412133,Diamond,28,24,RPR
Bam Pepo,22678638,189,171,Sargatanas,Aether,0,0,8533b0fce359fe75fd8f831869cf110d_ba22853447012a24cee115315d6a5bebfc0.jpg?1785413307,Diamond,14,6,SAM
Communal Cheeks,27114083,190,156,Exodus,Primal,0,0,3fc08de400212f238f1a14efeb29b544_0cdf051c93865faa15cbc5cd3d2b69fbfc0.jpg?1785411192,Diamond,13,10,MCH
Thwosau Uyagir,27672029,190,165,Ultros,Primal,0,0,26c05becd109bcec866c5f5306c140dc_c514cdcdb619439df97d906d4434ccc6fc0.jpg?1785410943,Diamond,13,8,PLD
Cain Molkoh,57323197,192,0,Goblin,Crystal,0,0,889deea7b0b76edd744a2b6fb24a09a1_8e81e2940511f7152ba4462fe53e35b8fc0.jpg?1785410202,Diamond,8,0,AST
Sasori Pleeze,13811194,192,136,Cactuar,Aether,0,0,39a37e3c012de7959d2b4e0a72bc15b2_96ab1df8877c1f8ba6a89a39cccfd437fc0.jpg?1785410838,Diamond,8,8,GNB
Tal'ke Rainare,14164301,194,124,Midgardsormr,Aether,0,0,403485f2f483772b61443b59493fc754_5c8ecfbc673e1287a9b5e85423fe1657fc0.jpg?1785410696,Diamond,7,0,PCT
Zithiel Bihrul,44613484,194,132,Faerie,Aether,0,0,4abc29f0f384c794c1f6c7e7e60b8ed8_0e336ff6ad415f47233f0aaf127feac0fc0.jpg?1785412428,Diamond,7,5,MCH
Chessie Eo,18342011,196,0,Exodus,Primal,0,0,5d2719f0e655ab372afca2ccd7e39b33_0cdf051c93865faa15cbc5cd3d2b69fbfc0.jpg?1785410067,Diamond,6,0,RDM
Larxis Themage,9284703,196,0,Mateus,Crystal,0,0,f1440421e273892659981868cbc99f9b_f0c52cc66e124fc2e641d7c21ab2ce79fc0.jpg?1785411806,Diamond,6,0,NIN
Naeng Myeon,35393894,196,0,Jenova,Aether,0,0,e834ee8ccde5fd99424275ed75278f5b_ce736afe35e2ded4e46c4fd0659aef7efc0.jpg?1785410868,Diamond,6,0,MNK
Nonoha Noha,32959229,196,0,Balmung,Crystal,0,0,d9c4977477ddfaebc0c2204729f692f9_7a573cbc0cda3a3dfc1795cb3d9f7b23fc0.jpg?1785411320,Diamond,6,0,VPR
W'kepaga M'ankhad,51943168,200,136,Midgardsormr,Aether,0,0,2731864a3bfbb890bb0d554a4dbb55cc_5c8ecfbc673e1287a9b5e85423fe1657fc0.jpg?1785411583,Diamond,5,5,SMN
Shiri Grey,32860535,201,129,Cactuar,Aether,0,0,98556472ecc5021f50bd474340b4927f_96ab1df8877c1f8ba6a89a39cccfd437fc0.jpg?1785413252,Diamond,4,0,NIN
Angry Ankle,49045578,202,136,Goblin,Crystal,0,0,24176c9621c8b1ecaefe7ce3699cdf5f_8e81e2940511f7152ba4462fe53e35b8fc0.jpg?1785412415,Diamond,2,2,BRD
Yelena Carter,43365475,202,132,Brynhildr,Crystal,0,0,74f04ad7837dc8e5bfbdc442b58f2a4a_d0a0f515a62457570c9b44997063e3c1fc0.jpg?1785411193,Diamond,2,0,PCT
K'mar Docium,22413878,204,0,Exodus,Primal,0,0,f434646ea439ae92db6ada05279cb980_0cdf051c93865faa15cbc5cd3d2b69fbfc0.jpg?1785411464,Diamond,1,0,BLM
Null Zeta,31940004,204,134,Excalibur,Primal,0,0,0d591dc765bf21549752d8542453af29_745baffc465480ed372e274d50318290fc0.jpg?1785412663,Diamond,1,0,UNK
Addison Reis,13331029,206,0,Balmung,Crystal,0,0,55155550ab0b2bf975a34a3d174dbb96_7a573cbc0cda3a3dfc1795cb3d9f7b23fc0.jpg?1785413306,Diamond,0,0,VPR
Caelestis Miserere,27413401,206,0,Gilgamesh,Aether,0,0,6648878dcffafd1735712db597d195f2_b937560c841465f7c4bc8eb47ea7948afc0.jpg?1785412859,Diamond,0,0,BRD
Harmony Korine,25917338,206,0,Jenova,Aether,0,0,7f2d07a748bf9d9065301e64c8395f53_ce736afe35e2ded4e46c4fd0659aef7efc0.jpg?1785410740,Diamond,0,0,MCH
Lafite Livie,39908432,206,0,Leviathan,Primal,0,0,1efe1555f2d06b58ac2f8da9445c73a3_a91aae52cff9ef65932db06b150ffd47fc0.jpg?1785412275,Diamond,0,0,AST
Skyanar Tyrunas,42486942,206,0,Siren,Aether,0,0,ba17697df023a58dbdba8be74f3894f2_58a84e851e55175d22158ca97af58a1ffc0.jpg?1785412769,Diamond,0,0,SAM
Lucien Drake,59916539,211,148,Sargatanas,Aether,0,0,41b0c871092d78a38c1138d074401b0d_ba22853447012a24cee115315d6a5bebfc0.jpg?1785412036,Platinum,38,5,DRG
Amelia Snowy,57212337,212,0,Sargatanas,Aether,0,0,3201ddb4acea86a57af9b79aaa1252d9_ba22853447012a24cee115315d6a5bebfc0.jpg?1785412009,Platinum,12,0,WHM
Selene Tethys,35647633,213,0,Leviathan,Primal,0,0,09d1d66ad329937963aaf242504b6253_a91aae52cff9ef65932db06b150ffd47fc0.jpg?1785412239,Platinum,39,37,SMN
Claire Lamont,974282,214,139,Hyperion,Primal,0,0,4522bd271ee8879920f36521c2512945_57ae9ee5592123dd79c8912bf768cf99fc0.jpg?1785411467,Platinum,38,0,GNB
Di'vergi O'vidi,5567347,215,219,Gilgamesh,Aether,0,0,0acbc48056a2f017118fd70e91e5b6e4_b937560c841465f7c4bc8eb47ea7948afc0.jpg?1785412135,Platinum,30,27,SMN
Hunie Pop,37396085,216,143,Ultros,Primal,0,0,8a72b357002474c02d597d6e8bc94cee_c514cdcdb619439df97d906d4434ccc6fc0.jpg?1785412262,Platinum,23,19,WHM
Blaqk Chan,21344246,217,183,Gilgamesh,Aether,0,0,a6acc44ca81aa0fced850b7ff829213e_b937560c841465f7c4bc8eb47ea7948afc0.jpg?1785413110,Platinum,15,12,WHM
Azula Blaze,13927772,218,0,Balmung,Crystal,0,0,f77c914e22600683c134aa6afa5bf5ab_7a573cbc0cda3a3dfc1795cb3d9f7b23fc0.jpg?1785412223,Platinum,10,0,UNK
Celestial Chicken,28970748,219,0,Exodus,Primal,0,0,cbf3cf9e44c32054a68926b67b6b873d_0cdf051c93865faa15cbc5cd3d2b69fbfc0.jpg?1785411359,Platinum,3,0,WAR
Zephyr Lux,30960382,219,142,Golem,Dynamis,0,0,defa60814d73a0878176e85d62f2fcdf_dd61c3dc259e5c43722e89409499b669fc0.jpg?1785412800,Platinum,3,1,DNC
Blue Dreamer,40535782,221,0,Hyperion,Primal,0,0,3be8f3f138a1e162a97f7cc08389a699_57ae9ee5592123dd79c8912bf768cf99fc0.jpg?1785411194,Platinum,21,0,SMN
Rail Ying,33252892,222,0,Famfrit,Primal,0,0,e9ae8b691e418ccccf35ebe11804f497_fce4949e615393e574f2d57134b31fc1fc0.jpg?1785412942,Platinum,12,0,SAM
Eternal Slumber,25903660,223,144,Hyperion,Primal,0,0,e04969696b7e202db5371bd7c0b62231_57ae9ee5592123dd79c8912bf768cf99fc0.jpg?1785412011,Platinum,7,4,SAM
Lingon Berry,48888286,224,0,Leviathan,Primal,0,0,abf825785453fd0007b1f00fb46de7db_a91aae52cff9ef65932db06b150ffd47fc0.jpg?1785411220,Platinum,5,0,UNK
Fea Morrighan,34499479,225,144,Ultros,Primal,0,0,42f1a6bb4da467d5523a435239cef3b0_c514cdcdb619439df97d906d4434ccc6fc0.jpg?1785410439,Platinum,4,1,GNB
Raoul Amamiya,11416999,226,146,Balmung,Crystal,0,0,fb1b5e188a5aec0c8bbe028e17eba129_7a573cbc0cda3a3dfc1795cb3d9f7b23fc0.jpg?1785410655,Platinum,2,0,RDM
Yukari Arisaka,48509168,226,146,Midgardsormr,Aether,0,0,4ac921b2769f5e7be51cdd16118e1056_5c8ecfbc673e1287a9b5e85423fe1657fc0.jpg?1785410006,Platinum,2,0,MCH
Maz Hana,57951142,228,0,Brynhildr,Crystal,0,0,e287bc66dce0e20c44d2437e0ed71b93_d0a0f515a62457570c9b44997063e3c1fc0.jpg?1785411814,Platinum,0,0,UNK
Sunn Dereh,7452490,228,0,Balmung,Crystal,0,0,a22424993ce725ab9ce52f5b99a0e4f2_7a573cbc0cda3a3dfc1795cb3d9f7b23fc0.jpg?1785412418,Platinum,0,0,WAR
Cha Sushi,53202685,230,149,Ultros,Primal,0,0,66e50ea35673c9ed42b165722bf7c00b_c514cdcdb619439df97d906d4434ccc6fc0.jpg?1785411805,Platinum,31,4,RPR
Izanami Manohara,8960998,231,221,Golem,Dynamis,0,0,ffa4661cd895fc80e60b2874f52e6a75_dd61c3dc259e5c43722e89409499b669fc0.jpg?1785413277,Platinum,21,19,RDM
Suziki Saiko,37802627,232,0,Zalera,Crystal,0,0,038df37d7a656c22a90167737f3a2ce9_8106f857613f8fb994b0be37b26ff4bafc0.jpg?1785412789,Platinum,8,0,SAM
Kalynn Anu,14118590,233,0,Malboro,Crystal,0,0,200bd2ec0269d806a6b5ed7914bcbb76_2e97c13fdd593d15d543093f8a37b6f0fc0.jpg?1785411492,Platinum,2,0,VPR
Yeret Taru,51704780,234,152,Zalera,Crystal,0,0,b3d7042b1bc0c603e1d2f304993a709f_8106f857613f8fb994b0be37b26ff4bafc0.jpg?1785410238,Platinum,48,15,BLM
Kyreine Izrahl,12339853,235,0,Adamantoise,Aether,0,0,9ad205e2cf2f20cbac4043c20b6cc125_1f5fd239b885860b7c2bfc72ad1d97effc0.jpg?1785412906,Platinum,47,23,DNC
B'lakea Rook,40277296,236,153,Excalibur,Primal,0,0,5b28342f0059552f4be78e5580b734ae_745baffc465480ed372e274d50318290fc0.jpg?1785413026,Platinum,22,10,PLD
Azalie Amore,33945163,237,196,Leviathan,Primal,0,0,056aa9b610457007cda29ca790801919_a91aae52cff9ef65932db06b150ffd47fc0.jpg?1785410163,Platinum,21,6,UNK
Deimus Holden,13275823,238,154,Behemoth,Primal,0,0,5974f9a64fc213565d8fd6d3df91e58f_be20385e18333edb329d4574f364a1f0fc0.jpg?1785410124,Platinum,14,3,SGE
Ravienne Atoel,36478478,239,156,Ultros,Primal,0,0,5b4bdbe3e2f9afe5c8d5c6bd2a983367_c514cdcdb619439df97d906d4434ccc6fc0.jpg?1785410170,Platinum,3,0,SMN
Knu Ono,59713925,240,194,Kraken,Dynamis,0,0,f1453a92906a8856f3da427a4931418d_049a956dfeb0eb2e19c417a1dde4d680fc0.jpg?1785410823,Platinum,35,6,GNB
Ivy Storm,61727582,241,216,Zalera,Crystal,0,0,27a648f77de0ff7a1a44539cbd062203_8106f857613f8fb994b0be37b26ff4bafc0.jpg?1785411054,Platinum,33,13,BRD
Cassian Aten,49727028,242,158,Ultros,Primal,0,0,beba5702725b35f7f383e56d8c6eeb6c_c514cdcdb619439df97d906d4434ccc6fc0.jpg?1785412958,Platinum,28,1,UNK
Rekkuzo Hassan,33825089,243,0,Malboro,Crystal,0,0,c4f99a14c73ad06cb40ca45c824a4eeb_2e97c13fdd593d15d543093f8a37b6f0fc0.jpg?1785410820,Platinum,24,0,RPR
Rensu Camoa,54889594,243,178,Ultros,Primal,0,0,e60f0d01e437a4929442609a5632d456_c514cdcdb619439df97d906d4434ccc6fc0.jpg?1785412832,Platinum,24,9,DRG
Mika Makura,43900321,245,159,Sargatanas,Aether,0,0,08bc6e0e70d7337801784f174c698620_ba22853447012a24cee115315d6a5bebfc0.jpg?1785410255,Platinum,18,0,DNC
Morris Gowat,42351805,246,160,Balmung,Crystal,0,0,a4a6d639d184ed26fa8c7d18bb47cf08_7a573cbc0cda3a3dfc1795cb3d9f7b23fc0.jpg?1785412051,Platinum,13,0,DRK
Orrian Mydsommeur,39506343,247,167,Golem,Dynamis,0,0,626339ad74a617680a85a0637bb0586c_dd61c3dc259e5c43722e89409499b669fc0.jpg?1785412381,Platinum,5,3,UNK
Gil Highwind,35631973,248,162,Gilgamesh,Aether,0,0,dee2cf1c4caed1111123667882c2de8c_b937560c841465f7c4bc8eb47ea7948afc0.jpg?1785410950,Platinum,2,0,VPR
Glamour Police,42569529,248,163,Faerie,Aether,0,0,628a713ff9a3e9604964fec89696bc80_0e336ff6ad415f47233f0aaf127feac0fc0.jpg?1785413016,Platinum,2,2,MCH
Ody Fireflye,10501282,250,163,Ultros,Primal,0,0,d0bb9519ee047c1f97d7bb03372991c9_c514cdcdb619439df97d906d4434ccc6fc0.jpg?1785412625,Platinum,0,0,RDM
Kumo Kiri,28576369,251,282,Midgardsormr,Aether,0,0,9d925e0bc52616348f85e2d064fd63b9_5c8ecfbc673e1287a9b5e85423fe1657fc0.jpg?1785413226,Platinum,29,16,PLD
Eris Naer,29134216,252,213,Gilgamesh,Aether,0,0,8f44b556414ff48179f2b2728f6ce668_b937560c841465f7c4bc8eb47ea7948afc0.jpg?1785411561,Platinum,6,4,SMN
Tara Lightvale,41643961,253,166,Faerie,Aether,0,0,6b7b7d29f420a2c7412de696c69076db_0e336ff6ad415f47233f0aaf127feac0fc0.jpg?1785411148,Platinum,4,0,UNK
Dramatic Elfman,60170422,254,167,Diabolos,Crystal,0,0,e57b44a0d5d2066cb20567a2f99646ec_7b33d33ae3ecb996f778a5f67a6a0af6fc0.jpg?1785412519,Platinum,2,0,MNK
Bad Guy,24307488,255,264,Jenova,Aether,0,0,fcd6a21d2c936ae4f0090e2ca52bde9a_ce736afe35e2ded4e46c4fd0659aef7efc0.jpg?1785412750,Platinum,46,18,MCH
Audric Johan,53634049,256,229,Gilgamesh,Aether,0,0,90dbc4a267b1b834eb99fdf208c1b2ce_b937560c841465f7c4bc8eb47ea7948afc0.jpg?1785412416,Platinum,24,12,DRG
Lilith Evermore,27601909,257,198,Balmung,Crystal,0,0,84d3ce6595e3ac0915028172514dab09_7a573cbc0cda3a3dfc1795cb3d9f7b23fc0.jpg?1785410366,Platinum,17,10,UNK
Feral Savage,7539284,258,217,Leviathan,Primal,0,0,94d5c70490fecbd1e13aeff93c8a908f_a91aae52cff9ef65932db06b150ffd47fc0.jpg?1785411790,Platinum,16,7,SMN
Nixacu Murubra,24114126,259,191,Lamia,Primal,0,0,68206034a86cf63bd8aecd714ae17955_4d9be17b5e1edc617052b4dbf4007875fc0.jpg?1785412603,Platinum,15,12,DNC
Barlon Rein,16870082,260,169,Diabolos,Crystal,0,0,fab268f2b7a6cbacaac04bb24c18b3dd_7b33d33ae3ecb996f778a5f67a6a0af6fc0.jpg?1785410364,Platinum,9,0,WVR
Von Lawless,2435840,260,169,Mateus,Crystal,0,0,061848418ee51892a7ff044ad4e7b4ba_f0c52cc66e124fc2e641d7c21ab2ce79fc0.jpg?1785413102,Platinum,9,0,SMN
V'faeyla Kvatch,59624695,262,171,Marilith,Dynamis,0,0,afa7351efe019e71c961192b4303125a_bbfb28d5a9059cd0c768daf77ab29982fc0.jpg?1785410731,Platinum,8,0,MCH
Sylden Drather,25598138,263,173,Midgardsormr,Aether,0,0,9cbc0be331ed4ed5fce78afe7524e387_5c8ecfbc673e1287a9b5e85423fe1657fc0.jpg?1785411633,Platinum,7,1,BRD
Gidorah Hilderith,29259585,264,200,Adamantoise,Aether,0,0,b7b5869376a1d3d1d6605d5d447631e3_1f5fd239b885860b7c2bfc72ad1d97effc0.jpg?1785411786,Platinum,6,2,MCH
Faira Vexas,16724963,265,174,Jenova,Aether,0,0,43c95773431f50258362d4b466b030ae_ce736afe35e2ded4e46c4fd0659aef7efc0.jpg?1785412656,Platinum,3,0,VPR
Luso Baenre,1891793,266,175,Exodus,Primal,0,0,ff4b740f74d272660d0ec103f8c0a6f7_0cdf051c93865faa15cbc5cd3d2b69fbfc0.jpg?1785410682,Platinum,2,0,WHM
Send Noodles,14567509,267,176,Exodus,Primal,0,0,741fc5a3ac6461140f73c44b72c03263_0cdf051c93865faa15cbc5cd3d2b69fbfc0.jpg?1785412074,Platinum,1,0,SMN
Vicious Nouzen,42001229,267,0,Jenova,Aether,0,0,94ccc3f4ceffc2356f1ddd47d85ca9f7_ce736afe35e2ded4e46c4fd0659aef7efc0.jpg?1785410485,Platinum,1,0,MNK
Nani Master,10383203,269,273,Mateus,Crystal,0,0,de54c545c647381e57b2345290468e46_f0c52cc66e124fc2e641d7c21ab2ce79fc0.jpg?1785411409,Platinum,39,19,DRG
Shaggy Longtime,57019775,270,180,Exodus,Primal,0,0,b00278cdce539c203fe9decbbf311986_0cdf051c93865faa15cbc5cd3d2b69fbfc0.jpg?1785412861,Platinum,19,10,GNB
Aurora Claude,57375299,271,242,Zalera,Crystal,0,0,eecc67b83df6045805f34511ec8d713b_8106f857613f8fb994b0be37b26ff4bafc0.jpg?1785411279,Platinum,14,8,SCH
Muy Loco,54590211,272,179,Rafflesia,Dynamis,0,0,15d6cf72cb1411b2aebf18587a39ee69_2783886613347a4db0bed7524de1298ffc0.jpg?1785410134,Platinum,12,2,MNK
Toruki Valuki,43464376,272,182,Midgardsormr,Aether,0,0,830e116cc2f5f2883c2b9ca21b08fc67_5c8ecfbc673e1287a9b5e85423fe1657fc0.jpg?1785412783,Platinum,12,4,WHM
Gyusutavu Xiii,57572667,274,180,Zalera,Crystal,0,0,f4519479209ad79583ca71217e1b2af4_8106f857613f8fb994b0be37b26ff4bafc0.jpg?1785409909,Platinum,9,0,UNK
Satxrn Xx,13999745,274,211,Jenova,Aether,0,0,ab4556bd51e3612f0f9dfff60aa81c83_ce736afe35e2ded4e46c4fd0659aef7efc0.jpg?1785411877,Platinum,9,2,UNK
Haru Ymir,52781467,276,190,Zalera,Crystal,0,0,5b0c97a3958f165ea8d2566964423df5_8106f857613f8fb994b0be37b26ff4bafc0.jpg?1785410355,Platinum,5,1,SMN
Adeleine Valentine,32183065,277,0,Coeurl,Crystal,0,0,97c9c3e7bec5e63bce1ae01ba90c3055_284358f8eb4efc9095914e46798c6ab3fc0.jpg?1785410673,Platinum,3,0,BRD
Rinzler Kurosaki,16353130,277,183,Siren,Aether,0,0,7fa84b2b9d484004119375ddc454b360_58a84e851e55175d22158ca97af58a1ffc0.jpg?1785410940,Platinum,3,0,SMN
Akiren Kurumiya,34919629,279,185,Cactuar,Aether,0,0,fed99464951d41adb656ad5f96bdfebd_96ab1df8877c1f8ba6a89a39cccfd437fc0.jpg?1785409875,Platinum,1,0,BRD
Andromeda Black,42004111,280,186,Excalibur,Primal,0,0,c0ca23f60bc5a59eaba0ef004cc67a9a_745baffc465480ed372e274d50318290fc0.jpg?1785410434,Platinum,0,0,SMN
Jack Krauser,5659707,280,186,Zalera,Crystal,0,0,d28b78ad53988bc48bb32c691a783a63_8106f857613f8fb994b0be37b26ff4bafc0.jpg?1785410529,Platinum,0,0,MNK
Ven Xen,32354551,280,186,Sargatanas,Aether,0,0,82cfc86a7d32dc2fa5c96748519ece5c_ba22853447012a24cee115315d6a5bebfc0.jpg?1785411480,Platinum,0,0,WAR
Elerra Nightheart,13894163,283,195,Malboro,Crystal,0,0,bdd54d7c4445c51f592f96a15426a370_2e97c13fdd593d15d543093f8a37b6f0fc0.jpg?1785411730,Platinum,24,1,RDM
Chai Latte,13234185,284,0,Leviathan,Primal,0,0,68cfdd8335136451eddaef91c9d2b74a_a91aae52cff9ef65932db06b150ffd47fc0.jpg?1785410591,Platinum,5,0,SGE
Kaede Obinata,32151196,285,189,Marilith,Dynamis,0,0,460d631b298c83b035fb70ac5669658d_bbfb28d5a9059cd0c768daf77ab29982fc0.jpg?1785409922,Platinum,3,0,NIN
Yan Delaris,42576170,286,0,Behemoth,Primal,0,0,2f6e1d40750d32f7a2119656bab95c5b_be20385e18333edb329d4574f364a1f0fc0.jpg?1785412422,Platinum,53,34,BLM
Loho Sagoonja,60370540,287,294,Exodus,Primal,0,0,8831cc42ac0bf2cbf74bdeae1a4ebf19_0cdf051c93865faa15cbc5cd3d2b69fbfc0.jpg?1785412101,Platinum,39,20,SMN
Wisp Wiloh,25598036,288,286,Coeurl,Crystal,0,0,e15fc74e3a0155b91504d67159a7a1cc_284358f8eb4efc9095914e46798c6ab3fc0.jpg?1785412547,Platinum,19,15,WHM
Rolf Artuno,11146681,289,0,Leviathan,Primal,0,0,62948dbb1b640e96915bc3720d41b607_a91aae52cff9ef65932db06b150ffd47fc0.jpg?1785411572,Platinum,18,0,BLM
Ash Dhalia,43085713,290,0,Brynhildr,Crystal,0,0,1584f3709cf5b60d870f06d00b59f0e2_d0a0f515a62457570c9b44997063e3c1fc0.jpg?1785411147,Platinum,15,0,RDM
Lady Mikuni,8392866,290,0,Exodus,Primal,0,0,398e66fe333a87f1b547d92636755df0_0cdf051c93865faa15cbc5cd3d2b69fbfc0.jpg?1785412075,Platinum,15,0,WHM
Io Adrastea,46690129,292,208,Marilith,Dynamis,0,0,08e6024761601d8b69618e326a4859c4_bbfb28d5a9059cd0c768daf77ab29982fc0.jpg?1785410009,Platinum,14,3,SCH
Coracao Lulu,50370885,293,209,Faerie,Aether,0,0,a2e45dda43f58bc48978e19a3d3e9d3e_0e336ff6ad415f47233f0aaf127feac0fc0.jpg?1785412698,Platinum,12,4,VPR
Kuro Shin,41721199,294,191,Adamantoise,Aether,0,0,253fd99e2339b784de8e2e612e8a6536_1f5fd239b885860b7c2bfc72ad1d97effc0.jpg?1785410271,Platinum,10,7,BLM
Vanilla Swirl,26477555,295,0,Balmung,Crystal,0,0,4c5274bc60889a329392f06fd920cc53_7a573cbc0cda3a3dfc1795cb3d9f7b23fc0.jpg?1785409862,Platinum,7,0,WHM
Delin Windsong,5444135,296,0,Leviathan,Primal,0,0,84bdef2b116c23becb02390c2f9c14a6_a91aae52cff9ef65932db06b150ffd47fc0.jpg?1785410994,Platinum,3,0,MCH
K'ael Vex,40313149,296,191,Adamantoise,Aether,0,0,806441f31f3cefae0dddf29e91ae7712_1f5fd239b885860b7c2bfc72ad1d97effc0.jpg?1785413285,Platinum,3,0,SAM
First Name,39082032,298,254,Gilgamesh,Aether,0,0,f61b7a515f332494dbc997024a22504d_b937560c841465f7c4bc8eb47ea7948afc0.jpg?1785411792,Platinum,41,34,UNK
Daygoff Err,25946986,299,0,Balmung,Crystal,0,0,50ffb67b2f1f9b9ac5b0f5e760a0b32e_7a573cbc0cda3a3dfc1795cb3d9f7b23fc0.jpg?1785410778,Platinum,20,0,RDM
Veesa Declyne,7908136,300,253,Balmung,Crystal,0,0,a64d3f1e863056e32059271aa1fed76b_7a573cbc0cda3a3dfc1795cb3d9f7b23fc0.jpg?1785410578,Platinum,19,8,SMN
Ku Ku,58267971,1,3,Sophia,Materia,0,0,77db43d75ac5ffe3d585318a47534ab9_ba15a18cd3a8fb567e39053022515eb6fc0.jpg?1785411087,Gold,25,7,MNK
Chs Crane,37655547,2,4,Sophia,Materia,0,0,7cd2d4b420716bf684bdd41ef37d9319_ba15a18cd3a8fb567e39053022515eb6fc0.jpg?1785410713,Gold,19,11,CUL
Fatahh Wizardcat,60429758,3,2,Zurvan,Materia,0,0,0a04508a6feea55f3b4227e7d574212a_1fa3a1b3845481a1b67b46854a3cc49afc0.jpg?1785411586,Gold,19,1,MCH
Stu Vermillion,45923134,4,1,Sephirot,Materia,0,0,542be51b9ba1f8c4c217e94d2b96e3aa_30a5f9eadea6e0cb684a5265362d0d59fc0.jpg?1785410979,Gold,11,2,PLD
Master Zoknik,61010055,5,11,Zurvan,Materia,0,0,bfa135b89b0fb27fe708b3a427bd667f_1fa3a1b3845481a1b67b46854a3cc49afc0.jpg?1785412233,Gold,31,17,DRK
Boz Ulceros,32280980,6,8,Ravana,Materia,0,0,269b081d650bf5598fd5a3f9419b8b43_2f53b2675d3eea360f0b48d74d30af15fc0.jpg?1785410294,Gold,10,6,NIN
Han Liu,44640291,7,17,Ravana,Materia,0,0,55233b520f90487f51f380e2add5fc3d_2f53b2675d3eea360f0b48d74d30af15fc0.jpg?1785409801,Gold,29,20,WHM
Jena Kuwahara,28003546,8,10,Ravana,Materia,0,0,5bacb190ffd91b392df04923b13fa29a_2f53b2675d3eea360f0b48d74d30af15fc0.jpg?1785413217,Gold,20,15,BRD
Byakko Moon,10831175,9,5,Sephirot,Materia,0,0,7d8049ebe32efa74e5107944b1e43d15_30a5f9eadea6e0cb684a5265362d0d59fc0.jpg?1785410083,Gold,2,0,SMN
Sora Teppelin,7487042,10,0,Sophia,Materia,0,0,3d849e783499c238b2f4d439e3a8c2a7_ba15a18cd3a8fb567e39053022515eb6fc0.jpg?1785410159,Gold,14,0,VPR
Disco Knees,36101852,11,6,Sophia,Materia,0,0,48d0a8dae7efe9ad10780f28920a969b_ba15a18cd3a8fb567e39053022515eb6fc0.jpg?1785412715,Gold,7,0,MNK
Sana Miyata,34196273,12,9,Ravana,Materia,0,0,4a94c0f8b59e635e8748a32f11cc42f8_2f53b2675d3eea360f0b48d74d30af15fc0.jpg?1785409987,Silver,24,10,WHM
Unshao Theruun,36386941,13,7,Sephirot,Materia,0,0,ec8f93abdc73eddcd17e0450db1cb572_30a5f9eadea6e0cb684a5265362d0d59fc0.jpg?1785410198,Silver,6,0,WAR
Lillian Melikai,42502039,14,12,Ravana,Materia,0,0,6c5f22e96162240c2bb96702fcbe123b_2f53b2675d3eea360f0b48d74d30af15fc0.jpg?1785409924,Silver,15,6,GNB
Sebastian Michaelis,42038341,15,21,Sephirot,Materia,0,0,17f4346a95c45541b337263d60106b3f_30a5f9eadea6e0cb684a5265362d0d59fc0.jpg?1785412820,Silver,23,11,CUL
Jiraiya Sannin,47974804,16,14,Ravana,Materia,0,0,6a5cc312529bc78b7d0bbbf5f41983af_2f53b2675d3eea360f0b48d74d30af15fc0.jpg?1785411224,Silver,13,9,GNB
Cwenhild Reid,41763782,17,13,Sophia,Materia,0,0,c9d176025665cc1528a984e82a81fd64_ba15a18cd3a8fb567e39053022515eb6fc0.jpg?1785409841,Silver,11,6,PLD
Pompitous Litchous,28520377,18,15,Sephirot,Materia,0,0,ab4abed9c2f0b5369480818f95581f87_30a5f9eadea6e0cb684a5265362d0d59fc0.jpg?1785412679,Silver,10,0,MCH
Twitch Pvpash,58810276,18,16,Ravana,Materia,0,0,029613325af959049b728f2d575f5a9a_2f53b2675d3eea360f0b48d74d30af15fc0.jpg?1785413141,Silver,10,3,SGE
Esperance Lightbound,16103781,20,0,Ravana,Materia,0,0,0d3ff648d49892a8fc3bd67490985032_2f53b2675d3eea360f0b48d74d30af15fc0.jpg?1785409781,Silver,7,0,AST
Red Pocket,57790009,21,25,Zurvan,Materia,0,0,9ee6578b70ebe2412c9a6a3b9539d845_1fa3a1b3845481a1b67b46854a3cc49afc0.jpg?1785410201,Silver,1,0,UNK
Berogi Avarous,37261319,22,0,Sophia,Materia,0,0,5fbe574c31dc7541b2bb18753fed8278_ba15a18cd3a8fb567e39053022515eb6fc0.jpg?1785411652,Silver,11,0,MNK
Brian Ricardo,41560139,23,18,Sophia,Materia,0,0,678ed14a243387459872b7217f75e382_ba15a18cd3a8fb567e39053022515eb6fc0.jpg?1785410062,Silver,8,0,SGE
Funeral Pyre,29286073,24,0,Zurvan,Materia,0,0,48d5de4023484583f2225a2026548284_1fa3a1b3845481a1b67b46854a3cc49afc0.jpg?1785412989,Silver,19,8,SMN
Izaray Wintergray,40906176,25,0,Sophia,Materia,0,0,be2f5b4e324fa72cd4ef19d0c29f10da_ba15a18cd3a8fb567e39053022515eb6fc0.jpg?1785411485,Silver,12,0,BLM
Simetras Sol,38726083,26,20,Ravana,Materia,0,0,fc54c458f2e80d3680f50e6026011ab7_2f53b2675d3eea360f0b48d74d30af15fc0.jpg?1785410082,Silver,32,16,BLM
C'ranmaia Lizha,60465549,27,19,Bismarck,Materia,0,0,f41736abfa17637ee6e1f020f2787726_36f0570990ac5402b2ef514d36b0435cfc0.jpg?1785410316,Silver,8,0,UNK
Elto Malto,55670275,28,0,Zurvan,Materia,0,0,6625d7f60a549d4e764bdbbb6315b573_1fa3a1b3845481a1b67b46854a3cc49afc0.jpg?1785410770,Silver,4,0,UNK
Anzac Fenrir,10988408,29,0,Ravana,Materia,0,0,6c7b02f93e5250249333e13f236fc545_2f53b2675d3eea360f0b48d74d30af15fc0.jpg?1785410756,Bronze,10,0,GNB
Magnolia Moonsong,39932795,29,22,Ravana,Materia,0,0,a9e5b8f87ce0e4e7d236eef2abfe90e0_2f53b2675d3eea360f0b48d74d30af15fc0.jpg?1785413121,Bronze,10,0,WAR
Scarlette Harlette,51206657,31,28,Sephirot,Materia,0,0,2f63ccbdc329fa14480887bf4c0dfa0e_30a5f9eadea6e0cb684a5265362d0d59fc0.jpg?1785412080,Bronze,19,10,NIN
Clars Lester,951178,32,43,Sephirot,Materia,0,0,46727c8d445323c9e5b8140d37027050_30a5f9eadea6e0cb684a5265362d0d59fc0.jpg?1785412505,Bronze,14,10,WAR
Goober Gooberm,48887220,33,23,Ravana,Materia,0,0,4523e0b4a5f923b67e31f18f801210af_2f53b2675d3eea360f0b48d74d30af15fc0.jpg?1785411855,Bronze,12,0,WAR
Birdy Lou,40000398,34,0,Sophia,Materia,0,0,a8894121a60bc81621d47edf1ee0577b_ba15a18cd3a8fb567e39053022515eb6fc0.jpg?1785410968,Bronze,11,11,UNK
Wierd Dude,58113414,34,0,Sephirot,Materia,0,0,c887fa7d587b2205b349abb82627a0d1_30a5f9eadea6e0cb684a5265362d0d59fc0.jpg?1785410441,Bronze,11,0,GNB
Zepherii Sui,43963552,36,40,Sophia,Materia,0,0,31b395238c6120dc114964c652dc393b_ba15a18cd3a8fb567e39053022515eb6fc0.jpg?1785411004,Bronze,8,6,MCH
Jaliqai Bairon,49027736,37,29,Sophia,Materia,0,0,bb5b2ab907893aa971f0d78c6164de8c_ba15a18cd3a8fb567e39053022515eb6fc0.jpg?1785411093,Bronze,12,5,SMN
Juru'a Mihrulh,48704606,38,31,Zurvan,Materia,0,0,80aa9b34947750aa356810124a11ba19_1fa3a1b3845481a1b67b46854a3cc49afc0.jpg?1785409801,Bronze,10,4,SMN
Eustace Madao,44593837,39,29,Ravana,Materia,0,0,687914339d33024fe783e72eb5a1929f_2f53b2675d3eea360f0b48d74d30af15fc0.jpg?1785412526,Bronze,8,1,BRD
Zero Alexander,18446688,40,26,Sophia,Materia,0,0,f2e26342d51255236baa45461f41bf5b_ba15a18cd3a8fb567e39053022515eb6fc0.jpg?1785412820,Bronze,6,2,BLM
Sukoshi Ninjin,57860048,41,0,Sophia,Materia,0,0,b41a0bd7b5958d56cec5f84314a28f3a_ba15a18cd3a8fb567e39053022515eb6fc0.jpg?1785413078,Bronze,9,0,UNK
Monkey Rat,28956529,42,27,Zurvan,Materia,0,0,bd13db4ebaa363278dd269b5941ae816_1fa3a1b3845481a1b67b46854a3cc49afc0.jpg?1785410982,Bronze,7,0,GNB
Aislinn Rose,47395507,43,0,Ravana,Materia,0,0,920c56af8cba5363c65e0c83dbbcac71_2f53b2675d3eea360f0b48d74d30af15fc0.jpg?1785409920,Bronze,5,0,BRD
Lupercal Aurelian,37936946,44,37,Ravana,Materia,0,0,93674d47ae679f2b2191e0d82e33123f_2f53b2675d3eea360f0b48d74d30af15fc0.jpg?1785410753,Bronze,3,1,MNK
Inconspicuous Miqo'te,3493859,45,31,Sophia,Materia,0,0,0b6b4d2c312f136911f9717c83c17997_ba15a18cd3a8fb567e39053022515eb6fc0.jpg?1785411666,Bronze,6,0,RDM
Rorqual Kasa,57902813,46,33,Sophia,Materia,0,0,7feae505b9896a3e51486698db2446ea_ba15a18cd3a8fb567e39053022515eb6fc0.jpg?1785410349,Bronze,4,0,SCH
Arkticon Stormrider,9347267,47,35,Bismarck,Materia,0,0,c7cb3389d79f28ec6b9e5ed3b86fa6df_36f0570990ac5402b2ef514d36b0435cfc0.jpg?1785413213,Bronze,5,0,MCH
Raspi Ra,23254967,47,0,Ravana,Materia,0,0,d15c07bba475d1f73fa236def53f413e_2f53b2675d3eea360f0b48d74d30af15fc0.jpg?1785412718,Bronze,5,0,MCH
Hotsingles Inyourarea,43275845,49,36,Sephirot,Materia,0,0,08be8dec8891190a5227c50c7650dd29_30a5f9eadea6e0cb684a5265362d0d59fc0.jpg?1785410770,Bronze,4,0,DNC
Gutz Redmane,59049608,50,0,Sophia,Materia,0,0,25ff9fe4c9afc1a92f60fb4d679b9903_ba15a18cd3a8fb567e39053022515eb6fc0.jpg?1785410123,Bronze,3,0,DRK
Ashmi Rae,18364101,51,37,Bismarck,Materia,0,0,2b3a41d227e2937852d5c1e031d5aba0_36f0570990ac5402b2ef514d36b0435cfc0.jpg?1785412005,Bronze,2,0,BRD
Rue Osmund,47336080,51,0,Sophia,Materia,0,0,7beed7fbd687dd3fc287d063570111f9_ba15a18cd3a8fb567e39053022515eb6fc0.jpg?1785412465,Bronze,2,0,GNB
Seda Ugund,43818296,53,0,Ravana,Materia,0,0,21e2b2de9125d9cf1b99748fa9eef0e2_2f53b2675d3eea360f0b48d74d30af15fc0.jpg?1785413253,Bronze,8,0,BRD
Genesis Kinneas,32555086,54,0,Sephirot,Materia,0,0,aa917077f93911b08f5224a93c0fc0fa_30a5f9eadea6e0cb684a5265362d0d59fc0.jpg?1785410674,Bronze,7,0,DRG
Tiny Wrath,25583557,54,39,Zurvan,Materia,0,0,2c82c1a404fc646361cabcf478aed323_1fa3a1b3845481a1b67b46854a3cc49afc0.jpg?1785410014,Bronze,7,3,BLM
Syrill Aspen,35286069,56,0,Sephirot,Materia,0,0,6230ea8c6daa253a61ac3493df615c70_30a5f9eadea6e0cb684a5265362d0d59fc0.jpg?1785413107,Bronze,6,0,MNK
Persona Non-grata,59997612,57,0,Ravana,Materia,0,0,817d96e78e710beff47ca2d76caa6b30_2f53b2675d3eea360f0b48d74d30af15fc0.jpg?1785409937,Bronze,5,0,NIN
Kigga Quah,31352598,58,40,Ravana,Materia,0,0,d4e5e6ee513b4660cdae0f82c858752f_2f53b2675d3eea360f0b48d74d30af15fc0.jpg?1785411917,Bronze,2,0,RDM
Kiren Exilia,25725173,58,40,Sephirot,Materia,0,0,b8c4517c3d76a49d70eeb62d07abd378_30a5f9eadea6e0cb684a5265362d0d59fc0.jpg?1785411137,Bronze,2,0,SMN
Aethon Shaan,60332336,60,51,Zurvan,Materia,0,0,2c608a6ec9ff59b0783f70b9c665a4b2_1fa3a1b3845481a1b67b46854a3cc49afc0.jpg?1785411082,Bronze,4,3,BLM
Neo Zee,58982637,60,0,Ravana,Materia,0,0,c042f71fe47095dad35d5764027056d1_2f53b2675d3eea360f0b48d74d30af15fc0.jpg?1785411454,Bronze,4,0,BRD
Astoria Einar,48634124,62,44,Sophia,Materia,0,0,c128519c4464923dc4c2b6c0b5fb5c47_ba15a18cd3a8fb567e39053022515eb6fc0.jpg?1785410776,Bronze,3,0,BRD
Seda Bellveil,37097307,63,45,Ravana,Materia,0,0,e4179b7160fc91432b06479833527c48_2f53b2675d3eea360f0b48d74d30af15fc0.jpg?1785410473,Bronze,2,0,DRK
Coy Man,56092153,64,0,Sephirot,Materia,0,0,548f858c8cfab49aee04893eb32385b1_30a5f9eadea6e0cb684a5265362d0d59fc0.jpg?1785411563,Bronze,1,0,AST
Diana Qya,37265670,65,46,Sephirot,Materia,0,0,4ce99d60b6c0cf1819f3a383dce7b761_30a5f9eadea6e0cb684a5265362d0d59fc0.jpg?1785413040,Bronze,0,0,SCH
Zora Mochi,42187460,65,46,Ravana,Materia,0,0,15ade2354dbe340dace4cab6139df5c0_2f53b2675d3eea360f0b48d74d30af15fc0.jpg?1785412951,Bronze,0,0,MCH
Dalestair Zodiac,55746532,67,0,Sephirot,Materia,0,0,c7844d3ef419021b2bc738f6b8c612ab_30a5f9eadea6e0cb684a5265362d0d59fc0.jpg?1785412851,Bronze,0,0,MCH
Sarnai Nazarov,57199940,67,48,Bismarck,Materia,0,0,ce4908a2fc64ed975472e70bf88f7a46_36f0570990ac5402b2ef514d36b0435cfc0.jpg?1785412788,Bronze,0,0,UNK
Edea Lea,13526979,69,49,Ravana,Materia,0,0,1ffd7eed10a84c313666e5ea2eb6bf47_2f53b2675d3eea360f0b48d74d30af15fc0.jpg?1785410682,None,3,0,RPR
Phar Lap,55835803,70,50,Ravana,Materia,0,0,10e23c040a691edf96fd6cfd7392b695_2f53b2675d3eea360f0b48d74d30af15fc0.jpg?1785410808,None,0,0,UNK
Ash Kitamura,26629771,71,0,Ravana,Materia,0,0,33c0c99f7649a707ea0e8e4da0340efb_2f53b2675d3eea360f0b48d74d30af15fc0.jpg?1785412212,None,2,0,AST
Squish Mello,44923895,71,0,Sophia,Materia,0,0,fe65e410fe3dac66f158eafdcad6966f_ba15a18cd3a8fb567e39053022515eb6fc0.jpg?1785411414,None,2,0,VPR
Aka Oni,59610806,73,51,Sephirot,Materia,0,0,dfdf473a9596df077d93238af49b6b87_30a5f9eadea6e0cb684a5265362d0d59fc0.jpg?1785413180,None,1,0,WAR
Brockools Broccolini,59520773,73,0,Sophia,Materia,0,0,8e5b5bddea6614dea0614a834987c7e9_ba15a18cd3a8fb567e39053022515eb6fc0.jpg?1785412743,None,1,0,SMN
Dalia Orlanda,13810463,73,51,Ravana,Materia,0,0,5099e53896bc65af33e7ac368517ee43_2f53b2675d3eea360f0b48d74d30af15fc0.jpg?1785410472,None,1,0,DNC
Lilith Sanguine,36164895,73,54,Sephirot,Materia,0,0,b5a3ec57fa0658672b263f583c34b618_30a5f9eadea6e0cb684a5265362d0d59fc0.jpg?1785413142,None,1,1,GNB
Scry Kingsbird,48423779,73,0,Sephirot,Materia,0,0,cdee18a17454286669b9e4cdf1e0e398_30a5f9eadea6e0cb684a5265362d0d59fc0.jpg?1785413298,None,1,0,NIN
Turuturu Mennmenn,51356780,73,0,Sephirot,Materia,0,0,501dec1a7db9bac050ecbd4f8028e6e6_30a5f9eadea6e0cb684a5265362d0d59fc0.jpg?1785411867,None,1,0,BLM
Aisha Nyx,61229482,79,54,Sophia,Materia,0,0,25a1c4e98e1242dc1ce775f1fe9bca32_ba15a18cd3a8fb567e39053022515eb6fc0.jpg?1785410711,None,0,0,BLM
Aoi Hallan,43711810,79,54,Ravana,Materia,0,0,e4cbe0c7756fa7de3f92055a0fea39e4_2f53b2675d3eea360f0b48d74d30af15fc0.jpg?1785412398,None,0,0,WHM
Krispy Morningwood,61505675,79,0,Bismarck,Materia,0,0,7e6e0baa8e0e68ce710d3a3e46b60116_36f0570990ac5402b2ef514d36b0435cfc0.jpg?1785410420,None,0,0,RPR
Sam Schoie,60411978,79,0,Bismarck,Materia,0,0,60afa9504be5a4022027b98d1a3e9d92_36f0570990ac5402b2ef514d36b0435cfc0.jpg?1785413303,None,0,0,DRG
Sapphia Mytilene,50543180,79,0,Sephirot,Materia,0,0,b72bff1c6354e5941098b76f76ab1eda_30a5f9eadea6e0cb684a5265362d0d59fc0.jpg?1785411417,None,0,0,BTN
