name,id,cur_rank,prev_rank,world,dc,points,points_delta,portrait,tier,wins,wins_delta,job
Cliffe Zanza,36074329,1,0,Spriggan,Chaos,5088,0,d8d2fa78adb447ec4b6d5d747f5d5f84_feaf0a2e88ff164813fbc9b85876fa48fc0.jpg?1790007124,Ultima,276,0,MNK
Mamiyama Kamimama,37371304,2,0,Spriggan,Chaos,4738,0,3c6fd6569d3dce40308c9a2a1f3c3bfa_feaf0a2e88ff164813fbc9b85876fa48fc0.jpg?1790005536,Ultima,521,0,MNK
Scarlet Rose,26616217,3,0,Spriggan,Chaos,4270,0,96ad88f23a708e8d6e391f669986d57c_feaf0a2e88ff164813fbc9b85876fa48fc0.jpg?1790007711,Ultima,575,0,DRG
Saboree Catboy,36051653,4,0,Spriggan,Chaos,3998,0,b61ec1080d608b5a83f30baef219dc02_feaf0a2e88ff164813fbc9b85876fa48fc0.jpg?1790005646,Ultima,382,0,SAM
Deadrise Mutombo,31730694,5,0,Ragnarok,Chaos,3761,0,a382acb94313f23d966dd6d39d909bea_40d57ba713628f3f1ef5ef204b6d76d2fc0.jpg?1790008275,Ultima,277,0,RDM
Auelin Fae,18291844,6,0,Zodiark,Light,3725,0,2d6204db02c5efce86aca234fd6f1ce1_c274370774c6bc3483cc8740805f41bcfc0.jpg?1790007694,Ultima,164,0,UNK
Crow Kaien,44749262,7,0,Zodiark,Light,3652,0,54e5719ccbdb45c6de28f017b4365207_c274370774c6bc3483cc8740805f41bcfc0.jpg?1790007367,Ultima,73,0,SCH
Tsukuyo Ritlas,37800185,8,0,Odin,Light,3614,0,eca30840fe0bed8e80f620b5f57c49de_644311b63b607133c989d7c1188467dafc0.jpg?1790007329,Ultima,168,0,RDM
Loty Coldwind,36521588,9,0,Twintania,Light,3590,0,3632cf6d20598f5c4c7b748be7e19153_c33f640c0cdd35f7def85b8aa31a0007fc0.jpg?1790006697,Ultima,428,0,MCH
Miyu Moon,58918526,10,0,Moogle,Chaos,3349,0,1abf5ce3756f6fa0d1c5be2cd39491bc_d7a9d5f85a29d6278ec1c7adc2c8d242fc0.jpg?1790005316,Ultima,138,0,SAM
Tia Tomoe,41293767,11,0,Phoenix,Light,3274,0,7dc31b9a880ba3f36a3ef1208e0c5909_5047bc596a4bab2dc7f7c120bb22dec5fc0.jpg?1790006737,Ultima,195,0,WHM
Prisma Tic,38791879,12,0,Cerberus,Chaos,3237,0,5220c35172bb26154c862a6d485e37b8_777c57311d510ca65dac3c1077dee435fc0.jpg?1790005865,Ultima,318,0,DRK
Elohim Meth,60682611,13,0,Raiden,Light,3055,0,0b14f1751b014118eca06236e1fdf2bf_a370664d98f658f4ed4e620f378f73cdfc0.jpg?1790007576,Ultima,200,0,UNK
Shino Yaru,38308969,14,0,Phoenix,Light,3026,0,0662727bb913ed7fe3009f3542ea1e64_5047bc596a4bab2dc7f7c120bb22dec5fc0.jpg?1790005389,Ultima,466,0,UNK
Ange Melrose,50267939,15,0,Omega,Chaos,3007,0,f2fb3057962bf3d28bcce976076f5368_39e25ac3d737c46452305eefe324372cfc0.jpg?1790006029,Ultima,399,0,DRG
Ivaious Zol,38270926,16,0,Odin,Light,2992,0,2e78b44195db83336b1acbe75927a864_644311b63b607133c989d7c1188467dafc0.jpg?1790007532,Omega,202,0,UNK
Moki Moki,14235486,17,0,Odin,Light,2881,0,82d3ef8d03fa7a6ddf4429f15fd296a2_644311b63b607133c989d7c1188467dafc0.jpg?1790006684,Omega,86,0,CUL
Yasuki San,61688064,18,0,Phantom,Chaos,2830,0,37dbf9b8936faaf9c75f598c38dcac11_f0a43d6e5eea19af337a176e9836acddfc0.jpg?1790006756,Omega,508,0,UNK
Totsu Geki,60147602,19,0,Spriggan,Chaos,2826,0,1b45188bdbf3dd4afe9a37a646eaa4b9_feaf0a2e88ff164813fbc9b85876fa48fc0.jpg?1790007862,Omega,510,0,DRK
Miyu Edelfelt,21335430,20,0,Phoenix,Light,2816,0,ba690d74246b4d07f543f0d9516feec2_5047bc596a4bab2dc7f7c120bb22dec5fc0.jpg?1790005255,Omega,287,0,AST
Ase Dora,42603487,21,0,Alpha,Light,2806,0,78626e6cf6f07875d5ac9527a5bd0c4d_6132295fcf5570fb8b0a944ef322a598fc0.jpg?1790007560,Omega,605,0,SAM
Ten Gil,17217146,22,0,Louisoix,Chaos,2750,0,884fcae1e61228d09798c630a2c827fb_0a122616f3718d3f45cab10fd8fc1604fc0.jpg?1790008010,Omega,172,0,SMN
Xen Thique,40172078,23,0,Odin,Light,2747,0,8930228f4df0c18feea28ebbb1c451f2_644311b63b607133c989d7c1188467dafc0.jpg?1790007971,Omega,160,0,BLM
Aura Sphere,30657353,24,0,Zodiark,Light,2741,0,6cc4a373eafbcbf88a340a52d95f133e_c274370774c6bc3483cc8740805f41bcfc0.jpg?1790007166,Omega,175,0,SGE
Akari Tsuki,31005286,25,0,Louisoix,Chaos,2700,0,28e1cfaecfbf911dc3621f5de74642aa_0a122616f3718d3f45cab10fd8fc1604fc0.jpg?1790005326,Omega,91,0,BLU
Maarato Cookie,20349526,26,0,Twintania,Light,2667,0,dbab16598b86bb31b2eb96070f723572_c33f640c0cdd35f7def85b8aa31a0007fc0.jpg?1790006644,Omega,242,0,DRG
Tarutella Goldfish,4235488,27,0,Phoenix,Light,2651,0,f269741c27ca22c02db955557e7283fa_5047bc596a4bab2dc7f7c120bb22dec5fc0.jpg?1790006611,Omega,248,0,UNK
Tei Tei,36611700,28,0,Odin,Light,2524,0,21c224545e3d3af775a3d377c8e444bf_644311b63b607133c989d7c1188467dafc0.jpg?1790006999,Omega,243,0,MNK
Sice Seven,15008161,29,0,Moogle,Chaos,2494,0,23657ac0d29f4bc5667ef1e00cf528f8_d7a9d5f85a29d6278ec1c7adc2c8d242fc0.jpg?1790006750,Omega,117,0,BRD
Lex'ander Wayfarer,18009481,30,0,Odin,Light,2295,0,0adfa03fe11940a91e3b6a2ed08ddb88_644311b63b607133c989d7c1188467dafc0.jpg?1790005058,Omega,105,0,MCH
Resilla Frostflow,14658770,31,0,Cerberus,Chaos,2294,0,00a4e6250beb98b5644c87cffe8b7f4f_777c57311d510ca65dac3c1077dee435fc0.jpg?1790006742,Omega,185,0,VPR
Yamizura Kumozuma,19652230,32,0,Twintania,Light,2271,0,24bbc9cebf09eb83efcbc272c3085fd1_c33f640c0cdd35f7def85b8aa31a0007fc0.jpg?1790006363,Omega,43,0,MCH
Cat Wife,21099767,33,0,Zodiark,Light,2257,0,76d1664265ae631c957cfab6c72cfba9_c274370774c6bc3483cc8740805f41bcfc0.jpg?1790007689,Omega,47,0,DRK
Dalik Mathis,9537863,34,0,Ragnarok,Chaos,2246,0,fd4dde44208527cc20e58ba589d51f01_40d57ba713628f3f1ef5ef204b6d76d2fc0.jpg?1790006479,Omega,239,0,WAR
Ame Ame,20722816,35,0,Ragnarok,Chaos,2189,0,84eea0fa24e8d91df6e02312644e4c94_40d57ba713628f3f1ef5ef204b6d76d2fc0.jpg?1790005057,Omega,84,0,UNK
Lhei Tayun,25191408,36,0,Zodiark,Light,2179,0,6ee93960f16da0ea5150fe1b7590dfa4_c274370774c6bc3483cc8740805f41bcfc0.jpg?1790006431,Omega,283,0,BLM
Shia Sun,1754600,37,0,Odin,Light,2094,0,7550981ba488e5ebe919aa3cb39efbfa_644311b63b607133c989d7c1188467dafc0.jpg?1790007509,Omega,247,0,DRG
Myst Freyja,33906213,38,0,Omega,Chaos,2086,0,240b879fd403fc16c04022b6075077ae_39e25ac3d737c46452305eefe324372cfc0.jpg?1790005263,Omega,84,0,RPR
Endorel Soro,12949151,39,0,Alpha,Light,2077,0,038b9a835f84a3b80a8a467605d3dd8c_6132295fcf5570fb8b0a944ef322a598fc0.jpg?1790006170,Omega,73,0,UNK
Sunie Mochi,12728791,40,0,Twintania,Light,2073,0,4760f9b45bd6f71f83adbd97ab87eae3_c33f640c0cdd35f7def85b8aa31a0007fc0.jpg?1790008000,Omega,241,0,UNK
Shadow Aya,54551815,41,0,Zodiark,Light,1991,0,5ca13f39db9eefc50e8e57be73e7254e_c274370774c6bc3483cc8740805f41bcfc0.jpg?1790008168,Omega,183,0,DRK
Leedo Dale,25033597,42,0,Zodiark,Light,1983,0,9e122691e98bda2ea6abe86ed7b81a63_c274370774c6bc3483cc8740805f41bcfc0.jpg?1790006254,Omega,524,0,PLD
Meryll Enetari,24681550,43,0,Cerberus,Chaos,1978,0,f4fe16c70d7023e2101e19421c5abf1e_777c57311d510ca65dac3c1077dee435fc0.jpg?1790006653,Omega,442,0,WAR
Yi Ma,60448295,44,0,Phoenix,Light,1949,0,bb3af62117cae7488d9b02007f341c7b_5047bc596a4bab2dc7f7c120bb22dec5fc0.jpg?1790007680,Omega,177,0,DNC
Delzor Waka,40194085,45,0,Odin,Light,1948,0,bde30c4caff355f65cf9761727b12725_644311b63b607133c989d7c1188467dafc0.jpg?1790007959,Omega,227,0,VPR
Purr It,40913226,46,0,Zodiark,Light,1947,0,9adf9c1689ff6761673da6e25b839b7b_c274370774c6bc3483cc8740805f41bcfc0.jpg?1790007690,Omega,315,0,VPR
Arale Il,15406803,47,0,Ragnarok,Chaos,1919,0,e5c2a19e43a1edb9b276827163b36a1b_40d57ba713628f3f1ef5ef204b6d76d2fc0.jpg?1790005047,Omega,142,0,SCH
Misora Kaiatsa,25126040,48,0,Moogle,Chaos,1917,0,80fa199452585ab77d14128509576300_d7a9d5f85a29d6278ec1c7adc2c8d242fc0.jpg?1790004773,Omega,187,0,RPR
Kimbi Aoe,24693270,49,0,Shiva,Light,1898,0,67e0ddfb70faf5725a971d086cfdce61_3fbff0e6b620e4d259dc427abc6574dafc0.jpg?1790006347,Omega,116,0,MNK
Marci Sidekick,41408431,50,0,Zodiark,Light,1887,0,a9c3b41a05dec1fd191fe80f38009aa5_c274370774c6bc3483cc8740805f41bcfc0.jpg?1790005696,Omega,64,0,DRG
Two Koma,51508003,51,0,Zodiark,Light,1798,0,15a666f8d7bb67401300fae763ce4d32_c274370774c6bc3483cc8740805f41bcfc0.jpg?1790007420,Omega,173,0,MCH
Magna Shanoa,22946172,52,0,Omega,Chaos,1798,0,fa3b3fe187b1dcbf8c4a5af5b2c5d507_39e25ac3d737c46452305eefe324372cfc0.jpg?1790007477,Omega,88,0,PLD
Jun Moxiao,40533777,53,0,Odin,Light,1737,0,9f41b7adf0a59849ae35b17cdace2b32_644311b63b607133c989d7c1188467dafc0.jpg?1790007364,Omega,221,0,VPR
Baka Bao,30345026,54,0,Phantom,Chaos,1734,0,57df7efcbcdf8f1aca84c4f1435c36ba_f0a43d6e5eea19af337a176e9836acddfc0.jpg?1790008185,Omega,627,0,GNB
Alex Rider,18844824,55,0,Raiden,Light,1728,0,88e1d370b1f9d1b22933e6476449b463_a370664d98f658f4ed4e620f378f73cdfc0.jpg?1790007876,Omega,103,0,SMN
Terro Beoulevard,51148631,56,0,Sagittarius,Chaos,1726,0,758b534f47542287e0b99c648590b2ac_44ca0844398b2d010d8cd4a31ddb023dfc0.jpg?1790007438,Omega,95,0,RPR
Maggot Maggot,61703768,57,0,Omega,Chaos,1709,0,3657d57f4a20a5d901d7f4537f1b7307_39e25ac3d737c46452305eefe324372cfc0.jpg?1790007859,Omega,235,0,DRK
Yhren Vhal,56948558,58,0,Odin,Light,1693,0,3f62ad2093c1016540ef936a5563823b_644311b63b607133c989d7c1188467dafc0.jpg?1790007423,Omega,249,0,UNK
Mahou Mahou,5924021,59,0,Odin,Light,1690,0,4c6afcfde744ebab926aa3423b6c4064_644311b63b607133c989d7c1188467dafc0.jpg?1790004794,Omega,54,0,VPR
Sweet Light,41777815,60,0,Spriggan,Chaos,1686,0,2e6808627bd2b8f0f5f0377d20cbbbc5_feaf0a2e88ff164813fbc9b85876fa48fc0.jpg?1790005848,Omega,184,0,BLM
Vanilla Blossom,41496807,61,0,Moogle,Chaos,1680,0,b0e7d1b464d155d8791692fe2e47299d_d7a9d5f85a29d6278ec1c7adc2c8d242fc0.jpg?1790007135,Omega,108,0,WVR
Fygqhzr Zhgfjhh,49000606,62,0,Phantom,Chaos,1679,0,ed46d70a9c354991698a796aac7c462e_f0a43d6e5eea19af337a176e9836acddfc0.jpg?1790006690,Omega,46,0,DRG
Pan Ther,47356852,63,0,Twintania,Light,1651,0,fc9492796dbee9f84ae010350ec7759c_c33f640c0cdd35f7def85b8aa31a0007fc0.jpg?1790007652,Omega,173,0,UNK
Yun' Yun,11341467,64,0,Cerberus,Chaos,1592,0,df098ceed6d9cf14cf61cc4110cd6cb5_777c57311d510ca65dac3c1077dee435fc0.jpg?1790006114,Omega,160,0,WHM
Mew Rilah,53409550,65,0,Cerberus,Chaos,1590,0,e65ddd06c5702de8a5312239356a6e36_777c57311d510ca65dac3c1077dee435fc0.jpg?1790004759,Omega,150,0,MCH
Lylia Venis,13391767,66,0,Moogle,Chaos,1559,0,79af70239d663a69f312f0788f3cf927_d7a9d5f85a29d6278ec1c7adc2c8d242fc0.jpg?1790007089,Omega,30,0,MCH
Imy Pure,24943089,67,0,Cerberus,Chaos,1509,0,2e46879ac1baf7fc77ec2de872a0461c_777c57311d510ca65dac3c1077dee435fc0.jpg?1790007944,Omega,56,0,RPR
Raiden Thorne,27238016,68,0,Zodiark,Light,1506,0,96a909af8d24d60f6d8173f8cc16facb_c274370774c6bc3483cc8740805f41bcfc0.jpg?1790007726,Omega,41,0,BLM
Snap Ringer,18714030,69,0,Omega,Chaos,1502,0,77577ce781d587b133c9c53da0974817_39e25ac3d737c46452305eefe324372cfc0.jpg?1790007414,Omega,41,0,FSH
Chise Hatori',9182735,70,0,Ragnarok,Chaos,1500,0,236f29f4984f26e6b197da380f104a63_40d57ba713628f3f1ef5ef204b6d76d2fc0.jpg?1790007236,Omega,169,0,BLM
Aris Oz,41983172,71,0,Zodiark,Light,1500,0,abbd4cf51609bf59977c5b4850c4c351_c274370774c6bc3483cc8740805f41bcfc0.jpg?1790006924,Omega,70,0,WAR
Asuna Natsume,14428124,72,0,Raiden,Light,1498,0,142ba45dfd31aa40c0d2a1159d358f2d_a370664d98f658f4ed4e620f378f73cdfc0.jpg?1790005242,Crystal,76,0,NIN
Yuripa Arashi,37731658,73,0,Shiva,Light,1498,0,73ff0d0b3cc5f92ec79dabffa2bedf80_3fbff0e6b620e4d259dc427abc6574dafc0.jpg?1790007532,Crystal,62,0,WAR
Memento Mo'ri,1641495,74,0,Ragnarok,Chaos,1495,0,86323bce84189061b1d71ff1dc25266a_40d57ba713628f3f1ef5ef204b6d76d2fc0.jpg?1790005873,Crystal,131,0,AST
A'dyalani Sato,10026278,75,0,Odin,Light,1487,0,d072994a22af88090aecf6e5a3b85c36_644311b63b607133c989d7c1188467dafc0.jpg?1790008130,Crystal,224,0,UNK
Farnese Bloodstorm,29144926,76,0,Odin,Light,1477,0,9d52a45ac0156312b562aef0a55cfff2_644311b63b607133c989d7c1188467dafc0.jpg?1790007325,Crystal,49,0,WHM
Spedah Sashihai,46717230,77,0,Phantom,Chaos,1475,0,916aa42d41d9cb06784f26d21d850c5a_f0a43d6e5eea19af337a176e9836acddfc0.jpg?1790007881,Crystal,340,0,UNK
Shimori Bunihara,35166011,78,0,Raiden,Light,1461,0,c44c8fc68c230b1051ec35a527afe9ed_a370664d98f658f4ed4e620f378f73cdfc0.jpg?1790007626,Crystal,134,0,RPR
Khorasan Ataraxia,47289604,79,0,Shiva,Light,1429,0,721a6c9c723209b16696818df4cf0c93_3fbff0e6b620e4d259dc427abc6574dafc0.jpg?1790007386,Crystal,372,0,UNK
Magic Beans,43732030,80,0,Phoenix,Light,1396,0,4a7e75e2be4f70e389e8807cc1d2b885_5047bc596a4bab2dc7f7c120bb22dec5fc0.jpg?1790007904,Crystal,179,0,DRK
Aurora Maou,26517539,81,0,Louisoix,Chaos,1388,0,433a49b5cc43b35afac03d97c50262f9_0a122616f3718d3f45cab10fd8fc1604fc0.jpg?1790008148,Crystal,106,0,RPR
Baby Starz,27999014,82,0,Omega,Chaos,1381,0,e8cb7daea22ff306dcc9397ecad5a4a2_39e25ac3d737c46452305eefe324372cfc0.jpg?1790007067,Crystal,195,0,GNB
Melinoe Mei,52244848,83,0,Odin,Light,1339,0,f2f35dd3d3f7ed2ab1eaf11e0291525a_644311b63b607133c989d7c1188467dafc0.jpg?1790008185,Crystal,86,0,UNK
Wwwwwwwwww Wwwwwwwwww,22934838,84,0,Odin,Light,1318,0,44b50a04ce7aed4e2c4699753f5b83bc_644311b63b607133c989d7c1188467dafc0.jpg?1790005693,Crystal,82,0,SMN
Blunt Man,35300195,85,0,Louisoix,Chaos,1308,0,bfddeb1fd8c57b9259f8bb179dd8158b_0a122616f3718d3f45cab10fd8fc1604fc0.jpg?1790007950,Crystal,303,0,RDM
Satoru Kobayashi,45096077,86,0,Raiden,Light,1284,0,69c528c4dcff12abeb6cf1d9696af468_a370664d98f658f4ed4e620f378f73cdfc0.jpg?1790008121,Crystal,92,0,DRG
Lsi Lsi,47353875,87,0,Lich,Light,1209,0,792b3235fe2fbd35d956e856c210194f_7206469080400ed57a5373d0a9c55c59fc0.jpg?1790006908,Crystal,207,0,AST
Zot To,18725302,88,0,Cerberus,Chaos,1199,0,852c16bac4fe7f528a8653c65704e818_777c57311d510ca65dac3c1077dee435fc0.jpg?1790006279,Crystal,16,0,VPR
Based Miqote,46487952,89,0,Twintania,Light,1190,0,5e2bb42e554586a20b050b7fd3f88e26_c33f640c0cdd35f7def85b8aa31a0007fc0.jpg?1790005775,Crystal,148,0,UNK
Chie Chibana,52839770,90,0,Alpha,Light,1179,0,825f10ea00e64238dc349a5faa06969e_6132295fcf5570fb8b0a944ef322a598fc0.jpg?1790007061,Crystal,228,0,SMN
Kyouko Owo,25629243,91,0,Louisoix,Chaos,1157,0,4fbeb17208a00397ad05eebfc2d20d2f_0a122616f3718d3f45cab10fd8fc1604fc0.jpg?1790007617,Crystal,72,0,WHM
Mitsuki Mirai,18435457,92,0,Louisoix,Chaos,1142,0,365f1772f387bd280bdbfc16afbd5e4e_0a122616f3718d3f45cab10fd8fc1604fc0.jpg?1790006992,Crystal,89,0,PLD
General Aardvark,48423100,93,0,Twintania,Light,1103,0,cf88029724167c1d18ed8c536a862900_c33f640c0cdd35f7def85b8aa31a0007fc0.jpg?1790006580,Crystal,286,0,SAM
Holos Ymir,35299241,94,0,Cerberus,Chaos,1066,0,f8029ed36fad032333305dfa455cddec_777c57311d510ca65dac3c1077dee435fc0.jpg?1790007729,Crystal,119,0,MCH
Feri De,32873333,95,0,Twintania,Light,1058,0,04fae792c920333e5bdc3287c0df72e4_c33f640c0cdd35f7def85b8aa31a0007fc0.jpg?1790007413,Crystal,239,0,UNK
Aru Chiikawa,53173199,96,0,Raiden,Light,1013,0,e04a223356da8c93c18581feda55b5bf_a370664d98f658f4ed4e620f378f73cdfc0.jpg?1790005571,Crystal,237,0,MCH
Phaey Yeon,58326616,97,0,Moogle,Chaos,1006,0,6497d439e55c80c0156c198e7f135c78_d7a9d5f85a29d6278ec1c7adc2c8d242fc0.jpg?1790005144,Crystal,112,0,UNK
William Sharpeye,31183782,98,0,Moogle,Chaos,1004,0,f90b7bfd929ec716aa63dc03d0533a18_d7a9d5f85a29d6278ec1c7adc2c8d242fc0.jpg?1790004692,Crystal,64,0,FSH
Kyra Nshakha,56831314,99,0,Alpha,Light,1000,0,b27d76c3fbe312d06184fd92f8aebc55_6132295fcf5570fb8b0a944ef322a598fc0.jpg?1790006429,Crystal,219,0,GNB
Tay Talenath,45740169,100,0,Raiden,Light,995,0,b2fa0c7222f7e3ebe117f24a200e11d8_a370664d98f658f4ed4e620f378f73cdfc0.jpg?1790006348,Crystal,190,0,SMN
Elyndra Mayhn,27143285,101,0,Twintania,Light,937,0,e4b30c11c8c987996e50ee4c5899c037_c33f640c0cdd35f7def85b8aa31a0007fc0.jpg?1790005607,Crystal,124,0,SMN
Tyra Kett,26531277,102,0,Spriggan,Chaos,926,0,101b7ec48bba5c5e5b34fda1316c57bc_feaf0a2e88ff164813fbc9b85876fa48fc0.jpg?1790004985,Crystal,126,0,DRG
Sin Mirrorslave,43994621,103,0,Raiden,Light,908,0,3f8e3345c252d3f9b50e27c481f91100_a370664d98f658f4ed4e620f378f73cdfc0.jpg?1790007974,Crystal,89,0,UNK
Aurora Aria,24116937,104,0,Phoenix,Light,894,0,05caa52c69a69c31a889325a1f319530_5047bc596a4bab2dc7f7c120bb22dec5fc0.jpg?1790005232,Crystal,160,0,SAM
Xanthe Hati,28239197,105,0,Sagittarius,Chaos,891,0,9bf816bfcd7f963908af59458b5500c9_44ca0844398b2d010d8cd4a31ddb023dfc0.jpg?1790007565,Crystal,74,0,DRG
Lybel Alyborias,25836089,106,0,Louisoix,Chaos,807,0,a86b680e6c4e5e23befaaaf535a158de_0a122616f3718d3f45cab10fd8fc1604fc0.jpg?1790005403,Crystal,67,0,GNB
Pat Olehouse,17156873,107,0,Lich,Light,806,0,54c944c62ef7bd68e95a2a558d856482_7206469080400ed57a5373d0a9c55c59fc0.jpg?1790006742,Crystal,117,0,PLD
Sotek Scherwil,486374,108,0,Twintania,Light,806,0,c881840c18d6c9fc415801f5f8240174_c33f640c0cdd35f7def85b8aa31a0007fc0.jpg?1790007407,Crystal,83,0,RDM
Brian Ricardo,23607238,109,0,Zodiark,Light,801,0,9c9d045f5f22c579ce5c24faa2b9b303_c274370774c6bc3483cc8740805f41bcfc0.jpg?1790007853,Crystal,67,0,AST
Drop Dead,61865612,110,0,Raiden,Light,796,0,8b4d73c68bf61dbad86bb051105da5ec_a370664d98f658f4ed4e620f378f73cdfc0.jpg?1790006358,Crystal,61,0,MNK
Rei Nara,30869508,111,0,Ragnarok,Chaos,795,0,6d7be1a63248369bf5017070a85d6bd0_40d57ba713628f3f1ef5ef204b6d76d2fc0.jpg?1790007326,Crystal,78,0,UNK
Acacia Strain,43137076,112,0,Raiden,Light,794,0,8678948c8fea34b563980d4a6da37e32_a370664d98f658f4ed4e620f378f73cdfc0.jpg?1790004681,Crystal,344,0,RDM
Sho'zhirr Shizahi-jo,28092848,113,0,Phoenix,Light,794,0,c6923f91c3f9e08d53d38488a3040788_5047bc596a4bab2dc7f7c120bb22dec5fc0.jpg?1790008029,Crystal,81,0,UNK
Sal Ren,40787945,114,0,Phoenix,Light,793,0,9613f7a8c0a759977b8a3fe787fed7e0_5047bc596a4bab2dc7f7c120bb22dec5fc0.jpg?1790006580,Crystal,220,0,UNK
Hyzenthlay Efrafa,1817919,115,0,Ragnarok,Chaos,790,0,f61f49f2ed95a3709fa034686da0eb63_40d57ba713628f3f1ef5ef204b6d76d2fc0.jpg?1790005799,Crystal,59,0,RPR
Keylinda Heliopsis,44659154,116,0,Moogle,Chaos,784,0,aae227ec83063cc479b9c5f6fb803e66_d7a9d5f85a29d6278ec1c7adc2c8d242fc0.jpg?1790007094,Crystal,161,0,UNK
Skillpade Skyr,37019657,117,0,Lich,Light,782,0,e520a31662bd7030c96e4951a4f2d301_7206469080400ed57a5373d0a9c55c59fc0.jpg?1790004999,Crystal,146,0,UNK
Sekai Eri,41303117,118,0,Raiden,Light,705,0,cb1ac59e3c66b2050bc4ee7e3368c36c_a370664d98f658f4ed4e620f378f73cdfc0.jpg?1790008018,Crystal,233,0,UNK
Life Enjoyer,28145650,119,0,Raiden,Light,704,0,1f163924ab5a124c00b3684fe37e6e58_a370664d98f658f4ed4e620f378f73cdfc0.jpg?1790005152,Crystal,108,0,MNK
Manji Haq,30381529,120,0,Shiva,Light,702,0,1840291846e97e46d3053d2cb9351608_3fbff0e6b620e4d259dc427abc6574dafc0.jpg?1790008176,Crystal,272,0,WAR
Red Aura,58355527,121,0,Spriggan,Chaos,700,0,24685b07d940d962953f7111d4144e46_feaf0a2e88ff164813fbc9b85876fa48fc0.jpg?1790006040,Crystal,49,0,MNK
Diarmuidia Ua-dibhne,60435376,122,0,Cerberus,Chaos,699,0,5d9b7dcb4848e335ad4a88c0dc644669_777c57311d510ca65dac3c1077dee435fc0.jpg?1790007713,Crystal,107,0,ARC
Fae Mhis,16223299,123,0,Lich,Light,698,0,075328fa236ca776da32524ca8bd395c_7206469080400ed57a5373d0a9c55c59fc0.jpg?1790004678,Crystal,31,0,SCH
Kaixer Almasy,24721919,124,0,Ragnarok,Chaos,695,0,16b404151182dfe17ac302129a023750_40d57ba713628f3f1ef5ef204b6d76d2fc0.jpg?1790004997,Crystal,157,0,UNK
Lost Signal,56186869,125,0,Odin,Light,695,0,b36972ee34bfd25f82ce348b32b6f5da_644311b63b607133c989d7c1188467dafc0.jpg?1790007389,Crystal,126,0,VPR
Gabriel Zephyrus,11099535,126,0,Zodiark,Light,690,0,fb5c6913d0c275952def0841ab82887f_c274370774c6bc3483cc8740805f41bcfc0.jpg?1790006602,Crystal,199,0,UNK
Thor Strom,35911315,127,0,Cerberus,Chaos,685,0,3826da79ed71141aec290f69127b5c79_777c57311d510ca65dac3c1077dee435fc0.jpg?1790008271,Crystal,10,0,SCH
Laela Hyun,59589734,128,0,Phantom,Chaos,684,0,a377ba040d4300db7c8df4efc92acd53_f0a43d6e5eea19af337a176e9836acddfc0.jpg?1790007259,Crystal,55,0,UNK
Aeo We,10437907,129,0,Ragnarok,Chaos,681,0,2cc33bbd6e1f29b872030a98ed37c0fc_40d57ba713628f3f1ef5ef204b6d76d2fc0.jpg?1790007375,Crystal,41,0,UNK
Magidolce Magileine,39132419,130,0,Twintania,Light,614,0,088bd05d5a98251023ecb7e28a638b68_c33f640c0cdd35f7def85b8aa31a0007fc0.jpg?1790005620,Crystal,265,0,SMN
Dacien Darlett,3339751,131,0,Odin,Light,608,0,0311b8a0924e142c3f1da4b81f645156_644311b63b607133c989d7c1188467dafc0.jpg?1790008045,Crystal,184,0,SCH
Seraban Mistodisushi,25116690,132,0,Omega,Chaos,606,0,9ab6f5d4307a747e8378402c6070b2a7_39e25ac3d737c46452305eefe324372cfc0.jpg?1790007579,Crystal,245,0,UNK
Fay Fury,13801627,133,0,Alpha,Light,601,0,c8bf2d24d3b66a91e8891eb6b4043bd8_6132295fcf5570fb8b0a944ef322a598fc0.jpg?1790005613,Crystal,134,0,UNK
Sophia Ariadne,11431073,134,0,Odin,Light,600,0,f4329ddf82a418a6e12f1ba978bc1523_644311b63b607133c989d7c1188467dafc0.jpg?1790007350,Crystal,57,0,UNK
Judith Vaeyle,49905732,135,0,Sagittarius,Chaos,599,0,4fc6774f2e98f002c3180f372e3b54bf_44ca0844398b2d010d8cd4a31ddb023dfc0.jpg?1790005404,Crystal,72,0,MNK
Cipher Strife,7955322,136,0,Ragnarok,Chaos,597,0,fd0f2644fe22871d381e6bae8798c484_40d57ba713628f3f1ef5ef204b6d76d2fc0.jpg?1790005314,Crystal,432,0,GNB
Roy Dimgao,29524655,137,0,Omega,Chaos,597,0,320af7149c63c337e5826c2c2cc1bf37_39e25ac3d737c46452305eefe324372cfc0.jpg?1790007835,Crystal,187,0,RDM
Feral Jorex,21749898,138,0,Odin,Light,594,0,f9027c778862384a6ae4224efd2fe7c3_644311b63b607133c989d7c1188467dafc0.jpg?1790007356,Crystal,392,0,MCH
Queenie Skyfrost,34868775,139,0,Odin,Light,594,0,4c0182a4bd02a557a3e29b795c1e0b9c_644311b63b607133c989d7c1188467dafc0.jpg?1790007482,Crystal,102,0,PLD
Neclord Drakan,34358772,140,0,Phoenix,Light,510,0,7e002012c8fc4f9e493cd5879573e088_5047bc596a4bab2dc7f7c120bb22dec5fc0.jpg?1790007515,Crystal,41,0,PLD
Shiroko Momo,39619880,141,0,Odin,Light,504,0,83b4a27fbdf8dfdce9a7e095cc14bf41_644311b63b607133c989d7c1188467dafc0.jpg?1790007404,Crystal,150,0,NIN
Arima Sui,61051327,142,0,Alpha,Light,503,0,a616749d9bdfd00b6659f83dbb1c8a7f_6132295fcf5570fb8b0a944ef322a598fc0.jpg?1790005129,Crystal,513,0,MCH
Tikka Masola,44131885,143,0,Zodiark,Light,503,0,ef489d662d845a0d473f7abb93124d5e_c274370774c6bc3483cc8740805f41bcfc0.jpg?1790007861,Crystal,7,0,PCT
Slayn Lockmeier,43624360,144,0,Ragnarok,Chaos,501,0,6e8ed130575c22a15b32af255b35348b_40d57ba713628f3f1ef5ef204b6d76d2fc0.jpg?1790006598,Crystal,18,0,FSH
Master Zoknik,47233914,145,0,Omega,Chaos,498,0,47b7a0d3c4816d6dc7cb85c85a3685f7_39e25ac3d737c46452305eefe324372cfc0.jpg?1790004805,Crystal,69,0,BLM
Lion Lad,60548427,146,0,Phantom,Chaos,498,0,69af2e062eb7ba4549c964e1fbc8b79e_f0a43d6e5eea19af337a176e9836acddfc0.jpg?1790004814,Crystal,30,0,RDM
Yellow Blue,58488618,147,0,Spriggan,Chaos,497,0,51731f8a93c1d8b59b5c3ded4ffb5a64_feaf0a2e88ff164813fbc9b85876fa48fc0.jpg?1790006468,Crystal,80,0,DRG
Thesa Sergearis,47267643,148,0,Raiden,Light,497,0,09dba50da69ae23c7f77aa5135356ea2_a370664d98f658f4ed4e620f378f73cdfc0.jpg?1790007324,Crystal,36,0,RPR
Jou Bright,26172504,149,0,Shiva,Light,496,0,80f6d86c4118e80a4c51ba20920a1384_3fbff0e6b620e4d259dc427abc6574dafc0.jpg?1790007366,Crystal,196,0,NIN
Lolorei Lalarei,3686155,150,0,Omega,Chaos,496,0,da6ff12e4effc4cbacfe1b954f1c3bf5_39e25ac3d737c46452305eefe324372cfc0.jpg?1790007804,Crystal,149,0,PCT
Yin Mei,60684179,151,0,Raiden,Light,495,0,f01b244692f6f854c5f1789e2a131ffc_a370664d98f658f4ed4e620f378f73cdfc0.jpg?1790008263,Crystal,48,0,UNK
Bing Bing,50857849,152,0,Odin,Light,424,0,1a2b77cf04680b9bfe1c19f07f9f1f44_644311b63b607133c989d7c1188467dafc0.jpg?1790007210,Crystal,83,0,MCH
Zecht Bradamant,31785474,153,0,Omega,Chaos,415,0,b0b8438e6682f2931a1a930121d0ab43_39e25ac3d737c46452305eefe324372cfc0.jpg?1790005172,Crystal,103,0,SMN
Yinwea Levai,36476322,154,0,Shiva,Light,412,0,944bf3a8e93fcc8f15f3f521462d11b5_3fbff0e6b620e4d259dc427abc6574dafc0.jpg?1790004828,Crystal,154,0,AST
Tiggy Rohart,23133091,155,0,Alpha,Light,406,0,aa27360383b1eb0f9b5bd135578bb7bb_6132295fcf5570fb8b0a944ef322a598fc0.jpg?1790006356,Crystal,104,0,UNK
Kaido Joestar,30360817,156,0,Phantom,Chaos,406,0,0b2c2c50e354a9b7aad5f6356e205149_f0a43d6e5eea19af337a176e9836acddfc0.jpg?1790005619,Crystal,30,0,WAR
Frankie Urien,32323176,157,0,Zodiark,Light,405,0,ffae33588fe71f102672b7defdb50a30_c274370774c6bc3483cc8740805f41bcfc0.jpg?1790005876,Crystal,212,0,SGE
Blaine Skyler,37236741,158,0,Louisoix,Chaos,404,0,f892c4691642e8efdead7c502a5d01f0_0a122616f3718d3f45cab10fd8fc1604fc0.jpg?1790007759,Crystal,108,0,DRG
Ul Unhu,9592278,159,0,Phoenix,Light,403,0,d703e404c81140848dbcd200abc4ef7e_5047bc596a4bab2dc7f7c120bb22dec5fc0.jpg?1790005004,Crystal,139,0,MNK
Isca Mog,32212471,160,0,Zodiark,Light,401,0,e47f3ccc4bd8599193929766ab0abd2c_c274370774c6bc3483cc8740805f41bcfc0.jpg?1790005463,Crystal,66,0,RDM
Lawr Hawk,28248881,161,0,Odin,Light,401,0,e241b26df61ea0e201b637a7ae6c4cd4_644311b63b607133c989d7c1188467dafc0.jpg?1790007572,Crystal,63,0,BRD
Limit Cat,37849108,162,0,Lich,Light,401,0,5b03795e0323d8633451ea410c4aeced_7206469080400ed57a5373d0a9c55c59fc0.jpg?1790007393,Crystal,26,0,SGE
Firas Xll,61570305,163,0,Alpha,Light,397,0,180935d91342970858d2044d5c23d436_6132295fcf5570fb8b0a944ef322a598fc0.jpg?1790008049,Crystal,75,0,WHM
Rei Dassario,24597443,164,0,Raiden,Light,396,0,a51ce0a687a31ff3b67287e80ea30aed_a370664d98f658f4ed4e620f378f73cdfc0.jpg?1790005733,Crystal,74,0,VPR
Veritan Indaerus,21877909,165,0,Odin,Light,396,0,978a128ddf080c55e3afc742274d0c9f_644311b63b607133c989d7c1188467dafc0.jpg?1790006662,Crystal,55,0,UNK
Smoothie Sour,42056621,166,0,Zodiark,Light,389,0,247388cdfc4db1451cf9df83cce7b3a1_c274370774c6bc3483cc8740805f41bcfc0.jpg?1790004963,Crystal,64,0,FSH
Renna Vorak,25421061,167,0,Raiden,Light,310,0,c2dc94bad32c136ebcdcb42ec56ba1c3_a370664d98f658f4ed4e620f378f73cdfc0.jpg?1790007349,Crystal,75,0,MNK
Victoria Nyala,43751055,168,0,Phoenix,Light,304,0,d41ca298e2f03ee2273aca61640ebce0_5047bc596a4bab2dc7f7c120bb22dec5fc0.jpg?1790005796,Crystal,66,0,MCH
Yoe Lleufyn,28631681,169,0,Phoenix,Light,302,0,9584dd8fac44ba749b0855105a0e29e9_5047bc596a4bab2dc7f7c120bb22dec5fc0.jpg?1790007558,Crystal,159,0,RPR
Lina Sunstar,52075433,170,0,Spriggan,Chaos,301,0,d60c4576e74acfcd0ed77a6ea5d48800_feaf0a2e88ff164813fbc9b85876fa48fc0.jpg?1790004940,Crystal,204,0,WHM
Wimp Lo,37793632,171,0,Zodiark,Light,300,0,45ed053d252c3a44eabe55329426aa37_c274370774c6bc3483cc8740805f41bcfc0.jpg?1790007688,Crystal,150,0,UNK
Kalythas Alagria,37806271,172,0,Shiva,Light,300,0,4403baaa9e80e2bfd259c321ef6e7799_3fbff0e6b620e4d259dc427abc6574dafc0.jpg?1790008152,Crystal,81,0,SGE
Robin Baltemys,5860543,173,0,Odin,Light,300,0,c0b65624201e30005bd9dac89e14696a_644311b63b607133c989d7c1188467dafc0.jpg?1790007350,Crystal,25,0,UNK
Aiva Ibusaki,11039086,174,0,Shiva,Light,299,0,39b96ee63110c8909c27318f222d3695_3fbff0e6b620e4d259dc427abc6574dafc0.jpg?1790006765,Crystal,206,0,MCH
Lu Ni,58272624,175,0,Cerberus,Chaos,299,0,ab167867f3aa425b82e05a081df98df4_777c57311d510ca65dac3c1077dee435fc0.jpg?1790007702,Crystal,79,0,BLM
Medicine Melancholy,25525676,176,0,Raiden,Light,299,0,8a3aaef7e82e665cdb12f15457700593_a370664d98f658f4ed4e620f378f73cdfc0.jpg?1790007482,Crystal,71,0,RDM
Madelynn Veil,49771412,177,0,Omega,Chaos,299,0,92f91d9225bb816c6562fb117814681e_39e25ac3d737c46452305eefe324372cfc0.jpg?1790006682,Crystal,57,0,RDM
Kihn Shirudo,43951482,178,0,Spriggan,Chaos,298,0,2e619166d10daa6082c54563a5af17ff_feaf0a2e88ff164813fbc9b85876fa48fc0.jpg?1790007795,Crystal,118,0,DRK
Miimo Xa'ra,11362808,179,0,Shiva,Light,298,0,ce9814c05102c51abc5834316927fd0c_3fbff0e6b620e4d259dc427abc6574dafc0.jpg?1790006589,Crystal,76,0,WHM
Lunaelumen Heartless,3344766,180,0,Phoenix,Light,298,0,442c49c53db78614043ce10aa9733411_5047bc596a4bab2dc7f7c120bb22dec5fc0.jpg?1790006020,Crystal,48,0,RDM
Luna Everlight,11876492,181,0,Phantom,Chaos,298,0,87daed323422dd94882b0079ba9f6b3d_f0a43d6e5eea19af337a176e9836acddfc0.jpg?1790007718,Crystal,13,0,WAR
Riseon Misha,26343965,182,0,Zodiark,Light,297,0,d883dcfcee6650b3e6e1691bf6838f6c_c274370774c6bc3483cc8740805f41bcfc0.jpg?1790006846,Crystal,147,0,WHM
Ultimo Tower,13765195,183,0,Odin,Light,297,0,f3f293a7802e54bc6d3f5c2ceb6f4902_644311b63b607133c989d7c1188467dafc0.jpg?1790007266,Crystal,117,0,DRK
Dundee Nic'hpisfa,35976824,184,0,Odin,Light,296,0,8eda92b5ce2e258786d149b7cb349e09_644311b63b607133c989d7c1188467dafc0.jpg?1790004845,Crystal,196,0,GNB
Selin Naari,16360751,185,0,Cerberus,Chaos,296,0,fb2c3681e2cb33bdcd7894d5aad0b9ec_777c57311d510ca65dac3c1077dee435fc0.jpg?1790004686,Crystal,32,0,PLD
Hegel Gil,25438753,186,0,Omega,Chaos,295,0,5ed500fc1dd1d9cbbc95000a80326ff7_39e25ac3d737c46452305eefe324372cfc0.jpg?1790007000,Crystal,137,0,WAR
Akurei Amotanius,36595921,187,0,Odin,Light,294,0,ca5d9f24b62995e3bcb5d25cc576fc70_644311b63b607133c989d7c1188467dafc0.jpg?1790007460,Crystal,121,0,MCH
Night Siren,46140840,188,0,Alpha,Light,221,0,5b2c854dc9360523ee7fcd5bfee41621_6132295fcf5570fb8b0a944ef322a598fc0.jpg?1790006963,Crystal,168,0,GNB
Erion Hein,39135014,189,0,Twintania,Light,216,0,ba6bc1e1e70e5f3402d91ecfcf7d01e8_c33f640c0cdd35f7def85b8aa31a0007fc0.jpg?1790005252,Crystal,144,0,UNK
Airi Rhitik,2286171,190,0,Moogle,Chaos,212,0,0e7c747879926e0f575c8444323c478f_d7a9d5f85a29d6278ec1c7adc2c8d242fc0.jpg?1790008174,Crystal,146,0,WHM
Ayrelinia Saelinire,41821402,191,0,Spriggan,Chaos,207,0,8604bb768bf59461e5f44eef46ee9961_feaf0a2e88ff164813fbc9b85876fa48fc0.jpg?1790004781,Crystal,22,0,BLU
Onox Farbane,43799244,192,0,Zodiark,Light,206,0,c322e9dd886e64c0365244e0b587448f_c274370774c6bc3483cc8740805f41bcfc0.jpg?1790005915,Crystal,45,0,WAR
Brutal Killer,8885117,193,0,Raiden,Light,203,0,30c6a6207c7e93d407784888a7f29c97_a370664d98f658f4ed4e620f378f73cdfc0.jpg?1790006502,Crystal,3,0,UNK
Strife Duskblade,34142903,194,0,Omega,Chaos,202,0,e8d7518889e9dd65f6114527334ca66a_39e25ac3d737c46452305eefe324372cfc0.jpg?1790007924,Crystal,82,0,DRK
Gaspard Deguingoix,11032081,195,0,Moogle,Chaos,201,0,b9283e6a6be9cd219ee0afea98546775_d7a9d5f85a29d6278ec1c7adc2c8d242fc0.jpg?1790004825,Crystal,79,0,FSH
Sayuri Maeshima,33888798,196,0,Omega,Chaos,201,0,9543e703e2409901a4e4c51fcd72a0bd_39e25ac3d737c46452305eefe324372cfc0.jpg?1790006451,Crystal,57,0,NIN
Tiranna Reinford,12390793,197,0,Moogle,Chaos,201,0,287223c7dac01617ab03a9e54406de0e_d7a9d5f85a29d6278ec1c7adc2c8d242fc0.jpg?1790005315,Crystal,31,0,SCH
Shanks Haki,20417857,198,0,Louisoix,Chaos,200,0,01683c16881e9dfb6ce45ceb07293b70_0a122616f3718d3f45cab10fd8fc1604fc0.jpg?1790006334,Crystal,116,0,AST
Dessy Moonwalker,30980737,199,0,Zodiark,Light,200,0,e34bce9409ca557af54cb198e3aec31b_c274370774c6bc3483cc8740805f41bcfc0.jpg?1790008033,Crystal,93,0,RDM
Asra Alvah,37928023,200,0,Raiden,Light,200,0,262658a82a5c4524098a08e12cb232b2_a370664d98f658f4ed4e620f378f73cdfc0.jpg?1790007953,Crystal,84,0,BLM
Mizu Shimizu,41402391,201,0,Twintania,Light,200,0,b745f1d87ccd905d96d6b6ca49092222_c33f640c0cdd35f7def85b8aa31a0007fc0.jpg?1790008231,Crystal,74,0,UNK
Ash Dreadsaint,16641514,202,0,Alpha,Light,200,0,35babc8a56d97c1de09ffbf594068bd0_6132295fcf5570fb8b0a944ef322a598fc0.jpg?1790006502,Crystal,67,0,GNB
Eve Naeuri,43290162,203,0,Sagittarius,Chaos,200,0,c143c5d5e461ba9e3f51c07a3de23e21_44ca0844398b2d010d8cd4a31ddb023dfc0.jpg?1790007811,Crystal,45,0,CRP
Krek Balflear,48912824,204,0,Sagittarius,Chaos,200,0,3ddedc4fdcf35465d04f99e2b4737a9f_44ca0844398b2d010d8cd4a31ddb023dfc0.jpg?1790005952,Crystal,42,0,SGE
Neppie Nen,38644421,205,0,Phoenix,Light,200,0,6744f6c777bfc017ed7318054ef44f3d_5047bc596a4bab2dc7f7c120bb22dec5fc0.jpg?1790007707,Crystal,31,0,GNB
Mer Lin,50434149,206,0,Spriggan,Chaos,200,0,52a13256ecf71bc72e25a6b211b196c8_feaf0a2e88ff164813fbc9b85876fa48fc0.jpg?1790005768,Crystal,18,0,DRK
Erika Avellana,45153856,207,0,Alpha,Light,199,0,d52954932b2c20e3d303cb8cf101f3eb_6132295fcf5570fb8b0a944ef322a598fc0.jpg?1790006624,Crystal,367,0,WVR
Vic Strider,53817077,208,0,Raiden,Light,199,0,64d68250fabd33e4972dcba2d2638d6c_a370664d98f658f4ed4e620f378f73cdfc0.jpg?1790007624,Crystal,156,0,FSH
Blauer Klappstuhl,26766763,209,0,Twintania,Light,199,0,f76377f6ab535a27f0b0fd1a7ab3b7a0_c33f640c0cdd35f7def85b8aa31a0007fc0.jpg?1790007411,Crystal,68,0,WAR
Tomo Kote,55321667,210,0,Zodiark,Light,199,0,5955a289356783d4701df9a9c192d2b8_c274370774c6bc3483cc8740805f41bcfc0.jpg?1790007311,Crystal,45,0,WAR
Yuumi Fish,25707217,211,0,Cerberus,Chaos,199,0,1a7ebbda26c28eb61f262b9fb37e8c6e_777c57311d510ca65dac3c1077dee435fc0.jpg?1790007081,Crystal,19,0,DNC
Leo Wolfram,55309464,212,0,Twintania,Light,198,0,137bda326a93315b803aa0d477a79942_c33f640c0cdd35f7def85b8aa31a0007fc0.jpg?1790005640,Crystal,66,0,DRG
Guimiko Miko,54285624,213,0,Moogle,Chaos,197,0,610c37aeb64c6149d7c6d5ea93a8114e_d7a9d5f85a29d6278ec1c7adc2c8d242fc0.jpg?1790006087,Crystal,51,0,MNK
Vyn Silvair,21908199,214,0,Shiva,Light,196,0,05a4597e1e8ad1e87cfc4aab88be286c_3fbff0e6b620e4d259dc427abc6574dafc0.jpg?1790008201,Crystal,87,0,UNK
Mats Luxed,36390152,215,0,Twintania,Light,196,0,4d98b4ef01ccfc9df166d83a5771a4ea_c33f640c0cdd35f7def85b8aa31a0007fc0.jpg?1790006076,Crystal,32,0,DRK
Luca Natura,26126798,216,0,Omega,Chaos,196,0,aee9a8f332f96a4c5a45923c0e82782a_39e25ac3d737c46452305eefe324372cfc0.jpg?1790006847,Crystal,24,0,GSM
Wieg Wiggles,35061622,217,0,Lich,Light,192,0,61256a3e6c4f0c3dcc05469f5550d102_7206469080400ed57a5373d0a9c55c59fc0.jpg?1790005795,Crystal,187,0,WAR
Deltimor Offerentis,53216923,218,0,Ragnarok,Chaos,101,0,b1f3b3bcc24281f671ac2ced6960431a_40d57ba713628f3f1ef5ef204b6d76d2fc0.jpg?1790007316,Crystal,292,0,BLM
Ezra Qestir,44134603,219,0,Raiden,Light,101,0,7200800b651be63ad1594ce634d2eb48_a370664d98f658f4ed4e620f378f73cdfc0.jpg?1790006512,Crystal,132,0,SAM
Song Shuhang,60751505,220,0,Louisoix,Chaos,101,0,908d04c341598c3e6095e2af05dfae15_0a122616f3718d3f45cab10fd8fc1604fc0.jpg?1790006289,Crystal,31,0,DNC
Eeva Lightwood,34867115,221,0,Phoenix,Light,100,0,029a994eac70f6897fab7cb241b4204b_5047bc596a4bab2dc7f7c120bb22dec5fc0.jpg?1790008149,Crystal,244,0,MCH
Rem Minase,15335467,222,0,Ragnarok,Chaos,100,0,6f4b9532213e5ed122fcac3e5c3b4cc5_40d57ba713628f3f1ef5ef204b6d76d2fc0.jpg?1790006155,Crystal,215,0,WAR
Freya Highwind,37533969,223,0,Spriggan,Chaos,100,0,de376c51fd21ccbb1018c1c3fb40734b_feaf0a2e88ff164813fbc9b85876fa48fc0.jpg?1790008118,Crystal,204,0,SMN
Sonnas Dedede,37860927,224,0,Twintania,Light,100,0,25b1bad7226a0841ef265c7dc5b0eba9_c33f640c0cdd35f7def85b8aa31a0007fc0.jpg?1790007944,Crystal,202,0,SAM
Laville Burns,44676490,225,0,Alpha,Light,100,0,1999bb362905ab6ad44fa2e8931ef3dc_6132295fcf5570fb8b0a944ef322a598fc0.jpg?1790006387,Crystal,200,0,SAM
Rose Nashi'rah,5586423,226,0,Moogle,Chaos,100,0,eabb33d9d4a68beb623fdbad8de0ccd2_d7a9d5f85a29d6278ec1c7adc2c8d242fc0.jpg?1790004800,Crystal,179,0,WVR
Keraunos Greywolfe,31183458,227,0,Alpha,Light,100,0,3431088cd9f33e5f20e30162c35286fd_6132295fcf5570fb8b0a944ef322a598fc0.jpg?1790005634,Crystal,177,0,SMN
Bagel Egg,18929023,228,0,Omega,Chaos,100,0,f655117235b1c0d199ca39849579a631_39e25ac3d737c46452305eefe324372cfc0.jpg?1790005790,Crystal,173,0,UNK
Staz Hellcat,8016319,229,0,Cerberus,Chaos,100,0,c7e860ceda35e35e41bca47bf02624be_777c57311d510ca65dac3c1077dee435fc0.jpg?1790008186,Crystal,155,0,PLD
Lazyy Kitty,53228784,230,0,Zodiark,Light,100,0,c09b1a0029bc70ebcdbedaad8618bbbc_c274370774c6bc3483cc8740805f41bcfc0.jpg?1790007880,Crystal,148,0,DRK
Lumine Heartseeker,37169102,230,0,Lich,Light,100,0,bef41e353f9709f6c26365adcd129410_7206469080400ed57a5373d0a9c55c59fc0.jpg?1790005776,Crystal,148,0,UNK
Magnus Skorweg,14288959,232,0,Cerberus,Chaos,100,0,36b3ca5cc0c3fa7edd1b5b276f54a6fc_777c57311d510ca65dac3c1077dee435fc0.jpg?1790004824,Crystal,145,0,SMN
Alabaster Arcadia,39618537,233,0,Phoenix,Light,100,0,04f03f1ffd5a39f931966123f856ea6c_5047bc596a4bab2dc7f7c120bb22dec5fc0.jpg?1790006221,Crystal,144,0,BRD
Merily Marlin,52216084,234,0,Louisoix,Chaos,100,0,1b485637d5f1df89d363a45b95cba49c_0a122616f3718d3f45cab10fd8fc1604fc0.jpg?1790007761,Crystal,124,0,MNK
Sir Azmuth,21784845,234,0,Lich,Light,100,0,aaa9e4ee439eaa5d584760975605186f_7206469080400ed57a5373d0a9c55c59fc0.jpg?1790007776,Crystal,124,0,SAM
Altair Nightveil,37899651,236,0,Odin,Light,100,0,66c10a4203ea077f0a752e4bf561ff53_644311b63b607133c989d7c1188467dafc0.jpg?1790005963,Crystal,122,0,WAR
Ai Ka',13500675,237,0,Ragnarok,Chaos,100,0,171f0ab92d0e928acdb718980be9c896_40d57ba713628f3f1ef5ef204b6d76d2fc0.jpg?1790006727,Crystal,115,0,FSH
Wilson D'ball,48646138,238,0,Phantom,Chaos,100,0,c7a54b3f5006e7e5afdef2d9e10421ad_f0a43d6e5eea19af337a176e9836acddfc0.jpg?1790005955,Crystal,113,0,WAR
Indrxon Darkdrake,39417099,239,0,Zodiark,Light,100,0,ad54d57c1df432e3d1125b26e7a70c69_c274370774c6bc3483cc8740805f41bcfc0.jpg?1790007702,Crystal,112,0,FSH
Deme Tayuun,14832348,240,0,Raiden,Light,100,0,ae2fb7b7ac8ad3f92247efdd9fade6e7_a370664d98f658f4ed4e620f378f73cdfc0.jpg?1790006483,Crystal,108,0,SAM
Haadin Maero,25649806,240,0,Cerberus,Chaos,100,0,ab3efb60a6f01134129c732e6e60c255_777c57311d510ca65dac3c1077dee435fc0.jpg?1790006610,Crystal,108,0,RDM
Lilia Sunvale,59323692,242,0,Phoenix,Light,100,0,01173bfd4d3bd682b07d6e9ac6dafd16_5047bc596a4bab2dc7f7c120bb22dec5fc0.jpg?1790006138,Crystal,105,0,BRD
Saku Rozen,1622070,243,0,Odin,Light,100,0,76d32a46909474e4b590ee6476bfabce_644311b63b607133c989d7c1188467dafc0.jpg?1790005177,Crystal,101,0,UNK
Tisha Adori,32551351,243,0,Zodiark,Light,100,0,a1f13f2decf7933275b7ce63051dc06f_c274370774c6bc3483cc8740805f41bcfc0.jpg?1790005165,Crystal,101,0,MCH
Aragorn Pendragon,9019127,245,0,Ragnarok,Chaos,100,0,87aef8a41356f31d322683bdf3e6103b_40d57ba713628f3f1ef5ef204b6d76d2fc0.jpg?1790004831,Crystal,100,0,MCH
Hope Carmine,31931991,245,0,Odin,Light,100,0,4d5e5c176cb534aaf44e67236bf6c171_644311b63b607133c989d7c1188467dafc0.jpg?1790006816,Crystal,100,0,BLM
Rain Hoshino,6160241,247,0,Moogle,Chaos,100,0,fc4a751ebc0402023f56f7934007c9ef_d7a9d5f85a29d6278ec1c7adc2c8d242fc0.jpg?1790005347,Crystal,99,0,PLD
Pave Zen,51542459,248,0,Zodiark,Light,100,0,c62f2300698b05a5ff2e27ea4ec74914_c274370774c6bc3483cc8740805f41bcfc0.jpg?1790007152,Crystal,96,0,PLD
Haki Haki,8290724,249,0,Ragnarok,Chaos,100,0,3fc43df6da1c629c59b5cdae63dee7a7_40d57ba713628f3f1ef5ef204b6d76d2fc0.jpg?1790005316,Crystal,94,0,SMN
Ray Croft,29659793,250,0,Shiva,Light,100,0,56ebf33c0c49fd7529d32303d4b7c8d9_3fbff0e6b620e4d259dc427abc6574dafc0.jpg?1790005773,Crystal,89,0,RDM
Glyceri Chosuti,30338174,251,0,Moogle,Chaos,100,0,6d93c9241424e92e6f0351d35d8b6eaa_d7a9d5f85a29d6278ec1c7adc2c8d242fc0.jpg?1790007732,Crystal,88,0,DNC
Ark Kekko,50821807,252,0,Omega,Chaos,100,0,b81b1c241e98f7a5f9b9c81665be1243_39e25ac3d737c46452305eefe324372cfc0.jpg?1790006737,Crystal,86,0,BRD
Vincent God,14069867,253,0,Phoenix,Light,100,0,7d8e17eab1b900c1741204dbf199eb48_5047bc596a4bab2dc7f7c120bb22dec5fc0.jpg?1790007978,Crystal,84,0,UNK
Catlisaie Leveilleur,38928587,254,0,Sagittarius,Chaos,100,0,b49cedcc9313e5b78f3c3e17f3a3b68c_44ca0844398b2d010d8cd4a31ddb023dfc0.jpg?1790007820,Crystal,80,0,ARM
Ahri Astral,27303728,255,0,Ragnarok,Chaos,100,0,8a7c70df6b714ed519111f5eb5430952_40d57ba713628f3f1ef5ef204b6d76d2fc0.jpg?1790006158,Crystal,79,0,WHM
Gun Grave,39069917,256,0,Alpha,Light,100,0,89afa1641c5d0fb3c37ff5b905d4b26a_6132295fcf5570fb8b0a944ef322a598fc0.jpg?1790004792,Crystal,77,0,UNK
Sahamaru Kamijo,13566032,257,0,Lich,Light,100,0,ab5bb27991a2037ddd8e8b0aef304406_7206469080400ed57a5373d0a9c55c59fc0.jpg?1790006413,Crystal,75,0,MCH
Akito Kotomine,14113084,258,0,Cerberus,Chaos,100,0,6535eaee5701ca6c10beffbfc70273c9_777c57311d510ca65dac3c1077dee435fc0.jpg?1790005956,Crystal,70,0,RPR
Nemesis Sol,49622209,259,0,Shiva,Light,100,0,1bcb80e23a56918c49abb6d50ef563af_3fbff0e6b620e4d259dc427abc6574dafc0.jpg?1790006504,Crystal,67,0,MNK
Tsuguri Tempest,8093380,260,0,Moogle,Chaos,100,0,673dd69d52b7f7c210bb231091fd1922_d7a9d5f85a29d6278ec1c7adc2c8d242fc0.jpg?1790005314,Crystal,66,0,SAM
Lolarita Rorry,39677497,261,0,Odin,Light,100,0,3c990f7c55a34985fb496735b20a6b10_644311b63b607133c989d7c1188467dafc0.jpg?1790008198,Crystal,65,0,WHM
Core Flare,44609138,262,0,Raiden,Light,100,0,4d277108d876101c6b97212a26f6bc97_a370664d98f658f4ed4e620f378f73cdfc0.jpg?1790005849,Crystal,64,0,SCH
Magisa Vale,43527083,263,0,Phoenix,Light,100,0,50d54724458e52e82fcfc6d537b9e001_5047bc596a4bab2dc7f7c120bb22dec5fc0.jpg?1790007059,Crystal,56,0,RDM
Fandrix Shadowsong,36051326,264,0,Louisoix,Chaos,100,0,e8515941184b5c25f2622f1899a0969a_0a122616f3718d3f45cab10fd8fc1604fc0.jpg?1790005031,Crystal,50,0,SAM
Ino Based,41531397,265,0,Alpha,Light,100,0,ae8562754d31616305226909752bc4fd_6132295fcf5570fb8b0a944ef322a598fc0.jpg?1790004998,Crystal,49,0,WAR
Const Mar,17323909,266,0,Phoenix,Light,100,0,9b3b80b05e36ff71934a612327c91867_5047bc596a4bab2dc7f7c120bb22dec5fc0.jpg?1790007619,Crystal,47,0,FSH
Pattinger Kersel,8183392,267,0,Raiden,Light,100,0,4fec5839fc0fc0bba3a80fc4e1910660_a370664d98f658f4ed4e620f378f73cdfc0.jpg?1790006708,Crystal,44,0,SMN
Sarah Swordmoon,15666675,268,0,Ragnarok,Chaos,100,0,f4dc48a690259d750cc95afaff6386b8_40d57ba713628f3f1ef5ef204b6d76d2fc0.jpg?1790007984,Crystal,42,0,NIN
Maya White,9385038,269,0,Twintania,Light,100,0,1ab5adfc5d7d400ad0f8b4d181e6d2f0_c33f640c0cdd35f7def85b8aa31a0007fc0.jpg?1790008170,Crystal,40,0,UNK
Red Fluffy,41965323,270,0,Shiva,Light,100,0,6e4c702e77f55eff42d4c42a07f242db_3fbff0e6b620e4d259dc427abc6574dafc0.jpg?1790007940,Crystal,38,0,GNB
Gwen Farron,10011051,271,0,Ragnarok,Chaos,100,0,3348ff23f3315e0457aa0694f655e953_40d57ba713628f3f1ef5ef204b6d76d2fc0.jpg?1790008215,Crystal,35,0,CRP
Sakurane Zero'yuurai,13075529,272,0,Ragnarok,Chaos,100,0,b65369d4b043831749f5fa45d2428e30_40d57ba713628f3f1ef5ef204b6d76d2fc0.jpg?1790005873,Crystal,31,0,PCT
Gella Zenhat,16553524,273,0,Cerberus,Chaos,100,0,34542c2a2fe5b9a690d00a5565e15c1b_777c57311d510ca65dac3c1077dee435fc0.jpg?1790008032,Crystal,28,0,MCH
Ka La,18103622,273,0,Ragnarok,Chaos,100,0,79cb69a4d9a7535c8ee4e2bbfc9b2a1d_40d57ba713628f3f1ef5ef204b6d76d2fc0.jpg?1790006437,Crystal,28,0,DRK
Mhia Mewrilah,26716262,275,0,Omega,Chaos,100,0,6b70c463b87dca3437d37504f74aad3b_39e25ac3d737c46452305eefe324372cfc0.jpg?1790007469,Crystal,27,0,WHM
Xiex Xie,40733160,276,0,Zodiark,Light,100,0,f253e0943a65dac103a6dfd764a01f52_c274370774c6bc3483cc8740805f41bcfc0.jpg?1790006795,Crystal,25,0,SGE
Ebin Almsivi,35310847,277,0,Shiva,Light,100,0,0c72e527d2d86c2ee8f4698832e880b5_3fbff0e6b620e4d259dc427abc6574dafc0.jpg?1790004729,Crystal,23,0,PLD
Zhinna Maya,8219011,278,0,Odin,Light,100,0,b96bc839d3db0d26e61bf4b24282c925_644311b63b607133c989d7c1188467dafc0.jpg?1790005629,Crystal,15,0,WAR
Autuas Au,37357840,279,0,Phantom,Chaos,100,0,5c8929453beb42fb1a167e93eca11abf_f0a43d6e5eea19af337a176e9836acddfc0.jpg?1790007176,Crystal,13,0,UNK
Skaia Enirim,54107195,280,0,Phantom,Chaos,0,0,6e5d7cb14c89fb82a873ae38f4c26491_f0a43d6e5eea19af337a176e9836acddfc0.jpg?1790006858,Diamond,281,0,DNC
Athena Olympe,44680885,281,0,Sagittarius,Chaos,0,0,7e7afe9e9cebc29cee3220c1e0530540_44ca0844398b2d010d8cd4a31ddb023dfc0.jpg?1790006756,Diamond,203,0,UNK
Lo Enha,27971408,282,0,Moogle,Chaos,0,0,5236c7cc585f6b9213e6d33f05e78c61_d7a9d5f85a29d6278ec1c7adc2c8d242fc0.jpg?1790007646,Diamond,148,0,BLM
Sangon Yukihoshi,11533024,283,0,Raiden,Light,0,0,d5814159d4f4b2afaa562891375a7b01_a370664d98f658f4ed4e620f378f73cdfc0.jpg?1790005661,Diamond,133,0,PLD
Lu Mi,47806406,284,0,Raiden,Light,0,0,c8d19bad38e9523a4db779b2bf514973_a370664d98f658f4ed4e620f378f73cdfc0.jpg?1790007455,Diamond,83,0,RDM
Rave Bae,47220633,285,0,Alpha,Light,0,0,e640b0d43fa0078b032cbecc50b4e94c_6132295fcf5570fb8b0a944ef322a598fc0.jpg?1790005052,Diamond,73,0,BRD
Libitina Incarne,53924694,286,0,Phantom,Chaos,0,0,43b10121c131b468c3e5c5fe3569ab0e_f0a43d6e5eea19af337a176e9836acddfc0.jpg?1790007893,Diamond,53,0,WAR
Paper Planes,59055005,287,0,Raiden,Light,0,0,1b7fc8e62eb37ebc10e0b203856e161c_a370664d98f658f4ed4e620f378f73cdfc0.jpg?1790008263,Diamond,21,0,DRK
Naralis A'roihan,35460975,288,0,Odin,Light,0,0,39833ac3dfdbb3ea64ab911763fea294_644311b63b607133c989d7c1188467dafc0.jpg?1790007735,Diamond,328,0,SCH
Tsu Kee,47596814,289,0,Zodiark,Light,0,0,df5063d6db141a1bc921d4623e08a366_c274370774c6bc3483cc8740805f41bcfc0.jpg?1790007954,Diamond,280,0,DNC
Lins Rehw-marouc,14630657,290,0,Odin,Light,0,0,6613def0ffe04fb55813301bfc92a2af_644311b63b607133c989d7c1188467dafc0.jpg?1790008176,Diamond,215,0,MNK
Vesper Lux,39986527,291,0,Phoenix,Light,0,0,3ffa8cf173ca00c6bd21dc61c1a7850f_5047bc596a4bab2dc7f7c120bb22dec5fc0.jpg?1790006184,Diamond,191,0,VPR
Jalsket Pirated,40728416,292,0,Zodiark,Light,0,0,18ffb968d4a5a0c03d5e251516a2c3aa_c274370774c6bc3483cc8740805f41bcfc0.jpg?1790007994,Diamond,133,0,WHM
Uraraka Lunae,19968499,293,0,Louisoix,Chaos,0,0,87178981b631653f4905b195c6c49583_0a122616f3718d3f45cab10fd8fc1604fc0.jpg?1790008177,Diamond,106,0,SAM
Shizuna Kha,34044483,294,0,Sagittarius,Chaos,0,0,6aba21e5b013fb13d6b90ad356453c58_44ca0844398b2d010d8cd4a31ddb023dfc0.jpg?1790005883,Diamond,91,0,BRD
Athena Divinita,29936247,295,0,Raiden,Light,0,0,d3fb26737b874d6c865e1ff9ba20a651_a370664d98f658f4ed4e620f378f73cdfc0.jpg?1790006357,Diamond,75,0,WHM
Alex Bean,24788739,296,0,Zodiark,Light,0,0,6aa5d269d2362413ba9a055f7c8f6704_c274370774c6bc3483cc8740805f41bcfc0.jpg?1790005294,Diamond,60,0,SMN
Rei Morow,28187368,297,0,Raiden,Light,0,0,3f9c2b5b08b9fdb4c7d188d33979cea6_a370664d98f658f4ed4e620f378f73cdfc0.jpg?1790007020,Diamond,57,0,UNK
Kaomi Silver's,31290391,298,0,Phantom,Chaos,0,0,239fcc464702423d7f9ce8c7854a4fc3_f0a43d6e5eea19af337a176e9836acddfc0.jpg?1790007509,Diamond,44,0,WHM
Irmele Elandris,13301011,299,0,Odin,Light,0,0,545d79c172c687ee4ac495ceca89d9dd_644311b63b607133c989d7c1188467dafc0.jpg?1790007543,Diamond,35,0,WAR
Littlebard Crits,44849524,300,0,Lich,Light,0,0,85155be3d7c3c8936c428085496b1e8d_7206469080400ed57a5373d0a9c55c59fc0.jpg?1790005274,Diamond,9,0,UNK
Djinn Piston,44999217,1,0,Durandal,Gaia,5144,0,f34e66517ae3b26262c9b4f09835c5a0_806ea5b45071d5cd6bf393e38462ee71fc0.jpg?1790004927,Ultima,183,0,MNK
Yurugi Koyurugi,29769522,2,0,Belias,Meteor,4795,0,ce65dfc48d522a7a126208d94cdc2852_894c4bd0beab2e2beb44b74f4c4bd206fc0.jpg?1790008178,Ultima,129,1,PLD
Makina Belg,23683223,3,0,Belias,Meteor,4686,0,ffed281791b6f91e5a2000e4917cfeeb_894c4bd0beab2e2beb44b74f4c4bd206fc0.jpg?1790008236,Ultima,268,0,MNK
Yoruki Hiroran,56925172,4,0,Typhon,Elemental,4681,0,68df19c82415e8fed5592345fb9acbd3_32d8c9c7cd5f62d62da2d31b6750a680fc0.jpg?1790005110,Ultima,87,0,SMN
Rein Asshe,17170082,5,0,Ultima,Gaia,4414,0,f9ab83c24ecb748f4dad2b1415364524_9df1b3cb0da35db33c17ef11ddf12adafc0.jpg?1790004768,Ultima,175,5,VPR
Rya Myosotisy,44244496,6,0,Asura,Mana,4352,0,d39af5863481d80b66f4fe05bf80d003_53f1445a9f28799a32ea55f046319fc3fc0.jpg?1790007506,Ultima,194,8,MNK
Envy Lua,43034484,7,0,Valefor,Meteor,4342,0,e7cd2d55788c0aa6cbc5b71284096360_485f4777c38002871591fb54f27edc65fc0.jpg?1790007560,Ultima,288,8,AST
Paker Zuka,35106373,8,0,Bahamut,Gaia,4263,0,1dfba22310e23cd21bd3a7481bf928e1_86da943caa70c8694707ab2ff74e68c9fc0.jpg?1790006305,Ultima,144,0,UNK
Sensei Jyutusi,20995129,9,0,Chocobo,Mana,4090,0,218ddf1e9e095da9f0b9d5866f9f2d80_781d6b3603312f6be41670afa37282e0fc0.jpg?1790005037,Ultima,163,0,SMN
Kim Shin,2354630,10,0,Masamune,Mana,4076,0,9d6bba308f1c44ad24883a9717b4d480_134930215abb8a90ec37d6cc05b05e08fc0.jpg?1790007843,Ultima,89,0,SAM
Happo Hapo,59173770,11,0,Pandaemonium,Mana,4052,0,8d06d5697fa5f35516e08e77ecb4eff8_470db1bf2e865f9130531fea40b61ee4fc0.jpg?1790005441,Ultima,125,0,VPR
Vivi Ann,4766157,12,0,Kujata,Elemental,4045,0,9543e197b2faf03aa21058f9deedc408_72c48f093f2278ac3243962d3eb6a8d7fc0.jpg?1790008275,Ultima,346,0,AST
Yggdra Ashland,54877212,13,0,Kujata,Elemental,4045,0,816b46afe7a43cca1a29679630895589_72c48f093f2278ac3243962d3eb6a8d7fc0.jpg?1790005767,Ultima,106,0,PLD
Tsuchi Tsuki,39089046,14,0,Bahamut,Gaia,4043,0,032858264c706c6341f57dbef9e86da1_86da943caa70c8694707ab2ff74e68c9fc0.jpg?1790005911,Ultima,122,0,NIN
Emil Sarasun,7191072,15,0,Asura,Mana,4002,0,052a2527c0dee23533f8162c40d66898_53f1445a9f28799a32ea55f046319fc3fc0.jpg?1790008199,Ultima,165,0,RPR
Merry Scrald,11886780,16,0,Belias,Meteor,3879,0,7bfbd82582fd003bc514339935d874a7_894c4bd0beab2e2beb44b74f4c4bd206fc0.jpg?1790005861,Omega,136,0,WAR
K' R',8489348,17,0,Chocobo,Mana,3873,0,38834b79bf39846f80b605b4a592c2eb_781d6b3603312f6be41670afa37282e0fc0.jpg?1790004752,Omega,294,13,AST
Ciel Cocco,27192023,18,0,Anima,Mana,3849,0,05df3829299dc9e3c4ba0bceb512525a_2f698530a28d671d20278c8518c804c9fc0.jpg?1790004801,Omega,375,0,SAM
Bakeke Bake,40527195,19,42,Asura,Mana,3837,558,2df47416611081755cf9e0cd7c586afa_53f1445a9f28799a32ea55f046319fc3fc0.jpg?1790005902,Omega,228,14,MCH
Seraki Matsushima,43566777,20,19,Ixion,Mana,3836,0,1e4675de3ee8e4d8e053dede59297104_7126768d768f6c6c7fed3eaee98c3a8afc0.jpg?1790007167,Omega,124,0,PLD
Noin Kurial,23981966,21,49,Asura,Mana,3834,698,83830f722858537d3bbdd6afabacaa3d_53f1445a9f28799a32ea55f046319fc3fc0.jpg?1790007430,Omega,83,9,PCT
Peng In,60228501,22,20,Bahamut,Gaia,3813,0,871397d65bde709b44c83fca4e18a1b3_86da943caa70c8694707ab2ff74e68c9fc0.jpg?1790004846,Omega,277,0,SMN
Hyunsik Lee,59757026,23,21,Typhon,Elemental,3778,0,d171f47402375bca99a35c72ebcb7e48_32d8c9c7cd5f62d62da2d31b6750a680fc0.jpg?1790005835,Omega,263,0,DNC
Robs Wiz,47501636,24,22,Aegis,Elemental,3766,0,24b0e4e155ae76da2a553003980ac156_3ea38e723c590aabf186367e1eb7e6a1fc0.jpg?1790007977,Omega,481,6,BLM
Sorin Maki,53900927,25,23,Durandal,Gaia,3751,0,b0d4570e39585eb6b5ba7458ff8781a7_806ea5b45071d5cd6bf393e38462ee71fc0.jpg?1790006524,Omega,162,20,VPR
Lancer Yan,18545180,26,24,Fenrir,Gaia,3739,0,b5d95c2f29f83c258c8ed96425acd32b_d384cf5ad7db803f29799f36ebbc3eadfc0.jpg?1790005421,Omega,121,10,NIN
Imlink Rr,46726473,27,26,Bahamut,Gaia,3728,65,6c9ffcd32b7d78e8b7e09c63d130ef2a_86da943caa70c8694707ab2ff74e68c9fc0.jpg?1790005941,Omega,470,6,MCH
Rex Cold,46340519,28,25,Bahamut,Gaia,3677,0,5a590acfa6bbe6cddd1eb5143c7070f2_86da943caa70c8694707ab2ff74e68c9fc0.jpg?1790006279,Omega,273,0,UNK
Ame Ame,53697484,29,27,Titan,Mana,3636,0,93d3d9e0c4003776bb652473d623797e_e2bb3f9679fec6d4836fcf8abcc3eeacfc0.jpg?1790008002,Omega,223,0,UNK
Karma Strife,3816037,30,28,Chocobo,Mana,3635,0,7a25293b17ff84c0c64a519d1fc09720_781d6b3603312f6be41670afa37282e0fc0.jpg?1790005099,Omega,156,0,MCH
Hatozo Ito,39455624,31,29,Typhon,Elemental,3616,0,a2de1cbebb1230e8f11f0fa765df7d0f_32d8c9c7cd5f62d62da2d31b6750a680fc0.jpg?1790008249,Omega,266,7,UNK
Shien Tia,43209576,32,30,Ixion,Mana,3580,0,bd7a6b413b4e6770e7c2860d540ae37a_7126768d768f6c6c7fed3eaee98c3a8afc0.jpg?1790007469,Omega,86,4,UNK
Hollow Crown,59144034,33,31,Chocobo,Mana,3538,0,b91b6512544e8803d649622f67e53eab_781d6b3603312f6be41670afa37282e0fc0.jpg?1790006118,Omega,84,0,BLM
Aizen Sosuke,46625154,34,32,Asura,Mana,3523,0,084fe9c7ee753ba32657d9e49b4edde5_53f1445a9f28799a32ea55f046319fc3fc0.jpg?1790004766,Omega,218,11,UNK
Nicku Nicku,18939474,35,33,Tonberry,Elemental,3497,0,c713d7a775bba8adf5d47b2630f63674_7bb6b1e488f0e4f01c5314d010b60f31fc0.jpg?1790006027,Omega,81,7,UNK
Zsika Mu',18898369,36,34,Ridill,Gaia,3490,0,ed7f8569bf4537dfd9f2ea953ad59e8a_138751880f18161a907d7cf0faa43f07fc0.jpg?1790006254,Omega,95,0,UNK
Furanzeska Sumeragi,8414050,37,35,Tonberry,Elemental,3461,0,7300d72d23103eb5494b3e21bf99b3b6_7bb6b1e488f0e4f01c5314d010b60f31fc0.jpg?1790006782,Omega,161,12,MCH
Yo Na,52935364,38,36,Fenrir,Gaia,3452,0,2517fd5dbad75617e546949761815db9_d384cf5ad7db803f29799f36ebbc3eadfc0.jpg?1790007744,Omega,146,17,VPR
Kageto Magatsuki,36052369,39,44,Ultima,Gaia,3443,181,c99eebd98f0729313042324985a6fc9a_9df1b3cb0da35db33c17ef11ddf12adafc0.jpg?1790005681,Omega,175,8,VPR
Okome Justice,58734775,40,37,Durandal,Gaia,3397,0,3589d26a22faffebd4c39812822aab8a_806ea5b45071d5cd6bf393e38462ee71fc0.jpg?1790008137,Omega,68,0,NIN
Konegai Konegai,3277232,41,117,Masamune,Mana,3385,809,3a445dba3d4d2882c60b55a59669971b_134930215abb8a90ec37d6cc05b05e08fc0.jpg?1790007713,Omega,326,35,MCH
Yumichin Nekoangel,11505114,42,38,Chocobo,Mana,3368,0,43e39ba4314b9f81eb1067f163d33ed5_781d6b3603312f6be41670afa37282e0fc0.jpg?1790007426,Omega,91,0,RPR
Kite Free,28865954,43,39,Kujata,Elemental,3360,0,b602646591e3d050094503c65590ee4c_72c48f093f2278ac3243962d3eb6a8d7fc0.jpg?1790005076,Omega,48,0,PLD
Khelby Trickster,1496735,44,40,Gungnir,Elemental,3350,0,fde8b59fda65550661c58e15a9026a06_8f82f937943b6baf4c565020d5eba0ccfc0.jpg?1790006567,Omega,240,19,WAR
Wuruwuru Yaya,19903532,45,41,Asura,Mana,3301,0,c4dcc6326814217e41a2636e5dd8eea3_53f1445a9f28799a32ea55f046319fc3fc0.jpg?1790005399,Omega,402,5,NIN
Atsu Bow,47953241,46,43,Mandragora,Meteor,3265,0,a397b9893231105b4549ed9a8721c60a_ee738654add55c3d07ea92d8e108074cfc0.jpg?1790005687,Omega,352,0,DRG
Mame Poporu,22836070,47,45,Ixion,Mana,3251,0,a886d90317b0e4205db7046757e57e53_7126768d768f6c6c7fed3eaee98c3a8afc0.jpg?1790005098,Omega,90,0,PLD
White Kagerou,3332749,48,83,Ifrit,Gaia,3247,600,c0a3e2364034ff7401f13d1a617d906e_f9f796348bc43067c7242ec4551cde69fc0.jpg?1790007009,Omega,164,29,SCH
Fania Eckert,2837251,49,46,Titan,Mana,3179,0,7177d6fdd5036eebc72834f8376cd1cf_e2bb3f9679fec6d4836fcf8abcc3eeacfc0.jpg?1790008136,Omega,271,0,UNK
Shining Star,60899272,50,66,Typhon,Elemental,3164,198,691eeafc0853bd2b215c57b64edd3a71_32d8c9c7cd5f62d62da2d31b6750a680fc0.jpg?1790006264,Omega,477,27,PLD
Gogant Gogant,24052697,51,47,Atomos,Elemental,3160,0,9b2637d94cc0b341ddad961722026fdf_cf768a751b1f5e355c2fd39a9ed91f3ffc0.jpg?1790004925,Omega,175,0,SAM
Tamago Crab,1576417,52,57,Chocobo,Mana,3144,93,0bce11216fe6e4e1cecfe7c969a1460f_781d6b3603312f6be41670afa37282e0fc0.jpg?1790005848,Omega,233,7,SMN
Tam Sin,26754914,53,48,Ultima,Gaia,3144,0,4e875947aa4b95d1be857096f32d4ae8_9df1b3cb0da35db33c17ef11ddf12adafc0.jpg?1790004797,Omega,111,0,SAM
Lil Latte,55025559,54,50,Anima,Mana,3130,0,2d01c7e9c74b9faebdd6d9ece7c9eb4a_2f698530a28d671d20278c8518c804c9fc0.jpg?1790004808,Omega,324,10,UNK
Tarex Youva,26374295,55,51,Tonberry,Elemental,3127,0,7dad78de32b2e7e31077d03f095a81ac_7bb6b1e488f0e4f01c5314d010b60f31fc0.jpg?1790007448,Omega,298,0,SCH
World Travel,26227053,56,52,Asura,Mana,3101,0,8c5accf240d0634c0fb1fde191afedb7_53f1445a9f28799a32ea55f046319fc3fc0.jpg?1790006006,Omega,67,0,DRG
Jay Eins,3930926,57,53,Chocobo,Mana,3095,0,31d212c5602873cad51c02ca3a1707f4_781d6b3603312f6be41670afa37282e0fc0.jpg?1790007094,Omega,76,0,BRD
Piggy Walk,49739992,58,54,Alexander,Gaia,3091,0,3e967d228a864beca527f7f9e1561cb0_b7a71d8799cf6dd75b711a7f52de6675fc0.jpg?1790007667,Omega,88,4,CRP
Wonton Starlight,27496660,59,55,Chocobo,Mana,3077,0,8d6c3f0a6f695cdc94b9234b6c28be22_781d6b3603312f6be41670afa37282e0fc0.jpg?1790005115,Omega,275,0,RPR
Nocturne Midnightblue,55368101,60,56,Asura,Mana,3064,0,e9f7726a264875c782e0384932dbf161_53f1445a9f28799a32ea55f046319fc3fc0.jpg?1790008175,Omega,179,6,PCT
Soujirou Seta,4110224,61,58,Tonberry,Elemental,3047,0,7453a7542d76520abe9dd8dcc3572b78_7bb6b1e488f0e4f01c5314d010b60f31fc0.jpg?1790007458,Omega,228,1,RDM
Xignas Schwalbe,2577287,62,59,Anima,Mana,3042,0,726f737868161a35f25fb4e06bccf08e_2f698530a28d671d20278c8518c804c9fc0.jpg?1790004807,Omega,198,0,ALC
Lupinus Lily,33777966,63,60,Ultima,Gaia,3017,0,6f019b443ab48375b1bcc5e5aa0debf9_9df1b3cb0da35db33c17ef11ddf12adafc0.jpg?1790005040,Omega,163,0,GNB
Inx Chrono,21920611,64,61,Yojimbo,Meteor,3015,0,83c01df24231dda93176c28e69768459_4a92c619bde4f34cfa77e05fef21ad85fc0.jpg?1790006340,Omega,504,27,MCH
Ares Otto,43282642,65,87,Titan,Mana,3012,202,160478d21a77e441a6840ba10573538c_e2bb3f9679fec6d4836fcf8abcc3eeacfc0.jpg?1790007349,Omega,168,5,BRD
Ritsu Nikuno,23932877,66,131,Alexander,Gaia,2998,502,5ce857706fb6e7f76dd30d1ef38e16f7_b7a71d8799cf6dd75b711a7f52de6675fc0.jpg?1790008135,Omega,92,14,VPR
Sura Imo,25164389,67,62,Shinryu,Meteor,2994,0,d2cd07ab0f766e9dd870046dcc7fae97_87b7d447f40b06dfc7228caf195f7dcffc0.jpg?1790006709,Omega,55,0,DRG
Kappi Scarlet,11922639,68,63,Asura,Mana,2989,0,820f32c739a02029fdacf6c96cbf1fa4_53f1445a9f28799a32ea55f046319fc3fc0.jpg?1790008154,Omega,316,6,PLD
Morumi Rumi,5819525,69,64,Fenrir,Gaia,2987,0,819c0240b9b23eef1ed8fc2d0f39d94f_d384cf5ad7db803f29799f36ebbc3eadfc0.jpg?1790005266,Omega,91,0,UNK
Taru Taro,25668590,70,65,Tiamat,Gaia,2982,0,b541a0a2f56c87b841eddbd08ea324d6_9f10d335198e90990f3437c5733468e7fc0.jpg?1790006628,Omega,95,0,PLD
Laviera Rose,60788095,71,93,Masamune,Mana,2972,202,137281dbfd05a8698e1b5b46cb1d6d03_134930215abb8a90ec37d6cc05b05e08fc0.jpg?1790004784,Omega,70,9,MNK
Ya Yu,34288352,72,78,Asura,Mana,2961,98,8ee4d542c051faaa0d111ca68c5e777b_53f1445a9f28799a32ea55f046319fc3fc0.jpg?1790006769,Omega,278,5,BLM
Sukoya Mihirogi,42042279,73,67,Anima,Mana,2940,0,58dacb01c0c75e38125f892840beb026_2f698530a28d671d20278c8518c804c9fc0.jpg?1790006582,Omega,171,0,MCH
Yuu Utsu,26831533,74,68,Garuda,Elemental,2925,0,aed9bb13f4dad6a80690e4d58ee69af3_fcb1f5b0249d1069e5bdc66d0796f26afc0.jpg?1790006741,Omega,85,1,BLM
Tina Rilu,19729040,75,69,Garuda,Elemental,2920,0,d2789c8cf5b13d90860d1cf75ac8f3e4_fcb1f5b0249d1069e5bdc66d0796f26afc0.jpg?1790004767,Omega,56,3,UNK
Dome Violet,45179152,76,70,Masamune,Mana,2918,0,a95c15ebd393e5497d6641d375ec02b1_134930215abb8a90ec37d6cc05b05e08fc0.jpg?1790007607,Omega,236,8,UNK
Endless Summer,36558820,77,71,Tiamat,Gaia,2905,0,0079a66433e68b1f473c7487944a4d3d_9f10d335198e90990f3437c5733468e7fc0.jpg?1790007717,Omega,257,0,WHM
Jack O'brian,12218514,78,72,Valefor,Meteor,2894,0,c75b51feaef2edd8ae7e838fdfef63ae_485f4777c38002871591fb54f27edc65fc0.jpg?1790005868,Omega,135,0,WAR
Lazulim Langheim,1644495,79,73,Ultima,Gaia,2886,0,997660bb7160cf32fb6806926222d151_9df1b3cb0da35db33c17ef11ddf12adafc0.jpg?1790005971,Omega,62,0,NIN
Pero Noir,27109057,80,74,Ultima,Gaia,2883,0,889b0b13f93f702d3df91ec97e272102_9df1b3cb0da35db33c17ef11ddf12adafc0.jpg?1790008138,Omega,136,1,PCT
Neneco Neko,60257588,81,75,Ultima,Gaia,2881,0,d410b53bdce1036d1d4331de5dd4f44e_9df1b3cb0da35db33c17ef11ddf12adafc0.jpg?1790008186,Omega,105,0,GSM
Yuki Yui,25457703,82,76,Ultima,Gaia,2877,0,53e27d2153b5d4878ef23b1326589ff5_9df1b3cb0da35db33c17ef11ddf12adafc0.jpg?1790005997,Omega,219,0,UNK
Lukos Vulpes,47911699,83,77,Tonberry,Elemental,2871,0,73775fb852b03d1976eaab2425fb9a4c_7bb6b1e488f0e4f01c5314d010b60f31fc0.jpg?1790007994,Omega,95,0,SMN
Mun- Mutyo,18063500,84,79,Bahamut,Gaia,2860,0,870df3b6a4306c3c3de44d72fc9a577d_86da943caa70c8694707ab2ff74e68c9fc0.jpg?1790007915,Omega,277,3,PCT
Tomomomo Momomo,25830708,85,80,Ramuh,Meteor,2860,0,d1b6359fffbcc60e8bddc1120dc05d55_410ddb5a66a2fcacf538bec5ea5d0291fc0.jpg?1790005029,Omega,61,0,SCH
Akatuki Re,22410327,86,81,Carbuncle,Elemental,2857,0,b3e601fbc493d7bc642faec11f3c05fb_9eb3c19866f7ae0eeeffac7bf770aba5fc0.jpg?1790004773,Omega,262,11,DRG
Lilica Astadir,3503219,87,82,Valefor,Meteor,2855,0,5af5f880cbf4a0fb2fc785912a217eae_485f4777c38002871591fb54f27edc65fc0.jpg?1790004782,Omega,191,0,DRG
Lain Wired,1578110,88,84,Chocobo,Mana,2839,0,51b29015827612eb3c28c2c8dd0f43ef_781d6b3603312f6be41670afa37282e0fc0.jpg?1790008103,Omega,337,0,DRK
Surt Albert,36791487,89,85,Carbuncle,Elemental,2824,0,8a235875533c6a7a42c502326fca8981_9eb3c19866f7ae0eeeffac7bf770aba5fc0.jpg?1790006768,Omega,76,0,SGE
Basta Reno,31797927,90,86,Carbuncle,Elemental,2819,6,22b32c1986bb9c2732e5f877f7cbdbd6_9eb3c19866f7ae0eeeffac7bf770aba5fc0.jpg?1790007378,Omega,132,6,SAM
Lucifl Eorzea,2529903,91,113,Bahamut,Gaia,2816,200,5231f49a48c20dacf67cf900c7729ee4_86da943caa70c8694707ab2ff74e68c9fc0.jpg?1790007543,Omega,165,4,NIN
Aria Canon,1030539,92,88,Pandaemonium,Mana,2809,0,c643f10c86a1dec8fe0358a24454dab6_470db1bf2e865f9130531fea40b61ee4fc0.jpg?1790006315,Omega,460,18,AST
Yan Yan,3182501,93,89,Alexander,Gaia,2800,0,5cd079575de2bd01f87a188c93738695_b7a71d8799cf6dd75b711a7f52de6675fc0.jpg?1790008098,Omega,144,0,NIN
Scrambledegg Man,49825055,94,90,Atomos,Elemental,2795,0,1299b45b377e351257f93184002c1b42_cf768a751b1f5e355c2fd39a9ed91f3ffc0.jpg?1790005048,Omega,60,0,WHM
Piccolo Saaaaann,23336998,95,91,Asura,Mana,2789,0,efa27fc6ea5fa0a09f429159c3346a0f_53f1445a9f28799a32ea55f046319fc3fc0.jpg?1790005375,Omega,508,0,UNK
Lenias Nia,30635992,96,92,Masamune,Mana,2786,1,72f0d71a08956e402910a0df36e536eb_134930215abb8a90ec37d6cc05b05e08fc0.jpg?1790005777,Omega,98,1,NIN
Ui Thrix,39291749,97,94,Chocobo,Mana,2764,0,08b70654c7812f561afc700e0756319a_781d6b3603312f6be41670afa37282e0fc0.jpg?1790005110,Omega,145,5,UNK
Kon Ganajai,30153993,98,95,Yojimbo,Meteor,2762,0,c4c400194f1226d993c42245f1f4b554_4a92c619bde4f34cfa77e05fef21ad85fc0.jpg?1790005014,Omega,134,2,SAM
Regret Weise,15486920,99,96,Fenrir,Gaia,2758,0,13172be4a1ad05d87f2b3a6e43f14d31_d384cf5ad7db803f29799f36ebbc3eadfc0.jpg?1790007773,Omega,137,5,PLD
Ardlan Vorlesh,45102526,100,97,Asura,Mana,2746,0,04bfc027079d355fc717e8ec9a4b5f9e_53f1445a9f28799a32ea55f046319fc3fc0.jpg?1790008120,Omega,160,4,DRG
Tiger Rutata,23825437,101,98,Asura,Mana,2742,0,a69a7fd0c20bbbd51ddf7cc27af7921e_53f1445a9f28799a32ea55f046319fc3fc0.jpg?1790008195,Omega,277,35,RDM
Lan Dame-celot,31839759,102,99,Ifrit,Gaia,2731,0,c278e5b98fa396fbc950aeafdb5aaee8_f9f796348bc43067c7242ec4551cde69fc0.jpg?1790007781,Omega,87,3,GNB
Shiman Chu,38475144,103,142,Yojimbo,Meteor,2724,261,4cb93a24c937da83418345140d361e9b_4a92c619bde4f34cfa77e05fef21ad85fc0.jpg?1790006459,Omega,263,11,SAM
Deisia Touna,31397456,104,100,Mandragora,Meteor,2707,0,f9bdcbbd105a361017ee7dd26bde2ea6_ee738654add55c3d07ea92d8e108074cfc0.jpg?1790006092,Omega,288,0,AST
Ichigo Jasmine,57027122,105,101,Shinryu,Meteor,2702,0,17fae3561e1e77d262d93652dbd0bdc4_87b7d447f40b06dfc7228caf195f7dcffc0.jpg?1790008227,Omega,103,0,PCT
Yo Mono,29638044,106,102,Mandragora,Meteor,2697,0,f5b980a3f8621a5100e92963a63030bb_ee738654add55c3d07ea92d8e108074cfc0.jpg?1790007747,Omega,251,19,AST
Liken Liekun,24806613,107,103,Shinryu,Meteor,2677,0,5aa5d27e0f5d07d19980648d6a9c2ba5_87b7d447f40b06dfc7228caf195f7dcffc0.jpg?1790004990,Omega,308,3,SMN
Aman Kaharmine,37434311,108,105,Belias,Meteor,2675,10,7fa9aa672753e286a5710cf338755727_894c4bd0beab2e2beb44b74f4c4bd206fc0.jpg?1790005287,Omega,544,12,UNK
Elisa Wolframite,18964939,109,104,Hades,Mana,2666,0,5582934bb6b94d50874d7d241225aa74_a4730651230dd43cb129562a30d531aefc0.jpg?1790005706,Omega,242,0,SMN
Pallas Athene,2406168,110,106,Shinryu,Meteor,2651,0,53bb581fc41367c292fd90f3c8eafe9f_87b7d447f40b06dfc7228caf195f7dcffc0.jpg?1790005768,Omega,56,0,SCH
Snow Albarn,25263326,111,107,Fenrir,Gaia,2649,0,fa179c06d46acce251bb94d22a05e931_d384cf5ad7db803f29799f36ebbc3eadfc0.jpg?1790007991,Omega,261,0,PLD
Sead Slendisch,27788989,112,120,Asura,Mana,2647,74,c9bd1276c77cf644ce955ce68575aa37_53f1445a9f28799a32ea55f046319fc3fc0.jpg?1790007121,Omega,302,6,SGE
Mitui Aset,29908583,113,108,Zeromus,Meteor,2638,0,03c5c419a0ed40508b02b7656c3bc1e1_c76848359d0b4d2f37aefbb9903ed97bfc0.jpg?1790006490,Omega,494,17,NIN
Death-by Glamour,50007656,114,109,Fenrir,Gaia,2630,0,73746aab8b21d5917fab43f4db6f35aa_d384cf5ad7db803f29799f36ebbc3eadfc0.jpg?1790006178,Omega,70,0,UNK
Tango Ngo,47753273,115,110,Alexander,Gaia,2629,0,c8ff6406f324ec51842e0a491ba1e4fa_b7a71d8799cf6dd75b711a7f52de6675fc0.jpg?1790006633,Omega,314,6,VPR
Kid Whew,62106062,116,111,Aegis,Elemental,2629,0,798e57e3e43ece4b4a8d6028b89dcfe3_3ea38e723c590aabf186367e1eb7e6a1fc0.jpg?1790008175,Omega,279,1,NIN
Alt Sanktgallen,2143482,117,112,Mandragora,Meteor,2629,0,5c873dda3f483d96a474d6049544be77_ee738654add55c3d07ea92d8e108074cfc0.jpg?1790006299,Omega,166,0,UNK
Erik Bural,20508529,118,114,Hades,Mana,2603,0,2ca5bed0ca0e49f68c7ca14062e0bacc_a4730651230dd43cb129562a30d531aefc0.jpg?1790007944,Omega,533,10,BRD
Walter Winston,3431710,119,115,Fenrir,Gaia,2603,0,bee8390354426d2c1d42d687a0de29d5_d384cf5ad7db803f29799f36ebbc3eadfc0.jpg?1790007437,Omega,158,0,WAR
Kana Drouv,37418772,120,116,Mandragora,Meteor,2601,0,556bea70c6c70acf776be4041d191d92_ee738654add55c3d07ea92d8e108074cfc0.jpg?1790005273,Omega,62,0,PCT
Elosie Ue,46030616,121,134,Bahamut,Gaia,2595,102,cdd278ec7274c3a04f790d4954079c53_86da943caa70c8694707ab2ff74e68c9fc0.jpg?1790007523,Omega,160,13,SGE
Mozambique Here,27514804,122,161,Masamune,Mana,2585,199,279d13db60cdd9d339d0c85385d703d5_134930215abb8a90ec37d6cc05b05e08fc0.jpg?1790006796,Omega,97,3,DRG
Shinra Arasaka,24734269,123,118,Tiamat,Gaia,2576,0,2d735fa31b5cfcc7eabaae1839d0b731_9f10d335198e90990f3437c5733468e7fc0.jpg?1790005032,Omega,71,0,NIN
Sono Ta,49701933,124,119,Shinryu,Meteor,2574,0,c5fbe5dc524e8f9d2eb8b7c350df2a00_87b7d447f40b06dfc7228caf195f7dcffc0.jpg?1790007807,Omega,48,0,MNK
Shamia Lafihna,19352479,125,121,Hades,Mana,2573,0,d0039c35e86ce2926331c5c708ef39f6_a4730651230dd43cb129562a30d531aefc0.jpg?1790005631,Omega,126,0,WAR
Fennel Earltea,21886406,126,122,Typhon,Elemental,2566,0,4e8f23f97ca17b02271d5d67829e204d_32d8c9c7cd5f62d62da2d31b6750a680fc0.jpg?1790006247,Omega,226,0,SCH
Hosi Lumier,20014623,127,123,Ridill,Gaia,2555,0,126e42d301322000c4e965281e8f7098_138751880f18161a907d7cf0faa43f07fc0.jpg?1790008066,Omega,245,0,MCH
Ml Tei,47822875,128,124,Alexander,Gaia,2554,0,259bd72e639c252e3e6ab819661c07a6_b7a71d8799cf6dd75b711a7f52de6675fc0.jpg?1790008001,Omega,92,0,VPR
Rip Rill,726210,129,126,Gungnir,Elemental,2551,10,1ed2cf8fd8dc78c1ec061d9bb9c45462_8f82f937943b6baf4c565020d5eba0ccfc0.jpg?1790004724,Omega,392,9,WHM
Gelgel Llin,36131481,130,125,Ridill,Gaia,2548,0,2a90eea47454447b3ae0d4df4fbfdc5e_138751880f18161a907d7cf0faa43f07fc0.jpg?1790005344,Omega,204,0,GNB
Momochu Mochu,19191196,131,127,Ixion,Mana,2529,0,63045e6963dc7e2b1bd92da354dea6bc_7126768d768f6c6c7fed3eaee98c3a8afc0.jpg?1790005507,Omega,98,0,RDM
Dodopita Pittan,3558680,132,128,Tiamat,Gaia,2513,0,0c4178029dae08c0fcbe267d46034e76_9f10d335198e90990f3437c5733468e7fc0.jpg?1790006032,Omega,196,0,SAM
Mialulu Sabotage,33714151,133,129,Tiamat,Gaia,2505,0,ed107570ce5fd9ee695034c45ef4d395_9f10d335198e90990f3437c5733468e7fc0.jpg?1790006702,Omega,76,0,MCH
Black' Cat,27132360,134,149,Ifrit,Gaia,2503,76,25f0dd65be1cf71e9e26e0bcc0dc271f_f9f796348bc43067c7242ec4551cde69fc0.jpg?1790008277,Omega,270,7,UNK
Inori Chan,54439983,135,130,Asura,Mana,2502,0,924e00538b2fef48f1ddd6b463e8f7ef_53f1445a9f28799a32ea55f046319fc3fc0.jpg?1790007455,Omega,47,0,NIN
He Ro,57048881,136,132,Ultima,Gaia,2494,0,1988e9fc4df817df742388c245715b40_9df1b3cb0da35db33c17ef11ddf12adafc0.jpg?1790005751,Omega,1063,29,UNK
Syaharu Rau,42277277,137,133,Ultima,Gaia,2493,0,2fc2311e22f50bf5f2604260eee05be9_9df1b3cb0da35db33c17ef11ddf12adafc0.jpg?1790007912,Omega,204,9,DRG
Primlock Griffyn,37385266,138,135,Tonberry,Elemental,2492,0,89c0dfc59ff658981baaccf8c8d2b22b_7bb6b1e488f0e4f01c5314d010b60f31fc0.jpg?1790005993,Omega,167,0,SMN
Shion Amber,26147773,139,136,Unicorn,Meteor,2485,0,e2ecf01d14ce449e8393bc3f5dfc57f4_393eb74047bb90c8d80dea54218430eefc0.jpg?1790005857,Omega,53,0,AST
Momikucha Ocojo,51451812,140,137,Ixion,Mana,2479,0,52ebf8cad8e1a025e1469ada4534a0f2_7126768d768f6c6c7fed3eaee98c3a8afc0.jpg?1790007687,Omega,183,0,UNK
Hei Meiling,1856397,141,138,Anima,Mana,2477,0,4629fe3ae75d216d2429582d28bd3a7b_2f698530a28d671d20278c8518c804c9fc0.jpg?1790007879,Omega,95,0,VPR
Wolten Rema,17758406,142,139,Yojimbo,Meteor,2467,0,7f56f4547e5e3e1528ebc681d9618464_4a92c619bde4f34cfa77e05fef21ad85fc0.jpg?1790007821,Omega,79,0,UNK
Sophia' Yule,26382957,143,140,Unicorn,Meteor,2467,0,121f584b89f4420ffef15e271fc8c0a3_393eb74047bb90c8d80dea54218430eefc0.jpg?1790007867,Omega,62,0,UNK
Oriental Art,1070191,144,141,Chocobo,Mana,2463,0,d31830cb71830b425529f231f39e776b_781d6b3603312f6be41670afa37282e0fc0.jpg?1790005051,Omega,594,40,DRG
Wally Deluaki,45789739,145,143,Hades,Mana,2457,0,4fb7feab6d0bc67088445d5355bf455a_a4730651230dd43cb129562a30d531aefc0.jpg?1790005841,Omega,127,2,DRG
Ruru Rururun,41786182,146,144,Ifrit,Gaia,2452,0,3fd0ff0d0e58f6a761a54eebd33b7bc6_f9f796348bc43067c7242ec4551cde69fc0.jpg?1790007479,Omega,657,3,UNK
Scarlet Liora,50450849,147,145,Ridill,Gaia,2450,0,823b2552238fefce05d1a2e39630911f_138751880f18161a907d7cf0faa43f07fc0.jpg?1790008044,Omega,80,0,SAM
Coffee Mint,29415966,148,146,Titan,Mana,2449,0,e5a147803c62c81952bc0c786dcfc3cb_e2bb3f9679fec6d4836fcf8abcc3eeacfc0.jpg?1790007361,Omega,982,7,RDM
Hina Narumi,36489169,149,147,Masamune,Mana,2446,0,b92b3bffbe6d8e1f5f53a1f3735c1387_134930215abb8a90ec37d6cc05b05e08fc0.jpg?1790006702,Omega,118,6,GNB
Jios Quartar,3179754,150,148,Tiamat,Gaia,2431,0,e4a3c15118c1258c3c33b152cbada545_9f10d335198e90990f3437c5733468e7fc0.jpg?1790007471,Omega,352,15,BRD
Lala Ruru,23370112,151,150,Hades,Mana,2426,0,52987a3ea9f860f9522e49f36a51fcdf_a4730651230dd43cb129562a30d531aefc0.jpg?1790007579,Omega,342,0,WHM
Mily Sara,23911809,152,151,Aegis,Elemental,2422,0,19086b376708852503d1ac9c2b293b8c_3ea38e723c590aabf186367e1eb7e6a1fc0.jpg?1790006034,Omega,351,0,DRK
Sakura Nemutai,55109399,153,0,Titan,Mana,2415,3,efa9ef6672998c8a9c860e5e104d6b3e_e2bb3f9679fec6d4836fcf8abcc3eeacfc0.jpg?1790005920,Omega,178,2,SGE
Aborigini Eve,41231646,154,152,Durandal,Gaia,2413,0,f51909d0dbf287a0c5ad1041eb658fcd_806ea5b45071d5cd6bf393e38462ee71fc0.jpg?1790005333,Omega,132,0,SGE
Stardust Emilia,25988007,155,175,Hades,Mana,2410,96,b805b54635a07b2d9710df33b9a946aa_a4730651230dd43cb129562a30d531aefc0.jpg?1790006516,Omega,165,2,UNK
Risu Iruyo,61259881,156,155,Chocobo,Mana,2409,3,2405cc4b75108a1384180ce7bafc3b98_781d6b3603312f6be41670afa37282e0fc0.jpg?1790005995,Omega,125,5,UNK
Mister Alpheratz,34950496,157,154,Ixion,Mana,2407,0,fdba356c4be03c92ffecec87e607f037_7126768d768f6c6c7fed3eaee98c3a8afc0.jpg?1790006645,Omega,167,0,VPR
Kaede Felis,33728274,158,156,Typhon,Elemental,2401,0,40686a32bf2ab631ff7e7677fc614cb3_32d8c9c7cd5f62d62da2d31b6750a680fc0.jpg?1790008249,Omega,135,0,DRG
Ed Xii,61003934,159,157,Zeromus,Meteor,2401,0,abe7e4f5eb6a0af4b416d2bf4f34ef4d_c76848359d0b4d2f37aefbb9903ed97bfc0.jpg?1790007574,Omega,65,0,PLD
Sweetbleed Viras,56084804,160,158,Ridill,Gaia,2397,0,98404495f2c5b2af87b2eb9ff9b3aaf0_138751880f18161a907d7cf0faa43f07fc0.jpg?1790005814,Omega,264,10,RPR
Smol Stingray,34381085,161,159,Bahamut,Gaia,2395,0,460d13c62f024c5ce7a38a5cf1d0dd3f_86da943caa70c8694707ab2ff74e68c9fc0.jpg?1790005335,Omega,78,2,AST
Creya Oaks,20662074,162,160,Tonberry,Elemental,2391,0,0fb57385ff1c90e3ea26edc53722b78c_7bb6b1e488f0e4f01c5314d010b60f31fc0.jpg?1790006740,Omega,458,10,BRD
Yagi San,51169674,163,180,Hades,Mana,2384,189,d8bf1aa1dd95db0671551b5614aa5bc6_a4730651230dd43cb129562a30d531aefc0.jpg?1790007732,Omega,55,3,DNC
Lucy Tave,5530448,164,162,Durandal,Gaia,2382,0,fd7ea485d2ba7644c76c49d7b00fce24_806ea5b45071d5cd6bf393e38462ee71fc0.jpg?1790006157,Omega,1009,0,WAR
Ajika Rajika,6811285,165,163,Tiamat,Gaia,2379,0,97621d00c96124d00a3c01cec2dde5f8_9f10d335198e90990f3437c5733468e7fc0.jpg?1790007469,Omega,132,0,UNK
Tige Noir,13429005,166,164,Ridill,Gaia,2378,0,92cf71f8edc971b0656a49db62280b09_138751880f18161a907d7cf0faa43f07fc0.jpg?1790005343,Omega,339,7,DNC
Frey'a Anastarsha,60508318,167,165,Typhon,Elemental,2374,0,5b7cc6263f1925f3b01bf736603b78c6_32d8c9c7cd5f62d62da2d31b6750a680fc0.jpg?1790004824,Omega,75,6,SAM
Yoochan Fantasy,30892468,168,166,Anima,Mana,2371,0,179b316106d60bb1488917ac1c45548c_2f698530a28d671d20278c8518c804c9fc0.jpg?1790008182,Omega,73,0,VPR
Taroe Kobuta,8734523,169,167,Kujata,Elemental,2367,0,821347c202f7d7d6b676bd393bcdfdae_72c48f093f2278ac3243962d3eb6a8d7fc0.jpg?1790006389,Omega,377,0,RPR
Takanuki Natsuki,44483226,170,247,Ifrit,Gaia,2366,293,8de59a64488817eb0f19310217960058_f9f796348bc43067c7242ec4551cde69fc0.jpg?1790005838,Omega,159,6,AST
Zwei Kreuz,14516450,171,168,Bahamut,Gaia,2360,0,367ea315b18ce50bb6f34a9ea77f3222_86da943caa70c8694707ab2ff74e68c9fc0.jpg?1790006762,Omega,51,0,UNK
Minisuta Blood,24769179,172,169,Atomos,Elemental,2360,0,851ddd354ea9b3a8e623078a0f4d8a05_cf768a751b1f5e355c2fd39a9ed91f3ffc0.jpg?1790006042,Omega,39,0,DRK
Aruku Babyun,7383311,173,170,Unicorn,Meteor,2356,0,c2fa4e98c1f4638d053218fa4c127b4c_393eb74047bb90c8d80dea54218430eefc0.jpg?1790005073,Omega,275,0,NIN
Aries San,12460047,174,171,Tiamat,Gaia,2352,0,00a39e6a3c0cb6e9529ffdf15a10dadb_9f10d335198e90990f3437c5733468e7fc0.jpg?1790007837,Omega,133,0,UNK
Lycan Roar,52059954,175,214,Titan,Mana,2349,173,29dea1cc321c3f2275d537c23520e2b8_e2bb3f9679fec6d4836fcf8abcc3eeacfc0.jpg?1790005490,Omega,154,13,UNK
Dopa Gaki,19292121,176,172,Garuda,Elemental,2339,0,922b912ad0f37ed8d9f8bf6c33abd9ad_fcb1f5b0249d1069e5bdc66d0796f26afc0.jpg?1790004988,Omega,305,9,UNK
Loussier Ellerensia,18596456,177,173,Hades,Mana,2326,0,1bf2ff58d52f79b841b10e792fe24dcc_a4730651230dd43cb129562a30d531aefc0.jpg?1790005293,Omega,177,31,ALC
Ren Chamx,43411675,178,174,Chocobo,Mana,2324,0,d14faf3557b40f62c1fd8e9103ff0ca1_781d6b3603312f6be41670afa37282e0fc0.jpg?1790007449,Omega,211,0,GNB
Sol Perfect,13175986,179,176,Hades,Mana,2304,0,09b81422623fbfed2cbc5f5650d41a6f_a4730651230dd43cb129562a30d531aefc0.jpg?1790004812,Omega,164,6,PCT
Ku Chan,35624538,180,177,Shinryu,Meteor,2290,0,c563ef5b623babbcbf7d852a7e64c31e_87b7d447f40b06dfc7228caf195f7dcffc0.jpg?1790008067,Omega,81,0,WHM
Ai Shironuko,19976423,181,178,Kujata,Elemental,2284,0,7036fde037e0136275a64cfa690a558c_72c48f093f2278ac3243962d3eb6a8d7fc0.jpg?1790004788,Omega,70,0,DRK
Planet Exploration,30755276,182,179,Ixion,Mana,2283,0,b2df099dea56680a53bbc8588e28444f_7126768d768f6c6c7fed3eaee98c3a8afc0.jpg?1790007290,Omega,80,0,SAM
Aeritte Ravel,41831914,183,181,Carbuncle,Elemental,2275,0,56a646fd4b2eb086bf8c9d712567e62f_9eb3c19866f7ae0eeeffac7bf770aba5fc0.jpg?1790004783,Omega,275,9,MNK
Shi Syou,5023543,184,182,Atomos,Elemental,2275,1,d930c67636980aa5cc10bd814bdc2dbd_cf768a751b1f5e355c2fd39a9ed91f3ffc0.jpg?1790004829,Omega,248,3,MCH
Now Tarako,25271680,185,183,Belias,Meteor,2271,0,238a3ddced202809c65eaecd03eda2d1_894c4bd0beab2e2beb44b74f4c4bd206fc0.jpg?1790006477,Omega,124,0,MCH
Chi Pom,30745084,186,184,Hades,Mana,2270,0,45d248e450c3623965da94fa0aa12a58_a4730651230dd43cb129562a30d531aefc0.jpg?1790006240,Omega,119,0,WAR
Akki Noc,2298162,187,185,Alexander,Gaia,2265,0,4a145f36c7316e0d32845d32af5e92bd_b7a71d8799cf6dd75b711a7f52de6675fc0.jpg?1790005552,Omega,308,0,SGE
Beatrice Rosenkreuz,31285042,188,186,Tiamat,Gaia,2264,0,1972bc9fb243d5cb03ad68af2779564d_9f10d335198e90990f3437c5733468e7fc0.jpg?1790006049,Omega,80,0,DNC
Kuno Cadenzavnaeve,42178142,189,187,Ifrit,Gaia,2262,0,85baa25ca299e93ef56226f40814f03b_f9f796348bc43067c7242ec4551cde69fc0.jpg?1790007576,Omega,115,0,SAM
Jawa San,3768644,190,188,Titan,Mana,2261,0,6dc7f48778a077c0339870e942a79f2e_e2bb3f9679fec6d4836fcf8abcc3eeacfc0.jpg?1790008142,Omega,154,0,NIN
Tomato Mato,54649869,191,189,Ixion,Mana,2257,0,e417d4ddd5bd7df8155005f15bd1ab53_7126768d768f6c6c7fed3eaee98c3a8afc0.jpg?1790004722,Omega,67,0,UNK
Hashiwo Hashimov,18926265,192,190,Belias,Meteor,2256,0,63c08b5de92b37aae2433a5abc1e5d20_894c4bd0beab2e2beb44b74f4c4bd206fc0.jpg?1790004779,Omega,257,8,SAM
Kupfdoen Mynaikoensyn,2336564,193,191,Garuda,Elemental,2249,0,89679647ba7b815cb23d73ae2d6050eb_fcb1f5b0249d1069e5bdc66d0796f26afc0.jpg?1790007727,Omega,232,9,BLM
Velvet Shilky,15655369,194,192,Anima,Mana,2244,0,988a0ec11e3b6bbbfc5478b0eab4b03f_2f698530a28d671d20278c8518c804c9fc0.jpg?1790008266,Omega,403,0,PLD
Tori Momo,47876183,195,193,Unicorn,Meteor,2244,0,3672fa98c1d2b3d4855d7f0bdad1caf8_393eb74047bb90c8d80dea54218430eefc0.jpg?1790006941,Omega,244,0,WHM
Ciao' Chu-ru,46227731,196,194,Asura,Mana,2243,0,4407462a62eb8cb31cec691e9f214c86_53f1445a9f28799a32ea55f046319fc3fc0.jpg?1790004796,Omega,88,0,UNK
Adelbert Arde,2303486,197,195,Aegis,Elemental,2234,0,116777aa8f26a0d0d17dc0b82cca79e6_3ea38e723c590aabf186367e1eb7e6a1fc0.jpg?1790008177,Omega,229,24,RPR
Errer Errant,28706539,198,196,Asura,Mana,2219,4,14833bd371ac70e05cffe6a03634bb61_53f1445a9f28799a32ea55f046319fc3fc0.jpg?1790006606,Omega,75,6,MNK
Yoizuki Yomi,39860188,199,197,Ifrit,Gaia,2214,0,db1f8772414cb2afc3561282dd4a6a5a_f9f796348bc43067c7242ec4551cde69fc0.jpg?1790006798,Omega,93,0,SMN
Hibarii Maiden,2220475,200,198,Garuda,Elemental,2204,0,46a565a07005b1224b7facd2223d54b9_fcb1f5b0249d1069e5bdc66d0796f26afc0.jpg?1790004876,Omega,133,0,UNK
Chacha Ice,34287722,201,199,Pandaemonium,Mana,2203,0,0fa038dd2a9454d3c7a341a0cdbd0b41_470db1bf2e865f9130531fea40b61ee4fc0.jpg?1790005833,Omega,73,0,DRG
God Moai,4474924,202,200,Atomos,Elemental,2202,0,05f6a7a1f7ee2f6b156d711777e8411f_cf768a751b1f5e355c2fd39a9ed91f3ffc0.jpg?1790004902,Omega,70,0,BRD
Chloe Zoe,26000228,203,201,Yojimbo,Meteor,2201,0,e4a2f7e7168d13e80a63fcb6a7b92b57_4a92c619bde4f34cfa77e05fef21ad85fc0.jpg?1790008138,Omega,168,0,UNK
Link Ring,55955379,204,202,Durandal,Gaia,2199,0,cd57a4705e19ebab4b3922b039f3a7b7_806ea5b45071d5cd6bf393e38462ee71fc0.jpg?1790006705,Omega,128,0,BLM
Hso Gkd,39936541,205,203,Asura,Mana,2199,0,4f7b0c3e146a0735f571292dfccd0adb_53f1445a9f28799a32ea55f046319fc3fc0.jpg?1790006038,Omega,78,0,SAM
Aqua Wilhelm,9520123,206,204,Bahamut,Gaia,2198,0,d9ecd2e4aaf99d3ce6be3c4714ef31ca_86da943caa70c8694707ab2ff74e68c9fc0.jpg?1790006181,Omega,70,0,GNB
Roric Thorne,59323169,207,205,Pandaemonium,Mana,2191,0,4ff669632484c5fdf241ea2b9f955435_470db1bf2e865f9130531fea40b61ee4fc0.jpg?1790007272,Omega,31,0,VPR
Minato Haruka,57459700,208,206,Asura,Mana,2190,0,5f7508268722022e26bb9950825f7dea_53f1445a9f28799a32ea55f046319fc3fc0.jpg?1790005241,Omega,119,0,DRG
Anoma Loris,44038350,209,207,Valefor,Meteor,2186,0,57b0094511d082e7e7e8203d850b4159_485f4777c38002871591fb54f27edc65fc0.jpg?1790006833,Omega,119,0,VPR
Runa Angelic,45189036,210,208,Pandaemonium,Mana,2185,0,de7cc40eb09bdf14a96e8a0781fd0999_470db1bf2e865f9130531fea40b61ee4fc0.jpg?1790005584,Omega,102,0,AST
Dorebi Sword,22804004,211,209,Zeromus,Meteor,2185,0,ed46a02d62fcf8c6d5d80225257e9635_c76848359d0b4d2f37aefbb9903ed97bfc0.jpg?1790004877,Omega,64,0,RDM
Lucy Lumi,47171900,212,210,Alexander,Gaia,2185,0,a6f8cb087f5403400eedb72b22f74bd2_b7a71d8799cf6dd75b711a7f52de6675fc0.jpg?1790006684,Omega,57,0,AST
Inu- Pe-,42153397,213,211,Anima,Mana,2184,0,40c3101dfff66955ad4d9b06fda6e3a8_2f698530a28d671d20278c8518c804c9fc0.jpg?1790006579,Omega,389,0,SAM
Zero Ping,54411140,214,212,Aegis,Elemental,2184,0,0a9f6dc0852272c2afa163fb3e3573bc_3ea38e723c590aabf186367e1eb7e6a1fc0.jpg?1790005390,Omega,73,0,UNK
Wabi Suke,1601102,215,213,Asura,Mana,2183,0,355b0ae1cb512875c96e88afa06d36a7_53f1445a9f28799a32ea55f046319fc3fc0.jpg?1790006539,Omega,630,0,UNK
Meilkea Inori,40934425,216,251,Aegis,Elemental,2169,99,4c256b756b0f4f43b209ec71728dc0e2_3ea38e723c590aabf186367e1eb7e6a1fc0.jpg?1790008187,Omega,318,1,UNK
Pu Chan,56456807,217,0,Durandal,Gaia,2163,493,c0e4719e60db4ba99bda8c0d5a4205ef_806ea5b45071d5cd6bf393e38462ee71fc0.jpg?1790006519,Omega,44,9,BLM
Hana'ni Narou,55619969,218,215,Bahamut,Gaia,2154,0,6fed23863620c8b715cbb8ea2b38180f_86da943caa70c8694707ab2ff74e68c9fc0.jpg?1790005978,Omega,249,0,PCT
Fukino- Tou,41897292,219,227,Atomos,Elemental,2154,83,00e4fa0363ae4aa7ef50ce8aa15dbd81_cf768a751b1f5e355c2fd39a9ed91f3ffc0.jpg?1790005855,Omega,225,9,MCH
Aran Tyler,47478713,220,216,Zeromus,Meteor,2147,0,601da8267e6037e1adc37928f1ab982b_c76848359d0b4d2f37aefbb9903ed97bfc0.jpg?1790006231,Omega,151,0,PCT
Aslan Miller,42003071,221,217,Ixion,Mana,2142,0,091d6880c471f9f4c412b704f952af81_7126768d768f6c6c7fed3eaee98c3a8afc0.jpg?1790007753,Omega,265,0,UNK
Fuuga Reinfeldt,29495648,222,218,Unicorn,Meteor,2141,0,4441cdfb6f60085397a6647656e86646_393eb74047bb90c8d80dea54218430eefc0.jpg?1790005084,Omega,168,7,WAR
Sidurgu Obsidian,17768556,223,219,Garuda,Elemental,2139,0,19277f9e0fcd9432fb16b0e1cbad47a7_fcb1f5b0249d1069e5bdc66d0796f26afc0.jpg?1790006146,Omega,83,0,WHM
Cait Sith,1574936,224,220,Tiamat,Gaia,2133,0,fc4156170aa1fca8004a80238705e5cf_9f10d335198e90990f3437c5733468e7fc0.jpg?1790004790,Omega,230,0,AST
Amarl Malaguld,27652092,225,221,Masamune,Mana,2117,0,92f5a8f587b00180a706bf0adc6692cb_134930215abb8a90ec37d6cc05b05e08fc0.jpg?1790008141,Omega,190,8,BRD
Tsuki Umi,11484,226,222,Aegis,Elemental,2106,0,3aaaae6cddd9873011bc36ef76a0b349_3ea38e723c590aabf186367e1eb7e6a1fc0.jpg?1790006114,Omega,47,0,UNK
Nao Fu,41247403,227,223,Shinryu,Meteor,2101,0,cfc231e11fac22b1fb8d9d27cee48586_87b7d447f40b06dfc7228caf195f7dcffc0.jpg?1790004876,Omega,211,0,AST
Nemuko Makura,22952337,228,224,Durandal,Gaia,2098,0,2de9ba12432dbfa0962543bd77521100_806ea5b45071d5cd6bf393e38462ee71fc0.jpg?1790004789,Omega,43,0,SCH
Odwit Vendisch,42078574,229,225,Aegis,Elemental,2097,0,16b22e919d37aaeda97dfa361cf8659d_3ea38e723c590aabf186367e1eb7e6a1fc0.jpg?1790007441,Omega,634,0,UNK
Diao Tiandi,56776774,230,226,Ixion,Mana,2096,0,d3f8787a245e6cabd6ee8065c6eeefb5_7126768d768f6c6c7fed3eaee98c3a8afc0.jpg?1790007692,Omega,142,0,SCH
Ocash Taveluna,58701795,231,228,Mandragora,Meteor,2094,0,38b36f7a0e01bae16b8cacf3cbf37ae3_ee738654add55c3d07ea92d8e108074cfc0.jpg?1790005095,Omega,78,0,UNK
Kotori Angel,11433233,232,229,Alexander,Gaia,2094,0,249a60efd4f3f03c25a40a0c3c35d33f_b7a71d8799cf6dd75b711a7f52de6675fc0.jpg?1790004727,Omega,60,0,DRG
Hakuen Sinonome,10757391,233,230,Asura,Mana,2094,0,6660ba18e406e22fbec52d7b8d1ac332_53f1445a9f28799a32ea55f046319fc3fc0.jpg?1790007366,Omega,50,0,MCH
Satosan Fiftysix,26440218,234,231,Typhon,Elemental,2094,0,0b17719ebd757aaebd8ff00d5d1bd6f5_32d8c9c7cd5f62d62da2d31b6750a680fc0.jpg?1790007985,Omega,49,0,DRG
Monde Feint,60283925,235,232,Asura,Mana,2093,0,f6211ad3194a24970aaad2ebe03fb7ae_53f1445a9f28799a32ea55f046319fc3fc0.jpg?1790007272,Omega,139,0,NIN
Fio Arcend,3402177,236,233,Durandal,Gaia,2093,0,cf61c3add0c53cee90c99a71058286c7_806ea5b45071d5cd6bf393e38462ee71fc0.jpg?1790008047,Omega,38,0,UNK
Renard Blanche,23991579,237,234,Garuda,Elemental,2091,0,77da911f4046b7b2f7d2dfc59cc9aa3b_fcb1f5b0249d1069e5bdc66d0796f26afc0.jpg?1790007740,Omega,54,0,DNC
Oracle Trezavejo,15712017,238,274,Bahamut,Gaia,2087,98,b4aa7ecb29192073338a2cc53603b062_86da943caa70c8694707ab2ff74e68c9fc0.jpg?1790006899,Omega,176,5,MCH
Tea Blue,22003011,239,0,Ultima,Gaia,2087,997,8dbb02429651112846df1b474d603521_9df1b3cb0da35db33c17ef11ddf12adafc0.jpg?1790005447,Omega,86,22,DRG
Yuki Macaron-vanille,37997737,240,235,Ridill,Gaia,2087,0,87df14febf49ad8a24a323b239fb3250_138751880f18161a907d7cf0faa43f07fc0.jpg?1790007989,Omega,66,0,RDM
Waka'ri Mii,5525644,241,236,Chocobo,Mana,2086,0,779528f8c170270a5dcbb5e911db62e9_781d6b3603312f6be41670afa37282e0fc0.jpg?1790007550,Omega,65,0,UNK
Hildemir Draekhal,19867869,242,237,Pandaemonium,Mana,2086,0,c9139c74e892e02e3f093ba41bd8a7e8_470db1bf2e865f9130531fea40b61ee4fc0.jpg?1790007663,Omega,38,0,WAR
Xeno Xancient,46299876,243,238,Ultima,Gaia,2085,0,f4a8eeb44b18dcbad4ce3567434d7c86_9df1b3cb0da35db33c17ef11ddf12adafc0.jpg?1790007759,Omega,81,0,AST
Avail Tec,46450631,244,239,Garuda,Elemental,2085,0,174c8b1a79d654754078bef6b8c51067_fcb1f5b0249d1069e5bdc66d0796f26afc0.jpg?1790006775,Omega,78,0,SAM
Ardbert Hylfyst,31584604,245,240,Belias,Meteor,2085,0,964952d6da8636ab55a5b87a925f0d4c_894c4bd0beab2e2beb44b74f4c4bd206fc0.jpg?1790005436,Omega,31,0,UNK
Hal Moonvine,6544837,246,241,Yojimbo,Meteor,2084,0,0b051eda0b20b820aec68545891c2ce7_4a92c619bde4f34cfa77e05fef21ad85fc0.jpg?1790005233,Omega,33,0,UNK
Chiot Sieste,27120226,247,242,Ifrit,Gaia,2082,0,d09b6e1369ed8f7fa4051b3759458707_f9f796348bc43067c7242ec4551cde69fc0.jpg?1790005738,Omega,108,0,GNB
Nanasia Plum,21652201,248,243,Hades,Mana,2078,0,cf3c8499db7367663dbd8986b8c2d69d_a4730651230dd43cb129562a30d531aefc0.jpg?1790004693,Omega,131,0,AST
Douglas Ward,32519646,249,244,Asura,Mana,2077,0,5902010d301aa95176126fcdef0dc7c7_53f1445a9f28799a32ea55f046319fc3fc0.jpg?1790005254,Omega,322,0,FSH
Nov Noa,56271994,250,245,Tiamat,Gaia,2076,0,0711a53e252756264a473f2b53d53cad_9f10d335198e90990f3437c5733468e7fc0.jpg?1790004737,Omega,297,0,VPR
Zumu Elect,11364414,251,246,Shinryu,Meteor,2075,0,bd0b65a51fad6bef1e3c413041784da0_87b7d447f40b06dfc7228caf195f7dcffc0.jpg?1790008225,Omega,59,0,DRG
Bikkuri Donkey,59256942,252,248,Belias,Meteor,2071,0,96f62f47670d9d1c85e1a464d6f4da65_894c4bd0beab2e2beb44b74f4c4bd206fc0.jpg?1790007261,Omega,89,0,PCT
Luluna Coco,23829165,253,249,Garuda,Elemental,2071,0,3eb7f6d6469ce3529ed00171b8214030_fcb1f5b0249d1069e5bdc66d0796f26afc0.jpg?1790008236,Omega,78,0,WHM
Ria Esta,46580024,254,250,Typhon,Elemental,2071,0,537b652a83e9ead35e927e93170f46f0_32d8c9c7cd5f62d62da2d31b6750a680fc0.jpg?1790006092,Omega,77,0,MCH
Sha Moji,19121169,255,252,Carbuncle,Elemental,2068,0,eb82915777eea0c952b2885bf59641d9_9eb3c19866f7ae0eeeffac7bf770aba5fc0.jpg?1790004821,Omega,206,0,MCH
Iz Levmel,17594950,256,283,Garuda,Elemental,2067,100,9e457ec4068931e92288544db8499aae_fcb1f5b0249d1069e5bdc66d0796f26afc0.jpg?1790006575,Omega,242,9,UNK
Galois Etale,58660135,257,0,Chocobo,Mana,2066,283,7f835ad51f7703d8c7d073fc750b8987_781d6b3603312f6be41670afa37282e0fc0.jpg?1790004911,Omega,109,8,UNK
Adiana Farrah,2436224,258,253,Tonberry,Elemental,2066,0,0d58cfc8d92794cf5469841b0de85f14_7bb6b1e488f0e4f01c5314d010b60f31fc0.jpg?1790007522,Omega,59,0,BRD
Suteiki Niku,21443132,259,254,Ixion,Mana,2065,0,2f186f805d4bb29abd9458d61593b81a_7126768d768f6c6c7fed3eaee98c3a8afc0.jpg?1790006141,Omega,222,18,PLD
Splitz Allure,11250991,260,255,Tonberry,Elemental,2065,0,5df739fcece56728f620a7cd5b05392e_7bb6b1e488f0e4f01c5314d010b60f31fc0.jpg?1790006368,Omega,53,0,VPR
Mao Caprice,32793338,261,256,Titan,Mana,2062,0,101c8c73de660221dc8ad95fafa4ad3c_e2bb3f9679fec6d4836fcf8abcc3eeacfc0.jpg?1790006604,Omega,88,0,MNK
Ryon Wolves,14711544,262,257,Zeromus,Meteor,2060,0,6206f5b95096773177d18d03713dd07a_c76848359d0b4d2f37aefbb9903ed97bfc0.jpg?1790005393,Omega,70,0,DNC
Webley Rehw-setlas,17882657,263,258,Ridill,Gaia,2055,0,0a6d6dae107ba471df1b3d81c87b0a89_138751880f18161a907d7cf0faa43f07fc0.jpg?1790007316,Omega,89,0,UNK
Ena Lucida,46120110,264,259,Valefor,Meteor,2047,0,0d22e7ccb96b881d94b2eaac8c63f55c_485f4777c38002871591fb54f27edc65fc0.jpg?1790008028,Omega,178,0,UNK
Poor Soul,37510733,265,260,Bahamut,Gaia,2024,0,5c666b6b6ca45452af52f22a48d69eb2_86da943caa70c8694707ab2ff74e68c9fc0.jpg?1790008165,Omega,86,0,BLM
Amiri Rapie,57309034,266,261,Mandragora,Meteor,2018,0,1e72875461073f396031c5c24e9aa6cc_ee738654add55c3d07ea92d8e108074cfc0.jpg?1790005602,Omega,82,0,UNK
Teena Lewis,2553070,267,262,Bahamut,Gaia,2017,0,53366246b477a6a74d51a27aa7146532_86da943caa70c8694707ab2ff74e68c9fc0.jpg?1790007310,Omega,99,0,UNK
Devil May'cry,43140387,268,263,Chocobo,Mana,2015,0,bc38e75d4332eb0a661f158200cedb80_781d6b3603312f6be41670afa37282e0fc0.jpg?1790007954,Omega,44,0,UNK
Kanata Nishiki,51518712,269,264,Ramuh,Meteor,2009,0,f9a7a07121c24e16915fde21238b6fcf_410ddb5a66a2fcacf538bec5ea5d0291fc0.jpg?1790007542,Omega,135,0,WHM
Bronze Warrior,33944385,270,265,Alexander,Gaia,2007,0,3a8559d847a626b7d8a2760ec13a73b5_b7a71d8799cf6dd75b711a7f52de6675fc0.jpg?1790006559,Omega,144,0,WAR
Ange Ciliegio,1686962,271,266,Atomos,Elemental,2005,0,59e7fb02c5fc2af8111364635f319ae2_cf768a751b1f5e355c2fd39a9ed91f3ffc0.jpg?1790005313,Omega,116,0,UNK
M'imawari Akhita,45963674,272,267,Ixion,Mana,2004,0,0fbed422b8a4192861c7db4580ff2a3d_7126768d768f6c6c7fed3eaee98c3a8afc0.jpg?1790005685,Omega,166,0,NIN
Jikai Yokoku,52429272,273,268,Alexander,Gaia,2004,0,f004ff0d7175c98ad62d4ed99995320e_b7a71d8799cf6dd75b711a7f52de6675fc0.jpg?1790004755,Omega,60,0,PLD
Slow Motion,49156538,274,269,Tonberry,Elemental,2002,0,547aebd17f25be55b7f8f23a583d6d76_7bb6b1e488f0e4f01c5314d010b60f31fc0.jpg?1790007358,Omega,44,0,MCH
Kusozako Kamemushi,50184336,275,270,Bahamut,Gaia,1999,0,801e61d45b0753f23789f45575af6b15_86da943caa70c8694707ab2ff74e68c9fc0.jpg?1790005022,Crystal,57,6,SAM
Hope Crystal,4251312,276,271,Typhon,Elemental,1997,0,be323a355cbabd45c620a1fa30ef27bf_32d8c9c7cd5f62d62da2d31b6750a680fc0.jpg?1790008270,Crystal,108,0,MNK
Shino Sabury,1570016,277,272,Ramuh,Meteor,1995,0,554872db6961ea2dde7f5ab823211e5c_410ddb5a66a2fcacf538bec5ea5d0291fc0.jpg?1790008105,Crystal,70,0,VPR
Neku Xyst,23660389,278,273,Ifrit,Gaia,1991,0,fb1f5fe2519e579c50b2b5aa89992706_f9f796348bc43067c7242ec4551cde69fc0.jpg?1790007842,Crystal,65,0,VPR
Alqa Mar,39507968,279,275,Ramuh,Meteor,1986,0,8aca13da51dbc7d45ed47e52f57fb53e_410ddb5a66a2fcacf538bec5ea5d0291fc0.jpg?1790008017,Crystal,161,6,WAR
Kurage Sorairo,27331838,280,0,Yojimbo,Meteor,1986,191,4da02ac9fa36714f3fbcc94a9e645756_4a92c619bde4f34cfa77e05fef21ad85fc0.jpg?1790004820,Crystal,156,25,RDM
Quina Quale,22357925,281,276,Chocobo,Mana,1984,0,8e04161822614b18e307be12f4aecf1e_781d6b3603312f6be41670afa37282e0fc0.jpg?1790007417,Crystal,70,0,SCH
Euphemia Lucretia,5759007,282,277,Bahamut,Gaia,1984,0,f1911e13fdc5df9df573c0300652757e_86da943caa70c8694707ab2ff74e68c9fc0.jpg?1790007418,Crystal,65,0,DNC
Smol Despair,46030499,283,278,Kujata,Elemental,1983,0,fa02f92ff876436157f679735d22c53c_72c48f093f2278ac3243962d3eb6a8d7fc0.jpg?1790007328,Crystal,199,0,MNK
Uta Tubame,12421333,284,279,Zeromus,Meteor,1983,0,4c1c1810ab77c61696ca66b0716fd309_c76848359d0b4d2f37aefbb9903ed97bfc0.jpg?1790007294,Crystal,139,0,PCT
Laru Cookie,28413390,285,280,Durandal,Gaia,1980,0,b99e408a5a038310972535a0f91459aa_806ea5b45071d5cd6bf393e38462ee71fc0.jpg?1790005876,Crystal,127,6,BLM
Iroha Date,6961136,286,281,Aegis,Elemental,1973,0,554b38366a6696fd4ca04583ad727660_3ea38e723c590aabf186367e1eb7e6a1fc0.jpg?1790007377,Crystal,157,0,VPR
Kirakira Akira,55531034,287,282,Typhon,Elemental,1973,0,5934f798f998575286709c767ba05f59_32d8c9c7cd5f62d62da2d31b6750a680fc0.jpg?1790004764,Crystal,35,0,VPR
Gentleman Vivikazu,387488,288,284,Durandal,Gaia,1962,0,13ffee3a79f20a01faf5e0a91bd6c4ac_806ea5b45071d5cd6bf393e38462ee71fc0.jpg?1790007605,Crystal,887,24,SMN
Teka Etoile,25627481,289,285,Durandal,Gaia,1961,0,20c4e02c3b7c11c6ceb68582c409ceb9_806ea5b45071d5cd6bf393e38462ee71fc0.jpg?1790006230,Crystal,297,4,GNB
Sunie Mochi,14078182,290,286,Tiamat,Gaia,1959,0,22c488096fbb927f7a888b06f816cca5_9f10d335198e90990f3437c5733468e7fc0.jpg?1790008064,Crystal,83,7,BRD
Zitnn Alexand,10097624,291,287,Belias,Meteor,1949,0,9ba803d5e4d6d11746adc55721fd0c6e_894c4bd0beab2e2beb44b74f4c4bd206fc0.jpg?1790006223,Crystal,112,0,PLD
Lily Skywaker,6792620,292,0,Ixion,Mana,1936,96,2a199e9346f375c2f2e814be59d0cf09_7126768d768f6c6c7fed3eaee98c3a8afc0.jpg?1790005490,Crystal,273,4,PCT
Oarkly Vitt,31318782,293,288,Bahamut,Gaia,1931,0,983948d8222d15214cc30f8669e5ba70_86da943caa70c8694707ab2ff74e68c9fc0.jpg?1790007246,Crystal,68,0,SCH
Kaheo Milde,30278970,294,289,Ultima,Gaia,1919,0,b92bf3d51d1bfabde325071eedf3d3e0_9df1b3cb0da35db33c17ef11ddf12adafc0.jpg?1790008169,Crystal,399,9,VPR
Eleanor Shimarute,17293497,295,290,Bahamut,Gaia,1911,0,2d83a52700c6c24b448ee5a1d52bf469_86da943caa70c8694707ab2ff74e68c9fc0.jpg?1790006396,Crystal,124,0,UNK
Baked Potapota,42031891,296,291,Ramuh,Meteor,1908,0,1b1e5ff45bcbd6a80c94ee1c0c8bddcf_410ddb5a66a2fcacf538bec5ea5d0291fc0.jpg?1790007306,Crystal,132,0,AST
Neko Star,4838755,297,292,Unicorn,Meteor,1907,0,ecad9775c8c7fb4001149db23efee69b_393eb74047bb90c8d80dea54218430eefc0.jpg?1790005126,Crystal,63,0,UNK
Battoh Nuko,1022118,298,293,Durandal,Gaia,1906,0,bdbb91b8d6d4eaa2d99a4a18d13153cb_806ea5b45071d5cd6bf393e38462ee71fc0.jpg?1790008181,Crystal,133,11,DRK
Tirumu Pirumu,31090405,299,0,Anima,Mana,1905,202,24135dbec64e2f95240873c43ad18659_2f698530a28d671d20278c8518c804c9fc0.jpg?1790008099,Crystal,38,12,DRG
Kyass Siki,23041662,300,294,Anima,Mana,1902,0,5cdbec81a516edb0b61ee54248f37aaf_2f698530a28d671d20278c8518c804c9fc0.jpg?1790007960,Crystal,247,6,DRK
Miyu Moon,14522179,1,0,Mateus,Crystal,4859,0,3562f4cf44aad7d526acbf8fae3937b0_f0c52cc66e124fc2e641d7c21ab2ce79fc0.jpg?1790005251,Ultima,125,0,SAM
Pekora Meow,37421725,2,0,Leviathan,Primal,4230,0,dc85502f9baa330d5a15d3c0a6f002a0_a91aae52cff9ef65932db06b150ffd47fc0.jpg?1790006136,Ultima,275,0,DRG
Legendary Ash,10855248,3,0,Faerie,Aether,3772,0,6fd699132806b61c9dcb8613c3ae11a3_0e336ff6ad415f47233f0aaf127feac0fc0.jpg?1790008160,Ultima,136,0,NIN
Ahri Meow,42604315,4,0,Leviathan,Primal,3739,0,99498e3de5cc49aacddccc855d4ee19d_a91aae52cff9ef65932db06b150ffd47fc0.jpg?1790005196,Ultima,207,0,RDM
Emi Meow,44729199,5,0,Siren,Aether,3675,0,39fec9b8eaf71c699797cd15ef87009b_58a84e851e55175d22158ca97af58a1ffc0.jpg?1790005736,Ultima,95,0,DRK
Crow Meow,54328117,6,0,Jenova,Aether,3448,0,7eded062751a7f80f7f3d9fbe0ab8e34_ce736afe35e2ded4e46c4fd0659aef7efc0.jpg?1790005234,Ultima,106,0,AST
Tomo Kote,38176817,7,0,Gilgamesh,Aether,3171,0,e5d7502ad7f21874552a4fc21553ee9e_b937560c841465f7c4bc8eb47ea7948afc0.jpg?1790007733,Ultima,273,0,RDM
Hollow Bastion,56455630,8,0,Rafflesia,Dynamis,3156,0,1f48f716d376c4c54dbbeedac9f01255_2783886613347a4db0bed7524de1298ffc0.jpg?1790005402,Ultima,86,0,UNK
Azar Kaveh,16748899,9,0,Mateus,Crystal,3139,0,1d25f3d1883510d8fd010504471516b8_f0c52cc66e124fc2e641d7c21ab2ce79fc0.jpg?1790007844,Ultima,624,0,WVR
Ham Baga,28276994,10,0,Balmung,Crystal,3120,0,80672270fca68b3d3fa2f4c0b220427a_7a573cbc0cda3a3dfc1795cb3d9f7b23fc0.jpg?1790005200,Ultima,286,0,AST
Kuzo Makuzo,29453053,11,0,Exodus,Primal,3083,0,c143f86dcebb42612bbef964edfc96ab_0cdf051c93865faa15cbc5cd3d2b69fbfc0.jpg?1790006134,Ultima,105,0,UNK
Azure Balmung,17864089,12,0,Gilgamesh,Aether,3079,0,5456a33c0abb12eab1bf88281486246e_b937560c841465f7c4bc8eb47ea7948afc0.jpg?1790006713,Ultima,59,0,NIN
Sparrow Hawk,50867063,13,21,Seraph,Dynamis,3077,91,1253b18a592d2d3c5133e9b86ab20c5a_07fb0511053f398d1f2d6831e6a6b4c8fc0.jpg?1790005360,Ultima,186,4,DRG
Kris Lhea,39204335,14,13,Mateus,Crystal,3075,0,982639accd39a2021d8f112bb5e763df_f0c52cc66e124fc2e641d7c21ab2ce79fc0.jpg?1790007259,Ultima,84,0,MNK
Meteor Moon,29693876,15,14,Rafflesia,Dynamis,3072,0,7f262df9422aa27c9dd850d004812561_2783886613347a4db0bed7524de1298ffc0.jpg?1790005442,Ultima,292,0,SGE
Terro Beoulve,45682109,16,15,Coeurl,Crystal,3070,0,5c8262e03844a30a89d0d2374247f03c_284358f8eb4efc9095914e46798c6ab3fc0.jpg?1790004954,Ultima,189,0,VPR
Artesia Saeyrs,2957946,17,16,Sargatanas,Aether,3061,0,e1a9c389a8110feceacc91a730bfc558_ba22853447012a24cee115315d6a5bebfc0.jpg?1790007532,Ultima,58,0,DRK
Cyphos Ultimus,2288366,18,17,Balmung,Crystal,3045,0,b980cc0ff24da63437a59ef78df763c0_7a573cbc0cda3a3dfc1795cb3d9f7b23fc0.jpg?1790005217,Ultima,195,0,WAR
Barock Obama,52411158,19,18,Siren,Aether,3029,0,05a5459925b46dd9d074e273b24d5d27_58a84e851e55175d22158ca97af58a1ffc0.jpg?1790005809,Ultima,554,0,PLD
Kairi Rune,28236760,20,19,Hyperion,Primal,3024,0,ce129fc5d83b1472a349e0e1053aee02_57ae9ee5592123dd79c8912bf768cf99fc0.jpg?1790007500,Ultima,305,0,MNK
Local-area Network,28168413,21,20,Cactuar,Aether,3012,0,5181fed39656c5cf1dc247fe1bf97832_96ab1df8877c1f8ba6a89a39cccfd437fc0.jpg?1790008142,Ultima,92,0,SAM
Mac Arena,21560395,22,0,Adamantoise,Aether,2968,0,30fa962580974874808d1a8b67407ebb_1f5fd239b885860b7c2bfc72ad1d97effc0.jpg?1790007249,Omega,141,11,MNK
Merlin Emryss,9605720,23,0,Faerie,Aether,2859,0,87179f28ae17956a4d43567dadf6ea60_0e336ff6ad415f47233f0aaf127feac0fc0.jpg?1790007630,Omega,277,12,BLM
Sanahi Keto,57330112,24,0,Hyperion,Primal,2819,0,6531a5f5216bf8e7efcdcf26e24615cb_57ae9ee5592123dd79c8912bf768cf99fc0.jpg?1790006412,Omega,345,0,MCH
Lucio Harundo,4012099,25,0,Leviathan,Primal,2708,0,d042eff245eaa56c0b6989df68a99564_a91aae52cff9ef65932db06b150ffd47fc0.jpg?1790004867,Omega,587,0,DRK
Kasai Kage,21886030,26,0,Adamantoise,Aether,2691,0,6835735c490425c8a49d6889308a3484_1f5fd239b885860b7c2bfc72ad1d97effc0.jpg?1790007125,Omega,77,0,NIN
Im Dead,44727021,27,0,Balmung,Crystal,2651,0,382bb5e8fe23a4e04750cfd29fa9f46c_7a573cbc0cda3a3dfc1795cb3d9f7b23fc0.jpg?1790005827,Omega,82,0,WHM
Suhr Zarek,8876676,28,0,Balmung,Crystal,2620,0,c09e4087ccb76545f31b81fa5ca01485_7a573cbc0cda3a3dfc1795cb3d9f7b23fc0.jpg?1790007485,Omega,605,0,PLD
Sylvie Chan,48678953,29,0,Brynhildr,Crystal,2523,0,14580705b6124b25ef19217300b4891f_d0a0f515a62457570c9b44997063e3c1fc0.jpg?1790007893,Omega,331,0,BSM
Fye Alanyk,48751064,30,0,Diabolos,Crystal,2517,0,d605d68b88b347dfdb8a9b9e6c3539d6_7b33d33ae3ecb996f778a5f67a6a0af6fc0.jpg?1790004911,Omega,430,0,AST
Hrothmar Blackburns,28757856,31,0,Adamantoise,Aether,2493,0,ba6405bac0d5b1fb489962984f0d9fb9_1f5fd239b885860b7c2bfc72ad1d97effc0.jpg?1790006390,Omega,503,0,BLM
Norma Jeannie,28105106,32,0,Jenova,Aether,2488,0,bff6f64f1e9dd700a962c74db4bf4812_ce736afe35e2ded4e46c4fd0659aef7efc0.jpg?1790006231,Omega,98,0,DRG
Labrys Roux,31449732,33,0,Ultros,Primal,2444,0,b78d649d03beba97a36fa9eebc98afc4_c514cdcdb619439df97d906d4434ccc6fc0.jpg?1790008170,Omega,246,0,SCH
Pvp Badboy,38919488,34,0,Sargatanas,Aether,2421,0,8833f678967938d2e79b8d993021ce3f_ba22853447012a24cee115315d6a5bebfc0.jpg?1790005785,Omega,211,0,NIN
Saraliah Dawnbringer,21371539,35,0,Coeurl,Crystal,2378,0,6cef2d612818607782b7fbc356526664_284358f8eb4efc9095914e46798c6ab3fc0.jpg?1790005828,Omega,54,0,PLD
Deadrise Mutambo,49340180,36,0,Diabolos,Crystal,2368,0,05829ade005fe971a894d48d18963c4f_7b33d33ae3ecb996f778a5f67a6a0af6fc0.jpg?1790005785,Omega,102,0,NIN
Zypris Allsbane,13616095,37,0,Leviathan,Primal,2364,0,8194751bb802fcd9691a7ee558040836_a91aae52cff9ef65932db06b150ffd47fc0.jpg?1790006480,Omega,151,0,RPR
Olivia Lugria,15149290,38,0,Sargatanas,Aether,2361,0,c230658574a9dc12a4eb6fae2e16ceb4_ba22853447012a24cee115315d6a5bebfc0.jpg?1790006763,Omega,295,0,BLM
Fulheart Grit,38212551,39,0,Balmung,Crystal,2347,0,4a4d99f967c37bf42bd739857921e360_7a573cbc0cda3a3dfc1795cb3d9f7b23fc0.jpg?1790005403,Omega,181,2,MNK
Rin Ruki,59858100,40,0,Exodus,Primal,2297,0,7ec8676537a0b3fff644be3f10ee7741_0cdf051c93865faa15cbc5cd3d2b69fbfc0.jpg?1790005995,Omega,100,0,UNK
Size Difference,33536390,41,0,Sargatanas,Aether,2271,0,770b5bd32a40e292765490f8e46eaf60_ba22853447012a24cee115315d6a5bebfc0.jpg?1790007514,Omega,190,0,MNK
Vittorio Moretti,61421815,42,0,Diabolos,Crystal,2263,0,8c11f65c791a4f39ba7c716aeb6bc8d9_7b33d33ae3ecb996f778a5f67a6a0af6fc0.jpg?1790007323,Omega,153,0,SMN
Rae Rea,58956664,43,0,Adamantoise,Aether,2194,0,72766cccd8c79e6afd3055accfc559fa_1f5fd239b885860b7c2bfc72ad1d97effc0.jpg?1790004826,Omega,45,0,MNK
Sanguinius Smolblood,33489157,44,0,Kraken,Dynamis,2172,0,461663ac9dfac06c5d61bc05d26ae652_049a956dfeb0eb2e19c417a1dde4d680fc0.jpg?1790008062,Omega,291,0,CUL
La Bubu,26625120,45,0,Diabolos,Crystal,2080,4,733d34df72366760c6f44581681c9088_7b33d33ae3ecb996f778a5f67a6a0af6fc0.jpg?1790006416,Omega,200,8,SMN
Gongsun Qerel,38059779,46,0,Mateus,Crystal,2063,0,015ef2d1ef8f18b0cf7fa0e646fa2d12_f0c52cc66e124fc2e641d7c21ab2ce79fc0.jpg?1790006743,Omega,250,0,VPR
Rubedo Ginshi,15639088,47,0,Lamia,Primal,2061,0,bbc5b3eb96e1a1691fb9abb344fc3217_4d9be17b5e1edc617052b4dbf4007875fc0.jpg?1790007663,Omega,163,0,RPR
Neo Dymium,33030676,48,0,Seraph,Dynamis,2046,0,24be6098cf7acc2de169d92917d3299f_07fb0511053f398d1f2d6831e6a6b4c8fc0.jpg?1790007142,Omega,115,6,SCH
Medori Tenosu,31992476,49,0,Jenova,Aether,2030,0,2d7230bf79f29d3570cfdc7390506985_ce736afe35e2ded4e46c4fd0659aef7efc0.jpg?1790006024,Omega,406,13,MNK
Myu Meow,9691497,50,0,Leviathan,Primal,2015,0,d925a41776719d761c94e8e32e5e7a0f_a91aae52cff9ef65932db06b150ffd47fc0.jpg?1790007289,Omega,147,0,UNK
Yua Churu,57865436,51,0,Goblin,Crystal,2002,0,f101295546bd5a2b87478407b6d55ffd_8e81e2940511f7152ba4462fe53e35b8fc0.jpg?1790006029,Omega,176,0,AST
Fortune Days,44283538,52,0,Zalera,Crystal,1999,0,044cf6044387105edf58d48a910b1ae4_8106f857613f8fb994b0be37b26ff4bafc0.jpg?1790006531,Omega,99,0,DNC
Ailbhe Costa,24483224,53,82,Golem,Dynamis,1996,398,d2a07a324d29f192eabbae6adeb2462b_dd61c3dc259e5c43722e89409499b669fc0.jpg?1790006133,Omega,44,6,UNK
Clara Green,44437004,54,53,Gilgamesh,Aether,1982,0,9fdf7ee98ab3c5eb9220a6d31f045135_b937560c841465f7c4bc8eb47ea7948afc0.jpg?1790006276,Omega,127,0,PCT
Air Azure,41482862,55,54,Rafflesia,Dynamis,1979,0,a32fc7c37974e2629ce594c455ff54a7_2783886613347a4db0bed7524de1298ffc0.jpg?1790007047,Omega,210,0,SCH
Death Reaps,8773483,56,55,Balmung,Crystal,1958,0,265183f487ab7e0a5a5b3128ec29a82a_7a573cbc0cda3a3dfc1795cb3d9f7b23fc0.jpg?1790007257,Omega,242,7,BLM
Xiao Longbao,31670807,57,56,Excalibur,Primal,1909,0,b9d8562547d5b9d8e86054d9061c6a23_745baffc465480ed372e274d50318290fc0.jpg?1790006704,Omega,641,7,MIN
Momo Meow,50898775,58,57,Siren,Aether,1909,0,6abf63b1f0755aa211bfd1dadc66e3b9_58a84e851e55175d22158ca97af58a1ffc0.jpg?1790006766,Omega,48,0,MNK
Vaal Hazak,26534863,59,58,Zalera,Crystal,1898,0,7c44a75a2f3d57a9cd3b86235340939b_8106f857613f8fb994b0be37b26ff4bafc0.jpg?1790005266,Omega,287,8,GNB
Kahlil Immortalis,22812670,60,59,Diabolos,Crystal,1890,0,0451aa29bd529c5d15b718b74c287dd2_7b33d33ae3ecb996f778a5f67a6a0af6fc0.jpg?1790006319,Omega,209,0,UNK
Bepsi Kola,41348459,61,60,Adamantoise,Aether,1879,0,cc3717bc9d9d5c90534918043bb3ba56_1f5fd239b885860b7c2bfc72ad1d97effc0.jpg?1790005443,Omega,220,0,WAR
Suhr Zarek,41651606,62,61,Goblin,Crystal,1861,0,9a55a7c2b29a7a0b7de33b2fcc5a0411_8e81e2940511f7152ba4462fe53e35b8fc0.jpg?1790007479,Omega,113,0,MNK
Yuseong Regilis,60222350,63,62,Exodus,Primal,1827,0,1c96ea3b1132f01c102abfff5ab289ec_0cdf051c93865faa15cbc5cd3d2b69fbfc0.jpg?1790004792,Omega,111,0,UNK
Micro Uryade,37487800,64,63,Sargatanas,Aether,1819,0,d9df4db31e4d391c99006db3caa4b5f9_ba22853447012a24cee115315d6a5bebfc0.jpg?1790007542,Omega,316,0,VPR
P'roto Idola,35374628,65,64,Brynhildr,Crystal,1796,0,a91ad9e8c6c6ddb0905cd9aa6cede8e3_d0a0f515a62457570c9b44997063e3c1fc0.jpg?1790006712,Omega,125,0,DRG
Shuba Rashii,43704609,66,71,Adamantoise,Aether,1788,98,a0c17bafae65d503976e3a231681fc34_1f5fd239b885860b7c2bfc72ad1d97effc0.jpg?1790006389,Omega,63,1,PLD
Orpheus Laine,29851207,67,65,Gilgamesh,Aether,1780,0,5939235fbb052c79392d334cce14ca00_b937560c841465f7c4bc8eb47ea7948afc0.jpg?1790007029,Omega,98,0,DRK
Haha Unless,35825889,68,66,Faerie,Aether,1750,0,3c249691791cbe0f2fb3ccc230c9a4e4_0e336ff6ad415f47233f0aaf127feac0fc0.jpg?1790007430,Omega,134,0,WAR
Gidding Mimid,9835761,69,67,Exodus,Primal,1722,0,97296d489ec3afb5d7c65e3c6fa7fc05_0cdf051c93865faa15cbc5cd3d2b69fbfc0.jpg?1790004782,Omega,352,0,NIN
Ryan Hoshiko,10323495,70,68,Lamia,Primal,1719,0,b8f720f05e5314618bc7341f856d075d_4d9be17b5e1edc617052b4dbf4007875fc0.jpg?1790006490,Omega,79,1,RDM
Naomi Hakoma,13697124,71,69,Halicarnassus,Dynamis,1710,0,a6732f9cc34509a6761d618186e745fd_f2d324d722b28bbe681b2898bcdca8bffc0.jpg?1790008124,Omega,85,0,ARM
Show Maker,61843104,72,70,Kraken,Dynamis,1699,0,a2da8d9d3d95080eac0c8ad1975a70ac_049a956dfeb0eb2e19c417a1dde4d680fc0.jpg?1790006689,Omega,121,0,UNK
Kylis Pendragon,36050245,73,72,Balmung,Crystal,1685,0,6d0f4e4d3e36c9a4dd7fccd76f9effc3_7a573cbc0cda3a3dfc1795cb3d9f7b23fc0.jpg?1790007490,Omega,358,15,MNK
Marci Meow,54739620,74,73,Balmung,Crystal,1683,0,4ebc98a9ae6cf756ec75bc3db97f87f6_7a573cbc0cda3a3dfc1795cb3d9f7b23fc0.jpg?1790005660,Omega,78,0,DRG
Azura Skye,61832185,75,74,Goblin,Crystal,1678,0,06833163f0059227fbc31ba3c8c36610_8e81e2940511f7152ba4462fe53e35b8fc0.jpg?1790008241,Omega,99,0,MCH
Rhiki Nelhah,29582811,76,75,Balmung,Crystal,1669,0,0ad8b0bcd2e47e8bf6c0716959820415_7a573cbc0cda3a3dfc1795cb3d9f7b23fc0.jpg?1790006226,Omega,219,0,UNK
Akari Tsuki,46655701,77,76,Adamantoise,Aether,1633,0,08f7ffe45c1b134f99ea040b39ee2bdd_1f5fd239b885860b7c2bfc72ad1d97effc0.jpg?1790007835,Omega,61,0,SMN
Mtn Boop,36509633,78,77,Brynhildr,Crystal,1616,0,175f521a1de707cbfb345e95df5e588c_d0a0f515a62457570c9b44997063e3c1fc0.jpg?1790005612,Omega,37,0,VPR
Azureal Grandeur,20448737,79,78,Marilith,Dynamis,1615,0,fa989d1d00d58fc1b4171abefb5e22b7_bbfb28d5a9059cd0c768daf77ab29982fc0.jpg?1790005932,Omega,191,0,BRD
Big Three,48089951,80,79,Famfrit,Primal,1606,0,17799d8133ebe53d6d3662f6d31a1360_fce4949e615393e574f2d57134b31fc1fc0.jpg?1790007008,Omega,83,0,WAR
Silanah Sylphrena,45709349,81,80,Faerie,Aether,1604,0,353d000e66ebf6b7715ff5998504f784_0e336ff6ad415f47233f0aaf127feac0fc0.jpg?1790006156,Omega,54,1,SCH
Raphtalia Solari,8126326,82,81,Adamantoise,Aether,1602,0,baeca36f0f50dbb796496ea18e58ee30_1f5fd239b885860b7c2bfc72ad1d97effc0.jpg?1790006612,Omega,105,0,SGE
Josh Trigiani,6965228,83,0,Lamia,Primal,1595,0,22f547722b0454bc3b30d7f6a8ac5b0a_4d9be17b5e1edc617052b4dbf4007875fc0.jpg?1790008166,Omega,42,0,BLM
Aibertain Mando,32541700,84,144,Jenova,Aether,1592,516,8dec967ad48c9a703018a7445740a7f3_ce736afe35e2ded4e46c4fd0659aef7efc0.jpg?1790005003,Omega,395,11,MCH
The Feast,46586541,85,84,Behemoth,Primal,1592,0,db9e7409cc816f51307405b49c8b5713_be20385e18333edb329d4574f364a1f0fc0.jpg?1790005144,Omega,113,0,UNK
Sovereign Phil,14314725,86,85,Goblin,Crystal,1586,0,acf642268567c66b82aaf11114198670_8e81e2940511f7152ba4462fe53e35b8fc0.jpg?1790006978,Omega,31,0,SGE
Nemx Takeuchi,43679010,87,86,Excalibur,Primal,1586,0,14abc372f60fdda90f30d64457c232b3_745baffc465480ed372e274d50318290fc0.jpg?1790006867,Omega,30,0,MCH
Sovereign Philia,15078273,88,87,Goblin,Crystal,1579,0,9d8a559fe71ba693a4346902b608d5ec_8e81e2940511f7152ba4462fe53e35b8fc0.jpg?1790008125,Omega,31,0,BLM
Mavis Enyo,14769968,89,88,Excalibur,Primal,1578,0,00bced457c7cea8ae968197c61367bed_745baffc465480ed372e274d50318290fc0.jpg?1790006116,Omega,37,0,BTN
Sitri Belladonna,44271644,90,89,Maduin,Dynamis,1577,0,d5fba1e5169b57a308fb1ea60e3553cf_7ff236346f6151d8a2c08fd0b4a0b806fc0.jpg?1790007737,Omega,166,0,AST
Lia Kiri,52292388,91,90,Lamia,Primal,1577,0,297469abea049ff5cfb98af6fe45176f_4d9be17b5e1edc617052b4dbf4007875fc0.jpg?1790007245,Omega,77,0,DRG
Aerika Meow,27836279,92,91,Faerie,Aether,1574,0,cefa16e18644e0b625a0d52d2df514b9_0e336ff6ad415f47233f0aaf127feac0fc0.jpg?1790005477,Omega,48,0,DNC
Sponge Cake,15121944,93,92,Faerie,Aether,1566,0,3428a89877f1f714b6306dba262cd7ea_0e336ff6ad415f47233f0aaf127feac0fc0.jpg?1790006936,Omega,71,0,UNK
Air Weaver,12424525,94,93,Coeurl,Crystal,1564,0,06474f472310d759766363e8e8f53b3f_284358f8eb4efc9095914e46798c6ab3fc0.jpg?1790008041,Omega,62,0,MCH
Gio Vanna,33440191,95,94,Adamantoise,Aether,1546,0,7d1d14338474ce900c0581dbd778d321_1f5fd239b885860b7c2bfc72ad1d97effc0.jpg?1790007958,Omega,77,0,SGE
Chocolate Mint,12837521,96,95,Mateus,Crystal,1534,0,96f57e6a545b8f0a814d211bd90bda0a_f0c52cc66e124fc2e641d7c21ab2ce79fc0.jpg?1790007921,Omega,35,0,PLD
Peregrine Lofte,21726171,97,96,Leviathan,Primal,1523,0,351c30387c9048190075024c6b344ead_a91aae52cff9ef65932db06b150ffd47fc0.jpg?1790005225,Omega,62,0,WAR
Bisukito Neko,32261082,98,97,Zalera,Crystal,1522,0,3462c7ee2de7556ca86498dc5214a7fb_8106f857613f8fb994b0be37b26ff4bafc0.jpg?1790006158,Omega,56,0,UNK
Zeta Salazar,44375733,99,98,Midgardsormr,Aether,1520,0,4be3c205f3892cdbc09e8417ad6dbb68_5c8ecfbc673e1287a9b5e85423fe1657fc0.jpg?1790005365,Omega,223,0,DNC
Milla Wilder,10826315,100,99,Exodus,Primal,1507,0,c9949330d11abf504236795bf6bd61f9_0cdf051c93865faa15cbc5cd3d2b69fbfc0.jpg?1790006164,Omega,130,0,WAR
Navori Valois,48622291,101,100,Adamantoise,Aether,1504,0,4facdc408c9ad771bc52001d3c82fa9f_1f5fd239b885860b7c2bfc72ad1d97effc0.jpg?1790006979,Omega,95,0,SAM
Eloza Ketsch,8667845,102,101,Malboro,Crystal,1503,0,4414bb689fd8033d67e6821653f9a232_2e97c13fdd593d15d543093f8a37b6f0fc0.jpg?1790007771,Omega,309,0,MNK
Eyre Stahl,32745572,103,102,Maduin,Dynamis,1489,0,0d24cf6e8f53fc59a993fd5e5311d4e0_7ff236346f6151d8a2c08fd0b4a0b806fc0.jpg?1790006139,Crystal,92,0,SAM
Uki Yo,50106047,104,103,Adamantoise,Aether,1488,0,75e9983a4dd07e7e5de0ed1ac11a23fb_1f5fd239b885860b7c2bfc72ad1d97effc0.jpg?1790007940,Crystal,42,0,RPR
Haley Autouria,105933,105,109,Coeurl,Crystal,1482,99,8e6b9b10fc2e31af21e24fdaae151c61_284358f8eb4efc9095914e46798c6ab3fc0.jpg?1790006015,Crystal,66,1,UNK
Fire Strike,52397705,106,104,Kraken,Dynamis,1480,0,b9c1021d4aa2ae66682e7904857161ed_049a956dfeb0eb2e19c417a1dde4d680fc0.jpg?1790007084,Crystal,68,0,BLM
Aesa Iys,59631795,107,105,Kraken,Dynamis,1453,0,60f73c621a5b6dec56728cc5466268c2_049a956dfeb0eb2e19c417a1dde4d680fc0.jpg?1790006818,Crystal,280,0,UNK
Sera Yatsuzuka,55095335,108,106,Balmung,Crystal,1407,0,3531afbf77c8233b92b28b214039f903_7a573cbc0cda3a3dfc1795cb3d9f7b23fc0.jpg?1790007061,Crystal,79,0,RDM
Seto Mimyho,20943977,109,107,Behemoth,Primal,1394,0,e0110a23ddcddf11cb8bf1e895c56d75_be20385e18333edb329d4574f364a1f0fc0.jpg?1790004797,Crystal,55,0,FSH
Mash Buttons,12470854,110,108,Ultros,Primal,1388,0,eec5508ec2ce3844fd62caa5b87a24d8_c514cdcdb619439df97d906d4434ccc6fc0.jpg?1790005822,Crystal,98,0,BRD
Dandy Lyon,9088850,111,110,Leviathan,Primal,1379,0,5e652518b4930ff5cb411a5818760318_a91aae52cff9ef65932db06b150ffd47fc0.jpg?1790006294,Crystal,97,0,SAM
Finch Curador,30712387,112,111,Leviathan,Primal,1378,0,a7767d35320b852f509e7dd68b0151d4_a91aae52cff9ef65932db06b150ffd47fc0.jpg?1790007336,Crystal,55,0,BLM
Skyanar Tyrunas,42486942,113,112,Siren,Aether,1376,0,ba17697df023a58dbdba8be74f3894f2_58a84e851e55175d22158ca97af58a1ffc0.jpg?1790007268,Crystal,209,0,UNK
Ninety-nine Agility,43878532,114,113,Famfrit,Primal,1367,0,07309ebd18b321f5df47f9ab79049d40_fce4949e615393e574f2d57134b31fc1fc0.jpg?1790004705,Crystal,47,0,MCH
Lazy Bear,39566180,115,114,Faerie,Aether,1298,0,a07cf0c35d5a78a5a1b9ca16d6f41803_0e336ff6ad415f47233f0aaf127feac0fc0.jpg?1790006798,Crystal,172,0,MNK
Shimori Bunihara,50186185,116,115,Kraken,Dynamis,1298,0,c7cd2842a29701e0963bf6d156392014_049a956dfeb0eb2e19c417a1dde4d680fc0.jpg?1790006231,Crystal,58,0,DNC
Wmmmmmmmmm Wmmmmmmmmm,56778920,117,116,Halicarnassus,Dynamis,1296,0,9e294822ea14ed4084dfe667478bc6e5_f2d324d722b28bbe681b2898bcdca8bffc0.jpg?1790004722,Crystal,46,0,PLD
Kuina Kagetsu,36802695,118,117,Ultros,Primal,1286,0,dd8ffbe11c53ea988c605c9c24157c59_c514cdcdb619439df97d906d4434ccc6fc0.jpg?1790007677,Crystal,102,2,BLM
Boo Nuts,2234245,119,118,Zalera,Crystal,1224,0,0d8b9ae74f55ea0ba374fa7b38b48862_8106f857613f8fb994b0be37b26ff4bafc0.jpg?1790005002,Crystal,176,0,BRD
Baka Bao,48974722,120,119,Gilgamesh,Aether,1217,0,ef2247fb5724315ecd96d1ac9c5804b1_b937560c841465f7c4bc8eb47ea7948afc0.jpg?1790007343,Crystal,324,0,SAM
Celeste Aeternum,38129090,121,120,Adamantoise,Aether,1210,0,76510814c4215ff9bd016e9313ee6e2c_1f5fd239b885860b7c2bfc72ad1d97effc0.jpg?1790006258,Crystal,302,1,SCH
Fyoriah Aliapoh,44734635,122,121,Faerie,Aether,1204,0,298901c71b421faa4612e0bbd9420820_0e336ff6ad415f47233f0aaf127feac0fc0.jpg?1790006005,Crystal,168,0,AST
Ellie Titis,36865882,123,122,Midgardsormr,Aether,1198,0,71601f63eddfe2db7e4ec2213790102c_5c8ecfbc673e1287a9b5e85423fe1657fc0.jpg?1790004805,Crystal,45,0,MCH
Rachna Rindou,54825028,124,140,Brynhildr,Crystal,1195,106,782b01c1201a9b4642438d41202796f6_d0a0f515a62457570c9b44997063e3c1fc0.jpg?1790006620,Crystal,51,8,MNK
Cain Molkoh,57323197,125,123,Goblin,Crystal,1189,0,889deea7b0b76edd744a2b6fb24a09a1_8e81e2940511f7152ba4462fe53e35b8fc0.jpg?1790006772,Crystal,180,0,WAR
Zaneko Yuneko,61640151,126,124,Goblin,Crystal,1182,0,e90101e9d13d827fb83b96932b2de05b_8e81e2940511f7152ba4462fe53e35b8fc0.jpg?1790005957,Crystal,78,0,SMN
Karl Rex,48615049,127,125,Siren,Aether,1179,0,a7f2129699ecb71e801871425b8cbc52_58a84e851e55175d22158ca97af58a1ffc0.jpg?1790007777,Crystal,259,0,UNK
Zolzayaa Noykin,34804380,128,126,Balmung,Crystal,1129,0,ff773bbf0388cc8a61ac7c87e78f978f_7a573cbc0cda3a3dfc1795cb3d9f7b23fc0.jpg?1790006198,Crystal,111,0,VPR
Cayen Cen,13893282,129,127,Cactuar,Aether,1124,0,736a684af24050d9faf2a50c1a5ea0b6_96ab1df8877c1f8ba6a89a39cccfd437fc0.jpg?1790006309,Crystal,74,0,UNK
Yui Fins,46861659,130,128,Adamantoise,Aether,1122,0,477904411f28cfd029518422146e02f0_1f5fd239b885860b7c2bfc72ad1d97effc0.jpg?1790007739,Crystal,801,8,PLD
Yneca Matan,52351159,131,129,Rafflesia,Dynamis,1113,0,aa6e6c057603c70f4559f29fce683a54_2783886613347a4db0bed7524de1298ffc0.jpg?1790006378,Crystal,63,0,WAR
No Bee,37102144,132,130,Lamia,Primal,1110,0,5c741048df2befeb7f80a2b03bb02aee_4d9be17b5e1edc617052b4dbf4007875fc0.jpg?1790007126,Crystal,147,0,NIN
Anti Luminosity,53824427,133,131,Marilith,Dynamis,1107,0,345441c3ea324bf07484e7e6f1031ccc_bbfb28d5a9059cd0c768daf77ab29982fc0.jpg?1790005665,Crystal,217,0,RPR
Johnny Rotten,60584717,134,132,Balmung,Crystal,1101,0,16dd0eb6be877814ca22fed24fe6191d_7a573cbc0cda3a3dfc1795cb3d9f7b23fc0.jpg?1790007298,Crystal,124,0,MCH
Bibi Zuzu,57423691,135,133,Rafflesia,Dynamis,1097,0,8b943a88460eb71bae75bfbd8b2408e8_2783886613347a4db0bed7524de1298ffc0.jpg?1790008176,Crystal,116,0,DNC
Adrianne Lehman,335503,136,134,Jenova,Aether,1096,0,9487d4bc6332e7a22c323a4ee321ffa1_ce736afe35e2ded4e46c4fd0659aef7efc0.jpg?1790005638,Crystal,433,3,NIN
Scythe Horrorblade,32713598,137,135,Mateus,Crystal,1096,0,43c41a5aa8d981f109e6d76f3347bd93_f0c52cc66e124fc2e641d7c21ab2ce79fc0.jpg?1790007914,Crystal,387,11,VPR
Limit Less,48764071,138,136,Jenova,Aether,1094,0,cfaa3805c7a62fc99a75b9c68da57b17_ce736afe35e2ded4e46c4fd0659aef7efc0.jpg?1790006974,Crystal,32,0,AST
Mo Azure,47140618,139,137,Lamia,Primal,1093,0,8e6a4b8b298b5523d1f99888dd9f36cf_4d9be17b5e1edc617052b4dbf4007875fc0.jpg?1790006102,Crystal,26,0,GNB
Tiny Sosig,16648383,140,138,Balmung,Crystal,1089,0,47661dc0b135d6c15fadc46a3fa85816_7a573cbc0cda3a3dfc1795cb3d9f7b23fc0.jpg?1790004852,Crystal,215,0,DRK
Unit Chan,37998953,141,139,Jenova,Aether,1089,0,edbb6ab0cdf4eefcc524df286e3ff034_ce736afe35e2ded4e46c4fd0659aef7efc0.jpg?1790005541,Crystal,146,0,NIN
Vann Healsing,6572,142,141,Coeurl,Crystal,1086,0,e19ce452168669ef7abba0e26cc8ee4c_284358f8eb4efc9095914e46798c6ab3fc0.jpg?1790006484,Crystal,26,0,PLD
Null Scapes,59976938,143,142,Midgardsormr,Aether,1080,0,15e6a7125c017437361f0bcc34cb84af_5c8ecfbc673e1287a9b5e85423fe1657fc0.jpg?1790007312,Crystal,82,0,DRG
Noel Bunny,5201676,144,143,Behemoth,Primal,1079,0,c7f99603b6e09c43470bbabaed203add_be20385e18333edb329d4574f364a1f0fc0.jpg?1790006554,Crystal,206,1,UNK
Doomballoon Dapingus,19169037,145,0,Diabolos,Crystal,1017,0,e43cef91ca38a14de0e5bea2295ba9c0_7b33d33ae3ecb996f778a5f67a6a0af6fc0.jpg?1790005584,Crystal,75,0,UNK
Silah Zetsku,53965328,146,0,Marilith,Dynamis,1012,0,d2b4042f092dccb0d381fdc61afe74c3_bbfb28d5a9059cd0c768daf77ab29982fc0.jpg?1790008134,Crystal,77,0,WAR
Zithiel Bihrul,44613484,147,0,Faerie,Aether,1003,0,4abc29f0f384c794c1f6c7e7e60b8ed8_0e336ff6ad415f47233f0aaf127feac0fc0.jpg?1790006137,Crystal,225,0,AST
Fain Doncel'aram,18921518,148,0,Jenova,Aether,1002,0,99d5d58c7b97e260ff83d3d4b87a7103_ce736afe35e2ded4e46c4fd0659aef7efc0.jpg?1790006780,Crystal,29,0,MNK
Nero Cor,51685882,149,0,Cactuar,Aether,1001,0,a53a1a6499997a089c36337bcc3ae46d_96ab1df8877c1f8ba6a89a39cccfd437fc0.jpg?1790005817,Crystal,96,0,SAM
F'ool Pr'oof,27802292,150,0,Behemoth,Primal,1001,0,07756f3cccf4cada3f3d40b5d44ef841_be20385e18333edb329d4574f364a1f0fc0.jpg?1790006801,Crystal,83,0,SMN
Kirishoto Azphina,7859003,151,0,Excalibur,Primal,999,0,c9689b4fc4af55f8366432b02c0ce55f_745baffc465480ed372e274d50318290fc0.jpg?1790005457,Crystal,62,0,GNB
Yulia Lunaria,82714,152,0,Coeurl,Crystal,995,1,30d19e29baad4dfe064001a80a4466e1_284358f8eb4efc9095914e46798c6ab3fc0.jpg?1790006478,Crystal,54,1,AST
Kuhl World,37758198,153,0,Siren,Aether,990,0,f50e6e509584057795c9e4befd5e5d69_58a84e851e55175d22158ca97af58a1ffc0.jpg?1790005927,Crystal,73,0,VPR
Raiden Meow,60049984,154,0,Halicarnassus,Dynamis,990,0,82a7874a19aee552f4a0f8ff2b663dff_f2d324d722b28bbe681b2898bcdca8bffc0.jpg?1790006604,Crystal,31,0,SCH
Cynthia Noir,25307713,155,0,Leviathan,Primal,988,0,5b4f8d78ae6dd18586116fe673617384_a91aae52cff9ef65932db06b150ffd47fc0.jpg?1790005075,Crystal,479,3,BLM
Keyleth Creed,45772844,156,0,Ultros,Primal,987,0,fafdc7854669343158328c3adeb0a3ae_c514cdcdb619439df97d906d4434ccc6fc0.jpg?1790006230,Crystal,29,0,UNK
Erik Jormungandr,21053207,157,0,Balmung,Crystal,985,0,d279bad4f9c048ee2cb4310b2dabb453_7a573cbc0cda3a3dfc1795cb3d9f7b23fc0.jpg?1790005889,Crystal,37,0,DRK
Xale Solace,52728205,158,0,Adamantoise,Aether,936,0,5272a5d5dea9738bb4a6638ac3f083d2_1f5fd239b885860b7c2bfc72ad1d97effc0.jpg?1790008141,Crystal,162,0,BTN
Celesse Archon,5403993,159,0,Midgardsormr,Aether,911,0,46c05696a375eb66cab3503bea79e4e4_5c8ecfbc673e1287a9b5e85423fe1657fc0.jpg?1790006546,Crystal,49,0,AST
Rathais Gunnach,32955444,160,0,Brynhildr,Crystal,910,0,2a434eda7d82f52a4a70d056b83f2c27_d0a0f515a62457570c9b44997063e3c1fc0.jpg?1790004762,Crystal,62,0,SMN
Ash Ymir,50182260,161,0,Gilgamesh,Aether,906,0,571648c27d0568207bb3ebea02244e4e_b937560c841465f7c4bc8eb47ea7948afc0.jpg?1790005593,Crystal,85,0,UNK
Boulder Beholder,10981587,162,0,Faerie,Aether,905,0,9de7d0362a3a832a7171bfe262bb5d94_0e336ff6ad415f47233f0aaf127feac0fc0.jpg?1790007998,Crystal,18,0,UNK
Xianra Bryne,4015592,163,0,Excalibur,Primal,905,0,770b7228e5d013ae3146fc6330b9b756_745baffc465480ed372e274d50318290fc0.jpg?1790005688,Crystal,17,0,SGE
Minato Maki,53819658,164,0,Excalibur,Primal,904,0,03c1d1dc5b9a30317518ec9a30c301ab_745baffc465480ed372e274d50318290fc0.jpg?1790007113,Crystal,38,0,VPR
Silvy Kaenbyou,45504540,165,0,Goblin,Crystal,901,0,3a856bd5c7e35d95f6afcc57be4321a1_8e81e2940511f7152ba4462fe53e35b8fc0.jpg?1790007853,Crystal,294,0,RDM
Somnidemn Serdorm,37031558,166,0,Goblin,Crystal,901,0,6147ca113912ee7b9ac321313bbf5863_8e81e2940511f7152ba4462fe53e35b8fc0.jpg?1790006417,Crystal,72,0,UNK
Theory Ai,55206021,167,0,Leviathan,Primal,897,0,018be547248466158b1d0f9de4315340_a91aae52cff9ef65932db06b150ffd47fc0.jpg?1790005343,Crystal,232,0,BLU
June Buggy,39873640,168,0,Brynhildr,Crystal,896,0,929fb7f3958e6f1fbc9e559d731c0108_d0a0f515a62457570c9b44997063e3c1fc0.jpg?1790006221,Crystal,51,0,RDM
Twist Slaps,45827554,169,0,Balmung,Crystal,894,0,15159b4ecdb811d022905e8cd9bc4839_7a573cbc0cda3a3dfc1795cb3d9f7b23fc0.jpg?1790008233,Crystal,81,0,NIN
Nia Yukumo,22530343,170,0,Lamia,Primal,893,0,41fe576462de4cc12ab76d6d29ef58e4_4d9be17b5e1edc617052b4dbf4007875fc0.jpg?1790007388,Crystal,109,0,UNK
Ice Mage,56719413,171,0,Golem,Dynamis,893,0,20eb207dbce003e2fb1842e0c47aacc7_dd61c3dc259e5c43722e89409499b669fc0.jpg?1790005655,Crystal,65,0,BLM
Garu Kettle,7054871,172,0,Behemoth,Primal,887,0,e03f1b46663ddb8c150315a88c79c9f1_be20385e18333edb329d4574f364a1f0fc0.jpg?1790007519,Crystal,188,0,UNK
Aahaha Hahahahaha,31743716,173,0,Exodus,Primal,887,0,77935bdcfdbdbcd8404ce28584023170_0cdf051c93865faa15cbc5cd3d2b69fbfc0.jpg?1790007768,Crystal,83,0,VPR
Nori Uxu,59427885,174,0,Famfrit,Primal,886,0,f6e4448deaa96d55d9e4599f8eba8c7c_fce4949e615393e574f2d57134b31fc1fc0.jpg?1790006000,Crystal,23,1,DRG
Kanae Meow,36806118,175,0,Ultros,Primal,882,0,8969e8a0b518902a3996525f822b4701_c514cdcdb619439df97d906d4434ccc6fc0.jpg?1790005565,Crystal,255,0,WHM
Phrosticus Maximus,51732834,176,0,Kraken,Dynamis,831,0,36921233b0c05085a501c86bb51f5633_049a956dfeb0eb2e19c417a1dde4d680fc0.jpg?1790005071,Crystal,392,3,NIN
Kiitla Hundar,21600585,177,0,Brynhildr,Crystal,821,0,acff83df95bca2189584bd6af72e84ce_d0a0f515a62457570c9b44997063e3c1fc0.jpg?1790005521,Crystal,168,0,UNK
Horan Lou,38248988,178,0,Brynhildr,Crystal,817,0,3c88d2c3502bacefa5eb1e223a75217b_d0a0f515a62457570c9b44997063e3c1fc0.jpg?1790006826,Crystal,110,0,MNK
Apple Thief,43679241,179,0,Balmung,Crystal,808,0,746256d82b3652ef93bbd475defb85ac_7a573cbc0cda3a3dfc1795cb3d9f7b23fc0.jpg?1790007486,Crystal,731,13,PLD
Suho Thamasa,29478863,180,0,Hyperion,Primal,807,0,5a1f26eb5676742192b41e767e7e2071_57ae9ee5592123dd79c8912bf768cf99fc0.jpg?1790005332,Crystal,110,3,MCH
Mirae Malaguld,50148809,181,0,Famfrit,Primal,803,0,6eb6ea3365a1160e9537ec75ff91463a_fce4949e615393e574f2d57134b31fc1fc0.jpg?1790005014,Crystal,16,0,WHM
Judas Demaio,7957583,182,0,Balmung,Crystal,800,0,802e8b947615ba3fa10ac8d8e4fb1ebf_7a573cbc0cda3a3dfc1795cb3d9f7b23fc0.jpg?1790005578,Crystal,55,0,UNK
Ren Meow,50978506,183,0,Midgardsormr,Aether,800,0,7b0d37527fbf80936d64911e4e02726d_5c8ecfbc673e1287a9b5e85423fe1657fc0.jpg?1790005849,Crystal,23,0,DRK
Shadow Reve,6323548,184,0,Gilgamesh,Aether,799,0,cbca7664e2c3d133469b2f7134ae8c01_b937560c841465f7c4bc8eb47ea7948afc0.jpg?1790006482,Crystal,42,0,UNK
Satoshi Itaori,52546108,185,0,Golem,Dynamis,798,0,1ecf4d8479fa0e8c3c4b6fe005108b6d_dd61c3dc259e5c43722e89409499b669fc0.jpg?1790007193,Crystal,46,0,AST
Night Mare,49589109,186,0,Marilith,Dynamis,797,0,74a99084a5440a692e093c03a82eb17d_bbfb28d5a9059cd0c768daf77ab29982fc0.jpg?1790007118,Crystal,46,0,UNK
Io Isana,33563057,187,0,Coeurl,Crystal,796,0,bb1bccc46bef2876072e2e7fa326fa12_284358f8eb4efc9095914e46798c6ab3fc0.jpg?1790006970,Crystal,30,1,WHM
Alex Rider,61850079,188,0,Hyperion,Primal,794,0,d221a7b6c00ffa393c988249ed242d9a_57ae9ee5592123dd79c8912bf768cf99fc0.jpg?1790007260,Crystal,109,0,DRG
Gracidea Blossom,4573171,189,0,Lamia,Primal,792,0,12afdfb12aebd14365b3149875fee65f_4d9be17b5e1edc617052b4dbf4007875fc0.jpg?1790005102,Crystal,93,0,WHM
Alana Mystranquil,38447772,190,0,Coeurl,Crystal,787,0,a3b4e0628a97b6c3941d78fd1af36b81_284358f8eb4efc9095914e46798c6ab3fc0.jpg?1790008269,Crystal,43,0,AST
Onigiri Bunny,7352884,191,0,Behemoth,Primal,780,0,382f2b7a0b15514c38a6e2d5af3d8014_be20385e18333edb329d4574f364a1f0fc0.jpg?1790007141,Crystal,15,0,UNK
Rasan Sena,13544028,192,0,Kraken,Dynamis,710,0,70d1ba94bcbeff8a384f1e364b2ee863_049a956dfeb0eb2e19c417a1dde4d680fc0.jpg?1790005005,Crystal,117,0,UNK
Radanis Luminacht,16920977,193,0,Sargatanas,Aether,710,0,b371d311f8b15d14c5d5b08dda36ab7f_ba22853447012a24cee115315d6a5bebfc0.jpg?1790007873,Crystal,21,0,UNK
S'tille Fhey,8693680,194,0,Midgardsormr,Aether,709,0,d02ff61e52c6b3e4eadaf1f6172fe557_5c8ecfbc673e1287a9b5e85423fe1657fc0.jpg?1790007671,Crystal,79,0,UNK
Jin Mercer,31096690,195,0,Marilith,Dynamis,704,0,708b770d30658bbff6a84015d913b518_bbfb28d5a9059cd0c768daf77ab29982fc0.jpg?1790007469,Crystal,236,1,GNB
Koifucius Dao-master,37165464,196,0,Exodus,Primal,704,0,030277d5215f88056127d2b9e88474e4_0cdf051c93865faa15cbc5cd3d2b69fbfc0.jpg?1790004697,Crystal,23,0,WHM
Reed Diamond,7237831,197,0,Ultros,Primal,702,0,132bb33f336f4f3ae42c3cf9a96a11ad_c514cdcdb619439df97d906d4434ccc6fc0.jpg?1790005505,Crystal,200,0,MNK
Rusheel Vasscus,2314921,198,0,Adamantoise,Aether,702,0,a4248cc27f1d518fee3b2b12da021669_1f5fd239b885860b7c2bfc72ad1d97effc0.jpg?1790008232,Crystal,15,0,MNK
Hilto Feltre,55076328,199,0,Sargatanas,Aether,700,0,4a850e1dbb7f6f3aeff5b21df6166f3f_ba22853447012a24cee115315d6a5bebfc0.jpg?1790004871,Crystal,59,0,RPR
Rin Denma,33178809,200,0,Gilgamesh,Aether,700,0,6c5bab6678d3c44b6e646bc8726eb9f9_b937560c841465f7c4bc8eb47ea7948afc0.jpg?1790006552,Crystal,18,0,UNK
Mori Sumire,22629786,201,0,Zalera,Crystal,694,0,9d1372da41637e0a1cee75add0cdab3e_8106f857613f8fb994b0be37b26ff4bafc0.jpg?1790005672,Crystal,86,0,UNK
Lelouch Masamune,12543299,202,224,Malboro,Crystal,694,98,711457fd66b589fb422ba4640a4826f0_2e97c13fdd593d15d543093f8a37b6f0fc0.jpg?1790004862,Crystal,82,2,SCH
Master Zoknik,48144446,203,202,Balmung,Crystal,692,0,3c54e73f2ad7023aa3b173793f95c070_7a573cbc0cda3a3dfc1795cb3d9f7b23fc0.jpg?1790007740,Crystal,29,0,RDM
Zot Meow,34168568,204,203,Sargatanas,Aether,690,0,857170879bee95fc8f3f62ae264a46ce_ba22853447012a24cee115315d6a5bebfc0.jpg?1790006231,Crystal,28,0,SGE
Bento Manjusaka,8342791,205,204,Famfrit,Primal,686,0,6ad6165e804ca5f8a6e46061f7c359ec_fce4949e615393e574f2d57134b31fc1fc0.jpg?1790006719,Crystal,205,0,UNK
Lolly Pops,11573609,206,205,Leviathan,Primal,685,0,a38b4d4cbcfc624c56b5db6efb627dd2_a91aae52cff9ef65932db06b150ffd47fc0.jpg?1790005806,Crystal,343,0,MNK
Pravik Rhati,30628415,207,206,Zalera,Crystal,623,0,6f338ced5bbbd90812f4a17468f53684_8106f857613f8fb994b0be37b26ff4bafc0.jpg?1790006644,Crystal,310,0,UNK
Ethan Dumas,2337003,208,207,Zalera,Crystal,612,0,4363afb6aeff95a15293cf3907560f7b_8106f857613f8fb994b0be37b26ff4bafc0.jpg?1790007475,Crystal,172,1,RDM
Tc Sola,43984930,209,208,Zalera,Crystal,608,0,1bde011c1056c258b5456fb7d0f6283f_8106f857613f8fb994b0be37b26ff4bafc0.jpg?1790007186,Crystal,110,0,DRK
Kyda Oriana,7676781,210,209,Balmung,Crystal,607,0,5a1ffcf9ec98159ee3f6c3727943f30f_7a573cbc0cda3a3dfc1795cb3d9f7b23fc0.jpg?1790007902,Crystal,40,0,GNB
Novical Astrea,42979170,211,210,Exodus,Primal,604,0,b638930bbe9987be79fa698126728549_0cdf051c93865faa15cbc5cd3d2b69fbfc0.jpg?1790005730,Crystal,124,5,SCH
Cely Bee,10350871,212,211,Hyperion,Primal,604,0,3c8a305d1be098e7d8a443da34c6ec9f_57ae9ee5592123dd79c8912bf768cf99fc0.jpg?1790004699,Crystal,83,0,WAR
Ivy Storm,61727582,213,212,Zalera,Crystal,604,0,27a648f77de0ff7a1a44539cbd062203_8106f857613f8fb994b0be37b26ff4bafc0.jpg?1790004887,Crystal,81,0,MCH
Dank Lollington,37820692,214,213,Exodus,Primal,604,0,2b6faafd9620689cd5e4222c96529aa5_0cdf051c93865faa15cbc5cd3d2b69fbfc0.jpg?1790006652,Crystal,26,0,PLD
Shiroi Kijo,44769088,215,214,Ultros,Primal,602,0,2bc8c14bed99e41cc16db823a37e5295_c514cdcdb619439df97d906d4434ccc6fc0.jpg?1790005244,Crystal,196,0,SMN
Shum One,31246227,216,215,Midgardsormr,Aether,602,0,6a9ab1154c9d9a712cc039f45837db6d_5c8ecfbc673e1287a9b5e85423fe1657fc0.jpg?1790005157,Crystal,93,0,VPR
Alma Braver,729037,217,216,Goblin,Crystal,602,0,1d50d402d833734bf7f0d1fe6b3af5e8_8e81e2940511f7152ba4462fe53e35b8fc0.jpg?1790005752,Crystal,63,0,UNK
Nikau Milkdud,30842976,218,217,Lamia,Primal,601,0,2ffee265e9fb9491997d30306dc67cc3_4d9be17b5e1edc617052b4dbf4007875fc0.jpg?1790007588,Crystal,20,0,MCH
Sarantsatsral Kha,26082962,219,218,Behemoth,Primal,600,0,f8735f190504d139ee16ec1a623371dc_be20385e18333edb329d4574f364a1f0fc0.jpg?1790005102,Crystal,45,0,PLD
Hunie Pop,37396085,220,219,Ultros,Primal,599,0,8a72b357002474c02d597d6e8bc94cee_c514cdcdb619439df97d906d4434ccc6fc0.jpg?1790007375,Crystal,224,0,WHM
Kohvu Lynx,1558192,221,220,Exodus,Primal,599,0,071acbe4f7c99524490dc3ec23aca0f1_0cdf051c93865faa15cbc5cd3d2b69fbfc0.jpg?1790007606,Crystal,48,0,WHM
Mimiko Kino,37737560,222,221,Cactuar,Aether,598,0,2f578a342ca6fc6db5f86b231212e716_96ab1df8877c1f8ba6a89a39cccfd437fc0.jpg?1790007743,Crystal,37,0,SAM
Ever After,61886458,223,222,Golem,Dynamis,597,0,ce6d0aed1a633df84225c3db33b7d3b6_dd61c3dc259e5c43722e89409499b669fc0.jpg?1790007568,Crystal,90,2,DRG
Unagi Box,34773273,224,223,Cuchulainn,Dynamis,597,0,05a513d02b60c767bfb83440ab2d406b_b4a106e4893fd452df0001eaeecf9d7efc0.jpg?1790005728,Crystal,45,3,FSH
Teysa Montgomery,6201712,225,0,Cactuar,Aether,595,0,eb51f53fb1f2b23ee171b4e92895e9b4_96ab1df8877c1f8ba6a89a39cccfd437fc0.jpg?1790004740,Crystal,296,0,UNK
Freelili Baylili,41088797,226,0,Famfrit,Primal,591,0,2fd0edea93f7f1b96bfa59c24d04a2af_fce4949e615393e574f2d57134b31fc1fc0.jpg?1790004953,Crystal,68,0,UNK
Cassian Syndriel,52998476,227,0,Ultros,Primal,507,0,db812378f708097c17610e9e6817f749_c514cdcdb619439df97d906d4434ccc6fc0.jpg?1790007546,Crystal,82,0,SAM
Larxis Themage,9284703,228,0,Mateus,Crystal,506,0,f1440421e273892659981868cbc99f9b_f0c52cc66e124fc2e641d7c21ab2ce79fc0.jpg?1790008016,Crystal,292,0,MCH
Naeng Myeon,35393894,229,0,Jenova,Aether,506,0,e834ee8ccde5fd99424275ed75278f5b_ce736afe35e2ded4e46c4fd0659aef7efc0.jpg?1790008223,Crystal,172,0,SAM
Cecils Lunas,39054438,230,0,Brynhildr,Crystal,506,0,4f553dbd79cfae0460c3d43b82171d15_d0a0f515a62457570c9b44997063e3c1fc0.jpg?1790007653,Crystal,59,0,SGE
Airi Aogane,46241895,231,0,Sargatanas,Aether,503,0,11367baad718b56f9682513d9430146d_ba22853447012a24cee115315d6a5bebfc0.jpg?1790006393,Crystal,117,0,UNK
V'linh Tia,35736983,232,0,Hyperion,Primal,501,0,760e31f96b4d3b3534fcdc43c9564fab_57ae9ee5592123dd79c8912bf768cf99fc0.jpg?1790006973,Crystal,176,0,BRD
Yos Sy,23664999,233,0,Jenova,Aether,501,0,01f58e6e2269085746fd0a5b6fe0e7f2_ce736afe35e2ded4e46c4fd0659aef7efc0.jpg?1790007468,Crystal,153,0,GNB
Chronochaos Asura,1230012,234,0,Excalibur,Primal,501,0,16f01a0a9404158e87254af5dbe09328_745baffc465480ed372e274d50318290fc0.jpg?1790006739,Crystal,95,0,VPR
Blonde Redhead,49490935,235,0,Marilith,Dynamis,501,0,0e239c86e9da893fd26a7749174eb81a_bbfb28d5a9059cd0c768daf77ab29982fc0.jpg?1790006941,Crystal,24,0,PLD
Virtus Giruvegan,3183831,235,0,Gilgamesh,Aether,501,0,e8050cdd79efaaf143d74f9ae4cdcfb1_b937560c841465f7c4bc8eb47ea7948afc0.jpg?1790007449,Crystal,24,0,UNK
Oni Akuma,7300790,237,0,Gilgamesh,Aether,500,0,e8e098720e245711114b4614110261b5_b937560c841465f7c4bc8eb47ea7948afc0.jpg?1790008189,Crystal,197,0,NIN
Veri Luominen,55705450,238,0,Lamia,Primal,500,0,950efa363fdbeeb92977c51680813524_4d9be17b5e1edc617052b4dbf4007875fc0.jpg?1790007230,Crystal,47,0,DNC
Senka Kyo,40405843,239,0,Adamantoise,Aether,500,0,57edcac1396cccc62373cfaa1109ab06_1f5fd239b885860b7c2bfc72ad1d97effc0.jpg?1790007145,Crystal,4,0,ALC
Aelara Nightelm,2908362,240,0,Maduin,Dynamis,499,0,f40ea9e3404cbab02b92f9bc1d80cdcd_7ff236346f6151d8a2c08fd0b4a0b806fc0.jpg?1790005987,Crystal,136,0,UNK
M' Twelve,36885704,241,0,Halicarnassus,Dynamis,499,0,0f10ff80520b725264b0aed8ac62d609_f2d324d722b28bbe681b2898bcdca8bffc0.jpg?1790005117,Crystal,75,0,UNK
Honey Toast,57307408,242,0,Exodus,Primal,499,0,f4ce05067fa4042fad64931eb5015841_0cdf051c93865faa15cbc5cd3d2b69fbfc0.jpg?1790006145,Crystal,49,0,UNK
Brian Ricardo,9364090,243,0,Adamantoise,Aether,499,0,c00688b4ac9b567c1a4de9d648fbbff4_1f5fd239b885860b7c2bfc72ad1d97effc0.jpg?1790006543,Crystal,37,0,MCH
Shinra Tatsuya,8648762,244,0,Gilgamesh,Aether,498,0,7dccb5e520b149afd2b044279fa8694e_b937560c841465f7c4bc8eb47ea7948afc0.jpg?1790006690,Crystal,142,0,SAM
Mahou Mahou,47196016,245,0,Rafflesia,Dynamis,497,0,6e978054777e93d657aa58ae97d863a9_2783886613347a4db0bed7524de1298ffc0.jpg?1790006004,Crystal,14,0,VPR
Lulu Meow,48275257,246,0,Seraph,Dynamis,497,0,51be8970a98b1eb6f9a2235e0c2b943b_07fb0511053f398d1f2d6831e6a6b4c8fc0.jpg?1790005522,Crystal,8,0,WHM
Tio Tot,32427648,247,0,Jenova,Aether,493,0,b6b5f99e0b2c9878499873fdbe82cda3_ce736afe35e2ded4e46c4fd0659aef7efc0.jpg?1790004873,Crystal,27,0,UNK
Bigg Succ,14228989,248,0,Coeurl,Crystal,408,0,d833225ff74a6d00fc89b134cc155262_284358f8eb4efc9095914e46798c6ab3fc0.jpg?1790004734,Crystal,7,0,UNK
Bean Waters,34305264,249,0,Famfrit,Primal,406,0,bcdcd97b24d4dfc6b3e643c8670b6f7c_fce4949e615393e574f2d57134b31fc1fc0.jpg?1790006384,Crystal,47,0,RPR
Lowan Gleview,48863675,250,0,Gilgamesh,Aether,406,0,3ed0770e9633fa9630af57f595f1d68d_b937560c841465f7c4bc8eb47ea7948afc0.jpg?1790007822,Crystal,35,0,NIN
Obelisk Silvermoon,18585285,251,0,Zalera,Crystal,403,0,7af7eadecc57bb171735e8cd2c455a5c_8106f857613f8fb994b0be37b26ff4bafc0.jpg?1790008110,Crystal,28,0,UNK
Roland Montpensier,27408688,252,0,Mateus,Crystal,402,0,f999e29fa2ab10f6ba02338f493e886b_f0c52cc66e124fc2e641d7c21ab2ce79fc0.jpg?1790006546,Crystal,27,0,DRK
Lean Bean,27288162,253,0,Leviathan,Primal,402,0,10eb9c645841623c4f9edb8e24e49d0e_a91aae52cff9ef65932db06b150ffd47fc0.jpg?1790005848,Crystal,21,0,SCH
Von Columbine,58381347,254,0,Gilgamesh,Aether,401,0,616328e702b2b2e8d452581d53ec9f88_b937560c841465f7c4bc8eb47ea7948afc0.jpg?1790005159,Crystal,102,0,UNK
Very Shooooooooooort,49384501,255,0,Hyperion,Primal,401,0,084259a7b0d5cdac112faebe64bac849_57ae9ee5592123dd79c8912bf768cf99fc0.jpg?1790005468,Crystal,88,0,UNK
O'naeas Du'faigh,39414113,256,0,Ultros,Primal,401,0,7994a259bec436115a0081b11babf4f8_c514cdcdb619439df97d906d4434ccc6fc0.jpg?1790007235,Crystal,75,0,DRK
Vicious Nouzen,42001229,257,0,Adamantoise,Aether,401,0,94ccc3f4ceffc2356f1ddd47d85ca9f7_1f5fd239b885860b7c2bfc72ad1d97effc0.jpg?1790007271,Crystal,58,0,NIN
Kotsu Inaro,30630355,258,0,Exodus,Primal,401,0,366970acd3e57071fd4ad21f6339b0d7_0cdf051c93865faa15cbc5cd3d2b69fbfc0.jpg?1790005757,Crystal,47,0,UNK
Rail Ying,33252892,259,0,Famfrit,Primal,400,0,e9ae8b691e418ccccf35ebe11804f497_fce4949e615393e574f2d57134b31fc1fc0.jpg?1790006531,Crystal,341,0,RPR
Coffee Dawg,17085073,260,0,Famfrit,Primal,400,0,3f73984ff31eed30a16eba5ac017bdda_fce4949e615393e574f2d57134b31fc1fc0.jpg?1790005853,Crystal,72,0,GNB
Nero K'ten,6155374,261,0,Lamia,Primal,400,0,457604f04300faac0e52a053884e2bb7_4d9be17b5e1edc617052b4dbf4007875fc0.jpg?1790005757,Crystal,54,0,AST
Cj Deux,23394493,262,0,Lamia,Primal,399,0,64702aeefa55d2931c531ddadd7964ea_4d9be17b5e1edc617052b4dbf4007875fc0.jpg?1790008052,Crystal,356,5,SGE
Communal Cheeks,27114083,263,0,Exodus,Primal,399,0,3fc08de400212f238f1a14efeb29b544_0cdf051c93865faa15cbc5cd3d2b69fbfc0.jpg?1790007677,Crystal,125,2,AST
Lenpao Victus,30455513,264,0,Midgardsormr,Aether,399,0,6067c0a6b77debbd9a03665d4d13dd52_5c8ecfbc673e1287a9b5e85423fe1657fc0.jpg?1790007568,Crystal,78,0,UNK
Pvp Wintrader,55633250,265,0,Rafflesia,Dynamis,399,0,a95c4512f0f35cf564aac910d19b00e2_2783886613347a4db0bed7524de1298ffc0.jpg?1790006077,Crystal,41,0,BRD
So What,33785359,266,0,Ultros,Primal,398,0,b0f894a94041f0bd4b241723ce815801_c514cdcdb619439df97d906d4434ccc6fc0.jpg?1790008235,Crystal,66,0,BLM
Kaede Obinata,32151196,267,0,Marilith,Dynamis,398,0,460d631b298c83b035fb70ac5669658d_bbfb28d5a9059cd0c768daf77ab29982fc0.jpg?1790005013,Crystal,46,0,NIN
Ava Falafell,7835301,268,0,Cactuar,Aether,398,0,037dd67f6ab82aadfe3e7b3e4973d525_96ab1df8877c1f8ba6a89a39cccfd437fc0.jpg?1790007805,Crystal,32,0,WHM
Milly Mina,37964161,269,0,Cuchulainn,Dynamis,398,0,f3300c3e28b3c5b4a3767a587341831e_b4a106e4893fd452df0001eaeecf9d7efc0.jpg?1790006049,Crystal,25,0,AST
Cadence Cantus,33044984,270,0,Siren,Aether,398,0,44e7dbfa977275caf68524c22df4eed0_58a84e851e55175d22158ca97af58a1ffc0.jpg?1790006650,Crystal,8,0,BRD
Shoujo Hime,18340055,271,0,Leviathan,Primal,397,0,c341075038058a45ef549f7bac1b9d25_a91aae52cff9ef65932db06b150ffd47fc0.jpg?1790007274,Crystal,211,0,DNC
Aurora Aura,51466191,272,0,Coeurl,Crystal,397,0,6bf65747d41f881881af0d8d8ee83bb9_284358f8eb4efc9095914e46798c6ab3fc0.jpg?1790006311,Crystal,124,0,SMN
Pinky Auto'break,59213242,273,0,Halicarnassus,Dynamis,397,0,9ac8bffaba88f1f4c7fe1238e6a7dcb0_f2d324d722b28bbe681b2898bcdca8bffc0.jpg?1790006181,Crystal,41,0,UNK
Sammy Young,6615078,274,0,Siren,Aether,396,0,45fe6dff76e055741580aebf281d0495_58a84e851e55175d22158ca97af58a1ffc0.jpg?1790006650,Crystal,89,0,SCH
Kale Crow,57973655,275,0,Excalibur,Primal,396,0,39e30189265e5cf770bddc1b87bdb349_745baffc465480ed372e274d50318290fc0.jpg?1790006995,Crystal,66,0,UNK
Goemon Da-cat,33537349,276,0,Behemoth,Primal,395,0,43966a550ccf1c1bef04bbdf44d30910_be20385e18333edb329d4574f364a1f0fc0.jpg?1790006248,Crystal,41,0,BRD
Jon Jitsu,3287137,277,0,Exodus,Primal,395,0,40995ea7a6a7bd4a2bf41fe663bdcd2a_0cdf051c93865faa15cbc5cd3d2b69fbfc0.jpg?1790007049,Crystal,30,0,RDM
Thamiel Blade,11845109,278,0,Malboro,Crystal,393,0,80ba6f7aa26a72c98ebf41b210be27be_2e97c13fdd593d15d543093f8a37b6f0fc0.jpg?1790006470,Crystal,84,0,PLD
Gidson Brand,28304013,279,0,Goblin,Crystal,390,0,876c2dd63c77339205c6fe96b4bd3d82_8e81e2940511f7152ba4462fe53e35b8fc0.jpg?1790006722,Crystal,53,0,UNK
Kala Bean,47191581,280,0,Sargatanas,Aether,390,0,652d26fa63ddcd1da1592c0daad3e3e7_ba22853447012a24cee115315d6a5bebfc0.jpg?1790004744,Crystal,35,0,WVR
Kiro Storm,2229937,281,0,Faerie,Aether,311,0,80b8683df1ad9172d59a3f29dba5f221_0e336ff6ad415f47233f0aaf127feac0fc0.jpg?1790007626,Crystal,42,0,PCT
Shana Ni,36321546,282,0,Adamantoise,Aether,310,0,f05c605e44129957276c3ebb9c62ebed_1f5fd239b885860b7c2bfc72ad1d97effc0.jpg?1790007254,Crystal,107,0,AST
Clyde Valentine,47896182,283,0,Faerie,Aether,307,0,7643a89a2b062b2c4613ed6226d9ca00_0e336ff6ad415f47233f0aaf127feac0fc0.jpg?1790007809,Crystal,81,6,UNK
Meridia Grimmlock,2197600,284,0,Diabolos,Crystal,306,0,f48032d38e2fc8781b9bbdff444a3cac_7b33d33ae3ecb996f778a5f67a6a0af6fc0.jpg?1790006310,Crystal,51,0,MCH
Eroison Chren,42575447,285,0,Ultros,Primal,302,0,d66c862181da18eea3335d6667510dc6_c514cdcdb619439df97d906d4434ccc6fc0.jpg?1790008104,Crystal,56,0,DRK
Malorec Achlur,23572490,286,0,Balmung,Crystal,302,0,2a92fda1b2bcfc00ac608ee4842abefc_7a573cbc0cda3a3dfc1795cb3d9f7b23fc0.jpg?1790008069,Crystal,20,0,UNK
Tarex Youva,34244171,287,0,Behemoth,Primal,301,0,f62a1a6593a19abc7f2ade2191e57159_be20385e18333edb329d4574f364a1f0fc0.jpg?1790006616,Crystal,75,0,GNB
Rei Isley,13459122,288,0,Diabolos,Crystal,301,0,88c32525ec552513d3e9559ec647512c_7b33d33ae3ecb996f778a5f67a6a0af6fc0.jpg?1790006038,Crystal,54,0,UNK
Denmo Mcstronghuge,1150717,289,0,Excalibur,Primal,301,0,bb33b9be77e28ab26ee6367ad6ba7cac_745baffc465480ed372e274d50318290fc0.jpg?1790004737,Crystal,20,0,DRG
Erdrick Than'talas,35169837,290,0,Behemoth,Primal,300,0,bcdde4e2fbfba10f901006ffbc7723cc_be20385e18333edb329d4574f364a1f0fc0.jpg?1790007271,Crystal,372,7,PLD
Ciel Sorrel,22647977,291,0,Zalera,Crystal,300,0,4feb2b2835b10561864f50a075fa571c_8106f857613f8fb994b0be37b26ff4bafc0.jpg?1790005602,Crystal,95,0,UNK
Eternal Slumber,25903660,292,0,Hyperion,Primal,300,0,e04969696b7e202db5371bd7c0b62231_57ae9ee5592123dd79c8912bf768cf99fc0.jpg?1790008228,Crystal,76,4,NIN
Chocolate Sundae,11896647,293,0,Leviathan,Primal,300,0,e75ff0153c7586a9f758c64c6f71a8a2_a91aae52cff9ef65932db06b150ffd47fc0.jpg?1790005313,Crystal,58,0,UNK
Ezekiell Zepol,1180389,294,0,Excalibur,Primal,300,0,4ad42e78dbedc29967c7a80c89723218_745baffc465480ed372e274d50318290fc0.jpg?1790006053,Crystal,34,0,RDM
Sumia Flor,33531136,295,0,Siren,Aether,300,0,48d2b4acca8a2f9b8af413bf808c0b05_58a84e851e55175d22158ca97af58a1ffc0.jpg?1790007518,Crystal,21,0,UNK
Onion Little,37583983,296,0,Zalera,Crystal,300,0,59533d6fd2d0a8b58595bf860ae3f36a_8106f857613f8fb994b0be37b26ff4bafc0.jpg?1790005129,Crystal,13,0,PLD
W'kepaga M'ankhad,51943168,297,0,Midgardsormr,Aether,299,0,2731864a3bfbb890bb0d554a4dbb55cc_5c8ecfbc673e1287a9b5e85423fe1657fc0.jpg?1790005181,Crystal,266,0,SMN
Blair Dorne,29869596,298,0,Ultros,Primal,299,0,9e146102ba59effa56603b6cece7193d_c514cdcdb619439df97d906d4434ccc6fc0.jpg?1790005129,Crystal,169,0,MCH
Lux Mas,23065843,299,0,Sargatanas,Aether,299,0,88a2ca0abf69b95b8d6893d740e04615_ba22853447012a24cee115315d6a5bebfc0.jpg?1790008216,Crystal,146,0,RDM
Nava Savitra,11866965,300,0,Behemoth,Primal,299,0,192dd5e055cc8be6175a56a286c32203_be20385e18333edb329d4574f364a1f0fc0.jpg?1790006045,Crystal,134,0,BLM
Ash Kitamura,26629771,1,0,Ravana,Materia,0,0,33c0c99f7649a707ea0e8e4da0340efb_2f53b2675d3eea360f0b48d74d30af15fc0.jpg?1790007270,Diamond,81,0,AST
Enrei Mihata,49665542,2,0,Ravana,Materia,0,0,9df67e19d234830f2d797bb6efbad836_2f53b2675d3eea360f0b48d74d30af15fc0.jpg?1790005167,Diamond,37,0,DRG
Fatahh Wizardcat,60429758,3,0,Zurvan,Materia,0,0,0a04508a6feea55f3b4227e7d574212a_1fa3a1b3845481a1b67b46854a3cc49afc0.jpg?1790006225,Platinum,52,0,BLM
Queue Up,44283543,4,0,Ravana,Materia,0,0,341e0565d728c5334b58960edfc1c897_2f53b2675d3eea360f0b48d74d30af15fc0.jpg?1790007318,Platinum,42,0,PLD
Shiki Hime,41619079,5,0,Sophia,Materia,0,0,e0f33871fdd9bcb0012cace0f140b504_ba15a18cd3a8fb567e39053022515eb6fc0.jpg?1790004746,Platinum,39,0,MNK
Sora Teppelin,7487042,6,0,Sophia,Materia,0,0,3d849e783499c238b2f4d439e3a8c2a7_ba15a18cd3a8fb567e39053022515eb6fc0.jpg?1790006144,Platinum,35,0,VPR
Shiny Jirachi,51220221,7,0,Sophia,Materia,0,0,f1b04aa626472a08642b4f93d911f87c_ba15a18cd3a8fb567e39053022515eb6fc0.jpg?1790008231,Platinum,11,0,RDM
Raiosu Eucliffe,45249258,8,0,Ravana,Materia,0,0,a21442f92d53ab89cab416d41fe9132d_2f53b2675d3eea360f0b48d74d30af15fc0.jpg?1790007466,Platinum,53,0,BRD
Nyanyanyanya Nyanyan,48648775,9,0,Ravana,Materia,0,0,ec08e9f45b8d4335b412f3e39f4458e2_2f53b2675d3eea360f0b48d74d30af15fc0.jpg?1790005236,Platinum,29,0,WHM
Ku Ku,58267971,10,0,Sophia,Materia,0,0,77db43d75ac5ffe3d585318a47534ab9_ba15a18cd3a8fb567e39053022515eb6fc0.jpg?1790006997,Platinum,52,0,BRD
Master Zoknik,61010055,11,0,Zurvan,Materia,0,0,bfa135b89b0fb27fe708b3a427bd667f_1fa3a1b3845481a1b67b46854a3cc49afc0.jpg?1790005970,Platinum,88,0,SMN
Jiraiya Sannin,47974804,12,0,Ravana,Materia,0,0,6a5cc312529bc78b7d0bbbf5f41983af_2f53b2675d3eea360f0b48d74d30af15fc0.jpg?1790007358,Platinum,45,0,WAR
Esperance Lightbound,16103781,13,0,Ravana,Materia,0,0,0d3ff648d49892a8fc3bd67490985032_2f53b2675d3eea360f0b48d74d30af15fc0.jpg?1790005933,Platinum,40,0,BRD
Syth Isi,14766898,14,0,Sephirot,Materia,0,0,4eef23c58ccbdfd054240b7a6afee3df_30a5f9eadea6e0cb684a5265362d0d59fc0.jpg?1790006928,Platinum,31,0,SGE
Lil Wu,39781651,15,0,Ravana,Materia,0,0,883868199332c12050d61887025475bc_2f53b2675d3eea360f0b48d74d30af15fc0.jpg?1790006842,Platinum,38,0,PLD
Monkey Rat,28956529,16,0,Zurvan,Materia,0,0,bd13db4ebaa363278dd269b5941ae816_1fa3a1b3845481a1b67b46854a3cc49afc0.jpg?1790006339,Platinum,75,0,SGE
Unshao Theruun,36386941,17,0,Sephirot,Materia,0,0,ec8f93abdc73eddcd17e0450db1cb572_30a5f9eadea6e0cb684a5265362d0d59fc0.jpg?1790005210,Platinum,28,0,WAR
Aleksei Veldoch,39931654,18,0,Ravana,Materia,0,0,ef0923b785702de5a588b383a0d1bcea_2f53b2675d3eea360f0b48d74d30af15fc0.jpg?1790007608,Platinum,47,0,SAM
Noelle Frost,59496366,19,0,Zurvan,Materia,0,0,5e03b95700bb3e6556a80cb9336a41d2_1fa3a1b3845481a1b67b46854a3cc49afc0.jpg?1790006419,Platinum,40,0,WHM
Boz Ulceros,32280980,20,0,Ravana,Materia,0,0,269b081d650bf5598fd5a3f9419b8b43_2f53b2675d3eea360f0b48d74d30af15fc0.jpg?1790008233,Platinum,72,0,NIN
Funeral Pyre,29286073,21,0,Zurvan,Materia,0,0,48d5de4023484583f2225a2026548284_1fa3a1b3845481a1b67b46854a3cc49afc0.jpg?1790006614,Platinum,61,0,SMN
Stu Vermillion,45923134,22,0,Sephirot,Materia,0,0,542be51b9ba1f8c4c217e94d2b96e3aa_30a5f9eadea6e0cb684a5265362d0d59fc0.jpg?1790004688,Platinum,58,0,DRG
Mars Bars,41756039,23,0,Sophia,Materia,0,0,87af5886ec3b52e7e582ccc7755f6a9b_ba15a18cd3a8fb567e39053022515eb6fc0.jpg?1790007256,Platinum,49,0,DRG
Chs Crane,37655547,24,0,Sophia,Materia,0,0,7cd2d4b420716bf684bdd41ef37d9319_ba15a18cd3a8fb567e39053022515eb6fc0.jpg?1790005139,Platinum,30,0,BLM
Simetras Sol,38726083,25,0,Ravana,Materia,0,0,fc54c458f2e80d3680f50e6026011ab7_2f53b2675d3eea360f0b48d74d30af15fc0.jpg?1790005297,Gold,131,0,PLD
Wierd Dude,58113414,26,0,Sephirot,Materia,0,0,c887fa7d587b2205b349abb82627a0d1_30a5f9eadea6e0cb684a5265362d0d59fc0.jpg?1790006458,Gold,84,0,WHM
Lillian Melikai,42502039,27,0,Ravana,Materia,0,0,6c5f22e96162240c2bb96702fcbe123b_2f53b2675d3eea360f0b48d74d30af15fc0.jpg?1790007480,Gold,47,0,RDM
Coffee Lover,50333621,28,0,Sophia,Materia,0,0,3c4552eb56bfb14f36d9b512873eac0d_ba15a18cd3a8fb567e39053022515eb6fc0.jpg?1790007167,Gold,42,0,UNK
Izaray Wintergray,40906176,28,0,Sophia,Materia,0,0,be2f5b4e324fa72cd4ef19d0c29f10da_ba15a18cd3a8fb567e39053022515eb6fc0.jpg?1790005252,Gold,42,0,AST
Twitch Pvpash,58310287,30,0,Sephirot,Materia,0,0,825390c1ecfa92c4ed45d4ff7a91e39e_30a5f9eadea6e0cb684a5265362d0d59fc0.jpg?1790006523,Gold,35,0,SAM
Disco Knees,36101852,31,0,Sophia,Materia,0,0,48d0a8dae7efe9ad10780f28920a969b_ba15a18cd3a8fb567e39053022515eb6fc0.jpg?1790005951,Gold,33,0,DRG
Nirki Yukumo,41663432,32,0,Zurvan,Materia,0,0,c950234c9a872ae2ab8476f696fcb74f_1fa3a1b3845481a1b67b46854a3cc49afc0.jpg?1790005643,Gold,28,0,NIN
Seth Nier,10650761,33,0,Sophia,Materia,0,0,64bba40966450747199bec23184e47a3_ba15a18cd3a8fb567e39053022515eb6fc0.jpg?1790006210,Gold,26,0,WAR
Sleepy Head,54923482,34,0,Ravana,Materia,0,0,31221d074cff9a4777b8f0f6dc349444_2f53b2675d3eea360f0b48d74d30af15fc0.jpg?1790007710,Gold,20,0,BLM
Jena Kuwahara,28003546,35,0,Ravana,Materia,0,0,5bacb190ffd91b392df04923b13fa29a_2f53b2675d3eea360f0b48d74d30af15fc0.jpg?1790006247,Gold,149,0,MNK
Fokus Galantryus,40738924,36,0,Sophia,Materia,0,0,93e1d720637fb04b8b4f9b7a346a6a4e_ba15a18cd3a8fb567e39053022515eb6fc0.jpg?1790008015,Gold,31,0,SMN
Han Liu,44640291,37,0,Ravana,Materia,0,0,55233b520f90487f51f380e2add5fc3d_2f53b2675d3eea360f0b48d74d30af15fc0.jpg?1790004802,Gold,119,0,SGE
Vielle Drillemont,52770027,38,0,Ravana,Materia,0,0,6c212c0698d00b38fb5cb7d51dcf91bf_2f53b2675d3eea360f0b48d74d30af15fc0.jpg?1790006765,Gold,80,0,DNC
Scarlette Harlette,51206657,39,0,Sephirot,Materia,0,0,2f63ccbdc329fa14480887bf4c0dfa0e_30a5f9eadea6e0cb684a5265362d0d59fc0.jpg?1790006348,Gold,71,0,UNK
Stupid Puzzle,57160120,40,0,Ravana,Materia,0,0,7af9b543418115db5c1299f1abb4e123_2f53b2675d3eea360f0b48d74d30af15fc0.jpg?1790007329,Gold,45,0,DRG
Juru'a Mihrulh,48704606,41,0,Zurvan,Materia,0,0,80aa9b34947750aa356810124a11ba19_1fa3a1b3845481a1b67b46854a3cc49afc0.jpg?1790005720,Gold,77,0,WHM
Aislinn Rose,47395507,42,0,Ravana,Materia,0,0,920c56af8cba5363c65e0c83dbbcac71_2f53b2675d3eea360f0b48d74d30af15fc0.jpg?1790007866,Gold,68,0,BRD
Brian Ricardo,41560139,43,0,Sophia,Materia,0,0,678ed14a243387459872b7217f75e382_ba15a18cd3a8fb567e39053022515eb6fc0.jpg?1790007262,Gold,26,0,SGE
Noah Marlowe,16149159,44,0,Ravana,Materia,0,0,ec4ee34b34397ee883bd89175e1f15df_2f53b2675d3eea360f0b48d74d30af15fc0.jpg?1790006531,Gold,15,0,RDM
J'mo H',10666399,45,0,Sephirot,Materia,0,0,53873e717cbf7baeb168205935077671_30a5f9eadea6e0cb684a5265362d0d59fc0.jpg?1790007845,Gold,28,0,SMN
Berogi Avarous,37261319,46,0,Sophia,Materia,0,0,5fbe574c31dc7541b2bb18753fed8278_ba15a18cd3a8fb567e39053022515eb6fc0.jpg?1790006177,Gold,25,0,SGE
Rika Chan,47643751,47,0,Sophia,Materia,0,0,5a30dadaa36de4a3a212770057bb19d2_ba15a18cd3a8fb567e39053022515eb6fc0.jpg?1790005494,Gold,17,0,MNK
Lion Lord,60332724,48,0,Ravana,Materia,0,0,72fbb269e357d68127cd61715f152bc8_2f53b2675d3eea360f0b48d74d30af15fc0.jpg?1790007406,Gold,57,0,BRD
Lupercal Aurelian,37936946,49,0,Ravana,Materia,0,0,93674d47ae679f2b2191e0d82e33123f_2f53b2675d3eea360f0b48d74d30af15fc0.jpg?1790005317,Gold,30,0,SAM
Arvus Lake,60370728,50,0,Bismarck,Materia,0,0,3491a10775fcbbb5a0c1329925f30f4f_36f0570990ac5402b2ef514d36b0435cfc0.jpg?1790004819,Gold,17,0,MNK
Neo Zee,58982637,51,0,Ravana,Materia,0,0,c042f71fe47095dad35d5764027056d1_2f53b2675d3eea360f0b48d74d30af15fc0.jpg?1790005054,Gold,38,0,BRD
Zervish Vanht,21659747,52,0,Ravana,Materia,0,0,ff2403388bd597c0b3fb62c30e9bff67_2f53b2675d3eea360f0b48d74d30af15fc0.jpg?1790005608,Gold,23,0,UNK
Byakko Moon,10831175,53,0,Sephirot,Materia,0,0,7d8049ebe32efa74e5107944b1e43d15_30a5f9eadea6e0cb684a5265362d0d59fc0.jpg?1790006091,Gold,4,0,DRG
Anwir De-viece,58698037,54,0,Ravana,Materia,0,0,2a85cf689dc656e43470cb547586f207_2f53b2675d3eea360f0b48d74d30af15fc0.jpg?1790008263,Gold,44,0,WHM
X'lloon Nitsah,40170182,55,0,Ravana,Materia,0,0,69f494d732cbf667fa486e1042bd3619_2f53b2675d3eea360f0b48d74d30af15fc0.jpg?1790005359,Gold,33,0,BLM
Sukoshi Ninjin,57860048,56,0,Sophia,Materia,0,0,b41a0bd7b5958d56cec5f84314a28f3a_ba15a18cd3a8fb567e39053022515eb6fc0.jpg?1790007172,Gold,32,0,UNK
Aurum Blaiddyd,10794239,57,0,Sophia,Materia,0,0,8b76648a8cb1cbbd4f1c870189433f3a_ba15a18cd3a8fb567e39053022515eb6fc0.jpg?1790007461,Gold,13,0,RDM
Clars Lester,951178,58,0,Sephirot,Materia,0,0,46727c8d445323c9e5b8140d37027050_30a5f9eadea6e0cb684a5265362d0d59fc0.jpg?1790006837,Silver,64,0,UNK
Sebastian Michaelis,42038341,59,0,Sephirot,Materia,0,0,17f4346a95c45541b337263d60106b3f_30a5f9eadea6e0cb684a5265362d0d59fc0.jpg?1790006809,Silver,59,0,AST
Sana Miyata,34196273,60,0,Ravana,Materia,0,0,4a94c0f8b59e635e8748a32f11cc42f8_2f53b2675d3eea360f0b48d74d30af15fc0.jpg?1790006739,Silver,31,0,SCH
Birdy Lou,40000398,61,0,Sophia,Materia,0,0,a8894121a60bc81621d47edf1ee0577b_ba15a18cd3a8fb567e39053022515eb6fc0.jpg?1790007995,Silver,29,0,SMN
Rorqual Kasa,57902813,62,0,Sophia,Materia,0,0,7feae505b9896a3e51486698db2446ea_ba15a18cd3a8fb567e39053022515eb6fc0.jpg?1790007221,Silver,36,0,BLM
Cwenhild Reid,41763782,63,0,Sophia,Materia,0,0,c9d176025665cc1528a984e82a81fd64_ba15a18cd3a8fb567e39053022515eb6fc0.jpg?1790007522,Silver,24,0,DRK
Qu Poh,56997475,64,0,Ravana,Materia,0,0,f2fd5a4d7f0de6829d04c017f63724e3_2f53b2675d3eea360f0b48d74d30af15fc0.jpg?1790007448,Silver,16,0,UNK
Pollux Renault,45246168,65,0,Ravana,Materia,0,0,af456258cb5d3ca7c42bb950f92247de_2f53b2675d3eea360f0b48d74d30af15fc0.jpg?1790007105,Silver,13,0,MNK
Ranko Riselle,47223883,66,0,Sophia,Materia,0,0,301cb977b468ead36aa13c049b17f861_ba15a18cd3a8fb567e39053022515eb6fc0.jpg?1790007608,Silver,11,0,UNK
Your Conscience,16441762,67,0,Sophia,Materia,0,0,2b2174722b7610bb306987526ac6cb6d_ba15a18cd3a8fb567e39053022515eb6fc0.jpg?1790007166,Silver,38,0,WHM
Anzac Fenrir,10988408,68,0,Ravana,Materia,0,0,6c7b02f93e5250249333e13f236fc545_2f53b2675d3eea360f0b48d74d30af15fc0.jpg?1790006092,Silver,31,0,VPR
Kensuke Sugimori,59626210,68,0,Zurvan,Materia,0,0,b8c23a3c5466f6621fe9629c20c0b897_1fa3a1b3845481a1b67b46854a3cc49afc0.jpg?1790007110,Silver,31,0,UNK
Eustace Madao,44593837,70,0,Ravana,Materia,0,0,687914339d33024fe783e72eb5a1929f_2f53b2675d3eea360f0b48d74d30af15fc0.jpg?1790004692,Silver,22,0,PLD
Tasty Yoo,15561721,71,0,Sophia,Materia,0,0,235b517496d3b18ad6050b7e4f89124e_ba15a18cd3a8fb567e39053022515eb6fc0.jpg?1790005793,Silver,19,0,PLD
Elto Malto,55670275,72,0,Zurvan,Materia,0,0,6625d7f60a549d4e764bdbbb6315b573_1fa3a1b3845481a1b67b46854a3cc49afc0.jpg?1790008069,Silver,17,0,UNK
Peaceful Serenity,44576253,73,0,Sephirot,Materia,0,0,ae7fb16a93fad97a522145bf683d894f_30a5f9eadea6e0cb684a5265362d0d59fc0.jpg?1790007964,Silver,0,0,RDM
Persona Non-grata,59997612,74,0,Ravana,Materia,0,0,817d96e78e710beff47ca2d76caa6b30_2f53b2675d3eea360f0b48d74d30af15fc0.jpg?1790006070,Silver,42,0,PLD
Cucu Cucumber,43336963,75,0,Sophia,Materia,0,0,d0bedba76c1744686e4fafd9d31eeb08_ba15a18cd3a8fb567e39053022515eb6fc0.jpg?1790006461,Silver,40,0,BLM
Frierens Feet,18696306,76,0,Bismarck,Materia,0,0,55c56c5779dac3caf6a9e915a44a972d_36f0570990ac5402b2ef514d36b0435cfc0.jpg?1790007101,Silver,29,0,SMN
C'ranmaia Lizha,60465549,77,0,Bismarck,Materia,0,0,f41736abfa17637ee6e1f020f2787726_36f0570990ac5402b2ef514d36b0435cfc0.jpg?1790007252,Silver,18,0,UNK
Shiny Garchomp,44081260,78,0,Ravana,Materia,0,0,a9aeaf4658d90c68d46e7086d323e456_2f53b2675d3eea360f0b48d74d30af15fc0.jpg?1790005574,Silver,17,0,MCH
Sen Zeka,62124659,79,0,Sophia,Materia,0,0,1823c4c042b6dba95a5ad3e3a8d5658b_ba15a18cd3a8fb567e39053022515eb6fc0.jpg?1790005976,Silver,15,0,ROG
Ban Kai,47225010,80,0,Sephirot,Materia,0,0,78a29399957ac8f8c2ed7341e41f580c_30a5f9eadea6e0cb684a5265362d0d59fc0.jpg?1790006106,Silver,14,0,DRK
Meteor O'shepherd,45930708,81,0,Zurvan,Materia,0,0,d7760185abedc0450a1b24e845299a23_1fa3a1b3845481a1b67b46854a3cc49afc0.jpg?1790007320,Silver,12,0,MCH
Minty Dew,11254788,81,0,Sephirot,Materia,0,0,afdf4d4e1f96c8e17ed8dbbb09ea4e01_30a5f9eadea6e0cb684a5265362d0d59fc0.jpg?1790006121,Silver,12,0,DRG
Pompitous Litchous,28520377,83,0,Sephirot,Materia,0,0,ab4abed9c2f0b5369480818f95581f87_30a5f9eadea6e0cb684a5265362d0d59fc0.jpg?1790006463,Silver,10,0,UNK
Magnolia Moonsong,39932795,84,0,Sephirot,Materia,0,0,a9e5b8f87ce0e4e7d236eef2abfe90e0_30a5f9eadea6e0cb684a5265362d0d59fc0.jpg?1790008144,Silver,19,0,SMN
Sil Vanht,3592400,85,0,Ravana,Materia,0,0,7557bb5d8d4d13b13e750b30dbd34093_2f53b2675d3eea360f0b48d74d30af15fc0.jpg?1790007097,Silver,9,0,UNK
Re- G',41760350,86,0,Sophia,Materia,0,0,b5e032ba04147a101b5a91d07703c313_ba15a18cd3a8fb567e39053022515eb6fc0.jpg?1790007824,Silver,0,0,UNK
Tiny Seda,43818296,87,0,Ravana,Materia,0,0,21e2b2de9125d9cf1b99748fa9eef0e2_2f53b2675d3eea360f0b48d74d30af15fc0.jpg?1790005339,Silver,55,0,BLM
Venase Tym,61779775,88,0,Sophia,Materia,0,0,24aac6d5abd68d4dc957bd7c98ba27f2_ba15a18cd3a8fb567e39053022515eb6fc0.jpg?1790004828,Silver,18,0,UNK
Zero Alexander,18446688,89,0,Sophia,Materia,0,0,f2e26342d51255236baa45461f41bf5b_ba15a18cd3a8fb567e39053022515eb6fc0.jpg?1790007646,Silver,14,0,SMN
Temp Arie,41750566,90,0,Zurvan,Materia,0,0,73bdd493fc471827004a90a5745ff400_1fa3a1b3845481a1b67b46854a3cc49afc0.jpg?1790007990,Silver,13,0,WAR
Awayi Soleil,40986096,91,0,Zurvan,Materia,0,0,c84676ef434b75aec3260707fcad3d8a_1fa3a1b3845481a1b67b46854a3cc49afc0.jpg?1790007229,Silver,12,0,UNK
Swhe Swoo,28568079,92,0,Sephirot,Materia,0,0,fbccbe709d21605c6f47dec5052b1238_30a5f9eadea6e0cb684a5265362d0d59fc0.jpg?1790006427,Silver,9,0,GNB
Levinia Lumina,25634480,93,0,Ravana,Materia,0,0,9ba79c01085813db00f74aa9a46fd0c8_2f53b2675d3eea360f0b48d74d30af15fc0.jpg?1790007431,Silver,12,0,MCH
Faye Amoret,28738568,94,0,Sophia,Materia,0,0,db40e5035f6f662b6a8b36ecf79df1fc_ba15a18cd3a8fb567e39053022515eb6fc0.jpg?1790005670,Silver,11,0,BRD
Liachen Thrope,29127861,95,0,Sophia,Materia,0,0,b0722934ed1329725ff744f9ae52c7ba_ba15a18cd3a8fb567e39053022515eb6fc0.jpg?1790007280,Silver,9,0,MCH
Egg White,3210815,96,0,Ravana,Materia,0,0,c387324a5e1c8e594b0e31a55b518e02_2f53b2675d3eea360f0b48d74d30af15fc0.jpg?1790005236,Silver,8,0,NIN
Goober Gooberm,48887220,97,0,Ravana,Materia,0,0,4523e0b4a5f923b67e31f18f801210af_2f53b2675d3eea360f0b48d74d30af15fc0.jpg?1790008035,Silver,18,0,ALC
Zepherii Sui,43963552,98,0,Sophia,Materia,0,0,31b395238c6120dc114964c652dc393b_ba15a18cd3a8fb567e39053022515eb6fc0.jpg?1790008224,Silver,16,0,VPR
Athena' Aria,29939277,99,0,Ravana,Materia,0,0,c678c1cf7f9d7de3e80882588e7606e8_2f53b2675d3eea360f0b48d74d30af15fc0.jpg?1790005901,Silver,6,0,AST
Esuna Me,41693115,100,0,Sophia,Materia,0,0,a228e053489ecc9e042fda80c30c0c67_ba15a18cd3a8fb567e39053022515eb6fc0.jpg?1790006791,Bronze,20,0,SMN
