name,id,cur_rank,prev_rank,world,dc,points,points_delta,portrait,tier,wins,wins_delta,job
Cliffe Zanza,36074329,1,0,Spriggan,Chaos,5088,0,d8d2fa78adb447ec4b6d5d747f5d5f84_feaf0a2e88ff164813fbc9b85876fa48fc0.jpg?1788876894,Ultima,263,4,VPR
Mamiyama Kamimama,37371304,2,0,Spriggan,Chaos,4261,195,3c6fd6569d3dce40308c9a2a1f3c3bfa_feaf0a2e88ff164813fbc9b85876fa48fc0.jpg?1788877989,Ultima,509,11,PCT
Scarlet Rose,26616217,3,9,Spriggan,Chaos,4151,793,96ad88f23a708e8d6e391f669986d57c_feaf0a2e88ff164813fbc9b85876fa48fc0.jpg?1788877720,Ultima,563,9,PLD
Saboree Catboy,36051653,4,3,Spriggan,Chaos,3998,0,b61ec1080d608b5a83f30baef219dc02_feaf0a2e88ff164813fbc9b85876fa48fc0.jpg?1788877387,Ultima,382,0,SAM
Auelin Fae,18291844,5,4,Zodiark,Light,3725,0,2d6204db02c5efce86aca234fd6f1ce1_c274370774c6bc3483cc8740805f41bcfc0.jpg?1788877371,Ultima,164,0,MCH
Deadrise Mutombo,31730694,6,5,Ragnarok,Chaos,3686,0,a382acb94313f23d966dd6d39d909bea_40d57ba713628f3f1ef5ef204b6d76d2fc0.jpg?1788877730,Ultima,269,4,NIN
Crow Kaien,44749262,7,6,Zodiark,Light,3652,0,54e5719ccbdb45c6de28f017b4365207_c274370774c6bc3483cc8740805f41bcfc0.jpg?1788876119,Ultima,71,0,BRD
Tsukuyo Ritlas,37800185,8,7,Odin,Light,3614,0,eca30840fe0bed8e80f620b5f57c49de_644311b63b607133c989d7c1188467dafc0.jpg?1788876502,Ultima,156,6,RPR
Loty Coldwind,36521588,9,8,Twintania,Light,3590,0,3632cf6d20598f5c4c7b748be7e19153_c33f640c0cdd35f7def85b8aa31a0007fc0.jpg?1788875795,Ultima,421,0,WHM
Miyu Moon,58918526,10,0,Moogle,Chaos,3349,0,1abf5ce3756f6fa0d1c5be2cd39491bc_d7a9d5f85a29d6278ec1c7adc2c8d242fc0.jpg?1788875535,Ultima,138,0,SAM
Prisma Tic,38791879,11,16,Cerberus,Chaos,3237,298,5220c35172bb26154c862a6d485e37b8_777c57311d510ca65dac3c1077dee435fc0.jpg?1788877753,Ultima,318,17,UNK
Tia Tomoe,41293767,12,11,Phoenix,Light,3182,78,7dc31b9a880ba3f36a3ef1208e0c5909_5047bc596a4bab2dc7f7c120bb22dec5fc0.jpg?1788875755,Ultima,191,3,MNK
Elohim Meth,60682611,13,12,Raiden,Light,3055,0,0b14f1751b014118eca06236e1fdf2bf_a370664d98f658f4ed4e620f378f73cdfc0.jpg?1788877176,Ultima,200,0,UNK
Shino Yaru,38308969,14,13,Phoenix,Light,3026,0,0662727bb913ed7fe3009f3542ea1e64_5047bc596a4bab2dc7f7c120bb22dec5fc0.jpg?1788876821,Ultima,466,9,UNK
Ange Melrose,50267939,15,14,Omega,Chaos,3007,0,f2fb3057962bf3d28bcce976076f5368_39e25ac3d737c46452305eefe324372cfc0.jpg?1788876743,Ultima,399,0,MNK
Ivaious Zol,38270926,16,15,Odin,Light,2992,0,2e78b44195db83336b1acbe75927a864_644311b63b607133c989d7c1188467dafc0.jpg?1788877133,Omega,202,3,RDM
Totsu Geki,60147602,17,0,Spriggan,Chaos,2826,0,1b45188bdbf3dd4afe9a37a646eaa4b9_feaf0a2e88ff164813fbc9b85876fa48fc0.jpg?1788877462,Omega,510,0,DRK
Miyu Edelfelt,21335430,18,0,Phoenix,Light,2816,0,ba690d74246b4d07f543f0d9516feec2_5047bc596a4bab2dc7f7c120bb22dec5fc0.jpg?1788877065,Omega,287,0,SGE
Ase Dora,42603487,19,0,Alpha,Light,2806,0,78626e6cf6f07875d5ac9527a5bd0c4d_6132295fcf5570fb8b0a944ef322a598fc0.jpg?1788877945,Omega,605,2,RDM
Moki Moki,14235486,20,0,Odin,Light,2789,0,82d3ef8d03fa7a6ddf4429f15fd296a2_644311b63b607133c989d7c1188467dafc0.jpg?1788877285,Omega,82,4,DRG
Ten Gil,17217146,21,24,Louisoix,Chaos,2750,87,884fcae1e61228d09798c630a2c827fb_0a122616f3718d3f45cab10fd8fc1604fc0.jpg?1788877610,Omega,172,15,SMN
Xen Thique,40172078,22,36,Odin,Light,2747,569,8930228f4df0c18feea28ebbb1c451f2_644311b63b607133c989d7c1188467dafc0.jpg?1788876059,Omega,158,10,WHM
Aura Sphere,30657353,23,21,Zodiark,Light,2741,0,6cc4a373eafbcbf88a340a52d95f133e_c274370774c6bc3483cc8740805f41bcfc0.jpg?1788877735,Omega,171,0,SMN
Akari Tsuki,31005286,24,22,Louisoix,Chaos,2700,0,28e1cfaecfbf911dc3621f5de74642aa_0a122616f3718d3f45cab10fd8fc1604fc0.jpg?1788875293,Omega,91,3,MNK
Maarato Cookie,20349526,25,23,Twintania,Light,2667,0,dbab16598b86bb31b2eb96070f723572_c33f640c0cdd35f7def85b8aa31a0007fc0.jpg?1788876117,Omega,242,0,DRG
Tarutella Goldfish,4235488,26,25,Phoenix,Light,2651,0,f269741c27ca22c02db955557e7283fa_5047bc596a4bab2dc7f7c120bb22dec5fc0.jpg?1788877283,Omega,248,0,SGE
Yasuki San,61688064,27,28,Phantom,Chaos,2534,57,37dbf9b8936faaf9c75f598c38dcac11_f0a43d6e5eea19af337a176e9836acddfc0.jpg?1788878034,Omega,499,4,UNK
Tei Tei,36611700,28,26,Odin,Light,2524,0,21c224545e3d3af775a3d377c8e444bf_644311b63b607133c989d7c1188467dafc0.jpg?1788877679,Omega,241,0,GNB
Sice Seven,15008161,29,27,Moogle,Chaos,2494,0,23657ac0d29f4bc5667ef1e00cf528f8_d7a9d5f85a29d6278ec1c7adc2c8d242fc0.jpg?1788876509,Omega,117,0,BRD
Lex'ander Wayfarer,18009481,30,29,Odin,Light,2295,0,0adfa03fe11940a91e3b6a2ed08ddb88_644311b63b607133c989d7c1188467dafc0.jpg?1788876836,Omega,105,0,SAM
Resilla Frostflow,14658770,31,30,Cerberus,Chaos,2294,0,00a4e6250beb98b5644c87cffe8b7f4f_777c57311d510ca65dac3c1077dee435fc0.jpg?1788875539,Omega,185,0,NIN
Yamizura Kumozuma,19652230,32,31,Twintania,Light,2271,0,24bbc9cebf09eb83efcbc272c3085fd1_c33f640c0cdd35f7def85b8aa31a0007fc0.jpg?1788874974,Omega,38,4,SCH
Cat Wife,21099767,33,32,Zodiark,Light,2257,0,76d1664265ae631c957cfab6c72cfba9_c274370774c6bc3483cc8740805f41bcfc0.jpg?1788877786,Omega,47,0,NIN
Dalik Mathis,9537863,34,33,Ragnarok,Chaos,2246,8,fd4dde44208527cc20e58ba589d51f01_40d57ba713628f3f1ef5ef204b6d76d2fc0.jpg?1788875669,Omega,239,11,GNB
Ame Ame,20722816,35,34,Ragnarok,Chaos,2189,0,84eea0fa24e8d91df6e02312644e4c94_40d57ba713628f3f1ef5ef204b6d76d2fc0.jpg?1788876656,Omega,84,0,UNK
Lhei Tayun,25191408,36,35,Zodiark,Light,2179,0,6ee93960f16da0ea5150fe1b7590dfa4_c274370774c6bc3483cc8740805f41bcfc0.jpg?1788876447,Omega,275,4,BLM
Shia Sun,1754600,37,0,Odin,Light,2094,0,7550981ba488e5ebe919aa3cb39efbfa_644311b63b607133c989d7c1188467dafc0.jpg?1788878080,Omega,247,4,AST
Myst Freyja,33906213,38,0,Omega,Chaos,2086,0,240b879fd403fc16c04022b6075077ae_39e25ac3d737c46452305eefe324372cfc0.jpg?1788877372,Omega,84,0,RPR
Endorel Soro,12949151,39,0,Alpha,Light,2077,0,038b9a835f84a3b80a8a467605d3dd8c_6132295fcf5570fb8b0a944ef322a598fc0.jpg?1788875770,Omega,73,0,UNK
Sunie Mochi,12728791,40,0,Twintania,Light,2073,0,4760f9b45bd6f71f83adbd97ab87eae3_c33f640c0cdd35f7def85b8aa31a0007fc0.jpg?1788874906,Omega,241,0,DNC
Shadow Aya,54551815,41,0,Zodiark,Light,1991,0,5ca13f39db9eefc50e8e57be73e7254e_c274370774c6bc3483cc8740805f41bcfc0.jpg?1788877939,Omega,183,0,SAM
Leedo Dale,25033597,42,0,Zodiark,Light,1983,0,9e122691e98bda2ea6abe86ed7b81a63_c274370774c6bc3483cc8740805f41bcfc0.jpg?1788876444,Omega,524,7,SGE
Meryll Enetari,24681550,43,0,Cerberus,Chaos,1978,0,f4fe16c70d7023e2101e19421c5abf1e_777c57311d510ca65dac3c1077dee435fc0.jpg?1788875931,Omega,433,9,UNK
Yi Ma,60448295,44,0,Phoenix,Light,1949,0,bb3af62117cae7488d9b02007f341c7b_5047bc596a4bab2dc7f7c120bb22dec5fc0.jpg?1788876422,Omega,166,6,MNK
Delzor Waka,40194085,45,0,Odin,Light,1948,0,bde30c4caff355f65cf9761727b12725_644311b63b607133c989d7c1188467dafc0.jpg?1788877152,Omega,227,0,MCH
Purr It,40913226,46,0,Zodiark,Light,1947,0,9adf9c1689ff6761673da6e25b839b7b_c274370774c6bc3483cc8740805f41bcfc0.jpg?1788877434,Omega,315,10,RPR
Arale Il,15406803,47,0,Ragnarok,Chaos,1919,0,e5c2a19e43a1edb9b276827163b36a1b_40d57ba713628f3f1ef5ef204b6d76d2fc0.jpg?1788876230,Omega,142,0,SCH
Misora Kaiatsa,25126040,48,0,Moogle,Chaos,1917,0,80fa199452585ab77d14128509576300_d7a9d5f85a29d6278ec1c7adc2c8d242fc0.jpg?1788876031,Omega,187,0,RPR
Kimbi Aoe,24693270,49,0,Shiva,Light,1898,0,67e0ddfb70faf5725a971d086cfdce61_3fbff0e6b620e4d259dc427abc6574dafc0.jpg?1788877306,Omega,108,8,MCH
Marci Sidekick,41408431,50,0,Zodiark,Light,1887,0,a9c3b41a05dec1fd191fe80f38009aa5_c274370774c6bc3483cc8740805f41bcfc0.jpg?1788875296,Omega,64,0,DRG
Magna Shanoa,22946172,51,0,Omega,Chaos,1798,0,fa3b3fe187b1dcbf8c4a5af5b2c5d507_39e25ac3d737c46452305eefe324372cfc0.jpg?1788877728,Omega,88,0,GNB
Two Koma,51508003,52,0,Zodiark,Light,1797,0,15a666f8d7bb67401300fae763ce4d32_c274370774c6bc3483cc8740805f41bcfc0.jpg?1788875798,Omega,171,6,WAR
Jun Moxiao,40533777,53,0,Odin,Light,1737,0,9f41b7adf0a59849ae35b17cdace2b32_644311b63b607133c989d7c1188467dafc0.jpg?1788877231,Omega,217,17,DRG
Alex Rider,18844824,54,0,Raiden,Light,1728,0,88e1d370b1f9d1b22933e6476449b463_a370664d98f658f4ed4e620f378f73cdfc0.jpg?1788877476,Omega,103,0,SMN
Terro Beoulevard,51148631,55,0,Sagittarius,Chaos,1726,0,758b534f47542287e0b99c648590b2ac_44ca0844398b2d010d8cd4a31ddb023dfc0.jpg?1788877038,Omega,95,0,RPR
Maggot Maggot,61703768,56,0,Omega,Chaos,1709,0,3657d57f4a20a5d901d7f4537f1b7307_39e25ac3d737c46452305eefe324372cfc0.jpg?1788876809,Omega,235,0,WAR
Yhren Vhal,56948558,57,0,Odin,Light,1693,0,3f62ad2093c1016540ef936a5563823b_644311b63b607133c989d7c1188467dafc0.jpg?1788877484,Omega,248,0,UNK
Mahou Mahou,5924021,58,0,Odin,Light,1690,0,4c6afcfde744ebab926aa3423b6c4064_644311b63b607133c989d7c1188467dafc0.jpg?1788875283,Omega,54,0,DRG
Sweet Light,41777815,59,0,Spriggan,Chaos,1686,0,2e6808627bd2b8f0f5f0377d20cbbbc5_feaf0a2e88ff164813fbc9b85876fa48fc0.jpg?1788875237,Omega,183,2,WHM
Vanilla Blossom,41496807,60,0,Moogle,Chaos,1680,0,b0e7d1b464d155d8791692fe2e47299d_d7a9d5f85a29d6278ec1c7adc2c8d242fc0.jpg?1788877560,Omega,108,0,VPR
Fygqhzr Zhgfjhh,49000606,61,0,Phantom,Chaos,1679,0,ed46d70a9c354991698a796aac7c462e_f0a43d6e5eea19af337a176e9836acddfc0.jpg?1788876290,Omega,46,0,DRG
Pan Ther,47356852,62,0,Twintania,Light,1651,0,fc9492796dbee9f84ae010350ec7759c_c33f640c0cdd35f7def85b8aa31a0007fc0.jpg?1788877640,Omega,173,0,WHM
Yun' Yun,11341467,63,0,Cerberus,Chaos,1592,0,df098ceed6d9cf14cf61cc4110cd6cb5_777c57311d510ca65dac3c1077dee435fc0.jpg?1788875714,Omega,160,0,WHM
Mew Rilah,53409550,64,0,Cerberus,Chaos,1590,0,e65ddd06c5702de8a5312239356a6e36_777c57311d510ca65dac3c1077dee435fc0.jpg?1788877959,Omega,150,0,MCH
Lylia Venis,13391767,65,0,Moogle,Chaos,1559,0,79af70239d663a69f312f0788f3cf927_d7a9d5f85a29d6278ec1c7adc2c8d242fc0.jpg?1788874909,Omega,30,0,UNK
Baka Bao,30345026,66,0,Phantom,Chaos,1535,0,57df7efcbcdf8f1aca84c4f1435c36ba_f0a43d6e5eea19af337a176e9836acddfc0.jpg?1788876843,Omega,625,0,GNB
Imy Pure,24943089,67,0,Cerberus,Chaos,1509,0,2e46879ac1baf7fc77ec2de872a0461c_777c57311d510ca65dac3c1077dee435fc0.jpg?1788878105,Omega,56,0,UNK
Raiden Thorne,27238016,68,0,Zodiark,Light,1506,0,96a909af8d24d60f6d8173f8cc16facb_c274370774c6bc3483cc8740805f41bcfc0.jpg?1788875916,Omega,41,0,UNK
Snap Ringer,18714030,69,79,Omega,Chaos,1502,105,77577ce781d587b133c9c53da0974817_39e25ac3d737c46452305eefe324372cfc0.jpg?1788877376,Omega,41,4,FSH
Chise Hatori',9182735,70,69,Ragnarok,Chaos,1500,0,236f29f4984f26e6b197da380f104a63_40d57ba713628f3f1ef5ef204b6d76d2fc0.jpg?1788877727,Omega,169,0,RDM
Aris Oz,41983172,71,70,Zodiark,Light,1500,0,abbd4cf51609bf59977c5b4850c4c351_c274370774c6bc3483cc8740805f41bcfc0.jpg?1788875088,Omega,70,0,DRK
Asuna Natsume,14428124,72,71,Raiden,Light,1498,0,142ba45dfd31aa40c0d2a1159d358f2d_a370664d98f658f4ed4e620f378f73cdfc0.jpg?1788875060,Crystal,76,0,WHM
Yuripa Arashi,37731658,73,72,Shiva,Light,1498,0,73ff0d0b3cc5f92ec79dabffa2bedf80_3fbff0e6b620e4d259dc427abc6574dafc0.jpg?1788877565,Crystal,62,0,MCH
Memento Mo'ri,1641495,74,73,Ragnarok,Chaos,1495,0,86323bce84189061b1d71ff1dc25266a_40d57ba713628f3f1ef5ef204b6d76d2fc0.jpg?1788877015,Crystal,131,0,FSH
A'dyalani Sato,10026278,75,74,Odin,Light,1487,0,d072994a22af88090aecf6e5a3b85c36_644311b63b607133c989d7c1188467dafc0.jpg?1788876987,Crystal,224,0,NIN
Farnese Astrope,29144926,76,75,Odin,Light,1477,0,9d52a45ac0156312b562aef0a55cfff2_644311b63b607133c989d7c1188467dafc0.jpg?1788876840,Crystal,49,0,PLD
Spedah Sashihai,46717230,77,76,Phantom,Chaos,1475,0,916aa42d41d9cb06784f26d21d850c5a_f0a43d6e5eea19af337a176e9836acddfc0.jpg?1788877066,Crystal,340,5,SGE
Shimori Bunihara,35166011,78,77,Raiden,Light,1461,0,c44c8fc68c230b1051ec35a527afe9ed_a370664d98f658f4ed4e620f378f73cdfc0.jpg?1788876835,Crystal,134,0,RPR
Khorasan Ataraxia,47289604,79,78,Shiva,Light,1429,0,721a6c9c723209b16696818df4cf0c93_3fbff0e6b620e4d259dc427abc6574dafc0.jpg?1788877671,Crystal,370,3,UNK
Magic Beans,43732030,80,0,Phoenix,Light,1396,0,4a7e75e2be4f70e389e8807cc1d2b885_5047bc596a4bab2dc7f7c120bb22dec5fc0.jpg?1788878342,Crystal,179,0,UNK
Aurora Maou,26517539,81,0,Louisoix,Chaos,1388,0,433a49b5cc43b35afac03d97c50262f9_0a122616f3718d3f45cab10fd8fc1604fc0.jpg?1788878286,Crystal,106,0,MNK
Baby Starz,27999014,82,0,Omega,Chaos,1381,0,e8cb7daea22ff306dcc9397ecad5a4a2_39e25ac3d737c46452305eefe324372cfc0.jpg?1788876745,Crystal,192,0,UNK
Melinoe Mei,52244848,83,99,Odin,Light,1339,362,f2f35dd3d3f7ed2ab1eaf11e0291525a_644311b63b607133c989d7c1188467dafc0.jpg?1788877548,Crystal,86,13,UNK
Wwwwwwwwww Wwwwwwwwww,22934838,84,83,Odin,Light,1318,0,44b50a04ce7aed4e2c4699753f5b83bc_644311b63b607133c989d7c1188467dafc0.jpg?1788875293,Crystal,82,0,SMN
Blunt Man,35300195,85,84,Louisoix,Chaos,1308,0,bfddeb1fd8c57b9259f8bb179dd8158b_0a122616f3718d3f45cab10fd8fc1604fc0.jpg?1788878229,Crystal,292,19,SAM
Satoru Kobayashi,45096077,86,85,Raiden,Light,1284,0,69c528c4dcff12abeb6cf1d9696af468_a370664d98f658f4ed4e620f378f73cdfc0.jpg?1788877816,Crystal,92,0,AST
Lsi Lsi,47353875,87,86,Lich,Light,1209,0,792b3235fe2fbd35d956e856c210194f_7206469080400ed57a5373d0a9c55c59fc0.jpg?1788876508,Crystal,207,0,AST
Zot To,18725302,88,87,Cerberus,Chaos,1199,0,852c16bac4fe7f528a8653c65704e818_777c57311d510ca65dac3c1077dee435fc0.jpg?1788876672,Crystal,16,0,NIN
Based Miqote,46487952,89,88,Twintania,Light,1190,0,5e2bb42e554586a20b050b7fd3f88e26_c33f640c0cdd35f7def85b8aa31a0007fc0.jpg?1788877028,Crystal,148,0,UNK
Kyouko Owo,25629243,90,89,Louisoix,Chaos,1157,0,4fbeb17208a00397ad05eebfc2d20d2f_0a122616f3718d3f45cab10fd8fc1604fc0.jpg?1788876876,Crystal,72,1,AST
Mitsuki Mirai,18435457,91,90,Louisoix,Chaos,1142,0,365f1772f387bd280bdbfc16afbd5e4e_0a122616f3718d3f45cab10fd8fc1604fc0.jpg?1788876936,Crystal,88,2,SAM
General Aardvark,48423100,92,91,Twintania,Light,1103,0,cf88029724167c1d18ed8c536a862900_c33f640c0cdd35f7def85b8aa31a0007fc0.jpg?1788877385,Crystal,286,3,DRG
Holos Ymir,35299241,93,92,Cerberus,Chaos,1066,0,f8029ed36fad032333305dfa455cddec_777c57311d510ca65dac3c1077dee435fc0.jpg?1788877777,Crystal,119,0,MCH
Feri De,32873333,94,93,Twintania,Light,1058,0,04fae792c920333e5bdc3287c0df72e4_c33f640c0cdd35f7def85b8aa31a0007fc0.jpg?1788874814,Crystal,239,4,UNK
Aru Chiikawa,53173199,95,94,Raiden,Light,1013,0,e04a223356da8c93c18581feda55b5bf_a370664d98f658f4ed4e620f378f73cdfc0.jpg?1788875386,Crystal,237,6,SGE
Phaey Yeon,58326616,96,95,Moogle,Chaos,1006,0,6497d439e55c80c0156c198e7f135c78_d7a9d5f85a29d6278ec1c7adc2c8d242fc0.jpg?1788878344,Crystal,112,0,UNK
William Sharpeye,31183782,97,96,Moogle,Chaos,1004,0,f90b7bfd929ec716aa63dc03d0533a18_d7a9d5f85a29d6278ec1c7adc2c8d242fc0.jpg?1788877854,Crystal,64,0,FSH
Kyra Nshakha,56831314,98,97,Alpha,Light,1000,0,b27d76c3fbe312d06184fd92f8aebc55_6132295fcf5570fb8b0a944ef322a598fc0.jpg?1788877482,Crystal,216,2,AST
Tay Talenath,45740169,99,98,Raiden,Light,995,0,b2fa0c7222f7e3ebe117f24a200e11d8_a370664d98f658f4ed4e620f378f73cdfc0.jpg?1788877008,Crystal,190,0,SCH
Elyndra Mayhn,27143285,100,0,Twintania,Light,937,0,e4b30c11c8c987996e50ee4c5899c037_c33f640c0cdd35f7def85b8aa31a0007fc0.jpg?1788875453,Crystal,124,0,RPR
Tyra Kett,26531277,101,0,Spriggan,Chaos,926,0,101b7ec48bba5c5e5b34fda1316c57bc_feaf0a2e88ff164813fbc9b85876fa48fc0.jpg?1788878185,Crystal,126,0,DRG
Sin Mirrorslave,43994621,102,0,Raiden,Light,908,0,3f8e3345c252d3f9b50e27c481f91100_a370664d98f658f4ed4e620f378f73cdfc0.jpg?1788874762,Crystal,89,0,UNK
Aurora Aria,24116937,103,0,Phoenix,Light,894,0,05caa52c69a69c31a889325a1f319530_5047bc596a4bab2dc7f7c120bb22dec5fc0.jpg?1788874832,Crystal,160,0,SAM
Xanthe Hati,28239197,104,0,Sagittarius,Chaos,891,0,9bf816bfcd7f963908af59458b5500c9_44ca0844398b2d010d8cd4a31ddb023dfc0.jpg?1788877165,Crystal,74,0,DRG
Lybel Alyborias,25836089,105,0,Louisoix,Chaos,807,0,a86b680e6c4e5e23befaaaf535a158de_0a122616f3718d3f45cab10fd8fc1604fc0.jpg?1788875003,Crystal,67,0,GNB
Pat Olehouse,17156873,106,0,Lich,Light,806,0,54c944c62ef7bd68e95a2a558d856482_7206469080400ed57a5373d0a9c55c59fc0.jpg?1788876342,Crystal,117,0,PLD
Sotek Scherwil,486374,107,0,Twintania,Light,806,0,c881840c18d6c9fc415801f5f8240174_c33f640c0cdd35f7def85b8aa31a0007fc0.jpg?1788877305,Crystal,83,0,DRK
Brian Ricardo,23607238,108,0,Zodiark,Light,801,0,9c9d045f5f22c579ce5c24faa2b9b303_c274370774c6bc3483cc8740805f41bcfc0.jpg?1788877453,Crystal,67,0,AST
Drop Dead,61865612,109,0,Raiden,Light,796,0,8b4d73c68bf61dbad86bb051105da5ec_a370664d98f658f4ed4e620f378f73cdfc0.jpg?1788875864,Crystal,61,0,VPR
Rei Nara,30869508,110,0,Ragnarok,Chaos,795,0,6d7be1a63248369bf5017070a85d6bd0_40d57ba713628f3f1ef5ef204b6d76d2fc0.jpg?1788876926,Crystal,78,0,UNK
Acacia Strain,43137076,111,0,Raiden,Light,794,0,8678948c8fea34b563980d4a6da37e32_a370664d98f658f4ed4e620f378f73cdfc0.jpg?1788878157,Crystal,344,0,DRK
Sho'zhirr Shizahi-jo,28092848,112,0,Phoenix,Light,794,0,c6923f91c3f9e08d53d38488a3040788_5047bc596a4bab2dc7f7c120bb22dec5fc0.jpg?1788877457,Crystal,81,0,UNK
Sal Ren,40787945,113,0,Phoenix,Light,793,0,9613f7a8c0a759977b8a3fe787fed7e0_5047bc596a4bab2dc7f7c120bb22dec5fc0.jpg?1788875513,Crystal,220,0,WHM
Hyzenthlay Efrafa,1817919,114,0,Ragnarok,Chaos,790,0,f61f49f2ed95a3709fa034686da0eb63_40d57ba713628f3f1ef5ef204b6d76d2fc0.jpg?1788876161,Crystal,59,0,PLD
Chie Chibana,52839770,115,121,Alpha,Light,787,88,825f10ea00e64238dc349a5faa06969e_6132295fcf5570fb8b0a944ef322a598fc0.jpg?1788877476,Crystal,221,2,AST
Keylinda Heliopsis,44659154,116,115,Moogle,Chaos,784,0,aae227ec83063cc479b9c5f6fb803e66_d7a9d5f85a29d6278ec1c7adc2c8d242fc0.jpg?1788875450,Crystal,161,0,DRK
Skillpade Skyr,37019657,117,116,Lich,Light,782,0,e520a31662bd7030c96e4951a4f2d301_7206469080400ed57a5373d0a9c55c59fc0.jpg?1788876116,Crystal,146,0,DRK
Sekai Eri,41303117,118,117,Raiden,Light,705,0,cb1ac59e3c66b2050bc4ee7e3368c36c_a370664d98f658f4ed4e620f378f73cdfc0.jpg?1788875766,Crystal,232,8,UNK
Life Enjoyer,28145650,119,118,Raiden,Light,704,0,1f163924ab5a124c00b3684fe37e6e58_a370664d98f658f4ed4e620f378f73cdfc0.jpg?1788874752,Crystal,108,0,MNK
Manji Haq,30381529,120,119,Shiva,Light,702,0,1840291846e97e46d3053d2cb9351608_3fbff0e6b620e4d259dc427abc6574dafc0.jpg?1788877052,Crystal,272,0,SMN
Red Aura,58355527,121,120,Spriggan,Chaos,700,0,24685b07d940d962953f7111d4144e46_feaf0a2e88ff164813fbc9b85876fa48fc0.jpg?1788875640,Crystal,49,0,MNK
Diarmuidia Ua-dibhne,60435376,122,0,Cerberus,Chaos,699,0,5d9b7dcb4848e335ad4a88c0dc644669_777c57311d510ca65dac3c1077dee435fc0.jpg?1788877328,Crystal,107,0,GNB
Fae Mhis,16223299,123,0,Lich,Light,698,0,075328fa236ca776da32524ca8bd395c_7206469080400ed57a5373d0a9c55c59fc0.jpg?1788876572,Crystal,31,0,AST
Kaixer Almasy,24721919,124,0,Ragnarok,Chaos,695,0,16b404151182dfe17ac302129a023750_40d57ba713628f3f1ef5ef204b6d76d2fc0.jpg?1788876022,Crystal,157,0,UNK
Lost Signal,56186869,125,0,Odin,Light,695,0,b36972ee34bfd25f82ce348b32b6f5da_644311b63b607133c989d7c1188467dafc0.jpg?1788876989,Crystal,126,0,VPR
Gabriel Zephyrus,11099535,126,0,Zodiark,Light,690,0,fb5c6913d0c275952def0841ab82887f_c274370774c6bc3483cc8740805f41bcfc0.jpg?1788877330,Crystal,199,0,VPR
Thor Strom,35911315,127,0,Cerberus,Chaos,685,0,3826da79ed71141aec290f69127b5c79_777c57311d510ca65dac3c1077dee435fc0.jpg?1788877871,Crystal,10,0,SCH
Laela Hyun,59589734,128,0,Phantom,Chaos,684,0,a377ba040d4300db7c8df4efc92acd53_f0a43d6e5eea19af337a176e9836acddfc0.jpg?1788876859,Crystal,55,0,UNK
Aeo We,10437907,129,0,Ragnarok,Chaos,681,0,2cc33bbd6e1f29b872030a98ed37c0fc_40d57ba713628f3f1ef5ef204b6d76d2fc0.jpg?1788875514,Crystal,41,0,UNK
Magidolce Magileine,39132419,130,0,Twintania,Light,614,0,088bd05d5a98251023ecb7e28a638b68_c33f640c0cdd35f7def85b8aa31a0007fc0.jpg?1788875567,Crystal,265,0,SMN
Dacien Darlett,3339751,131,0,Odin,Light,608,0,0311b8a0924e142c3f1da4b81f645156_644311b63b607133c989d7c1188467dafc0.jpg?1788877336,Crystal,184,0,SCH
Seraban Mistodisushi,25116690,132,139,Omega,Chaos,606,83,9ab6f5d4307a747e8378402c6070b2a7_39e25ac3d737c46452305eefe324372cfc0.jpg?1788875089,Crystal,244,4,UNK
Fay Fury,13801627,133,132,Alpha,Light,601,0,c8bf2d24d3b66a91e8891eb6b4043bd8_6132295fcf5570fb8b0a944ef322a598fc0.jpg?1788877797,Crystal,134,0,UNK
Sophia Ariadne,11431073,134,133,Odin,Light,600,0,f4329ddf82a418a6e12f1ba978bc1523_644311b63b607133c989d7c1188467dafc0.jpg?1788878104,Crystal,57,0,GNB
Judith Vaeyle,49905732,135,134,Sagittarius,Chaos,599,0,4fc6774f2e98f002c3180f372e3b54bf_44ca0844398b2d010d8cd4a31ddb023dfc0.jpg?1788875861,Crystal,72,0,RPR
Cipher Strife,7955322,136,135,Ragnarok,Chaos,597,0,fd0f2644fe22871d381e6bae8798c484_40d57ba713628f3f1ef5ef204b6d76d2fc0.jpg?1788875793,Crystal,431,0,DRK
Roy Dimgao,29524655,137,136,Omega,Chaos,597,0,320af7149c63c337e5826c2c2cc1bf37_39e25ac3d737c46452305eefe324372cfc0.jpg?1788876721,Crystal,187,0,SAM
Feral Jorex,21749898,138,137,Odin,Light,594,0,f9027c778862384a6ae4224efd2fe7c3_644311b63b607133c989d7c1188467dafc0.jpg?1788875375,Crystal,389,0,MCH
Queenie Skyfrost,34868775,139,138,Odin,Light,594,0,4c0182a4bd02a557a3e29b795c1e0b9c_644311b63b607133c989d7c1188467dafc0.jpg?1788875675,Crystal,102,0,UNK
Neclord Drakan,34358772,140,0,Phoenix,Light,510,0,7e002012c8fc4f9e493cd5879573e088_5047bc596a4bab2dc7f7c120bb22dec5fc0.jpg?1788876581,Crystal,41,0,SGE
Shiroko Momo,39619880,141,0,Odin,Light,504,0,83b4a27fbdf8dfdce9a7e095cc14bf41_644311b63b607133c989d7c1188467dafc0.jpg?1788877004,Crystal,150,0,NIN
Arima Sui,61051327,142,0,Alpha,Light,503,0,a616749d9bdfd00b6659f83dbb1c8a7f_6132295fcf5570fb8b0a944ef322a598fc0.jpg?1788875686,Crystal,513,0,PCT
Tikka Masola,44131885,143,0,Zodiark,Light,503,0,ef489d662d845a0d473f7abb93124d5e_c274370774c6bc3483cc8740805f41bcfc0.jpg?1788878246,Crystal,7,0,RDM
Slayn Lockmeier,43624360,144,285,Ragnarok,Chaos,501,501,6e8ed130575c22a15b32af255b35348b_40d57ba713628f3f1ef5ef204b6d76d2fc0.jpg?1788877362,Crystal,18,9,FSH
Master Zoknik,47233914,145,144,Omega,Chaos,498,0,47b7a0d3c4816d6dc7cb85c85a3685f7_39e25ac3d737c46452305eefe324372cfc0.jpg?1788876343,Crystal,69,0,BLM
Lion Lad,60548427,146,145,Phantom,Chaos,498,0,69af2e062eb7ba4549c964e1fbc8b79e_f0a43d6e5eea19af337a176e9836acddfc0.jpg?1788878014,Crystal,30,0,RDM
Yellow Blue,58488618,147,146,Spriggan,Chaos,497,0,51731f8a93c1d8b59b5c3ded4ffb5a64_feaf0a2e88ff164813fbc9b85876fa48fc0.jpg?1788876068,Crystal,80,0,DRG
Thesa Sergearis,47267643,148,147,Raiden,Light,497,0,09dba50da69ae23c7f77aa5135356ea2_a370664d98f658f4ed4e620f378f73cdfc0.jpg?1788876924,Crystal,36,1,RPR
Jou Bright,26172504,149,148,Shiva,Light,496,0,80f6d86c4118e80a4c51ba20920a1384_3fbff0e6b620e4d259dc427abc6574dafc0.jpg?1788878292,Crystal,196,0,WAR
Lolorei Lalarei,3686155,150,149,Omega,Chaos,496,0,da6ff12e4effc4cbacfe1b954f1c3bf5_39e25ac3d737c46452305eefe324372cfc0.jpg?1788877720,Crystal,149,0,WHM
Yin Mei,60684179,151,150,Raiden,Light,495,0,f01b244692f6f854c5f1789e2a131ffc_a370664d98f658f4ed4e620f378f73cdfc0.jpg?1788877781,Crystal,48,0,UNK
Bing Bing,50857849,152,151,Odin,Light,424,0,1a2b77cf04680b9bfe1c19f07f9f1f44_644311b63b607133c989d7c1188467dafc0.jpg?1788876689,Crystal,83,0,MCH
Zecht Bradamant,31785474,153,152,Omega,Chaos,415,0,b0b8438e6682f2931a1a930121d0ab43_39e25ac3d737c46452305eefe324372cfc0.jpg?1788878262,Crystal,103,0,GNB
Yinwea Levai,36476322,154,153,Shiva,Light,412,0,944bf3a8e93fcc8f15f3f521462d11b5_3fbff0e6b620e4d259dc427abc6574dafc0.jpg?1788875292,Crystal,154,0,AST
Tiggy Rohart,23133091,155,154,Alpha,Light,406,0,aa27360383b1eb0f9b5bd135578bb7bb_6132295fcf5570fb8b0a944ef322a598fc0.jpg?1788877165,Crystal,104,0,PLD
Kaido Joestar,30360817,156,155,Phantom,Chaos,406,0,0b2c2c50e354a9b7aad5f6356e205149_f0a43d6e5eea19af337a176e9836acddfc0.jpg?1788878086,Crystal,30,0,UNK
Frankie Urien,32323176,157,156,Odin,Light,405,0,ffae33588fe71f102672b7defdb50a30_644311b63b607133c989d7c1188467dafc0.jpg?1788876804,Crystal,212,0,WHM
Blaine Skyler,37236741,158,157,Louisoix,Chaos,404,0,f892c4691642e8efdead7c502a5d01f0_0a122616f3718d3f45cab10fd8fc1604fc0.jpg?1788876439,Crystal,108,0,SCH
Ul Unhu,9592278,159,158,Phoenix,Light,403,0,d703e404c81140848dbcd200abc4ef7e_5047bc596a4bab2dc7f7c120bb22dec5fc0.jpg?1788878349,Crystal,139,0,DRK
Isca Mog,32212471,160,159,Zodiark,Light,401,0,e47f3ccc4bd8599193929766ab0abd2c_c274370774c6bc3483cc8740805f41bcfc0.jpg?1788876539,Crystal,66,0,AST
Lawr Hawk,28248881,161,160,Odin,Light,401,0,e241b26df61ea0e201b637a7ae6c4cd4_644311b63b607133c989d7c1188467dafc0.jpg?1788876840,Crystal,63,0,CRP
Limit Cat,37849108,162,161,Lich,Light,401,0,5b03795e0323d8633451ea410c4aeced_7206469080400ed57a5373d0a9c55c59fc0.jpg?1788876899,Crystal,23,0,RDM
Firas Xll,61570305,163,162,Alpha,Light,397,0,180935d91342970858d2044d5c23d436_6132295fcf5570fb8b0a944ef322a598fc0.jpg?1788878042,Crystal,75,0,BLM
Rei Dassario,24597443,164,163,Raiden,Light,396,0,a51ce0a687a31ff3b67287e80ea30aed_a370664d98f658f4ed4e620f378f73cdfc0.jpg?1788877023,Crystal,74,0,VPR
Veritan Indaerus,21877909,165,164,Odin,Light,396,0,978a128ddf080c55e3afc742274d0c9f_644311b63b607133c989d7c1188467dafc0.jpg?1788877719,Crystal,55,0,DRG
Smoothie Sour,42056621,166,165,Zodiark,Light,389,0,247388cdfc4db1451cf9df83cce7b3a1_c274370774c6bc3483cc8740805f41bcfc0.jpg?1788877692,Crystal,64,0,WAR
Renna Vorak,25421061,167,166,Raiden,Light,310,0,c2dc94bad32c136ebcdcb42ec56ba1c3_a370664d98f658f4ed4e620f378f73cdfc0.jpg?1788875303,Crystal,75,0,UNK
Victoria Nyala,43751055,168,167,Phoenix,Light,304,0,d41ca298e2f03ee2273aca61640ebce0_5047bc596a4bab2dc7f7c120bb22dec5fc0.jpg?1788876826,Crystal,66,0,GNB
Yoe Lleufyn,28631681,169,168,Phoenix,Light,302,0,9584dd8fac44ba749b0855105a0e29e9_5047bc596a4bab2dc7f7c120bb22dec5fc0.jpg?1788876437,Crystal,159,6,BLM
Lina Sunstar,52075433,170,169,Spriggan,Chaos,301,0,d60c4576e74acfcd0ed77a6ea5d48800_feaf0a2e88ff164813fbc9b85876fa48fc0.jpg?1788877887,Crystal,204,0,WHM
Wimp Lo,37793632,171,170,Zodiark,Light,300,0,45ed053d252c3a44eabe55329426aa37_c274370774c6bc3483cc8740805f41bcfc0.jpg?1788877793,Crystal,150,0,BLU
Kalythas Alagria,37806271,172,171,Shiva,Light,300,0,4403baaa9e80e2bfd259c321ef6e7799_3fbff0e6b620e4d259dc427abc6574dafc0.jpg?1788874933,Crystal,81,0,SGE
Robin Baltemys,5860543,173,0,Odin,Light,300,300,c0b65624201e30005bd9dac89e14696a_644311b63b607133c989d7c1188467dafc0.jpg?1788877611,Crystal,25,5,BRD
Aiva Ibusaki,11039086,174,215,Shiva,Light,299,194,39b96ee63110c8909c27318f222d3695_3fbff0e6b620e4d259dc427abc6574dafc0.jpg?1788877276,Crystal,206,4,BRD
Neo Saladin,60195724,175,172,Alpha,Light,299,0,d61ef205c9700150e78797546d2ac263_6132295fcf5570fb8b0a944ef322a598fc0.jpg?1788876682,Crystal,90,0,DRK
Lu Ni,58272624,176,173,Cerberus,Chaos,299,0,ab167867f3aa425b82e05a081df98df4_777c57311d510ca65dac3c1077dee435fc0.jpg?1788876990,Crystal,79,0,GNB
Medicine Melancholy,25525676,177,174,Raiden,Light,299,0,8a3aaef7e82e665cdb12f15457700593_a370664d98f658f4ed4e620f378f73cdfc0.jpg?1788874985,Crystal,71,0,UNK
Madelynn Veil,49771412,178,175,Omega,Chaos,299,0,92f91d9225bb816c6562fb117814681e_39e25ac3d737c46452305eefe324372cfc0.jpg?1788877787,Crystal,57,0,BLU
Kihn Shirudo,43951482,179,176,Spriggan,Chaos,298,0,2e619166d10daa6082c54563a5af17ff_feaf0a2e88ff164813fbc9b85876fa48fc0.jpg?1788877408,Crystal,118,0,DRK
Miimo Xa'ra,11362808,180,177,Shiva,Light,298,0,ce9814c05102c51abc5834316927fd0c_3fbff0e6b620e4d259dc427abc6574dafc0.jpg?1788877298,Crystal,76,0,BTN
Lunaelumen Heartless,3344766,181,178,Phoenix,Light,298,0,442c49c53db78614043ce10aa9733411_5047bc596a4bab2dc7f7c120bb22dec5fc0.jpg?1788877227,Crystal,48,0,RDM
Luna Everlight,11876492,182,179,Phantom,Chaos,298,0,87daed323422dd94882b0079ba9f6b3d_f0a43d6e5eea19af337a176e9836acddfc0.jpg?1788877318,Crystal,13,0,WAR
Riseon Misha,26343965,183,180,Zodiark,Light,297,0,d883dcfcee6650b3e6e1691bf6838f6c_c274370774c6bc3483cc8740805f41bcfc0.jpg?1788875296,Crystal,147,0,WHM
Ultimo Tower,13765195,184,181,Odin,Light,297,0,f3f293a7802e54bc6d3f5c2ceb6f4902_644311b63b607133c989d7c1188467dafc0.jpg?1788877405,Crystal,116,2,WAR
Dundee Nic'hpisfa,35976824,185,182,Odin,Light,296,0,8eda92b5ce2e258786d149b7cb349e09_644311b63b607133c989d7c1188467dafc0.jpg?1788875914,Crystal,196,0,SGE
Selin Naari,16360751,186,183,Cerberus,Chaos,296,0,fb2c3681e2cb33bdcd7894d5aad0b9ec_777c57311d510ca65dac3c1077dee435fc0.jpg?1788876419,Crystal,32,0,PLD
Hegel Gil,25438753,187,184,Omega,Chaos,295,0,5ed500fc1dd1d9cbbc95000a80326ff7_39e25ac3d737c46452305eefe324372cfc0.jpg?1788875769,Crystal,137,10,WAR
Akurei Amotanius,36595921,188,185,Odin,Light,294,0,ca5d9f24b62995e3bcb5d25cc576fc70_644311b63b607133c989d7c1188467dafc0.jpg?1788876012,Crystal,121,0,WHM
Night Siren,46140840,189,186,Alpha,Light,221,0,5b2c854dc9360523ee7fcd5bfee41621_6132295fcf5570fb8b0a944ef322a598fc0.jpg?1788876563,Crystal,168,0,GNB
Erion Hein,39135014,190,187,Twintania,Light,216,0,ba6bc1e1e70e5f3402d91ecfcf7d01e8_c33f640c0cdd35f7def85b8aa31a0007fc0.jpg?1788874901,Crystal,144,0,WAR
Airi Rhitik,2286171,191,188,Moogle,Chaos,212,0,0e7c747879926e0f575c8444323c478f_d7a9d5f85a29d6278ec1c7adc2c8d242fc0.jpg?1788877270,Crystal,146,0,GNB
Ayrelinia Saelinire,41821402,192,189,Spriggan,Chaos,207,0,8604bb768bf59461e5f44eef46ee9961_feaf0a2e88ff164813fbc9b85876fa48fc0.jpg?1788877535,Crystal,22,0,BTN
Onox Farbane,43799244,193,190,Zodiark,Light,206,0,c322e9dd886e64c0365244e0b587448f_c274370774c6bc3483cc8740805f41bcfc0.jpg?1788875320,Crystal,45,0,WAR
Brutal Killer,8885117,194,191,Ragnarok,Chaos,203,0,30c6a6207c7e93d407784888a7f29c97_40d57ba713628f3f1ef5ef204b6d76d2fc0.jpg?1788876288,Crystal,3,0,DRK
Strife Duskblade,34142903,195,192,Omega,Chaos,202,0,e8d7518889e9dd65f6114527334ca66a_39e25ac3d737c46452305eefe324372cfc0.jpg?1788874990,Crystal,82,0,DRK
Gaspard Deguingoix,11032081,196,193,Moogle,Chaos,201,0,b9283e6a6be9cd219ee0afea98546775_d7a9d5f85a29d6278ec1c7adc2c8d242fc0.jpg?1788874806,Crystal,79,0,RDM
Sayuri Maeshima,33888798,197,194,Omega,Chaos,201,0,9543e703e2409901a4e4c51fcd72a0bd_39e25ac3d737c46452305eefe324372cfc0.jpg?1788877481,Crystal,57,0,NIN
Tiranna Reinford,12390793,198,195,Moogle,Chaos,201,0,287223c7dac01617ab03a9e54406de0e_d7a9d5f85a29d6278ec1c7adc2c8d242fc0.jpg?1788878140,Crystal,31,0,WAR
Shanks Haki,20417857,199,196,Louisoix,Chaos,200,0,01683c16881e9dfb6ce45ceb07293b70_0a122616f3718d3f45cab10fd8fc1604fc0.jpg?1788877312,Crystal,116,0,MNK
Dessy Moonwalker,30980737,200,197,Zodiark,Light,200,0,e34bce9409ca557af54cb198e3aec31b_c274370774c6bc3483cc8740805f41bcfc0.jpg?1788876483,Crystal,93,5,UNK
Asra Alvah,37928023,201,199,Raiden,Light,200,0,262658a82a5c4524098a08e12cb232b2_a370664d98f658f4ed4e620f378f73cdfc0.jpg?1788875513,Crystal,84,11,SMN
Mizu Shimizu,41402391,202,198,Twintania,Light,200,0,b745f1d87ccd905d96d6b6ca49092222_c33f640c0cdd35f7def85b8aa31a0007fc0.jpg?1788877831,Crystal,74,0,UNK
Ash Dreadsaint,16641514,203,200,Alpha,Light,200,0,35babc8a56d97c1de09ffbf594068bd0_6132295fcf5570fb8b0a944ef322a598fc0.jpg?1788877040,Crystal,67,0,DRK
Eve Naeuri,43290162,204,201,Sagittarius,Chaos,200,0,c143c5d5e461ba9e3f51c07a3de23e21_44ca0844398b2d010d8cd4a31ddb023dfc0.jpg?1788877732,Crystal,45,0,BSM
Krek Balflear,48912824,205,202,Sagittarius,Chaos,200,0,3ddedc4fdcf35465d04f99e2b4737a9f_44ca0844398b2d010d8cd4a31ddb023dfc0.jpg?1788877266,Crystal,42,0,BLM
Neppie Nen,38644421,206,203,Phoenix,Light,200,0,6744f6c777bfc017ed7318054ef44f3d_5047bc596a4bab2dc7f7c120bb22dec5fc0.jpg?1788875694,Crystal,31,0,RDM
Mer Lin,50434149,207,204,Spriggan,Chaos,200,0,52a13256ecf71bc72e25a6b211b196c8_feaf0a2e88ff164813fbc9b85876fa48fc0.jpg?1788875368,Crystal,18,0,DRK
Erika Avellana,45153856,208,205,Alpha,Light,199,0,d52954932b2c20e3d303cb8cf101f3eb_6132295fcf5570fb8b0a944ef322a598fc0.jpg?1788877582,Crystal,367,1,DRK
Vic Strider,53817077,209,206,Raiden,Light,199,0,64d68250fabd33e4972dcba2d2638d6c_a370664d98f658f4ed4e620f378f73cdfc0.jpg?1788875303,Crystal,156,0,RDM
Blauer Klappstuhl,26766763,210,207,Twintania,Light,199,0,f76377f6ab535a27f0b0fd1a7ab3b7a0_c33f640c0cdd35f7def85b8aa31a0007fc0.jpg?1788877376,Crystal,68,0,UNK
Tomo Kote,55321667,211,208,Zodiark,Light,199,0,5955a289356783d4701df9a9c192d2b8_c274370774c6bc3483cc8740805f41bcfc0.jpg?1788874987,Crystal,45,0,GNB
Leo Wolfram,55309464,212,209,Twintania,Light,198,0,137bda326a93315b803aa0d477a79942_c33f640c0cdd35f7def85b8aa31a0007fc0.jpg?1788876320,Crystal,66,0,SCH
Guimiko Miko,54285624,213,210,Moogle,Chaos,197,0,610c37aeb64c6149d7c6d5ea93a8114e_d7a9d5f85a29d6278ec1c7adc2c8d242fc0.jpg?1788878305,Crystal,51,0,SAM
Vyn Silvair,21908199,214,211,Shiva,Light,196,0,05a4597e1e8ad1e87cfc4aab88be286c_3fbff0e6b620e4d259dc427abc6574dafc0.jpg?1788875899,Crystal,87,0,UNK
Mats Luxed,36390152,215,212,Twintania,Light,196,0,4d98b4ef01ccfc9df166d83a5771a4ea_c33f640c0cdd35f7def85b8aa31a0007fc0.jpg?1788877284,Crystal,32,0,SAM
Luca Natura,26126798,216,213,Omega,Chaos,196,0,aee9a8f332f96a4c5a45923c0e82782a_39e25ac3d737c46452305eefe324372cfc0.jpg?1788877168,Crystal,24,0,GSM
Wieg Wiggles,35061622,217,214,Lich,Light,192,0,61256a3e6c4f0c3dcc05469f5550d102_7206469080400ed57a5373d0a9c55c59fc0.jpg?1788875395,Crystal,187,0,WAR
Deltimor Offerentis,53216923,218,216,Ragnarok,Chaos,101,0,b1f3b3bcc24281f671ac2ced6960431a_40d57ba713628f3f1ef5ef204b6d76d2fc0.jpg?1788876916,Crystal,292,0,BLM
Ezra Qestir,44134603,219,217,Raiden,Light,101,0,7200800b651be63ad1594ce634d2eb48_a370664d98f658f4ed4e620f378f73cdfc0.jpg?1788875663,Crystal,132,0,SAM
Song Shuhang,60751505,220,218,Louisoix,Chaos,101,0,908d04c341598c3e6095e2af05dfae15_0a122616f3718d3f45cab10fd8fc1604fc0.jpg?1788877405,Crystal,31,0,WHM
Eeva Lightwood,34867115,221,219,Phoenix,Light,100,0,029a994eac70f6897fab7cb241b4204b_5047bc596a4bab2dc7f7c120bb22dec5fc0.jpg?1788875864,Crystal,244,7,VPR
Rem Minase,15335467,222,220,Ragnarok,Chaos,100,0,6f4b9532213e5ed122fcac3e5c3b4cc5_40d57ba713628f3f1ef5ef204b6d76d2fc0.jpg?1788875705,Crystal,215,0,FSH
Freya Highwind,37533969,223,221,Spriggan,Chaos,100,0,de376c51fd21ccbb1018c1c3fb40734b_feaf0a2e88ff164813fbc9b85876fa48fc0.jpg?1788875769,Crystal,204,0,WAR
Sonnas Dedede,37860927,224,222,Twintania,Light,100,0,25b1bad7226a0841ef265c7dc5b0eba9_c33f640c0cdd35f7def85b8aa31a0007fc0.jpg?1788877544,Crystal,202,0,SAM
Laville Burns,44676490,225,223,Alpha,Light,100,0,1999bb362905ab6ad44fa2e8931ef3dc_6132295fcf5570fb8b0a944ef322a598fc0.jpg?1788876026,Crystal,200,0,RDM
Rose Nashi'rah,5586423,226,224,Moogle,Chaos,100,0,eabb33d9d4a68beb623fdbad8de0ccd2_d7a9d5f85a29d6278ec1c7adc2c8d242fc0.jpg?1788877325,Crystal,179,0,DRG
Keraunos Greywolfe,31183458,227,225,Alpha,Light,100,0,3431088cd9f33e5f20e30162c35286fd_6132295fcf5570fb8b0a944ef322a598fc0.jpg?1788877874,Crystal,177,0,DRK
Bagel Egg,18929023,228,226,Omega,Chaos,100,0,f655117235b1c0d199ca39849579a631_39e25ac3d737c46452305eefe324372cfc0.jpg?1788876506,Crystal,173,0,UNK
Staz Hellcat,8016319,229,227,Cerberus,Chaos,100,0,c7e860ceda35e35e41bca47bf02624be_777c57311d510ca65dac3c1077dee435fc0.jpg?1788876174,Crystal,155,0,RDM
Lazyy Kitty,53228784,230,228,Zodiark,Light,100,0,c09b1a0029bc70ebcdbedaad8618bbbc_c274370774c6bc3483cc8740805f41bcfc0.jpg?1788877528,Crystal,148,0,SCH
Lumine Heartseeker,37169102,230,228,Lich,Light,100,0,bef41e353f9709f6c26365adcd129410_7206469080400ed57a5373d0a9c55c59fc0.jpg?1788876369,Crystal,148,0,RDM
Magnus Skorweg,14288959,232,230,Cerberus,Chaos,100,0,36b3ca5cc0c3fa7edd1b5b276f54a6fc_777c57311d510ca65dac3c1077dee435fc0.jpg?1788878190,Crystal,145,0,SMN
Alabaster Arcadia,39618537,233,231,Phoenix,Light,100,0,04f03f1ffd5a39f931966123f856ea6c_5047bc596a4bab2dc7f7c120bb22dec5fc0.jpg?1788876013,Crystal,144,0,MNK
Merily Marlin,52216084,234,232,Louisoix,Chaos,100,0,1b485637d5f1df89d363a45b95cba49c_0a122616f3718d3f45cab10fd8fc1604fc0.jpg?1788878206,Crystal,124,0,WAR
Sir Azmuth,21784845,234,232,Lich,Light,100,0,aaa9e4ee439eaa5d584760975605186f_7206469080400ed57a5373d0a9c55c59fc0.jpg?1788876295,Crystal,124,0,SAM
Altair Nightveil,37899651,236,234,Odin,Light,100,0,66c10a4203ea077f0a752e4bf561ff53_644311b63b607133c989d7c1188467dafc0.jpg?1788876017,Crystal,122,0,WAR
Wilson D'ball,48646138,237,235,Phantom,Chaos,100,0,c7a54b3f5006e7e5afdef2d9e10421ad_f0a43d6e5eea19af337a176e9836acddfc0.jpg?1788878289,Crystal,113,0,WAR
Indrxon Darkdrake,39417099,238,236,Zodiark,Light,100,0,ad54d57c1df432e3d1125b26e7a70c69_c274370774c6bc3483cc8740805f41bcfc0.jpg?1788876898,Crystal,112,0,WAR
Ai Ka',13500675,239,0,Ragnarok,Chaos,100,0,171f0ab92d0e928acdb718980be9c896_40d57ba713628f3f1ef5ef204b6d76d2fc0.jpg?1788876695,Crystal,109,4,BRD
Deme Tayuun,14832348,240,237,Lich,Light,100,0,ae2fb7b7ac8ad3f92247efdd9fade6e7_7206469080400ed57a5373d0a9c55c59fc0.jpg?1788878343,Crystal,108,0,MNK
Haadin Maero,25649806,240,237,Cerberus,Chaos,100,0,ab3efb60a6f01134129c732e6e60c255_777c57311d510ca65dac3c1077dee435fc0.jpg?1788876210,Crystal,108,0,RDM
Lilia Sunvale,59323692,242,239,Phoenix,Light,100,0,01173bfd4d3bd682b07d6e9ac6dafd16_5047bc596a4bab2dc7f7c120bb22dec5fc0.jpg?1788875738,Crystal,105,0,BRD
Saku Rozen,1622070,243,241,Odin,Light,100,0,76d32a46909474e4b590ee6476bfabce_644311b63b607133c989d7c1188467dafc0.jpg?1788876840,Crystal,101,0,UNK
Tisha Adori,32551351,243,241,Zodiark,Light,100,0,a1f13f2decf7933275b7ce63051dc06f_c274370774c6bc3483cc8740805f41bcfc0.jpg?1788876026,Crystal,101,0,SMN
Aragorn Pendragon,9019127,245,243,Ragnarok,Chaos,100,0,87aef8a41356f31d322683bdf3e6103b_40d57ba713628f3f1ef5ef204b6d76d2fc0.jpg?1788876430,Crystal,100,0,RPR
Hope Carmine,31931991,245,243,Odin,Light,100,0,4d5e5c176cb534aaf44e67236bf6c171_644311b63b607133c989d7c1188467dafc0.jpg?1788877606,Crystal,100,0,UNK
Rain Hoshino,6160241,247,245,Moogle,Chaos,100,0,fc4a751ebc0402023f56f7934007c9ef_d7a9d5f85a29d6278ec1c7adc2c8d242fc0.jpg?1788874947,Crystal,99,0,PLD
Pave Zen,51542459,248,246,Zodiark,Light,100,0,c62f2300698b05a5ff2e27ea4ec74914_c274370774c6bc3483cc8740805f41bcfc0.jpg?1788877761,Crystal,96,0,UNK
Haki Haki,8290724,249,247,Ragnarok,Chaos,100,0,3fc43df6da1c629c59b5cdae63dee7a7_40d57ba713628f3f1ef5ef204b6d76d2fc0.jpg?1788874825,Crystal,94,0,WAR
Ray Croft,29659793,250,248,Shiva,Light,100,0,56ebf33c0c49fd7529d32303d4b7c8d9_3fbff0e6b620e4d259dc427abc6574dafc0.jpg?1788876492,Crystal,89,0,BLM
Glyceri Chosuti,30338174,251,249,Moogle,Chaos,100,0,6d93c9241424e92e6f0351d35d8b6eaa_d7a9d5f85a29d6278ec1c7adc2c8d242fc0.jpg?1788875560,Crystal,88,0,DNC
Ark Kekko,50821807,252,250,Omega,Chaos,100,0,b81b1c241e98f7a5f9b9c81665be1243_39e25ac3d737c46452305eefe324372cfc0.jpg?1788877737,Crystal,86,0,SCH
Vincent God,14069867,253,251,Phoenix,Light,100,0,7d8e17eab1b900c1741204dbf199eb48_5047bc596a4bab2dc7f7c120bb22dec5fc0.jpg?1788876595,Crystal,84,0,BRD
Catlisaie Leveilleur,38928587,254,252,Sagittarius,Chaos,100,0,b49cedcc9313e5b78f3c3e17f3a3b68c_44ca0844398b2d010d8cd4a31ddb023dfc0.jpg?1788875769,Crystal,80,0,WAR
Ahri Astral,27303728,255,253,Ragnarok,Chaos,100,0,8a7c70df6b714ed519111f5eb5430952_40d57ba713628f3f1ef5ef204b6d76d2fc0.jpg?1788875758,Crystal,79,0,WHM
Gun Grave,39069917,256,254,Alpha,Light,100,0,89afa1641c5d0fb3c37ff5b905d4b26a_6132295fcf5570fb8b0a944ef322a598fc0.jpg?1788877650,Crystal,77,0,UNK
Sahamaru Kamijo,13566032,257,255,Lich,Light,100,0,ab5bb27991a2037ddd8e8b0aef304406_7206469080400ed57a5373d0a9c55c59fc0.jpg?1788877805,Crystal,75,0,BLM
Akito Kotomine,14113084,258,256,Cerberus,Chaos,100,0,6535eaee5701ca6c10beffbfc70273c9_777c57311d510ca65dac3c1077dee435fc0.jpg?1788875556,Crystal,70,0,RPR
Nemesis Sol,49622209,259,257,Shiva,Light,100,0,1bcb80e23a56918c49abb6d50ef563af_3fbff0e6b620e4d259dc427abc6574dafc0.jpg?1788875925,Crystal,67,0,RPR
Tsuguri Tempest,8093380,260,258,Moogle,Chaos,100,0,673dd69d52b7f7c210bb231091fd1922_d7a9d5f85a29d6278ec1c7adc2c8d242fc0.jpg?1788877224,Crystal,66,0,BRD
Lolarita Rorry,39677497,261,259,Odin,Light,100,0,3c990f7c55a34985fb496735b20a6b10_644311b63b607133c989d7c1188467dafc0.jpg?1788877543,Crystal,65,0,WHM
Core Flare,44609138,262,260,Raiden,Light,100,0,4d277108d876101c6b97212a26f6bc97_a370664d98f658f4ed4e620f378f73cdfc0.jpg?1788878091,Crystal,64,0,SAM
Magisa Vale,43527083,263,261,Phoenix,Light,100,0,50d54724458e52e82fcfc6d537b9e001_5047bc596a4bab2dc7f7c120bb22dec5fc0.jpg?1788875862,Crystal,56,0,DRG
Fandrix Shadowsong,36051326,264,262,Louisoix,Chaos,100,0,e8515941184b5c25f2622f1899a0969a_0a122616f3718d3f45cab10fd8fc1604fc0.jpg?1788876467,Crystal,50,0,MCH
Ino Based,41531397,265,263,Alpha,Light,100,0,ae8562754d31616305226909752bc4fd_6132295fcf5570fb8b0a944ef322a598fc0.jpg?1788878200,Crystal,49,0,PLD
Const Mar,17323909,266,264,Phoenix,Light,100,0,9b3b80b05e36ff71934a612327c91867_5047bc596a4bab2dc7f7c120bb22dec5fc0.jpg?1788876019,Crystal,47,0,VPR
Pattinger Kersel,8183392,267,265,Raiden,Light,100,0,4fec5839fc0fc0bba3a80fc4e1910660_a370664d98f658f4ed4e620f378f73cdfc0.jpg?1788875942,Crystal,44,0,NIN
Sarah Swordmoon,15666675,268,266,Ragnarok,Chaos,100,0,f4dc48a690259d750cc95afaff6386b8_40d57ba713628f3f1ef5ef204b6d76d2fc0.jpg?1788877584,Crystal,42,0,NIN
Maya White,9385038,269,267,Twintania,Light,100,0,1ab5adfc5d7d400ad0f8b4d181e6d2f0_c33f640c0cdd35f7def85b8aa31a0007fc0.jpg?1788874927,Crystal,40,0,WAR
Red Fluffy,41965323,270,268,Shiva,Light,100,0,6e4c702e77f55eff42d4c42a07f242db_3fbff0e6b620e4d259dc427abc6574dafc0.jpg?1788875514,Crystal,38,0,SAM
Gwen Farron,10011051,271,269,Ragnarok,Chaos,100,0,3348ff23f3315e0457aa0694f655e953_40d57ba713628f3f1ef5ef204b6d76d2fc0.jpg?1788876531,Crystal,35,0,VPR
Sakurane Zero'yuurai,13075529,272,270,Ragnarok,Chaos,100,0,b65369d4b043831749f5fa45d2428e30_40d57ba713628f3f1ef5ef204b6d76d2fc0.jpg?1788877922,Crystal,31,0,PLD
Gella Zenhat,16553524,273,271,Cerberus,Chaos,100,0,34542c2a2fe5b9a690d00a5565e15c1b_777c57311d510ca65dac3c1077dee435fc0.jpg?1788876442,Crystal,28,0,AST
Ka La,18103622,273,271,Ragnarok,Chaos,100,0,79cb69a4d9a7535c8ee4e2bbfc9b2a1d_40d57ba713628f3f1ef5ef204b6d76d2fc0.jpg?1788875151,Crystal,28,0,VPR
Mhia Mewrilah,26716262,275,273,Omega,Chaos,100,0,6b70c463b87dca3437d37504f74aad3b_39e25ac3d737c46452305eefe324372cfc0.jpg?1788876747,Crystal,27,0,UNK
Xiex Xie,40733160,276,274,Zodiark,Light,100,0,f253e0943a65dac103a6dfd764a01f52_c274370774c6bc3483cc8740805f41bcfc0.jpg?1788876155,Crystal,25,0,MIN
Ebin Almsivi,35310847,277,275,Shiva,Light,100,0,0c72e527d2d86c2ee8f4698832e880b5_3fbff0e6b620e4d259dc427abc6574dafc0.jpg?1788877929,Crystal,23,0,PLD
Yuumi Fish,25707217,278,276,Cerberus,Chaos,100,0,1a7ebbda26c28eb61f262b9fb37e8c6e_777c57311d510ca65dac3c1077dee435fc0.jpg?1788876945,Crystal,18,0,DNC
Zhinna Maya,8219011,279,277,Odin,Light,100,0,b96bc839d3db0d26e61bf4b24282c925_644311b63b607133c989d7c1188467dafc0.jpg?1788875073,Crystal,15,0,WAR
Autuas Au,37357840,280,278,Phantom,Chaos,100,0,5c8929453beb42fb1a167e93eca11abf_f0a43d6e5eea19af337a176e9836acddfc0.jpg?1788877854,Crystal,13,0,UNK
Skaia Enirim,54107195,281,279,Phantom,Chaos,0,0,6e5d7cb14c89fb82a873ae38f4c26491_f0a43d6e5eea19af337a176e9836acddfc0.jpg?1788875409,Diamond,281,0,DNC
Athena Olympe,44680885,282,280,Sagittarius,Chaos,0,0,7e7afe9e9cebc29cee3220c1e0530540_44ca0844398b2d010d8cd4a31ddb023dfc0.jpg?1788877202,Diamond,203,0,UNK
Lo Enha,27971408,283,0,Moogle,Chaos,0,0,5236c7cc585f6b9213e6d33f05e78c61_d7a9d5f85a29d6278ec1c7adc2c8d242fc0.jpg?1788877187,Diamond,148,7,BLM
Sangon Yukihoshi,11533024,284,281,Raiden,Light,0,0,d5814159d4f4b2afaa562891375a7b01_a370664d98f658f4ed4e620f378f73cdfc0.jpg?1788875467,Diamond,133,9,PLD
Lu Mi,47806406,285,282,Raiden,Light,0,0,c8d19bad38e9523a4db779b2bf514973_a370664d98f658f4ed4e620f378f73cdfc0.jpg?1788878006,Diamond,83,0,MNK
Rave Bae,47220633,286,283,Alpha,Light,0,0,e640b0d43fa0078b032cbecc50b4e94c_6132295fcf5570fb8b0a944ef322a598fc0.jpg?1788875824,Diamond,73,0,WHM
Libitina Incarne,53924694,287,0,Phantom,Chaos,0,0,43b10121c131b468c3e5c5fe3569ab0e_f0a43d6e5eea19af337a176e9836acddfc0.jpg?1788874962,Diamond,48,17,MCH
Paper Planes,59055005,288,284,Raiden,Light,0,0,1b7fc8e62eb37ebc10e0b203856e161c_a370664d98f658f4ed4e620f378f73cdfc0.jpg?1788878301,Diamond,21,0,DRG
Naralis A'roihan,35460975,289,286,Odin,Light,0,0,39833ac3dfdbb3ea64ab911763fea294_644311b63b607133c989d7c1188467dafc0.jpg?1788874970,Diamond,328,0,SCH
Tsu Kee,47596814,290,287,Zodiark,Light,0,0,df5063d6db141a1bc921d4623e08a366_c274370774c6bc3483cc8740805f41bcfc0.jpg?1788877401,Diamond,280,1,DNC
Lins Rehw-marouc,14630657,291,297,Odin,Light,0,0,6613def0ffe04fb55813301bfc92a2af_644311b63b607133c989d7c1188467dafc0.jpg?1788878029,Diamond,215,6,MNK
Vesper Lux,39986527,292,288,Phoenix,Light,0,0,3ffa8cf173ca00c6bd21dc61c1a7850f_5047bc596a4bab2dc7f7c120bb22dec5fc0.jpg?1788875166,Diamond,191,0,PLD
Jalsket Pirated,40728416,293,289,Zodiark,Light,0,0,18ffb968d4a5a0c03d5e251516a2c3aa_c274370774c6bc3483cc8740805f41bcfc0.jpg?1788877941,Diamond,133,0,WHM
Uraraka Lunae,19968499,294,290,Louisoix,Chaos,0,0,87178981b631653f4905b195c6c49583_0a122616f3718d3f45cab10fd8fc1604fc0.jpg?1788875808,Diamond,106,0,SAM
Shizuna Kha,34044483,295,0,Sagittarius,Chaos,0,0,6aba21e5b013fb13d6b90ad356453c58_44ca0844398b2d010d8cd4a31ddb023dfc0.jpg?1788877730,Diamond,85,1,SGE
Athena Divinita,29936247,296,291,Raiden,Light,0,0,d3fb26737b874d6c865e1ff9ba20a651_a370664d98f658f4ed4e620f378f73cdfc0.jpg?1788875957,Diamond,75,0,WHM
Alex Bean,24788739,297,292,Zodiark,Light,0,0,6aa5d269d2362413ba9a055f7c8f6704_c274370774c6bc3483cc8740805f41bcfc0.jpg?1788875085,Diamond,60,0,SMN
Rei Morow,28187368,298,293,Raiden,Light,0,0,3f9c2b5b08b9fdb4c7d188d33979cea6_a370664d98f658f4ed4e620f378f73cdfc0.jpg?1788875001,Diamond,57,0,UNK
Kaomi Silver's,31290391,299,294,Phantom,Chaos,0,0,239fcc464702423d7f9ce8c7854a4fc3_f0a43d6e5eea19af337a176e9836acddfc0.jpg?1788877680,Diamond,44,0,MCH
Irmele Elandris,13301011,300,295,Odin,Light,0,0,545d79c172c687ee4ac495ceca89d9dd_644311b63b607133c989d7c1188467dafc0.jpg?1788876268,Diamond,35,0,MIN
Makina Belg,23683223,1,0,Belias,Meteor,4686,0,ffed281791b6f91e5a2000e4917cfeeb_894c4bd0beab2e2beb44b74f4c4bd206fc0.jpg?1788877022,Ultima,221,0,MNK
Yurugi Koyurugi,29769522,2,0,Belias,Meteor,4440,0,ce65dfc48d522a7a126208d94cdc2852_894c4bd0beab2e2beb44b74f4c4bd206fc0.jpg?1788878241,Ultima,106,0,PLD
Paker Zuka,35106373,3,0,Bahamut,Gaia,4263,3,1dfba22310e23cd21bd3a7481bf928e1_86da943caa70c8694707ab2ff74e68c9fc0.jpg?1788877670,Ultima,138,2,UNK
Djinn Piston,44999217,4,0,Durandal,Gaia,4159,0,f34e66517ae3b26262c9b4f09835c5a0_806ea5b45071d5cd6bf393e38462ee71fc0.jpg?1788877869,Ultima,143,0,MNK
Sensei Jyutusi,20995129,5,0,Chocobo,Mana,4090,0,218ddf1e9e095da9f0b9d5866f9f2d80_781d6b3603312f6be41670afa37282e0fc0.jpg?1788876143,Ultima,163,0,BTN
Kim Shin,2354630,6,0,Masamune,Mana,4076,0,9d6bba308f1c44ad24883a9717b4d480_134930215abb8a90ec37d6cc05b05e08fc0.jpg?1788877775,Ultima,89,0,SAM
Happo Hapo,59173770,7,0,Pandaemonium,Mana,4052,0,8d06d5697fa5f35516e08e77ecb4eff8_470db1bf2e865f9130531fea40b61ee4fc0.jpg?1788875041,Ultima,125,0,VPR
Rein Asshe,17170082,8,0,Ultima,Gaia,3854,0,f9ab83c24ecb748f4dad2b1415364524_9df1b3cb0da35db33c17ef11ddf12adafc0.jpg?1788877640,Omega,118,7,AST
Seraki Matsushima,43566777,9,0,Ixion,Mana,3836,0,1e4675de3ee8e4d8e053dede59297104_7126768d768f6c6c7fed3eaee98c3a8afc0.jpg?1788877208,Omega,124,0,PCT
K' R',8489348,10,0,Chocobo,Mana,3774,0,38834b79bf39846f80b605b4a592c2eb_781d6b3603312f6be41670afa37282e0fc0.jpg?1788877952,Omega,226,10,AST
Sorin Maki,53900927,11,0,Durandal,Gaia,3751,0,b0d4570e39585eb6b5ba7458ff8781a7_806ea5b45071d5cd6bf393e38462ee71fc0.jpg?1788874878,Omega,129,2,MNK
Vivi Ann,4766157,12,0,Kujata,Elemental,3745,0,9543e197b2faf03aa21058f9deedc408_72c48f093f2278ac3243962d3eb6a8d7fc0.jpg?1788876547,Omega,267,8,SCH
Robs Wiz,47501636,13,0,Aegis,Elemental,3729,0,24b0e4e155ae76da2a553003980ac156_3ea38e723c590aabf186367e1eb7e6a1fc0.jpg?1788875266,Omega,377,5,DRG
Rex Cold,46340519,14,0,Bahamut,Gaia,3607,0,5a590acfa6bbe6cddd1eb5143c7070f2_86da943caa70c8694707ab2ff74e68c9fc0.jpg?1788875879,Omega,248,0,UNK
Shien Tia,43209576,15,0,Ixion,Mana,3580,0,bd7a6b413b4e6770e7c2860d540ae37a_7126768d768f6c6c7fed3eaee98c3a8afc0.jpg?1788878087,Omega,64,0,BRD
Hyunsik Lee,59757026,16,0,Typhon,Elemental,3571,0,d171f47402375bca99a35c72ebcb7e48_32d8c9c7cd5f62d62da2d31b6750a680fc0.jpg?1788875435,Omega,197,0,DNC
Ciel Cocco,27192023,17,0,Anima,Mana,3568,0,05df3829299dc9e3c4ba0bceb512525a_2f698530a28d671d20278c8518c804c9fc0.jpg?1788876303,Omega,277,0,SGE
Aizen Sosuke,46625154,18,0,Asura,Mana,3523,0,084fe9c7ee753ba32657d9e49b4edde5_53f1445a9f28799a32ea55f046319fc3fc0.jpg?1788877605,Omega,169,0,UNK
Emil Sarasun,7191072,19,0,Asura,Mana,3514,0,052a2527c0dee23533f8162c40d66898_53f1445a9f28799a32ea55f046319fc3fc0.jpg?1788878095,Omega,152,0,PLD
Merry Scrald,11886780,20,0,Belias,Meteor,3481,106,7bfbd82582fd003bc514339935d874a7_894c4bd0beab2e2beb44b74f4c4bd206fc0.jpg?1788877302,Omega,111,9,WAR
Kite Free,28865954,21,0,Kujata,Elemental,3360,0,b602646591e3d050094503c65590ee4c_72c48f093f2278ac3243962d3eb6a8d7fc0.jpg?1788877803,Omega,48,0,SGE
Nicku Nicku,18939474,22,25,Tonberry,Elemental,3296,104,c713d7a775bba8adf5d47b2630f63674_7bb6b1e488f0e4f01c5314d010b60f31fc0.jpg?1788875948,Omega,64,4,UNK
Wuruwuru Yaya,19903532,23,22,Asura,Mana,3281,0,c4dcc6326814217e41a2636e5dd8eea3_53f1445a9f28799a32ea55f046319fc3fc0.jpg?1788874999,Omega,301,19,NIN
Rya Myosotisy,44244496,24,37,Asura,Mana,3278,202,d39af5863481d80b66f4fe05bf80d003_53f1445a9f28799a32ea55f046319fc3fc0.jpg?1788877207,Omega,155,4,MNK
Yumichin Nekoangel,11505114,25,40,Chocobo,Mana,3268,281,43e39ba4314b9f81eb1067f163d33ed5_781d6b3603312f6be41670afa37282e0fc0.jpg?1788877842,Omega,57,7,RPR
Atsu Bow,47953241,26,23,Mandragora,Meteor,3265,0,a397b9893231105b4549ed9a8721c60a_ee738654add55c3d07ea92d8e108074cfc0.jpg?1788875287,Omega,352,0,DRG
Hatozo Ito,39455624,27,24,Typhon,Elemental,3242,0,a2de1cbebb1230e8f11f0fa765df7d0f_32d8c9c7cd5f62d62da2d31b6750a680fc0.jpg?1788876639,Omega,203,0,RDM
Ame Ame,53697484,28,35,Titan,Mana,3214,119,93d3d9e0c4003776bb652473d623797e_e2bb3f9679fec6d4836fcf8abcc3eeacfc0.jpg?1788877566,Omega,156,10,UNK
Fania Eckert,2837251,29,26,Titan,Mana,3179,0,7177d6fdd5036eebc72834f8376cd1cf_e2bb3f9679fec6d4836fcf8abcc3eeacfc0.jpg?1788876880,Omega,271,3,WHM
Gogant Gogant,24052697,30,27,Atomos,Elemental,3160,0,9b2637d94cc0b341ddad961722026fdf_cf768a751b1f5e355c2fd39a9ed91f3ffc0.jpg?1788875406,Omega,138,0,SAM
Lancer Yan,18545180,31,28,Fenrir,Gaia,3158,0,b5d95c2f29f83c258c8ed96425acd32b_d384cf5ad7db803f29799f36ebbc3eadfc0.jpg?1788876280,Omega,84,0,NIN
Yo Na,52935364,32,43,Fenrir,Gaia,3153,197,2517fd5dbad75617e546949761815db9_d384cf5ad7db803f29799f36ebbc3eadfc0.jpg?1788876303,Omega,100,7,NIN
Khelby Trickster,1496735,33,29,Gungnir,Elemental,3149,0,fde8b59fda65550661c58e15a9026a06_8f82f937943b6baf4c565020d5eba0ccfc0.jpg?1788875153,Omega,176,2,PCT
Tam Sin,26754914,34,30,Ultima,Gaia,3144,0,4e875947aa4b95d1be857096f32d4ae8_9df1b3cb0da35db33c17ef11ddf12adafc0.jpg?1788877997,Omega,105,0,SAM
Hollow Crown,59144034,35,31,Chocobo,Mana,3143,0,b91b6512544e8803d649622f67e53eab_781d6b3603312f6be41670afa37282e0fc0.jpg?1788876304,Omega,58,0,SAM
Lil Latte,55025559,36,32,Anima,Mana,3130,0,2d01c7e9c74b9faebdd6d9ece7c9eb4a_2f698530a28d671d20278c8518c804c9fc0.jpg?1788878170,Omega,297,0,UNK
Tarex Youva,26374295,37,33,Tonberry,Elemental,3127,0,7dad78de32b2e7e31077d03f095a81ac_7bb6b1e488f0e4f01c5314d010b60f31fc0.jpg?1788877899,Omega,298,4,SMN
World Travel,26227053,38,34,Asura,Mana,3101,0,8c5accf240d0634c0fb1fde191afedb7_53f1445a9f28799a32ea55f046319fc3fc0.jpg?1788876797,Omega,67,0,NIN
Wonton Starlight,27496660,39,36,Chocobo,Mana,3077,0,8d6c3f0a6f695cdc94b9234b6c28be22_781d6b3603312f6be41670afa37282e0fc0.jpg?1788878315,Omega,275,0,RPR
Tsuchi Tsuki,39089046,40,38,Bahamut,Gaia,3056,0,032858264c706c6341f57dbef9e86da1_86da943caa70c8694707ab2ff74e68c9fc0.jpg?1788878350,Omega,99,0,DRK
Kappi Scarlet,11922639,41,39,Asura,Mana,2989,0,820f32c739a02029fdacf6c96cbf1fa4_53f1445a9f28799a32ea55f046319fc3fc0.jpg?1788874846,Omega,232,0,RPR
Shining Star,60899272,42,41,Typhon,Elemental,2966,0,691eeafc0853bd2b215c57b64edd3a71_32d8c9c7cd5f62d62da2d31b6750a680fc0.jpg?1788875983,Omega,241,10,MNK
Noin Kurial,23981966,43,42,Asura,Mana,2961,0,83830f722858537d3bbdd6afabacaa3d_53f1445a9f28799a32ea55f046319fc3fc0.jpg?1788877018,Omega,58,0,PLD
Xignas Schwalbe,2577287,44,0,Anima,Mana,2955,0,726f737868161a35f25fb4e06bccf08e_2f698530a28d671d20278c8518c804c9fc0.jpg?1788875775,Omega,192,8,VPR
Bakeke Bake,40527195,45,0,Asura,Mana,2953,0,2df47416611081755cf9e0cd7c586afa_53f1445a9f28799a32ea55f046319fc3fc0.jpg?1788877152,Omega,172,2,WAR
Dome Violet,45179152,46,0,Masamune,Mana,2918,0,a95c15ebd393e5497d6641d375ec02b1_134930215abb8a90ec37d6cc05b05e08fc0.jpg?1788877193,Omega,217,0,BRD
Endless Summer,36558820,47,0,Tiamat,Gaia,2905,0,0079a66433e68b1f473c7487944a4d3d_9f10d335198e90990f3437c5733468e7fc0.jpg?1788877317,Omega,257,3,WHM
Inx Chrono,21920611,48,0,Yojimbo,Meteor,2901,6,83c01df24231dda93176c28e69768459_4a92c619bde4f34cfa77e05fef21ad85fc0.jpg?1788876646,Omega,371,12,BLM
Zsika Mu',18898369,49,56,Ridill,Gaia,2894,100,ed7f8569bf4537dfd9f2ea953ad59e8a_138751880f18161a907d7cf0faa43f07fc0.jpg?1788877813,Omega,70,6,UNK
Pero Noir,27109057,50,49,Ultima,Gaia,2883,0,889b0b13f93f702d3df91ec97e272102_9df1b3cb0da35db33c17ef11ddf12adafc0.jpg?1788877098,Omega,86,1,PCT
Sura Imo,25164389,51,50,Shinryu,Meteor,2881,0,d2cd07ab0f766e9dd870046dcc7fae97_87b7d447f40b06dfc7228caf195f7dcffc0.jpg?1788875828,Omega,52,0,MCH
Lukos Vulpes,47911699,52,91,Tonberry,Elemental,2871,403,73775fb852b03d1976eaab2425fb9a4c_7bb6b1e488f0e4f01c5314d010b60f31fc0.jpg?1788877594,Omega,95,7,SMN
Furanzeska Sumeragi,8414050,53,51,Tonberry,Elemental,2858,0,7300d72d23103eb5494b3e21bf99b3b6_7bb6b1e488f0e4f01c5314d010b60f31fc0.jpg?1788876926,Omega,129,12,RDM
Akatuki Re,22410327,54,52,Carbuncle,Elemental,2857,0,b3e601fbc493d7bc642faec11f3c05fb_9eb3c19866f7ae0eeeffac7bf770aba5fc0.jpg?1788877519,Omega,188,0,RDM
Lilica Astadir,3503219,55,53,Valefor,Meteor,2855,0,5af5f880cbf4a0fb2fc785912a217eae_485f4777c38002871591fb54f27edc65fc0.jpg?1788875231,Omega,143,0,DRG
Soujirou Seta,4110224,56,54,Tonberry,Elemental,2836,0,7453a7542d76520abe9dd8dcc3572b78_7bb6b1e488f0e4f01c5314d010b60f31fc0.jpg?1788876830,Omega,208,0,NIN
Scrambledegg Man,49825055,57,55,Atomos,Elemental,2795,0,1299b45b377e351257f93184002c1b42_cf768a751b1f5e355c2fd39a9ed91f3ffc0.jpg?1788876448,Omega,60,0,MCH
Piccolo Saaaaann,23336998,58,57,Asura,Mana,2789,0,efa27fc6ea5fa0a09f429159c3346a0f_53f1445a9f28799a32ea55f046319fc3fc0.jpg?1788875582,Omega,451,13,VPR
Neneco Neko,60257588,59,58,Ultima,Gaia,2784,0,d410b53bdce1036d1d4331de5dd4f44e_9df1b3cb0da35db33c17ef11ddf12adafc0.jpg?1788877326,Omega,103,0,GSM
Nocturne Midnightblue,55368101,60,59,Asura,Mana,2763,0,e9f7726a264875c782e0384932dbf161_53f1445a9f28799a32ea55f046319fc3fc0.jpg?1788875189,Omega,116,10,SMN
Envy Lua,43034484,61,60,Valefor,Meteor,2751,0,e7cd2d55788c0aa6cbc5b71284096360_485f4777c38002871591fb54f27edc65fc0.jpg?1788877906,Omega,203,10,PCT
Ardlan Vorlesh,45102526,62,64,Asura,Mana,2746,87,04bfc027079d355fc717e8ec9a4b5f9e_53f1445a9f28799a32ea55f046319fc3fc0.jpg?1788876350,Omega,148,4,DRG
Lan Dame-celot,31839759,63,61,Ifrit,Gaia,2731,0,c278e5b98fa396fbc950aeafdb5aaee8_f9f796348bc43067c7242ec4551cde69fc0.jpg?1788875348,Omega,74,0,RPR
Deisia Touna,31397456,64,68,Mandragora,Meteor,2707,99,f9bdcbbd105a361017ee7dd26bde2ea6_ee738654add55c3d07ea92d8e108074cfc0.jpg?1788878292,Omega,286,6,WHM
Piggy Walk,49739992,65,62,Alexander,Gaia,2692,0,3e967d228a864beca527f7f9e1561cb0_b7a71d8799cf6dd75b711a7f52de6675fc0.jpg?1788878168,Omega,77,0,GNB
Morumi Rumi,5819525,66,63,Fenrir,Gaia,2673,0,819c0240b9b23eef1ed8fc2d0f39d94f_d384cf5ad7db803f29799f36ebbc3eadfc0.jpg?1788877533,Omega,75,0,UNK
Mame Poporu,22836070,67,109,Ixion,Mana,2667,298,a886d90317b0e4205db7046757e57e53_7126768d768f6c6c7fed3eaee98c3a8afc0.jpg?1788877961,Omega,77,3,DRK
Imlink Rr,46726473,68,65,Bahamut,Gaia,2636,0,6c9ffcd32b7d78e8b7e09c63d130ef2a_86da943caa70c8694707ab2ff74e68c9fc0.jpg?1788875108,Omega,330,2,MCH
Death-by Glamour,50007656,69,66,Fenrir,Gaia,2630,0,73746aab8b21d5917fab43f4db6f35aa_d384cf5ad7db803f29799f36ebbc3eadfc0.jpg?1788875778,Omega,70,0,UNK
Tango Ngo,47753273,70,67,Alexander,Gaia,2629,0,c8ff6406f324ec51842e0a491ba1e4fa_b7a71d8799cf6dd75b711a7f52de6675fc0.jpg?1788877048,Omega,249,23,VPR
Tiger Rutata,23825437,71,82,Asura,Mana,2624,111,a69a7fd0c20bbbd51ddf7cc27af7921e_53f1445a9f28799a32ea55f046319fc3fc0.jpg?1788877795,Omega,191,12,RDM
Erik Bural,20508529,72,69,Hades,Mana,2603,0,2ca5bed0ca0e49f68c7ca14062e0bacc_a4730651230dd43cb129562a30d531aefc0.jpg?1788877267,Omega,490,0,SMN
Peng In,60228501,73,80,Bahamut,Gaia,2598,60,871397d65bde709b44c83fca4e18a1b3_86da943caa70c8694707ab2ff74e68c9fc0.jpg?1788878046,Omega,203,10,SMN
Okome Justice,58734775,74,70,Durandal,Gaia,2594,0,3589d26a22faffebd4c39812822aab8a_806ea5b45071d5cd6bf393e38462ee71fc0.jpg?1788875924,Omega,50,0,BRD
Mun- Mutyo,18063500,75,71,Bahamut,Gaia,2580,0,870df3b6a4306c3c3de44d72fc9a577d_86da943caa70c8694707ab2ff74e68c9fc0.jpg?1788875605,Omega,224,0,SCH
Sono Ta,49701933,76,72,Shinryu,Meteor,2574,0,c5fbe5dc524e8f9d2eb8b7c350df2a00_87b7d447f40b06dfc7228caf195f7dcffc0.jpg?1788875599,Omega,48,0,DRK
Sead Slendisch,27788989,77,73,Asura,Mana,2573,0,c9bd1276c77cf644ce955ce68575aa37_53f1445a9f28799a32ea55f046319fc3fc0.jpg?1788875856,Omega,209,0,SGE
Shamia Lafihna,19352479,78,74,Hades,Mana,2573,0,d0039c35e86ce2926331c5c708ef39f6_a4730651230dd43cb129562a30d531aefc0.jpg?1788875700,Omega,126,0,VPR
Fennel Earltea,21886406,79,75,Typhon,Elemental,2566,0,4e8f23f97ca17b02271d5d67829e204d_32d8c9c7cd5f62d62da2d31b6750a680fc0.jpg?1788878059,Omega,170,17,AST
Kon Ganajai,30153993,80,178,Yojimbo,Meteor,2566,498,c4c400194f1226d993c42245f1f4b554_4a92c619bde4f34cfa77e05fef21ad85fc0.jpg?1788875585,Omega,94,10,SAM
Elisa Wolframite,18964939,81,94,Hades,Mana,2565,102,5582934bb6b94d50874d7d241225aa74_a4730651230dd43cb129562a30d531aefc0.jpg?1788874936,Omega,241,3,RPR
Hosi Lumier,20014623,82,76,Ridill,Gaia,2555,0,126e42d301322000c4e965281e8f7098_138751880f18161a907d7cf0faa43f07fc0.jpg?1788876717,Omega,226,5,BRD
Ml Tei,47822875,83,108,Alexander,Gaia,2554,184,259bd72e639c252e3e6ab819661c07a6_b7a71d8799cf6dd75b711a7f52de6675fc0.jpg?1788877569,Omega,75,4,BLM
Kageto Magatsuki,36052369,84,77,Ultima,Gaia,2551,0,c99eebd98f0729313042324985a6fc9a_9df1b3cb0da35db33c17ef11ddf12adafc0.jpg?1788877598,Omega,125,8,MIN
Sukoya Mihirogi,42042279,85,78,Anima,Mana,2541,0,58dacb01c0c75e38125f892840beb026_2f698530a28d671d20278c8518c804c9fc0.jpg?1788877963,Omega,157,0,NIN
Aman Kaharmine,37434311,86,79,Belias,Meteor,2538,0,7fa9aa672753e286a5710cf338755727_894c4bd0beab2e2beb44b74f4c4bd206fc0.jpg?1788877784,Omega,443,10,UNK
Yo Mono,29638044,87,81,Mandragora,Meteor,2530,0,f5b980a3f8621a5100e92963a63030bb_ee738654add55c3d07ea92d8e108074cfc0.jpg?1788877995,Omega,181,19,AST
Inori Chan,54439983,88,83,Asura,Mana,2502,0,924e00538b2fef48f1ddd6b463e8f7ef_53f1445a9f28799a32ea55f046319fc3fc0.jpg?1788877165,Omega,42,0,VPR
Jay Eins,3930926,89,84,Chocobo,Mana,2499,0,31d212c5602873cad51c02ca3a1707f4_781d6b3603312f6be41670afa37282e0fc0.jpg?1788876994,Omega,66,0,DRG
He Ro,57048881,90,85,Ultima,Gaia,2494,0,1988e9fc4df817df742388c245715b40_9df1b3cb0da35db33c17ef11ddf12adafc0.jpg?1788874778,Omega,734,13,UNK
Elosie Ue,46030616,91,86,Bahamut,Gaia,2493,0,cdd278ec7274c3a04f790d4954079c53_86da943caa70c8694707ab2ff74e68c9fc0.jpg?1788877992,Omega,140,2,SGE
Syaharu Rau,42277277,92,87,Ultima,Gaia,2493,0,2fc2311e22f50bf5f2604260eee05be9_9df1b3cb0da35db33c17ef11ddf12adafc0.jpg?1788875497,Omega,123,5,DRG
Primlock Griffyn,37385266,93,88,Tonberry,Elemental,2492,0,89c0dfc59ff658981baaccf8c8d2b22b_7bb6b1e488f0e4f01c5314d010b60f31fc0.jpg?1788878159,Omega,162,0,VPR
Mialulu Sabotage,33714151,94,89,Tiamat,Gaia,2485,0,ed107570ce5fd9ee695034c45ef4d395_9f10d335198e90990f3437c5733468e7fc0.jpg?1788876491,Omega,59,0,SAM
Hei Meiling,1856397,95,90,Anima,Mana,2477,0,4629fe3ae75d216d2429582d28bd3a7b_2f698530a28d671d20278c8518c804c9fc0.jpg?1788875706,Omega,95,0,MNK
Wolten Rema,17758406,96,92,Yojimbo,Meteor,2467,0,7f56f4547e5e3e1528ebc681d9618464_4a92c619bde4f34cfa77e05fef21ad85fc0.jpg?1788877845,Omega,79,0,PCT
Sophia' Yule,26382957,97,93,Unicorn,Meteor,2467,0,121f584b89f4420ffef15e271fc8c0a3_393eb74047bb90c8d80dea54218430eefc0.jpg?1788877206,Omega,62,0,UNK
Shiman Chu,38475144,98,95,Yojimbo,Meteor,2463,0,4cb93a24c937da83418345140d361e9b_4a92c619bde4f34cfa77e05fef21ad85fc0.jpg?1788876059,Omega,221,0,SAM
Ui Thrix,39291749,99,96,Chocobo,Mana,2463,0,08b70654c7812f561afc700e0756319a_781d6b3603312f6be41670afa37282e0fc0.jpg?1788876777,Omega,126,0,PCT
Laviera Rose,60788095,100,97,Masamune,Mana,2454,0,137281dbfd05a8698e1b5b46cb1d6d03_134930215abb8a90ec37d6cc05b05e08fc0.jpg?1788876068,Omega,53,0,RPR
Ruru Rururun,41786182,101,98,Ifrit,Gaia,2452,0,3fd0ff0d0e58f6a761a54eebd33b7bc6_f9f796348bc43067c7242ec4551cde69fc0.jpg?1788875062,Omega,558,0,UNK
Black' Cat,27132360,102,99,Ifrit,Gaia,2427,3,25f0dd65be1cf71e9e26e0bcc0dc271f_f9f796348bc43067c7242ec4551cde69fc0.jpg?1788875481,Omega,241,7,DRK
Aborigini Eve,41231646,103,100,Durandal,Gaia,2413,0,f51909d0dbf287a0c5ad1041eb658fcd_806ea5b45071d5cd6bf393e38462ee71fc0.jpg?1788874933,Omega,132,0,SGE
Aria Canon,1030539,104,143,Pandaemonium,Mana,2404,193,c643f10c86a1dec8fe0358a24454dab6_470db1bf2e865f9130531fea40b61ee4fc0.jpg?1788875812,Omega,323,3,AST
Ed Xii,61003934,105,101,Zeromus,Meteor,2401,0,abe7e4f5eb6a0af4b416d2bf4f34ef4d_c76848359d0b4d2f37aefbb9903ed97bfc0.jpg?1788876507,Omega,57,0,PLD
Yuu Utsu,26831533,106,102,Garuda,Elemental,2399,0,aed9bb13f4dad6a80690e4d58ee69af3_fcb1f5b0249d1069e5bdc66d0796f26afc0.jpg?1788877410,Omega,48,0,SCH
Yuki Yui,25457703,107,103,Ultima,Gaia,2392,0,53e27d2153b5d4878ef23b1326589ff5_9df1b3cb0da35db33c17ef11ddf12adafc0.jpg?1788875795,Omega,208,0,UNK
Kid Whew,62106062,108,104,Aegis,Elemental,2389,0,798e57e3e43ece4b4a8d6028b89dcfe3_3ea38e723c590aabf186367e1eb7e6a1fc0.jpg?1788877218,Omega,221,0,AST
Sweetbleed Viras,56084804,109,122,Ridill,Gaia,2385,100,98404495f2c5b2af87b2eb9ff9b3aaf0_138751880f18161a907d7cf0faa43f07fc0.jpg?1788877779,Omega,186,4,VPR
Lucy Tave,5530448,110,105,Durandal,Gaia,2382,0,fd7ea485d2ba7644c76c49d7b00fce24_806ea5b45071d5cd6bf393e38462ee71fc0.jpg?1788877918,Omega,795,12,MNK
Tige Noir,13429005,111,106,Ridill,Gaia,2378,0,92cf71f8edc971b0656a49db62280b09_138751880f18161a907d7cf0faa43f07fc0.jpg?1788874943,Omega,295,0,DNC
Yoochan Fantasy,30892468,112,107,Anima,Mana,2371,0,179b316106d60bb1488917ac1c45548c_2f698530a28d671d20278c8518c804c9fc0.jpg?1788877794,Omega,73,0,DRK
Taroe Kobuta,8734523,113,110,Kujata,Elemental,2367,0,821347c202f7d7d6b676bd393bcdfdae_72c48f093f2278ac3243962d3eb6a8d7fc0.jpg?1788875028,Omega,377,0,RPR
Minisuta Blood,24769179,114,111,Atomos,Elemental,2360,0,851ddd354ea9b3a8e623078a0f4d8a05_cf768a751b1f5e355c2fd39a9ed91f3ffc0.jpg?1788875642,Omega,39,0,DRK
Pallas Athene,2406168,115,135,Shinryu,Meteor,2357,99,53bb581fc41367c292fd90f3c8eafe9f_87b7d447f40b06dfc7228caf195f7dcffc0.jpg?1788877897,Omega,53,4,SCH
Aries San,12460047,116,112,Tiamat,Gaia,2352,0,00a39e6a3c0cb6e9529ffdf15a10dadb_9f10d335198e90990f3437c5733468e7fc0.jpg?1788875494,Omega,113,0,DRK
Aurora Duskveil,14659861,117,113,Carbuncle,Elemental,2347,0,8d51113f06ccc3227a4928f8ab5ddee6_9eb3c19866f7ae0eeeffac7bf770aba5fc0.jpg?1788874931,Omega,165,0,SMN
Snow Albarn,25263326,118,114,Fenrir,Gaia,2341,0,fa179c06d46acce251bb94d22a05e931_d384cf5ad7db803f29799f36ebbc3eadfc0.jpg?1788876123,Omega,214,1,UNK
Aquamarine Freyja,30360317,119,161,Titan,Mana,2335,199,0dfd1b818fb45dff90b6c17b14b71318_e2bb3f9679fec6d4836fcf8abcc3eeacfc0.jpg?1788875051,Omega,172,3,MNK
Ren Chamx,43411675,120,115,Chocobo,Mana,2324,0,d14faf3557b40f62c1fd8e9103ff0ca1_781d6b3603312f6be41670afa37282e0fc0.jpg?1788876754,Omega,211,0,MNK
Ritsu Nikuno,23932877,121,116,Alexander,Gaia,2316,0,5ce857706fb6e7f76dd30d1ef38e16f7_b7a71d8799cf6dd75b711a7f52de6675fc0.jpg?1788875844,Omega,73,1,WAR
Yan Yan,3182501,122,117,Alexander,Gaia,2305,0,5cd079575de2bd01f87a188c93738695_b7a71d8799cf6dd75b711a7f52de6675fc0.jpg?1788874941,Omega,107,0,NIN
Basta Reno,31797927,123,118,Carbuncle,Elemental,2305,0,22b32c1986bb9c2732e5f877f7cbdbd6_9eb3c19866f7ae0eeeffac7bf770aba5fc0.jpg?1788877604,Omega,82,4,VPR
Kaede Felis,33728274,124,119,Typhon,Elemental,2300,0,40686a32bf2ab631ff7e7677fc614cb3_32d8c9c7cd5f62d62da2d31b6750a680fc0.jpg?1788875290,Omega,130,0,DRG
Walter Winston,3431710,125,120,Fenrir,Gaia,2300,0,bee8390354426d2c1d42d687a0de29d5_d384cf5ad7db803f29799f36ebbc3eadfc0.jpg?1788877811,Omega,129,0,WAR
Ku Chan,35624538,126,121,Shinryu,Meteor,2290,0,c563ef5b623babbcbf7d852a7e64c31e_87b7d447f40b06dfc7228caf195f7dcffc0.jpg?1788877667,Omega,81,1,WHM
Jack O'brian,12218514,127,152,Valefor,Meteor,2287,103,c75b51feaef2edd8ae7e838fdfef63ae_485f4777c38002871591fb54f27edc65fc0.jpg?1788877950,Omega,58,12,MNK
Ai Shironuko,19976423,128,123,Kujata,Elemental,2284,0,7036fde037e0136275a64cfa690a558c_72c48f093f2278ac3243962d3eb6a8d7fc0.jpg?1788875591,Omega,51,0,DRG
Shion Amber,26147773,129,124,Unicorn,Meteor,2279,0,e2ecf01d14ce449e8393bc3f5dfc57f4_393eb74047bb90c8d80dea54218430eefc0.jpg?1788877610,Omega,39,0,AST
Aeritte Ravel,41831914,130,125,Carbuncle,Elemental,2275,0,56a646fd4b2eb086bf8c9d712567e62f_9eb3c19866f7ae0eeeffac7bf770aba5fc0.jpg?1788877668,Omega,230,0,NIN
Coffee Mint,29415966,131,126,Titan,Mana,2274,0,e5a147803c62c81952bc0c786dcfc3cb_e2bb3f9679fec6d4836fcf8abcc3eeacfc0.jpg?1788876525,Omega,891,18,WHM
Now Tarako,25271680,132,127,Belias,Meteor,2271,0,238a3ddced202809c65eaecd03eda2d1_894c4bd0beab2e2beb44b74f4c4bd206fc0.jpg?1788877963,Omega,124,0,DRG
Chi Pom,30745084,133,128,Hades,Mana,2270,0,45d248e450c3623965da94fa0aa12a58_a4730651230dd43cb129562a30d531aefc0.jpg?1788875840,Omega,94,0,WAR
Akki Noc,2298162,134,129,Alexander,Gaia,2265,0,4a145f36c7316e0d32845d32af5e92bd_b7a71d8799cf6dd75b711a7f52de6675fc0.jpg?1788877700,Omega,205,16,SGE
Lain Wired,1578110,135,130,Chocobo,Mana,2263,0,51b29015827612eb3c28c2c8dd0f43ef_781d6b3603312f6be41670afa37282e0fc0.jpg?1788877277,Omega,326,1,UNK
Lupinus Lily,33777966,136,131,Ultima,Gaia,2263,0,6f019b443ab48375b1bcc5e5aa0debf9_9df1b3cb0da35db33c17ef11ddf12adafc0.jpg?1788876625,Omega,94,0,GNB
Kuno Cadenzavnaeve,42178142,137,132,Ifrit,Gaia,2262,0,85baa25ca299e93ef56226f40814f03b_f9f796348bc43067c7242ec4551cde69fc0.jpg?1788876140,Omega,111,0,WAR
Jawa San,3768644,138,133,Titan,Mana,2261,0,6dc7f48778a077c0339870e942a79f2e_e2bb3f9679fec6d4836fcf8abcc3eeacfc0.jpg?1788877742,Omega,154,3,NIN
Dopa Gaki,19292121,139,134,Garuda,Elemental,2258,0,922b912ad0f37ed8d9f8bf6c33abd9ad_fcb1f5b0249d1069e5bdc66d0796f26afc0.jpg?1788875368,Omega,148,0,UNK
Tomato Mato,54649869,140,136,Ixion,Mana,2257,0,e417d4ddd5bd7df8155005f15bd1ab53_7126768d768f6c6c7fed3eaee98c3a8afc0.jpg?1788877922,Omega,66,0,UNK
Kupfdoen Mynaikoensyn,2336564,141,137,Garuda,Elemental,2249,0,89679647ba7b815cb23d73ae2d6050eb_fcb1f5b0249d1069e5bdc66d0796f26afc0.jpg?1788876802,Omega,182,2,BLM
Velvet Shilky,15655369,142,138,Anima,Mana,2244,0,988a0ec11e3b6bbbfc5478b0eab4b03f_2f698530a28d671d20278c8518c804c9fc0.jpg?1788876549,Omega,385,6,DNC
Hina Narumi,36489169,143,139,Masamune,Mana,2244,0,b92b3bffbe6d8e1f5f53a1f3735c1387_134930215abb8a90ec37d6cc05b05e08fc0.jpg?1788878284,Omega,69,0,WAR
Ciao' Chu-ru,46227731,144,140,Asura,Mana,2243,0,4407462a62eb8cb31cec691e9f214c86_53f1445a9f28799a32ea55f046319fc3fc0.jpg?1788875319,Omega,88,0,UNK
Warrior Second,23934727,145,141,Pandaemonium,Mana,2241,0,2ec7ca5ad015304a6059e8fa1756b8be_470db1bf2e865f9130531fea40b61ee4fc0.jpg?1788876739,Omega,203,0,RDM
Crystalline Conflict,56094564,146,142,Kujata,Elemental,2216,0,dcae5be360cd5ac359780dd998fbbf57_72c48f093f2278ac3243962d3eb6a8d7fc0.jpg?1788878031,Omega,160,0,UNK
Hibarii Maiden,2220475,147,144,Garuda,Elemental,2204,0,46a565a07005b1224b7facd2223d54b9_fcb1f5b0249d1069e5bdc66d0796f26afc0.jpg?1788875442,Omega,133,3,AST
Link Ring,55955379,148,145,Durandal,Gaia,2199,0,cd57a4705e19ebab4b3922b039f3a7b7_806ea5b45071d5cd6bf393e38462ee71fc0.jpg?1788876305,Omega,128,0,BLM
Hso Gkd,39936541,149,165,Asura,Mana,2195,99,4f7b0c3e146a0735f571292dfccd0adb_53f1445a9f28799a32ea55f046319fc3fc0.jpg?1788875960,Omega,77,1,MNK
Lazulim Langheim,1644495,150,146,Ultima,Gaia,2191,0,997660bb7160cf32fb6806926222d151_9df1b3cb0da35db33c17ef11ddf12adafc0.jpg?1788878134,Omega,40,5,NIN
Roric Thorne,59323169,151,147,Pandaemonium,Mana,2191,0,4ff669632484c5fdf241ea2b9f955435_470db1bf2e865f9130531fea40b61ee4fc0.jpg?1788876872,Omega,31,0,VPR
Mozambique Here,27514804,152,171,Masamune,Mana,2190,98,279d13db60cdd9d339d0c85385d703d5_134930215abb8a90ec37d6cc05b05e08fc0.jpg?1788876396,Omega,48,2,DRG
Anoma Loris,44038350,153,148,Valefor,Meteor,2186,0,57b0094511d082e7e7e8203d850b4159_485f4777c38002871591fb54f27edc65fc0.jpg?1788875641,Omega,119,0,DRK
Runa Angelic,45189036,154,149,Pandaemonium,Mana,2185,0,de7cc40eb09bdf14a96e8a0781fd0999_470db1bf2e865f9130531fea40b61ee4fc0.jpg?1788875184,Omega,102,0,AST
Inu- Pe-,42153397,155,150,Anima,Mana,2184,0,40c3101dfff66955ad4d9b06fda6e3a8_2f698530a28d671d20278c8518c804c9fc0.jpg?1788876157,Omega,387,0,SAM
Alt Sanktgallen,2143482,156,151,Mandragora,Meteor,2184,0,5c873dda3f483d96a474d6049544be77_ee738654add55c3d07ea92d8e108074cfc0.jpg?1788877605,Omega,158,1,WAR
Zero Ping,54411140,157,154,Aegis,Elemental,2184,2,0a9f6dc0852272c2afa163fb3e3573bc_3ea38e723c590aabf186367e1eb7e6a1fc0.jpg?1788874990,Omega,72,7,UNK
Wabi Suke,1601102,158,153,Asura,Mana,2183,0,355b0ae1cb512875c96e88afa06d36a7_53f1445a9f28799a32ea55f046319fc3fc0.jpg?1788877194,Omega,630,11,NIN
Liken Liekun,24806613,159,188,Shinryu,Meteor,2174,110,5aa5d27e0f5d07d19980648d6a9c2ba5_87b7d447f40b06dfc7228caf195f7dcffc0.jpg?1788874819,Omega,243,4,DRK
Kana Drouv,37418772,160,155,Mandragora,Meteor,2170,0,556bea70c6c70acf776be4041d191d92_ee738654add55c3d07ea92d8e108074cfc0.jpg?1788875122,Omega,41,0,PCT
Regret Weise,15486920,161,156,Fenrir,Gaia,2167,0,13172be4a1ad05d87f2b3a6e43f14d31_d384cf5ad7db803f29799f36ebbc3eadfc0.jpg?1788877984,Omega,115,3,DRK
Zwei Kreuz,14516450,162,157,Bahamut,Gaia,2162,0,367ea315b18ce50bb6f34a9ea77f3222_86da943caa70c8694707ab2ff74e68c9fc0.jpg?1788875270,Omega,45,0,UNK
Hana'ni Narou,55619969,163,158,Bahamut,Gaia,2154,0,6fed23863620c8b715cbb8ea2b38180f_86da943caa70c8694707ab2ff74e68c9fc0.jpg?1788875581,Omega,211,0,WAR
Tamago Crab,1576417,164,189,Chocobo,Mana,2143,80,0bce11216fe6e4e1cecfe7c969a1460f_781d6b3603312f6be41670afa37282e0fc0.jpg?1788875089,Omega,203,1,SMN
Aslan Miller,42003071,165,159,Ixion,Mana,2142,0,091d6880c471f9f4c412b704f952af81_7126768d768f6c6c7fed3eaee98c3a8afc0.jpg?1788877931,Omega,265,0,BRD
Sidurgu Obsidian,17768556,166,160,Garuda,Elemental,2139,0,19277f9e0fcd9432fb16b0e1cbad47a7_fcb1f5b0249d1069e5bdc66d0796f26afc0.jpg?1788877735,Omega,83,0,WHM
Mily Sara,23911809,167,162,Aegis,Elemental,2132,3,19086b376708852503d1ac9c2b293b8c_3ea38e723c590aabf186367e1eb7e6a1fc0.jpg?1788876215,Omega,312,2,PLD
Tsuki Umi,11484,168,163,Aegis,Elemental,2106,0,3aaaae6cddd9873011bc36ef76a0b349_3ea38e723c590aabf186367e1eb7e6a1fc0.jpg?1788877757,Omega,47,0,UNK
Silver Fish,1685472,169,164,Tiamat,Gaia,2097,0,d120e5c883044c27e047d03a08d44f81_9f10d335198e90990f3437c5733468e7fc0.jpg?1788876848,Omega,87,0,RPR
Fuki Non,51302585,170,166,Titan,Mana,2096,0,99d46e5dfaf54e3a630e700cbd41968b_e2bb3f9679fec6d4836fcf8abcc3eeacfc0.jpg?1788876857,Omega,67,0,WHM
Kotori Angel,11433233,171,167,Alexander,Gaia,2094,0,249a60efd4f3f03c25a40a0c3c35d33f_b7a71d8799cf6dd75b711a7f52de6675fc0.jpg?1788877927,Omega,60,0,DRG
Satosan Fiftysix,26440218,172,168,Typhon,Elemental,2094,0,0b17719ebd757aaebd8ff00d5d1bd6f5_32d8c9c7cd5f62d62da2d31b6750a680fc0.jpg?1788876688,Omega,49,0,DRG
Hakuen Sinonome,10757391,173,169,Asura,Mana,2094,0,6660ba18e406e22fbec52d7b8d1ac332_53f1445a9f28799a32ea55f046319fc3fc0.jpg?1788878081,Omega,42,0,NIN
Fio Arcend,3402177,174,170,Durandal,Gaia,2093,0,cf61c3add0c53cee90c99a71058286c7_806ea5b45071d5cd6bf393e38462ee71fc0.jpg?1788876498,Omega,38,0,UNK
Renard Blanche,23991579,175,247,Garuda,Elemental,2091,300,77da911f4046b7b2f7d2dfc59cc9aa3b_fcb1f5b0249d1069e5bdc66d0796f26afc0.jpg?1788875510,Omega,54,7,RPR
Yuki Macaron-vanille,37997737,176,172,Ridill,Gaia,2087,0,87df14febf49ad8a24a323b239fb3250_138751880f18161a907d7cf0faa43f07fc0.jpg?1788877589,Omega,66,0,RDM
Planet Exploration,30755276,177,173,Ixion,Mana,2086,0,b2df099dea56680a53bbc8588e28444f_7126768d768f6c6c7fed3eaee98c3a8afc0.jpg?1788876226,Omega,74,0,DNC
Waka'ri Mii,5525644,178,174,Chocobo,Mana,2086,0,779528f8c170270a5dcbb5e911db62e9_781d6b3603312f6be41670afa37282e0fc0.jpg?1788875473,Omega,65,0,UNK
Avail Tec,46450631,179,175,Garuda,Elemental,2085,0,174c8b1a79d654754078bef6b8c51067_fcb1f5b0249d1069e5bdc66d0796f26afc0.jpg?1788876375,Omega,78,0,SAM
Ardbert Hylfyst,31584604,180,176,Belias,Meteor,2085,0,964952d6da8636ab55a5b87a925f0d4c_894c4bd0beab2e2beb44b74f4c4bd206fc0.jpg?1788877342,Omega,31,0,UNK
Rip Rill,726210,181,177,Gungnir,Elemental,2084,0,1ed2cf8fd8dc78c1ec061d9bb9c45462_8f82f937943b6baf4c565020d5eba0ccfc0.jpg?1788877592,Omega,321,0,WHM
Tomomomo Momomo,25830708,182,179,Ramuh,Meteor,2080,0,d1b6359fffbcc60e8bddc1120dc05d55_410ddb5a66a2fcacf538bec5ea5d0291fc0.jpg?1788877642,Omega,46,0,SCH
Shinra Arasaka,24734269,183,180,Tiamat,Gaia,2079,0,2d735fa31b5cfcc7eabaae1839d0b731_9f10d335198e90990f3437c5733468e7fc0.jpg?1788876158,Omega,58,0,MNK
Douglas Ward,32519646,184,181,Asura,Mana,2077,0,5902010d301aa95176126fcdef0dc7c7_53f1445a9f28799a32ea55f046319fc3fc0.jpg?1788876069,Omega,322,0,RDM
Zumu Elect,11364414,185,182,Shinryu,Meteor,2075,0,bd0b65a51fad6bef1e3c413041784da0_87b7d447f40b06dfc7228caf195f7dcffc0.jpg?1788877461,Omega,59,0,GNB
Yggdra Ashland,54877212,186,183,Kujata,Elemental,2073,0,816b46afe7a43cca1a29679630895589_72c48f093f2278ac3243962d3eb6a8d7fc0.jpg?1788877806,Omega,77,0,GNB
Ria Esta,46580024,187,184,Typhon,Elemental,2071,0,537b652a83e9ead35e927e93170f46f0_32d8c9c7cd5f62d62da2d31b6750a680fc0.jpg?1788875692,Omega,77,0,MCH
Meilkea Inori,40934425,188,185,Aegis,Elemental,2070,0,4c256b756b0f4f43b209ec71728dc0e2_3ea38e723c590aabf186367e1eb7e6a1fc0.jpg?1788876083,Omega,317,0,UNK
Sha Moji,19121169,189,186,Carbuncle,Elemental,2068,0,eb82915777eea0c952b2885bf59641d9_9eb3c19866f7ae0eeeffac7bf770aba5fc0.jpg?1788878021,Omega,206,0,MCH
Adiana Farrah,2436224,190,0,Tonberry,Elemental,2066,486,0d58cfc8d92794cf5469841b0de85f14_7bb6b1e488f0e4f01c5314d010b60f31fc0.jpg?1788876447,Omega,59,12,WAR
Suteiki Niku,21443132,191,187,Ixion,Mana,2065,0,2f186f805d4bb29abd9458d61593b81a_7126768d768f6c6c7fed3eaee98c3a8afc0.jpg?1788876685,Omega,204,0,WAR
Mitui Aset,29908583,192,190,Zeromus,Meteor,2058,0,03c5c419a0ed40508b02b7656c3bc1e1_c76848359d0b4d2f37aefbb9903ed97bfc0.jpg?1788877066,Omega,455,0,DRK
Aran Tyler,47478713,193,191,Zeromus,Meteor,2056,0,601da8267e6037e1adc37928f1ab982b_c76848359d0b4d2f37aefbb9903ed97bfc0.jpg?1788876284,Omega,140,0,SAM
Scarlet Liora,50450849,194,192,Ridill,Gaia,2056,0,823b2552238fefce05d1a2e39630911f_138751880f18161a907d7cf0faa43f07fc0.jpg?1788875854,Omega,75,0,SGE
Beatrice Rosenkreuz,31285042,195,193,Tiamat,Gaia,2050,0,1972bc9fb243d5cb03ad68af2779564d_9f10d335198e90990f3437c5733468e7fc0.jpg?1788878298,Omega,73,5,DNC
Ena Lucida,46120110,196,194,Valefor,Meteor,2047,0,0d22e7ccb96b881d94b2eaac8c63f55c_485f4777c38002871591fb54f27edc65fc0.jpg?1788877628,Omega,178,0,UNK
Fuuga Reinfeldt,29495648,197,195,Unicorn,Meteor,2043,0,4441cdfb6f60085397a6647656e86646_393eb74047bb90c8d80dea54218430eefc0.jpg?1788874777,Omega,142,0,FSH
Creya Oaks,20662074,198,196,Tonberry,Elemental,2037,0,0fb57385ff1c90e3ea26edc53722b78c_7bb6b1e488f0e4f01c5314d010b60f31fc0.jpg?1788876144,Omega,373,20,BLM
Amarl Malaguld,27652092,199,197,Masamune,Mana,2024,0,92f5a8f587b00180a706bf0adc6692cb_134930215abb8a90ec37d6cc05b05e08fc0.jpg?1788875664,Omega,121,0,AST
Sakura Nemutai,55109399,200,198,Titan,Mana,2021,0,efa9ef6672998c8a9c860e5e104d6b3e_e2bb3f9679fec6d4836fcf8abcc3eeacfc0.jpg?1788875520,Omega,154,1,SGE
Ya Yu,34288352,201,203,Asura,Mana,2019,6,8ee4d542c051faaa0d111ca68c5e777b_53f1445a9f28799a32ea55f046319fc3fc0.jpg?1788877528,Omega,153,20,NIN
Teena Lewis,2553070,202,199,Bahamut,Gaia,2017,0,53366246b477a6a74d51a27aa7146532_86da943caa70c8694707ab2ff74e68c9fc0.jpg?1788876750,Omega,99,0,BRD
Arina A'rire,50872908,203,223,Zeromus,Meteor,2017,94,5cbe4af0899dedf33965e088d9b0d796_c76848359d0b4d2f37aefbb9903ed97bfc0.jpg?1788875991,Omega,87,5,UNK
Loussier Ellerensia,18596456,204,200,Hades,Mana,2015,0,1bf2ff58d52f79b841b10e792fe24dcc_a4730651230dd43cb129562a30d531aefc0.jpg?1788875904,Omega,79,9,MNK
Devil May'cry,43140387,205,201,Chocobo,Mana,2015,0,bc38e75d4332eb0a661f158200cedb80_781d6b3603312f6be41670afa37282e0fc0.jpg?1788877554,Omega,44,0,UNK
Mister Alpheratz,34950496,206,202,Ixion,Mana,2014,0,fdba356c4be03c92ffecec87e607f037_7126768d768f6c6c7fed3eaee98c3a8afc0.jpg?1788877061,Omega,147,0,BLM
Stardust Emilia,25988007,207,204,Hades,Mana,2011,0,b805b54635a07b2d9710df33b9a946aa_a4730651230dd43cb129562a30d531aefc0.jpg?1788878130,Omega,154,0,UNK
Plum Wanderlust,48936197,208,205,Ultima,Gaia,2008,0,5b0b1feec9777b8ffd95170b55940879_9df1b3cb0da35db33c17ef11ddf12adafc0.jpg?1788878032,Omega,49,0,AST
Bronze Warrior,33944385,209,206,Alexander,Gaia,2007,0,3a8559d847a626b7d8a2760ec13a73b5_b7a71d8799cf6dd75b711a7f52de6675fc0.jpg?1788876159,Omega,143,0,WAR
Ange Ciliegio,1686962,210,207,Atomos,Elemental,2005,0,59e7fb02c5fc2af8111364635f319ae2_cf768a751b1f5e355c2fd39a9ed91f3ffc0.jpg?1788877028,Omega,116,0,UNK
Slow Motion,49156538,211,208,Tonberry,Elemental,2002,0,547aebd17f25be55b7f8f23a583d6d76_7bb6b1e488f0e4f01c5314d010b60f31fc0.jpg?1788876958,Omega,44,0,MCH
Yoruki Hiroran,56925172,212,209,Typhon,Elemental,2001,0,68df19c82415e8fed5592345fb9acbd3_32d8c9c7cd5f62d62da2d31b6750a680fc0.jpg?1788877951,Omega,43,0,WAR
Kusozako Kamemushi,50184336,213,210,Bahamut,Gaia,1999,0,801e61d45b0753f23789f45575af6b15_86da943caa70c8694707ab2ff74e68c9fc0.jpg?1788874943,Crystal,51,10,DRG
Hope Crystal,4251312,214,211,Typhon,Elemental,1997,0,be323a355cbabd45c620a1fa30ef27bf_32d8c9c7cd5f62d62da2d31b6750a680fc0.jpg?1788875920,Crystal,83,2,AST
Shino Sabury,1570016,215,212,Ramuh,Meteor,1995,0,554872db6961ea2dde7f5ab823211e5c_410ddb5a66a2fcacf538bec5ea5d0291fc0.jpg?1788877115,Crystal,70,0,VPR
Neku Xyst,23660389,216,213,Ifrit,Gaia,1991,0,fb1f5fe2519e579c50b2b5aa89992706_f9f796348bc43067c7242ec4551cde69fc0.jpg?1788877685,Crystal,64,0,VPR
Alqa Mar,39507968,217,214,Ramuh,Meteor,1986,0,8aca13da51dbc7d45ed47e52f57fb53e_410ddb5a66a2fcacf538bec5ea5d0291fc0.jpg?1788877031,Crystal,126,1,WAR
Euphemia Lucretia,5759007,218,215,Bahamut,Gaia,1984,0,f1911e13fdc5df9df573c0300652757e_86da943caa70c8694707ab2ff74e68c9fc0.jpg?1788874774,Crystal,65,1,DNC
Uta Tubame,12421333,219,216,Zeromus,Meteor,1983,0,4c1c1810ab77c61696ca66b0716fd309_c76848359d0b4d2f37aefbb9903ed97bfc0.jpg?1788876875,Crystal,116,2,DRG
Iroha Date,6961136,220,217,Aegis,Elemental,1973,0,554b38366a6696fd4ca04583ad727660_3ea38e723c590aabf186367e1eb7e6a1fc0.jpg?1788876406,Crystal,156,0,CUL
Kirakira Akira,55531034,221,218,Typhon,Elemental,1973,0,5934f798f998575286709c767ba05f59_32d8c9c7cd5f62d62da2d31b6750a680fc0.jpg?1788878063,Crystal,35,0,WHM
Konegai Konegai,3277232,222,219,Masamune,Mana,1968,0,3a445dba3d4d2882c60b55a59669971b_134930215abb8a90ec37d6cc05b05e08fc0.jpg?1788877171,Crystal,226,0,BLM
Sunie Mochi,14078182,223,220,Tiamat,Gaia,1959,0,22c488096fbb927f7a888b06f816cca5_9f10d335198e90990f3437c5733468e7fc0.jpg?1788877664,Crystal,76,0,BRD
Tori Momo,47876183,224,285,Unicorn,Meteor,1954,298,3672fa98c1d2b3d4855d7f0bdad1caf8_393eb74047bb90c8d80dea54218430eefc0.jpg?1788876910,Crystal,239,5,WHM
Lala Ruru,23370112,225,286,Hades,Mana,1948,315,52987a3ea9f860f9522e49f36a51fcdf_a4730651230dd43cb129562a30d531aefc0.jpg?1788878253,Crystal,295,12,WHM
Aruku Babyun,7383311,226,221,Unicorn,Meteor,1948,0,c2fa4e98c1f4638d053218fa4c127b4c_393eb74047bb90c8d80dea54218430eefc0.jpg?1788874860,Crystal,258,0,NIN
Oarkly Vitt,31318782,227,222,Bahamut,Gaia,1931,0,983948d8222d15214cc30f8669e5ba70_86da943caa70c8694707ab2ff74e68c9fc0.jpg?1788876739,Crystal,68,0,SCH
Baked Potapota,42031891,228,224,Ramuh,Meteor,1908,0,1b1e5ff45bcbd6a80c94ee1c0c8bddcf_410ddb5a66a2fcacf538bec5ea5d0291fc0.jpg?1788876906,Crystal,127,0,AST
Bikkuri Donkey,59256942,229,0,Belias,Meteor,1908,604,96f62f47670d9d1c85e1a464d6f4da65_894c4bd0beab2e2beb44b74f4c4bd206fc0.jpg?1788876060,Crystal,72,14,SMN
Errer Errant,28706539,230,225,Asura,Mana,1901,0,14833bd371ac70e05cffe6a03634bb61_53f1445a9f28799a32ea55f046319fc3fc0.jpg?1788877255,Crystal,49,3,NIN
Ririca Rica,22451341,231,226,Valefor,Meteor,1900,0,b82d75152d14ebf44db2622ef433b4f4_485f4777c38002871591fb54f27edc65fc0.jpg?1788878021,Crystal,238,8,MNK
Nao Fu,41247403,232,227,Shinryu,Meteor,1897,0,cfc231e11fac22b1fb8d9d27cee48586_87b7d447f40b06dfc7228caf195f7dcffc0.jpg?1788875382,Crystal,185,6,AST
Minato Haruka,57459700,233,0,Asura,Mana,1894,589,5f7508268722022e26bb9950825f7dea_53f1445a9f28799a32ea55f046319fc3fc0.jpg?1788876087,Crystal,106,11,MNK
Noi Mini,43301677,234,228,Alexander,Gaia,1892,0,20f564ddd53bd362683edef0d0a11a4e_b7a71d8799cf6dd75b711a7f52de6675fc0.jpg?1788875833,Crystal,178,0,WHM
Royce Farrell,16260248,235,229,Tiamat,Gaia,1890,0,dc9ad81c6df424c2b17bd56da6b0cc85_9f10d335198e90990f3437c5733468e7fc0.jpg?1788876199,Crystal,89,0,BRD
En Avant,46371551,236,230,Belias,Meteor,1887,0,d6c3784f3b06c119ae16dd725e2a2b6e_894c4bd0beab2e2beb44b74f4c4bd206fc0.jpg?1788877442,Crystal,161,0,GNB
Rohesa Morgan,10586618,237,231,Ramuh,Meteor,1884,0,1b6623c84e2fcee5c1d726a691ab88ba_410ddb5a66a2fcacf538bec5ea5d0291fc0.jpg?1788878228,Crystal,272,5,GSM
Cait Sith,1574936,238,232,Tiamat,Gaia,1883,0,fc4156170aa1fca8004a80238705e5cf_9f10d335198e90990f3437c5733468e7fc0.jpg?1788874923,Crystal,181,3,SMN
Cue Quale,17820016,239,233,Pandaemonium,Mana,1882,0,9edb0d14fdbd058ddfd9ac52055de6bc_470db1bf2e865f9130531fea40b61ee4fc0.jpg?1788877899,Crystal,63,0,NIN
O'dette Noelle,26231391,240,234,Kujata,Elemental,1877,0,e4d0424de154feb08b3839c7806f9266_72c48f093f2278ac3243962d3eb6a8d7fc0.jpg?1788877976,Crystal,114,0,MCH
Gelgel Llin,36131481,241,235,Ridill,Gaia,1876,0,2a90eea47454447b3ae0d4df4fbfdc5e_138751880f18161a907d7cf0faa43f07fc0.jpg?1788875011,Crystal,134,8,NIN
Kur Age,27916663,242,236,Ifrit,Gaia,1872,0,b6c15539902ac3615580d0c358a2ce3a_f9f796348bc43067c7242ec4551cde69fc0.jpg?1788876946,Crystal,63,0,RPR
Wally Deluaki,45789739,243,237,Hades,Mana,1871,0,4fb7feab6d0bc67088445d5355bf455a_a4730651230dd43cb129562a30d531aefc0.jpg?1788877866,Crystal,92,0,DRK
Dodopita Pittan,3558680,244,238,Tiamat,Gaia,1869,0,0c4178029dae08c0fcbe267d46034e76_9f10d335198e90990f3437c5733468e7fc0.jpg?1788876180,Crystal,179,0,SAM
U-ta Rona,33778140,245,239,Ifrit,Gaia,1862,0,5364399662a84913de2dc736c1cdcfc6_f9f796348bc43067c7242ec4551cde69fc0.jpg?1788878116,Crystal,125,3,AST
Avaron Ninesisters,1584314,246,240,Tiamat,Gaia,1833,0,5c1970240f5e1f80ffabdd3988080f5e_9f10d335198e90990f3437c5733468e7fc0.jpg?1788876959,Crystal,254,0,WHM
Jios Quartar,3179754,247,268,Tiamat,Gaia,1822,127,e4a3c15118c1258c3c33b152cbada545_9f10d335198e90990f3437c5733468e7fc0.jpg?1788877039,Crystal,280,9,DRK
Battoh Nuko,1022118,248,260,Durandal,Gaia,1807,83,bdbb91b8d6d4eaa2d99a4a18d13153cb_806ea5b45071d5cd6bf393e38462ee71fc0.jpg?1788877415,Crystal,78,16,DRG
Mochi Dooooon,51161467,249,241,Hades,Mana,1806,0,fe8f2f3f207480dac3f25ca746d11cf4_a4730651230dd43cb129562a30d531aefc0.jpg?1788877910,Crystal,69,1,SGE
Sol Perfect,13175986,250,242,Hades,Mana,1805,0,09b81422623fbfed2cbc5f5650d41a6f_a4730651230dd43cb129562a30d531aefc0.jpg?1788877993,Crystal,94,8,SAM
Gin Osakeman,16794566,251,0,Typhon,Elemental,1802,404,bb18420be9e67f66c80e5cf8f2d167e0_32d8c9c7cd5f62d62da2d31b6750a680fc0.jpg?1788877923,Crystal,174,10,BRD
Lycan Roar,52059954,252,243,Titan,Mana,1797,0,29dea1cc321c3f2275d537c23520e2b8_e2bb3f9679fec6d4836fcf8abcc3eeacfc0.jpg?1788877687,Crystal,103,14,UNK
Taru Taro,25668590,253,244,Tiamat,Gaia,1795,0,b541a0a2f56c87b841eddbd08ea324d6_9f10d335198e90990f3437c5733468e7fc0.jpg?1788877031,Crystal,66,0,SCH
Diao Tiandi,56776774,254,245,Ixion,Mana,1792,0,d3f8787a245e6cabd6ee8065c6eeefb5_7126768d768f6c6c7fed3eaee98c3a8afc0.jpg?1788877292,Crystal,134,0,SCH
Boku Hide,61259881,255,246,Chocobo,Mana,1792,0,2405cc4b75108a1384180ce7bafc3b98_781d6b3603312f6be41670afa37282e0fc0.jpg?1788877804,Crystal,94,4,UNK
Hamu Chan',45271368,256,248,Ixion,Mana,1788,0,7c3e44799d535f1060ebd0ed96bab339_7126768d768f6c6c7fed3eaee98c3a8afc0.jpg?1788876046,Crystal,153,1,UNK
Cey Noqed,56239764,257,249,Anima,Mana,1783,0,05a455503c1b9dc0712f50ad519d9d21_2f698530a28d671d20278c8518c804c9fc0.jpg?1788875885,Crystal,116,0,BLM
Silverrice Fuke,9722101,258,250,Bahamut,Gaia,1782,0,1dd1a12dfff155f3393d6da4fac6e223_86da943caa70c8694707ab2ff74e68c9fc0.jpg?1788877927,Crystal,113,0,VPR
Takesiba Musasino,29225556,259,251,Durandal,Gaia,1781,0,5cacf8dd1a9dae9427de92b387913396_806ea5b45071d5cd6bf393e38462ee71fc0.jpg?1788875661,Crystal,224,7,WAR
Momikucha Ocojo,51451812,260,252,Ixion,Mana,1780,0,52ebf8cad8e1a025e1469ada4534a0f2_7126768d768f6c6c7fed3eaee98c3a8afc0.jpg?1788876444,Crystal,151,2,UNK
Vir Sanctus,38437893,261,253,Asura,Mana,1777,0,e0afc9c178de541c5ba8a1afafa4bb02_53f1445a9f28799a32ea55f046319fc3fc0.jpg?1788877373,Crystal,63,0,PCT
Korone Yubi,38334943,262,254,Yojimbo,Meteor,1768,0,f96e46a75ff8692aefd4bf0841f4e177_4a92c619bde4f34cfa77e05fef21ad85fc0.jpg?1788875150,Crystal,115,0,DNC
Serin Nora,45221255,263,0,Ramuh,Meteor,1766,384,a3e9b7926747148f22e7500a43e401ff_410ddb5a66a2fcacf538bec5ea5d0291fc0.jpg?1788877820,Crystal,152,27,DRG
Zitnn Alexand,10097624,264,255,Belias,Meteor,1761,0,9ba803d5e4d6d11746adc55721fd0c6e_894c4bd0beab2e2beb44b74f4c4bd206fc0.jpg?1788874904,Crystal,109,0,MCH
Oriental Art,1070191,265,256,Chocobo,Mana,1755,0,d31830cb71830b425529f231f39e776b_781d6b3603312f6be41670afa37282e0fc0.jpg?1788878251,Crystal,487,0,DRG
Kyo Twilight,30343517,266,257,Ifrit,Gaia,1755,0,6defc9436b918d5f2bdbfb72c3e4d06e_f9f796348bc43067c7242ec4551cde69fc0.jpg?1788877303,Crystal,97,10,WHM
Zero No'name,24180515,267,258,Titan,Mana,1755,0,3f2ec2a99605ed4d05ef0e5bc0f3b8d4_e2bb3f9679fec6d4836fcf8abcc3eeacfc0.jpg?1788875195,Crystal,50,0,PLD
Odwit Vendisch,42078574,268,259,Aegis,Elemental,1734,0,16b22e919d37aaeda97dfa361cf8659d_3ea38e723c590aabf186367e1eb7e6a1fc0.jpg?1788876593,Crystal,533,0,UNK
Yagi San,39789403,269,261,Titan,Mana,1715,0,a9f69f22365543e496675c89e48486c0_e2bb3f9679fec6d4836fcf8abcc3eeacfc0.jpg?1788876283,Crystal,63,0,DNC
Yuuki Swallowtail,32886185,270,262,Kujata,Elemental,1714,0,712840b89db68c0862aff570eefb28c6_72c48f093f2278ac3243962d3eb6a8d7fc0.jpg?1788876192,Crystal,135,0,VPR
Cinzia Castagnone,42223337,271,263,Ultima,Gaia,1713,0,f04869081ccf9229ca06746e399b2740_9df1b3cb0da35db33c17ef11ddf12adafc0.jpg?1788877173,Crystal,116,0,AST
Tirumu Pirumu,31090405,272,264,Anima,Mana,1703,0,24135dbec64e2f95240873c43ad18659_2f698530a28d671d20278c8518c804c9fc0.jpg?1788877699,Crystal,26,0,DRG
Orpheus Jongleur,3414846,273,265,Bahamut,Gaia,1702,0,091f84408fe996c55b0d18af8fc1d9d6_86da943caa70c8694707ab2ff74e68c9fc0.jpg?1788875594,Crystal,107,0,WHM
Lenias Nia,30635992,274,266,Masamune,Mana,1700,0,72f0d71a08956e402910a0df36e536eb_134930215abb8a90ec37d6cc05b05e08fc0.jpg?1788877045,Crystal,82,0,NIN
Nov Noa,56271994,275,267,Tiamat,Gaia,1698,0,0711a53e252756264a473f2b53d53cad_9f10d335198e90990f3437c5733468e7fc0.jpg?1788876392,Crystal,280,12,PCT
Lufefe Lufe,8829146,276,269,Mandragora,Meteor,1691,0,91e252cc1edf40cc72e7912c50fbfde7_ee738654add55c3d07ea92d8e108074cfc0.jpg?1788877052,Crystal,120,0,DRK
Maryam Shirazi,60765754,277,0,Kujata,Elemental,1690,103,7e73bfa50cee9bcd97ff9d41071d83b9_72c48f093f2278ac3243962d3eb6a8d7fc0.jpg?1788875248,Crystal,89,3,UNK
Splitz Allure,11250991,278,270,Tonberry,Elemental,1690,0,5df739fcece56728f620a7cd5b05392e_7bb6b1e488f0e4f01c5314d010b60f31fc0.jpg?1788876221,Crystal,33,0,BLU
Kinq-of- Platinum,48727904,279,271,Gungnir,Elemental,1689,0,3c8d43a875a038c5fbf54250da8a5442_8f82f937943b6baf4c565020d5eba0ccfc0.jpg?1788877180,Crystal,206,3,DRG
Oracle Trezavejo,15712017,280,272,Bahamut,Gaia,1686,0,b4aa7ecb29192073338a2cc53603b062_86da943caa70c8694707ab2ff74e68c9fc0.jpg?1788876447,Crystal,148,7,SMN
Laru Gucchi,4772544,281,273,Durandal,Gaia,1686,0,766e8af080f3aa6e38ee510dee4807b8_806ea5b45071d5cd6bf393e38462ee71fc0.jpg?1788875591,Crystal,119,0,AST
Hal Moonvine,6544837,282,274,Yojimbo,Meteor,1685,0,0b051eda0b20b820aec68545891c2ce7_4a92c619bde4f34cfa77e05fef21ad85fc0.jpg?1788874876,Crystal,28,0,UNK
Luluna Coco,23829165,283,275,Garuda,Elemental,1681,0,3eb7f6d6469ce3529ed00171b8214030_fcb1f5b0249d1069e5bdc66d0796f26afc0.jpg?1788877309,Crystal,65,13,SMN
Maito Melek,26875635,284,276,Hades,Mana,1680,0,f46d534bca38450ba9b70bb608411c3e_a4730651230dd43cb129562a30d531aefc0.jpg?1788876059,Crystal,79,0,UNK
Haine Balantin,25261749,285,277,Ifrit,Gaia,1679,0,95d742d2775dc4ae64696462b68ee21f_f9f796348bc43067c7242ec4551cde69fc0.jpg?1788878149,Crystal,282,4,VPR
Iz Levmel,17594950,286,278,Garuda,Elemental,1677,0,9e457ec4068931e92288544db8499aae_fcb1f5b0249d1069e5bdc66d0796f26afc0.jpg?1788877389,Crystal,219,0,SAM
Mao Caprice,32793338,287,279,Titan,Mana,1676,0,101c8c73de660221dc8ad95fafa4ad3c_e2bb3f9679fec6d4836fcf8abcc3eeacfc0.jpg?1788877797,Crystal,80,0,AST
Aurelia Stratosfera,26527089,288,280,Unicorn,Meteor,1675,0,0ed689683555a9555b96a5599288d4a1_393eb74047bb90c8d80dea54218430eefc0.jpg?1788875471,Crystal,64,0,SAM
Moi Pomme,56383677,289,281,Anima,Mana,1672,0,df195b6c463065fc5c6cf34724d6875c_2f698530a28d671d20278c8518c804c9fc0.jpg?1788877647,Crystal,76,0,SMN
Azusa A'z,9917991,290,282,Valefor,Meteor,1664,0,9a4b71f1ac5c0e02e818be31a1d439f2_485f4777c38002871591fb54f27edc65fc0.jpg?1788875238,Crystal,386,0,PCT
Hak Elak,35740519,291,283,Ramuh,Meteor,1662,0,b86c5618a66aa9349d3190d9ad84491f_410ddb5a66a2fcacf538bec5ea5d0291fc0.jpg?1788878223,Crystal,404,0,SGE
Katuo Bushi,48894263,292,284,Garuda,Elemental,1660,0,8b92a347d66765b2b2d24c1ad40d5afa_fcb1f5b0249d1069e5bdc66d0796f26afc0.jpg?1788877427,Crystal,244,3,SAM
Karma Strife,3816037,293,0,Chocobo,Mana,1654,206,7a25293b17ff84c0c64a519d1fc09720_781d6b3603312f6be41670afa37282e0fc0.jpg?1788877422,Crystal,116,12,PCT
Lilium Arihi,28259742,294,0,Bahamut,Gaia,1643,99,fa8d96ac3ef3a5f3b2fcd65c0f5508c0_86da943caa70c8694707ab2ff74e68c9fc0.jpg?1788877329,Crystal,285,11,DNC
Ichigo Jasmine,57027122,295,0,Shinryu,Meteor,1633,298,17fae3561e1e77d262d93652dbd0bdc4_87b7d447f40b06dfc7228caf195f7dcffc0.jpg?1788876166,Crystal,68,4,PLD
Yu Haru,31526046,296,287,Hades,Mana,1626,0,d1d463d935a459f76da24079cf48b932_a4730651230dd43cb129562a30d531aefc0.jpg?1788877595,Crystal,49,0,UNK
Chrono Meter,4807361,297,288,Zeromus,Meteor,1622,0,b74f258cbaba5cb680ca0095a0758cbb_c76848359d0b4d2f37aefbb9903ed97bfc0.jpg?1788875702,Crystal,614,12,UNK
Shattered Onyx,61529398,298,289,Mandragora,Meteor,1621,0,4507237b3154f0500f368c8975cd596c_ee738654add55c3d07ea92d8e108074cfc0.jpg?1788875427,Crystal,135,0,UNK
Shi Syou,5023543,299,290,Atomos,Elemental,1619,0,d930c67636980aa5cc10bd814bdc2dbd_cf768a751b1f5e355c2fd39a9ed91f3ffc0.jpg?1788876893,Crystal,189,4,MCH
Adelbert Arde,2303486,300,291,Aegis,Elemental,1619,0,116777aa8f26a0d0d17dc0b82cca79e6_3ea38e723c590aabf186367e1eb7e6a1fc0.jpg?1788876773,Crystal,75,0,RPR
Miyu Moon,14522179,1,0,Mateus,Crystal,4859,397,3562f4cf44aad7d526acbf8fae3937b0_f0c52cc66e124fc2e641d7c21ab2ce79fc0.jpg?1788876078,Ultima,125,12,SAM
Pekora Meow,37421725,2,0,Leviathan,Primal,4230,0,dc85502f9baa330d5a15d3c0a6f002a0_a91aae52cff9ef65932db06b150ffd47fc0.jpg?1788875717,Ultima,275,13,SAM
Legendary Ash,10855248,3,5,Faerie,Aether,3772,300,6fd699132806b61c9dcb8613c3ae11a3_0e336ff6ad415f47233f0aaf127feac0fc0.jpg?1788874841,Ultima,136,8,PCT
Ahri Meow,42604315,4,3,Leviathan,Primal,3739,0,99498e3de5cc49aacddccc855d4ee19d_a91aae52cff9ef65932db06b150ffd47fc0.jpg?1788877735,Ultima,175,20,RDM
Emi Meow,44729199,5,4,Siren,Aether,3675,0,39fec9b8eaf71c699797cd15ef87009b_58a84e851e55175d22158ca97af58a1ffc0.jpg?1788876852,Ultima,95,0,BLM
Crow Meow,54328117,6,0,Jenova,Aether,3448,195,7eded062751a7f80f7f3d9fbe0ab8e34_ce736afe35e2ded4e46c4fd0659aef7efc0.jpg?1788874948,Ultima,106,7,NIN
Tomo Kote,38176817,7,0,Gilgamesh,Aether,3171,0,e5d7502ad7f21874552a4fc21553ee9e_b937560c841465f7c4bc8eb47ea7948afc0.jpg?1788877167,Ultima,273,7,UNK
Hollow Bastion,56455630,8,0,Rafflesia,Dynamis,3156,0,1f48f716d376c4c54dbbeedac9f01255_2783886613347a4db0bed7524de1298ffc0.jpg?1788874989,Ultima,86,0,UNK
Azar Kaveh,16748899,9,0,Mateus,Crystal,3139,0,1d25f3d1883510d8fd010504471516b8_f0c52cc66e124fc2e641d7c21ab2ce79fc0.jpg?1788877593,Ultima,624,18,NIN
Ham Baga,28276994,10,31,Balmung,Crystal,3120,731,80672270fca68b3d3fa2f4c0b220427a_7a573cbc0cda3a3dfc1795cb3d9f7b23fc0.jpg?1788875794,Ultima,285,20,MCH
Kuzo Makuzo,29453053,11,10,Exodus,Primal,3083,0,c143f86dcebb42612bbef964edfc96ab_0cdf051c93865faa15cbc5cd3d2b69fbfc0.jpg?1788876950,Ultima,105,0,UNK
Azure Balmung,17864089,12,11,Gilgamesh,Aether,3079,0,5456a33c0abb12eab1bf88281486246e_b937560c841465f7c4bc8eb47ea7948afc0.jpg?1788877051,Ultima,59,0,UNK
Meteor Moon,29693876,13,12,Rafflesia,Dynamis,3072,0,7f262df9422aa27c9dd850d004812561_2783886613347a4db0bed7524de1298ffc0.jpg?1788875042,Ultima,287,0,SGE
Terro Beoulve,45682109,14,13,Coeurl,Crystal,3070,0,5c8262e03844a30a89d0d2374247f03c_284358f8eb4efc9095914e46798c6ab3fc0.jpg?1788877577,Ultima,189,0,VPR
Artesia Saeyrs,2957946,15,14,Sargatanas,Aether,3061,0,e1a9c389a8110feceacc91a730bfc558_ba22853447012a24cee115315d6a5bebfc0.jpg?1788875833,Ultima,58,0,VPR
Cyphos Ultimus,2288366,16,15,Balmung,Crystal,3045,0,b980cc0ff24da63437a59ef78df763c0_7a573cbc0cda3a3dfc1795cb3d9f7b23fc0.jpg?1788875015,Ultima,195,0,DRG
Kairi Rune,28236760,17,16,Hyperion,Primal,3024,0,ce129fc5d83b1472a349e0e1053aee02_57ae9ee5592123dd79c8912bf768cf99fc0.jpg?1788874905,Ultima,305,0,NIN
Local-area Network,28168413,18,17,Cactuar,Aether,3012,0,5181fed39656c5cf1dc247fe1bf97832_96ab1df8877c1f8ba6a89a39cccfd437fc0.jpg?1788877527,Ultima,84,12,SAM
Mac Arena,21560395,19,18,Adamantoise,Aether,2968,0,30fa962580974874808d1a8b67407ebb_1f5fd239b885860b7c2bfc72ad1d97effc0.jpg?1788876000,Omega,128,1,GNB
Merlin Emryss,9605720,20,19,Faerie,Aether,2859,0,87179f28ae17956a4d43567dadf6ea60_0e336ff6ad415f47233f0aaf127feac0fc0.jpg?1788877887,Omega,222,0,DRK
Sanahi Keto,57330112,21,20,Hyperion,Primal,2819,0,6531a5f5216bf8e7efcdcf26e24615cb_57ae9ee5592123dd79c8912bf768cf99fc0.jpg?1788877907,Omega,337,13,WHM
Barock Obama,52411158,22,21,Siren,Aether,2787,0,05a5459925b46dd9d074e273b24d5d27_58a84e851e55175d22158ca97af58a1ffc0.jpg?1788876229,Omega,527,1,PLD
Lucio Harundo,4012099,23,22,Leviathan,Primal,2708,0,d042eff245eaa56c0b6989df68a99564_a91aae52cff9ef65932db06b150ffd47fc0.jpg?1788877740,Omega,553,19,WAR
Suhr Zarek,8876676,24,28,Balmung,Crystal,2620,171,c09e4087ccb76545f31b81fa5ca01485_7a573cbc0cda3a3dfc1795cb3d9f7b23fc0.jpg?1788876440,Omega,567,26,UNK
Kasai Kage,21886030,25,23,Adamantoise,Aether,2586,0,6835735c490425c8a49d6889308a3484_1f5fd239b885860b7c2bfc72ad1d97effc0.jpg?1788877701,Omega,72,0,NIN
Sylvie Chan,48678953,26,24,Brynhildr,Crystal,2523,0,14580705b6124b25ef19217300b4891f_d0a0f515a62457570c9b44997063e3c1fc0.jpg?1788877564,Omega,288,9,WHM
Fye Alanyk,48751064,27,25,Diabolos,Crystal,2517,0,d605d68b88b347dfdb8a9b9e6c3539d6_7b33d33ae3ecb996f778a5f67a6a0af6fc0.jpg?1788876892,Omega,395,11,VPR
Hrothmar Blackburns,28757856,28,26,Adamantoise,Aether,2493,0,ba6405bac0d5b1fb489962984f0d9fb9_1f5fd239b885860b7c2bfc72ad1d97effc0.jpg?1788876790,Omega,446,0,BLM
Norma Jeannie,28105106,29,42,Jenova,Aether,2488,400,bff6f64f1e9dd700a962c74db4bf4812_ce736afe35e2ded4e46c4fd0659aef7efc0.jpg?1788877460,Omega,98,12,DRK
Kris Lhea,39204335,30,27,Mateus,Crystal,2481,0,982639accd39a2021d8f112bb5e763df_f0c52cc66e124fc2e641d7c21ab2ce79fc0.jpg?1788874927,Omega,78,0,BRD
Labrys Roux,31449732,31,29,Ultros,Primal,2444,0,b78d649d03beba97a36fa9eebc98afc4_c514cdcdb619439df97d906d4434ccc6fc0.jpg?1788875579,Omega,245,0,AST
Pvp Badboy,38919488,32,30,Sargatanas,Aether,2421,0,8833f678967938d2e79b8d993021ce3f_ba22853447012a24cee115315d6a5bebfc0.jpg?1788875358,Omega,211,3,NIN
Deadrise Mutambo,49340180,33,32,Diabolos,Crystal,2368,0,05829ade005fe971a894d48d18963c4f_7b33d33ae3ecb996f778a5f67a6a0af6fc0.jpg?1788875385,Omega,102,0,NIN
Zypris Allsbane,13616095,34,33,Leviathan,Primal,2364,0,8194751bb802fcd9691a7ee558040836_a91aae52cff9ef65932db06b150ffd47fc0.jpg?1788876139,Omega,149,0,GNB
Olivia Lugria,15149290,35,34,Sargatanas,Aether,2361,0,c230658574a9dc12a4eb6fae2e16ceb4_ba22853447012a24cee115315d6a5bebfc0.jpg?1788877977,Omega,288,8,BLM
Fulheart Grit,38212551,36,35,Balmung,Crystal,2347,0,4a4d99f967c37bf42bd739857921e360_7a573cbc0cda3a3dfc1795cb3d9f7b23fc0.jpg?1788878234,Omega,166,6,PLD
Rin Ruki,59858100,37,36,Exodus,Primal,2297,0,7ec8676537a0b3fff644be3f10ee7741_0cdf051c93865faa15cbc5cd3d2b69fbfc0.jpg?1788875595,Omega,100,0,UNK
Size Difference,33536390,38,37,Sargatanas,Aether,2271,0,770b5bd32a40e292765490f8e46eaf60_ba22853447012a24cee115315d6a5bebfc0.jpg?1788878186,Omega,190,0,MNK
Vittorio Moretti,61421815,39,38,Diabolos,Crystal,2263,0,8c11f65c791a4f39ba7c716aeb6bc8d9_7b33d33ae3ecb996f778a5f67a6a0af6fc0.jpg?1788876923,Omega,153,0,SMN
Rae Rea,58956664,40,39,Adamantoise,Aether,2194,0,72766cccd8c79e6afd3055accfc559fa_1f5fd239b885860b7c2bfc72ad1d97effc0.jpg?1788875232,Omega,41,4,NIN
Sparrow Hawk,50867063,41,40,Seraph,Dynamis,2190,0,1253b18a592d2d3c5133e9b86ab20c5a_07fb0511053f398d1f2d6831e6a6b4c8fc0.jpg?1788877457,Omega,153,7,DRG
Sanguinius Smolblood,33489157,42,41,Kraken,Dynamis,2169,0,461663ac9dfac06c5d61bc05d26ae652_049a956dfeb0eb2e19c417a1dde4d680fc0.jpg?1788877004,Omega,280,3,BRD
Gongsun Qerel,38059779,43,0,Mateus,Crystal,2063,0,015ef2d1ef8f18b0cf7fa0e646fa2d12_f0c52cc66e124fc2e641d7c21ab2ce79fc0.jpg?1788875253,Omega,243,0,VPR
Rubedo Ginshi,15639088,44,0,Lamia,Primal,2061,0,bbc5b3eb96e1a1691fb9abb344fc3217_4d9be17b5e1edc617052b4dbf4007875fc0.jpg?1788878016,Omega,160,0,RPR
Myu Meow,9691497,45,0,Leviathan,Primal,2015,0,d925a41776719d761c94e8e32e5e7a0f_a91aae52cff9ef65932db06b150ffd47fc0.jpg?1788877298,Omega,144,10,UNK
Yua Churu,57865436,46,0,Goblin,Crystal,2002,0,f101295546bd5a2b87478407b6d55ffd_8e81e2940511f7152ba4462fe53e35b8fc0.jpg?1788875629,Omega,176,0,AST
Fortune Days,44283538,47,0,Zalera,Crystal,1999,0,044cf6044387105edf58d48a910b1ae4_8106f857613f8fb994b0be37b26ff4bafc0.jpg?1788876131,Omega,99,4,DNC
Clara Green,44437004,48,0,Gilgamesh,Aether,1982,0,9fdf7ee98ab3c5eb9220a6d31f045135_b937560c841465f7c4bc8eb47ea7948afc0.jpg?1788875876,Omega,127,3,PCT
Air Azure,41482862,49,0,Rafflesia,Dynamis,1979,0,a32fc7c37974e2629ce594c455ff54a7_2783886613347a4db0bed7524de1298ffc0.jpg?1788876520,Omega,195,1,SCH
Im Dead,44727021,50,0,Balmung,Crystal,1972,0,382bb5e8fe23a4e04750cfd29fa9f46c_7a573cbc0cda3a3dfc1795cb3d9f7b23fc0.jpg?1788876484,Omega,53,0,AST
Death Reaps,8773483,51,0,Balmung,Crystal,1958,0,265183f487ab7e0a5a5b3128ec29a82a_7a573cbc0cda3a3dfc1795cb3d9f7b23fc0.jpg?1788877904,Omega,214,2,BLM
Xiao Longbao,31670807,52,0,Excalibur,Primal,1909,0,b9d8562547d5b9d8e86054d9061c6a23_745baffc465480ed372e274d50318290fc0.jpg?1788877909,Omega,518,8,RDM
Momo Meow,50898775,53,0,Siren,Aether,1909,0,6abf63b1f0755aa211bfd1dadc66e3b9_58a84e851e55175d22158ca97af58a1ffc0.jpg?1788876366,Omega,48,0,MNK
Kahlil Immortalis,22812670,54,0,Diabolos,Crystal,1890,0,0451aa29bd529c5d15b718b74c287dd2_7b33d33ae3ecb996f778a5f67a6a0af6fc0.jpg?1788877666,Omega,208,0,UNK
Bepsi Kola,41348459,55,0,Adamantoise,Aether,1879,0,cc3717bc9d9d5c90534918043bb3ba56_1f5fd239b885860b7c2bfc72ad1d97effc0.jpg?1788877365,Omega,218,0,DNC
Suhr Zarek,41651606,56,59,Goblin,Crystal,1861,80,9a55a7c2b29a7a0b7de33b2fcc5a0411_8e81e2940511f7152ba4462fe53e35b8fc0.jpg?1788877079,Omega,113,8,MNK
Yuseong Regilis,60222350,57,56,Exodus,Primal,1827,0,1c96ea3b1132f01c102abfff5ab289ec_0cdf051c93865faa15cbc5cd3d2b69fbfc0.jpg?1788877095,Omega,111,0,UNK
Micro Uryade,37487800,58,57,Sargatanas,Aether,1819,0,d9df4db31e4d391c99006db3caa4b5f9_ba22853447012a24cee115315d6a5bebfc0.jpg?1788875787,Omega,306,13,UNK
P'roto Idola,35374628,59,58,Brynhildr,Crystal,1796,0,a91ad9e8c6c6ddb0905cd9aa6cede8e3_d0a0f515a62457570c9b44997063e3c1fc0.jpg?1788875781,Omega,124,0,PLD
Orpheus Laine,29851207,60,0,Gilgamesh,Aether,1780,0,5939235fbb052c79392d334cce14ca00_b937560c841465f7c4bc8eb47ea7948afc0.jpg?1788875825,Omega,87,0,DRK
La Bubu,26625120,61,68,Diabolos,Crystal,1778,103,733d34df72366760c6f44581681c9088_7b33d33ae3ecb996f778a5f67a6a0af6fc0.jpg?1788877834,Omega,180,5,BLM
Haha Unless,35825889,62,61,Faerie,Aether,1750,0,3c249691791cbe0f2fb3ccc230c9a4e4_0e336ff6ad415f47233f0aaf127feac0fc0.jpg?1788875760,Omega,134,0,DNC
Medori Tenosu,31992476,63,62,Jenova,Aether,1748,0,2d7230bf79f29d3570cfdc7390506985_ce736afe35e2ded4e46c4fd0659aef7efc0.jpg?1788877737,Omega,326,25,WHM
Gidding Mimid,9835761,64,70,Exodus,Primal,1722,98,97296d489ec3afb5d7c65e3c6fa7fc05_0cdf051c93865faa15cbc5cd3d2b69fbfc0.jpg?1788875093,Omega,338,5,NIN
Ryan Hoshiko,10323495,65,71,Lamia,Primal,1719,103,b8f720f05e5314618bc7341f856d075d_4d9be17b5e1edc617052b4dbf4007875fc0.jpg?1788877313,Omega,70,2,RDM
Naomi Hakoma,13697124,66,63,Halicarnassus,Dynamis,1710,0,a6732f9cc34509a6761d618186e745fd_f2d324d722b28bbe681b2898bcdca8bffc0.jpg?1788877932,Omega,85,0,ALC
Show Maker,61843104,67,64,Kraken,Dynamis,1699,0,a2da8d9d3d95080eac0c8ad1975a70ac_049a956dfeb0eb2e19c417a1dde4d680fc0.jpg?1788876289,Omega,121,0,UNK
Kylis Pendragon,36050245,68,65,Balmung,Crystal,1685,0,6d0f4e4d3e36c9a4dd7fccd76f9effc3_7a573cbc0cda3a3dfc1795cb3d9f7b23fc0.jpg?1788876679,Omega,280,2,BRD
Marci Meow,54739620,69,66,Balmung,Crystal,1683,0,4ebc98a9ae6cf756ec75bc3db97f87f6_7a573cbc0cda3a3dfc1795cb3d9f7b23fc0.jpg?1788875260,Omega,78,0,DRG
Azura Skye,61832185,70,67,Goblin,Crystal,1678,0,06833163f0059227fbc31ba3c8c36610_8e81e2940511f7152ba4462fe53e35b8fc0.jpg?1788877841,Omega,99,0,MCH
Akari Tsuki,46655701,71,69,Adamantoise,Aether,1633,0,08f7ffe45c1b134f99ea040b39ee2bdd_1f5fd239b885860b7c2bfc72ad1d97effc0.jpg?1788877435,Omega,60,0,SMN
Mtn Boop,36509633,72,0,Brynhildr,Crystal,1616,0,175f521a1de707cbfb345e95df5e588c_d0a0f515a62457570c9b44997063e3c1fc0.jpg?1788874937,Omega,37,0,VPR
Azureal Grandeur,20448737,73,0,Marilith,Dynamis,1615,0,fa989d1d00d58fc1b4171abefb5e22b7_bbfb28d5a9059cd0c768daf77ab29982fc0.jpg?1788875532,Omega,191,0,BRD
Raphtalia Solari,8126326,74,0,Adamantoise,Aether,1602,0,baeca36f0f50dbb796496ea18e58ee30_1f5fd239b885860b7c2bfc72ad1d97effc0.jpg?1788878084,Omega,105,0,SGE
Josh Trigiani,6965228,75,0,Lamia,Primal,1595,0,22f547722b0454bc3b30d7f6a8ac5b0a_4d9be17b5e1edc617052b4dbf4007875fc0.jpg?1788875354,Omega,42,0,BLM
The Feast,46586541,76,0,Behemoth,Primal,1592,0,db9e7409cc816f51307405b49c8b5713_be20385e18333edb329d4574f364a1f0fc0.jpg?1788876665,Omega,113,11,UNK
Saraliah Dawnbringer,21371539,77,0,Coeurl,Crystal,1588,0,6cef2d612818607782b7fbc356526664_284358f8eb4efc9095914e46798c6ab3fc0.jpg?1788877823,Omega,39,0,SAM
Sovereign Phil,14314725,78,0,Goblin,Crystal,1586,0,acf642268567c66b82aaf11114198670_8e81e2940511f7152ba4462fe53e35b8fc0.jpg?1788877649,Omega,31,0,LTW
Nemx Takeuchi,43679010,79,0,Excalibur,Primal,1586,0,14abc372f60fdda90f30d64457c232b3_745baffc465480ed372e274d50318290fc0.jpg?1788876467,Omega,30,0,MCH
Sovereign Philia,15078273,80,0,Goblin,Crystal,1579,0,9d8a559fe71ba693a4346902b608d5ec_8e81e2940511f7152ba4462fe53e35b8fc0.jpg?1788877875,Omega,31,0,WVR
Mavis Enyo,14769968,81,0,Excalibur,Primal,1578,0,00bced457c7cea8ae968197c61367bed_745baffc465480ed372e274d50318290fc0.jpg?1788875501,Omega,37,0,MCH
Sitri Belladonna,44271644,82,0,Maduin,Dynamis,1577,0,d5fba1e5169b57a308fb1ea60e3553cf_7ff236346f6151d8a2c08fd0b4a0b806fc0.jpg?1788874769,Omega,166,0,MNK
Lia Kiri,52292388,83,0,Lamia,Primal,1577,0,297469abea049ff5cfb98af6fe45176f_4d9be17b5e1edc617052b4dbf4007875fc0.jpg?1788876227,Omega,77,0,AST
Big Three,47754584,84,0,Zalera,Crystal,1564,0,ef1725c11b5e975338a0b9d2fccdabfe_8106f857613f8fb994b0be37b26ff4bafc0.jpg?1788876931,Omega,122,0,WAR
Air Weaver,12424525,85,0,Coeurl,Crystal,1564,0,06474f472310d759766363e8e8f53b3f_284358f8eb4efc9095914e46798c6ab3fc0.jpg?1788877906,Omega,62,0,MCH
Gio Vanna,33440191,86,0,Adamantoise,Aether,1546,0,7d1d14338474ce900c0581dbd778d321_1f5fd239b885860b7c2bfc72ad1d97effc0.jpg?1788877558,Omega,77,0,SGE
Chocolate Mint,12837521,87,0,Mateus,Crystal,1534,0,96f57e6a545b8f0a814d211bd90bda0a_f0c52cc66e124fc2e641d7c21ab2ce79fc0.jpg?1788878286,Omega,35,0,FSH
Vaal Hazak,26534863,88,0,Zalera,Crystal,1532,0,7c44a75a2f3d57a9cd3b86235340939b_8106f857613f8fb994b0be37b26ff4bafc0.jpg?1788877516,Omega,233,4,GNB
Peregrine Lofte,21726171,89,0,Leviathan,Primal,1523,0,351c30387c9048190075024c6b344ead_a91aae52cff9ef65932db06b150ffd47fc0.jpg?1788877084,Omega,62,0,MCH
Bisukito Neko,32261082,90,0,Zalera,Crystal,1522,0,3462c7ee2de7556ca86498dc5214a7fb_8106f857613f8fb994b0be37b26ff4bafc0.jpg?1788878144,Omega,56,0,UNK
Zeta Salazar,44375733,91,0,Midgardsormr,Aether,1520,0,4be3c205f3892cdbc09e8417ad6dbb68_5c8ecfbc673e1287a9b5e85423fe1657fc0.jpg?1788874863,Omega,223,6,SAM
Milla Wilder,10826315,92,0,Exodus,Primal,1507,0,c9949330d11abf504236795bf6bd61f9_0cdf051c93865faa15cbc5cd3d2b69fbfc0.jpg?1788877614,Omega,130,0,WAR
Navori Valois,48622291,93,0,Adamantoise,Aether,1504,0,4facdc408c9ad771bc52001d3c82fa9f_1f5fd239b885860b7c2bfc72ad1d97effc0.jpg?1788875730,Omega,95,0,UNK
Eloza Ketsch,8667845,94,0,Malboro,Crystal,1503,0,4414bb689fd8033d67e6821653f9a232_2e97c13fdd593d15d543093f8a37b6f0fc0.jpg?1788876064,Omega,291,19,SMN
Uki Yo,50106047,95,0,Adamantoise,Aether,1488,0,75e9983a4dd07e7e5de0ed1ac11a23fb_1f5fd239b885860b7c2bfc72ad1d97effc0.jpg?1788877170,Crystal,41,0,RPR
Fire Strike,52397705,96,0,Kraken,Dynamis,1480,0,b9c1021d4aa2ae66682e7904857161ed_049a956dfeb0eb2e19c417a1dde4d680fc0.jpg?1788876684,Crystal,68,0,BLM
Sponge Cake,15121944,97,0,Faerie,Aether,1424,0,3428a89877f1f714b6306dba262cd7ea_0e336ff6ad415f47233f0aaf127feac0fc0.jpg?1788876561,Crystal,54,0,RDM
Sera Yatsuzuka,55095335,98,161,Balmung,Crystal,1407,512,3531afbf77c8233b92b28b214039f903_7a573cbc0cda3a3dfc1795cb3d9f7b23fc0.jpg?1788877752,Crystal,79,18,DRG
Silanah Sylphrena,45709349,99,98,Faerie,Aether,1406,0,353d000e66ebf6b7715ff5998504f784_0e336ff6ad415f47233f0aaf127feac0fc0.jpg?1788875010,Crystal,44,0,WHM
Eyre Stahl,32745572,100,190,Maduin,Dynamis,1395,699,0d24cf6e8f53fc59a993fd5e5311d4e0_7ff236346f6151d8a2c08fd0b4a0b806fc0.jpg?1788878019,Crystal,69,10,UNK
Seto Mimyho,20943977,101,99,Behemoth,Primal,1394,0,e0110a23ddcddf11cb8bf1e895c56d75_be20385e18333edb329d4574f364a1f0fc0.jpg?1788877396,Crystal,55,0,SGE
Mash Buttons,12470854,102,100,Ultros,Primal,1388,0,eec5508ec2ce3844fd62caa5b87a24d8_c514cdcdb619439df97d906d4434ccc6fc0.jpg?1788874906,Crystal,91,2,BRD
Dandy Lyon,9088850,103,101,Leviathan,Primal,1379,0,5e652518b4930ff5cb411a5818760318_a91aae52cff9ef65932db06b150ffd47fc0.jpg?1788878076,Crystal,91,0,NIN
Finch Curador,30712387,104,102,Leviathan,Primal,1378,0,a7767d35320b852f509e7dd68b0151d4_a91aae52cff9ef65932db06b150ffd47fc0.jpg?1788874855,Crystal,55,0,WHM
Skyanar Tyrunas,42486942,105,103,Siren,Aether,1376,0,ba17697df023a58dbdba8be74f3894f2_58a84e851e55175d22158ca97af58a1ffc0.jpg?1788876338,Crystal,209,0,WAR
Ninety-nine Agility,43878532,106,104,Famfrit,Primal,1367,0,07309ebd18b321f5df47f9ab79049d40_fce4949e615393e574f2d57134b31fc1fc0.jpg?1788876090,Crystal,46,0,PCT
Rhiki Nelhah,29582811,107,105,Balmung,Crystal,1309,0,0ad8b0bcd2e47e8bf6c0716959820415_7a573cbc0cda3a3dfc1795cb3d9f7b23fc0.jpg?1788874968,Crystal,176,10,UNK
Lazy Bear,39566180,108,106,Faerie,Aether,1298,0,a07cf0c35d5a78a5a1b9ca16d6f41803_0e336ff6ad415f47233f0aaf127feac0fc0.jpg?1788876398,Crystal,172,0,MNK
Shimori Bunihara,50186185,109,107,Kraken,Dynamis,1298,0,c7cd2842a29701e0963bf6d156392014_049a956dfeb0eb2e19c417a1dde4d680fc0.jpg?1788875350,Crystal,58,0,RPR
Wmmmmmmmmm Wmmmmmmmmm,56778920,110,108,Halicarnassus,Dynamis,1296,0,9e294822ea14ed4084dfe667478bc6e5_f2d324d722b28bbe681b2898bcdca8bffc0.jpg?1788875072,Crystal,46,0,ROG
Kuina Kagetsu,36802695,111,109,Ultros,Primal,1286,0,dd8ffbe11c53ea988c605c9c24157c59_c514cdcdb619439df97d906d4434ccc6fc0.jpg?1788876641,Crystal,99,0,DNC
Aerika Meow,27836279,112,110,Faerie,Aether,1285,0,cefa16e18644e0b625a0d52d2df514b9_0e336ff6ad415f47233f0aaf127feac0fc0.jpg?1788875077,Crystal,39,1,DNC
Baka Bao,48974722,113,111,Gilgamesh,Aether,1217,0,ef2247fb5724315ecd96d1ac9c5804b1_b937560c841465f7c4bc8eb47ea7948afc0.jpg?1788877226,Crystal,311,0,MNK
Celeste Aeternum,38129090,114,112,Adamantoise,Aether,1210,0,76510814c4215ff9bd016e9313ee6e2c_1f5fd239b885860b7c2bfc72ad1d97effc0.jpg?1788875284,Crystal,259,8,GNB
Fyoriah Aliapoh,44734635,115,113,Faerie,Aether,1204,0,298901c71b421faa4612e0bbd9420820_0e336ff6ad415f47233f0aaf127feac0fc0.jpg?1788875603,Crystal,162,0,WHM
No Buts,2234245,116,114,Zalera,Crystal,1203,0,0d8b9ae74f55ea0ba374fa7b38b48862_8106f857613f8fb994b0be37b26ff4bafc0.jpg?1788875726,Crystal,166,0,BRD
Neo Dymium,33030676,117,115,Seraph,Dynamis,1201,0,24be6098cf7acc2de169d92917d3299f_07fb0511053f398d1f2d6831e6a6b4c8fc0.jpg?1788877534,Crystal,73,0,VPR
Ellie Titis,36865882,118,116,Midgardsormr,Aether,1198,0,71601f63eddfe2db7e4ec2213790102c_5c8ecfbc673e1287a9b5e85423fe1657fc0.jpg?1788876725,Crystal,45,0,UNK
Cain Molkoh,57323197,119,117,Goblin,Crystal,1189,0,889deea7b0b76edd744a2b6fb24a09a1_8e81e2940511f7152ba4462fe53e35b8fc0.jpg?1788877232,Crystal,180,0,MCH
Zaneko Yuneko,61640151,120,118,Goblin,Crystal,1182,0,e90101e9d13d827fb83b96932b2de05b_8e81e2940511f7152ba4462fe53e35b8fc0.jpg?1788875557,Crystal,78,0,SMN
Karl Rex,48615049,121,119,Siren,Aether,1179,0,a7f2129699ecb71e801871425b8cbc52_58a84e851e55175d22158ca97af58a1ffc0.jpg?1788877932,Crystal,259,0,SMN
Aesa Iys,59631795,122,120,Kraken,Dynamis,1168,0,60f73c621a5b6dec56728cc5466268c2_049a956dfeb0eb2e19c417a1dde4d680fc0.jpg?1788876457,Crystal,270,0,UNK
Zolzayaa Noykin,34804380,123,135,Balmung,Crystal,1124,99,ff773bbf0388cc8a61ac7c87e78f978f_7a573cbc0cda3a3dfc1795cb3d9f7b23fc0.jpg?1788877161,Crystal,104,4,UNK
Cayen Cen,13893282,124,121,Cactuar,Aether,1124,0,736a684af24050d9faf2a50c1a5ea0b6_96ab1df8877c1f8ba6a89a39cccfd437fc0.jpg?1788876791,Crystal,74,0,UNK
Yui Fins,46861659,125,122,Adamantoise,Aether,1122,0,477904411f28cfd029518422146e02f0_1f5fd239b885860b7c2bfc72ad1d97effc0.jpg?1788877910,Crystal,706,10,PLD
Yneca Matan,52351159,126,123,Rafflesia,Dynamis,1113,0,aa6e6c057603c70f4559f29fce683a54_2783886613347a4db0bed7524de1298ffc0.jpg?1788876050,Crystal,63,0,GNB
No Bee,37102144,127,124,Lamia,Primal,1110,0,5c741048df2befeb7f80a2b03bb02aee_4d9be17b5e1edc617052b4dbf4007875fc0.jpg?1788878180,Crystal,139,0,UNK
Anti Luminosity,53824427,128,125,Marilith,Dynamis,1107,0,345441c3ea324bf07484e7e6f1031ccc_bbfb28d5a9059cd0c768daf77ab29982fc0.jpg?1788875265,Crystal,217,0,RPR
Ailbhe Costa,24483224,129,126,Golem,Dynamis,1100,0,d2a07a324d29f192eabbae6adeb2462b_dd61c3dc259e5c43722e89409499b669fc0.jpg?1788875594,Crystal,18,0,UNK
Bibi Zuzu,57423691,130,127,Rafflesia,Dynamis,1097,0,8b943a88460eb71bae75bfbd8b2408e8_2783886613347a4db0bed7524de1298ffc0.jpg?1788874933,Crystal,115,0,DNC
Haley Autouria,105933,131,171,Coeurl,Crystal,1097,295,8e6b9b10fc2e31af21e24fdaae151c61_284358f8eb4efc9095914e46798c6ab3fc0.jpg?1788877153,Crystal,48,15,UNK
Adrianne Lehman,335503,132,128,Jenova,Aether,1096,0,9487d4bc6332e7a22c323a4ee321ffa1_ce736afe35e2ded4e46c4fd0659aef7efc0.jpg?1788875006,Crystal,371,18,WHM
Limit Less,48764071,133,129,Jenova,Aether,1094,0,cfaa3805c7a62fc99a75b9c68da57b17_ce736afe35e2ded4e46c4fd0659aef7efc0.jpg?1788876594,Crystal,23,1,RDM
Unit Chan,37998953,134,130,Jenova,Aether,1089,0,edbb6ab0cdf4eefcc524df286e3ff034_ce736afe35e2ded4e46c4fd0659aef7efc0.jpg?1788877925,Crystal,132,0,UNK
Vann Healsing,6572,135,131,Coeurl,Crystal,1086,0,e19ce452168669ef7abba0e26cc8ee4c_284358f8eb4efc9095914e46798c6ab3fc0.jpg?1788877195,Crystal,26,0,WAR
Null Scapes,59976938,136,132,Midgardsormr,Aether,1080,0,15e6a7125c017437361f0bcc34cb84af_5c8ecfbc673e1287a9b5e85423fe1657fc0.jpg?1788876912,Crystal,82,0,DRG
Noel Bunny,5201676,137,133,Behemoth,Primal,1079,0,c7f99603b6e09c43470bbabaed203add_be20385e18333edb329d4574f364a1f0fc0.jpg?1788876687,Crystal,198,2,UNK
Aibertain Mando,32541700,138,134,Jenova,Aether,1076,0,8dec967ad48c9a703018a7445740a7f3_ce736afe35e2ded4e46c4fd0659aef7efc0.jpg?1788876996,Crystal,347,7,MCH
Doomballoon Dapingus,19169037,139,136,Diabolos,Crystal,1017,0,e43cef91ca38a14de0e5bea2295ba9c0_7b33d33ae3ecb996f778a5f67a6a0af6fc0.jpg?1788877736,Crystal,75,11,RDM
Silah Zetsku,53965328,140,137,Marilith,Dynamis,1012,0,d2b4042f092dccb0d381fdc61afe74c3_bbfb28d5a9059cd0c768daf77ab29982fc0.jpg?1788877038,Crystal,77,0,WAR
Zithiel Bihrul,44613484,141,138,Faerie,Aether,1003,0,4abc29f0f384c794c1f6c7e7e60b8ed8_0e336ff6ad415f47233f0aaf127feac0fc0.jpg?1788876773,Crystal,215,4,VPR
Fain Doncel'aram,18921518,142,139,Jenova,Aether,1002,0,99d5d58c7b97e260ff83d3d4b87a7103_ce736afe35e2ded4e46c4fd0659aef7efc0.jpg?1788877780,Crystal,25,2,MNK
Nero Cor,51685882,143,140,Cactuar,Aether,1001,0,a53a1a6499997a089c36337bcc3ae46d_96ab1df8877c1f8ba6a89a39cccfd437fc0.jpg?1788875417,Crystal,96,0,SAM
F'ool Pr'oof,27802292,144,141,Behemoth,Primal,1001,0,07756f3cccf4cada3f3d40b5d44ef841_be20385e18333edb329d4574f364a1f0fc0.jpg?1788876401,Crystal,83,0,SMN
Kirishoto Azphina,7859003,145,142,Excalibur,Primal,999,0,c9689b4fc4af55f8366432b02c0ce55f_745baffc465480ed372e274d50318290fc0.jpg?1788877413,Crystal,62,0,WAR
Tiny Sosig,16648383,146,150,Balmung,Crystal,995,84,47661dc0b135d6c15fadc46a3fa85816_7a573cbc0cda3a3dfc1795cb3d9f7b23fc0.jpg?1788876598,Crystal,211,3,NIN
Mo Azure,47140618,147,143,Lamia,Primal,995,0,8e6a4b8b298b5523d1f99888dd9f36cf_4d9be17b5e1edc617052b4dbf4007875fc0.jpg?1788875611,Crystal,24,0,WHM
Kuhl World,37758198,148,144,Siren,Aether,990,0,f50e6e509584057795c9e4befd5e5d69_58a84e851e55175d22158ca97af58a1ffc0.jpg?1788876952,Crystal,73,0,PLD
Raiden Meow,60049984,149,145,Halicarnassus,Dynamis,990,0,82a7874a19aee552f4a0f8ff2b663dff_f2d324d722b28bbe681b2898bcdca8bffc0.jpg?1788876204,Crystal,31,0,SCH
Yulia Lunaria,82714,150,146,Coeurl,Crystal,988,0,30d19e29baad4dfe064001a80a4466e1_284358f8eb4efc9095914e46798c6ab3fc0.jpg?1788877180,Crystal,40,0,PLD
Keyleth Creed,45772844,151,147,Ultros,Primal,987,0,fafdc7854669343158328c3adeb0a3ae_c514cdcdb619439df97d906d4434ccc6fc0.jpg?1788876788,Crystal,29,0,UNK
Erik Jormungandr,21053207,152,148,Balmung,Crystal,985,0,d279bad4f9c048ee2cb4310b2dabb453_7a573cbc0cda3a3dfc1795cb3d9f7b23fc0.jpg?1788876298,Crystal,37,0,DRK
Xale Solace,52728205,153,149,Adamantoise,Aether,936,0,5272a5d5dea9738bb4a6638ac3f083d2_1f5fd239b885860b7c2bfc72ad1d97effc0.jpg?1788875965,Crystal,159,0,DRG
Celesse Archon,5403993,154,151,Midgardsormr,Aether,911,0,46c05696a375eb66cab3503bea79e4e4_5c8ecfbc673e1287a9b5e85423fe1657fc0.jpg?1788877035,Crystal,45,0,WHM
Rathais Gunnach,32955444,155,152,Brynhildr,Crystal,910,0,2a434eda7d82f52a4a70d056b83f2c27_d0a0f515a62457570c9b44997063e3c1fc0.jpg?1788877908,Crystal,62,0,VPR
Ash Ymir,50182260,156,153,Gilgamesh,Aether,906,0,571648c27d0568207bb3ebea02244e4e_b937560c841465f7c4bc8eb47ea7948afc0.jpg?1788877704,Crystal,73,0,UNK
Boulder Beholder,10981587,157,154,Faerie,Aether,905,0,9de7d0362a3a832a7171bfe262bb5d94_0e336ff6ad415f47233f0aaf127feac0fc0.jpg?1788875997,Crystal,18,0,RDM
Xianra Bryne,4015592,158,155,Excalibur,Primal,905,0,770b7228e5d013ae3146fc6330b9b756_745baffc465480ed372e274d50318290fc0.jpg?1788877219,Crystal,17,0,SGE
Minato Maki,53819658,159,156,Excalibur,Primal,904,0,03c1d1dc5b9a30317518ec9a30c301ab_745baffc465480ed372e274d50318290fc0.jpg?1788876713,Crystal,38,0,VPR
Silvy Kaenbyou,45504540,160,157,Goblin,Crystal,901,0,3a856bd5c7e35d95f6afcc57be4321a1_8e81e2940511f7152ba4462fe53e35b8fc0.jpg?1788877204,Crystal,262,0,SAM
Somnidemn Serdorm,37031558,161,158,Goblin,Crystal,901,0,6147ca113912ee7b9ac321313bbf5863_8e81e2940511f7152ba4462fe53e35b8fc0.jpg?1788876668,Crystal,72,0,UNK
Theory Ai,55206021,162,159,Leviathan,Primal,897,0,018be547248466158b1d0f9de4315340_a91aae52cff9ef65932db06b150ffd47fc0.jpg?1788876963,Crystal,232,0,UNK
June Buggy,39873640,163,160,Brynhildr,Crystal,896,0,929fb7f3958e6f1fbc9e559d731c0108_d0a0f515a62457570c9b44997063e3c1fc0.jpg?1788876573,Crystal,51,0,MNK
Twist Slaps,45827554,164,189,Balmung,Crystal,894,196,15159b4ecdb811d022905e8cd9bc4839_7a573cbc0cda3a3dfc1795cb3d9f7b23fc0.jpg?1788876960,Crystal,62,6,RDM
Nia Yukumo,22530343,165,162,Lamia,Primal,893,0,41fe576462de4cc12ab76d6d29ef58e4_4d9be17b5e1edc617052b4dbf4007875fc0.jpg?1788874802,Crystal,109,0,DRG
Ice Mage,56719413,166,163,Golem,Dynamis,893,0,20eb207dbce003e2fb1842e0c47aacc7_dd61c3dc259e5c43722e89409499b669fc0.jpg?1788875255,Crystal,65,0,BLM
Garu Kettle,7054871,167,164,Behemoth,Primal,887,0,e03f1b46663ddb8c150315a88c79c9f1_be20385e18333edb329d4574f364a1f0fc0.jpg?1788876999,Crystal,188,0,UNK
Aahaha Hahahahaha,31743716,168,165,Exodus,Primal,887,0,77935bdcfdbdbcd8404ce28584023170_0cdf051c93865faa15cbc5cd3d2b69fbfc0.jpg?1788877930,Crystal,83,0,VPR
Phrosticus Maximus,51732834,169,166,Kraken,Dynamis,831,0,36921233b0c05085a501c86bb51f5633_049a956dfeb0eb2e19c417a1dde4d680fc0.jpg?1788878114,Crystal,361,6,NIN
Kiitla Hundar,21600585,170,167,Brynhildr,Crystal,821,0,acff83df95bca2189584bd6af72e84ce_d0a0f515a62457570c9b44997063e3c1fc0.jpg?1788876898,Crystal,144,1,UNK
Horan Lou,38248988,171,168,Brynhildr,Crystal,817,0,3c88d2c3502bacefa5eb1e223a75217b_d0a0f515a62457570c9b44997063e3c1fc0.jpg?1788876310,Crystal,110,0,RDM
Apple Thief,43679241,172,169,Balmung,Crystal,808,0,746256d82b3652ef93bbd475defb85ac_7a573cbc0cda3a3dfc1795cb3d9f7b23fc0.jpg?1788877405,Crystal,618,7,NIN
Mirae Malaguld,50148809,173,170,Famfrit,Primal,803,0,6eb6ea3365a1160e9537ec75ff91463a_fce4949e615393e574f2d57134b31fc1fc0.jpg?1788877111,Crystal,16,0,NIN
Judas Demaio,7957583,174,172,Balmung,Crystal,800,0,802e8b947615ba3fa10ac8d8e4fb1ebf_7a573cbc0cda3a3dfc1795cb3d9f7b23fc0.jpg?1788875978,Crystal,55,0,UNK
Ren Meow,50978506,175,173,Midgardsormr,Aether,800,0,7b0d37527fbf80936d64911e4e02726d_5c8ecfbc673e1287a9b5e85423fe1657fc0.jpg?1788875449,Crystal,23,0,DRK
Shadow Reve,6323548,176,174,Gilgamesh,Aether,799,0,cbca7664e2c3d133469b2f7134ae8c01_b937560c841465f7c4bc8eb47ea7948afc0.jpg?1788876776,Crystal,42,0,UNK
Satoshi Itaori,52546108,177,175,Golem,Dynamis,798,0,1ecf4d8479fa0e8c3c4b6fe005108b6d_dd61c3dc259e5c43722e89409499b669fc0.jpg?1788876793,Crystal,46,0,AST
Io Isana,33563057,178,176,Coeurl,Crystal,796,0,bb1bccc46bef2876072e2e7fa326fa12_284358f8eb4efc9095914e46798c6ab3fc0.jpg?1788876657,Crystal,26,0,DRG
Alex Rider,61850079,179,177,Hyperion,Primal,794,0,d221a7b6c00ffa393c988249ed242d9a_57ae9ee5592123dd79c8912bf768cf99fc0.jpg?1788876860,Crystal,109,1,DRG
Gracidea Blossom,4573171,180,178,Lamia,Primal,792,0,12afdfb12aebd14365b3149875fee65f_4d9be17b5e1edc617052b4dbf4007875fc0.jpg?1788878302,Crystal,93,2,WHM
Alana Mystranquil,38447772,181,179,Coeurl,Crystal,787,0,a3b4e0628a97b6c3941d78fd1af36b81_284358f8eb4efc9095914e46798c6ab3fc0.jpg?1788875279,Crystal,43,0,SCH
Kanae Meow,36806118,182,180,Ultros,Primal,782,0,8969e8a0b518902a3996525f822b4701_c514cdcdb619439df97d906d4434ccc6fc0.jpg?1788877737,Crystal,254,0,WHM
Onigiri Bunny,7352884,183,181,Behemoth,Primal,780,0,382f2b7a0b15514c38a6e2d5af3d8014_be20385e18333edb329d4574f364a1f0fc0.jpg?1788877648,Crystal,15,0,UNK
Rasan Sena,13544028,184,182,Kraken,Dynamis,710,0,70d1ba94bcbeff8a384f1e364b2ee863_049a956dfeb0eb2e19c417a1dde4d680fc0.jpg?1788876270,Crystal,117,3,UNK
Radanis Luminacht,16920977,185,183,Sargatanas,Aether,710,0,b371d311f8b15d14c5d5b08dda36ab7f_ba22853447012a24cee115315d6a5bebfc0.jpg?1788877743,Crystal,21,0,UNK
S'tille Fhey,8693680,186,184,Midgardsormr,Aether,709,0,d02ff61e52c6b3e4eadaf1f6172fe557_5c8ecfbc673e1287a9b5e85423fe1657fc0.jpg?1788877855,Crystal,79,0,UNK
Jin Mercer,31096690,187,185,Marilith,Dynamis,704,0,708b770d30658bbff6a84015d913b518_bbfb28d5a9059cd0c768daf77ab29982fc0.jpg?1788877909,Crystal,205,7,MCH
Scythe Horrorblade,32713598,188,186,Mateus,Crystal,702,0,43c41a5aa8d981f109e6d76f3347bd93_f0c52cc66e124fc2e641d7c21ab2ce79fc0.jpg?1788876018,Crystal,319,0,DRG
Rusheel Vasscus,2314921,189,187,Adamantoise,Aether,702,0,a4248cc27f1d518fee3b2b12da021669_1f5fd239b885860b7c2bfc72ad1d97effc0.jpg?1788877903,Crystal,15,0,GNB
Rin Denma,33178809,190,188,Gilgamesh,Aether,700,0,6c5bab6678d3c44b6e646bc8726eb9f9_b937560c841465f7c4bc8eb47ea7948afc0.jpg?1788877089,Crystal,18,0,UNK
Mori Sumire,22629786,191,0,Zalera,Crystal,694,0,9d1372da41637e0a1cee75add0cdab3e_8106f857613f8fb994b0be37b26ff4bafc0.jpg?1788878233,Crystal,86,0,UNK
Master Zoknik,48144446,192,0,Balmung,Crystal,692,0,3c54e73f2ad7023aa3b173793f95c070_7a573cbc0cda3a3dfc1795cb3d9f7b23fc0.jpg?1788877340,Crystal,29,0,RDM
Zot Meow,34168568,193,0,Sargatanas,Aether,690,0,857170879bee95fc8f3f62ae264a46ce_ba22853447012a24cee115315d6a5bebfc0.jpg?1788875831,Crystal,28,0,SGE
Lolly Pops,11573609,194,0,Leviathan,Primal,685,0,a38b4d4cbcfc624c56b5db6efb627dd2_a91aae52cff9ef65932db06b150ffd47fc0.jpg?1788876109,Crystal,339,0,MNK
Rachna's Kitten,60414129,195,0,Diabolos,Crystal,681,0,5a2079c26296ecf9252da83453669ee7_7b33d33ae3ecb996f778a5f67a6a0af6fc0.jpg?1788875949,Crystal,55,0,UNK
Pravik Rhati,30628415,196,0,Zalera,Crystal,623,0,6f338ced5bbbd90812f4a17468f53684_8106f857613f8fb994b0be37b26ff4bafc0.jpg?1788877473,Crystal,310,0,WHM
Reed Diamond,7237831,197,0,Ultros,Primal,612,0,132bb33f336f4f3ae42c3cf9a96a11ad_c514cdcdb619439df97d906d4434ccc6fc0.jpg?1788875105,Crystal,166,15,MNK
Ethan Dumas,2337003,198,0,Zalera,Crystal,612,0,4363afb6aeff95a15293cf3907560f7b_8106f857613f8fb994b0be37b26ff4bafc0.jpg?1788876936,Crystal,153,10,RDM
Tc Sola,43984930,199,0,Zalera,Crystal,608,0,1bde011c1056c258b5456fb7d0f6283f_8106f857613f8fb994b0be37b26ff4bafc0.jpg?1788877098,Crystal,110,0,MNK
Kyda Oriana,7676781,200,0,Balmung,Crystal,607,0,5a1ffcf9ec98159ee3f6c3727943f30f_7a573cbc0cda3a3dfc1795cb3d9f7b23fc0.jpg?1788876012,Crystal,40,0,WHM
Hilto Feltre,55076328,201,0,Sargatanas,Aether,605,0,4a850e1dbb7f6f3aeff5b21df6166f3f_ba22853447012a24cee115315d6a5bebfc0.jpg?1788876126,Crystal,51,6,MCH
Novical Astrea,42979170,202,0,Exodus,Primal,604,0,b638930bbe9987be79fa698126728549_0cdf051c93865faa15cbc5cd3d2b69fbfc0.jpg?1788877033,Crystal,116,0,BRD
Ivy Storm,61727582,203,0,Zalera,Crystal,604,0,27a648f77de0ff7a1a44539cbd062203_8106f857613f8fb994b0be37b26ff4bafc0.jpg?1788878087,Crystal,81,0,MCH
Shiroi Kijo,44769088,204,0,Ultros,Primal,602,0,2bc8c14bed99e41cc16db823a37e5295_c514cdcdb619439df97d906d4434ccc6fc0.jpg?1788876562,Crystal,193,0,SMN
Shum One,31246227,205,0,Midgardsormr,Aether,602,0,6a9ab1154c9d9a712cc039f45837db6d_5c8ecfbc673e1287a9b5e85423fe1657fc0.jpg?1788874757,Crystal,93,0,VPR
Alma Braver,729037,206,0,Goblin,Crystal,602,0,1d50d402d833734bf7f0d1fe6b3af5e8_8e81e2940511f7152ba4462fe53e35b8fc0.jpg?1788875087,Crystal,63,0,WHM
Nikau Milkdud,30842976,207,0,Lamia,Primal,601,0,2ffee265e9fb9491997d30306dc67cc3_4d9be17b5e1edc617052b4dbf4007875fc0.jpg?1788875886,Crystal,20,0,DNC
Hunie Pop,37396085,208,0,Ultros,Primal,599,0,8a72b357002474c02d597d6e8bc94cee_c514cdcdb619439df97d906d4434ccc6fc0.jpg?1788877746,Crystal,191,2,WHM
Kohvu Lynx,1558192,209,0,Exodus,Primal,599,0,071acbe4f7c99524490dc3ec23aca0f1_0cdf051c93865faa15cbc5cd3d2b69fbfc0.jpg?1788876599,Crystal,48,0,BSM
Mimiko Kino,37737560,210,0,Cactuar,Aether,598,0,2f578a342ca6fc6db5f86b231212e716_96ab1df8877c1f8ba6a89a39cccfd437fc0.jpg?1788877528,Crystal,37,0,BLM
Sarantsatsral Kha,26082962,211,0,Behemoth,Primal,597,0,f8735f190504d139ee16ec1a623371dc_be20385e18333edb329d4574f364a1f0fc0.jpg?1788878227,Crystal,41,0,PLD
Unagi Box,34773273,212,0,Cuchulainn,Dynamis,597,0,05a513d02b60c767bfb83440ab2d406b_b4a106e4893fd452df0001eaeecf9d7efc0.jpg?1788877617,Crystal,39,0,MCH
Lelouch Masamune,12543299,213,0,Malboro,Crystal,596,0,711457fd66b589fb422ba4640a4826f0_2e97c13fdd593d15d543093f8a37b6f0fc0.jpg?1788876722,Crystal,80,0,DRK
Teysa Montgomery,6201712,214,0,Cactuar,Aether,595,0,eb51f53fb1f2b23ee171b4e92895e9b4_96ab1df8877c1f8ba6a89a39cccfd437fc0.jpg?1788877639,Crystal,293,0,DRG
Koifucius Dao-master,37165464,215,0,Exodus,Primal,595,0,030277d5215f88056127d2b9e88474e4_0cdf051c93865faa15cbc5cd3d2b69fbfc0.jpg?1788877652,Crystal,17,0,PLD
Cynthia Noir,25307713,216,0,Leviathan,Primal,592,0,5b4f8d78ae6dd18586116fe673617384_a91aae52cff9ef65932db06b150ffd47fc0.jpg?1788874808,Crystal,413,14,BLM
Freelili Baylili,41088797,217,0,Famfrit,Primal,591,0,2fd0edea93f7f1b96bfa59c24d04a2af_fce4949e615393e574f2d57134b31fc1fc0.jpg?1788875102,Crystal,68,0,RPR
Nori Uxu,59427885,218,0,Famfrit,Primal,590,0,f6e4448deaa96d55d9e4599f8eba8c7c_fce4949e615393e574f2d57134b31fc1fc0.jpg?1788874815,Crystal,19,0,RPR
Cassian Syndriel,52998476,219,0,Ultros,Primal,507,0,db812378f708097c17610e9e6817f749_c514cdcdb619439df97d906d4434ccc6fc0.jpg?1788877146,Crystal,82,0,SAM
Naeng Myeon,35393894,220,0,Jenova,Aether,506,0,e834ee8ccde5fd99424275ed75278f5b_ce736afe35e2ded4e46c4fd0659aef7efc0.jpg?1788875200,Crystal,166,2,UNK
Cecils Lunas,39054438,221,0,Brynhildr,Crystal,505,0,4f553dbd79cfae0460c3d43b82171d15_d0a0f515a62457570c9b44997063e3c1fc0.jpg?1788875591,Crystal,58,0,SGE
Airi Aogane,46241895,222,0,Sargatanas,Aether,503,0,11367baad718b56f9682513d9430146d_ba22853447012a24cee115315d6a5bebfc0.jpg?1788875971,Crystal,117,0,SGE
Yos Sy,23664999,223,0,Jenova,Aether,501,0,01f58e6e2269085746fd0a5b6fe0e7f2_ce736afe35e2ded4e46c4fd0659aef7efc0.jpg?1788876680,Crystal,153,0,DRG
V'linh Tia,35736983,224,0,Hyperion,Primal,501,0,760e31f96b4d3b3534fcdc43c9564fab_57ae9ee5592123dd79c8912bf768cf99fc0.jpg?1788877741,Crystal,150,22,BRD
Chronochaos Asura,1230012,225,0,Excalibur,Primal,501,0,16f01a0a9404158e87254af5dbe09328_745baffc465480ed372e274d50318290fc0.jpg?1788876041,Crystal,95,0,NIN
Blonde Redhead,49490935,226,0,Marilith,Dynamis,501,0,0e239c86e9da893fd26a7749174eb81a_bbfb28d5a9059cd0c768daf77ab29982fc0.jpg?1788876842,Crystal,24,0,DNC
Virtus Giruvegan,3183831,226,0,Gilgamesh,Aether,501,0,e8050cdd79efaaf143d74f9ae4cdcfb1_b937560c841465f7c4bc8eb47ea7948afc0.jpg?1788876203,Crystal,24,0,UNK
Oni Akuma,7300790,228,0,Gilgamesh,Aether,500,0,e8e098720e245711114b4614110261b5_b937560c841465f7c4bc8eb47ea7948afc0.jpg?1788877789,Crystal,197,0,NIN
Veri Luominen,55705450,229,0,Lamia,Primal,500,0,950efa363fdbeeb92977c51680813524_4d9be17b5e1edc617052b4dbf4007875fc0.jpg?1788876830,Crystal,38,3,DNC
Senka Kyo,40405843,230,0,Adamantoise,Aether,500,0,57edcac1396cccc62373cfaa1109ab06_1f5fd239b885860b7c2bfc72ad1d97effc0.jpg?1788875566,Crystal,4,0,PLD
Aelara Nightelm,2908362,231,0,Maduin,Dynamis,499,0,f40ea9e3404cbab02b92f9bc1d80cdcd_7ff236346f6151d8a2c08fd0b4a0b806fc0.jpg?1788875396,Crystal,136,0,UNK
M' Twelve,36885704,232,0,Halicarnassus,Dynamis,499,0,0f10ff80520b725264b0aed8ac62d609_f2d324d722b28bbe681b2898bcdca8bffc0.jpg?1788878317,Crystal,75,0,UNK
Honey Toast,57307408,233,0,Exodus,Primal,499,0,f4ce05067fa4042fad64931eb5015841_0cdf051c93865faa15cbc5cd3d2b69fbfc0.jpg?1788875745,Crystal,49,0,UNK
Brian Ricardo,9364090,234,0,Adamantoise,Aether,499,0,c00688b4ac9b567c1a4de9d648fbbff4_1f5fd239b885860b7c2bfc72ad1d97effc0.jpg?1788876143,Crystal,37,0,MCH
Shinra Tatsuya,8648762,235,0,Gilgamesh,Aether,498,0,7dccb5e520b149afd2b044279fa8694e_b937560c841465f7c4bc8eb47ea7948afc0.jpg?1788877298,Crystal,130,3,SAM
Mahou Mahou,47196016,236,0,Rafflesia,Dynamis,497,0,6e978054777e93d657aa58ae97d863a9_2783886613347a4db0bed7524de1298ffc0.jpg?1788877380,Crystal,14,0,DRG
Tio Tot,32427648,237,0,Jenova,Aether,493,0,b6b5f99e0b2c9878499873fdbe82cda3_ce736afe35e2ded4e46c4fd0659aef7efc0.jpg?1788877476,Crystal,27,0,WHM
Suho Thamasa,29478863,238,0,Hyperion,Primal,409,0,5a1f26eb5676742192b41e767e7e2071_57ae9ee5592123dd79c8912bf768cf99fc0.jpg?1788877473,Crystal,75,11,PCT
Bento Manjusaka,8342791,239,0,Famfrit,Primal,408,0,6ad6165e804ca5f8a6e46061f7c359ec_fce4949e615393e574f2d57134b31fc1fc0.jpg?1788876837,Crystal,170,3,BRD
Bigg Succ,14228989,240,0,Coeurl,Crystal,408,0,d833225ff74a6d00fc89b134cc155262_284358f8eb4efc9095914e46798c6ab3fc0.jpg?1788875100,Crystal,7,0,MCH
Bean Waters,34305264,241,0,Famfrit,Primal,406,0,bcdcd97b24d4dfc6b3e643c8670b6f7c_fce4949e615393e574f2d57134b31fc1fc0.jpg?1788875901,Crystal,47,0,PCT
Lowan Gleview,48863675,242,0,Gilgamesh,Aether,406,0,3ed0770e9633fa9630af57f595f1d68d_b937560c841465f7c4bc8eb47ea7948afc0.jpg?1788877422,Crystal,35,0,NIN
Roland Montpensier,27408688,243,0,Mateus,Crystal,402,0,f999e29fa2ab10f6ba02338f493e886b_f0c52cc66e124fc2e641d7c21ab2ce79fc0.jpg?1788876146,Crystal,27,0,DRK
Lean Bean,27288162,244,0,Leviathan,Primal,402,0,10eb9c645841623c4f9edb8e24e49d0e_a91aae52cff9ef65932db06b150ffd47fc0.jpg?1788878324,Crystal,21,0,SMN
Larxis Themage,9284703,245,0,Mateus,Crystal,401,0,f1440421e273892659981868cbc99f9b_f0c52cc66e124fc2e641d7c21ab2ce79fc0.jpg?1788876853,Crystal,251,14,BLM
Von Columbine,58381347,246,0,Gilgamesh,Aether,401,0,616328e702b2b2e8d452581d53ec9f88_b937560c841465f7c4bc8eb47ea7948afc0.jpg?1788877172,Crystal,102,0,GNB
Very Shooooooooooort,49384501,247,0,Hyperion,Primal,401,0,084259a7b0d5cdac112faebe64bac849_57ae9ee5592123dd79c8912bf768cf99fc0.jpg?1788875068,Crystal,88,0,UNK
O'naeas Du'faigh,39414113,248,0,Ultros,Primal,401,0,7994a259bec436115a0081b11babf4f8_c514cdcdb619439df97d906d4434ccc6fc0.jpg?1788875129,Crystal,75,0,UNK
Vicious Nouzen,42001229,249,0,Adamantoise,Aether,401,0,94ccc3f4ceffc2356f1ddd47d85ca9f7_1f5fd239b885860b7c2bfc72ad1d97effc0.jpg?1788876966,Crystal,58,0,PLD
Rail Ying,33252892,250,0,Famfrit,Primal,400,0,e9ae8b691e418ccccf35ebe11804f497_fce4949e615393e574f2d57134b31fc1fc0.jpg?1788876131,Crystal,341,0,RPR
Coffee Dawg,17085073,251,0,Famfrit,Primal,400,0,3f73984ff31eed30a16eba5ac017bdda_fce4949e615393e574f2d57134b31fc1fc0.jpg?1788875025,Crystal,71,0,UNK
Nero K'ten,6155374,252,0,Lamia,Primal,400,0,457604f04300faac0e52a053884e2bb7_4d9be17b5e1edc617052b4dbf4007875fc0.jpg?1788877405,Crystal,54,0,MIN
Cj Deux,23394493,253,0,Lamia,Primal,399,0,64702aeefa55d2931c531ddadd7964ea_4d9be17b5e1edc617052b4dbf4007875fc0.jpg?1788876980,Crystal,325,0,NIN
Communal Cheeks,27114083,254,287,Exodus,Primal,399,100,3fc08de400212f238f1a14efeb29b544_0cdf051c93865faa15cbc5cd3d2b69fbfc0.jpg?1788877597,Crystal,109,5,WHM
Johnny Rotten,60584717,255,254,Balmung,Crystal,399,0,16dd0eb6be877814ca22fed24fe6191d_7a573cbc0cda3a3dfc1795cb3d9f7b23fc0.jpg?1788876016,Crystal,89,0,SMN
Lenpao Victus,30455513,256,255,Midgardsormr,Aether,399,0,6067c0a6b77debbd9a03665d4d13dd52_5c8ecfbc673e1287a9b5e85423fe1657fc0.jpg?1788876181,Crystal,77,0,UNK
Pvp Wintrader,55633250,257,256,Rafflesia,Dynamis,399,0,a95c4512f0f35cf564aac910d19b00e2_2783886613347a4db0bed7524de1298ffc0.jpg?1788875677,Crystal,41,0,BRD
So What,33785359,258,257,Ultros,Primal,398,0,b0f894a94041f0bd4b241723ce815801_c514cdcdb619439df97d906d4434ccc6fc0.jpg?1788876942,Crystal,63,1,RDM
Kaede Obinata,32151196,259,258,Marilith,Dynamis,398,0,460d631b298c83b035fb70ac5669658d_bbfb28d5a9059cd0c768daf77ab29982fc0.jpg?1788877545,Crystal,46,0,SGE
Ava Falafell,7835301,260,259,Cactuar,Aether,398,0,037dd67f6ab82aadfe3e7b3e4973d525_96ab1df8877c1f8ba6a89a39cccfd437fc0.jpg?1788875542,Crystal,32,0,WHM
Milly Mina,37964161,261,260,Cuchulainn,Dynamis,398,0,f3300c3e28b3c5b4a3767a587341831e_b4a106e4893fd452df0001eaeecf9d7efc0.jpg?1788877775,Crystal,25,0,FSH
Cadence Cantus,33044984,262,0,Siren,Aether,398,0,44e7dbfa977275caf68524c22df4eed0_58a84e851e55175d22158ca97af58a1ffc0.jpg?1788875425,Crystal,8,0,BRD
Shoujo Hime,18340055,263,261,Leviathan,Primal,397,0,c341075038058a45ef549f7bac1b9d25_a91aae52cff9ef65932db06b150ffd47fc0.jpg?1788876237,Crystal,211,0,DNC
Aurora Aura,51466191,264,262,Coeurl,Crystal,397,0,6bf65747d41f881881af0d8d8ee83bb9_284358f8eb4efc9095914e46798c6ab3fc0.jpg?1788877215,Crystal,124,0,RDM
Pinky Auto'break,59213242,265,263,Halicarnassus,Dynamis,397,0,9ac8bffaba88f1f4c7fe1238e6a7dcb0_f2d324d722b28bbe681b2898bcdca8bffc0.jpg?1788875781,Crystal,41,0,UNK
Sammy Young,6615078,266,0,Siren,Aether,396,296,45fe6dff76e055741580aebf281d0495_58a84e851e55175d22158ca97af58a1ffc0.jpg?1788877863,Crystal,89,14,DNC
Kale Crow,57973655,267,264,Excalibur,Primal,396,0,39e30189265e5cf770bddc1b87bdb349_745baffc465480ed372e274d50318290fc0.jpg?1788876042,Crystal,66,0,UNK
Goemon Da-cat,33537349,268,265,Behemoth,Primal,395,0,43966a550ccf1c1bef04bbdf44d30910_be20385e18333edb329d4574f364a1f0fc0.jpg?1788875848,Crystal,41,0,BRD
Jon Jitsu,3287137,269,266,Exodus,Primal,395,0,40995ea7a6a7bd4a2bf41fe663bdcd2a_0cdf051c93865faa15cbc5cd3d2b69fbfc0.jpg?1788876649,Crystal,28,0,RDM
Thamiel Blade,11845109,270,267,Malboro,Crystal,393,0,80ba6f7aa26a72c98ebf41b210be27be_2e97c13fdd593d15d543093f8a37b6f0fc0.jpg?1788875283,Crystal,84,0,RDM
Gidson Brand,28304013,271,0,Goblin,Crystal,390,197,876c2dd63c77339205c6fe96b4bd3d82_8e81e2940511f7152ba4462fe53e35b8fc0.jpg?1788876729,Crystal,53,7,DRG
Kala Bean,47191581,272,268,Sargatanas,Aether,390,0,652d26fa63ddcd1da1592c0daad3e3e7_ba22853447012a24cee115315d6a5bebfc0.jpg?1788877631,Crystal,35,0,GSM
Kiro Storm,2229937,273,269,Zalera,Crystal,311,0,80b8683df1ad9172d59a3f29dba5f221_0e336ff6ad415f47233f0aaf127feac0fc0.jpg?1788877975,Crystal,42,0,DNC
Clyde Valentine,47896182,274,270,Faerie,Aether,307,0,7643a89a2b062b2c4613ed6226d9ca00_0e336ff6ad415f47233f0aaf127feac0fc0.jpg?1788876451,Crystal,74,0,UNK
Meridia Grimmlock,2197600,275,0,Diabolos,Crystal,306,306,f48032d38e2fc8781b9bbdff444a3cac_7b33d33ae3ecb996f778a5f67a6a0af6fc0.jpg?1788877418,Crystal,51,24,MCH
Obelisk Silvermoon,18585285,276,271,Zalera,Crystal,304,0,7af7eadecc57bb171735e8cd2c455a5c_8106f857613f8fb994b0be37b26ff4bafc0.jpg?1788875192,Crystal,25,0,UNK
Dank Lollington,37820692,277,272,Exodus,Primal,304,0,2b6faafd9620689cd5e4222c96529aa5_0cdf051c93865faa15cbc5cd3d2b69fbfc0.jpg?1788876005,Crystal,21,0,SAM
Eroison Chren,42575447,278,273,Ultros,Primal,302,0,d66c862181da18eea3335d6667510dc6_c514cdcdb619439df97d906d4434ccc6fc0.jpg?1788875179,Crystal,56,0,SCH
Malorec Achlur,23572490,279,274,Balmung,Crystal,302,0,2a92fda1b2bcfc00ac608ee4842abefc_7a573cbc0cda3a3dfc1795cb3d9f7b23fc0.jpg?1788875656,Crystal,20,0,GNB
Tarex Youva,34244171,280,275,Behemoth,Primal,301,0,f62a1a6593a19abc7f2ade2191e57159_be20385e18333edb329d4574f364a1f0fc0.jpg?1788876497,Crystal,75,0,SGE
Denmo Mcstronghuge,1150717,281,276,Excalibur,Primal,301,0,bb33b9be77e28ab26ee6367ad6ba7cac_745baffc465480ed372e274d50318290fc0.jpg?1788876381,Crystal,20,0,SGE
Erdrick Than'talas,35169837,282,277,Behemoth,Primal,300,0,bcdde4e2fbfba10f901006ffbc7723cc_be20385e18333edb329d4574f364a1f0fc0.jpg?1788877417,Crystal,340,5,PLD
Ciel Sorrel,22647977,283,278,Zalera,Crystal,300,0,4feb2b2835b10561864f50a075fa571c_8106f857613f8fb994b0be37b26ff4bafc0.jpg?1788875288,Crystal,95,4,UNK
Eternal Slumber,25903660,284,279,Hyperion,Primal,300,0,e04969696b7e202db5371bd7c0b62231_57ae9ee5592123dd79c8912bf768cf99fc0.jpg?1788875278,Crystal,71,0,NIN
Chocolate Sundae,11896647,285,280,Leviathan,Primal,300,0,e75ff0153c7586a9f758c64c6f71a8a2_a91aae52cff9ef65932db06b150ffd47fc0.jpg?1788877319,Crystal,58,0,DRG
Sumia Flor,33531136,286,281,Siren,Aether,300,0,48d2b4acca8a2f9b8af413bf808c0b05_58a84e851e55175d22158ca97af58a1ffc0.jpg?1788877962,Crystal,21,0,BRD
Onion Little,37583983,287,282,Zalera,Crystal,300,0,59533d6fd2d0a8b58595bf860ae3f36a_8106f857613f8fb994b0be37b26ff4bafc0.jpg?1788877618,Crystal,13,0,CUL
W'kepaga M'ankhad,51943168,288,283,Midgardsormr,Aether,299,0,2731864a3bfbb890bb0d554a4dbb55cc_5c8ecfbc673e1287a9b5e85423fe1657fc0.jpg?1788877838,Crystal,263,15,SMN
Blair Dorne,29869596,289,284,Ultros,Primal,299,0,9e146102ba59effa56603b6cece7193d_c514cdcdb619439df97d906d4434ccc6fc0.jpg?1788878300,Crystal,169,0,MNK
Lux Mas,23065843,290,285,Sargatanas,Aether,299,0,88a2ca0abf69b95b8d6893d740e04615_ba22853447012a24cee115315d6a5bebfc0.jpg?1788877099,Crystal,133,0,RDM
Nava Savitra,11866965,291,286,Behemoth,Primal,299,0,192dd5e055cc8be6175a56a286c32203_be20385e18333edb329d4574f364a1f0fc0.jpg?1788877518,Crystal,129,7,BLM
Ever After,61886458,292,288,Golem,Dynamis,298,0,ce6d0aed1a633df84225c3db33b7d3b6_dd61c3dc259e5c43722e89409499b669fc0.jpg?1788875150,Crystal,68,0,AST
Sophia Sol,50636657,293,289,Diabolos,Crystal,298,0,f2e548487adc8d24ba4ee5ae891d1fca_7b33d33ae3ecb996f778a5f67a6a0af6fc0.jpg?1788876993,Crystal,51,0,BLU
Kotsu Inaro,30630355,294,290,Exodus,Primal,298,0,366970acd3e57071fd4ad21f6339b0d7_0cdf051c93865faa15cbc5cd3d2b69fbfc0.jpg?1788877357,Crystal,43,0,UNK
Tom Diesche,18405124,295,291,Brynhildr,Crystal,298,0,ed1c4fdb1074b3519b700cc1619d3ba6_d0a0f515a62457570c9b44997063e3c1fc0.jpg?1788877976,Crystal,13,0,WHM
Kemono Friends,9960513,296,292,Balmung,Crystal,298,0,32976001d45735dc6eed07706ce7c1aa_7a573cbc0cda3a3dfc1795cb3d9f7b23fc0.jpg?1788876215,Crystal,6,0,DRG
Aesa Reign,35916991,297,293,Behemoth,Primal,298,0,41b39fb2112c54e35953a1e9bca43b2b_be20385e18333edb329d4574f364a1f0fc0.jpg?1788877412,Crystal,3,0,MCH
Esdeath Frostwalker,13055427,298,294,Ultros,Primal,297,0,e4d4a49fa77136849753f7901dfbe937_c514cdcdb619439df97d906d4434ccc6fc0.jpg?1788875859,Crystal,80,16,WHM
Asteroth Rayet,34556987,299,295,Coeurl,Crystal,297,0,074f19c1dfdaef751b93ed3b29eeb320_284358f8eb4efc9095914e46798c6ab3fc0.jpg?1788877489,Crystal,31,0,VPR
Fui Yins,58885962,300,296,Halicarnassus,Dynamis,296,0,2e525e40683dcc64fcbcb9213fda6fc9_f2d324d722b28bbe681b2898bcdca8bffc0.jpg?1788875656,Crystal,19,0,DNC
Ash Kitamura,26629771,1,0,Ravana,Materia,0,0,33c0c99f7649a707ea0e8e4da0340efb_2f53b2675d3eea360f0b48d74d30af15fc0.jpg?1788876870,Diamond,81,0,AST
Enrei Mihata,49665542,2,0,Ravana,Materia,0,0,9df67e19d234830f2d797bb6efbad836_2f53b2675d3eea360f0b48d74d30af15fc0.jpg?1788874767,Diamond,37,0,DRG
Fatahh Wizardcat,60429758,3,0,Zurvan,Materia,0,0,0a04508a6feea55f3b4227e7d574212a_1fa3a1b3845481a1b67b46854a3cc49afc0.jpg?1788875825,Platinum,52,0,BLM
Queue Up,44283543,4,0,Ravana,Materia,0,0,341e0565d728c5334b58960edfc1c897_2f53b2675d3eea360f0b48d74d30af15fc0.jpg?1788876918,Platinum,42,0,PLD
Shiki Hime,41619079,5,0,Sophia,Materia,0,0,e0f33871fdd9bcb0012cace0f140b504_ba15a18cd3a8fb567e39053022515eb6fc0.jpg?1788877946,Platinum,39,0,MNK
Sora Teppelin,7487042,6,0,Sophia,Materia,0,0,3d849e783499c238b2f4d439e3a8c2a7_ba15a18cd3a8fb567e39053022515eb6fc0.jpg?1788875744,Platinum,35,0,VPR
Shiny Jirachi,51220221,7,0,Sophia,Materia,0,0,f1b04aa626472a08642b4f93d911f87c_ba15a18cd3a8fb567e39053022515eb6fc0.jpg?1788877831,Platinum,11,0,RDM
Raiosu Eucliffe,45249258,8,0,Ravana,Materia,0,0,a21442f92d53ab89cab416d41fe9132d_2f53b2675d3eea360f0b48d74d30af15fc0.jpg?1788877066,Platinum,53,0,BRD
Nyanyanyanya Nyanyan,48648775,9,0,Ravana,Materia,0,0,ec08e9f45b8d4335b412f3e39f4458e2_2f53b2675d3eea360f0b48d74d30af15fc0.jpg?1788874836,Platinum,29,0,WHM
Ku Ku,58267971,10,0,Sophia,Materia,0,0,77db43d75ac5ffe3d585318a47534ab9_ba15a18cd3a8fb567e39053022515eb6fc0.jpg?1788876597,Platinum,52,0,BRD
Master Zoknik,61010055,11,0,Zurvan,Materia,0,0,bfa135b89b0fb27fe708b3a427bd667f_1fa3a1b3845481a1b67b46854a3cc49afc0.jpg?1788875570,Platinum,88,0,SMN
Jiraiya Sannin,47974804,12,0,Ravana,Materia,0,0,6a5cc312529bc78b7d0bbbf5f41983af_2f53b2675d3eea360f0b48d74d30af15fc0.jpg?1788876958,Platinum,45,0,WAR
Esperance Lightbound,16103781,13,0,Ravana,Materia,0,0,0d3ff648d49892a8fc3bd67490985032_2f53b2675d3eea360f0b48d74d30af15fc0.jpg?1788878038,Platinum,40,0,PLD
Syth Isi,14766898,14,0,Sephirot,Materia,0,0,4eef23c58ccbdfd054240b7a6afee3df_30a5f9eadea6e0cb684a5265362d0d59fc0.jpg?1788876924,Platinum,31,0,SGE
Lil Wu,39781651,15,0,Ravana,Materia,0,0,883868199332c12050d61887025475bc_2f53b2675d3eea360f0b48d74d30af15fc0.jpg?1788876442,Platinum,38,0,PLD
Monkey Rat,28956529,16,0,Zurvan,Materia,0,0,bd13db4ebaa363278dd269b5941ae816_1fa3a1b3845481a1b67b46854a3cc49afc0.jpg?1788877650,Platinum,75,0,SGE
Unshao Theruun,36386941,17,0,Sephirot,Materia,0,0,ec8f93abdc73eddcd17e0450db1cb572_30a5f9eadea6e0cb684a5265362d0d59fc0.jpg?1788878094,Platinum,28,0,WAR
Aleksei Veldoch,39931654,18,0,Ravana,Materia,0,0,ef0923b785702de5a588b383a0d1bcea_2f53b2675d3eea360f0b48d74d30af15fc0.jpg?1788876865,Platinum,47,0,BLM
Noelle Frost,59496366,19,0,Zurvan,Materia,0,0,5e03b95700bb3e6556a80cb9336a41d2_1fa3a1b3845481a1b67b46854a3cc49afc0.jpg?1788876019,Platinum,40,0,WHM
Boz Ulceros,32280980,20,0,Ravana,Materia,0,0,269b081d650bf5598fd5a3f9419b8b43_2f53b2675d3eea360f0b48d74d30af15fc0.jpg?1788876764,Platinum,72,0,UNK
Funeral Pyre,29286073,21,0,Zurvan,Materia,0,0,48d5de4023484583f2225a2026548284_1fa3a1b3845481a1b67b46854a3cc49afc0.jpg?1788876214,Platinum,61,0,SMN
Mars Bars,41756039,22,0,Sophia,Materia,0,0,87af5886ec3b52e7e582ccc7755f6a9b_ba15a18cd3a8fb567e39053022515eb6fc0.jpg?1788876856,Platinum,49,0,DRG
Chs Crane,37655547,23,0,Sophia,Materia,0,0,7cd2d4b420716bf684bdd41ef37d9319_ba15a18cd3a8fb567e39053022515eb6fc0.jpg?1788875274,Platinum,30,0,BLM
Simetras Sol,38726083,24,0,Ravana,Materia,0,0,fc54c458f2e80d3680f50e6026011ab7_2f53b2675d3eea360f0b48d74d30af15fc0.jpg?1788877497,Gold,131,0,DRK
Lillian Melikai,42502039,25,0,Ravana,Materia,0,0,6c5f22e96162240c2bb96702fcbe123b_2f53b2675d3eea360f0b48d74d30af15fc0.jpg?1788875063,Gold,47,0,GNB
Coffee Lover,50333621,26,0,Sophia,Materia,0,0,3c4552eb56bfb14f36d9b512873eac0d_ba15a18cd3a8fb567e39053022515eb6fc0.jpg?1788876767,Gold,42,0,UNK
Twitch Pvpash,58310287,27,0,Sephirot,Materia,0,0,825390c1ecfa92c4ed45d4ff7a91e39e_30a5f9eadea6e0cb684a5265362d0d59fc0.jpg?1788876123,Gold,35,0,SAM
Disco Knees,36101852,28,0,Sophia,Materia,0,0,48d0a8dae7efe9ad10780f28920a969b_ba15a18cd3a8fb567e39053022515eb6fc0.jpg?1788877532,Gold,33,0,DRK
Seth Nier,10650761,29,0,Sophia,Materia,0,0,64bba40966450747199bec23184e47a3_ba15a18cd3a8fb567e39053022515eb6fc0.jpg?1788877869,Gold,26,0,UNK
Izaray Wintergray,40906176,30,0,Sophia,Materia,0,0,be2f5b4e324fa72cd4ef19d0c29f10da_ba15a18cd3a8fb567e39053022515eb6fc0.jpg?1788876301,Gold,37,0,DNC
Fokus Galantryus,40738924,31,0,Sophia,Materia,0,0,93e1d720637fb04b8b4f9b7a346a6a4e_ba15a18cd3a8fb567e39053022515eb6fc0.jpg?1788877615,Gold,31,0,SMN
Nirki Yukumo,41663432,32,0,Zurvan,Materia,0,0,c950234c9a872ae2ab8476f696fcb74f_1fa3a1b3845481a1b67b46854a3cc49afc0.jpg?1788876923,Gold,26,0,NIN
Jena Kuwahara,28003546,33,0,Ravana,Materia,0,0,5bacb190ffd91b392df04923b13fa29a_2f53b2675d3eea360f0b48d74d30af15fc0.jpg?1788878175,Gold,118,0,UNK
Han Liu,44640291,34,0,Ravana,Materia,0,0,55233b520f90487f51f380e2add5fc3d_2f53b2675d3eea360f0b48d74d30af15fc0.jpg?1788877109,Gold,109,0,NIN
Vielle Drillemont,52770027,35,0,Ravana,Materia,0,0,6c212c0698d00b38fb5cb7d51dcf91bf_2f53b2675d3eea360f0b48d74d30af15fc0.jpg?1788877126,Gold,79,0,MCH
Scarlette Harlette,51206657,36,0,Sephirot,Materia,0,0,2f63ccbdc329fa14480887bf4c0dfa0e_30a5f9eadea6e0cb684a5265362d0d59fc0.jpg?1788875923,Gold,71,0,NIN
Stu Vermillion,45923134,37,0,Sephirot,Materia,0,0,542be51b9ba1f8c4c217e94d2b96e3aa_30a5f9eadea6e0cb684a5265362d0d59fc0.jpg?1788874783,Gold,51,0,UNK
Stupid Puzzle,57160120,38,0,Ravana,Materia,0,0,7af9b543418115db5c1299f1abb4e123_2f53b2675d3eea360f0b48d74d30af15fc0.jpg?1788876929,Gold,45,0,DRG
Aislinn Rose,47395507,39,0,Ravana,Materia,0,0,920c56af8cba5363c65e0c83dbbcac71_2f53b2675d3eea360f0b48d74d30af15fc0.jpg?1788876954,Gold,68,0,GNB
Brian Ricardo,41560139,40,0,Sophia,Materia,0,0,678ed14a243387459872b7217f75e382_ba15a18cd3a8fb567e39053022515eb6fc0.jpg?1788876862,Gold,26,0,SGE
Noah Marlowe,16149159,41,0,Ravana,Materia,0,0,ec4ee34b34397ee883bd89175e1f15df_2f53b2675d3eea360f0b48d74d30af15fc0.jpg?1788876131,Gold,15,0,RDM
Berogi Avarous,37261319,42,0,Sophia,Materia,0,0,5fbe574c31dc7541b2bb18753fed8278_ba15a18cd3a8fb567e39053022515eb6fc0.jpg?1788877617,Gold,25,0,MNK
Lion Lord,60332724,43,0,Ravana,Materia,0,0,72fbb269e357d68127cd61715f152bc8_2f53b2675d3eea360f0b48d74d30af15fc0.jpg?1788877006,Gold,57,0,BRD
Lupercal Aurelian,37936946,44,0,Ravana,Materia,0,0,93674d47ae679f2b2191e0d82e33123f_2f53b2675d3eea360f0b48d74d30af15fc0.jpg?1788877285,Gold,30,0,MNK
Arvus Lake,60370728,45,0,Bismarck,Materia,0,0,3491a10775fcbbb5a0c1329925f30f4f_36f0570990ac5402b2ef514d36b0435cfc0.jpg?1788878019,Gold,17,0,MNK
Neo Zee,58982637,46,0,Ravana,Materia,0,0,c042f71fe47095dad35d5764027056d1_2f53b2675d3eea360f0b48d74d30af15fc0.jpg?1788878254,Gold,38,0,BRD
Juru'a Mihrulh,48704606,47,0,Zurvan,Materia,0,0,80aa9b34947750aa356810124a11ba19_1fa3a1b3845481a1b67b46854a3cc49afc0.jpg?1788876950,Gold,66,0,UNK
Zervish Vanht,21659747,48,0,Ravana,Materia,0,0,ff2403388bd597c0b3fb62c30e9bff67_2f53b2675d3eea360f0b48d74d30af15fc0.jpg?1788877630,Gold,23,0,BLM
Byakko Moon,10831175,49,0,Sephirot,Materia,0,0,7d8049ebe32efa74e5107944b1e43d15_30a5f9eadea6e0cb684a5265362d0d59fc0.jpg?1788876723,Gold,3,0,BSM
Wierd Dude,58113414,50,0,Sephirot,Materia,0,0,c887fa7d587b2205b349abb82627a0d1_30a5f9eadea6e0cb684a5265362d0d59fc0.jpg?1788877017,Gold,66,0,WHM
Sukoshi Ninjin,57860048,51,0,Sophia,Materia,0,0,b41a0bd7b5958d56cec5f84314a28f3a_ba15a18cd3a8fb567e39053022515eb6fc0.jpg?1788877631,Gold,32,0,UNK
Aurum Blaiddyd,10794239,52,0,Sophia,Materia,0,0,8b76648a8cb1cbbd4f1c870189433f3a_ba15a18cd3a8fb567e39053022515eb6fc0.jpg?1788874948,Gold,13,0,SAM
Clars Lester,951178,53,0,Sephirot,Materia,0,0,46727c8d445323c9e5b8140d37027050_30a5f9eadea6e0cb684a5265362d0d59fc0.jpg?1788876312,Silver,62,0,UNK
Sebastian Michaelis,42038341,54,0,Sephirot,Materia,0,0,17f4346a95c45541b337263d60106b3f_30a5f9eadea6e0cb684a5265362d0d59fc0.jpg?1788876053,Silver,59,0,BTN
Sana Miyata,34196273,55,0,Ravana,Materia,0,0,4a94c0f8b59e635e8748a32f11cc42f8_2f53b2675d3eea360f0b48d74d30af15fc0.jpg?1788876339,Silver,31,0,SCH
Birdy Lou,40000398,56,0,Sophia,Materia,0,0,a8894121a60bc81621d47edf1ee0577b_ba15a18cd3a8fb567e39053022515eb6fc0.jpg?1788875558,Silver,29,0,DRK
J'mo H',10666399,57,0,Sephirot,Materia,0,0,53873e717cbf7baeb168205935077671_30a5f9eadea6e0cb684a5265362d0d59fc0.jpg?1788877333,Silver,17,0,BLM
Cwenhild Reid,41763782,58,0,Sophia,Materia,0,0,c9d176025665cc1528a984e82a81fd64_ba15a18cd3a8fb567e39053022515eb6fc0.jpg?1788876140,Silver,24,0,UNK
Pollux Renault,45246168,59,0,Ravana,Materia,0,0,af456258cb5d3ca7c42bb950f92247de_2f53b2675d3eea360f0b48d74d30af15fc0.jpg?1788876924,Silver,13,0,MNK
Ranko Riselle,47223883,60,0,Sophia,Materia,0,0,301cb977b468ead36aa13c049b17f861_ba15a18cd3a8fb567e39053022515eb6fc0.jpg?1788877208,Silver,11,0,UNK
Anzac Fenrir,10988408,61,0,Ravana,Materia,0,0,6c7b02f93e5250249333e13f236fc545_2f53b2675d3eea360f0b48d74d30af15fc0.jpg?1788875558,Silver,31,0,UNK
Kensuke Sugimori,59626210,61,0,Zurvan,Materia,0,0,b8c23a3c5466f6621fe9629c20c0b897_1fa3a1b3845481a1b67b46854a3cc49afc0.jpg?1788876854,Silver,31,0,NIN
Your Conscience,16441762,63,0,Sophia,Materia,0,0,2b2174722b7610bb306987526ac6cb6d_ba15a18cd3a8fb567e39053022515eb6fc0.jpg?1788874870,Silver,27,0,SMN
Eustace Madao,44593837,64,0,Ravana,Materia,0,0,687914339d33024fe783e72eb5a1929f_2f53b2675d3eea360f0b48d74d30af15fc0.jpg?1788878195,Silver,22,0,UNK
Elto Malto,55670275,65,0,Zurvan,Materia,0,0,6625d7f60a549d4e764bdbbb6315b573_1fa3a1b3845481a1b67b46854a3cc49afc0.jpg?1788878154,Silver,17,0,UNK
Peaceful Serenity,44576253,66,0,Sephirot,Materia,0,0,ae7fb16a93fad97a522145bf683d894f_30a5f9eadea6e0cb684a5265362d0d59fc0.jpg?1788877564,Silver,0,0,RDM
Cucu Cucumber,43336963,67,0,Sophia,Materia,0,0,d0bedba76c1744686e4fafd9d31eeb08_ba15a18cd3a8fb567e39053022515eb6fc0.jpg?1788876061,Silver,40,0,BLM
Persona Non-grata,59997612,68,0,Ravana,Materia,0,0,817d96e78e710beff47ca2d76caa6b30_2f53b2675d3eea360f0b48d74d30af15fc0.jpg?1788875670,Silver,33,0,PLD
Frierens Feet,18696306,69,0,Bismarck,Materia,0,0,55c56c5779dac3caf6a9e915a44a972d_36f0570990ac5402b2ef514d36b0435cfc0.jpg?1788876701,Silver,29,0,SMN
C'ranmaia Lizha,60465549,70,0,Bismarck,Materia,0,0,f41736abfa17637ee6e1f020f2787726_36f0570990ac5402b2ef514d36b0435cfc0.jpg?1788876852,Silver,18,0,UNK
Shiny Garchomp,44081260,71,0,Ravana,Materia,0,0,a9aeaf4658d90c68d46e7086d323e456_2f53b2675d3eea360f0b48d74d30af15fc0.jpg?1788875174,Silver,17,0,MCH
Rorqual Kasa,57902813,72,0,Sophia,Materia,0,0,7feae505b9896a3e51486698db2446ea_ba15a18cd3a8fb567e39053022515eb6fc0.jpg?1788877912,Silver,24,0,NIN
Sen Zeka,62124659,73,0,Sophia,Materia,0,0,1823c4c042b6dba95a5ad3e3a8d5658b_ba15a18cd3a8fb567e39053022515eb6fc0.jpg?1788875576,Silver,15,0,ROG
Minty Dew,11254788,74,0,Sephirot,Materia,0,0,afdf4d4e1f96c8e17ed8dbbb09ea4e01_30a5f9eadea6e0cb684a5265362d0d59fc0.jpg?1788876197,Silver,12,0,DNC
Pompitous Litchous,28520377,75,0,Sephirot,Materia,0,0,ab4abed9c2f0b5369480818f95581f87_30a5f9eadea6e0cb684a5265362d0d59fc0.jpg?1788877735,Silver,10,0,UNK
Red Pocket,57790009,76,0,Zurvan,Materia,0,0,9ee6578b70ebe2412c9a6a3b9539d845_1fa3a1b3845481a1b67b46854a3cc49afc0.jpg?1788877001,Silver,1,0,UNK
Magnolia Moonsong,39932795,77,0,Sephirot,Materia,0,0,a9e5b8f87ce0e4e7d236eef2abfe90e0_30a5f9eadea6e0cb684a5265362d0d59fc0.jpg?1788877900,Silver,19,0,UNK
Sil Vanht,3592400,78,0,Ravana,Materia,0,0,7557bb5d8d4d13b13e750b30dbd34093_2f53b2675d3eea360f0b48d74d30af15fc0.jpg?1788874872,Silver,9,0,SMN
Re- G',41760350,79,0,Sophia,Materia,0,0,b5e032ba04147a101b5a91d07703c313_ba15a18cd3a8fb567e39053022515eb6fc0.jpg?1788877424,Silver,0,0,UNK
Tiny Seda,43818296,80,0,Ravana,Materia,0,0,21e2b2de9125d9cf1b99748fa9eef0e2_2f53b2675d3eea360f0b48d74d30af15fc0.jpg?1788876993,Silver,50,0,MIN
Venase Tym,61779775,81,0,Sophia,Materia,0,0,24aac6d5abd68d4dc957bd7c98ba27f2_ba15a18cd3a8fb567e39053022515eb6fc0.jpg?1788878028,Silver,18,0,UNK
Zero Alexander,18446688,82,0,Sophia,Materia,0,0,f2e26342d51255236baa45461f41bf5b_ba15a18cd3a8fb567e39053022515eb6fc0.jpg?1788877032,Silver,14,0,BLM
Temp Arie,41750566,83,0,Zurvan,Materia,0,0,73bdd493fc471827004a90a5745ff400_1fa3a1b3845481a1b67b46854a3cc49afc0.jpg?1788877806,Silver,13,0,DRG
Awayi Soleil,40986096,84,0,Zurvan,Materia,0,0,c84676ef434b75aec3260707fcad3d8a_1fa3a1b3845481a1b67b46854a3cc49afc0.jpg?1788876393,Silver,12,0,BLM
Swhe Swoo,28568079,85,0,Sephirot,Materia,0,0,fbccbe709d21605c6f47dec5052b1238_30a5f9eadea6e0cb684a5265362d0d59fc0.jpg?1788878226,Silver,9,0,GNB
Anwir De-viece,58698037,86,0,Ravana,Materia,0,0,2a85cf689dc656e43470cb547586f207_2f53b2675d3eea360f0b48d74d30af15fc0.jpg?1788876209,Silver,18,0,WHM
Levinia Lumina,25634480,87,0,Ravana,Materia,0,0,9ba79c01085813db00f74aa9a46fd0c8_2f53b2675d3eea360f0b48d74d30af15fc0.jpg?1788877031,Silver,12,0,MCH
Faye Amoret,28738568,88,0,Sophia,Materia,0,0,db40e5035f6f662b6a8b36ecf79df1fc_ba15a18cd3a8fb567e39053022515eb6fc0.jpg?1788875270,Silver,11,0,BRD
Liachen Thrope,29127861,89,0,Sophia,Materia,0,0,b0722934ed1329725ff744f9ae52c7ba_ba15a18cd3a8fb567e39053022515eb6fc0.jpg?1788877590,Silver,9,0,UNK
Egg White,3210815,90,0,Ravana,Materia,0,0,c387324a5e1c8e594b0e31a55b518e02_2f53b2675d3eea360f0b48d74d30af15fc0.jpg?1788877902,Silver,6,0,UNK
Goober Gooberm,48887220,91,0,Ravana,Materia,0,0,4523e0b4a5f923b67e31f18f801210af_2f53b2675d3eea360f0b48d74d30af15fc0.jpg?1788877635,Silver,18,0,ALC
Zepherii Sui,43963552,92,0,Sophia,Materia,0,0,31b395238c6120dc114964c652dc393b_ba15a18cd3a8fb567e39053022515eb6fc0.jpg?1788876852,Silver,16,0,CRP
Athena' Aria,29939277,93,0,Ravana,Materia,0,0,c678c1cf7f9d7de3e80882588e7606e8_2f53b2675d3eea360f0b48d74d30af15fc0.jpg?1788875501,Silver,6,0,AST
Turuturu Mennmenn,51356780,94,0,Sephirot,Materia,0,0,501dec1a7db9bac050ecbd4f8028e6e6_30a5f9eadea6e0cb684a5265362d0d59fc0.jpg?1788878058,Bronze,19,0,MNK
Hotsingles Inyourarea,43275845,95,0,Sephirot,Materia,0,0,08be8dec8891190a5227c50c7650dd29_30a5f9eadea6e0cb684a5265362d0d59fc0.jpg?1788875033,Bronze,15,0,PCT
Esuna Me,41693115,96,0,Sophia,Materia,0,0,a228e053489ecc9e042fda80c30c0c67_ba15a18cd3a8fb567e39053022515eb6fc0.jpg?1788878053,Bronze,14,0,GNB
Makh'a Zruhn,42193944,97,0,Ravana,Materia,0,0,323be164f5593618bf1111ae4538ad96_2f53b2675d3eea360f0b48d74d30af15fc0.jpg?1788875344,Bronze,6,0,UNK
Ashmi Rae,18364101,98,0,Bismarck,Materia,0,0,2b3a41d227e2937852d5c1e031d5aba0_36f0570990ac5402b2ef514d36b0435cfc0.jpg?1788876090,Bronze,5,0,BRD
Tiny Wrath,25583557,99,0,Zurvan,Materia,0,0,2c82c1a404fc646361cabcf478aed323_1fa3a1b3845481a1b67b46854a3cc49afc0.jpg?1788877951,Bronze,24,0,WHM
Astoria Einar,48634124,100,0,Sophia,Materia,0,0,c128519c4464923dc4c2b6c0b5fb5c47_ba15a18cd3a8fb567e39053022515eb6fc0.jpg?1788876779,Bronze,19,0,SMN
