name,id,cur_rank,prev_rank,world,dc,points,points_delta,portrait,tier,wins,wins_delta,job
Cliffe Zanza,36074329,1,0,Spriggan,Chaos,5088,0,d8d2fa78adb447ec4b6d5d747f5d5f84_feaf0a2e88ff164813fbc9b85876fa48fc0.jpg?1788613085,Ultima,228,0,MNK
Saboree Catboy,36051653,2,0,Spriggan,Chaos,3799,0,b61ec1080d608b5a83f30baef219dc02_feaf0a2e88ff164813fbc9b85876fa48fc0.jpg?1788613722,Ultima,378,0,MCH
Mamiyama Kamimama,37371304,3,0,Spriggan,Chaos,3678,0,3c6fd6569d3dce40308c9a2a1f3c3bfa_feaf0a2e88ff164813fbc9b85876fa48fc0.jpg?1788611704,Ultima,460,3,MNK
Crow Kaien,44749262,4,0,Zodiark,Light,3652,0,54e5719ccbdb45c6de28f017b4365207_c274370774c6bc3483cc8740805f41bcfc0.jpg?1788612258,Ultima,65,0,DRK
Tsukuyo Ritlas,37800185,5,7,Odin,Light,3614,101,eca30840fe0bed8e80f620b5f57c49de_644311b63b607133c989d7c1188467dafc0.jpg?1788611704,Ultima,150,2,PCT
Loty Coldwind,36521588,6,5,Twintania,Light,3590,0,3632cf6d20598f5c4c7b748be7e19153_c33f640c0cdd35f7def85b8aa31a0007fc0.jpg?1788612995,Ultima,403,11,WHM
Deadrise Mutombo,31730694,7,6,Ragnarok,Chaos,3585,6,a382acb94313f23d966dd6d39d909bea_40d57ba713628f3f1ef5ef204b6d76d2fc0.jpg?1788614502,Ultima,247,4,GNB
Scarlet Rose,26616217,8,9,Spriggan,Chaos,3358,141,96ad88f23a708e8d6e391f669986d57c_feaf0a2e88ff164813fbc9b85876fa48fc0.jpg?1788614284,Ultima,536,6,PLD
Miyu Moon,58918526,9,10,Moogle,Chaos,3349,192,1abf5ce3756f6fa0d1c5be2cd39491bc_d7a9d5f85a29d6278ec1c7adc2c8d242fc0.jpg?1788612735,Ultima,129,8,SAM
Auelin Fae,18291844,10,8,Zodiark,Light,3223,0,2d6204db02c5efce86aca234fd6f1ce1_c274370774c6bc3483cc8740805f41bcfc0.jpg?1788613726,Ultima,153,0,NIN
Tia Tomoe,41293767,11,0,Phoenix,Light,3104,0,7dc31b9a880ba3f36a3ef1208e0c5909_5047bc596a4bab2dc7f7c120bb22dec5fc0.jpg?1788613310,Ultima,175,6,SMN
Elohim Meth,60682611,12,0,Raiden,Light,3055,0,0b14f1751b014118eca06236e1fdf2bf_a370664d98f658f4ed4e620f378f73cdfc0.jpg?1788614376,Ultima,200,0,UNK
Shino Yaru,38308969,13,0,Phoenix,Light,3026,0,0662727bb913ed7fe3009f3542ea1e64_5047bc596a4bab2dc7f7c120bb22dec5fc0.jpg?1788614021,Ultima,422,0,UNK
Ange Melrose,50267939,14,0,Omega,Chaos,3007,0,f2fb3057962bf3d28bcce976076f5368_39e25ac3d737c46452305eefe324372cfc0.jpg?1788612361,Ultima,399,0,MNK
Ivaious Zol,38270926,15,0,Odin,Light,2992,0,2e78b44195db83336b1acbe75927a864_644311b63b607133c989d7c1188467dafc0.jpg?1788612113,Omega,186,0,RDM
Prisma Tic,38791879,16,0,Cerberus,Chaos,2939,0,5220c35172bb26154c862a6d485e37b8_777c57311d510ca65dac3c1077dee435fc0.jpg?1788613455,Omega,278,0,ACN
Totsu Geki,60147602,17,0,Spriggan,Chaos,2826,0,1b45188bdbf3dd4afe9a37a646eaa4b9_feaf0a2e88ff164813fbc9b85876fa48fc0.jpg?1788614662,Omega,510,0,DRK
Miyu Edelfelt,21335430,18,0,Phoenix,Light,2816,0,ba690d74246b4d07f543f0d9516feec2_5047bc596a4bab2dc7f7c120bb22dec5fc0.jpg?1788612760,Omega,287,5,AST
Aura Sphere,30657353,19,0,Zodiark,Light,2741,0,6cc4a373eafbcbf88a340a52d95f133e_c274370774c6bc3483cc8740805f41bcfc0.jpg?1788612197,Omega,158,3,SCH
Akari Tsuki,31005286,20,0,Louisoix,Chaos,2700,0,28e1cfaecfbf911dc3621f5de74642aa_0a122616f3718d3f45cab10fd8fc1604fc0.jpg?1788612362,Omega,81,2,MNK
Maarato Cookie,20349526,21,0,Twintania,Light,2667,0,dbab16598b86bb31b2eb96070f723572_c33f640c0cdd35f7def85b8aa31a0007fc0.jpg?1788613233,Omega,240,0,DRG
Ten Gil,17217146,22,0,Louisoix,Chaos,2663,0,884fcae1e61228d09798c630a2c827fb_0a122616f3718d3f45cab10fd8fc1604fc0.jpg?1788611944,Omega,140,0,SMN
Tarutella Goldfish,4235488,23,0,Phoenix,Light,2651,0,f269741c27ca22c02db955557e7283fa_5047bc596a4bab2dc7f7c120bb22dec5fc0.jpg?1788613484,Omega,248,1,SGE
Ase Dora,42603487,24,27,Alpha,Light,2506,166,78626e6cf6f07875d5ac9527a5bd0c4d_6132295fcf5570fb8b0a944ef322a598fc0.jpg?1788612100,Omega,586,8,MCH
Sice Seven,15008161,25,24,Moogle,Chaos,2494,0,23657ac0d29f4bc5667ef1e00cf528f8_d7a9d5f85a29d6278ec1c7adc2c8d242fc0.jpg?1788613709,Omega,117,0,BRD
Yasuki San,61688064,26,25,Phantom,Chaos,2477,0,37dbf9b8936faaf9c75f598c38dcac11_f0a43d6e5eea19af337a176e9836acddfc0.jpg?1788614523,Omega,484,0,UNK
Tei Tei,36611700,27,26,Odin,Light,2382,0,21c224545e3d3af775a3d377c8e444bf_644311b63b607133c989d7c1188467dafc0.jpg?1788612374,Omega,232,5,SMN
Lex'ander Wayfarer,18009481,28,0,Odin,Light,2295,0,0adfa03fe11940a91e3b6a2ed08ddb88_644311b63b607133c989d7c1188467dafc0.jpg?1788614036,Omega,105,0,SAM
Resilla Frostflow,14658770,29,0,Cerberus,Chaos,2294,0,00a4e6250beb98b5644c87cffe8b7f4f_777c57311d510ca65dac3c1077dee435fc0.jpg?1788614577,Omega,177,0,DNC
Cat Wife,21099767,30,0,Zodiark,Light,2257,0,76d1664265ae631c957cfab6c72cfba9_c274370774c6bc3483cc8740805f41bcfc0.jpg?1788613950,Omega,47,0,WAR
Ame Ame,20722816,31,0,Ragnarok,Chaos,2189,0,84eea0fa24e8d91df6e02312644e4c94_40d57ba713628f3f1ef5ef204b6d76d2fc0.jpg?1788612651,Omega,84,0,UNK
Lhei Tayun,25191408,32,0,Zodiark,Light,2179,0,6ee93960f16da0ea5150fe1b7590dfa4_c274370774c6bc3483cc8740805f41bcfc0.jpg?1788613272,Omega,263,0,BLM
Xen Thique,40172078,33,0,Odin,Light,2178,0,8930228f4df0c18feea28ebbb1c451f2_644311b63b607133c989d7c1188467dafc0.jpg?1788613075,Omega,148,0,WHM
Shia Sun,1754600,34,0,Odin,Light,2094,0,7550981ba488e5ebe919aa3cb39efbfa_644311b63b607133c989d7c1188467dafc0.jpg?1788611367,Omega,232,0,DNC
Myst Freyja,33906213,35,0,Omega,Chaos,2086,0,240b879fd403fc16c04022b6075077ae_39e25ac3d737c46452305eefe324372cfc0.jpg?1788614572,Omega,84,0,RPR
Yamizura Kumozuma,19652230,36,37,Twintania,Light,2072,90,24bbc9cebf09eb83efcbc272c3085fd1_c33f640c0cdd35f7def85b8aa31a0007fc0.jpg?1788613625,Omega,30,3,MCH
Leedo Dale,25033597,37,36,Zodiark,Light,1983,0,9e122691e98bda2ea6abe86ed7b81a63_c274370774c6bc3483cc8740805f41bcfc0.jpg?1788613153,Omega,514,0,PLD
Meryll Enetari,24681550,38,0,Cerberus,Chaos,1978,0,f4fe16c70d7023e2101e19421c5abf1e_777c57311d510ca65dac3c1077dee435fc0.jpg?1788612361,Omega,409,4,DNC
Yi Ma,60448295,39,0,Phoenix,Light,1949,0,bb3af62117cae7488d9b02007f341c7b_5047bc596a4bab2dc7f7c120bb22dec5fc0.jpg?1788614150,Omega,160,0,MNK
Purr It,40913226,40,0,Zodiark,Light,1947,0,9adf9c1689ff6761673da6e25b839b7b_c274370774c6bc3483cc8740805f41bcfc0.jpg?1788612041,Omega,282,8,VPR
Arale Il,15406803,41,0,Ragnarok,Chaos,1919,0,e5c2a19e43a1edb9b276827163b36a1b_40d57ba713628f3f1ef5ef204b6d76d2fc0.jpg?1788612827,Omega,142,0,BRD
Misora Kaiatsa,25126040,42,0,Moogle,Chaos,1917,0,80fa199452585ab77d14128509576300_d7a9d5f85a29d6278ec1c7adc2c8d242fc0.jpg?1788613231,Omega,187,0,RPR
Kimbi Aoe,24693270,43,53,Shiva,Light,1898,206,67e0ddfb70faf5725a971d086cfdce61_3fbff0e6b620e4d259dc427abc6574dafc0.jpg?1788612097,Omega,88,8,MCH
Marci Sidekick,41408431,44,43,Zodiark,Light,1887,0,a9c3b41a05dec1fd191fe80f38009aa5_c274370774c6bc3483cc8740805f41bcfc0.jpg?1788612496,Omega,64,0,DRG
Endorel Soro,12949151,45,44,Alpha,Light,1874,0,038b9a835f84a3b80a8a467605d3dd8c_6132295fcf5570fb8b0a944ef322a598fc0.jpg?1788613519,Omega,65,0,UNK
Delzor Waka,40194085,46,45,Odin,Light,1837,0,bde30c4caff355f65cf9761727b12725_644311b63b607133c989d7c1188467dafc0.jpg?1788612121,Omega,216,11,NIN
Magna Shanoa,22946172,47,46,Omega,Chaos,1798,0,fa3b3fe187b1dcbf8c4a5af5b2c5d507_39e25ac3d737c46452305eefe324372cfc0.jpg?1788614094,Omega,88,0,MCH
Two Koma,51508003,48,47,Zodiark,Light,1797,0,15a666f8d7bb67401300fae763ce4d32_c274370774c6bc3483cc8740805f41bcfc0.jpg?1788614288,Omega,164,12,BLM
Jun Moxiao,40533777,49,48,Odin,Light,1737,0,9f41b7adf0a59849ae35b17cdace2b32_644311b63b607133c989d7c1188467dafc0.jpg?1788613060,Omega,178,0,VPR
Terro Beoulevard,51148631,50,49,Sagittarius,Chaos,1726,0,758b534f47542287e0b99c648590b2ac_44ca0844398b2d010d8cd4a31ddb023dfc0.jpg?1788614238,Omega,95,0,RPR
Maggot Maggot,61703768,51,50,Omega,Chaos,1709,0,3657d57f4a20a5d901d7f4537f1b7307_39e25ac3d737c46452305eefe324372cfc0.jpg?1788614009,Omega,235,0,WAR
Dalik Mathis,9537863,52,51,Ragnarok,Chaos,1694,0,fd4dde44208527cc20e58ba589d51f01_40d57ba713628f3f1ef5ef204b6d76d2fc0.jpg?1788613169,Omega,204,0,WAR
Yhren Vhal,56948558,53,52,Odin,Light,1693,0,3f62ad2093c1016540ef936a5563823b_644311b63b607133c989d7c1188467dafc0.jpg?1788614530,Omega,248,0,UNK
Mahou Mahou,5924021,54,0,Odin,Light,1690,0,4c6afcfde744ebab926aa3423b6c4064_644311b63b607133c989d7c1188467dafc0.jpg?1788611531,Omega,54,0,VPR
Sweet Light,41777815,55,0,Spriggan,Chaos,1686,0,2e6808627bd2b8f0f5f0377d20cbbbc5_feaf0a2e88ff164813fbc9b85876fa48fc0.jpg?1788612098,Omega,168,0,BRD
Fygqhzr Zhgfjhh,49000606,56,0,Phantom,Chaos,1679,0,ed46d70a9c354991698a796aac7c462e_f0a43d6e5eea19af337a176e9836acddfc0.jpg?1788613490,Omega,46,0,DRG
Sunie Mochi,12728791,57,0,Twintania,Light,1670,0,4760f9b45bd6f71f83adbd97ab87eae3_c33f640c0cdd35f7def85b8aa31a0007fc0.jpg?1788614045,Omega,234,1,BRD
Pan Ther,47356852,58,0,Twintania,Light,1651,0,fc9492796dbee9f84ae010350ec7759c_c33f640c0cdd35f7def85b8aa31a0007fc0.jpg?1788614840,Omega,165,0,WHM
Yun' Yun,11341467,59,0,Cerberus,Chaos,1592,0,df098ceed6d9cf14cf61cc4110cd6cb5_777c57311d510ca65dac3c1077dee435fc0.jpg?1788612914,Omega,160,0,WHM
Mew Rilah,53409550,60,79,Cerberus,Chaos,1590,388,e65ddd06c5702de8a5312239356a6e36_777c57311d510ca65dac3c1077dee435fc0.jpg?1788611559,Omega,150,8,MCH
Vanilla Blossom,41496807,61,60,Moogle,Chaos,1577,0,b0e7d1b464d155d8791692fe2e47299d_d7a9d5f85a29d6278ec1c7adc2c8d242fc0.jpg?1788612483,Omega,104,0,DRK
Lylia Venis,13391767,62,87,Moogle,Chaos,1559,482,79af70239d663a69f312f0788f3cf927_d7a9d5f85a29d6278ec1c7adc2c8d242fc0.jpg?1788614491,Omega,30,6,CUL
Baka Bao,30345026,63,61,Phantom,Chaos,1535,0,57df7efcbcdf8f1aca84c4f1435c36ba_f0a43d6e5eea19af337a176e9836acddfc0.jpg?1788613060,Omega,625,0,GNB
Alex Rider,18844824,64,62,Raiden,Light,1524,0,88e1d370b1f9d1b22933e6476449b463_a370664d98f658f4ed4e620f378f73cdfc0.jpg?1788614676,Omega,101,0,SMN
Imy Pure,24943089,65,63,Cerberus,Chaos,1509,0,2e46879ac1baf7fc77ec2de872a0461c_777c57311d510ca65dac3c1077dee435fc0.jpg?1788614346,Omega,56,0,SCH
Raiden Thorne,27238016,66,64,Zodiark,Light,1506,2,96a909af8d24d60f6d8173f8cc16facb_c274370774c6bc3483cc8740805f41bcfc0.jpg?1788613402,Omega,41,1,NIN
Chise Hatori',9182735,67,65,Ragnarok,Chaos,1500,0,236f29f4984f26e6b197da380f104a63_40d57ba713628f3f1ef5ef204b6d76d2fc0.jpg?1788613246,Omega,169,0,RDM
Asuna Natsume,14428124,68,66,Raiden,Light,1498,0,142ba45dfd31aa40c0d2a1159d358f2d_a370664d98f658f4ed4e620f378f73cdfc0.jpg?1788611950,Crystal,67,0,DRK
Yuripa Arashi,37731658,69,67,Shiva,Light,1498,0,73ff0d0b3cc5f92ec79dabffa2bedf80_3fbff0e6b620e4d259dc427abc6574dafc0.jpg?1788613373,Crystal,62,0,WAR
Memento Mo'ri,1641495,70,68,Ragnarok,Chaos,1495,0,86323bce84189061b1d71ff1dc25266a_40d57ba713628f3f1ef5ef204b6d76d2fc0.jpg?1788611932,Crystal,131,0,BRD
A'dyalani Sato,10026278,71,69,Odin,Light,1487,0,d072994a22af88090aecf6e5a3b85c36_644311b63b607133c989d7c1188467dafc0.jpg?1788614187,Crystal,224,0,NIN
Farnese Astrope,29144926,72,70,Odin,Light,1477,0,9d52a45ac0156312b562aef0a55cfff2_644311b63b607133c989d7c1188467dafc0.jpg?1788613720,Crystal,44,0,MNK
Shimori Bunihara,35166011,73,71,Raiden,Light,1461,0,c44c8fc68c230b1051ec35a527afe9ed_a370664d98f658f4ed4e620f378f73cdfc0.jpg?1788611881,Crystal,134,0,RPR
Khorasan Ataraxia,47289604,74,72,Shiva,Light,1429,0,721a6c9c723209b16696818df4cf0c93_3fbff0e6b620e4d259dc427abc6574dafc0.jpg?1788614391,Crystal,353,11,UNK
Aurora Maou,26517539,75,73,Louisoix,Chaos,1388,0,433a49b5cc43b35afac03d97c50262f9_0a122616f3718d3f45cab10fd8fc1604fc0.jpg?1788614758,Crystal,106,0,SAM
Baby Starz,27999014,76,74,Omega,Chaos,1381,0,e8cb7daea22ff306dcc9397ecad5a4a2_39e25ac3d737c46452305eefe324372cfc0.jpg?1788613901,Crystal,192,6,DRG
Wwwwwwwwww Wwwwwwwwww,22934838,77,75,Odin,Light,1318,0,44b50a04ce7aed4e2c4699753f5b83bc_644311b63b607133c989d7c1188467dafc0.jpg?1788612493,Crystal,82,0,SMN
Spedah Sashihai,46717230,78,76,Phantom,Chaos,1308,0,916aa42d41d9cb06784f26d21d850c5a_f0a43d6e5eea19af337a176e9836acddfc0.jpg?1788613559,Crystal,304,10,SCH
Blunt Man,35300195,79,101,Louisoix,Chaos,1308,416,bfddeb1fd8c57b9259f8bb179dd8158b_0a122616f3718d3f45cab10fd8fc1604fc0.jpg?1788614365,Crystal,254,18,SAM
Magic Beans,43732030,80,93,Phoenix,Light,1296,291,4a7e75e2be4f70e389e8807cc1d2b885_5047bc596a4bab2dc7f7c120bb22dec5fc0.jpg?1788613243,Crystal,177,5,PLD
Satoru Kobayashi,45096077,81,77,Raiden,Light,1284,0,69c528c4dcff12abeb6cf1d9696af468_a370664d98f658f4ed4e620f378f73cdfc0.jpg?1788611416,Crystal,92,2,AST
Lsi Lsi,47353875,82,78,Lich,Light,1209,0,792b3235fe2fbd35d956e856c210194f_7206469080400ed57a5373d0a9c55c59fc0.jpg?1788612436,Crystal,206,0,PLD
Shadow Aya,54551815,83,81,Zodiark,Light,1195,16,5ca13f39db9eefc50e8e57be73e7254e_c274370774c6bc3483cc8740805f41bcfc0.jpg?1788611473,Crystal,160,9,DRK
Based Miqote,46487952,84,80,Twintania,Light,1190,0,5e2bb42e554586a20b050b7fd3f88e26_c33f640c0cdd35f7def85b8aa31a0007fc0.jpg?1788614228,Crystal,148,3,UNK
Kyouko Owo,25629243,85,82,Louisoix,Chaos,1157,0,4fbeb17208a00397ad05eebfc2d20d2f_0a122616f3718d3f45cab10fd8fc1604fc0.jpg?1788614759,Crystal,71,0,VPR
Mitsuki Mirai,18435457,86,83,Louisoix,Chaos,1142,0,365f1772f387bd280bdbfc16afbd5e4e_0a122616f3718d3f45cab10fd8fc1604fc0.jpg?1788612740,Crystal,82,2,WAR
Moki Moki,14235486,87,85,Odin,Light,1109,8,82d3ef8d03fa7a6ddf4429f15fd296a2_644311b63b607133c989d7c1188467dafc0.jpg?1788614105,Crystal,35,5,DRG
General Aardvark,48423100,88,84,Twintania,Light,1103,0,cf88029724167c1d18ed8c536a862900_c33f640c0cdd35f7def85b8aa31a0007fc0.jpg?1788612113,Crystal,266,4,DRG
Snap Ringer,18714030,89,86,Omega,Chaos,1093,0,77577ce781d587b133c9c53da0974817_39e25ac3d737c46452305eefe324372cfc0.jpg?1788611630,Crystal,22,0,AST
Holos Ymir,35299241,90,88,Cerberus,Chaos,1066,0,f8029ed36fad032333305dfa455cddec_777c57311d510ca65dac3c1077dee435fc0.jpg?1788614058,Crystal,108,0,MCH
Feri De,32873333,91,89,Twintania,Light,1058,0,04fae792c920333e5bdc3287c0df72e4_c33f640c0cdd35f7def85b8aa31a0007fc0.jpg?1788613308,Crystal,235,0,BLM
Aris Oz,41983172,92,90,Zodiark,Light,1014,0,abbd4cf51609bf59977c5b4850c4c351_c274370774c6bc3483cc8740805f41bcfc0.jpg?1788613385,Crystal,64,0,WAR
Aru Chiikawa,53173199,93,91,Raiden,Light,1013,0,e04a223356da8c93c18581feda55b5bf_a370664d98f658f4ed4e620f378f73cdfc0.jpg?1788613105,Crystal,228,0,BLM
Phaey Yeon,58326616,94,92,Moogle,Chaos,1006,0,6497d439e55c80c0156c198e7f135c78_d7a9d5f85a29d6278ec1c7adc2c8d242fc0.jpg?1788611944,Crystal,112,0,UNK
Kyra Nshakha,56831314,95,94,Alpha,Light,1000,0,b27d76c3fbe312d06184fd92f8aebc55_6132295fcf5570fb8b0a944ef322a598fc0.jpg?1788614373,Crystal,214,0,SCH
Tay Talenath,45740169,96,95,Raiden,Light,995,0,b2fa0c7222f7e3ebe117f24a200e11d8_a370664d98f658f4ed4e620f378f73cdfc0.jpg?1788614208,Crystal,187,6,SCH
Melinoe Mei,52244848,97,96,Odin,Light,977,0,f2f35dd3d3f7ed2ab1eaf11e0291525a_644311b63b607133c989d7c1188467dafc0.jpg?1788613806,Crystal,35,4,UNK
Elyndra Mayhn,27143285,98,97,Twintania,Light,937,0,e4b30c11c8c987996e50ee4c5899c037_c33f640c0cdd35f7def85b8aa31a0007fc0.jpg?1788612653,Crystal,124,0,RPR
Tyra Kett,26531277,99,98,Spriggan,Chaos,926,0,101b7ec48bba5c5e5b34fda1316c57bc_feaf0a2e88ff164813fbc9b85876fa48fc0.jpg?1788611785,Crystal,126,0,DRG
Sin Mirrorslave,43994621,100,99,Raiden,Light,908,0,3f8e3345c252d3f9b50e27c481f91100_a370664d98f658f4ed4e620f378f73cdfc0.jpg?1788612443,Crystal,89,3,UNK
Aurora Aria,24116937,101,100,Phoenix,Light,894,0,05caa52c69a69c31a889325a1f319530_5047bc596a4bab2dc7f7c120bb22dec5fc0.jpg?1788612900,Crystal,160,0,MCH
Xanthe Hati,28239197,102,0,Sagittarius,Chaos,891,0,9bf816bfcd7f963908af59458b5500c9_44ca0844398b2d010d8cd4a31ddb023dfc0.jpg?1788614365,Crystal,74,0,DRG
William Sharpeye,31183782,103,0,Moogle,Chaos,890,0,f90b7bfd929ec716aa63dc03d0533a18_d7a9d5f85a29d6278ec1c7adc2c8d242fc0.jpg?1788611805,Crystal,54,1,RDM
Lybel Alyborias,25836089,104,0,Louisoix,Chaos,807,0,a86b680e6c4e5e23befaaaf535a158de_0a122616f3718d3f45cab10fd8fc1604fc0.jpg?1788612203,Crystal,67,0,GNB
Pat Olehouse,17156873,105,0,Lich,Light,806,0,54c944c62ef7bd68e95a2a558d856482_7206469080400ed57a5373d0a9c55c59fc0.jpg?1788612283,Crystal,117,0,PLD
Sotek Scherwil,486374,106,0,Twintania,Light,806,0,c881840c18d6c9fc415801f5f8240174_c33f640c0cdd35f7def85b8aa31a0007fc0.jpg?1788612756,Crystal,83,0,DRK
Brian Ricardo,23607238,107,0,Zodiark,Light,801,0,9c9d045f5f22c579ce5c24faa2b9b303_c274370774c6bc3483cc8740805f41bcfc0.jpg?1788614653,Crystal,67,0,AST
Drop Dead,61865612,108,0,Raiden,Light,796,0,8b4d73c68bf61dbad86bb051105da5ec_a370664d98f658f4ed4e620f378f73cdfc0.jpg?1788613808,Crystal,61,0,WAR
Rei Nara,30869508,109,0,Ragnarok,Chaos,795,0,6d7be1a63248369bf5017070a85d6bd0_40d57ba713628f3f1ef5ef204b6d76d2fc0.jpg?1788612231,Crystal,76,0,UNK
Acacia Strain,43137076,110,0,Raiden,Light,794,0,8678948c8fea34b563980d4a6da37e32_a370664d98f658f4ed4e620f378f73cdfc0.jpg?1788611457,Crystal,344,2,DRK
Sho'zhirr Shizahi-jo,28092848,111,0,Phoenix,Light,794,0,c6923f91c3f9e08d53d38488a3040788_5047bc596a4bab2dc7f7c120bb22dec5fc0.jpg?1788614664,Crystal,81,0,UNK
Sal Ren,40787945,112,0,Phoenix,Light,793,0,9613f7a8c0a759977b8a3fe787fed7e0_5047bc596a4bab2dc7f7c120bb22dec5fc0.jpg?1788614032,Crystal,211,5,DRG
Hyzenthlay Efrafa,1817919,113,0,Ragnarok,Chaos,790,0,f61f49f2ed95a3709fa034686da0eb63_40d57ba713628f3f1ef5ef204b6d76d2fc0.jpg?1788611464,Crystal,59,0,BRD
Keylinda Heliopsis,44659154,114,184,Moogle,Chaos,784,580,aae227ec83063cc479b9c5f6fb803e66_d7a9d5f85a29d6278ec1c7adc2c8d242fc0.jpg?1788613244,Crystal,150,10,WAR
Skillpade Skyr,37019657,115,114,Lich,Light,782,0,e520a31662bd7030c96e4951a4f2d301_7206469080400ed57a5373d0a9c55c59fc0.jpg?1788613240,Crystal,146,0,DRK
Sekai Eri,41303117,116,115,Raiden,Light,705,0,cb1ac59e3c66b2050bc4ee7e3368c36c_a370664d98f658f4ed4e620f378f73cdfc0.jpg?1788611714,Crystal,207,0,UNK
Life Enjoyer,28145650,117,116,Raiden,Light,704,0,1f163924ab5a124c00b3684fe37e6e58_a370664d98f658f4ed4e620f378f73cdfc0.jpg?1788611952,Crystal,108,0,MNK
Manji Haq,30381529,118,117,Shiva,Light,702,0,1840291846e97e46d3053d2cb9351608_3fbff0e6b620e4d259dc427abc6574dafc0.jpg?1788614481,Crystal,272,3,NIN
Red Aura,58355527,119,118,Spriggan,Chaos,700,0,24685b07d940d962953f7111d4144e46_feaf0a2e88ff164813fbc9b85876fa48fc0.jpg?1788612840,Crystal,49,0,MNK
Chie Chibana,52839770,120,119,Alpha,Light,699,0,825f10ea00e64238dc349a5faa06969e_6132295fcf5570fb8b0a944ef322a598fc0.jpg?1788614807,Crystal,218,4,GNB
Diarmuidia Ua-dibhne,60435376,121,120,Cerberus,Chaos,699,0,5d9b7dcb4848e335ad4a88c0dc644669_777c57311d510ca65dac3c1077dee435fc0.jpg?1788614528,Crystal,107,0,GNB
Fae Mhis,16223299,122,121,Lich,Light,698,0,075328fa236ca776da32524ca8bd395c_7206469080400ed57a5373d0a9c55c59fc0.jpg?1788614032,Crystal,31,0,DRG
Lost Signal,56186869,123,122,Odin,Light,695,0,b36972ee34bfd25f82ce348b32b6f5da_644311b63b607133c989d7c1188467dafc0.jpg?1788614189,Crystal,126,0,VPR
Kaixer Almasy,24721919,124,187,Ragnarok,Chaos,694,493,16b404151182dfe17ac302129a023750_40d57ba713628f3f1ef5ef204b6d76d2fc0.jpg?1788613222,Crystal,146,11,UNK
Gabriel Zephyrus,11099535,125,123,Zodiark,Light,690,0,fb5c6913d0c275952def0841ab82887f_c274370774c6bc3483cc8740805f41bcfc0.jpg?1788614530,Crystal,199,0,VPR
Laela Hyun,59589734,126,124,Phantom,Chaos,684,0,a377ba040d4300db7c8df4efc92acd53_f0a43d6e5eea19af337a176e9836acddfc0.jpg?1788614059,Crystal,55,0,UNK
Aeo We,10437907,127,125,Ragnarok,Chaos,681,0,2cc33bbd6e1f29b872030a98ed37c0fc_40d57ba713628f3f1ef5ef204b6d76d2fc0.jpg?1788611630,Crystal,41,0,UNK
Magidolce Magileine,39132419,128,126,Twintania,Light,614,0,088bd05d5a98251023ecb7e28a638b68_c33f640c0cdd35f7def85b8aa31a0007fc0.jpg?1788611839,Crystal,265,0,SMN
Dacien Darlett,3339751,129,127,Odin,Light,608,0,0311b8a0924e142c3f1da4b81f645156_644311b63b607133c989d7c1188467dafc0.jpg?1788614732,Crystal,184,0,SCH
Fay Fury,13801627,130,128,Alpha,Light,601,0,c8bf2d24d3b66a91e8891eb6b4043bd8_6132295fcf5570fb8b0a944ef322a598fc0.jpg?1788612351,Crystal,134,0,UNK
Sophia Ariadne,11431073,131,129,Odin,Light,600,0,f4329ddf82a418a6e12f1ba978bc1523_644311b63b607133c989d7c1188467dafc0.jpg?1788611710,Crystal,57,0,GNB
Judith Vaeyle,49905732,132,130,Sagittarius,Chaos,599,0,4fc6774f2e98f002c3180f372e3b54bf_44ca0844398b2d010d8cd4a31ddb023dfc0.jpg?1788613061,Crystal,72,0,RPR
Cipher Strife,7955322,133,131,Ragnarok,Chaos,597,0,fd0f2644fe22871d381e6bae8798c484_40d57ba713628f3f1ef5ef204b6d76d2fc0.jpg?1788613558,Crystal,431,0,BRD
Roy Dimgao,29524655,134,132,Omega,Chaos,597,0,320af7149c63c337e5826c2c2cc1bf37_39e25ac3d737c46452305eefe324372cfc0.jpg?1788612920,Crystal,187,0,SAM
Feral Jorex,21749898,135,133,Odin,Light,594,0,f9027c778862384a6ae4224efd2fe7c3_644311b63b607133c989d7c1188467dafc0.jpg?1788612030,Crystal,386,0,SMN
Queenie Skyfrost,34868775,136,134,Odin,Light,594,0,4c0182a4bd02a557a3e29b795c1e0b9c_644311b63b607133c989d7c1188467dafc0.jpg?1788611424,Crystal,99,2,SMN
Zot To,18725302,137,135,Cerberus,Chaos,590,0,852c16bac4fe7f528a8653c65704e818_777c57311d510ca65dac3c1077dee435fc0.jpg?1788611865,Crystal,5,0,DRG
Seraban Mistodisushi,25116690,138,136,Omega,Chaos,523,0,9ab6f5d4307a747e8378402c6070b2a7_39e25ac3d737c46452305eefe324372cfc0.jpg?1788611475,Crystal,224,6,UNK
Neclord Drakan,34358772,139,137,Phoenix,Light,510,0,7e002012c8fc4f9e493cd5879573e088_5047bc596a4bab2dc7f7c120bb22dec5fc0.jpg?1788613781,Crystal,41,0,SGE
Shiroko Momo,39619880,140,138,Odin,Light,504,0,83b4a27fbdf8dfdce9a7e095cc14bf41_644311b63b607133c989d7c1188467dafc0.jpg?1788611640,Crystal,150,0,NIN
Arima Sui,61051327,141,139,Alpha,Light,503,0,a616749d9bdfd00b6659f83dbb1c8a7f_6132295fcf5570fb8b0a944ef322a598fc0.jpg?1788611340,Crystal,513,2,SMN
Tikka Masola,44131885,142,140,Zodiark,Light,503,0,ef489d662d845a0d473f7abb93124d5e_c274370774c6bc3483cc8740805f41bcfc0.jpg?1788614194,Crystal,7,0,DRK
Master Zoknik,47233914,143,141,Omega,Chaos,498,0,47b7a0d3c4816d6dc7cb85c85a3685f7_39e25ac3d737c46452305eefe324372cfc0.jpg?1788613219,Crystal,69,0,CRP
Lion Lad,60548427,144,142,Phantom,Chaos,498,0,69af2e062eb7ba4549c964e1fbc8b79e_f0a43d6e5eea19af337a176e9836acddfc0.jpg?1788614626,Crystal,30,0,RDM
Yellow Blue,58488618,145,143,Spriggan,Chaos,497,0,51731f8a93c1d8b59b5c3ded4ffb5a64_feaf0a2e88ff164813fbc9b85876fa48fc0.jpg?1788613268,Crystal,80,0,DRG
Jou Bright,26172504,146,144,Shiva,Light,496,0,80f6d86c4118e80a4c51ba20920a1384_3fbff0e6b620e4d259dc427abc6574dafc0.jpg?1788613317,Crystal,196,0,NIN
Lolorei Lalarei,3686155,147,145,Omega,Chaos,496,0,da6ff12e4effc4cbacfe1b954f1c3bf5_39e25ac3d737c46452305eefe324372cfc0.jpg?1788611439,Crystal,149,0,GNB
Thor Strom,35911315,148,146,Cerberus,Chaos,496,0,3826da79ed71141aec290f69127b5c79_777c57311d510ca65dac3c1077dee435fc0.jpg?1788611471,Crystal,5,0,SCH
Bing Bing,50857849,149,147,Odin,Light,424,0,1a2b77cf04680b9bfe1c19f07f9f1f44_644311b63b607133c989d7c1188467dafc0.jpg?1788614347,Crystal,82,0,MNK
Zecht Bradamant,31785474,150,148,Omega,Chaos,415,0,b0b8438e6682f2931a1a930121d0ab43_39e25ac3d737c46452305eefe324372cfc0.jpg?1788613325,Crystal,103,0,SMN
Yinwea Levai,36476322,151,149,Shiva,Light,412,0,944bf3a8e93fcc8f15f3f521462d11b5_3fbff0e6b620e4d259dc427abc6574dafc0.jpg?1788612193,Crystal,154,0,AST
Tiggy Rohart,23133091,152,0,Alpha,Light,406,406,aa27360383b1eb0f9b5bd135578bb7bb_6132295fcf5570fb8b0a944ef322a598fc0.jpg?1788614527,Crystal,97,14,PLD
Frankie Urien,32323176,153,150,Odin,Light,405,0,ffae33588fe71f102672b7defdb50a30_644311b63b607133c989d7c1188467dafc0.jpg?1788614004,Crystal,212,0,WHM
Ul Unhu,9592278,154,151,Phoenix,Light,403,0,d703e404c81140848dbcd200abc4ef7e_5047bc596a4bab2dc7f7c120bb22dec5fc0.jpg?1788611949,Crystal,139,0,DRK
Lawr Hawk,28248881,155,152,Odin,Light,401,0,e241b26df61ea0e201b637a7ae6c4cd4_644311b63b607133c989d7c1188467dafc0.jpg?1788614130,Crystal,63,0,PLD
Isca Mog,32212471,156,153,Zodiark,Light,401,0,e47f3ccc4bd8599193929766ab0abd2c_c274370774c6bc3483cc8740805f41bcfc0.jpg?1788613131,Crystal,56,8,BLM
Limit Cat,37849108,157,154,Lich,Light,401,0,5b03795e0323d8633451ea410c4aeced_7206469080400ed57a5373d0a9c55c59fc0.jpg?1788614099,Crystal,23,0,RDM
Firas Xll,61570305,158,155,Alpha,Light,397,0,180935d91342970858d2044d5c23d436_6132295fcf5570fb8b0a944ef322a598fc0.jpg?1788613681,Crystal,68,0,VPR
Rei Dassario,24597443,159,156,Raiden,Light,396,0,a51ce0a687a31ff3b67287e80ea30aed_a370664d98f658f4ed4e620f378f73cdfc0.jpg?1788612058,Crystal,74,0,VPR
Veritan Indaerus,21877909,160,157,Odin,Light,396,0,978a128ddf080c55e3afc742274d0c9f_644311b63b607133c989d7c1188467dafc0.jpg?1788614430,Crystal,55,0,DRG
Smoothie Sour,42056621,161,158,Zodiark,Light,389,0,247388cdfc4db1451cf9df83cce7b3a1_c274370774c6bc3483cc8740805f41bcfc0.jpg?1788613243,Crystal,64,0,WAR
Renna Vorak,25421061,162,159,Raiden,Light,310,0,c2dc94bad32c136ebcdcb42ec56ba1c3_a370664d98f658f4ed4e620f378f73cdfc0.jpg?1788612355,Crystal,75,0,BLU
Victoria Nyala,43751055,163,160,Phoenix,Light,304,0,d41ca298e2f03ee2273aca61640ebce0_5047bc596a4bab2dc7f7c120bb22dec5fc0.jpg?1788612815,Crystal,66,0,MCH
Yoe Lleufyn,28631681,164,161,Phoenix,Light,302,0,9584dd8fac44ba749b0855105a0e29e9_5047bc596a4bab2dc7f7c120bb22dec5fc0.jpg?1788613557,Crystal,145,3,BLM
Lina Sunstar,52075433,165,162,Spriggan,Chaos,301,0,d60c4576e74acfcd0ed77a6ea5d48800_feaf0a2e88ff164813fbc9b85876fa48fc0.jpg?1788611487,Crystal,203,0,WHM
Wimp Lo,37793632,166,163,Zodiark,Light,300,0,45ed053d252c3a44eabe55329426aa37_c274370774c6bc3483cc8740805f41bcfc0.jpg?1788612340,Crystal,150,0,SGE
Kalythas Alagria,37806271,167,164,Shiva,Light,300,0,4403baaa9e80e2bfd259c321ef6e7799_3fbff0e6b620e4d259dc427abc6574dafc0.jpg?1788613698,Crystal,81,0,SGE
Thesa Sergearis,47267643,168,165,Raiden,Light,300,0,09dba50da69ae23c7f77aa5135356ea2_a370664d98f658f4ed4e620f378f73cdfc0.jpg?1788614124,Crystal,27,0,RPR
Neo Saladin,60195724,169,166,Alpha,Light,299,0,d61ef205c9700150e78797546d2ac263_6132295fcf5570fb8b0a944ef322a598fc0.jpg?1788613882,Crystal,90,0,DRK
Lu Ni,58272624,170,167,Cerberus,Chaos,299,0,ab167867f3aa425b82e05a081df98df4_777c57311d510ca65dac3c1077dee435fc0.jpg?1788613143,Crystal,79,0,DRK
Medicine Melancholy,25525676,171,168,Raiden,Light,299,0,8a3aaef7e82e665cdb12f15457700593_a370664d98f658f4ed4e620f378f73cdfc0.jpg?1788612216,Crystal,71,0,GNB
Madelynn Veil,49771412,172,169,Omega,Chaos,299,0,92f91d9225bb816c6562fb117814681e_39e25ac3d737c46452305eefe324372cfc0.jpg?1788612267,Crystal,57,0,VPR
Kihn Shirudo,43951482,173,170,Spriggan,Chaos,298,0,2e619166d10daa6082c54563a5af17ff_feaf0a2e88ff164813fbc9b85876fa48fc0.jpg?1788614608,Crystal,118,0,DRK
Miimo Xa'ra,11362808,174,171,Shiva,Light,298,0,ce9814c05102c51abc5834316927fd0c_3fbff0e6b620e4d259dc427abc6574dafc0.jpg?1788614498,Crystal,76,0,BTN
Lunaelumen Heartless,3344766,175,172,Phoenix,Light,298,0,442c49c53db78614043ce10aa9733411_5047bc596a4bab2dc7f7c120bb22dec5fc0.jpg?1788614599,Crystal,48,0,RDM
Luna Everlight,11876492,176,173,Phantom,Chaos,298,0,87daed323422dd94882b0079ba9f6b3d_f0a43d6e5eea19af337a176e9836acddfc0.jpg?1788614518,Crystal,13,0,WAR
Riseon Misha,26343965,177,174,Zodiark,Light,297,0,d883dcfcee6650b3e6e1691bf6838f6c_c274370774c6bc3483cc8740805f41bcfc0.jpg?1788611571,Crystal,147,0,WHM
Ultimo Tower,13765195,178,175,Odin,Light,297,0,f3f293a7802e54bc6d3f5c2ceb6f4902_644311b63b607133c989d7c1188467dafc0.jpg?1788611862,Crystal,114,0,DRK
Dundee Nic'hpisfa,35976824,179,176,Odin,Light,296,0,8eda92b5ce2e258786d149b7cb349e09_644311b63b607133c989d7c1188467dafc0.jpg?1788613114,Crystal,196,0,SGE
Hegel Gil,25438753,180,177,Omega,Chaos,295,0,5ed500fc1dd1d9cbbc95000a80326ff7_39e25ac3d737c46452305eefe324372cfc0.jpg?1788613656,Crystal,127,0,PLD
Akurei Amotanius,36595921,181,178,Odin,Light,294,0,ca5d9f24b62995e3bcb5d25cc576fc70_644311b63b607133c989d7c1188467dafc0.jpg?1788614774,Crystal,121,0,MNK
Night Siren,46140840,182,179,Alpha,Light,221,0,5b2c854dc9360523ee7fcd5bfee41621_6132295fcf5570fb8b0a944ef322a598fc0.jpg?1788613763,Crystal,168,0,GNB
Erion Hein,39135014,183,180,Twintania,Light,216,0,ba6bc1e1e70e5f3402d91ecfcf7d01e8_c33f640c0cdd35f7def85b8aa31a0007fc0.jpg?1788613630,Crystal,144,0,BSM
Airi Rhitik,2286171,184,181,Moogle,Chaos,212,0,0e7c747879926e0f575c8444323c478f_d7a9d5f85a29d6278ec1c7adc2c8d242fc0.jpg?1788612104,Crystal,144,0,WHM
Ayrelinia Saelinire,41821402,185,182,Spriggan,Chaos,207,0,8604bb768bf59461e5f44eef46ee9961_feaf0a2e88ff164813fbc9b85876fa48fc0.jpg?1788613412,Crystal,22,0,BLU
Onox Farbane,43799244,186,183,Zodiark,Light,206,0,c322e9dd886e64c0365244e0b587448f_c274370774c6bc3483cc8740805f41bcfc0.jpg?1788614193,Crystal,45,0,WAR
Brutal Killer,8885117,187,185,Ragnarok,Chaos,203,0,30c6a6207c7e93d407784888a7f29c97_40d57ba713628f3f1ef5ef204b6d76d2fc0.jpg?1788611398,Crystal,3,0,WAR
Strife Duskblade,34142903,188,186,Omega,Chaos,202,0,e8d7518889e9dd65f6114527334ca66a_39e25ac3d737c46452305eefe324372cfc0.jpg?1788614921,Crystal,82,0,DRK
Blaine Skyler,37236741,189,188,Louisoix,Chaos,201,0,f892c4691642e8efdead7c502a5d01f0_0a122616f3718d3f45cab10fd8fc1604fc0.jpg?1788613094,Crystal,102,0,GNB
Gaspard Deguingoix,11032081,190,189,Moogle,Chaos,201,0,b9283e6a6be9cd219ee0afea98546775_d7a9d5f85a29d6278ec1c7adc2c8d242fc0.jpg?1788612990,Crystal,79,0,PLD
Sayuri Maeshima,33888798,191,190,Omega,Chaos,201,0,9543e703e2409901a4e4c51fcd72a0bd_39e25ac3d737c46452305eefe324372cfc0.jpg?1788614681,Crystal,57,0,NIN
Tiranna Reinford,12390793,192,191,Moogle,Chaos,201,0,287223c7dac01617ab03a9e54406de0e_d7a9d5f85a29d6278ec1c7adc2c8d242fc0.jpg?1788614227,Crystal,31,0,VPR
Dessy Moonwalker,30980737,193,192,Zodiark,Light,200,0,e34bce9409ca557af54cb198e3aec31b_c274370774c6bc3483cc8740805f41bcfc0.jpg?1788613284,Crystal,82,0,SAM
Mizu Shimizu,41402391,194,193,Twintania,Light,200,0,b745f1d87ccd905d96d6b6ca49092222_c33f640c0cdd35f7def85b8aa31a0007fc0.jpg?1788611431,Crystal,74,0,UNK
Ash Dreadsaint,16641514,195,194,Alpha,Light,200,0,35babc8a56d97c1de09ffbf594068bd0_6132295fcf5570fb8b0a944ef322a598fc0.jpg?1788614008,Crystal,67,0,GNB
Eve Naeuri,43290162,196,195,Sagittarius,Chaos,200,0,c143c5d5e461ba9e3f51c07a3de23e21_44ca0844398b2d010d8cd4a31ddb023dfc0.jpg?1788611728,Crystal,45,0,SMN
Krek Balflear,48912824,197,196,Sagittarius,Chaos,200,0,3ddedc4fdcf35465d04f99e2b4737a9f_44ca0844398b2d010d8cd4a31ddb023dfc0.jpg?1788612258,Crystal,42,0,WHM
Neppie Nen,38644421,198,197,Phoenix,Light,200,0,6744f6c777bfc017ed7318054ef44f3d_5047bc596a4bab2dc7f7c120bb22dec5fc0.jpg?1788613066,Crystal,31,0,RDM
Selin Naari,16360751,199,198,Cerberus,Chaos,200,0,fb2c3681e2cb33bdcd7894d5aad0b9ec_777c57311d510ca65dac3c1077dee435fc0.jpg?1788613319,Crystal,21,0,SMN
Mer Lin,50434149,200,199,Spriggan,Chaos,200,0,52a13256ecf71bc72e25a6b211b196c8_feaf0a2e88ff164813fbc9b85876fa48fc0.jpg?1788612568,Crystal,18,0,DRK
Vic Strider,53817077,201,200,Raiden,Light,199,0,64d68250fabd33e4972dcba2d2638d6c_a370664d98f658f4ed4e620f378f73cdfc0.jpg?1788613310,Crystal,156,0,WHM
Blauer Klappstuhl,26766763,202,201,Twintania,Light,199,0,f76377f6ab535a27f0b0fd1a7ab3b7a0_c33f640c0cdd35f7def85b8aa31a0007fc0.jpg?1788612795,Crystal,68,0,WAR
Tomo Kote,55321667,203,202,Zodiark,Light,199,0,5955a289356783d4701df9a9c192d2b8_c274370774c6bc3483cc8740805f41bcfc0.jpg?1788612187,Crystal,45,3,GNB
Leo Wolfram,55309464,204,203,Twintania,Light,198,0,137bda326a93315b803aa0d477a79942_c33f640c0cdd35f7def85b8aa31a0007fc0.jpg?1788612332,Crystal,66,0,SGE
Guimiko Miko,54285624,205,204,Moogle,Chaos,197,0,610c37aeb64c6149d7c6d5ea93a8114e_d7a9d5f85a29d6278ec1c7adc2c8d242fc0.jpg?1788611905,Crystal,51,0,SAM
Vyn Silvair,21908199,206,205,Shiva,Light,196,0,05a4597e1e8ad1e87cfc4aab88be286c_3fbff0e6b620e4d259dc427abc6574dafc0.jpg?1788613771,Crystal,87,0,WHM
Mats Luxed,36390152,207,206,Twintania,Light,196,0,4d98b4ef01ccfc9df166d83a5771a4ea_c33f640c0cdd35f7def85b8aa31a0007fc0.jpg?1788611888,Crystal,32,0,MNK
Luca Natura,26126798,208,207,Omega,Chaos,196,0,aee9a8f332f96a4c5a45923c0e82782a_39e25ac3d737c46452305eefe324372cfc0.jpg?1788614368,Crystal,24,0,GSM
Wieg Wiggles,35061622,209,208,Lich,Light,192,0,61256a3e6c4f0c3dcc05469f5550d102_7206469080400ed57a5373d0a9c55c59fc0.jpg?1788612595,Crystal,187,0,WAR
Deltimor Offerentis,53216923,210,209,Ragnarok,Chaos,101,0,b1f3b3bcc24281f671ac2ced6960431a_40d57ba713628f3f1ef5ef204b6d76d2fc0.jpg?1788614116,Crystal,292,0,BLM
Ezra Qestir,44134603,211,210,Raiden,Light,101,0,7200800b651be63ad1594ce634d2eb48_a370664d98f658f4ed4e620f378f73cdfc0.jpg?1788613456,Crystal,132,0,SAM
Erika Avellana,45153856,212,292,Alpha,Light,100,100,d52954932b2c20e3d303cb8cf101f3eb_6132295fcf5570fb8b0a944ef322a598fc0.jpg?1788614782,Crystal,360,8,DRK
Eeva Lightwood,34867115,213,211,Phoenix,Light,100,0,029a994eac70f6897fab7cb241b4204b_5047bc596a4bab2dc7f7c120bb22dec5fc0.jpg?1788613408,Crystal,220,4,NIN
Rem Minase,15335467,214,212,Ragnarok,Chaos,100,0,6f4b9532213e5ed122fcac3e5c3b4cc5_40d57ba713628f3f1ef5ef204b6d76d2fc0.jpg?1788612710,Crystal,215,0,FSH
Freya Highwind,37533969,215,213,Spriggan,Chaos,100,0,de376c51fd21ccbb1018c1c3fb40734b_feaf0a2e88ff164813fbc9b85876fa48fc0.jpg?1788613065,Crystal,204,0,WAR
Sonnas Dedede,37860927,216,214,Twintania,Light,100,0,25b1bad7226a0841ef265c7dc5b0eba9_c33f640c0cdd35f7def85b8aa31a0007fc0.jpg?1788614744,Crystal,202,0,SAM
Aiva Ibusaki,11039086,217,293,Shiva,Light,100,100,39b96ee63110c8909c27318f222d3695_3fbff0e6b620e4d259dc427abc6574dafc0.jpg?1788613168,Crystal,200,6,MCH
Laville Burns,44676490,217,215,Alpha,Light,100,0,1999bb362905ab6ad44fa2e8931ef3dc_6132295fcf5570fb8b0a944ef322a598fc0.jpg?1788612342,Crystal,200,0,SCH
Rose Nashi'rah,5586423,219,216,Moogle,Chaos,100,0,eabb33d9d4a68beb623fdbad8de0ccd2_d7a9d5f85a29d6278ec1c7adc2c8d242fc0.jpg?1788614031,Crystal,179,0,GSM
Keraunos Greywolfe,31183458,220,217,Alpha,Light,100,0,3431088cd9f33e5f20e30162c35286fd_6132295fcf5570fb8b0a944ef322a598fc0.jpg?1788611474,Crystal,177,0,DRK
Bagel Egg,18929023,221,218,Omega,Chaos,100,0,f655117235b1c0d199ca39849579a631_39e25ac3d737c46452305eefe324372cfc0.jpg?1788613220,Crystal,173,0,BLM
Staz Hellcat,8016319,222,219,Cerberus,Chaos,100,0,c7e860ceda35e35e41bca47bf02624be_777c57311d510ca65dac3c1077dee435fc0.jpg?1788613374,Crystal,155,0,RDM
Lumine Heartseeker,37169102,223,220,Lich,Light,100,0,bef41e353f9709f6c26365adcd129410_7206469080400ed57a5373d0a9c55c59fc0.jpg?1788613569,Crystal,148,0,RDM
Magnus Skorweg,14288959,224,221,Cerberus,Chaos,100,0,36b3ca5cc0c3fa7edd1b5b276f54a6fc_777c57311d510ca65dac3c1077dee435fc0.jpg?1788614365,Crystal,145,0,WHM
Alabaster Arcadia,39618537,225,222,Phoenix,Light,100,0,04f03f1ffd5a39f931966123f856ea6c_5047bc596a4bab2dc7f7c120bb22dec5fc0.jpg?1788613461,Crystal,144,0,RDM
Merily Marlin,52216084,226,223,Louisoix,Chaos,100,0,1b485637d5f1df89d363a45b95cba49c_0a122616f3718d3f45cab10fd8fc1604fc0.jpg?1788614487,Crystal,124,0,SAM
Sir Azmuth,21784845,226,223,Lich,Light,100,0,aaa9e4ee439eaa5d584760975605186f_7206469080400ed57a5373d0a9c55c59fc0.jpg?1788613495,Crystal,124,0,SAM
Lazyy Kitty,53228784,228,225,Zodiark,Light,100,0,c09b1a0029bc70ebcdbedaad8618bbbc_c274370774c6bc3483cc8740805f41bcfc0.jpg?1788614873,Crystal,123,0,SCH
Altair Nightveil,37899651,229,0,Odin,Light,100,100,66c10a4203ea077f0a752e4bf561ff53_644311b63b607133c989d7c1188467dafc0.jpg?1788614472,Crystal,122,6,WAR
Indrxon Darkdrake,39417099,230,226,Zodiark,Light,100,0,ad54d57c1df432e3d1125b26e7a70c69_c274370774c6bc3483cc8740805f41bcfc0.jpg?1788614111,Crystal,112,0,FSH
Deme Tayuun,14832348,231,227,Lich,Light,100,0,ae2fb7b7ac8ad3f92247efdd9fade6e7_7206469080400ed57a5373d0a9c55c59fc0.jpg?1788613810,Crystal,108,0,DRG
Haadin Maero,25649806,231,227,Cerberus,Chaos,100,0,ab3efb60a6f01134129c732e6e60c255_777c57311d510ca65dac3c1077dee435fc0.jpg?1788613410,Crystal,108,0,RDM
Ai Ka',13500675,233,230,Ragnarok,Chaos,100,0,171f0ab92d0e928acdb718980be9c896_40d57ba713628f3f1ef5ef204b6d76d2fc0.jpg?1788614666,Crystal,105,4,PLD
Lilia Sunvale,59323692,233,229,Phoenix,Light,100,0,01173bfd4d3bd682b07d6e9ac6dafd16_5047bc596a4bab2dc7f7c120bb22dec5fc0.jpg?1788612938,Crystal,105,0,BRD
Saku Rozen,1622070,235,230,Odin,Light,100,0,76d32a46909474e4b590ee6476bfabce_644311b63b607133c989d7c1188467dafc0.jpg?1788614040,Crystal,101,0,UNK
Aragorn Pendragon,9019127,236,232,Ragnarok,Chaos,100,0,87aef8a41356f31d322683bdf3e6103b_40d57ba713628f3f1ef5ef204b6d76d2fc0.jpg?1788612805,Crystal,100,0,RPR
Hope Carmine,31931991,236,232,Odin,Light,100,0,4d5e5c176cb534aaf44e67236bf6c171_644311b63b607133c989d7c1188467dafc0.jpg?1788613480,Crystal,100,0,RDM
Rain Hoshino,6160241,238,234,Moogle,Chaos,100,0,fc4a751ebc0402023f56f7934007c9ef_d7a9d5f85a29d6278ec1c7adc2c8d242fc0.jpg?1788612147,Crystal,99,0,PLD
Tisha Adori,32551351,239,235,Zodiark,Light,100,0,a1f13f2decf7933275b7ce63051dc06f_c274370774c6bc3483cc8740805f41bcfc0.jpg?1788613673,Crystal,97,0,BLM
Pave Zen,51542459,240,236,Zodiark,Light,100,0,c62f2300698b05a5ff2e27ea4ec74914_c274370774c6bc3483cc8740805f41bcfc0.jpg?1788611813,Crystal,96,0,BRD
Haki Haki,8290724,241,237,Ragnarok,Chaos,100,0,3fc43df6da1c629c59b5cdae63dee7a7_40d57ba713628f3f1ef5ef204b6d76d2fc0.jpg?1788611952,Crystal,94,0,WAR
Ray Croft,29659793,242,238,Shiva,Light,100,0,56ebf33c0c49fd7529d32303d4b7c8d9_3fbff0e6b620e4d259dc427abc6574dafc0.jpg?1788613692,Crystal,89,0,BLM
Glyceri Chosuti,30338174,243,239,Moogle,Chaos,100,0,6d93c9241424e92e6f0351d35d8b6eaa_d7a9d5f85a29d6278ec1c7adc2c8d242fc0.jpg?1788612760,Crystal,88,0,DNC
Ark Kekko,50821807,244,240,Omega,Chaos,100,0,b81b1c241e98f7a5f9b9c81665be1243_39e25ac3d737c46452305eefe324372cfc0.jpg?1788612825,Crystal,86,0,RDM
Vincent God,14069867,245,241,Phoenix,Light,100,0,7d8e17eab1b900c1741204dbf199eb48_5047bc596a4bab2dc7f7c120bb22dec5fc0.jpg?1788611572,Crystal,84,0,MIN
Catlisaie Leveilleur,38928587,246,242,Sagittarius,Chaos,100,0,b49cedcc9313e5b78f3c3e17f3a3b68c_44ca0844398b2d010d8cd4a31ddb023dfc0.jpg?1788613286,Crystal,80,0,WHM
Ahri Astral,27303728,247,243,Ragnarok,Chaos,100,0,8a7c70df6b714ed519111f5eb5430952_40d57ba713628f3f1ef5ef204b6d76d2fc0.jpg?1788612958,Crystal,79,0,WHM
Gun Grave,39069917,248,244,Alpha,Light,100,0,89afa1641c5d0fb3c37ff5b905d4b26a_6132295fcf5570fb8b0a944ef322a598fc0.jpg?1788614086,Crystal,77,0,UNK
Sahamaru Kamijo,13566032,249,245,Lich,Light,100,0,ab5bb27991a2037ddd8e8b0aef304406_7206469080400ed57a5373d0a9c55c59fc0.jpg?1788612566,Crystal,75,0,SAM
Akito Kotomine,14113084,250,246,Cerberus,Chaos,100,0,6535eaee5701ca6c10beffbfc70273c9_777c57311d510ca65dac3c1077dee435fc0.jpg?1788612756,Crystal,70,0,RPR
Nemesis Sol,49622209,251,247,Shiva,Light,100,0,1bcb80e23a56918c49abb6d50ef563af_3fbff0e6b620e4d259dc427abc6574dafc0.jpg?1788613125,Crystal,67,0,RPR
Tsuguri Tempest,8093380,252,248,Moogle,Chaos,100,0,673dd69d52b7f7c210bb231091fd1922_d7a9d5f85a29d6278ec1c7adc2c8d242fc0.jpg?1788614424,Crystal,66,0,BRD
Lolarita Rorry,39677497,253,249,Odin,Light,100,0,3c990f7c55a34985fb496735b20a6b10_644311b63b607133c989d7c1188467dafc0.jpg?1788613039,Crystal,65,0,WHM
Core Flare,44609138,254,250,Raiden,Light,100,0,4d277108d876101c6b97212a26f6bc97_a370664d98f658f4ed4e620f378f73cdfc0.jpg?1788612735,Crystal,64,0,VPR
Magisa Vale,43527083,255,251,Phoenix,Light,100,0,50d54724458e52e82fcfc6d537b9e001_5047bc596a4bab2dc7f7c120bb22dec5fc0.jpg?1788611477,Crystal,56,0,SGE
Fandrix Shadowsong,36051326,256,252,Louisoix,Chaos,100,0,e8515941184b5c25f2622f1899a0969a_0a122616f3718d3f45cab10fd8fc1604fc0.jpg?1788612825,Crystal,50,0,WAR
Ino Based,41531397,257,253,Alpha,Light,100,0,ae8562754d31616305226909752bc4fd_6132295fcf5570fb8b0a944ef322a598fc0.jpg?1788611800,Crystal,49,0,PLD
Const Mar,17323909,258,254,Phoenix,Light,100,0,9b3b80b05e36ff71934a612327c91867_5047bc596a4bab2dc7f7c120bb22dec5fc0.jpg?1788613707,Crystal,47,0,VPR
Pattinger Kersel,8183392,259,255,Raiden,Light,100,0,4fec5839fc0fc0bba3a80fc4e1910660_a370664d98f658f4ed4e620f378f73cdfc0.jpg?1788614377,Crystal,44,0,NIN
Sarah Swordmoon,15666675,260,256,Ragnarok,Chaos,100,0,f4dc48a690259d750cc95afaff6386b8_40d57ba713628f3f1ef5ef204b6d76d2fc0.jpg?1788614784,Crystal,42,0,NIN
Maya White,9385038,261,257,Twintania,Light,100,0,1ab5adfc5d7d400ad0f8b4d181e6d2f0_c33f640c0cdd35f7def85b8aa31a0007fc0.jpg?1788612127,Crystal,40,0,WAR
Red Fluffy,41965323,262,258,Shiva,Light,100,0,6e4c702e77f55eff42d4c42a07f242db_3fbff0e6b620e4d259dc427abc6574dafc0.jpg?1788614825,Crystal,38,0,WHM
Gwen Farron,10011051,263,259,Ragnarok,Chaos,100,0,3348ff23f3315e0457aa0694f655e953_40d57ba713628f3f1ef5ef204b6d76d2fc0.jpg?1788613731,Crystal,35,0,VPR
Sakurane Zero'yuurai,13075529,264,260,Ragnarok,Chaos,100,0,b65369d4b043831749f5fa45d2428e30_40d57ba713628f3f1ef5ef204b6d76d2fc0.jpg?1788611522,Crystal,31,0,PLD
Ka La,18103622,265,261,Ragnarok,Chaos,100,0,79cb69a4d9a7535c8ee4e2bbfc9b2a1d_40d57ba713628f3f1ef5ef204b6d76d2fc0.jpg?1788612351,Crystal,28,0,VPR
Mhia Mewrilah,26716262,266,262,Omega,Chaos,100,0,6b70c463b87dca3437d37504f74aad3b_39e25ac3d737c46452305eefe324372cfc0.jpg?1788614273,Crystal,27,0,WHM
Xiex Xie,40733160,267,263,Zodiark,Light,100,0,f253e0943a65dac103a6dfd764a01f52_c274370774c6bc3483cc8740805f41bcfc0.jpg?1788613355,Crystal,25,0,MIN
Ebin Almsivi,35310847,268,264,Shiva,Light,100,0,0c72e527d2d86c2ee8f4698832e880b5_3fbff0e6b620e4d259dc427abc6574dafc0.jpg?1788611529,Crystal,23,0,PLD
Yuumi Fish,25707217,269,265,Cerberus,Chaos,100,0,1a7ebbda26c28eb61f262b9fb37e8c6e_777c57311d510ca65dac3c1077dee435fc0.jpg?1788614312,Crystal,18,0,DNC
Zhinna Maya,8219011,270,266,Odin,Light,100,0,b96bc839d3db0d26e61bf4b24282c925_644311b63b607133c989d7c1188467dafc0.jpg?1788612273,Crystal,15,1,WAR
Autuas Au,37357840,271,267,Phantom,Chaos,100,0,5c8929453beb42fb1a167e93eca11abf_f0a43d6e5eea19af337a176e9836acddfc0.jpg?1788611454,Crystal,13,0,UNK
Athena Olympe,44680885,272,268,Sagittarius,Chaos,0,0,7e7afe9e9cebc29cee3220c1e0530540_44ca0844398b2d010d8cd4a31ddb023dfc0.jpg?1788613818,Diamond,203,0,WAR
Sangon Yukihoshi,11533024,273,277,Raiden,Light,0,0,d5814159d4f4b2afaa562891375a7b01_a370664d98f658f4ed4e620f378f73cdfc0.jpg?1788613943,Diamond,112,17,PLD
Lu Mi,47806406,274,269,Raiden,Light,0,0,c8d19bad38e9523a4db779b2bf514973_a370664d98f658f4ed4e620f378f73cdfc0.jpg?1788613098,Diamond,83,0,AST
Rave Bae,47220633,275,270,Alpha,Light,0,0,e640b0d43fa0078b032cbecc50b4e94c_6132295fcf5570fb8b0a944ef322a598fc0.jpg?1788613210,Diamond,73,0,MNK
Paper Planes,59055005,276,271,Raiden,Light,0,0,1b7fc8e62eb37ebc10e0b203856e161c_a370664d98f658f4ed4e620f378f73cdfc0.jpg?1788611901,Diamond,21,0,DRG
Naralis A'roihan,35460975,277,272,Odin,Light,0,0,39833ac3dfdbb3ea64ab911763fea294_644311b63b607133c989d7c1188467dafc0.jpg?1788612170,Diamond,328,0,SCH
Tsu Kee,47596814,278,273,Zodiark,Light,0,0,df5063d6db141a1bc921d4623e08a366_c274370774c6bc3483cc8740805f41bcfc0.jpg?1788612401,Diamond,266,9,SGE
Vesper Lux,39986527,279,274,Phoenix,Light,0,0,3ffa8cf173ca00c6bd21dc61c1a7850f_5047bc596a4bab2dc7f7c120bb22dec5fc0.jpg?1788612442,Diamond,191,0,PCT
Jalsket Pirated,40728416,280,275,Zodiark,Light,0,0,18ffb968d4a5a0c03d5e251516a2c3aa_c274370774c6bc3483cc8740805f41bcfc0.jpg?1788614599,Diamond,133,1,VPR
Uraraka Lunae,19968499,281,276,Louisoix,Chaos,0,0,87178981b631653f4905b195c6c49583_0a122616f3718d3f45cab10fd8fc1604fc0.jpg?1788613634,Diamond,102,0,BRD
Alex Bean,24788739,282,278,Zodiark,Light,0,0,6aa5d269d2362413ba9a055f7c8f6704_c274370774c6bc3483cc8740805f41bcfc0.jpg?1788612362,Diamond,60,0,SMN
Rei Morow,28187368,283,279,Raiden,Light,0,0,3f9c2b5b08b9fdb4c7d188d33979cea6_a370664d98f658f4ed4e620f378f73cdfc0.jpg?1788612536,Diamond,57,3,UNK
Kaomi Silver's,31290391,284,280,Phantom,Chaos,0,0,239fcc464702423d7f9ce8c7854a4fc3_f0a43d6e5eea19af337a176e9836acddfc0.jpg?1788612886,Diamond,44,5,WHM
Irmele Elandris,13301011,285,281,Odin,Light,0,0,545d79c172c687ee4ac495ceca89d9dd_644311b63b607133c989d7c1188467dafc0.jpg?1788612611,Diamond,28,0,WHM
Song Shuhang,60751505,286,282,Louisoix,Chaos,0,0,908d04c341598c3e6095e2af05dfae15_0a122616f3718d3f45cab10fd8fc1604fc0.jpg?1788613647,Diamond,20,0,PCT
Littlebard Crits,44849524,287,283,Lich,Light,0,0,85155be3d7c3c8936c428085496b1e8d_7206469080400ed57a5373d0a9c55c59fc0.jpg?1788612074,Diamond,9,0,UNK
Lins Rehw-marouc,14630657,288,284,Odin,Light,0,0,6613def0ffe04fb55813301bfc92a2af_644311b63b607133c989d7c1188467dafc0.jpg?1788613625,Diamond,198,7,VPR
Lavender Yumori,47189865,289,285,Phoenix,Light,0,0,c0a56a85a3c082e0dd3b96359531f30f_5047bc596a4bab2dc7f7c120bb22dec5fc0.jpg?1788614164,Diamond,87,0,DRG
Shiva Dorys,36432577,290,286,Phoenix,Light,0,0,df6ee6331f96148f2b97966d8a3e2a5a_5047bc596a4bab2dc7f7c120bb22dec5fc0.jpg?1788613555,Diamond,75,0,MCH
Yuki Lanayamour',25377754,290,286,Raiden,Light,0,0,04cba58273ddf8b1aa59bafbd98c8868_a370664d98f658f4ed4e620f378f73cdfc0.jpg?1788614065,Diamond,75,0,SGE
Princess Emi,5884527,292,288,Twintania,Light,0,0,4ab2080550ab1fb15ca76fbfe8e8d512_c33f640c0cdd35f7def85b8aa31a0007fc0.jpg?1788612333,Diamond,57,0,PLD
Alurionz Nyuh,2898427,293,289,Phantom,Chaos,0,0,7b0cc53a74a86188ae1ac1531517f8a6_f0a43d6e5eea19af337a176e9836acddfc0.jpg?1788613449,Diamond,44,7,NIN
Doctor Zoidberg,9214410,294,290,Cerberus,Chaos,0,0,40bc630c90e57d0ca265dd7fc809d5c8_777c57311d510ca65dac3c1077dee435fc0.jpg?1788612132,Diamond,18,0,WAR
Altrios Alrun,37280856,295,291,Odin,Light,0,0,eed006603ff3859a7471671dcb9c221c_644311b63b607133c989d7c1188467dafc0.jpg?1788613885,Diamond,10,0,VPR
Katarina Kittycat,24355925,296,294,Twintania,Light,0,0,488decc103448e79430a7f4ffa3674c5_c33f640c0cdd35f7def85b8aa31a0007fc0.jpg?1788614848,Diamond,146,0,UNK
Benedikta Cucumber,55428569,297,295,Sagittarius,Chaos,0,0,1091166e96bfe839d8a067a8fc27848a_44ca0844398b2d010d8cd4a31ddb023dfc0.jpg?1788611360,Diamond,119,0,GNB
Charon Tesar,2860491,298,296,Shiva,Light,0,0,71fb4ffe6d15608a77682afdbdef53d7_3fbff0e6b620e4d259dc427abc6574dafc0.jpg?1788614808,Diamond,112,0,VPR
Protos Heis,34597162,299,297,Spriggan,Chaos,0,0,1227bb2a621e4455479d060e840ff145_feaf0a2e88ff164813fbc9b85876fa48fc0.jpg?1788613945,Diamond,93,0,MCH
Lu' Bu',21757305,300,298,Odin,Light,0,0,20b9e744e2190850310da72ffaf5c5d4_644311b63b607133c989d7c1188467dafc0.jpg?1788611931,Diamond,88,0,VPR
Makina Belg,23683223,1,0,Belias,Meteor,4232,0,ffed281791b6f91e5a2000e4917cfeeb_894c4bd0beab2e2beb44b74f4c4bd206fc0.jpg?1788614222,Ultima,199,4,MNK
Sensei Jyutusi,20995129,2,0,Chocobo,Mana,4090,0,218ddf1e9e095da9f0b9d5866f9f2d80_781d6b3603312f6be41670afa37282e0fc0.jpg?1788614170,Ultima,163,0,WHM
Kim Shin,2354630,3,0,Masamune,Mana,4076,0,9d6bba308f1c44ad24883a9717b4d480_134930215abb8a90ec37d6cc05b05e08fc0.jpg?1788612541,Ultima,89,0,VPR
Paker Zuka,35106373,4,0,Bahamut,Gaia,4059,0,1dfba22310e23cd21bd3a7481bf928e1_86da943caa70c8694707ab2ff74e68c9fc0.jpg?1788614870,Ultima,134,0,UNK
Happo Hapo,59173770,5,0,Pandaemonium,Mana,4052,0,8d06d5697fa5f35516e08e77ecb4eff8_470db1bf2e865f9130531fea40b61ee4fc0.jpg?1788612241,Ultima,125,0,VPR
Yurugi Koyurugi,29769522,6,0,Belias,Meteor,3946,0,ce65dfc48d522a7a126208d94cdc2852_894c4bd0beab2e2beb44b74f4c4bd206fc0.jpg?1788611545,Omega,96,1,PLD
Djinn Piston,44999217,7,0,Durandal,Gaia,3890,0,f34e66517ae3b26262c9b4f09835c5a0_806ea5b45071d5cd6bf393e38462ee71fc0.jpg?1788611469,Omega,104,0,MNK
Rein Asshe,17170082,8,0,Ultima,Gaia,3854,0,f9ab83c24ecb748f4dad2b1415364524_9df1b3cb0da35db33c17ef11ddf12adafc0.jpg?1788611757,Omega,102,4,DRG
Seraki Matsushima,43566777,9,0,Ixion,Mana,3836,0,1e4675de3ee8e4d8e053dede59297104_7126768d768f6c6c7fed3eaee98c3a8afc0.jpg?1788614408,Omega,124,0,PCT
K' R',8489348,10,0,Chocobo,Mana,3774,0,38834b79bf39846f80b605b4a592c2eb_781d6b3603312f6be41670afa37282e0fc0.jpg?1788611552,Omega,201,3,AST
Vivi Ann,4766157,11,0,Kujata,Elemental,3745,0,9543e197b2faf03aa21058f9deedc408_72c48f093f2278ac3243962d3eb6a8d7fc0.jpg?1788613843,Omega,222,16,AST
Hyunsik Lee,59757026,12,0,Typhon,Elemental,3571,0,d171f47402375bca99a35c72ebcb7e48_32d8c9c7cd5f62d62da2d31b6750a680fc0.jpg?1788612635,Omega,197,0,DNC
Ciel Cocco,27192023,13,0,Anima,Mana,3568,0,05df3829299dc9e3c4ba0bceb512525a_2f698530a28d671d20278c8518c804c9fc0.jpg?1788614080,Omega,274,14,DNC
Aizen Sosuke,46625154,14,0,Asura,Mana,3523,0,084fe9c7ee753ba32657d9e49b4edde5_53f1445a9f28799a32ea55f046319fc3fc0.jpg?1788614805,Omega,169,2,UNK
Robs Wiz,47501636,15,0,Aegis,Elemental,3517,0,24b0e4e155ae76da2a553003980ac156_3ea38e723c590aabf186367e1eb7e6a1fc0.jpg?1788612466,Omega,317,18,DRG
Emil Sarasun,7191072,16,0,Asura,Mana,3514,0,052a2527c0dee23533f8162c40d66898_53f1445a9f28799a32ea55f046319fc3fc0.jpg?1788614381,Omega,150,0,WAR
Rex Cold,46340519,17,19,Bahamut,Gaia,3502,209,5a590acfa6bbe6cddd1eb5143c7070f2_86da943caa70c8694707ab2ff74e68c9fc0.jpg?1788613079,Omega,216,13,UNK
Kite Free,28865954,18,17,Kujata,Elemental,3360,0,b602646591e3d050094503c65590ee4c_72c48f093f2278ac3243962d3eb6a8d7fc0.jpg?1788611403,Omega,48,0,SGE
Sorin Maki,53900927,19,18,Durandal,Gaia,3334,0,b0d4570e39585eb6b5ba7458ff8781a7_806ea5b45071d5cd6bf393e38462ee71fc0.jpg?1788611564,Omega,112,0,RPR
Wuruwuru Yaya,19903532,20,0,Asura,Mana,3281,0,c4dcc6326814217e41a2636e5dd8eea3_53f1445a9f28799a32ea55f046319fc3fc0.jpg?1788612199,Omega,243,24,NIN
Atsu Bow,47953241,21,0,Mandragora,Meteor,3265,0,a397b9893231105b4549ed9a8721c60a_ee738654add55c3d07ea92d8e108074cfc0.jpg?1788612487,Omega,348,8,DRG
Hatozo Ito,39455624,22,0,Typhon,Elemental,3242,0,a2de1cbebb1230e8f11f0fa765df7d0f_32d8c9c7cd5f62d62da2d31b6750a680fc0.jpg?1788614805,Omega,185,5,RDM
Fania Eckert,2837251,23,29,Titan,Mana,3179,113,7177d6fdd5036eebc72834f8376cd1cf_e2bb3f9679fec6d4836fcf8abcc3eeacfc0.jpg?1788613406,Omega,239,8,PCT
Merry Scrald,11886780,24,23,Belias,Meteor,3177,0,7bfbd82582fd003bc514339935d874a7_894c4bd0beab2e2beb44b74f4c4bd206fc0.jpg?1788614360,Omega,94,0,PCT
Lancer Yan,18545180,25,24,Fenrir,Gaia,3158,0,b5d95c2f29f83c258c8ed96425acd32b_d384cf5ad7db803f29799f36ebbc3eadfc0.jpg?1788613480,Omega,82,0,NIN
Tam Sin,26754914,26,25,Ultima,Gaia,3144,0,4e875947aa4b95d1be857096f32d4ae8_9df1b3cb0da35db33c17ef11ddf12adafc0.jpg?1788611597,Omega,105,0,SAM
Hollow Crown,59144034,27,26,Chocobo,Mana,3143,0,b91b6512544e8803d649622f67e53eab_781d6b3603312f6be41670afa37282e0fc0.jpg?1788613504,Omega,58,0,SAM
World Travel,26227053,28,43,Asura,Mana,3101,300,8c5accf240d0634c0fb1fde191afedb7_53f1445a9f28799a32ea55f046319fc3fc0.jpg?1788613741,Omega,67,10,GNB
Ame Ame,53697484,29,27,Titan,Mana,3095,0,93d3d9e0c4003776bb652473d623797e_e2bb3f9679fec6d4836fcf8abcc3eeacfc0.jpg?1788614005,Omega,126,7,UNK
Shien Tia,43209576,30,98,Ixion,Mana,3087,793,bd7a6b413b4e6770e7c2860d540ae37a_7126768d768f6c6c7fed3eaee98c3a8afc0.jpg?1788612092,Omega,52,10,RDM
Wonton Starlight,27496660,31,28,Chocobo,Mana,3077,0,8d6c3f0a6f695cdc94b9234b6c28be22_781d6b3603312f6be41670afa37282e0fc0.jpg?1788611915,Omega,275,0,RPR
Kappi Scarlet,11922639,32,30,Asura,Mana,2989,0,820f32c739a02029fdacf6c96cbf1fa4_53f1445a9f28799a32ea55f046319fc3fc0.jpg?1788614928,Omega,203,3,MCH
Yumichin Nekoangel,11505114,33,31,Chocobo,Mana,2987,0,43e39ba4314b9f81eb1067f163d33ed5_781d6b3603312f6be41670afa37282e0fc0.jpg?1788613244,Omega,50,0,SMN
Gogant Gogant,24052697,34,53,Atomos,Elemental,2971,312,9b2637d94cc0b341ddad961722026fdf_cf768a751b1f5e355c2fd39a9ed91f3ffc0.jpg?1788613502,Omega,131,9,VPR
Shining Star,60899272,35,32,Typhon,Elemental,2966,0,691eeafc0853bd2b215c57b64edd3a71_32d8c9c7cd5f62d62da2d31b6750a680fc0.jpg?1788614044,Omega,167,21,MRD
Tarex Youva,26374295,36,33,Tonberry,Elemental,2961,0,7dad78de32b2e7e31077d03f095a81ac_7bb6b1e488f0e4f01c5314d010b60f31fc0.jpg?1788613270,Omega,287,5,SCH
Bakeke Bake,40527195,37,34,Asura,Mana,2953,0,2df47416611081755cf9e0cd7c586afa_53f1445a9f28799a32ea55f046319fc3fc0.jpg?1788614352,Omega,170,0,WAR
Tsuchi Tsuki,39089046,38,35,Bahamut,Gaia,2952,0,032858264c706c6341f57dbef9e86da1_86da943caa70c8694707ab2ff74e68c9fc0.jpg?1788611950,Omega,90,0,DRK
Dome Violet,45179152,39,36,Masamune,Mana,2918,0,a95c15ebd393e5497d6641d375ec02b1_134930215abb8a90ec37d6cc05b05e08fc0.jpg?1788611488,Omega,214,1,BRD
Endless Summer,36558820,40,135,Tiamat,Gaia,2905,785,0079a66433e68b1f473c7487944a4d3d_9f10d335198e90990f3437c5733468e7fc0.jpg?1788614209,Omega,247,15,PCT
Pero Noir,27109057,41,46,Ultima,Gaia,2883,99,889b0b13f93f702d3df91ec97e272102_9df1b3cb0da35db33c17ef11ddf12adafc0.jpg?1788614743,Omega,68,1,SMN
Sura Imo,25164389,42,37,Shinryu,Meteor,2881,0,d2cd07ab0f766e9dd870046dcc7fae97_87b7d447f40b06dfc7228caf195f7dcffc0.jpg?1788613028,Omega,52,0,MCH
Khelby Trickster,1496735,43,38,Gungnir,Elemental,2877,0,fde8b59fda65550661c58e15a9026a06_8f82f937943b6baf4c565020d5eba0ccfc0.jpg?1788612633,Omega,161,4,PLD
Akatuki Re,22410327,44,39,Carbuncle,Elemental,2857,0,b3e601fbc493d7bc642faec11f3c05fb_9eb3c19866f7ae0eeeffac7bf770aba5fc0.jpg?1788614936,Omega,173,7,RDM
Xignas Schwalbe,2577287,45,48,Anima,Mana,2855,99,726f737868161a35f25fb4e06bccf08e_2f698530a28d671d20278c8518c804c9fc0.jpg?1788613983,Omega,182,1,GNB
Lilica Astadir,3503219,46,40,Valefor,Meteor,2855,0,5af5f880cbf4a0fb2fc785912a217eae_485f4777c38002871591fb54f27edc65fc0.jpg?1788612431,Omega,137,3,DRG
Lil Latte,55025559,47,41,Anima,Mana,2815,0,2d01c7e9c74b9faebdd6d9ece7c9eb4a_2f698530a28d671d20278c8518c804c9fc0.jpg?1788611770,Omega,261,11,UNK
Grey Book,51082088,48,42,Alexander,Gaia,2803,0,2b2e5a5f068a7529dabfbbf6c918d473_b7a71d8799cf6dd75b711a7f52de6675fc0.jpg?1788612638,Omega,98,0,VPR
Scrambledegg Man,49825055,49,44,Atomos,Elemental,2795,0,1299b45b377e351257f93184002c1b42_cf768a751b1f5e355c2fd39a9ed91f3ffc0.jpg?1788613648,Omega,60,0,MCH
Piccolo Saaaaann,23336998,50,45,Asura,Mana,2789,0,efa27fc6ea5fa0a09f429159c3346a0f_53f1445a9f28799a32ea55f046319fc3fc0.jpg?1788613205,Omega,427,18,VPR
Furanzeska Sumeragi,8414050,51,47,Tonberry,Elemental,2760,0,7300d72d23103eb5494b3e21bf99b3b6_7bb6b1e488f0e4f01c5314d010b60f31fc0.jpg?1788614426,Omega,103,0,RDM
Soujirou Seta,4110224,52,49,Tonberry,Elemental,2736,0,7453a7542d76520abe9dd8dcc3572b78_7bb6b1e488f0e4f01c5314d010b60f31fc0.jpg?1788611602,Omega,200,0,SAM
Morumi Rumi,5819525,53,50,Fenrir,Gaia,2673,0,819c0240b9b23eef1ed8fc2d0f39d94f_d384cf5ad7db803f29799f36ebbc3eadfc0.jpg?1788614733,Omega,75,0,UNK
Nocturne Midnightblue,55368101,54,51,Asura,Mana,2661,0,e9f7726a264875c782e0384932dbf161_53f1445a9f28799a32ea55f046319fc3fc0.jpg?1788611392,Omega,105,0,PCT
Ardlan Vorlesh,45102526,55,52,Asura,Mana,2659,0,04bfc027079d355fc717e8ec9a4b5f9e_53f1445a9f28799a32ea55f046319fc3fc0.jpg?1788613550,Omega,139,4,DRG
Imlink Rr,46726473,56,54,Bahamut,Gaia,2636,0,6c9ffcd32b7d78e8b7e09c63d130ef2a_86da943caa70c8694707ab2ff74e68c9fc0.jpg?1788612308,Omega,312,0,MCH
Death-by Glamour,50007656,57,55,Fenrir,Gaia,2630,0,73746aab8b21d5917fab43f4db6f35aa_d384cf5ad7db803f29799f36ebbc3eadfc0.jpg?1788612978,Omega,70,0,UNK
Tango Ngo,47753273,58,56,Alexander,Gaia,2629,0,c8ff6406f324ec51842e0a491ba1e4fa_b7a71d8799cf6dd75b711a7f52de6675fc0.jpg?1788614248,Omega,226,0,VPR
Erik Bural,20508529,59,57,Hades,Mana,2603,0,2ca5bed0ca0e49f68c7ca14062e0bacc_a4730651230dd43cb129562a30d531aefc0.jpg?1788611379,Omega,461,19,AST
Zsika Mu',18898369,60,58,Ridill,Gaia,2598,0,ed7f8569bf4537dfd9f2ea953ad59e8a_138751880f18161a907d7cf0faa43f07fc0.jpg?1788611413,Omega,60,0,UNK
Mun- Mutyo,18063500,61,59,Bahamut,Gaia,2580,0,870df3b6a4306c3c3de44d72fc9a577d_86da943caa70c8694707ab2ff74e68c9fc0.jpg?1788613658,Omega,224,0,PCT
Sono Ta,49701933,62,60,Shinryu,Meteor,2574,0,c5fbe5dc524e8f9d2eb8b7c350df2a00_87b7d447f40b06dfc7228caf195f7dcffc0.jpg?1788612799,Omega,48,0,DRK
Fennel Earltea,21886406,63,61,Typhon,Elemental,2566,0,4e8f23f97ca17b02271d5d67829e204d_32d8c9c7cd5f62d62da2d31b6750a680fc0.jpg?1788611608,Omega,142,3,SCH
Noin Kurial,23981966,64,62,Asura,Mana,2566,0,83830f722858537d3bbdd6afabacaa3d_53f1445a9f28799a32ea55f046319fc3fc0.jpg?1788614123,Omega,54,0,PLD
Hosi Lumier,20014623,65,63,Ridill,Gaia,2555,0,126e42d301322000c4e965281e8f7098_138751880f18161a907d7cf0faa43f07fc0.jpg?1788612685,Omega,204,1,PLD
Aman Kaharmine,37434311,66,64,Belias,Meteor,2538,0,7fa9aa672753e286a5710cf338755727_894c4bd0beab2e2beb44b74f4c4bd206fc0.jpg?1788612307,Omega,410,5,UNK
Peng In,60228501,67,65,Bahamut,Gaia,2538,0,871397d65bde709b44c83fca4e18a1b3_86da943caa70c8694707ab2ff74e68c9fc0.jpg?1788611646,Omega,193,0,SMN
Yo Mono,29638044,68,73,Mandragora,Meteor,2530,89,f5b980a3f8621a5100e92963a63030bb_ee738654add55c3d07ea92d8e108074cfc0.jpg?1788612639,Omega,150,28,AST
Inori Chan,54439983,69,66,Asura,Mana,2502,0,924e00538b2fef48f1ddd6b463e8f7ef_53f1445a9f28799a32ea55f046319fc3fc0.jpg?1788614353,Omega,42,0,PCT
Jay Eins,3930926,70,67,Chocobo,Mana,2499,0,31d212c5602873cad51c02ca3a1707f4_781d6b3603312f6be41670afa37282e0fc0.jpg?1788614916,Omega,66,0,WAR
He Ro,57048881,71,68,Ultima,Gaia,2494,0,1988e9fc4df817df742388c245715b40_9df1b3cb0da35db33c17ef11ddf12adafc0.jpg?1788613498,Omega,658,14,UNK
Syaharu Rau,42277277,72,69,Ultima,Gaia,2493,0,2fc2311e22f50bf5f2604260eee05be9_9df1b3cb0da35db33c17ef11ddf12adafc0.jpg?1788614360,Omega,113,9,DRG
Elosie Ue,46030616,73,122,Bahamut,Gaia,2493,305,cdd278ec7274c3a04f790d4954079c53_86da943caa70c8694707ab2ff74e68c9fc0.jpg?1788614095,Omega,97,16,SGE
Primlock Griffyn,37385266,74,70,Tonberry,Elemental,2492,0,89c0dfc59ff658981baaccf8c8d2b22b_7bb6b1e488f0e4f01c5314d010b60f31fc0.jpg?1788611956,Omega,136,0,DRK
Wolten Rema,17758406,75,85,Yojimbo,Meteor,2467,305,7f56f4547e5e3e1528ebc681d9618464_4a92c619bde4f34cfa77e05fef21ad85fc0.jpg?1788613364,Omega,79,3,PLD
Sophia' Yule,26382957,76,249,Unicorn,Meteor,2467,795,121f584b89f4420ffef15e271fc8c0a3_393eb74047bb90c8d80dea54218430eefc0.jpg?1788614762,Omega,62,11,UNK
Shiman Chu,38475144,77,71,Yojimbo,Meteor,2463,0,4cb93a24c937da83418345140d361e9b_4a92c619bde4f34cfa77e05fef21ad85fc0.jpg?1788614742,Omega,199,9,SAM
Ruru Rururun,41786182,78,72,Ifrit,Gaia,2452,0,3fd0ff0d0e58f6a761a54eebd33b7bc6_f9f796348bc43067c7242ec4551cde69fc0.jpg?1788614729,Omega,519,39,UNK
Kageto Magatsuki,36052369,79,89,Ultima,Gaia,2450,90,c99eebd98f0729313042324985a6fc9a_9df1b3cb0da35db33c17ef11ddf12adafc0.jpg?1788611625,Omega,106,12,NIN
Aborigini Eve,41231646,80,74,Durandal,Gaia,2413,0,f51909d0dbf287a0c5ad1041eb658fcd_806ea5b45071d5cd6bf393e38462ee71fc0.jpg?1788612133,Omega,132,0,SGE
Ed Xii,61003934,81,75,Zeromus,Meteor,2401,0,abe7e4f5eb6a0af4b416d2bf4f34ef4d_c76848359d0b4d2f37aefbb9903ed97bfc0.jpg?1788613707,Omega,57,0,PLD
Yuu Utsu,26831533,82,76,Garuda,Elemental,2399,0,aed9bb13f4dad6a80690e4d58ee69af3_fcb1f5b0249d1069e5bdc66d0796f26afc0.jpg?1788613088,Omega,48,0,SMN
Piggy Walk,49739992,83,77,Alexander,Gaia,2394,0,3e967d228a864beca527f7f9e1561cb0_b7a71d8799cf6dd75b711a7f52de6675fc0.jpg?1788614804,Omega,74,0,NIN
Yuki Yui,25457703,84,78,Ultima,Gaia,2392,0,53e27d2153b5d4878ef23b1326589ff5_9df1b3cb0da35db33c17ef11ddf12adafc0.jpg?1788612995,Omega,199,0,UNK
Neneco Neko,60257588,85,79,Ultima,Gaia,2392,0,d410b53bdce1036d1d4331de5dd4f44e_9df1b3cb0da35db33c17ef11ddf12adafc0.jpg?1788611470,Omega,84,0,PCT
Mialulu Sabotage,33714151,86,80,Tiamat,Gaia,2391,0,ed107570ce5fd9ee695034c45ef4d395_9f10d335198e90990f3437c5733468e7fc0.jpg?1788612937,Omega,54,0,WHM
Sead Slendisch,27788989,87,81,Asura,Mana,2390,0,c9bd1276c77cf644ce955ce68575aa37_53f1445a9f28799a32ea55f046319fc3fc0.jpg?1788614657,Omega,201,6,SGE
Kid Whew,62106062,88,82,Aegis,Elemental,2389,0,798e57e3e43ece4b4a8d6028b89dcfe3_3ea38e723c590aabf186367e1eb7e6a1fc0.jpg?1788614418,Omega,220,18,AST
Shamia Lafihna,19352479,89,83,Hades,Mana,2387,0,d0039c35e86ce2926331c5c708ef39f6_a4730651230dd43cb129562a30d531aefc0.jpg?1788612900,Omega,119,17,VPR
Lucy Tave,5530448,90,84,Durandal,Gaia,2382,0,fd7ea485d2ba7644c76c49d7b00fce24_806ea5b45071d5cd6bf393e38462ee71fc0.jpg?1788611518,Omega,739,24,MNK
Yoochan Fantasy,30892468,91,86,Anima,Mana,2371,0,179b316106d60bb1488917ac1c45548c_2f698530a28d671d20278c8518c804c9fc0.jpg?1788613489,Omega,73,0,VPR
Ml Tei,47822875,92,87,Alexander,Gaia,2370,0,259bd72e639c252e3e6ab819661c07a6_b7a71d8799cf6dd75b711a7f52de6675fc0.jpg?1788611375,Omega,71,0,BLM
Taroe Kobuta,8734523,93,88,Kujata,Elemental,2367,0,821347c202f7d7d6b676bd393bcdfdae_72c48f093f2278ac3243962d3eb6a8d7fc0.jpg?1788612228,Omega,377,0,RPR
Elisa Wolframite,18964939,94,105,Hades,Mana,2364,101,5582934bb6b94d50874d7d241225aa74_a4730651230dd43cb129562a30d531aefc0.jpg?1788614419,Omega,237,1,NIN
Minisuta Blood,24769179,95,90,Atomos,Elemental,2360,0,851ddd354ea9b3a8e623078a0f4d8a05_cf768a751b1f5e355c2fd39a9ed91f3ffc0.jpg?1788612842,Omega,39,0,DRK
Aries San,12460047,96,168,Tiamat,Gaia,2352,299,00a39e6a3c0cb6e9529ffdf15a10dadb_9f10d335198e90990f3437c5733468e7fc0.jpg?1788611406,Omega,111,3,AST
Aurora Duskveil,14659861,97,91,Carbuncle,Elemental,2347,0,8d51113f06ccc3227a4928f8ab5ddee6_9eb3c19866f7ae0eeeffac7bf770aba5fc0.jpg?1788612131,Omega,165,0,SMN
Snow Albarn,25263326,98,92,Fenrir,Gaia,2341,0,fa179c06d46acce251bb94d22a05e931_d384cf5ad7db803f29799f36ebbc3eadfc0.jpg?1788611536,Omega,212,8,PCT
Lan Dame-celot,31839759,99,93,Ifrit,Gaia,2338,0,c278e5b98fa396fbc950aeafdb5aaee8_f9f796348bc43067c7242ec4551cde69fc0.jpg?1788613312,Omega,69,0,PLD
Ren Chamx,43411675,100,94,Chocobo,Mana,2324,0,d14faf3557b40f62c1fd8e9103ff0ca1_781d6b3603312f6be41670afa37282e0fc0.jpg?1788612451,Omega,210,30,FSH
Inx Chrono,21920611,101,95,Yojimbo,Meteor,2319,0,83c01df24231dda93176c28e69768459_4a92c619bde4f34cfa77e05fef21ad85fc0.jpg?1788613179,Omega,337,10,MCH
Deisia Touna,31397456,102,182,Mandragora,Meteor,2307,301,f9bdcbbd105a361017ee7dd26bde2ea6_ee738654add55c3d07ea92d8e108074cfc0.jpg?1788614272,Omega,271,4,WHM
Yan Yan,3182501,103,96,Alexander,Gaia,2305,0,5cd079575de2bd01f87a188c93738695_b7a71d8799cf6dd75b711a7f52de6675fc0.jpg?1788614917,Omega,104,0,NIN
Basta Reno,31797927,104,97,Carbuncle,Elemental,2305,0,22b32c1986bb9c2732e5f877f7cbdbd6_9eb3c19866f7ae0eeeffac7bf770aba5fc0.jpg?1788613582,Omega,72,0,SAM
Kaede Felis,33728274,105,119,Typhon,Elemental,2300,99,40686a32bf2ab631ff7e7677fc614cb3_32d8c9c7cd5f62d62da2d31b6750a680fc0.jpg?1788614421,Omega,130,1,DRG
Ku Chan,35624538,106,99,Shinryu,Meteor,2290,0,c563ef5b623babbcbf7d852a7e64c31e_87b7d447f40b06dfc7228caf195f7dcffc0.jpg?1788614867,Omega,80,0,WHM
Ai Shironuko,19976423,107,100,Kujata,Elemental,2284,0,7036fde037e0136275a64cfa690a558c_72c48f093f2278ac3243962d3eb6a8d7fc0.jpg?1788611856,Omega,49,0,SAM
Tige Noir,13429005,108,129,Ridill,Gaia,2279,109,92cf71f8edc971b0656a49db62280b09_138751880f18161a907d7cf0faa43f07fc0.jpg?1788612143,Omega,276,6,DNC
Shion Amber,26147773,109,158,Unicorn,Meteor,2279,204,e2ecf01d14ce449e8393bc3f5dfc57f4_393eb74047bb90c8d80dea54218430eefc0.jpg?1788614810,Omega,39,6,AST
Aeritte Ravel,41831914,110,101,Carbuncle,Elemental,2275,0,56a646fd4b2eb086bf8c9d712567e62f_9eb3c19866f7ae0eeeffac7bf770aba5fc0.jpg?1788611400,Omega,228,10,MNK
Coffee Mint,29415966,111,102,Titan,Mana,2274,0,e5a147803c62c81952bc0c786dcfc3cb_e2bb3f9679fec6d4836fcf8abcc3eeacfc0.jpg?1788614164,Omega,845,26,RDM
Now Tarako,25271680,112,103,Belias,Meteor,2271,0,238a3ddced202809c65eaecd03eda2d1_894c4bd0beab2e2beb44b74f4c4bd206fc0.jpg?1788612717,Omega,110,1,MCH
Akki Noc,2298162,113,104,Alexander,Gaia,2265,0,4a145f36c7316e0d32845d32af5e92bd_b7a71d8799cf6dd75b711a7f52de6675fc0.jpg?1788614900,Omega,189,14,SGE
Yo Na,52935364,114,220,Fenrir,Gaia,2264,481,2517fd5dbad75617e546949761815db9_d384cf5ad7db803f29799f36ebbc3eadfc0.jpg?1788613503,Omega,79,12,NIN
Lupinus Lily,33777966,115,106,Ultima,Gaia,2263,0,6f019b443ab48375b1bcc5e5aa0debf9_9df1b3cb0da35db33c17ef11ddf12adafc0.jpg?1788613825,Omega,93,0,GNB
Kuno Cadenzavnaeve,42178142,116,107,Ifrit,Gaia,2262,0,85baa25ca299e93ef56226f40814f03b_f9f796348bc43067c7242ec4551cde69fc0.jpg?1788613340,Omega,111,0,WAR
Jawa San,3768644,117,108,Titan,Mana,2261,0,6dc7f48778a077c0339870e942a79f2e_e2bb3f9679fec6d4836fcf8abcc3eeacfc0.jpg?1788611342,Omega,142,0,NIN
Lain Wired,1578110,118,110,Chocobo,Mana,2260,4,51b29015827612eb3c28c2c8dd0f43ef_781d6b3603312f6be41670afa37282e0fc0.jpg?1788614001,Omega,313,1,PCT
Dopa Gaki,19292121,119,131,Garuda,Elemental,2258,94,922b912ad0f37ed8d9f8bf6c33abd9ad_fcb1f5b0249d1069e5bdc66d0796f26afc0.jpg?1788612568,Omega,113,3,UNK
Tomato Mato,54649869,120,109,Ixion,Mana,2257,0,e417d4ddd5bd7df8155005f15bd1ab53_7126768d768f6c6c7fed3eaee98c3a8afc0.jpg?1788614490,Omega,66,0,UNK
Kupfdoen Mynaikoensyn,2336564,121,111,Garuda,Elemental,2249,0,89679647ba7b815cb23d73ae2d6050eb_fcb1f5b0249d1069e5bdc66d0796f26afc0.jpg?1788614723,Omega,172,4,BLM
Sukoya Mihirogi,42042279,122,112,Anima,Mana,2249,0,58dacb01c0c75e38125f892840beb026_2f698530a28d671d20278c8518c804c9fc0.jpg?1788614130,Omega,151,0,VPR
Velvet Shilky,15655369,123,113,Anima,Mana,2244,0,988a0ec11e3b6bbbfc5478b0eab4b03f_2f698530a28d671d20278c8518c804c9fc0.jpg?1788611536,Omega,375,0,PLD
Hina Narumi,36489169,124,169,Masamune,Mana,2244,193,b92b3bffbe6d8e1f5f53a1f3735c1387_134930215abb8a90ec37d6cc05b05e08fc0.jpg?1788611884,Omega,69,2,WAR
Ciao' Chu-ru,46227731,125,114,Asura,Mana,2243,0,4407462a62eb8cb31cec691e9f214c86_53f1445a9f28799a32ea55f046319fc3fc0.jpg?1788613924,Omega,88,0,UNK
Tiger Rutata,23825437,126,115,Asura,Mana,2224,6,a69a7fd0c20bbbd51ddf7cc27af7921e_53f1445a9f28799a32ea55f046319fc3fc0.jpg?1788611395,Omega,153,2,RDM
Crystalline Conflict,56094564,127,116,Kujata,Elemental,2216,0,dcae5be360cd5ac359780dd998fbbf57_72c48f093f2278ac3243962d3eb6a8d7fc0.jpg?1788611631,Omega,160,0,UNK
Hibarii Maiden,2220475,128,117,Garuda,Elemental,2204,0,46a565a07005b1224b7facd2223d54b9_fcb1f5b0249d1069e5bdc66d0796f26afc0.jpg?1788612642,Omega,130,0,AST
Walter Winston,3431710,129,118,Fenrir,Gaia,2204,0,bee8390354426d2c1d42d687a0de29d5_d384cf5ad7db803f29799f36ebbc3eadfc0.jpg?1788611411,Omega,115,14,WAR
Link Ring,55955379,130,120,Durandal,Gaia,2199,0,cd57a4705e19ebab4b3922b039f3a7b7_806ea5b45071d5cd6bf393e38462ee71fc0.jpg?1788613505,Omega,117,0,BLM
Roric Thorne,59323169,131,121,Pandaemonium,Mana,2191,0,4ff669632484c5fdf241ea2b9f955435_470db1bf2e865f9130531fea40b61ee4fc0.jpg?1788614072,Omega,31,0,VPR
Anoma Loris,44038350,132,123,Valefor,Meteor,2186,0,57b0094511d082e7e7e8203d850b4159_485f4777c38002871591fb54f27edc65fc0.jpg?1788611925,Omega,119,0,SGE
Inu- Pe-,42153397,133,124,Anima,Mana,2184,0,40c3101dfff66955ad4d9b06fda6e3a8_2f698530a28d671d20278c8518c804c9fc0.jpg?1788613357,Omega,387,19,SAM
Alt Sanktgallen,2143482,134,125,Mandragora,Meteor,2184,0,5c873dda3f483d96a474d6049544be77_ee738654add55c3d07ea92d8e108074cfc0.jpg?1788611624,Omega,156,0,WAR
Jack O'brian,12218514,135,126,Valefor,Meteor,2184,0,c75b51feaef2edd8ae7e838fdfef63ae_485f4777c38002871591fb54f27edc65fc0.jpg?1788611550,Omega,46,0,MNK
Zero Ping,54411140,136,127,Aegis,Elemental,2182,0,0a9f6dc0852272c2afa163fb3e3573bc_3ea38e723c590aabf186367e1eb7e6a1fc0.jpg?1788611740,Omega,65,0,UNK
Mame Poporu,22836070,137,128,Ixion,Mana,2172,0,a886d90317b0e4205db7046757e57e53_7126768d768f6c6c7fed3eaee98c3a8afc0.jpg?1788612831,Omega,70,1,VPR
Regret Weise,15486920,138,130,Fenrir,Gaia,2167,0,13172be4a1ad05d87f2b3a6e43f14d31_d384cf5ad7db803f29799f36ebbc3eadfc0.jpg?1788612862,Omega,107,0,DRK
Hana'ni Narou,55619969,139,132,Bahamut,Gaia,2154,0,6fed23863620c8b715cbb8ea2b38180f_86da943caa70c8694707ab2ff74e68c9fc0.jpg?1788611892,Omega,200,0,SAM
Aslan Miller,42003071,140,133,Ixion,Mana,2142,0,091d6880c471f9f4c412b704f952af81_7126768d768f6c6c7fed3eaee98c3a8afc0.jpg?1788612783,Omega,265,0,BRD
Sidurgu Obsidian,17768556,141,134,Garuda,Elemental,2139,0,19277f9e0fcd9432fb16b0e1cbad47a7_fcb1f5b0249d1069e5bdc66d0796f26afc0.jpg?1788613807,Omega,83,0,WHM
Tsuki Umi,11484,142,136,Aegis,Elemental,2106,0,3aaaae6cddd9873011bc36ef76a0b349_3ea38e723c590aabf186367e1eb7e6a1fc0.jpg?1788612661,Omega,47,0,UNK
Silver Fish,1685472,143,137,Tiamat,Gaia,2097,0,d120e5c883044c27e047d03a08d44f81_9f10d335198e90990f3437c5733468e7fc0.jpg?1788614048,Omega,87,0,RPR
Lazulim Langheim,1644495,144,138,Ultima,Gaia,2097,0,997660bb7160cf32fb6806926222d151_9df1b3cb0da35db33c17ef11ddf12adafc0.jpg?1788614525,Omega,23,0,NIN
Hso Gkd,39936541,145,139,Asura,Mana,2096,0,4f7b0c3e146a0735f571292dfccd0adb_53f1445a9f28799a32ea55f046319fc3fc0.jpg?1788611474,Omega,76,0,PLD
Fuki Non,51302585,146,140,Titan,Mana,2096,0,99d46e5dfaf54e3a630e700cbd41968b_e2bb3f9679fec6d4836fcf8abcc3eeacfc0.jpg?1788614057,Omega,67,0,WHM
Nicku Nicku,18939474,147,141,Tonberry,Elemental,2095,0,c713d7a775bba8adf5d47b2630f63674_7bb6b1e488f0e4f01c5314d010b60f31fc0.jpg?1788614724,Omega,30,2,UNK
Kotori Angel,11433233,148,142,Alexander,Gaia,2094,0,249a60efd4f3f03c25a40a0c3c35d33f_b7a71d8799cf6dd75b711a7f52de6675fc0.jpg?1788611527,Omega,60,0,DRG
Hakuen Sinonome,10757391,149,143,Asura,Mana,2094,0,6660ba18e406e22fbec52d7b8d1ac332_53f1445a9f28799a32ea55f046319fc3fc0.jpg?1788614002,Omega,42,0,GNB
Fio Arcend,3402177,150,144,Durandal,Gaia,2093,0,cf61c3add0c53cee90c99a71058286c7_806ea5b45071d5cd6bf393e38462ee71fc0.jpg?1788613448,Omega,38,0,WHM
Wabi Suke,1601102,151,145,Asura,Mana,2089,0,355b0ae1cb512875c96e88afa06d36a7_53f1445a9f28799a32ea55f046319fc3fc0.jpg?1788613365,Omega,567,0,VPR
Yuki Macaron-vanille,37997737,152,146,Ridill,Gaia,2087,0,87df14febf49ad8a24a323b239fb3250_138751880f18161a907d7cf0faa43f07fc0.jpg?1788614789,Omega,66,0,RDM
Sweetbleed Viras,56084804,153,147,Ridill,Gaia,2086,0,98404495f2c5b2af87b2eb9ff9b3aaf0_138751880f18161a907d7cf0faa43f07fc0.jpg?1788611715,Omega,180,0,RPR
Planet Exploration,30755276,154,148,Ixion,Mana,2086,0,b2df099dea56680a53bbc8588e28444f_7126768d768f6c6c7fed3eaee98c3a8afc0.jpg?1788611499,Omega,74,0,SGE
Kikiru Kiru,32877503,155,149,Pandaemonium,Mana,2086,0,e7b80247dc6473f7ec0cd4127f78efb3_470db1bf2e865f9130531fea40b61ee4fc0.jpg?1788612105,Omega,35,0,RDM
Avail Tec,46450631,156,150,Garuda,Elemental,2085,0,174c8b1a79d654754078bef6b8c51067_fcb1f5b0249d1069e5bdc66d0796f26afc0.jpg?1788613575,Omega,78,0,SAM
Ardbert Hylfyst,31584604,157,151,Belias,Meteor,2085,0,964952d6da8636ab55a5b87a925f0d4c_894c4bd0beab2e2beb44b74f4c4bd206fc0.jpg?1788613516,Omega,31,0,UNK
Rip Rill,726210,158,152,Gungnir,Elemental,2084,0,1ed2cf8fd8dc78c1ec061d9bb9c45462_8f82f937943b6baf4c565020d5eba0ccfc0.jpg?1788614792,Omega,299,4,WHM
Muutyo Ganajai,35379364,159,153,Ridill,Gaia,2082,0,5435163c8ed77079a8f6bdb50b7b4da2_138751880f18161a907d7cf0faa43f07fc0.jpg?1788611623,Omega,70,0,SGE
Tomomomo Momomo,25830708,160,154,Ramuh,Meteor,2080,0,d1b6359fffbcc60e8bddc1120dc05d55_410ddb5a66a2fcacf538bec5ea5d0291fc0.jpg?1788612780,Omega,46,0,SCH
Lukos Vulpes,47911699,161,0,Tonberry,Elemental,2079,1491,73775fb852b03d1976eaab2425fb9a4c_7bb6b1e488f0e4f01c5314d010b60f31fc0.jpg?1788612924,Omega,73,21,SMN
Douglas Ward,32519646,162,155,Asura,Mana,2077,0,5902010d301aa95176126fcdef0dc7c7_53f1445a9f28799a32ea55f046319fc3fc0.jpg?1788613288,Omega,322,0,RDM
Pallas Athene,2406168,163,156,Shinryu,Meteor,2077,0,53bb581fc41367c292fd90f3c8eafe9f_87b7d447f40b06dfc7228caf195f7dcffc0.jpg?1788614871,Omega,33,0,SCH
Zumu Elect,11364414,164,157,Shinryu,Meteor,2075,0,bd0b65a51fad6bef1e3c413041784da0_87b7d447f40b06dfc7228caf195f7dcffc0.jpg?1788613311,Omega,59,0,DRG
Ria Esta,46580024,165,159,Typhon,Elemental,2071,0,537b652a83e9ead35e927e93170f46f0_32d8c9c7cd5f62d62da2d31b6750a680fc0.jpg?1788612892,Omega,77,0,MCH
Meilkea Inori,40934425,166,160,Aegis,Elemental,2070,0,4c256b756b0f4f43b209ec71728dc0e2_3ea38e723c590aabf186367e1eb7e6a1fc0.jpg?1788614233,Omega,317,0,UNK
Sha Moji,19121169,167,161,Carbuncle,Elemental,2068,0,eb82915777eea0c952b2885bf59641d9_9eb3c19866f7ae0eeeffac7bf770aba5fc0.jpg?1788611621,Omega,206,2,MCH
Kana Drouv,37418772,168,162,Mandragora,Meteor,2068,0,556bea70c6c70acf776be4041d191d92_ee738654add55c3d07ea92d8e108074cfc0.jpg?1788612322,Omega,40,0,PCT
Suteiki Niku,21443132,169,163,Ixion,Mana,2065,0,2f186f805d4bb29abd9458d61593b81a_7126768d768f6c6c7fed3eaee98c3a8afc0.jpg?1788614306,Omega,204,0,WAR
Liken Liekun,24806613,170,164,Shinryu,Meteor,2064,0,5aa5d27e0f5d07d19980648d6a9c2ba5_87b7d447f40b06dfc7228caf195f7dcffc0.jpg?1788611849,Omega,221,0,SMN
Tamago Crab,1576417,171,165,Chocobo,Mana,2063,0,0bce11216fe6e4e1cecfe7c969a1460f_781d6b3603312f6be41670afa37282e0fc0.jpg?1788611756,Omega,191,11,SMN
Zwei Kreuz,14516450,172,166,Bahamut,Gaia,2062,0,367ea315b18ce50bb6f34a9ea77f3222_86da943caa70c8694707ab2ff74e68c9fc0.jpg?1788612189,Omega,43,0,UNK
Scarlet Liora,50450849,173,167,Ridill,Gaia,2056,0,823b2552238fefce05d1a2e39630911f_138751880f18161a907d7cf0faa43f07fc0.jpg?1788613054,Omega,75,0,SGE
Beatrice Rosenkreuz,31285042,174,170,Tiamat,Gaia,2050,0,1972bc9fb243d5cb03ad68af2779564d_9f10d335198e90990f3437c5733468e7fc0.jpg?1788613388,Omega,65,4,AST
Ena Lucida,46120110,175,171,Valefor,Meteor,2047,0,0d22e7ccb96b881d94b2eaac8c63f55c_485f4777c38002871591fb54f27edc65fc0.jpg?1788614828,Omega,178,0,UNK
Envy Lua,43034484,176,172,Valefor,Meteor,2043,0,e7cd2d55788c0aa6cbc5b71284096360_485f4777c38002871591fb54f27edc65fc0.jpg?1788613813,Omega,159,0,AST
Fuuga Reinfeldt,29495648,177,173,Unicorn,Meteor,2043,0,4441cdfb6f60085397a6647656e86646_393eb74047bb90c8d80dea54218430eefc0.jpg?1788611850,Omega,138,0,WAR
Creya Oaks,20662074,178,174,Tonberry,Elemental,2037,0,0fb57385ff1c90e3ea26edc53722b78c_7bb6b1e488f0e4f01c5314d010b60f31fc0.jpg?1788613761,Omega,339,31,BRD
Aquamarine Freyja,30360317,179,175,Titan,Mana,2036,0,0dfd1b818fb45dff90b6c17b14b71318_e2bb3f9679fec6d4836fcf8abcc3eeacfc0.jpg?1788612251,Omega,168,0,MNK
Mily Sara,23911809,180,284,Aegis,Elemental,2028,481,19086b376708852503d1ac9c2b293b8c_3ea38e723c590aabf186367e1eb7e6a1fc0.jpg?1788613425,Omega,308,21,MCH
Amarl Malaguld,27652092,181,176,Masamune,Mana,2024,0,92f5a8f587b00180a706bf0adc6692cb_134930215abb8a90ec37d6cc05b05e08fc0.jpg?1788612864,Omega,121,0,AST
Black' Cat,27132360,182,212,Ifrit,Gaia,2021,201,25f0dd65be1cf71e9e26e0bcc0dc271f_f9f796348bc43067c7242ec4551cde69fc0.jpg?1788612747,Omega,226,2,DRG
Sakura Nemutai,55109399,183,177,Titan,Mana,2021,0,efa9ef6672998c8a9c860e5e104d6b3e_e2bb3f9679fec6d4836fcf8abcc3eeacfc0.jpg?1788612720,Omega,153,0,SGE
Teena Lewis,2553070,184,178,Bahamut,Gaia,2017,0,53366246b477a6a74d51a27aa7146532_86da943caa70c8694707ab2ff74e68c9fc0.jpg?1788613637,Omega,99,0,BRD
Loussier Ellerensia,18596456,185,179,Hades,Mana,2015,0,1bf2ff58d52f79b841b10e792fe24dcc_a4730651230dd43cb129562a30d531aefc0.jpg?1788614088,Omega,70,0,DRK
Devil May'cry,43140387,186,180,Chocobo,Mana,2015,0,bc38e75d4332eb0a661f158200cedb80_781d6b3603312f6be41670afa37282e0fc0.jpg?1788614754,Omega,44,0,UNK
Ritsu Nikuno,23932877,187,0,Alexander,Gaia,2009,610,5ce857706fb6e7f76dd30d1ef38e16f7_b7a71d8799cf6dd75b711a7f52de6675fc0.jpg?1788611881,Omega,52,16,DRG
Plum Wanderlust,48936197,188,181,Ultima,Gaia,2008,0,5b0b1feec9777b8ffd95170b55940879_9df1b3cb0da35db33c17ef11ddf12adafc0.jpg?1788611632,Omega,49,0,AST
Slow Motion,49156538,189,183,Tonberry,Elemental,2002,0,547aebd17f25be55b7f8f23a583d6d76_7bb6b1e488f0e4f01c5314d010b60f31fc0.jpg?1788614158,Omega,44,0,MCH
Yoruki Hiroran,56925172,190,184,Typhon,Elemental,2001,0,68df19c82415e8fed5592345fb9acbd3_32d8c9c7cd5f62d62da2d31b6750a680fc0.jpg?1788614917,Omega,43,0,SMN
Kusozako Kamemushi,50184336,191,262,Bahamut,Gaia,1999,395,801e61d45b0753f23789f45575af6b15_86da943caa70c8694707ab2ff74e68c9fc0.jpg?1788614376,Crystal,41,17,DRG
Shino Sabury,1570016,192,185,Ramuh,Meteor,1995,0,554872db6961ea2dde7f5ab823211e5c_410ddb5a66a2fcacf538bec5ea5d0291fc0.jpg?1788614434,Crystal,70,0,VPR
Waka'ri Mii,5525644,193,200,Chocobo,Mana,1995,99,779528f8c170270a5dcbb5e911db62e9_781d6b3603312f6be41670afa37282e0fc0.jpg?1788613300,Crystal,61,1,UNK
Neku Xyst,23660389,194,186,Ifrit,Gaia,1991,0,fb1f5fe2519e579c50b2b5aa89992706_f9f796348bc43067c7242ec4551cde69fc0.jpg?1788614885,Crystal,64,0,VPR
Shinra Arasaka,24734269,195,187,Tiamat,Gaia,1987,0,2d735fa31b5cfcc7eabaae1839d0b731_9f10d335198e90990f3437c5733468e7fc0.jpg?1788612537,Crystal,51,1,DRK
Alqa Mar,39507968,196,188,Ramuh,Meteor,1986,0,8aca13da51dbc7d45ed47e52f57fb53e_410ddb5a66a2fcacf538bec5ea5d0291fc0.jpg?1788613424,Crystal,99,5,MCH
Uta Tubame,12421333,197,189,Zeromus,Meteor,1983,0,4c1c1810ab77c61696ca66b0716fd309_c76848359d0b4d2f37aefbb9903ed97bfc0.jpg?1788613696,Crystal,110,0,PCT
Iroha Date,6961136,198,190,Aegis,Elemental,1973,0,554b38366a6696fd4ca04583ad727660_3ea38e723c590aabf186367e1eb7e6a1fc0.jpg?1788614698,Crystal,156,0,SCH
Kirakira Akira,55531034,199,191,Typhon,Elemental,1973,0,5934f798f998575286709c767ba05f59_32d8c9c7cd5f62d62da2d31b6750a680fc0.jpg?1788613398,Crystal,35,0,MCH
Sunie Mochi,14078182,200,192,Tiamat,Gaia,1959,0,22c488096fbb927f7a888b06f816cca5_9f10d335198e90990f3437c5733468e7fc0.jpg?1788614864,Crystal,76,6,BRD
Aruku Babyun,7383311,201,226,Unicorn,Meteor,1948,188,c2fa4e98c1f4638d053218fa4c127b4c_393eb74047bb90c8d80dea54218430eefc0.jpg?1788613739,Crystal,258,5,DRK
Oarkly Vitt,31318782,202,193,Bahamut,Gaia,1931,0,983948d8222d15214cc30f8669e5ba70_86da943caa70c8694707ab2ff74e68c9fc0.jpg?1788614251,Crystal,68,0,VPR
Stardust Emilia,25988007,203,194,Hades,Mana,1923,0,b805b54635a07b2d9710df33b9a946aa_a4730651230dd43cb129562a30d531aefc0.jpg?1788614228,Crystal,141,8,UNK
Che'rie Amiri,60682859,204,195,Zeromus,Meteor,1913,0,74b40d795da2cd26657f9838869b63da_c76848359d0b4d2f37aefbb9903ed97bfc0.jpg?1788611468,Crystal,113,0,UNK
Baked Potapota,42031891,205,196,Ramuh,Meteor,1908,0,1b1e5ff45bcbd6a80c94ee1c0c8bddcf_410ddb5a66a2fcacf538bec5ea5d0291fc0.jpg?1788614106,Crystal,123,0,AST
Bronze Warrior,33944385,206,197,Alexander,Gaia,1907,0,3a8559d847a626b7d8a2760ec13a73b5_b7a71d8799cf6dd75b711a7f52de6675fc0.jpg?1788613652,Crystal,117,27,WAR
Errer Errant,28706539,207,265,Asura,Mana,1901,299,14833bd371ac70e05cffe6a03634bb61_53f1445a9f28799a32ea55f046319fc3fc0.jpg?1788613538,Crystal,36,9,SMN
Ririca Rica,22451341,208,198,Valefor,Meteor,1900,0,b82d75152d14ebf44db2622ef433b4f4_485f4777c38002871591fb54f27edc65fc0.jpg?1788614538,Crystal,220,4,RPR
Nao Fu,41247403,209,199,Shinryu,Meteor,1897,0,cfc231e11fac22b1fb8d9d27cee48586_87b7d447f40b06dfc7228caf195f7dcffc0.jpg?1788613889,Crystal,161,0,SGE
Noi Mini,43301677,210,201,Alexander,Gaia,1892,0,20f564ddd53bd362683edef0d0a11a4e_b7a71d8799cf6dd75b711a7f52de6675fc0.jpg?1788613033,Crystal,178,0,WHM
Royce Farrell,16260248,211,202,Tiamat,Gaia,1890,0,dc9ad81c6df424c2b17bd56da6b0cc85_9f10d335198e90990f3437c5733468e7fc0.jpg?1788613399,Crystal,89,0,BRD
Okome Justice,58734775,212,203,Durandal,Gaia,1889,0,3589d26a22faffebd4c39812822aab8a_806ea5b45071d5cd6bf393e38462ee71fc0.jpg?1788611568,Crystal,41,0,BRD
En Avant,46371551,213,204,Belias,Meteor,1887,0,d6c3784f3b06c119ae16dd725e2a2b6e_894c4bd0beab2e2beb44b74f4c4bd206fc0.jpg?1788614642,Crystal,149,4,GNB
Rohesa Morgan,10586618,214,205,Ramuh,Meteor,1884,0,1b6623c84e2fcee5c1d726a691ab88ba_410ddb5a66a2fcacf538bec5ea5d0291fc0.jpg?1788611695,Crystal,245,0,CRP
Cait Sith,1574936,215,206,Tiamat,Gaia,1883,0,fc4156170aa1fca8004a80238705e5cf_9f10d335198e90990f3437c5733468e7fc0.jpg?1788613350,Crystal,162,17,WHM
Hei Meiling,1856397,216,207,Anima,Mana,1880,0,4629fe3ae75d216d2429582d28bd3a7b_2f698530a28d671d20278c8518c804c9fc0.jpg?1788613725,Crystal,79,0,VPR
O'dette Noelle,26231391,217,208,Kujata,Elemental,1877,0,e4d0424de154feb08b3839c7806f9266_72c48f093f2278ac3243962d3eb6a8d7fc0.jpg?1788613068,Crystal,107,0,VPR
Kur Age,27916663,218,209,Ifrit,Gaia,1872,0,b6c15539902ac3615580d0c358a2ce3a_f9f796348bc43067c7242ec4551cde69fc0.jpg?1788614146,Crystal,59,3,RPR
Dodopita Pittan,3558680,219,210,Tiamat,Gaia,1869,0,0c4178029dae08c0fcbe267d46034e76_9f10d335198e90990f3437c5733468e7fc0.jpg?1788612585,Crystal,175,5,SAM
U-ta Rona,33778140,220,211,Ifrit,Gaia,1862,0,5364399662a84913de2dc736c1cdcfc6_f9f796348bc43067c7242ec4551cde69fc0.jpg?1788612399,Crystal,110,8,AST
Mochi Dooooon,51161467,221,213,Hades,Mana,1806,0,fe8f2f3f207480dac3f25ca746d11cf4_a4730651230dd43cb129562a30d531aefc0.jpg?1788613191,Crystal,64,0,SGE
Sol Perfect,13175986,222,235,Hades,Mana,1805,108,09b81422623fbfed2cbc5f5650d41a6f_a4730651230dd43cb129562a30d531aefc0.jpg?1788612165,Crystal,86,9,SMN
Choi Choi,21476713,223,214,Ridill,Gaia,1802,0,eb5761358ba215960780a48c39d26cbf_138751880f18161a907d7cf0faa43f07fc0.jpg?1788614341,Crystal,228,0,VPR
Taru Taro,25668590,224,215,Tiamat,Gaia,1795,0,b541a0a2f56c87b841eddbd08ea324d6_9f10d335198e90990f3437c5733468e7fc0.jpg?1788614130,Crystal,55,0,SCH
Diao Tiandi,56776774,225,216,Ixion,Mana,1792,0,d3f8787a245e6cabd6ee8065c6eeefb5_7126768d768f6c6c7fed3eaee98c3a8afc0.jpg?1788611530,Crystal,134,0,PLD
Boku Hide,61259881,226,217,Chocobo,Mana,1792,0,2405cc4b75108a1384180ce7bafc3b98_781d6b3603312f6be41670afa37282e0fc0.jpg?1788611377,Crystal,84,5,UNK
Hamu Chan',45271368,227,218,Ixion,Mana,1788,0,7c3e44799d535f1060ebd0ed96bab339_7126768d768f6c6c7fed3eaee98c3a8afc0.jpg?1788613457,Crystal,130,0,UNK
Wally Deluaki,45789739,228,247,Hades,Mana,1784,111,4fb7feab6d0bc67088445d5355bf455a_a4730651230dd43cb129562a30d531aefc0.jpg?1788611560,Crystal,72,16,DRG
Cey Noqed,56239764,229,219,Anima,Mana,1783,0,05a455503c1b9dc0712f50ad519d9d21_2f698530a28d671d20278c8518c804c9fc0.jpg?1788612375,Crystal,115,0,BLM
Silverrice Fuke,9722101,230,0,Bahamut,Gaia,1782,377,1dd1a12dfff155f3393d6da4fac6e223_86da943caa70c8694707ab2ff74e68c9fc0.jpg?1788611527,Crystal,104,19,VPR
Takesiba Musasino,29225556,231,221,Durandal,Gaia,1781,0,5cacf8dd1a9dae9427de92b387913396_806ea5b45071d5cd6bf393e38462ee71fc0.jpg?1788611374,Crystal,199,0,NIN
Momikucha Ocojo,51451812,232,222,Ixion,Mana,1780,0,52ebf8cad8e1a025e1469ada4534a0f2_7126768d768f6c6c7fed3eaee98c3a8afc0.jpg?1788612318,Crystal,141,5,UNK
Vir Sanctus,38437893,233,223,Asura,Mana,1777,0,e0afc9c178de541c5ba8a1afafa4bb02_53f1445a9f28799a32ea55f046319fc3fc0.jpg?1788614090,Crystal,63,0,SCH
Korone Yubi,38334943,234,224,Yojimbo,Meteor,1768,0,f96e46a75ff8692aefd4bf0841f4e177_4a92c619bde4f34cfa77e05fef21ad85fc0.jpg?1788611583,Crystal,115,0,SGE
Ui Thrix,39291749,235,225,Chocobo,Mana,1764,0,08b70654c7812f561afc700e0756319a_781d6b3603312f6be41670afa37282e0fc0.jpg?1788613977,Crystal,113,18,PCT
Oriental Art,1070191,236,227,Chocobo,Mana,1755,0,d31830cb71830b425529f231f39e776b_781d6b3603312f6be41670afa37282e0fc0.jpg?1788611851,Crystal,455,16,DRG
Odwit Vendisch,42078574,237,228,Aegis,Elemental,1734,0,16b22e919d37aaeda97dfa361cf8659d_3ea38e723c590aabf186367e1eb7e6a1fc0.jpg?1788614927,Crystal,516,20,UNK
Battoh Nuko,1022118,238,229,Durandal,Gaia,1724,0,bdbb91b8d6d4eaa2d99a4a18d13153cb_806ea5b45071d5cd6bf393e38462ee71fc0.jpg?1788613357,Crystal,60,0,PLD
Yuuki Swallowtail,32886185,239,230,Kujata,Elemental,1714,0,712840b89db68c0862aff570eefb28c6_72c48f093f2278ac3243962d3eb6a8d7fc0.jpg?1788614377,Crystal,132,0,MCH
Cinzia Castagnone,42223337,240,231,Ultima,Gaia,1713,0,f04869081ccf9229ca06746e399b2740_9df1b3cb0da35db33c17ef11ddf12adafc0.jpg?1788614373,Crystal,116,0,AST
Mister Alpheratz,34950496,241,232,Ixion,Mana,1711,0,fdba356c4be03c92ffecec87e607f037_7126768d768f6c6c7fed3eaee98c3a8afc0.jpg?1788611526,Crystal,137,0,VPR
Orpheus Jongleur,3414846,242,233,Bahamut,Gaia,1702,0,091f84408fe996c55b0d18af8fc1d9d6_86da943caa70c8694707ab2ff74e68c9fc0.jpg?1788614443,Crystal,99,19,GNB
Nov Noa,56271994,243,234,Tiamat,Gaia,1698,0,0711a53e252756264a473f2b53d53cad_9f10d335198e90990f3437c5733468e7fc0.jpg?1788613146,Crystal,213,38,PCT
Jios Quartar,3179754,244,236,Tiamat,Gaia,1695,0,e4a3c15118c1258c3c33b152cbada545_9f10d335198e90990f3437c5733468e7fc0.jpg?1788612932,Crystal,250,7,SGE
Lufefe Lufe,8829146,245,237,Mandragora,Meteor,1691,0,91e252cc1edf40cc72e7912c50fbfde7_ee738654add55c3d07ea92d8e108074cfc0.jpg?1788612235,Crystal,110,3,DNC
Splitz Allure,11250991,246,271,Tonberry,Elemental,1690,101,5df739fcece56728f620a7cd5b05392e_7bb6b1e488f0e4f01c5314d010b60f31fc0.jpg?1788614410,Crystal,33,1,BSM
Kinq-of- Platinum,48727904,247,238,Gungnir,Elemental,1689,0,3c8d43a875a038c5fbf54250da8a5442_8f82f937943b6baf4c565020d5eba0ccfc0.jpg?1788614380,Crystal,203,3,DRG
Lycan Roar,52059954,248,295,Titan,Mana,1689,195,29dea1cc321c3f2275d537c23520e2b8_e2bb3f9679fec6d4836fcf8abcc3eeacfc0.jpg?1788612216,Crystal,77,6,UNK
Aria Canon,1030539,249,239,Pandaemonium,Mana,1688,0,c643f10c86a1dec8fe0358a24454dab6_470db1bf2e865f9130531fea40b61ee4fc0.jpg?1788613012,Crystal,277,3,AST
Oracle Trezavejo,15712017,250,240,Bahamut,Gaia,1686,0,b4aa7ecb29192073338a2cc53603b062_86da943caa70c8694707ab2ff74e68c9fc0.jpg?1788612565,Crystal,131,7,MCH
Laru Gucchi,4772544,251,241,Durandal,Gaia,1686,0,766e8af080f3aa6e38ee510dee4807b8_806ea5b45071d5cd6bf393e38462ee71fc0.jpg?1788612791,Crystal,114,1,AST
Hal Moonvine,6544837,252,273,Yojimbo,Meteor,1685,98,0b051eda0b20b820aec68545891c2ce7_4a92c619bde4f34cfa77e05fef21ad85fc0.jpg?1788613069,Crystal,28,2,UNK
Konegai Konegai,3277232,253,242,Masamune,Mana,1683,0,3a445dba3d4d2882c60b55a59669971b_134930215abb8a90ec37d6cc05b05e08fc0.jpg?1788614593,Crystal,175,0,BLM
Maito Melek,26875635,254,243,Hades,Mana,1680,0,f46d534bca38450ba9b70bb608411c3e_a4730651230dd43cb129562a30d531aefc0.jpg?1788612168,Crystal,69,6,UNK
Haine Balantin,25261749,255,244,Ifrit,Gaia,1679,0,95d742d2775dc4ae64696462b68ee21f_f9f796348bc43067c7242ec4551cde69fc0.jpg?1788612300,Crystal,271,21,DRK
Mao Caprice,32793338,256,245,Titan,Mana,1676,0,101c8c73de660221dc8ad95fafa4ad3c_e2bb3f9679fec6d4836fcf8abcc3eeacfc0.jpg?1788611538,Crystal,80,0,PLD
Gelgel Llin,36131481,257,0,Ridill,Gaia,1675,198,2a90eea47454447b3ae0d4df4fbfdc5e_138751880f18161a907d7cf0faa43f07fc0.jpg?1788614846,Crystal,117,8,DRG
Aurelia Stratosfera,26527089,258,246,Unicorn,Meteor,1675,0,0ed689683555a9555b96a5599288d4a1_393eb74047bb90c8d80dea54218430eefc0.jpg?1788612671,Crystal,64,0,SAM
Moi Pomme,56383677,259,248,Anima,Mana,1672,0,df195b6c463065fc5c6cf34724d6875c_2f698530a28d671d20278c8518c804c9fc0.jpg?1788614847,Crystal,76,0,SMN
Aran Tyler,47478713,260,278,Zeromus,Meteor,1666,93,601da8267e6037e1adc37928f1ab982b_c76848359d0b4d2f37aefbb9903ed97bfc0.jpg?1788612300,Crystal,132,3,SAM
Azusa A'z,9917991,261,250,Valefor,Meteor,1664,0,9a4b71f1ac5c0e02e818be31a1d439f2_485f4777c38002871591fb54f27edc65fc0.jpg?1788613346,Crystal,369,24,MCH
Hak Elak,35740519,262,0,Ramuh,Meteor,1662,642,b86c5618a66aa9349d3190d9ad84491f_410ddb5a66a2fcacf538bec5ea5d0291fc0.jpg?1788611823,Crystal,381,23,SGE
Tori Momo,47876183,263,251,Unicorn,Meteor,1651,0,3672fa98c1d2b3d4855d7f0bdad1caf8_393eb74047bb90c8d80dea54218430eefc0.jpg?1788614825,Crystal,220,3,WHM
Lala Ruru,23370112,264,252,Hades,Mana,1633,0,52987a3ea9f860f9522e49f36a51fcdf_a4730651230dd43cb129562a30d531aefc0.jpg?1788614539,Crystal,261,6,SMN
Yu Haru,31526046,265,253,Hades,Mana,1626,0,d1d463d935a459f76da24079cf48b932_a4730651230dd43cb129562a30d531aefc0.jpg?1788614795,Crystal,49,0,UNK
Avaron Ninesisters,1584314,266,254,Tiamat,Gaia,1624,0,5c1970240f5e1f80ffabdd3988080f5e_9f10d335198e90990f3437c5733468e7fc0.jpg?1788614159,Crystal,224,13,WHM
Chrono Meter,4807361,267,255,Zeromus,Meteor,1622,0,b74f258cbaba5cb680ca0095a0758cbb_c76848359d0b4d2f37aefbb9903ed97bfc0.jpg?1788613584,Crystal,561,48,UNK
Shattered Onyx,61529398,268,256,Mandragora,Meteor,1621,0,4507237b3154f0500f368c8975cd596c_ee738654add55c3d07ea92d8e108074cfc0.jpg?1788614636,Crystal,135,0,UNK
Shi Syou,5023543,269,257,Atomos,Elemental,1619,0,d930c67636980aa5cc10bd814bdc2dbd_cf768a751b1f5e355c2fd39a9ed91f3ffc0.jpg?1788614164,Crystal,164,5,MCH
Adelbert Arde,2303486,270,258,Aegis,Elemental,1619,0,116777aa8f26a0d0d17dc0b82cca79e6_3ea38e723c590aabf186367e1eb7e6a1fc0.jpg?1788613660,Crystal,60,6,MNK
Moo Tarm,58329682,271,259,Mandragora,Meteor,1615,0,f24fe9c1ea6c09f2a9c7bd84788ffccc_ee738654add55c3d07ea92d8e108074cfc0.jpg?1788613799,Crystal,52,0,VPR
Yagi San,39789403,272,260,Titan,Mana,1614,0,a9f69f22365543e496675c89e48486c0_e2bb3f9679fec6d4836fcf8abcc3eeacfc0.jpg?1788613483,Crystal,58,0,DNC
Kaheo Milde,30278970,273,261,Ultima,Gaia,1609,0,b92bf3d51d1bfabde325071eedf3d3e0_9df1b3cb0da35db33c17ef11ddf12adafc0.jpg?1788614362,Crystal,297,0,VPR
Notttz Imbrium,50270248,274,263,Titan,Mana,1603,0,58a87ecc9a18820b07646a481a8154a4_e2bb3f9679fec6d4836fcf8abcc3eeacfc0.jpg?1788611736,Crystal,69,0,PCT
Falaris Whitemoon,39272552,275,264,Carbuncle,Elemental,1602,0,ba7f541c520a57e21fce1321218d73b3_9eb3c19866f7ae0eeeffac7bf770aba5fc0.jpg?1788614936,Crystal,58,0,MNK
Lenias Nia,30635992,276,267,Masamune,Mana,1600,3,72f0d71a08956e402910a0df36e536eb_134930215abb8a90ec37d6cc05b05e08fc0.jpg?1788612337,Crystal,81,4,SGE
Aristel Brown,3214595,277,266,Typhon,Elemental,1599,0,edba68904ef1184c5563cdd263603a74_32d8c9c7cd5f62d62da2d31b6750a680fc0.jpg?1788614426,Crystal,490,4,PCT
Nana Degu,42551273,278,0,Asura,Mana,1599,200,f0ca36e4824faa31992738bb368e803c_53f1445a9f28799a32ea55f046319fc3fc0.jpg?1788613016,Crystal,49,2,AST
Nao Silver,7061459,279,268,Ridill,Gaia,1592,0,5b47b6dc6257d8717a69638713cf3379_138751880f18161a907d7cf0faa43f07fc0.jpg?1788611516,Crystal,67,0,UNK
Azunyan Suta,3609752,280,269,Kujata,Elemental,1589,0,6eb87d1db5778a022b84283d0be6d5af_72c48f093f2278ac3243962d3eb6a8d7fc0.jpg?1788613746,Crystal,164,6,DRG
Ame Azarashi,23141823,281,270,Durandal,Gaia,1589,0,3169ff74c51973a08f1b5c47026339a9_806ea5b45071d5cd6bf393e38462ee71fc0.jpg?1788613650,Crystal,33,0,GNB
Katuo Bushi,48894263,282,272,Garuda,Elemental,1588,0,8b92a347d66765b2b2d24c1ad40d5afa_fcb1f5b0249d1069e5bdc66d0796f26afc0.jpg?1788614265,Crystal,223,1,SAM
Rinfia Rint,24291060,283,274,Durandal,Gaia,1586,0,a0d48d9035ce8cb65db8d80e6f885428_806ea5b45071d5cd6bf393e38462ee71fc0.jpg?1788612185,Crystal,282,11,WHM
Nanasia Plum,21652201,284,0,Hades,Mana,1585,708,cf3c8499db7367663dbd8986b8c2d69d_a4730651230dd43cb129562a30d531aefc0.jpg?1788614208,Crystal,82,29,MCH
Ursula Hackenschmidt,42648090,285,275,Fenrir,Gaia,1584,0,a665d50be7723b1660e54e045bb7a2fe_d384cf5ad7db803f29799f36ebbc3eadfc0.jpg?1788612833,Crystal,40,0,PLD
Cue Quale,17820016,286,0,Pandaemonium,Mana,1581,500,9edb0d14fdbd058ddfd9ac52055de6bc_470db1bf2e865f9130531fea40b61ee4fc0.jpg?1788611499,Crystal,46,15,NIN
Adiana Farrah,2436224,287,276,Tonberry,Elemental,1580,0,0d58cfc8d92794cf5469841b0de85f14_7bb6b1e488f0e4f01c5314d010b60f31fc0.jpg?1788614668,Crystal,44,0,WAR
Mvosky Greencity,36537597,288,277,Kujata,Elemental,1577,0,c0efc45b624308322e1f4b3e364afd45_72c48f093f2278ac3243962d3eb6a8d7fc0.jpg?1788614903,Crystal,71,4,WAR
Alfons Aeclair,28712391,289,279,Tiamat,Gaia,1571,0,3556a34d8ba93dc08b29e51c1e663d6b_9f10d335198e90990f3437c5733468e7fc0.jpg?1788614817,Crystal,77,22,MCH
Honey Cat,51251838,290,280,Ultima,Gaia,1565,0,c89504a579493fe83a6003536b5fcfdf_9df1b3cb0da35db33c17ef11ddf12adafc0.jpg?1788614236,Crystal,122,0,MCH
Hateful Past,26237856,291,281,Asura,Mana,1560,0,ed0c8f5d7b00b4c718fd834e96efdd7e_53f1445a9f28799a32ea55f046319fc3fc0.jpg?1788614282,Crystal,61,0,PLD
Mitui Aset,29908583,292,282,Zeromus,Meteor,1554,0,03c5c419a0ed40508b02b7656c3bc1e1_c76848359d0b4d2f37aefbb9903ed97bfc0.jpg?1788613408,Crystal,402,2,DRK
Zero No'name,24180515,293,283,Titan,Mana,1554,0,3f2ec2a99605ed4d05ef0e5bc0f3b8d4_e2bb3f9679fec6d4836fcf8abcc3eeacfc0.jpg?1788612107,Crystal,48,0,VPR
Zukasa Yatoh,8768354,294,285,Typhon,Elemental,1547,0,4b9242a67c4aa4390facfa8e2028de4b_32d8c9c7cd5f62d62da2d31b6750a680fc0.jpg?1788614778,Crystal,161,0,DRG
Hoshino Ai,47933529,295,286,Titan,Mana,1528,0,82bad71f761726aa0a737f36447d9f50_e2bb3f9679fec6d4836fcf8abcc3eeacfc0.jpg?1788612880,Crystal,59,0,DRG
Jikai Yokoku,52429272,296,0,Alexander,Gaia,1515,199,f004ff0d7175c98ad62d4ed99995320e_b7a71d8799cf6dd75b711a7f52de6675fc0.jpg?1788613659,Crystal,36,2,DRG
Karewa Kare,53675376,297,287,Durandal,Gaia,1508,0,cbdbee91e564af7bf540b273708c9d13_806ea5b45071d5cd6bf393e38462ee71fc0.jpg?1788614285,Crystal,75,0,WHM
Hime Cat,5343193,298,288,Anima,Mana,1505,0,ca9ba375bc2dc2d3a743253448109c5b_2f698530a28d671d20278c8518c804c9fc0.jpg?1788611571,Crystal,94,0,SGE
Lily Skywaker,6792620,299,289,Ixion,Mana,1503,0,2a199e9346f375c2f2e814be59d0cf09_7126768d768f6c6c7fed3eaee98c3a8afc0.jpg?1788613401,Crystal,208,8,SAM
Comachi Dj,13425678,300,290,Hades,Mana,1503,0,4983bf5b31ed2764865b5fd4a01a64a5_a4730651230dd43cb129562a30d531aefc0.jpg?1788611969,Crystal,121,0,VPR
Miyu Moon,14522179,1,0,Mateus,Crystal,4364,305,3562f4cf44aad7d526acbf8fae3937b0_f0c52cc66e124fc2e641d7c21ab2ce79fc0.jpg?1788613120,Ultima,112,5,SAM
Pekora Meow,37421725,2,0,Leviathan,Primal,4230,288,dc85502f9baa330d5a15d3c0a6f002a0_a91aae52cff9ef65932db06b150ffd47fc0.jpg?1788614536,Ultima,262,8,SAM
Ahri Meow,42604315,3,0,Leviathan,Primal,3739,0,99498e3de5cc49aacddccc855d4ee19d_a91aae52cff9ef65932db06b150ffd47fc0.jpg?1788611726,Ultima,155,5,BRD
Emi Meow,44729199,4,0,Siren,Aether,3675,0,39fec9b8eaf71c699797cd15ef87009b_58a84e851e55175d22158ca97af58a1ffc0.jpg?1788614052,Ultima,95,5,BLM
Legendary Ash,10855248,5,0,Faerie,Aether,3472,74,6fd699132806b61c9dcb8613c3ae11a3_0e336ff6ad415f47233f0aaf127feac0fc0.jpg?1788612945,Ultima,128,2,NIN
Crow Meow,54328117,6,8,Jenova,Aether,3253,98,7eded062751a7f80f7f3d9fbe0ab8e34_ce736afe35e2ded4e46c4fd0659aef7efc0.jpg?1788614406,Ultima,99,2,WHM
Tomo Kote,38176817,7,6,Gilgamesh,Aether,3171,0,e5d7502ad7f21874552a4fc21553ee9e_b937560c841465f7c4bc8eb47ea7948afc0.jpg?1788614572,Ultima,265,5,DRG
Hollow Bastion,56455630,8,7,Rafflesia,Dynamis,3156,0,1f48f716d376c4c54dbbeedac9f01255_2783886613347a4db0bed7524de1298ffc0.jpg?1788612189,Ultima,86,0,UNK
Azar Kaveh,16748899,9,0,Mateus,Crystal,3139,0,1d25f3d1883510d8fd010504471516b8_f0c52cc66e124fc2e641d7c21ab2ce79fc0.jpg?1788611350,Ultima,605,9,MCH
Kuzo Makuzo,29453053,10,0,Exodus,Primal,3083,0,c143f86dcebb42612bbef964edfc96ab_0cdf051c93865faa15cbc5cd3d2b69fbfc0.jpg?1788611919,Ultima,105,0,UNK
Azure Balmung,17864089,11,0,Gilgamesh,Aether,3079,0,5456a33c0abb12eab1bf88281486246e_b937560c841465f7c4bc8eb47ea7948afc0.jpg?1788613270,Ultima,59,0,MNK
Meteor Moon,29693876,12,0,Rafflesia,Dynamis,3072,0,7f262df9422aa27c9dd850d004812561_2783886613347a4db0bed7524de1298ffc0.jpg?1788612242,Ultima,287,0,SGE
Terro Beoulve,45682109,13,0,Coeurl,Crystal,3070,0,5c8262e03844a30a89d0d2374247f03c_284358f8eb4efc9095914e46798c6ab3fc0.jpg?1788611550,Ultima,189,0,BRD
Artesia Saeyrs,2957946,14,0,Sargatanas,Aether,3061,0,e1a9c389a8110feceacc91a730bfc558_ba22853447012a24cee115315d6a5bebfc0.jpg?1788612672,Ultima,58,0,RPR
Cyphos Ultimus,2288366,15,18,Balmung,Crystal,3045,85,b980cc0ff24da63437a59ef78df763c0_7a573cbc0cda3a3dfc1795cb3d9f7b23fc0.jpg?1788612215,Ultima,195,12,DRG
Kairi Rune,28236760,16,15,Hyperion,Primal,3024,0,ce129fc5d83b1472a349e0e1053aee02_57ae9ee5592123dd79c8912bf768cf99fc0.jpg?1788614643,Ultima,305,0,NIN
Local-area Network,28168413,17,16,Cactuar,Aether,3012,0,5181fed39656c5cf1dc247fe1bf97832_96ab1df8877c1f8ba6a89a39cccfd437fc0.jpg?1788612888,Ultima,60,3,SAM
Mac Arena,21560395,18,17,Adamantoise,Aether,2968,0,30fa962580974874808d1a8b67407ebb_1f5fd239b885860b7c2bfc72ad1d97effc0.jpg?1788614385,Omega,100,0,SAM
Merlin Emryss,9605720,19,0,Faerie,Aether,2859,0,87179f28ae17956a4d43567dadf6ea60_0e336ff6ad415f47233f0aaf127feac0fc0.jpg?1788611487,Omega,222,0,DRK
Sanahi Keto,57330112,20,0,Hyperion,Primal,2819,0,6531a5f5216bf8e7efcdcf26e24615cb_57ae9ee5592123dd79c8912bf768cf99fc0.jpg?1788614853,Omega,320,11,WHM
Barock Obama,52411158,21,0,Siren,Aether,2787,0,05a5459925b46dd9d074e273b24d5d27_58a84e851e55175d22158ca97af58a1ffc0.jpg?1788613429,Omega,493,4,PLD
Lucio Harundo,4012099,22,0,Leviathan,Primal,2708,0,d042eff245eaa56c0b6989df68a99564_a91aae52cff9ef65932db06b150ffd47fc0.jpg?1788612270,Omega,492,19,WAR
Sylvie Chan,48678953,23,32,Brynhildr,Crystal,2523,194,14580705b6124b25ef19217300b4891f_d0a0f515a62457570c9b44997063e3c1fc0.jpg?1788614284,Omega,268,16,SCH
Fye Alanyk,48751064,24,23,Diabolos,Crystal,2517,0,d605d68b88b347dfdb8a9b9e6c3539d6_7b33d33ae3ecb996f778a5f67a6a0af6fc0.jpg?1788612271,Omega,373,7,BLM
Hrothmar Blackburns,28757856,25,24,Adamantoise,Aether,2493,0,ba6405bac0d5b1fb489962984f0d9fb9_1f5fd239b885860b7c2bfc72ad1d97effc0.jpg?1788612848,Omega,438,10,BLM
Suhr Zarek,8876676,26,25,Balmung,Crystal,2449,0,c09e4087ccb76545f31b81fa5ca01485_7a573cbc0cda3a3dfc1795cb3d9f7b23fc0.jpg?1788612872,Omega,484,0,VPR
Pvp Badboy,38919488,27,26,Sargatanas,Aether,2421,0,8833f678967938d2e79b8d993021ce3f_ba22853447012a24cee115315d6a5bebfc0.jpg?1788613047,Omega,208,0,NIN
Ham Baga,28276994,28,27,Balmung,Crystal,2389,0,80672270fca68b3d3fa2f4c0b220427a_7a573cbc0cda3a3dfc1795cb3d9f7b23fc0.jpg?1788612769,Omega,253,5,MCH
Zypris Allsbane,13616095,29,28,Leviathan,Primal,2364,0,8194751bb802fcd9691a7ee558040836_a91aae52cff9ef65932db06b150ffd47fc0.jpg?1788614782,Omega,141,4,RPR
Olivia Lugria,15149290,30,29,Sargatanas,Aether,2361,0,c230658574a9dc12a4eb6fae2e16ceb4_ba22853447012a24cee115315d6a5bebfc0.jpg?1788611571,Omega,267,3,WHM
Fulheart Grit,38212551,31,30,Balmung,Crystal,2347,0,4a4d99f967c37bf42bd739857921e360_7a573cbc0cda3a3dfc1795cb3d9f7b23fc0.jpg?1788611834,Omega,160,0,PLD
Labrys Roux,31449732,32,31,Ultros,Primal,2332,0,b78d649d03beba97a36fa9eebc98afc4_c514cdcdb619439df97d906d4434ccc6fc0.jpg?1788612779,Omega,219,18,AST
Rin Ruki,59858100,33,0,Exodus,Primal,2297,0,7ec8676537a0b3fff644be3f10ee7741_0cdf051c93865faa15cbc5cd3d2b69fbfc0.jpg?1788612795,Omega,100,0,UNK
Size Difference,33536390,34,0,Sargatanas,Aether,2271,0,770b5bd32a40e292765490f8e46eaf60_ba22853447012a24cee115315d6a5bebfc0.jpg?1788611786,Omega,190,0,MNK
Vittorio Moretti,61421815,35,0,Diabolos,Crystal,2263,0,8c11f65c791a4f39ba7c716aeb6bc8d9_7b33d33ae3ecb996f778a5f67a6a0af6fc0.jpg?1788614123,Omega,153,0,SMN
Rae Rea,58956664,36,0,Adamantoise,Aether,2194,0,72766cccd8c79e6afd3055accfc559fa_1f5fd239b885860b7c2bfc72ad1d97effc0.jpg?1788613148,Omega,37,0,MNK
Sparrow Hawk,50867063,37,0,Seraph,Dynamis,2190,0,1253b18a592d2d3c5133e9b86ab20c5a_07fb0511053f398d1f2d6831e6a6b4c8fc0.jpg?1788611611,Omega,136,0,DRG
Norma Jeannie,28105106,38,0,Jenova,Aether,2088,0,bff6f64f1e9dd700a962c74db4bf4812_ce736afe35e2ded4e46c4fd0659aef7efc0.jpg?1788613826,Omega,84,0,DRK
Sanguinius Smolblood,33489157,39,0,Kraken,Dynamis,2078,0,461663ac9dfac06c5d61bc05d26ae652_049a956dfeb0eb2e19c417a1dde4d680fc0.jpg?1788612973,Omega,243,16,PLD
Gongsun Qerel,38059779,40,0,Mateus,Crystal,2063,0,015ef2d1ef8f18b0cf7fa0e646fa2d12_f0c52cc66e124fc2e641d7c21ab2ce79fc0.jpg?1788614232,Omega,230,1,VPR
J'heero Eshe,47050578,41,0,Lamia,Primal,2013,0,138c64290a6a358316c3dc27a53343ee_4d9be17b5e1edc617052b4dbf4007875fc0.jpg?1788613180,Omega,149,9,RPR
Yua Churu,57865436,42,0,Goblin,Crystal,2002,0,f101295546bd5a2b87478407b6d55ffd_8e81e2940511f7152ba4462fe53e35b8fc0.jpg?1788612829,Omega,176,0,AST
Fortune Days,44283538,43,0,Zalera,Crystal,1999,0,044cf6044387105edf58d48a910b1ae4_8106f857613f8fb994b0be37b26ff4bafc0.jpg?1788613406,Omega,95,0,BRD
Kasai Kage,21886030,44,0,Adamantoise,Aether,1998,0,6835735c490425c8a49d6889308a3484_1f5fd239b885860b7c2bfc72ad1d97effc0.jpg?1788612025,Omega,58,0,NIN
Clara Green,44437004,45,0,Gilgamesh,Aether,1982,0,9fdf7ee98ab3c5eb9220a6d31f045135_b937560c841465f7c4bc8eb47ea7948afc0.jpg?1788613076,Omega,123,0,PCT
Air Azure,41482862,46,0,Rafflesia,Dynamis,1979,0,a32fc7c37974e2629ce594c455ff54a7_2783886613347a4db0bed7524de1298ffc0.jpg?1788613639,Omega,194,0,AST
Im Dead,44727021,47,0,Balmung,Crystal,1972,0,382bb5e8fe23a4e04750cfd29fa9f46c_7a573cbc0cda3a3dfc1795cb3d9f7b23fc0.jpg?1788613684,Omega,53,0,AST
Death Reaps,8773483,48,0,Balmung,Crystal,1958,0,265183f487ab7e0a5a5b3128ec29a82a_7a573cbc0cda3a3dfc1795cb3d9f7b23fc0.jpg?1788612466,Omega,191,1,BRD
Momo Meow,50898775,49,0,Siren,Aether,1909,0,6abf63b1f0755aa211bfd1dadc66e3b9_58a84e851e55175d22158ca97af58a1ffc0.jpg?1788614431,Omega,44,0,WHM
Kahlil Immortalis,22812670,50,0,Diabolos,Crystal,1890,0,0451aa29bd529c5d15b718b74c287dd2_7b33d33ae3ecb996f778a5f67a6a0af6fc0.jpg?1788614762,Omega,194,19,UNK
Bepsi Kola,41348459,51,0,Adamantoise,Aether,1879,0,cc3717bc9d9d5c90534918043bb3ba56_1f5fd239b885860b7c2bfc72ad1d97effc0.jpg?1788614565,Omega,218,0,DNC
Yuseong Regilis,60222350,52,0,Exodus,Primal,1827,0,1c96ea3b1132f01c102abfff5ab289ec_0cdf051c93865faa15cbc5cd3d2b69fbfc0.jpg?1788613030,Omega,111,0,UNK
Micro Uryade,37487800,53,0,Sargatanas,Aether,1819,0,d9df4db31e4d391c99006db3caa4b5f9_ba22853447012a24cee115315d6a5bebfc0.jpg?1788612300,Omega,258,16,VPR
Kris Lhea,39204335,54,68,Mateus,Crystal,1800,198,982639accd39a2021d8f112bb5e763df_f0c52cc66e124fc2e641d7c21ab2ce79fc0.jpg?1788612127,Omega,61,2,BRD
P'roto Idola,35374628,55,54,Brynhildr,Crystal,1789,0,a91ad9e8c6c6ddb0905cd9aa6cede8e3_d0a0f515a62457570c9b44997063e3c1fc0.jpg?1788611386,Omega,123,0,SMN
Xiao Longbao,31670807,56,55,Excalibur,Primal,1787,0,b9d8562547d5b9d8e86054d9061c6a23_745baffc465480ed372e274d50318290fc0.jpg?1788612662,Omega,501,20,DRK
Suhr Zarek,41651606,57,56,Goblin,Crystal,1781,0,9a55a7c2b29a7a0b7de33b2fcc5a0411_8e81e2940511f7152ba4462fe53e35b8fc0.jpg?1788613552,Omega,89,0,WAR
Haha Unless,35825889,58,57,Faerie,Aether,1750,0,3c249691791cbe0f2fb3ccc230c9a4e4_0e336ff6ad415f47233f0aaf127feac0fc0.jpg?1788612960,Omega,134,0,DNC
Myu Meow,9691497,59,0,Leviathan,Primal,1711,8,d925a41776719d761c94e8e32e5e7a0f_a91aae52cff9ef65932db06b150ffd47fc0.jpg?1788612460,Omega,118,4,UNK
Naomi Hakoma,13697124,60,58,Halicarnassus,Dynamis,1710,0,a6732f9cc34509a6761d618186e745fd_f2d324d722b28bbe681b2898bcdca8bffc0.jpg?1788614651,Omega,85,2,MIN
Show Maker,61843104,61,60,Kraken,Dynamis,1699,0,a2da8d9d3d95080eac0c8ad1975a70ac_049a956dfeb0eb2e19c417a1dde4d680fc0.jpg?1788613489,Omega,121,0,UNK
Kylis Pendragon,36050245,62,61,Balmung,Crystal,1685,0,6d0f4e4d3e36c9a4dd7fccd76f9effc3_7a573cbc0cda3a3dfc1795cb3d9f7b23fc0.jpg?1788612096,Omega,263,8,BRD
Marci Meow,54739620,63,62,Balmung,Crystal,1683,0,4ebc98a9ae6cf756ec75bc3db97f87f6_7a573cbc0cda3a3dfc1795cb3d9f7b23fc0.jpg?1788612460,Omega,78,0,DRG
Orpheus Laine,29851207,64,69,Gilgamesh,Aether,1681,86,5939235fbb052c79392d334cce14ca00_b937560c841465f7c4bc8eb47ea7948afc0.jpg?1788611507,Omega,82,3,PCT
Azura Skye,61832185,65,63,Goblin,Crystal,1678,0,06833163f0059227fbc31ba3c8c36610_8e81e2940511f7152ba4462fe53e35b8fc0.jpg?1788611441,Omega,99,0,MCH
Akari Tsuki,46655701,66,81,Adamantoise,Aether,1633,96,08f7ffe45c1b134f99ea040b39ee2bdd_1f5fd239b885860b7c2bfc72ad1d97effc0.jpg?1788614635,Omega,60,1,SMN
Mtn Boop,36509633,67,64,Brynhildr,Crystal,1616,0,175f521a1de707cbfb345e95df5e588c_d0a0f515a62457570c9b44997063e3c1fc0.jpg?1788614888,Omega,37,0,VPR
Azureal Grandeur,20448737,68,65,Marilith,Dynamis,1615,0,fa989d1d00d58fc1b4171abefb5e22b7_bbfb28d5a9059cd0c768daf77ab29982fc0.jpg?1788612732,Omega,191,0,BRD
Ryan Hoshiko,10323495,69,66,Lamia,Primal,1611,0,b8f720f05e5314618bc7341f856d075d_4d9be17b5e1edc617052b4dbf4007875fc0.jpg?1788614513,Omega,64,0,RDM
Raphtalia Solari,8126326,70,67,Adamantoise,Aether,1602,0,baeca36f0f50dbb796496ea18e58ee30_1f5fd239b885860b7c2bfc72ad1d97effc0.jpg?1788613975,Omega,105,0,SGE
Josh Trigiani,6965228,71,70,Lamia,Primal,1595,0,22f547722b0454bc3b30d7f6a8ac5b0a_4d9be17b5e1edc617052b4dbf4007875fc0.jpg?1788612488,Omega,42,0,BLM
The Feast,46586541,72,71,Behemoth,Primal,1592,0,db9e7409cc816f51307405b49c8b5713_be20385e18333edb329d4574f364a1f0fc0.jpg?1788613865,Omega,93,0,UNK
La Bubu,26625120,73,72,Diabolos,Crystal,1590,0,733d34df72366760c6f44581681c9088_7b33d33ae3ecb996f778a5f67a6a0af6fc0.jpg?1788614367,Omega,149,7,DRK
Saraliah Dawnbringer,21371539,74,73,Coeurl,Crystal,1588,0,6cef2d612818607782b7fbc356526664_284358f8eb4efc9095914e46798c6ab3fc0.jpg?1788613789,Omega,39,0,SAM
Sovereign Phil,14314725,75,74,Goblin,Crystal,1586,0,acf642268567c66b82aaf11114198670_8e81e2940511f7152ba4462fe53e35b8fc0.jpg?1788614920,Omega,31,0,SGE
Nemx Takeuchi,43679010,76,75,Excalibur,Primal,1586,0,14abc372f60fdda90f30d64457c232b3_745baffc465480ed372e274d50318290fc0.jpg?1788613667,Omega,30,0,MCH
Mavis Enyo,14769968,77,76,Excalibur,Primal,1578,0,00bced457c7cea8ae968197c61367bed_745baffc465480ed372e274d50318290fc0.jpg?1788612469,Omega,37,0,CRP
Lia Kiri,52292388,78,77,Lamia,Primal,1577,0,297469abea049ff5cfb98af6fe45176f_4d9be17b5e1edc617052b4dbf4007875fc0.jpg?1788613570,Omega,77,0,GNB
Medori Tenosu,31992476,79,111,Jenova,Aether,1567,390,2d7230bf79f29d3570cfdc7390506985_ce736afe35e2ded4e46c4fd0659aef7efc0.jpg?1788612423,Omega,244,7,PLD
Big Three,47754584,80,78,Zalera,Crystal,1564,0,ef1725c11b5e975338a0b9d2fccdabfe_8106f857613f8fb994b0be37b26ff4bafc0.jpg?1788614131,Omega,122,0,WAR
Air Weaver,12424525,81,79,Coeurl,Crystal,1564,0,06474f472310d759766363e8e8f53b3f_284358f8eb4efc9095914e46798c6ab3fc0.jpg?1788613572,Omega,62,0,RPR
Gio Vanna,33440191,82,80,Adamantoise,Aether,1546,0,7d1d14338474ce900c0581dbd778d321_1f5fd239b885860b7c2bfc72ad1d97effc0.jpg?1788614758,Omega,77,0,SGE
Chocolate Mint,12837521,83,82,Mateus,Crystal,1534,0,96f57e6a545b8f0a814d211bd90bda0a_f0c52cc66e124fc2e641d7c21ab2ce79fc0.jpg?1788611886,Omega,35,0,FSH
Gidding Mimid,9835761,84,89,Exodus,Primal,1524,130,97296d489ec3afb5d7c65e3c6fa7fc05_0cdf051c93865faa15cbc5cd3d2b69fbfc0.jpg?1788612293,Omega,332,11,NIN
Peregrine Lofte,21726171,85,83,Leviathan,Primal,1523,0,351c30387c9048190075024c6b344ead_a91aae52cff9ef65932db06b150ffd47fc0.jpg?1788614365,Omega,62,0,WAR
Bisukito Neko,32261082,86,84,Zalera,Crystal,1522,0,3462c7ee2de7556ca86498dc5214a7fb_8106f857613f8fb994b0be37b26ff4bafc0.jpg?1788613740,Omega,56,0,UNK
Zeta Salazar,44375733,87,85,Midgardsormr,Aether,1520,0,4be3c205f3892cdbc09e8417ad6dbb68_5c8ecfbc673e1287a9b5e85423fe1657fc0.jpg?1788614303,Omega,204,0,SAM
Navori Valois,48622291,88,86,Adamantoise,Aether,1504,0,4facdc408c9ad771bc52001d3c82fa9f_1f5fd239b885860b7c2bfc72ad1d97effc0.jpg?1788613368,Omega,95,0,UNK
Eloza Ketsch,8667845,89,87,Malboro,Crystal,1503,0,4414bb689fd8033d67e6821653f9a232_2e97c13fdd593d15d543093f8a37b6f0fc0.jpg?1788613528,Omega,252,11,SMN
Fire Strike,52397705,90,88,Kraken,Dynamis,1480,0,b9c1021d4aa2ae66682e7904857161ed_049a956dfeb0eb2e19c417a1dde4d680fc0.jpg?1788613884,Crystal,68,0,BLM
Seto Mimyho,20943977,91,90,Behemoth,Primal,1394,0,e0110a23ddcddf11cb8bf1e895c56d75_be20385e18333edb329d4574f364a1f0fc0.jpg?1788612850,Crystal,55,0,SGE
Mash Buttons,12470854,92,91,Ultros,Primal,1388,0,eec5508ec2ce3844fd62caa5b87a24d8_c514cdcdb619439df97d906d4434ccc6fc0.jpg?1788612106,Crystal,76,1,BRD
Dandy Lyon,9088850,93,92,Leviathan,Primal,1379,0,5e652518b4930ff5cb411a5818760318_a91aae52cff9ef65932db06b150ffd47fc0.jpg?1788612386,Crystal,80,0,NIN
Finch Curador,30712387,94,93,Leviathan,Primal,1378,0,a7767d35320b852f509e7dd68b0151d4_a91aae52cff9ef65932db06b150ffd47fc0.jpg?1788611921,Crystal,55,2,DRK
Skyanar Tyrunas,42486942,95,94,Siren,Aether,1376,0,ba17697df023a58dbdba8be74f3894f2_58a84e851e55175d22158ca97af58a1ffc0.jpg?1788611575,Crystal,209,0,SMN
Ninety-nine Agility,43878532,96,95,Famfrit,Primal,1367,0,07309ebd18b321f5df47f9ab79049d40_fce4949e615393e574f2d57134b31fc1fc0.jpg?1788613290,Crystal,46,0,PCT
Rhiki Nelhah,29582811,97,96,Balmung,Crystal,1309,0,0ad8b0bcd2e47e8bf6c0716959820415_7a573cbc0cda3a3dfc1795cb3d9f7b23fc0.jpg?1788612185,Crystal,132,0,UNK
Silanah Sylphrena,45709349,98,106,Faerie,Aether,1307,108,353d000e66ebf6b7715ff5998504f784_0e336ff6ad415f47233f0aaf127feac0fc0.jpg?1788614772,Crystal,43,5,SCH
Milla Wilder,10826315,99,115,Exodus,Primal,1304,214,c9949330d11abf504236795bf6bd61f9_0cdf051c93865faa15cbc5cd3d2b69fbfc0.jpg?1788613051,Crystal,127,5,DRG
Lazy Bear,39566180,100,97,Faerie,Aether,1298,0,a07cf0c35d5a78a5a1b9ca16d6f41803_0e336ff6ad415f47233f0aaf127feac0fc0.jpg?1788613598,Crystal,172,0,MNK
Shimori Bunihara,50186185,101,98,Kraken,Dynamis,1298,0,c7cd2842a29701e0963bf6d156392014_049a956dfeb0eb2e19c417a1dde4d680fc0.jpg?1788612550,Crystal,58,0,RPR
Wmmmmmmmmm Wmmmmmmmmm,56778920,102,99,Halicarnassus,Dynamis,1296,0,9e294822ea14ed4084dfe667478bc6e5_f2d324d722b28bbe681b2898bcdca8bffc0.jpg?1788612272,Crystal,46,0,ROG
Kuina Kagetsu,36802695,103,100,Ultros,Primal,1286,0,dd8ffbe11c53ea988c605c9c24157c59_c514cdcdb619439df97d906d4434ccc6fc0.jpg?1788613211,Crystal,97,0,VPR
Aerika Meow,27836279,104,101,Faerie,Aether,1285,0,cefa16e18644e0b625a0d52d2df514b9_0e336ff6ad415f47233f0aaf127feac0fc0.jpg?1788612456,Crystal,32,0,DNC
Uki Yo,50106047,105,102,Adamantoise,Aether,1283,0,75e9983a4dd07e7e5de0ed1ac11a23fb_1f5fd239b885860b7c2bfc72ad1d97effc0.jpg?1788611727,Crystal,37,0,MNK
Baka Bao,48974722,106,103,Gilgamesh,Aether,1217,0,ef2247fb5724315ecd96d1ac9c5804b1_b937560c841465f7c4bc8eb47ea7948afc0.jpg?1788611971,Crystal,301,9,DRG
Fyoriah Aliapoh,44734635,107,104,Faerie,Aether,1204,0,298901c71b421faa4612e0bbd9420820_0e336ff6ad415f47233f0aaf127feac0fc0.jpg?1788612302,Crystal,154,0,DRG
Neo Dymium,33030676,108,105,Seraph,Dynamis,1201,0,24be6098cf7acc2de169d92917d3299f_07fb0511053f398d1f2d6831e6a6b4c8fc0.jpg?1788614734,Crystal,73,0,VPR
No Buts,2234245,109,107,Zalera,Crystal,1195,0,0d8b9ae74f55ea0ba374fa7b38b48862_8106f857613f8fb994b0be37b26ff4bafc0.jpg?1788612926,Crystal,143,10,BRD
Cain Molkoh,57323197,110,108,Goblin,Crystal,1189,0,889deea7b0b76edd744a2b6fb24a09a1_8e81e2940511f7152ba4462fe53e35b8fc0.jpg?1788613103,Crystal,180,0,AST
Zaneko Yuneko,61640151,111,109,Goblin,Crystal,1182,0,e90101e9d13d827fb83b96932b2de05b_8e81e2940511f7152ba4462fe53e35b8fc0.jpg?1788612757,Crystal,78,0,SMN
Karl Rex,48615049,112,110,Siren,Aether,1179,0,a7f2129699ecb71e801871425b8cbc52_58a84e851e55175d22158ca97af58a1ffc0.jpg?1788614857,Crystal,259,0,MNK
Aesa Iys,59631795,113,112,Kraken,Dynamis,1168,0,60f73c621a5b6dec56728cc5466268c2_049a956dfeb0eb2e19c417a1dde4d680fc0.jpg?1788613657,Crystal,270,0,UNK
Cayen Cen,13893282,114,113,Cactuar,Aether,1124,0,736a684af24050d9faf2a50c1a5ea0b6_96ab1df8877c1f8ba6a89a39cccfd437fc0.jpg?1788613265,Crystal,74,3,UNK
Yui Fins,46861659,115,114,Adamantoise,Aether,1122,0,477904411f28cfd029518422146e02f0_1f5fd239b885860b7c2bfc72ad1d97effc0.jpg?1788613645,Crystal,662,25,PLD
Vaal Hazak,26534863,116,126,Zalera,Crystal,1115,93,7c44a75a2f3d57a9cd3b86235340939b_8106f857613f8fb994b0be37b26ff4bafc0.jpg?1788612200,Crystal,204,13,GNB
Yneca Matan,52351159,117,116,Rafflesia,Dynamis,1113,0,aa6e6c057603c70f4559f29fce683a54_2783886613347a4db0bed7524de1298ffc0.jpg?1788613973,Crystal,63,0,GNB
No Bee,37102144,118,117,Lamia,Primal,1110,0,5c741048df2befeb7f80a2b03bb02aee_4d9be17b5e1edc617052b4dbf4007875fc0.jpg?1788613400,Crystal,136,0,DRG
Anti Luminosity,53824427,119,118,Marilith,Dynamis,1107,0,345441c3ea324bf07484e7e6f1031ccc_bbfb28d5a9059cd0c768daf77ab29982fc0.jpg?1788612465,Crystal,217,0,RPR
Deadrise Mutambo,49340180,120,119,Diabolos,Crystal,1101,0,05829ade005fe971a894d48d18963c4f_7b33d33ae3ecb996f778a5f67a6a0af6fc0.jpg?1788612585,Crystal,83,0,NIN
Adrianne Lehman,335503,121,120,Jenova,Aether,1096,0,9487d4bc6332e7a22c323a4ee321ffa1_ce736afe35e2ded4e46c4fd0659aef7efc0.jpg?1788614366,Crystal,350,6,BRD
Limit Less,48764071,122,121,Jenova,Aether,1094,0,cfaa3805c7a62fc99a75b9c68da57b17_ce736afe35e2ded4e46c4fd0659aef7efc0.jpg?1788612208,Crystal,22,0,DNC
Unit Chan,37998953,123,122,Jenova,Aether,1089,0,edbb6ab0cdf4eefcc524df286e3ff034_ce736afe35e2ded4e46c4fd0659aef7efc0.jpg?1788613491,Crystal,132,0,DRG
Vann Healsing,6572,124,123,Coeurl,Crystal,1086,0,e19ce452168669ef7abba0e26cc8ee4c_284358f8eb4efc9095914e46798c6ab3fc0.jpg?1788613030,Crystal,25,0,WAR
Aibertain Mando,32541700,125,124,Jenova,Aether,1076,0,8dec967ad48c9a703018a7445740a7f3_ce736afe35e2ded4e46c4fd0659aef7efc0.jpg?1788613078,Crystal,319,27,MCH
Sponge Cake,15121944,126,125,Faerie,Aether,1030,0,3428a89877f1f714b6306dba262cd7ea_0e336ff6ad415f47233f0aaf127feac0fc0.jpg?1788614602,Crystal,41,0,RDM
Doomballoon Dapingus,19169037,127,0,Diabolos,Crystal,1017,0,e43cef91ca38a14de0e5bea2295ba9c0_7b33d33ae3ecb996f778a5f67a6a0af6fc0.jpg?1788614250,Crystal,57,0,NIN
Silah Zetsku,53965328,128,0,Marilith,Dynamis,1012,0,d2b4042f092dccb0d381fdc61afe74c3_bbfb28d5a9059cd0c768daf77ab29982fc0.jpg?1788612825,Crystal,72,0,MNK
Zithiel Bihrul,44613484,129,0,Faerie,Aether,1003,0,4abc29f0f384c794c1f6c7e7e60b8ed8_0e336ff6ad415f47233f0aaf127feac0fc0.jpg?1788614912,Crystal,202,11,BRD
Fain Doncel'aram,18921518,130,0,Jenova,Aether,1002,0,99d5d58c7b97e260ff83d3d4b87a7103_ce736afe35e2ded4e46c4fd0659aef7efc0.jpg?1788612257,Crystal,23,0,MNK
Nero Cor,51685882,131,0,Cactuar,Aether,1001,0,a53a1a6499997a089c36337bcc3ae46d_96ab1df8877c1f8ba6a89a39cccfd437fc0.jpg?1788612617,Crystal,96,0,SAM
F'ool Pr'oof,27802292,132,0,Behemoth,Primal,1001,0,07756f3cccf4cada3f3d40b5d44ef841_be20385e18333edb329d4574f364a1f0fc0.jpg?1788613601,Crystal,83,0,SMN
Kirishoto Azphina,7859003,133,0,Excalibur,Primal,999,0,c9689b4fc4af55f8366432b02c0ce55f_745baffc465480ed372e274d50318290fc0.jpg?1788614613,Crystal,62,0,WAR
Ailbhe Costa,24483224,134,0,Golem,Dynamis,998,0,d2a07a324d29f192eabbae6adeb2462b_dd61c3dc259e5c43722e89409499b669fc0.jpg?1788611603,Crystal,15,0,UNK
Mo Azure,47140618,135,0,Lamia,Primal,995,0,8e6a4b8b298b5523d1f99888dd9f36cf_4d9be17b5e1edc617052b4dbf4007875fc0.jpg?1788614765,Crystal,24,0,MNK
Kuhl World,37758198,136,0,Siren,Aether,990,0,f50e6e509584057795c9e4befd5e5d69_58a84e851e55175d22158ca97af58a1ffc0.jpg?1788614542,Crystal,73,0,SGE
Raiden Meow,60049984,137,0,Halicarnassus,Dynamis,990,0,82a7874a19aee552f4a0f8ff2b663dff_f2d324d722b28bbe681b2898bcdca8bffc0.jpg?1788613404,Crystal,31,0,SCH
Noel Bunny,5201676,138,153,Behemoth,Primal,989,96,c7f99603b6e09c43470bbabaed203add_be20385e18333edb329d4574f364a1f0fc0.jpg?1788614850,Crystal,192,7,UNK
Yulia Lunaria,82714,139,138,Coeurl,Crystal,988,0,30d19e29baad4dfe064001a80a4466e1_284358f8eb4efc9095914e46798c6ab3fc0.jpg?1788614782,Crystal,35,0,WAR
Keyleth Creed,45772844,140,139,Ultros,Primal,987,0,fafdc7854669343158328c3adeb0a3ae_c514cdcdb619439df97d906d4434ccc6fc0.jpg?1788614623,Crystal,29,0,UNK
Erik Jormungandr,21053207,141,140,Balmung,Crystal,985,0,d279bad4f9c048ee2cb4310b2dabb453_7a573cbc0cda3a3dfc1795cb3d9f7b23fc0.jpg?1788611650,Crystal,37,0,SGE
Xale Solace,52728205,142,141,Adamantoise,Aether,936,0,5272a5d5dea9738bb4a6638ac3f083d2_1f5fd239b885860b7c2bfc72ad1d97effc0.jpg?1788613165,Crystal,159,0,DRG
Tiny Sosig,16648383,143,142,Balmung,Crystal,911,0,47661dc0b135d6c15fadc46a3fa85816_7a573cbc0cda3a3dfc1795cb3d9f7b23fc0.jpg?1788613798,Crystal,206,0,NIN
Celesse Archon,5403993,144,143,Midgardsormr,Aether,911,0,46c05696a375eb66cab3503bea79e4e4_5c8ecfbc673e1287a9b5e85423fe1657fc0.jpg?1788614235,Crystal,45,0,WHM
Rathais Gunnach,32955444,145,144,Brynhildr,Crystal,910,0,2a434eda7d82f52a4a70d056b83f2c27_d0a0f515a62457570c9b44997063e3c1fc0.jpg?1788614132,Crystal,62,0,VPR
Ash Ymir,50182260,146,145,Gilgamesh,Aether,906,0,571648c27d0568207bb3ebea02244e4e_b937560c841465f7c4bc8eb47ea7948afc0.jpg?1788614889,Crystal,72,2,UNK
Boulder Beholder,10981587,147,146,Faerie,Aether,905,0,9de7d0362a3a832a7171bfe262bb5d94_0e336ff6ad415f47233f0aaf127feac0fc0.jpg?1788612011,Crystal,18,0,RDM
Xianra Bryne,4015592,148,147,Excalibur,Primal,905,0,770b7228e5d013ae3146fc6330b9b756_745baffc465480ed372e274d50318290fc0.jpg?1788614419,Crystal,17,0,SGE
Minato Maki,53819658,149,148,Excalibur,Primal,904,0,03c1d1dc5b9a30317518ec9a30c301ab_745baffc465480ed372e274d50318290fc0.jpg?1788613913,Crystal,38,0,VPR
Silvy Kaenbyou,45504540,150,149,Goblin,Crystal,901,0,3a856bd5c7e35d95f6afcc57be4321a1_8e81e2940511f7152ba4462fe53e35b8fc0.jpg?1788614404,Crystal,262,0,SAM
Somnidemn Serdorm,37031558,151,150,Goblin,Crystal,901,0,6147ca113912ee7b9ac321313bbf5863_8e81e2940511f7152ba4462fe53e35b8fc0.jpg?1788612173,Crystal,72,0,FSH
Theory Ai,55206021,152,151,Leviathan,Primal,897,0,018be547248466158b1d0f9de4315340_a91aae52cff9ef65932db06b150ffd47fc0.jpg?1788612564,Crystal,228,0,RDM
June Buggy,39873640,153,152,Brynhildr,Crystal,896,0,929fb7f3958e6f1fbc9e559d731c0108_d0a0f515a62457570c9b44997063e3c1fc0.jpg?1788613299,Crystal,51,0,SCH
Nia Yukumo,22530343,154,0,Lamia,Primal,893,0,41fe576462de4cc12ab76d6d29ef58e4_4d9be17b5e1edc617052b4dbf4007875fc0.jpg?1788614666,Crystal,109,0,FSH
Ice Mage,56719413,155,0,Golem,Dynamis,893,0,20eb207dbce003e2fb1842e0c47aacc7_dd61c3dc259e5c43722e89409499b669fc0.jpg?1788612455,Crystal,62,0,BLM
Garu Kettle,7054871,156,0,Behemoth,Primal,887,0,e03f1b46663ddb8c150315a88c79c9f1_be20385e18333edb329d4574f364a1f0fc0.jpg?1788614199,Crystal,177,0,UNK
Aahaha Hahahahaha,31743716,157,0,Exodus,Primal,887,0,77935bdcfdbdbcd8404ce28584023170_0cdf051c93865faa15cbc5cd3d2b69fbfc0.jpg?1788614486,Crystal,83,0,VPR
Nanamie Namie,54007603,158,0,Seraph,Dynamis,884,0,0a2ba3a431605dbe05215a75dffd70e7_07fb0511053f398d1f2d6831e6a6b4c8fc0.jpg?1788613752,Crystal,92,0,MNK
Phrosticus Maximus,51732834,159,0,Kraken,Dynamis,831,0,36921233b0c05085a501c86bb51f5633_049a956dfeb0eb2e19c417a1dde4d680fc0.jpg?1788611714,Crystal,331,3,NIN
Zolzayaa Noykin,34804380,160,173,Balmung,Crystal,824,97,ff773bbf0388cc8a61ac7c87e78f978f_7a573cbc0cda3a3dfc1795cb3d9f7b23fc0.jpg?1788612303,Crystal,95,2,MNK
Kiitla Hundar,21600585,161,160,Brynhildr,Crystal,821,0,acff83df95bca2189584bd6af72e84ce_d0a0f515a62457570c9b44997063e3c1fc0.jpg?1788613528,Crystal,141,5,UNK
Horan Lou,38248988,162,161,Brynhildr,Crystal,817,0,3c88d2c3502bacefa5eb1e223a75217b_d0a0f515a62457570c9b44997063e3c1fc0.jpg?1788614647,Crystal,110,0,RDM
Apple Thief,43679241,163,162,Balmung,Crystal,808,0,746256d82b3652ef93bbd475defb85ac_7a573cbc0cda3a3dfc1795cb3d9f7b23fc0.jpg?1788611612,Crystal,564,25,PLD
Celeste Aeternum,38129090,164,211,Adamantoise,Aether,805,299,76510814c4215ff9bd016e9313ee6e2c_1f5fd239b885860b7c2bfc72ad1d97effc0.jpg?1788612943,Crystal,213,14,DRG
Mirae Malaguld,50148809,165,163,Famfrit,Primal,803,0,6eb6ea3365a1160e9537ec75ff91463a_fce4949e615393e574f2d57134b31fc1fc0.jpg?1788614311,Crystal,16,0,NIN
Haley Autouria,105933,166,164,Coeurl,Crystal,802,0,8e6b9b10fc2e31af21e24fdaae151c61_284358f8eb4efc9095914e46798c6ab3fc0.jpg?1788613314,Crystal,29,11,UNK
Judas Demaio,7957583,167,165,Balmung,Crystal,800,0,802e8b947615ba3fa10ac8d8e4fb1ebf_7a573cbc0cda3a3dfc1795cb3d9f7b23fc0.jpg?1788613660,Crystal,55,0,UNK
Shadow Reve,6323548,168,166,Gilgamesh,Aether,799,0,cbca7664e2c3d133469b2f7134ae8c01_b937560c841465f7c4bc8eb47ea7948afc0.jpg?1788613976,Crystal,42,0,UNK
Sitri Belladonna,44271644,169,167,Maduin,Dynamis,798,0,d5fba1e5169b57a308fb1ea60e3553cf_7ff236346f6151d8a2c08fd0b4a0b806fc0.jpg?1788612488,Crystal,134,14,RPR
Satoshi Itaori,52546108,170,168,Golem,Dynamis,798,0,1ecf4d8479fa0e8c3c4b6fe005108b6d_dd61c3dc259e5c43722e89409499b669fc0.jpg?1788612356,Crystal,46,0,PLD
Bibi Zuzu,57423691,171,249,Rafflesia,Dynamis,797,398,8b943a88460eb71bae75bfbd8b2408e8_2783886613347a4db0bed7524de1298ffc0.jpg?1788612133,Crystal,100,26,DNC
Io Isana,33563057,172,169,Coeurl,Crystal,796,0,bb1bccc46bef2876072e2e7fa326fa12_284358f8eb4efc9095914e46798c6ab3fc0.jpg?1788613857,Crystal,26,0,DRG
Gracidea Blossom,4573171,173,184,Lamia,Primal,792,100,12afdfb12aebd14365b3149875fee65f_4d9be17b5e1edc617052b4dbf4007875fc0.jpg?1788611902,Crystal,87,4,WHM
Alana Mystranquil,38447772,174,170,Coeurl,Crystal,787,0,a3b4e0628a97b6c3941d78fd1af36b81_284358f8eb4efc9095914e46798c6ab3fc0.jpg?1788612195,Crystal,36,0,SCH
Kanae Meow,36806118,175,171,Ultros,Primal,782,0,8969e8a0b518902a3996525f822b4701_c514cdcdb619439df97d906d4434ccc6fc0.jpg?1788614937,Crystal,254,0,WHM
Onigiri Bunny,7352884,176,172,Behemoth,Primal,780,0,382f2b7a0b15514c38a6e2d5af3d8014_be20385e18333edb329d4574f364a1f0fc0.jpg?1788611614,Crystal,15,0,UNK
Rasan Sena,13544028,177,174,Kraken,Dynamis,710,0,70d1ba94bcbeff8a384f1e364b2ee863_049a956dfeb0eb2e19c417a1dde4d680fc0.jpg?1788613187,Crystal,109,9,UNK
Radanis Luminacht,16920977,178,175,Sargatanas,Aether,710,0,b371d311f8b15d14c5d5b08dda36ab7f_ba22853447012a24cee115315d6a5bebfc0.jpg?1788612198,Crystal,21,0,VPR
S'tille Fhey,8693680,179,176,Midgardsormr,Aether,709,0,d02ff61e52c6b3e4eadaf1f6172fe557_5c8ecfbc673e1287a9b5e85423fe1657fc0.jpg?1788611558,Crystal,79,0,MCH
Ellie Titis,36865882,180,177,Midgardsormr,Aether,707,0,71601f63eddfe2db7e4ec2213790102c_5c8ecfbc673e1287a9b5e85423fe1657fc0.jpg?1788613761,Crystal,30,0,DRK
Jin Mercer,31096690,181,0,Marilith,Dynamis,704,5,708b770d30658bbff6a84015d913b518_bbfb28d5a9059cd0c768daf77ab29982fc0.jpg?1788614687,Crystal,175,12,SAM
Scythe Horrorblade,32713598,182,178,Mateus,Crystal,702,0,43c41a5aa8d981f109e6d76f3347bd93_f0c52cc66e124fc2e641d7c21ab2ce79fc0.jpg?1788613218,Crystal,319,0,DRG
Rusheel Vasscus,2314921,183,179,Adamantoise,Aether,702,0,a4248cc27f1d518fee3b2b12da021669_1f5fd239b885860b7c2bfc72ad1d97effc0.jpg?1788614083,Crystal,15,0,MNK
Rin Denma,33178809,184,180,Gilgamesh,Aether,700,0,6c5bab6678d3c44b6e646bc8726eb9f9_b937560c841465f7c4bc8eb47ea7948afc0.jpg?1788613586,Crystal,18,0,UNK
Alex Rider,61850079,185,182,Hyperion,Primal,694,0,d221a7b6c00ffa393c988249ed242d9a_57ae9ee5592123dd79c8912bf768cf99fc0.jpg?1788612073,Crystal,102,0,DRG
Mori Sumire,22629786,186,183,Zalera,Crystal,694,0,9d1372da41637e0a1cee75add0cdab3e_8106f857613f8fb994b0be37b26ff4bafc0.jpg?1788614880,Crystal,86,0,UNK
Master Zoknik,48144446,187,185,Balmung,Crystal,692,0,3c54e73f2ad7023aa3b173793f95c070_7a573cbc0cda3a3dfc1795cb3d9f7b23fc0.jpg?1788612828,Crystal,29,0,DRK
Zot Meow,34168568,188,186,Sargatanas,Aether,690,0,857170879bee95fc8f3f62ae264a46ce_ba22853447012a24cee115315d6a5bebfc0.jpg?1788613031,Crystal,28,0,SGE
Lolly Pops,11573609,189,187,Leviathan,Primal,685,0,a38b4d4cbcfc624c56b5db6efb627dd2_a91aae52cff9ef65932db06b150ffd47fc0.jpg?1788611954,Crystal,322,1,MCH
Pravik Rhati,30628415,190,188,Zalera,Crystal,623,0,6f338ced5bbbd90812f4a17468f53684_8106f857613f8fb994b0be37b26ff4bafc0.jpg?1788614856,Crystal,310,14,SMN
Reed Diamond,7237831,191,189,Ultros,Primal,612,0,132bb33f336f4f3ae42c3cf9a96a11ad_c514cdcdb619439df97d906d4434ccc6fc0.jpg?1788612305,Crystal,146,4,MNK
Ethan Dumas,2337003,192,190,Zalera,Crystal,612,0,4363afb6aeff95a15293cf3907560f7b_8106f857613f8fb994b0be37b26ff4bafc0.jpg?1788614136,Crystal,137,0,RDM
Tc Sola,43984930,193,191,Zalera,Crystal,608,0,1bde011c1056c258b5456fb7d0f6283f_8106f857613f8fb994b0be37b26ff4bafc0.jpg?1788614225,Crystal,110,0,MNK
Kyda Oriana,7676781,194,192,Balmung,Crystal,607,0,5a1ffcf9ec98159ee3f6c3727943f30f_7a573cbc0cda3a3dfc1795cb3d9f7b23fc0.jpg?1788614431,Crystal,40,0,GNB
Hilto Feltre,55076328,195,193,Sargatanas,Aether,605,0,4a850e1dbb7f6f3aeff5b21df6166f3f_ba22853447012a24cee115315d6a5bebfc0.jpg?1788614215,Crystal,45,0,RPR
Novical Astrea,42979170,196,194,Exodus,Primal,604,0,b638930bbe9987be79fa698126728549_0cdf051c93865faa15cbc5cd3d2b69fbfc0.jpg?1788611894,Crystal,112,0,RDM
Ivy Storm,61727582,197,195,Zalera,Crystal,604,0,27a648f77de0ff7a1a44539cbd062203_8106f857613f8fb994b0be37b26ff4bafc0.jpg?1788611687,Crystal,81,0,MCH
Shiroi Kijo,44769088,198,196,Ultros,Primal,602,0,2bc8c14bed99e41cc16db823a37e5295_c514cdcdb619439df97d906d4434ccc6fc0.jpg?1788613762,Crystal,193,2,SMN
Shum One,31246227,199,197,Midgardsormr,Aether,602,0,6a9ab1154c9d9a712cc039f45837db6d_5c8ecfbc673e1287a9b5e85423fe1657fc0.jpg?1788611957,Crystal,93,0,VPR
Alma Braver,729037,200,198,Goblin,Crystal,602,0,1d50d402d833734bf7f0d1fe6b3af5e8_8e81e2940511f7152ba4462fe53e35b8fc0.jpg?1788612287,Crystal,63,0,WHM
Nikau Milkdud,30842976,201,199,Lamia,Primal,601,0,2ffee265e9fb9491997d30306dc67cc3_4d9be17b5e1edc617052b4dbf4007875fc0.jpg?1788614483,Crystal,20,0,MNK
Hunie Pop,37396085,202,200,Ultros,Primal,599,0,8a72b357002474c02d597d6e8bc94cee_c514cdcdb619439df97d906d4434ccc6fc0.jpg?1788613645,Crystal,182,8,WHM
Kohvu Lynx,1558192,203,219,Exodus,Primal,599,99,071acbe4f7c99524490dc3ec23aca0f1_0cdf051c93865faa15cbc5cd3d2b69fbfc0.jpg?1788613503,Crystal,44,1,GNB
Mimiko Kino,37737560,204,201,Cactuar,Aether,598,0,2f578a342ca6fc6db5f86b231212e716_96ab1df8877c1f8ba6a89a39cccfd437fc0.jpg?1788613558,Crystal,37,0,SAM
Unagi Box,34773273,205,202,Cuchulainn,Dynamis,597,0,05a513d02b60c767bfb83440ab2d406b_b4a106e4893fd452df0001eaeecf9d7efc0.jpg?1788612324,Crystal,39,4,FSH
Lelouch Masamune,12543299,206,223,Malboro,Crystal,596,97,711457fd66b589fb422ba4640a4826f0_2e97c13fdd593d15d543093f8a37b6f0fc0.jpg?1788613922,Crystal,80,1,DRK
Teysa Montgomery,6201712,207,205,Cactuar,Aether,595,4,eb51f53fb1f2b23ee171b4e92895e9b4_96ab1df8877c1f8ba6a89a39cccfd437fc0.jpg?1788614839,Crystal,293,13,DRG
Koifucius Dao-master,37165464,208,230,Exodus,Primal,595,197,030277d5215f88056127d2b9e88474e4_0cdf051c93865faa15cbc5cd3d2b69fbfc0.jpg?1788614852,Crystal,17,2,PLD
Eyre Stahl,32745572,209,203,Maduin,Dynamis,593,0,0d24cf6e8f53fc59a993fd5e5311d4e0_7ff236346f6151d8a2c08fd0b4a0b806fc0.jpg?1788611498,Crystal,52,0,PLD
Cynthia Noir,25307713,210,204,Leviathan,Primal,592,0,5b4f8d78ae6dd18586116fe673617384_a91aae52cff9ef65932db06b150ffd47fc0.jpg?1788612219,Crystal,398,13,BLM
Freelili Baylili,41088797,211,206,Famfrit,Primal,591,0,2fd0edea93f7f1b96bfa59c24d04a2af_fce4949e615393e574f2d57134b31fc1fc0.jpg?1788612947,Crystal,68,0,SMN
Nori Uxu,59427885,212,207,Famfrit,Primal,590,0,f6e4448deaa96d55d9e4599f8eba8c7c_fce4949e615393e574f2d57134b31fc1fc0.jpg?1788613773,Crystal,19,0,PLD
Sarantsatsral Kha,26082962,213,208,Behemoth,Primal,586,0,f8735f190504d139ee16ec1a623371dc_be20385e18333edb329d4574f364a1f0fc0.jpg?1788614227,Crystal,40,1,SAM
Rachna's Kitten,60414129,214,209,Diabolos,Crystal,508,0,5a2079c26296ecf9252da83453669ee7_7b33d33ae3ecb996f778a5f67a6a0af6fc0.jpg?1788614398,Crystal,49,0,UNK
Cassian Syndriel,52998476,215,210,Ultros,Primal,507,0,db812378f708097c17610e9e6817f749_c514cdcdb619439df97d906d4434ccc6fc0.jpg?1788614346,Crystal,82,0,SAM
Naeng Myeon,35393894,216,212,Jenova,Aether,506,0,e834ee8ccde5fd99424275ed75278f5b_ce736afe35e2ded4e46c4fd0659aef7efc0.jpg?1788613530,Crystal,157,0,MCH
Airi Aogane,46241895,217,213,Sargatanas,Aether,503,0,11367baad718b56f9682513d9430146d_ba22853447012a24cee115315d6a5bebfc0.jpg?1788614290,Crystal,117,0,SGE
Yos Sy,23664999,218,214,Jenova,Aether,501,0,01f58e6e2269085746fd0a5b6fe0e7f2_ce736afe35e2ded4e46c4fd0659aef7efc0.jpg?1788613880,Crystal,153,0,DRG
V'linh Tia,35736983,219,215,Hyperion,Primal,501,0,760e31f96b4d3b3534fcdc43c9564fab_57ae9ee5592123dd79c8912bf768cf99fc0.jpg?1788613398,Crystal,116,0,NIN
Chronochaos Asura,1230012,220,257,Excalibur,Primal,501,105,16f01a0a9404158e87254af5dbe09328_745baffc465480ed372e274d50318290fc0.jpg?1788613237,Crystal,95,12,NIN
Blonde Redhead,49490935,221,216,Marilith,Dynamis,501,0,0e239c86e9da893fd26a7749174eb81a_bbfb28d5a9059cd0c768daf77ab29982fc0.jpg?1788614632,Crystal,24,0,DNC
Virtus Giruvegan,3183831,221,216,Gilgamesh,Aether,501,0,e8050cdd79efaaf143d74f9ae4cdcfb1_b937560c841465f7c4bc8eb47ea7948afc0.jpg?1788611846,Crystal,24,0,UNK
Oni Akuma,7300790,223,218,Gilgamesh,Aether,500,0,e8e098720e245711114b4614110261b5_b937560c841465f7c4bc8eb47ea7948afc0.jpg?1788611389,Crystal,197,0,NIN
Veri Luominen,55705450,224,220,Lamia,Primal,500,0,950efa363fdbeeb92977c51680813524_4d9be17b5e1edc617052b4dbf4007875fc0.jpg?1788614030,Crystal,35,0,DNC
Senka Kyo,40405843,225,221,Adamantoise,Aether,500,0,57edcac1396cccc62373cfaa1109ab06_1f5fd239b885860b7c2bfc72ad1d97effc0.jpg?1788614892,Crystal,4,0,PLD
Aelara Nightelm,2908362,226,222,Maduin,Dynamis,499,0,f40ea9e3404cbab02b92f9bc1d80cdcd_7ff236346f6151d8a2c08fd0b4a0b806fc0.jpg?1788612053,Crystal,136,0,AST
M' Twelve,36885704,227,224,Halicarnassus,Dynamis,499,0,0f10ff80520b725264b0aed8ac62d609_f2d324d722b28bbe681b2898bcdca8bffc0.jpg?1788611917,Crystal,75,0,UNK
Honey Toast,57307408,228,225,Exodus,Primal,499,0,f4ce05067fa4042fad64931eb5015841_0cdf051c93865faa15cbc5cd3d2b69fbfc0.jpg?1788612945,Crystal,49,0,UNK
Brian Ricardo,9364090,229,226,Adamantoise,Aether,499,0,c00688b4ac9b567c1a4de9d648fbbff4_1f5fd239b885860b7c2bfc72ad1d97effc0.jpg?1788613343,Crystal,37,0,MCH
Shinra Tatsuya,8648762,230,227,Gilgamesh,Aether,498,0,7dccb5e520b149afd2b044279fa8694e_b937560c841465f7c4bc8eb47ea7948afc0.jpg?1788613737,Crystal,116,8,SAM
Mahou Mahou,47196016,231,228,Rafflesia,Dynamis,497,0,6e978054777e93d657aa58ae97d863a9_2783886613347a4db0bed7524de1298ffc0.jpg?1788614878,Crystal,11,0,WAR
Tio Tot,32427648,232,229,Jenova,Aether,493,0,b6b5f99e0b2c9878499873fdbe82cda3_ce736afe35e2ded4e46c4fd0659aef7efc0.jpg?1788613915,Crystal,27,0,CRP
Null Scapes,59976938,233,231,Midgardsormr,Aether,489,0,15e6a7125c017437361f0bcc34cb84af_5c8ecfbc673e1287a9b5e85423fe1657fc0.jpg?1788614112,Crystal,67,0,DRG
Bento Manjusaka,8342791,234,232,Famfrit,Primal,408,0,6ad6165e804ca5f8a6e46061f7c359ec_fce4949e615393e574f2d57134b31fc1fc0.jpg?1788611930,Crystal,117,11,BLU
Bigg Succ,14228989,235,233,Coeurl,Crystal,408,0,d833225ff74a6d00fc89b134cc155262_284358f8eb4efc9095914e46798c6ab3fc0.jpg?1788612300,Crystal,7,0,MCH
Bean Waters,34305264,236,234,Famfrit,Primal,406,0,bcdcd97b24d4dfc6b3e643c8670b6f7c_fce4949e615393e574f2d57134b31fc1fc0.jpg?1788614847,Crystal,47,0,WHM
Lowan Gleview,48863675,237,235,Gilgamesh,Aether,406,0,3ed0770e9633fa9630af57f595f1d68d_b937560c841465f7c4bc8eb47ea7948afc0.jpg?1788614622,Crystal,35,0,NIN
Roland Montpensier,27408688,238,236,Mateus,Crystal,402,0,f999e29fa2ab10f6ba02338f493e886b_f0c52cc66e124fc2e641d7c21ab2ce79fc0.jpg?1788613346,Crystal,27,0,DRK
Lean Bean,27288162,239,237,Leviathan,Primal,402,0,10eb9c645841623c4f9edb8e24e49d0e_a91aae52cff9ef65932db06b150ffd47fc0.jpg?1788611924,Crystal,21,0,SMN
Larxis Themage,9284703,240,238,Mateus,Crystal,401,0,f1440421e273892659981868cbc99f9b_f0c52cc66e124fc2e641d7c21ab2ce79fc0.jpg?1788614539,Crystal,221,9,MCH
Von Columbine,58381347,241,239,Gilgamesh,Aether,401,0,616328e702b2b2e8d452581d53ec9f88_b937560c841465f7c4bc8eb47ea7948afc0.jpg?1788614372,Crystal,102,0,GNB
Very Shooooooooooort,49384501,242,240,Hyperion,Primal,401,0,084259a7b0d5cdac112faebe64bac849_57ae9ee5592123dd79c8912bf768cf99fc0.jpg?1788612268,Crystal,88,0,UNK
O'naeas Du'faigh,39414113,243,241,Ultros,Primal,401,0,7994a259bec436115a0081b11babf4f8_c514cdcdb619439df97d906d4434ccc6fc0.jpg?1788614747,Crystal,75,0,MCH
Vicious Nouzen,42001229,244,242,Adamantoise,Aether,401,0,94ccc3f4ceffc2356f1ddd47d85ca9f7_1f5fd239b885860b7c2bfc72ad1d97effc0.jpg?1788613894,Crystal,55,0,MNK
Rail Ying,33252892,245,243,Famfrit,Primal,400,0,e9ae8b691e418ccccf35ebe11804f497_fce4949e615393e574f2d57134b31fc1fc0.jpg?1788613331,Crystal,341,0,RPR
Coffee Dawg,17085073,246,244,Famfrit,Primal,400,0,3f73984ff31eed30a16eba5ac017bdda_fce4949e615393e574f2d57134b31fc1fc0.jpg?1788612640,Crystal,71,1,SCH
Nero K'ten,6155374,247,245,Lamia,Primal,400,0,457604f04300faac0e52a053884e2bb7_4d9be17b5e1edc617052b4dbf4007875fc0.jpg?1788614605,Crystal,54,0,MIN
Ren Meow,50978506,248,0,Midgardsormr,Aether,400,300,7b0d37527fbf80936d64911e4e02726d_5c8ecfbc673e1287a9b5e85423fe1657fc0.jpg?1788612649,Crystal,18,3,DRK
Cj Deux,23394493,249,246,Lamia,Primal,399,0,64702aeefa55d2931c531ddadd7964ea_4d9be17b5e1edc617052b4dbf4007875fc0.jpg?1788614504,Crystal,309,9,BLM
Johnny Rotten,60584717,250,247,Balmung,Crystal,399,0,16dd0eb6be877814ca22fed24fe6191d_7a573cbc0cda3a3dfc1795cb3d9f7b23fc0.jpg?1788613216,Crystal,89,0,SMN
Lenpao Victus,30455513,251,248,Midgardsormr,Aether,399,0,6067c0a6b77debbd9a03665d4d13dd52_5c8ecfbc673e1287a9b5e85423fe1657fc0.jpg?1788611416,Crystal,77,0,UNK
Pvp Wintrader,55633250,252,250,Rafflesia,Dynamis,399,0,a95c4512f0f35cf564aac910d19b00e2_2783886613347a4db0bed7524de1298ffc0.jpg?1788612877,Crystal,41,0,BRD
So What,33785359,253,251,Ultros,Primal,398,0,b0f894a94041f0bd4b241723ce815801_c514cdcdb619439df97d906d4434ccc6fc0.jpg?1788612823,Crystal,61,0,RDM
Kaede Obinata,32151196,254,252,Marilith,Dynamis,398,0,460d631b298c83b035fb70ac5669658d_bbfb28d5a9059cd0c768daf77ab29982fc0.jpg?1788611837,Crystal,46,0,SGE
Ava Falafell,7835301,255,253,Cactuar,Aether,398,0,037dd67f6ab82aadfe3e7b3e4973d525_96ab1df8877c1f8ba6a89a39cccfd437fc0.jpg?1788612878,Crystal,32,0,WHM
Milly Mina,37964161,256,254,Cuchulainn,Dynamis,398,0,f3300c3e28b3c5b4a3767a587341831e_b4a106e4893fd452df0001eaeecf9d7efc0.jpg?1788613094,Crystal,25,0,FSH
Shoujo Hime,18340055,257,255,Leviathan,Primal,397,0,c341075038058a45ef549f7bac1b9d25_a91aae52cff9ef65932db06b150ffd47fc0.jpg?1788613441,Crystal,211,0,WHM
Aurora Aura,51466191,258,256,Coeurl,Crystal,397,0,6bf65747d41f881881af0d8d8ee83bb9_284358f8eb4efc9095914e46798c6ab3fc0.jpg?1788612575,Crystal,120,1,DRG
Kale Crow,57973655,259,258,Excalibur,Primal,396,0,39e30189265e5cf770bddc1b87bdb349_745baffc465480ed372e274d50318290fc0.jpg?1788611760,Crystal,66,0,UNK
Goemon Da-cat,33537349,260,259,Behemoth,Primal,395,0,43966a550ccf1c1bef04bbdf44d30910_be20385e18333edb329d4574f364a1f0fc0.jpg?1788613048,Crystal,41,0,BRD
Thamiel Blade,11845109,261,260,Malboro,Crystal,393,0,80ba6f7aa26a72c98ebf41b210be27be_2e97c13fdd593d15d543093f8a37b6f0fc0.jpg?1788611676,Crystal,84,0,RDM
Clyde Valentine,47896182,262,261,Faerie,Aether,307,0,7643a89a2b062b2c4613ed6226d9ca00_0e336ff6ad415f47233f0aaf127feac0fc0.jpg?1788611470,Crystal,51,2,UNK
Dank Lollington,37820692,263,262,Exodus,Primal,304,0,2b6faafd9620689cd5e4222c96529aa5_0cdf051c93865faa15cbc5cd3d2b69fbfc0.jpg?1788614450,Crystal,21,0,DRK
Kiro Storm,2229937,264,263,Zalera,Crystal,302,0,80b8683df1ad9172d59a3f29dba5f221_8106f857613f8fb994b0be37b26ff4bafc0.jpg?1788611814,Crystal,37,0,WAR
Tarex Youva,34244171,265,264,Behemoth,Primal,301,0,f62a1a6593a19abc7f2ade2191e57159_be20385e18333edb329d4574f364a1f0fc0.jpg?1788614827,Crystal,75,0,AST
Pinky Meow,59213242,266,265,Halicarnassus,Dynamis,301,0,9ac8bffaba88f1f4c7fe1238e6a7dcb0_f2d324d722b28bbe681b2898bcdca8bffc0.jpg?1788613644,Crystal,32,8,UNK
Denmo Mcstronghuge,1150717,267,266,Excalibur,Primal,301,0,bb33b9be77e28ab26ee6367ad6ba7cac_745baffc465480ed372e274d50318290fc0.jpg?1788613747,Crystal,20,0,MNK
Erdrick Than'talas,35169837,268,267,Behemoth,Primal,300,0,bcdde4e2fbfba10f901006ffbc7723cc_be20385e18333edb329d4574f364a1f0fc0.jpg?1788612253,Crystal,335,0,PLD
Ciel Sorrel,22647977,269,268,Zalera,Crystal,300,0,4feb2b2835b10561864f50a075fa571c_8106f857613f8fb994b0be37b26ff4bafc0.jpg?1788614584,Crystal,91,0,UNK
Eternal Slumber,25903660,270,269,Hyperion,Primal,300,0,e04969696b7e202db5371bd7c0b62231_57ae9ee5592123dd79c8912bf768cf99fc0.jpg?1788612478,Crystal,71,0,NIN
Sumia Flor,33531136,271,270,Siren,Aether,300,0,48d2b4acca8a2f9b8af413bf808c0b05_58a84e851e55175d22158ca97af58a1ffc0.jpg?1788613739,Crystal,21,0,MCH
Onion Little,37583983,272,271,Zalera,Crystal,300,0,59533d6fd2d0a8b58595bf860ae3f36a_8106f857613f8fb994b0be37b26ff4bafc0.jpg?1788613387,Crystal,13,0,CUL
W'kepaga M'ankhad,51943168,273,272,Midgardsormr,Aether,299,0,2731864a3bfbb890bb0d554a4dbb55cc_5c8ecfbc673e1287a9b5e85423fe1657fc0.jpg?1788611506,Crystal,235,0,SMN
Blair Dorne,29869596,274,273,Ultros,Primal,299,0,9e146102ba59effa56603b6cece7193d_c514cdcdb619439df97d906d4434ccc6fc0.jpg?1788611958,Crystal,169,0,PLD
Lux Mas,23065843,275,274,Sargatanas,Aether,299,0,88a2ca0abf69b95b8d6893d740e04615_ba22853447012a24cee115315d6a5bebfc0.jpg?1788614299,Crystal,130,6,RDM
Nava Savitra,11866965,276,275,Behemoth,Primal,299,0,192dd5e055cc8be6175a56a286c32203_be20385e18333edb329d4574f364a1f0fc0.jpg?1788613255,Crystal,111,3,BLM
Sophia Sol,50636657,277,276,Diabolos,Crystal,298,0,f2e548487adc8d24ba4ee5ae891d1fca_7b33d33ae3ecb996f778a5f67a6a0af6fc0.jpg?1788613172,Crystal,51,0,WHM
Tom Diesche,18405124,278,277,Brynhildr,Crystal,298,0,ed1c4fdb1074b3519b700cc1619d3ba6_d0a0f515a62457570c9b44997063e3c1fc0.jpg?1788611576,Crystal,13,0,WHM
Kemono Friends,9960513,279,278,Balmung,Crystal,298,0,32976001d45735dc6eed07706ce7c1aa_7a573cbc0cda3a3dfc1795cb3d9f7b23fc0.jpg?1788613415,Crystal,6,0,DRG
Aesa Reign,35916991,280,279,Behemoth,Primal,298,0,41b39fb2112c54e35953a1e9bca43b2b_be20385e18333edb329d4574f364a1f0fc0.jpg?1788614612,Crystal,3,0,MCH
Asteroth Rayet,34556987,281,280,Coeurl,Crystal,297,0,074f19c1dfdaef751b93ed3b29eeb320_284358f8eb4efc9095914e46798c6ab3fc0.jpg?1788612740,Crystal,31,0,GNB
Fui Yins,58885962,282,281,Halicarnassus,Dynamis,296,0,2e525e40683dcc64fcbcb9213fda6fc9_f2d324d722b28bbe681b2898bcdca8bffc0.jpg?1788612856,Crystal,19,0,DNC
Nika Arwing,12407061,283,282,Behemoth,Primal,294,0,f0ebfd95e843addaab2471d3cb028eb6_be20385e18333edb329d4574f364a1f0fc0.jpg?1788614171,Crystal,8,0,SAM
Eroison Chren,42575447,284,283,Ultros,Primal,293,0,d66c862181da18eea3335d6667510dc6_c514cdcdb619439df97d906d4434ccc6fc0.jpg?1788612601,Crystal,46,0,WHM
Marika Mjolnir,38212348,285,284,Malboro,Crystal,292,0,969a50dcb0d9777a00aae149894ab7f5_2e97c13fdd593d15d543093f8a37b6f0fc0.jpg?1788613016,Crystal,181,0,WAR
Dragoon Scythe,10999336,286,285,Behemoth,Primal,289,0,d52656b2d2093f0be3bc97df2097958f_be20385e18333edb329d4574f364a1f0fc0.jpg?1788613887,Crystal,53,0,BSM
Nyan Ski,47388592,287,286,Hyperion,Primal,206,0,bf2c4be09fa59ce6586664a7b78589cf_57ae9ee5592123dd79c8912bf768cf99fc0.jpg?1788612877,Crystal,58,0,VPR
Nixacu Murubra,24114126,288,287,Lamia,Primal,205,0,68206034a86cf63bd8aecd714ae17955_4d9be17b5e1edc617052b4dbf4007875fc0.jpg?1788612071,Crystal,112,0,SCH
Lumiel Alstreim,6929457,289,288,Balmung,Crystal,204,0,6004c4e57250b544ed36bf6b310e878a_7a573cbc0cda3a3dfc1795cb3d9f7b23fc0.jpg?1788614419,Crystal,49,0,PCT
Abel Catallus,20632128,290,289,Hyperion,Primal,203,0,a753917cbe6dc89a0ba41f10003a621d_57ae9ee5592123dd79c8912bf768cf99fc0.jpg?1788613346,Crystal,72,0,RDM
Shana Ni,36321546,291,290,Adamantoise,Aether,203,0,f05c605e44129957276c3ebb9c62ebed_1f5fd239b885860b7c2bfc72ad1d97effc0.jpg?1788614095,Crystal,41,0,WAR
Kara Voss,25596485,292,291,Leviathan,Primal,202,0,f9bb92d2a771894be28e0ee6eadb6bed_a91aae52cff9ef65932db06b150ffd47fc0.jpg?1788611405,Crystal,173,0,GNB
Rouge Sunwing,50315022,293,0,Excalibur,Primal,201,101,e083dde5de8a5564f1aa8b12e6add888_745baffc465480ed372e274d50318290fc0.jpg?1788611752,Crystal,93,3,FSH
John Darksouls,32702843,294,292,Adamantoise,Aether,201,0,f1fbda91f49b5975e8a2cb80a74e40ad_1f5fd239b885860b7c2bfc72ad1d97effc0.jpg?1788611833,Crystal,74,0,PLD
Malorec Achlur,23572490,295,293,Balmung,Crystal,201,0,2a92fda1b2bcfc00ac608ee4842abefc_7a573cbc0cda3a3dfc1795cb3d9f7b23fc0.jpg?1788611955,Crystal,18,0,WAR
Yuki Yozora,32275648,296,294,Faerie,Aether,200,0,bed164ee9535c02b6ea7cc8b5000c845_0e336ff6ad415f47233f0aaf127feac0fc0.jpg?1788613319,Crystal,213,0,VPR
Sy Lunaris,48637920,297,295,Faerie,Aether,200,0,119833ed114a32ccf585b8e626ecb7f4_0e336ff6ad415f47233f0aaf127feac0fc0.jpg?1788612841,Crystal,88,0,SGE
Caius Dreemurr,16334190,298,296,Behemoth,Primal,200,0,15755bc10e106a8c901afd96c5ef39c3_be20385e18333edb329d4574f364a1f0fc0.jpg?1788614743,Crystal,51,0,DRK
Hasu Rean,43334048,299,297,Behemoth,Primal,200,0,5c5ae8746bdf9b8c55b8f84d16546192_be20385e18333edb329d4574f364a1f0fc0.jpg?1788611721,Crystal,46,0,MCH
Kotsu Inaro,30630355,300,298,Exodus,Primal,200,0,366970acd3e57071fd4ad21f6339b0d7_0cdf051c93865faa15cbc5cd3d2b69fbfc0.jpg?1788611751,Crystal,41,0,UNK
Ash Kitamura,26629771,1,0,Ravana,Materia,0,0,33c0c99f7649a707ea0e8e4da0340efb_2f53b2675d3eea360f0b48d74d30af15fc0.jpg?1788614070,Diamond,81,0,AST
Enrei Mihata,49665542,2,0,Ravana,Materia,0,0,9df67e19d234830f2d797bb6efbad836_2f53b2675d3eea360f0b48d74d30af15fc0.jpg?1788611967,Diamond,37,0,DRG
Fatahh Wizardcat,60429758,3,0,Zurvan,Materia,0,0,0a04508a6feea55f3b4227e7d574212a_1fa3a1b3845481a1b67b46854a3cc49afc0.jpg?1788613025,Platinum,52,0,BLM
Queue Up,44283543,4,0,Ravana,Materia,0,0,341e0565d728c5334b58960edfc1c897_2f53b2675d3eea360f0b48d74d30af15fc0.jpg?1788614118,Platinum,42,0,PLD
Shiki Hime,41619079,5,0,Sophia,Materia,0,0,e0f33871fdd9bcb0012cace0f140b504_ba15a18cd3a8fb567e39053022515eb6fc0.jpg?1788611546,Platinum,39,0,MNK
Sora Teppelin,7487042,6,0,Sophia,Materia,0,0,3d849e783499c238b2f4d439e3a8c2a7_ba15a18cd3a8fb567e39053022515eb6fc0.jpg?1788612944,Platinum,35,0,VPR
Shiny Jirachi,51220221,7,0,Sophia,Materia,0,0,f1b04aa626472a08642b4f93d911f87c_ba15a18cd3a8fb567e39053022515eb6fc0.jpg?1788611431,Platinum,11,0,RDM
Raiosu Eucliffe,45249258,8,0,Ravana,Materia,0,0,a21442f92d53ab89cab416d41fe9132d_2f53b2675d3eea360f0b48d74d30af15fc0.jpg?1788614266,Platinum,53,0,BRD
Nyanyanyanya Nyanyan,48648775,9,0,Ravana,Materia,0,0,ec08e9f45b8d4335b412f3e39f4458e2_2f53b2675d3eea360f0b48d74d30af15fc0.jpg?1788612036,Platinum,29,0,WHM
Ku Ku,58267971,10,0,Sophia,Materia,0,0,77db43d75ac5ffe3d585318a47534ab9_ba15a18cd3a8fb567e39053022515eb6fc0.jpg?1788613797,Platinum,52,0,BRD
Master Zoknik,61010055,11,0,Zurvan,Materia,0,0,bfa135b89b0fb27fe708b3a427bd667f_1fa3a1b3845481a1b67b46854a3cc49afc0.jpg?1788612770,Platinum,88,0,SMN
Jiraiya Sannin,47974804,12,0,Ravana,Materia,0,0,6a5cc312529bc78b7d0bbbf5f41983af_2f53b2675d3eea360f0b48d74d30af15fc0.jpg?1788614158,Platinum,45,0,WAR
Esperance Lightbound,16103781,13,0,Ravana,Materia,0,0,0d3ff648d49892a8fc3bd67490985032_2f53b2675d3eea360f0b48d74d30af15fc0.jpg?1788613492,Platinum,40,0,AST
Syth Isi,14766898,14,0,Sephirot,Materia,0,0,4eef23c58ccbdfd054240b7a6afee3df_30a5f9eadea6e0cb684a5265362d0d59fc0.jpg?1788614124,Platinum,31,0,SGE
Lil Wu,39781651,15,0,Ravana,Materia,0,0,883868199332c12050d61887025475bc_2f53b2675d3eea360f0b48d74d30af15fc0.jpg?1788613642,Platinum,38,0,PLD
Monkey Rat,28956529,16,0,Zurvan,Materia,0,0,bd13db4ebaa363278dd269b5941ae816_1fa3a1b3845481a1b67b46854a3cc49afc0.jpg?1788612512,Platinum,75,0,SGE
Unshao Theruun,36386941,17,0,Sephirot,Materia,0,0,ec8f93abdc73eddcd17e0450db1cb572_30a5f9eadea6e0cb684a5265362d0d59fc0.jpg?1788611694,Platinum,28,0,WAR
Aleksei Veldoch,39931654,18,0,Ravana,Materia,0,0,ef0923b785702de5a588b383a0d1bcea_2f53b2675d3eea360f0b48d74d30af15fc0.jpg?1788613971,Platinum,47,0,WHM
Noelle Frost,59496366,19,0,Zurvan,Materia,0,0,5e03b95700bb3e6556a80cb9336a41d2_1fa3a1b3845481a1b67b46854a3cc49afc0.jpg?1788613219,Platinum,40,0,WHM
Boz Ulceros,32280980,20,0,Ravana,Materia,0,0,269b081d650bf5598fd5a3f9419b8b43_2f53b2675d3eea360f0b48d74d30af15fc0.jpg?1788613533,Platinum,72,0,NIN
Funeral Pyre,29286073,21,0,Zurvan,Materia,0,0,48d5de4023484583f2225a2026548284_1fa3a1b3845481a1b67b46854a3cc49afc0.jpg?1788613414,Platinum,61,0,SMN
Mars Bars,41756039,22,0,Sophia,Materia,0,0,87af5886ec3b52e7e582ccc7755f6a9b_ba15a18cd3a8fb567e39053022515eb6fc0.jpg?1788614056,Platinum,49,0,DRG
Chs Crane,37655547,23,0,Sophia,Materia,0,0,7cd2d4b420716bf684bdd41ef37d9319_ba15a18cd3a8fb567e39053022515eb6fc0.jpg?1788612474,Platinum,30,0,BLM
Simetras Sol,38726083,24,0,Ravana,Materia,0,0,fc54c458f2e80d3680f50e6026011ab7_2f53b2675d3eea360f0b48d74d30af15fc0.jpg?1788614835,Gold,131,0,MNK
Lillian Melikai,42502039,25,0,Ravana,Materia,0,0,6c5f22e96162240c2bb96702fcbe123b_2f53b2675d3eea360f0b48d74d30af15fc0.jpg?1788613100,Gold,47,0,GNB
Coffee Lover,50333621,26,0,Sophia,Materia,0,0,3c4552eb56bfb14f36d9b512873eac0d_ba15a18cd3a8fb567e39053022515eb6fc0.jpg?1788613967,Gold,42,0,UNK
Twitch Pvpash,58310287,27,0,Sephirot,Materia,0,0,825390c1ecfa92c4ed45d4ff7a91e39e_30a5f9eadea6e0cb684a5265362d0d59fc0.jpg?1788611609,Gold,35,0,PLD
Disco Knees,36101852,28,0,Sophia,Materia,0,0,48d0a8dae7efe9ad10780f28920a969b_ba15a18cd3a8fb567e39053022515eb6fc0.jpg?1788612290,Gold,33,0,DRG
Seth Nier,10650761,29,0,Sophia,Materia,0,0,64bba40966450747199bec23184e47a3_ba15a18cd3a8fb567e39053022515eb6fc0.jpg?1788614879,Gold,26,0,SMN
Izaray Wintergray,40906176,30,0,Sophia,Materia,0,0,be2f5b4e324fa72cd4ef19d0c29f10da_ba15a18cd3a8fb567e39053022515eb6fc0.jpg?1788611546,Gold,37,0,DNC
Fokus Galantryus,40738924,31,51,Sophia,Materia,0,0,93e1d720637fb04b8b4f9b7a346a6a4e_ba15a18cd3a8fb567e39053022515eb6fc0.jpg?1788614815,Gold,31,6,SMN
Nirki Yukumo,41663432,32,44,Zurvan,Materia,0,0,c950234c9a872ae2ab8476f696fcb74f_1fa3a1b3845481a1b67b46854a3cc49afc0.jpg?1788614123,Gold,26,6,NIN
Jena Kuwahara,28003546,33,31,Ravana,Materia,0,0,5bacb190ffd91b392df04923b13fa29a_2f53b2675d3eea360f0b48d74d30af15fc0.jpg?1788612299,Gold,117,6,SMN
Han Liu,44640291,34,32,Ravana,Materia,0,0,55233b520f90487f51f380e2add5fc3d_2f53b2675d3eea360f0b48d74d30af15fc0.jpg?1788612548,Gold,108,8,PCT
Vielle Drillemont,52770027,35,33,Ravana,Materia,0,0,6c212c0698d00b38fb5cb7d51dcf91bf_2f53b2675d3eea360f0b48d74d30af15fc0.jpg?1788613940,Gold,79,0,PCT
Scarlette Harlette,51206657,36,34,Sephirot,Materia,0,0,2f63ccbdc329fa14480887bf4c0dfa0e_30a5f9eadea6e0cb684a5265362d0d59fc0.jpg?1788614127,Gold,71,0,NIN
Stu Vermillion,45923134,37,36,Sephirot,Materia,0,0,542be51b9ba1f8c4c217e94d2b96e3aa_30a5f9eadea6e0cb684a5265362d0d59fc0.jpg?1788614469,Gold,49,6,RPR
Stupid Puzzle,57160120,38,35,Ravana,Materia,0,0,7af9b543418115db5c1299f1abb4e123_2f53b2675d3eea360f0b48d74d30af15fc0.jpg?1788614129,Gold,45,0,DRG
Aislinn Rose,47395507,39,37,Ravana,Materia,0,0,920c56af8cba5363c65e0c83dbbcac71_2f53b2675d3eea360f0b48d74d30af15fc0.jpg?1788613887,Gold,68,0,BRD
Brian Ricardo,41560139,40,38,Sophia,Materia,0,0,678ed14a243387459872b7217f75e382_ba15a18cd3a8fb567e39053022515eb6fc0.jpg?1788614062,Gold,26,0,SGE
Noah Marlowe,16149159,41,39,Ravana,Materia,0,0,ec4ee34b34397ee883bd89175e1f15df_2f53b2675d3eea360f0b48d74d30af15fc0.jpg?1788613331,Gold,15,0,RDM
Berogi Avarous,37261319,42,40,Sophia,Materia,0,0,5fbe574c31dc7541b2bb18753fed8278_ba15a18cd3a8fb567e39053022515eb6fc0.jpg?1788612094,Gold,25,0,RDM
Lion Lord,60332724,43,41,Ravana,Materia,0,0,72fbb269e357d68127cd61715f152bc8_2f53b2675d3eea360f0b48d74d30af15fc0.jpg?1788614206,Gold,57,0,BRD
Lupercal Aurelian,37936946,44,42,Ravana,Materia,0,0,93674d47ae679f2b2191e0d82e33123f_2f53b2675d3eea360f0b48d74d30af15fc0.jpg?1788612706,Gold,30,0,DRG
Arvus Lake,60370728,45,43,Bismarck,Materia,0,0,3491a10775fcbbb5a0c1329925f30f4f_36f0570990ac5402b2ef514d36b0435cfc0.jpg?1788611619,Gold,17,0,MNK
Neo Zee,58982637,46,45,Ravana,Materia,0,0,c042f71fe47095dad35d5764027056d1_2f53b2675d3eea360f0b48d74d30af15fc0.jpg?1788611854,Gold,38,0,BRD
Juru'a Mihrulh,48704606,47,46,Zurvan,Materia,0,0,80aa9b34947750aa356810124a11ba19_1fa3a1b3845481a1b67b46854a3cc49afc0.jpg?1788612813,Gold,64,1,MCH
Zervish Vanht,21659747,48,47,Ravana,Materia,0,0,ff2403388bd597c0b3fb62c30e9bff67_2f53b2675d3eea360f0b48d74d30af15fc0.jpg?1788611726,Gold,23,0,GNB
Byakko Moon,10831175,49,48,Sephirot,Materia,0,0,7d8049ebe32efa74e5107944b1e43d15_30a5f9eadea6e0cb684a5265362d0d59fc0.jpg?1788611590,Gold,3,0,AST
Wierd Dude,58113414,50,49,Sephirot,Materia,0,0,c887fa7d587b2205b349abb82627a0d1_30a5f9eadea6e0cb684a5265362d0d59fc0.jpg?1788611861,Gold,66,0,GNB
Sukoshi Ninjin,57860048,51,50,Sophia,Materia,0,0,b41a0bd7b5958d56cec5f84314a28f3a_ba15a18cd3a8fb567e39053022515eb6fc0.jpg?1788612095,Gold,32,0,UNK
Aurum Blaiddyd,10794239,52,0,Sophia,Materia,0,0,8b76648a8cb1cbbd4f1c870189433f3a_ba15a18cd3a8fb567e39053022515eb6fc0.jpg?1788613422,Gold,13,0,BRD
Clars Lester,951178,53,0,Sephirot,Materia,0,0,46727c8d445323c9e5b8140d37027050_30a5f9eadea6e0cb684a5265362d0d59fc0.jpg?1788612099,Silver,62,0,WAR
Sebastian Michaelis,42038341,54,0,Sephirot,Materia,0,0,17f4346a95c45541b337263d60106b3f_30a5f9eadea6e0cb684a5265362d0d59fc0.jpg?1788614669,Silver,59,0,RDM
Sana Miyata,34196273,55,0,Ravana,Materia,0,0,4a94c0f8b59e635e8748a32f11cc42f8_2f53b2675d3eea360f0b48d74d30af15fc0.jpg?1788613539,Silver,31,0,SCH
Birdy Lou,40000398,56,0,Sophia,Materia,0,0,a8894121a60bc81621d47edf1ee0577b_ba15a18cd3a8fb567e39053022515eb6fc0.jpg?1788614551,Silver,29,0,WHM
J'mo H',10666399,57,0,Sephirot,Materia,0,0,53873e717cbf7baeb168205935077671_30a5f9eadea6e0cb684a5265362d0d59fc0.jpg?1788612809,Silver,17,0,AST
Cwenhild Reid,41763782,58,0,Sophia,Materia,0,0,c9d176025665cc1528a984e82a81fd64_ba15a18cd3a8fb567e39053022515eb6fc0.jpg?1788611454,Silver,24,0,SAM
Pollux Renault,45246168,59,0,Ravana,Materia,0,0,af456258cb5d3ca7c42bb950f92247de_2f53b2675d3eea360f0b48d74d30af15fc0.jpg?1788611592,Silver,13,0,MNK
Ranko Riselle,47223883,60,0,Sophia,Materia,0,0,301cb977b468ead36aa13c049b17f861_ba15a18cd3a8fb567e39053022515eb6fc0.jpg?1788614408,Silver,11,0,UNK
Anzac Fenrir,10988408,61,0,Ravana,Materia,0,0,6c7b02f93e5250249333e13f236fc545_2f53b2675d3eea360f0b48d74d30af15fc0.jpg?1788614736,Silver,31,0,WHM
Kensuke Sugimori,59626210,61,0,Zurvan,Materia,0,0,b8c23a3c5466f6621fe9629c20c0b897_1fa3a1b3845481a1b67b46854a3cc49afc0.jpg?1788612229,Silver,31,0,NIN
Your Conscience,16441762,63,90,Sophia,Materia,0,0,2b2174722b7610bb306987526ac6cb6d_ba15a18cd3a8fb567e39053022515eb6fc0.jpg?1788613771,Silver,26,9,SMN
Eustace Madao,44593837,64,63,Ravana,Materia,0,0,687914339d33024fe783e72eb5a1929f_2f53b2675d3eea360f0b48d74d30af15fc0.jpg?1788613747,Silver,22,0,RPR
Elto Malto,55670275,65,64,Zurvan,Materia,0,0,6625d7f60a549d4e764bdbbb6315b573_1fa3a1b3845481a1b67b46854a3cc49afc0.jpg?1788611754,Silver,17,0,UNK
Peaceful Serenity,44576253,66,65,Sephirot,Materia,0,0,ae7fb16a93fad97a522145bf683d894f_30a5f9eadea6e0cb684a5265362d0d59fc0.jpg?1788614764,Silver,0,0,RDM
Cucu Cucumber,43336963,67,66,Sophia,Materia,0,0,d0bedba76c1744686e4fafd9d31eeb08_ba15a18cd3a8fb567e39053022515eb6fc0.jpg?1788613261,Silver,40,0,BLM
Persona Non-grata,59997612,68,67,Ravana,Materia,0,0,817d96e78e710beff47ca2d76caa6b30_2f53b2675d3eea360f0b48d74d30af15fc0.jpg?1788612870,Silver,33,0,PLD
Frierens Feet,18696306,69,68,Bismarck,Materia,0,0,55c56c5779dac3caf6a9e915a44a972d_36f0570990ac5402b2ef514d36b0435cfc0.jpg?1788613901,Silver,29,0,SMN
C'ranmaia Lizha,60465549,70,69,Bismarck,Materia,0,0,f41736abfa17637ee6e1f020f2787726_36f0570990ac5402b2ef514d36b0435cfc0.jpg?1788614052,Silver,18,0,UNK
Shiny Garchomp,44081260,71,70,Ravana,Materia,0,0,a9aeaf4658d90c68d46e7086d323e456_2f53b2675d3eea360f0b48d74d30af15fc0.jpg?1788612374,Silver,17,0,MCH
Rorqual Kasa,57902813,72,0,Sophia,Materia,0,0,7feae505b9896a3e51486698db2446ea_ba15a18cd3a8fb567e39053022515eb6fc0.jpg?1788613072,Silver,23,12,NIN
Sen Zeka,62124659,73,71,Sophia,Materia,0,0,1823c4c042b6dba95a5ad3e3a8d5658b_ba15a18cd3a8fb567e39053022515eb6fc0.jpg?1788612776,Silver,15,0,ROG
Minty Dew,11254788,74,72,Sephirot,Materia,0,0,afdf4d4e1f96c8e17ed8dbbb09ea4e01_30a5f9eadea6e0cb684a5265362d0d59fc0.jpg?1788613397,Silver,12,0,DNC
Pompitous Litchous,28520377,75,73,Sephirot,Materia,0,0,ab4abed9c2f0b5369480818f95581f87_30a5f9eadea6e0cb684a5265362d0d59fc0.jpg?1788612704,Silver,10,0,RPR
Red Pocket,57790009,76,74,Zurvan,Materia,0,0,9ee6578b70ebe2412c9a6a3b9539d845_1fa3a1b3845481a1b67b46854a3cc49afc0.jpg?1788614201,Silver,1,0,UNK
Magnolia Moonsong,39932795,77,75,Sephirot,Materia,0,0,a9e5b8f87ce0e4e7d236eef2abfe90e0_30a5f9eadea6e0cb684a5265362d0d59fc0.jpg?1788612128,Silver,19,0,SMN
Sil Vanht,3592400,78,76,Ravana,Materia,0,0,7557bb5d8d4d13b13e750b30dbd34093_2f53b2675d3eea360f0b48d74d30af15fc0.jpg?1788613646,Silver,9,0,VPR
Re- G',41760350,79,77,Sophia,Materia,0,0,b5e032ba04147a101b5a91d07703c313_ba15a18cd3a8fb567e39053022515eb6fc0.jpg?1788614624,Silver,0,0,UNK
Tiny Seda,43818296,80,78,Ravana,Materia,0,0,21e2b2de9125d9cf1b99748fa9eef0e2_2f53b2675d3eea360f0b48d74d30af15fc0.jpg?1788614128,Silver,50,2,AST
Venase Tym,61779775,81,79,Sophia,Materia,0,0,24aac6d5abd68d4dc957bd7c98ba27f2_ba15a18cd3a8fb567e39053022515eb6fc0.jpg?1788611628,Silver,18,0,UNK
Zero Alexander,18446688,82,80,Sophia,Materia,0,0,f2e26342d51255236baa45461f41bf5b_ba15a18cd3a8fb567e39053022515eb6fc0.jpg?1788614716,Silver,14,0,BLM
Temp Arie,41750566,83,81,Zurvan,Materia,0,0,73bdd493fc471827004a90a5745ff400_1fa3a1b3845481a1b67b46854a3cc49afc0.jpg?1788612136,Silver,13,0,PLD
Awayi Soleil,40986096,84,82,Zurvan,Materia,0,0,c84676ef434b75aec3260707fcad3d8a_1fa3a1b3845481a1b67b46854a3cc49afc0.jpg?1788613593,Silver,12,0,BLM
Swhe Swoo,28568079,85,83,Sephirot,Materia,0,0,fbccbe709d21605c6f47dec5052b1238_30a5f9eadea6e0cb684a5265362d0d59fc0.jpg?1788613167,Silver,9,0,NIN
Anwir De-viece,58698037,86,84,Ravana,Materia,0,0,2a85cf689dc656e43470cb547586f207_2f53b2675d3eea360f0b48d74d30af15fc0.jpg?1788613894,Silver,18,4,VPR
Levinia Lumina,25634480,87,85,Ravana,Materia,0,0,9ba79c01085813db00f74aa9a46fd0c8_2f53b2675d3eea360f0b48d74d30af15fc0.jpg?1788614231,Silver,12,0,MCH
Faye Amoret,28738568,88,86,Sophia,Materia,0,0,db40e5035f6f662b6a8b36ecf79df1fc_ba15a18cd3a8fb567e39053022515eb6fc0.jpg?1788612470,Silver,11,0,BRD
Liachen Thrope,29127861,89,87,Sophia,Materia,0,0,b0722934ed1329725ff744f9ae52c7ba_ba15a18cd3a8fb567e39053022515eb6fc0.jpg?1788611622,Silver,9,0,ALC
Egg White,3210815,90,88,Ravana,Materia,0,0,c387324a5e1c8e594b0e31a55b518e02_2f53b2675d3eea360f0b48d74d30af15fc0.jpg?1788613725,Silver,6,0,VPR
Goober Gooberm,48887220,91,89,Ravana,Materia,0,0,4523e0b4a5f923b67e31f18f801210af_2f53b2675d3eea360f0b48d74d30af15fc0.jpg?1788614835,Silver,18,0,ALC
Zepherii Sui,43963552,92,91,Sophia,Materia,0,0,31b395238c6120dc114964c652dc393b_ba15a18cd3a8fb567e39053022515eb6fc0.jpg?1788613226,Silver,16,0,BRD
Athena' Aria,29939277,93,92,Ravana,Materia,0,0,c678c1cf7f9d7de3e80882588e7606e8_2f53b2675d3eea360f0b48d74d30af15fc0.jpg?1788612701,Silver,6,0,AST
Turuturu Mennmenn,51356780,94,93,Sephirot,Materia,0,0,501dec1a7db9bac050ecbd4f8028e6e6_30a5f9eadea6e0cb684a5265362d0d59fc0.jpg?1788611658,Bronze,19,0,MNK
Hotsingles Inyourarea,43275845,95,94,Sephirot,Materia,0,0,08be8dec8891190a5227c50c7650dd29_30a5f9eadea6e0cb684a5265362d0d59fc0.jpg?1788612233,Bronze,15,0,PCT
Esuna Me,41693115,96,95,Sophia,Materia,0,0,a228e053489ecc9e042fda80c30c0c67_ba15a18cd3a8fb567e39053022515eb6fc0.jpg?1788611653,Bronze,14,0,GNB
Makh'a Zruhn,42193944,97,96,Ravana,Materia,0,0,323be164f5593618bf1111ae4538ad96_2f53b2675d3eea360f0b48d74d30af15fc0.jpg?1788613646,Bronze,6,0,WAR
Ashmi Rae,18364101,98,97,Bismarck,Materia,0,0,2b3a41d227e2937852d5c1e031d5aba0_36f0570990ac5402b2ef514d36b0435cfc0.jpg?1788614593,Bronze,5,0,BRD
Tiny Wrath,25583557,99,98,Zurvan,Materia,0,0,2c82c1a404fc646361cabcf478aed323_1fa3a1b3845481a1b67b46854a3cc49afc0.jpg?1788612875,Bronze,24,0,MCH
Astoria Einar,48634124,100,0,Sophia,Materia,0,0,c128519c4464923dc4c2b6c0b5fb5c47_ba15a18cd3a8fb567e39053022515eb6fc0.jpg?1788613979,Bronze,19,10,SMN
