name,id,cur_rank,prev_rank,world,dc,points,points_delta,portrait,tier,wins,wins_delta,job
Saboree Catboy,36051653,1,0,Spriggan,Chaos,4716,0,b61ec1080d608b5a83f30baef219dc02_feaf0a2e88ff164813fbc9b85876fa48fc0.jpg?1785065141,Ultima,602,0,PLD
Loty Coldwind,36521588,2,0,Twintania,Light,4691,0,3632cf6d20598f5c4c7b748be7e19153_c33f640c0cdd35f7def85b8aa31a0007fc0.jpg?1785063633,Ultima,368,0,RDM
Cliffe Zanza,36074329,3,0,Spriggan,Chaos,4479,0,d8d2fa78adb447ec4b6d5d747f5d5f84_feaf0a2e88ff164813fbc9b85876fa48fc0.jpg?1785065139,Ultima,323,0,MNK
Scarlet Rose,26616217,4,0,Spriggan,Chaos,4358,0,96ad88f23a708e8d6e391f669986d57c_feaf0a2e88ff164813fbc9b85876fa48fc0.jpg?1785064258,Ultima,354,0,PLD
Miyu Moon,58918526,5,0,Moogle,Chaos,4244,0,1abf5ce3756f6fa0d1c5be2cd39491bc_d7a9d5f85a29d6278ec1c7adc2c8d242fc0.jpg?1785064493,Ultima,203,0,SAM
Moki Moki,14235486,6,0,Odin,Light,4127,0,82d3ef8d03fa7a6ddf4429f15fd296a2_644311b63b607133c989d7c1188467dafc0.jpg?1785062838,Ultima,178,0,RPR
Akari Tsuki,31005286,7,0,Louisoix,Chaos,4122,0,28e1cfaecfbf911dc3621f5de74642aa_0a122616f3718d3f45cab10fd8fc1604fc0.jpg?1785065135,Ultima,218,0,MNK
Tsukuyo Ritlas,37800185,8,0,Odin,Light,3900,0,eca30840fe0bed8e80f620b5f57c49de_644311b63b607133c989d7c1188467dafc0.jpg?1785064446,Ultima,169,0,RDM
Mamiyama Kamimama,37371304,9,0,Spriggan,Chaos,3895,0,3c6fd6569d3dce40308c9a2a1f3c3bfa_feaf0a2e88ff164813fbc9b85876fa48fc0.jpg?1785063004,Ultima,153,0,PCT
Cat Wife,21099767,10,0,Zodiark,Light,3703,0,76d1664265ae631c957cfab6c72cfba9_c274370774c6bc3483cc8740805f41bcfc0.jpg?1785064251,Ultima,158,0,WAR
Lybel Alyborias,25836089,11,0,Louisoix,Chaos,3665,0,a86b680e6c4e5e23befaaaf535a158de_0a122616f3718d3f45cab10fd8fc1604fc0.jpg?1785064334,Ultima,282,0,RPR
Crow Kaien,44749262,12,0,Zodiark,Light,3573,0,54e5719ccbdb45c6de28f017b4365207_c274370774c6bc3483cc8740805f41bcfc0.jpg?1785065385,Ultima,156,0,AST
Big Catfish,47870008,13,0,Cerberus,Chaos,3188,0,e1145112395cac897fb817226feefc06_777c57311d510ca65dac3c1077dee435fc0.jpg?1785064712,Ultima,167,0,SGE
Lex'ander Wayfarer,18009481,14,0,Odin,Light,3187,0,0adfa03fe11940a91e3b6a2ed08ddb88_644311b63b607133c989d7c1188467dafc0.jpg?1785063391,Ultima,237,0,DRK
Lucy Lumi,35150838,15,0,Louisoix,Chaos,3095,0,9e9f647c9095409b4ca77e89ca61322b_0a122616f3718d3f45cab10fd8fc1604fc0.jpg?1785063538,Ultima,533,0,RPR
Claire Hart,4540427,16,0,Ragnarok,Chaos,3083,0,063274896aa445e2aa87e44be3be1981_40d57ba713628f3f1ef5ef204b6d76d2fc0.jpg?1785065128,Ultima,106,0,SGE
Elohim Meth,60682611,17,0,Raiden,Light,3080,0,0b14f1751b014118eca06236e1fdf2bf_a370664d98f658f4ed4e620f378f73cdfc0.jpg?1785063442,Ultima,368,0,UNK
Brutal Killer,8885117,18,0,Raiden,Light,3077,0,30c6a6207c7e93d407784888a7f29c97_a370664d98f658f4ed4e620f378f73cdfc0.jpg?1785064842,Ultima,72,0,WAR
Kal Maoi,60448295,19,0,Twintania,Light,3070,0,bb3af62117cae7488d9b02007f341c7b_c33f640c0cdd35f7def85b8aa31a0007fc0.jpg?1785064651,Ultima,200,0,MCH
Not Marci,51672179,20,0,Louisoix,Chaos,3051,0,b6c4338b1daa8161914134b74ee784f0_0a122616f3718d3f45cab10fd8fc1604fc0.jpg?1785064660,Ultima,84,0,DNC
Zerodas Snow,7892933,21,0,Alpha,Light,3041,0,27199a08d4f886bef79bbfb6ce3bcb3d_6132295fcf5570fb8b0a944ef322a598fc0.jpg?1785064656,Ultima,149,0,WAR
Pan Ther,47356852,22,0,Twintania,Light,3040,0,fc9492796dbee9f84ae010350ec7759c_c33f640c0cdd35f7def85b8aa31a0007fc0.jpg?1785065062,Ultima,227,0,WHM
Lhei Tayun,25191408,23,0,Zodiark,Light,2955,0,6ee93960f16da0ea5150fe1b7590dfa4_c274370774c6bc3483cc8740805f41bcfc0.jpg?1785063029,Omega,709,0,BLM
Tyra Kett,26531277,24,0,Spriggan,Chaos,2915,0,101b7ec48bba5c5e5b34fda1316c57bc_feaf0a2e88ff164813fbc9b85876fa48fc0.jpg?1785064704,Omega,443,0,DRG
Miyu Edelfelt,21335430,25,0,Phoenix,Light,2912,0,ba690d74246b4d07f543f0d9516feec2_5047bc596a4bab2dc7f7c120bb22dec5fc0.jpg?1785063002,Omega,314,0,PLD
Snap Ringer,18714030,26,0,Omega,Chaos,2877,0,77577ce781d587b133c9c53da0974817_39e25ac3d737c46452305eefe324372cfc0.jpg?1785065865,Omega,105,0,FSH
Lylia Venis,13391767,27,0,Moogle,Chaos,2803,0,79af70239d663a69f312f0788f3cf927_d7a9d5f85a29d6278ec1c7adc2c8d242fc0.jpg?1785064337,Omega,134,0,PCT
Ciel Melrose,58478493,28,0,Raiden,Light,2788,0,2c7b597e2437a00ad9f0fc0439c68531_a370664d98f658f4ed4e620f378f73cdfc0.jpg?1785065240,Omega,183,0,SAM
Tei Tei,36611700,29,0,Odin,Light,2738,0,21c224545e3d3af775a3d377c8e444bf_644311b63b607133c989d7c1188467dafc0.jpg?1785066088,Omega,343,0,MNK
Raiden Thorne,27238016,30,0,Zodiark,Light,2736,0,96a909af8d24d60f6d8173f8cc16facb_c274370774c6bc3483cc8740805f41bcfc0.jpg?1785065139,Omega,102,0,BRD
Meryll Enetari,24681550,31,0,Cerberus,Chaos,2734,0,f4fe16c70d7023e2101e19421c5abf1e_777c57311d510ca65dac3c1077dee435fc0.jpg?1785065384,Omega,433,0,NIN
Dalik Mathis,9537863,32,0,Ragnarok,Chaos,2659,0,fd4dde44208527cc20e58ba589d51f01_40d57ba713628f3f1ef5ef204b6d76d2fc0.jpg?1785063376,Omega,233,0,GNB
Maarato Cookie,20349526,33,0,Twintania,Light,2596,0,dbab16598b86bb31b2eb96070f723572_c33f640c0cdd35f7def85b8aa31a0007fc0.jpg?1785063002,Omega,147,0,DRK
Sweet Light,41777815,34,0,Spriggan,Chaos,2594,0,2e6808627bd2b8f0f5f0377d20cbbbc5_feaf0a2e88ff164813fbc9b85876fa48fc0.jpg?1785065660,Omega,129,0,MNK
Aura Sphere,30657353,35,0,Zodiark,Light,2544,0,6cc4a373eafbcbf88a340a52d95f133e_c274370774c6bc3483cc8740805f41bcfc0.jpg?1785063462,Omega,317,0,AST
Prisma Tic,38791879,36,0,Cerberus,Chaos,2484,0,5220c35172bb26154c862a6d485e37b8_777c57311d510ca65dac3c1077dee435fc0.jpg?1785065167,Omega,109,0,RPR
Yamizura Kumozuma,19652230,37,0,Twintania,Light,2463,0,24bbc9cebf09eb83efcbc272c3085fd1_c33f640c0cdd35f7def85b8aa31a0007fc0.jpg?1785065138,Omega,166,0,SCH
Deadrise Mutombo,31730694,38,0,Ragnarok,Chaos,2461,0,a382acb94313f23d966dd6d39d909bea_40d57ba713628f3f1ef5ef204b6d76d2fc0.jpg?1785064491,Omega,88,0,DRK
Toni Kroos,52385787,39,0,Twintania,Light,2395,0,51ea95d392db97feb9c9d09ad8b50a58_c33f640c0cdd35f7def85b8aa31a0007fc0.jpg?1785065123,Omega,191,0,PLD
Vai Zol,38270926,40,0,Odin,Light,2386,0,2e78b44195db83336b1acbe75927a864_644311b63b607133c989d7c1188467dafc0.jpg?1785063803,Omega,170,0,RDM
Taiya Li,41293767,41,0,Phoenix,Light,2325,0,7dc31b9a880ba3f36a3ef1208e0c5909_5047bc596a4bab2dc7f7c120bb22dec5fc0.jpg?1785064736,Omega,205,0,MNK
Shia Sun,1754600,42,0,Odin,Light,2266,0,7550981ba488e5ebe919aa3cb39efbfa_644311b63b607133c989d7c1188467dafc0.jpg?1785064886,Omega,154,0,MNK
Xen Thique,40172078,43,0,Odin,Light,2251,0,8930228f4df0c18feea28ebbb1c451f2_644311b63b607133c989d7c1188467dafc0.jpg?1785065780,Omega,150,0,SCH
Yun' Yun,11341467,44,0,Cerberus,Chaos,2221,0,df098ceed6d9cf14cf61cc4110cd6cb5_777c57311d510ca65dac3c1077dee435fc0.jpg?1785063727,Omega,481,0,SCH
Auelin Fae,18291844,45,0,Zodiark,Light,2074,0,2d6204db02c5efce86aca234fd6f1ce1_c274370774c6bc3483cc8740805f41bcfc0.jpg?1785064343,Omega,61,0,MCH
Thor Strom,35911315,46,0,Cerberus,Chaos,2066,0,3826da79ed71141aec290f69127b5c79_777c57311d510ca65dac3c1077dee435fc0.jpg?1785065471,Omega,194,0,SCH
Sunie Mochi,12728791,47,0,Twintania,Light,2006,0,4760f9b45bd6f71f83adbd97ab87eae3_c33f640c0cdd35f7def85b8aa31a0007fc0.jpg?1785066013,Omega,386,0,DNC
Limit Cat,37849108,48,0,Lich,Light,2000,0,5b03795e0323d8633451ea410c4aeced_7206469080400ed57a5373d0a9c55c59fc0.jpg?1785065311,Omega,109,0,GNB
Dragonlife Saijax,29449285,49,0,Moogle,Chaos,1993,0,3c08546d3793d12f77cc0b00d3a3af5b_d7a9d5f85a29d6278ec1c7adc2c8d242fc0.jpg?1785063765,Omega,45,0,GNB
Tarutella Goldfish,4235488,50,0,Phoenix,Light,1992,0,f269741c27ca22c02db955557e7283fa_5047bc596a4bab2dc7f7c120bb22dec5fc0.jpg?1785065756,Omega,200,0,ARM
Shimori Bunihara,35166011,51,0,Raiden,Light,1910,0,c44c8fc68c230b1051ec35a527afe9ed_a370664d98f658f4ed4e620f378f73cdfc0.jpg?1785064573,Omega,108,0,BLM
Sice Seven,15008161,52,0,Moogle,Chaos,1900,0,23657ac0d29f4bc5667ef1e00cf528f8_d7a9d5f85a29d6278ec1c7adc2c8d242fc0.jpg?1785062969,Omega,50,0,SGE
Master Zoknik,47233914,53,0,Omega,Chaos,1898,0,47b7a0d3c4816d6dc7cb85c85a3685f7_39e25ac3d737c46452305eefe324372cfc0.jpg?1785064340,Omega,110,0,WAR
Misora Kaiatsa,25126040,54,0,Moogle,Chaos,1889,0,80fa199452585ab77d14128509576300_d7a9d5f85a29d6278ec1c7adc2c8d242fc0.jpg?1785064821,Omega,194,0,RPR
Aurora Maou,26517539,55,0,Louisoix,Chaos,1857,0,433a49b5cc43b35afac03d97c50262f9_0a122616f3718d3f45cab10fd8fc1604fc0.jpg?1785063296,Omega,278,0,PLD
Ten Gil,17217146,56,0,Louisoix,Chaos,1821,0,884fcae1e61228d09798c630a2c827fb_0a122616f3718d3f45cab10fd8fc1604fc0.jpg?1785062815,Omega,185,0,WAR
Based Miqote,46487952,57,0,Twintania,Light,1792,0,5e2bb42e554586a20b050b7fd3f88e26_c33f640c0cdd35f7def85b8aa31a0007fc0.jpg?1785065948,Omega,301,0,UNK
Kyouko Owo,25629243,58,0,Louisoix,Chaos,1760,0,4fbeb17208a00397ad05eebfc2d20d2f_0a122616f3718d3f45cab10fd8fc1604fc0.jpg?1785065314,Omega,96,0,WHM
William Sharpeye,31183782,59,0,Moogle,Chaos,1732,0,f90b7bfd929ec716aa63dc03d0533a18_d7a9d5f85a29d6278ec1c7adc2c8d242fc0.jpg?1785062759,Omega,274,0,FSH
Luna Everlight,11876492,60,0,Phantom,Chaos,1709,0,87daed323422dd94882b0079ba9f6b3d_f0a43d6e5eea19af337a176e9836acddfc0.jpg?1785064590,Omega,48,0,SGE
Ase Dora,42603487,61,0,Alpha,Light,1691,0,78626e6cf6f07875d5ac9527a5bd0c4d_6132295fcf5570fb8b0a944ef322a598fc0.jpg?1785063047,Omega,162,0,MIN
Isca Mog,32212471,62,0,Zodiark,Light,1674,0,e47f3ccc4bd8599193929766ab0abd2c_c274370774c6bc3483cc8740805f41bcfc0.jpg?1785064984,Omega,220,0,AST
Mahou Mahou,5924021,63,0,Odin,Light,1630,0,4c6afcfde744ebab926aa3423b6c4064_644311b63b607133c989d7c1188467dafc0.jpg?1785064413,Omega,266,0,VPR
Shadow Aya,54551815,64,0,Zodiark,Light,1604,0,5ca13f39db9eefc50e8e57be73e7254e_c274370774c6bc3483cc8740805f41bcfc0.jpg?1785062766,Omega,120,0,DRK
Two Koma,51508003,65,0,Zodiark,Light,1595,0,15a666f8d7bb67401300fae763ce4d32_c274370774c6bc3483cc8740805f41bcfc0.jpg?1785065879,Omega,198,0,DRK
Alistair Astrea,17486557,66,0,Ragnarok,Chaos,1592,0,86bf59ae511d4e0dd84fd82a0632a644_40d57ba713628f3f1ef5ef204b6d76d2fc0.jpg?1785065212,Omega,143,0,MCH
Holos Ymir,35299241,67,0,Cerberus,Chaos,1588,0,f8029ed36fad032333305dfa455cddec_777c57311d510ca65dac3c1077dee435fc0.jpg?1785065859,Omega,77,0,SMN
Imy Pure,24943089,68,0,Cerberus,Chaos,1580,0,2e46879ac1baf7fc77ec2de872a0461c_777c57311d510ca65dac3c1077dee435fc0.jpg?1785066104,Omega,115,0,SGE
Sal Ren,40787945,69,0,Phoenix,Light,1569,0,9613f7a8c0a759977b8a3fe787fed7e0_5047bc596a4bab2dc7f7c120bb22dec5fc0.jpg?1785064822,Omega,502,0,DRG
Strom Valentine,19009916,70,0,Cerberus,Chaos,1546,0,a8dc2ae24adfae999c388093e3e213e8_777c57311d510ca65dac3c1077dee435fc0.jpg?1785065792,Omega,71,0,VPR
Mitsuki Mirai,18435457,71,0,Louisoix,Chaos,1539,0,365f1772f387bd280bdbfc16afbd5e4e_0a122616f3718d3f45cab10fd8fc1604fc0.jpg?1785063869,Omega,141,0,WAR
Zot To,18725302,72,0,Cerberus,Chaos,1523,0,852c16bac4fe7f528a8653c65704e818_777c57311d510ca65dac3c1077dee435fc0.jpg?1785063002,Omega,48,0,DNC
Tikka Masola,44131885,73,0,Zodiark,Light,1507,0,ef489d662d845a0d473f7abb93124d5e_c274370774c6bc3483cc8740805f41bcfc0.jpg?1785064754,Omega,167,0,ALC
Vanilla Blossom,41496807,74,0,Moogle,Chaos,1481,0,b0e7d1b464d155d8791692fe2e47299d_d7a9d5f85a29d6278ec1c7adc2c8d242fc0.jpg?1785062854,Crystal,127,0,PCT
Pattinger Kersel,8183392,75,0,Raiden,Light,1479,0,4fec5839fc0fc0bba3a80fc4e1910660_a370664d98f658f4ed4e620f378f73cdfc0.jpg?1785064961,Crystal,281,0,BTN
Myst Freyja,33906213,76,0,Omega,Chaos,1476,0,240b879fd403fc16c04022b6075077ae_39e25ac3d737c46452305eefe324372cfc0.jpg?1785063940,Crystal,94,0,ALC
Solla Sparco,59854860,77,0,Ragnarok,Chaos,1412,0,a05c40270fb5e7a379d39a970e246111_40d57ba713628f3f1ef5ef204b6d76d2fc0.jpg?1785063957,Crystal,217,0,BLM
Chise Hatori',9182735,78,0,Ragnarok,Chaos,1411,0,236f29f4984f26e6b197da380f104a63_40d57ba713628f3f1ef5ef204b6d76d2fc0.jpg?1785063298,Crystal,353,0,VPR
Delzor Waka,40194085,79,0,Odin,Light,1391,0,bde30c4caff355f65cf9761727b12725_644311b63b607133c989d7c1188467dafc0.jpg?1785064418,Crystal,228,0,VPR
Resilla Frostflow,14658770,80,0,Cerberus,Chaos,1390,0,00a4e6250beb98b5644c87cffe8b7f4f_777c57311d510ca65dac3c1077dee435fc0.jpg?1785063295,Crystal,172,0,PLD
Melinoe Mei,52244848,81,0,Odin,Light,1385,0,f2f35dd3d3f7ed2ab1eaf11e0291525a_644311b63b607133c989d7c1188467dafc0.jpg?1785063827,Crystal,297,0,UNK
Makoto Kurusu,52868514,82,0,Alpha,Light,1384,0,8fbea6f85d026acc9443dee5147a6a0c_6132295fcf5570fb8b0a944ef322a598fc0.jpg?1785062892,Crystal,151,0,SGE
Leedo Dale,25033597,83,0,Zodiark,Light,1382,0,9e122691e98bda2ea6abe86ed7b81a63_c274370774c6bc3483cc8740805f41bcfc0.jpg?1785065472,Crystal,643,0,MCH
Endorel Soro,12949151,84,0,Alpha,Light,1382,0,038b9a835f84a3b80a8a467605d3dd8c_6132295fcf5570fb8b0a944ef322a598fc0.jpg?1785063174,Crystal,203,0,UNK
Sophia Ariadne,11431073,85,0,Odin,Light,1372,0,f4329ddf82a418a6e12f1ba978bc1523_644311b63b607133c989d7c1188467dafc0.jpg?1785064495,Crystal,56,0,WHM
Farnese Astrope,29144926,86,0,Odin,Light,1321,0,9d52a45ac0156312b562aef0a55cfff2_644311b63b607133c989d7c1188467dafc0.jpg?1785063356,Crystal,53,0,WAR
Tensei Kaiten,46690911,87,0,Raiden,Light,1312,0,d68fe2cd8b67b36a7f9904682b1aad12_a370664d98f658f4ed4e620f378f73cdfc0.jpg?1785065552,Crystal,646,0,VPR
Remes Yveltar,21757305,88,0,Odin,Light,1309,0,20b9e744e2190850310da72ffaf5c5d4_644311b63b607133c989d7c1188467dafc0.jpg?1785065530,Crystal,214,0,VPR
Ny Aa,49048302,89,0,Zodiark,Light,1306,0,a75fda4dbe97ffbaf98a55c7ea86fa64_c274370774c6bc3483cc8740805f41bcfc0.jpg?1785064527,Crystal,68,0,DRG
Kayf Xiv,36106861,90,0,Ragnarok,Chaos,1305,0,b7dc63274be76d912180856ad87594ad_40d57ba713628f3f1ef5ef204b6d76d2fc0.jpg?1785065679,Crystal,134,0,BLM
Sheidyn Windsor,30282791,91,0,Omega,Chaos,1304,0,e3eaa192d0e2b6192580f940474cd0b5_39e25ac3d737c46452305eefe324372cfc0.jpg?1785065612,Crystal,194,0,SAM
Memento Mo'ri,1641495,92,0,Ragnarok,Chaos,1290,0,86323bce84189061b1d71ff1dc25266a_40d57ba713628f3f1ef5ef204b6d76d2fc0.jpg?1785065211,Crystal,257,0,SMN
Sotek Scherwil,486374,93,0,Twintania,Light,1265,0,c881840c18d6c9fc415801f5f8240174_c33f640c0cdd35f7def85b8aa31a0007fc0.jpg?1785065879,Crystal,101,0,RDM
Riseon Misha,26343965,94,0,Zodiark,Light,1209,0,d883dcfcee6650b3e6e1691bf6838f6c_c274370774c6bc3483cc8740805f41bcfc0.jpg?1785065532,Crystal,233,0,WHM
Tay Talenath,45740169,95,0,Raiden,Light,1186,0,b2fa0c7222f7e3ebe117f24a200e11d8_a370664d98f658f4ed4e620f378f73cdfc0.jpg?1785064802,Crystal,266,0,SAM
Lawr Hawk,28248881,96,0,Odin,Light,1161,0,e241b26df61ea0e201b637a7ae6c4cd4_644311b63b607133c989d7c1188467dafc0.jpg?1785063717,Crystal,192,0,SGE
Baka Bao,30345026,97,0,Phantom,Chaos,1149,0,57df7efcbcdf8f1aca84c4f1435c36ba_f0a43d6e5eea19af337a176e9836acddfc0.jpg?1785065111,Crystal,485,0,GNB
Pat Olehouse,17156873,98,0,Lich,Light,1107,0,54c944c62ef7bd68e95a2a558d856482_7206469080400ed57a5373d0a9c55c59fc0.jpg?1785064525,Crystal,159,0,PLD
Baby Starz,27999014,99,0,Omega,Chaos,1107,0,e8cb7daea22ff306dcc9397ecad5a4a2_39e25ac3d737c46452305eefe324372cfc0.jpg?1785065122,Crystal,104,0,NIN
Magisa Vale,43527083,100,0,Phoenix,Light,1099,0,50d54724458e52e82fcfc6d537b9e001_5047bc596a4bab2dc7f7c120bb22dec5fc0.jpg?1785064809,Crystal,126,0,RDM
Kimbi Aoe,24693270,101,0,Shiva,Light,1097,0,67e0ddfb70faf5725a971d086cfdce61_3fbff0e6b620e4d259dc427abc6574dafc0.jpg?1785063453,Crystal,137,0,MNK
Vyra Karbon,36843257,102,0,Alpha,Light,1094,0,6c4b3531dd9b5bcc35233751f0ec4efb_6132295fcf5570fb8b0a944ef322a598fc0.jpg?1785063838,Crystal,85,0,SMN
Khorasan Ataraxia,47289604,103,0,Shiva,Light,1080,0,721a6c9c723209b16696818df4cf0c93_3fbff0e6b620e4d259dc427abc6574dafc0.jpg?1785063307,Crystal,232,0,UNK
Gella Zenhat,16553524,104,0,Cerberus,Chaos,1019,0,34542c2a2fe5b9a690d00a5565e15c1b_777c57311d510ca65dac3c1077dee435fc0.jpg?1785065154,Crystal,286,0,GNB
Furry Mommy,56190082,105,0,Phantom,Chaos,1012,0,2242e65b0711c51514bff3e3c2144ce2_f0a43d6e5eea19af337a176e9836acddfc0.jpg?1785065850,Crystal,199,0,SAM
Selin Naari,16360751,106,0,Cerberus,Chaos,1011,0,fb2c3681e2cb33bdcd7894d5aad0b9ec_777c57311d510ca65dac3c1077dee435fc0.jpg?1785063615,Crystal,153,0,PCT
Doctor Zoidberg,9214410,107,0,Cerberus,Chaos,999,0,40bc630c90e57d0ca265dd7fc809d5c8_777c57311d510ca65dac3c1077dee435fc0.jpg?1785064200,Crystal,47,0,PCT
Trabajarr Adelante,37901435,108,0,Louisoix,Chaos,995,0,4ca4571e8f63d3e41e476ed0c14c077a_0a122616f3718d3f45cab10fd8fc1604fc0.jpg?1785064900,Crystal,119,0,GSM
Reireiko Reiko,51402233,109,0,Alpha,Light,985,0,6bb627130b2067e09c7110eb74707745_6132295fcf5570fb8b0a944ef322a598fc0.jpg?1785063779,Crystal,190,0,DRK
Ellentir Sergearis,27908705,110,0,Spriggan,Chaos,930,0,1c0d83e19051314b31b2591327c4b238_feaf0a2e88ff164813fbc9b85876fa48fc0.jpg?1785063551,Crystal,54,0,PLD
Brian Ricardo,23607238,111,0,Zodiark,Light,916,0,9c9d045f5f22c579ce5c24faa2b9b303_c274370774c6bc3483cc8740805f41bcfc0.jpg?1785065052,Crystal,129,0,SCH
Marain Kousaka,12028721,112,0,Omega,Chaos,905,0,8eb57b43eb58ce6e50b90ee79ccb7cd7_39e25ac3d737c46452305eefe324372cfc0.jpg?1785062943,Crystal,101,0,RPR
Marcus Shadow,33007619,113,0,Odin,Light,902,0,b88f58e3cd6a49651669659745ef9f9c_644311b63b607133c989d7c1188467dafc0.jpg?1785064290,Crystal,235,0,UNK
Dune'a Echa,18874167,114,0,Raiden,Light,901,0,11846587e71e79d6908ce9c5216a37b0_a370664d98f658f4ed4e620f378f73cdfc0.jpg?1785063008,Crystal,195,0,SCH
Serafina Cocoapuff,25837428,115,0,Lich,Light,900,0,f9bd8dac7fce1eed6efbdcd5302cbe5c_7206469080400ed57a5373d0a9c55c59fc0.jpg?1785065695,Crystal,66,0,PCT
Illyrion Akatsuki,56186869,116,0,Odin,Light,894,0,b36972ee34bfd25f82ce348b32b6f5da_644311b63b607133c989d7c1188467dafc0.jpg?1785066090,Crystal,395,0,BSM
Altrios Alrun,37280856,117,0,Odin,Light,811,0,eed006603ff3859a7471671dcb9c221c_644311b63b607133c989d7c1188467dafc0.jpg?1785064974,Crystal,46,0,VPR
Vena Attire,43633781,118,0,Zodiark,Light,795,0,2916b10cce219f77debbcb017215616b_c274370774c6bc3483cc8740805f41bcfc0.jpg?1785064619,Crystal,69,0,MCH
Zecht Bradamant,31785474,119,0,Omega,Chaos,793,0,b0b8438e6682f2931a1a930121d0ab43_39e25ac3d737c46452305eefe324372cfc0.jpg?1785065599,Crystal,300,0,GNB
Slayn Lockmeier,43624360,120,0,Ragnarok,Chaos,789,0,6e8ed130575c22a15b32af255b35348b_40d57ba713628f3f1ef5ef204b6d76d2fc0.jpg?1785064755,Crystal,21,0,GNB
Song Shuhang,60751505,121,0,Louisoix,Chaos,788,0,908d04c341598c3e6095e2af05dfae15_0a122616f3718d3f45cab10fd8fc1604fc0.jpg?1785065232,Crystal,81,0,AST
Remy Galleu,52837552,122,0,Alpha,Light,785,0,1c98cde60dda0890554eff5601f7b441_6132295fcf5570fb8b0a944ef322a598fc0.jpg?1785063711,Crystal,26,0,UNK
Kiss Lips,44543603,123,0,Phantom,Chaos,710,0,1a283e4ef1314e4af955db9fcc8300a8_f0a43d6e5eea19af337a176e9836acddfc0.jpg?1785066021,Crystal,84,0,SAM
Zeppe Monado,1885662,124,0,Cerberus,Chaos,709,0,1b8d787b06b5e910c362b39ec7f4ebc7_777c57311d510ca65dac3c1077dee435fc0.jpg?1785063704,Crystal,114,0,BRD
Blunt Man,35300195,125,0,Louisoix,Chaos,708,0,bfddeb1fd8c57b9259f8bb179dd8158b_0a122616f3718d3f45cab10fd8fc1604fc0.jpg?1785065715,Crystal,239,0,SAM
Pre Purify,55308031,126,0,Spriggan,Chaos,701,0,57e94aab3849d6d467b99e494b8621ed_feaf0a2e88ff164813fbc9b85876fa48fc0.jpg?1785065140,Crystal,21,0,PCT
Ark Kekko,50821807,127,0,Omega,Chaos,698,0,b81b1c241e98f7a5f9b9c81665be1243_39e25ac3d737c46452305eefe324372cfc0.jpg?1785064263,Crystal,208,0,BRD
Vaal Haigha,35745799,128,0,Alpha,Light,698,0,308c218b8f6918e78657e3d530133f33_6132295fcf5570fb8b0a944ef322a598fc0.jpg?1785065945,Crystal,87,0,BLM
Xanthe Hati,28239197,129,0,Sagittarius,Chaos,697,0,9bf816bfcd7f963908af59458b5500c9_44ca0844398b2d010d8cd4a31ddb023dfc0.jpg?1785065144,Crystal,142,0,VPR
Yuripa Arashi,37731658,130,0,Shiva,Light,697,0,73ff0d0b3cc5f92ec79dabffa2bedf80_3fbff0e6b620e4d259dc427abc6574dafc0.jpg?1785065314,Crystal,36,0,MCH
Hyzenthlay Efrafa,1817919,131,0,Ragnarok,Chaos,696,0,f61f49f2ed95a3709fa034686da0eb63_40d57ba713628f3f1ef5ef204b6d76d2fc0.jpg?1785062819,Crystal,105,0,RPR
Feena Whitescale,42336980,132,0,Alpha,Light,695,0,6078dfc1c3211f8aec86dd0881e68fd2_6132295fcf5570fb8b0a944ef322a598fc0.jpg?1785063373,Crystal,97,0,DNC
Feri De,32873333,133,0,Twintania,Light,692,0,04fae792c920333e5bdc3287c0df72e4_c33f640c0cdd35f7def85b8aa31a0007fc0.jpg?1785063642,Crystal,132,0,WHM
Spedah Sashihai,46717230,134,0,Phantom,Chaos,686,0,916aa42d41d9cb06784f26d21d850c5a_f0a43d6e5eea19af337a176e9836acddfc0.jpg?1785064586,Crystal,397,0,SCH
Gaspard Deguingoix,11032081,135,0,Moogle,Chaos,685,0,b9283e6a6be9cd219ee0afea98546775_d7a9d5f85a29d6278ec1c7adc2c8d242fc0.jpg?1785062973,Crystal,189,0,PLD
Franziska Hatia,6541981,136,0,Moogle,Chaos,680,0,3346d7c134c0675bdb576962512a264b_d7a9d5f85a29d6278ec1c7adc2c8d242fc0.jpg?1785065592,Crystal,194,0,SCH
Cipher Strife,7955322,137,0,Ragnarok,Chaos,628,0,fd0f2644fe22871d381e6bae8798c484_40d57ba713628f3f1ef5ef204b6d76d2fc0.jpg?1785066012,Crystal,143,0,SCH
Yhren Vhal,56948558,138,0,Odin,Light,616,0,3f62ad2093c1016540ef936a5563823b_644311b63b607133c989d7c1188467dafc0.jpg?1785065895,Crystal,150,0,UNK
Tsuguri Tempest,8093380,139,0,Moogle,Chaos,614,0,673dd69d52b7f7c210bb231091fd1922_d7a9d5f85a29d6278ec1c7adc2c8d242fc0.jpg?1785064426,Crystal,176,0,DRK
Lolorei Lalarei,3686155,140,0,Omega,Chaos,608,0,da6ff12e4effc4cbacfe1b954f1c3bf5_39e25ac3d737c46452305eefe324372cfc0.jpg?1785062648,Crystal,151,0,GNB
Erzengel Lucifer,50719075,141,0,Odin,Light,605,0,8ad73d5728e0ad709872c5b17735ae3b_644311b63b607133c989d7c1188467dafc0.jpg?1785063066,Crystal,86,0,UNK
Taivas L'tulta,46948666,142,0,Odin,Light,591,0,30ba088e17b99c9f748bd47b4ff33fb4_644311b63b607133c989d7c1188467dafc0.jpg?1785065643,Crystal,26,0,SCH
Enyah Myukah,23872905,143,0,Omega,Chaos,590,0,b125b81a7d686e79d3cfcd1d08ab245b_39e25ac3d737c46452305eefe324372cfc0.jpg?1785064421,Crystal,125,0,UNK
Zhinna Maya,8219011,143,0,Odin,Light,590,0,b96bc839d3db0d26e61bf4b24282c925_644311b63b607133c989d7c1188467dafc0.jpg?1785065722,Crystal,125,0,WAR
Dandy Gigaweich,38049054,145,0,Twintania,Light,590,0,74ec71bae49d0122d28bbee53dbc8d88_c33f640c0cdd35f7def85b8aa31a0007fc0.jpg?1785064740,Crystal,105,0,DRG
Levi Yokai,23692427,146,0,Phoenix,Light,587,0,75d0fcbfaab4674c7d1a0ba2cd7f54d7_5047bc596a4bab2dc7f7c120bb22dec5fc0.jpg?1785065534,Crystal,202,0,SCH
Bing Bing,50857849,147,0,Odin,Light,580,0,1a2b77cf04680b9bfe1c19f07f9f1f44_644311b63b607133c989d7c1188467dafc0.jpg?1785064406,Crystal,146,0,MCH
Yomichi Hisokana,52788674,148,0,Raiden,Light,517,0,373f13ebbea2a886ac1cb870726143f6_a370664d98f658f4ed4e620f378f73cdfc0.jpg?1785063888,Crystal,137,0,GNB
Decha Kirk,32806624,149,0,Moogle,Chaos,511,0,e50b415f85b832de8463247f434991ce_d7a9d5f85a29d6278ec1c7adc2c8d242fc0.jpg?1785065640,Crystal,245,0,WHM
Stinky Girl,43150292,150,0,Odin,Light,508,0,5ffc48432e35f019fd24068aeb645e85_644311b63b607133c989d7c1188467dafc0.jpg?1785064803,Crystal,105,0,BLU
Steph Annie,28876458,151,0,Lich,Light,507,0,753eeef7260d5b48fedb9d189d2b51ca_7206469080400ed57a5373d0a9c55c59fc0.jpg?1785062965,Crystal,372,0,WAR
Melili Nalili,60720700,152,0,Twintania,Light,504,0,24a7b96fbc052a40de9c6f7809fe72fe_c33f640c0cdd35f7def85b8aa31a0007fc0.jpg?1785064591,Crystal,70,0,MCH
Littlebard Crits,44849524,153,0,Lich,Light,502,0,85155be3d7c3c8936c428085496b1e8d_7206469080400ed57a5373d0a9c55c59fc0.jpg?1785064858,Crystal,136,0,UNK
Sayuri Maeshima,33888798,154,0,Omega,Chaos,502,0,9543e703e2409901a4e4c51fcd72a0bd_39e25ac3d737c46452305eefe324372cfc0.jpg?1785063763,Crystal,47,0,NIN
Uraraka Lunae,19968499,155,0,Louisoix,Chaos,501,0,87178981b631653f4905b195c6c49583_0a122616f3718d3f45cab10fd8fc1604fc0.jpg?1785063929,Crystal,172,0,WAR
Roomi Mae,47248743,156,0,Raiden,Light,501,0,770a624522dc3f95ef75247a554dceb7_a370664d98f658f4ed4e620f378f73cdfc0.jpg?1785065539,Crystal,73,0,RDM
Vest Sawyer,60872775,157,0,Ragnarok,Chaos,501,0,89f42df35240eaa8816d176538dd247d_40d57ba713628f3f1ef5ef204b6d76d2fc0.jpg?1785065397,Crystal,54,0,SAM
Argento D'gloria,40048690,158,0,Raiden,Light,500,0,2dc94cb17b2293b3ff2093acc66a6cb8_a370664d98f658f4ed4e620f378f73cdfc0.jpg?1785064839,Crystal,71,0,SCH
Rayleigh Wymare,24717977,159,0,Phoenix,Light,500,0,75fbdde1c18262dd0a6c2ac1b96afcd6_5047bc596a4bab2dc7f7c120bb22dec5fc0.jpg?1785063932,Crystal,51,0,WHM
Yuki Shinryu,18457903,160,0,Omega,Chaos,499,0,7c3380880e156cefcc0afc85574b6091_39e25ac3d737c46452305eefe324372cfc0.jpg?1785065787,Crystal,124,0,AST
A'dyalani Sato,10026278,161,0,Odin,Light,499,0,d072994a22af88090aecf6e5a3b85c36_644311b63b607133c989d7c1188467dafc0.jpg?1785062594,Crystal,81,0,PLD
Myo Hiu,27898021,162,0,Phoenix,Light,498,0,ef86c7eb6282d7d951c8d9d9966c7e57_5047bc596a4bab2dc7f7c120bb22dec5fc0.jpg?1785064286,Crystal,193,0,MIN
Maru Tani,58799026,163,0,Alpha,Light,498,0,b632027978294d1f77f2347d48fc3704_6132295fcf5570fb8b0a944ef322a598fc0.jpg?1785065110,Crystal,48,0,SCH
Sandoz Delysid,10931721,164,0,Zodiark,Light,497,0,dbfb04dfbbe3ea56cd066152b1c185fb_c274370774c6bc3483cc8740805f41bcfc0.jpg?1785062743,Crystal,258,0,MNK
Dopa Mine,44403027,165,0,Phantom,Chaos,497,0,8d27501fd3361cf138655132263db4b5_f0a43d6e5eea19af337a176e9836acddfc0.jpg?1785064339,Crystal,115,0,ALC
Mestari Kalastaja,38441307,166,0,Omega,Chaos,496,0,52dc7dc38ddeaaedbae9f2b43a6ca546_39e25ac3d737c46452305eefe324372cfc0.jpg?1785064914,Crystal,211,0,FSH
Aris Oz,41983172,167,0,Zodiark,Light,496,0,abbd4cf51609bf59977c5b4850c4c351_c274370774c6bc3483cc8740805f41bcfc0.jpg?1785065628,Crystal,35,0,WAR
Chance Manderville,4803253,168,0,Moogle,Chaos,493,0,ef52c02168c886d6c450deef16a642bb_d7a9d5f85a29d6278ec1c7adc2c8d242fc0.jpg?1785062781,Crystal,140,0,UNK
Goemon Da-scarred,51082512,169,0,Sagittarius,Chaos,493,0,0babb17eaeeb3c5d8fab3b044bcc075b_44ca0844398b2d010d8cd4a31ddb023dfc0.jpg?1785065534,Crystal,20,0,BRD
Krek Highwind,54203279,170,0,Sagittarius,Chaos,409,0,c057c503d5c4140d2bebc4d59a4af382_44ca0844398b2d010d8cd4a31ddb023dfc0.jpg?1785062810,Crystal,60,0,MNK
Arthea Sarris,29355777,171,0,Twintania,Light,406,0,f71df987daffde5149cbf8f3633320d1_c33f640c0cdd35f7def85b8aa31a0007fc0.jpg?1785064508,Crystal,124,0,PLD
Lo Enha,27971408,172,0,Moogle,Chaos,404,0,5236c7cc585f6b9213e6d33f05e78c61_d7a9d5f85a29d6278ec1c7adc2c8d242fc0.jpg?1785064709,Crystal,213,0,WAR
Krist Otaku,14939278,173,0,Phoenix,Light,404,0,7cfd51647768395cde207b1a84548521_5047bc596a4bab2dc7f7c120bb22dec5fc0.jpg?1785065196,Crystal,88,0,RPR
Salah Addin,34662991,174,0,Phantom,Chaos,403,0,54221c4cc945dc4fe9c4b512dab3ab80_f0a43d6e5eea19af337a176e9836acddfc0.jpg?1785064345,Crystal,120,0,RDM
Coffee Latte,60438895,175,0,Raiden,Light,402,0,471624b62c268e0fbc02038d236b3d55_a370664d98f658f4ed4e620f378f73cdfc0.jpg?1785064735,Crystal,33,0,DRK
Death Fury,9386074,176,0,Ragnarok,Chaos,401,0,f334633b7adb1af69b68d26c3dc12e81_40d57ba713628f3f1ef5ef204b6d76d2fc0.jpg?1785065215,Crystal,27,0,MNK
Glyceri Chosuti,30338174,177,0,Moogle,Chaos,400,0,6d93c9241424e92e6f0351d35d8b6eaa_d7a9d5f85a29d6278ec1c7adc2c8d242fc0.jpg?1785065687,Crystal,165,0,WHM
Akurei Amotanius,36595921,178,0,Odin,Light,399,0,ca5d9f24b62995e3bcb5d25cc576fc70_644311b63b607133c989d7c1188467dafc0.jpg?1785065076,Crystal,147,0,WHM
Yuumi Fish,25707217,179,0,Cerberus,Chaos,399,0,1a7ebbda26c28eb61f262b9fb37e8c6e_777c57311d510ca65dac3c1077dee435fc0.jpg?1785063657,Crystal,13,0,PCT
Staz Hellcat,8016319,180,0,Cerberus,Chaos,397,0,c7e860ceda35e35e41bca47bf02624be_777c57311d510ca65dac3c1077dee435fc0.jpg?1785063439,Crystal,319,0,RDM
Soley Noire,36572415,181,0,Raiden,Light,397,0,b1e91539f893f399aefe93727e3e6dae_a370664d98f658f4ed4e620f378f73cdfc0.jpg?1785063466,Crystal,121,0,SAM
Tie Jai,37372216,182,0,Spriggan,Chaos,397,0,86788f29e7343af9b7142d3f6d6695f0_feaf0a2e88ff164813fbc9b85876fa48fc0.jpg?1785065202,Crystal,47,0,BLU
Neo Saladin,60195724,183,0,Alpha,Light,396,0,d61ef205c9700150e78797546d2ac263_6132295fcf5570fb8b0a944ef322a598fc0.jpg?1785065737,Crystal,38,0,DRK
Luuqu Iko,22789543,184,0,Raiden,Light,395,0,c802f405a486cf7c167afb126288f64c_a370664d98f658f4ed4e620f378f73cdfc0.jpg?1785065536,Crystal,63,0,DNC
Aeo We,10437907,185,0,Ragnarok,Chaos,313,0,2cc33bbd6e1f29b872030a98ed37c0fc_40d57ba713628f3f1ef5ef204b6d76d2fc0.jpg?1785065615,Crystal,23,0,UNK
Zevix Mourne,36093823,186,0,Spriggan,Chaos,306,0,1c027e6ad01faa222b04ac460b6bda9f_feaf0a2e88ff164813fbc9b85876fa48fc0.jpg?1785063222,Crystal,413,0,SMN
Ayrelinia Saelinire,41821402,187,0,Spriggan,Chaos,302,0,8604bb768bf59461e5f44eef46ee9961_feaf0a2e88ff164813fbc9b85876fa48fc0.jpg?1785065692,Crystal,69,0,SMN
Shino Yaru,38308969,188,0,Phoenix,Light,302,0,0662727bb913ed7fe3009f3542ea1e64_5047bc596a4bab2dc7f7c120bb22dec5fc0.jpg?1785062718,Crystal,48,0,UNK
Korentijn Woodwynn,31824240,189,0,Twintania,Light,301,0,b06f5306d2ef59fb67e4bfd66bef3156_c33f640c0cdd35f7def85b8aa31a0007fc0.jpg?1785064167,Crystal,146,0,WHM
Akira Kun,573259,190,0,Ragnarok,Chaos,301,0,2cdb68722182c206708f3ba5940ce1bd_40d57ba713628f3f1ef5ef204b6d76d2fc0.jpg?1785064780,Crystal,117,0,VPR
Renna Vorak,25421061,191,0,Raiden,Light,301,0,c2dc94bad32c136ebcdcb42ec56ba1c3_a370664d98f658f4ed4e620f378f73cdfc0.jpg?1785062594,Crystal,30,0,BRD
Red Fluffy,41965323,192,0,Shiva,Light,301,0,6e4c702e77f55eff42d4c42a07f242db_3fbff0e6b620e4d259dc427abc6574dafc0.jpg?1785066094,Crystal,26,0,ALC
Valem Maro,33775918,193,0,Raiden,Light,300,0,54c4175615ead607252b23a404d5f9ef_a370664d98f658f4ed4e620f378f73cdfc0.jpg?1785064366,Crystal,110,0,MCH
Mono Lith,59519255,194,0,Omega,Chaos,300,0,2d12a270aa7b3b097c78dcc93127e881_39e25ac3d737c46452305eefe324372cfc0.jpg?1785065692,Crystal,101,0,DRK
Madelynn Veil,49771412,195,0,Omega,Chaos,300,0,92f91d9225bb816c6562fb117814681e_39e25ac3d737c46452305eefe324372cfc0.jpg?1785064912,Crystal,22,0,RDM
Izuma Knox,48747330,196,0,Spriggan,Chaos,299,0,e4ecfd700fe3f6df45f6409e46a09d8b_feaf0a2e88ff164813fbc9b85876fa48fc0.jpg?1785065780,Crystal,145,0,SCH
Durinta Borlaaq,37706432,197,0,Twintania,Light,299,0,5f122a4f83176fe089d903a59809e108_c33f640c0cdd35f7def85b8aa31a0007fc0.jpg?1785063193,Crystal,107,0,SCH
Neclord Drakan,34358772,198,0,Phoenix,Light,299,0,7e002012c8fc4f9e493cd5879573e088_5047bc596a4bab2dc7f7c120bb22dec5fc0.jpg?1785064927,Crystal,34,0,RPR
Astral Highwind,29689702,199,0,Omega,Chaos,298,0,97af63b900951c4e5b86b87e21f0d233_39e25ac3d737c46452305eefe324372cfc0.jpg?1785063478,Crystal,118,0,DRG
Dundee Nic'hpisfa,35976824,200,0,Odin,Light,298,0,8eda92b5ce2e258786d149b7cb349e09_644311b63b607133c989d7c1188467dafc0.jpg?1785063743,Crystal,117,0,BLU
Balanced Breakfast,1817299,201,0,Zodiark,Light,298,0,91f4f38caffbbae0dad8bf3fe0744611_c274370774c6bc3483cc8740805f41bcfc0.jpg?1785065058,Crystal,107,0,BRD
Elafi Nebris,2813554,202,0,Cerberus,Chaos,298,0,279c67bdef0aed0af0689ceacb3ea0aa_777c57311d510ca65dac3c1077dee435fc0.jpg?1785064174,Crystal,49,0,WVR
Mirajane Hylian,24248886,203,0,Omega,Chaos,298,0,32bbb40f8ae6e32a1317f2919c7a1a42_39e25ac3d737c46452305eefe324372cfc0.jpg?1785064729,Crystal,46,0,MNK
Neppie Nen,38644421,204,0,Phoenix,Light,297,0,6744f6c777bfc017ed7318054ef44f3d_5047bc596a4bab2dc7f7c120bb22dec5fc0.jpg?1785065621,Crystal,58,0,NIN
Sin Mirrorslave,43994621,205,0,Raiden,Light,296,0,3f8e3345c252d3f9b50e27c481f91100_a370664d98f658f4ed4e620f378f73cdfc0.jpg?1785062710,Crystal,36,0,UNK
Certin Ferocia,26600453,206,0,Spriggan,Chaos,295,0,528919b4d45df00513ad6c80440fc2f4_feaf0a2e88ff164813fbc9b85876fa48fc0.jpg?1785062646,Crystal,115,0,ALC
Catlisaie Leveilleur,38928587,207,0,Sagittarius,Chaos,295,0,b49cedcc9313e5b78f3c3e17f3a3b68c_44ca0844398b2d010d8cd4a31ddb023dfc0.jpg?1785063046,Crystal,40,0,WHM
Victoria Nyala,43751055,208,0,Phoenix,Light,206,0,d41ca298e2f03ee2273aca61640ebce0_5047bc596a4bab2dc7f7c120bb22dec5fc0.jpg?1785065457,Crystal,46,0,MCH
Feral Jorex,21749898,209,0,Odin,Light,205,0,f9027c778862384a6ae4224efd2fe7c3_644311b63b607133c989d7c1188467dafc0.jpg?1785064987,Crystal,145,0,RPR
Animesan Kaslana,32077606,210,0,Moogle,Chaos,204,0,6268def88e20eea0574685430503059b_d7a9d5f85a29d6278ec1c7adc2c8d242fc0.jpg?1785065713,Crystal,263,0,WHM
Laurie Adorable,48647813,211,0,Spriggan,Chaos,203,0,cae3f1cbe01c3d143b588c054809c02b_feaf0a2e88ff164813fbc9b85876fa48fc0.jpg?1785064184,Crystal,102,0,WHM
Faly Linh,32024155,212,0,Spriggan,Chaos,203,0,2c0bc07b4ce467f3fb61eed172593a41_feaf0a2e88ff164813fbc9b85876fa48fc0.jpg?1785062902,Crystal,90,0,UNK
Royin Aesir,5790524,213,0,Phoenix,Light,202,0,c6ecb523063230538c0b0c1c52194e94_5047bc596a4bab2dc7f7c120bb22dec5fc0.jpg?1785062571,Crystal,140,0,MCH
T'hana Walu,35975713,214,0,Phantom,Chaos,202,0,914ae7c17025c097838bce46cbc57a89_f0a43d6e5eea19af337a176e9836acddfc0.jpg?1785063539,Crystal,133,0,BLM
Fridge Frozenfish,56341389,215,0,Alpha,Light,202,0,8afafe7333f96ac05346dbcf099f613f_6132295fcf5570fb8b0a944ef322a598fc0.jpg?1785065844,Crystal,76,0,SMN
Luca Natura,26126798,216,0,Omega,Chaos,202,0,aee9a8f332f96a4c5a45923c0e82782a_39e25ac3d737c46452305eefe324372cfc0.jpg?1785065389,Crystal,28,0,GSM
Teale Teslonia,24123514,217,0,Shiva,Light,201,0,85c590ab0b87f38c4c63379bd665bddd_3fbff0e6b620e4d259dc427abc6574dafc0.jpg?1785064599,Crystal,130,0,CRP
Ka La,18103622,218,0,Ragnarok,Chaos,201,0,79cb69a4d9a7535c8ee4e2bbfc9b2a1d_40d57ba713628f3f1ef5ef204b6d76d2fc0.jpg?1785063872,Crystal,115,0,PLD
Phaey Yeon,58326616,219,0,Moogle,Chaos,201,0,6497d439e55c80c0156c198e7f135c78_d7a9d5f85a29d6278ec1c7adc2c8d242fc0.jpg?1785063782,Crystal,80,0,UNK
Tiranna Reinford,12390793,220,0,Moogle,Chaos,201,0,287223c7dac01617ab03a9e54406de0e_d7a9d5f85a29d6278ec1c7adc2c8d242fc0.jpg?1785063689,Crystal,68,0,VPR
Wimp Lo,37793632,221,0,Zodiark,Light,201,0,45ed053d252c3a44eabe55329426aa37_c274370774c6bc3483cc8740805f41bcfc0.jpg?1785064562,Crystal,47,0,WAR
Ky'ros Voss,31621024,222,0,Spriggan,Chaos,200,0,640d310f69e99fb16aa6f9f90eccbfb3_feaf0a2e88ff164813fbc9b85876fa48fc0.jpg?1785065566,Crystal,220,0,FSH
Ayata Miyabi,20861679,223,0,Louisoix,Chaos,200,0,5b26312fcf95dd3660fa779f2ed897f3_0a122616f3718d3f45cab10fd8fc1604fc0.jpg?1785065787,Crystal,149,0,NIN
Lopsho Pedun,51035319,224,0,Zodiark,Light,200,0,dd7393ee1e073ce9a42224dba96eedf6_c274370774c6bc3483cc8740805f41bcfc0.jpg?1785064664,Crystal,113,0,NIN
Kai Indra,7225680,225,0,Ragnarok,Chaos,200,0,4f4b716fae71a089b97031a7d8c64f4c_40d57ba713628f3f1ef5ef204b6d76d2fc0.jpg?1785064364,Crystal,108,0,VPR
Kihn Shirudo,43951482,226,0,Spriggan,Chaos,200,0,2e619166d10daa6082c54563a5af17ff_feaf0a2e88ff164813fbc9b85876fa48fc0.jpg?1785065400,Crystal,101,0,DRK
Shaying Rengarf,1688652,227,0,Ragnarok,Chaos,200,0,9f6e8954dec429710a07fcf4059d3ae8_40d57ba713628f3f1ef5ef204b6d76d2fc0.jpg?1785064834,Crystal,96,0,WHM
Zoera Rinn,47442640,228,0,Alpha,Light,200,0,1a8a49a922d7b9ede1f40d3e59c5b86f_6132295fcf5570fb8b0a944ef322a598fc0.jpg?1785063619,Crystal,81,0,VPR
Lunaelumen Heartless,3344766,229,0,Phoenix,Light,200,0,442c49c53db78614043ce10aa9733411_5047bc596a4bab2dc7f7c120bb22dec5fc0.jpg?1785064121,Crystal,71,0,BTN
Maybe Tea'bag,61003908,230,0,Raiden,Light,200,0,a5b0ebdb29e805aecb46533b57f846e9_a370664d98f658f4ed4e620f378f73cdfc0.jpg?1785063950,Crystal,65,0,MNK
Paper Planes,59055005,231,0,Raiden,Light,200,0,1b7fc8e62eb37ebc10e0b203856e161c_a370664d98f658f4ed4e620f378f73cdfc0.jpg?1785063167,Crystal,44,0,RPR
Yamakaji Edo'sen,22194618,232,0,Moogle,Chaos,200,0,d7972041e4c6c98f2e38ec21d2bc56c2_d7a9d5f85a29d6278ec1c7adc2c8d242fc0.jpg?1785062824,Crystal,35,0,UNK
Naja Hena,47023573,233,0,Phantom,Chaos,200,0,b5a2b24e4a5514b38ac2cb02bb3fdd7f_f0a43d6e5eea19af337a176e9836acddfc0.jpg?1785065794,Crystal,30,0,PCT
Rifula Ruivre,2224873,234,0,Alpha,Light,199,0,47995b925a7f5c18a76967fce75b8bb9_6132295fcf5570fb8b0a944ef322a598fc0.jpg?1785065149,Crystal,90,0,UNK
Annie Shame,19425094,235,0,Louisoix,Chaos,199,0,a01d26ffd5a7a28bafe53650b66848d7_0a122616f3718d3f45cab10fd8fc1604fc0.jpg?1785065031,Crystal,75,0,SMN
Shar Ughund,41180967,236,0,Alpha,Light,199,0,b735e5a42ceb514cc748fad662496c9e_6132295fcf5570fb8b0a944ef322a598fc0.jpg?1785065085,Crystal,63,0,WAR
Fandrix Shadowsong,36051326,237,0,Louisoix,Chaos,199,0,e8515941184b5c25f2622f1899a0969a_0a122616f3718d3f45cab10fd8fc1604fc0.jpg?1785064645,Crystal,44,0,RPR
Nemesis Sol,49622209,238,0,Shiva,Light,199,0,1bcb80e23a56918c49abb6d50ef563af_3fbff0e6b620e4d259dc427abc6574dafc0.jpg?1785062785,Crystal,35,0,RPR
Gella Plathat,59116080,239,0,Omega,Chaos,198,0,ec421ed13acf88ada74b3e5665aa453f_39e25ac3d737c46452305eefe324372cfc0.jpg?1785064594,Crystal,69,0,DRK
Morienne Gailrayne,16595393,240,0,Ragnarok,Chaos,197,0,016a1e6f226ff27aa77220213d1054ec_40d57ba713628f3f1ef5ef204b6d76d2fc0.jpg?1785062964,Crystal,136,0,GNB
Yoe Lleufyn,28631681,241,0,Phoenix,Light,197,0,9584dd8fac44ba749b0855105a0e29e9_5047bc596a4bab2dc7f7c120bb22dec5fc0.jpg?1785062748,Crystal,89,0,PCT
Kryptic Wytch,41390399,242,0,Louisoix,Chaos,197,0,d42732bdf33a94bb3455f1ed67717b79_0a122616f3718d3f45cab10fd8fc1604fc0.jpg?1785066031,Crystal,69,0,SMN
Mhia Mewrilah,26716262,243,0,Omega,Chaos,196,0,6b70c463b87dca3437d37504f74aad3b_39e25ac3d737c46452305eefe324372cfc0.jpg?1785066110,Crystal,37,0,WAR
Bagel Egg,18929023,244,0,Omega,Chaos,101,0,f655117235b1c0d199ca39849579a631_39e25ac3d737c46452305eefe324372cfc0.jpg?1785064920,Crystal,140,0,BLM
Ermengile Vual,8777256,245,0,Lich,Light,101,0,bc75cd759974dafbe7693c4d8e62a079_7206469080400ed57a5373d0a9c55c59fc0.jpg?1785063382,Crystal,87,0,RDM
Smoothie Sour,42056621,246,0,Zodiark,Light,101,0,247388cdfc4db1451cf9df83cce7b3a1_c274370774c6bc3483cc8740805f41bcfc0.jpg?1785064168,Crystal,68,0,MNK
Laela Hyun,59589734,247,0,Phantom,Chaos,101,0,a377ba040d4300db7c8df4efc92acd53_f0a43d6e5eea19af337a176e9836acddfc0.jpg?1785065603,Crystal,29,0,UNK
Sir Azmuth,21784845,248,0,Lich,Light,100,0,aaa9e4ee439eaa5d584760975605186f_7206469080400ed57a5373d0a9c55c59fc0.jpg?1785062956,Crystal,282,0,SAM
Risetto Miracle,4149642,249,0,Cerberus,Chaos,100,0,9c3b61c099406a913a1a59f2cc13bedb_777c57311d510ca65dac3c1077dee435fc0.jpg?1785065061,Crystal,262,0,PLD
Lina Sunstar,52075433,250,0,Spriggan,Chaos,100,0,d60c4576e74acfcd0ed77a6ea5d48800_feaf0a2e88ff164813fbc9b85876fa48fc0.jpg?1785064507,Crystal,248,0,WHM
Tisha Adori,32551351,251,0,Zodiark,Light,100,0,a1f13f2decf7933275b7ce63051dc06f_c274370774c6bc3483cc8740805f41bcfc0.jpg?1785064919,Crystal,232,0,MCH
Luna Hakke,42328306,252,0,Louisoix,Chaos,100,0,9cf65bdf59b943f9ef2a6dbe51f81cff_0a122616f3718d3f45cab10fd8fc1604fc0.jpg?1785064668,Crystal,221,0,FSH
Athena Olympe,44680885,253,0,Sagittarius,Chaos,100,0,7e7afe9e9cebc29cee3220c1e0530540_44ca0844398b2d010d8cd4a31ddb023dfc0.jpg?1785065622,Crystal,174,0,BLM
Belle Vizard,45223419,254,0,Zodiark,Light,100,0,ed3ae9d5a0b07a82857ae877f9a664f9_c274370774c6bc3483cc8740805f41bcfc0.jpg?1785065150,Crystal,173,0,BTN
Haki Haki,8290724,255,0,Ragnarok,Chaos,100,0,3fc43df6da1c629c59b5cdae63dee7a7_40d57ba713628f3f1ef5ef204b6d76d2fc0.jpg?1785062659,Crystal,172,0,RPR
C'rhun Tia,59338588,256,0,Spriggan,Chaos,100,0,b2ff4ed07ded26f7b90db369f6c22e10_feaf0a2e88ff164813fbc9b85876fa48fc0.jpg?1785065936,Crystal,160,0,BLM
Astinus Zivlyne,4289243,257,0,Shiva,Light,100,0,1d876b5e49c40cda49b1b7afdd305d4d_3fbff0e6b620e4d259dc427abc6574dafc0.jpg?1785066017,Crystal,159,0,GNB
Deimos Irithyll,48638475,258,0,Spriggan,Chaos,100,0,7ea6bae8453e328b80cc3f5a481cbbce_feaf0a2e88ff164813fbc9b85876fa48fc0.jpg?1785063685,Crystal,144,0,DRK
Amarth Vual,37220642,259,0,Lich,Light,100,0,64bdc4017f196c6ab4c813692496b5f6_7206469080400ed57a5373d0a9c55c59fc0.jpg?1785063648,Crystal,142,0,PLD
Carathiel Shinoburi,38190661,260,0,Zodiark,Light,100,0,da39fa1a462c25abf3882bf75a620c85_c274370774c6bc3483cc8740805f41bcfc0.jpg?1785065488,Crystal,138,0,VPR
Naralis A'roihan,35460975,261,0,Odin,Light,100,0,39833ac3dfdbb3ea64ab911763fea294_644311b63b607133c989d7c1188467dafc0.jpg?1785065160,Crystal,135,0,SCH
The Badger,29433722,261,0,Louisoix,Chaos,100,0,2240520d1b90584a14d87ffbf04ae47f_0a122616f3718d3f45cab10fd8fc1604fc0.jpg?1785065619,Crystal,135,0,NIN
Whille Crimson,51496026,261,0,Phoenix,Light,100,0,1e469ad8dae54b7258264a64f570764f_5047bc596a4bab2dc7f7c120bb22dec5fc0.jpg?1785064091,Crystal,135,0,RDM
Guimiko Miko,54285624,264,0,Moogle,Chaos,100,0,610c37aeb64c6149d7c6d5ea93a8114e_d7a9d5f85a29d6278ec1c7adc2c8d242fc0.jpg?1785064037,Crystal,129,0,RDM
Kai Usami,51704875,265,0,Raiden,Light,100,0,de98603cf09d40c4587c720f86e73817_a370664d98f658f4ed4e620f378f73cdfc0.jpg?1785064809,Crystal,126,0,UNK
Kitty Purr,35221239,265,0,Zodiark,Light,100,0,5255b02c0e30309529735d2aa66456c5_c274370774c6bc3483cc8740805f41bcfc0.jpg?1785062717,Crystal,126,0,WHM
Spannah Banana,26233821,267,0,Spriggan,Chaos,100,0,982829c9c509b90f9e17b94711c775dd_feaf0a2e88ff164813fbc9b85876fa48fc0.jpg?1785063972,Crystal,124,0,GNB
Ankara Vishek,12099992,268,0,Moogle,Chaos,100,0,cf118c16a7eb33ba93666479ae0ecdcd_d7a9d5f85a29d6278ec1c7adc2c8d242fc0.jpg?1785062724,Crystal,123,0,WHM
Ragar Sidurg,23206420,268,0,Spriggan,Chaos,100,0,1e734f228a155231a79a6c1e3847f03a_feaf0a2e88ff164813fbc9b85876fa48fc0.jpg?1785064155,Crystal,123,0,PLD
Malf Tribal,1316149,270,0,Ragnarok,Chaos,100,0,0d4677e97d392a4d6d73c4a1d2eb649c_40d57ba713628f3f1ef5ef204b6d76d2fc0.jpg?1785065962,Crystal,121,0,VPR
Roy Dimgao,29524655,271,0,Omega,Chaos,100,0,320af7149c63c337e5826c2c2cc1bf37_39e25ac3d737c46452305eefe324372cfc0.jpg?1785064760,Crystal,120,0,RDM
Magidolce Magileine,39132419,272,0,Twintania,Light,100,0,088bd05d5a98251023ecb7e28a638b68_c33f640c0cdd35f7def85b8aa31a0007fc0.jpg?1785065533,Crystal,116,0,SMN
Gwen Farron,10011051,273,0,Ragnarok,Chaos,100,0,3348ff23f3315e0457aa0694f655e953_40d57ba713628f3f1ef5ef204b6d76d2fc0.jpg?1785064187,Crystal,114,0,VPR
Leonie Tschol,33602467,274,0,Alpha,Light,100,0,988fb2b1158b280093082c2d60d9ecd8_6132295fcf5570fb8b0a944ef322a598fc0.jpg?1785065405,Crystal,110,0,UNK
Keylinda Heliopsis,44659154,275,0,Moogle,Chaos,100,0,aae227ec83063cc479b9c5f6fb803e66_d7a9d5f85a29d6278ec1c7adc2c8d242fc0.jpg?1785065559,Crystal,104,0,SCH
Im'sippin Teainyohood,41868775,276,0,Spriggan,Chaos,100,0,f9bdc504ea65d75dff881dc39aa71089_feaf0a2e88ff164813fbc9b85876fa48fc0.jpg?1785065643,Crystal,101,0,RPR
Lucian Raven,28273459,277,0,Phantom,Chaos,100,0,ab81bc7b4d2082d69e0f255ec9cdd252_f0a43d6e5eea19af337a176e9836acddfc0.jpg?1785065385,Crystal,100,0,PLD
Lion Lad,60548427,278,0,Phantom,Chaos,100,0,69af2e062eb7ba4549c964e1fbc8b79e_f0a43d6e5eea19af337a176e9836acddfc0.jpg?1785062945,Crystal,99,0,GNB
Brutal Truth,56638981,279,0,Cerberus,Chaos,100,0,ce43b4542e859609d78149e83cbd88d0_777c57311d510ca65dac3c1077dee435fc0.jpg?1785063646,Crystal,98,0,UNK
Daniel Engel,26448435,279,0,Louisoix,Chaos,100,0,7e4aaacb0f4ec1758f1b0fed5b08bda0_0a122616f3718d3f45cab10fd8fc1604fc0.jpg?1785064798,Crystal,98,0,BTN
Ash Dreadsaint,16641514,281,0,Alpha,Light,100,0,35babc8a56d97c1de09ffbf594068bd0_6132295fcf5570fb8b0a944ef322a598fc0.jpg?1785063184,Crystal,93,0,BSM
Autuas Au,37357840,281,0,Phantom,Chaos,100,0,5c8929453beb42fb1a167e93eca11abf_f0a43d6e5eea19af337a176e9836acddfc0.jpg?1785062524,Crystal,93,0,UNK
Power Simp,25891398,281,0,Louisoix,Chaos,100,0,79d822f877484f67edcc4c3e60fcae05_0a122616f3718d3f45cab10fd8fc1604fc0.jpg?1785064578,Crystal,93,0,MNK
Castihel Helheim,22448280,284,0,Cerberus,Chaos,100,0,2fddace6db36d01b184ad6722a0deada_777c57311d510ca65dac3c1077dee435fc0.jpg?1785065754,Crystal,92,0,MNK
Alterion Vinea,12652045,285,0,Spriggan,Chaos,100,0,9bffaa652b4614ee6c33fdd6e07fdea8_feaf0a2e88ff164813fbc9b85876fa48fc0.jpg?1785064729,Crystal,91,0,DRK
Morwen Estel,30986038,286,0,Spriggan,Chaos,100,0,d5f78a64fee356807e587e9ff770c7f0_feaf0a2e88ff164813fbc9b85876fa48fc0.jpg?1785064274,Crystal,86,0,WAR
Roostar Luna,8325105,286,0,Moogle,Chaos,100,0,68034435c8a0a8835a6400d6edf49f9c_d7a9d5f85a29d6278ec1c7adc2c8d242fc0.jpg?1785063667,Crystal,86,0,SCH
Levin Cinderspark,7831411,288,0,Phoenix,Light,100,0,2c952e426cab2edc93ecd31b364ee7c5_5047bc596a4bab2dc7f7c120bb22dec5fc0.jpg?1785063251,Crystal,84,0,RDM
Red Shrapnel,60773923,289,0,Louisoix,Chaos,100,0,1247896703071c9b5aea868063b9d8d8_0a122616f3718d3f45cab10fd8fc1604fc0.jpg?1785064811,Crystal,82,0,MNK
Corin Blossom,18384631,290,0,Phoenix,Light,100,0,8c3c4fd1e2f07f7cf67dbfebb59bd874_5047bc596a4bab2dc7f7c120bb22dec5fc0.jpg?1785065541,Crystal,77,0,WHM
Only Zans,58389533,290,0,Ragnarok,Chaos,100,0,09b8154a2e83614f3bf922366c18009b_40d57ba713628f3f1ef5ef204b6d76d2fc0.jpg?1785064557,Crystal,77,0,SAM
Xayah Highwind,30034741,290,0,Twintania,Light,100,0,4630d9647d6a9f9bc77297c5ac1fcdf8_c33f640c0cdd35f7def85b8aa31a0007fc0.jpg?1785063287,Crystal,77,0,GNB
Fa Furlong,32473004,293,0,Raiden,Light,100,0,be787d312e3525d616b7e80a7b99db35_a370664d98f658f4ed4e620f378f73cdfc0.jpg?1785062561,Crystal,75,0,RDM
Kohga Sol,31734160,294,0,Twintania,Light,100,0,06f8a2545aaf30eea263b16cdbfab721_c33f640c0cdd35f7def85b8aa31a0007fc0.jpg?1785064888,Crystal,66,0,UNK
Dakoa Overture,21927853,295,0,Sagittarius,Chaos,100,0,6ad81024171798ca03f50f74fc0c33c6_44ca0844398b2d010d8cd4a31ddb023dfc0.jpg?1785066109,Crystal,64,0,SCH
Nala Larsen,50041205,296,0,Odin,Light,100,0,600ab2abc40fc314944e0135e92ece06_644311b63b607133c989d7c1188467dafc0.jpg?1785064447,Crystal,63,0,DRG
Fyrilstyr Dhemtylswys,14930999,297,0,Phoenix,Light,100,0,27bf825b7aff373abbfd9f17b1002857_5047bc596a4bab2dc7f7c120bb22dec5fc0.jpg?1785063604,Crystal,62,0,FSH
Lexillia Lanthir,41862272,298,0,Odin,Light,100,0,277626983a52ce5f2b3a2581e88bf62d_644311b63b607133c989d7c1188467dafc0.jpg?1785063718,Crystal,61,0,WHM
Naomi Rizumi,18165825,298,0,Phoenix,Light,100,0,bccdea94d889ca6193ccff3de3279fb3_5047bc596a4bab2dc7f7c120bb22dec5fc0.jpg?1785063535,Crystal,61,0,PCT
Frankin Cense,55837285,300,0,Phantom,Chaos,100,0,66d73a439bb3c6e7de4aaa666c855031_f0a43d6e5eea19af337a176e9836acddfc0.jpg?1785065671,Crystal,57,0,UNK
Roric Thorne,59323169,1,0,Pandaemonium,Mana,10053,0,4ff669632484c5fdf241ea2b9f955435_470db1bf2e865f9130531fea40b61ee4fc0.jpg?1785065229,Ultima,373,0,PLD
Bakeke Bake,40527195,2,0,Asura,Mana,6407,0,2df47416611081755cf9e0cd7c586afa_53f1445a9f28799a32ea55f046319fc3fc0.jpg?1785066002,Ultima,533,0,WAR
Kite Free,28865954,3,0,Kujata,Elemental,6310,0,b602646591e3d050094503c65590ee4c_72c48f093f2278ac3243962d3eb6a8d7fc0.jpg?1785065488,Ultima,276,0,MNK
Kyna Hollowmere,19513671,4,0,Ultima,Gaia,6195,0,0be76be169149031a95851a9784b6f4e_9df1b3cb0da35db33c17ef11ddf12adafc0.jpg?1785065499,Ultima,182,0,UNK
Vivi Ann,4766157,5,0,Kujata,Elemental,5841,0,9543e197b2faf03aa21058f9deedc408_72c48f093f2278ac3243962d3eb6a8d7fc0.jpg?1785064055,Ultima,258,0,GNB
Aries San,12460047,6,0,Tiamat,Gaia,5721,0,00a39e6a3c0cb6e9529ffdf15a10dadb_9f10d335198e90990f3437c5733468e7fc0.jpg?1785064464,Ultima,216,0,DRG
Cueina Uumi,33613184,7,10,Titan,Mana,5458,199,4a3fdc9fad1aa97abf3126f39a4f20a8_e2bb3f9679fec6d4836fcf8abcc3eeacfc0.jpg?1785064925,Ultima,317,2,MNK
Shien Tia,43209576,8,7,Ixion,Mana,5404,0,bd7a6b413b4e6770e7c2860d540ae37a_7126768d768f6c6c7fed3eaee98c3a8afc0.jpg?1785063481,Ultima,223,0,AST
Djinn Piston,44999217,9,8,Durandal,Gaia,5343,0,f34e66517ae3b26262c9b4f09835c5a0_806ea5b45071d5cd6bf393e38462ee71fc0.jpg?1785064866,Ultima,189,0,MNK
Ponpo Pon,56873304,10,9,Hades,Mana,5286,0,600454317aaffa28f027b6565a3f96d4_a4730651230dd43cb129562a30d531aefc0.jpg?1785066021,Ultima,247,0,UNK
Ciel Cocco,27192023,11,0,Anima,Mana,5173,0,05df3829299dc9e3c4ba0bceb512525a_2f698530a28d671d20278c8518c804c9fc0.jpg?1785063596,Ultima,395,0,PLD
Rya Myosotisy,44244496,12,0,Asura,Mana,5081,0,d39af5863481d80b66f4fe05bf80d003_53f1445a9f28799a32ea55f046319fc3fc0.jpg?1785065736,Ultima,338,3,DRG
Laz Line,24752891,13,24,Typhon,Elemental,5064,578,8162ca0624f1f8214bf9da8339268456_32d8c9c7cd5f62d62da2d31b6750a680fc0.jpg?1785062897,Ultima,93,6,BLM
Paker Zuka,35106373,14,0,Bahamut,Gaia,5063,92,1dfba22310e23cd21bd3a7481bf928e1_86da943caa70c8694707ab2ff74e68c9fc0.jpg?1785064197,Ultima,137,4,UNK
Tur Vi,29441650,15,13,Ixion,Mana,5044,0,c25db65c8bbbbc541970e309edde5c7b_7126768d768f6c6c7fed3eaee98c3a8afc0.jpg?1785065804,Ultima,160,0,PCT
Kuno Cadenzavnaeve,42178142,16,15,Ifrit,Gaia,4961,0,85baa25ca299e93ef56226f40814f03b_f9f796348bc43067c7242ec4551cde69fc0.jpg?1785065747,Ultima,285,0,WAR
Makina Belg,23683223,17,16,Belias,Meteor,4922,0,ffed281791b6f91e5a2000e4917cfeeb_894c4bd0beab2e2beb44b74f4c4bd206fc0.jpg?1785063667,Ultima,547,17,RDM
Uki Yo,51266984,18,17,Masamune,Mana,4913,0,347559208f269f3d5b82766f01da8b88_134930215abb8a90ec37d6cc05b05e08fc0.jpg?1785065932,Ultima,179,0,DRK
Pallas Athene,2406168,19,18,Shinryu,Meteor,4772,2,53bb581fc41367c292fd90f3c8eafe9f_87b7d447f40b06dfc7228caf195f7dcffc0.jpg?1785064925,Ultima,143,3,SCH
Lavinia Rose,32448242,20,19,Ridill,Gaia,4743,0,31695edd5c926e7110510347f7d22254_138751880f18161a907d7cf0faa43f07fc0.jpg?1785062993,Ultima,172,1,NIN
Sorin Maki,53900927,21,20,Durandal,Gaia,4657,0,b0d4570e39585eb6b5ba7458ff8781a7_806ea5b45071d5cd6bf393e38462ee71fc0.jpg?1785065970,Ultima,149,0,SAM
Extra Mage,26831533,22,21,Garuda,Elemental,4632,0,aed9bb13f4dad6a80690e4d58ee69af3_fcb1f5b0249d1069e5bdc66d0796f26afc0.jpg?1785065978,Ultima,234,0,PLD
Noin Kurial,23981966,23,22,Asura,Mana,4610,100,83830f722858537d3bbdd6afabacaa3d_53f1445a9f28799a32ea55f046319fc3fc0.jpg?1785062886,Ultima,226,5,WAR
Okome Justice,58734775,24,23,Durandal,Gaia,4504,0,3589d26a22faffebd4c39812822aab8a_806ea5b45071d5cd6bf393e38462ee71fc0.jpg?1785062576,Ultima,135,0,PCT
Naku Cha,51398763,25,0,Zeromus,Meteor,4468,0,d1f355424cec05811e0f15dc0a707de5_c76848359d0b4d2f37aefbb9903ed97bfc0.jpg?1785062899,Ultima,112,5,MNK
Hatozo Ito,39455624,26,72,Typhon,Elemental,4445,398,a2de1cbebb1230e8f11f0fa765df7d0f_32d8c9c7cd5f62d62da2d31b6750a680fc0.jpg?1785064157,Ultima,308,12,WAR
Robs Wiz,47501636,27,26,Aegis,Elemental,4385,0,24b0e4e155ae76da2a553003980ac156_3ea38e723c590aabf186367e1eb7e6a1fc0.jpg?1785065778,Ultima,731,4,DRG
Yurugi Koyurugi,29769522,28,27,Belias,Meteor,4378,0,ce65dfc48d522a7a126208d94cdc2852_894c4bd0beab2e2beb44b74f4c4bd206fc0.jpg?1785062550,Ultima,175,0,PLD
Lancer Yan,18545180,29,28,Fenrir,Gaia,4355,0,b5d95c2f29f83c258c8ed96425acd32b_d384cf5ad7db803f29799f36ebbc3eadfc0.jpg?1785062917,Ultima,153,7,AST
Inori Chan,54439983,30,73,Asura,Mana,4327,280,924e00538b2fef48f1ddd6b463e8f7ef_53f1445a9f28799a32ea55f046319fc3fc0.jpg?1785062621,Ultima,175,12,SCH
Hikaru Amanogawa,22328800,31,29,Unicorn,Meteor,4296,0,10c9a25326afee4317a56637bf59a2dc_393eb74047bb90c8d80dea54218430eefc0.jpg?1785063324,Ultima,338,0,UNK
Tina Rilu,19729040,32,30,Garuda,Elemental,4285,0,d2789c8cf5b13d90860d1cf75ac8f3e4_fcb1f5b0249d1069e5bdc66d0796f26afc0.jpg?1785062958,Ultima,93,0,UNK
Nicku Nicku,18939474,33,31,Tonberry,Elemental,4281,0,c713d7a775bba8adf5d47b2630f63674_7bb6b1e488f0e4f01c5314d010b60f31fc0.jpg?1785063002,Ultima,366,0,UNK
Rex Cold,46340519,34,32,Bahamut,Gaia,4279,0,5a590acfa6bbe6cddd1eb5143c7070f2_86da943caa70c8694707ab2ff74e68c9fc0.jpg?1785065092,Ultima,147,0,UNK
K' R',8489348,35,33,Chocobo,Mana,4268,0,38834b79bf39846f80b605b4a592c2eb_781d6b3603312f6be41670afa37282e0fc0.jpg?1785064051,Ultima,171,3,AST
Ml Tei,47822875,36,34,Alexander,Gaia,4258,0,259bd72e639c252e3e6ab819661c07a6_b7a71d8799cf6dd75b711a7f52de6675fc0.jpg?1785065093,Ultima,96,0,DRG
Emil Sarasun,7191072,37,35,Asura,Mana,4246,0,052a2527c0dee23533f8162c40d66898_53f1445a9f28799a32ea55f046319fc3fc0.jpg?1785062717,Ultima,112,1,MNK
Tirumu Pirumu,31090405,38,36,Anima,Mana,4235,0,24135dbec64e2f95240873c43ad18659_2f698530a28d671d20278c8518c804c9fc0.jpg?1785065299,Ultima,253,0,DRG
Errer Errant,28706539,39,37,Asura,Mana,4229,0,14833bd371ac70e05cffe6a03634bb61_53f1445a9f28799a32ea55f046319fc3fc0.jpg?1785063335,Ultima,114,0,DRK
Envy Lua,43034484,40,38,Valefor,Meteor,4209,0,e7cd2d55788c0aa6cbc5b71284096360_485f4777c38002871591fb54f27edc65fc0.jpg?1785064927,Ultima,277,0,AST
Desire Drive,5396012,41,39,Yojimbo,Meteor,4209,0,4f60f8a5453f05522e828234043a6edb_4a92c619bde4f34cfa77e05fef21ad85fc0.jpg?1785066101,Ultima,191,0,PLD
Merry Scrald,11886780,42,40,Belias,Meteor,4204,0,7bfbd82582fd003bc514339935d874a7_894c4bd0beab2e2beb44b74f4c4bd206fc0.jpg?1785062807,Ultima,181,0,WAR
Yumichin Nekoangel,11505114,43,57,Chocobo,Mana,4183,99,43e39ba4314b9f81eb1067f163d33ed5_781d6b3603312f6be41670afa37282e0fc0.jpg?1785065964,Ultima,138,1,RPR
Deisia Touna,31397456,44,41,Mandragora,Meteor,4182,0,f9bdcbbd105a361017ee7dd26bde2ea6_ee738654add55c3d07ea92d8e108074cfc0.jpg?1785065855,Ultima,383,0,SMN
Kageto Magatsuki,36052369,45,42,Ultima,Gaia,4179,0,c99eebd98f0729313042324985a6fc9a_9df1b3cb0da35db33c17ef11ddf12adafc0.jpg?1785065136,Ultima,316,0,BLM
Buronko San,22145554,46,43,Fenrir,Gaia,4178,0,f3682fba79a377e3f0c0bd47d12f7e2a_d384cf5ad7db803f29799f36ebbc3eadfc0.jpg?1785065028,Ultima,620,0,WHM
Furanzeska Sumeragi,8414050,47,60,Tonberry,Elemental,4178,99,7300d72d23103eb5494b3e21bf99b3b6_7bb6b1e488f0e4f01c5314d010b60f31fc0.jpg?1785065410,Ultima,358,3,RDM
Tam Sin,26754914,48,44,Ultima,Gaia,4164,0,4e875947aa4b95d1be857096f32d4ae8_9df1b3cb0da35db33c17ef11ddf12adafc0.jpg?1785065597,Ultima,386,0,SAM
Ichigo Jasmine,57027122,49,65,Shinryu,Meteor,4161,96,17fae3561e1e77d262d93652dbd0bdc4_87b7d447f40b06dfc7228caf195f7dcffc0.jpg?1785063670,Ultima,114,1,SAM
Seraki Matsushima,43566777,50,45,Ixion,Mana,4155,0,1e4675de3ee8e4d8e053dede59297104_7126768d768f6c6c7fed3eaee98c3a8afc0.jpg?1785065573,Ultima,178,0,PLD
Oriental Art,1070191,51,46,Chocobo,Mana,4142,0,d31830cb71830b425529f231f39e776b_781d6b3603312f6be41670afa37282e0fc0.jpg?1785064140,Ultima,631,10,VPR
El' Sha,19335485,52,47,Asura,Mana,4128,0,86739dc8419ed1d9cecc301ce7b5eaf7_53f1445a9f28799a32ea55f046319fc3fc0.jpg?1785065989,Ultima,88,0,DRG
Shiki Hime,30001957,53,48,Kujata,Elemental,4119,0,b06fdd560338ca779e896af5187d8c0f_72c48f093f2278ac3243962d3eb6a8d7fc0.jpg?1785064571,Ultima,153,0,PLD
Ahhhhhhhhh Haaaaaaaaa,27905070,54,49,Fenrir,Gaia,4113,0,677ceae1da7d90401ff11febbe50cff8_d384cf5ad7db803f29799f36ebbc3eadfc0.jpg?1785065837,Ultima,227,0,MNK
Haloa Eclipsa,60768365,55,50,Ultima,Gaia,4110,0,7bf84b5510e3d14e11b171fa380960a4_9df1b3cb0da35db33c17ef11ddf12adafc0.jpg?1785065215,Ultima,276,0,UNK
Yoochan Fantasy,30892468,56,51,Anima,Mana,4108,0,179b316106d60bb1488917ac1c45548c_2f698530a28d671d20278c8518c804c9fc0.jpg?1785062643,Ultima,585,7,DRG
Kuros Mu,61049213,57,52,Pandaemonium,Mana,4099,0,9e807a625f663b98bc3f5699b41c95e5_470db1bf2e865f9130531fea40b61ee4fc0.jpg?1785064893,Ultima,138,0,UNK
Miqo Myers,423464,58,53,Tonberry,Elemental,4096,0,38f012277b0a413b8b9a91cbcc48125a_7bb6b1e488f0e4f01c5314d010b60f31fc0.jpg?1785065063,Ultima,104,0,MCH
Tilt Woman,55859492,59,54,Pandaemonium,Mana,4090,0,98373a21fc1a6cf9bd092eac3de34b6d_470db1bf2e865f9130531fea40b61ee4fc0.jpg?1785065193,Ultima,237,0,VPR
Kim Shin,2354630,60,55,Masamune,Mana,4090,0,9d6bba308f1c44ad24883a9717b4d480_134930215abb8a90ec37d6cc05b05e08fc0.jpg?1785065315,Ultima,100,0,VPR
Mio Akiyama,53897066,61,56,Typhon,Elemental,4088,0,08efea7e3690a0cd67bb8a7db992426e_32d8c9c7cd5f62d62da2d31b6750a680fc0.jpg?1785064426,Ultima,87,0,GNB
Sensei Jyutusi,20995129,62,58,Chocobo,Mana,4082,0,218ddf1e9e095da9f0b9d5866f9f2d80_781d6b3603312f6be41670afa37282e0fc0.jpg?1785062602,Ultima,119,0,WHM
Accelerator Xiv,1058666,63,59,Masamune,Mana,4080,0,08f441a7cc3b927d28faf90a07168acd_134930215abb8a90ec37d6cc05b05e08fc0.jpg?1785064195,Ultima,455,0,BLM
Neku Xyst,23660389,64,61,Ifrit,Gaia,4075,0,fb1f5fe2519e579c50b2b5aa89992706_f9f796348bc43067c7242ec4551cde69fc0.jpg?1785065607,Ultima,661,0,VPR
Corvus Gradior,27132837,65,62,Titan,Mana,4071,0,7d80ef18f8183b40dd80776987e971f6_e2bb3f9679fec6d4836fcf8abcc3eeacfc0.jpg?1785066005,Ultima,222,0,MNK
Yan Yan,3182501,66,63,Alexander,Gaia,4069,0,5cd079575de2bd01f87a188c93738695_b7a71d8799cf6dd75b711a7f52de6675fc0.jpg?1785063332,Ultima,370,0,NIN
Hildemir Draekhal,19867869,67,64,Pandaemonium,Mana,4068,0,c9139c74e892e02e3f093ba41bd8a7e8_470db1bf2e865f9130531fea40b61ee4fc0.jpg?1785065638,Ultima,90,0,WAR
Aizen Sosuke,46625154,68,66,Asura,Mana,4062,0,084fe9c7ee753ba32657d9e49b4edde5_53f1445a9f28799a32ea55f046319fc3fc0.jpg?1785063907,Ultima,261,0,UNK
Maldis Cursethral,58589502,69,67,Hades,Mana,4062,0,0fa2d33a580572b13ec4fcf3eccf8a88_a4730651230dd43cb129562a30d531aefc0.jpg?1785063033,Ultima,150,0,WHM
Lukina Sirobara,36212672,70,68,Pandaemonium,Mana,4057,0,573347a79b731b2e3fe15b5588caceaa_470db1bf2e865f9130531fea40b61ee4fc0.jpg?1785065979,Ultima,200,0,DRG
Esperante Shock,19984730,71,69,Belias,Meteor,4054,0,5a7fdd83506e2a8db66643b0ab42c824_894c4bd0beab2e2beb44b74f4c4bd206fc0.jpg?1785062645,Ultima,310,0,AST
Kappi Scarlet,11922639,72,70,Asura,Mana,4050,0,820f32c739a02029fdacf6c96cbf1fa4_53f1445a9f28799a32ea55f046319fc3fc0.jpg?1785066032,Ultima,312,0,RPR
Hyunsik Lee,59757026,73,71,Typhon,Elemental,4049,0,d171f47402375bca99a35c72ebcb7e48_32d8c9c7cd5f62d62da2d31b6750a680fc0.jpg?1785063035,Ultima,535,0,DNC
Falaris Whitemoon,39272552,74,0,Carbuncle,Elemental,4043,0,ba7f541c520a57e21fce1321218d73b3_9eb3c19866f7ae0eeeffac7bf770aba5fc0.jpg?1785065626,Ultima,948,0,MNK
Tomomomo Momomo,25830708,75,0,Ramuh,Meteor,4040,0,d1b6359fffbcc60e8bddc1120dc05d55_410ddb5a66a2fcacf538bec5ea5d0291fc0.jpg?1785066026,Ultima,293,0,SCH
Tsuki Umi,11484,76,0,Aegis,Elemental,4038,0,3aaaae6cddd9873011bc36ef76a0b349_3ea38e723c590aabf186367e1eb7e6a1fc0.jpg?1785063830,Ultima,143,0,ARM
Jay Eins,3930926,77,0,Chocobo,Mana,4031,0,31d212c5602873cad51c02ca3a1707f4_781d6b3603312f6be41670afa37282e0fc0.jpg?1785066029,Ultima,138,0,BLM
Yuki Macaron-vanille,37997737,78,0,Ridill,Gaia,4027,0,87df14febf49ad8a24a323b239fb3250_138751880f18161a907d7cf0faa43f07fc0.jpg?1785066015,Ultima,319,0,RDM
Harvey Elliot,52755788,79,0,Tiamat,Gaia,4023,0,7c1e360488331aa40559e9c8df25cba0_9f10d335198e90990f3437c5733468e7fc0.jpg?1785066064,Ultima,171,0,SCH
Kine Uffelmann,20050491,80,0,Kujata,Elemental,4021,0,3411a0b34b7e20b7f4516cd81c87ae01_72c48f093f2278ac3243962d3eb6a8d7fc0.jpg?1785064799,Ultima,201,0,WAR
Mila Scarlettt,6352963,81,116,Ifrit,Gaia,4018,498,fff29974da6d3c8e0a99a4807e562f53_f9f796348bc43067c7242ec4551cde69fc0.jpg?1785064869,Ultima,210,6,UNK
Hoshino Ai,47933529,82,81,Titan,Mana,4018,0,82bad71f761726aa0a737f36447d9f50_e2bb3f9679fec6d4836fcf8abcc3eeacfc0.jpg?1785062966,Ultima,162,0,MNK
Shinra Arasaka,24734269,83,82,Tiamat,Gaia,4010,0,2d735fa31b5cfcc7eabaae1839d0b731_9f10d335198e90990f3437c5733468e7fc0.jpg?1785062897,Ultima,170,1,NIN
Ciel Stella,51533638,84,83,Fenrir,Gaia,4009,0,52f9c83cef7bb341e8952d62c217ad1b_d384cf5ad7db803f29799f36ebbc3eadfc0.jpg?1785062584,Ultima,509,0,PLD
Erebus Nocturne,29093846,85,84,Mandragora,Meteor,4008,0,10729a038b6f7605d7212ba332e36dce_ee738654add55c3d07ea92d8e108074cfc0.jpg?1785062995,Ultima,57,0,MCH
Yuuking Furry,33025897,86,85,Titan,Mana,4005,0,7f17b13410ea4923bb6aff7a4488d9f5_e2bb3f9679fec6d4836fcf8abcc3eeacfc0.jpg?1785064910,Ultima,136,0,VPR
Sura Imo,25164389,87,86,Shinryu,Meteor,4003,0,d2cd07ab0f766e9dd870046dcc7fae97_87b7d447f40b06dfc7228caf195f7dcffc0.jpg?1785064426,Ultima,257,3,VPR
Nacreous Snowmelt,55586649,88,87,Asura,Mana,4001,0,2927bf8e620ad06dc8e1e74d7e3c071f_53f1445a9f28799a32ea55f046319fc3fc0.jpg?1785065971,Ultima,145,0,DRG
Caedes Rozwell,59220486,89,88,Hades,Mana,3991,0,abc11805bdc6149f2b27575bb4b9590b_a4730651230dd43cb129562a30d531aefc0.jpg?1785064560,Omega,266,13,VPR
Hase Schwarzer,17348743,90,89,Ifrit,Gaia,3938,0,9f1d5def954b7eaa9bbc2dbbbc03685c_f9f796348bc43067c7242ec4551cde69fc0.jpg?1785064087,Omega,342,0,PCT
Notttz Imbrium,50270248,91,90,Titan,Mana,3825,0,58a87ecc9a18820b07646a481a8154a4_e2bb3f9679fec6d4836fcf8abcc3eeacfc0.jpg?1785064250,Omega,336,1,PCT
Burger Cat,48909361,92,91,Ifrit,Gaia,3822,0,df7ee1f0a2afcf03dfe02f7ee1a6f4b1_f9f796348bc43067c7242ec4551cde69fc0.jpg?1785065360,Omega,151,23,AST
Aleve Umideno,36714458,93,129,Aegis,Elemental,3796,344,79d4cbe166eb56e4834662019ce7195e_3ea38e723c590aabf186367e1eb7e6a1fc0.jpg?1785063675,Omega,389,24,UNK
San Sowa,35604125,94,92,Ridill,Gaia,3785,21,c5fbf3709fd6b4c8fba74f67e0820609_138751880f18161a907d7cf0faa43f07fc0.jpg?1785065808,Omega,643,10,UNK
Tk Dkaehf,60241503,95,239,Ridill,Gaia,3734,969,44ccba19280c4f1ee559a5e0f995cf2f_138751880f18161a907d7cf0faa43f07fc0.jpg?1785063180,Omega,186,20,DRG
Basuta Kirito,31797927,96,93,Carbuncle,Elemental,3728,0,22b32c1986bb9c2732e5f877f7cbdbd6_9eb3c19866f7ae0eeeffac7bf770aba5fc0.jpg?1785064984,Omega,307,0,VPR
Ed Xii,61003934,97,94,Zeromus,Meteor,3725,0,abe7e4f5eb6a0af4b416d2bf4f34ef4d_c76848359d0b4d2f37aefbb9903ed97bfc0.jpg?1785065778,Omega,167,0,PLD
Pipi Rupipi,46388617,98,95,Ridill,Gaia,3719,0,b5eafab62aeba30f47ef1dc72cff8b3e_138751880f18161a907d7cf0faa43f07fc0.jpg?1785063553,Omega,591,0,PLD
Lucy Lumi,47171900,99,96,Alexander,Gaia,3698,0,a6f8cb087f5403400eedb72b22f74bd2_b7a71d8799cf6dd75b711a7f52de6675fc0.jpg?1785064164,Omega,258,0,AST
Mame Poporu,22836070,100,97,Ixion,Mana,3693,0,a886d90317b0e4205db7046757e57e53_7126768d768f6c6c7fed3eaee98c3a8afc0.jpg?1785062813,Omega,142,0,RDM
Satou Yaniko,43161519,101,98,Mandragora,Meteor,3689,0,6254475e27c450f9a0cc7396368cd49d_ee738654add55c3d07ea92d8e108074cfc0.jpg?1785065755,Omega,146,0,DNC
Nighty Night,18988730,102,99,Ridill,Gaia,3686,0,c6cbc2cdcc7153997bd10caf6fb0befb_138751880f18161a907d7cf0faa43f07fc0.jpg?1785064794,Omega,407,4,UNK
Satosan Fiftysix,26440218,103,100,Typhon,Elemental,3681,0,0b17719ebd757aaebd8ff00d5d1bd6f5_32d8c9c7cd5f62d62da2d31b6750a680fc0.jpg?1785065017,Omega,229,24,DRG
Rain Altairis,49017868,104,101,Anima,Mana,3679,0,b4c07e714fb372b397e72bad1e405135_2f698530a28d671d20278c8518c804c9fc0.jpg?1785065122,Omega,288,0,BRD
Mao Caprice,32793338,105,102,Titan,Mana,3679,0,101c8c73de660221dc8ad95fafa4ad3c_e2bb3f9679fec6d4836fcf8abcc3eeacfc0.jpg?1785065938,Omega,232,0,PLD
Ichi Nose,47690935,106,103,Anima,Mana,3671,0,e5763e50c78b581d893e30d828f47fa1_2f698530a28d671d20278c8518c804c9fc0.jpg?1785065835,Omega,204,0,BRD
Aurelia Stratosfera,26527089,107,104,Unicorn,Meteor,3641,0,0ed689683555a9555b96a5599288d4a1_393eb74047bb90c8d80dea54218430eefc0.jpg?1785063913,Omega,157,0,SAM
Black' Cat,27132360,108,105,Ifrit,Gaia,3622,0,25f0dd65be1cf71e9e26e0bcc0dc271f_f9f796348bc43067c7242ec4551cde69fc0.jpg?1785065940,Omega,372,10,DRG
Chiaki Gypsophila,3224896,109,106,Anima,Mana,3618,0,0c1c9b9742117c64cf36776db0d75c97_2f698530a28d671d20278c8518c804c9fc0.jpg?1785065295,Omega,180,2,RPR
Yunaneko Supira,25194794,110,107,Ultima,Gaia,3615,0,c0bc711bf1246d0da5eda5edf888392b_9df1b3cb0da35db33c17ef11ddf12adafc0.jpg?1785065695,Omega,296,0,UNK
Jack O'brian,12218514,111,132,Valefor,Meteor,3609,201,c75b51feaef2edd8ae7e838fdfef63ae_485f4777c38002871591fb54f27edc65fc0.jpg?1785063496,Omega,381,11,MNK
Hateful Past,26237856,112,108,Asura,Mana,3608,0,ed0c8f5d7b00b4c718fd834e96efdd7e_53f1445a9f28799a32ea55f046319fc3fc0.jpg?1785062627,Omega,317,0,PLD
Konegai Konegai,3277232,113,109,Masamune,Mana,3601,0,3a445dba3d4d2882c60b55a59669971b_134930215abb8a90ec37d6cc05b05e08fc0.jpg?1785065197,Omega,441,16,MCH
Aman Kaharmine,37434311,114,110,Belias,Meteor,3599,0,7fa9aa672753e286a5710cf338755727_894c4bd0beab2e2beb44b74f4c4bd206fc0.jpg?1785066034,Omega,567,0,UNK
Suteiki Niku,21443132,115,111,Ixion,Mana,3596,0,2f186f805d4bb29abd9458d61593b81a_7126768d768f6c6c7fed3eaee98c3a8afc0.jpg?1785062924,Omega,497,0,DRK
Kon Ganajai,30153993,116,112,Yojimbo,Meteor,3583,0,c4c400194f1226d993c42245f1f4b554_4a92c619bde4f34cfa77e05fef21ad85fc0.jpg?1785063321,Omega,265,0,DNC
Zsika Mu',18898369,117,113,Ridill,Gaia,3564,0,ed7f8569bf4537dfd9f2ea953ad59e8a_138751880f18161a907d7cf0faa43f07fc0.jpg?1785062634,Omega,204,0,UNK
Noctra Eclipsa,50183877,118,114,Tiamat,Gaia,3554,0,8e3ebdf98363554a11948dcd8d4eb99d_9f10d335198e90990f3437c5733468e7fc0.jpg?1785064580,Omega,224,13,UNK
Xignas Schwalbe,2577287,119,115,Anima,Mana,3530,0,726f737868161a35f25fb4e06bccf08e_2f698530a28d671d20278c8518c804c9fc0.jpg?1785062557,Omega,488,8,GNB
Lazulim Langheim,1644495,120,117,Ultima,Gaia,3518,0,997660bb7160cf32fb6806926222d151_9df1b3cb0da35db33c17ef11ddf12adafc0.jpg?1785065751,Omega,1092,15,NIN
Yagi San,51169718,121,137,Pandaemonium,Mana,3518,201,5c2aa18cba3910e6bcd393aabddfe674_470db1bf2e865f9130531fea40b61ee4fc0.jpg?1785063909,Omega,77,2,DNC
Holala Vvn,53437527,122,144,Durandal,Gaia,3514,195,60894d30cd8e7f556c8f877555a9e623_806ea5b45071d5cd6bf393e38462ee71fc0.jpg?1785064539,Omega,151,20,UNK
Lain Wired,1578110,123,118,Chocobo,Mana,3504,0,51b29015827612eb3c28c2c8dd0f43ef_781d6b3603312f6be41670afa37282e0fc0.jpg?1785062992,Omega,563,10,PCT
Myomyo Russel,31906659,124,119,Durandal,Gaia,3500,0,d38239c5e32915d54a47cbf3dce202dd_806ea5b45071d5cd6bf393e38462ee71fc0.jpg?1785065316,Omega,102,0,VPR
Kotori Angel,11433233,125,120,Alexander,Gaia,3498,0,249a60efd4f3f03c25a40a0c3c35d33f_b7a71d8799cf6dd75b711a7f52de6675fc0.jpg?1785063412,Omega,134,0,DRG
Kamai Tatsu,29892918,126,121,Belias,Meteor,3491,0,07af2e6006bf1cc13d61320c9564c48e_894c4bd0beab2e2beb44b74f4c4bd206fc0.jpg?1785066080,Omega,323,11,SAM
Loren Winter,6305432,127,122,Typhon,Elemental,3489,0,f076be1c4f461e4117de1f748845bf28_32d8c9c7cd5f62d62da2d31b6750a680fc0.jpg?1785065072,Omega,55,0,DRK
Akatuki Re,22410327,128,123,Carbuncle,Elemental,3483,0,b3e601fbc493d7bc642faec11f3c05fb_9eb3c19866f7ae0eeeffac7bf770aba5fc0.jpg?1785065546,Omega,544,4,RDM
Nuts-eater Masako,58818316,129,124,Aegis,Elemental,3483,0,ce8fb0e3178706a835225acb9558c0ed_3ea38e723c590aabf186367e1eb7e6a1fc0.jpg?1785063861,Omega,146,3,UNK
Fania Eckert,2837251,130,125,Titan,Mana,3482,0,7177d6fdd5036eebc72834f8376cd1cf_e2bb3f9679fec6d4836fcf8abcc3eeacfc0.jpg?1785065121,Omega,287,14,BLM
Inx Chrono,21920611,131,126,Yojimbo,Meteor,3477,0,83c01df24231dda93176c28e69768459_4a92c619bde4f34cfa77e05fef21ad85fc0.jpg?1785062723,Omega,999,11,SAM
Ajika Rajika,6811285,132,127,Tiamat,Gaia,3476,0,97621d00c96124d00a3c01cec2dde5f8_9f10d335198e90990f3437c5733468e7fc0.jpg?1785063030,Omega,134,2,UNK
Jikai Yokoku,52429272,133,128,Alexander,Gaia,3463,0,f004ff0d7175c98ad62d4ed99995320e_b7a71d8799cf6dd75b711a7f52de6675fc0.jpg?1785064461,Omega,236,0,SCH
Kaede Felis,33728274,134,130,Typhon,Elemental,3438,0,40686a32bf2ab631ff7e7677fc614cb3_32d8c9c7cd5f62d62da2d31b6750a680fc0.jpg?1785065443,Omega,304,0,DRG
Zwei Kreuz,14516450,135,131,Bahamut,Gaia,3432,0,367ea315b18ce50bb6f34a9ea77f3222_86da943caa70c8694707ab2ff74e68c9fc0.jpg?1785062995,Omega,236,5,UNK
Minato Haruka,57459700,136,133,Asura,Mana,3393,0,5f7508268722022e26bb9950825f7dea_53f1445a9f28799a32ea55f046319fc3fc0.jpg?1785065958,Omega,212,0,RDM
Mio Youmu,57323733,137,134,Ixion,Mana,3390,0,9507babebf0a85031aca059da299a6fa_7126768d768f6c6c7fed3eaee98c3a8afc0.jpg?1785064744,Omega,332,0,SCH
Mayoi Abc,26861701,138,135,Asura,Mana,3382,0,8fcdb396ed1452809966fc43e0a048f2_53f1445a9f28799a32ea55f046319fc3fc0.jpg?1785062713,Omega,165,0,SAM
Iz Levmel,17594950,139,136,Garuda,Elemental,3381,0,9e457ec4068931e92288544db8499aae_fcb1f5b0249d1069e5bdc66d0796f26afc0.jpg?1785066084,Omega,417,14,BSM
Coffee Lunchbox,29133751,140,138,Masamune,Mana,3377,0,a0adaaafa4c8c1ea9f653abf05701977_134930215abb8a90ec37d6cc05b05e08fc0.jpg?1785062543,Omega,351,0,MCH
Kanata Suzuumi,11384076,141,139,Mandragora,Meteor,3376,0,7fbbd37cfcc7580f4aceda1b74cf0a11_ee738654add55c3d07ea92d8e108074cfc0.jpg?1785062618,Omega,303,0,AST
Hakuto Leonard,4360852,142,184,Alexander,Gaia,3366,299,ce1414dce9b6aeb1f328bdf4840938bf_b7a71d8799cf6dd75b711a7f52de6675fc0.jpg?1785064609,Omega,253,14,DNC
Wally Deluaki,45789739,143,140,Hades,Mana,3340,0,4fb7feab6d0bc67088445d5355bf455a_a4730651230dd43cb129562a30d531aefc0.jpg?1785064165,Omega,334,0,DRG
Taroe Kobuta,8734523,144,141,Kujata,Elemental,3327,0,821347c202f7d7d6b676bd393bcdfdae_72c48f093f2278ac3243962d3eb6a8d7fc0.jpg?1785063324,Omega,705,20,RPR
Dome Violet,45179152,145,178,Masamune,Mana,3326,249,a95c15ebd393e5497d6641d375ec02b1_134930215abb8a90ec37d6cc05b05e08fc0.jpg?1785065198,Omega,556,10,BRD
Hero Zest,61341826,146,142,Durandal,Gaia,3326,0,692256fb058efd045284ad2b9f0e22b6_806ea5b45071d5cd6bf393e38462ee71fc0.jpg?1785066049,Omega,181,0,MNK
Wuruwuru Yaya,19903532,147,143,Asura,Mana,3320,0,c4dcc6326814217e41a2636e5dd8eea3_53f1445a9f28799a32ea55f046319fc3fc0.jpg?1785062599,Omega,425,0,NIN
Luna Skye,13964012,148,145,Asura,Mana,3317,0,75998454283a45455bc1a1a10c185067_53f1445a9f28799a32ea55f046319fc3fc0.jpg?1785063246,Omega,346,0,GSM
God Moai,4474924,149,146,Atomos,Elemental,3312,0,05f6a7a1f7ee2f6b156d711777e8411f_cf768a751b1f5e355c2fd39a9ed91f3ffc0.jpg?1785064366,Omega,191,0,CRP
Chisato Laetitia,56099994,150,147,Bahamut,Gaia,3305,0,1ba731eb7e63c6a087133132bbb51418_86da943caa70c8694707ab2ff74e68c9fc0.jpg?1785063059,Omega,379,21,UNK
Tsuchi Tsuki,39089046,151,148,Bahamut,Gaia,3304,0,032858264c706c6341f57dbef9e86da1_86da943caa70c8694707ab2ff74e68c9fc0.jpg?1785065325,Omega,393,4,DRK
Mialulu Sabotage,33714151,152,167,Tiamat,Gaia,3295,118,ed107570ce5fd9ee695034c45ef4d395_9f10d335198e90990f3437c5733468e7fc0.jpg?1785063764,Omega,198,7,RPR
Tarex Youva,26374295,153,149,Tonberry,Elemental,3288,0,7dad78de32b2e7e31077d03f095a81ac_7bb6b1e488f0e4f01c5314d010b60f31fc0.jpg?1785063152,Omega,467,0,VPR
Hana'ni Narou,55619969,154,150,Bahamut,Gaia,3285,0,6fed23863620c8b715cbb8ea2b38180f_86da943caa70c8694707ab2ff74e68c9fc0.jpg?1785065960,Omega,478,1,SAM
Surt Delsart,36791487,155,201,Carbuncle,Elemental,3281,296,8a235875533c6a7a42c502326fca8981_9eb3c19866f7ae0eeeffac7bf770aba5fc0.jpg?1785065039,Omega,89,7,PCT
Lhei Tayun,55776060,156,181,Chocobo,Mana,3272,198,d1e1c509f0fac227ceada972ddb424d4_781d6b3603312f6be41670afa37282e0fc0.jpg?1785063234,Omega,167,6,BLM
Renard Blanche,23991579,157,151,Garuda,Elemental,3268,0,77da911f4046b7b2f7d2dfc59cc9aa3b_fcb1f5b0249d1069e5bdc66d0796f26afc0.jpg?1785064948,Omega,169,12,RPR
Sharif Noah,16936604,158,152,Masamune,Mana,3255,0,1fc5fd537b710470e108b614f546dc1a_134930215abb8a90ec37d6cc05b05e08fc0.jpg?1785065489,Omega,193,0,PLD
Molo Muh,17586702,159,153,Shinryu,Meteor,3250,0,f37d7b5884c40c60928a17cf5ff36fcb_87b7d447f40b06dfc7228caf195f7dcffc0.jpg?1785065577,Omega,246,0,PLD
Ripa Warrick,44033179,160,154,Fenrir,Gaia,3248,0,42a47e1c0e32c9f818021cb7ac8799fc_d384cf5ad7db803f29799f36ebbc3eadfc0.jpg?1785063381,Omega,155,0,GNB
Spirit Fire,35482047,161,155,Belias,Meteor,3236,0,5548a4d9c1b69ee89884f46566802ed7_894c4bd0beab2e2beb44b74f4c4bd206fc0.jpg?1785063200,Omega,393,12,BLM
Bug Cut,48066025,162,156,Alexander,Gaia,3235,0,eb099ae5ed67142ac0888bf755079790_b7a71d8799cf6dd75b711a7f52de6675fc0.jpg?1785064068,Omega,331,0,BRD
Firo Sknaht,27296541,163,157,Bahamut,Gaia,3230,0,30d62e88cfdd08d4cf3a87b542657d3d_86da943caa70c8694707ab2ff74e68c9fc0.jpg?1785062542,Omega,272,3,DNC
Nao Fu,41247403,164,158,Shinryu,Meteor,3227,0,cfc231e11fac22b1fb8d9d27cee48586_87b7d447f40b06dfc7228caf195f7dcffc0.jpg?1785066024,Omega,437,0,SCH
Palo Negro,21641917,165,159,Aegis,Elemental,3223,0,ff167eb536e409809f795428ebc2a73e_3ea38e723c590aabf186367e1eb7e6a1fc0.jpg?1785063441,Omega,361,14,DNC
Hina Narumi,36489169,166,160,Masamune,Mana,3222,0,b92b3bffbe6d8e1f5f53a1f3735c1387_134930215abb8a90ec37d6cc05b05e08fc0.jpg?1785063496,Omega,471,0,SAM
Kusozako Kamemushi,50184336,167,161,Bahamut,Gaia,3216,0,801e61d45b0753f23789f45575af6b15_86da943caa70c8694707ab2ff74e68c9fc0.jpg?1785062600,Omega,160,0,DRG
Shining Star,60899272,168,162,Typhon,Elemental,3210,0,691eeafc0853bd2b215c57b64edd3a71_32d8c9c7cd5f62d62da2d31b6750a680fc0.jpg?1785062699,Omega,455,0,PLD
Fennel Earltea,21886406,169,163,Typhon,Elemental,3202,0,4e8f23f97ca17b02271d5d67829e204d_32d8c9c7cd5f62d62da2d31b6750a680fc0.jpg?1785065906,Omega,351,0,SCH
Noam Rice,42795035,170,164,Ridill,Gaia,3190,0,cec2907f4bee99322bc98d03c0c65650_138751880f18161a907d7cf0faa43f07fc0.jpg?1785064331,Omega,168,0,DNC
Gonta Honebuto,24948851,171,165,Zeromus,Meteor,3188,0,5d002da3159a94fab0cfefad7d4c0768_c76848359d0b4d2f37aefbb9903ed97bfc0.jpg?1785064145,Omega,405,10,VPR
Stardust Emilia,25988007,172,166,Hades,Mana,3187,0,b805b54635a07b2d9710df33b9a946aa_a4730651230dd43cb129562a30d531aefc0.jpg?1785066084,Omega,471,0,UNK
Cey Noqed,56239764,173,168,Anima,Mana,3173,0,05a455503c1b9dc0712f50ad519d9d21_2f698530a28d671d20278c8518c804c9fc0.jpg?1785062951,Omega,290,8,BLM
Pu Chan,56456807,174,169,Durandal,Gaia,3170,0,c0e4719e60db4ba99bda8c0d5a4205ef_806ea5b45071d5cd6bf393e38462ee71fc0.jpg?1785062525,Omega,72,0,PLD
Creya Oaks,20662074,175,170,Tonberry,Elemental,3164,0,0fb57385ff1c90e3ea26edc53722b78c_7bb6b1e488f0e4f01c5314d010b60f31fc0.jpg?1785063069,Omega,478,0,BRD
Sophia' Yule,26382957,176,171,Unicorn,Meteor,3162,0,121f584b89f4420ffef15e271fc8c0a3_393eb74047bb90c8d80dea54218430eefc0.jpg?1785065685,Omega,767,10,UNK
Zumu Elect,11364414,177,172,Shinryu,Meteor,3155,0,bd0b65a51fad6bef1e3c413041784da0_87b7d447f40b06dfc7228caf195f7dcffc0.jpg?1785065964,Omega,149,0,MNK
Tamago Crab,1576417,178,173,Chocobo,Mana,3153,0,0bce11216fe6e4e1cecfe7c969a1460f_781d6b3603312f6be41670afa37282e0fc0.jpg?1785062618,Omega,376,8,SMN
Zukasa Yatoh,8768354,179,187,Typhon,Elemental,3147,101,4b9242a67c4aa4390facfa8e2028de4b_32d8c9c7cd5f62d62da2d31b6750a680fc0.jpg?1785063909,Omega,748,5,DRG
Yoruki Hiroran,56925172,180,174,Typhon,Elemental,3143,0,68df19c82415e8fed5592345fb9acbd3_32d8c9c7cd5f62d62da2d31b6750a680fc0.jpg?1785065925,Omega,274,0,BLU
Junon Everlight,17200263,181,192,Ultima,Gaia,3122,102,c9853ba0f4943819fd5f003c84f5ddb1_9df1b3cb0da35db33c17ef11ddf12adafc0.jpg?1785065992,Omega,186,7,AST
Ruru Rururun,41786182,182,175,Ifrit,Gaia,3113,0,3fd0ff0d0e58f6a761a54eebd33b7bc6_f9f796348bc43067c7242ec4551cde69fc0.jpg?1785065477,Omega,730,9,UNK
Oscar Reaves,54683909,183,196,Asura,Mana,3101,101,9777a168dccc1bd77f09cfa13250d707_53f1445a9f28799a32ea55f046319fc3fc0.jpg?1785066091,Omega,170,2,UNK
Alt Sanktgallen,2143482,184,176,Mandragora,Meteor,3080,0,5c873dda3f483d96a474d6049544be77_ee738654add55c3d07ea92d8e108074cfc0.jpg?1785064626,Omega,407,6,CUL
Silanah Oh-mana,45502933,185,177,Titan,Mana,3078,0,98f79f7d5e45485839d2a83be2a5ec49_e2bb3f9679fec6d4836fcf8abcc3eeacfc0.jpg?1785062569,Omega,495,26,AST
Haido Hawal,46822975,186,179,Atomos,Elemental,3077,0,addebe7a8f440a3d41bc69472b9ee33e_cf768a751b1f5e355c2fd39a9ed91f3ffc0.jpg?1785064112,Omega,189,0,AST
Hisui Yakumo,32307151,187,180,Anima,Mana,3076,0,a17a433489499f7247bcab0b749c1710_2f698530a28d671d20278c8518c804c9fc0.jpg?1785065388,Omega,362,0,DRG
Chi Pom,30745084,188,182,Hades,Mana,3069,0,45d248e450c3623965da94fa0aa12a58_a4730651230dd43cb129562a30d531aefc0.jpg?1785066012,Omega,428,22,GNB
Shion Amber,26147773,189,183,Unicorn,Meteor,3069,0,e2ecf01d14ce449e8393bc3f5dfc57f4_393eb74047bb90c8d80dea54218430eefc0.jpg?1785065251,Omega,125,0,AST
Big Non,44307751,190,185,Belias,Meteor,3063,0,4c1d8fafc326e970236cd84ec7e8c504_894c4bd0beab2e2beb44b74f4c4bd206fc0.jpg?1785062657,Omega,47,0,BRD
Piccolo Saaaaann,23336998,191,186,Asura,Mana,3055,0,efa27fc6ea5fa0a09f429159c3346a0f_53f1445a9f28799a32ea55f046319fc3fc0.jpg?1785065996,Omega,652,9,WAR
Ryon Wolves,14711544,192,188,Zeromus,Meteor,3038,0,6206f5b95096773177d18d03713dd07a_c76848359d0b4d2f37aefbb9903ed97bfc0.jpg?1785064964,Omega,109,0,PCT
Snow Albarn,25263326,193,189,Fenrir,Gaia,3028,0,fa179c06d46acce251bb94d22a05e931_d384cf5ad7db803f29799f36ebbc3eadfc0.jpg?1785062710,Omega,552,0,VPR
Yuri Lozephilia,8942748,194,190,Belias,Meteor,3026,0,dd91de72586dcb0cd5c269e05096b211_894c4bd0beab2e2beb44b74f4c4bd206fc0.jpg?1785062983,Omega,556,0,VPR
Gate Shark,2837597,195,191,Asura,Mana,3024,0,da64651ea42c4d74cb5e0a641b652db7_53f1445a9f28799a32ea55f046319fc3fc0.jpg?1785064385,Omega,135,0,PCT
Zero No'name,24180515,196,193,Titan,Mana,3013,0,3f2ec2a99605ed4d05ef0e5bc0f3b8d4_e2bb3f9679fec6d4836fcf8abcc3eeacfc0.jpg?1785065893,Omega,171,0,AST
Shiman Chu,38475144,197,194,Yojimbo,Meteor,3005,0,4cb93a24c937da83418345140d361e9b_4a92c619bde4f34cfa77e05fef21ad85fc0.jpg?1785064228,Omega,563,2,SAM
Sead Slendisch,27788989,198,195,Asura,Mana,3001,0,c9bd1276c77cf644ce955ce68575aa37_53f1445a9f28799a32ea55f046319fc3fc0.jpg?1785065995,Omega,465,9,SGE
Yu Haru,31526046,199,197,Hades,Mana,2994,0,d1d463d935a459f76da24079cf48b932_a4730651230dd43cb129562a30d531aefc0.jpg?1785065047,Omega,119,0,UNK
Chill Mix,8481109,200,198,Chocobo,Mana,2992,0,2ef59b1ab957fdd017f5258ac8684f4b_781d6b3603312f6be41670afa37282e0fc0.jpg?1785064086,Omega,133,0,UNK
Hal Mooncalf,1608068,201,199,Pandaemonium,Mana,2992,0,1442db9b14570e549c8f8dd3c9652403_470db1bf2e865f9130531fea40b61ee4fc0.jpg?1785063043,Omega,65,0,RDM
Lilica Astadir,3503219,202,200,Valefor,Meteor,2987,0,5af5f880cbf4a0fb2fc785912a217eae_485f4777c38002871591fb54f27edc65fc0.jpg?1785062995,Omega,408,8,DRG
Laru Gucchi,4772544,203,202,Durandal,Gaia,2982,0,766e8af080f3aa6e38ee510dee4807b8_806ea5b45071d5cd6bf393e38462ee71fc0.jpg?1785064479,Omega,152,0,BLM
Ardlan Vorlesh,45102526,204,203,Asura,Mana,2980,0,04bfc027079d355fc717e8ec9a4b5f9e_53f1445a9f28799a32ea55f046319fc3fc0.jpg?1785064687,Omega,120,3,DRG
Zess Crain,1644991,205,204,Fenrir,Gaia,2979,0,154f95dd8df8fa4647885a9e752d2cd0_d384cf5ad7db803f29799f36ebbc3eadfc0.jpg?1785065601,Omega,105,0,VPR
Ririca Rica,22451341,206,221,Valefor,Meteor,2975,115,b82d75152d14ebf44db2622ef433b4f4_485f4777c38002871591fb54f27edc65fc0.jpg?1785065263,Omega,207,4,AST
Spirit Firefly,31983076,207,205,Ramuh,Meteor,2975,0,4815d77ed6ee3df9611aa746981a28e2_410ddb5a66a2fcacf538bec5ea5d0291fc0.jpg?1785062647,Omega,133,0,RDM
Mun- Mutyo,18063500,208,206,Bahamut,Gaia,2974,0,870df3b6a4306c3c3de44d72fc9a577d_86da943caa70c8694707ab2ff74e68c9fc0.jpg?1785064211,Omega,633,2,PCT
Meilkea Inori,40934425,209,207,Aegis,Elemental,2973,0,4c256b756b0f4f43b209ec71728dc0e2_3ea38e723c590aabf186367e1eb7e6a1fc0.jpg?1785064552,Omega,328,7,UNK
Kotatu Mikan,22566283,210,230,Ifrit,Gaia,2971,157,89896b33aefae0916b7c6eb21c27641e_f9f796348bc43067c7242ec4551cde69fc0.jpg?1785065806,Omega,303,5,DRG
Ranga Tempest,25563586,211,208,Titan,Mana,2956,0,6bd17e66983b4ddb69267172a0d1022d_e2bb3f9679fec6d4836fcf8abcc3eeacfc0.jpg?1785064850,Omega,78,0,SAM
Khelby Trickster,1496735,212,209,Gungnir,Elemental,2938,0,fde8b59fda65550661c58e15a9026a06_8f82f937943b6baf4c565020d5eba0ccfc0.jpg?1785064881,Omega,91,0,ALC
Nenemu Nemu,32656127,213,210,Ultima,Gaia,2935,0,9dc63da3f9e147108e85969ba44116b2_9df1b3cb0da35db33c17ef11ddf12adafc0.jpg?1785063884,Omega,112,0,RDM
Last Occultism,58342443,214,275,Atomos,Elemental,2922,296,9be521cddaaa57bcf19272dbb73b7bef_cf768a751b1f5e355c2fd39a9ed91f3ffc0.jpg?1785062964,Omega,86,3,RDM
Umai Okawari,28809423,215,229,Zeromus,Meteor,2920,99,603544c81055f8085a950feb781bee2a_c76848359d0b4d2f37aefbb9903ed97bfc0.jpg?1785063056,Omega,217,3,SMN
Aslan Miller,42003071,216,211,Ixion,Mana,2910,0,091d6880c471f9f4c412b704f952af81_7126768d768f6c6c7fed3eaee98c3a8afc0.jpg?1785066028,Omega,484,0,SCH
Sakkyokuka Mamoru,51160867,217,212,Ramuh,Meteor,2902,0,5ee65152d98278e79f8af42e8b164703_410ddb5a66a2fcacf538bec5ea5d0291fc0.jpg?1785066001,Omega,144,0,SCH
Kisai Rabbit,14358028,218,213,Kujata,Elemental,2900,0,c77c0799267cf811222ca0ee31953034_72c48f093f2278ac3243962d3eb6a8d7fc0.jpg?1785064268,Omega,113,0,SMN
Teena Lewis,2553070,219,214,Bahamut,Gaia,2898,0,53366246b477a6a74d51a27aa7146532_86da943caa70c8694707ab2ff74e68c9fc0.jpg?1785064305,Omega,204,0,DRK
Fizz Delight,974573,220,215,Durandal,Gaia,2880,0,570bafa9a495f048d85ced1742a713e7_806ea5b45071d5cd6bf393e38462ee71fc0.jpg?1785063041,Omega,338,0,GNB
Hoshikuz Siina,1173407,221,216,Tiamat,Gaia,2880,0,f966bf2277aea0b0af7b96dbbca7abc1_9f10d335198e90990f3437c5733468e7fc0.jpg?1785062938,Omega,196,6,SAM
Miyu Moon,22262908,222,217,Yojimbo,Meteor,2877,0,891e434c190fb28b2ab0efc917f09a5d_4a92c619bde4f34cfa77e05fef21ad85fc0.jpg?1785062713,Omega,65,0,SAM
Rech Leys,13839764,223,218,Asura,Mana,2866,0,7bc422589ea337ab644d4bc829ed74bd_53f1445a9f28799a32ea55f046319fc3fc0.jpg?1785065161,Omega,215,0,UNK
Chokobi Liagnar,21253698,224,219,Bahamut,Gaia,2866,0,5c76fed1bbd8e72090d538c4dfcaf96b_86da943caa70c8694707ab2ff74e68c9fc0.jpg?1785065592,Omega,101,4,SCH
Yuki Amamiya,31666386,225,220,Asura,Mana,2861,0,be0f5c48cd51ee52ae9fb5fbd908b45a_53f1445a9f28799a32ea55f046319fc3fc0.jpg?1785063449,Omega,313,0,SMN
Amato Ammu,36531295,226,259,Zeromus,Meteor,2857,181,ef908a2bd3846e1e3391160d336a6949_c76848359d0b4d2f37aefbb9903ed97bfc0.jpg?1785063036,Omega,139,18,SAM
Zero Nox,2468417,227,0,Alexander,Gaia,2852,396,d402005d8e26ea9d6b72ff80a5a60b9e_b7a71d8799cf6dd75b711a7f52de6675fc0.jpg?1785064180,Omega,305,7,BRD
Ramu Ne,30069248,228,222,Unicorn,Meteor,2849,0,84f88e62b6690ae7287fe8ef38048a95_393eb74047bb90c8d80dea54218430eefc0.jpg?1785063562,Omega,798,0,UNK
Amarl Malaguld,27652092,229,223,Masamune,Mana,2844,0,92f5a8f587b00180a706bf0adc6692cb_134930215abb8a90ec37d6cc05b05e08fc0.jpg?1785062635,Omega,219,0,AST
Ena Lucida,46120110,230,224,Valefor,Meteor,2844,0,0d22e7ccb96b881d94b2eaac8c63f55c_485f4777c38002871591fb54f27edc65fc0.jpg?1785065962,Omega,173,0,UNK
Save Metaru,4884743,231,225,Titan,Mana,2843,0,9a955c2a6fd15f44207aa0dbedbb58f0_e2bb3f9679fec6d4836fcf8abcc3eeacfc0.jpg?1785065058,Omega,94,0,SCH
Momochu Mochu,19191196,232,226,Ixion,Mana,2837,0,63045e6963dc7e2b1bd92da354dea6bc_7126768d768f6c6c7fed3eaee98c3a8afc0.jpg?1785065966,Omega,110,0,RDM
Mozambique Here,27514804,233,227,Masamune,Mana,2829,0,279d13db60cdd9d339d0c85385d703d5_134930215abb8a90ec37d6cc05b05e08fc0.jpg?1785062657,Omega,228,0,DRG
Lion Lord,57843079,234,228,Tonberry,Elemental,2821,0,96ebdd7077d2bf42eaebdf03d6e25718_7bb6b1e488f0e4f01c5314d010b60f31fc0.jpg?1785065497,Omega,279,0,GNB
Amaoto Amane,53619927,235,251,Durandal,Gaia,2815,113,11fe39a3b3f0f6fd7e6600ee68e590c6_806ea5b45071d5cd6bf393e38462ee71fc0.jpg?1785063737,Omega,90,6,DRG
Mister Alpheratz,34950496,236,231,Ixion,Mana,2798,0,fdba356c4be03c92ffecec87e607f037_7126768d768f6c6c7fed3eaee98c3a8afc0.jpg?1785062902,Omega,529,0,VPR
Teka Etoile,25627481,237,232,Durandal,Gaia,2798,0,20c4e02c3b7c11c6ceb68582c409ceb9_806ea5b45071d5cd6bf393e38462ee71fc0.jpg?1785066107,Omega,306,2,SGE
Fury Halone,31201226,238,233,Chocobo,Mana,2795,0,391e22872f5bc92045c105b0c7778c1b_781d6b3603312f6be41670afa37282e0fc0.jpg?1785063648,Omega,80,0,SMN
Fio Waldstein,15536952,239,234,Chocobo,Mana,2793,0,cad62c88f360d5d6d4f48b42b2e493d0_781d6b3603312f6be41670afa37282e0fc0.jpg?1785064822,Omega,186,0,NIN
Yang Wen-li,41717281,240,235,Mandragora,Meteor,2781,0,2e721295f60555ea25153092e69e4052_ee738654add55c3d07ea92d8e108074cfc0.jpg?1785065389,Omega,161,0,SMN
Ardbert Hylfyst,31584604,241,0,Belias,Meteor,2779,400,964952d6da8636ab55a5b87a925f0d4c_894c4bd0beab2e2beb44b74f4c4bd206fc0.jpg?1785063199,Omega,60,5,UNK
Dodopita Pittan,3558680,242,236,Tiamat,Gaia,2778,0,0c4178029dae08c0fcbe267d46034e76_9f10d335198e90990f3437c5733468e7fc0.jpg?1785065989,Omega,262,0,SAM
Yuchan Melodia,30214193,243,0,Yojimbo,Meteor,2775,599,ae60b7b01c2a3c28de8d94b1ddb2dc17_4a92c619bde4f34cfa77e05fef21ad85fc0.jpg?1785063097,Omega,962,9,GNB
Aldebaran Pleiades,25123049,244,237,Ridill,Gaia,2774,0,05fbf4999afb4b747a5342373679f77f_138751880f18161a907d7cf0faa43f07fc0.jpg?1785063835,Omega,168,0,SAM
Lazuli Wing,40955023,245,238,Asura,Mana,2767,0,9a25b0d5f7c6a97caeb2e0047aaeded8_53f1445a9f28799a32ea55f046319fc3fc0.jpg?1785065297,Omega,80,0,UNK
Nemuko Makura,22952337,246,240,Durandal,Gaia,2763,0,2de9ba12432dbfa0962543bd77521100_806ea5b45071d5cd6bf393e38462ee71fc0.jpg?1785066081,Omega,246,0,NIN
Rip Rill,726210,247,241,Gungnir,Elemental,2761,0,1ed2cf8fd8dc78c1ec061d9bb9c45462_8f82f937943b6baf4c565020d5eba0ccfc0.jpg?1785065213,Omega,672,17,WHM
Maje Ma,4753813,248,242,Fenrir,Gaia,2760,0,1e22892dd51521b4f2991e34733da194_d384cf5ad7db803f29799f36ebbc3eadfc0.jpg?1785065994,Omega,274,0,UNK
Happy Gigapanda,29631468,249,243,Belias,Meteor,2736,0,d689aa402e0869833ed03b58aa3396a8_894c4bd0beab2e2beb44b74f4c4bd206fc0.jpg?1785065582,Omega,797,0,SAM
Blari Taraba,29682913,250,244,Ultima,Gaia,2733,0,8715585bf23b1871520e0b6c478fa049_9df1b3cb0da35db33c17ef11ddf12adafc0.jpg?1785064942,Omega,376,3,RPR
Barca Campnou,914569,251,245,Bahamut,Gaia,2732,0,eb21ca8bd406ff458430a1a743a81509_86da943caa70c8694707ab2ff74e68c9fc0.jpg?1785064363,Omega,273,0,SMN
Aeritte Ravel,41831914,252,246,Carbuncle,Elemental,2726,0,56a646fd4b2eb086bf8c9d712567e62f_9eb3c19866f7ae0eeeffac7bf770aba5fc0.jpg?1785063128,Omega,410,0,BTN
Yaya Valentine,41248367,253,247,Tiamat,Gaia,2725,0,832a93d5c83e295dbe57b1d9bebb49ec_9f10d335198e90990f3437c5733468e7fc0.jpg?1785065096,Omega,162,2,PCT
Sugar Cham,51852133,254,248,Yojimbo,Meteor,2713,0,8d4d430b06db96492d9e2982f1b942b8_4a92c619bde4f34cfa77e05fef21ad85fc0.jpg?1785064721,Omega,123,0,DNC
Atara Nanatsu,32577957,255,280,Atomos,Elemental,2711,104,0fd23ea347a1c71d447bf67a163e97e7_cf768a751b1f5e355c2fd39a9ed91f3ffc0.jpg?1785064198,Omega,66,2,VPR
Regret Weise,15486920,256,249,Fenrir,Gaia,2704,0,13172be4a1ad05d87f2b3a6e43f14d31_d384cf5ad7db803f29799f36ebbc3eadfc0.jpg?1785065776,Omega,241,0,DRK
Yuki Yui,25457703,257,250,Ultima,Gaia,2703,0,53e27d2153b5d4878ef23b1326589ff5_9df1b3cb0da35db33c17ef11ddf12adafc0.jpg?1785063664,Omega,460,0,SAM
Kikka Citrus,53089390,258,281,Atomos,Elemental,2702,98,8765bf62151f00c040a35fcb21a9b74c_cf768a751b1f5e355c2fd39a9ed91f3ffc0.jpg?1785062620,Omega,83,4,AST
Waka'ri Mii,5525644,259,252,Chocobo,Mana,2695,0,779528f8c170270a5dcbb5e911db62e9_781d6b3603312f6be41670afa37282e0fc0.jpg?1785062557,Omega,82,0,UNK
Chiot Rainy,25192986,260,253,Valefor,Meteor,2691,0,4d13582f9c7d81c8093e6a8fc2ae49b6_485f4777c38002871591fb54f27edc65fc0.jpg?1785063826,Omega,176,0,SMN
Nono Chip,17648169,261,254,Masamune,Mana,2685,0,9cc9a5ae068a2d0d8ba451bee581b4e1_134930215abb8a90ec37d6cc05b05e08fc0.jpg?1785063195,Omega,156,0,NIN
Alicia Chevalier,4677043,262,255,Ultima,Gaia,2685,0,c9d0bee431466dffcf8032e6d5e6e355_9df1b3cb0da35db33c17ef11ddf12adafc0.jpg?1785062552,Omega,95,0,VPR
Tiger Rutata,23825437,263,256,Asura,Mana,2684,1,a69a7fd0c20bbbd51ddf7cc27af7921e_53f1445a9f28799a32ea55f046319fc3fc0.jpg?1785065395,Omega,130,2,RDM
Bronze Warrior,33944385,264,0,Alexander,Gaia,2684,600,3a8559d847a626b7d8a2760ec13a73b5_b7a71d8799cf6dd75b711a7f52de6675fc0.jpg?1785063281,Omega,67,7,WAR
Seiran Kinu,21860725,265,0,Garuda,Elemental,2683,195,9f56e5ce6724c71b09720cc28df7a0dc_fcb1f5b0249d1069e5bdc66d0796f26afc0.jpg?1785062956,Omega,44,2,DNC
Rocket Cawanami,28746179,266,257,Durandal,Gaia,2678,0,8f2627850b32ace390108ff57a296013_806ea5b45071d5cd6bf393e38462ee71fc0.jpg?1785063840,Omega,167,0,UNK
Soudesuka Kinisimasen,56271925,267,258,Fenrir,Gaia,2676,0,fac9e9e01d017682e8913d360aa6b536_d384cf5ad7db803f29799f36ebbc3eadfc0.jpg?1785062552,Omega,194,0,AST
Chiaki Nanami,43953309,268,260,Titan,Mana,2668,0,82751b490967f6572406e72b39592925_e2bb3f9679fec6d4836fcf8abcc3eeacfc0.jpg?1785065699,Omega,160,0,BRD
Silver Moonlight,47866219,269,261,Asura,Mana,2668,0,b17029022f297ae3f12ecf14c53a6acb_53f1445a9f28799a32ea55f046319fc3fc0.jpg?1785065754,Omega,132,0,UNK
Lupinus Lily,33777966,270,262,Ultima,Gaia,2667,0,6f019b443ab48375b1bcc5e5aa0debf9_9df1b3cb0da35db33c17ef11ddf12adafc0.jpg?1785064225,Omega,266,5,GNB
Oarkly Vitt,31318782,271,291,Bahamut,Gaia,2661,85,983948d8222d15214cc30f8669e5ba70_86da943caa70c8694707ab2ff74e68c9fc0.jpg?1785065401,Omega,244,13,SCH
Ema Kichi,28412671,272,263,Pandaemonium,Mana,2659,0,9a34c54bef23c16f9ecefe5cc11f44d1_470db1bf2e865f9130531fea40b61ee4fc0.jpg?1785065820,Omega,147,0,UNK
Wabi Suke,1601102,273,264,Asura,Mana,2651,0,355b0ae1cb512875c96e88afa06d36a7_53f1445a9f28799a32ea55f046319fc3fc0.jpg?1785065613,Omega,630,0,NIN
Zitnn Alexand,10097624,274,265,Belias,Meteor,2651,0,9ba803d5e4d6d11746adc55721fd0c6e_894c4bd0beab2e2beb44b74f4c4bd206fc0.jpg?1785064005,Omega,372,1,DNC
Hime Cat,5343193,275,266,Anima,Mana,2648,0,ca9ba375bc2dc2d3a743253448109c5b_2f698530a28d671d20278c8518c804c9fc0.jpg?1785065921,Omega,1027,2,MCH
Itiban'shibori K'irin,13611420,276,267,Pandaemonium,Mana,2646,0,f9d90367d5f9b5e6b829cac00cdb9431_470db1bf2e865f9130531fea40b61ee4fc0.jpg?1785064411,Omega,97,0,MNK
Riri Chan',39410077,277,268,Anima,Mana,2644,0,515f6b76a3ff79ea54a6f753dcfee0c6_2f698530a28d671d20278c8518c804c9fc0.jpg?1785064917,Omega,465,0,PLD
Naneli Zaneli,38900974,278,269,Ridill,Gaia,2642,0,b247b4deaeed92f6830196dc97bceda2_138751880f18161a907d7cf0faa43f07fc0.jpg?1785065748,Omega,250,0,AST
Rin Linley,1029013,279,270,Typhon,Elemental,2641,0,8c6416902df9fc88c9492831900d0b20_32d8c9c7cd5f62d62da2d31b6750a680fc0.jpg?1785063020,Omega,130,0,UNK
Fuki Non,51302585,280,271,Titan,Mana,2640,0,99d46e5dfaf54e3a630e700cbd41968b_e2bb3f9679fec6d4836fcf8abcc3eeacfc0.jpg?1785064457,Omega,321,5,WHM
En Avant,46371551,281,297,Belias,Meteor,2638,81,d6c3784f3b06c119ae16dd725e2a2b6e_894c4bd0beab2e2beb44b74f4c4bd206fc0.jpg?1785062661,Omega,266,3,GNB
Felik Mqzino,3228461,282,272,Ultima,Gaia,2637,0,e0fa758cd21d584189f586f1dbab3151_9df1b3cb0da35db33c17ef11ddf12adafc0.jpg?1785063662,Omega,191,0,AST
Imlink Rr,46726473,283,273,Bahamut,Gaia,2630,0,6c9ffcd32b7d78e8b7e09c63d130ef2a_86da943caa70c8694707ab2ff74e68c9fc0.jpg?1785066110,Omega,222,0,MCH
Syaro Teaparty,46726981,284,274,Anima,Mana,2629,0,789d245f48598b208651776d91481b6b_2f698530a28d671d20278c8518c804c9fc0.jpg?1785065829,Omega,418,0,RDM
Nocturne Midnightblue,55368101,285,0,Asura,Mana,2623,299,e9f7726a264875c782e0384932dbf161_53f1445a9f28799a32ea55f046319fc3fc0.jpg?1785063348,Omega,215,5,PCT
Merkur Nakano,44618507,286,276,Bahamut,Gaia,2622,0,3d02613804bd143deec6496912cdfac4_86da943caa70c8694707ab2ff74e68c9fc0.jpg?1785063084,Omega,524,0,BLM
Piggy Walk,49739992,287,277,Alexander,Gaia,2620,0,3e967d228a864beca527f7f9e1561cb0_b7a71d8799cf6dd75b711a7f52de6675fc0.jpg?1785062584,Omega,142,13,NIN
Ui Thrix,39291749,288,0,Chocobo,Mana,2619,199,08b70654c7812f561afc700e0756319a_781d6b3603312f6be41670afa37282e0fc0.jpg?1785064077,Omega,303,2,AST
Ciara Harris,18217850,289,279,Pandaemonium,Mana,2617,7,659240736e3ff3d56487b454576fbaf9_470db1bf2e865f9130531fea40b61ee4fc0.jpg?1785066062,Omega,320,3,PCT
Nate River,60481255,290,278,Mandragora,Meteor,2615,0,47be887d20e02f9e109d1c8c1b75c86d_ee738654add55c3d07ea92d8e108074cfc0.jpg?1785063036,Omega,69,0,PLD
Planet Exploration,30755276,291,282,Ixion,Mana,2604,0,b2df099dea56680a53bbc8588e28444f_7126768d768f6c6c7fed3eaee98c3a8afc0.jpg?1785062820,Omega,48,0,DRG
Re Ze,59093533,292,283,Shinryu,Meteor,2603,0,fb17bd281ab15f027e73a4ff993da656_87b7d447f40b06dfc7228caf195f7dcffc0.jpg?1785063730,Omega,158,0,SMN
Sakura Nemutai,55109399,293,284,Titan,Mana,2601,0,efa9ef6672998c8a9c860e5e104d6b3e_e2bb3f9679fec6d4836fcf8abcc3eeacfc0.jpg?1785063120,Omega,388,3,SGE
Master Zoknik,57321977,294,285,Tonberry,Elemental,2591,0,0c2e917406866849eb081a355c0fef28_7bb6b1e488f0e4f01c5314d010b60f31fc0.jpg?1785063830,Omega,362,0,WAR
Aquamarine Freiya,53432408,295,286,Titan,Mana,2591,0,2d52e92e4d069d05e83795ee5f4f9154_e2bb3f9679fec6d4836fcf8abcc3eeacfc0.jpg?1785063905,Omega,78,0,UNK
Bird Yellow,3228365,296,287,Fenrir,Gaia,2590,0,a09a2fe154617534b1266ca0c24a4d70_d384cf5ad7db803f29799f36ebbc3eadfc0.jpg?1785064036,Omega,310,11,PCT
Tom Sirazawa,19108169,297,288,Titan,Mana,2588,0,961155644e3fcf0b81f939663893c9c4_e2bb3f9679fec6d4836fcf8abcc3eeacfc0.jpg?1785062653,Omega,209,14,PLD
Mumucha Sushiroll,1576167,298,289,Mandragora,Meteor,2584,0,f8e461e3429acde067b399f6743f575d_ee738654add55c3d07ea92d8e108074cfc0.jpg?1785063989,Omega,188,4,UNK
Areadbhair Werdna,3176363,299,290,Bahamut,Gaia,2580,0,8d6c706efabf84a54c1b8b84e5ef0961_86da943caa70c8694707ab2ff74e68c9fc0.jpg?1785062773,Omega,412,0,PLD
Alqa Mar,39507968,300,292,Ramuh,Meteor,2572,0,8aca13da51dbc7d45ed47e52f57fb53e_410ddb5a66a2fcacf538bec5ea5d0291fc0.jpg?1785062614,Omega,144,0,BLM
Ahri Meow,42604315,1,0,Leviathan,Primal,5893,0,99498e3de5cc49aacddccc855d4ee19d_a91aae52cff9ef65932db06b150ffd47fc0.jpg?1785064736,Ultima,306,0,RDM
Miyu Moon,14522179,2,0,Mateus,Crystal,4928,0,3562f4cf44aad7d526acbf8fae3937b0_f0c52cc66e124fc2e641d7c21ab2ce79fc0.jpg?1785065268,Ultima,180,3,SAM
Pekora Meow,37421725,3,0,Leviathan,Primal,4870,0,dc85502f9baa330d5a15d3c0a6f002a0_a91aae52cff9ef65932db06b150ffd47fc0.jpg?1785063450,Ultima,511,0,RDM
Legendary Ash,10855248,4,0,Faerie,Aether,4798,0,6fd699132806b61c9dcb8613c3ae11a3_0e336ff6ad415f47233f0aaf127feac0fc0.jpg?1785063982,Ultima,204,0,NIN
Tomo Kote,38176817,5,0,Gilgamesh,Aether,4324,0,e5d7502ad7f21874552a4fc21553ee9e_b937560c841465f7c4bc8eb47ea7948afc0.jpg?1785063012,Ultima,144,0,SAM
Uki Yo,50106047,6,0,Adamantoise,Aether,4215,0,75e9983a4dd07e7e5de0ed1ac11a23fb_1f5fd239b885860b7c2bfc72ad1d97effc0.jpg?1785063100,Ultima,338,0,MNK
Neo Dymium,33030676,7,0,Seraph,Dynamis,4199,0,24be6098cf7acc2de169d92917d3299f_07fb0511053f398d1f2d6831e6a6b4c8fc0.jpg?1785065418,Ultima,525,0,VPR
Sylvie Chan,48678953,8,0,Brynhildr,Crystal,4017,0,14580705b6124b25ef19217300b4891f_d0a0f515a62457570c9b44997063e3c1fc0.jpg?1785064520,Ultima,122,0,MCH
Seto Mimyho,20943977,9,0,Behemoth,Primal,4008,0,e0110a23ddcddf11cb8bf1e895c56d75_be20385e18333edb329d4574f364a1f0fc0.jpg?1785063828,Ultima,224,0,MCH
Sparrow Hawk,50867063,10,0,Seraph,Dynamis,3964,0,1253b18a592d2d3c5133e9b86ab20c5a_07fb0511053f398d1f2d6831e6a6b4c8fc0.jpg?1785063649,Ultima,353,0,MCH
Shion Valliere,61345325,11,0,Gilgamesh,Aether,3881,0,d4b0889eb16c30f305a39969c49868f1_b937560c841465f7c4bc8eb47ea7948afc0.jpg?1785064939,Ultima,148,0,BRD
Crow Meow,54328117,12,0,Jenova,Aether,3833,0,7eded062751a7f80f7f3d9fbe0ab8e34_ce736afe35e2ded4e46c4fd0659aef7efc0.jpg?1785062857,Ultima,109,0,SCH
Lucio Harundo,4012099,13,0,Leviathan,Primal,3773,0,d042eff245eaa56c0b6989df68a99564_a91aae52cff9ef65932db06b150ffd47fc0.jpg?1785063505,Ultima,675,7,WAR
Olivia Lugria,15149290,14,0,Sargatanas,Aether,3754,0,c230658574a9dc12a4eb6fae2e16ceb4_ba22853447012a24cee115315d6a5bebfc0.jpg?1785066068,Ultima,645,0,DNC
Fye Alanyk,48751064,15,0,Diabolos,Crystal,3714,0,d605d68b88b347dfdb8a9b9e6c3539d6_7b33d33ae3ecb996f778a5f67a6a0af6fc0.jpg?1785065339,Ultima,652,3,BLM
Death Reaps,8773483,16,0,Balmung,Crystal,3625,0,265183f487ab7e0a5a5b3128ec29a82a_7a573cbc0cda3a3dfc1795cb3d9f7b23fc0.jpg?1785064393,Ultima,661,1,PLD
Myu Meow,9691497,17,0,Leviathan,Primal,3573,0,d925a41776719d761c94e8e32e5e7a0f_a91aae52cff9ef65932db06b150ffd47fc0.jpg?1785065189,Ultima,300,0,MNK
Hrothmar Blackburns,28757856,18,0,Adamantoise,Aether,3439,0,ba6405bac0d5b1fb489962984f0d9fb9_1f5fd239b885860b7c2bfc72ad1d97effc0.jpg?1785066064,Ultima,980,1,BLM
Terro Beoulve,45682109,19,0,Coeurl,Crystal,3400,0,5c8262e03844a30a89d0d2374247f03c_284358f8eb4efc9095914e46798c6ab3fc0.jpg?1785062857,Ultima,300,0,VPR
Tree Cat,26335365,20,0,Jenova,Aether,3379,0,33c88618a561b4c9a812b3fe8cb0ba15_ce736afe35e2ded4e46c4fd0659aef7efc0.jpg?1785064237,Ultima,117,0,DNC
Dea Jae,34891182,21,0,Balmung,Crystal,3355,0,61e1c77f9af06c995df5eba3a28d2018_7a573cbc0cda3a3dfc1795cb3d9f7b23fc0.jpg?1785065516,Ultima,158,0,MNK
Koifucius Dao-master,37165464,22,0,Exodus,Primal,3354,0,030277d5215f88056127d2b9e88474e4_0cdf051c93865faa15cbc5cd3d2b69fbfc0.jpg?1785064410,Ultima,166,0,WHM
Sanahi Keto,57330112,23,0,Hyperion,Primal,3338,0,6531a5f5216bf8e7efcdcf26e24615cb_57ae9ee5592123dd79c8912bf768cf99fc0.jpg?1785063325,Ultima,136,0,WAR
Akari Tsuki,46655701,24,0,Adamantoise,Aether,3326,0,08f7ffe45c1b134f99ea040b39ee2bdd_1f5fd239b885860b7c2bfc72ad1d97effc0.jpg?1785064339,Ultima,136,0,MNK
Fulheart Grit,38212551,25,0,Balmung,Crystal,3322,0,4a4d99f967c37bf42bd739857921e360_7a573cbc0cda3a3dfc1795cb3d9f7b23fc0.jpg?1785064455,Ultima,342,0,AST
Vestelle Sawyer,30059169,26,0,Gilgamesh,Aether,3280,0,50a4717edb70c3c6c8abc8867e4b37b8_b937560c841465f7c4bc8eb47ea7948afc0.jpg?1785065306,Ultima,92,0,PCT
Nero Cor,51685882,27,0,Cactuar,Aether,3277,0,a53a1a6499997a089c36337bcc3ae46d_96ab1df8877c1f8ba6a89a39cccfd437fc0.jpg?1785062651,Ultima,922,0,NIN
Kasai Kage,21886030,28,0,Adamantoise,Aether,3258,0,6835735c490425c8a49d6889308a3484_1f5fd239b885860b7c2bfc72ad1d97effc0.jpg?1785065197,Ultima,230,0,NIN
Rae Rea,58956664,29,0,Adamantoise,Aether,3205,0,72766cccd8c79e6afd3055accfc559fa_1f5fd239b885860b7c2bfc72ad1d97effc0.jpg?1785064202,Ultima,63,0,SGE
Onion Little,37583983,30,0,Zalera,Crystal,3189,0,59533d6fd2d0a8b58595bf860ae3f36a_8106f857613f8fb994b0be37b26ff4bafc0.jpg?1785065682,Ultima,195,0,AST
Unagi Box,34773273,31,0,Cuchulainn,Dynamis,3187,0,05a513d02b60c767bfb83440ab2d406b_b4a106e4893fd452df0001eaeecf9d7efc0.jpg?1785064569,Ultima,505,0,FSH
Kahlil Immortalis,22812670,32,0,Diabolos,Crystal,3144,0,0451aa29bd529c5d15b718b74c287dd2_7b33d33ae3ecb996f778a5f67a6a0af6fc0.jpg?1785063388,Ultima,500,0,UNK
Emi Meow,44729199,33,0,Siren,Aether,3141,0,39fec9b8eaf71c699797cd15ef87009b_58a84e851e55175d22158ca97af58a1ffc0.jpg?1785065224,Ultima,94,0,MNK
Sea Jae,24245597,34,0,Sargatanas,Aether,3138,0,e896e8ff7d9b55dbc92cd30362aecf3a_ba22853447012a24cee115315d6a5bebfc0.jpg?1785063248,Ultima,103,0,MNK
Andros Meow,43989258,35,0,Leviathan,Primal,3110,0,6e918b3a9a28e317711afecaf7a0ee6c_a91aae52cff9ef65932db06b150ffd47fc0.jpg?1785062697,Ultima,137,0,NIN
Talon Sparda,39038797,36,0,Balmung,Crystal,3092,0,d809254a099fb5317aeeea9b2a03760c_7a573cbc0cda3a3dfc1795cb3d9f7b23fc0.jpg?1785062848,Ultima,768,0,MNK
Mac Arena,21560395,37,0,Adamantoise,Aether,3086,0,30fa962580974874808d1a8b67407ebb_1f5fd239b885860b7c2bfc72ad1d97effc0.jpg?1785063976,Ultima,57,0,GNB
Naomi Hakoma,13697124,38,0,Halicarnassus,Dynamis,3085,0,a6732f9cc34509a6761d618186e745fd_f2d324d722b28bbe681b2898bcdca8bffc0.jpg?1785064782,Ultima,243,0,FSH
Shady Moon,60230567,39,0,Sargatanas,Aether,3072,0,cc518006f1c0450f04df4535ce126f24_ba22853447012a24cee115315d6a5bebfc0.jpg?1785063028,Ultima,100,0,FSH
Local-area Network,28168413,40,0,Cactuar,Aether,3070,0,5181fed39656c5cf1dc247fe1bf97832_96ab1df8877c1f8ba6a89a39cccfd437fc0.jpg?1785062780,Ultima,105,0,SAM
Jet Vermillion,50169213,41,0,Adamantoise,Aether,3069,0,969bede73be97218c58c658d33e58a68_1f5fd239b885860b7c2bfc72ad1d97effc0.jpg?1785065721,Ultima,117,0,DRK
Wonton Noodle,10393779,42,0,Faerie,Aether,3066,0,5898de6222627960df5c7bfc00975c5a_0e336ff6ad415f47233f0aaf127feac0fc0.jpg?1785065489,Ultima,79,0,UNK
Bigg Succ,14228989,43,0,Coeurl,Crystal,3065,0,d833225ff74a6d00fc89b134cc155262_284358f8eb4efc9095914e46798c6ab3fc0.jpg?1785063404,Ultima,246,0,MCH
Chocolate Mint,12837521,44,0,Mateus,Crystal,3064,0,96f57e6a545b8f0a814d211bd90bda0a_f0c52cc66e124fc2e641d7c21ab2ce79fc0.jpg?1785063672,Ultima,122,0,PLD
Justa Noob,14910418,45,0,Goblin,Crystal,3064,0,3fef42aa15ca55571d82f4697df41210_8e81e2940511f7152ba4462fe53e35b8fc0.jpg?1785065709,Ultima,119,0,SGE
Estinien's Paypal,31364237,46,0,Faerie,Aether,3063,0,f3ca5ab9c2c6893f7ecdb55c0171ac31_0e336ff6ad415f47233f0aaf127feac0fc0.jpg?1785062735,Ultima,92,0,RDM
Ren Astray,25085050,47,0,Adamantoise,Aether,3061,0,bd0e26936d81ffdfb9129f0bac664da1_1f5fd239b885860b7c2bfc72ad1d97effc0.jpg?1785064576,Ultima,86,0,RPR
Casey Jones,29884500,48,0,Halicarnassus,Dynamis,3058,0,bda4f1d8b0a14cd9aeaf25694b9d929c_f2d324d722b28bbe681b2898bcdca8bffc0.jpg?1785062932,Ultima,152,0,MNK
Doomballoon Dapingus,19169037,49,0,Diabolos,Crystal,3055,0,e43cef91ca38a14de0e5bea2295ba9c0_7b33d33ae3ecb996f778a5f67a6a0af6fc0.jpg?1785062802,Ultima,233,0,WAR
Meteor Moon,29693876,50,0,Rafflesia,Dynamis,3055,0,7f262df9422aa27c9dd850d004812561_2783886613347a4db0bed7524de1298ffc0.jpg?1785064829,Ultima,154,0,SGE
Onigiri Bunny,7352884,51,0,Behemoth,Primal,3054,0,382f2b7a0b15514c38a6e2d5af3d8014_be20385e18333edb329d4574f364a1f0fc0.jpg?1785062579,Ultima,115,0,UNK
Ryan Hoshiko,10323495,52,0,Lamia,Primal,3052,0,b8f720f05e5314618bc7341f856d075d_4d9be17b5e1edc617052b4dbf4007875fc0.jpg?1785063867,Ultima,449,0,GNB
Pinky Meow,59213242,53,0,Halicarnassus,Dynamis,3052,0,9ac8bffaba88f1f4c7fe1238e6a7dcb0_f2d324d722b28bbe681b2898bcdca8bffc0.jpg?1785063149,Ultima,211,0,UNK
Vise Valencia,4012350,54,0,Coeurl,Crystal,3048,0,b0a0562a3fe37ed8a3eefb362048c4ca_284358f8eb4efc9095914e46798c6ab3fc0.jpg?1785063153,Ultima,302,0,MCH
Ham Baga,28276994,55,0,Balmung,Crystal,3045,0,80672270fca68b3d3fa2f4c0b220427a_7a573cbc0cda3a3dfc1795cb3d9f7b23fc0.jpg?1785063028,Ultima,351,0,AST
Artesia Saeyrs,2957946,56,0,Sargatanas,Aether,3040,0,e1a9c389a8110feceacc91a730bfc558_ba22853447012a24cee115315d6a5bebfc0.jpg?1785064918,Ultima,134,0,VPR
Punished Meow,18565385,57,0,Ultros,Primal,3038,0,ff8197dc63394616fbb57e229e7ffa8e_c514cdcdb619439df97d906d4434ccc6fc0.jpg?1785063476,Ultima,394,0,UNK
Gojo San,48764071,58,0,Jenova,Aether,3037,0,cfaa3805c7a62fc99a75b9c68da57b17_ce736afe35e2ded4e46c4fd0659aef7efc0.jpg?1785064717,Ultima,157,0,VPR
Xiao Longbao,31670807,59,83,Excalibur,Primal,3028,296,b9d8562547d5b9d8e86054d9061c6a23_745baffc465480ed372e274d50318290fc0.jpg?1785063257,Ultima,1335,7,MIN
Suhr Zarek,8876676,60,59,Balmung,Crystal,3017,0,c09e4087ccb76545f31b81fa5ca01485_7a573cbc0cda3a3dfc1795cb3d9f7b23fc0.jpg?1785063001,Ultima,369,0,PLD
Coast Contra,51215902,61,60,Faerie,Aether,3016,0,d4789bd527f246d0352d3911078ea5dc_0e336ff6ad415f47233f0aaf127feac0fc0.jpg?1785064501,Ultima,270,0,UNK
La Bubu,26625120,62,61,Diabolos,Crystal,3013,0,733d34df72366760c6f44581681c9088_7b33d33ae3ecb996f778a5f67a6a0af6fc0.jpg?1785065097,Ultima,347,0,VPR
Bisukito Neko,32261082,63,62,Zalera,Crystal,3011,0,3462c7ee2de7556ca86498dc5214a7fb_8106f857613f8fb994b0be37b26ff4bafc0.jpg?1785062797,Ultima,412,0,UNK
Finch Curador,30712387,64,63,Leviathan,Primal,3010,0,a7767d35320b852f509e7dd68b0151d4_a91aae52cff9ef65932db06b150ffd47fc0.jpg?1785063169,Ultima,122,0,SAM
Sanguinius Smolblood,33489157,65,64,Kraken,Dynamis,3007,0,461663ac9dfac06c5d61bc05d26ae652_049a956dfeb0eb2e19c417a1dde4d680fc0.jpg?1785064059,Ultima,390,0,DRK
Lord Prestor,47213206,66,65,Famfrit,Primal,3003,0,f1576346af8bbaec5253083d94f600b9_fce4949e615393e574f2d57134b31fc1fc0.jpg?1785065081,Ultima,92,0,WAR
Lulu Meow,48275257,67,66,Seraph,Dynamis,3001,0,51be8970a98b1eb6f9a2235e0c2b943b_07fb0511053f398d1f2d6831e6a6b4c8fc0.jpg?1785064534,Ultima,216,0,RPR
Mtn Boop,36509633,68,67,Brynhildr,Crystal,3001,0,175f521a1de707cbfb345e95df5e588c_d0a0f515a62457570c9b44997063e3c1fc0.jpg?1785064681,Ultima,64,0,SGE
Kairi Rune,28236760,69,68,Hyperion,Primal,3000,0,ce129fc5d83b1472a349e0e1053aee02_57ae9ee5592123dd79c8912bf768cf99fc0.jpg?1785064965,Ultima,155,0,MNK
Sabo Meow,47436757,70,69,Excalibur,Primal,2978,0,4ff61177c11b1139f75c6170368337b9_745baffc465480ed372e274d50318290fc0.jpg?1785063758,Omega,57,0,PLD
No Bee,37102144,71,70,Lamia,Primal,2897,0,5c741048df2befeb7f80a2b03bb02aee_4d9be17b5e1edc617052b4dbf4007875fc0.jpg?1785062819,Omega,510,5,WHM
Air Azure,41482862,72,71,Rafflesia,Dynamis,2875,0,a32fc7c37974e2629ce594c455ff54a7_2783886613347a4db0bed7524de1298ffc0.jpg?1785065289,Omega,260,13,AST
Ash Ymir,50182260,73,72,Gilgamesh,Aether,2870,0,571648c27d0568207bb3ebea02244e4e_b937560c841465f7c4bc8eb47ea7948afc0.jpg?1785064770,Omega,524,0,UNK
Nero K'ten,6155374,74,73,Lamia,Primal,2848,0,457604f04300faac0e52a053884e2bb7_4d9be17b5e1edc617052b4dbf4007875fc0.jpg?1785065342,Omega,234,0,SAM
Celesse Archon,5403993,75,74,Midgardsormr,Aether,2843,0,46c05696a375eb66cab3503bea79e4e4_5c8ecfbc673e1287a9b5e85423fe1657fc0.jpg?1785065253,Omega,213,0,RPR
Original Meow,35808978,76,75,Gilgamesh,Aether,2827,0,b244a7412043a7dd35bae3d62114182d_b937560c841465f7c4bc8eb47ea7948afc0.jpg?1785065515,Omega,103,0,BRD
Merlin Emryss,9605720,77,76,Faerie,Aether,2826,0,87179f28ae17956a4d43567dadf6ea60_0e336ff6ad415f47233f0aaf127feac0fc0.jpg?1785064699,Omega,438,10,VPR
Fain Doncel'aram,18921518,78,77,Jenova,Aether,2826,0,99d5d58c7b97e260ff83d3d4b87a7103_ce736afe35e2ded4e46c4fd0659aef7efc0.jpg?1785063720,Omega,285,11,MNK
Im Dead,44727021,79,78,Balmung,Crystal,2809,0,382bb5e8fe23a4e04750cfd29fa9f46c_7a573cbc0cda3a3dfc1795cb3d9f7b23fc0.jpg?1785065293,Omega,155,0,PLD
Silanah Sylphrena,45709349,80,79,Faerie,Aether,2789,0,353d000e66ebf6b7715ff5998504f784_0e336ff6ad415f47233f0aaf127feac0fc0.jpg?1785062631,Omega,196,0,AST
Nemx Eisenhorn,2244246,81,80,Excalibur,Primal,2787,0,8d22c9821683049e16868ac1de65df41_745baffc465480ed372e274d50318290fc0.jpg?1785063632,Omega,199,10,MCH
Raphtalia Solari,8126326,82,81,Adamantoise,Aether,2779,0,baeca36f0f50dbb796496ea18e58ee30_1f5fd239b885860b7c2bfc72ad1d97effc0.jpg?1785064065,Omega,126,2,SGE
Joe Biden',48592929,83,82,Seraph,Dynamis,2757,0,c06fd69e6b294b74118f1a8ad5727f56_07fb0511053f398d1f2d6831e6a6b4c8fc0.jpg?1785063097,Omega,112,2,UNK
Kiki Valentina,28945217,84,90,Behemoth,Primal,2731,155,77702cea4a97bec7190998ba52492f03_be20385e18333edb329d4574f364a1f0fc0.jpg?1785065410,Omega,915,13,RPR
Zeta Salazar,44375733,85,84,Midgardsormr,Aether,2706,0,4be3c205f3892cdbc09e8417ad6dbb68_5c8ecfbc673e1287a9b5e85423fe1657fc0.jpg?1785063324,Omega,174,0,SAM
Beokros Luden,21726171,86,85,Leviathan,Primal,2701,0,351c30387c9048190075024c6b344ead_a91aae52cff9ef65932db06b150ffd47fc0.jpg?1785065804,Omega,293,0,MCH
Barock Obama,52411158,87,86,Siren,Aether,2697,0,05a5459925b46dd9d074e273b24d5d27_58a84e851e55175d22158ca97af58a1ffc0.jpg?1785063252,Omega,825,7,MNK
P'roto Idola,35374628,88,87,Brynhildr,Crystal,2657,0,a91ad9e8c6c6ddb0905cd9aa6cede8e3_d0a0f515a62457570c9b44997063e3c1fc0.jpg?1785063519,Omega,243,0,WAR
Zolzayaa Noykin,34804380,89,88,Balmung,Crystal,2645,0,ff773bbf0388cc8a61ac7c87e78f978f_7a573cbc0cda3a3dfc1795cb3d9f7b23fc0.jpg?1785065567,Omega,459,3,BLM
No Buts,2234245,90,89,Zalera,Crystal,2583,0,0d8b9ae74f55ea0ba374fa7b38b48862_8106f857613f8fb994b0be37b26ff4bafc0.jpg?1785065180,Omega,510,0,BRD
Raiden Meow,60049984,91,0,Halicarnassus,Dynamis,2543,0,82a7874a19aee552f4a0f8ff2b663dff_f2d324d722b28bbe681b2898bcdca8bffc0.jpg?1785063102,Omega,161,0,BRD
Marci Meow,54739620,92,0,Balmung,Crystal,2508,0,4ebc98a9ae6cf756ec75bc3db97f87f6_7a573cbc0cda3a3dfc1795cb3d9f7b23fc0.jpg?1785063538,Omega,97,0,DRG
Tiroru Choco,30112281,93,0,Jenova,Aether,2474,0,567a18014b4f2cf2497ad9100d9d3b6f_ce736afe35e2ded4e46c4fd0659aef7efc0.jpg?1785065431,Omega,293,0,PCT
Big Three,48089951,94,0,Famfrit,Primal,2467,0,17799d8133ebe53d6d3662f6d31a1360_fce4949e615393e574f2d57134b31fc1fc0.jpg?1785064208,Omega,91,0,WAR
Lelouch Masamune,12543299,95,0,Malboro,Crystal,2454,0,711457fd66b589fb422ba4640a4826f0_2e97c13fdd593d15d543093f8a37b6f0fc0.jpg?1785063741,Omega,824,11,SCH
Rachna's Kitten,60414129,96,0,Diabolos,Crystal,2421,0,5a2079c26296ecf9252da83453669ee7_7b33d33ae3ecb996f778a5f67a6a0af6fc0.jpg?1785065570,Omega,250,0,UNK
Senka Kyo,40405843,97,0,Adamantoise,Aether,2413,0,57edcac1396cccc62373cfaa1109ab06_1f5fd239b885860b7c2bfc72ad1d97effc0.jpg?1785065228,Omega,579,0,BLM
Very Loooooooooooong,39723109,98,0,Hyperion,Primal,2393,0,1361b90f861d2c0c89c1c94c8b9e57d3_57ae9ee5592123dd79c8912bf768cf99fc0.jpg?1785063012,Omega,150,0,UNK
Umi Chan,15473566,99,0,Gilgamesh,Aether,2381,0,ee18d3050e87a31ae374dbae2b5e03cd_b937560c841465f7c4bc8eb47ea7948afc0.jpg?1785065819,Omega,434,0,PLD
Nikau Milkdud,30842976,100,0,Lamia,Primal,2351,0,2ffee265e9fb9491997d30306dc67cc3_4d9be17b5e1edc617052b4dbf4007875fc0.jpg?1785063813,Omega,176,0,MNK
The Gritler,60843041,101,0,Halicarnassus,Dynamis,2351,0,2ae303935a7d38c34fa3c921f3261caa_f2d324d722b28bbe681b2898bcdca8bffc0.jpg?1785064168,Omega,112,0,MNK
Gidding Mimid,9835761,102,0,Exodus,Primal,2346,0,97296d489ec3afb5d7c65e3c6fa7fc05_0cdf051c93865faa15cbc5cd3d2b69fbfc0.jpg?1785065194,Omega,615,4,NIN
Katka Kogoro,44461194,103,0,Behemoth,Primal,2322,0,550a289a6fa63b9cd57149e22c1dbc72_be20385e18333edb329d4574f364a1f0fc0.jpg?1785065219,Omega,237,0,UNK
Mahou Mahou,47196016,104,0,Rafflesia,Dynamis,2306,0,6e978054777e93d657aa58ae97d863a9_2783886613347a4db0bed7524de1298ffc0.jpg?1785065964,Omega,98,0,VPR
Aibertain Mando,32541700,105,0,Jenova,Aether,2294,0,8dec967ad48c9a703018a7445740a7f3_ce736afe35e2ded4e46c4fd0659aef7efc0.jpg?1785064543,Omega,694,6,MNK
Milly Mina,37964161,106,0,Cuchulainn,Dynamis,2281,0,f3300c3e28b3c5b4a3767a587341831e_b4a106e4893fd452df0001eaeecf9d7efc0.jpg?1785062878,Omega,117,0,DNC
Kazz Roy,29985966,107,0,Balmung,Crystal,2277,0,423d0b04c32b0a2b55c7bd2fd8f7a661_7a573cbc0cda3a3dfc1795cb3d9f7b23fc0.jpg?1785063319,Omega,157,0,RPR
Micro Uryade,37487800,108,0,Sargatanas,Aether,2253,0,d9df4db31e4d391c99006db3caa4b5f9_ba22853447012a24cee115315d6a5bebfc0.jpg?1785064139,Omega,254,14,GNB
Garu Kettle,7054871,109,0,Behemoth,Primal,2238,0,e03f1b46663ddb8c150315a88c79c9f1_be20385e18333edb329d4574f364a1f0fc0.jpg?1785062713,Omega,296,0,UNK
Unknown O'juan,20213719,110,0,Maduin,Dynamis,2204,0,27df6ef8a3aa80b9f976110e12831743_7ff236346f6151d8a2c08fd0b4a0b806fc0.jpg?1785066122,Omega,68,0,SCH
Shuba Rashii,43704609,111,0,Adamantoise,Aether,2193,0,a0c17bafae65d503976e3a231681fc34_1f5fd239b885860b7c2bfc72ad1d97effc0.jpg?1785063336,Omega,478,0,PLD
Pharys Ra,13620648,112,0,Excalibur,Primal,2189,0,ab536250c61e7cff127e8bc9e716882f_745baffc465480ed372e274d50318290fc0.jpg?1785065576,Omega,985,0,RDM
Yui Fins,46861659,113,0,Adamantoise,Aether,2134,0,477904411f28cfd029518422146e02f0_1f5fd239b885860b7c2bfc72ad1d97effc0.jpg?1785064810,Omega,1360,13,PLD
Fortune Days,44283538,114,0,Zalera,Crystal,2128,0,044cf6044387105edf58d48a910b1ae4_8106f857613f8fb994b0be37b26ff4bafc0.jpg?1785065081,Omega,99,0,PCT
Snowy Mi,36536510,115,0,Faerie,Aether,2097,0,3f773f63ccbbbe4206293ef3c0a9efec_0e336ff6ad415f47233f0aaf127feac0fc0.jpg?1785064067,Omega,107,0,WAR
Kemono Friends,9960513,116,0,Balmung,Crystal,2092,0,32976001d45735dc6eed07706ce7c1aa_7a573cbc0cda3a3dfc1795cb3d9f7b23fc0.jpg?1785063066,Omega,156,0,PCT
Aiberaint Mando,58601227,117,0,Faerie,Aether,2087,0,b7621f9e3f9c7a33ce4acd4a392c3a41_0e336ff6ad415f47233f0aaf127feac0fc0.jpg?1785064211,Omega,155,9,PLD
Jehuty Apophis,12911440,118,129,Exodus,Primal,2081,108,1653daa8923be02b19f610801d72abd2_0cdf051c93865faa15cbc5cd3d2b69fbfc0.jpg?1785063742,Omega,95,5,DRK
Suhr Zarek,41651606,119,118,Goblin,Crystal,2078,0,9a55a7c2b29a7a0b7de33b2fcc5a0411_8e81e2940511f7152ba4462fe53e35b8fc0.jpg?1785065302,Omega,122,0,WAR
Rin Denma,33178809,120,119,Gilgamesh,Aether,2072,0,6c5bab6678d3c44b6e646bc8726eb9f9_b937560c841465f7c4bc8eb47ea7948afc0.jpg?1785065667,Omega,84,0,UNK
Mavis Enyo,14769968,121,120,Excalibur,Primal,2047,0,00bced457c7cea8ae968197c61367bed_745baffc465480ed372e274d50318290fc0.jpg?1785066035,Omega,192,0,FSH
Lazy Bear,39566180,122,121,Faerie,Aether,2044,0,a07cf0c35d5a78a5a1b9ca16d6f41803_0e336ff6ad415f47233f0aaf127feac0fc0.jpg?1785063429,Omega,352,0,DRK
Cherry Cordial,44805811,123,122,Golem,Dynamis,2010,0,abe0b4c3b8144b8e1e4dd97574ed6c02_dd61c3dc259e5c43722e89409499b669fc0.jpg?1785064794,Omega,127,0,DNC
Akane Kirino,30655097,124,123,Lamia,Primal,2004,0,e7e55571c2cbc7dc6ece9bf5845902e0_4d9be17b5e1edc617052b4dbf4007875fc0.jpg?1785064459,Omega,107,0,PLD
Neco-arc Myuri,1364925,125,124,Balmung,Crystal,1993,0,45595754292a6e60dac91dc40349a619_7a573cbc0cda3a3dfc1795cb3d9f7b23fc0.jpg?1785063079,Omega,235,0,UNK
Mash Buttons,12470854,126,125,Ultros,Primal,1987,0,eec5508ec2ce3844fd62caa5b87a24d8_c514cdcdb619439df97d906d4434ccc6fc0.jpg?1785064091,Omega,142,0,BRD
Sarantsatsral Kha,26082962,127,126,Behemoth,Primal,1986,0,f8735f190504d139ee16ec1a623371dc_be20385e18333edb329d4574f364a1f0fc0.jpg?1785062597,Omega,194,1,SMN
Ailbhe Costa,24483224,128,127,Golem,Dynamis,1984,0,d2a07a324d29f192eabbae6adeb2462b_dd61c3dc259e5c43722e89409499b669fc0.jpg?1785063049,Omega,66,0,UNK
Caelestis Miserere,27413401,129,128,Gilgamesh,Aether,1980,0,6648878dcffafd1735712db597d195f2_b937560c841465f7c4bc8eb47ea7948afc0.jpg?1785065273,Omega,201,0,BRD
Naeng Myeon,35393894,130,0,Jenova,Aether,1968,0,e834ee8ccde5fd99424275ed75278f5b_ce736afe35e2ded4e46c4fd0659aef7efc0.jpg?1785065858,Omega,283,8,MNK
Velvet Mordio,11975584,131,0,Exodus,Primal,1963,0,78d6cff1cf5b31e96125819d9688bb5a_0cdf051c93865faa15cbc5cd3d2b69fbfc0.jpg?1785063851,Omega,67,0,DRG
Master Zoknik,48144446,132,0,Balmung,Crystal,1920,0,3c54e73f2ad7023aa3b173793f95c070_7a573cbc0cda3a3dfc1795cb3d9f7b23fc0.jpg?1785065909,Omega,406,0,SMN
Aahaha Hahahahaha,31743716,133,0,Exodus,Primal,1919,0,77935bdcfdbdbcd8404ce28584023170_0cdf051c93865faa15cbc5cd3d2b69fbfc0.jpg?1785063157,Omega,434,0,WAR
Adrianne Lehman,335503,134,140,Jenova,Aether,1904,106,9487d4bc6332e7a22c323a4ee321ffa1_ce736afe35e2ded4e46c4fd0659aef7efc0.jpg?1785063748,Omega,591,6,NIN
Momo Meow,50898775,135,134,Siren,Aether,1903,0,6abf63b1f0755aa211bfd1dadc66e3b9_58a84e851e55175d22158ca97af58a1ffc0.jpg?1785065887,Omega,118,0,AST
Sarika Malaguld,26277872,136,135,Malboro,Crystal,1875,0,b5ba2d7504851e96b1b111084043d54f_2e97c13fdd593d15d543093f8a37b6f0fc0.jpg?1785065060,Omega,172,0,WAR
Mits Suki,33204212,137,136,Famfrit,Primal,1875,0,5bb063598970951b9c8c586bd4f0db1f_fce4949e615393e574f2d57134b31fc1fc0.jpg?1785064266,Omega,130,0,MNK
Fat Cat,39235895,138,137,Golem,Dynamis,1875,0,b5e5b9251e1d34a0e4a218bdaa795d78_dd61c3dc259e5c43722e89409499b669fc0.jpg?1785064560,Omega,66,0,PCT
Roland Montpensier,27408688,139,138,Mateus,Crystal,1861,0,f999e29fa2ab10f6ba02338f493e886b_f0c52cc66e124fc2e641d7c21ab2ce79fc0.jpg?1785064133,Omega,373,1,DRK
Mystia Lorelei,42994613,140,139,Kraken,Dynamis,1806,0,771c69a5eb54adc2e5a51fa043f5082b_049a956dfeb0eb2e19c417a1dde4d680fc0.jpg?1785064010,Omega,101,0,MNK
Novical Astrea,42979170,141,0,Exodus,Primal,1792,0,b638930bbe9987be79fa698126728549_0cdf051c93865faa15cbc5cd3d2b69fbfc0.jpg?1785063806,Omega,415,10,RDM
Xiao Baobao,34864246,142,0,Gilgamesh,Aether,1791,0,b7292ab55f454a1e43ddd8b122b85c1f_b937560c841465f7c4bc8eb47ea7948afc0.jpg?1785062887,Omega,87,0,PLD
Aveise Sigrid,57691885,143,0,Marilith,Dynamis,1789,0,917de95c64cf2359e18beb93612538f9_bbfb28d5a9059cd0c768daf77ab29982fc0.jpg?1785062962,Omega,135,0,UNK
Tom Diesche,18405124,144,0,Brynhildr,Crystal,1785,0,ed1c4fdb1074b3519b700cc1619d3ba6_d0a0f515a62457570c9b44997063e3c1fc0.jpg?1785065922,Omega,128,0,WAR
Labrys Roux,31449732,145,0,Ultros,Primal,1785,0,b78d649d03beba97a36fa9eebc98afc4_c514cdcdb619439df97d906d4434ccc6fc0.jpg?1785063622,Omega,115,0,AST
Lux Mas,23065843,146,0,Sargatanas,Aether,1750,0,88a2ca0abf69b95b8d6893d740e04615_ba22853447012a24cee115315d6a5bebfc0.jpg?1785065962,Omega,192,0,RDM
Hana Hana,31586962,147,0,Coeurl,Crystal,1727,0,a5164f1e04ae464304e60380b7a36081_284358f8eb4efc9095914e46798c6ab3fc0.jpg?1785065741,Omega,180,0,ALC
Abel Catallus,20632128,148,183,Hyperion,Primal,1720,198,a753917cbe6dc89a0ba41f10003a621d_57ae9ee5592123dd79c8912bf768cf99fc0.jpg?1785063589,Omega,115,6,SMN
Hyunsik Lee,60531488,149,148,Kraken,Dynamis,1696,0,00e4f90972bc1552fa78efeddf44290c_049a956dfeb0eb2e19c417a1dde4d680fc0.jpg?1785065981,Omega,113,4,DNC
Kuina Kagetsu,36802695,150,149,Ultros,Primal,1688,0,dd8ffbe11c53ea988c605c9c24157c59_c514cdcdb619439df97d906d4434ccc6fc0.jpg?1785064305,Omega,305,8,SGE
Tiny Sosig,16648383,151,150,Balmung,Crystal,1687,0,47661dc0b135d6c15fadc46a3fa85816_7a573cbc0cda3a3dfc1795cb3d9f7b23fc0.jpg?1785065265,Omega,754,8,MNK
Horan Lou,38248988,152,151,Brynhildr,Crystal,1670,0,3c88d2c3502bacefa5eb1e223a75217b_d0a0f515a62457570c9b44997063e3c1fc0.jpg?1785064499,Omega,293,0,WHM
Hodrick Blackstone,18080614,153,152,Brynhildr,Crystal,1654,0,ab10420e2fcc4ffe08dae0b8014d64c2_d0a0f515a62457570c9b44997063e3c1fc0.jpg?1785065591,Omega,57,0,SAM
F'ool Pr'oof,27802292,154,153,Behemoth,Primal,1629,0,07756f3cccf4cada3f3d40b5d44ef841_be20385e18333edb329d4574f364a1f0fc0.jpg?1785062649,Omega,398,0,DNC
Judas Demaio,7957583,155,154,Balmung,Crystal,1622,0,802e8b947615ba3fa10ac8d8e4fb1ebf_7a573cbc0cda3a3dfc1795cb3d9f7b23fc0.jpg?1785064963,Omega,89,0,UNK
Mirae Malaguld,50148809,156,155,Famfrit,Primal,1620,0,6eb6ea3365a1160e9537ec75ff91463a_fce4949e615393e574f2d57134b31fc1fc0.jpg?1785063782,Omega,90,0,WHM
Tio Tot,32427648,157,156,Jenova,Aether,1612,0,b6b5f99e0b2c9878499873fdbe82cda3_ce736afe35e2ded4e46c4fd0659aef7efc0.jpg?1785062762,Omega,67,0,PLD
Iron'chef America,8128303,158,157,Excalibur,Primal,1608,0,0481201183ab89a2bd2f40a399e79d47_745baffc465480ed372e274d50318290fc0.jpg?1785064883,Omega,186,0,PLD
Gungnir Silveresta,10548665,159,158,Faerie,Aether,1607,0,8128295623d74de20a2fa5b57d632b9e_0e336ff6ad415f47233f0aaf127feac0fc0.jpg?1785065361,Omega,50,0,DNC
Fyoriah Aliapoh,44734635,160,159,Faerie,Aether,1606,0,298901c71b421faa4612e0bbd9420820_0e336ff6ad415f47233f0aaf127feac0fc0.jpg?1785064631,Omega,275,0,AST
Rasan Sena,13544028,161,160,Kraken,Dynamis,1605,0,70d1ba94bcbeff8a384f1e364b2ee863_049a956dfeb0eb2e19c417a1dde4d680fc0.jpg?1785062841,Omega,121,0,UNK
Cadence Cantus,33044984,162,161,Siren,Aether,1603,0,44e7dbfa977275caf68524c22df4eed0_58a84e851e55175d22158ca97af58a1ffc0.jpg?1785062571,Omega,212,0,BRD
Thora Strom,44311694,163,162,Balmung,Crystal,1602,0,eafe24ba9e4073b453a06ab5c6a48063_7a573cbc0cda3a3dfc1795cb3d9f7b23fc0.jpg?1785063697,Omega,185,0,SCH
Cayen Cen,13893282,164,163,Cactuar,Aether,1602,0,736a684af24050d9faf2a50c1a5ea0b6_96ab1df8877c1f8ba6a89a39cccfd437fc0.jpg?1785066004,Omega,72,0,UNK
Apocalus Van'zandt,10350828,165,164,Hyperion,Primal,1601,0,ca0bd01fc4516b9be7aa32ec0cb61561_57ae9ee5592123dd79c8912bf768cf99fc0.jpg?1785063788,Omega,421,0,MNK
Nio Altugle,18375554,166,165,Lamia,Primal,1598,0,fecc5e46141fd8fa55ab137f97ad09f9_4d9be17b5e1edc617052b4dbf4007875fc0.jpg?1785062992,Omega,100,0,UNK
Minato Maki,53819658,167,166,Excalibur,Primal,1598,0,03c1d1dc5b9a30317518ec9a30c301ab_745baffc465480ed372e274d50318290fc0.jpg?1785065682,Omega,33,0,VPR
Lumiel Alstreim,6929457,168,167,Balmung,Crystal,1597,0,6004c4e57250b544ed36bf6b310e878a_7a573cbc0cda3a3dfc1795cb3d9f7b23fc0.jpg?1785063303,Omega,345,0,PCT
Seraphita Strahlven,58649712,169,168,Seraph,Dynamis,1597,0,3096333f317921e5c2e1cd25e56d3377_07fb0511053f398d1f2d6831e6a6b4c8fc0.jpg?1785065145,Omega,173,0,UNK
Liliane Kinoa,59418375,170,0,Sargatanas,Aether,1594,1494,b0d50078a57dc6f3f89b7f3573e18454_ba22853447012a24cee115315d6a5bebfc0.jpg?1785065398,Omega,55,19,UNK
Player Killer,50196458,171,169,Siren,Aether,1592,0,291dd4f02bf9d51d2e83cec2c551210c_58a84e851e55175d22158ca97af58a1ffc0.jpg?1785064024,Omega,71,0,DRG
Yulia Lunaria,82714,172,170,Coeurl,Crystal,1591,0,30d19e29baad4dfe064001a80a4466e1_284358f8eb4efc9095914e46798c6ab3fc0.jpg?1785063044,Omega,198,0,WHM
Silah Zetsku,53965328,173,171,Marilith,Dynamis,1590,0,d2b4042f092dccb0d381fdc61afe74c3_bbfb28d5a9059cd0c768daf77ab29982fc0.jpg?1785065253,Omega,88,0,MNK
Azure Balmung,17864089,174,172,Gilgamesh,Aether,1587,0,5456a33c0abb12eab1bf88281486246e_b937560c841465f7c4bc8eb47ea7948afc0.jpg?1785065277,Omega,23,0,WAR
The Drifter,54824051,175,173,Balmung,Crystal,1582,0,b8c4d3cdb07fb7e0366b2790034ea493_7a573cbc0cda3a3dfc1795cb3d9f7b23fc0.jpg?1785062770,Omega,122,0,UNK
Isabella Nezen,15461145,176,174,Ultros,Primal,1579,0,613c86dafdc122f2f0bbb974eee5fb7a_c514cdcdb619439df97d906d4434ccc6fc0.jpg?1785065514,Omega,121,0,DRG
Tira Mitsu,32898452,177,175,Famfrit,Primal,1575,0,4b1c9d5649682a146debae73c60e6165_fce4949e615393e574f2d57134b31fc1fc0.jpg?1785065271,Omega,413,0,WHM
Eyre Stahl,32745572,178,176,Maduin,Dynamis,1558,0,0d24cf6e8f53fc59a993fd5e5311d4e0_7ff236346f6151d8a2c08fd0b4a0b806fc0.jpg?1785065148,Omega,214,0,SAM
You Sea,12059416,179,177,Gilgamesh,Aether,1540,0,6ac29901580281ae6a79f2e6a070dc6a_b937560c841465f7c4bc8eb47ea7948afc0.jpg?1785064689,Omega,243,0,DRG
Giselle Aureillien,29155636,180,178,Coeurl,Crystal,1540,0,0864f26f62e17d3942c765f8a16665d2_284358f8eb4efc9095914e46798c6ab3fc0.jpg?1785065062,Omega,217,0,NIN
Somnidemn Serdorm,37031558,181,179,Goblin,Crystal,1533,0,6147ca113912ee7b9ac321313bbf5863_8e81e2940511f7152ba4462fe53e35b8fc0.jpg?1785064604,Omega,284,0,VPR
Xianra Bryne,4015592,182,180,Excalibur,Primal,1530,0,770b7228e5d013ae3146fc6330b9b756_745baffc465480ed372e274d50318290fc0.jpg?1785063003,Omega,639,0,SGE
Diabellstar Vengeance,61220423,183,181,Mateus,Crystal,1530,0,2721ea24ade3d72d094f4b76090ad281_f0c52cc66e124fc2e641d7c21ab2ce79fc0.jpg?1785063021,Omega,175,0,GNB
Akam Mizuna,11803947,184,182,Leviathan,Primal,1530,0,8c8c482c7a3d1c6cf89407e6cf103b32_a91aae52cff9ef65932db06b150ffd47fc0.jpg?1785063901,Omega,130,0,VPR
Sain Kogseguabragh,44605393,185,184,Goblin,Crystal,1519,0,685f6c8319b07e5a8d1e694b7d17e540_8e81e2940511f7152ba4462fe53e35b8fc0.jpg?1785063050,Omega,103,0,BRD
Shannon Le-turtle,39536399,186,185,Seraph,Dynamis,1518,0,e571ca9c826cb66d6fa7846b5d384a46_07fb0511053f398d1f2d6831e6a6b4c8fc0.jpg?1785063404,Omega,620,0,AST
Haley Autouria,105933,187,186,Coeurl,Crystal,1517,0,8e6b9b10fc2e31af21e24fdaae151c61_284358f8eb4efc9095914e46798c6ab3fc0.jpg?1785062943,Omega,137,0,UNK
Josh Trigiani,6965228,188,187,Lamia,Primal,1513,0,22f547722b0454bc3b30d7f6a8ac5b0a_4d9be17b5e1edc617052b4dbf4007875fc0.jpg?1785064592,Omega,217,0,PCT
Aesa Reign,35916991,189,188,Behemoth,Primal,1511,0,41b39fb2112c54e35953a1e9bca43b2b_be20385e18333edb329d4574f364a1f0fc0.jpg?1785063244,Omega,74,0,WAR
Vann Healsing,6572,190,189,Coeurl,Crystal,1510,0,e19ce452168669ef7abba0e26cc8ee4c_284358f8eb4efc9095914e46798c6ab3fc0.jpg?1785062538,Omega,153,0,WAR
Luke Fonbre,20036349,191,190,Siren,Aether,1508,0,b35b52a5df8e9cdc0e7475642b9c5613_58a84e851e55175d22158ca97af58a1ffc0.jpg?1785064311,Omega,63,0,VPR
Nika Arwing,12407061,192,191,Behemoth,Primal,1507,0,f0ebfd95e843addaab2471d3cb028eb6_be20385e18333edb329d4574f364a1f0fc0.jpg?1785065176,Omega,87,0,NIN
Ais Syensu,35363502,193,192,Exodus,Primal,1506,0,6ba2d35248558bce444fe5909dde04a2_0cdf051c93865faa15cbc5cd3d2b69fbfc0.jpg?1785065502,Omega,75,0,SGE
Hana Wizu,34297440,194,193,Coeurl,Crystal,1506,0,70b64c7ddd89f636a5e3ea65052de831_284358f8eb4efc9095914e46798c6ab3fc0.jpg?1785064452,Omega,67,0,RDM
Viltrix Valecent,6035738,195,194,Gilgamesh,Aether,1506,0,56054bc9fbcb76865739310467c4ac35_b937560c841465f7c4bc8eb47ea7948afc0.jpg?1785063810,Omega,35,0,DRG
Io Isana,33563057,196,195,Coeurl,Crystal,1503,0,bb1bccc46bef2876072e2e7fa326fa12_284358f8eb4efc9095914e46798c6ab3fc0.jpg?1785065106,Omega,76,0,DNC
Lowan Gleview,48863675,197,196,Gilgamesh,Aether,1502,0,3ed0770e9633fa9630af57f595f1d68d_b937560c841465f7c4bc8eb47ea7948afc0.jpg?1785064415,Omega,289,0,PCT
Tarex Youva,34244171,198,197,Behemoth,Primal,1502,0,f62a1a6593a19abc7f2ade2191e57159_be20385e18333edb329d4574f364a1f0fc0.jpg?1785065939,Omega,84,0,BLM
Xeyr Aea,10478615,199,198,Diabolos,Crystal,1500,0,afc00073149550ad623df3280d05956f_7b33d33ae3ecb996f778a5f67a6a0af6fc0.jpg?1785065581,Omega,174,0,VPR
Sovereign Phil,14314725,200,199,Goblin,Crystal,1500,0,acf642268567c66b82aaf11114198670_8e81e2940511f7152ba4462fe53e35b8fc0.jpg?1785063819,Omega,33,0,WHM
Stavros Valeksejeva,24501080,201,200,Coeurl,Crystal,1498,0,cd427b892cf9b7589573bdd40ce7b5a0_284358f8eb4efc9095914e46798c6ab3fc0.jpg?1785065131,Crystal,32,0,WHM
Bad Kitten,61305618,202,201,Midgardsormr,Aether,1490,0,2da288ea715127cb2e60a9953002094d_5c8ecfbc673e1287a9b5e85423fe1657fc0.jpg?1785062603,Crystal,117,0,UNK
Pravik Rhati,30628415,203,202,Zalera,Crystal,1475,0,6f338ced5bbbd90812f4a17468f53684_8106f857613f8fb994b0be37b26ff4bafc0.jpg?1785064267,Crystal,753,4,MNK
Budget Ahri,33698030,204,203,Lamia,Primal,1475,0,81233c9c8cbe44283deab85bad957c60_4d9be17b5e1edc617052b4dbf4007875fc0.jpg?1785064005,Crystal,81,0,NIN
Jin Mercer,31096690,205,204,Marilith,Dynamis,1466,0,708b770d30658bbff6a84015d913b518_bbfb28d5a9059cd0c768daf77ab29982fc0.jpg?1785065877,Crystal,507,1,DRG
Kitsu Katsu,41828123,206,205,Gilgamesh,Aether,1439,0,297d1c26a79bacf73605aff370056cd3_b937560c841465f7c4bc8eb47ea7948afc0.jpg?1785063476,Crystal,145,0,MNK
Adrian Aeis,38131092,207,206,Behemoth,Primal,1436,0,011052b8e5cf7a1e28b378abd2c2516f_be20385e18333edb329d4574f364a1f0fc0.jpg?1785064324,Crystal,81,0,SCH
Mistral Weissheit,15111021,208,207,Gilgamesh,Aether,1419,0,ef8fa6dd63bdc74ece2eecf07fdce9a8_b937560c841465f7c4bc8eb47ea7948afc0.jpg?1785063803,Crystal,342,0,PLD
Soul Reaps,60357445,209,208,Diabolos,Crystal,1419,0,2f8c47a6dfdce2afc4421a1b328c6914_7b33d33ae3ecb996f778a5f67a6a0af6fc0.jpg?1785063646,Crystal,202,0,RPR
Rekka Ken,36907132,210,209,Malboro,Crystal,1415,0,1b31ef6b1c92d23ae2020a16b0b3625d_2e97c13fdd593d15d543093f8a37b6f0fc0.jpg?1785065225,Crystal,108,0,RDM
Fyn Chii,40449206,211,210,Jenova,Aether,1409,0,ebdf2b88e1c2cb0483fccc0f723cb05c_ce736afe35e2ded4e46c4fd0659aef7efc0.jpg?1785065240,Crystal,51,0,DRG
Shibuya Kei,60355470,212,211,Jenova,Aether,1405,0,b11feb68096d456e4b4301df712af006_ce736afe35e2ded4e46c4fd0659aef7efc0.jpg?1785064834,Crystal,88,0,AST
Savard Qerel,20600432,213,212,Diabolos,Crystal,1400,0,db0af86bd2eb90f70c42b9e65658aff2_7b33d33ae3ecb996f778a5f67a6a0af6fc0.jpg?1785063430,Crystal,264,0,WAR
I'm Die,4799967,214,213,Gilgamesh,Aether,1396,0,c11aaa36c6d7b1b8376ea9c14a3c6f5f_b937560c841465f7c4bc8eb47ea7948afc0.jpg?1785064773,Crystal,340,0,BRD
Mimiko Kino,37737560,215,214,Cactuar,Aether,1395,0,2f578a342ca6fc6db5f86b231212e716_96ab1df8877c1f8ba6a89a39cccfd437fc0.jpg?1785062852,Crystal,383,0,BLM
Alicia Evergarden,6723854,216,215,Midgardsormr,Aether,1390,0,cde5f4e5f8ff6437c343e482d775f0f0_5c8ecfbc673e1287a9b5e85423fe1657fc0.jpg?1785063503,Crystal,112,0,SMN
Van Asher,37034469,217,216,Cactuar,Aether,1375,0,7c8e9e8ff1b41a8cfc5a8a1b5b61e5aa_96ab1df8877c1f8ba6a89a39cccfd437fc0.jpg?1785062699,Crystal,87,0,MCH
Nanamie Namie,54007603,218,217,Seraph,Dynamis,1372,0,0a2ba3a431605dbe05215a75dffd70e7_07fb0511053f398d1f2d6831e6a6b4c8fc0.jpg?1785063760,Crystal,274,0,AST
Cynara Carrotcake,60571658,219,218,Exodus,Primal,1335,0,6bdbc92e492e7e031a484aad4ed6e71c_0cdf051c93865faa15cbc5cd3d2b69fbfc0.jpg?1785065231,Crystal,188,0,DRG
Eloza Ketsch,8667845,220,219,Malboro,Crystal,1319,0,4414bb689fd8033d67e6821653f9a232_2e97c13fdd593d15d543093f8a37b6f0fc0.jpg?1785063141,Crystal,316,1,VPR
Malenia Okada,36632697,221,220,Adamantoise,Aether,1306,0,5aed469c4229ffcbc9d4c9f5de479de2_1f5fd239b885860b7c2bfc72ad1d97effc0.jpg?1785065665,Crystal,160,0,RDM
Gracidea Blossom,4573171,222,221,Lamia,Primal,1305,0,12afdfb12aebd14365b3149875fee65f_4d9be17b5e1edc617052b4dbf4007875fc0.jpg?1785065902,Crystal,68,0,WHM
Rioryk Ragemist,21543495,223,222,Brynhildr,Crystal,1303,0,cce79adff575133981fe5a7ceaf0fe2e_d0a0f515a62457570c9b44997063e3c1fc0.jpg?1785063897,Crystal,152,0,BLM
Beast God,7180061,224,223,Cactuar,Aether,1302,0,a7dde45f95924444fbec090860d19889_96ab1df8877c1f8ba6a89a39cccfd437fc0.jpg?1785064196,Crystal,229,0,DRG
Horizons Skyfire,11913696,225,224,Diabolos,Crystal,1301,0,b734eb4e1ac3bfdb6fa30086bda8053c_7b33d33ae3ecb996f778a5f67a6a0af6fc0.jpg?1785064570,Crystal,84,0,UNK
Ven Xen,32354551,226,225,Sargatanas,Aether,1300,0,82cfc86a7d32dc2fa5c96748519ece5c_ba22853447012a24cee115315d6a5bebfc0.jpg?1785064116,Crystal,277,0,SMN
Ellie Meeps,36047772,227,226,Lamia,Primal,1294,0,5075b5b323ed5910f6ab59867119b460_4d9be17b5e1edc617052b4dbf4007875fc0.jpg?1785065483,Crystal,80,0,PLD
Eggy Cakey,22329912,228,227,Cactuar,Aether,1292,0,7d349917092d1df68c7026e1a756e123_96ab1df8877c1f8ba6a89a39cccfd437fc0.jpg?1785064934,Crystal,81,0,LTW
Kirishoto Azphina,7859003,229,228,Excalibur,Primal,1284,0,c9689b4fc4af55f8366432b02c0ce55f_745baffc465480ed372e274d50318290fc0.jpg?1785065104,Crystal,83,7,WHM
Yos Sy,23664999,230,229,Jenova,Aether,1283,0,01f58e6e2269085746fd0a5b6fe0e7f2_ce736afe35e2ded4e46c4fd0659aef7efc0.jpg?1785064629,Crystal,274,0,GNB
Diana Page,31890298,231,230,Malboro,Crystal,1283,0,e00b2671dacbbcf0c64b3dca7d8309b8_2e97c13fdd593d15d543093f8a37b6f0fc0.jpg?1785065628,Crystal,120,0,MCH
Satoshi Itaori,52546108,232,231,Golem,Dynamis,1274,0,1ecf4d8479fa0e8c3c4b6fe005108b6d_dd61c3dc259e5c43722e89409499b669fc0.jpg?1785063204,Crystal,51,0,WAR
Virtus Giruvegan,3183831,233,232,Gilgamesh,Aether,1271,0,e8050cdd79efaaf143d74f9ae4cdcfb1_b937560c841465f7c4bc8eb47ea7948afc0.jpg?1785063643,Crystal,60,0,UNK
Jonn Snoww,19740354,234,233,Marilith,Dynamis,1266,0,a7e133f499c7eaef9939ae48fdfd1c14_bbfb28d5a9059cd0c768daf77ab29982fc0.jpg?1785063460,Crystal,264,0,MNK
Sanctified Meiyi,17664808,235,234,Exodus,Primal,1214,0,97897e3416901b29df2a39b2d1b02741_0cdf051c93865faa15cbc5cd3d2b69fbfc0.jpg?1785064861,Crystal,85,0,SAM
Orpheus Laine,29851207,236,235,Gilgamesh,Aether,1213,0,5939235fbb052c79392d334cce14ca00_b937560c841465f7c4bc8eb47ea7948afc0.jpg?1785062832,Crystal,167,0,DRK
Riki Spanish,56617325,237,236,Balmung,Crystal,1211,0,bffd781699f98ef552e3ec8398165cf5_7a573cbc0cda3a3dfc1795cb3d9f7b23fc0.jpg?1785062768,Crystal,439,0,AST
Kotsu Inaro,30630355,238,237,Exodus,Primal,1206,0,366970acd3e57071fd4ad21f6339b0d7_0cdf051c93865faa15cbc5cd3d2b69fbfc0.jpg?1785064754,Crystal,105,0,UNK
Chelsea Bea,39598753,239,238,Ultros,Primal,1202,0,f88857cca70c3bedac28d36a66b26505_c514cdcdb619439df97d906d4434ccc6fc0.jpg?1785063794,Crystal,50,0,WAR
Mai Lennus,52292388,240,239,Lamia,Primal,1199,0,297469abea049ff5cfb98af6fe45176f_4d9be17b5e1edc617052b4dbf4007875fc0.jpg?1785064780,Crystal,103,0,DNC
M' Twelve,36885704,241,240,Halicarnassus,Dynamis,1197,0,0f10ff80520b725264b0aed8ac62d609_f2d324d722b28bbe681b2898bcdca8bffc0.jpg?1785065264,Crystal,104,0,UNK
Nha-uwu John,47196895,242,241,Ultros,Primal,1196,0,c74c6ed5858d763368f6267a128abb62_c514cdcdb619439df97d906d4434ccc6fc0.jpg?1785064200,Crystal,297,0,WHM
Aurora Aura,51466191,243,242,Coeurl,Crystal,1196,0,6bf65747d41f881881af0d8d8ee83bb9_284358f8eb4efc9095914e46798c6ab3fc0.jpg?1785065541,Crystal,287,0,WHM
Teysa Montgomery,6201712,244,243,Cactuar,Aether,1195,0,eb51f53fb1f2b23ee171b4e92895e9b4_96ab1df8877c1f8ba6a89a39cccfd437fc0.jpg?1785063980,Crystal,546,0,DRG
Aurellia Weaver,3452041,245,244,Faerie,Aether,1193,0,c06ba7c8be951a67969dce3dab88eff2_0e336ff6ad415f47233f0aaf127feac0fc0.jpg?1785063427,Crystal,436,0,SMN
Cecils Lunas,39054438,246,245,Brynhildr,Crystal,1193,0,4f553dbd79cfae0460c3d43b82171d15_d0a0f515a62457570c9b44997063e3c1fc0.jpg?1785064533,Crystal,40,0,AST
Ava Falafell,7835301,247,246,Cactuar,Aether,1188,0,037dd67f6ab82aadfe3e7b3e4973d525_96ab1df8877c1f8ba6a89a39cccfd437fc0.jpg?1785065605,Crystal,177,0,WHM
Boulder Beholder,10981587,248,0,Faerie,Aether,1187,300,9de7d0362a3a832a7171bfe262bb5d94_0e336ff6ad415f47233f0aaf127feac0fc0.jpg?1785063467,Crystal,36,3,WAR
Celeste Aeternum,38129090,249,247,Adamantoise,Aether,1173,0,76510814c4215ff9bd016e9313ee6e2c_1f5fd239b885860b7c2bfc72ad1d97effc0.jpg?1785064294,Crystal,878,0,WHM
Feels Good,10385798,250,248,Gilgamesh,Aether,1127,0,aacb6403b7be536dbb3db393021f60ae_b937560c841465f7c4bc8eb47ea7948afc0.jpg?1785064959,Crystal,167,0,BRD
Reed Diamond,7237831,251,249,Ultros,Primal,1117,0,132bb33f336f4f3ae42c3cf9a96a11ad_c514cdcdb619439df97d906d4434ccc6fc0.jpg?1785065771,Crystal,249,0,MNK
Unit Two,9241194,252,250,Ultros,Primal,1115,0,641de9f4edfaf7fe05a95460092c87ef_c514cdcdb619439df97d906d4434ccc6fc0.jpg?1785065924,Crystal,520,7,PLD
Makise Tera,11384489,253,251,Cactuar,Aether,1104,0,08da7f9f3970268f2e58936ac17e0d51_96ab1df8877c1f8ba6a89a39cccfd437fc0.jpg?1785063821,Crystal,181,0,SAM
Shiroi Kijo,44769088,254,252,Ultros,Primal,1097,0,2bc8c14bed99e41cc16db823a37e5295_c514cdcdb619439df97d906d4434ccc6fc0.jpg?1785063535,Crystal,333,0,SMN
Toramaru Sanoshi,20436783,255,253,Seraph,Dynamis,1095,0,6305d099f89e1d7bcb4aa04b6beddc2a_07fb0511053f398d1f2d6831e6a6b4c8fc0.jpg?1785065306,Crystal,293,0,MNK
Mo Azure,47140618,256,254,Lamia,Primal,1093,0,8e6a4b8b298b5523d1f99888dd9f36cf_4d9be17b5e1edc617052b4dbf4007875fc0.jpg?1785063986,Crystal,92,0,WHM
Plasma Handoku,17970251,257,255,Gilgamesh,Aether,1092,0,527105ab2808f24c6cb914b232fb24d4_b937560c841465f7c4bc8eb47ea7948afc0.jpg?1785065662,Crystal,479,0,BRD
Mutilated Remains,15274725,258,256,Adamantoise,Aether,1090,0,8f629073b22cd80f608068b9cfd406f3_1f5fd239b885860b7c2bfc72ad1d97effc0.jpg?1785063810,Crystal,192,0,MNK
Zauber Vormund,20615043,259,257,Gilgamesh,Aether,1090,0,797226ce379ccb819e23918455ad870a_b937560c841465f7c4bc8eb47ea7948afc0.jpg?1785063563,Crystal,180,0,BLM
Maeva Atoel,28510977,260,258,Balmung,Crystal,1088,0,9ffce395ceae1120b37e8eeea433c61d_7a573cbc0cda3a3dfc1795cb3d9f7b23fc0.jpg?1785062908,Crystal,83,0,UNK
Nia Yukumo,22530343,261,259,Lamia,Primal,1085,0,41fe576462de4cc12ab76d6d29ef58e4_4d9be17b5e1edc617052b4dbf4007875fc0.jpg?1785063847,Crystal,171,0,PCT
Yuzu Cenva,8624548,262,260,Ultros,Primal,1072,0,034fc9774d95c4c345035cd2e2c956c7_c514cdcdb619439df97d906d4434ccc6fc0.jpg?1785065514,Crystal,416,1,UNK
Unholy Gravebirth,45471542,263,261,Excalibur,Primal,1060,0,e3d2e32f81115f925fdac0eaacf1646e_745baffc465480ed372e274d50318290fc0.jpg?1785065034,Crystal,139,0,PLD
Zypris Allsbane,13616095,264,262,Leviathan,Primal,1030,0,8194751bb802fcd9691a7ee558040836_a91aae52cff9ef65932db06b150ffd47fc0.jpg?1785063029,Crystal,167,2,RPR
Shy Xo,61017268,265,263,Kraken,Dynamis,1028,0,fe620a3409259e58c630bbe44b67457e_049a956dfeb0eb2e19c417a1dde4d680fc0.jpg?1785063777,Crystal,170,0,AST
Ivy Rukbat,57164057,266,264,Halicarnassus,Dynamis,1028,0,2d54ed72b3329785a41832659590f1d8_f2d324d722b28bbe681b2898bcdca8bffc0.jpg?1785063534,Crystal,127,0,NIN
Renoa Brume,59817620,267,298,Kraken,Dynamis,1014,116,7160e9233d0ddaebfdefbee16f25d021_049a956dfeb0eb2e19c417a1dde4d680fc0.jpg?1785064791,Crystal,206,2,UNK
Ethan Dumas,2337003,268,265,Zalera,Crystal,1012,0,4363afb6aeff95a15293cf3907560f7b_8106f857613f8fb994b0be37b26ff4bafc0.jpg?1785065200,Crystal,554,6,VPR
Asteroth Rayet,34556987,269,266,Coeurl,Crystal,1011,0,074f19c1dfdaef751b93ed3b29eeb320_284358f8eb4efc9095914e46798c6ab3fc0.jpg?1785065891,Crystal,148,0,WAR
Inugami San,23820236,270,267,Mateus,Crystal,1009,0,a2e7899faed133816b18a50657fc74fb_f0c52cc66e124fc2e641d7c21ab2ce79fc0.jpg?1785062940,Crystal,89,0,SCH
Last Petal,1815790,271,268,Cactuar,Aether,1008,0,2716f5ea23f303a0f5439418c37fe57b_96ab1df8877c1f8ba6a89a39cccfd437fc0.jpg?1785063089,Crystal,605,0,BLM
Katherine Flynn,14865366,272,269,Balmung,Crystal,1008,0,cd151002e92ea5e489f7118176086f79_7a573cbc0cda3a3dfc1795cb3d9f7b23fc0.jpg?1785065467,Crystal,348,0,UNK
Rivette Moks,11761838,273,270,Balmung,Crystal,1006,0,483eb1c1ea94a3300b3a16a17aaf6a51_7a573cbc0cda3a3dfc1795cb3d9f7b23fc0.jpg?1785065124,Crystal,168,0,WAR
Leonce Ambroise,222459,274,271,Zalera,Crystal,1003,0,5ce37a108e7af2c97a5f4856796d657c_8106f857613f8fb994b0be37b26ff4bafc0.jpg?1785063179,Crystal,291,0,UNK
Brian Ricardo,9364090,275,272,Adamantoise,Aether,998,0,c00688b4ac9b567c1a4de9d648fbbff4_1f5fd239b885860b7c2bfc72ad1d97effc0.jpg?1785062658,Crystal,138,0,SAM
Bento Manjusaka,8342791,276,273,Famfrit,Primal,997,0,6ad6165e804ca5f8a6e46061f7c359ec_fce4949e615393e574f2d57134b31fc1fc0.jpg?1785064928,Crystal,244,0,BRD
Minnie Nuke,16773808,277,274,Zalera,Crystal,997,0,3983a92936bcc23b0d9e6edf7a1e7fff_8106f857613f8fb994b0be37b26ff4bafc0.jpg?1785065541,Crystal,125,0,CRP
Sarukii Sunglow,55920563,278,275,Mateus,Crystal,997,0,ae6f7f9185e3d826078d6a9484db67b2_f0c52cc66e124fc2e641d7c21ab2ce79fc0.jpg?1785065009,Crystal,86,0,DRK
Ezekiell Zepol,1180389,279,276,Excalibur,Primal,997,0,4ad42e78dbedc29967c7a80c89723218_745baffc465480ed372e274d50318290fc0.jpg?1785065642,Crystal,32,0,PLD
Nana Shirogane,27492589,280,0,Lamia,Primal,996,693,3cda69c8242e3525a60690e884546ccd_4d9be17b5e1edc617052b4dbf4007875fc0.jpg?1785065028,Crystal,367,14,UNK
Kanae Meow,36806118,281,299,Ultros,Primal,996,98,8969e8a0b518902a3996525f822b4701_c514cdcdb619439df97d906d4434ccc6fc0.jpg?1785065150,Crystal,129,1,WHM
Noga Cosnoh,12058107,282,277,Cactuar,Aether,995,0,2ed29f4458018d1f538dd14b47de63b0_96ab1df8877c1f8ba6a89a39cccfd437fc0.jpg?1785063454,Crystal,91,0,MNK
Broken Halo,60724872,283,278,Cuchulainn,Dynamis,994,0,bef08d9a91bd50f9a4a9043162f6e5fb_b4a106e4893fd452df0001eaeecf9d7efc0.jpg?1785064081,Crystal,110,0,UNK
Pedur Dur,24213921,284,279,Malboro,Crystal,990,0,c7dc189fdb0cc4fd22b4a0b05c6b6b3d_2e97c13fdd593d15d543093f8a37b6f0fc0.jpg?1785063278,Crystal,126,0,SCH
Pha Nini,28126498,285,280,Sargatanas,Aether,987,0,3ddbe97c3c8795d137a819f0b0807360_ba22853447012a24cee115315d6a5bebfc0.jpg?1785065471,Crystal,75,0,SCH
Pvp Wintrader,55633250,286,281,Rafflesia,Dynamis,985,0,a95c4512f0f35cf564aac910d19b00e2_2783886613347a4db0bed7524de1298ffc0.jpg?1785063066,Crystal,36,0,SAM
Te To,60421324,287,282,Halicarnassus,Dynamis,984,0,b7b16a70b328f03bf8720dda504c3c7a_f2d324d722b28bbe681b2898bcdca8bffc0.jpg?1785063405,Crystal,120,0,SAM
Wolf Karas,11096788,288,283,Sargatanas,Aether,969,0,66541e91ac38694b95f91c34cb2bcfeb_ba22853447012a24cee115315d6a5bebfc0.jpg?1785064776,Crystal,140,0,PLD
A'kena Themis,30488636,289,284,Cuchulainn,Dynamis,967,0,0dfbdcebc19679eb813e05521b4bc587_b4a106e4893fd452df0001eaeecf9d7efc0.jpg?1785062634,Crystal,40,0,SAM
Noble Stark,31071352,290,285,Diabolos,Crystal,915,0,918ac396bf280959e23d8eccfebd98a1_7b33d33ae3ecb996f778a5f67a6a0af6fc0.jpg?1785064506,Crystal,476,0,UNK
Mikjall Djt-yisi,26689137,291,286,Balmung,Crystal,915,0,7885348685c8cada59378ee95f2f9984_7a573cbc0cda3a3dfc1795cb3d9f7b23fc0.jpg?1785065517,Crystal,199,0,VPR
Brand Leer,16277383,292,287,Coeurl,Crystal,914,0,659a295be6afcb162c7f9dd4c18b67ca_284358f8eb4efc9095914e46798c6ab3fc0.jpg?1785062972,Crystal,87,0,BLM
Sairen Kin,2721473,293,288,Mateus,Crystal,912,0,09100e4f109442cff32ea9b0f594bfa2_f0c52cc66e124fc2e641d7c21ab2ce79fc0.jpg?1785063415,Crystal,114,0,RDM
Majin Blunt,49410161,294,289,Famfrit,Primal,911,0,b4915251e6dbe3a6d963065f6b42aa7a_fce4949e615393e574f2d57134b31fc1fc0.jpg?1785062812,Crystal,183,0,SAM
Hunie Pop,37396085,295,290,Ultros,Primal,910,0,8a72b357002474c02d597d6e8bc94cee_c514cdcdb619439df97d906d4434ccc6fc0.jpg?1785062538,Crystal,417,0,WHM
Radanis Luminacht,16920977,296,291,Sargatanas,Aether,909,0,b371d311f8b15d14c5d5b08dda36ab7f_ba22853447012a24cee115315d6a5bebfc0.jpg?1785063024,Crystal,28,0,MCH
Tewi Inaba,6312330,297,292,Lamia,Primal,907,0,ce906f165d120981bf8f813e2d709124_4d9be17b5e1edc617052b4dbf4007875fc0.jpg?1785064431,Crystal,160,0,UNK
Gummy Worm,57647274,298,293,Marilith,Dynamis,903,0,607e1facb7497c0ae23b867d0142b1c7_bbfb28d5a9059cd0c768daf77ab29982fc0.jpg?1785063725,Crystal,165,0,GNB
Suho Thamasa,29478863,299,294,Hyperion,Primal,903,0,5a1f26eb5676742192b41e767e7e2071_57ae9ee5592123dd79c8912bf768cf99fc0.jpg?1785064548,Crystal,162,0,PCT
Cj Deux,23394493,300,295,Lamia,Primal,901,0,64702aeefa55d2931c531ddadd7964ea_4d9be17b5e1edc617052b4dbf4007875fc0.jpg?1785065872,Crystal,841,11,WHM
Shiki Hime,41619079,1,0,Sophia,Materia,0,0,e0f33871fdd9bcb0012cace0f140b504_ba15a18cd3a8fb567e39053022515eb6fc0.jpg?1785063030,Platinum,0,0,MNK
Shiny Jirachi,51220221,2,0,Sophia,Materia,0,0,f1b04aa626472a08642b4f93d911f87c_ba15a18cd3a8fb567e39053022515eb6fc0.jpg?1785063101,Platinum,4,0,RDM
Stu Vermillion,45923134,3,0,Sephirot,Materia,0,0,542be51b9ba1f8c4c217e94d2b96e3aa_30a5f9eadea6e0cb684a5265362d0d59fc0.jpg?1785065027,Platinum,25,0,PCT
Lil Wu,39781651,4,0,Ravana,Materia,0,0,883868199332c12050d61887025475bc_2f53b2675d3eea360f0b48d74d30af15fc0.jpg?1785063176,Platinum,1,0,GLA
Byakko Moon,10831175,5,0,Sephirot,Materia,0,0,7d8049ebe32efa74e5107944b1e43d15_30a5f9eadea6e0cb684a5265362d0d59fc0.jpg?1785063738,Platinum,50,0,PLD
Boz Ulceros,32280980,6,0,Ravana,Materia,0,0,269b081d650bf5598fd5a3f9419b8b43_2f53b2675d3eea360f0b48d74d30af15fc0.jpg?1785064087,Platinum,10,0,NIN
Peaceful Serenity,44576253,7,0,Sephirot,Materia,0,0,ae7fb16a93fad97a522145bf683d894f_30a5f9eadea6e0cb684a5265362d0d59fc0.jpg?1785065164,Platinum,3,0,RDM
Enrei Mihata,49665542,8,0,Ravana,Materia,0,0,9df67e19d234830f2d797bb6efbad836_2f53b2675d3eea360f0b48d74d30af15fc0.jpg?1785064350,Platinum,16,0,PCT
Syth Isi,14766898,9,0,Sephirot,Materia,0,0,4eef23c58ccbdfd054240b7a6afee3df_30a5f9eadea6e0cb684a5265362d0d59fc0.jpg?1785063150,Platinum,7,0,BRD
Queue Up,44283543,10,0,Ravana,Materia,0,0,341e0565d728c5334b58960edfc1c897_2f53b2675d3eea360f0b48d74d30af15fc0.jpg?1785064599,Platinum,6,0,DRK
Argyl Emmerich,36937461,11,0,Ravana,Materia,0,0,2b4fd94a05bccd110d3387cc565e1ed1_2f53b2675d3eea360f0b48d74d30af15fc0.jpg?1785063290,Platinum,43,0,BLM
Tira Misu,2090168,12,0,Ravana,Materia,0,0,2e0ed7e39a0f161435751487e4e9fdac_2f53b2675d3eea360f0b48d74d30af15fc0.jpg?1785065340,Platinum,37,0,NIN
Unshao Theruun,36386941,13,0,Sephirot,Materia,0,0,ec8f93abdc73eddcd17e0450db1cb572_30a5f9eadea6e0cb684a5265362d0d59fc0.jpg?1785064349,Platinum,32,0,WAR
Lyon Sufferhymn,14941348,14,0,Zurvan,Materia,0,0,4fc1cf066786618341174acfb996394f_1fa3a1b3845481a1b67b46854a3cc49afc0.jpg?1785064680,Platinum,18,0,MNK
Re- G',41760350,15,0,Sophia,Materia,0,0,b5e032ba04147a101b5a91d07703c313_ba15a18cd3a8fb567e39053022515eb6fc0.jpg?1785064741,Gold,33,0,UNK
Chs Crane,37655547,16,0,Sophia,Materia,0,0,7cd2d4b420716bf684bdd41ef37d9319_ba15a18cd3a8fb567e39053022515eb6fc0.jpg?1785063195,Gold,32,0,CUL
Cwenhild Reid,41763782,16,0,Sophia,Materia,0,0,c9d176025665cc1528a984e82a81fd64_ba15a18cd3a8fb567e39053022515eb6fc0.jpg?1785065014,Gold,32,0,DRK
Esperance Lightbound,16103781,18,0,Ravana,Materia,0,0,0d3ff648d49892a8fc3bd67490985032_2f53b2675d3eea360f0b48d74d30af15fc0.jpg?1785064427,Gold,31,0,BRD
Nirki Yukumo,41663432,19,0,Zurvan,Materia,0,0,c950234c9a872ae2ab8476f696fcb74f_1fa3a1b3845481a1b67b46854a3cc49afc0.jpg?1785063619,Gold,23,0,BSM
Disco Knees,36101852,20,0,Sophia,Materia,0,0,48d0a8dae7efe9ad10780f28920a969b_ba15a18cd3a8fb567e39053022515eb6fc0.jpg?1785062852,Gold,5,0,MNK
Monkey Rat,28956529,21,0,Zurvan,Materia,0,0,bd13db4ebaa363278dd269b5941ae816_1fa3a1b3845481a1b67b46854a3cc49afc0.jpg?1785063801,Gold,40,0,BLM
Twitch Pvpash,58810276,22,0,Ravana,Materia,0,0,029613325af959049b728f2d575f5a9a_2f53b2675d3eea360f0b48d74d30af15fc0.jpg?1785063066,Gold,12,0,SAM
Pj Silva,36596860,23,0,Sephirot,Materia,0,0,59e072e6ec168aa5868b9454fe88d4c9_30a5f9eadea6e0cb684a5265362d0d59fc0.jpg?1785062734,Gold,30,0,VPR
Jiraiya Sannin,47974804,24,0,Ravana,Materia,0,0,6a5cc312529bc78b7d0bbbf5f41983af_2f53b2675d3eea360f0b48d74d30af15fc0.jpg?1785063304,Gold,0,0,DRK
Jena Kuwahara,28003546,25,0,Ravana,Materia,0,0,5bacb190ffd91b392df04923b13fa29a_2f53b2675d3eea360f0b48d74d30af15fc0.jpg?1785065289,Gold,77,0,BSM
Lio Ornedwesfv,47738350,26,0,Ravana,Materia,0,0,fa38d097e19186bd932e01edc672a29a_2f53b2675d3eea360f0b48d74d30af15fc0.jpg?1785063004,Gold,21,0,SMN
Jackyyy L'empika,30946891,27,0,Sophia,Materia,0,0,6013d9f2313aa2e79fce80b4ccd203b7_ba15a18cd3a8fb567e39053022515eb6fc0.jpg?1785065693,Gold,35,0,SCH
Red Pocket,57790009,28,0,Zurvan,Materia,0,0,9ee6578b70ebe2412c9a6a3b9539d845_1fa3a1b3845481a1b67b46854a3cc49afc0.jpg?1785063006,Gold,27,0,UNK
Samara Glazghotwyn,40818042,29,0,Sephirot,Materia,0,0,d89bdc111b4127d9f80e3d6a0ed3a55b_30a5f9eadea6e0cb684a5265362d0d59fc0.jpg?1785064680,Gold,15,0,SAM
Hanami Koi,43689410,30,0,Sophia,Materia,0,0,630324ab85220933b63a919c2c9c2fb5_ba15a18cd3a8fb567e39053022515eb6fc0.jpg?1785063953,Gold,0,0,UNK
Han Liu,44640291,31,0,Ravana,Materia,0,0,55233b520f90487f51f380e2add5fc3d_2f53b2675d3eea360f0b48d74d30af15fc0.jpg?1785064599,Gold,34,0,BLM
Birdy Lou,40000398,32,0,Sophia,Materia,0,0,a8894121a60bc81621d47edf1ee0577b_ba15a18cd3a8fb567e39053022515eb6fc0.jpg?1785065059,Gold,26,0,UNK
Lillian Melikai,42502039,33,0,Ravana,Materia,0,0,6c5f22e96162240c2bb96702fcbe123b_2f53b2675d3eea360f0b48d74d30af15fc0.jpg?1785062601,Gold,24,0,GNB
Terack Tre,51190679,34,0,Ravana,Materia,0,0,81386d768403425116bef561f8c81d22_2f53b2675d3eea360f0b48d74d30af15fc0.jpg?1785063195,Gold,23,0,RPR
Amun Montu,42994746,35,0,Sophia,Materia,0,0,bc45d2bd52ecd36196a5626812b629d8_ba15a18cd3a8fb567e39053022515eb6fc0.jpg?1785064336,Gold,48,0,VPR
Minty Dew,11254788,36,0,Sephirot,Materia,0,0,afdf4d4e1f96c8e17ed8dbbb09ea4e01_30a5f9eadea6e0cb684a5265362d0d59fc0.jpg?1785065100,Gold,38,0,SMN
Vistra Vistra,37543108,37,0,Sophia,Materia,0,0,b46ab5b00ca34214d4593336a0f112ed_ba15a18cd3a8fb567e39053022515eb6fc0.jpg?1785065741,Gold,33,0,WAR
Big Gold,41840892,38,0,Sephirot,Materia,0,0,13020252723e8f1d0678ce5449c879c6_30a5f9eadea6e0cb684a5265362d0d59fc0.jpg?1785064537,Gold,27,0,WHM
Levinia Lumina,25634480,39,0,Ravana,Materia,0,0,9ba79c01085813db00f74aa9a46fd0c8_2f53b2675d3eea360f0b48d74d30af15fc0.jpg?1785065523,Gold,21,0,SAM
Estella Esmeray,40025458,40,0,Ravana,Materia,0,0,6eaf0bd393b60dcadf5f46d561ad684f_2f53b2675d3eea360f0b48d74d30af15fc0.jpg?1785065949,Gold,37,0,AST
Aleksei Veldoch,39931654,41,0,Ravana,Materia,0,0,ef0923b785702de5a588b383a0d1bcea_2f53b2675d3eea360f0b48d74d30af15fc0.jpg?1785065604,Gold,31,0,RDM
Elto Malto,55670275,42,0,Zurvan,Materia,0,0,6625d7f60a549d4e764bdbbb6315b573_1fa3a1b3845481a1b67b46854a3cc49afc0.jpg?1785063616,Gold,14,0,UNK
X'lloon Nitsah,40170182,43,0,Ravana,Materia,0,0,69f494d732cbf667fa486e1042bd3619_2f53b2675d3eea360f0b48d74d30af15fc0.jpg?1785063832,Gold,12,0,GNB
Meteor O'stilltide,57520402,44,0,Zurvan,Materia,0,0,be4ae1bc04f9ba68cf756ea663446790_1fa3a1b3845481a1b67b46854a3cc49afc0.jpg?1785064587,Gold,8,0,BRD
Coffee Lover,50333621,45,0,Sophia,Materia,0,0,3c4552eb56bfb14f36d9b512873eac0d_ba15a18cd3a8fb567e39053022515eb6fc0.jpg?1785064367,Gold,36,0,UNK
Egg White,3210815,46,0,Ravana,Materia,0,0,c387324a5e1c8e594b0e31a55b518e02_2f53b2675d3eea360f0b48d74d30af15fc0.jpg?1785065366,Silver,38,0,SAM
Anzac Fenrir,10988408,47,0,Ravana,Materia,0,0,6c7b02f93e5250249333e13f236fc545_2f53b2675d3eea360f0b48d74d30af15fc0.jpg?1785063434,Silver,28,0,GNB
Tasty Yoo,15561721,48,0,Sophia,Materia,0,0,235b517496d3b18ad6050b7e4f89124e_ba15a18cd3a8fb567e39053022515eb6fc0.jpg?1785063025,Silver,18,0,WAR
Zervish Vanht,21659747,49,0,Ravana,Materia,0,0,ff2403388bd597c0b3fb62c30e9bff67_2f53b2675d3eea360f0b48d74d30af15fc0.jpg?1785065446,Silver,13,0,DRK
Funeral Pyre,29286073,50,0,Zurvan,Materia,0,0,48d5de4023484583f2225a2026548284_1fa3a1b3845481a1b67b46854a3cc49afc0.jpg?1785063378,Silver,42,0,SMN
Cinnamo Roll,30837896,51,0,Sophia,Materia,0,0,775ecb2e36f9d66684701009289a3a52_ba15a18cd3a8fb567e39053022515eb6fc0.jpg?1785064273,Silver,30,0,UNK
Lupercal Aurelian,37936946,52,0,Ravana,Materia,0,0,93674d47ae679f2b2191e0d82e33123f_2f53b2675d3eea360f0b48d74d30af15fc0.jpg?1785063717,Silver,16,0,WAR
Juru'a Mihrulh,48704606,53,0,Zurvan,Materia,0,0,80aa9b34947750aa356810124a11ba19_1fa3a1b3845481a1b67b46854a3cc49afc0.jpg?1785065606,Silver,13,0,BLM
Scarlette Harlette,51206657,54,0,Sephirot,Materia,0,0,2f63ccbdc329fa14480887bf4c0dfa0e_30a5f9eadea6e0cb684a5265362d0d59fc0.jpg?1785065181,Silver,105,0,NIN
Stupid Puzzle,57160120,55,0,Ravana,Materia,0,0,7af9b543418115db5c1299f1abb4e123_2f53b2675d3eea360f0b48d74d30af15fc0.jpg?1785065818,Silver,57,0,WAR
Chupa King,41652950,56,0,Zurvan,Materia,0,0,7d413d5dc10d51bce3d0191e79bb550a_1fa3a1b3845481a1b67b46854a3cc49afc0.jpg?1785064137,Silver,39,0,VPR
Zorara Copius,46337305,57,0,Sephirot,Materia,0,0,1514b39e4c24b222238edf88e4f1405a_30a5f9eadea6e0cb684a5265362d0d59fc0.jpg?1785062887,Silver,30,0,NIN
Eight Aliapoh,41909710,58,0,Ravana,Materia,0,0,0786418adb5a9f45831a0632ebd7385f_2f53b2675d3eea360f0b48d74d30af15fc0.jpg?1785064326,Silver,29,0,BRD
Aislinn Rose,47395507,59,0,Ravana,Materia,0,0,920c56af8cba5363c65e0c83dbbcac71_2f53b2675d3eea360f0b48d74d30af15fc0.jpg?1785063178,Silver,14,0,WHM
Vert Noxx,20047200,60,0,Ravana,Materia,0,0,546069ade0bb7b6e9f50b0588584c366_2f53b2675d3eea360f0b48d74d30af15fc0.jpg?1785062877,Silver,13,0,WAR
Persona Non-grata,59997612,61,0,Ravana,Materia,0,0,817d96e78e710beff47ca2d76caa6b30_2f53b2675d3eea360f0b48d74d30af15fc0.jpg?1785065614,Silver,34,0,WAR
Eye Forty,49854663,62,0,Sephirot,Materia,0,0,169fd18d391f7f4b577d68bc39e1a2dc_30a5f9eadea6e0cb684a5265362d0d59fc0.jpg?1785063996,Silver,19,0,DRG
Skyous Cinderwing,23889970,63,0,Ravana,Materia,0,0,16a37382f28f76a125f4006721643a0c_2f53b2675d3eea360f0b48d74d30af15fc0.jpg?1785065577,Silver,11,0,SMN
Nina Galbraith,57618831,64,0,Sophia,Materia,0,0,2bfdb6895b850ccac8277687e617569b_ba15a18cd3a8fb567e39053022515eb6fc0.jpg?1785063717,Silver,7,0,WAR
Mare'athyu Yyuvern,39183189,65,0,Ravana,Materia,0,0,906dd6ccb7caacc8691957be2eae25fc_2f53b2675d3eea360f0b48d74d30af15fc0.jpg?1785064779,Silver,31,0,BRD
Kaelen Vryndor,59366474,66,0,Sophia,Materia,0,0,816391617fbdd5a544bf103105e91a6b_ba15a18cd3a8fb567e39053022515eb6fc0.jpg?1785063087,Silver,15,0,VPR
Alice Hexington,42967117,67,0,Sephirot,Materia,0,0,2a6eece55b0c5b8fba3a9dc824f57408_30a5f9eadea6e0cb684a5265362d0d59fc0.jpg?1785062996,Silver,55,0,GNB
Sebastian Michaelis,42038341,68,0,Sephirot,Materia,0,0,17f4346a95c45541b337263d60106b3f_30a5f9eadea6e0cb684a5265362d0d59fc0.jpg?1785062611,Silver,28,0,CUL
Temp Arie,41750566,69,0,Zurvan,Materia,0,0,73bdd493fc471827004a90a5745ff400_1fa3a1b3845481a1b67b46854a3cc49afc0.jpg?1785063802,Silver,22,0,RDM
Katsu Tonkatsu,39589632,70,0,Sophia,Materia,0,0,59d49cd6e8d7d62600fc3d6493244b13_ba15a18cd3a8fb567e39053022515eb6fc0.jpg?1785062773,Silver,9,0,MIN
Noelle Frost,59496366,71,0,Zurvan,Materia,0,0,5e03b95700bb3e6556a80cb9336a41d2_1fa3a1b3845481a1b67b46854a3cc49afc0.jpg?1785063401,Silver,4,0,BRD
Sean Cody,742013,72,0,Sophia,Materia,0,0,8052120d9c95523f286e6e1d1b15e5d0_ba15a18cd3a8fb567e39053022515eb6fc0.jpg?1785063670,Silver,11,0,NIN
Yospina Jenkins,44035702,73,0,Sephirot,Materia,0,0,f91dd92de4a192dcd5feeed39b289229_30a5f9eadea6e0cb684a5265362d0d59fc0.jpg?1785065189,Silver,10,0,SMN
Koh'a Moh'ka,9562421,74,0,Sephirot,Materia,0,0,68c826e8d02548abb8a012c2617d8d91_30a5f9eadea6e0cb684a5265362d0d59fc0.jpg?1785064479,Silver,9,0,SAM
Fatahh Wizardcat,60429758,75,0,Zurvan,Materia,0,0,0a04508a6feea55f3b4227e7d574212a_1fa3a1b3845481a1b67b46854a3cc49afc0.jpg?1785064835,Silver,7,0,BLM
Sil Vanht,3592400,75,0,Ravana,Materia,0,0,7557bb5d8d4d13b13e750b30dbd34093_2f53b2675d3eea360f0b48d74d30af15fc0.jpg?1785065090,Silver,7,0,PLD
Sukoshi Ninjin,57860048,77,0,Sophia,Materia,0,0,b41a0bd7b5958d56cec5f84314a28f3a_ba15a18cd3a8fb567e39053022515eb6fc0.jpg?1785065495,Silver,17,0,UNK
Dusk Himmel,15330477,78,0,Ravana,Materia,0,0,ec862439c7eb4c92a07d62b286bc6553_2f53b2675d3eea360f0b48d74d30af15fc0.jpg?1785063365,Silver,16,0,GNB
Unknown Star,34393136,79,0,Zurvan,Materia,0,0,0698426f063bed832687aff68dc1bf85_1fa3a1b3845481a1b67b46854a3cc49afc0.jpg?1785065862,Silver,14,0,RPR
Shiny Garchomp,44081260,80,0,Ravana,Materia,0,0,a9aeaf4658d90c68d46e7086d323e456_2f53b2675d3eea360f0b48d74d30af15fc0.jpg?1785064330,Silver,13,0,MNK
Freya Reinhardt,21416474,81,0,Ravana,Materia,0,0,fb5f97ceee29fe8b8428f25f4c6bbd1b_2f53b2675d3eea360f0b48d74d30af15fc0.jpg?1785063975,Silver,12,0,VPR
Muirgein Gaoithe,43757996,82,0,Zurvan,Materia,0,0,105a7ccaaf500207bca234bd1dee90cc_1fa3a1b3845481a1b67b46854a3cc49afc0.jpg?1785063188,Silver,9,0,PCT
Diana Qya,37265670,83,0,Sephirot,Materia,0,0,4ce99d60b6c0cf1819f3a383dce7b761_30a5f9eadea6e0cb684a5265362d0d59fc0.jpg?1785063398,Silver,6,0,SAM
Berogi Avarous,37261319,84,0,Sophia,Materia,0,0,5fbe574c31dc7541b2bb18753fed8278_ba15a18cd3a8fb567e39053022515eb6fc0.jpg?1785064427,Silver,13,0,MNK
Valya Dream,36468496,84,0,Sophia,Materia,0,0,18a08ff1744351493a5bbc6c182e4baf_ba15a18cd3a8fb567e39053022515eb6fc0.jpg?1785063481,Silver,13,0,WVR
Arkticon Stormrider,9347267,86,0,Bismarck,Materia,0,0,c7cb3389d79f28ec6b9e5ed3b86fa6df_36f0570990ac5402b2ef514d36b0435cfc0.jpg?1785063396,Silver,11,0,PLD
Deadrise Mutombro,41713212,87,0,Sephirot,Materia,0,0,2fb7acb99e82e54fa662407af2d4db2b_30a5f9eadea6e0cb684a5265362d0d59fc0.jpg?1785065057,Silver,8,0,DRG
Jack Aoi,33001169,88,0,Ravana,Materia,0,0,37321c60ebae776eccce9ee5b6930728_2f53b2675d3eea360f0b48d74d30af15fc0.jpg?1785063397,Silver,7,0,RPR
Awayi Soleil,40986096,89,0,Zurvan,Materia,0,0,c84676ef434b75aec3260707fcad3d8a_1fa3a1b3845481a1b67b46854a3cc49afc0.jpg?1785063505,Silver,0,0,SGE
Rorqual Kasa,57902813,90,0,Sophia,Materia,0,0,7feae505b9896a3e51486698db2446ea_ba15a18cd3a8fb567e39053022515eb6fc0.jpg?1785065448,Bronze,34,0,BLM
Tiny Popoto,28110359,91,0,Sophia,Materia,0,0,3920a242ff5513a4bc6d10fb4db6ec0d_ba15a18cd3a8fb567e39053022515eb6fc0.jpg?1785065720,Bronze,12,0,WAR
Azreal Dreemurr,30238641,92,0,Ravana,Materia,0,0,da1de0a9530fb6ec0a02d451fbe69a98_2f53b2675d3eea360f0b48d74d30af15fc0.jpg?1785063209,Bronze,9,0,MIN
Jaliqai Bairon,49027736,92,0,Sophia,Materia,0,0,bb5b2ab907893aa971f0d78c6164de8c_ba15a18cd3a8fb567e39053022515eb6fc0.jpg?1785062655,Bronze,9,0,DNC
Kyu Yasuhiko,12584884,94,0,Ravana,Materia,0,0,56dac1b60cc492d79e6d2fd8c8a3a3b0_2f53b2675d3eea360f0b48d74d30af15fc0.jpg?1785065914,Bronze,13,0,DRG
Daeneris Stormborn,17816677,95,0,Zurvan,Materia,0,0,dd3c1f830e92ca4f902d42575517a37d_1fa3a1b3845481a1b67b46854a3cc49afc0.jpg?1785063512,Bronze,8,0,WHM
Draya Zakura,39275339,95,0,Ravana,Materia,0,0,c3289c4cd4239a0cc8d1e8310a4f16ea_2f53b2675d3eea360f0b48d74d30af15fc0.jpg?1785064603,Bronze,8,0,RDM
Noah Marlowe,16149159,97,0,Ravana,Materia,0,0,ec4ee34b34397ee883bd89175e1f15df_2f53b2675d3eea360f0b48d74d30af15fc0.jpg?1785062551,Bronze,3,0,RDM
Cucu Cucumber,43336963,98,0,Sophia,Materia,0,0,d0bedba76c1744686e4fafd9d31eeb08_ba15a18cd3a8fb567e39053022515eb6fc0.jpg?1785065719,Bronze,26,0,BLM
Kai Lavelle,36031755,99,0,Ravana,Materia,0,0,43c3f84e49878ef1c62cdaaadab59639_2f53b2675d3eea360f0b48d74d30af15fc0.jpg?1785062761,Bronze,19,0,RPR
Maya Levania,14892688,100,0,Ravana,Materia,0,0,b37dda78a21fd3e0fd28c6550aaa9cf4_2f53b2675d3eea360f0b48d74d30af15fc0.jpg?1785065093,Bronze,17,0,GNB
