name,id,cur_rank,prev_rank,world,dc,points,points_delta,portrait,tier,wins,wins_delta,job
Cliffe Zanza,36074329,1,0,Spriggan,Chaos,3615,195,d8d2fa78adb447ec4b6d5d747f5d5f84_feaf0a2e88ff164813fbc9b85876fa48fc0.jpg?1787951383,Ultima,191,3,RDM
Mamiyama Kamimama,37371304,2,5,Spriggan,Chaos,3490,401,3c6fd6569d3dce40308c9a2a1f3c3bfa_feaf0a2e88ff164813fbc9b85876fa48fc0.jpg?1787948987,Ultima,413,8,PCT
Loty Coldwind,36521588,3,2,Twintania,Light,3204,0,3632cf6d20598f5c4c7b748be7e19153_c33f640c0cdd35f7def85b8aa31a0007fc0.jpg?1787948838,Ultima,350,7,WAR
Crow Kaien,44749262,4,6,Zodiark,Light,3164,95,54e5719ccbdb45c6de28f017b4365207_c274370774c6bc3483cc8740805f41bcfc0.jpg?1787949640,Ultima,56,1,PLD
Scarlet Rose,26616217,5,3,Spriggan,Chaos,3126,0,96ad88f23a708e8d6e391f669986d57c_feaf0a2e88ff164813fbc9b85876fa48fc0.jpg?1787950131,Ultima,456,17,MNK
Saboree Catboy,36051653,6,8,Spriggan,Chaos,3099,60,b61ec1080d608b5a83f30baef219dc02_feaf0a2e88ff164813fbc9b85876fa48fc0.jpg?1787948204,Ultima,344,18,DNC
Miyu Moon,58918526,7,4,Moogle,Chaos,3093,0,1abf5ce3756f6fa0d1c5be2cd39491bc_d7a9d5f85a29d6278ec1c7adc2c8d242fc0.jpg?1787950335,Ultima,101,0,SAM
Auelin Fae,18291844,8,7,Zodiark,Light,3057,0,2d6204db02c5efce86aca234fd6f1ce1_c274370774c6bc3483cc8740805f41bcfc0.jpg?1787948892,Ultima,130,0,NIN
Elohim Meth,60682611,9,12,Raiden,Light,3055,73,0b14f1751b014118eca06236e1fdf2bf_a370664d98f658f4ed4e620f378f73cdfc0.jpg?1787948376,Ultima,200,7,UNK
Shino Yaru,38308969,10,9,Phoenix,Light,3026,0,0662727bb913ed7fe3009f3542ea1e64_5047bc596a4bab2dc7f7c120bb22dec5fc0.jpg?1787949538,Ultima,294,24,UNK
Tia Tomoe,41293767,11,10,Phoenix,Light,3011,0,7dc31b9a880ba3f36a3ef1208e0c5909_5047bc596a4bab2dc7f7c120bb22dec5fc0.jpg?1787948187,Ultima,167,0,MNK
Tsukuyo Ritlas,37800185,12,11,Odin,Light,3005,0,eca30840fe0bed8e80f620b5f57c49de_644311b63b607133c989d7c1188467dafc0.jpg?1787950588,Ultima,113,0,RDM
Totsu Geki,60147602,13,0,Spriggan,Chaos,2826,0,1b45188bdbf3dd4afe9a37a646eaa4b9_feaf0a2e88ff164813fbc9b85876fa48fc0.jpg?1787950292,Omega,489,0,DRG
Akari Tsuki,31005286,14,0,Louisoix,Chaos,2700,0,28e1cfaecfbf911dc3621f5de74642aa_0a122616f3718d3f45cab10fd8fc1604fc0.jpg?1787948977,Omega,74,0,MNK
Tarutella Goldfish,4235488,15,0,Phoenix,Light,2651,0,f269741c27ca22c02db955557e7283fa_5047bc596a4bab2dc7f7c120bb22dec5fc0.jpg?1787951084,Omega,128,14,SGE
Maarato Cookie,20349526,16,0,Twintania,Light,2588,0,dbab16598b86bb31b2eb96070f723572_c33f640c0cdd35f7def85b8aa31a0007fc0.jpg?1787948240,Omega,228,14,SGE
Miyu Edelfelt,21335430,17,0,Phoenix,Light,2522,0,ba690d74246b4d07f543f0d9516feec2_5047bc596a4bab2dc7f7c120bb22dec5fc0.jpg?1787949403,Omega,229,0,DNC
Sice Seven,15008161,18,0,Moogle,Chaos,2479,0,23657ac0d29f4bc5667ef1e00cf528f8_d7a9d5f85a29d6278ec1c7adc2c8d242fc0.jpg?1787951309,Omega,103,0,BRD
Yasuki San,61688064,19,0,Phantom,Chaos,2477,0,37dbf9b8936faaf9c75f598c38dcac11_f0a43d6e5eea19af337a176e9836acddfc0.jpg?1787949089,Omega,438,2,UNK
Ange Melrose,50267939,20,0,Omega,Chaos,2432,0,f2fb3057962bf3d28bcce976076f5368_39e25ac3d737c46452305eefe324372cfc0.jpg?1787949538,Omega,332,24,SMN
Tei Tei,36611700,21,0,Odin,Light,2382,0,21c224545e3d3af775a3d377c8e444bf_644311b63b607133c989d7c1188467dafc0.jpg?1787948192,Omega,185,24,MIN
Aura Sphere,30657353,22,0,Zodiark,Light,2355,0,6cc4a373eafbcbf88a340a52d95f133e_c274370774c6bc3483cc8740805f41bcfc0.jpg?1787950199,Omega,118,5,PCT
Prisma Tic,38791879,23,0,Cerberus,Chaos,2350,0,5220c35172bb26154c862a6d485e37b8_777c57311d510ca65dac3c1077dee435fc0.jpg?1787948032,Omega,260,0,PCT
Ase Dora,42603487,24,0,Alpha,Light,2340,0,78626e6cf6f07875d5ac9527a5bd0c4d_6132295fcf5570fb8b0a944ef322a598fc0.jpg?1787949124,Omega,478,9,MCH
Ivaious Zol,38270926,25,0,Odin,Light,2300,0,2e78b44195db83336b1acbe75927a864_644311b63b607133c989d7c1188467dafc0.jpg?1787950124,Omega,150,0,RDM
Lex'ander Wayfarer,18009481,26,0,Odin,Light,2295,0,0adfa03fe11940a91e3b6a2ed08ddb88_644311b63b607133c989d7c1188467dafc0.jpg?1787948976,Omega,72,0,VPR
Resilla Frostflow,14658770,27,0,Cerberus,Chaos,2294,0,00a4e6250beb98b5644c87cffe8b7f4f_777c57311d510ca65dac3c1077dee435fc0.jpg?1787950265,Omega,146,0,WAR
Ame Ame,20722816,28,29,Ragnarok,Chaos,2187,100,84eea0fa24e8d91df6e02312644e4c94_40d57ba713628f3f1ef5ef204b6d76d2fc0.jpg?1787950139,Omega,77,1,UNK
Lhei Tayun,25191408,29,28,Zodiark,Light,2179,0,6ee93960f16da0ea5150fe1b7590dfa4_c274370774c6bc3483cc8740805f41bcfc0.jpg?1787949288,Omega,263,0,BLM
Cat Wife,21099767,30,52,Zodiark,Light,2062,478,76d1664265ae631c957cfab6c72cfba9_c274370774c6bc3483cc8740805f41bcfc0.jpg?1787948640,Omega,34,9,RDM
Leedo Dale,25033597,31,30,Zodiark,Light,1983,0,9e122691e98bda2ea6abe86ed7b81a63_c274370774c6bc3483cc8740805f41bcfc0.jpg?1787949386,Omega,480,9,BLM
Meryll Enetari,24681550,32,43,Cerberus,Chaos,1972,278,f4fe16c70d7023e2101e19421c5abf1e_777c57311d510ca65dac3c1077dee435fc0.jpg?1787948591,Omega,352,5,DNC
Deadrise Mutombo,31730694,33,31,Ragnarok,Chaos,1928,0,a382acb94313f23d966dd6d39d909bea_40d57ba713628f3f1ef5ef204b6d76d2fc0.jpg?1787951211,Omega,168,3,GNB
Arale Il,15406803,34,32,Ragnarok,Chaos,1919,0,e5c2a19e43a1edb9b276827163b36a1b_40d57ba713628f3f1ef5ef204b6d76d2fc0.jpg?1787949423,Omega,142,0,BRD
Ten Gil,17217146,35,33,Louisoix,Chaos,1916,0,884fcae1e61228d09798c630a2c827fb_0a122616f3718d3f45cab10fd8fc1604fc0.jpg?1787948536,Omega,83,0,SMN
Xen Thique,40172078,36,34,Odin,Light,1894,0,8930228f4df0c18feea28ebbb1c451f2_644311b63b607133c989d7c1188467dafc0.jpg?1787947992,Omega,128,3,WHM
Marci Sidekick,41408431,37,35,Zodiark,Light,1887,0,a9c3b41a05dec1fd191fe80f38009aa5_c274370774c6bc3483cc8740805f41bcfc0.jpg?1787950096,Omega,64,0,DRG
Delzor Waka,40194085,38,36,Odin,Light,1837,0,bde30c4caff355f65cf9761727b12725_644311b63b607133c989d7c1188467dafc0.jpg?1787950429,Omega,178,1,DRK
Misora Kaiatsa,25126040,39,37,Moogle,Chaos,1817,0,80fa199452585ab77d14128509576300_d7a9d5f85a29d6278ec1c7adc2c8d242fc0.jpg?1787948114,Omega,134,0,RPR
Magna Shanoa,22946172,40,38,Omega,Chaos,1798,0,fa3b3fe187b1dcbf8c4a5af5b2c5d507_39e25ac3d737c46452305eefe324372cfc0.jpg?1787950604,Omega,88,0,BLM
Jun Moxiao,40533777,41,39,Odin,Light,1737,0,9f41b7adf0a59849ae35b17cdace2b32_644311b63b607133c989d7c1188467dafc0.jpg?1787950610,Omega,155,5,VPR
Maggot Maggot,61703768,42,40,Omega,Chaos,1709,0,3657d57f4a20a5d901d7f4537f1b7307_39e25ac3d737c46452305eefe324372cfc0.jpg?1787950113,Omega,235,0,WAR
Myst Freyja,33906213,43,41,Omega,Chaos,1696,0,240b879fd403fc16c04022b6075077ae_39e25ac3d737c46452305eefe324372cfc0.jpg?1787948371,Omega,80,0,RPR
Two Koma,51508003,44,42,Zodiark,Light,1695,0,15a666f8d7bb67401300fae763ce4d32_c274370774c6bc3483cc8740805f41bcfc0.jpg?1787950911,Omega,126,0,VPR
Dalik Mathis,9537863,45,44,Ragnarok,Chaos,1694,0,fd4dde44208527cc20e58ba589d51f01_40d57ba713628f3f1ef5ef204b6d76d2fc0.jpg?1787950028,Omega,163,0,WAR
Yhren Vhal,56948558,46,45,Odin,Light,1693,0,3f62ad2093c1016540ef936a5563823b_644311b63b607133c989d7c1188467dafc0.jpg?1787948530,Omega,248,0,UNK
Kimbi Aoe,24693270,47,46,Shiva,Light,1692,0,67e0ddfb70faf5725a971d086cfdce61_3fbff0e6b620e4d259dc427abc6574dafc0.jpg?1787948819,Omega,80,0,NIN
Sweet Light,41777815,48,47,Spriggan,Chaos,1679,0,2e6808627bd2b8f0f5f0377d20cbbbc5_feaf0a2e88ff164813fbc9b85876fa48fc0.jpg?1787948516,Omega,131,5,PCT
Fygqhzr Zhgfjhh,49000606,49,48,Phantom,Chaos,1679,0,ed46d70a9c354991698a796aac7c462e_f0a43d6e5eea19af337a176e9836acddfc0.jpg?1787951090,Omega,46,0,DRG
Shia Sun,1754600,50,49,Odin,Light,1678,0,7550981ba488e5ebe919aa3cb39efbfa_644311b63b607133c989d7c1188467dafc0.jpg?1787950941,Omega,193,4,DRG
Yi Ma,60448295,51,54,Phoenix,Light,1656,92,bb3af62117cae7488d9b02007f341c7b_5047bc596a4bab2dc7f7c120bb22dec5fc0.jpg?1787948626,Omega,136,6,GNB
Pan Ther,47356852,52,50,Twintania,Light,1651,0,fc9492796dbee9f84ae010350ec7759c_c33f640c0cdd35f7def85b8aa31a0007fc0.jpg?1787949878,Omega,159,11,RPR
Yun' Yun,11341467,53,51,Cerberus,Chaos,1592,0,df098ceed6d9cf14cf61cc4110cd6cb5_777c57311d510ca65dac3c1077dee435fc0.jpg?1787950514,Omega,160,0,WHM
Yamizura Kumozuma,19652230,54,53,Twintania,Light,1579,0,24bbc9cebf09eb83efcbc272c3085fd1_c33f640c0cdd35f7def85b8aa31a0007fc0.jpg?1787949526,Omega,21,0,SCH
Imy Pure,24943089,55,60,Cerberus,Chaos,1509,103,2e46879ac1baf7fc77ec2de872a0461c_777c57311d510ca65dac3c1077dee435fc0.jpg?1787951372,Omega,56,4,SCH
Chise Hatori',9182735,56,55,Ragnarok,Chaos,1500,0,236f29f4984f26e6b197da380f104a63_40d57ba713628f3f1ef5ef204b6d76d2fc0.jpg?1787950846,Omega,169,0,RDM
Yuripa Arashi,37731658,57,56,Shiva,Light,1498,0,73ff0d0b3cc5f92ec79dabffa2bedf80_3fbff0e6b620e4d259dc427abc6574dafc0.jpg?1787950510,Crystal,62,0,SGE
Memento Mo'ri,1641495,58,57,Ragnarok,Chaos,1495,0,86323bce84189061b1d71ff1dc25266a_40d57ba713628f3f1ef5ef204b6d76d2fc0.jpg?1787950505,Crystal,120,0,WHM
A'dyalani Sato,10026278,59,58,Odin,Light,1487,0,d072994a22af88090aecf6e5a3b85c36_644311b63b607133c989d7c1188467dafc0.jpg?1787948187,Crystal,224,1,NIN
Shimori Bunihara,35166011,60,59,Raiden,Light,1461,0,c44c8fc68c230b1051ec35a527afe9ed_a370664d98f658f4ed4e620f378f73cdfc0.jpg?1787949481,Crystal,134,0,RPR
Aurora Maou,26517539,61,0,Louisoix,Chaos,1388,0,433a49b5cc43b35afac03d97c50262f9_0a122616f3718d3f45cab10fd8fc1604fc0.jpg?1787950693,Crystal,106,0,PLD
Baby Starz,27999014,62,0,Omega,Chaos,1381,0,e8cb7daea22ff306dcc9397ecad5a4a2_39e25ac3d737c46452305eefe324372cfc0.jpg?1787948281,Crystal,167,0,MNK
Sunie Mochi,12728791,63,0,Twintania,Light,1374,0,4760f9b45bd6f71f83adbd97ab87eae3_c33f640c0cdd35f7def85b8aa31a0007fc0.jpg?1787951413,Crystal,215,0,DNC
Khorasan Ataraxia,47289604,64,84,Shiva,Light,1332,521,721a6c9c723209b16696818df4cf0c93_3fbff0e6b620e4d259dc427abc6574dafc0.jpg?1787949110,Crystal,299,14,UNK
Raiden Thorne,27238016,65,64,Zodiark,Light,1299,0,96a909af8d24d60f6d8173f8cc16facb_c274370774c6bc3483cc8740805f41bcfc0.jpg?1787951457,Crystal,29,0,GNB
Lsi Lsi,47353875,66,65,Lich,Light,1209,0,792b3235fe2fbd35d956e856c210194f_7206469080400ed57a5373d0a9c55c59fc0.jpg?1787950919,Crystal,165,2,MNK
Endorel Soro,12949151,67,66,Alpha,Light,1192,0,038b9a835f84a3b80a8a467605d3dd8c_6132295fcf5570fb8b0a944ef322a598fc0.jpg?1787950286,Crystal,48,0,UNK
Based Miqote,46487952,68,67,Twintania,Light,1190,0,5e2bb42e554586a20b050b7fd3f88e26_c33f640c0cdd35f7def85b8aa31a0007fc0.jpg?1787948228,Crystal,127,0,UNK
Kyouko Owo,25629243,69,68,Louisoix,Chaos,1157,0,4fbeb17208a00397ad05eebfc2d20d2f_0a122616f3718d3f45cab10fd8fc1604fc0.jpg?1787951156,Crystal,68,0,AST
Mitsuki Mirai,18435457,70,69,Louisoix,Chaos,1142,0,365f1772f387bd280bdbfc16afbd5e4e_0a122616f3718d3f45cab10fd8fc1604fc0.jpg?1787951469,Crystal,64,0,WAR
Farnese Shieldmaiden,24419493,71,70,Cerberus,Chaos,1109,0,dcec016c4a6cd9a2bd3a2b73183f5a65_777c57311d510ca65dac3c1077dee435fc0.jpg?1787947960,Crystal,53,1,PLD
Snap Ringer,18714030,72,71,Omega,Chaos,1093,0,77577ce781d587b133c9c53da0974817_39e25ac3d737c46452305eefe324372cfc0.jpg?1787949957,Crystal,22,0,MIN
Spedah Sashihai,46717230,73,72,Phantom,Chaos,1088,0,916aa42d41d9cb06784f26d21d850c5a_f0a43d6e5eea19af337a176e9836acddfc0.jpg?1787949003,Crystal,177,3,SGE
Holos Ymir,35299241,74,73,Cerberus,Chaos,1066,0,f8029ed36fad032333305dfa455cddec_777c57311d510ca65dac3c1077dee435fc0.jpg?1787951315,Crystal,91,0,MCH
Baka Bao,30345026,75,86,Phantom,Chaos,1015,214,57df7efcbcdf8f1aca84c4f1435c36ba_f0a43d6e5eea19af337a176e9836acddfc0.jpg?1787951306,Crystal,525,12,SAM
Phaey Yeon,58326616,76,74,Moogle,Chaos,1006,0,6497d439e55c80c0156c198e7f135c78_d7a9d5f85a29d6278ec1c7adc2c8d242fc0.jpg?1787947972,Crystal,112,0,UNK
Kyra Nshakha,56831314,77,75,Alpha,Light,1000,0,b27d76c3fbe312d06184fd92f8aebc55_6132295fcf5570fb8b0a944ef322a598fc0.jpg?1787951228,Crystal,196,25,MNK
Tay Talenath,45740169,78,76,Raiden,Light,995,0,b2fa0c7222f7e3ebe117f24a200e11d8_a370664d98f658f4ed4e620f378f73cdfc0.jpg?1787949429,Crystal,172,0,WHM
Elyndra Mayhn,27143285,79,77,Twintania,Light,937,0,e4b30c11c8c987996e50ee4c5899c037_c33f640c0cdd35f7def85b8aa31a0007fc0.jpg?1787949186,Crystal,124,0,RPR
Tyra Kett,26531277,80,78,Spriggan,Chaos,926,0,101b7ec48bba5c5e5b34fda1316c57bc_feaf0a2e88ff164813fbc9b85876fa48fc0.jpg?1787949385,Crystal,126,0,DRG
Terro Beoulevard,51148631,81,79,Sagittarius,Chaos,917,0,758b534f47542287e0b99c648590b2ac_44ca0844398b2d010d8cd4a31ddb023dfc0.jpg?1787948238,Crystal,75,0,RPR
Wwwwwwwwww Wwwwwwwwww,22934838,82,80,Odin,Light,910,0,44b50a04ce7aed4e2c4699753f5b83bc_644311b63b607133c989d7c1188467dafc0.jpg?1787949552,Crystal,63,0,SMN
Sin Mirrorslave,43994621,83,81,Raiden,Light,908,0,3f8e3345c252d3f9b50e27c481f91100_a370664d98f658f4ed4e620f378f73cdfc0.jpg?1787950912,Crystal,59,0,UNK
Magic Beans,43732030,84,82,Phoenix,Light,905,0,4a7e75e2be4f70e389e8807cc1d2b885_5047bc596a4bab2dc7f7c120bb22dec5fc0.jpg?1787951151,Crystal,148,0,DRK
Xanthe Hati,28239197,85,83,Sagittarius,Chaos,891,0,9bf816bfcd7f963908af59458b5500c9_44ca0844398b2d010d8cd4a31ddb023dfc0.jpg?1787949766,Crystal,72,0,VPR
Alex Rider,15112833,86,95,Alpha,Light,812,303,3c32a1d9439fd94359ee9df8b368df94_6132295fcf5570fb8b0a944ef322a598fc0.jpg?1787948843,Crystal,107,8,DRG
Lybel Alyborias,25836089,87,85,Louisoix,Chaos,807,0,a86b680e6c4e5e23befaaaf535a158de_0a122616f3718d3f45cab10fd8fc1604fc0.jpg?1787948733,Crystal,67,0,RDM
Blunt Man,35300195,88,128,Louisoix,Chaos,801,397,bfddeb1fd8c57b9259f8bb179dd8158b_0a122616f3718d3f45cab10fd8fc1604fc0.jpg?1787948365,Crystal,176,19,SAM
Rin Tanaka,24116937,89,87,Phoenix,Light,801,0,05caa52c69a69c31a889325a1f319530_5047bc596a4bab2dc7f7c120bb22dec5fc0.jpg?1787951191,Crystal,143,0,MNK
Brian Ricardo,23607238,90,88,Zodiark,Light,801,0,9c9d045f5f22c579ce5c24faa2b9b303_c274370774c6bc3483cc8740805f41bcfc0.jpg?1787948653,Crystal,67,0,AST
Shadow Aya,54551815,91,99,Zodiark,Light,798,100,5ca13f39db9eefc50e8e57be73e7254e_c274370774c6bc3483cc8740805f41bcfc0.jpg?1787951489,Crystal,77,2,DRK
Drop Dead,61865612,92,89,Raiden,Light,796,0,8b4d73c68bf61dbad86bb051105da5ec_a370664d98f658f4ed4e620f378f73cdfc0.jpg?1787950325,Crystal,61,0,DRG
Acacia Strain,43137076,93,90,Raiden,Light,794,0,8678948c8fea34b563980d4a6da37e32_a370664d98f658f4ed4e620f378f73cdfc0.jpg?1787950896,Crystal,331,0,VPR
Sal Ren,40787945,94,91,Phoenix,Light,793,0,9613f7a8c0a759977b8a3fe787fed7e0_5047bc596a4bab2dc7f7c120bb22dec5fc0.jpg?1787948151,Crystal,129,17,DRK
Hyzenthlay Efrafa,1817919,95,92,Ragnarok,Chaos,790,0,f61f49f2ed95a3709fa034686da0eb63_40d57ba713628f3f1ef5ef204b6d76d2fc0.jpg?1787951476,Crystal,59,0,RPR
Skillpade Skyr,37019657,96,93,Lich,Light,782,0,e520a31662bd7030c96e4951a4f2d301_7206469080400ed57a5373d0a9c55c59fc0.jpg?1787949284,Crystal,146,0,RDM
Feri De,32873333,97,98,Twintania,Light,745,47,04fae792c920333e5bdc3287c0df72e4_c33f640c0cdd35f7def85b8aa31a0007fc0.jpg?1787950085,Crystal,192,7,WHM
Aris Oz,41983172,98,104,Zodiark,Light,712,107,abbd4cf51609bf59977c5b4850c4c351_c274370774c6bc3483cc8740805f41bcfc0.jpg?1787948660,Crystal,59,2,DRK
Life Enjoyer,28145650,99,94,Raiden,Light,704,0,1f163924ab5a124c00b3684fe37e6e58_a370664d98f658f4ed4e620f378f73cdfc0.jpg?1787950325,Crystal,104,0,DRG
Red Aura,58355527,100,96,Spriggan,Chaos,700,0,24685b07d940d962953f7111d4144e46_feaf0a2e88ff164813fbc9b85876fa48fc0.jpg?1787950440,Crystal,49,0,MNK
Diarmuidia Ua-dibhne,60435376,101,97,Cerberus,Chaos,699,0,5d9b7dcb4848e335ad4a88c0dc644669_777c57311d510ca65dac3c1077dee435fc0.jpg?1787948471,Crystal,100,0,DRG
Aru Chiikawa,53173199,102,114,Raiden,Light,698,199,e04a223356da8c93c18581feda55b5bf_a370664d98f658f4ed4e620f378f73cdfc0.jpg?1787950678,Crystal,178,6,AST
Lost Signal,56186869,103,100,Odin,Light,695,0,b36972ee34bfd25f82ce348b32b6f5da_644311b63b607133c989d7c1188467dafc0.jpg?1787949958,Crystal,126,0,MNK
Gabriel Zephyrus,11099535,104,101,Zodiark,Light,690,0,fb5c6913d0c275952def0841ab82887f_c274370774c6bc3483cc8740805f41bcfc0.jpg?1787948285,Crystal,199,0,RPR
Laela Hyun,59589734,105,102,Phantom,Chaos,684,0,a377ba040d4300db7c8df4efc92acd53_f0a43d6e5eea19af337a176e9836acddfc0.jpg?1787948059,Crystal,55,0,UNK
Aeo We,10437907,106,122,Ragnarok,Chaos,681,192,2cc33bbd6e1f29b872030a98ed37c0fc_40d57ba713628f3f1ef5ef204b6d76d2fc0.jpg?1787948690,Crystal,40,5,UNK
Purr It,40913226,107,108,Zodiark,Light,680,88,9adf9c1689ff6761673da6e25b839b7b_c274370774c6bc3483cc8740805f41bcfc0.jpg?1787950694,Crystal,161,2,VPR
Magidolce Magileine,39132419,108,103,Twintania,Light,614,0,088bd05d5a98251023ecb7e28a638b68_c33f640c0cdd35f7def85b8aa31a0007fc0.jpg?1787949561,Crystal,265,0,SMN
Sophia Ariadne,11431073,109,105,Odin,Light,600,0,f4329ddf82a418a6e12f1ba978bc1523_644311b63b607133c989d7c1188467dafc0.jpg?1787948948,Crystal,57,0,WAR
Roy Dimgao,29524655,110,106,Omega,Chaos,597,0,320af7149c63c337e5826c2c2cc1bf37_39e25ac3d737c46452305eefe324372cfc0.jpg?1787949237,Crystal,187,0,RDM
Feral Jorex,21749898,111,107,Odin,Light,594,0,f9027c778862384a6ae4224efd2fe7c3_644311b63b607133c989d7c1188467dafc0.jpg?1787949320,Crystal,340,11,MIN
General Aardvark,48423100,112,110,Twintania,Light,593,79,cf88029724167c1d18ed8c536a862900_c33f640c0cdd35f7def85b8aa31a0007fc0.jpg?1787948604,Crystal,204,6,SAM
Zot To,18725302,113,109,Cerberus,Chaos,590,0,852c16bac4fe7f528a8653c65704e818_777c57311d510ca65dac3c1077dee435fc0.jpg?1787949465,Crystal,5,0,DRG
Neclord Drakan,34358772,114,111,Phoenix,Light,510,0,7e002012c8fc4f9e493cd5879573e088_5047bc596a4bab2dc7f7c120bb22dec5fc0.jpg?1787951381,Crystal,41,0,SGE
Pat Olehouse,17156873,115,129,Lich,Light,506,102,54c944c62ef7bd68e95a2a558d856482_7206469080400ed57a5373d0a9c55c59fc0.jpg?1787949422,Crystal,95,3,PLD
Shiroko Momo,39619880,116,112,Odin,Light,504,0,83b4a27fbdf8dfdce9a7e095cc14bf41_644311b63b607133c989d7c1188467dafc0.jpg?1787949970,Crystal,150,0,MCH
Cipher Strife,7955322,117,113,Ragnarok,Chaos,501,0,fd0f2644fe22871d381e6bae8798c484_40d57ba713628f3f1ef5ef204b6d76d2fc0.jpg?1787950576,Crystal,339,25,SCH
Dacien Darlett,3339751,118,115,Odin,Light,498,0,0311b8a0924e142c3f1da4b81f645156_644311b63b607133c989d7c1188467dafc0.jpg?1787948453,Crystal,162,0,SCH
Master Zoknik,47233914,119,116,Omega,Chaos,498,0,47b7a0d3c4816d6dc7cb85c85a3685f7_39e25ac3d737c46452305eefe324372cfc0.jpg?1787951475,Crystal,69,0,DRK
Yellow Blue,58488618,120,117,Spriggan,Chaos,497,0,51731f8a93c1d8b59b5c3ded4ffb5a64_feaf0a2e88ff164813fbc9b85876fa48fc0.jpg?1787950868,Crystal,80,0,DRG
Jou Bright,26172504,121,118,Shiva,Light,496,0,80f6d86c4118e80a4c51ba20920a1384_3fbff0e6b620e4d259dc427abc6574dafc0.jpg?1787950729,Crystal,192,5,SMN
Lolorei Lalarei,3686155,122,119,Omega,Chaos,496,0,da6ff12e4effc4cbacfe1b954f1c3bf5_39e25ac3d737c46452305eefe324372cfc0.jpg?1787949784,Crystal,149,0,GNB
Thor Strom,35911315,123,120,Cerberus,Chaos,496,0,3826da79ed71141aec290f69127b5c79_777c57311d510ca65dac3c1077dee435fc0.jpg?1787949071,Crystal,5,0,SCH
Reireiko Reiko,51402233,124,121,Alpha,Light,491,0,6bb627130b2067e09c7110eb74707745_6132295fcf5570fb8b0a944ef322a598fc0.jpg?1787949409,Crystal,38,0,RDM
Bing Bing,50857849,125,123,Odin,Light,424,0,1a2b77cf04680b9bfe1c19f07f9f1f44_644311b63b607133c989d7c1188467dafc0.jpg?1787951174,Crystal,74,0,MCH
Zecht Bradamant,31785474,126,124,Omega,Chaos,415,0,b0b8438e6682f2931a1a930121d0ab43_39e25ac3d737c46452305eefe324372cfc0.jpg?1787949495,Crystal,103,0,WAR
Yinwea Levai,36476322,127,125,Shiva,Light,412,0,944bf3a8e93fcc8f15f3f521462d11b5_3fbff0e6b620e4d259dc427abc6574dafc0.jpg?1787948057,Crystal,154,0,AST
Sotek Scherwil,486374,128,126,Twintania,Light,407,0,c881840c18d6c9fc415801f5f8240174_c33f640c0cdd35f7def85b8aa31a0007fc0.jpg?1787949492,Crystal,67,0,DRK
Frankie Urien,32323176,129,127,Odin,Light,405,0,ffae33588fe71f102672b7defdb50a30_644311b63b607133c989d7c1188467dafc0.jpg?1787949484,Crystal,212,0,DNC
Ul Unhu,9592278,130,0,Phoenix,Light,403,0,d703e404c81140848dbcd200abc4ef7e_5047bc596a4bab2dc7f7c120bb22dec5fc0.jpg?1787948498,Crystal,139,0,DRK
Queenie Skyfrost,34868775,131,0,Odin,Light,403,0,4c0182a4bd02a557a3e29b795c1e0b9c_644311b63b607133c989d7c1188467dafc0.jpg?1787948893,Crystal,82,0,DNC
Sho'zhirr Shizahi-jo,28092848,132,0,Phoenix,Light,403,0,c6923f91c3f9e08d53d38488a3040788_5047bc596a4bab2dc7f7c120bb22dec5fc0.jpg?1787949461,Crystal,72,0,UNK
Seraban Mistodisushi,25116690,133,0,Omega,Chaos,402,0,9ab6f5d4307a747e8378402c6070b2a7_39e25ac3d737c46452305eefe324372cfc0.jpg?1787951489,Crystal,171,11,UNK
Lawr Hawk,28248881,134,0,Odin,Light,401,0,e241b26df61ea0e201b637a7ae6c4cd4_644311b63b607133c989d7c1188467dafc0.jpg?1787951140,Crystal,63,0,FSH
Arima Sui,61051327,135,155,Alpha,Light,399,196,a616749d9bdfd00b6659f83dbb1c8a7f_6132295fcf5570fb8b0a944ef322a598fc0.jpg?1787949750,Crystal,450,20,MCH
Lion Lad,60548427,136,135,Phantom,Chaos,398,0,69af2e062eb7ba4549c964e1fbc8b79e_f0a43d6e5eea19af337a176e9836acddfc0.jpg?1787949667,Crystal,29,0,BRD
Firas Xll,61570305,137,136,Alpha,Light,397,0,180935d91342970858d2044d5c23d436_6132295fcf5570fb8b0a944ef322a598fc0.jpg?1787949485,Crystal,68,0,BLM
Renna Vorak,25421061,138,152,Raiden,Light,310,100,c2dc94bad32c136ebcdcb42ec56ba1c3_a370664d98f658f4ed4e620f378f73cdfc0.jpg?1787949292,Crystal,75,1,PLD
Sekai Eri,41303117,139,137,Raiden,Light,305,0,cb1ac59e3c66b2050bc4ee7e3368c36c_a370664d98f658f4ed4e620f378f73cdfc0.jpg?1787949707,Crystal,132,0,UNK
Victoria Nyala,43751055,140,138,Phoenix,Light,304,0,d41ca298e2f03ee2273aca61640ebce0_5047bc596a4bab2dc7f7c120bb22dec5fc0.jpg?1787948178,Crystal,66,7,MCH
Yoe Lleufyn,28631681,141,139,Phoenix,Light,302,0,9584dd8fac44ba749b0855105a0e29e9_5047bc596a4bab2dc7f7c120bb22dec5fc0.jpg?1787951390,Crystal,115,2,BLM
Lina Sunstar,52075433,142,168,Spriggan,Chaos,301,102,d60c4576e74acfcd0ed77a6ea5d48800_feaf0a2e88ff164813fbc9b85876fa48fc0.jpg?1787948610,Crystal,151,3,WHM
Kalythas Alagria,37806271,143,0,Shiva,Light,300,300,4403baaa9e80e2bfd259c321ef6e7799_3fbff0e6b620e4d259dc427abc6574dafc0.jpg?1787950024,Crystal,62,14,WAR
Neo Saladin,60195724,144,140,Alpha,Light,299,0,d61ef205c9700150e78797546d2ac263_6132295fcf5570fb8b0a944ef322a598fc0.jpg?1787950658,Crystal,90,0,NIN
Lu Ni,58272624,145,158,Cerberus,Chaos,299,97,ab167867f3aa425b82e05a081df98df4_777c57311d510ca65dac3c1077dee435fc0.jpg?1787949244,Crystal,79,9,DRK
Medicine Melancholy,25525676,146,141,Raiden,Light,299,0,8a3aaef7e82e665cdb12f15457700593_a370664d98f658f4ed4e620f378f73cdfc0.jpg?1787949087,Crystal,71,0,GNB
Madelynn Veil,49771412,147,142,Omega,Chaos,299,0,92f91d9225bb816c6562fb117814681e_39e25ac3d737c46452305eefe324372cfc0.jpg?1787949485,Crystal,57,0,PLD
Wimp Lo,37793632,148,143,Zodiark,Light,298,0,45ed053d252c3a44eabe55329426aa37_c274370774c6bc3483cc8740805f41bcfc0.jpg?1787950440,Crystal,146,2,DNC
Kihn Shirudo,43951482,149,144,Spriggan,Chaos,298,0,2e619166d10daa6082c54563a5af17ff_feaf0a2e88ff164813fbc9b85876fa48fc0.jpg?1787948460,Crystal,74,0,DRK
Miimo Xa'ra,11362808,150,145,Shiva,Light,298,0,ce9814c05102c51abc5834316927fd0c_3fbff0e6b620e4d259dc427abc6574dafc0.jpg?1787951010,Crystal,68,5,SAM
Lunaelumen Heartless,3344766,151,146,Phoenix,Light,298,0,442c49c53db78614043ce10aa9733411_5047bc596a4bab2dc7f7c120bb22dec5fc0.jpg?1787950514,Crystal,48,0,CRP
Riseon Misha,26343965,152,147,Zodiark,Light,297,0,d883dcfcee6650b3e6e1691bf6838f6c_c274370774c6bc3483cc8740805f41bcfc0.jpg?1787948656,Crystal,138,10,RDM
Ultimo Tower,13765195,153,148,Odin,Light,297,0,f3f293a7802e54bc6d3f5c2ceb6f4902_644311b63b607133c989d7c1188467dafc0.jpg?1787950437,Crystal,102,0,MNK
Dundee Nic'hpisfa,35976824,154,149,Odin,Light,296,0,8eda92b5ce2e258786d149b7cb349e09_644311b63b607133c989d7c1188467dafc0.jpg?1787950714,Crystal,196,0,SGE
Night Siren,46140840,155,150,Alpha,Light,221,0,5b2c854dc9360523ee7fcd5bfee41621_6132295fcf5570fb8b0a944ef322a598fc0.jpg?1787951363,Crystal,168,0,GNB
Erion Hein,39135014,156,151,Twintania,Light,216,0,ba6bc1e1e70e5f3402d91ecfcf7d01e8_c33f640c0cdd35f7def85b8aa31a0007fc0.jpg?1787950444,Crystal,144,0,MIN
Ayrelinia Saelinire,41821402,157,153,Spriggan,Chaos,207,0,8604bb768bf59461e5f44eef46ee9961_feaf0a2e88ff164813fbc9b85876fa48fc0.jpg?1787949724,Crystal,22,0,BLU
Moki Moki,14235486,158,231,Odin,Light,205,105,82d3ef8d03fa7a6ddf4429f15fd296a2_644311b63b607133c989d7c1188467dafc0.jpg?1787948357,Crystal,7,6,RPR
Keylinda Heliopsis,44659154,159,154,Moogle,Chaos,204,0,aae227ec83063cc479b9c5f6fb803e66_d7a9d5f85a29d6278ec1c7adc2c8d242fc0.jpg?1787948526,Crystal,125,0,WHM
Brutal Killer,8885117,160,156,Ragnarok,Chaos,203,0,30c6a6207c7e93d407784888a7f29c97_40d57ba713628f3f1ef5ef204b6d76d2fc0.jpg?1787948005,Crystal,3,0,DRK
Strife Duskblade,34142903,161,157,Omega,Chaos,202,0,e8d7518889e9dd65f6114527334ca66a_39e25ac3d737c46452305eefe324372cfc0.jpg?1787950514,Crystal,82,0,DRK
Gaspard Deguingoix,11032081,162,159,Moogle,Chaos,201,0,b9283e6a6be9cd219ee0afea98546775_d7a9d5f85a29d6278ec1c7adc2c8d242fc0.jpg?1787947942,Crystal,79,0,BLU
Sayuri Maeshima,33888798,163,160,Omega,Chaos,201,0,9543e703e2409901a4e4c51fcd72a0bd_39e25ac3d737c46452305eefe324372cfc0.jpg?1787951307,Crystal,57,0,FSH
Tiranna Reinford,12390793,164,161,Moogle,Chaos,201,0,287223c7dac01617ab03a9e54406de0e_d7a9d5f85a29d6278ec1c7adc2c8d242fc0.jpg?1787949157,Crystal,31,0,WAR
Mizu Shimizu,41402391,165,162,Twintania,Light,200,0,b745f1d87ccd905d96d6b6ca49092222_c33f640c0cdd35f7def85b8aa31a0007fc0.jpg?1787949031,Crystal,74,0,UNK
Ash Dreadsaint,16641514,166,163,Alpha,Light,200,0,35babc8a56d97c1de09ffbf594068bd0_6132295fcf5570fb8b0a944ef322a598fc0.jpg?1787948008,Crystal,67,0,GNB
Eve Naeuri,43290162,167,164,Sagittarius,Chaos,200,0,c143c5d5e461ba9e3f51c07a3de23e21_44ca0844398b2d010d8cd4a31ddb023dfc0.jpg?1787948685,Crystal,45,0,SMN
Krek Balflear,48912824,168,165,Sagittarius,Chaos,200,0,3ddedc4fdcf35465d04f99e2b4737a9f_44ca0844398b2d010d8cd4a31ddb023dfc0.jpg?1787948902,Crystal,42,0,RPR
Neppie Nen,38644421,169,166,Phoenix,Light,200,0,6744f6c777bfc017ed7318054ef44f3d_5047bc596a4bab2dc7f7c120bb22dec5fc0.jpg?1787951370,Crystal,31,0,BLU
Selin Naari,16360751,170,167,Cerberus,Chaos,200,0,fb2c3681e2cb33bdcd7894d5aad0b9ec_777c57311d510ca65dac3c1077dee435fc0.jpg?1787948651,Crystal,21,0,SGE
Mer Lin,50434149,171,259,Spriggan,Chaos,200,200,52a13256ecf71bc72e25a6b211b196c8_feaf0a2e88ff164813fbc9b85876fa48fc0.jpg?1787950168,Crystal,18,3,DRK
Hegel Gil,25438753,172,169,Omega,Chaos,199,0,5ed500fc1dd1d9cbbc95000a80326ff7_39e25ac3d737c46452305eefe324372cfc0.jpg?1787950973,Crystal,124,7,WAR
Airi Rhitik,2286171,173,170,Moogle,Chaos,197,0,0e7c747879926e0f575c8444323c478f_d7a9d5f85a29d6278ec1c7adc2c8d242fc0.jpg?1787951216,Crystal,127,0,GNB
Guimiko Miko,54285624,174,171,Moogle,Chaos,197,0,610c37aeb64c6149d7c6d5ea93a8114e_d7a9d5f85a29d6278ec1c7adc2c8d242fc0.jpg?1787950022,Crystal,51,0,PLD
Vyn Silvair,21908199,175,172,Shiva,Light,196,0,05a4597e1e8ad1e87cfc4aab88be286c_3fbff0e6b620e4d259dc427abc6574dafc0.jpg?1787951371,Crystal,87,0,WHM
Mats Luxed,36390152,176,173,Twintania,Light,196,0,4d98b4ef01ccfc9df166d83a5771a4ea_c33f640c0cdd35f7def85b8aa31a0007fc0.jpg?1787949151,Crystal,32,0,SAM
Luca Natura,26126798,177,174,Omega,Chaos,196,0,aee9a8f332f96a4c5a45923c0e82782a_39e25ac3d737c46452305eefe324372cfc0.jpg?1787948368,Crystal,24,0,GSM
Wieg Wiggles,35061622,178,175,Lich,Light,192,0,61256a3e6c4f0c3dcc05469f5550d102_7206469080400ed57a5373d0a9c55c59fc0.jpg?1787949954,Crystal,186,0,WAR
Limit Cat,37849108,179,176,Lich,Light,191,0,5b03795e0323d8633451ea410c4aeced_7206469080400ed57a5373d0a9c55c59fc0.jpg?1787950846,Crystal,18,0,RDM
Deltimor Offerentis,53216923,180,177,Ragnarok,Chaos,101,0,b1f3b3bcc24281f671ac2ced6960431a_40d57ba713628f3f1ef5ef204b6d76d2fc0.jpg?1787948116,Crystal,292,0,BLM
Freya Highwind,37533969,181,178,Spriggan,Chaos,100,0,de376c51fd21ccbb1018c1c3fb40734b_feaf0a2e88ff164813fbc9b85876fa48fc0.jpg?1787949574,Crystal,204,0,BTN
Sonnas Dedede,37860927,182,179,Twintania,Light,100,0,25b1bad7226a0841ef265c7dc5b0eba9_c33f640c0cdd35f7def85b8aa31a0007fc0.jpg?1787948744,Crystal,202,0,SAM
Laville Burns,44676490,183,180,Alpha,Light,100,0,1999bb362905ab6ad44fa2e8931ef3dc_6132295fcf5570fb8b0a944ef322a598fc0.jpg?1787950020,Crystal,200,0,DRK
Rem Minase,15335467,184,234,Ragnarok,Chaos,100,100,6f4b9532213e5ed122fcac3e5c3b4cc5_40d57ba713628f3f1ef5ef204b6d76d2fc0.jpg?1787948931,Crystal,199,4,SAM
Arienai Nashi,47596567,185,181,Zodiark,Light,100,0,ccbc05e41375849179a5f554d78d7ae1_c274370774c6bc3483cc8740805f41bcfc0.jpg?1787948852,Crystal,184,0,WHM
Rose Nashi'rah,5586423,186,182,Moogle,Chaos,100,0,eabb33d9d4a68beb623fdbad8de0ccd2_d7a9d5f85a29d6278ec1c7adc2c8d242fc0.jpg?1787951323,Crystal,179,0,AST
Keraunos Greywolfe,31183458,187,183,Alpha,Light,100,0,3431088cd9f33e5f20e30162c35286fd_6132295fcf5570fb8b0a944ef322a598fc0.jpg?1787951485,Crystal,177,0,DRK
Eeva Lightwood,34867115,188,184,Phoenix,Light,100,0,029a994eac70f6897fab7cb241b4204b_5047bc596a4bab2dc7f7c120bb22dec5fc0.jpg?1787950171,Crystal,174,0,VPR
Bagel Egg,18929023,189,185,Omega,Chaos,100,0,f655117235b1c0d199ca39849579a631_39e25ac3d737c46452305eefe324372cfc0.jpg?1787950820,Crystal,173,0,BLM
Staz Hellcat,8016319,190,186,Cerberus,Chaos,100,0,c7e860ceda35e35e41bca47bf02624be_777c57311d510ca65dac3c1077dee435fc0.jpg?1787949752,Crystal,155,0,PLD
Lumine Heartseeker,37169102,191,187,Lich,Light,100,0,bef41e353f9709f6c26365adcd129410_7206469080400ed57a5373d0a9c55c59fc0.jpg?1787950274,Crystal,148,0,PCT
Magnus Skorweg,14288959,192,188,Cerberus,Chaos,100,0,36b3ca5cc0c3fa7edd1b5b276f54a6fc_777c57311d510ca65dac3c1077dee435fc0.jpg?1787949474,Crystal,145,0,SMN
Alabaster Arcadia,39618537,193,250,Phoenix,Light,100,100,04f03f1ffd5a39f931966123f856ea6c_5047bc596a4bab2dc7f7c120bb22dec5fc0.jpg?1787948357,Crystal,144,13,RDM
Sir Azmuth,21784845,194,189,Lich,Light,100,0,aaa9e4ee439eaa5d584760975605186f_7206469080400ed57a5373d0a9c55c59fc0.jpg?1787951006,Crystal,124,0,SAM
Deme Tayuun,14832348,195,190,Lich,Light,100,0,ae2fb7b7ac8ad3f92247efdd9fade6e7_7206469080400ed57a5373d0a9c55c59fc0.jpg?1787948145,Crystal,108,0,SMN
Haadin Maero,25649806,195,190,Cerberus,Chaos,100,0,ab3efb60a6f01134129c732e6e60c255_777c57311d510ca65dac3c1077dee435fc0.jpg?1787951010,Crystal,108,0,RDM
Lilia Sunvale,59323692,197,192,Phoenix,Light,100,0,01173bfd4d3bd682b07d6e9ac6dafd16_5047bc596a4bab2dc7f7c120bb22dec5fc0.jpg?1787950538,Crystal,105,0,BRD
Blaine Skyler,37236741,198,193,Louisoix,Chaos,100,0,f892c4691642e8efdead7c502a5d01f0_0a122616f3718d3f45cab10fd8fc1604fc0.jpg?1787950508,Crystal,101,0,SCH
Saku Rozen,1622070,198,193,Odin,Light,100,0,76d32a46909474e4b590ee6476bfabce_644311b63b607133c989d7c1188467dafc0.jpg?1787949869,Crystal,101,0,UNK
Aragorn Pendragon,9019127,200,195,Ragnarok,Chaos,100,0,87aef8a41356f31d322683bdf3e6103b_40d57ba713628f3f1ef5ef204b6d76d2fc0.jpg?1787948925,Crystal,100,0,WHM
Hope Carmine,31931991,200,195,Odin,Light,100,0,4d5e5c176cb534aaf44e67236bf6c171_644311b63b607133c989d7c1188467dafc0.jpg?1787951080,Crystal,100,0,RDM
Rain Hoshino,6160241,202,197,Moogle,Chaos,100,0,fc4a751ebc0402023f56f7934007c9ef_d7a9d5f85a29d6278ec1c7adc2c8d242fc0.jpg?1787949747,Crystal,99,0,PLD
Pave Zen,51542459,203,198,Zodiark,Light,100,0,c62f2300698b05a5ff2e27ea4ec74914_c274370774c6bc3483cc8740805f41bcfc0.jpg?1787950253,Crystal,96,0,AST
Haki Haki,8290724,204,199,Ragnarok,Chaos,100,0,3fc43df6da1c629c59b5cdae63dee7a7_40d57ba713628f3f1ef5ef204b6d76d2fc0.jpg?1787950584,Crystal,94,0,WAR
Ray Croft,29659793,205,200,Shiva,Light,100,0,56ebf33c0c49fd7529d32303d4b7c8d9_3fbff0e6b620e4d259dc427abc6574dafc0.jpg?1787948591,Crystal,89,0,RDM
Glyceri Chosuti,30338174,206,201,Moogle,Chaos,100,0,6d93c9241424e92e6f0351d35d8b6eaa_d7a9d5f85a29d6278ec1c7adc2c8d242fc0.jpg?1787949071,Crystal,88,0,DNC
Ark Kekko,50821807,207,202,Omega,Chaos,100,0,b81b1c241e98f7a5f9b9c81665be1243_39e25ac3d737c46452305eefe324372cfc0.jpg?1787951235,Crystal,86,0,SCH
Vincent God,14069867,208,253,Phoenix,Light,100,100,7d8e17eab1b900c1741204dbf199eb48_5047bc596a4bab2dc7f7c120bb22dec5fc0.jpg?1787949774,Crystal,80,5,BRD
Gun Grave,39069917,209,203,Alpha,Light,100,0,89afa1641c5d0fb3c37ff5b905d4b26a_6132295fcf5570fb8b0a944ef322a598fc0.jpg?1787948342,Crystal,77,0,UNK
Sahamaru Kamijo,13566032,210,204,Lich,Light,100,0,ab5bb27991a2037ddd8e8b0aef304406_7206469080400ed57a5373d0a9c55c59fc0.jpg?1787949823,Crystal,75,0,MCH
Akito Kotomine,14113084,211,205,Cerberus,Chaos,100,0,6535eaee5701ca6c10beffbfc70273c9_777c57311d510ca65dac3c1077dee435fc0.jpg?1787950356,Crystal,70,0,RPR
Tisha Adori,32551351,212,207,Zodiark,Light,100,0,a1f13f2decf7933275b7ce63051dc06f_c274370774c6bc3483cc8740805f41bcfc0.jpg?1787951006,Crystal,69,4,MCH
Nemesis Sol,49622209,213,221,Shiva,Light,100,100,1bcb80e23a56918c49abb6d50ef563af_3fbff0e6b620e4d259dc427abc6574dafc0.jpg?1787950679,Crystal,67,18,AST
Rei Dassario,24597443,213,206,Raiden,Light,100,0,a51ce0a687a31ff3b67287e80ea30aed_a370664d98f658f4ed4e620f378f73cdfc0.jpg?1787948983,Crystal,67,0,VPR
Lolarita Rorry,39677497,215,207,Odin,Light,100,0,3c990f7c55a34985fb496735b20a6b10_644311b63b607133c989d7c1188467dafc0.jpg?1787950398,Crystal,65,0,PCT
Core Flare,44609138,216,209,Raiden,Light,100,0,4d277108d876101c6b97212a26f6bc97_a370664d98f658f4ed4e620f378f73cdfc0.jpg?1787947945,Crystal,64,0,WAR
Magisa Vale,43527083,217,210,Phoenix,Light,100,0,50d54724458e52e82fcfc6d537b9e001_5047bc596a4bab2dc7f7c120bb22dec5fc0.jpg?1787949530,Crystal,55,0,DRG
Fandrix Shadowsong,36051326,218,211,Louisoix,Chaos,100,0,e8515941184b5c25f2622f1899a0969a_0a122616f3718d3f45cab10fd8fc1604fc0.jpg?1787949083,Crystal,50,0,VPR
Ino Based,41531397,219,212,Alpha,Light,100,0,ae8562754d31616305226909752bc4fd_6132295fcf5570fb8b0a944ef322a598fc0.jpg?1787949212,Crystal,49,0,WAR
Const Mar,17323909,220,213,Phoenix,Light,100,0,9b3b80b05e36ff71934a612327c91867_5047bc596a4bab2dc7f7c120bb22dec5fc0.jpg?1787949709,Crystal,47,0,VPR
Veritan Indaerus,21877909,221,214,Odin,Light,100,0,978a128ddf080c55e3afc742274d0c9f_644311b63b607133c989d7c1188467dafc0.jpg?1787951007,Crystal,46,0,DRG
Onox Farbane,43799244,222,215,Zodiark,Light,100,0,c322e9dd886e64c0365244e0b587448f_c274370774c6bc3483cc8740805f41bcfc0.jpg?1787949791,Crystal,44,0,WAR
Pattinger Kersel,8183392,222,215,Raiden,Light,100,0,4fec5839fc0fc0bba3a80fc4e1910660_a370664d98f658f4ed4e620f378f73cdfc0.jpg?1787949226,Crystal,44,0,WAR
Sarah Swordmoon,15666675,224,217,Ragnarok,Chaos,100,0,f4dc48a690259d750cc95afaff6386b8_40d57ba713628f3f1ef5ef204b6d76d2fc0.jpg?1787948408,Crystal,42,0,MCH
Kaixer Almasy,24721919,225,223,Ragnarok,Chaos,100,0,16b404151182dfe17ac302129a023750_40d57ba713628f3f1ef5ef204b6d76d2fc0.jpg?1787949209,Crystal,41,13,UNK
Tomo Kote,55321667,225,218,Zodiark,Light,100,0,5955a289356783d4701df9a9c192d2b8_c274370774c6bc3483cc8740805f41bcfc0.jpg?1787950629,Crystal,41,0,WAR
Maya White,9385038,227,219,Twintania,Light,100,0,1ab5adfc5d7d400ad0f8b4d181e6d2f0_c33f640c0cdd35f7def85b8aa31a0007fc0.jpg?1787949727,Crystal,40,0,WAR
Gwen Farron,10011051,228,220,Ragnarok,Chaos,100,0,3348ff23f3315e0457aa0694f655e953_40d57ba713628f3f1ef5ef204b6d76d2fc0.jpg?1787949941,Crystal,35,0,WAR
Sakurane Zero'yuurai,13075529,229,222,Ragnarok,Chaos,100,0,b65369d4b043831749f5fa45d2428e30_40d57ba713628f3f1ef5ef204b6d76d2fc0.jpg?1787949624,Crystal,31,0,PLD
Ka La,18103622,230,223,Ragnarok,Chaos,100,0,79cb69a4d9a7535c8ee4e2bbfc9b2a1d_40d57ba713628f3f1ef5ef204b6d76d2fc0.jpg?1787948533,Crystal,28,0,PLD
Mhia Mewrilah,26716262,231,225,Omega,Chaos,100,0,6b70c463b87dca3437d37504f74aad3b_39e25ac3d737c46452305eefe324372cfc0.jpg?1787950020,Crystal,27,0,WAR
Thesa Sergearis,47267643,232,226,Raiden,Light,100,0,09dba50da69ae23c7f77aa5135356ea2_a370664d98f658f4ed4e620f378f73cdfc0.jpg?1787949496,Crystal,25,0,DNC
Xiex Xie,40733160,232,239,Zodiark,Light,100,100,f253e0943a65dac103a6dfd764a01f52_c274370774c6bc3483cc8740805f41bcfc0.jpg?1787948865,Crystal,25,5,BTN
Ebin Almsivi,35310847,234,227,Shiva,Light,100,0,0c72e527d2d86c2ee8f4698832e880b5_3fbff0e6b620e4d259dc427abc6574dafc0.jpg?1787949129,Crystal,23,0,PLD
Vanilla Blossom,41496807,234,227,Moogle,Chaos,100,0,b0e7d1b464d155d8791692fe2e47299d_d7a9d5f85a29d6278ec1c7adc2c8d242fc0.jpg?1787948961,Crystal,23,0,CRP
Yuumi Fish,25707217,236,229,Cerberus,Chaos,100,0,1a7ebbda26c28eb61f262b9fb37e8c6e_777c57311d510ca65dac3c1077dee435fc0.jpg?1787950293,Crystal,18,0,DNC
Autuas Au,37357840,237,230,Phantom,Chaos,100,0,5c8929453beb42fb1a167e93eca11abf_f0a43d6e5eea19af337a176e9836acddfc0.jpg?1787949054,Crystal,13,0,UNK
Lylia Venis,13391767,238,232,Moogle,Chaos,100,0,79af70239d663a69f312f0788f3cf927_d7a9d5f85a29d6278ec1c7adc2c8d242fc0.jpg?1787948010,Crystal,0,0,MIN
Athena Olympe,44680885,239,233,Sagittarius,Chaos,0,0,7e7afe9e9cebc29cee3220c1e0530540_44ca0844398b2d010d8cd4a31ddb023dfc0.jpg?1787951418,Diamond,203,0,WAR
Indrxon Darkdrake,39417099,240,0,Zodiark,Light,0,0,ad54d57c1df432e3d1125b26e7a70c69_c274370774c6bc3483cc8740805f41bcfc0.jpg?1787950940,Diamond,110,14,RDM
Lu Mi,47806406,241,235,Raiden,Light,0,0,c8d19bad38e9523a4db779b2bf514973_a370664d98f658f4ed4e620f378f73cdfc0.jpg?1787950909,Diamond,83,0,VPR
Rave Bae,47220633,242,236,Alpha,Light,0,0,e640b0d43fa0078b032cbecc50b4e94c_6132295fcf5570fb8b0a944ef322a598fc0.jpg?1787949136,Diamond,73,0,WHM
Tsuguri Tempest,8093380,243,237,Moogle,Chaos,0,0,673dd69d52b7f7c210bb231091fd1922_d7a9d5f85a29d6278ec1c7adc2c8d242fc0.jpg?1787950210,Diamond,60,0,WAR
Paper Planes,59055005,244,238,Raiden,Light,0,0,1b7fc8e62eb37ebc10e0b203856e161c_a370664d98f658f4ed4e620f378f73cdfc0.jpg?1787949501,Diamond,21,0,DRG
Naralis A'roihan,35460975,245,240,Odin,Light,0,0,39833ac3dfdbb3ea64ab911763fea294_644311b63b607133c989d7c1188467dafc0.jpg?1787949134,Diamond,325,0,SCH
Vesper Lux,39986527,246,241,Phoenix,Light,0,0,3ffa8cf173ca00c6bd21dc61c1a7850f_5047bc596a4bab2dc7f7c120bb22dec5fc0.jpg?1787949865,Diamond,191,0,RDM
Tsu Kee,47596814,247,242,Zodiark,Light,0,0,df5063d6db141a1bc921d4623e08a366_c274370774c6bc3483cc8740805f41bcfc0.jpg?1787949272,Diamond,185,0,BRD
Vic Strider,53817077,248,243,Raiden,Light,0,0,64d68250fabd33e4972dcba2d2638d6c_a370664d98f658f4ed4e620f378f73cdfc0.jpg?1787949145,Diamond,144,0,RDM
Catlisaie Leveilleur,38928587,249,254,Sagittarius,Chaos,0,0,b49cedcc9313e5b78f3c3e17f3a3b68c_44ca0844398b2d010d8cd4a31ddb023dfc0.jpg?1787948700,Diamond,74,6,BSM
Uraraka Lunae,19968499,250,244,Louisoix,Chaos,0,0,87178981b631653f4905b195c6c49583_0a122616f3718d3f45cab10fd8fc1604fc0.jpg?1787950996,Diamond,63,8,BLM
Alex Bean,24788739,251,256,Zodiark,Light,0,0,6aa5d269d2362413ba9a055f7c8f6704_c274370774c6bc3483cc8740805f41bcfc0.jpg?1787950101,Diamond,59,4,SMN
Sangon Yukihoshi,11533024,252,244,Raiden,Light,0,0,d5814159d4f4b2afaa562891375a7b01_a370664d98f658f4ed4e620f378f73cdfc0.jpg?1787948904,Diamond,55,0,PLD
Kaomi Silver's,31290391,253,246,Phantom,Chaos,0,0,239fcc464702423d7f9ce8c7854a4fc3_f0a43d6e5eea19af337a176e9836acddfc0.jpg?1787948405,Diamond,30,0,WHM
Irmele Elandris,13301011,254,247,Odin,Light,0,0,545d79c172c687ee4ac495ceca89d9dd_644311b63b607133c989d7c1188467dafc0.jpg?1787950978,Diamond,28,0,WAR
Littlebard Crits,44849524,255,248,Lich,Light,0,0,85155be3d7c3c8936c428085496b1e8d_7206469080400ed57a5373d0a9c55c59fc0.jpg?1787949674,Diamond,9,0,UNK
Manji Haq,30381529,256,249,Shiva,Light,0,0,1840291846e97e46d3053d2cb9351608_3fbff0e6b620e4d259dc427abc6574dafc0.jpg?1787948157,Diamond,214,17,GNB
Merily Marlin,52216084,257,251,Louisoix,Chaos,0,0,1b485637d5f1df89d363a45b95cba49c_0a122616f3718d3f45cab10fd8fc1604fc0.jpg?1787948322,Diamond,113,0,FSH
Lavender Yumori,47189865,258,252,Phoenix,Light,0,0,c0a56a85a3c082e0dd3b96359531f30f_5047bc596a4bab2dc7f7c120bb22dec5fc0.jpg?1787950273,Diamond,87,0,DNC
Princess Emi,5884527,259,255,Twintania,Light,0,0,4ab2080550ab1fb15ca76fbfe8e8d512_c33f640c0cdd35f7def85b8aa31a0007fc0.jpg?1787949933,Diamond,57,0,PLD
Shiva Dorys,36432577,260,257,Phoenix,Light,0,0,df6ee6331f96148f2b97966d8a3e2a5a_5047bc596a4bab2dc7f7c120bb22dec5fc0.jpg?1787951097,Diamond,54,0,WHM
Doctor Zoidberg,9214410,261,258,Cerberus,Chaos,0,0,40bc630c90e57d0ca265dd7fc809d5c8_777c57311d510ca65dac3c1077dee435fc0.jpg?1787948778,Diamond,18,0,PCT
Altrios Alrun,37280856,262,260,Odin,Light,0,0,eed006603ff3859a7471671dcb9c221c_644311b63b607133c989d7c1188467dafc0.jpg?1787950838,Diamond,10,0,RDM
Katarina Kittycat,24355925,263,261,Twintania,Light,0,0,488decc103448e79430a7f4ffa3674c5_c33f640c0cdd35f7def85b8aa31a0007fc0.jpg?1787950281,Diamond,144,0,UNK
Aiva Ibusaki,11039086,264,262,Shiva,Light,0,0,39b96ee63110c8909c27318f222d3695_3fbff0e6b620e4d259dc427abc6574dafc0.jpg?1787951429,Diamond,136,13,MCH
Benedikta Cucumber,55428569,265,263,Sagittarius,Chaos,0,0,1091166e96bfe839d8a067a8fc27848a_44ca0844398b2d010d8cd4a31ddb023dfc0.jpg?1787948960,Diamond,119,0,GNB
Charon Tesar,2860491,266,264,Shiva,Light,0,0,71fb4ffe6d15608a77682afdbdef53d7_3fbff0e6b620e4d259dc427abc6574dafc0.jpg?1787948534,Diamond,110,0,PCT
Protos Heis,34597162,267,265,Spriggan,Chaos,0,0,1227bb2a621e4455479d060e840ff145_feaf0a2e88ff164813fbc9b85876fa48fc0.jpg?1787947945,Diamond,93,0,MCH
Lu' Bu',21757305,268,266,Odin,Light,0,0,20b9e744e2190850310da72ffaf5c5d4_644311b63b607133c989d7c1188467dafc0.jpg?1787951017,Diamond,88,0,VPR
Zerith Ars,7801227,269,267,Zodiark,Light,0,0,d9b23bac7d7203e071be18c6932a61a8_c274370774c6bc3483cc8740805f41bcfc0.jpg?1787948736,Diamond,76,0,DRG
Yuki Shinryu,18457903,270,268,Omega,Chaos,0,0,7c3380880e156cefcc0afc85574b6091_39e25ac3d737c46452305eefe324372cfc0.jpg?1787950970,Diamond,59,0,WHM
Leenar Raim,45005021,271,269,Raiden,Light,0,0,cd15b6146d9e895f605fe9d8aa6e46d2_a370664d98f658f4ed4e620f378f73cdfc0.jpg?1787948870,Diamond,57,0,DRG
Decha Kirk,32806624,272,270,Moogle,Chaos,0,0,e50b415f85b832de8463247f434991ce_d7a9d5f85a29d6278ec1c7adc2c8d242fc0.jpg?1787951355,Diamond,37,0,MCH
Red Fluffy,41965323,273,271,Shiva,Light,0,0,6e4c702e77f55eff42d4c42a07f242db_3fbff0e6b620e4d259dc427abc6574dafc0.jpg?1787951374,Diamond,27,0,NIN
Certin Ferocia,26600453,274,272,Spriggan,Chaos,0,0,528919b4d45df00513ad6c80440fc2f4_feaf0a2e88ff164813fbc9b85876fa48fc0.jpg?1787949786,Diamond,15,0,DNC
Lia Lothje,30611623,275,273,Odin,Light,0,0,12f34ee0f0d0404c9b47a7fea301f068_644311b63b607133c989d7c1188467dafc0.jpg?1787949081,Diamond,12,0,WHM
Luna Everlight,11876492,276,274,Phantom,Chaos,0,0,87daed323422dd94882b0079ba9f6b3d_f0a43d6e5eea19af337a176e9836acddfc0.jpg?1787950742,Diamond,8,0,RDM
Hiyuki Korikawa,55814095,277,275,Alpha,Light,0,0,74afa7e4138c1508f5559cba8b88f0c4_6132295fcf5570fb8b0a944ef322a598fc0.jpg?1787948844,Diamond,187,9,SAM
Wilson D'ball,48646138,278,276,Phantom,Chaos,0,0,c7a54b3f5006e7e5afdef2d9e10421ad_f0a43d6e5eea19af337a176e9836acddfc0.jpg?1787948227,Diamond,99,0,DRG
Chrome Hearts',48963270,279,277,Raiden,Light,0,0,71e7f9df828e655c1c9fe64893dfdf9c_a370664d98f658f4ed4e620f378f73cdfc0.jpg?1787950736,Diamond,68,0,UNK
Saki Aiko,58256956,280,278,Zodiark,Light,0,0,f65bf40d95342ebe3141def95c5232bc_c274370774c6bc3483cc8740805f41bcfc0.jpg?1787948469,Diamond,43,0,SMN
Sheidyn Windsor,30282791,281,279,Omega,Chaos,0,0,e3eaa192d0e2b6192580f940474cd0b5_39e25ac3d737c46452305eefe324372cfc0.jpg?1787948749,Diamond,33,0,WAR
Erika Avellana,45153856,282,280,Alpha,Light,0,0,d52954932b2c20e3d303cb8cf101f3eb_6132295fcf5570fb8b0a944ef322a598fc0.jpg?1787949651,Diamond,326,1,PCT
Duessa Fidessa,47722925,283,281,Louisoix,Chaos,0,0,3e992addf0aaeeda98883cfe0443f4c4_0a122616f3718d3f45cab10fd8fc1604fc0.jpg?1787950997,Diamond,265,3,SMN
Ash Zero,49368748,284,282,Shiva,Light,0,0,8c69f041cca72fdc1059bfc9f2f8ecc9_3fbff0e6b620e4d259dc427abc6574dafc0.jpg?1787949553,Diamond,125,0,PLD
Lo Enha,27971408,285,283,Moogle,Chaos,0,0,5236c7cc585f6b9213e6d33f05e78c61_d7a9d5f85a29d6278ec1c7adc2c8d242fc0.jpg?1787951013,Diamond,122,3,WAR
Flynn Cethlenne,35848614,286,284,Zodiark,Light,0,0,2543efc6def84f10fb27cc68c29b1460_c274370774c6bc3483cc8740805f41bcfc0.jpg?1787948194,Diamond,99,0,SMN
Shizuna Kha,34044483,287,0,Sagittarius,Chaos,0,0,6aba21e5b013fb13d6b90ad356453c58_44ca0844398b2d010d8cd4a31ddb023dfc0.jpg?1787950290,Diamond,83,12,DRK
Yorda Dormin,35730883,287,285,Phantom,Chaos,0,0,37968b7968327b583f23e52d999337f9_f0a43d6e5eea19af337a176e9836acddfc0.jpg?1787950916,Diamond,83,0,UNK
Tung Kniv,36744544,289,286,Spriggan,Chaos,0,0,63aabeb5204c3ae5d2f0295a0f4a8e22_feaf0a2e88ff164813fbc9b85876fa48fc0.jpg?1787948705,Diamond,79,0,VPR
Nana Usui,34696904,290,287,Moogle,Chaos,0,0,abd9e807ccb2486ea89e3deab9cc56d2_d7a9d5f85a29d6278ec1c7adc2c8d242fc0.jpg?1787951472,Diamond,76,0,WAR
Arenne Cine,24108313,291,288,Zodiark,Light,0,0,b2833a2b4e618072a6309f375128e34b_c274370774c6bc3483cc8740805f41bcfc0.jpg?1787948564,Diamond,48,0,PCT
Ombra Seregon,21757971,292,0,Phoenix,Light,0,0,ab945b0677be2c49acbc154087f3442e_5047bc596a4bab2dc7f7c120bb22dec5fc0.jpg?1787948432,Diamond,47,4,RDM
Stephanie Dolla,28876458,293,289,Lich,Light,0,0,753eeef7260d5b48fedb9d189d2b51ca_7206469080400ed57a5373d0a9c55c59fc0.jpg?1787949691,Diamond,42,0,MNK
Rei Nara,30869508,294,0,Ragnarok,Chaos,0,0,6d7be1a63248369bf5017070a85d6bd0_40d57ba713628f3f1ef5ef204b6d76d2fc0.jpg?1787947948,Diamond,39,19,UNK
Durinta Borlaaq,37706432,295,290,Twintania,Light,0,0,5f122a4f83176fe089d903a59809e108_c33f640c0cdd35f7def85b8aa31a0007fc0.jpg?1787950367,Diamond,37,0,PLD
Ryssrael Niunaglwyn,33315027,296,291,Omega,Chaos,0,0,33b521784d0398ac0bb6736f1c6d0a15_39e25ac3d737c46452305eefe324372cfc0.jpg?1787948663,Diamond,222,0,MCH
Caelvyr Corvayn,37557023,297,292,Odin,Light,0,0,ed18601452ec3c3b1def16f37ba89988_644311b63b607133c989d7c1188467dafc0.jpg?1787951071,Diamond,180,5,UNK
May Bloom,20580663,298,293,Twintania,Light,0,0,c24fd8278a4825a56c81ac07e6f2f43d_c33f640c0cdd35f7def85b8aa31a0007fc0.jpg?1787948392,Diamond,148,0,SMN
Altair Nightveil,37899651,299,294,Odin,Light,0,0,66c10a4203ea077f0a752e4bf561ff53_644311b63b607133c989d7c1188467dafc0.jpg?1787950527,Diamond,101,1,WAR
Aelin Jules,51609568,300,295,Alpha,Light,0,0,8a02014e6ec7a7fb938b61c29b83b641_6132295fcf5570fb8b0a944ef322a598fc0.jpg?1787950689,Diamond,64,0,SGE
Sensei Jyutusi,20995129,1,0,Chocobo,Mana,4090,0,218ddf1e9e095da9f0b9d5866f9f2d80_781d6b3603312f6be41670afa37282e0fc0.jpg?1787948170,Ultima,163,0,WHM
Kim Shin,2354630,2,0,Masamune,Mana,4076,0,9d6bba308f1c44ad24883a9717b4d480_134930215abb8a90ec37d6cc05b05e08fc0.jpg?1787949553,Ultima,89,0,NIN
Yurugi Koyurugi,29769522,3,0,Belias,Meteor,3856,0,ce65dfc48d522a7a126208d94cdc2852_894c4bd0beab2e2beb44b74f4c4bd206fc0.jpg?1787948858,Omega,87,0,PLD
Happo Hapo,59173770,4,0,Pandaemonium,Mana,3695,0,8d06d5697fa5f35516e08e77ecb4eff8_470db1bf2e865f9130531fea40b61ee4fc0.jpg?1787949841,Omega,93,3,VPR
Emil Sarasun,7191072,5,20,Asura,Mana,3420,588,052a2527c0dee23533f8162c40d66898_53f1445a9f28799a32ea55f046319fc3fc0.jpg?1787948124,Omega,109,13,SGE
Paker Zuka,35106373,6,5,Bahamut,Gaia,3401,106,1dfba22310e23cd21bd3a7481bf928e1_86da943caa70c8694707ab2ff74e68c9fc0.jpg?1787949106,Omega,113,7,UNK
Seraki Matsushima,43566777,7,14,Ixion,Mana,3330,302,1e4675de3ee8e4d8e053dede59297104_7126768d768f6c6c7fed3eaee98c3a8afc0.jpg?1787950571,Omega,96,12,RPR
Makina Belg,23683223,8,6,Belias,Meteor,3250,0,ffed281791b6f91e5a2000e4917cfeeb_894c4bd0beab2e2beb44b74f4c4bd206fc0.jpg?1787949263,Omega,170,0,MNK
Sorin Maki,53900927,9,7,Durandal,Gaia,3247,0,b0d4570e39585eb6b5ba7458ff8781a7_806ea5b45071d5cd6bf393e38462ee71fc0.jpg?1787950875,Omega,103,0,MCH
Hatozo Ito,39455624,10,8,Typhon,Elemental,3242,10,a2de1cbebb1230e8f11f0fa765df7d0f_32d8c9c7cd5f62d62da2d31b6750a680fc0.jpg?1787949393,Omega,121,2,RDM
K' R',8489348,11,9,Chocobo,Mana,3197,0,38834b79bf39846f80b605b4a592c2eb_781d6b3603312f6be41670afa37282e0fc0.jpg?1787949152,Omega,141,9,AST
Kite Free,28865954,12,15,Kujata,Elemental,3167,194,b602646591e3d050094503c65590ee4c_72c48f093f2278ac3243962d3eb6a8d7fc0.jpg?1787950359,Omega,42,3,MNK
Vivi Ann,4766157,13,10,Kujata,Elemental,3082,0,9543e197b2faf03aa21058f9deedc408_72c48f093f2278ac3243962d3eb6a8d7fc0.jpg?1787951445,Omega,152,0,AST
Ciel Cocco,27192023,14,11,Anima,Mana,3081,0,05df3829299dc9e3c4ba0bceb512525a_2f698530a28d671d20278c8518c804c9fc0.jpg?1787949687,Omega,193,0,ARM
Merry Scrald,11886780,15,12,Belias,Meteor,3078,0,7bfbd82582fd003bc514339935d874a7_894c4bd0beab2e2beb44b74f4c4bd206fc0.jpg?1787948727,Omega,89,0,WAR
Wonton Starlight,27496660,16,13,Chocobo,Mana,3077,0,8d6c3f0a6f695cdc94b9234b6c28be22_781d6b3603312f6be41670afa37282e0fc0.jpg?1787949656,Omega,253,12,SAM
Tam Sin,26754914,17,70,Ultima,Gaia,3049,892,4e875947aa4b95d1be857096f32d4ae8_9df1b3cb0da35db33c17ef11ddf12adafc0.jpg?1787949197,Omega,94,12,SAM
Ame Ame,53697484,18,27,Titan,Mana,2983,289,93d3d9e0c4003776bb652473d623797e_e2bb3f9679fec6d4836fcf8abcc3eeacfc0.jpg?1787947954,Omega,68,5,UNK
Bakeke Bake,40527195,19,16,Asura,Mana,2953,0,2df47416611081755cf9e0cd7c586afa_53f1445a9f28799a32ea55f046319fc3fc0.jpg?1787949338,Omega,163,17,VPR
Dome Violet,45179152,20,17,Masamune,Mana,2918,0,a95c15ebd393e5497d6641d375ec02b1_134930215abb8a90ec37d6cc05b05e08fc0.jpg?1787948087,Omega,201,3,BRD
Naku Cha,51398763,21,18,Zeromus,Meteor,2897,0,d1f355424cec05811e0f15dc0a707de5_c76848359d0b4d2f37aefbb9903ed97bfc0.jpg?1787948361,Omega,65,0,NIN
Aizen Sosuke,46625154,22,19,Asura,Mana,2888,0,084fe9c7ee753ba32657d9e49b4edde5_53f1445a9f28799a32ea55f046319fc3fc0.jpg?1787948084,Omega,140,0,UNK
Djinn Piston,44999217,23,21,Durandal,Gaia,2831,0,f34e66517ae3b26262c9b4f09835c5a0_806ea5b45071d5cd6bf393e38462ee71fc0.jpg?1787949591,Omega,76,0,MNK
Kappi Scarlet,11922639,24,25,Asura,Mana,2795,97,820f32c739a02029fdacf6c96cbf1fa4_53f1445a9f28799a32ea55f046319fc3fc0.jpg?1787948921,Omega,160,5,RPR
Piccolo Saaaaann,23336998,25,22,Asura,Mana,2789,0,efa27fc6ea5fa0a09f429159c3346a0f_53f1445a9f28799a32ea55f046319fc3fc0.jpg?1787948640,Omega,321,15,NIN
Tarex Youva,26374295,26,23,Tonberry,Elemental,2780,0,7dad78de32b2e7e31077d03f095a81ac_7bb6b1e488f0e4f01c5314d010b60f31fc0.jpg?1787948489,Omega,195,2,VPR
Atsu Bow,47953241,27,24,Mandragora,Meteor,2753,0,a397b9893231105b4549ed9a8721c60a_ee738654add55c3d07ea92d8e108074cfc0.jpg?1787951464,Omega,298,11,DRG
Robs Wiz,47501636,28,37,Aegis,Elemental,2714,223,24b0e4e155ae76da2a553003980ac156_3ea38e723c590aabf186367e1eb7e6a1fc0.jpg?1787948915,Omega,213,8,DRG
Grey Book,51082088,29,26,Alexander,Gaia,2695,0,2b2e5a5f068a7529dabfbbf6c918d473_b7a71d8799cf6dd75b711a7f52de6675fc0.jpg?1787949914,Omega,87,0,VPR
Imlink Rr,46726473,30,28,Bahamut,Gaia,2636,0,6c9ffcd32b7d78e8b7e09c63d130ef2a_86da943caa70c8694707ab2ff74e68c9fc0.jpg?1787949908,Omega,293,12,MCH
Tango Ngo,47753273,31,29,Alexander,Gaia,2629,0,c8ff6406f324ec51842e0a491ba1e4fa_b7a71d8799cf6dd75b711a7f52de6675fc0.jpg?1787948248,Omega,208,0,VPR
Sura Imo,25164389,32,30,Shinryu,Meteor,2584,0,d2cd07ab0f766e9dd870046dcc7fae97_87b7d447f40b06dfc7228caf195f7dcffc0.jpg?1787948677,Omega,48,0,PLD
Mun- Mutyo,18063500,33,31,Bahamut,Gaia,2580,0,870df3b6a4306c3c3de44d72fc9a577d_86da943caa70c8694707ab2ff74e68c9fc0.jpg?1787948929,Omega,215,30,ALC
Sono Ta,49701933,34,32,Shinryu,Meteor,2574,0,c5fbe5dc524e8f9d2eb8b7c350df2a00_87b7d447f40b06dfc7228caf195f7dcffc0.jpg?1787950399,Omega,48,0,DRK
Fania Eckert,2837251,35,33,Titan,Mana,2568,0,7177d6fdd5036eebc72834f8376cd1cf_e2bb3f9679fec6d4836fcf8abcc3eeacfc0.jpg?1787951006,Omega,196,4,PCT
Aman Kaharmine,37434311,36,34,Belias,Meteor,2538,0,7fa9aa672753e286a5710cf338755727_894c4bd0beab2e2beb44b74f4c4bd206fc0.jpg?1787948781,Omega,329,5,UNK
Peng In,60228501,37,35,Bahamut,Gaia,2538,0,871397d65bde709b44c83fca4e18a1b3_86da943caa70c8694707ab2ff74e68c9fc0.jpg?1787949246,Omega,147,7,SMN
Jay Eins,3930926,38,36,Chocobo,Mana,2499,0,31d212c5602873cad51c02ca3a1707f4_781d6b3603312f6be41670afa37282e0fc0.jpg?1787949897,Omega,66,0,SMN
Tsuchi Tsuki,39089046,39,38,Bahamut,Gaia,2481,0,032858264c706c6341f57dbef9e86da1_86da943caa70c8694707ab2ff74e68c9fc0.jpg?1787949550,Omega,66,0,DRK
Pero Noir,27109057,40,44,Ultima,Gaia,2480,99,889b0b13f93f702d3df91ec97e272102_9df1b3cb0da35db33c17ef11ddf12adafc0.jpg?1787948130,Omega,60,1,DRK
Shiman Chu,38475144,41,40,Yojimbo,Meteor,2463,8,4cb93a24c937da83418345140d361e9b_4a92c619bde4f34cfa77e05fef21ad85fc0.jpg?1787948742,Omega,126,6,SAM
Xignas Schwalbe,2577287,42,39,Anima,Mana,2457,0,726f737868161a35f25fb4e06bccf08e_2f698530a28d671d20278c8518c804c9fc0.jpg?1787951438,Omega,178,0,GNB
Zsika Mu',18898369,43,41,Ridill,Gaia,2396,0,ed7f8569bf4537dfd9f2ea953ad59e8a_138751880f18161a907d7cf0faa43f07fc0.jpg?1787948214,Omega,56,0,UNK
Neneco Neko,60257588,44,42,Ultima,Gaia,2392,0,d410b53bdce1036d1d4331de5dd4f44e_9df1b3cb0da35db33c17ef11ddf12adafc0.jpg?1787948127,Omega,69,0,ALC
Lucy Tave,5530448,45,43,Durandal,Gaia,2382,0,fd7ea485d2ba7644c76c49d7b00fce24_806ea5b45071d5cd6bf393e38462ee71fc0.jpg?1787948077,Omega,629,14,MNK
Furanzeska Sumeragi,8414050,46,45,Tonberry,Elemental,2376,0,7300d72d23103eb5494b3e21bf99b3b6_7bb6b1e488f0e4f01c5314d010b60f31fc0.jpg?1787948520,Omega,88,0,MNK
Yoochan Fantasy,30892468,47,46,Anima,Mana,2371,0,179b316106d60bb1488917ac1c45548c_2f698530a28d671d20278c8518c804c9fc0.jpg?1787948833,Omega,71,0,DRG
Taroe Kobuta,8734523,48,47,Kujata,Elemental,2367,0,821347c202f7d7d6b676bd393bcdfdae_72c48f093f2278ac3243962d3eb6a8d7fc0.jpg?1787949828,Omega,369,1,RPR
Minisuta Blood,24769179,49,48,Atomos,Elemental,2360,0,851ddd354ea9b3a8e623078a0f4d8a05_cf768a751b1f5e355c2fd39a9ed91f3ffc0.jpg?1787948540,Omega,39,0,DRG
Lancer Yan,18545180,50,49,Fenrir,Gaia,2354,0,b5d95c2f29f83c258c8ed96425acd32b_d384cf5ad7db803f29799f36ebbc3eadfc0.jpg?1787950955,Omega,63,0,NIN
Aurora Duskveil,14659861,51,50,Carbuncle,Elemental,2347,0,8d51113f06ccc3227a4928f8ab5ddee6_9eb3c19866f7ae0eeeffac7bf770aba5fc0.jpg?1787948217,Omega,161,1,SMN
Lan Dame-celot,31839759,52,51,Ifrit,Gaia,2338,0,c278e5b98fa396fbc950aeafdb5aaee8_f9f796348bc43067c7242ec4551cde69fc0.jpg?1787948832,Omega,69,0,DRK
Snow Albarn,25263326,53,52,Fenrir,Gaia,2336,0,fa179c06d46acce251bb94d22a05e931_d384cf5ad7db803f29799f36ebbc3eadfc0.jpg?1787951515,Omega,154,3,PCT
Lil Latte,55025559,54,53,Anima,Mana,2329,0,2d01c7e9c74b9faebdd6d9ece7c9eb4a_2f698530a28d671d20278c8518c804c9fc0.jpg?1787948980,Omega,222,0,UNK
Ren Chamx,43411675,55,111,Chocobo,Mana,2324,301,d14faf3557b40f62c1fd8e9103ff0ca1_781d6b3603312f6be41670afa37282e0fc0.jpg?1787947973,Omega,168,5,BLM
Basta Reno,31797927,56,54,Carbuncle,Elemental,2305,0,22b32c1986bb9c2732e5f877f7cbdbd6_9eb3c19866f7ae0eeeffac7bf770aba5fc0.jpg?1787948101,Omega,70,0,RDM
Aeritte Ravel,41831914,57,55,Carbuncle,Elemental,2275,0,56a646fd4b2eb086bf8c9d712567e62f_9eb3c19866f7ae0eeeffac7bf770aba5fc0.jpg?1787948137,Omega,174,0,SAM
Coffee Mint,29415966,58,71,Titan,Mana,2274,120,e5a147803c62c81952bc0c786dcfc3cb_e2bb3f9679fec6d4836fcf8abcc3eeacfc0.jpg?1787950512,Omega,699,7,SGE
Akki Noc,2298162,59,56,Alexander,Gaia,2265,0,4a145f36c7316e0d32845d32af5e92bd_b7a71d8799cf6dd75b711a7f52de6675fc0.jpg?1787950618,Omega,135,0,SGE
Lupinus Lily,33777966,60,57,Ultima,Gaia,2263,0,6f019b443ab48375b1bcc5e5aa0debf9_9df1b3cb0da35db33c17ef11ddf12adafc0.jpg?1787951425,Omega,92,0,GNB
Kuno Cadenzavnaeve,42178142,61,58,Ifrit,Gaia,2260,0,85baa25ca299e93ef56226f40814f03b_f9f796348bc43067c7242ec4551cde69fc0.jpg?1787948822,Omega,99,1,DRG
Tomato Mato,54649869,62,59,Ixion,Mana,2257,0,e417d4ddd5bd7df8155005f15bd1ab53_7126768d768f6c6c7fed3eaee98c3a8afc0.jpg?1787948490,Omega,65,0,UNK
Akatuki Re,22410327,63,73,Carbuncle,Elemental,2256,105,b3e601fbc493d7bc642faec11f3c05fb_9eb3c19866f7ae0eeeffac7bf770aba5fc0.jpg?1787950749,Omega,138,3,RDM
Sukoya Mihirogi,42042279,64,60,Anima,Mana,2249,0,58dacb01c0c75e38125f892840beb026_2f698530a28d671d20278c8518c804c9fc0.jpg?1787949253,Omega,134,0,MNK
Velvet Shilky,15655369,65,61,Anima,Mana,2244,0,988a0ec11e3b6bbbfc5478b0eab4b03f_2f698530a28d671d20278c8518c804c9fc0.jpg?1787949252,Omega,313,0,PLD
Ciao' Chu-ru,46227731,66,62,Asura,Mana,2243,0,4407462a62eb8cb31cec691e9f214c86_53f1445a9f28799a32ea55f046319fc3fc0.jpg?1787948917,Omega,88,0,UNK
Death-by Glamour,50007656,67,63,Fenrir,Gaia,2236,0,73746aab8b21d5917fab43f4db6f35aa_d384cf5ad7db803f29799f36ebbc3eadfc0.jpg?1787950578,Omega,57,0,UNK
Inx Chrono,21920611,68,110,Yojimbo,Meteor,2213,189,83c01df24231dda93176c28e69768459_4a92c619bde4f34cfa77e05fef21ad85fc0.jpg?1787948201,Omega,239,8,MCH
Walter Winston,3431710,69,77,Fenrir,Gaia,2202,98,bee8390354426d2c1d42d687a0de29d5_d384cf5ad7db803f29799f36ebbc3eadfc0.jpg?1787949011,Omega,79,3,WAR
Kaede Felis,33728274,70,78,Typhon,Elemental,2201,103,40686a32bf2ab631ff7e7677fc614cb3_32d8c9c7cd5f62d62da2d31b6750a680fc0.jpg?1787949312,Omega,129,1,DRG
Yumichin Nekoangel,11505114,71,84,Chocobo,Mana,2200,394,43e39ba4314b9f81eb1067f163d33ed5_781d6b3603312f6be41670afa37282e0fc0.jpg?1787948139,Omega,38,4,MNK
Mialulu Sabotage,33714151,72,64,Tiamat,Gaia,2191,0,ed107570ce5fd9ee695034c45ef4d395_9f10d335198e90990f3437c5733468e7fc0.jpg?1787950992,Omega,50,0,WAR
Hosi Lumier,20014623,73,65,Ridill,Gaia,2190,0,126e42d301322000c4e965281e8f7098_138751880f18161a907d7cf0faa43f07fc0.jpg?1787948877,Omega,168,0,BRD
Noin Kurial,23981966,74,66,Asura,Mana,2177,0,83830f722858537d3bbdd6afabacaa3d_53f1445a9f28799a32ea55f046319fc3fc0.jpg?1787948856,Omega,49,0,MNK
Lain Wired,1578110,75,100,Chocobo,Mana,2171,103,51b29015827612eb3c28c2c8dd0f43ef_781d6b3603312f6be41670afa37282e0fc0.jpg?1787949905,Omega,232,10,PCT
Tige Noir,13429005,76,67,Ridill,Gaia,2170,0,92cf71f8edc971b0656a49db62280b09_138751880f18161a907d7cf0faa43f07fc0.jpg?1787949743,Omega,240,0,DNC
Regret Weise,15486920,77,68,Fenrir,Gaia,2167,0,13172be4a1ad05d87f2b3a6e43f14d31_d384cf5ad7db803f29799f36ebbc3eadfc0.jpg?1787950118,Omega,84,3,DRK
Corvus Gradior,27132837,78,130,Titan,Mana,2165,264,7d80ef18f8183b40dd80776987e971f6_e2bb3f9679fec6d4836fcf8abcc3eeacfc0.jpg?1787949178,Omega,79,18,AST
Gogant Gogant,24052697,79,69,Atomos,Elemental,2163,0,9b2637d94cc0b341ddad961722026fdf_cf768a751b1f5e355c2fd39a9ed91f3ffc0.jpg?1787949432,Omega,115,0,SAM
Soujirou Seta,4110224,80,72,Tonberry,Elemental,2153,0,7453a7542d76520abe9dd8dcc3572b78_7bb6b1e488f0e4f01c5314d010b60f31fc0.jpg?1787948460,Omega,143,2,RDM
Kupfdoen Mynaikoensyn,2336564,81,107,Garuda,Elemental,2148,97,89679647ba7b815cb23d73ae2d6050eb_fcb1f5b0249d1069e5bdc66d0796f26afc0.jpg?1787949464,Omega,155,3,RPR
Aslan Miller,42003071,82,74,Ixion,Mana,2142,0,091d6880c471f9f4c412b704f952af81_7126768d768f6c6c7fed3eaee98c3a8afc0.jpg?1787951266,Omega,228,0,WHM
Sidurgu Obsidian,17768556,83,75,Garuda,Elemental,2139,0,19277f9e0fcd9432fb16b0e1cbad47a7_fcb1f5b0249d1069e5bdc66d0796f26afc0.jpg?1787950141,Omega,83,0,WHM
Hibarii Maiden,2220475,84,114,Garuda,Elemental,2112,99,46a565a07005b1224b7facd2223d54b9_fcb1f5b0249d1069e5bdc66d0796f26afc0.jpg?1787948824,Omega,78,1,AST
Yuki Yui,25457703,85,76,Ultima,Gaia,2105,0,53e27d2153b5d4878ef23b1326589ff5_9df1b3cb0da35db33c17ef11ddf12adafc0.jpg?1787949820,Omega,130,0,UNK
Hso Gkd,39936541,86,79,Asura,Mana,2096,0,4f7b0c3e146a0735f571292dfccd0adb_53f1445a9f28799a32ea55f046319fc3fc0.jpg?1787951104,Omega,76,0,SAM
Fuki Non,51302585,87,80,Titan,Mana,2096,0,99d46e5dfaf54e3a630e700cbd41968b_e2bb3f9679fec6d4836fcf8abcc3eeacfc0.jpg?1787948057,Omega,67,0,WHM
Fury Halone,31201226,88,81,Chocobo,Mana,2095,0,391e22872f5bc92045c105b0c7778c1b_781d6b3603312f6be41670afa37282e0fc0.jpg?1787948130,Omega,52,1,SAM
Kotori Angel,11433233,89,82,Alexander,Gaia,2094,0,249a60efd4f3f03c25a40a0c3c35d33f_b7a71d8799cf6dd75b711a7f52de6675fc0.jpg?1787949127,Omega,60,0,DRG
Hakuen Sinonome,10757391,90,149,Asura,Mana,2094,294,6660ba18e406e22fbec52d7b8d1ac332_53f1445a9f28799a32ea55f046319fc3fc0.jpg?1787949521,Omega,42,4,GNB
Ed Xii,61003934,91,83,Zeromus,Meteor,2093,0,abe7e4f5eb6a0af4b416d2bf4f34ef4d_c76848359d0b4d2f37aefbb9903ed97bfc0.jpg?1787949219,Omega,47,0,PLD
Elosie Ue,46030616,92,85,Bahamut,Gaia,2087,0,cdd278ec7274c3a04f790d4954079c53_86da943caa70c8694707ab2ff74e68c9fc0.jpg?1787948095,Omega,79,0,SGE
Yuki Macaron-vanille,37997737,93,86,Ridill,Gaia,2087,0,87df14febf49ad8a24a323b239fb3250_138751880f18161a907d7cf0faa43f07fc0.jpg?1787948711,Omega,66,0,RDM
Kikiru Kiru,32877503,94,87,Pandaemonium,Mana,2086,0,e7b80247dc6473f7ec0cd4127f78efb3_470db1bf2e865f9130531fea40b61ee4fc0.jpg?1787949705,Omega,35,0,RDM
Alt Sanktgallen,2143482,95,88,Mandragora,Meteor,2085,0,5c873dda3f483d96a474d6049544be77_ee738654add55c3d07ea92d8e108074cfc0.jpg?1787948684,Omega,107,0,WAR
Avail Tec,46450631,96,89,Garuda,Elemental,2085,0,174c8b1a79d654754078bef6b8c51067_fcb1f5b0249d1069e5bdc66d0796f26afc0.jpg?1787951175,Omega,78,0,SAM
Ardbert Hylfyst,31584604,97,90,Belias,Meteor,2085,0,964952d6da8636ab55a5b87a925f0d4c_894c4bd0beab2e2beb44b74f4c4bd206fc0.jpg?1787948627,Omega,31,0,UNK
Rip Rill,726210,98,91,Gungnir,Elemental,2084,0,1ed2cf8fd8dc78c1ec061d9bb9c45462_8f82f937943b6baf4c565020d5eba0ccfc0.jpg?1787948792,Omega,249,9,WHM
Inori Chan,54439983,99,92,Asura,Mana,2084,0,924e00538b2fef48f1ddd6b463e8f7ef_53f1445a9f28799a32ea55f046319fc3fc0.jpg?1787951419,Omega,24,0,VPR
Muutyo Ganajai,35379364,100,93,Ridill,Gaia,2082,0,5435163c8ed77079a8f6bdb50b7b4da2_138751880f18161a907d7cf0faa43f07fc0.jpg?1787949223,Omega,69,0,SGE
Tomomomo Momomo,25830708,101,94,Ramuh,Meteor,2080,0,d1b6359fffbcc60e8bddc1120dc05d55_410ddb5a66a2fcacf538bec5ea5d0291fc0.jpg?1787950498,Omega,46,0,SCH
Ura Ururu,59087727,102,95,Chocobo,Mana,2080,0,cbc6fb7e99cc3d57226a4684079c139c_781d6b3603312f6be41670afa37282e0fc0.jpg?1787948202,Omega,40,0,BRD
Douglas Ward,32519646,103,96,Asura,Mana,2077,0,5902010d301aa95176126fcdef0dc7c7_53f1445a9f28799a32ea55f046319fc3fc0.jpg?1787950523,Omega,322,0,RDM
Shion Amber,26147773,104,97,Unicorn,Meteor,2075,0,e2ecf01d14ce449e8393bc3f5dfc57f4_393eb74047bb90c8d80dea54218430eefc0.jpg?1787950295,Omega,33,0,DRG
Ardlan Vorlesh,45102526,105,224,Asura,Mana,2072,591,04bfc027079d355fc717e8ec9a4b5f9e_53f1445a9f28799a32ea55f046319fc3fc0.jpg?1787949058,Omega,102,10,DRG
Ria Esta,46580024,106,98,Typhon,Elemental,2071,0,537b652a83e9ead35e927e93170f46f0_32d8c9c7cd5f62d62da2d31b6750a680fc0.jpg?1787949190,Omega,67,0,MCH
Elisa Wolframite,18964939,107,99,Hades,Mana,2069,0,5582934bb6b94d50874d7d241225aa74_a4730651230dd43cb129562a30d531aefc0.jpg?1787948307,Omega,168,16,NIN
Sha Moji,19121169,108,101,Carbuncle,Elemental,2068,0,eb82915777eea0c952b2885bf59641d9_9eb3c19866f7ae0eeeffac7bf770aba5fc0.jpg?1787949221,Omega,160,0,MCH
Kana Drouv,37418772,109,102,Mandragora,Meteor,2068,0,556bea70c6c70acf776be4041d191d92_ee738654add55c3d07ea92d8e108074cfc0.jpg?1787949755,Omega,40,0,SAM
Suteiki Niku,21443132,110,103,Ixion,Mana,2065,0,2f186f805d4bb29abd9458d61593b81a_7126768d768f6c6c7fed3eaee98c3a8afc0.jpg?1787949990,Omega,204,0,PLD
Jawa San,3768644,111,104,Titan,Mana,2065,0,6dc7f48778a077c0339870e942a79f2e_e2bb3f9679fec6d4836fcf8abcc3eeacfc0.jpg?1787948942,Omega,138,0,NIN
Tamago Crab,1576417,112,105,Chocobo,Mana,2063,0,0bce11216fe6e4e1cecfe7c969a1460f_781d6b3603312f6be41670afa37282e0fc0.jpg?1787949245,Omega,127,2,SMN
Scarlet Liora,50450849,113,106,Ridill,Gaia,2056,0,823b2552238fefce05d1a2e39630911f_138751880f18161a907d7cf0faa43f07fc0.jpg?1787949414,Omega,75,0,PCT
Beatrice Rosenkreuz,31285042,114,108,Tiamat,Gaia,2050,0,1972bc9fb243d5cb03ad68af2779564d_9f10d335198e90990f3437c5733468e7fc0.jpg?1787948772,Omega,60,0,PLD
Creya Oaks,20662074,115,109,Tonberry,Elemental,2037,0,0fb57385ff1c90e3ea26edc53722b78c_7bb6b1e488f0e4f01c5314d010b60f31fc0.jpg?1787949487,Omega,262,0,VPR
Sakura Nemutai,55109399,116,112,Titan,Mana,2021,0,efa9ef6672998c8a9c860e5e104d6b3e_e2bb3f9679fec6d4836fcf8abcc3eeacfc0.jpg?1787950320,Omega,151,0,SGE
Devil May'cry,43140387,117,113,Chocobo,Mana,2015,0,bc38e75d4332eb0a661f158200cedb80_781d6b3603312f6be41670afa37282e0fc0.jpg?1787948754,Omega,44,0,UNK
Yan Yan,3182501,118,115,Alexander,Gaia,2012,0,5cd079575de2bd01f87a188c93738695_b7a71d8799cf6dd75b711a7f52de6675fc0.jpg?1787949134,Omega,83,5,NIN
Yoruki Hiroran,56925172,119,116,Typhon,Elemental,2001,0,68df19c82415e8fed5592345fb9acbd3_32d8c9c7cd5f62d62da2d31b6750a680fc0.jpg?1787949006,Omega,43,0,BSM
Neku Xyst,23660389,120,117,Ifrit,Gaia,1991,0,fb1f5fe2519e579c50b2b5aa89992706_f9f796348bc43067c7242ec4551cde69fc0.jpg?1787948885,Crystal,64,0,VPR
He Ro,57048881,121,118,Ultima,Gaia,1988,0,1988e9fc4df817df742388c245715b40_9df1b3cb0da35db33c17ef11ddf12adafc0.jpg?1787950209,Crystal,579,9,UNK
Ku Chan,35624538,122,119,Shinryu,Meteor,1986,0,c563ef5b623babbcbf7d852a7e64c31e_87b7d447f40b06dfc7228caf195f7dcffc0.jpg?1787948867,Crystal,76,0,WHM
Uta Tubame,12421333,123,120,Zeromus,Meteor,1983,0,4c1c1810ab77c61696ca66b0716fd309_c76848359d0b4d2f37aefbb9903ed97bfc0.jpg?1787949318,Crystal,105,5,PCT
Iroha Date,6961136,124,121,Aegis,Elemental,1973,0,554b38366a6696fd4ca04583ad727660_3ea38e723c590aabf186367e1eb7e6a1fc0.jpg?1787948990,Crystal,129,0,SCH
Kirakira Akira,55531034,125,122,Typhon,Elemental,1973,0,5934f798f998575286709c767ba05f59_32d8c9c7cd5f62d62da2d31b6750a680fc0.jpg?1787949330,Crystal,35,0,BRD
Amarl Malaguld,27652092,126,123,Masamune,Mana,1966,0,92f5a8f587b00180a706bf0adc6692cb_134930215abb8a90ec37d6cc05b05e08fc0.jpg?1787949590,Crystal,65,0,DRG
Ajika Rajika,6811285,127,124,Tiamat,Gaia,1916,0,97621d00c96124d00a3c01cec2dde5f8_9f10d335198e90990f3437c5733468e7fc0.jpg?1787949498,Crystal,104,0,UNK
Che'rie Amiri,60682859,128,125,Zeromus,Meteor,1913,0,74b40d795da2cd26657f9838869b63da_c76848359d0b4d2f37aefbb9903ed97bfc0.jpg?1787949599,Crystal,113,0,UNK
Crystalline Conflict,56094564,129,126,Kujata,Elemental,1911,0,dcae5be360cd5ac359780dd998fbbf57_72c48f093f2278ac3243962d3eb6a8d7fc0.jpg?1787949231,Crystal,148,0,UNK
Baked Potapota,42031891,130,127,Ramuh,Meteor,1908,0,1b1e5ff45bcbd6a80c94ee1c0c8bddcf_410ddb5a66a2fcacf538bec5ea5d0291fc0.jpg?1787948106,Crystal,113,1,AST
Meilkea Inori,40934425,131,128,Aegis,Elemental,1904,0,4c256b756b0f4f43b209ec71728dc0e2_3ea38e723c590aabf186367e1eb7e6a1fc0.jpg?1787949834,Crystal,306,1,UNK
Wuruwuru Yaya,19903532,132,129,Asura,Mana,1904,0,c4dcc6326814217e41a2636e5dd8eea3_53f1445a9f28799a32ea55f046319fc3fc0.jpg?1787949799,Crystal,157,5,NIN
Ririca Rica,22451341,133,131,Valefor,Meteor,1900,0,b82d75152d14ebf44db2622ef433b4f4_485f4777c38002871591fb54f27edc65fc0.jpg?1787950315,Crystal,204,8,MNK
Link Ring,55955379,134,132,Durandal,Gaia,1899,0,cd57a4705e19ebab4b3922b039f3a7b7_806ea5b45071d5cd6bf393e38462ee71fc0.jpg?1787951105,Crystal,100,0,BLM
Syaharu Rau,42277277,135,235,Ultima,Gaia,1899,499,2fc2311e22f50bf5f2604260eee05be9_9df1b3cb0da35db33c17ef11ddf12adafc0.jpg?1787948359,Crystal,51,11,DRG
Nao Fu,41247403,136,133,Shinryu,Meteor,1897,0,cfc231e11fac22b1fb8d9d27cee48586_87b7d447f40b06dfc7228caf195f7dcffc0.jpg?1787951330,Crystal,119,5,SGE
Roric Thorne,59323169,137,134,Pandaemonium,Mana,1895,0,4ff669632484c5fdf241ea2b9f955435_470db1bf2e865f9130531fea40b61ee4fc0.jpg?1787947926,Crystal,24,0,PCT
Hana'ni Narou,55619969,138,135,Bahamut,Gaia,1890,0,6fed23863620c8b715cbb8ea2b38180f_86da943caa70c8694707ab2ff74e68c9fc0.jpg?1787948637,Crystal,103,18,PLD
Okome Justice,58734775,139,136,Durandal,Gaia,1889,0,3589d26a22faffebd4c39812822aab8a_806ea5b45071d5cd6bf393e38462ee71fc0.jpg?1787951004,Crystal,41,0,BRD
Sead Slendisch,27788989,140,137,Asura,Mana,1888,0,c9bd1276c77cf644ce955ce68575aa37_53f1445a9f28799a32ea55f046319fc3fc0.jpg?1787950636,Crystal,140,0,SGE
Nocturne Midnightblue,55368101,141,150,Asura,Mana,1886,88,e9f7726a264875c782e0384932dbf161_53f1445a9f28799a32ea55f046319fc3fc0.jpg?1787948082,Crystal,77,9,BRD
Ai Shironuko,19976423,142,138,Kujata,Elemental,1886,0,7036fde037e0136275a64cfa690a558c_72c48f093f2278ac3243962d3eb6a8d7fc0.jpg?1787950326,Crystal,35,0,NIN
Rohesa Morgan,10586618,143,139,Ramuh,Meteor,1884,0,1b6623c84e2fcee5c1d726a691ab88ba_410ddb5a66a2fcacf538bec5ea5d0291fc0.jpg?1787949913,Crystal,210,4,BSM
Cait Sith,1574936,144,140,Tiamat,Gaia,1883,0,fc4156170aa1fca8004a80238705e5cf_9f10d335198e90990f3437c5733468e7fc0.jpg?1787948619,Crystal,124,4,AST
Wabi Suke,1601102,145,144,Asura,Mana,1882,27,355b0ae1cb512875c96e88afa06d36a7_53f1445a9f28799a32ea55f046319fc3fc0.jpg?1787949332,Crystal,521,28,NIN
Hollow Crown,59144034,146,141,Chocobo,Mana,1880,0,b91b6512544e8803d649622f67e53eab_781d6b3603312f6be41670afa37282e0fc0.jpg?1787950361,Crystal,31,0,MNK
Kur Age,27916663,147,142,Ifrit,Gaia,1872,0,b6c15539902ac3615580d0c358a2ce3a_f9f796348bc43067c7242ec4551cde69fc0.jpg?1787948019,Crystal,46,0,SGE
Wolten Rema,17758406,148,172,Yojimbo,Meteor,1868,291,7f56f4547e5e3e1528ebc681d9618464_4a92c619bde4f34cfa77e05fef21ad85fc0.jpg?1787951179,Crystal,63,8,SAM
U-ta Rona,33778140,149,143,Ifrit,Gaia,1862,0,5364399662a84913de2dc736c1cdcfc6_f9f796348bc43067c7242ec4551cde69fc0.jpg?1787949889,Crystal,96,0,ARM
Fuuga Reinfeldt,29495648,150,145,Unicorn,Meteor,1844,0,4441cdfb6f60085397a6647656e86646_393eb74047bb90c8d80dea54218430eefc0.jpg?1787949784,Crystal,129,0,AST
Ruru Rururun,41786182,151,146,Ifrit,Gaia,1812,0,3fd0ff0d0e58f6a761a54eebd33b7bc6_f9f796348bc43067c7242ec4551cde69fc0.jpg?1787949426,Crystal,400,6,UNK
Nicku Nicku,18939474,152,147,Tonberry,Elemental,1804,0,c713d7a775bba8adf5d47b2630f63674_7bb6b1e488f0e4f01c5314d010b60f31fc0.jpg?1787951203,Crystal,20,0,UNK
Black' Cat,27132360,153,148,Ifrit,Gaia,1800,0,25f0dd65be1cf71e9e26e0bcc0dc271f_f9f796348bc43067c7242ec4551cde69fc0.jpg?1787949263,Crystal,159,3,DRG
Shamia Lafihna,19352479,154,195,Hades,Mana,1784,198,d0039c35e86ce2926331c5c708ef39f6_a4730651230dd43cb129562a30d531aefc0.jpg?1787950500,Crystal,74,3,VPR
Cey Noqed,56239764,155,151,Anima,Mana,1783,0,05a455503c1b9dc0712f50ad519d9d21_2f698530a28d671d20278c8518c804c9fc0.jpg?1787949975,Crystal,105,5,BLM
Yo Na,52935364,156,152,Fenrir,Gaia,1783,0,2517fd5dbad75617e546949761815db9_d384cf5ad7db803f29799f36ebbc3eadfc0.jpg?1787951103,Crystal,67,0,NIN
Momikucha Ocojo,51451812,157,153,Ixion,Mana,1780,0,52ebf8cad8e1a025e1469ada4534a0f2_7126768d768f6c6c7fed3eaee98c3a8afc0.jpg?1787949506,Crystal,112,2,UNK
Dodopita Pittan,3558680,158,154,Tiamat,Gaia,1772,0,0c4178029dae08c0fcbe267d46034e76_9f10d335198e90990f3437c5733468e7fc0.jpg?1787951456,Crystal,113,0,SAM
Korone Yubi,38334943,159,155,Yojimbo,Meteor,1768,0,f96e46a75ff8692aefd4bf0841f4e177_4a92c619bde4f34cfa77e05fef21ad85fc0.jpg?1787949429,Crystal,115,0,SGE
Endless Summer,36558820,160,295,Tiamat,Gaia,1732,508,0079a66433e68b1f473c7487944a4d3d_9f10d335198e90990f3437c5733468e7fc0.jpg?1787948987,Crystal,148,12,PCT
Khelby Trickster,1496735,161,156,Gungnir,Elemental,1717,0,fde8b59fda65550661c58e15a9026a06_8f82f937943b6baf4c565020d5eba0ccfc0.jpg?1787950930,Crystal,119,10,PCT
Yuuki Swallowtail,32886185,162,157,Kujata,Elemental,1714,0,712840b89db68c0862aff570eefb28c6_72c48f093f2278ac3243962d3eb6a8d7fc0.jpg?1787950987,Crystal,131,0,MCH
Cinzia Castagnone,42223337,163,158,Ultima,Gaia,1713,0,f04869081ccf9229ca06746e399b2740_9df1b3cb0da35db33c17ef11ddf12adafc0.jpg?1787948373,Crystal,115,2,AST
Rex Cold,46340519,164,159,Bahamut,Gaia,1709,0,5a590acfa6bbe6cddd1eb5143c7070f2_86da943caa70c8694707ab2ff74e68c9fc0.jpg?1787950679,Crystal,98,12,UNK
Mochi Dooooon,51161467,165,185,Hades,Mana,1707,100,fe8f2f3f207480dac3f25ca746d11cf4_a4730651230dd43cb129562a30d531aefc0.jpg?1787948746,Crystal,39,1,SGE
Orpheus Jongleur,3414846,166,160,Bahamut,Gaia,1702,0,091f84408fe996c55b0d18af8fc1d9d6_86da943caa70c8694707ab2ff74e68c9fc0.jpg?1787948460,Crystal,64,0,MCH
Nov Noa,56271994,167,161,Tiamat,Gaia,1698,0,0711a53e252756264a473f2b53d53cad_9f10d335198e90990f3437c5733468e7fc0.jpg?1787948757,Crystal,53,0,AST
Inu- Pe-,42153397,168,162,Anima,Mana,1697,0,40c3101dfff66955ad4d9b06fda6e3a8_2f698530a28d671d20278c8518c804c9fc0.jpg?1787948554,Crystal,272,11,SAM
Sol Perfect,13175986,169,163,Hades,Mana,1697,0,09b81422623fbfed2cbc5f5650d41a6f_a4730651230dd43cb129562a30d531aefc0.jpg?1787950447,Crystal,63,4,BLM
Jios Quartar,3179754,170,164,Tiamat,Gaia,1695,0,e4a3c15118c1258c3c33b152cbada545_9f10d335198e90990f3437c5733468e7fc0.jpg?1787949216,Crystal,143,5,SGE
Ml Tei,47822875,171,165,Alexander,Gaia,1695,0,259bd72e639c252e3e6ab819661c07a6_b7a71d8799cf6dd75b711a7f52de6675fc0.jpg?1787948626,Crystal,25,0,DRK
Planet Exploration,30755276,172,190,Ixion,Mana,1694,99,b2df099dea56680a53bbc8588e28444f_7126768d768f6c6c7fed3eaee98c3a8afc0.jpg?1787949569,Crystal,62,2,SGE
Lufefe Lufe,8829146,173,166,Mandragora,Meteor,1691,0,91e252cc1edf40cc72e7912c50fbfde7_ee738654add55c3d07ea92d8e108074cfc0.jpg?1787948500,Crystal,99,1,DRG
Jack O'brian,12218514,174,167,Valefor,Meteor,1689,0,c75b51feaef2edd8ae7e838fdfef63ae_485f4777c38002871591fb54f27edc65fc0.jpg?1787948672,Crystal,39,0,MNK
Laru Gucchi,4772544,175,168,Durandal,Gaia,1686,0,766e8af080f3aa6e38ee510dee4807b8_806ea5b45071d5cd6bf393e38462ee71fc0.jpg?1787948157,Crystal,90,0,DRG
O'dette Noelle,26231391,176,169,Kujata,Elemental,1686,0,e4d0424de154feb08b3839c7806f9266_72c48f093f2278ac3243962d3eb6a8d7fc0.jpg?1787949522,Crystal,66,0,MNK
Maito Melek,26875635,177,170,Hades,Mana,1680,0,f46d534bca38450ba9b70bb608411c3e_a4730651230dd43cb129562a30d531aefc0.jpg?1787951174,Crystal,30,0,UNK
Lilica Astadir,3503219,178,171,Valefor,Meteor,1677,0,5af5f880cbf4a0fb2fc785912a217eae_485f4777c38002871591fb54f27edc65fc0.jpg?1787949465,Crystal,96,4,DRG
Mao Caprice,32793338,179,173,Titan,Mana,1675,0,101c8c73de660221dc8ad95fafa4ad3c_e2bb3f9679fec6d4836fcf8abcc3eeacfc0.jpg?1787949276,Crystal,77,0,PLD
Aurelia Stratosfera,26527089,180,174,Unicorn,Meteor,1675,0,0ed689683555a9555b96a5599288d4a1_393eb74047bb90c8d80dea54218430eefc0.jpg?1787950271,Crystal,64,0,SAM
Liken Liekun,24806613,181,175,Shinryu,Meteor,1673,0,5aa5d27e0f5d07d19980648d6a9c2ba5_87b7d447f40b06dfc7228caf195f7dcffc0.jpg?1787950609,Crystal,193,0,SGE
Zwei Kreuz,14516450,182,176,Bahamut,Gaia,1673,0,367ea315b18ce50bb6f34a9ea77f3222_86da943caa70c8694707ab2ff74e68c9fc0.jpg?1787950569,Crystal,37,0,UNK
Moi Pomme,56383677,183,177,Anima,Mana,1672,0,df195b6c463065fc5c6cf34724d6875c_2f698530a28d671d20278c8518c804c9fc0.jpg?1787948847,Crystal,76,0,SMN
Aries San,12460047,184,178,Tiamat,Gaia,1668,0,00a39e6a3c0cb6e9529ffdf15a10dadb_9f10d335198e90990f3437c5733468e7fc0.jpg?1787951079,Crystal,102,0,SGE
Envy Lua,43034484,185,179,Valefor,Meteor,1632,0,e7cd2d55788c0aa6cbc5b71284096360_485f4777c38002871591fb54f27edc65fc0.jpg?1787948827,Crystal,87,1,AST
Chrono Meter,4807361,186,180,Zeromus,Meteor,1622,0,b74f258cbaba5cb680ca0095a0758cbb_c76848359d0b4d2f37aefbb9903ed97bfc0.jpg?1787949158,Crystal,387,21,UNK
Shattered Onyx,61529398,187,181,Mandragora,Meteor,1621,0,4507237b3154f0500f368c8975cd596c_ee738654add55c3d07ea92d8e108074cfc0.jpg?1787948557,Crystal,135,0,UNK
Piggy Walk,49739992,188,182,Alexander,Gaia,1618,0,3e967d228a864beca527f7f9e1561cb0_b7a71d8799cf6dd75b711a7f52de6675fc0.jpg?1787948516,Crystal,57,0,WAR
Tiger Rutata,23825437,189,183,Asura,Mana,1615,0,a69a7fd0c20bbbd51ddf7cc27af7921e_53f1445a9f28799a32ea55f046319fc3fc0.jpg?1787948995,Crystal,119,0,RDM
Teena Lewis,2553070,190,184,Bahamut,Gaia,1608,0,53366246b477a6a74d51a27aa7146532_86da943caa70c8694707ab2ff74e68c9fc0.jpg?1787950384,Crystal,82,0,WAR
Ena Lucida,46120110,191,186,Valefor,Meteor,1602,0,0d22e7ccb96b881d94b2eaac8c63f55c_485f4777c38002871591fb54f27edc65fc0.jpg?1787948828,Crystal,141,7,UNK
Falaris Whitemoon,39272552,192,187,Carbuncle,Elemental,1602,0,ba7f541c520a57e21fce1321218d73b3_9eb3c19866f7ae0eeeffac7bf770aba5fc0.jpg?1787948936,Crystal,58,0,MNK
Aquamarine Freyja,30360317,193,188,Titan,Mana,1600,0,0dfd1b818fb45dff90b6c17b14b71318_e2bb3f9679fec6d4836fcf8abcc3eeacfc0.jpg?1787948803,Crystal,95,9,MNK
Aristel Brown,3214595,194,189,Typhon,Elemental,1599,0,edba68904ef1184c5563cdd263603a74_32d8c9c7cd5f62d62da2d31b6750a680fc0.jpg?1787951337,Crystal,402,0,MCH
Fennel Earltea,21886406,195,191,Typhon,Elemental,1591,0,4e8f23f97ca17b02271d5d67829e204d_32d8c9c7cd5f62d62da2d31b6750a680fc0.jpg?1787950660,Crystal,100,0,WAR
Shinra Arasaka,24734269,196,192,Tiamat,Gaia,1589,0,2d735fa31b5cfcc7eabaae1839d0b731_9f10d335198e90990f3437c5733468e7fc0.jpg?1787951047,Crystal,44,0,WAR
Ame Azarashi,23141823,197,220,Durandal,Gaia,1589,99,3169ff74c51973a08f1b5c47026339a9_806ea5b45071d5cd6bf393e38462ee71fc0.jpg?1787951250,Crystal,33,1,GNB
Katuo Bushi,48894263,198,193,Garuda,Elemental,1588,0,8b92a347d66765b2b2d24c1ad40d5afa_fcb1f5b0249d1069e5bdc66d0796f26afc0.jpg?1787951268,Crystal,191,6,SAM
Rinfia Rint,24291060,199,194,Durandal,Gaia,1586,0,a0d48d9035ce8cb65db8d80e6f885428_806ea5b45071d5cd6bf393e38462ee71fc0.jpg?1787949455,Crystal,213,14,LNC
Sweetbleed Viras,56084804,200,196,Ridill,Gaia,1585,0,98404495f2c5b2af87b2eb9ff9b3aaf0_138751880f18161a907d7cf0faa43f07fc0.jpg?1787948860,Crystal,151,0,MNK
Ursula Hackenschmidt,42648090,201,197,Fenrir,Gaia,1584,0,a665d50be7723b1660e54e045bb7a2fe_d384cf5ad7db803f29799f36ebbc3eadfc0.jpg?1787949359,Crystal,34,0,PLD
Kageto Magatsuki,36052369,202,198,Ultima,Gaia,1580,0,c99eebd98f0729313042324985a6fc9a_9df1b3cb0da35db33c17ef11ddf12adafc0.jpg?1787949038,Crystal,46,0,DRK
Hina Narumi,36489169,203,199,Masamune,Mana,1575,0,b92b3bffbe6d8e1f5f53a1f3735c1387_134930215abb8a90ec37d6cc05b05e08fc0.jpg?1787950119,Crystal,59,0,DRG
Honey Cat,51251838,204,200,Ultima,Gaia,1565,0,c89504a579493fe83a6003536b5fcfdf_9df1b3cb0da35db33c17ef11ddf12adafc0.jpg?1787948236,Crystal,122,0,MCH
Hateful Past,26237856,205,201,Asura,Mana,1560,0,ed0c8f5d7b00b4c718fd834e96efdd7e_53f1445a9f28799a32ea55f046319fc3fc0.jpg?1787948282,Crystal,61,0,PLD
Aruku Babyun,7383311,206,202,Unicorn,Meteor,1558,0,c2fa4e98c1f4638d053218fa4c127b4c_393eb74047bb90c8d80dea54218430eefc0.jpg?1787950870,Crystal,202,3,WAR
Mitui Aset,29908583,207,203,Zeromus,Meteor,1554,0,03c5c419a0ed40508b02b7656c3bc1e1_c76848359d0b4d2f37aefbb9903ed97bfc0.jpg?1787949323,Crystal,383,0,NIN
Zukasa Yatoh,8768354,208,204,Typhon,Elemental,1547,0,4b9242a67c4aa4390facfa8e2028de4b_32d8c9c7cd5f62d62da2d31b6750a680fc0.jpg?1787948778,Crystal,161,0,DRG
Deisia Touna,31397456,209,205,Mandragora,Meteor,1528,0,f9bdcbbd105a361017ee7dd26bde2ea6_ee738654add55c3d07ea92d8e108074cfc0.jpg?1787948935,Crystal,235,4,RDM
Hoshino Ai,47933529,210,206,Titan,Mana,1528,0,82bad71f761726aa0a737f36447d9f50_e2bb3f9679fec6d4836fcf8abcc3eeacfc0.jpg?1787950480,Crystal,59,4,DRG
Erik Bural,20508529,211,207,Hades,Mana,1512,0,2ca5bed0ca0e49f68c7ca14062e0bacc_a4730651230dd43cb129562a30d531aefc0.jpg?1787950464,Crystal,371,8,SGE
Notttz Imbrium,50270248,212,208,Titan,Mana,1509,0,58a87ecc9a18820b07646a481a8154a4_e2bb3f9679fec6d4836fcf8abcc3eeacfc0.jpg?1787949132,Crystal,59,2,SMN
Karewa Kare,53675376,213,209,Durandal,Gaia,1508,0,cbdbee91e564af7bf540b273708c9d13_806ea5b45071d5cd6bf393e38462ee71fc0.jpg?1787948285,Crystal,75,0,WHM
Hyunsik Lee,59757026,214,210,Typhon,Elemental,1507,1,d171f47402375bca99a35c72ebcb7e48_32d8c9c7cd5f62d62da2d31b6750a680fc0.jpg?1787950235,Crystal,108,31,DNC
Now Tarako,25271680,215,211,Belias,Meteor,1504,0,238a3ddced202809c65eaecd03eda2d1_894c4bd0beab2e2beb44b74f4c4bd206fc0.jpg?1787950418,Crystal,73,0,AST
Lily Skywaker,6792620,216,212,Ixion,Mana,1503,0,2a199e9346f375c2f2e814be59d0cf09_7126768d768f6c6c7fed3eaee98c3a8afc0.jpg?1787951104,Crystal,171,0,VPR
Comachi Dj,13425678,217,213,Hades,Mana,1503,0,4983bf5b31ed2764865b5fd4a01a64a5_a4730651230dd43cb129562a30d531aefc0.jpg?1787949569,Crystal,121,0,VPR
Noi Mini,43301677,218,214,Alexander,Gaia,1503,0,20f564ddd53bd362683edef0d0a11a4e_b7a71d8799cf6dd75b711a7f52de6675fc0.jpg?1787951286,Crystal,88,0,SAM
Nacreous Snowmelt,55586649,219,215,Asura,Mana,1500,0,2927bf8e620ad06dc8e1e74d7e3c071f_53f1445a9f28799a32ea55f046319fc3fc0.jpg?1787949226,Crystal,23,0,WAR
Taru Taro,25668590,220,216,Tiamat,Gaia,1498,0,b541a0a2f56c87b841eddbd08ea324d6_9f10d335198e90990f3437c5733468e7fc0.jpg?1787948850,Crystal,39,0,PLD
Yi Xiangfeng,57320880,221,217,Titan,Mana,1497,0,a98e604367a6e3fd017185877e3a9227_e2bb3f9679fec6d4836fcf8abcc3eeacfc0.jpg?1787949235,Crystal,36,0,MCH
In Darkness,58974244,222,218,Chocobo,Mana,1493,0,d7230442a7c392d7ef8e729a84ab3182_781d6b3603312f6be41670afa37282e0fc0.jpg?1787948746,Crystal,382,0,DRK
Boku Hide,61259881,223,219,Chocobo,Mana,1490,0,2405cc4b75108a1384180ce7bafc3b98_781d6b3603312f6be41670afa37282e0fc0.jpg?1787949764,Crystal,59,0,UNK
Happy Gigapanda,29631468,224,221,Belias,Meteor,1488,0,d689aa402e0869833ed03b58aa3396a8_894c4bd0beab2e2beb44b74f4c4bd206fc0.jpg?1787948416,Crystal,107,0,SAM
Tur Vi,29441650,225,222,Ixion,Mana,1486,0,c25db65c8bbbbc541970e309edde5c7b_7126768d768f6c6c7fed3eaee98c3a8afc0.jpg?1787948366,Crystal,23,0,MNK
Luna Nana,41082381,226,223,Typhon,Elemental,1485,0,35d0842e516aa886b3d925659c693234_32d8c9c7cd5f62d62da2d31b6750a680fc0.jpg?1787950899,Crystal,119,0,BRD
Blari Taraba,29682913,227,225,Ultima,Gaia,1481,0,8715585bf23b1871520e0b6c478fa049_9df1b3cb0da35db33c17ef11ddf12adafc0.jpg?1787949630,Crystal,86,0,ALC
Ui Thrix,39291749,228,226,Chocobo,Mana,1475,0,08b70654c7812f561afc700e0756319a_781d6b3603312f6be41670afa37282e0fc0.jpg?1787949264,Crystal,44,0,AST
Vir Sanctus,38437893,229,227,Asura,Mana,1469,0,e0afc9c178de541c5ba8a1afafa4bb02_53f1445a9f28799a32ea55f046319fc3fc0.jpg?1787949474,Crystal,54,0,MCH
Smol Despair,46030499,230,228,Kujata,Elemental,1453,0,fa02f92ff876436157f679735d22c53c_72c48f093f2278ac3243962d3eb6a8d7fc0.jpg?1787950775,Crystal,125,5,MNK
Lala Ruru,23370112,231,229,Hades,Mana,1442,0,52987a3ea9f860f9522e49f36a51fcdf_a4730651230dd43cb129562a30d531aefc0.jpg?1787948349,Crystal,215,3,WHM
Mao Niang,52828242,232,230,Ramuh,Meteor,1418,0,8d9afe0653c54c1b87570b3e2bbd4aad_410ddb5a66a2fcacf538bec5ea5d0291fc0.jpg?1787951383,Crystal,85,0,DRG
Battoh Nuko,1022118,233,231,Durandal,Gaia,1417,0,bdbb91b8d6d4eaa2d99a4a18d13153cb_806ea5b45071d5cd6bf393e38462ee71fc0.jpg?1787948590,Crystal,51,0,DRG
Loussier Ellerensia,18596456,234,0,Hades,Mana,1414,508,1bf2ff58d52f79b841b10e792fe24dcc_a4730651230dd43cb129562a30d531aefc0.jpg?1787948000,Crystal,54,12,ALC
Diao Tiandi,56776774,235,232,Ixion,Mana,1408,0,d3f8787a245e6cabd6ee8065c6eeefb5_7126768d768f6c6c7fed3eaee98c3a8afc0.jpg?1787949523,Crystal,97,0,SCH
Hal Mooncalf,1608068,236,268,Pandaemonium,Mana,1402,97,1442db9b14570e549c8f8dd3c9652403_470db1bf2e865f9130531fea40b61ee4fc0.jpg?1787951354,Crystal,26,1,RDM
Maplesyrup Hunnyhunt,5036291,237,233,Unicorn,Meteor,1401,0,30c7709ed0a59cb5eb0c9201d62deb82_393eb74047bb90c8d80dea54218430eefc0.jpg?1787948603,Crystal,104,0,MNK
Anoma Loris,44038350,238,234,Valefor,Meteor,1401,0,57b0094511d082e7e7e8203d850b4159_485f4777c38002871591fb54f27edc65fc0.jpg?1787948609,Crystal,86,0,BRD
Qra Pon,12606504,239,0,Tiamat,Gaia,1401,199,30ece015b03b1ce579289400a20de837_9f10d335198e90990f3437c5733468e7fc0.jpg?1787949392,Crystal,43,3,MNK
Aria Canon,1030539,240,236,Pandaemonium,Mana,1399,0,c643f10c86a1dec8fe0358a24454dab6_470db1bf2e865f9130531fea40b61ee4fc0.jpg?1787950612,Crystal,195,0,AST
En Avant,46371551,241,237,Belias,Meteor,1399,0,d6c3784f3b06c119ae16dd725e2a2b6e_894c4bd0beab2e2beb44b74f4c4bd206fc0.jpg?1787948642,Crystal,119,0,GNB
Super Gal,52139020,242,238,Bahamut,Gaia,1396,0,2a20ce1a576737898f3290324b402cd6_86da943caa70c8694707ab2ff74e68c9fc0.jpg?1787948140,Crystal,295,7,RDM
Sylphiette Luglia,13255770,243,239,Ultima,Gaia,1394,0,50ff78ae7a4200bc288765aa81af5849_9df1b3cb0da35db33c17ef11ddf12adafc0.jpg?1787948146,Crystal,140,0,MNK
Bronze Warrior,33944385,244,0,Alexander,Gaia,1394,683,3a8559d847a626b7d8a2760ec13a73b5_b7a71d8799cf6dd75b711a7f52de6675fc0.jpg?1787951252,Crystal,62,8,WAR
Evariste Galois,58660135,245,240,Chocobo,Mana,1392,0,7f835ad51f7703d8c7d073fc750b8987_781d6b3603312f6be41670afa37282e0fc0.jpg?1787947996,Crystal,72,0,UNK
Ringo Pearl,18445964,246,0,Fenrir,Gaia,1391,388,4e7a80bd883c8829d443cdb72f24722e_d384cf5ad7db803f29799f36ebbc3eadfc0.jpg?1787949212,Crystal,153,8,BLM
Go Mee,19423327,247,241,Ifrit,Gaia,1391,0,a075edbb8331e7e875aae500a9e7a435_f9f796348bc43067c7242ec4551cde69fc0.jpg?1787951330,Crystal,68,0,GNB
Nina Vailu,50599787,248,242,Yojimbo,Meteor,1390,0,0a657d81c5b867d2f49d51382bc7b94c_4a92c619bde4f34cfa77e05fef21ad85fc0.jpg?1787948320,Crystal,116,0,DNC
Syake Dog-nyan,1616788,249,243,Bahamut,Gaia,1390,0,39b434160e1c215835c854cb7a564018_86da943caa70c8694707ab2ff74e68c9fc0.jpg?1787950066,Crystal,80,4,WHM
Aster Sion,3717138,250,244,Valefor,Meteor,1389,0,bb0aa6be216055a36aa59e813ca0ebdb_485f4777c38002871591fb54f27edc65fc0.jpg?1787951114,Crystal,41,0,NIN
Avaron Ninesisters,1584314,251,245,Tiamat,Gaia,1387,0,5c1970240f5e1f80ffabdd3988080f5e_9f10d335198e90990f3437c5733468e7fc0.jpg?1787948159,Crystal,172,0,WHM
Royce Farrell,16260248,252,246,Tiamat,Gaia,1387,0,dc9ad81c6df424c2b17bd56da6b0cc85_9f10d335198e90990f3437c5733468e7fc0.jpg?1787950999,Crystal,59,0,BRD
Oracle Trezavejo,15712017,253,247,Bahamut,Gaia,1386,0,b4aa7ecb29192073338a2cc53603b062_86da943caa70c8694707ab2ff74e68c9fc0.jpg?1787951301,Crystal,93,0,MCH
Mily Sara,23911809,254,248,Aegis,Elemental,1385,0,19086b376708852503d1ac9c2b293b8c_3ea38e723c590aabf186367e1eb7e6a1fc0.jpg?1787951277,Crystal,237,18,MCH
Lilium Arihi,28259742,255,276,Bahamut,Gaia,1385,91,fa8d96ac3ef3a5f3b2fcd65c0f5508c0_86da943caa70c8694707ab2ff74e68c9fc0.jpg?1787950387,Crystal,127,11,DNC
Sana Papa,44925625,256,249,Ramuh,Meteor,1384,0,6a2d4e251458356b738142d6b0653c03_410ddb5a66a2fcacf538bec5ea5d0291fc0.jpg?1787949421,Crystal,40,0,MCH
Surt Albert,36791487,257,250,Carbuncle,Elemental,1384,0,8a235875533c6a7a42c502326fca8981_9eb3c19866f7ae0eeeffac7bf770aba5fc0.jpg?1787949323,Crystal,28,0,SGE
Save Metaru,4884743,258,251,Titan,Mana,1383,0,9a955c2a6fd15f44207aa0dbedbb58f0_e2bb3f9679fec6d4836fcf8abcc3eeacfc0.jpg?1787948746,Crystal,31,0,RDM
Konegai Konegai,3277232,259,252,Masamune,Mana,1382,0,3a445dba3d4d2882c60b55a59669971b_134930215abb8a90ec37d6cc05b05e08fc0.jpg?1787949685,Crystal,164,0,PCT
Zero No'name,24180515,260,253,Titan,Mana,1381,0,3f2ec2a99605ed4d05ef0e5bc0f3b8d4_e2bb3f9679fec6d4836fcf8abcc3eeacfc0.jpg?1787948003,Crystal,42,0,PLD
San Sowa,35604125,261,254,Ridill,Gaia,1379,0,c5fbf3709fd6b4c8fba74f67e0820609_138751880f18161a907d7cf0faa43f07fc0.jpg?1787951398,Crystal,241,0,UNK
Jake Emethart,30406074,262,255,Alexander,Gaia,1378,0,0bb538c469f634e7e8b6453518a8df60_b7a71d8799cf6dd75b711a7f52de6675fc0.jpg?1787951416,Crystal,86,0,AST
Odwit Vendisch,42078574,263,256,Aegis,Elemental,1376,0,16b22e919d37aaeda97dfa361cf8659d_3ea38e723c590aabf186367e1eb7e6a1fc0.jpg?1787948677,Crystal,374,19,UNK
Star Chaserrrr,60248723,264,257,Ultima,Gaia,1375,0,7ea1d361c68c068f551d54d771f334dc_9df1b3cb0da35db33c17ef11ddf12adafc0.jpg?1787948859,Crystal,108,9,UNK
Yono Yami,44420572,265,0,Tonberry,Elemental,1367,374,abc3ec391f6dfec3c47fb08fe593b9fb_7bb6b1e488f0e4f01c5314d010b60f31fc0.jpg?1787948586,Crystal,125,15,UNK
Lhei Tayun,55776060,266,258,Chocobo,Mana,1366,0,d1e1c509f0fac227ceada972ddb424d4_781d6b3603312f6be41670afa37282e0fc0.jpg?1787950434,Crystal,66,0,BLM
Shi Syou,5023543,267,259,Atomos,Elemental,1364,0,d930c67636980aa5cc10bd814bdc2dbd_cf768a751b1f5e355c2fd39a9ed91f3ffc0.jpg?1787948251,Crystal,122,1,MCH
Rariboy Xx,4660025,268,260,Garuda,Elemental,1356,0,80b036f210d47467413b630ce1537551_fcb1f5b0249d1069e5bdc66d0796f26afc0.jpg?1787948178,Crystal,94,0,MCH
Iz Levmel,17594950,269,261,Garuda,Elemental,1339,0,9e457ec4068931e92288544db8499aae_fcb1f5b0249d1069e5bdc66d0796f26afc0.jpg?1787949748,Crystal,148,0,AST
Kid Whew,62106062,270,262,Aegis,Elemental,1336,0,798e57e3e43ece4b4a8d6028b89dcfe3_3ea38e723c590aabf186367e1eb7e6a1fc0.jpg?1787949032,Crystal,118,13,SAM
Nyaruga Kyuruga,4962287,271,263,Atomos,Elemental,1331,0,fb555ad539f0f8689a39c65513b388b2_cf768a751b1f5e355c2fd39a9ed91f3ffc0.jpg?1787948053,Crystal,131,8,WAR
Rius Celma,2593636,272,264,Gungnir,Elemental,1325,0,0cd92976f9846763acada5649dcee812_8f82f937943b6baf4c565020d5eba0ccfc0.jpg?1787949965,Crystal,146,0,RDM
Karma Strife,3816037,273,265,Chocobo,Mana,1325,0,7a25293b17ff84c0c64a519d1fc09720_781d6b3603312f6be41670afa37282e0fc0.jpg?1787949876,Crystal,83,1,DRG
Choi Choi,21476713,274,266,Ridill,Gaia,1318,0,eb5761358ba215960780a48c39d26cbf_138751880f18161a907d7cf0faa43f07fc0.jpg?1787948341,Crystal,163,0,VPR
Ichigo Jasmine,57027122,275,267,Shinryu,Meteor,1309,0,17fae3561e1e77d262d93652dbd0bdc4_87b7d447f40b06dfc7228caf195f7dcffc0.jpg?1787951044,Crystal,45,0,DNC
Maru Fleur,39475833,276,269,Hades,Mana,1304,0,7a1bf315cc0f4ac30d41db1ed80d9048_a4730651230dd43cb129562a30d531aefc0.jpg?1787949379,Crystal,159,0,AST
Atai Ikuyo,4875570,277,270,Titan,Mana,1304,0,12a0ba7f14e1c5c5942f18c9c8e760b2_e2bb3f9679fec6d4836fcf8abcc3eeacfc0.jpg?1787951030,Crystal,60,0,NIN
Lili Lehua,27944338,278,271,Masamune,Mana,1301,0,056c488a78bcafadc030f4e9c9592b5a_134930215abb8a90ec37d6cc05b05e08fc0.jpg?1787949685,Crystal,111,0,SGE
Elu Acknowless,58699844,279,272,Mandragora,Meteor,1300,0,60c2649fe79faac79d3e7ac948084121_ee738654add55c3d07ea92d8e108074cfc0.jpg?1787948530,Crystal,278,0,RDM
Silverrice Fuke,9722101,280,0,Bahamut,Gaia,1300,102,1dd1a12dfff155f3393d6da4fac6e223_86da943caa70c8694707ab2ff74e68c9fc0.jpg?1787949127,Crystal,52,2,VPR
Alqa Mar,39507968,281,273,Ramuh,Meteor,1298,0,8aca13da51dbc7d45ed47e52f57fb53e_410ddb5a66a2fcacf538bec5ea5d0291fc0.jpg?1787948888,Crystal,34,0,SMN
Primlock Griffyn,37385266,282,274,Tonberry,Elemental,1297,0,89c0dfc59ff658981baaccf8c8d2b22b_7bb6b1e488f0e4f01c5314d010b60f31fc0.jpg?1787948478,Crystal,100,0,SMN
Amelia Italdesign,51410766,283,275,Ifrit,Gaia,1296,0,428f40c7e5828cf142dc63f199dc177c_f9f796348bc43067c7242ec4551cde69fc0.jpg?1787949011,Crystal,42,0,WAR
Chiaki Nanami,43953309,284,277,Titan,Mana,1293,0,82751b490967f6572406e72b39592925_e2bb3f9679fec6d4836fcf8abcc3eeacfc0.jpg?1787950226,Crystal,21,0,PCT
Ruglia Obrien,1099057,285,278,Masamune,Mana,1292,0,9fd45de12b0555b6eec1eda137762381_134930215abb8a90ec37d6cc05b05e08fc0.jpg?1787950778,Crystal,163,10,DRG
Rebecca Miyamoto,1030969,286,279,Masamune,Mana,1292,0,256a66f24613cb496dae31eb2270d226_134930215abb8a90ec37d6cc05b05e08fc0.jpg?1787951198,Crystal,151,0,MCH
Momo Hito,39797602,287,280,Yojimbo,Meteor,1292,0,8d799e9e2471cc9ce1eb0d9ee9e83ee6_4a92c619bde4f34cfa77e05fef21ad85fc0.jpg?1787947980,Crystal,64,0,DNC
Nana Degu,42551273,288,281,Asura,Mana,1292,0,f0ca36e4824faa31992738bb368e803c_53f1445a9f28799a32ea55f046319fc3fc0.jpg?1787951005,Crystal,33,0,DRG
Pallas Athene,2406168,289,0,Shinryu,Meteor,1291,201,53bb581fc41367c292fd90f3c8eafe9f_87b7d447f40b06dfc7228caf195f7dcffc0.jpg?1787951168,Crystal,19,5,SCH
Splitz Allure,11250991,290,0,Tonberry,Elemental,1290,201,5df739fcece56728f620a7cd5b05392e_7bb6b1e488f0e4f01c5314d010b60f31fc0.jpg?1787948992,Crystal,29,2,ALC
Teka Etoile,25627481,291,282,Durandal,Gaia,1288,0,20c4e02c3b7c11c6ceb68582c409ceb9_806ea5b45071d5cd6bf393e38462ee71fc0.jpg?1787949461,Crystal,164,9,WHM
Gobou Mekara,16295932,292,283,Chocobo,Mana,1288,0,b0b05a15f0e0132f73d76efb146bb255_781d6b3603312f6be41670afa37282e0fc0.jpg?1787949414,Crystal,121,0,PLD
Kyo Twilight,30343517,293,284,Ifrit,Gaia,1288,0,6defc9436b918d5f2bdbfb72c3e4d06e_f9f796348bc43067c7242ec4551cde69fc0.jpg?1787948786,Crystal,41,0,SGE
Ezorisu Kawaii,51560730,294,285,Titan,Mana,1286,0,7675cffdccbd9f4ab08148da1ec78753_e2bb3f9679fec6d4836fcf8abcc3eeacfc0.jpg?1787950308,Crystal,157,0,UNK
Pina Mini,51164343,295,286,Chocobo,Mana,1286,0,7258ed0d45dcb9d06d0fa94dcbfa778b_781d6b3603312f6be41670afa37282e0fc0.jpg?1787949432,Crystal,138,15,UNK
Oriental Art,1070191,296,287,Chocobo,Mana,1284,0,d31830cb71830b425529f231f39e776b_781d6b3603312f6be41670afa37282e0fc0.jpg?1787949451,Crystal,344,9,DRG
Extra Mage,26831533,297,288,Garuda,Elemental,1283,0,aed9bb13f4dad6a80690e4d58ee69af3_fcb1f5b0249d1069e5bdc66d0796f26afc0.jpg?1787949254,Crystal,23,0,PLD
Ta Negi,42845486,298,0,Shinryu,Meteor,1282,394,8edd0ae7edb0f6b6f5d1ccc25c08673e_87b7d447f40b06dfc7228caf195f7dcffc0.jpg?1787948722,Crystal,69,14,BRD
Mame Poporu,22836070,299,289,Ixion,Mana,1282,0,a886d90317b0e4205db7046757e57e53_7126768d768f6c6c7fed3eaee98c3a8afc0.jpg?1787948409,Crystal,43,3,AST
Yunaneko Supira,25194794,300,290,Ultima,Gaia,1277,0,c0bc711bf1246d0da5eda5edf888392b_9df1b3cb0da35db33c17ef11ddf12adafc0.jpg?1787949516,Crystal,74,0,UNK
Miyu Moon,14522179,1,0,Mateus,Crystal,3756,0,3562f4cf44aad7d526acbf8fae3937b0_f0c52cc66e124fc2e641d7c21ab2ce79fc0.jpg?1787949869,Ultima,92,0,SAM
Ahri Meow,42604315,2,3,Leviathan,Primal,3639,305,99498e3de5cc49aacddccc855d4ee19d_a91aae52cff9ef65932db06b150ffd47fc0.jpg?1787948961,Ultima,141,5,RDM
Pekora Meow,37421725,3,2,Leviathan,Primal,3385,0,dc85502f9baa330d5a15d3c0a6f002a0_a91aae52cff9ef65932db06b150ffd47fc0.jpg?1787948874,Ultima,235,3,AST
Legendary Ash,10855248,4,0,Faerie,Aether,3294,0,6fd699132806b61c9dcb8613c3ae11a3_0e336ff6ad415f47233f0aaf127feac0fc0.jpg?1787950168,Ultima,117,0,AST
Tomo Kote,38176817,5,6,Gilgamesh,Aether,3171,97,e5d7502ad7f21874552a4fc21553ee9e_b937560c841465f7c4bc8eb47ea7948afc0.jpg?1787948047,Ultima,244,1,MNK
Emi Meow,44729199,6,11,Siren,Aether,3095,99,39fec9b8eaf71c699797cd15ef87009b_58a84e851e55175d22158ca97af58a1ffc0.jpg?1787951265,Ultima,78,4,MNK
Azure Balmung,17864089,7,5,Gilgamesh,Aether,3079,0,5456a33c0abb12eab1bf88281486246e_b937560c841465f7c4bc8eb47ea7948afc0.jpg?1787951373,Ultima,59,0,BTN
Meteor Moon,29693876,8,7,Rafflesia,Dynamis,3072,0,7f262df9422aa27c9dd850d004812561_2783886613347a4db0bed7524de1298ffc0.jpg?1787948439,Ultima,279,0,SGE
Artesia Saeyrs,2957946,9,8,Sargatanas,Aether,3061,0,e1a9c389a8110feceacc91a730bfc558_ba22853447012a24cee115315d6a5bebfc0.jpg?1787948356,Ultima,58,0,BSM
Hollow Bastion,56455630,10,9,Rafflesia,Dynamis,3057,0,1f48f716d376c4c54dbbeedac9f01255_2783886613347a4db0bed7524de1298ffc0.jpg?1787949999,Ultima,78,0,UNK
Crow Meow,54328117,11,10,Jenova,Aether,3055,0,7eded062751a7f80f7f3d9fbe0ab8e34_ce736afe35e2ded4e46c4fd0659aef7efc0.jpg?1787951091,Ultima,80,0,SCH
Cyphos Ultimus,2288366,12,0,Balmung,Crystal,2896,0,b980cc0ff24da63437a59ef78df763c0_7a573cbc0cda3a3dfc1795cb3d9f7b23fc0.jpg?1787948570,Omega,144,0,RPR
Sanahi Keto,57330112,13,0,Hyperion,Primal,2819,0,6531a5f5216bf8e7efcdcf26e24615cb_57ae9ee5592123dd79c8912bf768cf99fc0.jpg?1787950622,Omega,292,12,WHM
Barock Obama,52411158,14,0,Siren,Aether,2787,0,05a5459925b46dd9d074e273b24d5d27_58a84e851e55175d22158ca97af58a1ffc0.jpg?1787951076,Omega,385,4,MNK
Merlin Emryss,9605720,15,0,Faerie,Aether,2684,0,87179f28ae17956a4d43567dadf6ea60_0e336ff6ad415f47233f0aaf127feac0fc0.jpg?1787948980,Omega,178,13,BRD
Mac Arena,21560395,16,0,Adamantoise,Aether,2675,0,30fa962580974874808d1a8b67407ebb_1f5fd239b885860b7c2bfc72ad1d97effc0.jpg?1787948228,Omega,44,0,GNB
Kairi Rune,28236760,17,0,Hyperion,Primal,2664,0,ce129fc5d83b1472a349e0e1053aee02_57ae9ee5592123dd79c8912bf768cf99fc0.jpg?1787950159,Omega,284,12,WAR
Local-area Network,28168413,18,0,Cactuar,Aether,2606,0,5181fed39656c5cf1dc247fe1bf97832_96ab1df8877c1f8ba6a89a39cccfd437fc0.jpg?1787949329,Omega,53,0,SAM
Azar Kaveh,16748899,19,0,Mateus,Crystal,2584,0,1d25f3d1883510d8fd010504471516b8_f0c52cc66e124fc2e641d7c21ab2ce79fc0.jpg?1787948931,Omega,526,15,WAR
Lucio Harundo,4012099,20,21,Leviathan,Primal,2520,5,d042eff245eaa56c0b6989df68a99564_a91aae52cff9ef65932db06b150ffd47fc0.jpg?1787948755,Omega,386,15,WAR
Fye Alanyk,48751064,21,20,Diabolos,Crystal,2517,0,d605d68b88b347dfdb8a9b9e6c3539d6_7b33d33ae3ecb996f778a5f67a6a0af6fc0.jpg?1787949312,Omega,335,3,AST
Hrothmar Blackburns,28757856,22,0,Adamantoise,Aether,2425,0,ba6405bac0d5b1fb489962984f0d9fb9_1f5fd239b885860b7c2bfc72ad1d97effc0.jpg?1787950829,Omega,339,7,BLM
Pvp Badboy,38919488,23,0,Sargatanas,Aether,2421,0,8833f678967938d2e79b8d993021ce3f_ba22853447012a24cee115315d6a5bebfc0.jpg?1787950669,Omega,182,7,NIN
Ham Baga,28276994,24,0,Balmung,Crystal,2389,0,80672270fca68b3d3fa2f4c0b220427a_7a573cbc0cda3a3dfc1795cb3d9f7b23fc0.jpg?1787949200,Omega,231,10,MCH
Zypris Allsbane,13616095,25,0,Leviathan,Primal,2364,0,8194751bb802fcd9691a7ee558040836_a91aae52cff9ef65932db06b150ffd47fc0.jpg?1787949502,Omega,124,13,RPR
Rin Ruki,59858100,26,0,Exodus,Primal,2297,0,7ec8676537a0b3fff644be3f10ee7741_0cdf051c93865faa15cbc5cd3d2b69fbfc0.jpg?1787950395,Omega,100,6,UNK
Fulheart Grit,38212551,27,0,Balmung,Crystal,2273,0,4a4d99f967c37bf42bd739857921e360_7a573cbc0cda3a3dfc1795cb3d9f7b23fc0.jpg?1787951485,Omega,129,24,MCH
Size Difference,33536390,28,0,Sargatanas,Aether,2271,0,770b5bd32a40e292765490f8e46eaf60_ba22853447012a24cee115315d6a5bebfc0.jpg?1787949386,Omega,190,0,MNK
Olivia Lugria,15149290,29,0,Sargatanas,Aether,2264,0,c230658574a9dc12a4eb6fae2e16ceb4_ba22853447012a24cee115315d6a5bebfc0.jpg?1787951327,Omega,236,0,NIN
Vittorio Moretti,61421815,30,0,Diabolos,Crystal,2263,0,8c11f65c791a4f39ba7c716aeb6bc8d9_7b33d33ae3ecb996f778a5f67a6a0af6fc0.jpg?1787949066,Omega,148,0,RDM
Terro Beoulve,45682109,31,0,Coeurl,Crystal,2211,0,5c8262e03844a30a89d0d2374247f03c_284358f8eb4efc9095914e46798c6ab3fc0.jpg?1787951396,Omega,153,0,VPR
Rae Rea,58956664,32,0,Adamantoise,Aether,2194,0,72766cccd8c79e6afd3055accfc559fa_1f5fd239b885860b7c2bfc72ad1d97effc0.jpg?1787948784,Omega,36,0,MNK
Sparrow Hawk,50867063,33,46,Seraph,Dynamis,2180,390,1253b18a592d2d3c5133e9b86ab20c5a_07fb0511053f398d1f2d6831e6a6b4c8fc0.jpg?1787951264,Omega,86,15,SCH
Suhr Zarek,8876676,34,33,Balmung,Crystal,2129,0,c09e4087ccb76545f31b81fa5ca01485_7a573cbc0cda3a3dfc1795cb3d9f7b23fc0.jpg?1787950845,Omega,374,21,PLD
Sanguinius Smolblood,33489157,35,34,Kraken,Dynamis,2078,0,461663ac9dfac06c5d61bc05d26ae652_049a956dfeb0eb2e19c417a1dde4d680fc0.jpg?1787950810,Omega,184,4,PLD
Gongsun Qerel,38059779,36,35,Mateus,Crystal,2063,0,015ef2d1ef8f18b0cf7fa0e646fa2d12_f0c52cc66e124fc2e641d7c21ab2ce79fc0.jpg?1787951114,Omega,182,1,VPR
Yua Churu,57865436,37,36,Goblin,Crystal,2002,0,f101295546bd5a2b87478407b6d55ffd_8e81e2940511f7152ba4462fe53e35b8fc0.jpg?1787949634,Omega,126,25,AST
Clara Green,44437004,38,37,Gilgamesh,Aether,1982,0,9fdf7ee98ab3c5eb9220a6d31f045135_b937560c841465f7c4bc8eb47ea7948afc0.jpg?1787948955,Omega,113,0,MNK
Momo Meow,50898775,39,38,Siren,Aether,1909,0,6abf63b1f0755aa211bfd1dadc66e3b9_58a84e851e55175d22158ca97af58a1ffc0.jpg?1787948448,Omega,36,2,RDM
J'heero Eshe,47050578,40,39,Lamia,Primal,1906,0,138c64290a6a358316c3dc27a53343ee_4d9be17b5e1edc617052b4dbf4007875fc0.jpg?1787948016,Omega,124,0,RPR
Air Azure,41482862,41,40,Rafflesia,Dynamis,1899,0,a32fc7c37974e2629ce594c455ff54a7_2783886613347a4db0bed7524de1298ffc0.jpg?1787949809,Omega,140,6,BRD
Kahlil Immortalis,22812670,42,41,Diabolos,Crystal,1890,0,0451aa29bd529c5d15b718b74c287dd2_7b33d33ae3ecb996f778a5f67a6a0af6fc0.jpg?1787948737,Omega,142,6,UNK
Bepsi Kola,41348459,43,42,Adamantoise,Aether,1879,0,cc3717bc9d9d5c90534918043bb3ba56_1f5fd239b885860b7c2bfc72ad1d97effc0.jpg?1787950869,Omega,200,15,DNC
Sylvie Chan,48678953,44,43,Brynhildr,Crystal,1846,0,14580705b6124b25ef19217300b4891f_d0a0f515a62457570c9b44997063e3c1fc0.jpg?1787948278,Omega,216,3,PCT
Yuseong Regilis,60222350,45,44,Exodus,Primal,1827,0,1c96ea3b1132f01c102abfff5ab289ec_0cdf051c93865faa15cbc5cd3d2b69fbfc0.jpg?1787948931,Omega,111,0,UNK
Fortune Days,44283538,46,45,Zalera,Crystal,1807,0,044cf6044387105edf58d48a910b1ae4_8106f857613f8fb994b0be37b26ff4bafc0.jpg?1787948394,Omega,78,0,MCH
Xiao Longbao,31670807,47,0,Excalibur,Primal,1787,0,b9d8562547d5b9d8e86054d9061c6a23_745baffc465480ed372e274d50318290fc0.jpg?1787950557,Omega,400,32,RDM
Suhr Zarek,41651606,48,0,Goblin,Crystal,1781,0,9a55a7c2b29a7a0b7de33b2fcc5a0411_8e81e2940511f7152ba4462fe53e35b8fc0.jpg?1787951119,Omega,66,2,PCT
Death Reaps,8773483,49,0,Balmung,Crystal,1771,0,265183f487ab7e0a5a5b3128ec29a82a_7a573cbc0cda3a3dfc1795cb3d9f7b23fc0.jpg?1787949040,Omega,161,4,PCT
Naomi Hakoma,13697124,50,0,Halicarnassus,Dynamis,1710,0,a6732f9cc34509a6761d618186e745fd_f2d324d722b28bbe681b2898bcdca8bffc0.jpg?1787951332,Omega,83,0,MIN
Myu Meow,9691497,51,0,Leviathan,Primal,1703,0,d925a41776719d761c94e8e32e5e7a0f_a91aae52cff9ef65932db06b150ffd47fc0.jpg?1787950885,Omega,113,0,WHM
Show Maker,61843104,52,0,Kraken,Dynamis,1699,0,a2da8d9d3d95080eac0c8ad1975a70ac_049a956dfeb0eb2e19c417a1dde4d680fc0.jpg?1787951089,Omega,113,0,BLM
Kylis Pendragon,36050245,53,0,Balmung,Crystal,1685,0,6d0f4e4d3e36c9a4dd7fccd76f9effc3_7a573cbc0cda3a3dfc1795cb3d9f7b23fc0.jpg?1787948534,Omega,238,0,PCT
Marci Meow,54739620,54,0,Balmung,Crystal,1683,0,4ebc98a9ae6cf756ec75bc3db97f87f6_7a573cbc0cda3a3dfc1795cb3d9f7b23fc0.jpg?1787950060,Omega,78,0,DRG
Micro Uryade,37487800,55,0,Sargatanas,Aether,1622,0,d9df4db31e4d391c99006db3caa4b5f9_ba22853447012a24cee115315d6a5bebfc0.jpg?1787948651,Omega,189,0,RDM
Azureal Grandeur,20448737,56,0,Marilith,Dynamis,1615,0,fa989d1d00d58fc1b4171abefb5e22b7_bbfb28d5a9059cd0c768daf77ab29982fc0.jpg?1787948456,Omega,191,0,WVR
Labrys Roux,31449732,57,0,Ultros,Primal,1609,0,b78d649d03beba97a36fa9eebc98afc4_c514cdcdb619439df97d906d4434ccc6fc0.jpg?1787950379,Omega,125,0,AST
Raphtalia Solari,8126326,58,0,Adamantoise,Aether,1602,0,baeca36f0f50dbb796496ea18e58ee30_1f5fd239b885860b7c2bfc72ad1d97effc0.jpg?1787949903,Omega,105,0,SGE
Kris Lhea,39204335,59,0,Mateus,Crystal,1602,0,982639accd39a2021d8f112bb5e763df_f0c52cc66e124fc2e641d7c21ab2ce79fc0.jpg?1787949629,Omega,59,0,WHM
Josh Trigiani,6965228,60,0,Lamia,Primal,1595,0,22f547722b0454bc3b30d7f6a8ac5b0a_4d9be17b5e1edc617052b4dbf4007875fc0.jpg?1787948670,Omega,42,0,MNK
The Feast,46586541,61,0,Behemoth,Primal,1592,0,db9e7409cc816f51307405b49c8b5713_be20385e18333edb329d4574f364a1f0fc0.jpg?1787951465,Omega,81,0,UNK
Orpheus Laine,29851207,62,0,Gilgamesh,Aether,1591,0,5939235fbb052c79392d334cce14ca00_b937560c841465f7c4bc8eb47ea7948afc0.jpg?1787948563,Omega,69,0,DRK
Saraliah Dawnbringer,21371539,63,0,Coeurl,Crystal,1588,0,6cef2d612818607782b7fbc356526664_284358f8eb4efc9095914e46798c6ab3fc0.jpg?1787948698,Omega,39,0,SAM
Sovereign Phil,14314725,64,0,Goblin,Crystal,1586,0,acf642268567c66b82aaf11114198670_8e81e2940511f7152ba4462fe53e35b8fc0.jpg?1787948009,Omega,31,0,SGE
Mavis Enyo,14769968,65,0,Excalibur,Primal,1578,0,00bced457c7cea8ae968197c61367bed_745baffc465480ed372e274d50318290fc0.jpg?1787949667,Omega,37,0,SCH
Lia Kiri,52292388,66,0,Lamia,Primal,1577,0,297469abea049ff5cfb98af6fe45176f_4d9be17b5e1edc617052b4dbf4007875fc0.jpg?1787949658,Omega,77,0,DRG
Air Weaver,12424525,67,0,Coeurl,Crystal,1564,0,06474f472310d759766363e8e8f53b3f_284358f8eb4efc9095914e46798c6ab3fc0.jpg?1787948689,Omega,62,0,SGE
Gio Vanna,33440191,68,0,Adamantoise,Aether,1546,0,7d1d14338474ce900c0581dbd778d321_1f5fd239b885860b7c2bfc72ad1d97effc0.jpg?1787948758,Omega,77,0,SGE
Bisukito Neko,32261082,69,0,Zalera,Crystal,1522,0,3462c7ee2de7556ca86498dc5214a7fb_8106f857613f8fb994b0be37b26ff4bafc0.jpg?1787950133,Omega,56,0,UNK
Zeta Salazar,44375733,70,0,Midgardsormr,Aether,1520,0,4be3c205f3892cdbc09e8417ad6dbb68_5c8ecfbc673e1287a9b5e85423fe1657fc0.jpg?1787948036,Omega,204,0,SAM
Nemx Eisenhorn,2244246,71,0,Excalibur,Primal,1512,0,8d22c9821683049e16868ac1de65df41_745baffc465480ed372e274d50318290fc0.jpg?1787948609,Omega,104,0,MCH
Navori Valois,48622291,72,0,Adamantoise,Aether,1504,0,4facdc408c9ad771bc52001d3c82fa9f_1f5fd239b885860b7c2bfc72ad1d97effc0.jpg?1787950754,Omega,91,0,UNK
P'roto Idola,35374628,73,0,Brynhildr,Crystal,1503,0,a91ad9e8c6c6ddb0905cd9aa6cede8e3_d0a0f515a62457570c9b44997063e3c1fc0.jpg?1787949233,Omega,111,16,BLM
Fire Strike,52397705,74,0,Kraken,Dynamis,1480,0,b9c1021d4aa2ae66682e7904857161ed_049a956dfeb0eb2e19c417a1dde4d680fc0.jpg?1787949501,Crystal,66,0,RDM
Kasai Kage,21886030,75,0,Adamantoise,Aether,1398,0,6835735c490425c8a49d6889308a3484_1f5fd239b885860b7c2bfc72ad1d97effc0.jpg?1787950170,Crystal,39,0,VPR
Gidding Mimid,9835761,76,0,Exodus,Primal,1394,0,97296d489ec3afb5d7c65e3c6fa7fc05_0cdf051c93865faa15cbc5cd3d2b69fbfc0.jpg?1787948413,Crystal,241,10,NIN
Seto Mimyho,20943977,77,126,Behemoth,Primal,1394,495,e0110a23ddcddf11cb8bf1e895c56d75_be20385e18333edb329d4574f364a1f0fc0.jpg?1787950447,Crystal,55,7,SGE
Norma Jeannie,28105106,78,77,Jenova,Aether,1390,0,bff6f64f1e9dd700a962c74db4bf4812_ce736afe35e2ded4e46c4fd0659aef7efc0.jpg?1787949083,Crystal,69,0,WHM
Dandy Lyon,9088850,79,78,Leviathan,Primal,1379,0,5e652518b4930ff5cb411a5818760318_a91aae52cff9ef65932db06b150ffd47fc0.jpg?1787949466,Crystal,80,5,SAM
Finch Curador,30712387,80,86,Leviathan,Primal,1378,93,a7767d35320b852f509e7dd68b0151d4_a91aae52cff9ef65932db06b150ffd47fc0.jpg?1787951482,Crystal,40,8,BLM
Ninety-nine Agility,43878532,81,79,Famfrit,Primal,1367,0,07309ebd18b321f5df47f9ab79049d40_fce4949e615393e574f2d57134b31fc1fc0.jpg?1787948331,Crystal,42,0,RPR
Haha Unless,35825889,82,80,Faerie,Aether,1355,0,3c249691791cbe0f2fb3ccc230c9a4e4_0e336ff6ad415f47233f0aaf127feac0fc0.jpg?1787948567,Crystal,96,1,DNC
Big Three,47754584,83,81,Zalera,Crystal,1351,0,ef1725c11b5e975338a0b9d2fccdabfe_8106f857613f8fb994b0be37b26ff4bafc0.jpg?1787948131,Crystal,113,0,WAR
Rhiki Nelhah,29582811,84,82,Balmung,Crystal,1309,0,0ad8b0bcd2e47e8bf6c0716959820415_7a573cbc0cda3a3dfc1795cb3d9f7b23fc0.jpg?1787950457,Crystal,113,0,UNK
Mtn Boop,36509633,85,125,Brynhildr,Crystal,1307,406,175f521a1de707cbfb345e95df5e588c_d0a0f515a62457570c9b44997063e3c1fc0.jpg?1787950700,Crystal,29,9,SCH
Lazy Bear,39566180,86,83,Faerie,Aether,1298,0,a07cf0c35d5a78a5a1b9ca16d6f41803_0e336ff6ad415f47233f0aaf127feac0fc0.jpg?1787951198,Crystal,172,0,MNK
Shimori Bunihara,50186185,87,84,Kraken,Dynamis,1298,0,c7cd2842a29701e0963bf6d156392014_049a956dfeb0eb2e19c417a1dde4d680fc0.jpg?1787951394,Crystal,58,0,PLD
Wmmmmmmmmm Wmmmmmmmmm,56778920,88,127,Halicarnassus,Dynamis,1296,400,9e294822ea14ed4084dfe667478bc6e5_f2d324d722b28bbe681b2898bcdca8bffc0.jpg?1787949164,Crystal,45,16,PLD
Kuina Kagetsu,36802695,89,85,Ultros,Primal,1286,0,dd8ffbe11c53ea988c605c9c24157c59_c514cdcdb619439df97d906d4434ccc6fc0.jpg?1787949892,Crystal,86,0,AST
Aerika Meow,27836279,90,86,Faerie,Aether,1285,0,cefa16e18644e0b625a0d52d2df514b9_0e336ff6ad415f47233f0aaf127feac0fc0.jpg?1787950056,Crystal,32,0,DNC
Skyanar Tyrunas,42486942,91,88,Siren,Aether,1278,0,ba17697df023a58dbdba8be74f3894f2_58a84e851e55175d22158ca97af58a1ffc0.jpg?1787950203,Crystal,171,12,AST
La Bubu,26625120,92,89,Diabolos,Crystal,1207,0,733d34df72366760c6f44581681c9088_7b33d33ae3ecb996f778a5f67a6a0af6fc0.jpg?1787950652,Crystal,118,3,MCH
Fyoriah Aliapoh,44734635,93,90,Faerie,Aether,1204,0,298901c71b421faa4612e0bbd9420820_0e336ff6ad415f47233f0aaf127feac0fc0.jpg?1787948389,Crystal,128,7,RDM
Neo Dymium,33030676,94,91,Seraph,Dynamis,1201,0,24be6098cf7acc2de169d92917d3299f_07fb0511053f398d1f2d6831e6a6b4c8fc0.jpg?1787947928,Crystal,52,0,WAR
Silanah Sylphrena,45709349,95,92,Faerie,Aether,1199,0,353d000e66ebf6b7715ff5998504f784_0e336ff6ad415f47233f0aaf127feac0fc0.jpg?1787948554,Crystal,36,0,RPR
Cain Molkoh,57323197,96,93,Goblin,Crystal,1189,0,889deea7b0b76edd744a2b6fb24a09a1_8e81e2940511f7152ba4462fe53e35b8fc0.jpg?1787948856,Crystal,146,0,BLM
Zaneko Yuneko,61640151,97,94,Goblin,Crystal,1182,0,e90101e9d13d827fb83b96932b2de05b_8e81e2940511f7152ba4462fe53e35b8fc0.jpg?1787950357,Crystal,78,0,SMN
Karl Rex,48615049,98,95,Siren,Aether,1179,0,a7f2129699ecb71e801871425b8cbc52_58a84e851e55175d22158ca97af58a1ffc0.jpg?1787948544,Crystal,259,0,FSH
Aesa Iys,59631795,99,96,Kraken,Dynamis,1168,0,60f73c621a5b6dec56728cc5466268c2_049a956dfeb0eb2e19c417a1dde4d680fc0.jpg?1787951257,Crystal,270,0,UNK
Yui Fins,46861659,100,97,Adamantoise,Aether,1122,0,477904411f28cfd029518422146e02f0_1f5fd239b885860b7c2bfc72ad1d97effc0.jpg?1787948190,Crystal,515,25,PLD
Velvet Mordio,11975584,101,98,Exodus,Primal,1116,0,78d6cff1cf5b31e96125819d9688bb5a_0cdf051c93865faa15cbc5cd3d2b69fbfc0.jpg?1787951051,Crystal,26,0,DRG
Anti Luminosity,53824427,102,99,Marilith,Dynamis,1107,0,345441c3ea324bf07484e7e6f1031ccc_bbfb28d5a9059cd0c768daf77ab29982fc0.jpg?1787949293,Crystal,213,4,RPR
Baka Bao,48974722,103,111,Gilgamesh,Aether,1104,107,ef2247fb5724315ecd96d1ac9c5804b1_b937560c841465f7c4bc8eb47ea7948afc0.jpg?1787949100,Crystal,217,24,SAM
Deadrise Mutambo,49340180,104,100,Diabolos,Crystal,1101,0,05829ade005fe971a894d48d18963c4f_7b33d33ae3ecb996f778a5f67a6a0af6fc0.jpg?1787950185,Crystal,76,0,NIN
Limit Less,48764071,105,0,Jenova,Aether,1094,0,cfaa3805c7a62fc99a75b9c68da57b17_ce736afe35e2ded4e46c4fd0659aef7efc0.jpg?1787949320,Crystal,22,0,RPR
Unit Chan,37998953,106,101,Jenova,Aether,1089,0,edbb6ab0cdf4eefcc524df286e3ff034_ce736afe35e2ded4e46c4fd0659aef7efc0.jpg?1787951450,Crystal,128,7,BRD
Aibertain Mando,32541700,107,102,Jenova,Aether,1076,0,8dec967ad48c9a703018a7445740a7f3_ce736afe35e2ded4e46c4fd0659aef7efc0.jpg?1787947998,Crystal,244,3,MCH
Vaal Hazak,26534863,108,103,Zalera,Crystal,1022,0,7c44a75a2f3d57a9cd3b86235340939b_8106f857613f8fb994b0be37b26ff4bafc0.jpg?1787949686,Crystal,170,10,GNB
Ryan Hoshiko,10323495,109,104,Lamia,Primal,1017,0,b8f720f05e5314618bc7341f856d075d_4d9be17b5e1edc617052b4dbf4007875fc0.jpg?1787948180,Crystal,58,0,PCT
Doomballoon Dapingus,19169037,110,105,Diabolos,Crystal,1017,0,e43cef91ca38a14de0e5bea2295ba9c0_7b33d33ae3ecb996f778a5f67a6a0af6fc0.jpg?1787951080,Crystal,57,2,MCH
Cayen Cen,13893282,111,205,Cactuar,Aether,1016,615,736a684af24050d9faf2a50c1a5ea0b6_96ab1df8877c1f8ba6a89a39cccfd437fc0.jpg?1787949547,Crystal,64,15,UNK
Zithiel Bihrul,44613484,112,106,Faerie,Aether,1003,0,4abc29f0f384c794c1f6c7e7e60b8ed8_0e336ff6ad415f47233f0aaf127feac0fc0.jpg?1787949654,Crystal,168,0,PCT
No Buts,2234245,113,107,Zalera,Crystal,1003,0,0d8b9ae74f55ea0ba374fa7b38b48862_8106f857613f8fb994b0be37b26ff4bafc0.jpg?1787948367,Crystal,74,3,BRD
Nero Cor,51685882,114,108,Cactuar,Aether,1001,0,a53a1a6499997a089c36337bcc3ae46d_96ab1df8877c1f8ba6a89a39cccfd437fc0.jpg?1787949350,Crystal,96,0,RDM
F'ool Pr'oof,27802292,115,109,Behemoth,Primal,1001,0,07756f3cccf4cada3f3d40b5d44ef841_be20385e18333edb329d4574f364a1f0fc0.jpg?1787951201,Crystal,83,0,SMN
Kirishoto Azphina,7859003,116,110,Excalibur,Primal,999,0,c9689b4fc4af55f8366432b02c0ce55f_745baffc465480ed372e274d50318290fc0.jpg?1787949545,Crystal,60,0,SMN
Adrianne Lehman,335503,117,112,Jenova,Aether,996,0,9487d4bc6332e7a22c323a4ee321ffa1_ce736afe35e2ded4e46c4fd0659aef7efc0.jpg?1787950404,Crystal,306,8,SMN
Raiden Meow,60049984,118,113,Halicarnassus,Dynamis,990,0,82a7874a19aee552f4a0f8ff2b663dff_f2d324d722b28bbe681b2898bcdca8bffc0.jpg?1787950997,Crystal,29,0,BRD
Keyleth Creed,45772844,119,114,Ultros,Primal,987,0,fafdc7854669343158328c3adeb0a3ae_c514cdcdb619439df97d906d4434ccc6fc0.jpg?1787950558,Crystal,29,0,UNK
Uki Yo,50106047,120,115,Adamantoise,Aether,985,2,75e9983a4dd07e7e5de0ed1ac11a23fb_1f5fd239b885860b7c2bfc72ad1d97effc0.jpg?1787949162,Crystal,33,4,DRG
Silah Zetsku,53965328,121,116,Marilith,Dynamis,914,0,d2b4042f092dccb0d381fdc61afe74c3_bbfb28d5a9059cd0c768daf77ab29982fc0.jpg?1787951195,Crystal,57,0,WAR
Tiny Sosig,16648383,122,117,Balmung,Crystal,911,0,47661dc0b135d6c15fadc46a3fa85816_7a573cbc0cda3a3dfc1795cb3d9f7b23fc0.jpg?1787949500,Crystal,185,6,MCH
Rathais Gunnach,32955444,123,118,Brynhildr,Crystal,910,0,2a434eda7d82f52a4a70d056b83f2c27_d0a0f515a62457570c9b44997063e3c1fc0.jpg?1787949660,Crystal,62,0,SMN
Ash Ymir,50182260,124,119,Gilgamesh,Aether,906,0,571648c27d0568207bb3ebea02244e4e_b937560c841465f7c4bc8eb47ea7948afc0.jpg?1787948651,Crystal,57,1,UNK
Xianra Bryne,4015592,125,120,Excalibur,Primal,905,0,770b7228e5d013ae3146fc6330b9b756_745baffc465480ed372e274d50318290fc0.jpg?1787948419,Crystal,17,0,SGE
Minato Maki,53819658,126,121,Excalibur,Primal,904,0,03c1d1dc5b9a30317518ec9a30c301ab_745baffc465480ed372e274d50318290fc0.jpg?1787951513,Crystal,38,0,VPR
Celesse Archon,5403993,127,122,Midgardsormr,Aether,902,0,46c05696a375eb66cab3503bea79e4e4_5c8ecfbc673e1287a9b5e85423fe1657fc0.jpg?1787948029,Crystal,32,0,AST
Silvy Kaenbyou,45504540,128,123,Goblin,Crystal,901,0,3a856bd5c7e35d95f6afcc57be4321a1_8e81e2940511f7152ba4462fe53e35b8fc0.jpg?1787948753,Crystal,255,8,GNB
Somnidemn Serdorm,37031558,129,124,Goblin,Crystal,901,0,6147ca113912ee7b9ac321313bbf5863_8e81e2940511f7152ba4462fe53e35b8fc0.jpg?1787949780,Crystal,72,0,SCH
Nia Yukumo,22530343,130,128,Lamia,Primal,893,0,41fe576462de4cc12ab76d6d29ef58e4_4d9be17b5e1edc617052b4dbf4007875fc0.jpg?1787949598,Crystal,109,0,FSH
Ice Mage,56719413,131,129,Golem,Dynamis,893,0,20eb207dbce003e2fb1842e0c47aacc7_dd61c3dc259e5c43722e89409499b669fc0.jpg?1787950055,Crystal,62,0,BLM
Theory Ai,55206021,132,140,Leviathan,Primal,891,98,018be547248466158b1d0f9de4315340_a91aae52cff9ef65932db06b150ffd47fc0.jpg?1787948151,Crystal,219,1,SAM
Garu Kettle,7054871,133,130,Behemoth,Primal,887,0,e03f1b46663ddb8c150315a88c79c9f1_be20385e18333edb329d4574f364a1f0fc0.jpg?1787948624,Crystal,166,10,UNK
Nanamie Namie,54007603,134,131,Seraph,Dynamis,884,0,0a2ba3a431605dbe05215a75dffd70e7_07fb0511053f398d1f2d6831e6a6b4c8fc0.jpg?1787951352,Crystal,92,0,MNK
Phrosticus Maximus,51732834,135,132,Kraken,Dynamis,831,0,36921233b0c05085a501c86bb51f5633_049a956dfeb0eb2e19c417a1dde4d680fc0.jpg?1787949314,Crystal,267,0,NIN
Kiitla Hundar,21600585,136,133,Brynhildr,Crystal,821,0,acff83df95bca2189584bd6af72e84ce_d0a0f515a62457570c9b44997063e3c1fc0.jpg?1787951007,Crystal,113,1,UNK
Horan Lou,38248988,137,134,Brynhildr,Crystal,817,0,3c88d2c3502bacefa5eb1e223a75217b_d0a0f515a62457570c9b44997063e3c1fc0.jpg?1787948562,Crystal,105,5,RDM
Mirae Malaguld,50148809,138,135,Famfrit,Primal,803,0,6eb6ea3365a1160e9537ec75ff91463a_fce4949e615393e574f2d57134b31fc1fc0.jpg?1787948863,Crystal,16,0,WHM
Judas Demaio,7957583,139,136,Balmung,Crystal,800,0,802e8b947615ba3fa10ac8d8e4fb1ebf_7a573cbc0cda3a3dfc1795cb3d9f7b23fc0.jpg?1787950520,Crystal,52,4,UNK
Satoshi Itaori,52546108,140,137,Golem,Dynamis,798,0,1ecf4d8479fa0e8c3c4b6fe005108b6d_dd61c3dc259e5c43722e89409499b669fc0.jpg?1787951313,Crystal,32,0,MCH
Fryar Vagrant,27459700,141,138,Jenova,Aether,797,0,5f83a04d01483896e3082832a5e6a7f0_ce736afe35e2ded4e46c4fd0659aef7efc0.jpg?1787948819,Crystal,78,0,MNK
Io Isana,33563057,142,139,Coeurl,Crystal,796,0,bb1bccc46bef2876072e2e7fa326fa12_284358f8eb4efc9095914e46798c6ab3fc0.jpg?1787951335,Crystal,24,0,MNK
Im Dead,44727021,143,141,Balmung,Crystal,789,0,382bb5e8fe23a4e04750cfd29fa9f46c_7a573cbc0cda3a3dfc1795cb3d9f7b23fc0.jpg?1787948526,Crystal,38,0,MNK
Alana Mystranquil,38447772,144,142,Coeurl,Crystal,787,0,a3b4e0628a97b6c3941d78fd1af36b81_284358f8eb4efc9095914e46798c6ab3fc0.jpg?1787948142,Crystal,33,0,SCH
Onigiri Bunny,7352884,145,190,Behemoth,Primal,780,295,382f2b7a0b15514c38a6e2d5af3d8014_be20385e18333edb329d4574f364a1f0fc0.jpg?1787950377,Crystal,15,6,UNK
No Bee,37102144,146,158,Lamia,Primal,710,104,5c741048df2befeb7f80a2b03bb02aee_4d9be17b5e1edc617052b4dbf4007875fc0.jpg?1787948905,Crystal,111,10,PCT
S'tille Fhey,8693680,147,143,Midgardsormr,Aether,709,0,d02ff61e52c6b3e4eadaf1f6172fe557_5c8ecfbc673e1287a9b5e85423fe1657fc0.jpg?1787948307,Crystal,79,0,WAR
Ellie Titis,36865882,148,144,Midgardsormr,Aether,707,0,71601f63eddfe2db7e4ec2213790102c_5c8ecfbc673e1287a9b5e85423fe1657fc0.jpg?1787948294,Crystal,30,0,WAR
Scythe Horrorblade,32713598,149,145,Mateus,Crystal,702,0,43c41a5aa8d981f109e6d76f3347bd93_f0c52cc66e124fc2e641d7c21ab2ce79fc0.jpg?1787950818,Crystal,319,0,DRG
Rusheel Vasscus,2314921,150,146,Adamantoise,Aether,702,0,a4248cc27f1d518fee3b2b12da021669_1f5fd239b885860b7c2bfc72ad1d97effc0.jpg?1787948115,Crystal,15,0,MNK
Noel Bunny,5201676,151,147,Behemoth,Primal,697,0,c7f99603b6e09c43470bbabaed203add_be20385e18333edb329d4574f364a1f0fc0.jpg?1787949743,Crystal,154,0,UNK
Alex Rider,61850079,152,148,Hyperion,Primal,694,0,d221a7b6c00ffa393c988249ed242d9a_57ae9ee5592123dd79c8912bf768cf99fc0.jpg?1787948291,Crystal,90,0,DRG
Mori Sumire,22629786,153,149,Zalera,Crystal,694,0,9d1372da41637e0a1cee75add0cdab3e_8106f857613f8fb994b0be37b26ff4bafc0.jpg?1787951331,Crystal,84,0,UNK
Mo Azure,47140618,154,150,Lamia,Primal,694,0,8e6a4b8b298b5523d1f99888dd9f36cf_4d9be17b5e1edc617052b4dbf4007875fc0.jpg?1787947953,Crystal,19,0,GNB
Master Zoknik,48144446,155,151,Balmung,Crystal,692,0,3c54e73f2ad7023aa3b173793f95c070_7a573cbc0cda3a3dfc1795cb3d9f7b23fc0.jpg?1787949124,Crystal,29,0,RDM
Zot Meow,34168568,156,152,Sargatanas,Aether,690,0,857170879bee95fc8f3f62ae264a46ce_ba22853447012a24cee115315d6a5bebfc0.jpg?1787950631,Crystal,28,0,SGE
Eloza Ketsch,8667845,157,162,Malboro,Crystal,687,85,4414bb689fd8033d67e6821653f9a232_2e97c13fdd593d15d543093f8a37b6f0fc0.jpg?1787951403,Crystal,222,8,SMN
Vann Healsing,6572,158,173,Coeurl,Crystal,686,97,e19ce452168669ef7abba0e26cc8ee4c_284358f8eb4efc9095914e46798c6ab3fc0.jpg?1787948627,Crystal,21,8,GNB
Lolly Pops,11573609,159,153,Leviathan,Primal,685,0,a38b4d4cbcfc624c56b5db6efb627dd2_a91aae52cff9ef65932db06b150ffd47fc0.jpg?1787949320,Crystal,321,10,MCH
Ethan Dumas,2337003,160,154,Zalera,Crystal,612,0,4363afb6aeff95a15293cf3907560f7b_8106f857613f8fb994b0be37b26ff4bafc0.jpg?1787951119,Crystal,119,5,RDM
Tc Sola,43984930,161,155,Zalera,Crystal,608,0,1bde011c1056c258b5456fb7d0f6283f_8106f857613f8fb994b0be37b26ff4bafc0.jpg?1787951357,Crystal,92,4,RDM
Peregrine Lofte,21726171,162,0,Leviathan,Primal,608,508,351c30387c9048190075024c6b344ead_a91aae52cff9ef65932db06b150ffd47fc0.jpg?1787949239,Crystal,33,7,SGE
Akari Tsuki,46655701,163,156,Adamantoise,Aether,608,0,08f7ffe45c1b134f99ea040b39ee2bdd_1f5fd239b885860b7c2bfc72ad1d97effc0.jpg?1787949996,Crystal,26,2,SMN
Kyda Oriana,7676781,164,157,Balmung,Crystal,607,0,5a1ffcf9ec98159ee3f6c3727943f30f_7a573cbc0cda3a3dfc1795cb3d9f7b23fc0.jpg?1787948352,Crystal,40,0,GNB
Hilto Feltre,55076328,165,159,Sargatanas,Aether,605,0,4a850e1dbb7f6f3aeff5b21df6166f3f_ba22853447012a24cee115315d6a5bebfc0.jpg?1787949151,Crystal,45,0,RPR
Ivy Storm,61727582,166,160,Zalera,Crystal,604,0,27a648f77de0ff7a1a44539cbd062203_8106f857613f8fb994b0be37b26ff4bafc0.jpg?1787949287,Crystal,81,0,MCH
Aahaha Hahahahaha,31743716,167,161,Exodus,Primal,603,0,77935bdcfdbdbcd8404ce28584023170_0cdf051c93865faa15cbc5cd3d2b69fbfc0.jpg?1787948602,Crystal,59,0,BLM
Shiroi Kijo,44769088,168,163,Ultros,Primal,602,0,2bc8c14bed99e41cc16db823a37e5295_c514cdcdb619439df97d906d4434ccc6fc0.jpg?1787949630,Crystal,159,3,SMN
Shum One,31246227,169,164,Midgardsormr,Aether,602,0,6a9ab1154c9d9a712cc039f45837db6d_5c8ecfbc673e1287a9b5e85423fe1657fc0.jpg?1787949557,Crystal,93,0,VPR
Alma Braver,729037,170,165,Goblin,Crystal,602,0,1d50d402d833734bf7f0d1fe6b3af5e8_8e81e2940511f7152ba4462fe53e35b8fc0.jpg?1787948531,Crystal,63,2,RDM
Apple Thief,43679241,171,166,Balmung,Crystal,601,0,746256d82b3652ef93bbd475defb85ac_7a573cbc0cda3a3dfc1795cb3d9f7b23fc0.jpg?1787948533,Crystal,441,10,DRK
Nikau Milkdud,30842976,172,167,Lamia,Primal,601,0,2ffee265e9fb9491997d30306dc67cc3_4d9be17b5e1edc617052b4dbf4007875fc0.jpg?1787951161,Crystal,20,0,MNK
Hunie Pop,37396085,173,168,Ultros,Primal,599,0,8a72b357002474c02d597d6e8bc94cee_c514cdcdb619439df97d906d4434ccc6fc0.jpg?1787951302,Crystal,142,8,WHM
Medori Tenosu,31992476,174,240,Jenova,Aether,595,297,2d7230bf79f29d3570cfdc7390506985_ce736afe35e2ded4e46c4fd0659aef7efc0.jpg?1787951043,Crystal,118,12,BLM
June Buggy,39873640,175,169,Brynhildr,Crystal,595,0,929fb7f3958e6f1fbc9e559d731c0108_d0a0f515a62457570c9b44997063e3c1fc0.jpg?1787950758,Crystal,43,0,RDM
Unagi Box,34773273,176,170,Cuchulainn,Dynamis,595,0,05a513d02b60c767bfb83440ab2d406b_b4a106e4893fd452df0001eaeecf9d7efc0.jpg?1787949944,Crystal,28,0,MCH
Eyre Stahl,32745572,177,171,Maduin,Dynamis,593,0,0d24cf6e8f53fc59a993fd5e5311d4e0_7ff236346f6151d8a2c08fd0b4a0b806fc0.jpg?1787948079,Crystal,52,0,MNK
Teysa Montgomery,6201712,178,172,Cactuar,Aether,591,0,eb51f53fb1f2b23ee171b4e92895e9b4_96ab1df8877c1f8ba6a89a39cccfd437fc0.jpg?1787949803,Crystal,236,13,SMN
Sarantsatsral Kha,26082962,179,174,Behemoth,Primal,586,0,f8735f190504d139ee16ec1a623371dc_be20385e18333edb329d4574f364a1f0fc0.jpg?1787948829,Crystal,35,9,PLD
Rasan Sena,13544028,180,175,Kraken,Dynamis,508,0,70d1ba94bcbeff8a384f1e364b2ee863_049a956dfeb0eb2e19c417a1dde4d680fc0.jpg?1787950709,Crystal,63,0,WAR
Rachna's Kitten,60414129,181,176,Diabolos,Crystal,508,0,5a2079c26296ecf9252da83453669ee7_7b33d33ae3ecb996f778a5f67a6a0af6fc0.jpg?1787949664,Crystal,44,0,UNK
Cassian Syndriel,52998476,182,177,Ultros,Primal,507,0,db812378f708097c17610e9e6817f749_c514cdcdb619439df97d906d4434ccc6fc0.jpg?1787950354,Crystal,82,0,SAM
Naeng Myeon,35393894,183,178,Jenova,Aether,506,0,e834ee8ccde5fd99424275ed75278f5b_ce736afe35e2ded4e46c4fd0659aef7efc0.jpg?1787950064,Crystal,116,6,BLM
Airi Aogane,46241895,184,179,Sargatanas,Aether,503,0,11367baad718b56f9682513d9430146d_ba22853447012a24cee115315d6a5bebfc0.jpg?1787951416,Crystal,117,0,WHM
Yos Sy,23664999,185,180,Jenova,Aether,501,0,01f58e6e2269085746fd0a5b6fe0e7f2_ce736afe35e2ded4e46c4fd0659aef7efc0.jpg?1787948014,Crystal,133,0,DRG
Rin Denma,33178809,186,181,Gilgamesh,Aether,501,0,6c5bab6678d3c44b6e646bc8726eb9f9_b937560c841465f7c4bc8eb47ea7948afc0.jpg?1787951482,Crystal,13,0,UNK
Oni Akuma,7300790,187,182,Gilgamesh,Aether,500,0,e8e098720e245711114b4614110261b5_b937560c841465f7c4bc8eb47ea7948afc0.jpg?1787948989,Crystal,197,9,NIN
Aelara Nightelm,2908362,188,183,Maduin,Dynamis,499,0,f40ea9e3404cbab02b92f9bc1d80cdcd_7ff236346f6151d8a2c08fd0b4a0b806fc0.jpg?1787950411,Crystal,136,0,AST
Lelouch Masamune,12543299,189,184,Malboro,Crystal,499,0,711457fd66b589fb422ba4640a4826f0_2e97c13fdd593d15d543093f8a37b6f0fc0.jpg?1787948106,Crystal,76,0,SCH
M' Twelve,36885704,190,185,Halicarnassus,Dynamis,499,0,0f10ff80520b725264b0aed8ac62d609_f2d324d722b28bbe681b2898bcdca8bffc0.jpg?1787949517,Crystal,75,0,UNK
Brian Ricardo,9364090,191,186,Adamantoise,Aether,499,0,c00688b4ac9b567c1a4de9d648fbbff4_1f5fd239b885860b7c2bfc72ad1d97effc0.jpg?1787950703,Crystal,37,0,DNC
Shinra Tatsuya,8648762,192,187,Gilgamesh,Aether,498,0,7dccb5e520b149afd2b044279fa8694e_b937560c841465f7c4bc8eb47ea7948afc0.jpg?1787950169,Crystal,99,0,PLD
Xale Solace,52728205,193,188,Adamantoise,Aether,497,0,5272a5d5dea9738bb4a6638ac3f083d2_1f5fd239b885860b7c2bfc72ad1d97effc0.jpg?1787949509,Crystal,117,4,DRG
Yulia Lunaria,82714,194,207,Coeurl,Crystal,496,95,30d19e29baad4dfe064001a80a4466e1_284358f8eb4efc9095914e46798c6ab3fc0.jpg?1787948770,Crystal,23,3,WHM
Shadow Reve,6323548,195,0,Gilgamesh,Aether,495,395,cbca7664e2c3d133469b2f7134ae8c01_b937560c841465f7c4bc8eb47ea7948afc0.jpg?1787950212,Crystal,21,10,UNK
High Five,40416979,196,189,Brynhildr,Crystal,493,0,f6eae218fa6037625ae22a8c800d935d_d0a0f515a62457570c9b44997063e3c1fc0.jpg?1787951327,Crystal,21,0,BRD
Gracidea Blossom,4573171,197,191,Lamia,Primal,416,0,12afdfb12aebd14365b3149875fee65f_4d9be17b5e1edc617052b4dbf4007875fc0.jpg?1787949502,Crystal,75,0,WHM
Azura Skye,61832185,198,192,Goblin,Crystal,408,0,06833163f0059227fbc31ba3c8c36610_8e81e2940511f7152ba4462fe53e35b8fc0.jpg?1787951135,Crystal,71,0,PLD
Bigg Succ,14228989,199,193,Coeurl,Crystal,408,0,d833225ff74a6d00fc89b134cc155262_284358f8eb4efc9095914e46798c6ab3fc0.jpg?1787949900,Crystal,7,0,MCH
Bean Waters,34305264,200,194,Famfrit,Primal,406,0,bcdcd97b24d4dfc6b3e643c8670b6f7c_fce4949e615393e574f2d57134b31fc1fc0.jpg?1787948988,Crystal,47,0,SAM
Lowan Gleview,48863675,201,195,Gilgamesh,Aether,406,0,3ed0770e9633fa9630af57f595f1d68d_b937560c841465f7c4bc8eb47ea7948afc0.jpg?1787948622,Crystal,35,0,NIN
Khione Ruhewann,46320064,202,196,Famfrit,Primal,403,0,7f4213b80626d593c297255cb1c55698_fce4949e615393e574f2d57134b31fc1fc0.jpg?1787949510,Crystal,130,3,RPR
Roland Montpensier,27408688,203,197,Mateus,Crystal,402,0,f999e29fa2ab10f6ba02338f493e886b_f0c52cc66e124fc2e641d7c21ab2ce79fc0.jpg?1787948736,Crystal,26,0,DRK
Tio Tot,32427648,204,198,Jenova,Aether,402,0,b6b5f99e0b2c9878499873fdbe82cda3_ce736afe35e2ded4e46c4fd0659aef7efc0.jpg?1787948169,Crystal,25,0,LTW
Larxis Themage,9284703,205,199,Mateus,Crystal,401,0,f1440421e273892659981868cbc99f9b_f0c52cc66e124fc2e641d7c21ab2ce79fc0.jpg?1787950735,Crystal,189,0,BRD
Jin Mercer,31096690,206,200,Marilith,Dynamis,401,0,708b770d30658bbff6a84015d913b518_bbfb28d5a9059cd0c768daf77ab29982fc0.jpg?1787950668,Crystal,115,4,VPR
Von Columbine,58381347,207,201,Gilgamesh,Aether,401,0,616328e702b2b2e8d452581d53ec9f88_b937560c841465f7c4bc8eb47ea7948afc0.jpg?1787949541,Crystal,102,0,DRG
O'naeas Du'faigh,39414113,208,202,Ultros,Primal,401,0,7994a259bec436115a0081b11babf4f8_c514cdcdb619439df97d906d4434ccc6fc0.jpg?1787948000,Crystal,75,0,MCH
Very Shooooooooooort,49384501,209,203,Hyperion,Primal,401,0,084259a7b0d5cdac112faebe64bac849_57ae9ee5592123dd79c8912bf768cf99fc0.jpg?1787949191,Crystal,63,0,UNK
Vicious Nouzen,42001229,210,204,Jenova,Aether,401,0,94ccc3f4ceffc2356f1ddd47d85ca9f7_ce736afe35e2ded4e46c4fd0659aef7efc0.jpg?1787948999,Crystal,51,0,MNK
Virtus Giruvegan,3183831,211,206,Gilgamesh,Aether,401,0,e8050cdd79efaaf143d74f9ae4cdcfb1_b937560c841465f7c4bc8eb47ea7948afc0.jpg?1787949732,Crystal,23,0,UNK
Senka Kyo,40405843,212,208,Adamantoise,Aether,401,0,57edcac1396cccc62373cfaa1109ab06_1f5fd239b885860b7c2bfc72ad1d97effc0.jpg?1787950614,Crystal,3,0,MIN
Rail Ying,33252892,213,209,Famfrit,Primal,400,0,e9ae8b691e418ccccf35ebe11804f497_fce4949e615393e574f2d57134b31fc1fc0.jpg?1787950931,Crystal,341,0,RPR
Coffee Dawg,17085073,214,210,Famfrit,Primal,400,0,3f73984ff31eed30a16eba5ac017bdda_fce4949e615393e574f2d57134b31fc1fc0.jpg?1787949367,Crystal,70,1,VPR
Nero K'ten,6155374,215,211,Lamia,Primal,400,0,457604f04300faac0e52a053884e2bb7_4d9be17b5e1edc617052b4dbf4007875fc0.jpg?1787948656,Crystal,53,0,VPR
Cj Deux,23394493,216,212,Lamia,Primal,399,0,64702aeefa55d2931c531ddadd7964ea_4d9be17b5e1edc617052b4dbf4007875fc0.jpg?1787948251,Crystal,256,7,SMN
Johnny Rotten,60584717,217,215,Balmung,Crystal,399,1,16dd0eb6be877814ca22fed24fe6191d_7a573cbc0cda3a3dfc1795cb3d9f7b23fc0.jpg?1787950716,Crystal,77,7,WHM
Mash Buttons,12470854,218,213,Ultros,Primal,399,0,eec5508ec2ce3844fd62caa5b87a24d8_c514cdcdb619439df97d906d4434ccc6fc0.jpg?1787949706,Crystal,53,0,BRD
Pvp Wintrader,55633250,219,214,Rafflesia,Dynamis,399,0,a95c4512f0f35cf564aac910d19b00e2_2783886613347a4db0bed7524de1298ffc0.jpg?1787950477,Crystal,41,0,BRD
Kaede Obinata,32151196,220,216,Marilith,Dynamis,398,0,460d631b298c83b035fb70ac5669658d_bbfb28d5a9059cd0c768daf77ab29982fc0.jpg?1787950025,Crystal,46,0,NIN
Honey Toast,57307408,221,217,Exodus,Primal,398,0,f4ce05067fa4042fad64931eb5015841_0cdf051c93865faa15cbc5cd3d2b69fbfc0.jpg?1787951310,Crystal,36,0,UNK
Ava Falafell,7835301,222,218,Cactuar,Aether,398,0,037dd67f6ab82aadfe3e7b3e4973d525_96ab1df8877c1f8ba6a89a39cccfd437fc0.jpg?1787948871,Crystal,32,0,WHM
Milly Mina,37964161,223,219,Cuchulainn,Dynamis,398,0,f3300c3e28b3c5b4a3767a587341831e_b4a106e4893fd452df0001eaeecf9d7efc0.jpg?1787950037,Crystal,25,1,RDM
Shoujo Hime,18340055,224,220,Leviathan,Primal,397,0,c341075038058a45ef549f7bac1b9d25_a91aae52cff9ef65932db06b150ffd47fc0.jpg?1787948211,Crystal,211,0,AST
Kale Crow,57973655,225,221,Excalibur,Primal,396,0,39e30189265e5cf770bddc1b87bdb349_745baffc465480ed372e274d50318290fc0.jpg?1787950655,Crystal,66,0,UNK
Thamiel Blade,11845109,226,222,Malboro,Crystal,393,0,80ba6f7aa26a72c98ebf41b210be27be_2e97c13fdd593d15d543093f8a37b6f0fc0.jpg?1787949983,Crystal,84,0,PLD
Aurora Aura,51466191,227,223,Coeurl,Crystal,392,0,6bf65747d41f881881af0d8d8ee83bb9_284358f8eb4efc9095914e46798c6ab3fc0.jpg?1787949953,Crystal,112,1,PCT
Cynthia Noir,25307713,228,224,Leviathan,Primal,388,0,5b4f8d78ae6dd18586116fe673617384_a91aae52cff9ef65932db06b150ffd47fc0.jpg?1787948217,Crystal,279,0,BLM
Boulder Beholder,10981587,229,225,Faerie,Aether,310,0,9de7d0362a3a832a7171bfe262bb5d94_0e336ff6ad415f47233f0aaf127feac0fc0.jpg?1787951269,Crystal,6,0,GNB
Kohvu Lynx,1558192,230,0,Exodus,Primal,307,207,071acbe4f7c99524490dc3ec23aca0f1_0cdf051c93865faa15cbc5cd3d2b69fbfc0.jpg?1787951319,Crystal,37,3,WHM
Dank Lollington,37820692,231,226,Exodus,Primal,304,0,2b6faafd9620689cd5e4222c96529aa5_0cdf051c93865faa15cbc5cd3d2b69fbfc0.jpg?1787950399,Crystal,21,0,BRD
Celeste Aeternum,38129090,232,227,Adamantoise,Aether,301,0,76510814c4215ff9bd016e9313ee6e2c_1f5fd239b885860b7c2bfc72ad1d97effc0.jpg?1787948387,Crystal,143,0,MNK
V'linh Tia,35736983,233,228,Hyperion,Primal,301,0,760e31f96b4d3b3534fcdc43c9564fab_57ae9ee5592123dd79c8912bf768cf99fc0.jpg?1787948183,Crystal,106,0,SMN
Tarex Youva,34244171,234,229,Behemoth,Primal,301,0,f62a1a6593a19abc7f2ade2191e57159_be20385e18333edb329d4574f364a1f0fc0.jpg?1787951007,Crystal,75,0,AST
Denmo Mcstronghuge,1150717,235,230,Excalibur,Primal,301,0,bb33b9be77e28ab26ee6367ad6ba7cac_745baffc465480ed372e274d50318290fc0.jpg?1787948188,Crystal,20,0,BLM
Erdrick Than'talas,35169837,236,231,Behemoth,Primal,300,0,bcdde4e2fbfba10f901006ffbc7723cc_be20385e18333edb329d4574f364a1f0fc0.jpg?1787950522,Crystal,289,6,PLD
Ciel Sorrel,22647977,237,232,Zalera,Crystal,300,0,4feb2b2835b10561864f50a075fa571c_8106f857613f8fb994b0be37b26ff4bafc0.jpg?1787949711,Crystal,81,9,UNK
Eternal Slumber,25903660,238,233,Hyperion,Primal,300,0,e04969696b7e202db5371bd7c0b62231_57ae9ee5592123dd79c8912bf768cf99fc0.jpg?1787950078,Crystal,68,0,NIN
Onion Little,37583983,239,234,Zalera,Crystal,300,0,59533d6fd2d0a8b58595bf860ae3f36a_8106f857613f8fb994b0be37b26ff4bafc0.jpg?1787948823,Crystal,13,0,WAR
W'kepaga M'ankhad,51943168,240,235,Midgardsormr,Aether,299,0,2731864a3bfbb890bb0d554a4dbb55cc_5c8ecfbc673e1287a9b5e85423fe1657fc0.jpg?1787948708,Crystal,187,3,SMN
Lux Mas,23065843,241,236,Sargatanas,Aether,299,0,88a2ca0abf69b95b8d6893d740e04615_ba22853447012a24cee115315d6a5bebfc0.jpg?1787950295,Crystal,124,0,RDM
Nava Savitra,11866965,242,237,Behemoth,Primal,299,0,192dd5e055cc8be6175a56a286c32203_be20385e18333edb329d4574f364a1f0fc0.jpg?1787948968,Crystal,99,5,BLM
Novical Astrea,42979170,243,238,Exodus,Primal,299,0,b638930bbe9987be79fa698126728549_0cdf051c93865faa15cbc5cd3d2b69fbfc0.jpg?1787948774,Crystal,82,8,RDM
Kanae Meow,36806118,244,239,Ultros,Primal,298,0,8969e8a0b518902a3996525f822b4701_c514cdcdb619439df97d906d4434ccc6fc0.jpg?1787951153,Crystal,244,36,WHM
Sophia Sol,50636657,245,241,Diabolos,Crystal,298,0,f2e548487adc8d24ba4ee5ae891d1fca_7b33d33ae3ecb996f778a5f67a6a0af6fc0.jpg?1787950941,Crystal,51,0,AST
Clyde Valentine,47896182,246,0,Faerie,Aether,298,198,7643a89a2b062b2c4613ed6226d9ca00_0e336ff6ad415f47233f0aaf127feac0fc0.jpg?1787950632,Crystal,42,7,UNK
Bento Manjusaka,8342791,247,242,Famfrit,Primal,298,0,6ad6165e804ca5f8a6e46061f7c359ec_fce4949e615393e574f2d57134b31fc1fc0.jpg?1787950348,Crystal,41,0,BRD
Lean Bean,27288162,248,243,Leviathan,Primal,298,0,10eb9c645841623c4f9edb8e24e49d0e_a91aae52cff9ef65932db06b150ffd47fc0.jpg?1787949739,Crystal,16,0,PCT
Kemono Friends,9960513,249,244,Balmung,Crystal,298,0,32976001d45735dc6eed07706ce7c1aa_7a573cbc0cda3a3dfc1795cb3d9f7b23fc0.jpg?1787950799,Crystal,6,0,DRG
Ailbhe Costa,24483224,250,245,Golem,Dynamis,298,0,d2a07a324d29f192eabbae6adeb2462b_dd61c3dc259e5c43722e89409499b669fc0.jpg?1787948954,Crystal,5,0,UNK
Aesa Reign,35916991,251,246,Behemoth,Primal,298,0,41b39fb2112c54e35953a1e9bca43b2b_be20385e18333edb329d4574f364a1f0fc0.jpg?1787949895,Crystal,3,0,WAR
Reed Diamond,7237831,252,247,Ultros,Primal,297,0,132bb33f336f4f3ae42c3cf9a96a11ad_c514cdcdb619439df97d906d4434ccc6fc0.jpg?1787949001,Crystal,117,0,MNK
Zolzayaa Noykin,34804380,253,248,Balmung,Crystal,297,0,ff773bbf0388cc8a61ac7c87e78f978f_7a573cbc0cda3a3dfc1795cb3d9f7b23fc0.jpg?1787947931,Crystal,71,3,BLM
Asteroth Rayet,34556987,254,249,Coeurl,Crystal,297,0,074f19c1dfdaef751b93ed3b29eeb320_284358f8eb4efc9095914e46798c6ab3fc0.jpg?1787951418,Crystal,28,0,GNB
Sitri Belladonna,44271644,255,250,Maduin,Dynamis,296,0,d5fba1e5169b57a308fb1ea60e3553cf_7ff236346f6151d8a2c08fd0b4a0b806fc0.jpg?1787948049,Crystal,58,0,RPR
Nika Arwing,12407061,256,251,Behemoth,Primal,294,0,f0ebfd95e843addaab2471d3cb028eb6_be20385e18333edb329d4574f364a1f0fc0.jpg?1787950006,Crystal,8,0,NIN
Eroison Chren,42575447,257,252,Ultros,Primal,293,0,d66c862181da18eea3335d6667510dc6_c514cdcdb619439df97d906d4434ccc6fc0.jpg?1787949867,Crystal,46,0,WHM
Marika Mjolnir,38212348,258,253,Malboro,Crystal,292,0,969a50dcb0d9777a00aae149894ab7f5_2e97c13fdd593d15d543093f8a37b6f0fc0.jpg?1787950833,Crystal,181,0,WAR
Nixacu Murubra,24114126,259,254,Lamia,Primal,205,0,68206034a86cf63bd8aecd714ae17955_4d9be17b5e1edc617052b4dbf4007875fc0.jpg?1787950289,Crystal,92,14,BLU
Lumiel Alstreim,6929457,260,255,Balmung,Crystal,204,0,6004c4e57250b544ed36bf6b310e878a_7a573cbc0cda3a3dfc1795cb3d9f7b23fc0.jpg?1787951372,Crystal,46,0,PCT
Abel Catallus,20632128,261,256,Hyperion,Primal,203,0,a753917cbe6dc89a0ba41f10003a621d_57ae9ee5592123dd79c8912bf768cf99fc0.jpg?1787950952,Crystal,72,0,SMN
Lenpao Victus,30455513,262,257,Midgardsormr,Aether,201,0,6067c0a6b77debbd9a03665d4d13dd52_5c8ecfbc673e1287a9b5e85423fe1657fc0.jpg?1787949081,Crystal,72,0,UNK
Yuki Yozora,32275648,263,278,Faerie,Aether,200,97,bed164ee9535c02b6ea7cc8b5000c845_0e336ff6ad415f47233f0aaf127feac0fc0.jpg?1787949188,Crystal,210,7,GNB
Caius Dreemurr,16334190,264,258,Behemoth,Primal,200,0,15755bc10e106a8c901afd96c5ef39c3_be20385e18333edb329d4574f364a1f0fc0.jpg?1787948138,Crystal,51,0,ALC
Aiberaint Mando,58601227,265,259,Faerie,Aether,200,0,b7621f9e3f9c7a33ce4acd4a392c3a41_0e336ff6ad415f47233f0aaf127feac0fc0.jpg?1787950880,Crystal,33,0,RPR
Erik Jormungandr,21053207,266,280,Balmung,Crystal,200,98,d279bad4f9c048ee2cb4310b2dabb453_7a573cbc0cda3a3dfc1795cb3d9f7b23fc0.jpg?1787947986,Crystal,25,10,DRK
Nonoha Noha,32959229,267,260,Balmung,Crystal,200,0,d9c4977477ddfaebc0c2204729f692f9_7a573cbc0cda3a3dfc1795cb3d9f7b23fc0.jpg?1787948963,Crystal,22,0,UNK
Bellatrix Solara,20445342,268,261,Leviathan,Primal,200,0,89d7b355539e181e2d0c9cd890f6f062_a91aae52cff9ef65932db06b150ffd47fc0.jpg?1787949660,Crystal,11,0,UNK
Joe Biden',48592929,269,262,Seraph,Dynamis,200,0,c06fd69e6b294b74118f1a8ad5727f56_07fb0511053f398d1f2d6831e6a6b4c8fc0.jpg?1787951261,Crystal,2,0,UNK
Giselle Aureillien,29155636,270,263,Coeurl,Crystal,200,0,0864f26f62e17d3942c765f8a16665d2_284358f8eb4efc9095914e46798c6ab3fc0.jpg?1787949195,Crystal,1,0,NIN
Vayce Lilacspark,4565408,271,264,Balmung,Crystal,199,0,e9f3928d81a9f68a9cfae3a6a414feb8_7a573cbc0cda3a3dfc1795cb3d9f7b23fc0.jpg?1787948333,Crystal,137,0,DRK
Chronochaos Asura,1230012,272,265,Excalibur,Primal,199,0,16f01a0a9404158e87254af5dbe09328_745baffc465480ed372e274d50318290fc0.jpg?1787950572,Crystal,75,0,VPR
Cleo Kaisuri,49507760,273,266,Hyperion,Primal,199,0,b3c346a088e9876c531a3dcecd6b78db_57ae9ee5592123dd79c8912bf768cf99fc0.jpg?1787950352,Crystal,43,0,SGE
Nickon Malek,36659706,274,267,Zalera,Crystal,199,0,d4f6bca99d38c68180883a3bd35b4647_8106f857613f8fb994b0be37b26ff4bafc0.jpg?1787950227,Crystal,37,0,VPR
Mits Suki,33204212,275,268,Famfrit,Primal,199,0,5bb063598970951b9c8c586bd4f0db1f_fce4949e615393e574f2d57134b31fc1fc0.jpg?1787950823,Crystal,5,0,MCH
Pravik Rhati,30628415,276,269,Zalera,Crystal,198,0,6f338ced5bbbd90812f4a17468f53684_8106f857613f8fb994b0be37b26ff4bafc0.jpg?1787948860,Crystal,274,14,SMN
Sandoz Nakao,10931721,277,270,Sargatanas,Aether,198,0,dbfb04dfbbe3ea56cd066152b1c185fb_ba22853447012a24cee115315d6a5bebfc0.jpg?1787948917,Crystal,181,2,NIN
Cassian Aten,49727028,278,271,Ultros,Primal,198,0,beba5702725b35f7f383e56d8c6eeb6c_c514cdcdb619439df97d906d4434ccc6fc0.jpg?1787950207,Crystal,68,0,UNK
Glamour Police,42569529,279,272,Faerie,Aether,198,0,628a713ff9a3e9604964fec89696bc80_0e336ff6ad415f47233f0aaf127feac0fc0.jpg?1787950223,Crystal,54,0,MCH
Radanis Luminacht,16920977,280,273,Sargatanas,Aether,198,0,b371d311f8b15d14c5d5b08dda36ab7f_ba22853447012a24cee115315d6a5bebfc0.jpg?1787948600,Crystal,1,0,MCH
Tree Cat,26335365,281,274,Jenova,Aether,197,0,33c88618a561b4c9a812b3fe8cb0ba15_ce736afe35e2ded4e46c4fd0659aef7efc0.jpg?1787950213,Crystal,2,0,WHM
Sensus Meow,3918158,282,275,Gilgamesh,Aether,196,0,c830651186889d4902ef13cefd58a832_b937560c841465f7c4bc8eb47ea7948afc0.jpg?1787950605,Crystal,1,0,BRD
Unit Two,9241194,283,276,Ultros,Primal,195,0,641de9f4edfaf7fe05a95460092c87ef_c514cdcdb619439df97d906d4434ccc6fc0.jpg?1787950201,Crystal,147,0,SCH
Flipped Hellcat,21788780,284,277,Brynhildr,Crystal,105,0,2ae61210380d605b7b52e1b3372b5079_d0a0f515a62457570c9b44997063e3c1fc0.jpg?1787948154,Crystal,34,0,UNK
Renzo Jinwoo,34732404,285,279,Seraph,Dynamis,102,0,5661b5945f2e3c2ffb7cc17ead7445b0_07fb0511053f398d1f2d6831e6a6b4c8fc0.jpg?1787948100,Crystal,178,4,SMN
Agreed Indeed,35442337,286,281,Cactuar,Aether,102,0,420d1175f93ad013aa9ab84ae2d42209_96ab1df8877c1f8ba6a89a39cccfd437fc0.jpg?1787951494,Crystal,11,0,BLM
Gidson Brand,28304013,287,282,Goblin,Crystal,101,0,876c2dd63c77339205c6fe96b4bd3d82_8e81e2940511f7152ba4462fe53e35b8fc0.jpg?1787947949,Crystal,40,0,WAR
Tegridy Weed,3469679,288,283,Midgardsormr,Aether,101,0,96f7b1ca58cffc2cdcbb1df90d116807_5c8ecfbc673e1287a9b5e85423fe1657fc0.jpg?1787948973,Crystal,29,1,AST
Ace Dorayaki,34266163,289,284,Mateus,Crystal,100,0,2a9eb696c40033fe1c17e7506f93392e_f0c52cc66e124fc2e641d7c21ab2ce79fc0.jpg?1787950788,Crystal,271,0,SAM
June Freyja,10894711,290,285,Brynhildr,Crystal,100,0,a53a85398b567470f54962e592f2684d_d0a0f515a62457570c9b44997063e3c1fc0.jpg?1787948436,Crystal,191,0,SAM
Deep-fried Shrimp,39013955,291,286,Halicarnassus,Dynamis,100,0,8c854c8dde07c11059f113329f369709_f2d324d722b28bbe681b2898bcdca8bffc0.jpg?1787951080,Crystal,187,0,MCH
Dewdrop Ex'nivis,42142474,292,287,Coeurl,Crystal,100,0,4d866401d0e56d8747b77e186b624f24_284358f8eb4efc9095914e46798c6ab3fc0.jpg?1787950416,Crystal,154,0,ALC
Fawa Gyoji,37307350,293,288,Famfrit,Primal,100,0,e22002145961150a9fd58c297601d8b8_fce4949e615393e574f2d57134b31fc1fc0.jpg?1787949183,Crystal,118,0,WHM
Saber Moon,21231710,294,289,Hyperion,Primal,100,0,f476acb444c0e146dd44d5351357e426_57ae9ee5592123dd79c8912bf768cf99fc0.jpg?1787950527,Crystal,92,0,SGE
Kalatia Silverscale,52796419,295,290,Hyperion,Primal,100,0,1a27aed774a0a73e8c95467c7bf6e956_57ae9ee5592123dd79c8912bf768cf99fc0.jpg?1787951171,Crystal,91,0,UNK
Haley Comet,27668347,296,291,Cactuar,Aether,100,0,2b237658ff580795f602f2f1b6069a76_96ab1df8877c1f8ba6a89a39cccfd437fc0.jpg?1787949177,Crystal,89,0,BRD
Rouge Sunwing,50315022,297,292,Excalibur,Primal,100,0,e083dde5de8a5564f1aa8b12e6add888_745baffc465480ed372e274d50318290fc0.jpg?1787951497,Crystal,85,4,MIN
John Darksouls,32702843,298,293,Adamantoise,Aether,100,0,f1fbda91f49b5975e8a2cb80a74e40ad_1f5fd239b885860b7c2bfc72ad1d97effc0.jpg?1787949433,Crystal,73,1,PLD
Tilly Fischer,50755461,299,295,Mateus,Crystal,100,0,8d9ea9fa34ef69de99164fca236c11dd_f0c52cc66e124fc2e641d7c21ab2ce79fc0.jpg?1787951435,Crystal,72,8,SMN
Leifon Altugle,8395678,300,294,Gilgamesh,Aether,100,0,3e2aacdbdd9e8d035f4294a4a24ef84d_b937560c841465f7c4bc8eb47ea7948afc0.jpg?1787948119,Crystal,69,0,VPR
Ash Kitamura,26629771,1,0,Ravana,Materia,0,0,33c0c99f7649a707ea0e8e4da0340efb_2f53b2675d3eea360f0b48d74d30af15fc0.jpg?1787948070,Diamond,81,0,AST
Enrei Mihata,49665542,2,0,Ravana,Materia,0,0,9df67e19d234830f2d797bb6efbad836_2f53b2675d3eea360f0b48d74d30af15fc0.jpg?1787949567,Diamond,37,0,DRG
Fatahh Wizardcat,60429758,3,0,Zurvan,Materia,0,0,0a04508a6feea55f3b4227e7d574212a_1fa3a1b3845481a1b67b46854a3cc49afc0.jpg?1787950625,Platinum,52,0,BLM
Queue Up,44283543,4,0,Ravana,Materia,0,0,341e0565d728c5334b58960edfc1c897_2f53b2675d3eea360f0b48d74d30af15fc0.jpg?1787948118,Platinum,42,0,PLD
Shiki Hime,41619079,5,0,Sophia,Materia,0,0,e0f33871fdd9bcb0012cace0f140b504_ba15a18cd3a8fb567e39053022515eb6fc0.jpg?1787950788,Platinum,39,0,WAR
Sora Teppelin,7487042,6,0,Sophia,Materia,0,0,3d849e783499c238b2f4d439e3a8c2a7_ba15a18cd3a8fb567e39053022515eb6fc0.jpg?1787950544,Platinum,35,0,VPR
Shiny Jirachi,51220221,7,0,Sophia,Materia,0,0,f1b04aa626472a08642b4f93d911f87c_ba15a18cd3a8fb567e39053022515eb6fc0.jpg?1787950200,Platinum,11,0,SAM
Raiosu Eucliffe,45249258,8,0,Ravana,Materia,0,0,a21442f92d53ab89cab416d41fe9132d_2f53b2675d3eea360f0b48d74d30af15fc0.jpg?1787948266,Platinum,53,0,BRD
Nyanyanyanya Nyanyan,48648775,9,0,Ravana,Materia,0,0,ec08e9f45b8d4335b412f3e39f4458e2_2f53b2675d3eea360f0b48d74d30af15fc0.jpg?1787949636,Platinum,29,0,WHM
Ku Ku,58267971,10,0,Sophia,Materia,0,0,77db43d75ac5ffe3d585318a47534ab9_ba15a18cd3a8fb567e39053022515eb6fc0.jpg?1787951397,Platinum,52,0,BRD
Master Zoknik,61010055,11,0,Zurvan,Materia,0,0,bfa135b89b0fb27fe708b3a427bd667f_1fa3a1b3845481a1b67b46854a3cc49afc0.jpg?1787950370,Platinum,88,0,SMN
Jiraiya Sannin,47974804,12,0,Ravana,Materia,0,0,6a5cc312529bc78b7d0bbbf5f41983af_2f53b2675d3eea360f0b48d74d30af15fc0.jpg?1787948158,Platinum,45,0,WAR
Esperance Lightbound,16103781,13,0,Ravana,Materia,0,0,0d3ff648d49892a8fc3bd67490985032_2f53b2675d3eea360f0b48d74d30af15fc0.jpg?1787948065,Platinum,40,0,PLD
Syth Isi,14766898,14,0,Sephirot,Materia,0,0,4eef23c58ccbdfd054240b7a6afee3df_30a5f9eadea6e0cb684a5265362d0d59fc0.jpg?1787948124,Platinum,31,0,SGE
Lil Wu,39781651,15,0,Ravana,Materia,0,0,883868199332c12050d61887025475bc_2f53b2675d3eea360f0b48d74d30af15fc0.jpg?1787951242,Platinum,38,0,PLD
Monkey Rat,28956529,16,0,Zurvan,Materia,0,0,bd13db4ebaa363278dd269b5941ae816_1fa3a1b3845481a1b67b46854a3cc49afc0.jpg?1787947950,Platinum,75,0,BLM
Unshao Theruun,36386941,17,0,Sephirot,Materia,0,0,ec8f93abdc73eddcd17e0450db1cb572_30a5f9eadea6e0cb684a5265362d0d59fc0.jpg?1787949294,Platinum,28,0,WAR
Aleksei Veldoch,39931654,18,0,Ravana,Materia,0,0,ef0923b785702de5a588b383a0d1bcea_2f53b2675d3eea360f0b48d74d30af15fc0.jpg?1787951399,Platinum,47,0,NIN
Noelle Frost,59496366,19,0,Zurvan,Materia,0,0,5e03b95700bb3e6556a80cb9336a41d2_1fa3a1b3845481a1b67b46854a3cc49afc0.jpg?1787950819,Platinum,40,0,WHM
Boz Ulceros,32280980,20,0,Ravana,Materia,0,0,269b081d650bf5598fd5a3f9419b8b43_2f53b2675d3eea360f0b48d74d30af15fc0.jpg?1787948793,Platinum,72,0,SAM
Funeral Pyre,29286073,21,0,Zurvan,Materia,0,0,48d5de4023484583f2225a2026548284_1fa3a1b3845481a1b67b46854a3cc49afc0.jpg?1787951014,Platinum,61,0,SMN
Mars Bars,41756039,22,0,Sophia,Materia,0,0,87af5886ec3b52e7e582ccc7755f6a9b_ba15a18cd3a8fb567e39053022515eb6fc0.jpg?1787948056,Platinum,49,0,DRG
Chs Crane,37655547,23,0,Sophia,Materia,0,0,7cd2d4b420716bf684bdd41ef37d9319_ba15a18cd3a8fb567e39053022515eb6fc0.jpg?1787948209,Platinum,30,0,DRG
Simetras Sol,38726083,24,0,Ravana,Materia,0,0,fc54c458f2e80d3680f50e6026011ab7_2f53b2675d3eea360f0b48d74d30af15fc0.jpg?1787949456,Gold,131,0,SCH
Lillian Melikai,42502039,25,0,Ravana,Materia,0,0,6c5f22e96162240c2bb96702fcbe123b_2f53b2675d3eea360f0b48d74d30af15fc0.jpg?1787949398,Gold,47,0,GNB
Coffee Lover,50333621,26,0,Sophia,Materia,0,0,3c4552eb56bfb14f36d9b512873eac0d_ba15a18cd3a8fb567e39053022515eb6fc0.jpg?1787947967,Gold,42,0,UNK
Twitch Pvpash,58310287,27,0,Sephirot,Materia,0,0,825390c1ecfa92c4ed45d4ff7a91e39e_30a5f9eadea6e0cb684a5265362d0d59fc0.jpg?1787949209,Gold,35,0,PLD
Disco Knees,36101852,28,0,Sophia,Materia,0,0,48d0a8dae7efe9ad10780f28920a969b_ba15a18cd3a8fb567e39053022515eb6fc0.jpg?1787949890,Gold,33,0,DRG
Seth Nier,10650761,29,0,Sophia,Materia,0,0,64bba40966450747199bec23184e47a3_ba15a18cd3a8fb567e39053022515eb6fc0.jpg?1787948781,Gold,26,0,VPR
Izaray Wintergray,40906176,30,0,Sophia,Materia,0,0,be2f5b4e324fa72cd4ef19d0c29f10da_ba15a18cd3a8fb567e39053022515eb6fc0.jpg?1787950152,Gold,37,0,DRG
Stupid Puzzle,57160120,31,0,Ravana,Materia,0,0,7af9b543418115db5c1299f1abb4e123_2f53b2675d3eea360f0b48d74d30af15fc0.jpg?1787948129,Gold,45,0,DRG
Stu Vermillion,45923134,32,0,Sephirot,Materia,0,0,542be51b9ba1f8c4c217e94d2b96e3aa_30a5f9eadea6e0cb684a5265362d0d59fc0.jpg?1787950843,Gold,35,0,MCH
Jena Kuwahara,28003546,33,0,Ravana,Materia,0,0,5bacb190ffd91b392df04923b13fa29a_2f53b2675d3eea360f0b48d74d30af15fc0.jpg?1787950136,Gold,98,0,WHM
Vielle Drillemont,52770027,34,0,Ravana,Materia,0,0,6c212c0698d00b38fb5cb7d51dcf91bf_2f53b2675d3eea360f0b48d74d30af15fc0.jpg?1787948763,Gold,74,0,PCT
Aislinn Rose,47395507,35,0,Ravana,Materia,0,0,920c56af8cba5363c65e0c83dbbcac71_2f53b2675d3eea360f0b48d74d30af15fc0.jpg?1787948054,Gold,68,0,MNK
Brian Ricardo,41560139,36,0,Sophia,Materia,0,0,678ed14a243387459872b7217f75e382_ba15a18cd3a8fb567e39053022515eb6fc0.jpg?1787948062,Gold,26,0,SGE
Noah Marlowe,16149159,37,0,Ravana,Materia,0,0,ec4ee34b34397ee883bd89175e1f15df_2f53b2675d3eea360f0b48d74d30af15fc0.jpg?1787950931,Gold,15,0,RDM
Scarlette Harlette,51206657,38,0,Sephirot,Materia,0,0,2f63ccbdc329fa14480887bf4c0dfa0e_30a5f9eadea6e0cb684a5265362d0d59fc0.jpg?1787950674,Gold,64,0,RPR
Berogi Avarous,37261319,39,0,Sophia,Materia,0,0,5fbe574c31dc7541b2bb18753fed8278_ba15a18cd3a8fb567e39053022515eb6fc0.jpg?1787950640,Gold,25,0,MNK
Han Liu,44640291,40,0,Ravana,Materia,0,0,55233b520f90487f51f380e2add5fc3d_2f53b2675d3eea360f0b48d74d30af15fc0.jpg?1787950471,Gold,87,0,MNK
Lion Lord,60332724,41,0,Ravana,Materia,0,0,72fbb269e357d68127cd61715f152bc8_2f53b2675d3eea360f0b48d74d30af15fc0.jpg?1787948206,Gold,57,0,BRD
Lupercal Aurelian,37936946,42,0,Ravana,Materia,0,0,93674d47ae679f2b2191e0d82e33123f_2f53b2675d3eea360f0b48d74d30af15fc0.jpg?1787948217,Gold,25,0,MCH
Arvus Lake,60370728,43,0,Bismarck,Materia,0,0,3491a10775fcbbb5a0c1329925f30f4f_36f0570990ac5402b2ef514d36b0435cfc0.jpg?1787949219,Gold,17,0,MNK
Nirki Yukumo,41663432,44,0,Zurvan,Materia,0,0,c950234c9a872ae2ab8476f696fcb74f_1fa3a1b3845481a1b67b46854a3cc49afc0.jpg?1787950908,Gold,20,0,PLD
Neo Zee,58982637,45,0,Ravana,Materia,0,0,c042f71fe47095dad35d5764027056d1_2f53b2675d3eea360f0b48d74d30af15fc0.jpg?1787949454,Gold,38,0,BRD
Juru'a Mihrulh,48704606,46,0,Zurvan,Materia,0,0,80aa9b34947750aa356810124a11ba19_1fa3a1b3845481a1b67b46854a3cc49afc0.jpg?1787950911,Gold,63,0,MCH
Zervish Vanht,21659747,47,0,Ravana,Materia,0,0,ff2403388bd597c0b3fb62c30e9bff67_2f53b2675d3eea360f0b48d74d30af15fc0.jpg?1787949326,Gold,23,0,GNB
Byakko Moon,10831175,48,0,Sephirot,Materia,0,0,7d8049ebe32efa74e5107944b1e43d15_30a5f9eadea6e0cb684a5265362d0d59fc0.jpg?1787948000,Gold,3,0,WHM
Wierd Dude,58113414,49,0,Sephirot,Materia,0,0,c887fa7d587b2205b349abb82627a0d1_30a5f9eadea6e0cb684a5265362d0d59fc0.jpg?1787950310,Gold,63,0,MCH
Sukoshi Ninjin,57860048,50,0,Sophia,Materia,0,0,b41a0bd7b5958d56cec5f84314a28f3a_ba15a18cd3a8fb567e39053022515eb6fc0.jpg?1787950320,Gold,32,0,UNK
Aurum Blaiddyd,10794239,51,0,Sophia,Materia,0,0,8b76648a8cb1cbbd4f1c870189433f3a_ba15a18cd3a8fb567e39053022515eb6fc0.jpg?1787947950,Gold,13,0,PCT
Clars Lester,951178,52,0,Sephirot,Materia,0,0,46727c8d445323c9e5b8140d37027050_30a5f9eadea6e0cb684a5265362d0d59fc0.jpg?1787950208,Silver,62,0,WAR
Sebastian Michaelis,42038341,53,0,Sephirot,Materia,0,0,17f4346a95c45541b337263d60106b3f_30a5f9eadea6e0cb684a5265362d0d59fc0.jpg?1787947990,Silver,59,0,BTN
Sana Miyata,34196273,54,0,Ravana,Materia,0,0,4a94c0f8b59e635e8748a32f11cc42f8_2f53b2675d3eea360f0b48d74d30af15fc0.jpg?1787951139,Silver,31,0,SCH
Birdy Lou,40000398,55,0,Sophia,Materia,0,0,a8894121a60bc81621d47edf1ee0577b_ba15a18cd3a8fb567e39053022515eb6fc0.jpg?1787948897,Silver,29,0,DRK
J'mo H',10666399,56,0,Sephirot,Materia,0,0,53873e717cbf7baeb168205935077671_30a5f9eadea6e0cb684a5265362d0d59fc0.jpg?1787949635,Silver,17,0,AST
Cwenhild Reid,41763782,57,0,Sophia,Materia,0,0,c9d176025665cc1528a984e82a81fd64_ba15a18cd3a8fb567e39053022515eb6fc0.jpg?1787948611,Silver,24,0,SAM
Pollux Renault,45246168,58,0,Ravana,Materia,0,0,af456258cb5d3ca7c42bb950f92247de_2f53b2675d3eea360f0b48d74d30af15fc0.jpg?1787948127,Silver,13,0,MNK
Ranko Riselle,47223883,59,0,Sophia,Materia,0,0,301cb977b468ead36aa13c049b17f861_ba15a18cd3a8fb567e39053022515eb6fc0.jpg?1787948408,Silver,11,0,UNK
Anzac Fenrir,10988408,60,0,Ravana,Materia,0,0,6c7b02f93e5250249333e13f236fc545_2f53b2675d3eea360f0b48d74d30af15fc0.jpg?1787949877,Silver,31,0,DNC
Kensuke Sugimori,59626210,60,0,Zurvan,Materia,0,0,b8c23a3c5466f6621fe9629c20c0b897_1fa3a1b3845481a1b67b46854a3cc49afc0.jpg?1787950051,Silver,31,0,PLD
Eustace Madao,44593837,62,0,Ravana,Materia,0,0,687914339d33024fe783e72eb5a1929f_2f53b2675d3eea360f0b48d74d30af15fc0.jpg?1787949728,Silver,22,0,RPR
Elto Malto,55670275,63,0,Zurvan,Materia,0,0,6625d7f60a549d4e764bdbbb6315b573_1fa3a1b3845481a1b67b46854a3cc49afc0.jpg?1787949354,Silver,17,0,UNK
Peaceful Serenity,44576253,64,0,Sephirot,Materia,0,0,ae7fb16a93fad97a522145bf683d894f_30a5f9eadea6e0cb684a5265362d0d59fc0.jpg?1787948764,Silver,0,0,RDM
Cucu Cucumber,43336963,65,0,Sophia,Materia,0,0,d0bedba76c1744686e4fafd9d31eeb08_ba15a18cd3a8fb567e39053022515eb6fc0.jpg?1787950861,Silver,40,0,BLM
Frierens Feet,18696306,66,0,Bismarck,Materia,0,0,55c56c5779dac3caf6a9e915a44a972d_36f0570990ac5402b2ef514d36b0435cfc0.jpg?1787951501,Silver,29,0,SMN
Persona Non-grata,59997612,66,0,Ravana,Materia,0,0,817d96e78e710beff47ca2d76caa6b30_2f53b2675d3eea360f0b48d74d30af15fc0.jpg?1787950470,Silver,29,0,PLD
C'ranmaia Lizha,60465549,68,0,Bismarck,Materia,0,0,f41736abfa17637ee6e1f020f2787726_36f0570990ac5402b2ef514d36b0435cfc0.jpg?1787948052,Silver,18,0,UNK
Shiny Garchomp,44081260,69,0,Ravana,Materia,0,0,a9aeaf4658d90c68d46e7086d323e456_2f53b2675d3eea360f0b48d74d30af15fc0.jpg?1787949974,Silver,17,0,MCH
Minty Dew,11254788,70,0,Sephirot,Materia,0,0,afdf4d4e1f96c8e17ed8dbbb09ea4e01_30a5f9eadea6e0cb684a5265362d0d59fc0.jpg?1787947953,Silver,12,0,DNC
Pompitous Litchous,28520377,71,0,Sephirot,Materia,0,0,ab4abed9c2f0b5369480818f95581f87_30a5f9eadea6e0cb684a5265362d0d59fc0.jpg?1787949267,Silver,10,0,RPR
Red Pocket,57790009,72,0,Zurvan,Materia,0,0,9ee6578b70ebe2412c9a6a3b9539d845_1fa3a1b3845481a1b67b46854a3cc49afc0.jpg?1787948201,Silver,1,0,UNK
Magnolia Moonsong,39932795,73,0,Sephirot,Materia,0,0,a9e5b8f87ce0e4e7d236eef2abfe90e0_30a5f9eadea6e0cb684a5265362d0d59fc0.jpg?1787951505,Silver,19,0,RDM
Sil Vanht,3592400,74,0,Ravana,Materia,0,0,7557bb5d8d4d13b13e750b30dbd34093_2f53b2675d3eea360f0b48d74d30af15fc0.jpg?1787949326,Silver,9,0,PLD
Re- G',41760350,75,0,Sophia,Materia,0,0,b5e032ba04147a101b5a91d07703c313_ba15a18cd3a8fb567e39053022515eb6fc0.jpg?1787948624,Silver,0,0,UNK
Tiny Seda,43818296,76,0,Ravana,Materia,0,0,21e2b2de9125d9cf1b99748fa9eef0e2_2f53b2675d3eea360f0b48d74d30af15fc0.jpg?1787949073,Silver,37,0,PLD
Venase Tym,61779775,77,0,Sophia,Materia,0,0,24aac6d5abd68d4dc957bd7c98ba27f2_ba15a18cd3a8fb567e39053022515eb6fc0.jpg?1787949228,Silver,18,0,UNK
Zero Alexander,18446688,78,0,Sophia,Materia,0,0,f2e26342d51255236baa45461f41bf5b_ba15a18cd3a8fb567e39053022515eb6fc0.jpg?1787950976,Silver,14,0,NIN
Temp Arie,41750566,79,0,Zurvan,Materia,0,0,73bdd493fc471827004a90a5745ff400_1fa3a1b3845481a1b67b46854a3cc49afc0.jpg?1787949736,Silver,13,0,PLD
Awayi Soleil,40986096,80,0,Zurvan,Materia,0,0,c84676ef434b75aec3260707fcad3d8a_1fa3a1b3845481a1b67b46854a3cc49afc0.jpg?1787951193,Silver,12,0,BLM
Swhe Swoo,28568079,81,0,Sephirot,Materia,0,0,fbccbe709d21605c6f47dec5052b1238_30a5f9eadea6e0cb684a5265362d0d59fc0.jpg?1787951474,Silver,9,0,VPR
Levinia Lumina,25634480,82,0,Ravana,Materia,0,0,9ba79c01085813db00f74aa9a46fd0c8_2f53b2675d3eea360f0b48d74d30af15fc0.jpg?1787948231,Silver,12,0,MCH
Liachen Thrope,29127861,83,0,Sophia,Materia,0,0,b0722934ed1329725ff744f9ae52c7ba_ba15a18cd3a8fb567e39053022515eb6fc0.jpg?1787948335,Silver,9,0,MIN
Goober Gooberm,48887220,84,0,Ravana,Materia,0,0,4523e0b4a5f923b67e31f18f801210af_2f53b2675d3eea360f0b48d74d30af15fc0.jpg?1787948835,Silver,18,0,ALC
Zepherii Sui,43963552,85,0,Sophia,Materia,0,0,31b395238c6120dc114964c652dc393b_ba15a18cd3a8fb567e39053022515eb6fc0.jpg?1787950550,Silver,16,0,AST
Athena' Aria,29939277,86,0,Ravana,Materia,0,0,c678c1cf7f9d7de3e80882588e7606e8_2f53b2675d3eea360f0b48d74d30af15fc0.jpg?1787950301,Silver,6,0,AST
Turuturu Mennmenn,51356780,87,0,Sephirot,Materia,0,0,501dec1a7db9bac050ecbd4f8028e6e6_30a5f9eadea6e0cb684a5265362d0d59fc0.jpg?1787949258,Bronze,19,0,MNK
Hotsingles Inyourarea,43275845,88,0,Sephirot,Materia,0,0,08be8dec8891190a5227c50c7650dd29_30a5f9eadea6e0cb684a5265362d0d59fc0.jpg?1787949833,Bronze,15,0,PCT
Makh'a Zruhn,42193944,89,0,Ravana,Materia,0,0,323be164f5593618bf1111ae4538ad96_2f53b2675d3eea360f0b48d74d30af15fc0.jpg?1787948450,Bronze,6,0,SAM
Ashmi Rae,18364101,90,0,Bismarck,Materia,0,0,2b3a41d227e2937852d5c1e031d5aba0_36f0570990ac5402b2ef514d36b0435cfc0.jpg?1787948351,Bronze,5,0,BRD
Tiny Wrath,25583557,91,0,Zurvan,Materia,0,0,2c82c1a404fc646361cabcf478aed323_1fa3a1b3845481a1b67b46854a3cc49afc0.jpg?1787951220,Bronze,24,0,MCH
Fio Vanetti,41633033,92,0,Ravana,Materia,0,0,f237b05eb696b7fe8e05b757513a1ca2_2f53b2675d3eea360f0b48d74d30af15fc0.jpg?1787950238,Bronze,12,0,DRG
Esuna Me,41693115,93,0,Sophia,Materia,0,0,a228e053489ecc9e042fda80c30c0c67_ba15a18cd3a8fb567e39053022515eb6fc0.jpg?1787948515,Bronze,11,0,SMN
Ashe Elven,60375475,94,0,Ravana,Materia,0,0,d4a5d51981aa859d5ce41248e280c696_2f53b2675d3eea360f0b48d74d30af15fc0.jpg?1787947959,Bronze,10,0,PLD
Mandakavaa Malaguld,37955863,95,0,Bismarck,Materia,0,0,28368cf0fe654896ddafdbaa7c7a6a56_36f0570990ac5402b2ef514d36b0435cfc0.jpg?1787950484,Bronze,8,0,BRD
Vistra Vistra,37543108,96,0,Sophia,Materia,0,0,b46ab5b00ca34214d4593336a0f112ed_ba15a18cd3a8fb567e39053022515eb6fc0.jpg?1787951355,Bronze,4,0,RPR
Inconspicuous Miqo'te,3493859,97,0,Sophia,Materia,0,0,0b6b4d2c312f136911f9717c83c17997_ba15a18cd3a8fb567e39053022515eb6fc0.jpg?1787949075,Bronze,11,0,VPR
Aethon Shaan,60332336,98,0,Zurvan,Materia,0,0,2c608a6ec9ff59b0783f70b9c665a4b2_1fa3a1b3845481a1b67b46854a3cc49afc0.jpg?1787948869,Bronze,9,0,VPR
Therise Yld'amore,41754598,99,0,Bismarck,Materia,0,0,dea40bb49832c184ff5941cee3006818_36f0570990ac5402b2ef514d36b0435cfc0.jpg?1787950600,Bronze,7,0,BTN
Daeneris Stormborn,17816677,100,0,Zurvan,Materia,0,0,dd3c1f830e92ca4f902d42575517a37d_1fa3a1b3845481a1b67b46854a3cc49afc0.jpg?1787949823,Bronze,4,0,PCT
