name,id,cur_rank,prev_rank,world,dc,points,points_delta,portrait,tier,wins,wins_delta,job
Scarlet Rose,26616217,1,2,Spriggan,Chaos,2424,515,96ad88f23a708e8d6e391f669986d57c_feaf0a2e88ff164813fbc9b85876fa48fc0.jpg?1786098070,Omega,161,25,PLD
Aura Sphere,30657353,2,1,Zodiark,Light,2169,0,6cc4a373eafbcbf88a340a52d95f133e_c274370774c6bc3483cc8740805f41bcfc0.jpg?1786099626,Omega,63,0,PCT
Totsu Geki,60147602,3,8,Spriggan,Chaos,1935,574,1b45188bdbf3dd4afe9a37a646eaa4b9_feaf0a2e88ff164813fbc9b85876fa48fc0.jpg?1786100742,Omega,162,29,AST
Miyu Edelfelt,21335430,4,3,Phoenix,Light,1785,0,ba690d74246b4d07f543f0d9516feec2_5047bc596a4bab2dc7f7c120bb22dec5fc0.jpg?1786099835,Omega,128,0,AST
Pan Ther,47356852,5,4,Twintania,Light,1651,0,fc9492796dbee9f84ae010350ec7759c_c33f640c0cdd35f7def85b8aa31a0007fc0.jpg?1786099453,Omega,145,8,RPR
Sice Seven,15008161,6,5,Moogle,Chaos,1511,106,23657ac0d29f4bc5667ef1e00cf528f8_d7a9d5f85a29d6278ec1c7adc2c8d242fc0.jpg?1786100162,Omega,34,8,SGE
Tsukuyo Ritlas,37800185,7,9,Odin,Light,1510,200,eca30840fe0bed8e80f620b5f57c49de_644311b63b607133c989d7c1188467dafc0.jpg?1786097797,Omega,49,9,RDM
Miyu Moon,58918526,8,14,Moogle,Chaos,1486,199,1abf5ce3756f6fa0d1c5be2cd39491bc_d7a9d5f85a29d6278ec1c7adc2c8d242fc0.jpg?1786099543,Crystal,27,4,SAM
Saboree Catboy,36051653,9,11,Spriggan,Chaos,1474,173,b61ec1080d608b5a83f30baef219dc02_feaf0a2e88ff164813fbc9b85876fa48fc0.jpg?1786100609,Crystal,102,2,MNK
Loty Coldwind,36521588,10,6,Twintania,Light,1379,0,3632cf6d20598f5c4c7b748be7e19153_c33f640c0cdd35f7def85b8aa31a0007fc0.jpg?1786100363,Crystal,95,0,WAR
Crow Kaien,44749262,11,7,Zodiark,Light,1376,0,54e5719ccbdb45c6de28f017b4365207_c274370774c6bc3483cc8740805f41bcfc0.jpg?1786098647,Crystal,27,0,DRG
Maarato Cookie,20349526,12,15,Twintania,Light,1321,99,dbab16598b86bb31b2eb96070f723572_c33f640c0cdd35f7def85b8aa31a0007fc0.jpg?1786098353,Crystal,69,4,NIN
Tia Tomoe,41293767,13,10,Phoenix,Light,1308,0,7dc31b9a880ba3f36a3ef1208e0c5909_5047bc596a4bab2dc7f7c120bb22dec5fc0.jpg?1786099544,Crystal,42,0,SMN
Mamiyama Kamimama,37371304,14,16,Spriggan,Chaos,1300,97,3c6fd6569d3dce40308c9a2a1f3c3bfa_feaf0a2e88ff164813fbc9b85876fa48fc0.jpg?1786098666,Crystal,161,26,AST
Akari Tsuki,31005286,15,13,Louisoix,Chaos,1299,4,28e1cfaecfbf911dc3621f5de74642aa_0a122616f3718d3f45cab10fd8fc1604fc0.jpg?1786099062,Crystal,16,1,CRP
Ciel Melrose,58478493,16,12,Raiden,Light,1296,0,2c7b597e2437a00ad9f0fc0439c68531_a370664d98f658f4ed4e620f378f73cdfc0.jpg?1786100113,Crystal,22,0,SAM
Yasuki San,61688064,17,0,Phantom,Chaos,1145,0,37dbf9b8936faaf9c75f598c38dcac11_f0a43d6e5eea19af337a176e9836acddfc0.jpg?1786097959,Crystal,135,14,UNK
Ase Dora,42603487,18,37,Alpha,Light,1114,336,78626e6cf6f07875d5ac9527a5bd0c4d_6132295fcf5570fb8b0a944ef322a598fc0.jpg?1786097847,Crystal,139,19,MNK
Based Miqote,46487952,19,46,Twintania,Light,1102,587,5e2bb42e554586a20b050b7fd3f88e26_c33f640c0cdd35f7def85b8aa31a0007fc0.jpg?1786098956,Crystal,90,20,UNK
Shino Yaru,38308969,20,18,Phoenix,Light,1100,89,0662727bb913ed7fe3009f3542ea1e64_5047bc596a4bab2dc7f7c120bb22dec5fc0.jpg?1786100106,Crystal,66,5,UNK
Auelin Fae,18291844,21,26,Zodiark,Light,1095,193,2d6204db02c5efce86aca234fd6f1ce1_c274370774c6bc3483cc8740805f41bcfc0.jpg?1786100402,Crystal,50,16,RDM
Lhei Tayun,25191408,22,21,Zodiark,Light,1089,92,6ee93960f16da0ea5150fe1b7590dfa4_c274370774c6bc3483cc8740805f41bcfc0.jpg?1786100171,Crystal,86,1,BLM
Not Marci,51672179,23,22,Louisoix,Chaos,1011,303,b6c4338b1daa8161914134b74ee784f0_0a122616f3718d3f45cab10fd8fc1604fc0.jpg?1786098092,Crystal,66,33,DRG
Prisma Tic,38791879,24,19,Cerberus,Chaos,1009,0,5220c35172bb26154c862a6d485e37b8_777c57311d510ca65dac3c1077dee435fc0.jpg?1786100902,Crystal,117,30,AST
Resilla Frostflow,14658770,25,20,Cerberus,Chaos,1004,0,00a4e6250beb98b5644c87cffe8b7f4f_777c57311d510ca65dac3c1077dee435fc0.jpg?1786098847,Crystal,78,4,WHM
Sweet Light,41777815,26,31,Spriggan,Chaos,986,103,2e6808627bd2b8f0f5f0377d20cbbbc5_feaf0a2e88ff164813fbc9b85876fa48fc0.jpg?1786098824,Crystal,29,3,DNC
Leedo Dale,25033597,27,23,Zodiark,Light,981,0,9e122691e98bda2ea6abe86ed7b81a63_c274370774c6bc3483cc8740805f41bcfc0.jpg?1786099864,Crystal,187,28,SGE
Shimori Bunihara,35166011,28,24,Raiden,Light,975,0,c44c8fc68c230b1051ec35a527afe9ed_a370664d98f658f4ed4e620f378f73cdfc0.jpg?1786100148,Crystal,73,5,RPR
Lex'ander Wayfarer,18009481,29,25,Odin,Light,904,0,0adfa03fe11940a91e3b6a2ed08ddb88_644311b63b607133c989d7c1188467dafc0.jpg?1786098195,Crystal,32,0,DRK
Yun' Yun,11341467,30,27,Cerberus,Chaos,896,0,df098ceed6d9cf14cf61cc4110cd6cb5_777c57311d510ca65dac3c1077dee435fc0.jpg?1786100608,Crystal,80,6,SMN
Tyra Kett,26531277,31,28,Spriggan,Chaos,893,0,101b7ec48bba5c5e5b34fda1316c57bc_feaf0a2e88ff164813fbc9b85876fa48fc0.jpg?1786098174,Crystal,78,11,DRG
Elohim Meth,60682611,32,29,Raiden,Light,892,0,0b14f1751b014118eca06236e1fdf2bf_a370664d98f658f4ed4e620f378f73cdfc0.jpg?1786100612,Crystal,36,0,UNK
Tei Tei,36611700,33,30,Odin,Light,889,0,21c224545e3d3af775a3d377c8e444bf_644311b63b607133c989d7c1188467dafc0.jpg?1786100206,Crystal,74,0,SCH
Lybel Alyborias,25836089,34,32,Louisoix,Chaos,807,0,a86b680e6c4e5e23befaaaf535a158de_0a122616f3718d3f45cab10fd8fc1604fc0.jpg?1786098537,Crystal,66,0,RDM
Deadrise Mutombo,31730694,35,45,Ragnarok,Chaos,803,212,a382acb94313f23d966dd6d39d909bea_40d57ba713628f3f1ef5ef204b6d76d2fc0.jpg?1786097887,Crystal,40,10,NIN
Meryll Enetari,24681550,36,33,Cerberus,Chaos,800,0,f4fe16c70d7023e2101e19421c5abf1e_777c57311d510ca65dac3c1077dee435fc0.jpg?1786098738,Crystal,153,16,DNC
Misora Kaiatsa,25126040,37,34,Moogle,Chaos,796,0,80fa199452585ab77d14128509576300_d7a9d5f85a29d6278ec1c7adc2c8d242fc0.jpg?1786101154,Crystal,59,5,RDM
Xen Thique,40172078,38,35,Odin,Light,794,0,8930228f4df0c18feea28ebbb1c451f2_644311b63b607133c989d7c1188467dafc0.jpg?1786097936,Crystal,34,0,WHM
Dragonlife Saijax,29449285,39,36,Moogle,Chaos,794,0,3c08546d3793d12f77cc0b00d3a3af5b_d7a9d5f85a29d6278ec1c7adc2c8d242fc0.jpg?1786099097,Crystal,26,0,GNB
Holos Ymir,35299241,40,38,Cerberus,Chaos,704,0,f8029ed36fad032333305dfa455cddec_777c57311d510ca65dac3c1077dee435fc0.jpg?1786098536,Crystal,28,0,MCH
Vai Zol,38270926,41,39,Odin,Light,703,0,2e78b44195db83336b1acbe75927a864_644311b63b607133c989d7c1188467dafc0.jpg?1786098084,Crystal,40,2,RDM
Kimbi Aoe,24693270,42,53,Shiva,Light,697,393,67e0ddfb70faf5725a971d086cfdce61_3fbff0e6b620e4d259dc427abc6574dafc0.jpg?1786098611,Crystal,55,6,MCH
Illyrion Akatsuki,56186869,43,220,Odin,Light,695,695,b36972ee34bfd25f82ce348b32b6f5da_644311b63b607133c989d7c1188467dafc0.jpg?1786100769,Crystal,27,13,BSM
Dalik Mathis,9537863,44,40,Ragnarok,Chaos,694,0,fd4dde44208527cc20e58ba589d51f01_40d57ba713628f3f1ef5ef204b6d76d2fc0.jpg?1786099840,Crystal,65,11,BLM
A'dyalani Sato,10026278,45,41,Odin,Light,693,0,d072994a22af88090aecf6e5a3b85c36_644311b63b607133c989d7c1188467dafc0.jpg?1786099621,Crystal,59,3,MCH
Sophia Ariadne,11431073,46,42,Odin,Light,600,0,f4329ddf82a418a6e12f1ba978bc1523_644311b63b607133c989d7c1188467dafc0.jpg?1786100187,Crystal,45,0,WHM
Shia Sun,1754600,47,43,Odin,Light,599,0,7550981ba488e5ebe919aa3cb39efbfa_644311b63b607133c989d7c1188467dafc0.jpg?1786097873,Crystal,60,10,MNK
Baka Bao,30345026,48,44,Phantom,Chaos,594,0,57df7efcbcdf8f1aca84c4f1435c36ba_f0a43d6e5eea19af337a176e9836acddfc0.jpg?1786100273,Crystal,131,18,MNK
Myst Freyja,33906213,49,47,Omega,Chaos,512,0,240b879fd403fc16c04022b6075077ae_39e25ac3d737c46452305eefe324372cfc0.jpg?1786100963,Crystal,54,0,RPR
Neclord Drakan,34358772,50,96,Phoenix,Light,510,510,7e002012c8fc4f9e493cd5879573e088_5047bc596a4bab2dc7f7c120bb22dec5fc0.jpg?1786099856,Crystal,38,10,RPR
Master Zoknik,47233914,51,48,Omega,Chaos,498,0,47b7a0d3c4816d6dc7cb85c85a3685f7_39e25ac3d737c46452305eefe324372cfc0.jpg?1786101163,Crystal,69,0,BLM
Spedah Sashihai,46717230,52,56,Phantom,Chaos,497,199,916aa42d41d9cb06784f26d21d850c5a_f0a43d6e5eea19af337a176e9836acddfc0.jpg?1786097898,Crystal,52,2,SGE
Thor Strom,35911315,53,0,Cerberus,Chaos,496,0,3826da79ed71141aec290f69127b5c79_777c57311d510ca65dac3c1077dee435fc0.jpg?1786098671,Crystal,5,0,SCH
Seraban Mistodisushi,25116690,54,64,Omega,Chaos,402,202,9ab6f5d4307a747e8378402c6070b2a7_39e25ac3d737c46452305eefe324372cfc0.jpg?1786098259,Crystal,84,9,UNK
Raiden Thorne,27238016,55,49,Zodiark,Light,399,0,96a909af8d24d60f6d8173f8cc16facb_c274370774c6bc3483cc8740805f41bcfc0.jpg?1786097953,Crystal,8,0,RDM
Sunie Mochi,12728791,56,50,Twintania,Light,398,0,4760f9b45bd6f71f83adbd97ab87eae3_c33f640c0cdd35f7def85b8aa31a0007fc0.jpg?1786098897,Crystal,77,15,BRD
Yi Ma,60448295,57,51,Phoenix,Light,398,0,bb3af62117cae7488d9b02007f341c7b_5047bc596a4bab2dc7f7c120bb22dec5fc0.jpg?1786098491,Crystal,10,4,DNC
Yamizura Kumozuma,19652230,58,67,Twintania,Light,392,192,24bbc9cebf09eb83efcbc272c3085fd1_c33f640c0cdd35f7def85b8aa31a0007fc0.jpg?1786098285,Crystal,6,2,SCH
Mitsuki Mirai,18435457,59,58,Louisoix,Chaos,384,97,365f1772f387bd280bdbfc16afbd5e4e_0a122616f3718d3f45cab10fd8fc1604fc0.jpg?1786098984,Crystal,7,3,BLM
Yinwea Levai,36476322,60,52,Shiva,Light,307,0,944bf3a8e93fcc8f15f3f521462d11b5_3fbff0e6b620e4d259dc427abc6574dafc0.jpg?1786099290,Crystal,150,0,WAR
Ul Unhu,9592278,61,59,Phoenix,Light,301,93,d703e404c81140848dbcd200abc4ef7e_5047bc596a4bab2dc7f7c120bb22dec5fc0.jpg?1786098841,Crystal,124,17,BRD
Farnese Shieldmaiden,24419493,62,54,Cerberus,Chaos,301,0,dcec016c4a6cd9a2bd3a2b73183f5a65_777c57311d510ca65dac3c1077dee435fc0.jpg?1786098740,Crystal,15,0,DRK
Neo Saladin,60195724,63,55,Alpha,Light,299,0,d61ef205c9700150e78797546d2ac263_6132295fcf5570fb8b0a944ef322a598fc0.jpg?1786099451,Crystal,90,0,PLD
Tarutella Goldfish,4235488,64,57,Phoenix,Light,295,0,f269741c27ca22c02db955557e7283fa_5047bc596a4bab2dc7f7c120bb22dec5fc0.jpg?1786097956,Crystal,2,0,SCH
Zecht Bradamant,31785474,65,61,Omega,Chaos,214,10,b0b8438e6682f2931a1a930121d0ab43_39e25ac3d737c46452305eefe324372cfc0.jpg?1786098477,Crystal,98,1,MCH
Shiroko Momo,39619880,66,60,Odin,Light,207,0,83b4a27fbdf8dfdce9a7e095cc14bf41_644311b63b607133c989d7c1188467dafc0.jpg?1786100449,Crystal,87,8,BRD
Brutal Killer,8885117,67,62,Ragnarok,Chaos,203,0,30c6a6207c7e93d407784888a7f29c97_40d57ba713628f3f1ef5ef204b6d76d2fc0.jpg?1786098604,Crystal,3,0,GNB
Sayuri Maeshima,33888798,68,63,Omega,Chaos,201,0,9543e703e2409901a4e4c51fcd72a0bd_39e25ac3d737c46452305eefe324372cfc0.jpg?1786099880,Crystal,35,0,SCH
Maggot Maggot,61703768,69,77,Omega,Chaos,200,100,3657d57f4a20a5d901d7f4537f1b7307_39e25ac3d737c46452305eefe324372cfc0.jpg?1786098506,Crystal,90,10,DRK
Two Koma,51508003,70,65,Zodiark,Light,200,0,15a666f8d7bb67401300fae763ce4d32_c274370774c6bc3483cc8740805f41bcfc0.jpg?1786100320,Crystal,68,0,SAM
Selin Naari,16360751,71,66,Cerberus,Chaos,200,0,fb2c3681e2cb33bdcd7894d5aad0b9ec_777c57311d510ca65dac3c1077dee435fc0.jpg?1786097934,Crystal,20,0,SGE
Tay Talenath,45740169,72,68,Raiden,Light,199,0,b2fa0c7222f7e3ebe117f24a200e11d8_a370664d98f658f4ed4e620f378f73cdfc0.jpg?1786098008,Crystal,122,0,RPR
Phaey Yeon,58326616,73,69,Moogle,Chaos,199,0,6497d439e55c80c0156c198e7f135c78_d7a9d5f85a29d6278ec1c7adc2c8d242fc0.jpg?1786098021,Crystal,38,0,UNK
Hyzenthlay Efrafa,1817919,74,70,Ragnarok,Chaos,197,0,f61f49f2ed95a3709fa034686da0eb63_40d57ba713628f3f1ef5ef204b6d76d2fc0.jpg?1786098274,Crystal,21,0,RPR
Mats Luxed,36390152,75,71,Twintania,Light,196,0,4d98b4ef01ccfc9df166d83a5771a4ea_c33f640c0cdd35f7def85b8aa31a0007fc0.jpg?1786099055,Crystal,32,0,RDM
Zot To,18725302,76,72,Cerberus,Chaos,196,0,852c16bac4fe7f528a8653c65704e818_777c57311d510ca65dac3c1077dee435fc0.jpg?1786100106,Crystal,1,0,DRG
Chise Hatori',9182735,77,73,Ragnarok,Chaos,103,0,236f29f4984f26e6b197da380f104a63_40d57ba713628f3f1ef5ef204b6d76d2fc0.jpg?1786097737,Crystal,80,0,VPR
Magnus Skorweg,14288959,78,148,Cerberus,Chaos,100,100,36b3ca5cc0c3fa7edd1b5b276f54a6fc_777c57311d510ca65dac3c1077dee435fc0.jpg?1786100674,Crystal,124,11,MCH
Skillpade Skyr,37019657,79,74,Lich,Light,100,0,e520a31662bd7030c96e4951a4f2d301_7206469080400ed57a5373d0a9c55c59fc0.jpg?1786100658,Crystal,118,0,DRK
Cipher Strife,7955322,80,76,Ragnarok,Chaos,100,0,fd0f2644fe22871d381e6bae8798c484_40d57ba713628f3f1ef5ef204b6d76d2fc0.jpg?1786098716,Crystal,114,13,WAR
Lilia Sunvale,59323692,81,102,Phoenix,Light,100,100,01173bfd4d3bd682b07d6e9ac6dafd16_5047bc596a4bab2dc7f7c120bb22dec5fc0.jpg?1786100138,Crystal,105,9,BRD
Delzor Waka,40194085,82,75,Odin,Light,100,0,bde30c4caff355f65cf9761727b12725_644311b63b607133c989d7c1188467dafc0.jpg?1786098891,Crystal,102,0,VPR
Akito Kotomine,14113084,83,116,Cerberus,Chaos,100,100,6535eaee5701ca6c10beffbfc70273c9_777c57311d510ca65dac3c1077dee435fc0.jpg?1786099081,Crystal,70,3,SGE
Gaspard Deguingoix,11032081,84,106,Moogle,Chaos,100,100,b9283e6a6be9cd219ee0afea98546775_d7a9d5f85a29d6278ec1c7adc2c8d242fc0.jpg?1786098043,Crystal,65,15,AST
Elyndra Mayhn,27143285,85,78,Twintania,Light,100,0,e4b30c11c8c987996e50ee4c5899c037_c33f640c0cdd35f7def85b8aa31a0007fc0.jpg?1786098736,Crystal,59,0,ARC
Lsi Lsi,47353875,86,105,Lich,Light,100,100,792b3235fe2fbd35d956e856c210194f_7206469080400ed57a5373d0a9c55c59fc0.jpg?1786099383,Crystal,58,3,DRK
Memento Mo'ri,1641495,87,79,Ragnarok,Chaos,100,0,86323bce84189061b1d71ff1dc25266a_40d57ba713628f3f1ef5ef204b6d76d2fc0.jpg?1786098480,Crystal,57,0,ARM
Yellow Blue,58488618,88,80,Spriggan,Chaos,100,0,51731f8a93c1d8b59b5c3ded4ffb5a64_feaf0a2e88ff164813fbc9b85876fa48fc0.jpg?1786100441,Crystal,56,0,RDM
Madelynn Veil,49771412,89,81,Omega,Chaos,100,0,92f91d9225bb816c6562fb117814681e_39e25ac3d737c46452305eefe324372cfc0.jpg?1786099081,Crystal,55,0,RDM
Feri De,32873333,90,82,Twintania,Light,100,0,04fae792c920333e5bdc3287c0df72e4_c33f640c0cdd35f7def85b8aa31a0007fc0.jpg?1786098781,Crystal,52,2,WHM
Alex Rider,18844824,91,107,Raiden,Light,100,100,88e1d370b1f9d1b22933e6476449b463_a370664d98f658f4ed4e620f378f73cdfc0.jpg?1786099309,Crystal,47,11,SMN
Pattinger Kersel,8183392,92,83,Raiden,Light,100,0,4fec5839fc0fc0bba3a80fc4e1910660_a370664d98f658f4ed4e620f378f73cdfc0.jpg?1786099652,Crystal,44,0,WHM
Sotek Scherwil,486374,93,108,Twintania,Light,100,100,c881840c18d6c9fc415801f5f8240174_c33f640c0cdd35f7def85b8aa31a0007fc0.jpg?1786099654,Crystal,37,11,RDM
Sakurane Zero'yuurai,13075529,94,84,Ragnarok,Chaos,100,0,b65369d4b043831749f5fa45d2428e30_40d57ba713628f3f1ef5ef204b6d76d2fc0.jpg?1786098362,Crystal,31,0,PCT
Wimp Lo,37793632,94,84,Zodiark,Light,100,0,45ed053d252c3a44eabe55329426aa37_c274370774c6bc3483cc8740805f41bcfc0.jpg?1786100049,Crystal,31,0,RDM
Yhren Vhal,56948558,96,100,Odin,Light,100,100,3f62ad2093c1016540ef936a5563823b_644311b63b607133c989d7c1188467dafc0.jpg?1786099095,Crystal,28,13,UNK
Riseon Misha,26343965,97,113,Zodiark,Light,100,100,d883dcfcee6650b3e6e1691bf6838f6c_c274370774c6bc3483cc8740805f41bcfc0.jpg?1786097586,Crystal,24,10,RDM
Ebin Almsivi,35310847,98,86,Shiva,Light,100,0,0c72e527d2d86c2ee8f4698832e880b5_3fbff0e6b620e4d259dc427abc6574dafc0.jpg?1786097696,Crystal,23,0,PLD
Luca Natura,26126798,98,99,Omega,Chaos,100,100,aee9a8f332f96a4c5a45923c0e82782a_39e25ac3d737c46452305eefe324372cfc0.jpg?1786099332,Crystal,23,3,PCT
Vanilla Blossom,41496807,98,86,Moogle,Chaos,100,0,b0e7d1b464d155d8791692fe2e47299d_d7a9d5f85a29d6278ec1c7adc2c8d242fc0.jpg?1786098894,Crystal,23,0,DRK
Yuripa Arashi,37731658,98,86,Shiva,Light,100,0,73ff0d0b3cc5f92ec79dabffa2bedf80_3fbff0e6b620e4d259dc427abc6574dafc0.jpg?1786098528,Crystal,23,0,FSH
Yuumi Fish,25707217,102,89,Cerberus,Chaos,100,0,1a7ebbda26c28eb61f262b9fb37e8c6e_777c57311d510ca65dac3c1077dee435fc0.jpg?1786101156,Crystal,18,0,DRK
Moki Moki,14235486,103,90,Odin,Light,100,0,82d3ef8d03fa7a6ddf4429f15fd296a2_644311b63b607133c989d7c1188467dafc0.jpg?1786097671,Crystal,1,0,WAR
Snap Ringer,18714030,103,90,Omega,Chaos,100,0,77577ce781d587b133c9c53da0974817_39e25ac3d737c46452305eefe324372cfc0.jpg?1786098740,Crystal,1,0,MIN
Limit Cat,37849108,105,92,Lich,Light,100,0,5b03795e0323d8633451ea410c4aeced_7206469080400ed57a5373d0a9c55c59fc0.jpg?1786097779,Crystal,0,0,RDM
Khorasan Ataraxia,47289604,106,93,Shiva,Light,0,0,721a6c9c723209b16696818df4cf0c93_3fbff0e6b620e4d259dc427abc6574dafc0.jpg?1786098280,Diamond,137,13,UNK
Wieg Wiggles,35061622,107,94,Lich,Light,0,0,61256a3e6c4f0c3dcc05469f5550d102_7206469080400ed57a5373d0a9c55c59fc0.jpg?1786100475,Diamond,82,0,DRK
Rave Bae,47220633,108,95,Alpha,Light,0,0,e640b0d43fa0078b032cbecc50b4e94c_6132295fcf5570fb8b0a944ef322a598fc0.jpg?1786099738,Diamond,61,2,SMN
Guimiko Miko,54285624,109,172,Moogle,Chaos,0,0,610c37aeb64c6149d7c6d5ea93a8114e_d7a9d5f85a29d6278ec1c7adc2c8d242fc0.jpg?1786099621,Diamond,40,5,WHM
Arienai Nashi,47596567,110,97,Zodiark,Light,0,0,ccbc05e41375849179a5f554d78d7ae1_c274370774c6bc3483cc8740805f41bcfc0.jpg?1786099162,Diamond,161,2,BLM
Rain Hoshino,6160241,111,136,Moogle,Chaos,0,0,fc4a751ebc0402023f56f7934007c9ef_d7a9d5f85a29d6278ec1c7adc2c8d242fc0.jpg?1786100363,Diamond,86,21,RDM
Glyceri Chosuti,30338174,112,98,Moogle,Chaos,0,0,6d93c9241424e92e6f0351d35d8b6eaa_d7a9d5f85a29d6278ec1c7adc2c8d242fc0.jpg?1786101136,Diamond,64,0,DNC
Ark Kekko,50821807,113,154,Omega,Chaos,0,0,b81b1c241e98f7a5f9b9c81665be1243_39e25ac3d737c46452305eefe324372cfc0.jpg?1786097791,Diamond,59,14,BRD
Baby Starz,27999014,114,144,Omega,Chaos,0,0,e8cb7daea22ff306dcc9397ecad5a4a2_39e25ac3d737c46452305eefe324372cfc0.jpg?1786098028,Diamond,44,14,DRG
Sal Ren,40787945,115,132,Phoenix,Light,0,0,9613f7a8c0a759977b8a3fe787fed7e0_5047bc596a4bab2dc7f7c120bb22dec5fc0.jpg?1786101042,Diamond,33,21,DRK
Littlebard Crits,44849524,116,101,Lich,Light,0,0,85155be3d7c3c8936c428085496b1e8d_7206469080400ed57a5373d0a9c55c59fc0.jpg?1786099953,Diamond,9,0,UNK
Keraunos Greywolfe,31183458,117,162,Alpha,Light,0,0,3431088cd9f33e5f20e30162c35286fd_6132295fcf5570fb8b0a944ef322a598fc0.jpg?1786099309,Diamond,175,17,SGE
Lavender Yumori,47189865,118,103,Phoenix,Light,0,0,c0a56a85a3c082e0dd3b96359531f30f_5047bc596a4bab2dc7f7c120bb22dec5fc0.jpg?1786101025,Diamond,66,0,WAR
Pat Olehouse,17156873,119,117,Lich,Light,0,0,54c944c62ef7bd68e95a2a558d856482_7206469080400ed57a5373d0a9c55c59fc0.jpg?1786098811,Diamond,64,12,PLD
Princess Emi,5884527,120,104,Twintania,Light,0,0,4ab2080550ab1fb15ca76fbfe8e8d512_c33f640c0cdd35f7def85b8aa31a0007fc0.jpg?1786098301,Diamond,57,0,PLD
Ino Based,41531397,121,214,Alpha,Light,0,0,ae8562754d31616305226909752bc4fd_6132295fcf5570fb8b0a944ef322a598fc0.jpg?1786100599,Diamond,39,9,VPR
Eve Naeuri,43290162,122,114,Sagittarius,Chaos,0,0,c143c5d5e461ba9e3f51c07a3de23e21_44ca0844398b2d010d8cd4a31ddb023dfc0.jpg?1786100982,Diamond,14,2,WHM
Benedikta Cucumber,55428569,123,207,Sagittarius,Chaos,0,0,1091166e96bfe839d8a067a8fc27848a_44ca0844398b2d010d8cd4a31ddb023dfc0.jpg?1786098094,Diamond,78,21,SMN
Haki Haki,8290724,123,109,Ragnarok,Chaos,0,0,3fc43df6da1c629c59b5cdae63dee7a7_40d57ba713628f3f1ef5ef204b6d76d2fc0.jpg?1786100565,Diamond,78,13,SMN
Magic Beans,43732030,125,110,Phoenix,Light,0,0,4a7e75e2be4f70e389e8807cc1d2b885_5047bc596a4bab2dc7f7c120bb22dec5fc0.jpg?1786100857,Diamond,53,9,GNB
Leenar Raim,45005021,126,111,Raiden,Light,0,0,cd15b6146d9e895f605fe9d8aa6e46d2_a370664d98f658f4ed4e620f378f73cdfc0.jpg?1786100031,Diamond,43,2,DNC
Lunaelumen Heartless,3344766,127,166,Phoenix,Light,0,0,442c49c53db78614043ce10aa9733411_5047bc596a4bab2dc7f7c120bb22dec5fc0.jpg?1786101076,Diamond,21,10,MCH
Aris Oz,41983172,128,112,Zodiark,Light,0,0,abbd4cf51609bf59977c5b4850c4c351_c274370774c6bc3483cc8740805f41bcfc0.jpg?1786098040,Diamond,20,0,DRK
Red Aura,58355527,129,0,Spriggan,Chaos,0,0,24685b07d940d962953f7111d4144e46_feaf0a2e88ff164813fbc9b85876fa48fc0.jpg?1786100292,Diamond,13,0,MNK
Lia Lothje,30611623,130,114,Odin,Light,0,0,12f34ee0f0d0404c9b47a7fea301f068_644311b63b607133c989d7c1188467dafc0.jpg?1786100300,Diamond,12,0,WAR
Erion Hein,39135014,131,151,Twintania,Light,0,0,ba6bc1e1e70e5f3402d91ecfcf7d01e8_c33f640c0cdd35f7def85b8aa31a0007fc0.jpg?1786099372,Diamond,93,10,MIN
Blunt Man,35300195,132,128,Louisoix,Chaos,0,0,bfddeb1fd8c57b9259f8bb179dd8158b_0a122616f3718d3f45cab10fd8fc1604fc0.jpg?1786098028,Diamond,63,9,SAM
Aragorn Pendragon,9019127,133,0,Ragnarok,Chaos,0,0,87aef8a41356f31d322683bdf3e6103b_40d57ba713628f3f1ef5ef204b6d76d2fc0.jpg?1786098623,Diamond,62,20,WHM
Sheidyn Windsor,30282791,134,118,Omega,Chaos,0,0,e3eaa192d0e2b6192580f940474cd0b5_39e25ac3d737c46452305eefe324372cfc0.jpg?1786098443,Diamond,33,0,WAR
Shadow Aya,54551815,135,119,Zodiark,Light,0,0,5ca13f39db9eefc50e8e57be73e7254e_c274370774c6bc3483cc8740805f41bcfc0.jpg?1786100297,Diamond,24,0,DRK
Gwen Farron,10011051,136,120,Ragnarok,Chaos,0,0,3348ff23f3315e0457aa0694f655e953_40d57ba713628f3f1ef5ef204b6d76d2fc0.jpg?1786098450,Diamond,14,0,VPR
Erika Avellana,45153856,137,121,Alpha,Light,0,0,d52954932b2c20e3d303cb8cf101f3eb_6132295fcf5570fb8b0a944ef322a598fc0.jpg?1786098821,Diamond,240,24,DRK
Lumine Heartseeker,37169102,138,123,Lich,Light,0,0,bef41e353f9709f6c26365adcd129410_7206469080400ed57a5373d0a9c55c59fc0.jpg?1786097984,Diamond,94,28,BRD
Hegel Gil,25438753,139,122,Omega,Chaos,0,0,5ed500fc1dd1d9cbbc95000a80326ff7_39e25ac3d737c46452305eefe324372cfc0.jpg?1786099542,Diamond,90,6,FSH
Evvie Hwyi,60349732,140,125,Phantom,Chaos,0,0,d4ebfd0621314af6eaf4a106071ff400_f0a43d6e5eea19af337a176e9836acddfc0.jpg?1786100094,Diamond,49,6,PLD
Magidolce Magileine,39132419,141,124,Twintania,Light,0,0,088bd05d5a98251023ecb7e28a638b68_c33f640c0cdd35f7def85b8aa31a0007fc0.jpg?1786100537,Diamond,46,0,SMN
Durinta Borlaaq,37706432,142,126,Twintania,Light,0,0,5f122a4f83176fe089d903a59809e108_c33f640c0cdd35f7def85b8aa31a0007fc0.jpg?1786098420,Diamond,37,0,SCH
Wwwwwwwwww Wwwwwwwwww,22934838,143,127,Odin,Light,0,0,44b50a04ce7aed4e2c4699753f5b83bc_644311b63b607133c989d7c1188467dafc0.jpg?1786097935,Diamond,28,4,SMN
Yoe Lleufyn,28631681,143,130,Phoenix,Light,0,0,9584dd8fac44ba749b0855105a0e29e9_5047bc596a4bab2dc7f7c120bb22dec5fc0.jpg?1786100844,Diamond,28,4,PCT
Brian Ricardo,23607238,145,129,Zodiark,Light,0,0,9c9d045f5f22c579ce5c24faa2b9b303_c274370774c6bc3483cc8740805f41bcfc0.jpg?1786098295,Diamond,39,0,SGE
Neppie Nen,38644421,146,158,Phoenix,Light,0,0,6744f6c777bfc017ed7318054ef44f3d_5047bc596a4bab2dc7f7c120bb22dec5fc0.jpg?1786099067,Diamond,25,7,DRG
Isca Mog,32212471,147,131,Zodiark,Light,0,0,e47f3ccc4bd8599193929766ab0abd2c_c274370774c6bc3483cc8740805f41bcfc0.jpg?1786100346,Diamond,19,0,AST
Mhia Mewrilah,26716262,148,0,Omega,Chaos,0,0,6b70c463b87dca3437d37504f74aad3b_39e25ac3d737c46452305eefe324372cfc0.jpg?1786100322,Diamond,11,0,WHM
Minmo Dev,7902844,149,133,Zodiark,Light,0,0,782214fa536a78747ce926bd4967671f_c274370774c6bc3483cc8740805f41bcfc0.jpg?1786098423,Diamond,108,8,BRD
Staz Hellcat,8016319,150,181,Cerberus,Chaos,0,0,c7e860ceda35e35e41bca47bf02624be_777c57311d510ca65dac3c1077dee435fc0.jpg?1786097719,Diamond,102,16,DRK
Naralis A'roihan,35460975,151,134,Odin,Light,0,0,39833ac3dfdbb3ea64ab911763fea294_644311b63b607133c989d7c1188467dafc0.jpg?1786099686,Diamond,98,15,SCH
Haadin Maero,25649806,152,135,Cerberus,Chaos,0,0,ab3efb60a6f01134129c732e6e60c255_777c57311d510ca65dac3c1077dee435fc0.jpg?1786097953,Diamond,78,0,RDM
Dundee Nic'hpisfa,35976824,153,138,Odin,Light,0,0,8eda92b5ce2e258786d149b7cb349e09_644311b63b607133c989d7c1188467dafc0.jpg?1786101032,Diamond,61,6,BRD
Leia Leia,61767715,154,137,Twintania,Light,0,0,da1bea022b3ca64e80681b4a30a9d7e1_c33f640c0cdd35f7def85b8aa31a0007fc0.jpg?1786099293,Diamond,56,0,UNK
Feral Jorex,21749898,155,140,Odin,Light,0,0,f9027c778862384a6ae4224efd2fe7c3_644311b63b607133c989d7c1188467dafc0.jpg?1786100980,Diamond,52,8,PLD
Zaiko Kazer,29649679,156,139,Lich,Light,0,0,ab5b87afe7d1d53f8a61b85e0c0d0e8d_7206469080400ed57a5373d0a9c55c59fc0.jpg?1786099877,Diamond,48,0,DRK
Remes Yveltar,21757305,157,140,Odin,Light,0,0,20b9e744e2190850310da72ffaf5c5d4_644311b63b607133c989d7c1188467dafc0.jpg?1786101103,Diamond,44,0,DRG
Sho'zhirr Shizahi-jo,28092848,158,142,Phoenix,Light,0,0,c6923f91c3f9e08d53d38488a3040788_5047bc596a4bab2dc7f7c120bb22dec5fc0.jpg?1786098269,Diamond,40,0,UNK
Renna Vorak,25421061,159,174,Raiden,Light,0,0,c2dc94bad32c136ebcdcb42ec56ba1c3_a370664d98f658f4ed4e620f378f73cdfc0.jpg?1786099797,Diamond,38,7,PLD
Bing Bing,50857849,160,143,Odin,Light,0,0,1a2b77cf04680b9bfe1c19f07f9f1f44_644311b63b607133c989d7c1188467dafc0.jpg?1786100774,Diamond,36,5,MCH
Decha Kirk,32806624,161,145,Moogle,Chaos,0,0,e50b415f85b832de8463247f434991ce_d7a9d5f85a29d6278ec1c7adc2c8d242fc0.jpg?1786099707,Diamond,23,0,BLM
Sin Mirrorslave,43994621,162,160,Raiden,Light,0,0,3f8e3345c252d3f9b50e27c481f91100_a370664d98f658f4ed4e620f378f73cdfc0.jpg?1786098282,Diamond,13,2,UNK
Roomi Mae,47248743,163,146,Raiden,Light,0,0,770a624522dc3f95ef75247a554dceb7_a370664d98f658f4ed4e620f378f73cdfc0.jpg?1786098557,Diamond,5,0,BTN
Acacia Strain,43137076,164,147,Raiden,Light,0,0,8678948c8fea34b563980d4a6da37e32_a370664d98f658f4ed4e620f378f73cdfc0.jpg?1786100129,Diamond,156,0,SMN
Lina Sunstar,52075433,165,149,Spriggan,Chaos,0,0,d60c4576e74acfcd0ed77a6ea5d48800_feaf0a2e88ff164813fbc9b85876fa48fc0.jpg?1786098990,Diamond,105,0,MNK
Riku Yamamoto,50962515,166,150,Raiden,Light,0,0,2737e3393944ab82a3eec48071df16a8_a370664d98f658f4ed4e620f378f73cdfc0.jpg?1786099743,Diamond,93,6,WAR
Nana Usui,34696904,167,208,Moogle,Chaos,0,0,abd9e807ccb2486ea89e3deab9cc56d2_d7a9d5f85a29d6278ec1c7adc2c8d242fc0.jpg?1786098953,Diamond,63,15,MCH
Ye Jin,49057312,168,152,Alpha,Light,0,0,c230435310db6e112e461dbdcafe4cf0_6132295fcf5570fb8b0a944ef322a598fc0.jpg?1786099313,Diamond,59,0,UNK
Sahamaru Kamijo,13566032,169,153,Lich,Light,0,0,ab5bb27991a2037ddd8e8b0aef304406_7206469080400ed57a5373d0a9c55c59fc0.jpg?1786100189,Diamond,53,0,MCH
Roy Dimgao,29524655,170,0,Omega,Chaos,0,0,320af7149c63c337e5826c2c2cc1bf37_39e25ac3d737c46452305eefe324372cfc0.jpg?1786097775,Diamond,52,8,WHM
Nicco Sushi,42846008,171,155,Alpha,Light,0,0,ffcb0ee6f92ba9224ade0ee2b0e9917b_6132295fcf5570fb8b0a944ef322a598fc0.jpg?1786099816,Diamond,35,0,BRD
Victoria Nyala,43751055,172,156,Phoenix,Light,0,0,d41ca298e2f03ee2273aca61640ebce0_5047bc596a4bab2dc7f7c120bb22dec5fc0.jpg?1786098522,Diamond,24,0,WAR
Lawr Hawk,28248881,173,157,Odin,Light,0,0,e241b26df61ea0e201b637a7ae6c4cd4_644311b63b607133c989d7c1188467dafc0.jpg?1786100792,Diamond,20,0,RDM
Sir Azmuth,21784845,174,199,Lich,Light,0,0,aaa9e4ee439eaa5d584760975605186f_7206469080400ed57a5373d0a9c55c59fc0.jpg?1786099400,Diamond,14,10,SAM
Tisha Adori,32551351,175,159,Zodiark,Light,0,0,a1f13f2decf7933275b7ce63051dc06f_c274370774c6bc3483cc8740805f41bcfc0.jpg?1786098425,Diamond,13,0,MCH
Remy Galleu,52837552,176,161,Alpha,Light,0,0,1c98cde60dda0890554eff5601f7b441_6132295fcf5570fb8b0a944ef322a598fc0.jpg?1786100341,Diamond,7,0,UNK
Tsuguri Tempest,8093380,177,179,Moogle,Chaos,0,0,673dd69d52b7f7c210bb231091fd1922_d7a9d5f85a29d6278ec1c7adc2c8d242fc0.jpg?1786098856,Diamond,4,1,VPR
Tsu Kee,47596814,178,163,Zodiark,Light,0,0,df5063d6db141a1bc921d4623e08a366_c274370774c6bc3483cc8740805f41bcfc0.jpg?1786098826,Diamond,134,12,DRK
Vic Strider,53817077,179,169,Raiden,Light,0,0,64d68250fabd33e4972dcba2d2638d6c_a370664d98f658f4ed4e620f378f73cdfc0.jpg?1786097619,Diamond,71,4,FSH
Queenie Skyfrost,34868775,180,279,Odin,Light,0,0,4c0182a4bd02a557a3e29b795c1e0b9c_644311b63b607133c989d7c1188467dafc0.jpg?1786099736,Diamond,53,12,SMN
Mizu Shimizu,41402391,181,164,Twintania,Light,0,0,b745f1d87ccd905d96d6b6ca49092222_c33f640c0cdd35f7def85b8aa31a0007fc0.jpg?1786098017,Diamond,51,0,UNK
Lolarita Rorry,39677497,182,0,Odin,Light,0,0,3c990f7c55a34985fb496735b20a6b10_644311b63b607133c989d7c1188467dafc0.jpg?1786100415,Diamond,42,17,SGE
Krek Balflear,48912824,183,165,Sagittarius,Chaos,0,0,3ddedc4fdcf35465d04f99e2b4737a9f_44ca0844398b2d010d8cd4a31ddb023dfc0.jpg?1786098789,Diamond,29,0,RPR
Sangon Yukihoshi,11533024,184,0,Raiden,Light,0,0,d5814159d4f4b2afaa562891375a7b01_a370664d98f658f4ed4e620f378f73cdfc0.jpg?1786099174,Diamond,14,0,PLD
Kyouko Owo,25629243,185,167,Louisoix,Chaos,0,0,4fbeb17208a00397ad05eebfc2d20d2f_0a122616f3718d3f45cab10fd8fc1604fc0.jpg?1786100518,Diamond,7,0,WHM
Crystalia Aguilau'ra,51094995,186,168,Phantom,Chaos,0,0,e8e576c74bb3b06299949b7258aa8c6b_f0a43d6e5eea19af337a176e9836acddfc0.jpg?1786100196,Diamond,218,16,UNK
Freya Highwind,37533969,187,203,Spriggan,Chaos,0,0,de376c51fd21ccbb1018c1c3fb40734b_feaf0a2e88ff164813fbc9b85876fa48fc0.jpg?1786097810,Diamond,177,13,SMN
Vyn Silvair,21908199,188,170,Shiva,Light,0,0,05a4597e1e8ad1e87cfc4aab88be286c_3fbff0e6b620e4d259dc427abc6574dafc0.jpg?1786098700,Diamond,44,0,SGE
Stephanie Dolla,28876458,189,173,Lich,Light,0,0,753eeef7260d5b48fedb9d189d2b51ca_7206469080400ed57a5373d0a9c55c59fc0.jpg?1786098623,Diamond,33,0,DRK
Brindacier Alomon,26055030,190,175,Phoenix,Light,0,0,fbefc8262b34e93b398aa2dde0c2e4b8_5047bc596a4bab2dc7f7c120bb22dec5fc0.jpg?1786099455,Diamond,15,0,WAR
Keylinda Heliopsis,44659154,191,178,Moogle,Chaos,0,0,aae227ec83063cc479b9c5f6fb803e66_d7a9d5f85a29d6278ec1c7adc2c8d242fc0.jpg?1786098881,Diamond,14,5,SAM
Catlisaie Leveilleur,38928587,192,176,Sagittarius,Chaos,0,0,b49cedcc9313e5b78f3c3e17f3a3b68c_44ca0844398b2d010d8cd4a31ddb023dfc0.jpg?1786098011,Diamond,13,3,PCT
Taivas L'tulta,46948666,193,176,Odin,Light,0,0,30ba088e17b99c9f748bd47b4ff33fb4_644311b63b607133c989d7c1188467dafc0.jpg?1786097785,Diamond,10,0,WHM
Astral Highwind,29689702,194,179,Omega,Chaos,0,0,97af63b900951c4e5b86b87e21f0d233_39e25ac3d737c46452305eefe324372cfc0.jpg?1786099655,Diamond,3,0,GNB
Gabriel Zephyrus,11099535,195,194,Zodiark,Light,0,0,fb5c6913d0c275952def0841ab82887f_c274370774c6bc3483cc8740805f41bcfc0.jpg?1786099646,Diamond,109,5,RPR
Dacien Darlett,3339751,196,232,Odin,Light,0,0,0311b8a0924e142c3f1da4b81f645156_644311b63b607133c989d7c1188467dafc0.jpg?1786097807,Diamond,107,8,SCH
Bagel Egg,18929023,197,183,Omega,Chaos,0,0,f655117235b1c0d199ca39849579a631_39e25ac3d737c46452305eefe324372cfc0.jpg?1786098038,Diamond,97,15,PLD
Merily Marlin,52216084,198,182,Louisoix,Chaos,0,0,1b485637d5f1df89d363a45b95cba49c_0a122616f3718d3f45cab10fd8fc1604fc0.jpg?1786097589,Diamond,83,0,FSH
Rin Tanaka,24116937,199,184,Phoenix,Light,0,0,05caa52c69a69c31a889325a1f319530_5047bc596a4bab2dc7f7c120bb22dec5fc0.jpg?1786098326,Diamond,39,0,SMN
Lolorei Lalarei,3686155,200,186,Omega,Chaos,0,0,da6ff12e4effc4cbacfe1b954f1c3bf5_39e25ac3d737c46452305eefe324372cfc0.jpg?1786099071,Diamond,37,6,AST
Smoothie Sour,42056621,201,185,Zodiark,Light,0,0,247388cdfc4db1451cf9df83cce7b3a1_c274370774c6bc3483cc8740805f41bcfc0.jpg?1786098110,Diamond,36,0,WAR
Rei Dassario,24597443,202,187,Raiden,Light,0,0,a51ce0a687a31ff3b67287e80ea30aed_a370664d98f658f4ed4e620f378f73cdfc0.jpg?1786098280,Diamond,30,0,VPR
Kihn Shirudo,43951482,203,188,Spriggan,Chaos,0,0,2e619166d10daa6082c54563a5af17ff_feaf0a2e88ff164813fbc9b85876fa48fc0.jpg?1786100407,Diamond,18,0,DRK
Mestari Kalastaja,38441307,204,189,Omega,Chaos,0,0,52dc7dc38ddeaaedbae9f2b43a6ca546_39e25ac3d737c46452305eefe324372cfc0.jpg?1786098491,Diamond,14,1,FSH
Izuma Knox,48747330,205,190,Spriggan,Chaos,0,0,e4ecfd700fe3f6df45f6409e46a09d8b_feaf0a2e88ff164813fbc9b85876fa48fc0.jpg?1786100109,Diamond,9,0,SGE
Endorel Soro,12949151,206,191,Alpha,Light,0,0,038b9a835f84a3b80a8a467605d3dd8c_6132295fcf5570fb8b0a944ef322a598fc0.jpg?1786099498,Diamond,6,0,UNK
Mirajane Hylian,24248886,207,192,Omega,Chaos,0,0,32bbb40f8ae6e32a1317f2919c7a1a42_39e25ac3d737c46452305eefe324372cfc0.jpg?1786100046,Diamond,4,0,MNK
Altrios Alrun,37280856,208,193,Odin,Light,0,0,eed006603ff3859a7471671dcb9c221c_644311b63b607133c989d7c1188467dafc0.jpg?1786097769,Diamond,3,0,VPR
Jalsket Pirated,40728416,209,204,Zodiark,Light,0,0,18ffb968d4a5a0c03d5e251516a2c3aa_c274370774c6bc3483cc8740805f41bcfc0.jpg?1786100239,Diamond,85,6,NIN
Charon Tesar,2860491,210,278,Shiva,Light,0,0,71fb4ffe6d15608a77682afdbdef53d7_3fbff0e6b620e4d259dc427abc6574dafc0.jpg?1786098500,Diamond,74,6,PCT
Saku Rozen,1622070,211,195,Odin,Light,0,0,76d32a46909474e4b590ee6476bfabce_644311b63b607133c989d7c1188467dafc0.jpg?1786097622,Diamond,55,1,UNK
Dessy Moonwalker,30980737,212,196,Zodiark,Light,0,0,e34bce9409ca557af54cb198e3aec31b_c274370774c6bc3483cc8740805f41bcfc0.jpg?1786099502,Diamond,41,0,SAM
Shiva Dorys,36432577,213,0,Phoenix,Light,0,0,df6ee6331f96148f2b97966d8a3e2a5a_5047bc596a4bab2dc7f7c120bb22dec5fc0.jpg?1786098190,Diamond,33,10,WHM
Mina Ha,50543888,214,197,Raiden,Light,0,0,712f53c2b6ed3bc9fa9cc0b0b60a16d7_a370664d98f658f4ed4e620f378f73cdfc0.jpg?1786098784,Diamond,11,0,GNB
Fandrix Shadowsong,36051326,215,198,Louisoix,Chaos,0,0,e8515941184b5c25f2622f1899a0969a_0a122616f3718d3f45cab10fd8fc1604fc0.jpg?1786097740,Diamond,6,0,NIN
Ny Aa,49048302,216,199,Zodiark,Light,0,0,a75fda4dbe97ffbaf98a55c7ea86fa64_c274370774c6bc3483cc8740805f41bcfc0.jpg?1786099411,Diamond,4,0,RDM
Dopa Mine,44403027,217,201,Phantom,Chaos,0,0,8d27501fd3361cf138655132263db4b5_f0a43d6e5eea19af337a176e9836acddfc0.jpg?1786097800,Diamond,2,0,BLM
Maru Tani,58799026,217,201,Alpha,Light,0,0,b632027978294d1f77f2347d48fc3704_6132295fcf5570fb8b0a944ef322a598fc0.jpg?1786098310,Diamond,2,0,SCH
Fay Fury,13801627,219,205,Alpha,Light,0,0,c8bf2d24d3b66a91e8891eb6b4043bd8_6132295fcf5570fb8b0a944ef322a598fc0.jpg?1786100472,Diamond,74,1,UNK
Athena Olympe,44680885,220,263,Sagittarius,Chaos,0,0,7e7afe9e9cebc29cee3220c1e0530540_44ca0844398b2d010d8cd4a31ddb023dfc0.jpg?1786098051,Diamond,69,14,BLM
Rinne Arryn,28659392,221,0,Lich,Light,0,0,ccaa6881b10221d6509a436bc761d3c5_7206469080400ed57a5373d0a9c55c59fc0.jpg?1786098736,Diamond,64,16,UNK
Vincent God,14069867,222,206,Phoenix,Light,0,0,7d8e17eab1b900c1741204dbf199eb48_5047bc596a4bab2dc7f7c120bb22dec5fc0.jpg?1786100359,Diamond,63,0,MCH
Lu Mi,47806406,223,210,Raiden,Light,0,0,c8d19bad38e9523a4db779b2bf514973_a370664d98f658f4ed4e620f378f73cdfc0.jpg?1786098558,Diamond,43,6,WHM
Vermilion Rose,4596210,223,209,Phantom,Chaos,0,0,6eeb39ac8e979b57130040ff257bf772_f0a43d6e5eea19af337a176e9836acddfc0.jpg?1786100182,Diamond,43,0,DRK
Yorda Dormin,35730883,225,212,Phantom,Chaos,0,0,37968b7968327b583f23e52d999337f9_f0a43d6e5eea19af337a176e9836acddfc0.jpg?1786099298,Diamond,38,4,UNK
Leizi Doomie,47973424,226,211,Omega,Chaos,0,0,35e6c296ac2a3e1f720238508a30d7a5_39e25ac3d737c46452305eefe324372cfc0.jpg?1786098111,Diamond,35,0,MCH
Saki Aiko,58256956,227,212,Zodiark,Light,0,0,f65bf40d95342ebe3141def95c5232bc_c274370774c6bc3483cc8740805f41bcfc0.jpg?1786097869,Diamond,34,0,WHM
Mono Lith,59519255,228,215,Omega,Chaos,0,0,2d12a270aa7b3b097c78dcc93127e881_39e25ac3d737c46452305eefe324372cfc0.jpg?1786099965,Diamond,29,0,RPR
Nemesis Sol,49622209,229,216,Shiva,Light,0,0,1bcb80e23a56918c49abb6d50ef563af_3fbff0e6b620e4d259dc427abc6574dafc0.jpg?1786097997,Diamond,28,0,BLU
Melili Nalili,60720700,230,217,Twintania,Light,0,0,24a7b96fbc052a40de9c6f7809fe72fe_c33f640c0cdd35f7def85b8aa31a0007fc0.jpg?1786098817,Diamond,23,0,DRK
Akurei Amotanius,36595921,231,219,Odin,Light,0,0,ca5d9f24b62995e3bcb5d25cc576fc70_644311b63b607133c989d7c1188467dafc0.jpg?1786100829,Diamond,21,5,MNK
Kai Usami,51704875,232,218,Raiden,Light,0,0,de98603cf09d40c4587c720f86e73817_a370664d98f658f4ed4e620f378f73cdfc0.jpg?1786097767,Diamond,19,0,UNK
Diggoo Jumalxtenlavis,21389976,233,221,Zodiark,Light,0,0,ae5b9d280ccfc178e7b74cd839ec5e43_c274370774c6bc3483cc8740805f41bcfc0.jpg?1786100919,Diamond,12,0,NIN
Lion Lad,60548427,234,222,Phantom,Chaos,0,0,69af2e062eb7ba4549c964e1fbc8b79e_f0a43d6e5eea19af337a176e9836acddfc0.jpg?1786098554,Diamond,7,0,GNB
Mer Lin,50434149,234,222,Spriggan,Chaos,0,0,52a13256ecf71bc72e25a6b211b196c8_feaf0a2e88ff164813fbc9b85876fa48fc0.jpg?1786098433,Diamond,7,0,BRD
Magisa Vale,43527083,236,255,Phoenix,Light,0,0,50d54724458e52e82fcfc6d537b9e001_5047bc596a4bab2dc7f7c120bb22dec5fc0.jpg?1786100954,Diamond,5,4,RPR
Xiex Xie,40733160,237,224,Zodiark,Light,0,0,f253e0943a65dac103a6dfd764a01f52_c274370774c6bc3483cc8740805f41bcfc0.jpg?1786098207,Diamond,3,0,DNC
Red Fluffy,41965323,238,0,Shiva,Light,0,0,6e4c702e77f55eff42d4c42a07f242db_3fbff0e6b620e4d259dc427abc6574dafc0.jpg?1786098994,Diamond,2,0,FSH
Ash Dreadsaint,16641514,239,225,Alpha,Light,0,0,35babc8a56d97c1de09ffbf594068bd0_6132295fcf5570fb8b0a944ef322a598fc0.jpg?1786098109,Diamond,1,0,BLM
Faly Linh,32024155,239,225,Spriggan,Chaos,0,0,2c0bc07b4ce467f3fb61eed172593a41_feaf0a2e88ff164813fbc9b85876fa48fc0.jpg?1786098920,Diamond,1,0,UNK
Jean Eclair,2900310,239,225,Louisoix,Chaos,0,0,7adf7a428285818f2884e78fe04bd4d8_0a122616f3718d3f45cab10fd8fc1604fc0.jpg?1786099510,Diamond,1,0,BLM
Reireiko Reiko,51402233,239,0,Alpha,Light,0,0,6bb627130b2067e09c7110eb74707745_6132295fcf5570fb8b0a944ef322a598fc0.jpg?1786098092,Diamond,1,0,VPR
Rifula Ruivre,2224873,239,225,Alpha,Light,0,0,47995b925a7f5c18a76967fce75b8bb9_6132295fcf5570fb8b0a944ef322a598fc0.jpg?1786100331,Diamond,1,0,UNK
Roostar Luna,8325105,239,0,Moogle,Chaos,0,0,68034435c8a0a8835a6400d6edf49f9c_d7a9d5f85a29d6278ec1c7adc2c8d242fc0.jpg?1786099933,Diamond,1,0,SCH
Slayn Lockmeier,43624360,239,225,Ragnarok,Chaos,0,0,6e8ed130575c22a15b32af255b35348b_40d57ba713628f3f1ef5ef204b6d76d2fc0.jpg?1786099234,Diamond,1,0,MNK
Rem Minase,15335467,246,230,Ragnarok,Chaos,0,0,6f4b9532213e5ed122fcac3e5c3b4cc5_40d57ba713628f3f1ef5ef204b6d76d2fc0.jpg?1786100242,Diamond,115,0,DRG
Frankie Urien,32323176,247,231,Odin,Light,0,0,ffae33588fe71f102672b7defdb50a30_644311b63b607133c989d7c1188467dafc0.jpg?1786100415,Diamond,108,4,WHM
Ardias Wolfsherz,11752815,248,233,Lich,Light,0,0,8f0a84278162ee56f0f65bac956cc32c_7206469080400ed57a5373d0a9c55c59fc0.jpg?1786099738,Diamond,79,2,DRG
Mowgar Nightslade,40238415,249,234,Shiva,Light,0,0,caf06ef1481275eaf26d0edc97985aa1_3fbff0e6b620e4d259dc427abc6574dafc0.jpg?1786099557,Diamond,57,4,MNK
Norai Tempest,38251436,250,237,Zodiark,Light,0,0,b7018360f2380ddb9010a48d596309f2_c274370774c6bc3483cc8740805f41bcfc0.jpg?1786098880,Diamond,55,6,MNK
Kiara Anima,33528154,251,234,Raiden,Light,0,0,f1bb383b8594f615718c3d7f602fc10c_a370664d98f658f4ed4e620f378f73cdfc0.jpg?1786098116,Diamond,53,0,AST
Lise-hoi Pipeloi,29719212,252,236,Cerberus,Chaos,0,0,57c5498cda4f5b24c975d5c6ad1dad53_777c57311d510ca65dac3c1077dee435fc0.jpg?1786098039,Diamond,52,0,SGE
Error Message,13464395,253,269,Odin,Light,0,0,37584823c6898787a88ec74ca750c2b7_644311b63b607133c989d7c1188467dafc0.jpg?1786100651,Diamond,45,3,MCH
Celeste Starblade,57129516,254,238,Phoenix,Light,0,0,f658a7c187303ff40c92c131f45b6f67_5047bc596a4bab2dc7f7c120bb22dec5fc0.jpg?1786100020,Diamond,42,0,GNB
Leo Wolfram,55309464,255,239,Twintania,Light,0,0,137bda326a93315b803aa0d477a79942_c33f640c0cdd35f7def85b8aa31a0007fc0.jpg?1786098729,Diamond,41,0,DNC
Bubble Nebula,59834747,256,240,Sagittarius,Chaos,0,0,df2ae90ea247ab18117d32d9808317e8_44ca0844398b2d010d8cd4a31ddb023dfc0.jpg?1786100298,Diamond,37,0,PLD
General Aardvark,48423100,256,241,Twintania,Light,0,0,cf88029724167c1d18ed8c536a862900_c33f640c0cdd35f7def85b8aa31a0007fc0.jpg?1786098889,Diamond,37,5,WAR
Creamy Succubus,36293366,258,0,Spriggan,Chaos,0,0,15e9207c6ceb24b3818eabab978be8f3_feaf0a2e88ff164813fbc9b85876fa48fc0.jpg?1786097800,Diamond,33,10,VPR
Core Flare,44609138,259,0,Raiden,Light,0,0,4d277108d876101c6b97212a26f6bc97_a370664d98f658f4ed4e620f378f73cdfc0.jpg?1786097929,Diamond,31,10,MNK
Jektiss Shishiza,28449147,260,270,Odin,Light,0,0,ba4e836ce41c5f87fc85491f43336934_644311b63b607133c989d7c1188467dafc0.jpg?1786100567,Diamond,27,5,BRD
Uraraka Lunae,19968499,260,242,Louisoix,Chaos,0,0,87178981b631653f4905b195c6c49583_0a122616f3718d3f45cab10fd8fc1604fc0.jpg?1786100995,Diamond,27,0,SAM
Ossim Numine,26339671,262,243,Spriggan,Chaos,0,0,c5d164dd5b0090daf2749023d8296214_feaf0a2e88ff164813fbc9b85876fa48fc0.jpg?1786097926,Diamond,25,0,VPR
Nihan Hex,53453486,263,244,Cerberus,Chaos,0,0,15de173462fb012d8bb6ffee6c41a2a1_777c57311d510ca65dac3c1077dee435fc0.jpg?1786099211,Diamond,24,0,NIN
Eden Sight,26795634,264,245,Zodiark,Light,0,0,0082848ea437238b52e2fc002e546579_c274370774c6bc3483cc8740805f41bcfc0.jpg?1786101145,Diamond,22,0,DRG
Rain Nox,60193350,265,246,Lich,Light,0,0,c063b7c34350713be1ce7beabd8e946e_7206469080400ed57a5373d0a9c55c59fc0.jpg?1786097929,Diamond,21,0,SGE
Lauressen Ornedwesfv,49280645,266,247,Louisoix,Chaos,0,0,36b2248a22465d5d00bf7ed02491ae4b_0a122616f3718d3f45cab10fd8fc1604fc0.jpg?1786099942,Diamond,16,0,SMN
Serphe Dot,52263876,267,248,Moogle,Chaos,0,0,9650655e67fd2c317b6785da99b8da48_d7a9d5f85a29d6278ec1c7adc2c8d242fc0.jpg?1786099772,Diamond,14,0,DRK
Gella Zenhat,16553524,268,249,Cerberus,Chaos,0,0,34542c2a2fe5b9a690d00a5565e15c1b_777c57311d510ca65dac3c1077dee435fc0.jpg?1786097707,Diamond,9,0,AST
Sentika Thiel,31702916,269,250,Zodiark,Light,0,0,50ae19a11ef85e68cde6a1c26ccaf1d1_c274370774c6bc3483cc8740805f41bcfc0.jpg?1786098606,Diamond,7,0,DRK
Nilfel Hahayon,21378833,270,251,Cerberus,Chaos,0,0,d7e947c02816c8a10c0773fc4c97e71e_777c57311d510ca65dac3c1077dee435fc0.jpg?1786099627,Diamond,6,0,PLD
Kaede Amamiya,25944628,271,252,Cerberus,Chaos,0,0,13e03898baafa9786d351bd06a0000a8_777c57311d510ca65dac3c1077dee435fc0.jpg?1786097775,Diamond,5,0,NIN
Ayrelinia Saelinire,41821402,272,0,Spriggan,Chaos,0,0,8604bb768bf59461e5f44eef46ee9961_feaf0a2e88ff164813fbc9b85876fa48fc0.jpg?1786100898,Diamond,4,0,SMN
Doctor Zoidberg,9214410,273,253,Cerberus,Chaos,0,0,40bc630c90e57d0ca265dd7fc809d5c8_777c57311d510ca65dac3c1077dee435fc0.jpg?1786101000,Diamond,3,0,WAR
Strom Valentine,19009916,273,253,Cerberus,Chaos,0,0,a8dc2ae24adfae999c388093e3e213e8_777c57311d510ca65dac3c1077dee435fc0.jpg?1786101135,Diamond,3,0,VPR
Tensei Kaiten,46690911,275,255,Raiden,Light,0,0,d68fe2cd8b67b36a7f9904682b1aad12_a370664d98f658f4ed4e620f378f73cdfc0.jpg?1786098796,Diamond,1,0,DRK
Alterion Vinea,12652045,276,257,Spriggan,Chaos,0,0,9bffaa652b4614ee6c33fdd6e07fdea8_feaf0a2e88ff164813fbc9b85876fa48fc0.jpg?1786097929,Diamond,0,0,DRK
Amarth Vual,37220642,276,257,Lich,Light,0,0,64bdc4017f196c6ab4c813692496b5f6_7206469080400ed57a5373d0a9c55c59fc0.jpg?1786098534,Diamond,0,0,PLD
Death Fury,9386074,276,257,Ragnarok,Chaos,0,0,f334633b7adb1af69b68d26c3dc12e81_40d57ba713628f3f1ef5ef204b6d76d2fc0.jpg?1786098558,Diamond,0,0,SMN
Soley Noire,36572415,276,257,Raiden,Light,0,0,b1e91539f893f399aefe93727e3e6dae_a370664d98f658f4ed4e620f378f73cdfc0.jpg?1786099629,Diamond,0,0,RPR
Zoera Rinn,47442640,276,257,Alpha,Light,0,0,1a8a49a922d7b9ede1f40d3e59c5b86f_6132295fcf5570fb8b0a944ef322a598fc0.jpg?1786098415,Diamond,0,0,SAM
Anyu Nayru,34487597,281,262,Phoenix,Light,0,0,88772bb9fe8e19be70e12bce0dbf5dec_5047bc596a4bab2dc7f7c120bb22dec5fc0.jpg?1786100759,Platinum,119,1,WHM
Arokh Belmont,11857777,282,267,Lich,Light,0,0,30aecf92630f3cecec4e116666981198_7206469080400ed57a5373d0a9c55c59fc0.jpg?1786099112,Platinum,99,6,DRK
Deme Tayuun,14832348,283,0,Lich,Light,0,0,ae2fb7b7ac8ad3f92247efdd9fade6e7_7206469080400ed57a5373d0a9c55c59fc0.jpg?1786098138,Platinum,73,8,SMN
Airi Rhitik,2286171,284,264,Moogle,Chaos,0,0,0e7c747879926e0f575c8444323c478f_d7a9d5f85a29d6278ec1c7adc2c8d242fc0.jpg?1786100972,Platinum,36,0,AST
C'rhun Tia,59338588,285,265,Spriggan,Chaos,0,0,b2ff4ed07ded26f7b90db369f6c22e10_feaf0a2e88ff164813fbc9b85876fa48fc0.jpg?1786098791,Platinum,16,0,BLM
Ayata Miyabi,20861679,286,266,Louisoix,Chaos,0,0,5b26312fcf95dd3660fa779f2ed897f3_0a122616f3718d3f45cab10fd8fc1604fc0.jpg?1786099745,Platinum,8,0,RDM
Dhel Maral,27286203,287,268,Phoenix,Light,0,0,9169813f4af882482823951b9270c14b_5047bc596a4bab2dc7f7c120bb22dec5fc0.jpg?1786098966,Platinum,66,0,BRD
Aiva Ibusaki,11039086,288,0,Shiva,Light,0,0,39b96ee63110c8909c27318f222d3695_3fbff0e6b620e4d259dc427abc6574dafc0.jpg?1786099100,Platinum,33,10,MCH
Monoplof Stormbringer,25662739,289,0,Raiden,Light,0,0,8d6ac074a075b30c794a796a54a7b6dc_a370664d98f658f4ed4e620f378f73cdfc0.jpg?1786098106,Platinum,26,0,WAR
Edgy Maincharacter,34503685,290,271,Omega,Chaos,0,0,bdffb22602f572e2ef683a1f09207b77_39e25ac3d737c46452305eefe324372cfc0.jpg?1786099083,Platinum,14,0,RPR
Kai Weaver,59504701,291,272,Cerberus,Chaos,0,0,f3598c7f1d9880e593c1f5f6cd04a2cd_777c57311d510ca65dac3c1077dee435fc0.jpg?1786100843,Platinum,104,5,NIN
Night Siren,46140840,292,273,Alpha,Light,0,0,5b2c854dc9360523ee7fcd5bfee41621_6132295fcf5570fb8b0a944ef322a598fc0.jpg?1786097697,Platinum,85,2,GNB
Manji Haq,30381529,293,0,Shiva,Light,0,0,1840291846e97e46d3053d2cb9351608_3fbff0e6b620e4d259dc427abc6574dafc0.jpg?1786098727,Platinum,63,16,MCH
Garik Slambert,60482352,294,274,Phoenix,Light,0,0,db0a037687194ebf4febd49e14005a66_5047bc596a4bab2dc7f7c120bb22dec5fc0.jpg?1786100098,Platinum,45,0,SCH
Kitty Purr,35221239,295,275,Zodiark,Light,0,0,5255b02c0e30309529735d2aa66456c5_c274370774c6bc3483cc8740805f41bcfc0.jpg?1786100705,Platinum,31,0,WHM
Ultimo Tower,13765195,296,276,Odin,Light,0,0,f3f293a7802e54bc6d3f5c2ceb6f4902_644311b63b607133c989d7c1188467dafc0.jpg?1786099292,Platinum,24,0,MNK
Onox Farbane,43799244,297,284,Zodiark,Light,0,0,c322e9dd886e64c0365244e0b587448f_c274370774c6bc3483cc8740805f41bcfc0.jpg?1786098782,Platinum,13,4,WAR
Evan Hycks,7557796,298,277,Phoenix,Light,0,0,52f7406f92df6db10a921ea3efdc9dd4_5047bc596a4bab2dc7f7c120bb22dec5fc0.jpg?1786099400,Platinum,8,2,DRG
Protos Heis,34597162,299,280,Spriggan,Chaos,0,0,1227bb2a621e4455479d060e840ff145_feaf0a2e88ff164813fbc9b85876fa48fc0.jpg?1786098781,Platinum,33,0,MCH
Ai Ka',13500675,300,281,Ragnarok,Chaos,0,0,171f0ab92d0e928acdb718980be9c896_40d57ba713628f3f1ef5ef204b6d76d2fc0.jpg?1786098234,Platinum,20,0,BRD
Jay Eins,3930926,1,15,Chocobo,Mana,2098,402,31d212c5602873cad51c02ca3a1707f4_781d6b3603312f6be41670afa37282e0fc0.jpg?1786098780,Omega,61,8,DRG
Ciel Cocco,27192023,2,1,Anima,Mana,2086,0,05df3829299dc9e3c4ba0bceb512525a_2f698530a28d671d20278c8518c804c9fc0.jpg?1786100466,Omega,72,0,DRK
Happo Hapo,59173770,3,2,Pandaemonium,Mana,2084,0,8d06d5697fa5f35516e08e77ecb4eff8_470db1bf2e865f9130531fea40b61ee4fc0.jpg?1786099441,Omega,24,0,VPR
Vivi Ann,4766157,4,3,Kujata,Elemental,2080,0,9543e197b2faf03aa21058f9deedc408_72c48f093f2278ac3243962d3eb6a8d7fc0.jpg?1786100464,Omega,55,0,SCH
Hatozo Ito,39455624,5,4,Typhon,Elemental,2077,0,a2de1cbebb1230e8f11f0fa765df7d0f_32d8c9c7cd5f62d62da2d31b6750a680fc0.jpg?1786098544,Omega,26,0,WAR
Shion Amber,26147773,6,43,Unicorn,Meteor,2075,877,e2ecf01d14ce449e8393bc3f5dfc57f4_393eb74047bb90c8d80dea54218430eefc0.jpg?1786098451,Omega,32,14,AST
Imlink Rr,46726473,7,18,Bahamut,Gaia,2063,440,6c9ffcd32b7d78e8b7e09c63d130ef2a_86da943caa70c8694707ab2ff74e68c9fc0.jpg?1786100065,Omega,157,19,MCH
Sorin Maki,53900927,8,5,Durandal,Gaia,2055,0,b0d4570e39585eb6b5ba7458ff8781a7_806ea5b45071d5cd6bf393e38462ee71fc0.jpg?1786100537,Omega,84,0,RDM
Paker Zuka,35106373,9,6,Bahamut,Gaia,2044,0,1dfba22310e23cd21bd3a7481bf928e1_86da943caa70c8694707ab2ff74e68c9fc0.jpg?1786100532,Omega,69,0,UNK
Ciao' Chu-ru,46227731,10,7,Asura,Mana,2042,0,4407462a62eb8cb31cec691e9f214c86_53f1445a9f28799a32ea55f046319fc3fc0.jpg?1786100504,Omega,62,0,UNK
Death-by Glamour,50007656,11,20,Fenrir,Gaia,2038,573,73746aab8b21d5917fab43f4db6f35aa_d384cf5ad7db803f29799f36ebbc3eadfc0.jpg?1786100178,Omega,54,9,UNK
Makina Belg,23683223,12,8,Belias,Meteor,2037,0,ffed281791b6f91e5a2000e4917cfeeb_894c4bd0beab2e2beb44b74f4c4bd206fc0.jpg?1786099289,Omega,94,0,MNK
Emil Sarasun,7191072,13,9,Asura,Mana,2035,0,052a2527c0dee23533f8162c40d66898_53f1445a9f28799a32ea55f046319fc3fc0.jpg?1786100938,Omega,69,0,DNC
Kappi Scarlet,11922639,14,10,Asura,Mana,2017,0,820f32c739a02029fdacf6c96cbf1fa4_53f1445a9f28799a32ea55f046319fc3fc0.jpg?1786098662,Omega,86,0,RPR
Ajika Rajika,6811285,15,27,Tiamat,Gaia,1916,492,97621d00c96124d00a3c01cec2dde5f8_9f10d335198e90990f3437c5733468e7fc0.jpg?1786099098,Crystal,83,38,UNK
Aman Kaharmine,37434311,16,22,Belias,Meteor,1869,302,7fa9aa672753e286a5710cf338755727_894c4bd0beab2e2beb44b74f4c4bd206fc0.jpg?1786100216,Crystal,86,5,UNK
Noin Kurial,23981966,17,11,Asura,Mana,1780,0,83830f722858537d3bbdd6afabacaa3d_53f1445a9f28799a32ea55f046319fc3fc0.jpg?1786100109,Crystal,44,0,PLD
Bakeke Bake,40527195,18,12,Asura,Mana,1720,0,2df47416611081755cf9e0cd7c586afa_53f1445a9f28799a32ea55f046319fc3fc0.jpg?1786099215,Crystal,74,3,MCH
Basta Reno,31797927,19,28,Carbuncle,Elemental,1712,296,22b32c1986bb9c2732e5f877f7cbdbd6_9eb3c19866f7ae0eeeffac7bf770aba5fc0.jpg?1786098147,Crystal,45,5,VPR
Rex Cold,46340519,20,13,Bahamut,Gaia,1709,0,5a590acfa6bbe6cddd1eb5143c7070f2_86da943caa70c8694707ab2ff74e68c9fc0.jpg?1786100279,Crystal,55,0,UNK
Rya Myosotisy,44244496,21,14,Asura,Mana,1698,0,d39af5863481d80b66f4fe05bf80d003_53f1445a9f28799a32ea55f046319fc3fc0.jpg?1786098069,Crystal,40,0,NIN
Ml Tei,47822875,22,16,Alexander,Gaia,1695,0,259bd72e639c252e3e6ab819661c07a6_b7a71d8799cf6dd75b711a7f52de6675fc0.jpg?1786097855,Crystal,20,0,DRK
Sensei Jyutusi,20995129,23,17,Chocobo,Mana,1676,0,218ddf1e9e095da9f0b9d5866f9f2d80_781d6b3603312f6be41670afa37282e0fc0.jpg?1786098305,Crystal,74,9,WHM
K' R',8489348,24,138,Chocobo,Mana,1615,906,38834b79bf39846f80b605b4a592c2eb_781d6b3603312f6be41670afa37282e0fc0.jpg?1786100360,Crystal,45,26,AST
Kawlo Wilhelm,53079906,25,19,Ixion,Mana,1610,0,c9dcb47fbd9f0b8b6bf1b3ac91b2e802_7126768d768f6c6c7fed3eaee98c3a8afc0.jpg?1786099088,Crystal,28,0,UNK
Wonton Starlight,27496660,26,21,Chocobo,Mana,1574,0,8d6c3f0a6f695cdc94b9234b6c28be22_781d6b3603312f6be41670afa37282e0fc0.jpg?1786100464,Crystal,99,4,RDM
Comachi Dj,13425678,27,23,Hades,Mana,1503,0,4983bf5b31ed2764865b5fd4a01a64a5_a4730651230dd43cb129562a30d531aefc0.jpg?1786098916,Crystal,79,0,NIN
Tango Ngo,47753273,28,24,Alexander,Gaia,1492,0,c8ff6406f324ec51842e0a491ba1e4fa_b7a71d8799cf6dd75b711a7f52de6675fc0.jpg?1786098975,Crystal,49,0,VPR
Sha Moji,19121169,29,25,Carbuncle,Elemental,1488,0,eb82915777eea0c952b2885bf59641d9_9eb3c19866f7ae0eeeffac7bf770aba5fc0.jpg?1786098494,Crystal,46,0,MCH
Snow Albarn,25263326,30,26,Fenrir,Gaia,1483,0,fa179c06d46acce251bb94d22a05e931_d384cf5ad7db803f29799f36ebbc3eadfc0.jpg?1786098564,Crystal,36,3,NIN
Fuki Non,51302585,31,64,Titan,Mana,1413,411,99d46e5dfaf54e3a630e700cbd41968b_e2bb3f9679fec6d4836fcf8abcc3eeacfc0.jpg?1786097657,Crystal,47,15,WHM
Naku Cha,51398763,32,41,Zeromus,Meteor,1409,204,d1f355424cec05811e0f15dc0a707de5_c76848359d0b4d2f37aefbb9903ed97bfc0.jpg?1786098140,Crystal,27,3,NIN
Wuruwuru Yaya,19903532,33,35,Asura,Mana,1406,102,c4dcc6326814217e41a2636e5dd8eea3_53f1445a9f28799a32ea55f046319fc3fc0.jpg?1786099399,Crystal,46,11,NIN
Avail Tec,46450631,34,29,Garuda,Elemental,1390,0,174c8b1a79d654754078bef6b8c51067_fcb1f5b0249d1069e5bdc66d0796f26afc0.jpg?1786100775,Crystal,49,0,SAM
Tsuchi Tsuki,39089046,35,36,Bahamut,Gaia,1389,100,032858264c706c6341f57dbef9e86da1_86da943caa70c8694707ab2ff74e68c9fc0.jpg?1786098525,Crystal,17,2,DRK
San Sowa,35604125,36,30,Ridill,Gaia,1379,0,c5fbf3709fd6b4c8fba74f67e0820609_138751880f18161a907d7cf0faa43f07fc0.jpg?1786099245,Crystal,91,13,UNK
Seraki Matsushima,43566777,37,31,Ixion,Mana,1378,0,1e4675de3ee8e4d8e053dede59297104_7126768d768f6c6c7fed3eaee98c3a8afc0.jpg?1786098069,Crystal,23,0,PLD
Aries San,12460047,38,32,Tiamat,Gaia,1375,0,00a39e6a3c0cb6e9529ffdf15a10dadb_9f10d335198e90990f3437c5733468e7fc0.jpg?1786097669,Crystal,48,6,SAM
Ruru Rururun,41786182,39,33,Ifrit,Gaia,1374,0,3fd0ff0d0e58f6a761a54eebd33b7bc6_f9f796348bc43067c7242ec4551cde69fc0.jpg?1786098412,Crystal,80,0,UNK
Creya Oaks,20662074,40,48,Tonberry,Elemental,1361,195,0fb57385ff1c90e3ea26edc53722b78c_7bb6b1e488f0e4f01c5314d010b60f31fc0.jpg?1786099960,Crystal,80,6,BLM
Piccolo Saaaaann,23336998,41,34,Asura,Mana,1314,0,efa27fc6ea5fa0a09f429159c3346a0f_53f1445a9f28799a32ea55f046319fc3fc0.jpg?1786097956,Crystal,66,10,WAR
Furanzeska Sumeragi,8414050,42,55,Tonberry,Elemental,1295,200,7300d72d23103eb5494b3e21bf99b3b6_7bb6b1e488f0e4f01c5314d010b60f31fc0.jpg?1786100259,Crystal,31,2,SMN
Tarex Youva,26374295,43,37,Tonberry,Elemental,1285,0,7dad78de32b2e7e31077d03f095a81ac_7bb6b1e488f0e4f01c5314d010b60f31fc0.jpg?1786099518,Crystal,69,4,PLD
Xignas Schwalbe,2577287,44,47,Anima,Mana,1274,100,726f737868161a35f25fb4e06bccf08e_2f698530a28d671d20278c8518c804c9fc0.jpg?1786097755,Crystal,72,10,VPR
Karma Strife,3816037,45,38,Chocobo,Mana,1223,0,7a25293b17ff84c0c64a519d1fc09720_781d6b3603312f6be41670afa37282e0fc0.jpg?1786100343,Crystal,53,0,PCT
Hoshino Ai,47933529,46,39,Titan,Mana,1220,0,82bad71f761726aa0a737f36447d9f50_e2bb3f9679fec6d4836fcf8abcc3eeacfc0.jpg?1786100037,Crystal,33,0,MNK
Fania Eckert,2837251,47,40,Titan,Mana,1216,0,7177d6fdd5036eebc72834f8376cd1cf_e2bb3f9679fec6d4836fcf8abcc3eeacfc0.jpg?1786097578,Crystal,121,8,PCT
Akki Noc,2298162,48,66,Alexander,Gaia,1200,200,4a145f36c7316e0d32845d32af5e92bd_b7a71d8799cf6dd75b711a7f52de6675fc0.jpg?1786098255,Crystal,52,7,SGE
Mialu Ebisuki,46975926,49,42,Masamune,Mana,1200,0,1d423fc6e7ae66c277f02b6bd29f5f15_134930215abb8a90ec37d6cc05b05e08fc0.jpg?1786099116,Crystal,25,0,MNK
Yo Na,52935364,50,44,Fenrir,Gaia,1196,0,2517fd5dbad75617e546949761815db9_d384cf5ad7db803f29799f36ebbc3eadfc0.jpg?1786100703,Crystal,54,0,NIN
Nemu Nenemu,58833619,51,45,Anima,Mana,1195,0,4cdac6083f665767750f3c7804d18a24_2f698530a28d671d20278c8518c804c9fc0.jpg?1786098844,Crystal,70,0,RDM
Lain Wired,1578110,52,73,Chocobo,Mana,1194,200,51b29015827612eb3c28c2c8dd0f43ef_781d6b3603312f6be41670afa37282e0fc0.jpg?1786098219,Crystal,39,2,SGE
Hina Narumi,36489169,53,56,Masamune,Mana,1190,99,b92b3bffbe6d8e1f5f53a1f3735c1387_134930215abb8a90ec37d6cc05b05e08fc0.jpg?1786099031,Crystal,19,1,VPR
Kageto Magatsuki,36052369,54,46,Ultima,Gaia,1187,0,c99eebd98f0729313042324985a6fc9a_9df1b3cb0da35db33c17ef11ddf12adafc0.jpg?1786098701,Crystal,33,3,VPR
Flavia Saurva,29364722,55,87,Chocobo,Mana,1105,499,4a9b8d9e5f338a0c28625b5656567941_781d6b3603312f6be41670afa37282e0fc0.jpg?1786098630,Crystal,19,11,SMN
Sakura Nemutai,55109399,56,74,Titan,Mana,1100,107,efa9ef6672998c8a9c860e5e104d6b3e_e2bb3f9679fec6d4836fcf8abcc3eeacfc0.jpg?1786099920,Crystal,60,10,SGE
Black' Cat,27132360,57,49,Ifrit,Gaia,1100,0,25f0dd65be1cf71e9e26e0bcc0dc271f_f9f796348bc43067c7242ec4551cde69fc0.jpg?1786098193,Crystal,22,4,PLD
Ura Ururu,59087727,58,50,Chocobo,Mana,1098,0,cbc6fb7e99cc3d57226a4684079c139c_781d6b3603312f6be41670afa37282e0fc0.jpg?1786097912,Crystal,14,0,BRD
Aurelia Stratosfera,26527089,59,51,Unicorn,Meteor,1097,0,0ed689683555a9555b96a5599288d4a1_393eb74047bb90c8d80dea54218430eefc0.jpg?1786100593,Crystal,42,0,SAM
Pokeball Bahamut,42274942,60,52,Valefor,Meteor,1096,0,fdf4bab958d2fbf65e0c07739622a1f7_485f4777c38002871591fb54f27edc65fc0.jpg?1786097653,Crystal,152,40,MCH
He Ro,57048881,61,86,Ultima,Gaia,1096,194,1988e9fc4df817df742388c245715b40_9df1b3cb0da35db33c17ef11ddf12adafc0.jpg?1786099032,Crystal,85,19,UNK
Unchou Kan,1575311,62,53,Aegis,Elemental,1096,0,43eef415e4c92f6ff93b1d4dae6b7ab8_3ea38e723c590aabf186367e1eb7e6a1fc0.jpg?1786098305,Crystal,14,0,GNB
Aizen Sosuke,46625154,63,54,Asura,Mana,1095,0,084fe9c7ee753ba32657d9e49b4edde5_53f1445a9f28799a32ea55f046319fc3fc0.jpg?1786098843,Crystal,55,0,UNK
Robs Wiz,47501636,64,200,Aegis,Elemental,1091,580,24b0e4e155ae76da2a553003980ac156_3ea38e723c590aabf186367e1eb7e6a1fc0.jpg?1786097751,Crystal,84,22,VPR
Zwei Kreuz,14516450,65,57,Bahamut,Gaia,1089,0,367ea315b18ce50bb6f34a9ea77f3222_86da943caa70c8694707ab2ff74e68c9fc0.jpg?1786099780,Crystal,24,0,UNK
Sidurgu Obsidian,17768556,66,58,Garuda,Elemental,1083,0,19277f9e0fcd9432fb16b0e1cbad47a7_fcb1f5b0249d1069e5bdc66d0796f26afc0.jpg?1786097706,Crystal,25,1,VPR
Rariboy Xx,4660025,67,59,Garuda,Elemental,1083,0,80b036f210d47467413b630ce1537551_fcb1f5b0249d1069e5bdc66d0796f26afc0.jpg?1786098944,Crystal,21,0,WAR
Kuno Cadenzavnaeve,42178142,68,94,Ifrit,Gaia,1082,187,85baa25ca299e93ef56226f40814f03b_f9f796348bc43067c7242ec4551cde69fc0.jpg?1786100931,Crystal,45,5,MNK
Mundane Mann,42589754,69,60,Asura,Mana,1082,0,605c543ad4053338807ead77553c263b_53f1445a9f28799a32ea55f046319fc3fc0.jpg?1786099014,Crystal,19,0,MNK
Vir Sanctus,38437893,70,61,Asura,Mana,1079,0,e0afc9c178de541c5ba8a1afafa4bb02_53f1445a9f28799a32ea55f046319fc3fc0.jpg?1786099131,Crystal,31,0,SMN
Kamio Hoshi,51915197,71,62,Gungnir,Elemental,1012,0,6b5003e9f40b5f1a448a1ba748afc9e5_8f82f937943b6baf4c565020d5eba0ccfc0.jpg?1786099153,Crystal,89,17,MNK
Nao Fu,41247403,72,113,Shinryu,Meteor,1003,198,cfc231e11fac22b1fb8d9d27cee48586_87b7d447f40b06dfc7228caf195f7dcffc0.jpg?1786098590,Crystal,26,2,AST
Akatuki Re,22410327,73,63,Carbuncle,Elemental,1003,0,b3e601fbc493d7bc642faec11f3c05fb_9eb3c19866f7ae0eeeffac7bf770aba5fc0.jpg?1786098746,Crystal,20,0,RDM
Raiden Thorne,60267443,74,65,Tiamat,Gaia,1001,0,d973da1a88fef8b53bb1c5cad4ee7a1f_9f10d335198e90990f3437c5733468e7fc0.jpg?1786099824,Crystal,33,0,MNK
Taroe Kobuta,8734523,75,102,Kujata,Elemental,1000,115,821347c202f7d7d6b676bd393bcdfdae_72c48f093f2278ac3243962d3eb6a8d7fc0.jpg?1786099307,Crystal,110,8,WAR
Mashumaro Tsurugi,50222807,76,67,Durandal,Gaia,999,0,31fd330df465ff1080752e19d6bc9eb7_806ea5b45071d5cd6bf393e38462ee71fc0.jpg?1786100315,Crystal,15,0,MNK
Lhei Tayun,55776060,77,68,Chocobo,Mana,998,0,d1e1c509f0fac227ceada972ddb424d4_781d6b3603312f6be41670afa37282e0fc0.jpg?1786100034,Crystal,26,0,BLM
Bikkuri Donkey,59256942,78,69,Belias,Meteor,997,0,96f62f47670d9d1c85e1a464d6f4da65_894c4bd0beab2e2beb44b74f4c4bd206fc0.jpg?1786098041,Crystal,15,0,PCT
Roric Thorne,59323169,79,70,Pandaemonium,Mana,997,0,4ff669632484c5fdf241ea2b9f955435_470db1bf2e865f9130531fea40b61ee4fc0.jpg?1786098710,Crystal,12,0,VPR
Okome Justice,58734775,80,71,Durandal,Gaia,995,0,3589d26a22faffebd4c39812822aab8a_806ea5b45071d5cd6bf393e38462ee71fc0.jpg?1786100308,Crystal,28,0,WAR
Momojiri Kakure,18051279,81,72,Anima,Mana,994,0,17f5cab570f2898b55037a8db7b1c871_2f698530a28d671d20278c8518c804c9fc0.jpg?1786098526,Crystal,47,2,RDM
Gelgel Llin,36131481,82,141,Ridill,Gaia,992,286,2a90eea47454447b3ae0d4df4fbfdc5e_138751880f18161a907d7cf0faa43f07fc0.jpg?1786097781,Crystal,33,3,VPR
Shinra Arasaka,24734269,83,75,Tiamat,Gaia,991,0,2d735fa31b5cfcc7eabaae1839d0b731_9f10d335198e90990f3437c5733468e7fc0.jpg?1786099098,Crystal,28,1,RPR
Lazuli Wing,40955023,84,76,Asura,Mana,991,0,9a25b0d5f7c6a97caeb2e0047aaeded8_53f1445a9f28799a32ea55f046319fc3fc0.jpg?1786099131,Crystal,15,0,UNK
Dodopita Pittan,3558680,85,100,Tiamat,Gaia,986,97,0c4178029dae08c0fcbe267d46034e76_9f10d335198e90990f3437c5733468e7fc0.jpg?1786099066,Crystal,27,1,SAM
Meilkea Inori,40934425,86,77,Aegis,Elemental,985,0,4c256b756b0f4f43b209ec71728dc0e2_3ea38e723c590aabf186367e1eb7e6a1fc0.jpg?1786100836,Crystal,134,8,UNK
Zero No'name,24180515,87,78,Titan,Mana,984,0,3f2ec2a99605ed4d05ef0e5bc0f3b8d4_e2bb3f9679fec6d4836fcf8abcc3eeacfc0.jpg?1786099787,Crystal,33,0,PLD
Hateful Past,26237856,88,79,Asura,Mana,974,0,ed0c8f5d7b00b4c718fd834e96efdd7e_53f1445a9f28799a32ea55f046319fc3fc0.jpg?1786097731,Crystal,31,0,PLD
Rip Rill,726210,89,80,Gungnir,Elemental,923,0,1ed2cf8fd8dc78c1ec061d9bb9c45462_8f82f937943b6baf4c565020d5eba0ccfc0.jpg?1786098248,Crystal,79,10,WHM
Yuki Yui,25457703,90,81,Ultima,Gaia,919,0,53e27d2153b5d4878ef23b1326589ff5_9df1b3cb0da35db33c17ef11ddf12adafc0.jpg?1786098993,Crystal,74,0,PCT
Tige Noir,13429005,91,82,Ridill,Gaia,919,0,92cf71f8edc971b0656a49db62280b09_138751880f18161a907d7cf0faa43f07fc0.jpg?1786100160,Crystal,55,0,DNC
Revi Kola,39228750,92,89,Ultima,Gaia,914,15,385da10c7487a4af698c3fe738df5488_9df1b3cb0da35db33c17ef11ddf12adafc0.jpg?1786100603,Crystal,67,6,DNC
Zsika Mu',18898369,93,118,Ridill,Gaia,907,105,ed7f8569bf4537dfd9f2ea953ad59e8a_138751880f18161a907d7cf0faa43f07fc0.jpg?1786098084,Crystal,20,5,UNK
Suteiki Niku,21443132,94,83,Ixion,Mana,906,0,2f186f805d4bb29abd9458d61593b81a_7126768d768f6c6c7fed3eaee98c3a8afc0.jpg?1786099622,Crystal,100,0,VPR
Lycoris Read,35000546,95,84,Garuda,Elemental,905,0,01b7ec3219b5992bd6418e7f58d96f03_fcb1f5b0249d1069e5bdc66d0796f26afc0.jpg?1786098782,Crystal,99,1,WHM
Sukoya Mihirogi,42042279,96,85,Anima,Mana,904,0,58dacb01c0c75e38125f892840beb026_2f698530a28d671d20278c8518c804c9fc0.jpg?1786098601,Crystal,65,10,BRD
Coffee Mint,29415966,97,95,Titan,Mana,903,9,e5a147803c62c81952bc0c786dcfc3cb_e2bb3f9679fec6d4836fcf8abcc3eeacfc0.jpg?1786099592,Crystal,249,52,SMN
Tatsumi Berserk,19183868,98,88,Ifrit,Gaia,899,0,54a616ddbe0b20dbfc773ec735961a62_f9f796348bc43067c7242ec4551cde69fc0.jpg?1786098347,Crystal,134,5,MCH
Nov Noa,56271994,99,123,Tiamat,Gaia,899,100,0711a53e252756264a473f2b53d53cad_9f10d335198e90990f3437c5733468e7fc0.jpg?1786098256,Crystal,17,1,SCH
Aruku Babyun,7383311,100,90,Unicorn,Meteor,897,0,c2fa4e98c1f4638d053218fa4c127b4c_393eb74047bb90c8d80dea54218430eefc0.jpg?1786099066,Crystal,72,11,NIN
Chiaki Nanami,43953309,101,91,Titan,Mana,897,0,82751b490967f6572406e72b39592925_e2bb3f9679fec6d4836fcf8abcc3eeacfc0.jpg?1786100937,Crystal,14,5,SAM
Fennel Earltea,21886406,102,92,Typhon,Elemental,896,0,4e8f23f97ca17b02271d5d67829e204d_32d8c9c7cd5f62d62da2d31b6750a680fc0.jpg?1786099117,Crystal,76,4,PCT
Deisia Touna,31397456,103,93,Mandragora,Meteor,896,0,f9bdcbbd105a361017ee7dd26bde2ea6_ee738654add55c3d07ea92d8e108074cfc0.jpg?1786098994,Crystal,22,4,PCT
Jaeger Lecoultre,12503010,104,96,Carbuncle,Elemental,894,0,18c881fcad647894e4d32c9bf33662e3_9eb3c19866f7ae0eeeffac7bf770aba5fc0.jpg?1786098616,Crystal,10,0,WAR
Cait Sith,1574936,105,97,Tiamat,Gaia,893,0,fc4156170aa1fca8004a80238705e5cf_9f10d335198e90990f3437c5733468e7fc0.jpg?1786100655,Crystal,54,4,WHM
Soujirou Seta,4110224,106,154,Tonberry,Elemental,892,198,7453a7542d76520abe9dd8dcc3572b78_7bb6b1e488f0e4f01c5314d010b60f31fc0.jpg?1786100752,Crystal,31,3,FSH
Tamago Crab,1576417,107,98,Chocobo,Mana,892,0,0bce11216fe6e4e1cecfe7c969a1460f_781d6b3603312f6be41670afa37282e0fc0.jpg?1786100877,Crystal,19,0,SMN
Amani Taru,13062779,108,99,Mandragora,Meteor,892,0,37294ee1ef2528b65e45560a5afed880_ee738654add55c3d07ea92d8e108074cfc0.jpg?1786099654,Crystal,15,0,AST
Mitui Aset,29908583,109,147,Zeromus,Meteor,886,188,03c5c419a0ed40508b02b7656c3bc1e1_c76848359d0b4d2f37aefbb9903ed97bfc0.jpg?1786097800,Crystal,113,20,NIN
Rebecca Miyamoto,1030969,110,101,Masamune,Mana,886,0,256a66f24613cb496dae31eb2270d226_134930215abb8a90ec37d6cc05b05e08fc0.jpg?1786098758,Crystal,67,0,MCH
Ursula Hackenschmidt,42648090,111,0,Fenrir,Gaia,885,0,a665d50be7723b1660e54e045bb7a2fe_d384cf5ad7db803f29799f36ebbc3eadfc0.jpg?1786099115,Crystal,10,0,PLD
Zero Nox,2468417,112,103,Alexander,Gaia,885,0,d402005d8e26ea9d6b72ff80a5a60b9e_b7a71d8799cf6dd75b711a7f52de6675fc0.jpg?1786101161,Crystal,8,0,BRD
Lupinus Lily,33777966,113,104,Ultima,Gaia,883,0,6f019b443ab48375b1bcc5e5aa0debf9_9df1b3cb0da35db33c17ef11ddf12adafc0.jpg?1786101025,Crystal,33,3,GNB
Mao Caprice,32793338,114,105,Titan,Mana,882,0,101c8c73de660221dc8ad95fafa4ad3c_e2bb3f9679fec6d4836fcf8abcc3eeacfc0.jpg?1786098695,Crystal,56,0,PLD
Pitty What,32924935,115,106,Durandal,Gaia,880,0,1ca1a6b980542985bc7d7cf818520e1f_806ea5b45071d5cd6bf393e38462ee71fc0.jpg?1786100108,Crystal,41,0,NIN
Stardust Emilia,25988007,116,107,Hades,Mana,823,0,b805b54635a07b2d9710df33b9a946aa_a4730651230dd43cb129562a30d531aefc0.jpg?1786099256,Crystal,52,0,UNK
Wabi Suke,1601102,117,108,Asura,Mana,823,0,355b0ae1cb512875c96e88afa06d36a7_53f1445a9f28799a32ea55f046319fc3fc0.jpg?1786100290,Crystal,45,9,NIN
Atsu Bow,47953241,118,109,Mandragora,Meteor,813,0,a397b9893231105b4549ed9a8721c60a_ee738654add55c3d07ea92d8e108074cfc0.jpg?1786097778,Crystal,83,0,DRG
Nyaruga Kyuruga,4962287,119,110,Atomos,Elemental,811,0,fb555ad539f0f8689a39c65513b388b2_cf768a751b1f5e355c2fd39a9ed91f3ffc0.jpg?1786100134,Crystal,56,0,WAR
Erik Bural,20508529,120,136,Hades,Mana,810,97,2ca5bed0ca0e49f68c7ca14062e0bacc_a4730651230dd43cb129562a30d531aefc0.jpg?1786099308,Crystal,101,5,SGE
Mily Sara,23911809,121,111,Aegis,Elemental,810,2,19086b376708852503d1ac9c2b293b8c_3ea38e723c590aabf186367e1eb7e6a1fc0.jpg?1786098668,Crystal,60,2,SGE
Now Tarako,25271680,122,244,Belias,Meteor,809,403,238a3ddced202809c65eaecd03eda2d1_894c4bd0beab2e2beb44b74f4c4bd206fc0.jpg?1786100246,Crystal,36,7,MCH
Notttz Imbrium,50270248,123,112,Titan,Mana,806,0,58a87ecc9a18820b07646a481a8154a4_e2bb3f9679fec6d4836fcf8abcc3eeacfc0.jpg?1786099171,Crystal,31,0,VPR
Ritsu Nikuno,23932877,124,114,Alexander,Gaia,805,0,5ce857706fb6e7f76dd30d1ef38e16f7_b7a71d8799cf6dd75b711a7f52de6675fc0.jpg?1786098005,Crystal,11,0,DRK
Aslan Miller,42003071,125,115,Ixion,Mana,804,0,091d6880c471f9f4c412b704f952af81_7126768d768f6c6c7fed3eaee98c3a8afc0.jpg?1786098862,Crystal,26,8,SCH
Flame Lieutenant,27336347,126,116,Carbuncle,Elemental,802,0,d0817be17ae2ce45486a2e26ae5d06d6_9eb3c19866f7ae0eeeffac7bf770aba5fc0.jpg?1786099276,Crystal,43,0,AST
Uta Tubame,12421333,127,117,Zeromus,Meteor,802,0,4c1c1810ab77c61696ca66b0716fd309_c76848359d0b4d2f37aefbb9903ed97bfc0.jpg?1786098925,Crystal,28,0,PCT
Woll Pack,20744019,128,256,Ridill,Gaia,800,406,6c86e91fb15223c9e2f8c16040f1064f_138751880f18161a907d7cf0faa43f07fc0.jpg?1786098082,Crystal,64,14,VPR
Silanah Oh-mana,45502933,129,119,Titan,Mana,800,0,98f79f7d5e45485839d2a83be2a5ec49_e2bb3f9679fec6d4836fcf8abcc3eeacfc0.jpg?1786098449,Crystal,58,22,SCH
Hu Chu,30263341,130,120,Tonberry,Elemental,799,0,1101e6802231a590d6e9cd6d77e6116f_7bb6b1e488f0e4f01c5314d010b60f31fc0.jpg?1786100141,Crystal,96,8,UNK
Zill Eleutheria,29944686,131,121,Bahamut,Gaia,799,0,5bfa3b1f24c51ccdffb53034db0ebae8_86da943caa70c8694707ab2ff74e68c9fc0.jpg?1786098664,Crystal,57,2,AST
Amaoto Amane,53619927,132,252,Durandal,Gaia,799,397,11fe39a3b3f0f6fd7e6600ee68e590c6_806ea5b45071d5cd6bf393e38462ee71fc0.jpg?1786098699,Crystal,34,12,WHM
Mio Youmu,57323733,133,122,Ixion,Mana,799,0,9507babebf0a85031aca059da299a6fa_7126768d768f6c6c7fed3eaee98c3a8afc0.jpg?1786098798,Crystal,22,0,SCH
Yurugi Koyurugi,29769522,134,124,Belias,Meteor,798,0,ce65dfc48d522a7a126208d94cdc2852_894c4bd0beab2e2beb44b74f4c4bd206fc0.jpg?1786098328,Crystal,16,0,SGE
Yu Haru,31526046,135,125,Hades,Mana,797,0,d1d463d935a459f76da24079cf48b932_a4730651230dd43cb129562a30d531aefc0.jpg?1786097577,Crystal,25,0,UNK
Monica Bryant,34559458,136,140,Garuda,Elemental,796,88,40cd2c4ca4c17623d5c27dfb19831017_fcb1f5b0249d1069e5bdc66d0796f26afc0.jpg?1786098854,Crystal,121,10,GSM
Momochi Thunder,9048595,137,149,Bahamut,Gaia,796,100,3ce0fcc40e818a0d134a6c043d2c09f5_86da943caa70c8694707ab2ff74e68c9fc0.jpg?1786098771,Crystal,33,1,BSM
Velvet Shilky,15655369,138,126,Anima,Mana,795,0,988a0ec11e3b6bbbfc5478b0eab4b03f_2f698530a28d671d20278c8518c804c9fc0.jpg?1786098272,Crystal,71,12,GNB
Devil May'cry,43140387,139,127,Chocobo,Mana,795,0,bc38e75d4332eb0a661f158200cedb80_781d6b3603312f6be41670afa37282e0fc0.jpg?1786097660,Crystal,13,0,UNK
Yuki Macaron-vanille,37997737,140,128,Ridill,Gaia,794,0,87df14febf49ad8a24a323b239fb3250_138751880f18161a907d7cf0faa43f07fc0.jpg?1786099215,Crystal,28,0,RDM
Bug Cut,48066025,141,129,Alexander,Gaia,794,0,eb099ae5ed67142ac0888bf755079790_b7a71d8799cf6dd75b711a7f52de6675fc0.jpg?1786098955,Crystal,12,0,BRD
Rev Raven,8795859,142,190,Masamune,Mana,792,199,abddc6e80b0f6cbbb92006b7baab7d97_134930215abb8a90ec37d6cc05b05e08fc0.jpg?1786100297,Crystal,58,4,UNK
Aeritte Ravel,41831914,143,130,Carbuncle,Elemental,792,0,56a646fd4b2eb086bf8c9d712567e62f_9eb3c19866f7ae0eeeffac7bf770aba5fc0.jpg?1786097968,Crystal,47,0,SGE
Crystalline Conflict,56094564,144,131,Kujata,Elemental,791,0,dcae5be360cd5ac359780dd998fbbf57_72c48f093f2278ac3243962d3eb6a8d7fc0.jpg?1786098831,Crystal,29,0,UNK
Hattori Kaze,57332259,145,152,Alexander,Gaia,791,96,2ec48d7f5caadae4f62dc2d1cdc75610_b7a71d8799cf6dd75b711a7f52de6675fc0.jpg?1786098304,Crystal,14,2,UNK
Eke Davis,29845306,146,189,Anima,Mana,787,193,e8727b43f9f5e480ba6cabe0e39a7a4a_2f698530a28d671d20278c8518c804c9fc0.jpg?1786098089,Crystal,62,18,DRG
Beatrice Rosenkreuz,31285042,147,285,Tiamat,Gaia,787,394,1972bc9fb243d5cb03ad68af2779564d_9f10d335198e90990f3437c5733468e7fc0.jpg?1786098442,Crystal,30,6,PLD
Oriental Art,1070191,148,132,Chocobo,Mana,783,0,d31830cb71830b425529f231f39e776b_781d6b3603312f6be41670afa37282e0fc0.jpg?1786100110,Crystal,98,11,RDM
Dome Violet,45179152,149,133,Masamune,Mana,783,0,a95c15ebd393e5497d6641d375ec02b1_134930215abb8a90ec37d6cc05b05e08fc0.jpg?1786098718,Crystal,57,0,VPR
Lil Latte,55025559,150,134,Anima,Mana,782,0,2d01c7e9c74b9faebdd6d9ece7c9eb4a_2f698530a28d671d20278c8518c804c9fc0.jpg?1786098485,Crystal,120,0,UNK
Lucie Blanc,4813641,151,135,Anima,Mana,721,0,9c05760085153887cf9c52f28861be7c_2f698530a28d671d20278c8518c804c9fc0.jpg?1786098940,Crystal,21,1,VPR
Ichigo Jasmine,57027122,152,139,Shinryu,Meteor,714,5,17fae3561e1e77d262d93652dbd0bdc4_87b7d447f40b06dfc7228caf195f7dcffc0.jpg?1786099101,Crystal,22,5,DRK
Bronze Warrior,33944385,153,137,Alexander,Gaia,711,0,3a8559d847a626b7d8a2760ec13a73b5_b7a71d8799cf6dd75b711a7f52de6675fc0.jpg?1786098236,Crystal,42,0,WAR
Rai Ashley,22492099,154,187,Ridill,Gaia,709,113,657a8b330b76d0887673be1e90642143_138751880f18161a907d7cf0faa43f07fc0.jpg?1786100865,Crystal,106,13,SAM
Ena Lucida,46120110,155,0,Valefor,Meteor,704,504,0d22e7ccb96b881d94b2eaac8c63f55c_485f4777c38002871591fb54f27edc65fc0.jpg?1786098298,Crystal,36,7,UNK
Shara Mura,40394634,156,142,Garuda,Elemental,703,0,00ee76cc1f13c8d3891aee16b0a97d91_fcb1f5b0249d1069e5bdc66d0796f26afc0.jpg?1786099609,Crystal,30,0,RDM
Kotori Angel,11433233,157,174,Alexander,Gaia,703,102,249a60efd4f3f03c25a40a0c3c35d33f_b7a71d8799cf6dd75b711a7f52de6675fc0.jpg?1786099443,Crystal,26,3,DRK
Edward Samo,31678496,158,0,Asura,Mana,703,703,f8a852f1de974337bcb13e843be90dad_53f1445a9f28799a32ea55f046319fc3fc0.jpg?1786098701,Crystal,25,7,VPR
Rio Valencia,3184664,159,0,Bahamut,Gaia,702,702,c923ef9c84c4dd791499e68da5deb25c_86da943caa70c8694707ab2ff74e68c9fc0.jpg?1786100187,Crystal,28,12,MCH
Douglas Ward,32519646,160,184,Asura,Mana,702,104,5902010d301aa95176126fcdef0dc7c7_53f1445a9f28799a32ea55f046319fc3fc0.jpg?1786100352,Crystal,6,1,RDM
Aristel Brown,3214595,161,0,Typhon,Elemental,701,601,edba68904ef1184c5563cdd263603a74_32d8c9c7cd5f62d62da2d31b6750a680fc0.jpg?1786100930,Crystal,63,38,GNB
Shonan Gold,51360481,162,143,Gungnir,Elemental,701,0,106e5f909e34a4cdc6f05735c607687b_8f82f937943b6baf4c565020d5eba0ccfc0.jpg?1786100967,Crystal,27,0,WAR
Sead Slendisch,27788989,163,144,Asura,Mana,701,0,c9bd1276c77cf644ce955ce68575aa37_53f1445a9f28799a32ea55f046319fc3fc0.jpg?1786099195,Crystal,24,0,SGE
Merry Scrald,11886780,164,248,Belias,Meteor,701,298,7bfbd82582fd003bc514339935d874a7_894c4bd0beab2e2beb44b74f4c4bd206fc0.jpg?1786097944,Crystal,14,5,WAR
Coo Yanky,32078480,165,145,Aegis,Elemental,701,0,a8d9117ca1289e0dd2db80714170a84e_3ea38e723c590aabf186367e1eb7e6a1fc0.jpg?1786097920,Crystal,13,0,SAM
Nana Degu,42551273,166,146,Asura,Mana,701,0,f0ca36e4824faa31992738bb368e803c_53f1445a9f28799a32ea55f046319fc3fc0.jpg?1786098334,Crystal,11,0,DRG
Jios Quartar,3179754,167,0,Tiamat,Gaia,696,400,e4a3c15118c1258c3c33b152cbada545_9f10d335198e90990f3437c5733468e7fc0.jpg?1786099074,Crystal,39,29,BRD
Omnigo Mnigo,49392372,168,148,Shinryu,Meteor,696,0,4ce1cddbe18eb8585879c43e5173c877_87b7d447f40b06dfc7228caf195f7dcffc0.jpg?1786099530,Crystal,36,0,VPR
Ardlan Vorlesh,45102526,169,150,Asura,Mana,696,0,04bfc027079d355fc717e8ec9a4b5f9e_53f1445a9f28799a32ea55f046319fc3fc0.jpg?1786098069,Crystal,19,0,BRD
Patricia Frankene,18106523,170,151,Ultima,Gaia,695,0,c545da9cb222915531dc1fa18623cb41_9df1b3cb0da35db33c17ef11ddf12adafc0.jpg?1786099172,Crystal,32,2,PLD
Yuki Amamiya,31666386,171,153,Asura,Mana,694,0,be0f5c48cd51ee52ae9fb5fbd908b45a_53f1445a9f28799a32ea55f046319fc3fc0.jpg?1786100176,Crystal,90,0,SGE
Gobou Mekara,16295932,172,233,Chocobo,Mana,694,199,b0b05a15f0e0132f73d76efb146bb255_781d6b3603312f6be41670afa37282e0fc0.jpg?1786098875,Crystal,35,2,PCT
Elisa Wolframite,18964939,173,218,Hades,Mana,693,193,5582934bb6b94d50874d7d241225aa74_a4730651230dd43cb129562a30d531aefc0.jpg?1786099004,Crystal,50,10,NIN
Saibi Wasabi,59415917,174,155,Garuda,Elemental,693,0,019ca60037f45abcd6d16fb450204162_fcb1f5b0249d1069e5bdc66d0796f26afc0.jpg?1786100899,Crystal,22,0,MCH
Lon Ron,18022042,175,156,Ixion,Mana,693,0,6f6a04c69339b65f6603faea5df0b1a6_7126768d768f6c6c7fed3eaee98c3a8afc0.jpg?1786097771,Crystal,19,0,BRD
Asth Galleria,5330266,176,157,Pandaemonium,Mana,692,0,69f14cfe9aed20abab40d9c371b581d9_470db1bf2e865f9130531fea40b61ee4fc0.jpg?1786098320,Crystal,42,13,MCH
Takesiba Musasino,29225556,177,158,Durandal,Gaia,691,0,5cacf8dd1a9dae9427de92b387913396_806ea5b45071d5cd6bf393e38462ee71fc0.jpg?1786099969,Crystal,92,9,NIN
Totoka Toka,40704377,178,159,Chocobo,Mana,691,0,3aafbe2ed09507936a8a2aa2a03e2207_781d6b3603312f6be41670afa37282e0fc0.jpg?1786098353,Crystal,84,13,BLM
Aina The-end,44020286,179,160,Tiamat,Gaia,691,0,5de9f2cc82562b167fe84c1fcb425b92_9f10d335198e90990f3437c5733468e7fc0.jpg?1786101051,Crystal,34,2,PLD
Kuros Mu,61049213,180,161,Pandaemonium,Mana,691,0,9e807a625f663b98bc3f5699b41c95e5_470db1bf2e865f9130531fea40b61ee4fc0.jpg?1786098057,Crystal,17,6,UNK
Kotatu Mikan,22566283,181,162,Ifrit,Gaia,690,0,89896b33aefae0916b7c6eb21c27641e_f9f796348bc43067c7242ec4551cde69fc0.jpg?1786099564,Crystal,32,0,DRG
Roud Mahu,3355785,182,194,Ixion,Mana,690,98,5ec00ff4b6711e2a189db7843e6ec84a_7126768d768f6c6c7fed3eaee98c3a8afc0.jpg?1786098713,Crystal,25,1,PLD
Shink Twitch,28515950,183,163,Chocobo,Mana,688,0,dbfc9e759a59380a06162fe11769fcc7_781d6b3603312f6be41670afa37282e0fc0.jpg?1786098788,Crystal,197,23,SMN
Rinfia Rint,24291060,184,164,Durandal,Gaia,685,0,a0d48d9035ce8cb65db8d80e6f885428_806ea5b45071d5cd6bf393e38462ee71fc0.jpg?1786099908,Crystal,81,8,WHM
Lan Dame-celot,31839759,185,165,Ifrit,Gaia,681,0,c278e5b98fa396fbc950aeafdb5aaee8_f9f796348bc43067c7242ec4551cde69fc0.jpg?1786098850,Crystal,16,0,DRK
Umai Okawari,28809423,186,166,Zeromus,Meteor,677,0,603544c81055f8085a950feb781bee2a_c76848359d0b4d2f37aefbb9903ed97bfc0.jpg?1786098231,Crystal,10,0,DRK
Mirage Viola,18473819,187,0,Belias,Meteor,620,421,afc0d8cb4d58a03698011df8d6137cac_894c4bd0beab2e2beb44b74f4c4bd206fc0.jpg?1786098732,Crystal,73,11,DRK
Repipi Belchic,18138156,188,0,Garuda,Elemental,609,311,ff031764203bb8392345f0d02074ce7c_fcb1f5b0249d1069e5bdc66d0796f26afc0.jpg?1786100711,Crystal,71,19,SMN
Zukasa Yatoh,8768354,189,167,Typhon,Elemental,605,0,4b9242a67c4aa4390facfa8e2028de4b_32d8c9c7cd5f62d62da2d31b6750a680fc0.jpg?1786100709,Crystal,28,0,DRG
Walter Winston,3431710,190,233,Fenrir,Gaia,604,109,bee8390354426d2c1d42d687a0de29d5_d384cf5ad7db803f29799f36ebbc3eadfc0.jpg?1786101073,Crystal,38,5,WAR
Nocturne Midnightblue,55368101,191,168,Asura,Mana,604,0,e9f7726a264875c782e0384932dbf161_53f1445a9f28799a32ea55f046319fc3fc0.jpg?1786100342,Crystal,11,0,RPR
Ririca Rica,22451341,192,205,Valefor,Meteor,603,98,b82d75152d14ebf44db2622ef433b4f4_485f4777c38002871591fb54f27edc65fc0.jpg?1786098763,Crystal,73,3,MNK
Rech Leys,13839764,193,169,Asura,Mana,603,0,7bc422589ea337ab644d4bc829ed74bd_53f1445a9f28799a32ea55f046319fc3fc0.jpg?1786100600,Crystal,66,0,UNK
Noir Eclair,2642862,194,170,Ultima,Gaia,602,0,18e63e62d7219f7b588f8c22739fa1ff_9df1b3cb0da35db33c17ef11ddf12adafc0.jpg?1786099153,Crystal,43,6,DRK
Errer Errant,28706539,195,171,Asura,Mana,602,0,14833bd371ac70e05cffe6a03634bb61_53f1445a9f28799a32ea55f046319fc3fc0.jpg?1786098628,Crystal,5,0,MCH
Pekemi Vs,34522615,196,192,Carbuncle,Elemental,601,9,9fa0d9dd5f5841a202fb4f9e517211e7_9eb3c19866f7ae0eeeffac7bf770aba5fc0.jpg?1786098635,Crystal,92,22,PLD
Zero Vanettius,31180421,197,172,Tonberry,Elemental,601,0,dcc2410aaf3a239966f3c0881c2419fc_7bb6b1e488f0e4f01c5314d010b60f31fc0.jpg?1786098029,Crystal,83,0,PLD
Khelby Trickster,1496735,198,173,Gungnir,Elemental,601,0,fde8b59fda65550661c58e15a9026a06_8f82f937943b6baf4c565020d5eba0ccfc0.jpg?1786099483,Crystal,40,0,PCT
Felious Nature,29878382,199,175,Garuda,Elemental,601,0,1fb8f30013241119bd3ec89439f23c39_fcb1f5b0249d1069e5bdc66d0796f26afc0.jpg?1786098458,Crystal,20,0,SAM
Holala Vvn,53437527,200,176,Durandal,Gaia,601,0,60894d30cd8e7f556c8f877555a9e623_806ea5b45071d5cd6bf393e38462ee71fc0.jpg?1786100714,Crystal,16,0,UNK
Kirakira Akira,55531034,201,177,Typhon,Elemental,601,0,5934f798f998575286709c767ba05f59_32d8c9c7cd5f62d62da2d31b6750a680fc0.jpg?1786099233,Crystal,10,0,SGE
Zumu Elect,11364414,202,178,Shinryu,Meteor,600,0,bd0b65a51fad6bef1e3c413041784da0_87b7d447f40b06dfc7228caf195f7dcffc0.jpg?1786098549,Crystal,27,0,VPR
Laviera Rose,60788095,203,179,Masamune,Mana,600,0,137281dbfd05a8698e1b5b46cb1d6d03_134930215abb8a90ec37d6cc05b05e08fc0.jpg?1786098732,Crystal,7,0,DRG
Fio Waldstein,15536952,204,180,Chocobo,Mana,599,0,cad62c88f360d5d6d4f48b42b2e493d0_781d6b3603312f6be41670afa37282e0fc0.jpg?1786098914,Crystal,66,0,WAR
Inx Chrono,21920611,205,182,Yojimbo,Meteor,599,0,83c01df24231dda93176c28e69768459_4a92c619bde4f34cfa77e05fef21ad85fc0.jpg?1786100975,Crystal,37,9,MCH
Hisui Yakumo,32307151,206,181,Anima,Mana,599,0,a17a433489499f7247bcab0b749c1710_2f698530a28d671d20278c8518c804c9fc0.jpg?1786098299,Crystal,29,0,BLM
Boku Hide,61259881,207,183,Chocobo,Mana,599,0,2405cc4b75108a1384180ce7bafc3b98_781d6b3603312f6be41670afa37282e0fc0.jpg?1786099431,Crystal,22,0,MNK
Pero Noir,27109057,208,185,Ultima,Gaia,597,0,889b0b13f93f702d3df91ec97e272102_9df1b3cb0da35db33c17ef11ddf12adafc0.jpg?1786098701,Crystal,11,3,PCT
Lazulim Langheim,1644495,209,186,Ultima,Gaia,597,0,997660bb7160cf32fb6806926222d151_9df1b3cb0da35db33c17ef11ddf12adafc0.jpg?1786099985,Crystal,5,0,MNK
Muutyo Ganajai,35379364,210,0,Ridill,Gaia,596,396,5435163c8ed77079a8f6bdb50b7b4da2_138751880f18161a907d7cf0faa43f07fc0.jpg?1786099644,Crystal,34,10,SGE
Anoma Loris,44038350,211,188,Valefor,Meteor,596,0,57b0094511d082e7e7e8203d850b4159_485f4777c38002871591fb54f27edc65fc0.jpg?1786098414,Crystal,19,0,BRD
M'asane Tyaka,30573102,212,191,Ridill,Gaia,593,0,0128dca44b4f2004c300bb0be68c3602_138751880f18161a907d7cf0faa43f07fc0.jpg?1786098764,Crystal,41,12,UNK
Oracle Trezavejo,15712017,213,193,Bahamut,Gaia,592,0,b4aa7ecb29192073338a2cc53603b062_86da943caa70c8694707ab2ff74e68c9fc0.jpg?1786097669,Crystal,37,5,SMN
Regret Weise,15486920,214,195,Fenrir,Gaia,592,0,13172be4a1ad05d87f2b3a6e43f14d31_d384cf5ad7db803f29799f36ebbc3eadfc0.jpg?1786100017,Crystal,22,4,VPR
Kana Drouv,37418772,215,237,Mandragora,Meteor,592,104,556bea70c6c70acf776be4041d191d92_ee738654add55c3d07ea92d8e108074cfc0.jpg?1786100998,Crystal,12,2,NIN
En Avant,46371551,216,231,Belias,Meteor,590,94,d6c3784f3b06c119ae16dd725e2a2b6e_894c4bd0beab2e2beb44b74f4c4bd206fc0.jpg?1786099283,Crystal,46,1,GNB
Shi Syou,5023543,217,0,Atomos,Elemental,588,388,d930c67636980aa5cc10bd814bdc2dbd_cf768a751b1f5e355c2fd39a9ed91f3ffc0.jpg?1786098775,Crystal,25,6,MCH
Mino Tia,17248473,218,229,Anima,Mana,587,89,04cf8f57d123e5dd3ff034bd6ab6124e_2f698530a28d671d20278c8518c804c9fc0.jpg?1786098293,Crystal,59,12,WAR
Mame Poporu,22836070,219,196,Ixion,Mana,586,0,a886d90317b0e4205db7046757e57e53_7126768d768f6c6c7fed3eaee98c3a8afc0.jpg?1786100325,Crystal,25,0,VPR
Korone Yubi,38334943,220,197,Yojimbo,Meteor,585,0,f96e46a75ff8692aefd4bf0841f4e177_4a92c619bde4f34cfa77e05fef21ad85fc0.jpg?1786098766,Crystal,40,6,RDM
Fuuga Reinfeldt,29495648,221,198,Unicorn,Meteor,583,0,4441cdfb6f60085397a6647656e86646_393eb74047bb90c8d80dea54218430eefc0.jpg?1786099884,Crystal,23,2,WAR
Zana'tan Stratos,7600570,222,199,Shinryu,Meteor,582,0,e3525c189345468c5a9b4b37cf4fcd3e_87b7d447f40b06dfc7228caf195f7dcffc0.jpg?1786098169,Crystal,7,1,AST
Ui Thrix,39291749,223,239,Chocobo,Mana,581,100,08b70654c7812f561afc700e0756319a_781d6b3603312f6be41670afa37282e0fc0.jpg?1786099178,Crystal,26,1,WHM
Hyunsik Lee,59757026,224,201,Typhon,Elemental,511,0,d171f47402375bca99a35c72ebcb7e48_32d8c9c7cd5f62d62da2d31b6750a680fc0.jpg?1786099835,Crystal,7,0,DNC
Lucy Tave,5530448,225,202,Durandal,Gaia,507,0,fd7ea485d2ba7644c76c49d7b00fce24_806ea5b45071d5cd6bf393e38462ee71fc0.jpg?1786099736,Crystal,163,11,WAR
Amelia Noin,10857008,226,203,Shinryu,Meteor,507,0,e3b9588cb22fca69d27a06b6b3f7f74b_87b7d447f40b06dfc7228caf195f7dcffc0.jpg?1786099912,Crystal,91,0,SGE
Rokka Gallete,23609500,227,294,Kujata,Elemental,507,202,6cb05d39414f85c9977ed746371b9289_72c48f093f2278ac3243962d3eb6a8d7fc0.jpg?1786100983,Crystal,8,4,GNB
Suika Suika,52343269,228,204,Gungnir,Elemental,506,0,1200bb92b17a23c163af77a61ab59372_8f82f937943b6baf4c565020d5eba0ccfc0.jpg?1786100603,Crystal,83,16,RDM
Lateralus Lyzetta,25642266,229,206,Ridill,Gaia,505,0,df87cf08231d6dd51b9d24a8c158dbaa_138751880f18161a907d7cf0faa43f07fc0.jpg?1786101019,Crystal,54,8,RPR
Azunyan Suta,3609752,230,0,Kujata,Elemental,504,209,6eb87d1db5778a022b84283d0be6d5af_72c48f093f2278ac3243962d3eb6a8d7fc0.jpg?1786100685,Crystal,47,5,DRG
Yuuki Swallowtail,32886185,231,0,Kujata,Elemental,504,202,712840b89db68c0862aff570eefb28c6_72c48f093f2278ac3243962d3eb6a8d7fc0.jpg?1786101119,Crystal,44,8,MCH
Endless Summer,36558820,232,207,Tiamat,Gaia,503,0,0079a66433e68b1f473c7487944a4d3d_9f10d335198e90990f3437c5733468e7fc0.jpg?1786100753,Crystal,62,0,PCT
Chisato Laetitia,56099994,233,208,Bahamut,Gaia,503,0,1ba731eb7e63c6a087133132bbb51418_86da943caa70c8694707ab2ff74e68c9fc0.jpg?1786098429,Crystal,26,2,UNK
Hoshikuz Siina,1173407,234,209,Tiamat,Gaia,503,0,f966bf2277aea0b0af7b96dbbca7abc1_9f10d335198e90990f3437c5733468e7fc0.jpg?1786098124,Crystal,18,0,SAM
Strawberry Hat,57505676,235,210,Tonberry,Elemental,502,0,5afb62c4e97465a42baa4dea913380fd_7bb6b1e488f0e4f01c5314d010b60f31fc0.jpg?1786098614,Crystal,58,0,RDM
Rohesa Morgan,10586618,236,0,Ramuh,Meteor,502,203,1b6623c84e2fcee5c1d726a691ab88ba_410ddb5a66a2fcacf538bec5ea5d0291fc0.jpg?1786099244,Crystal,55,4,BSM
Taro North,51784709,237,211,Durandal,Gaia,502,0,651dc89f9a8c4eebbec02f2488686ef7_806ea5b45071d5cd6bf393e38462ee71fc0.jpg?1786099187,Crystal,51,1,RPR
Konegai Konegai,3277232,238,212,Masamune,Mana,502,0,3a445dba3d4d2882c60b55a59669971b_134930215abb8a90ec37d6cc05b05e08fc0.jpg?1786098169,Crystal,13,2,MCH
Nanna Shamash,29824400,239,213,Unicorn,Meteor,502,0,480461b43403f674360bd1de18eef8ba_393eb74047bb90c8d80dea54218430eefc0.jpg?1786098123,Crystal,9,1,DRG
Hal Mooncalf,1608068,240,214,Pandaemonium,Mana,502,0,1442db9b14570e549c8f8dd3c9652403_470db1bf2e865f9130531fea40b61ee4fc0.jpg?1786098900,Crystal,5,0,RDM
Super Gal,52139020,241,215,Bahamut,Gaia,501,0,2a20ce1a576737898f3290324b402cd6_86da943caa70c8694707ab2ff74e68c9fc0.jpg?1786098631,Crystal,169,8,RDM
Rekey Lazuline,7660930,242,216,Anima,Mana,501,0,a0f0f483db663160f06e9bfb698a808d_2f698530a28d671d20278c8518c804c9fc0.jpg?1786098074,Crystal,25,0,RPR
Melvien Granier,15127168,243,217,Mandragora,Meteor,501,0,f8b276b7da694e66d7a8c0e702a77495_ee738654add55c3d07ea92d8e108074cfc0.jpg?1786099032,Crystal,19,0,DRG
Ocha Mayo,39740843,244,0,Ixion,Mana,500,201,3701f55ea1acbbf295b1f0e41f4429ed_7126768d768f6c6c7fed3eaee98c3a8afc0.jpg?1786100928,Crystal,45,8,BLM
Go Mee,19423327,245,219,Ifrit,Gaia,500,0,a075edbb8331e7e875aae500a9e7a435_f9f796348bc43067c7242ec4551cde69fc0.jpg?1786101035,Crystal,25,0,GNB
Quina Quale,22357925,246,220,Chocobo,Mana,500,0,8e04161822614b18e307be12f4aecf1e_781d6b3603312f6be41670afa37282e0fc0.jpg?1786099986,Crystal,22,0,WAR
Rocca Eins,9996577,247,221,Ramuh,Meteor,500,0,3514d83d3edfa016528f0983c2dd39f2_410ddb5a66a2fcacf538bec5ea5d0291fc0.jpg?1786099925,Crystal,17,0,AST
Chiaki Gypsophila,3224896,248,0,Anima,Mana,500,200,0c1c9b9742117c64cf36776db0d75c97_2f698530a28d671d20278c8518c804c9fc0.jpg?1786098762,Crystal,8,2,DRG
Minato Haruka,57459700,249,264,Asura,Mana,500,101,5f7508268722022e26bb9950825f7dea_53f1445a9f28799a32ea55f046319fc3fc0.jpg?1786101164,Crystal,6,1,PLD
Hak Elak,35740519,250,223,Ramuh,Meteor,499,0,b86c5618a66aa9349d3190d9ad84491f_410ddb5a66a2fcacf538bec5ea5d0291fc0.jpg?1786100027,Crystal,82,16,SGE
Espresso Book,1705640,251,222,Titan,Mana,499,0,e3207456b1067852817076083f66f25d_e2bb3f9679fec6d4836fcf8abcc3eeacfc0.jpg?1786100280,Crystal,73,0,PCT
Lalala Lalaa,42488617,252,224,Garuda,Elemental,499,0,304385d0c9b61a485f766a1c92c09f29_fcb1f5b0249d1069e5bdc66d0796f26afc0.jpg?1786099684,Crystal,36,0,UNK
Yan Yan,3182501,253,261,Alexander,Gaia,499,100,5cd079575de2bd01f87a188c93738695_b7a71d8799cf6dd75b711a7f52de6675fc0.jpg?1786100007,Crystal,23,2,NIN
Torime Nico,26400369,254,225,Atomos,Elemental,499,0,dbb2fb17c00b9c7a6e6ca0a65c888ac6_cf768a751b1f5e355c2fd39a9ed91f3ffc0.jpg?1786099079,Crystal,14,0,FSH
Elfmum Saintrelmaux,47797645,255,226,Alexander,Gaia,499,0,4be3fea60d75388e0a0edd868bfb2eca_b7a71d8799cf6dd75b711a7f52de6675fc0.jpg?1786100985,Crystal,11,1,WAR
Wolten Rema,17758406,256,226,Yojimbo,Meteor,499,0,7f56f4547e5e3e1528ebc681d9618464_4a92c619bde4f34cfa77e05fef21ad85fc0.jpg?1786097816,Crystal,10,0,PLD
Ame Azarashi,23141823,257,228,Durandal,Gaia,499,0,3169ff74c51973a08f1b5c47026339a9_806ea5b45071d5cd6bf393e38462ee71fc0.jpg?1786101072,Crystal,7,0,MCH
Jikai Yokoku,52429272,258,265,Alexander,Gaia,499,100,f004ff0d7175c98ad62d4ed99995320e_b7a71d8799cf6dd75b711a7f52de6675fc0.jpg?1786099056,Crystal,5,1,SCH
Raiu Raneford,27730776,259,230,Masamune,Mana,497,0,94fa93c1c55d52ae764c88b6b3ae2bf5_134930215abb8a90ec37d6cc05b05e08fc0.jpg?1786098116,Crystal,112,11,AST
Pleiades Fall,35368599,260,232,Titan,Mana,496,0,6b0f718f6bc80c03cedac7df2b5a26a2_e2bb3f9679fec6d4836fcf8abcc3eeacfc0.jpg?1786099520,Crystal,42,12,VPR
Kanata Nishiki,51518712,261,278,Ramuh,Meteor,494,98,f9a7a07121c24e16915fde21238b6fcf_410ddb5a66a2fcacf538bec5ea5d0291fc0.jpg?1786098721,Crystal,27,2,WHM
Syake Dog-nyan,1616788,261,270,Bahamut,Gaia,494,96,39b434160e1c215835c854cb7a564018_86da943caa70c8694707ab2ff74e68c9fc0.jpg?1786100070,Crystal,27,2,WHM
Mochi Dooooon,51161467,263,0,Hades,Mana,494,295,fe8f2f3f207480dac3f25ca746d11cf4_a4730651230dd43cb129562a30d531aefc0.jpg?1786098677,Crystal,10,3,SGE
Tomomomo Momomo,25830708,263,235,Ramuh,Meteor,494,0,d1b6359fffbcc60e8bddc1120dc05d55_410ddb5a66a2fcacf538bec5ea5d0291fc0.jpg?1786098164,Crystal,10,0,DNC
Keith Hazeldine,50116081,265,236,Carbuncle,Elemental,494,0,a47831fd4e9b971cf9742a9afa4782f3_9eb3c19866f7ae0eeeffac7bf770aba5fc0.jpg?1786100361,Crystal,7,0,MNK
Shoka Miya,22327052,266,260,Anima,Mana,490,91,6e04678aa1e4645e242cbde18b68a102_2f698530a28d671d20278c8518c804c9fc0.jpg?1786100930,Crystal,54,11,MCH
Splitz Allure,11250991,267,238,Tonberry,Elemental,487,2,5df739fcece56728f620a7cd5b05392e_7bb6b1e488f0e4f01c5314d010b60f31fc0.jpg?1786098999,Crystal,10,1,VPR
Kaede Felis,33728274,268,240,Typhon,Elemental,479,0,40686a32bf2ab631ff7e7677fc614cb3_32d8c9c7cd5f62d62da2d31b6750a680fc0.jpg?1786097817,Crystal,26,0,WAR
Aran Tyler,47478713,269,276,Zeromus,Meteor,472,76,601da8267e6037e1adc37928f1ab982b_c76848359d0b4d2f37aefbb9903ed97bfc0.jpg?1786097784,Crystal,42,2,SAM
Elu Acknowless,58699844,270,241,Mandragora,Meteor,408,0,60c2649fe79faac79d3e7ac948084121_ee738654add55c3d07ea92d8e108074cfc0.jpg?1786097768,Crystal,111,8,RDM
Firo Sknaht,27296541,271,287,Bahamut,Gaia,408,99,30d62e88cfdd08d4cf3a87b542657d3d_86da943caa70c8694707ab2ff74e68c9fc0.jpg?1786098716,Crystal,22,1,BRD
Inari Oinari,33784273,272,0,Ultima,Gaia,407,307,df3ffb012c3d0b69a69801e3be00b23e_9df1b3cb0da35db33c17ef11ddf12adafc0.jpg?1786098754,Crystal,74,11,PLD
Lufefe Lufe,8829146,273,242,Mandragora,Meteor,407,0,91e252cc1edf40cc72e7912c50fbfde7_ee738654add55c3d07ea92d8e108074cfc0.jpg?1786100524,Crystal,24,0,DNC
Teka Etoile,25627481,274,243,Durandal,Gaia,406,0,20c4e02c3b7c11c6ceb68582c409ceb9_806ea5b45071d5cd6bf393e38462ee71fc0.jpg?1786098735,Crystal,61,12,SGE
God Moai,4474924,275,245,Atomos,Elemental,404,0,05f6a7a1f7ee2f6b156d711777e8411f_cf768a751b1f5e355c2fd39a9ed91f3ffc0.jpg?1786097686,Crystal,8,0,BRD
Pucchin Purin,7354553,276,297,Pandaemonium,Mana,404,100,68d5429c26ec05b2bdfda6492f66dbe0_470db1bf2e865f9130531fea40b61ee4fc0.jpg?1786097720,Crystal,6,2,DRG
Tiger Rutata,23825437,277,247,Asura,Mana,403,0,a69a7fd0c20bbbd51ddf7cc27af7921e_53f1445a9f28799a32ea55f046319fc3fc0.jpg?1786098595,Crystal,24,9,RDM
Shiman Chu,38475144,278,246,Yojimbo,Meteor,403,0,4cb93a24c937da83418345140d361e9b_4a92c619bde4f34cfa77e05fef21ad85fc0.jpg?1786101028,Crystal,19,0,SAM
Kuro Nosuke,54408962,279,249,Valefor,Meteor,403,0,40234eee3a97e636df97858b8ba2422a_485f4777c38002871591fb54f27edc65fc0.jpg?1786100511,Crystal,7,0,UNK
Cururu Kulu,19143846,280,0,Masamune,Mana,403,199,33e1917fe6f5a5bf6f37e0da2fcdf5b9_134930215abb8a90ec37d6cc05b05e08fc0.jpg?1786097846,Crystal,5,2,SMN
Miki Triode,8299904,281,250,Pandaemonium,Mana,402,0,c1667dda66d9bf6140e1aa1c18277ece_470db1bf2e865f9130531fea40b61ee4fc0.jpg?1786100714,Crystal,40,2,RDM
Mimi Lilac,34297778,282,251,Chocobo,Mana,402,0,85d714107184fc9726edcd5c95b5aa6e_781d6b3603312f6be41670afa37282e0fc0.jpg?1786100760,Crystal,39,2,UNK
Royce Farrell,16260248,283,253,Tiamat,Gaia,401,0,dc9ad81c6df424c2b17bd56da6b0cc85_9f10d335198e90990f3437c5733468e7fc0.jpg?1786099681,Crystal,33,0,NIN
Syaharu Rau,42277277,284,0,Ultima,Gaia,401,200,2fc2311e22f50bf5f2604260eee05be9_9df1b3cb0da35db33c17ef11ddf12adafc0.jpg?1786098702,Crystal,16,4,DRG
Crosner Agathe,1685660,285,0,Mandragora,Meteor,400,199,61a52bbd914b0c7f0b9af4110a19e6f0_ee738654add55c3d07ea92d8e108074cfc0.jpg?1786098192,Crystal,87,5,MCH
Jin Walker,25662452,286,258,Hades,Mana,400,1,f3ff10f6b027a5423c3b035a420aad0e_a4730651230dd43cb129562a30d531aefc0.jpg?1786098624,Crystal,62,4,PLD
A'' Leodela,1348434,287,254,Fenrir,Gaia,400,0,e94ac2a12b37ee5b5cbdfec8350d8bb6_d384cf5ad7db803f29799f36ebbc3eadfc0.jpg?1786098486,Crystal,30,0,UNK
Yi Xiangfeng,57320880,288,255,Titan,Mana,400,0,a98e604367a6e3fd017185877e3a9227_e2bb3f9679fec6d4836fcf8abcc3eeacfc0.jpg?1786097996,Crystal,17,0,DRG
Rizih Raunghize,17975389,289,257,Ixion,Mana,399,0,5c6af35c589dc09bd3b1c96fa3775c14_7126768d768f6c6c7fed3eaee98c3a8afc0.jpg?1786100184,Crystal,110,0,SGE
Ku Zu,8645344,290,0,Tiamat,Gaia,399,100,9a0526547e58b7d9b5216f686d6d3929_9f10d335198e90990f3437c5733468e7fc0.jpg?1786098077,Crystal,82,3,UNK
Dion Magnus,1559686,291,259,Durandal,Gaia,399,0,91593ad4939f54221e1d28f542192cc4_806ea5b45071d5cd6bf393e38462ee71fc0.jpg?1786098987,Crystal,57,2,DRG
Sui Greentea,30499096,292,0,Mandragora,Meteor,399,94,1040ce7f583817f4622859287ce22d59_ee738654add55c3d07ea92d8e108074cfc0.jpg?1786098340,Crystal,37,4,UNK
Satosan Fiftysix,26440218,293,262,Typhon,Elemental,399,0,0b17719ebd757aaebd8ff00d5d1bd6f5_32d8c9c7cd5f62d62da2d31b6750a680fc0.jpg?1786099645,Crystal,16,0,DRG
Lycan Roar,52059954,294,263,Titan,Mana,399,0,29dea1cc321c3f2275d537c23520e2b8_e2bb3f9679fec6d4836fcf8abcc3eeacfc0.jpg?1786098634,Crystal,14,0,UNK
Mozambique Here,27514804,295,0,Masamune,Mana,399,102,279d13db60cdd9d339d0c85385d703d5_134930215abb8a90ec37d6cc05b05e08fc0.jpg?1786099223,Crystal,3,1,DRG
Gentleman Vivikazu,387488,296,266,Durandal,Gaia,398,0,13ffee3a79f20a01faf5e0a91bd6c4ac_806ea5b45071d5cd6bf393e38462ee71fc0.jpg?1786097819,Crystal,127,17,SMN
Ren Yagami,2211036,297,267,Alexander,Gaia,398,0,006c10637b502eabcd0682b44d9ed93e_b7a71d8799cf6dd75b711a7f52de6675fc0.jpg?1786099030,Crystal,92,3,NIN
Juta Bebe,19119522,298,268,Ultima,Gaia,398,0,cb47a4ffd8c28a12a61de0dd25af7752_9df1b3cb0da35db33c17ef11ddf12adafc0.jpg?1786098825,Crystal,48,3,UNK
Gogant Gogant,24052697,299,269,Atomos,Elemental,398,0,9b2637d94cc0b341ddad961722026fdf_cf768a751b1f5e355c2fd39a9ed91f3ffc0.jpg?1786097784,Crystal,43,0,DRG
Kenafu Helga,19478437,300,272,Kujata,Elemental,397,0,2b6fcf4ad71a2a07c30eec648c59e7fc_72c48f093f2278ac3243962d3eb6a8d7fc0.jpg?1786099136,Crystal,78,10,UNK
Azar Kaveh,16748899,1,6,Mateus,Crystal,2104,390,1d25f3d1883510d8fd010504471516b8_f0c52cc66e124fc2e641d7c21ab2ce79fc0.jpg?1786099498,Omega,114,21,MNK
Sanahi Keto,57330112,2,1,Hyperion,Primal,2077,0,6531a5f5216bf8e7efcdcf26e24615cb_57ae9ee5592123dd79c8912bf768cf99fc0.jpg?1786098937,Omega,66,3,VPR
Legendary Ash,10855248,3,2,Faerie,Aether,2064,0,6fd699132806b61c9dcb8613c3ae11a3_0e336ff6ad415f47233f0aaf127feac0fc0.jpg?1786097956,Omega,33,0,NIN
Barock Obama,52411158,4,3,Siren,Aether,2054,0,05a5459925b46dd9d074e273b24d5d27_58a84e851e55175d22158ca97af58a1ffc0.jpg?1786099309,Omega,122,0,PLD
Vittorio Moretti,61421815,5,4,Diabolos,Crystal,1879,0,8c11f65c791a4f39ba7c716aeb6bc8d9_7b33d33ae3ecb996f778a5f67a6a0af6fc0.jpg?1786100084,Omega,98,0,RDM
Meteor Moon,29693876,6,13,Rafflesia,Dynamis,1874,496,7f262df9422aa27c9dd850d004812561_2783886613347a4db0bed7524de1298ffc0.jpg?1786097601,Omega,100,25,SGE
Suhr Zarek,8876676,7,8,Balmung,Crystal,1806,187,c09e4087ccb76545f31b81fa5ca01485_7a573cbc0cda3a3dfc1795cb3d9f7b23fc0.jpg?1786097868,Omega,74,11,VPR
Sylvie Chan,48678953,8,5,Brynhildr,Crystal,1715,0,14580705b6124b25ef19217300b4891f_d0a0f515a62457570c9b44997063e3c1fc0.jpg?1786100186,Omega,90,7,DRK
Show Maker,61843104,9,29,Kraken,Dynamis,1699,695,a2da8d9d3d95080eac0c8ad1975a70ac_049a956dfeb0eb2e19c417a1dde4d680fc0.jpg?1786099394,Omega,94,26,SMN
Miyu Moon,14522179,10,7,Mateus,Crystal,1692,0,3562f4cf44aad7d526acbf8fae3937b0_f0c52cc66e124fc2e641d7c21ab2ce79fc0.jpg?1786098540,Omega,29,0,SAM
Mavis Enyo,14769968,11,9,Excalibur,Primal,1578,0,00bced457c7cea8ae968197c61367bed_745baffc465480ed372e274d50318290fc0.jpg?1786100445,Omega,37,0,MCH
Crow Meow,54328117,12,10,Jenova,Aether,1577,0,7eded062751a7f80f7f3d9fbe0ab8e34_ce736afe35e2ded4e46c4fd0659aef7efc0.jpg?1786098454,Omega,33,0,AST
Fye Alanyk,48751064,13,11,Diabolos,Crystal,1575,0,d605d68b88b347dfdb8a9b9e6c3539d6_7b33d33ae3ecb996f778a5f67a6a0af6fc0.jpg?1786100523,Omega,100,6,BLM
Kris Lhea,39204335,14,12,Mateus,Crystal,1501,0,982639accd39a2021d8f112bb5e763df_f0c52cc66e124fc2e641d7c21ab2ce79fc0.jpg?1786099825,Omega,58,0,WHM
Lillian Floresca,58646686,15,21,Diabolos,Crystal,1324,198,4855e798f71f9426ff66aa8bcfc65aed_7b33d33ae3ecb996f778a5f67a6a0af6fc0.jpg?1786098207,Crystal,49,4,UNK
Olivia Lugria,15149290,16,14,Sargatanas,Aether,1304,0,c230658574a9dc12a4eb6fae2e16ceb4_ba22853447012a24cee115315d6a5bebfc0.jpg?1786100802,Crystal,118,9,DNC
Gongsun Qerel,38059779,17,15,Mateus,Crystal,1291,0,015ef2d1ef8f18b0cf7fa0e646fa2d12_f0c52cc66e124fc2e641d7c21ab2ce79fc0.jpg?1786099266,Crystal,80,0,VPR
Terro Mctwisp,49469934,18,16,Leviathan,Primal,1291,0,4f22d821591ca7181ba2027974b77e2f_a91aae52cff9ef65932db06b150ffd47fc0.jpg?1786100233,Crystal,15,0,VPR
Rubedo Ginshi,15639088,19,27,Lamia,Primal,1263,185,bbc5b3eb96e1a1691fb9abb344fc3217_4d9be17b5e1edc617052b4dbf4007875fc0.jpg?1786099271,Crystal,62,13,RPR
Myu Meow,9691497,20,17,Leviathan,Primal,1201,0,d925a41776719d761c94e8e32e5e7a0f_a91aae52cff9ef65932db06b150ffd47fc0.jpg?1786101061,Crystal,31,0,AST
Tomo Kote,38176817,21,18,Gilgamesh,Aether,1199,0,e5d7502ad7f21874552a4fc21553ee9e_b937560c841465f7c4bc8eb47ea7948afc0.jpg?1786100188,Crystal,71,0,RDM
Air Azure,41482862,22,19,Rafflesia,Dynamis,1185,0,a32fc7c37974e2629ce594c455ff54a7_2783886613347a4db0bed7524de1298ffc0.jpg?1786100920,Crystal,33,0,PCT
Fulheart Grit,38212551,23,20,Balmung,Crystal,1184,0,4a4d99f967c37bf42bd739857921e360_7a573cbc0cda3a3dfc1795cb3d9f7b23fc0.jpg?1786100465,Crystal,34,0,VPR
Hrothmar Blackburns,28757856,24,22,Adamantoise,Aether,1118,0,ba6405bac0d5b1fb489962984f0d9fb9_1f5fd239b885860b7c2bfc72ad1d97effc0.jpg?1786100839,Crystal,164,0,BLM
Pvp Badboy,38919488,25,23,Sargatanas,Aether,1109,0,8833f678967938d2e79b8d993021ce3f_ba22853447012a24cee115315d6a5bebfc0.jpg?1786098531,Crystal,42,0,NIN
Bisukito Neko,32261082,26,24,Zalera,Crystal,1097,0,3462c7ee2de7556ca86498dc5214a7fb_8106f857613f8fb994b0be37b26ff4bafc0.jpg?1786100990,Crystal,38,0,UNK
Marci Meow,54739620,27,25,Balmung,Crystal,1096,4,4ebc98a9ae6cf756ec75bc3db97f87f6_7a573cbc0cda3a3dfc1795cb3d9f7b23fc0.jpg?1786100338,Crystal,34,5,DRG
Sanguinius Smolblood,33489157,28,36,Kraken,Dynamis,1095,100,461663ac9dfac06c5d61bc05d26ae652_049a956dfeb0eb2e19c417a1dde4d680fc0.jpg?1786100971,Crystal,37,11,PLD
Jet Vermillion,50169213,29,26,Adamantoise,Aether,1087,0,969bede73be97218c58c658d33e58a68_1f5fd239b885860b7c2bfc72ad1d97effc0.jpg?1786098386,Crystal,12,0,MCH
Aibertain Mando,32541700,30,28,Jenova,Aether,1076,0,8dec967ad48c9a703018a7445740a7f3_ce736afe35e2ded4e46c4fd0659aef7efc0.jpg?1786100948,Crystal,90,2,MCH
Lucio Harundo,4012099,31,34,Leviathan,Primal,1027,29,d042eff245eaa56c0b6989df68a99564_a91aae52cff9ef65932db06b150ffd47fc0.jpg?1786100625,Crystal,133,10,WAR
Azureal Grandeur,20448737,32,30,Marilith,Dynamis,1002,0,fa989d1d00d58fc1b4171abefb5e22b7_bbfb28d5a9059cd0c768daf77ab29982fc0.jpg?1786098890,Crystal,61,0,SCH
Nero Cor,51685882,33,31,Cactuar,Aether,1001,0,a53a1a6499997a089c36337bcc3ae46d_96ab1df8877c1f8ba6a89a39cccfd437fc0.jpg?1786098097,Crystal,88,12,VPR
F'ool Pr'oof,27802292,34,32,Behemoth,Primal,1001,0,07756f3cccf4cada3f3d40b5d44ef841_be20385e18333edb329d4574f364a1f0fc0.jpg?1786099633,Crystal,57,2,DNC
Pekora Meow,37421725,35,33,Leviathan,Primal,999,0,dc85502f9baa330d5a15d3c0a6f002a0_a91aae52cff9ef65932db06b150ffd47fc0.jpg?1786098796,Crystal,106,18,RDM
Rae Rea,58956664,36,35,Adamantoise,Aether,998,0,72766cccd8c79e6afd3055accfc559fa_1f5fd239b885860b7c2bfc72ad1d97effc0.jpg?1786098608,Crystal,13,0,PLD
Raiden Meow,60049984,37,0,Halicarnassus,Dynamis,990,4,82a7874a19aee552f4a0f8ff2b663dff_f2d324d722b28bbe681b2898bcdca8bffc0.jpg?1786098801,Crystal,27,4,PCT
Haha Unless,35825889,38,0,Faerie,Aether,908,0,3c249691791cbe0f2fb3ccc230c9a4e4_0e336ff6ad415f47233f0aaf127feac0fc0.jpg?1786098447,Crystal,21,0,MCH
Death Reaps,8773483,39,42,Balmung,Crystal,904,21,265183f487ab7e0a5a5b3128ec29a82a_7a573cbc0cda3a3dfc1795cb3d9f7b23fc0.jpg?1786100702,Crystal,76,8,BRD
Celesse Archon,5403993,40,39,Midgardsormr,Aether,902,0,46c05696a375eb66cab3503bea79e4e4_5c8ecfbc673e1287a9b5e85423fe1657fc0.jpg?1786097629,Crystal,32,0,AST
No Buts,2234245,41,40,Zalera,Crystal,901,0,0d8b9ae74f55ea0ba374fa7b38b48862_8106f857613f8fb994b0be37b26ff4bafc0.jpg?1786099831,Crystal,64,0,BRD
The Feast,46586541,42,41,Behemoth,Primal,901,0,db9e7409cc816f51307405b49c8b5713_be20385e18333edb329d4574f364a1f0fc0.jpg?1786100076,Crystal,41,0,UNK
Kuina Kagetsu,36802695,43,64,Ultros,Primal,897,302,dd8ffbe11c53ea988c605c9c24157c59_c514cdcdb619439df97d906d4434ccc6fc0.jpg?1786098024,Crystal,56,12,AST
Ice Mage,56719413,44,66,Golem,Dynamis,893,304,20eb207dbce003e2fb1842e0c47aacc7_dd61c3dc259e5c43722e89409499b669fc0.jpg?1786099655,Crystal,58,5,BLM
Uki Yo,50106047,45,43,Adamantoise,Aether,879,0,75e9983a4dd07e7e5de0ed1ac11a23fb_1f5fd239b885860b7c2bfc72ad1d97effc0.jpg?1786099348,Crystal,19,0,MNK
Merlin Emryss,9605720,46,47,Faerie,Aether,809,110,87179f28ae17956a4d43567dadf6ea60_0e336ff6ad415f47233f0aaf127feac0fc0.jpg?1786100706,Crystal,65,9,PLD
Nemx Eisenhorn,2244246,47,50,Excalibur,Primal,795,99,8d22c9821683049e16868ac1de65df41_745baffc465480ed372e274d50318290fc0.jpg?1786098260,Crystal,15,1,SGE
Ahri Meow,42604315,48,44,Leviathan,Primal,794,0,99498e3de5cc49aacddccc855d4ee19d_a91aae52cff9ef65932db06b150ffd47fc0.jpg?1786100227,Crystal,13,0,RDM
Size Difference,33536390,49,91,Sargatanas,Aether,791,399,770b5bd32a40e292765490f8e46eaf60_ba22853447012a24cee115315d6a5bebfc0.jpg?1786098857,Crystal,72,6,SMN
Doomballoon Dapingus,19169037,50,45,Diabolos,Crystal,714,0,e43cef91ca38a14de0e5bea2295ba9c0_7b33d33ae3ecb996f778a5f67a6a0af6fc0.jpg?1786100508,Crystal,48,0,RDM
Ellie Titis,36865882,51,160,Midgardsormr,Aether,707,607,71601f63eddfe2db7e4ec2213790102c_5c8ecfbc673e1287a9b5e85423fe1657fc0.jpg?1786100809,Crystal,26,9,DRG
La Bubu,26625120,52,54,Diabolos,Crystal,707,99,733d34df72366760c6f44581681c9088_7b33d33ae3ecb996f778a5f67a6a0af6fc0.jpg?1786097990,Crystal,18,1,BLM
Gojo San,48764071,53,0,Jenova,Aether,705,0,cfaa3805c7a62fc99a75b9c68da57b17_ce736afe35e2ded4e46c4fd0659aef7efc0.jpg?1786098668,Crystal,8,0,RDM
Xiao Longbao,31670807,54,93,Excalibur,Primal,702,397,b9d8562547d5b9d8e86054d9061c6a23_745baffc465480ed372e274d50318290fc0.jpg?1786098643,Crystal,30,4,RDM
Noraliza Aubyrn,32094068,55,46,Goblin,Crystal,701,0,8a18cbebe3a2fc2c4bc70809fec01623_8e81e2940511f7152ba4462fe53e35b8fc0.jpg?1786098055,Crystal,42,1,WAR
Silanah Sylphrena,45709349,56,48,Faerie,Aether,699,0,353d000e66ebf6b7715ff5998504f784_0e336ff6ad415f47233f0aaf127feac0fc0.jpg?1786099768,Crystal,14,0,NIN
Seto Mimyho,20943977,57,74,Behemoth,Primal,698,202,e0110a23ddcddf11cb8bf1e895c56d75_be20385e18333edb329d4574f364a1f0fc0.jpg?1786098114,Crystal,39,4,FSH
Zeta Salazar,44375733,58,49,Midgardsormr,Aether,697,0,4be3c205f3892cdbc09e8417ad6dbb68_5c8ecfbc673e1287a9b5e85423fe1657fc0.jpg?1786100798,Crystal,103,7,SAM
Deadrise Mutambo,49340180,59,177,Diabolos,Crystal,697,697,05829ade005fe971a894d48d18963c4f_7b33d33ae3ecb996f778a5f67a6a0af6fc0.jpg?1786101067,Crystal,43,7,DRG
Aerika Meow,27836279,60,51,Faerie,Aether,692,0,cefa16e18644e0b625a0d52d2df514b9_0e336ff6ad415f47233f0aaf127feac0fc0.jpg?1786099466,Crystal,8,0,DNC
Micro Uryade,37487800,61,52,Sargatanas,Aether,690,0,d9df4db31e4d391c99006db3caa4b5f9_ba22853447012a24cee115315d6a5bebfc0.jpg?1786097982,Crystal,37,6,VPR
Kasai Kage,21886030,62,53,Adamantoise,Aether,618,0,6835735c490425c8a49d6889308a3484_1f5fd239b885860b7c2bfc72ad1d97effc0.jpg?1786099017,Crystal,14,0,NIN
Akari Tsuki,46655701,63,54,Adamantoise,Aether,608,0,08f7ffe45c1b134f99ea040b39ee2bdd_1f5fd239b885860b7c2bfc72ad1d97effc0.jpg?1786099596,Crystal,17,0,SMN
Momo Meow,50898775,64,56,Siren,Aether,606,0,6abf63b1f0755aa211bfd1dadc66e3b9_58a84e851e55175d22158ca97af58a1ffc0.jpg?1786100836,Crystal,8,0,PCT
Hilto Feltre,55076328,65,57,Sargatanas,Aether,605,0,4a850e1dbb7f6f3aeff5b21df6166f3f_ba22853447012a24cee115315d6a5bebfc0.jpg?1786099868,Crystal,45,0,MCH
Ivy Storm,61727582,66,58,Zalera,Crystal,604,0,27a648f77de0ff7a1a44539cbd062203_8106f857613f8fb994b0be37b26ff4bafc0.jpg?1786098887,Crystal,81,0,MCH
Judas Demaio,7957583,67,84,Balmung,Crystal,604,205,802e8b947615ba3fa10ac8d8e4fb1ebf_7a573cbc0cda3a3dfc1795cb3d9f7b23fc0.jpg?1786098321,Crystal,10,6,UNK
Alma Braver,729037,68,0,Goblin,Crystal,602,97,1d50d402d833734bf7f0d1fe6b3af5e8_8e81e2940511f7152ba4462fe53e35b8fc0.jpg?1786098317,Crystal,25,2,SMN
Ham Baga,28276994,69,59,Balmung,Crystal,601,0,80672270fca68b3d3fa2f4c0b220427a_7a573cbc0cda3a3dfc1795cb3d9f7b23fc0.jpg?1786101120,Crystal,15,0,BRD
Yui Fins,46861659,70,60,Adamantoise,Aether,600,0,477904411f28cfd029518422146e02f0_1f5fd239b885860b7c2bfc72ad1d97effc0.jpg?1786101082,Crystal,156,10,PLD
Ash Ymir,58885179,71,61,Goblin,Crystal,599,0,9326f044cdbd54d081c76d88de6310e0_8e81e2940511f7152ba4462fe53e35b8fc0.jpg?1786099612,Crystal,57,0,SMN
Silvy Kaenbyou,45504540,72,62,Goblin,Crystal,598,0,3a856bd5c7e35d95f6afcc57be4321a1_8e81e2940511f7152ba4462fe53e35b8fc0.jpg?1786101033,Crystal,49,8,PCT
Yozen Ballistar,24434537,73,63,Hyperion,Primal,597,0,087acc31d84823e50be37be0af3a3640_57ae9ee5592123dd79c8912bf768cf99fc0.jpg?1786098924,Crystal,5,0,WHM
Adrianne Lehman,335503,74,65,Jenova,Aether,591,0,9487d4bc6332e7a22c323a4ee321ffa1_ce736afe35e2ded4e46c4fd0659aef7efc0.jpg?1786097860,Crystal,110,13,DRG
Ryan Hoshiko,10323495,75,67,Lamia,Primal,589,0,b8f720f05e5314618bc7341f856d075d_4d9be17b5e1edc617052b4dbf4007875fc0.jpg?1786097869,Crystal,27,0,PCT
P'roto Idola,35374628,76,69,Brynhildr,Crystal,502,0,a91ad9e8c6c6ddb0905cd9aa6cede8e3_d0a0f515a62457570c9b44997063e3c1fc0.jpg?1786097955,Crystal,17,4,SMN
Satoshi Itaori,52546108,77,116,Golem,Dynamis,501,301,1ecf4d8479fa0e8c3c4b6fe005108b6d_dd61c3dc259e5c43722e89409499b669fc0.jpg?1786099861,Crystal,21,6,WAR
Sparrow Hawk,50867063,78,70,Seraph,Dynamis,501,0,1253b18a592d2d3c5133e9b86ab20c5a_07fb0511053f398d1f2d6831e6a6b4c8fc0.jpg?1786098841,Crystal,16,0,DRG
Lelouch Masamune,12543299,79,71,Malboro,Crystal,498,0,711457fd66b589fb422ba4640a4826f0_2e97c13fdd593d15d543093f8a37b6f0fc0.jpg?1786099246,Crystal,74,0,SCH
Big Three,47754584,80,72,Zalera,Crystal,498,0,ef1725c11b5e975338a0b9d2fccdabfe_8106f857613f8fb994b0be37b26ff4bafc0.jpg?1786097731,Crystal,16,0,WAR
Clara Green,44437004,81,73,Gilgamesh,Aether,496,0,9fdf7ee98ab3c5eb9220a6d31f045135_b937560c841465f7c4bc8eb47ea7948afc0.jpg?1786098783,Crystal,65,0,AST
Im Dead,44727021,82,75,Balmung,Crystal,494,0,382bb5e8fe23a4e04750cfd29fa9f46c_7a573cbc0cda3a3dfc1795cb3d9f7b23fc0.jpg?1786097656,Crystal,20,0,VPR
Anti Luminosity,53824427,83,76,Marilith,Dynamis,490,0,345441c3ea324bf07484e7e6f1031ccc_bbfb28d5a9059cd0c768daf77ab29982fc0.jpg?1786098129,Crystal,90,0,RPR
Kylis Pendragon,36050245,84,77,Balmung,Crystal,413,0,6d0f4e4d3e36c9a4dd7fccd76f9effc3_7a573cbc0cda3a3dfc1795cb3d9f7b23fc0.jpg?1786098424,Crystal,101,12,BRD
Kiitla Hundar,21600585,85,81,Brynhildr,Crystal,405,6,acff83df95bca2189584bd6af72e84ce_d0a0f515a62457570c9b44997063e3c1fc0.jpg?1786097648,Crystal,36,4,UNK
Nikau Milkdud,30842976,86,78,Lamia,Primal,404,0,2ffee265e9fb9491997d30306dc67cc3_4d9be17b5e1edc617052b4dbf4007875fc0.jpg?1786098933,Crystal,4,0,MNK
Xale Solace,52728205,87,79,Adamantoise,Aether,401,0,5272a5d5dea9738bb4a6638ac3f083d2_1f5fd239b885860b7c2bfc72ad1d97effc0.jpg?1786098127,Crystal,41,0,AST
Nero K'ten,6155374,88,106,Lamia,Primal,400,104,457604f04300faac0e52a053884e2bb7_4d9be17b5e1edc617052b4dbf4007875fc0.jpg?1786098193,Crystal,51,2,AST
Rin Denma,33178809,89,80,Gilgamesh,Aether,400,0,6c5bab6678d3c44b6e646bc8726eb9f9_b937560c841465f7c4bc8eb47ea7948afc0.jpg?1786098332,Crystal,4,0,UNK
June Buggy,39873640,90,82,Brynhildr,Crystal,399,0,929fb7f3958e6f1fbc9e559d731c0108_d0a0f515a62457570c9b44997063e3c1fc0.jpg?1786098736,Crystal,27,0,RDM
Velvet Mordio,11975584,91,83,Exodus,Primal,399,0,78d6cff1cf5b31e96125819d9688bb5a_0cdf051c93865faa15cbc5cd3d2b69fbfc0.jpg?1786100651,Crystal,7,0,DRG
Karl Rex,48615049,92,85,Siren,Aether,398,0,a7f2129699ecb71e801871425b8cbc52_58a84e851e55175d22158ca97af58a1ffc0.jpg?1786098730,Crystal,184,10,PLD
Gidding Mimid,9835761,93,86,Exodus,Primal,398,0,97296d489ec3afb5d7c65e3c6fa7fc05_0cdf051c93865faa15cbc5cd3d2b69fbfc0.jpg?1786098394,Crystal,63,7,NIN
Roland Montpensier,27408688,94,87,Mateus,Crystal,398,0,f999e29fa2ab10f6ba02338f493e886b_f0c52cc66e124fc2e641d7c21ab2ce79fc0.jpg?1786100810,Crystal,8,0,DRK
Jin Mercer,31096690,95,88,Marilith,Dynamis,396,0,708b770d30658bbff6a84015d913b518_bbfb28d5a9059cd0c768daf77ab29982fc0.jpg?1786098765,Crystal,31,1,DRK
Eyre Stahl,32745572,96,89,Maduin,Dynamis,396,0,0d24cf6e8f53fc59a993fd5e5311d4e0_7ff236346f6151d8a2c08fd0b4a0b806fc0.jpg?1786098631,Crystal,3,0,SAM
Aurora Aura,51466191,97,90,Coeurl,Crystal,392,0,6bf65747d41f881881af0d8d8ee83bb9_284358f8eb4efc9095914e46798c6ab3fc0.jpg?1786099440,Crystal,86,16,SMN
Boulder Beholder,10981587,98,92,Faerie,Aether,310,0,9de7d0362a3a832a7171bfe262bb5d94_0e336ff6ad415f47233f0aaf127feac0fc0.jpg?1786098049,Crystal,6,0,GNB
Josh Trigiani,6965228,99,165,Lamia,Primal,307,207,22f547722b0454bc3b30d7f6a8ac5b0a_4d9be17b5e1edc617052b4dbf4007875fc0.jpg?1786100115,Crystal,12,4,PCT
Dank Lollington,37820692,100,94,Exodus,Primal,304,0,2b6faafd9620689cd5e4222c96529aa5_0cdf051c93865faa15cbc5cd3d2b69fbfc0.jpg?1786099488,Crystal,21,3,BLM
Ethan Dumas,2337003,101,95,Zalera,Crystal,303,0,4363afb6aeff95a15293cf3907560f7b_8106f857613f8fb994b0be37b26ff4bafc0.jpg?1786100719,Crystal,60,5,RDM
Garu Kettle,7054871,102,96,Behemoth,Primal,301,0,e03f1b46663ddb8c150315a88c79c9f1_be20385e18333edb329d4574f364a1f0fc0.jpg?1786100632,Crystal,65,0,UNK
Tarex Youva,34244171,103,97,Behemoth,Primal,301,0,f62a1a6593a19abc7f2ade2191e57159_be20385e18333edb329d4574f364a1f0fc0.jpg?1786099748,Crystal,44,0,DNC
Ava Falafell,7835301,104,98,Cactuar,Aether,301,0,037dd67f6ab82aadfe3e7b3e4973d525_96ab1df8877c1f8ba6a89a39cccfd437fc0.jpg?1786098636,Crystal,24,6,WHM
Banana Skye,48159675,105,99,Faerie,Aether,300,0,37d6f3f177181cc95ef2e697d25b0c85_0e336ff6ad415f47233f0aaf127feac0fc0.jpg?1786098488,Crystal,49,0,WHM
Onion Little,37583983,106,100,Zalera,Crystal,300,0,59533d6fd2d0a8b58595bf860ae3f36a_8106f857613f8fb994b0be37b26ff4bafc0.jpg?1786097822,Crystal,13,0,ALC
Crew Mate,58619876,107,101,Rafflesia,Dynamis,300,0,8fabef2de621b0cab9b478c17a74d44f_2783886613347a4db0bed7524de1298ffc0.jpg?1786098105,Crystal,12,0,UNK
Thamiel Blade,11845109,108,147,Malboro,Crystal,299,199,80ba6f7aa26a72c98ebf41b210be27be_2e97c13fdd593d15d543093f8a37b6f0fc0.jpg?1786097971,Crystal,41,8,SMN
Yulia Lunaria,82714,109,102,Coeurl,Crystal,298,0,30d19e29baad4dfe064001a80a4466e1_284358f8eb4efc9095914e46798c6ab3fc0.jpg?1786098256,Crystal,5,0,GNB
Vann Healsing,6572,110,103,Coeurl,Crystal,298,0,e19ce452168669ef7abba0e26cc8ee4c_284358f8eb4efc9095914e46798c6ab3fc0.jpg?1786100500,Crystal,4,0,SGE
Bigg Succ,14228989,111,104,Coeurl,Crystal,298,0,d833225ff74a6d00fc89b134cc155262_284358f8eb4efc9095914e46798c6ab3fc0.jpg?1786099390,Crystal,2,0,MCH
Phrosticus Maximus,51732834,112,105,Kraken,Dynamis,297,0,36921233b0c05085a501c86bb51f5633_049a956dfeb0eb2e19c417a1dde4d680fc0.jpg?1786098447,Crystal,82,0,NIN
Sitri Belladonna,44271644,113,107,Maduin,Dynamis,296,0,d5fba1e5169b57a308fb1ea60e3553cf_7ff236346f6151d8a2c08fd0b4a0b806fc0.jpg?1786098827,Crystal,44,3,PLD
Nika Arwing,12407061,114,168,Behemoth,Primal,294,194,f0ebfd95e843addaab2471d3cb028eb6_be20385e18333edb329d4574f364a1f0fc0.jpg?1786098668,Crystal,8,3,NIN
Sarantsatsral Kha,26082962,115,108,Behemoth,Primal,294,0,f8735f190504d139ee16ec1a623371dc_be20385e18333edb329d4574f364a1f0fc0.jpg?1786100071,Crystal,7,0,PLD
Koifucius Dao-master,37165464,116,109,Exodus,Primal,292,0,030277d5215f88056127d2b9e88474e4_0cdf051c93865faa15cbc5cd3d2b69fbfc0.jpg?1786097610,Crystal,6,0,WHM
Larxis Themage,9284703,117,184,Mateus,Crystal,202,202,f1440421e273892659981868cbc99f9b_f0c52cc66e124fc2e641d7c21ab2ce79fc0.jpg?1786099134,Crystal,74,8,MCH
Noel Bunny,5201676,118,110,Behemoth,Primal,202,0,c7f99603b6e09c43470bbabaed203add_be20385e18333edb329d4574f364a1f0fc0.jpg?1786097906,Crystal,51,3,UNK
Fire Strike,52397705,119,111,Kraken,Dynamis,202,0,b9c1021d4aa2ae66682e7904857161ed_049a956dfeb0eb2e19c417a1dde4d680fc0.jpg?1786100873,Crystal,12,0,RDM
Mtn Boop,36509633,120,112,Brynhildr,Crystal,202,0,175f521a1de707cbfb345e95df5e588c_d0a0f515a62457570c9b44997063e3c1fc0.jpg?1786097833,Crystal,1,0,SGE
Pvp Wintrader,55633250,121,251,Rafflesia,Dynamis,201,201,a95c4512f0f35cf564aac910d19b00e2_2783886613347a4db0bed7524de1298ffc0.jpg?1786100539,Crystal,29,12,GNB
Rusheel Vasscus,2314921,122,113,Adamantoise,Aether,201,0,a4248cc27f1d518fee3b2b12da021669_1f5fd239b885860b7c2bfc72ad1d97effc0.jpg?1786097827,Crystal,1,0,MNK
Zolzayaa Noykin,34804380,123,121,Balmung,Crystal,200,1,ff773bbf0388cc8a61ac7c87e78f978f_7a573cbc0cda3a3dfc1795cb3d9f7b23fc0.jpg?1786100574,Crystal,34,4,AST
Aiberaint Mando,58601227,124,114,Faerie,Aether,200,0,b7621f9e3f9c7a33ce4acd4a392c3a41_0e336ff6ad415f47233f0aaf127feac0fc0.jpg?1786100480,Crystal,33,0,RPR
Mash Buttons,12470854,125,163,Ultros,Primal,200,100,eec5508ec2ce3844fd62caa5b87a24d8_c514cdcdb619439df97d906d4434ccc6fc0.jpg?1786100891,Crystal,22,7,BRD
Nonoha Noha,32959229,125,115,Balmung,Crystal,200,0,d9c4977477ddfaebc0c2204729f692f9_7a573cbc0cda3a3dfc1795cb3d9f7b23fc0.jpg?1786099332,Crystal,22,0,VPR
Joe Biden',48592929,127,117,Seraph,Dynamis,200,0,c06fd69e6b294b74118f1a8ad5727f56_07fb0511053f398d1f2d6831e6a6b4c8fc0.jpg?1786100861,Crystal,2,0,UNK
Giselle Aureillien,29155636,128,118,Coeurl,Crystal,200,0,0864f26f62e17d3942c765f8a16665d2_284358f8eb4efc9095914e46798c6ab3fc0.jpg?1786098069,Crystal,1,0,NIN
Somnidemn Serdorm,37031558,128,118,Goblin,Crystal,200,0,6147ca113912ee7b9ac321313bbf5863_8e81e2940511f7152ba4462fe53e35b8fc0.jpg?1786098343,Crystal,1,0,GNB
Aesa Iys,59631795,130,0,Kraken,Dynamis,199,199,60f73c621a5b6dec56728cc5466268c2_049a956dfeb0eb2e19c417a1dde4d680fc0.jpg?1786098858,Crystal,57,46,UNK
Novical Astrea,42979170,131,120,Exodus,Primal,199,0,b638930bbe9987be79fa698126728549_0cdf051c93865faa15cbc5cd3d2b69fbfc0.jpg?1786098809,Crystal,53,10,RDM
Unagi Box,34773273,132,122,Cuchulainn,Dynamis,199,0,05a513d02b60c767bfb83440ab2d406b_b4a106e4893fd452df0001eaeecf9d7efc0.jpg?1786098757,Crystal,22,0,GNB
Raphtalia Solari,8126326,133,123,Adamantoise,Aether,199,0,baeca36f0f50dbb796496ea18e58ee30_1f5fd239b885860b7c2bfc72ad1d97effc0.jpg?1786100865,Crystal,6,0,SGE
Milly Mina,37964161,134,124,Cuchulainn,Dynamis,199,0,f3300c3e28b3c5b4a3767a587341831e_b4a106e4893fd452df0001eaeecf9d7efc0.jpg?1786099053,Crystal,3,0,WAR
Mits Suki,33204212,134,124,Famfrit,Primal,199,0,5bb063598970951b9c8c586bd4f0db1f_fce4949e615393e574f2d57134b31fc1fc0.jpg?1786101066,Crystal,3,0,MNK
Fain Doncel'aram,18921518,136,126,Jenova,Aether,199,0,99d5d58c7b97e260ff83d3d4b87a7103_ce736afe35e2ded4e46c4fd0659aef7efc0.jpg?1786097922,Crystal,2,0,MNK
Katka Kogoro,44461194,137,127,Behemoth,Primal,198,0,550a289a6fa63b9cd57149e22c1dbc72_be20385e18333edb329d4574f364a1f0fc0.jpg?1786098537,Crystal,11,0,UNK
Io Isana,33563057,138,170,Coeurl,Crystal,198,98,bb1bccc46bef2876072e2e7fa326fa12_284358f8eb4efc9095914e46798c6ab3fc0.jpg?1786101069,Crystal,4,3,PCT
Radanis Luminacht,16920977,139,128,Sargatanas,Aether,198,0,b371d311f8b15d14c5d5b08dda36ab7f_ba22853447012a24cee115315d6a5bebfc0.jpg?1786101142,Crystal,1,0,WAR
Fyoriah Aliapoh,44734635,140,149,Faerie,Aether,197,97,298901c71b421faa4612e0bbd9420820_0e336ff6ad415f47233f0aaf127feac0fc0.jpg?1786098788,Crystal,30,1,NIN
Onigiri Bunny,7352884,141,129,Behemoth,Primal,197,0,382f2b7a0b15514c38a6e2d5af3d8014_be20385e18333edb329d4574f364a1f0fc0.jpg?1786098380,Crystal,1,0,UNK
Cain Molkoh,57323197,142,130,Goblin,Crystal,196,0,889deea7b0b76edd744a2b6fb24a09a1_8e81e2940511f7152ba4462fe53e35b8fc0.jpg?1786098986,Crystal,88,8,AST
Ailbhe Costa,24483224,143,131,Golem,Dynamis,196,0,d2a07a324d29f192eabbae6adeb2462b_dd61c3dc259e5c43722e89409499b669fc0.jpg?1786097974,Crystal,1,0,UNK
Sensus Nero,3918158,143,131,Gilgamesh,Aether,196,0,c830651186889d4902ef13cefd58a832_b937560c841465f7c4bc8eb47ea7948afc0.jpg?1786098633,Crystal,1,0,MCH
Unit Two,9241194,145,133,Ultros,Primal,195,0,641de9f4edfaf7fe05a95460092c87ef_c514cdcdb619439df97d906d4434ccc6fc0.jpg?1786099153,Crystal,147,0,SCH
Lux Mas,23065843,146,134,Sargatanas,Aether,105,0,88a2ca0abf69b95b8d6893d740e04615_ba22853447012a24cee115315d6a5bebfc0.jpg?1786099244,Crystal,61,1,PCT
Nanamie Namie,54007603,147,141,Seraph,Dynamis,103,3,0a2ba3a431605dbe05215a75dffd70e7_07fb0511053f398d1f2d6831e6a6b4c8fc0.jpg?1786098730,Crystal,75,19,DRG
Labrys Roux,31449732,148,135,Ultros,Primal,103,0,b78d649d03beba97a36fa9eebc98afc4_c514cdcdb619439df97d906d4434ccc6fc0.jpg?1786098623,Crystal,30,0,AST
Erik Jormungandr,21053207,149,136,Balmung,Crystal,102,0,d279bad4f9c048ee2cb4310b2dabb453_7a573cbc0cda3a3dfc1795cb3d9f7b23fc0.jpg?1786100136,Crystal,5,0,DRK
Rail Ying,33252892,150,137,Famfrit,Primal,100,0,e9ae8b691e418ccccf35ebe11804f497_fce4949e615393e574f2d57134b31fc1fc0.jpg?1786099054,Crystal,183,0,RDM
Gozen Brutus,61597290,151,139,Maduin,Dynamis,100,100,3a730b628fc5d3ebc929cd7499755059_7ff236346f6151d8a2c08fd0b4a0b806fc0.jpg?1786099720,Crystal,87,19,MNK
Lazy Bear,39566180,152,138,Faerie,Aether,100,0,a07cf0c35d5a78a5a1b9ca16d6f41803_0e336ff6ad415f47233f0aaf127feac0fc0.jpg?1786097873,Crystal,83,11,PLD
Teysa Montgomery,6201712,153,194,Cactuar,Aether,100,100,eb51f53fb1f2b23ee171b4e92895e9b4_96ab1df8877c1f8ba6a89a39cccfd437fc0.jpg?1786100895,Crystal,59,2,DRG
Beef Testoserone,31210622,154,140,Lamia,Primal,100,0,8722cb428122ce685cf8b96a844468f3_4d9be17b5e1edc617052b4dbf4007875fc0.jpg?1786098428,Crystal,57,0,DRG
Fritz Wolaritz,44896203,155,144,Balmung,Crystal,100,100,6b6c8d51bbceef62ae7fdc2ac8df1756_7a573cbc0cda3a3dfc1795cb3d9f7b23fc0.jpg?1786098420,Crystal,56,5,SGE
Zerth Voldrin,14915863,156,142,Cactuar,Aether,100,0,81a8fef4d9feb3b13352e547c9dcf7d5_96ab1df8877c1f8ba6a89a39cccfd437fc0.jpg?1786100516,Crystal,48,0,DRK
Elphen Gura,2247953,157,176,Gilgamesh,Aether,100,100,292e135e4f46290be61b4699e8236363_b937560c841465f7c4bc8eb47ea7948afc0.jpg?1786100013,Crystal,45,6,SMN
Freelili Baylili,41088797,158,143,Famfrit,Primal,100,0,2fd0edea93f7f1b96bfa59c24d04a2af_fce4949e615393e574f2d57134b31fc1fc0.jpg?1786098278,Crystal,44,0,DRK
Von Columbine,58381347,159,145,Gilgamesh,Aether,100,0,616328e702b2b2e8d452581d53ec9f88_b937560c841465f7c4bc8eb47ea7948afc0.jpg?1786099020,Crystal,42,0,BLU
Sirkitten Wrath,24932332,160,146,Coeurl,Crystal,100,0,248a1e6798b3538fe783585b1686cadd_284358f8eb4efc9095914e46798c6ab3fc0.jpg?1786098757,Crystal,38,0,MCH
Fenrir Mani,46990212,161,157,Siren,Aether,100,0,9d52f579ab24f21101afab7ee04fd086_58a84e851e55175d22158ca97af58a1ffc0.jpg?1786098969,Crystal,34,16,MNK
No Bee,37102144,162,148,Lamia,Primal,100,0,5c741048df2befeb7f80a2b03bb02aee_4d9be17b5e1edc617052b4dbf4007875fc0.jpg?1786100285,Crystal,30,0,MCH
Naeng Myeon,35393894,163,150,Jenova,Aether,100,0,e834ee8ccde5fd99424275ed75278f5b_ce736afe35e2ded4e46c4fd0659aef7efc0.jpg?1786097886,Crystal,28,0,MCH
Peregrine Lofte,21726171,164,151,Leviathan,Primal,100,0,351c30387c9048190075024c6b344ead_a91aae52cff9ef65932db06b150ffd47fc0.jpg?1786097702,Crystal,26,0,DRG
Snowsteps Frozenheart,25431273,165,152,Siren,Aether,100,0,3e9412aba214d5dab23b4cdfc8b81294_58a84e851e55175d22158ca97af58a1ffc0.jpg?1786100048,Crystal,25,0,BLM
Orpheus Laine,29851207,166,219,Gilgamesh,Aether,100,100,5939235fbb052c79392d334cce14ca00_b937560c841465f7c4bc8eb47ea7948afc0.jpg?1786101120,Crystal,24,7,WAR
Rasan Sena,13544028,167,155,Kraken,Dynamis,100,0,70d1ba94bcbeff8a384f1e364b2ee863_049a956dfeb0eb2e19c417a1dde4d680fc0.jpg?1786098383,Crystal,22,2,UNK
Minato Maki,53819658,168,153,Excalibur,Primal,100,0,03c1d1dc5b9a30317518ec9a30c301ab_745baffc465480ed372e274d50318290fc0.jpg?1786098956,Crystal,21,0,MNK
Vaeltis Nyght,16404977,168,153,Famfrit,Primal,100,0,0caba4911a7521943ad38550f8faec63_fce4949e615393e574f2d57134b31fc1fc0.jpg?1786098521,Crystal,21,0,MIN
Naomi Hakoma,13697124,170,155,Halicarnassus,Dynamis,100,0,a6732f9cc34509a6761d618186e745fd_f2d324d722b28bbe681b2898bcdca8bffc0.jpg?1786100000,Crystal,20,0,ALC
Neo Dymium,33030676,171,165,Seraph,Dynamis,100,0,24be6098cf7acc2de169d92917d3299f_07fb0511053f398d1f2d6831e6a6b4c8fc0.jpg?1786099564,Crystal,19,11,DRG
Navori Valois,48622291,172,157,Adamantoise,Aether,100,0,4facdc408c9ad771bc52001d3c82fa9f_1f5fd239b885860b7c2bfc72ad1d97effc0.jpg?1786098682,Crystal,18,0,SAM
Tegridy Weed,3469679,172,157,Midgardsormr,Aether,100,0,96f7b1ca58cffc2cdcbb1df90d116807_5c8ecfbc673e1287a9b5e85423fe1657fc0.jpg?1786098511,Crystal,18,0,AST
A'kena Themis,30488636,174,160,Cuchulainn,Dynamis,100,0,0dfbdcebc19679eb813e05521b4bc587_b4a106e4893fd452df0001eaeecf9d7efc0.jpg?1786101095,Crystal,17,0,SAM
Reina Crowley,19324150,175,162,Malboro,Crystal,100,0,d8624175065ad845c6d16c7f8638cc12_2e97c13fdd593d15d543093f8a37b6f0fc0.jpg?1786098196,Crystal,16,0,UNK
Master Zoknik,48144446,176,164,Balmung,Crystal,100,0,3c54e73f2ad7023aa3b173793f95c070_7a573cbc0cda3a3dfc1795cb3d9f7b23fc0.jpg?1786097653,Crystal,11,0,WAR
Tio Tot,32427648,177,167,Jenova,Aether,100,0,b6b5f99e0b2c9878499873fdbe82cda3_ce736afe35e2ded4e46c4fd0659aef7efc0.jpg?1786098655,Crystal,7,0,GNB
Rachna's Kitten,60414129,178,169,Diabolos,Crystal,100,0,5a2079c26296ecf9252da83453669ee7_7b33d33ae3ecb996f778a5f67a6a0af6fc0.jpg?1786098275,Crystal,4,1,UNK
Akam Mizuna,11803947,179,0,Leviathan,Primal,100,0,8c8c482c7a3d1c6cf89407e6cf103b32_a91aae52cff9ef65932db06b150ffd47fc0.jpg?1786099290,Crystal,1,0,VPR
Haley Autouria,105933,180,171,Coeurl,Crystal,100,0,8e6b9b10fc2e31af21e24fdaae151c61_284358f8eb4efc9095914e46798c6ab3fc0.jpg?1786098753,Crystal,0,0,UNK
Pinky Meow,59213242,180,171,Halicarnassus,Dynamis,100,0,9ac8bffaba88f1f4c7fe1238e6a7dcb0_f2d324d722b28bbe681b2898bcdca8bffc0.jpg?1786100949,Crystal,0,0,UNK
Theory Ai,55206021,182,173,Leviathan,Primal,0,0,018be547248466158b1d0f9de4315340_a91aae52cff9ef65932db06b150ffd47fc0.jpg?1786098311,Diamond,147,10,MNK
Vayce Lilacspark,4565408,183,267,Balmung,Crystal,0,0,e9f3928d81a9f68a9cfae3a6a414feb8_7a573cbc0cda3a3dfc1795cb3d9f7b23fc0.jpg?1786097816,Diamond,86,14,WHM
Dread Ross,4916315,184,174,Exodus,Primal,0,0,dafd63f0b3ce97e8283a4d153f0acd06_0cdf051c93865faa15cbc5cd3d2b69fbfc0.jpg?1786098321,Diamond,61,0,WAR
Vine Uchiha,39554383,185,200,Mateus,Crystal,0,0,5f1f725860423fd66451443aa0adb40b_f0c52cc66e124fc2e641d7c21ab2ce79fc0.jpg?1786097664,Diamond,56,7,PLD
Reed Diamond,7237831,186,175,Ultros,Primal,0,0,132bb33f336f4f3ae42c3cf9a96a11ad_c514cdcdb619439df97d906d4434ccc6fc0.jpg?1786098971,Diamond,44,0,MNK
Johnny Rotten,60584717,187,178,Balmung,Crystal,0,0,16dd0eb6be877814ca22fed24fe6191d_7a573cbc0cda3a3dfc1795cb3d9f7b23fc0.jpg?1786099923,Diamond,33,0,DRG
Neo Zee',28714097,188,179,Balmung,Crystal,0,0,ecd9a08521dcc0c1872ac990f3a534b9_7a573cbc0cda3a3dfc1795cb3d9f7b23fc0.jpg?1786099995,Diamond,29,0,BRD
Tc Sola,43984930,189,181,Zalera,Crystal,0,0,1bde011c1056c258b5456fb7d0f6283f_8106f857613f8fb994b0be37b26ff4bafc0.jpg?1786098279,Diamond,25,4,RDM
Neco-arc Myuri,1364925,190,180,Balmung,Crystal,0,0,45595754292a6e60dac91dc40349a619_7a573cbc0cda3a3dfc1795cb3d9f7b23fc0.jpg?1786100530,Diamond,23,0,UNK
Erdrick Than'talas,35169837,191,0,Behemoth,Primal,0,0,bcdde4e2fbfba10f901006ffbc7723cc_be20385e18333edb329d4574f364a1f0fc0.jpg?1786100049,Diamond,116,15,PLD
Cj Deux,23394493,192,182,Lamia,Primal,0,0,64702aeefa55d2931c531ddadd7964ea_4d9be17b5e1edc617052b4dbf4007875fc0.jpg?1786097881,Diamond,99,0,MCH
Tiny Sosig,16648383,193,183,Balmung,Crystal,0,0,47661dc0b135d6c15fadc46a3fa85816_7a573cbc0cda3a3dfc1795cb3d9f7b23fc0.jpg?1786100470,Diamond,85,7,NIN
M' Twelve,36885704,194,185,Halicarnassus,Dynamis,0,0,0f10ff80520b725264b0aed8ac62d609_f2d324d722b28bbe681b2898bcdca8bffc0.jpg?1786098464,Diamond,36,0,UNK
Abel Catallus,20632128,195,186,Hyperion,Primal,0,0,a753917cbe6dc89a0ba41f10003a621d_57ae9ee5592123dd79c8912bf768cf99fc0.jpg?1786098704,Diamond,30,0,MNK
Eroison Chren,42575447,195,186,Ultros,Primal,0,0,d66c862181da18eea3335d6667510dc6_c514cdcdb619439df97d906d4434ccc6fc0.jpg?1786097850,Diamond,30,0,DRK
Aster Minyu,54375843,197,0,Lamia,Primal,0,0,380928b9020a6bb0bcfa44d88b6df112_4d9be17b5e1edc617052b4dbf4007875fc0.jpg?1786100983,Diamond,24,4,RDM
Aavlen Zo,32887243,198,188,Brynhildr,Crystal,0,0,2a3e3ea4d262cfdf8a2ee034b379b099_d0a0f515a62457570c9b44997063e3c1fc0.jpg?1786098051,Diamond,17,0,WAR
Pravik Rhati,30628415,199,189,Zalera,Crystal,0,0,6f338ced5bbbd90812f4a17468f53684_8106f857613f8fb994b0be37b26ff4bafc0.jpg?1786098796,Diamond,107,0,DRK
Savard Qerel,20600432,200,190,Diabolos,Crystal,0,0,db0af86bd2eb90f70c42b9e65658aff2_7b33d33ae3ecb996f778a5f67a6a0af6fc0.jpg?1786100403,Diamond,51,3,WAR
Stephanie Dolla,28812314,201,191,Zalera,Crystal,0,0,d9051d9ee54d0e9f8178549cfed7d8cf_8106f857613f8fb994b0be37b26ff4bafc0.jpg?1786100473,Diamond,37,0,GNB
Kaede Obinata,32151196,202,216,Marilith,Dynamis,0,0,460d631b298c83b035fb70ac5669658d_bbfb28d5a9059cd0c768daf77ab29982fc0.jpg?1786100741,Diamond,35,10,RPR
Lumiel Alstreim,6929457,203,192,Balmung,Crystal,0,0,6004c4e57250b544ed36bf6b310e878a_7a573cbc0cda3a3dfc1795cb3d9f7b23fc0.jpg?1786098536,Diamond,34,1,AST
Cecils Lunas,39054438,204,193,Brynhildr,Crystal,0,0,4f553dbd79cfae0460c3d43b82171d15_d0a0f515a62457570c9b44997063e3c1fc0.jpg?1786100646,Diamond,22,0,SMN
Lolly Pops,11573609,205,202,Leviathan,Primal,0,0,a38b4d4cbcfc624c56b5db6efb627dd2_a91aae52cff9ef65932db06b150ffd47fc0.jpg?1786099424,Diamond,92,18,MCH
Nixacu Murubra,24114126,206,195,Lamia,Primal,0,0,68206034a86cf63bd8aecd714ae17955_4d9be17b5e1edc617052b4dbf4007875fc0.jpg?1786100328,Diamond,55,0,SCH
Zypris Allsbane,13616095,207,262,Leviathan,Primal,0,0,8194751bb802fcd9691a7ee558040836_a91aae52cff9ef65932db06b150ffd47fc0.jpg?1786100558,Diamond,29,18,RPR
Cleo Kaisuri,49507760,208,196,Hyperion,Primal,0,0,b3c346a088e9876c531a3dcecd6b78db_57ae9ee5592123dd79c8912bf768cf99fc0.jpg?1786098493,Diamond,26,0,BRD
Silah Zetsku,53965328,209,221,Marilith,Dynamis,0,0,d2b4042f092dccb0d381fdc61afe74c3_bbfb28d5a9059cd0c768daf77ab29982fc0.jpg?1786098447,Diamond,14,1,MNK
Ajisai Sorano,7779796,210,198,Lamia,Primal,0,0,742c314aec62f1bf6c7c525c9cd64e78_4d9be17b5e1edc617052b4dbf4007875fc0.jpg?1786099003,Diamond,11,0,RDM
First Name,39082032,211,199,Gilgamesh,Aether,0,0,f61b7a515f332494dbc997024a22504d_b937560c841465f7c4bc8eb47ea7948afc0.jpg?1786100768,Diamond,141,0,UNK
Claire Lamont,974282,212,201,Hyperion,Primal,0,0,4522bd271ee8879920f36521c2512945_57ae9ee5592123dd79c8912bf768cf99fc0.jpg?1786100281,Diamond,84,0,DRG
Saria Desolita,7318698,213,203,Exodus,Primal,0,0,b9d47f2d43e0c5bf6c608abae563f12e_0cdf051c93865faa15cbc5cd3d2b69fbfc0.jpg?1786100754,Diamond,68,6,AST
Haley Comet,27668347,214,254,Cactuar,Aether,0,0,2b237658ff580795f602f2f1b6069a76_96ab1df8877c1f8ba6a89a39cccfd437fc0.jpg?1786100057,Diamond,66,10,BRD
Yuki Yozora,32275648,215,242,Faerie,Aether,0,0,bed164ee9535c02b6ea7cc8b5000c845_0e336ff6ad415f47233f0aaf127feac0fc0.jpg?1786099600,Diamond,58,5,RPR
Kanae Meow,36806118,216,204,Ultros,Primal,0,0,8969e8a0b518902a3996525f822b4701_c514cdcdb619439df97d906d4434ccc6fc0.jpg?1786099781,Diamond,47,0,WHM
Mika Makura,43900321,217,205,Sargatanas,Aether,0,0,08bc6e0e70d7337801784f174c698620_ba22853447012a24cee115315d6a5bebfc0.jpg?1786100190,Diamond,43,0,NIN
Rin Ruki,59858100,218,206,Exodus,Primal,0,0,7ec8676537a0b3fff644be3f10ee7741_0cdf051c93865faa15cbc5cd3d2b69fbfc0.jpg?1786097671,Diamond,41,0,UNK
Shinra Tatsuya,8648762,219,207,Gilgamesh,Aether,0,0,7dccb5e520b149afd2b044279fa8694e_b937560c841465f7c4bc8eb47ea7948afc0.jpg?1786098699,Diamond,34,0,SAM
Vicious Nouzen,42001229,220,208,Jenova,Aether,0,0,94ccc3f4ceffc2356f1ddd47d85ca9f7_ce736afe35e2ded4e46c4fd0659aef7efc0.jpg?1786100897,Diamond,31,2,PLD
Ciel Sorrel,22647977,221,209,Zalera,Crystal,0,0,4feb2b2835b10561864f50a075fa571c_8106f857613f8fb994b0be37b26ff4bafc0.jpg?1786098275,Diamond,22,0,PLD
Gidson Brand,28304013,222,210,Goblin,Crystal,0,0,876c2dd63c77339205c6fe96b4bd3d82_8e81e2940511f7152ba4462fe53e35b8fc0.jpg?1786100696,Diamond,21,0,BLM
Dandy Lyon,9088850,223,211,Leviathan,Primal,0,0,5e652518b4930ff5cb411a5818760318_a91aae52cff9ef65932db06b150ffd47fc0.jpg?1786099135,Diamond,19,2,SAM
Nha-uwu John,47196895,223,214,Ultros,Primal,0,0,c74c6ed5858d763368f6267a128abb62_c514cdcdb619439df97d906d4434ccc6fc0.jpg?1786098836,Diamond,19,6,DRK
Mocha Sun,31799604,225,212,Coeurl,Crystal,0,0,3929588579c8d6631b5fe6a13edbb3dd_284358f8eb4efc9095914e46798c6ab3fc0.jpg?1786098452,Diamond,15,0,PLD
Lowan Gleview,48863675,226,291,Gilgamesh,Aether,0,0,3ed0770e9633fa9630af57f595f1d68d_b937560c841465f7c4bc8eb47ea7948afc0.jpg?1786098222,Diamond,14,9,NIN
So What,33785359,226,213,Ultros,Primal,0,0,b0f894a94041f0bd4b241723ce815801_c514cdcdb619439df97d906d4434ccc6fc0.jpg?1786099535,Diamond,14,0,RPR
Belle Quicksilver,2897739,228,0,Balmung,Crystal,0,0,4f386af86d2c8049f58f4baaeeb4a3a3_7a573cbc0cda3a3dfc1795cb3d9f7b23fc0.jpg?1786098857,Diamond,9,6,UNK
Oni Akuma,7300790,229,215,Gilgamesh,Aether,0,0,e8e098720e245711114b4614110261b5_b937560c841465f7c4bc8eb47ea7948afc0.jpg?1786097952,Diamond,74,12,MNK
Celeste Aeternum,38129090,230,229,Adamantoise,Aether,0,0,76510814c4215ff9bd016e9313ee6e2c_1f5fd239b885860b7c2bfc72ad1d97effc0.jpg?1786100954,Diamond,64,9,BLM
Pu'erh Da'yeh,32091528,231,0,Cactuar,Aether,0,0,5e7e03f636b640c83b460f61eed7ed35_96ab1df8877c1f8ba6a89a39cccfd437fc0.jpg?1786100499,Diamond,48,15,BRD
Horan Lou,38248988,232,271,Brynhildr,Crystal,0,0,3c88d2c3502bacefa5eb1e223a75217b_d0a0f515a62457570c9b44997063e3c1fc0.jpg?1786098633,Diamond,35,9,RDM
Isabeau Yuki,56519813,233,217,Balmung,Crystal,0,0,f89033dd8180df3efc68a5b0f142cf25_7a573cbc0cda3a3dfc1795cb3d9f7b23fc0.jpg?1786098967,Diamond,24,0,SGE
Jenova Catgirl,56356925,234,218,Balmung,Crystal,0,0,fdd023d68fd7a60dd9109a3f33c74fb1_7a573cbc0cda3a3dfc1795cb3d9f7b23fc0.jpg?1786098472,Diamond,23,0,PCT
Eris Valens,29017252,235,220,Ultros,Primal,0,0,843039b57a19bafbdba3c5235b6bb73b_c514cdcdb619439df97d906d4434ccc6fc0.jpg?1786100451,Diamond,16,0,DRK
Na In,32505635,236,221,Goblin,Crystal,0,0,6ad54caac94f2e89fe9d5acd94c2c145_8e81e2940511f7152ba4462fe53e35b8fc0.jpg?1786099283,Diamond,13,0,MCH
Brian Ricardo,9364090,237,223,Adamantoise,Aether,0,0,c00688b4ac9b567c1a4de9d648fbbff4_1f5fd239b885860b7c2bfc72ad1d97effc0.jpg?1786101037,Diamond,11,0,SGE
Maz Hana,57951142,237,224,Brynhildr,Crystal,0,0,e287bc66dce0e20c44d2437e0ed71b93_d0a0f515a62457570c9b44997063e3c1fc0.jpg?1786098239,Diamond,11,1,UNK
Madelynn Winterbliss,59174631,239,240,Lamia,Primal,0,0,99dacb207c1f7b71a22617fb8b8ca195_4d9be17b5e1edc617052b4dbf4007875fc0.jpg?1786098003,Diamond,8,3,RDM
Gracidea Blossom,4573171,240,225,Lamia,Primal,0,0,12afdfb12aebd14365b3149875fee65f_4d9be17b5e1edc617052b4dbf4007875fc0.jpg?1786099102,Diamond,7,0,WHM
Nana Shirogane,27492589,241,228,Lamia,Primal,0,0,3cda69c8242e3525a60690e884546ccd_4d9be17b5e1edc617052b4dbf4007875fc0.jpg?1786099354,Diamond,66,10,UNK
Zithiel Bihrul,44613484,242,226,Faerie,Aether,0,0,4abc29f0f384c794c1f6c7e7e60b8ed8_0e336ff6ad415f47233f0aaf127feac0fc0.jpg?1786097987,Diamond,60,1,MCH
Shoujo Hime,18340055,243,227,Leviathan,Primal,0,0,c341075038058a45ef549f7bac1b9d25_a91aae52cff9ef65932db06b150ffd47fc0.jpg?1786099066,Diamond,58,0,DNC
Kahram Ramses,38869479,244,230,Sargatanas,Aether,0,0,e0151847f1fbf8f013cad87949b4272c_ba22853447012a24cee115315d6a5bebfc0.jpg?1786099282,Diamond,57,5,SAM
Amelia Snowy,57212337,245,231,Sargatanas,Aether,0,0,3201ddb4acea86a57af9b79aaa1252d9_ba22853447012a24cee115315d6a5bebfc0.jpg?1786098284,Diamond,34,0,SAM
Malachi Lights,12672217,246,232,Kraken,Dynamis,0,0,78c8b470bdf08206e10dc0aea773bc7c_049a956dfeb0eb2e19c417a1dde4d680fc0.jpg?1786098238,Diamond,31,0,DNC
Mori Sumire,22629786,246,232,Zalera,Crystal,0,0,9d1372da41637e0a1cee75add0cdab3e_8106f857613f8fb994b0be37b26ff4bafc0.jpg?1786100981,Diamond,31,0,UNK
Shiba Kotohime,43864312,248,235,Balmung,Crystal,0,0,03f0a4821e97ef1e04b4bc44363c30e3_7a573cbc0cda3a3dfc1795cb3d9f7b23fc0.jpg?1786098861,Diamond,30,6,PCT
Asera Albright,24908256,249,287,Siren,Aether,0,0,288dc7742b9eb8ec890c2b164e884a7b_58a84e851e55175d22158ca97af58a1ffc0.jpg?1786099510,Diamond,29,2,SCH
Glowing Orchid,38774047,250,234,Siren,Aether,0,0,88f633924891d0f1c7e70d8b2684e821_58a84e851e55175d22158ca97af58a1ffc0.jpg?1786098713,Diamond,27,0,CUL
Xion Fleur,45111165,251,236,Leviathan,Primal,0,0,91cc4c8c334d9404f523f324d4439d0a_a91aae52cff9ef65932db06b150ffd47fc0.jpg?1786100330,Diamond,22,0,WHM
Denmo Mcstronghuge,1150717,252,237,Excalibur,Primal,0,0,bb33b9be77e28ab26ee6367ad6ba7cac_745baffc465480ed372e274d50318290fc0.jpg?1786098625,Diamond,13,0,BLM
Kale Crow,57973655,253,238,Excalibur,Primal,0,0,39e30189265e5cf770bddc1b87bdb349_745baffc465480ed372e274d50318290fc0.jpg?1786098233,Diamond,12,0,UNK
Diddly Gyatt,47133213,254,239,Excalibur,Primal,0,0,ccc0c02fa7582879eaf0559bd61758ec_745baffc465480ed372e274d50318290fc0.jpg?1786099647,Diamond,7,0,NIN
Eloza Ketsch,8667845,255,241,Malboro,Crystal,0,0,4414bb689fd8033d67e6821653f9a232_2e97c13fdd593d15d543093f8a37b6f0fc0.jpg?1786100439,Diamond,91,10,VPR
Virgil Acedia,61017952,256,243,Rafflesia,Dynamis,0,0,4e48ed51c8357d2676ed249b2a73c444_2783886613347a4db0bed7524de1298ffc0.jpg?1786100780,Diamond,52,4,SMN
Draiser Montblanc,32398472,257,244,Lamia,Primal,0,0,7815697ae034669b4e9620865400c384_4d9be17b5e1edc617052b4dbf4007875fc0.jpg?1786100894,Diamond,45,0,WAR
Hunie Pop,37396085,257,286,Ultros,Primal,0,0,8a72b357002474c02d597d6e8bc94cee_c514cdcdb619439df97d906d4434ccc6fc0.jpg?1786098609,Diamond,45,3,WHM
Kabocha Micron,45961732,259,246,Hyperion,Primal,0,0,9499201d892ed8a591efd63a4c0c30e8_57ae9ee5592123dd79c8912bf768cf99fc0.jpg?1786098218,Diamond,44,8,WHM
Mutilated Remains,15274725,260,245,Adamantoise,Aether,0,0,8f629073b22cd80f608068b9cfd406f3_1f5fd239b885860b7c2bfc72ad1d97effc0.jpg?1786098721,Diamond,42,0,DRG
Eternal Slumber,25903660,261,297,Hyperion,Primal,0,0,e04969696b7e202db5371bd7c0b62231_57ae9ee5592123dd79c8912bf768cf99fc0.jpg?1786098805,Diamond,40,4,NIN
Barlon Rein,16870082,262,247,Diabolos,Crystal,0,0,fab268f2b7a6cbacaac04bb24c18b3dd_7b33d33ae3ecb996f778a5f67a6a0af6fc0.jpg?1786098711,Diamond,30,0,WHM
Baka Bao,48974722,263,0,Gilgamesh,Aether,0,0,ef2247fb5724315ecd96d1ac9c5804b1_b937560c841465f7c4bc8eb47ea7948afc0.jpg?1786100172,Diamond,29,16,MCH
Lenpao Victus,30455513,264,248,Midgardsormr,Aether,0,0,6067c0a6b77debbd9a03665d4d13dd52_5c8ecfbc673e1287a9b5e85423fe1657fc0.jpg?1786098634,Diamond,23,0,UNK
Riki Gandrake,1558233,265,249,Balmung,Crystal,0,0,442f4df63f0df0c75d240ab042e3fcdb_7a573cbc0cda3a3dfc1795cb3d9f7b23fc0.jpg?1786100202,Diamond,20,0,RPR
Kirishoto Azphina,7859003,266,250,Excalibur,Primal,0,0,c9689b4fc4af55f8366432b02c0ce55f_745baffc465480ed372e274d50318290fc0.jpg?1786100512,Diamond,19,0,WHM
Bean Waters,34305264,267,251,Famfrit,Primal,0,0,bcdcd97b24d4dfc6b3e643c8670b6f7c_fce4949e615393e574f2d57134b31fc1fc0.jpg?1786098540,Diamond,17,0,WAR
Yos Sy,23664999,268,253,Jenova,Aether,0,0,01f58e6e2269085746fd0a5b6fe0e7f2_ce736afe35e2ded4e46c4fd0659aef7efc0.jpg?1786099468,Diamond,12,0,GNB
Lasaire Noluix,50446213,269,0,Kraken,Dynamis,0,0,150df0a9f35922b09ef77041463c8c88_049a956dfeb0eb2e19c417a1dde4d680fc0.jpg?1786098609,Diamond,71,4,VPR
June Freyja,10894711,270,268,Brynhildr,Crystal,0,0,a53a85398b567470f54962e592f2684d_d0a0f515a62457570c9b44997063e3c1fc0.jpg?1786101170,Diamond,66,5,MCH
Vero Aeolian,4285889,271,255,Faerie,Aether,0,0,d9eafe2b41e79d18f8756442afe584da_0e336ff6ad415f47233f0aaf127feac0fc0.jpg?1786098152,Diamond,49,0,WHM
Jen Helstrom,25258759,272,256,Coeurl,Crystal,0,0,04eae21709a39e9beb00eaf137a9c920_284358f8eb4efc9095914e46798c6ab3fc0.jpg?1786098315,Diamond,44,0,VPR
Shoji Takamura,61762635,272,256,Jenova,Aether,0,0,d5049e0803da1f5700919b28fc756498_ce736afe35e2ded4e46c4fd0659aef7efc0.jpg?1786099137,Diamond,44,0,GNB
Vaal Hazak,26534863,274,258,Zalera,Crystal,0,0,7c44a75a2f3d57a9cd3b86235340939b_8106f857613f8fb994b0be37b26ff4bafc0.jpg?1786099095,Diamond,35,0,WAR
Shiroi Kijo,44769088,275,299,Ultros,Primal,0,0,2bc8c14bed99e41cc16db823a37e5295_c514cdcdb619439df97d906d4434ccc6fc0.jpg?1786099286,Diamond,28,4,SMN
Addison Reis,13331029,276,259,Balmung,Crystal,0,0,55155550ab0b2bf975a34a3d174dbb96_7a573cbc0cda3a3dfc1795cb3d9f7b23fc0.jpg?1786098206,Diamond,23,0,VPR
Suziki Saiko,37802627,277,260,Zalera,Crystal,0,0,038df37d7a656c22a90167737f3a2ce9_8106f857613f8fb994b0be37b26ff4bafc0.jpg?1786100493,Diamond,22,0,GNB
Lishenna Bloodborne,12882191,278,261,Ultros,Primal,0,0,99310d0cea042cd2f2464c5e5675b99b_c514cdcdb619439df97d906d4434ccc6fc0.jpg?1786098908,Diamond,16,0,UNK
Jyren Forgyle,38665636,279,0,Sargatanas,Aether,0,0,01b4e8f6dbe15c37ea338b1a8709737b_ba22853447012a24cee115315d6a5bebfc0.jpg?1786098969,Diamond,13,0,FSH
Moochi Donut,55444411,280,262,Malboro,Crystal,0,0,dca338e65942b7706b09989cadfcca8e_2e97c13fdd593d15d543093f8a37b6f0fc0.jpg?1786101006,Diamond,11,0,UNK
Suho Thamasa,29478863,281,264,Hyperion,Primal,0,0,5a1f26eb5676742192b41e767e7e2071_57ae9ee5592123dd79c8912bf768cf99fc0.jpg?1786099646,Diamond,9,0,WHM
Mini Miki,48775956,282,265,Hyperion,Primal,0,0,f93a08a63d35da3273db5bd24d02c19b_57ae9ee5592123dd79c8912bf768cf99fc0.jpg?1786100241,Diamond,8,0,SAM
V'rahsa Yun,36482021,283,266,Diabolos,Crystal,0,0,33c355fce6bd87aedc5b77aaaf8aacd9_7b33d33ae3ecb996f778a5f67a6a0af6fc0.jpg?1786100551,Diamond,7,0,UNK
Kaname Kross,39637637,284,0,Kraken,Dynamis,0,0,397dd6c6dbe3631c915bbc8326cd3436_049a956dfeb0eb2e19c417a1dde4d680fc0.jpg?1786099381,Diamond,70,6,DRK
V'linh Tia,35736983,285,0,Hyperion,Primal,0,0,760e31f96b4d3b3534fcdc43c9564fab_57ae9ee5592123dd79c8912bf768cf99fc0.jpg?1786100817,Diamond,62,4,MCH
Chronochaos Asura,1230012,286,295,Excalibur,Primal,0,0,16f01a0a9404158e87254af5dbe09328_745baffc465480ed372e274d50318290fc0.jpg?1786099467,Diamond,59,14,NIN
Greenage Hudson,17334864,287,269,Mateus,Crystal,0,0,8a24473a4118500340b8c827950bf0ee_f0c52cc66e124fc2e641d7c21ab2ce79fc0.jpg?1786098263,Diamond,51,2,PCT
Bam Pepo,22678638,288,270,Adamantoise,Aether,0,0,8533b0fce359fe75fd8f831869cf110d_1f5fd239b885860b7c2bfc72ad1d97effc0.jpg?1786098809,Diamond,47,0,GNB
Levy Scarlett,35085988,289,0,Coeurl,Crystal,0,0,74fe88584bdffbcc051a81a168ff958f_284358f8eb4efc9095914e46798c6ab3fc0.jpg?1786098080,Diamond,34,4,MNK
Sabe Kryze,21508368,290,272,Coeurl,Crystal,0,0,a0a944e1f5230b8ce9389d528bf274af_284358f8eb4efc9095914e46798c6ab3fc0.jpg?1786098490,Diamond,25,4,WHM
Glamour Police,42569529,291,273,Faerie,Aether,0,0,628a713ff9a3e9604964fec89696bc80_0e336ff6ad415f47233f0aaf127feac0fc0.jpg?1786099290,Diamond,13,0,WAR
I'm Die,4799967,291,273,Gilgamesh,Aether,0,0,c11aaa36c6d7b1b8376ea9c14a3c6f5f_b937560c841465f7c4bc8eb47ea7948afc0.jpg?1786099867,Diamond,13,0,BRD
Zeno Valor,31760602,291,273,Brynhildr,Crystal,0,0,24d26663d0ad0a92cf4971d7d5d58bd4_d0a0f515a62457570c9b44997063e3c1fc0.jpg?1786099111,Diamond,13,0,SAM
Living Failure,41211137,294,276,Ultros,Primal,0,0,0944d31af8dc0ff0f4aef75057f6b371_c514cdcdb619439df97d906d4434ccc6fc0.jpg?1786099949,Diamond,10,0,RDM
Caster Ofhealz,54941141,295,277,Kraken,Dynamis,0,0,2d29fd1badb72853710b9cc7511f467f_049a956dfeb0eb2e19c417a1dde4d680fc0.jpg?1786098442,Diamond,9,0,WHM
Shimori Bunihara,50186185,296,278,Kraken,Dynamis,0,0,c7cd2842a29701e0963bf6d156392014_049a956dfeb0eb2e19c417a1dde4d680fc0.jpg?1786100692,Diamond,8,0,MNK
Kronus Seiza,16632226,297,279,Leviathan,Primal,0,0,c8377d23aa62d74fc81101b7ee744fdf_a91aae52cff9ef65932db06b150ffd47fc0.jpg?1786100766,Diamond,7,0,GNB
Ane Mhakaracca,43679241,298,280,Balmung,Crystal,0,0,746256d82b3652ef93bbd475defb85ac_7a573cbc0cda3a3dfc1795cb3d9f7b23fc0.jpg?1786098418,Diamond,127,25,RDM
Marika Mjolnir,38212348,299,281,Malboro,Crystal,0,0,969a50dcb0d9777a00aae149894ab7f5_2e97c13fdd593d15d543093f8a37b6f0fc0.jpg?1786098344,Diamond,112,16,WAR
Airi Aogane,46241895,300,282,Sargatanas,Aether,0,0,11367baad718b56f9682513d9430146d_ba22853447012a24cee115315d6a5bebfc0.jpg?1786097640,Diamond,82,5,SGE
Queue Up,44283543,1,0,Ravana,Materia,0,0,341e0565d728c5334b58960edfc1c897_2f53b2675d3eea360f0b48d74d30af15fc0.jpg?1786099236,Platinum,42,0,AST
Shiny Jirachi,51220221,2,0,Sophia,Materia,0,0,f1b04aa626472a08642b4f93d911f87c_ba15a18cd3a8fb567e39053022515eb6fc0.jpg?1786099800,Platinum,11,0,SAM
Raiosu Eucliffe,45249258,3,0,Ravana,Materia,0,0,a21442f92d53ab89cab416d41fe9132d_2f53b2675d3eea360f0b48d74d30af15fc0.jpg?1786100192,Platinum,40,0,BRD
Shiki Hime,41619079,4,0,Sophia,Materia,0,0,e0f33871fdd9bcb0012cace0f140b504_ba15a18cd3a8fb567e39053022515eb6fc0.jpg?1786100123,Platinum,34,0,MNK
Sora Teppelin,7487042,4,0,Sophia,Materia,0,0,3d849e783499c238b2f4d439e3a8c2a7_ba15a18cd3a8fb567e39053022515eb6fc0.jpg?1786097605,Platinum,34,0,GNB
Nyanyanyanya Nyanyan,48648775,6,0,Ravana,Materia,0,0,ec08e9f45b8d4335b412f3e39f4458e2_2f53b2675d3eea360f0b48d74d30af15fc0.jpg?1786099236,Platinum,29,0,WHM
Fatahh Wizardcat,60429758,7,0,Zurvan,Materia,0,0,0a04508a6feea55f3b4227e7d574212a_1fa3a1b3845481a1b67b46854a3cc49afc0.jpg?1786099349,Platinum,43,0,BLM
Ku Ku,58267971,8,0,Sophia,Materia,0,0,77db43d75ac5ffe3d585318a47534ab9_ba15a18cd3a8fb567e39053022515eb6fc0.jpg?1786100997,Platinum,52,0,BRD
Master Zoknik,61010055,9,0,Zurvan,Materia,0,0,bfa135b89b0fb27fe708b3a427bd667f_1fa3a1b3845481a1b67b46854a3cc49afc0.jpg?1786098918,Platinum,86,0,WAR
Enrei Mihata,49665542,10,0,Ravana,Materia,0,0,9df67e19d234830f2d797bb6efbad836_2f53b2675d3eea360f0b48d74d30af15fc0.jpg?1786099167,Platinum,32,0,DRG
Syth Isi,14766898,11,0,Sephirot,Materia,0,0,4eef23c58ccbdfd054240b7a6afee3df_30a5f9eadea6e0cb684a5265362d0d59fc0.jpg?1786100641,Platinum,31,0,AST
Lil Wu,39781651,12,0,Ravana,Materia,0,0,883868199332c12050d61887025475bc_2f53b2675d3eea360f0b48d74d30af15fc0.jpg?1786099283,Platinum,30,0,NIN
Unshao Theruun,36386941,13,0,Sephirot,Materia,0,0,ec8f93abdc73eddcd17e0450db1cb572_30a5f9eadea6e0cb684a5265362d0d59fc0.jpg?1786100390,Platinum,28,0,WAR
Jiraiya Sannin,47974804,14,0,Ravana,Materia,0,0,6a5cc312529bc78b7d0bbbf5f41983af_2f53b2675d3eea360f0b48d74d30af15fc0.jpg?1786097758,Platinum,39,0,WAR
Chs Crane,37655547,15,0,Sophia,Materia,0,0,7cd2d4b420716bf684bdd41ef37d9319_ba15a18cd3a8fb567e39053022515eb6fc0.jpg?1786099789,Platinum,27,0,DRG
Ash Kitamura,26629771,16,0,Ravana,Materia,0,0,33c0c99f7649a707ea0e8e4da0340efb_2f53b2675d3eea360f0b48d74d30af15fc0.jpg?1786101170,Gold,62,0,AST
Boz Ulceros,32280980,17,0,Ravana,Materia,0,0,269b081d650bf5598fd5a3f9419b8b43_2f53b2675d3eea360f0b48d74d30af15fc0.jpg?1786099798,Gold,47,4,SGE
Aleksei Veldoch,39931654,18,0,Ravana,Materia,0,0,ef0923b785702de5a588b383a0d1bcea_2f53b2675d3eea360f0b48d74d30af15fc0.jpg?1786099621,Gold,42,0,RPR
Noelle Frost,59496366,19,0,Zurvan,Materia,0,0,5e03b95700bb3e6556a80cb9336a41d2_1fa3a1b3845481a1b67b46854a3cc49afc0.jpg?1786100876,Gold,36,0,WHM
Twitch Pvpash,58310287,20,0,Sephirot,Materia,0,0,825390c1ecfa92c4ed45d4ff7a91e39e_30a5f9eadea6e0cb684a5265362d0d59fc0.jpg?1786100123,Gold,34,0,SAM
Disco Knees,36101852,21,0,Sophia,Materia,0,0,48d0a8dae7efe9ad10780f28920a969b_ba15a18cd3a8fb567e39053022515eb6fc0.jpg?1786098539,Gold,29,0,DNC
Seth Nier,10650761,22,0,Sophia,Materia,0,0,64bba40966450747199bec23184e47a3_ba15a18cd3a8fb567e39053022515eb6fc0.jpg?1786098853,Gold,26,4,WAR
Monkey Rat,28956529,23,0,Zurvan,Materia,0,0,bd13db4ebaa363278dd269b5941ae816_1fa3a1b3845481a1b67b46854a3cc49afc0.jpg?1786100327,Gold,68,0,SGE
Stupid Puzzle,57160120,24,0,Ravana,Materia,0,0,7af9b543418115db5c1299f1abb4e123_2f53b2675d3eea360f0b48d74d30af15fc0.jpg?1786097729,Gold,45,0,DRG
Stu Vermillion,45923134,25,0,Sephirot,Materia,0,0,542be51b9ba1f8c4c217e94d2b96e3aa_30a5f9eadea6e0cb684a5265362d0d59fc0.jpg?1786100403,Gold,34,0,GNB
Jena Kuwahara,28003546,26,0,Ravana,Materia,0,0,5bacb190ffd91b392df04923b13fa29a_2f53b2675d3eea360f0b48d74d30af15fc0.jpg?1786099525,Gold,74,0,SMN
Scarlette Harlette,51206657,27,0,Sephirot,Materia,0,0,2f63ccbdc329fa14480887bf4c0dfa0e_30a5f9eadea6e0cb684a5265362d0d59fc0.jpg?1786100494,Gold,58,3,PCT
Berogi Avarous,37261319,28,0,Sophia,Materia,0,0,5fbe574c31dc7541b2bb18753fed8278_ba15a18cd3a8fb567e39053022515eb6fc0.jpg?1786098206,Gold,25,0,RPR
Han Liu,44640291,29,0,Ravana,Materia,0,0,55233b520f90487f51f380e2add5fc3d_2f53b2675d3eea360f0b48d74d30af15fc0.jpg?1786099980,Gold,74,0,SGE
Lion Lord,60332724,30,0,Ravana,Materia,0,0,72fbb269e357d68127cd61715f152bc8_2f53b2675d3eea360f0b48d74d30af15fc0.jpg?1786097698,Gold,42,0,RDM
Brian Ricardo,41560139,31,0,Sophia,Materia,0,0,678ed14a243387459872b7217f75e382_ba15a18cd3a8fb567e39053022515eb6fc0.jpg?1786097662,Gold,18,0,SGE
Aislinn Rose,47395507,32,0,Ravana,Materia,0,0,920c56af8cba5363c65e0c83dbbcac71_2f53b2675d3eea360f0b48d74d30af15fc0.jpg?1786100281,Gold,48,0,BRD
Mars Bars,41756039,33,64,Sophia,Materia,0,0,87af5886ec3b52e7e582ccc7755f6a9b_ba15a18cd3a8fb567e39053022515eb6fc0.jpg?1786098888,Gold,38,10,SAM
Izaray Wintergray,40906176,34,33,Sophia,Materia,0,0,be2f5b4e324fa72cd4ef19d0c29f10da_ba15a18cd3a8fb567e39053022515eb6fc0.jpg?1786098529,Gold,31,0,AST
Esperance Lightbound,16103781,35,34,Ravana,Materia,0,0,0d3ff648d49892a8fc3bd67490985032_2f53b2675d3eea360f0b48d74d30af15fc0.jpg?1786100756,Gold,28,2,MCH
Nirki Yukumo,41663432,36,35,Zurvan,Materia,0,0,c950234c9a872ae2ab8476f696fcb74f_1fa3a1b3845481a1b67b46854a3cc49afc0.jpg?1786098468,Gold,20,0,BSM
Neo Zee,58982637,37,36,Ravana,Materia,0,0,c042f71fe47095dad35d5764027056d1_2f53b2675d3eea360f0b48d74d30af15fc0.jpg?1786099054,Gold,38,0,BRD
Lillian Melikai,42502039,38,37,Ravana,Materia,0,0,6c5f22e96162240c2bb96702fcbe123b_2f53b2675d3eea360f0b48d74d30af15fc0.jpg?1786097637,Gold,32,0,MNK
Zervish Vanht,21659747,39,38,Ravana,Materia,0,0,ff2403388bd597c0b3fb62c30e9bff67_2f53b2675d3eea360f0b48d74d30af15fc0.jpg?1786100820,Gold,23,0,BLM
Wierd Dude,58113414,40,39,Sephirot,Materia,0,0,c887fa7d587b2205b349abb82627a0d1_30a5f9eadea6e0cb684a5265362d0d59fc0.jpg?1786097637,Gold,47,0,WHM
Sukoshi Ninjin,57860048,41,70,Sophia,Materia,0,0,b41a0bd7b5958d56cec5f84314a28f3a_ba15a18cd3a8fb567e39053022515eb6fc0.jpg?1786098172,Gold,32,6,UNK
Lupercal Aurelian,37936946,42,68,Ravana,Materia,0,0,93674d47ae679f2b2191e0d82e33123f_2f53b2675d3eea360f0b48d74d30af15fc0.jpg?1786101108,Gold,15,7,DRG
Byakko Moon,10831175,43,40,Sephirot,Materia,0,0,7d8049ebe32efa74e5107944b1e43d15_30a5f9eadea6e0cb684a5265362d0d59fc0.jpg?1786098397,Gold,2,0,DNC
Aurum Blaiddyd,10794239,44,41,Sophia,Materia,0,0,8b76648a8cb1cbbd4f1c870189433f3a_ba15a18cd3a8fb567e39053022515eb6fc0.jpg?1786097958,Gold,13,0,FSH
Sebastian Michaelis,42038341,45,42,Sephirot,Materia,0,0,17f4346a95c45541b337263d60106b3f_30a5f9eadea6e0cb684a5265362d0d59fc0.jpg?1786100871,Silver,59,0,RDM
Clars Lester,951178,46,43,Sephirot,Materia,0,0,46727c8d445323c9e5b8140d37027050_30a5f9eadea6e0cb684a5265362d0d59fc0.jpg?1786100003,Silver,51,0,WAR
Sana Miyata,34196273,47,44,Ravana,Materia,0,0,4a94c0f8b59e635e8748a32f11cc42f8_2f53b2675d3eea360f0b48d74d30af15fc0.jpg?1786100739,Silver,31,0,SCH
Birdy Lou,40000398,48,45,Sophia,Materia,0,0,a8894121a60bc81621d47edf1ee0577b_ba15a18cd3a8fb567e39053022515eb6fc0.jpg?1786100705,Silver,29,0,UNK
J'mo H',10666399,49,46,Sephirot,Materia,0,0,53873e717cbf7baeb168205935077671_30a5f9eadea6e0cb684a5265362d0d59fc0.jpg?1786101157,Silver,13,0,AST
Cwenhild Reid,41763782,50,47,Sophia,Materia,0,0,c9d176025665cc1528a984e82a81fd64_ba15a18cd3a8fb567e39053022515eb6fc0.jpg?1786098545,Silver,24,0,DRK
Ranko Riselle,47223883,51,48,Sophia,Materia,0,0,301cb977b468ead36aa13c049b17f861_ba15a18cd3a8fb567e39053022515eb6fc0.jpg?1786099485,Silver,11,0,UNK
Vielle Drillemont,52770027,52,49,Ravana,Materia,0,0,6c212c0698d00b38fb5cb7d51dcf91bf_2f53b2675d3eea360f0b48d74d30af15fc0.jpg?1786097959,Silver,58,0,WAR
Funeral Pyre,29286073,53,50,Zurvan,Materia,0,0,48d5de4023484583f2225a2026548284_1fa3a1b3845481a1b67b46854a3cc49afc0.jpg?1786099798,Silver,45,0,SMN
Juru'a Mihrulh,48704606,54,51,Zurvan,Materia,0,0,80aa9b34947750aa356810124a11ba19_1fa3a1b3845481a1b67b46854a3cc49afc0.jpg?1786098144,Silver,44,0,SMN
Coffee Lover,50333621,55,71,Sophia,Materia,0,0,3c4552eb56bfb14f36d9b512873eac0d_ba15a18cd3a8fb567e39053022515eb6fc0.jpg?1786101167,Silver,32,8,UNK
Anzac Fenrir,10988408,56,65,Ravana,Materia,0,0,6c7b02f93e5250249333e13f236fc545_2f53b2675d3eea360f0b48d74d30af15fc0.jpg?1786100088,Silver,31,4,WHM
Eustace Madao,44593837,57,52,Ravana,Materia,0,0,687914339d33024fe783e72eb5a1929f_2f53b2675d3eea360f0b48d74d30af15fc0.jpg?1786098916,Silver,22,1,SMN
Elto Malto,55670275,58,53,Zurvan,Materia,0,0,6625d7f60a549d4e764bdbbb6315b573_1fa3a1b3845481a1b67b46854a3cc49afc0.jpg?1786098127,Silver,17,0,UNK
Peaceful Serenity,44576253,59,54,Sephirot,Materia,0,0,ae7fb16a93fad97a522145bf683d894f_30a5f9eadea6e0cb684a5265362d0d59fc0.jpg?1786098364,Silver,0,0,RDM
Simetras Sol,38726083,60,55,Ravana,Materia,0,0,fc54c458f2e80d3680f50e6026011ab7_2f53b2675d3eea360f0b48d74d30af15fc0.jpg?1786098546,Silver,99,8,DRK
Cucu Cucumber,43336963,61,56,Sophia,Materia,0,0,d0bedba76c1744686e4fafd9d31eeb08_ba15a18cd3a8fb567e39053022515eb6fc0.jpg?1786097861,Silver,35,0,DNC
Persona Non-grata,59997612,62,57,Ravana,Materia,0,0,817d96e78e710beff47ca2d76caa6b30_2f53b2675d3eea360f0b48d74d30af15fc0.jpg?1786100070,Silver,29,0,PLD
Kensuke Sugimori,59626210,63,72,Zurvan,Materia,0,0,b8c23a3c5466f6621fe9629c20c0b897_1fa3a1b3845481a1b67b46854a3cc49afc0.jpg?1786097656,Silver,27,4,VPR
Frierens Feet,18696306,64,60,Bismarck,Materia,0,0,55c56c5779dac3caf6a9e915a44a972d_36f0570990ac5402b2ef514d36b0435cfc0.jpg?1786097775,Silver,26,7,SMN
C'ranmaia Lizha,60465549,65,58,Bismarck,Materia,0,0,f41736abfa17637ee6e1f020f2787726_36f0570990ac5402b2ef514d36b0435cfc0.jpg?1786100078,Silver,18,0,UNK
Shiny Garchomp,44081260,66,59,Ravana,Materia,0,0,a9aeaf4658d90c68d46e7086d323e456_2f53b2675d3eea360f0b48d74d30af15fc0.jpg?1786099574,Silver,17,0,MCH
Minty Dew,11254788,67,61,Sephirot,Materia,0,0,afdf4d4e1f96c8e17ed8dbbb09ea4e01_30a5f9eadea6e0cb684a5265362d0d59fc0.jpg?1786101050,Silver,12,0,PLD
Pompitous Litchous,28520377,68,62,Sephirot,Materia,0,0,ab4abed9c2f0b5369480818f95581f87_30a5f9eadea6e0cb684a5265362d0d59fc0.jpg?1786100279,Silver,10,0,MCH
Red Pocket,57790009,69,63,Zurvan,Materia,0,0,9ee6578b70ebe2412c9a6a3b9539d845_1fa3a1b3845481a1b67b46854a3cc49afc0.jpg?1786097801,Silver,1,0,UNK
Magnolia Moonsong,39932795,70,66,Ravana,Materia,0,0,a9e5b8f87ce0e4e7d236eef2abfe90e0_2f53b2675d3eea360f0b48d74d30af15fc0.jpg?1786101147,Silver,19,0,WHM
Sil Vanht,3592400,71,67,Ravana,Materia,0,0,7557bb5d8d4d13b13e750b30dbd34093_2f53b2675d3eea360f0b48d74d30af15fc0.jpg?1786100880,Silver,9,0,PLD
Tiny Sylvie,43818296,72,69,Ravana,Materia,0,0,21e2b2de9125d9cf1b99748fa9eef0e2_2f53b2675d3eea360f0b48d74d30af15fc0.jpg?1786098199,Silver,36,6,WAR
Venase Tym,61779775,73,0,Sophia,Materia,0,0,24aac6d5abd68d4dc957bd7c98ba27f2_ba15a18cd3a8fb567e39053022515eb6fc0.jpg?1786098725,Silver,18,0,UNK
Zero Alexander,18446688,74,0,Sophia,Materia,0,0,f2e26342d51255236baa45461f41bf5b_ba15a18cd3a8fb567e39053022515eb6fc0.jpg?1786097830,Silver,14,0,BLM
Temp Arie,41750566,75,0,Zurvan,Materia,0,0,73bdd493fc471827004a90a5745ff400_1fa3a1b3845481a1b67b46854a3cc49afc0.jpg?1786098524,Silver,13,0,DRG
Awayi Soleil,40986096,76,0,Zurvan,Materia,0,0,c84676ef434b75aec3260707fcad3d8a_1fa3a1b3845481a1b67b46854a3cc49afc0.jpg?1786097670,Silver,12,0,DNC
Swhe Swoo,28568079,77,0,Sephirot,Materia,0,0,fbccbe709d21605c6f47dec5052b1238_30a5f9eadea6e0cb684a5265362d0d59fc0.jpg?1786100705,Silver,9,0,VPR
Liachen Thrope,29127861,78,0,Sophia,Materia,0,0,b0722934ed1329725ff744f9ae52c7ba_ba15a18cd3a8fb567e39053022515eb6fc0.jpg?1786098459,Silver,9,0,MCH
Goober Gooberm,48887220,79,0,Ravana,Materia,0,0,4523e0b4a5f923b67e31f18f801210af_2f53b2675d3eea360f0b48d74d30af15fc0.jpg?1786097902,Silver,18,0,BLM
Athena' Aria,29939277,80,0,Ravana,Materia,0,0,c678c1cf7f9d7de3e80882588e7606e8_2f53b2675d3eea360f0b48d74d30af15fc0.jpg?1786099901,Silver,6,0,AST
Turuturu Mennmenn,51356780,81,0,Sephirot,Materia,0,0,501dec1a7db9bac050ecbd4f8028e6e6_30a5f9eadea6e0cb684a5265362d0d59fc0.jpg?1786099633,Bronze,19,0,MNK
Hotsingles Inyourarea,43275845,82,0,Sephirot,Materia,0,0,08be8dec8891190a5227c50c7650dd29_30a5f9eadea6e0cb684a5265362d0d59fc0.jpg?1786099433,Bronze,15,0,PCT
Makh'a Zruhn,42193944,83,0,Ravana,Materia,0,0,323be164f5593618bf1111ae4538ad96_2f53b2675d3eea360f0b48d74d30af15fc0.jpg?1786099544,Bronze,6,0,SAM
Ashmi Rae,18364101,84,0,Bismarck,Materia,0,0,2b3a41d227e2937852d5c1e031d5aba0_36f0570990ac5402b2ef514d36b0435cfc0.jpg?1786099605,Bronze,5,0,BRD
Tiny Wrath,25583557,85,0,Zurvan,Materia,0,0,2c82c1a404fc646361cabcf478aed323_1fa3a1b3845481a1b67b46854a3cc49afc0.jpg?1786099952,Bronze,15,0,DRG
Fio Vanetti,41633033,86,0,Ravana,Materia,0,0,f237b05eb696b7fe8e05b757513a1ca2_2f53b2675d3eea360f0b48d74d30af15fc0.jpg?1786099838,Bronze,12,0,DRG
Ashe Elven,60375475,87,0,Ravana,Materia,0,0,d4a5d51981aa859d5ce41248e280c696_2f53b2675d3eea360f0b48d74d30af15fc0.jpg?1786101159,Bronze,5,0,PLD
Vistra Vistra,37543108,88,0,Sophia,Materia,0,0,b46ab5b00ca34214d4593336a0f112ed_ba15a18cd3a8fb567e39053022515eb6fc0.jpg?1786099184,Bronze,4,0,RPR
Inconspicuous Miqo'te,3493859,89,0,Sophia,Materia,0,0,0b6b4d2c312f136911f9717c83c17997_ba15a18cd3a8fb567e39053022515eb6fc0.jpg?1786098675,Bronze,11,0,VPR
Zepherii Sui,43963552,89,0,Sophia,Materia,0,0,31b395238c6120dc114964c652dc393b_ba15a18cd3a8fb567e39053022515eb6fc0.jpg?1786097950,Bronze,11,0,BRD
Aethon Shaan,60332336,91,0,Zurvan,Materia,0,0,2c608a6ec9ff59b0783f70b9c665a4b2_1fa3a1b3845481a1b67b46854a3cc49afc0.jpg?1786100919,Bronze,9,0,BLM
Therise Yld'amore,41754598,92,0,Bismarck,Materia,0,0,dea40bb49832c184ff5941cee3006818_36f0570990ac5402b2ef514d36b0435cfc0.jpg?1786099341,Bronze,7,0,DNC
Daeneris Stormborn,17816677,93,0,Zurvan,Materia,0,0,dd3c1f830e92ca4f902d42575517a37d_1fa3a1b3845481a1b67b46854a3cc49afc0.jpg?1786101154,Bronze,4,0,WHM
Samara Glazghotwyn,40818042,94,0,Sephirot,Materia,0,0,d89bdc111b4127d9f80e3d6a0ed3a55b_30a5f9eadea6e0cb684a5265362d0d59fc0.jpg?1786097906,Bronze,0,0,SAM
Jaliqai Bairon,49027736,95,0,Sophia,Materia,0,0,bb5b2ab907893aa971f0d78c6164de8c_ba15a18cd3a8fb567e39053022515eb6fc0.jpg?1786100536,Bronze,19,0,SMN
Lilith Sanguine,36164895,96,0,Sephirot,Materia,0,0,b5a3ec57fa0658672b263f583c34b618_30a5f9eadea6e0cb684a5265362d0d59fc0.jpg?1786098459,Bronze,18,0,ACN
Nina Galbraith,57618831,97,0,Sophia,Materia,0,0,2bfdb6895b850ccac8277687e617569b_ba15a18cd3a8fb567e39053022515eb6fc0.jpg?1786098298,Bronze,6,0,BLM
Valya Dream,36468496,98,0,Sophia,Materia,0,0,18a08ff1744351493a5bbc6c182e4baf_ba15a18cd3a8fb567e39053022515eb6fc0.jpg?1786099065,Bronze,11,4,WHM
Edea Lea,13526979,99,98,Ravana,Materia,0,0,1ffd7eed10a84c313666e5ea2eb6bf47_2f53b2675d3eea360f0b48d74d30af15fc0.jpg?1786098580,Bronze,7,0,RDM
Ichijiro Yamada,36127691,99,98,Sephirot,Materia,0,0,f39e69adcf7734b0a69c586870bf7f99_30a5f9eadea6e0cb684a5265362d0d59fc0.jpg?1786098529,Bronze,7,0,DRK
Juli Luminous,3217903,99,98,Sephirot,Materia,0,0,26a268f2eafe6d1649e702420b1806e3_30a5f9eadea6e0cb684a5265362d0d59fc0.jpg?1786097949,Bronze,7,0,MCH
