name,id,cur_rank,prev_rank,world,dc,points,points_delta,portrait,tier,wins,wins_delta,job
Aura Sphere,30657353,1,0,Zodiark,Light,2169,0,6cc4a373eafbcbf88a340a52d95f133e_c274370774c6bc3483cc8740805f41bcfc0.jpg?1785843557,Omega,63,3,MCH
Miyu Edelfelt,21335430,2,0,Phoenix,Light,1691,0,ba690d74246b4d07f543f0d9516feec2_5047bc596a4bab2dc7f7c120bb22dec5fc0.jpg?1785843563,Omega,118,23,SCH
Pan Ther,47356852,3,0,Twintania,Light,1560,0,fc9492796dbee9f84ae010350ec7759c_c33f640c0cdd35f7def85b8aa31a0007fc0.jpg?1785843928,Omega,98,18,SCH
Scarlet Rose,26616217,4,0,Spriggan,Chaos,1412,6,96ad88f23a708e8d6e391f669986d57c_feaf0a2e88ff164813fbc9b85876fa48fc0.jpg?1785846070,Crystal,104,16,PLD
Sice Seven,15008161,5,6,Moogle,Chaos,1405,99,23657ac0d29f4bc5667ef1e00cf528f8_d7a9d5f85a29d6278ec1c7adc2c8d242fc0.jpg?1785844357,Crystal,18,1,BRD
Loty Coldwind,36521588,6,5,Twintania,Light,1379,0,3632cf6d20598f5c4c7b748be7e19153_c33f640c0cdd35f7def85b8aa31a0007fc0.jpg?1785844763,Crystal,69,5,WAR
Crow Kaien,44749262,7,8,Zodiark,Light,1376,288,54e5719ccbdb45c6de28f017b4365207_c274370774c6bc3483cc8740805f41bcfc0.jpg?1785844498,Crystal,27,11,FSH
Taiya Li,41293767,8,22,Phoenix,Light,1308,600,7dc31b9a880ba3f36a3ef1208e0c5909_5047bc596a4bab2dc7f7c120bb22dec5fc0.jpg?1785845990,Crystal,42,18,SMN
Saboree Catboy,36051653,9,7,Spriggan,Chaos,1301,0,b61ec1080d608b5a83f30baef219dc02_feaf0a2e88ff164813fbc9b85876fa48fc0.jpg?1785843821,Crystal,68,1,DRK
Akari Tsuki,31005286,10,15,Louisoix,Chaos,1196,297,28e1cfaecfbf911dc3621f5de74642aa_0a122616f3718d3f45cab10fd8fc1604fc0.jpg?1785844978,Crystal,14,3,MNK
Mamiyama Kamimama,37371304,11,9,Spriggan,Chaos,1083,0,3c6fd6569d3dce40308c9a2a1f3c3bfa_feaf0a2e88ff164813fbc9b85876fa48fc0.jpg?1785842752,Crystal,101,6,DNC
Maarato Cookie,20349526,12,10,Twintania,Light,1022,0,dbab16598b86bb31b2eb96070f723572_c33f640c0cdd35f7def85b8aa31a0007fc0.jpg?1785845935,Crystal,49,2,NIN
Totsu Geki,60147602,13,25,Spriggan,Chaos,1013,312,1b45188bdbf3dd4afe9a37a646eaa4b9_feaf0a2e88ff164813fbc9b85876fa48fc0.jpg?1785845544,Crystal,75,23,DRG
Shino Yaru,38308969,14,23,Phoenix,Light,1011,305,0662727bb913ed7fe3009f3542ea1e64_5047bc596a4bab2dc7f7c120bb22dec5fc0.jpg?1785843782,Crystal,61,10,UNK
Resilla Frostflow,14658770,15,11,Cerberus,Chaos,1004,0,00a4e6250beb98b5644c87cffe8b7f4f_777c57311d510ca65dac3c1077dee435fc0.jpg?1785843153,Crystal,65,0,BTN
Miyu Moon,58918526,16,12,Moogle,Chaos,994,0,1abf5ce3756f6fa0d1c5be2cd39491bc_d7a9d5f85a29d6278ec1c7adc2c8d242fc0.jpg?1785843943,Crystal,19,4,SAM
Ciel Melrose,58478493,17,44,Raiden,Light,993,695,2c7b597e2437a00ad9f0fc0439c68531_a370664d98f658f4ed4e620f378f73cdfc0.jpg?1785844179,Crystal,18,14,RPR
Leedo Dale,25033597,18,13,Zodiark,Light,981,0,9e122691e98bda2ea6abe86ed7b81a63_c274370774c6bc3483cc8740805f41bcfc0.jpg?1785844824,Crystal,124,11,SGE
Shimori Bunihara,35166011,19,28,Raiden,Light,975,288,c44c8fc68c230b1051ec35a527afe9ed_a370664d98f658f4ed4e620f378f73cdfc0.jpg?1785845807,Crystal,64,13,RPR
Tsukuyo Ritlas,37800185,20,14,Odin,Light,922,0,eca30840fe0bed8e80f620b5f57c49de_644311b63b607133c989d7c1188467dafc0.jpg?1785845797,Crystal,30,0,RDM
Yun' Yun,11341467,21,16,Cerberus,Chaos,896,0,df098ceed6d9cf14cf61cc4110cd6cb5_777c57311d510ca65dac3c1077dee435fc0.jpg?1785844583,Crystal,43,0,SMN
Prisma Tic,38791879,22,26,Cerberus,Chaos,818,118,5220c35172bb26154c862a6d485e37b8_777c57311d510ca65dac3c1077dee435fc0.jpg?1785844047,Crystal,54,9,AST
Lybel Alyborias,25836089,23,17,Louisoix,Chaos,807,0,a86b680e6c4e5e23befaaaf535a158de_0a122616f3718d3f45cab10fd8fc1604fc0.jpg?1785842731,Crystal,55,13,VPR
Yasuki San,61688064,24,88,Phantom,Chaos,801,801,37dbf9b8936faaf9c75f598c38dcac11_f0a43d6e5eea19af337a176e9836acddfc0.jpg?1785843441,Crystal,88,20,UNK
Auelin Fae,18291844,25,18,Zodiark,Light,800,0,2d6204db02c5efce86aca234fd6f1ce1_c274370774c6bc3483cc8740805f41bcfc0.jpg?1785843295,Crystal,13,0,WAR
Misora Kaiatsa,25126040,26,19,Moogle,Chaos,796,0,80fa199452585ab77d14128509576300_d7a9d5f85a29d6278ec1c7adc2c8d242fc0.jpg?1785842849,Crystal,54,0,RDM
Dragonlife Saijax,29449285,27,20,Moogle,Chaos,794,0,3c08546d3793d12f77cc0b00d3a3af5b_d7a9d5f85a29d6278ec1c7adc2c8d242fc0.jpg?1785843497,Crystal,26,1,GNB
Not Marci,51672179,28,21,Louisoix,Chaos,708,0,b6c4338b1daa8161914134b74ee784f0_0a122616f3718d3f45cab10fd8fc1604fc0.jpg?1785842740,Crystal,33,0,DRG
Vai Zol,38270926,29,24,Odin,Light,703,0,2e78b44195db83336b1acbe75927a864_644311b63b607133c989d7c1188467dafc0.jpg?1785843889,Crystal,33,0,RDM
Lhei Tayun,25191408,30,41,Zodiark,Light,700,302,6ee93960f16da0ea5150fe1b7590dfa4_c274370774c6bc3483cc8740805f41bcfc0.jpg?1785844571,Crystal,70,6,BLM
A'dyalani Sato,10026278,31,27,Odin,Light,693,0,d072994a22af88090aecf6e5a3b85c36_644311b63b607133c989d7c1188467dafc0.jpg?1785844021,Crystal,56,5,MCH
Dalik Mathis,9537863,32,48,Ragnarok,Chaos,693,482,fd4dde44208527cc20e58ba589d51f01_40d57ba713628f3f1ef5ef204b6d76d2fc0.jpg?1785843009,Crystal,37,13,PLD
Sweet Light,41777815,33,39,Spriggan,Chaos,687,288,2e6808627bd2b8f0f5f0377d20cbbbc5_feaf0a2e88ff164813fbc9b85876fa48fc0.jpg?1785844117,Crystal,22,13,FSH
Sophia Ariadne,11431073,34,31,Odin,Light,600,93,f4329ddf82a418a6e12f1ba978bc1523_644311b63b607133c989d7c1188467dafc0.jpg?1785844556,Crystal,44,14,DNC
Meryll Enetari,24681550,35,29,Cerberus,Chaos,598,0,f4fe16c70d7023e2101e19421c5abf1e_777c57311d510ca65dac3c1077dee435fc0.jpg?1785842815,Crystal,117,8,DNC
Xen Thique,40172078,36,34,Odin,Light,597,112,8930228f4df0c18feea28ebbb1c451f2_644311b63b607133c989d7c1188467dafc0.jpg?1785842650,Crystal,31,10,PCT
Tei Tei,36611700,37,38,Odin,Light,596,197,21c224545e3d3af775a3d377c8e444bf_644311b63b607133c989d7c1188467dafc0.jpg?1785843320,Crystal,58,15,PCT
Based Miqote,46487952,38,30,Twintania,Light,515,0,5e2bb42e554586a20b050b7fd3f88e26_c33f640c0cdd35f7def85b8aa31a0007fc0.jpg?1785843356,Crystal,44,10,UNK
Holos Ymir,35299241,39,45,Cerberus,Chaos,504,207,f8029ed36fad032333305dfa455cddec_777c57311d510ca65dac3c1077dee435fc0.jpg?1785844290,Crystal,22,6,AST
Shia Sun,1754600,40,32,Odin,Light,501,0,7550981ba488e5ebe919aa3cb39efbfa_644311b63b607133c989d7c1188467dafc0.jpg?1785845127,Crystal,46,2,WHM
Ase Dora,42603487,41,37,Alpha,Light,498,99,78626e6cf6f07875d5ac9527a5bd0c4d_6132295fcf5570fb8b0a944ef322a598fc0.jpg?1785845133,Crystal,83,26,DRK
Lex'ander Wayfarer,18009481,42,33,Odin,Light,498,0,0adfa03fe11940a91e3b6a2ed08ddb88_644311b63b607133c989d7c1188467dafc0.jpg?1785843151,Crystal,17,0,VPR
Myst Freyja,33906213,43,35,Omega,Chaos,416,0,240b879fd403fc16c04022b6075077ae_39e25ac3d737c46452305eefe324372cfc0.jpg?1785845363,Crystal,47,0,RPR
Tyra Kett,26531277,44,36,Spriggan,Chaos,410,0,101b7ec48bba5c5e5b34fda1316c57bc_feaf0a2e88ff164813fbc9b85876fa48fc0.jpg?1785845954,Crystal,56,0,BRD
Deadrise Mutombo,31730694,45,55,Ragnarok,Chaos,401,202,a382acb94313f23d966dd6d39d909bea_40d57ba713628f3f1ef5ef204b6d76d2fc0.jpg?1785845887,Crystal,20,7,NIN
Raiden Thorne,27238016,46,40,Zodiark,Light,399,0,96a909af8d24d60f6d8173f8cc16facb_c274370774c6bc3483cc8740805f41bcfc0.jpg?1785843324,Crystal,8,0,PLD
Sunie Mochi,12728791,47,64,Twintania,Light,397,297,4760f9b45bd6f71f83adbd97ab87eae3_c33f640c0cdd35f7def85b8aa31a0007fc0.jpg?1785844181,Crystal,43,8,DNC
Kimbi Aoe,24693270,48,42,Shiva,Light,304,0,67e0ddfb70faf5725a971d086cfdce61_3fbff0e6b620e4d259dc427abc6574dafc0.jpg?1785843011,Crystal,34,0,MCH
Farnese Shieldmaiden,24419493,49,43,Cerberus,Chaos,301,0,dcec016c4a6cd9a2bd3a2b73183f5a65_777c57311d510ca65dac3c1077dee435fc0.jpg?1785843458,Crystal,15,0,PLD
Neo Saladin,60195724,50,61,Alpha,Light,299,199,d61ef205c9700150e78797546d2ac263_6132295fcf5570fb8b0a944ef322a598fc0.jpg?1785842817,Crystal,85,7,BRD
Tarutella Goldfish,4235488,51,46,Phoenix,Light,295,0,f269741c27ca22c02db955557e7283fa_5047bc596a4bab2dc7f7c120bb22dec5fc0.jpg?1785844326,Crystal,2,0,FSH
Mitsuki Mirai,18435457,52,47,Louisoix,Chaos,287,0,365f1772f387bd280bdbfc16afbd5e4e_0a122616f3718d3f45cab10fd8fc1604fc0.jpg?1785843471,Crystal,4,0,WAR
Brutal Killer,8885117,53,49,Ragnarok,Chaos,203,0,30c6a6207c7e93d407784888a7f29c97_40d57ba713628f3f1ef5ef204b6d76d2fc0.jpg?1785844030,Crystal,3,0,GNB
Sayuri Maeshima,33888798,54,66,Omega,Chaos,201,101,9543e703e2409901a4e4c51fcd72a0bd_39e25ac3d737c46452305eefe324372cfc0.jpg?1785846118,Crystal,35,8,WHM
Selin Naari,16360751,55,50,Cerberus,Chaos,200,0,fb2c3681e2cb33bdcd7894d5aad0b9ec_777c57311d510ca65dac3c1077dee435fc0.jpg?1785844269,Crystal,20,2,SMN
Elohim Meth,60682611,56,51,Raiden,Light,200,0,0b14f1751b014118eca06236e1fdf2bf_a370664d98f658f4ed4e620f378f73cdfc0.jpg?1785844052,Crystal,16,0,UNK
Horse Genetics,60448295,57,52,Phoenix,Light,200,0,bb3af62117cae7488d9b02007f341c7b_5047bc596a4bab2dc7f7c120bb22dec5fc0.jpg?1785843779,Crystal,1,0,DNC
Yamizura Kumozuma,19652230,57,52,Twintania,Light,200,0,24bbc9cebf09eb83efcbc272c3085fd1_c33f640c0cdd35f7def85b8aa31a0007fc0.jpg?1785845785,Crystal,1,0,SCH
Tay Talenath,45740169,59,54,Raiden,Light,199,0,b2fa0c7222f7e3ebe117f24a200e11d8_a370664d98f658f4ed4e620f378f73cdfc0.jpg?1785842615,Crystal,122,0,SMN
Phaey Yeon,58326616,60,99,Moogle,Chaos,199,199,6497d439e55c80c0156c198e7f135c78_d7a9d5f85a29d6278ec1c7adc2c8d242fc0.jpg?1785845758,Crystal,38,11,UNK
Hyzenthlay Efrafa,1817919,61,56,Ragnarok,Chaos,197,0,f61f49f2ed95a3709fa034686da0eb63_40d57ba713628f3f1ef5ef204b6d76d2fc0.jpg?1785845382,Crystal,21,0,RPR
Zot To,18725302,62,57,Cerberus,Chaos,196,0,852c16bac4fe7f528a8653c65704e818_777c57311d510ca65dac3c1077dee435fc0.jpg?1785844431,Crystal,1,0,RDM
Chise Hatori',9182735,63,58,Ragnarok,Chaos,103,0,236f29f4984f26e6b197da380f104a63_40d57ba713628f3f1ef5ef204b6d76d2fc0.jpg?1785844144,Crystal,76,0,VPR
Yinwea Levai,36476322,64,95,Shiva,Light,100,100,944bf3a8e93fcc8f15f3f521462d11b5_3fbff0e6b620e4d259dc427abc6574dafc0.jpg?1785843117,Crystal,139,14,WHM
Skillpade Skyr,37019657,65,59,Lich,Light,100,0,e520a31662bd7030c96e4951a4f2d301_7206469080400ed57a5373d0a9c55c59fc0.jpg?1785844595,Crystal,118,0,DRK
Ul Unhu,9592278,66,60,Phoenix,Light,100,0,d703e404c81140848dbcd200abc4ef7e_5047bc596a4bab2dc7f7c120bb22dec5fc0.jpg?1785843941,Crystal,98,0,DRK
Baka Bao,30345026,67,72,Phantom,Chaos,100,100,57df7efcbcdf8f1aca84c4f1435c36ba_f0a43d6e5eea19af337a176e9836acddfc0.jpg?1785843553,Crystal,84,12,SAM
Maggot Maggot,61703768,68,78,Omega,Chaos,100,100,3657d57f4a20a5d901d7f4537f1b7307_39e25ac3d737c46452305eefe324372cfc0.jpg?1785845824,Crystal,80,4,WAR
Two Koma,51508003,69,73,Zodiark,Light,100,100,15a666f8d7bb67401300fae763ce4d32_c274370774c6bc3483cc8740805f41bcfc0.jpg?1785843305,Crystal,66,7,SAM
Shiroko Momo,39619880,70,62,Odin,Light,100,0,83b4a27fbdf8dfdce9a7e095cc14bf41_644311b63b607133c989d7c1188467dafc0.jpg?1785845065,Crystal,61,6,WAR
Memento Mo'ri,1641495,71,63,Ragnarok,Chaos,100,0,86323bce84189061b1d71ff1dc25266a_40d57ba713628f3f1ef5ef204b6d76d2fc0.jpg?1785843201,Crystal,40,0,WHM
Sakurane Zero'yuurai,13075529,72,65,Ragnarok,Chaos,100,0,b65369d4b043831749f5fa45d2428e30_40d57ba713628f3f1ef5ef204b6d76d2fc0.jpg?1785842808,Crystal,31,0,DRK
Ebin Almsivi,35310847,73,67,Shiva,Light,100,0,0c72e527d2d86c2ee8f4698832e880b5_3fbff0e6b620e4d259dc427abc6574dafc0.jpg?1785845696,Crystal,23,0,PLD
Vanilla Blossom,41496807,73,67,Moogle,Chaos,100,0,b0e7d1b464d155d8791692fe2e47299d_d7a9d5f85a29d6278ec1c7adc2c8d242fc0.jpg?1785844996,Crystal,23,0,PLD
Yuripa Arashi,37731658,73,87,Shiva,Light,100,100,73ff0d0b3cc5f92ec79dabffa2bedf80_3fbff0e6b620e4d259dc427abc6574dafc0.jpg?1785845954,Crystal,23,5,WAR
Yuumi Fish,25707217,76,69,Cerberus,Chaos,100,0,1a7ebbda26c28eb61f262b9fb37e8c6e_777c57311d510ca65dac3c1077dee435fc0.jpg?1785845589,Crystal,18,0,BTN
Moki Moki,14235486,77,70,Odin,Light,100,0,82d3ef8d03fa7a6ddf4429f15fd296a2_644311b63b607133c989d7c1188467dafc0.jpg?1785845671,Crystal,1,0,WAR
Snap Ringer,18714030,77,0,Omega,Chaos,100,0,77577ce781d587b133c9c53da0974817_39e25ac3d737c46452305eefe324372cfc0.jpg?1785844884,Crystal,1,0,MIN
Limit Cat,37849108,79,71,Lich,Light,100,0,5b03795e0323d8633451ea410c4aeced_7206469080400ed57a5373d0a9c55c59fc0.jpg?1785844182,Crystal,0,0,RDM
Wieg Wiggles,35061622,80,118,Lich,Light,0,0,61256a3e6c4f0c3dcc05469f5550d102_7206469080400ed57a5373d0a9c55c59fc0.jpg?1785842811,Diamond,67,14,WAR
Madelynn Veil,49771412,81,0,Omega,Chaos,0,0,92f91d9225bb816c6562fb117814681e_39e25ac3d737c46452305eefe324372cfc0.jpg?1785845506,Diamond,52,21,BLM
Rave Bae,47220633,82,204,Alpha,Light,0,0,e640b0d43fa0078b032cbecc50b4e94c_6132295fcf5570fb8b0a944ef322a598fc0.jpg?1785842873,Diamond,47,30,BRD
Khorasan Ataraxia,47289604,83,77,Shiva,Light,0,0,721a6c9c723209b16696818df4cf0c93_3fbff0e6b620e4d259dc427abc6574dafc0.jpg?1785845644,Diamond,93,16,UNK
Littlebard Crits,44849524,84,74,Lich,Light,0,0,85155be3d7c3c8936c428085496b1e8d_7206469080400ed57a5373d0a9c55c59fc0.jpg?1785844353,Diamond,9,0,UNK
Lilia Sunvale,59323692,85,79,Phoenix,Light,0,0,01173bfd4d3bd682b07d6e9ac6dafd16_5047bc596a4bab2dc7f7c120bb22dec5fc0.jpg?1785844104,Diamond,79,14,BRD
Lavender Yumori,47189865,86,206,Phoenix,Light,0,0,c0a56a85a3c082e0dd3b96359531f30f_5047bc596a4bab2dc7f7c120bb22dec5fc0.jpg?1785845274,Diamond,66,16,DNC
Lsi Lsi,47353875,87,90,Lich,Light,0,0,792b3235fe2fbd35d956e856c210194f_7206469080400ed57a5373d0a9c55c59fc0.jpg?1785845378,Diamond,55,7,PCT
Princess Emi,5884527,88,75,Twintania,Light,0,0,4ab2080550ab1fb15ca76fbfe8e8d512_c33f640c0cdd35f7def85b8aa31a0007fc0.jpg?1785845169,Diamond,53,7,DNC
Sotek Scherwil,486374,89,100,Twintania,Light,0,0,c881840c18d6c9fc415801f5f8240174_c33f640c0cdd35f7def85b8aa31a0007fc0.jpg?1785845301,Diamond,26,8,DRK
Delzor Waka,40194085,90,76,Odin,Light,0,0,bde30c4caff355f65cf9761727b12725_644311b63b607133c989d7c1188467dafc0.jpg?1785845237,Diamond,90,8,MCH
Haki Haki,8290724,91,80,Ragnarok,Chaos,0,0,3fc43df6da1c629c59b5cdae63dee7a7_40d57ba713628f3f1ef5ef204b6d76d2fc0.jpg?1785846026,Diamond,64,7,MNK
Magic Beans,43732030,92,203,Phoenix,Light,0,0,4a7e75e2be4f70e389e8807cc1d2b885_5047bc596a4bab2dc7f7c120bb22dec5fc0.jpg?1785845954,Diamond,44,15,PLD
Yellow Blue,58488618,93,0,Spriggan,Chaos,0,0,51731f8a93c1d8b59b5c3ded4ffb5a64_feaf0a2e88ff164813fbc9b85876fa48fc0.jpg?1785843105,Diamond,42,40,RDM
Aris Oz,41983172,94,82,Zodiark,Light,0,0,abbd4cf51609bf59977c5b4850c4c351_c274370774c6bc3483cc8740805f41bcfc0.jpg?1785845386,Diamond,20,0,WAR
Lia Lothje,30611623,95,83,Odin,Light,0,0,12f34ee0f0d0404c9b47a7fea301f068_644311b63b607133c989d7c1188467dafc0.jpg?1785844102,Diamond,12,0,DNC
Pat Olehouse,17156873,96,85,Lich,Light,0,0,54c944c62ef7bd68e95a2a558d856482_7206469080400ed57a5373d0a9c55c59fc0.jpg?1785842973,Diamond,45,13,PLD
Pattinger Kersel,8183392,97,84,Raiden,Light,0,0,4fec5839fc0fc0bba3a80fc4e1910660_a370664d98f658f4ed4e620f378f73cdfc0.jpg?1785843273,Diamond,37,0,MCH
Sheidyn Windsor,30282791,98,86,Omega,Chaos,0,0,e3eaa192d0e2b6192580f940474cd0b5_39e25ac3d737c46452305eefe324372cfc0.jpg?1785842843,Diamond,33,10,WAR
Neclord Drakan,34358772,99,116,Phoenix,Light,0,0,7e002012c8fc4f9e493cd5879573e088_5047bc596a4bab2dc7f7c120bb22dec5fc0.jpg?1785844003,Diamond,10,5,WHM
Erika Avellana,45153856,100,240,Alpha,Light,0,0,d52954932b2c20e3d303cb8cf101f3eb_6132295fcf5570fb8b0a944ef322a598fc0.jpg?1785843565,Diamond,175,35,AST
Hegel Gil,25438753,101,154,Omega,Chaos,0,0,5ed500fc1dd1d9cbbc95000a80326ff7_39e25ac3d737c46452305eefe324372cfc0.jpg?1785842884,Diamond,78,7,MNK
Zecht Bradamant,31785474,102,89,Omega,Chaos,0,0,b0b8438e6682f2931a1a930121d0ab43_39e25ac3d737c46452305eefe324372cfc0.jpg?1785844863,Diamond,63,0,PLD
Durinta Borlaaq,37706432,103,91,Twintania,Light,0,0,5f122a4f83176fe089d903a59809e108_c33f640c0cdd35f7def85b8aa31a0007fc0.jpg?1785844388,Diamond,31,4,BLM
Evvie Hwyi,60349732,104,107,Phantom,Chaos,0,0,d4ebfd0621314af6eaf4a106071ff400_f0a43d6e5eea19af337a176e9836acddfc0.jpg?1785844494,Diamond,24,4,PLD
Cipher Strife,7955322,105,102,Ragnarok,Chaos,0,0,fd0f2644fe22871d381e6bae8798c484_40d57ba713628f3f1ef5ef204b6d76d2fc0.jpg?1785845803,Diamond,70,4,GNB
Brian Ricardo,23607238,106,92,Zodiark,Light,0,0,9c9d045f5f22c579ce5c24faa2b9b303_c274370774c6bc3483cc8740805f41bcfc0.jpg?1785842695,Diamond,39,0,SGE
Isca Mog,32212471,107,93,Zodiark,Light,0,0,e47f3ccc4bd8599193929766ab0abd2c_c274370774c6bc3483cc8740805f41bcfc0.jpg?1785843182,Diamond,19,0,BLM
Sal Ren,40787945,108,94,Phoenix,Light,0,0,9613f7a8c0a759977b8a3fe787fed7e0_5047bc596a4bab2dc7f7c120bb22dec5fc0.jpg?1785844411,Diamond,12,0,DRG
Minmo Dev,7902844,109,299,Zodiark,Light,0,0,782214fa536a78747ce926bd4967671f_c274370774c6bc3483cc8740805f41bcfc0.jpg?1785844517,Diamond,66,28,RDM
Leia Leia,61767715,110,96,Twintania,Light,0,0,da1bea022b3ca64e80681b4a30a9d7e1_c33f640c0cdd35f7def85b8aa31a0007fc0.jpg?1785843693,Diamond,56,0,UNK
Remes Yveltar,21757305,111,97,Odin,Light,0,0,20b9e744e2190850310da72ffaf5c5d4_644311b63b607133c989d7c1188467dafc0.jpg?1785845503,Diamond,44,0,DRG
Blunt Man,35300195,112,98,Louisoix,Chaos,0,0,bfddeb1fd8c57b9259f8bb179dd8158b_0a122616f3718d3f45cab10fd8fc1604fc0.jpg?1785844468,Diamond,39,5,SAM
Zaiko Kazer,29649679,113,132,Lich,Light,0,0,ab5b87afe7d1d53f8a61b85e0c0d0e8d_7206469080400ed57a5373d0a9c55c59fc0.jpg?1785845568,Diamond,38,11,GNB
Bing Bing,50857849,114,135,Odin,Light,0,0,1a2b77cf04680b9bfe1c19f07f9f1f44_644311b63b607133c989d7c1188467dafc0.jpg?1785845924,Diamond,27,7,RPR
Decha Kirk,32806624,115,101,Moogle,Chaos,0,0,e50b415f85b832de8463247f434991ce_d7a9d5f85a29d6278ec1c7adc2c8d242fc0.jpg?1785845377,Diamond,17,2,BLM
Roomi Mae,47248743,116,142,Raiden,Light,0,0,770a624522dc3f95ef75247a554dceb7_a370664d98f658f4ed4e620f378f73cdfc0.jpg?1785843019,Diamond,5,2,AST
Acacia Strain,43137076,117,129,Raiden,Light,0,0,8678948c8fea34b563980d4a6da37e32_a370664d98f658f4ed4e620f378f73cdfc0.jpg?1785843506,Diamond,115,14,SMN
Erion Hein,39135014,118,103,Twintania,Light,0,0,ba6bc1e1e70e5f3402d91ecfcf7d01e8_c33f640c0cdd35f7def85b8aa31a0007fc0.jpg?1785843777,Diamond,70,8,WAR
Sahamaru Kamijo,13566032,119,104,Lich,Light,0,0,ab5bb27991a2037ddd8e8b0aef304406_7206469080400ed57a5373d0a9c55c59fc0.jpg?1785844051,Diamond,52,0,MCH
Elyndra Mayhn,27143285,120,216,Twintania,Light,0,0,e4b30c11c8c987996e50ee4c5899c037_c33f640c0cdd35f7def85b8aa31a0007fc0.jpg?1785844939,Diamond,50,9,SMN
Ark Kekko,50821807,121,113,Omega,Chaos,0,0,b81b1c241e98f7a5f9b9c81665be1243_39e25ac3d737c46452305eefe324372cfc0.jpg?1785845994,Diamond,45,10,SGE
Gaspard Deguingoix,11032081,122,105,Moogle,Chaos,0,0,b9283e6a6be9cd219ee0afea98546775_d7a9d5f85a29d6278ec1c7adc2c8d242fc0.jpg?1785843652,Diamond,27,1,SCH
Spedah Sashihai,46717230,123,0,Phantom,Chaos,0,0,916aa42d41d9cb06784f26d21d850c5a_f0a43d6e5eea19af337a176e9836acddfc0.jpg?1785845898,Diamond,25,0,SGE
Victoria Nyala,43751055,124,106,Phoenix,Light,0,0,d41ca298e2f03ee2273aca61640ebce0_5047bc596a4bab2dc7f7c120bb22dec5fc0.jpg?1785845720,Diamond,21,0,MCH
Lawr Hawk,28248881,125,108,Odin,Light,0,0,e241b26df61ea0e201b637a7ae6c4cd4_644311b63b607133c989d7c1188467dafc0.jpg?1785843442,Diamond,16,2,MCH
Sin Mirrorslave,43994621,126,109,Raiden,Light,0,0,3f8e3345c252d3f9b50e27c481f91100_a370664d98f658f4ed4e620f378f73cdfc0.jpg?1785844443,Diamond,11,0,UNK
Remy Galleu,52837552,127,110,Alpha,Light,0,0,1c98cde60dda0890554eff5601f7b441_6132295fcf5570fb8b0a944ef322a598fc0.jpg?1785845143,Diamond,7,1,UNK
Tisha Adori,32551351,127,111,Zodiark,Light,0,0,a1f13f2decf7933275b7ce63051dc06f_c274370774c6bc3483cc8740805f41bcfc0.jpg?1785844463,Diamond,7,2,BLM
Lina Sunstar,52075433,129,112,Spriggan,Chaos,0,0,d60c4576e74acfcd0ed77a6ea5d48800_feaf0a2e88ff164813fbc9b85876fa48fc0.jpg?1785842918,Diamond,90,15,WHM
Krek Balflear,48912824,130,114,Sagittarius,Chaos,0,0,3ddedc4fdcf35465d04f99e2b4737a9f_44ca0844398b2d010d8cd4a31ddb023dfc0.jpg?1785843328,Diamond,29,0,SGE
Nicco Sushi,42846008,131,160,Alpha,Light,0,0,ffcb0ee6f92ba9224ade0ee2b0e9917b_6132295fcf5570fb8b0a944ef322a598fc0.jpg?1785844198,Diamond,27,3,SGE
Baby Starz,27999014,132,146,Omega,Chaos,0,0,e8cb7daea22ff306dcc9397ecad5a4a2_39e25ac3d737c46452305eefe324372cfc0.jpg?1785843396,Diamond,23,8,DRG
Shadow Aya,54551815,133,115,Zodiark,Light,0,0,5ca13f39db9eefc50e8e57be73e7254e_c274370774c6bc3483cc8740805f41bcfc0.jpg?1785844740,Diamond,13,0,DRK
Tsu Kee,47596814,134,200,Zodiark,Light,0,0,df5063d6db141a1bc921d4623e08a366_c274370774c6bc3483cc8740805f41bcfc0.jpg?1785846006,Diamond,106,29,SGE
Haadin Maero,25649806,135,117,Cerberus,Chaos,0,0,ab3efb60a6f01134129c732e6e60c255_777c57311d510ca65dac3c1077dee435fc0.jpg?1785843563,Diamond,65,0,RDM
Stephanie Dolla,28876458,136,145,Lich,Light,0,0,753eeef7260d5b48fedb9d189d2b51ca_7206469080400ed57a5373d0a9c55c59fc0.jpg?1785845931,Diamond,33,1,GNB
Glyceri Chosuti,30338174,137,121,Moogle,Chaos,0,0,6d93c9241424e92e6f0351d35d8b6eaa_d7a9d5f85a29d6278ec1c7adc2c8d242fc0.jpg?1785843618,Diamond,32,13,DNC
Sho'zhirr Shizahi-jo,28092848,137,228,Phoenix,Light,0,0,c6923f91c3f9e08d53d38488a3040788_5047bc596a4bab2dc7f7c120bb22dec5fc0.jpg?1785845383,Diamond,32,18,UNK
Roy Dimgao,29524655,139,119,Omega,Chaos,0,0,320af7149c63c337e5826c2c2cc1bf37_39e25ac3d737c46452305eefe324372cfc0.jpg?1785845773,Diamond,29,0,WHM
Magidolce Magileine,39132419,140,133,Twintania,Light,0,0,088bd05d5a98251023ecb7e28a638b68_c33f640c0cdd35f7def85b8aa31a0007fc0.jpg?1785844532,Diamond,28,5,SMN
Alex Rider,15112833,141,176,Alpha,Light,0,0,3c32a1d9439fd94359ee9df8b368df94_6132295fcf5570fb8b0a944ef322a598fc0.jpg?1785843719,Diamond,27,7,DRG
Master Zoknik,47233914,142,0,Omega,Chaos,0,0,47b7a0d3c4816d6dc7cb85c85a3685f7_39e25ac3d737c46452305eefe324372cfc0.jpg?1785844961,Diamond,24,0,DRK
Renna Vorak,25421061,143,120,Raiden,Light,0,0,c2dc94bad32c136ebcdcb42ec56ba1c3_a370664d98f658f4ed4e620f378f73cdfc0.jpg?1785843237,Diamond,23,0,PLD
Brindacier Alomon,26055030,144,122,Phoenix,Light,0,0,fbefc8262b34e93b398aa2dde0c2e4b8_5047bc596a4bab2dc7f7c120bb22dec5fc0.jpg?1785845288,Diamond,15,0,DRK
Taivas L'tulta,46948666,145,123,Odin,Light,0,0,30ba088e17b99c9f748bd47b4ff33fb4_644311b63b607133c989d7c1188467dafc0.jpg?1785845456,Diamond,10,0,DRK
Keylinda Heliopsis,44659154,146,124,Moogle,Chaos,0,0,aae227ec83063cc479b9c5f6fb803e66_d7a9d5f85a29d6278ec1c7adc2c8d242fc0.jpg?1785842985,Diamond,6,0,WHM
Astral Highwind,29689702,147,125,Omega,Chaos,0,0,97af63b900951c4e5b86b87e21f0d233_39e25ac3d737c46452305eefe324372cfc0.jpg?1785844319,Diamond,3,0,NIN
Tsuguri Tempest,8093380,147,125,Moogle,Chaos,0,0,673dd69d52b7f7c210bb231091fd1922_d7a9d5f85a29d6278ec1c7adc2c8d242fc0.jpg?1785844091,Diamond,3,0,WAR
Yhren Vhal,56948558,147,150,Odin,Light,0,0,3f62ad2093c1016540ef936a5563823b_644311b63b607133c989d7c1188467dafc0.jpg?1785843495,Diamond,3,1,UNK
Arienai Nashi,47596567,150,127,Zodiark,Light,0,0,ccbc05e41375849179a5f554d78d7ae1_c274370774c6bc3483cc8740805f41bcfc0.jpg?1785846006,Diamond,129,12,SGE
Keraunos Greywolfe,31183458,151,128,Alpha,Light,0,0,3431088cd9f33e5f20e30162c35286fd_6132295fcf5570fb8b0a944ef322a598fc0.jpg?1785845872,Diamond,125,11,BRD
Merily Marlin,52216084,152,130,Louisoix,Chaos,0,0,1b485637d5f1df89d363a45b95cba49c_0a122616f3718d3f45cab10fd8fc1604fc0.jpg?1785845806,Diamond,83,0,FSH
Rei Dassario,24597443,153,220,Raiden,Light,0,0,a51ce0a687a31ff3b67287e80ea30aed_a370664d98f658f4ed4e620f378f73cdfc0.jpg?1785843092,Diamond,30,5,VPR
Dundee Nic'hpisfa,35976824,154,131,Odin,Light,0,0,8eda92b5ce2e258786d149b7cb349e09_644311b63b607133c989d7c1188467dafc0.jpg?1785845529,Diamond,29,0,MCH
Lolorei Lalarei,3686155,155,133,Omega,Chaos,0,0,da6ff12e4effc4cbacfe1b954f1c3bf5_39e25ac3d737c46452305eefe324372cfc0.jpg?1785845179,Diamond,28,5,BRD
Kihn Shirudo,43951482,156,136,Spriggan,Chaos,0,0,2e619166d10daa6082c54563a5af17ff_feaf0a2e88ff164813fbc9b85876fa48fc0.jpg?1785844807,Diamond,15,0,DRK
Smoothie Sour,42056621,157,138,Zodiark,Light,0,0,247388cdfc4db1451cf9df83cce7b3a1_c274370774c6bc3483cc8740805f41bcfc0.jpg?1785844324,Diamond,10,3,MCH
Izuma Knox,48747330,158,137,Spriggan,Chaos,0,0,e4ecfd700fe3f6df45f6409e46a09d8b_feaf0a2e88ff164813fbc9b85876fa48fc0.jpg?1785842635,Diamond,9,0,CUL
Wimp Lo,37793632,159,139,Zodiark,Light,0,0,45ed053d252c3a44eabe55329426aa37_c274370774c6bc3483cc8740805f41bcfc0.jpg?1785845250,Diamond,6,0,WAR
Endorel Soro,12949151,160,140,Alpha,Light,0,0,038b9a835f84a3b80a8a467605d3dd8c_6132295fcf5570fb8b0a944ef322a598fc0.jpg?1785846133,Diamond,4,0,UNK
Mirajane Hylian,24248886,160,140,Omega,Chaos,0,0,32bbb40f8ae6e32a1317f2919c7a1a42_39e25ac3d737c46452305eefe324372cfc0.jpg?1785843942,Diamond,4,0,MNK
Staz Hellcat,8016319,162,143,Cerberus,Chaos,0,0,c7e860ceda35e35e41bca47bf02624be_777c57311d510ca65dac3c1077dee435fc0.jpg?1785844180,Diamond,75,11,RDM
Seraban Mistodisushi,25116690,163,144,Omega,Chaos,0,0,9ab6f5d4307a747e8378402c6070b2a7_39e25ac3d737c46452305eefe324372cfc0.jpg?1785844987,Diamond,59,13,UNK
Rin Tanaka,24116937,164,177,Phoenix,Light,0,0,05caa52c69a69c31a889325a1f319530_5047bc596a4bab2dc7f7c120bb22dec5fc0.jpg?1785842724,Diamond,32,1,RDM
Mina Ha,50543888,165,147,Raiden,Light,0,0,712f53c2b6ed3bc9fa9cc0b0b60a16d7_a370664d98f658f4ed4e620f378f73cdfc0.jpg?1785844818,Diamond,11,0,SMN
Fandrix Shadowsong,36051326,166,148,Louisoix,Chaos,0,0,e8515941184b5c25f2622f1899a0969a_0a122616f3718d3f45cab10fd8fc1604fc0.jpg?1785843686,Diamond,6,0,RPR
Ny Aa,49048302,167,149,Zodiark,Light,0,0,a75fda4dbe97ffbaf98a55c7ea86fa64_c274370774c6bc3483cc8740805f41bcfc0.jpg?1785843811,Diamond,4,0,RDM
Dopa Mine,44403027,168,150,Phantom,Chaos,0,0,8d27501fd3361cf138655132263db4b5_f0a43d6e5eea19af337a176e9836acddfc0.jpg?1785845168,Diamond,2,0,WHM
Maru Tani,58799026,168,150,Alpha,Light,0,0,b632027978294d1f77f2347d48fc3704_6132295fcf5570fb8b0a944ef322a598fc0.jpg?1785842710,Diamond,2,0,SCH
Crystalia Aguilau'ra,51094995,170,282,Phantom,Chaos,0,0,e8e576c74bb3b06299949b7258aa8c6b_f0a43d6e5eea19af337a176e9836acddfc0.jpg?1785844249,Diamond,160,18,UNK
Magnus Skorweg,14288959,171,153,Cerberus,Chaos,0,0,36b3ca5cc0c3fa7edd1b5b276f54a6fc_777c57311d510ca65dac3c1077dee435fc0.jpg?1785844912,Diamond,86,10,MCH
Bagel Egg,18929023,172,155,Omega,Chaos,0,0,f655117235b1c0d199ca39849579a631_39e25ac3d737c46452305eefe324372cfc0.jpg?1785845451,Diamond,61,4,PLD
Rain Hoshino,6160241,173,300,Moogle,Chaos,0,0,fc4a751ebc0402023f56f7934007c9ef_d7a9d5f85a29d6278ec1c7adc2c8d242fc0.jpg?1785842630,Diamond,51,14,RDM
Vermilion Rose,4596210,174,217,Phantom,Chaos,0,0,6eeb39ac8e979b57130040ff257bf772_f0a43d6e5eea19af337a176e9836acddfc0.jpg?1785842780,Diamond,43,5,PLD
Nana Usui,34696904,175,156,Moogle,Chaos,0,0,abd9e807ccb2486ea89e3deab9cc56d2_d7a9d5f85a29d6278ec1c7adc2c8d242fc0.jpg?1785846124,Diamond,41,0,AST
Saki Aiko,58256956,176,157,Zodiark,Light,0,0,f65bf40d95342ebe3141def95c5232bc_c274370774c6bc3483cc8740805f41bcfc0.jpg?1785845869,Diamond,34,0,WHM
Lu Mi,47806406,177,219,Raiden,Light,0,0,c8d19bad38e9523a4db779b2bf514973_a370664d98f658f4ed4e620f378f73cdfc0.jpg?1785845692,Diamond,32,6,PLD
Mono Lith,59519255,178,158,Omega,Chaos,0,0,2d12a270aa7b3b097c78dcc93127e881_39e25ac3d737c46452305eefe324372cfc0.jpg?1785842803,Diamond,29,0,RDM
Nemesis Sol,49622209,179,159,Shiva,Light,0,0,1bcb80e23a56918c49abb6d50ef563af_3fbff0e6b620e4d259dc427abc6574dafc0.jpg?1785844618,Diamond,28,0,AST
Feri De,32873333,180,187,Twintania,Light,0,0,04fae792c920333e5bdc3287c0df72e4_c33f640c0cdd35f7def85b8aa31a0007fc0.jpg?1785844573,Diamond,20,9,WHM
Melili Nalili,60720700,180,163,Twintania,Light,0,0,24a7b96fbc052a40de9c6f7809fe72fe_c33f640c0cdd35f7def85b8aa31a0007fc0.jpg?1785845275,Diamond,20,5,DRK
Kai Usami,51704875,182,161,Raiden,Light,0,0,de98603cf09d40c4587c720f86e73817_a370664d98f658f4ed4e620f378f73cdfc0.jpg?1785844389,Diamond,19,0,UNK
Akurei Amotanius,36595921,183,162,Odin,Light,0,0,ca5d9f24b62995e3bcb5d25cc576fc70_644311b63b607133c989d7c1188467dafc0.jpg?1785843734,Diamond,16,0,MNK
Illyrion Akatsuki,56186869,184,164,Odin,Light,0,0,b36972ee34bfd25f82ce348b32b6f5da_644311b63b607133c989d7c1188467dafc0.jpg?1785845613,Diamond,14,0,BSM
Diggoo Jumalxtenlavis,21389976,185,165,Zodiark,Light,0,0,ae5b9d280ccfc178e7b74cd839ec5e43_c274370774c6bc3483cc8740805f41bcfc0.jpg?1785846041,Diamond,12,0,MNK
Yoe Lleufyn,28631681,186,168,Phoenix,Light,0,0,9584dd8fac44ba749b0855105a0e29e9_5047bc596a4bab2dc7f7c120bb22dec5fc0.jpg?1785845397,Diamond,8,4,PCT
Mer Lin,50434149,187,166,Spriggan,Chaos,0,0,52a13256ecf71bc72e25a6b211b196c8_feaf0a2e88ff164813fbc9b85876fa48fc0.jpg?1785842833,Diamond,7,0,BRD
Neppie Nen,38644421,188,192,Phoenix,Light,0,0,6744f6c777bfc017ed7318054ef44f3d_5047bc596a4bab2dc7f7c120bb22dec5fc0.jpg?1785844114,Diamond,6,6,DRG
Kyouko Owo,25629243,189,167,Louisoix,Chaos,0,0,4fbeb17208a00397ad05eebfc2d20d2f_0a122616f3718d3f45cab10fd8fc1604fc0.jpg?1785845510,Diamond,5,0,WHM
Xiex Xie,40733160,190,169,Zodiark,Light,0,0,f253e0943a65dac103a6dfd764a01f52_c274370774c6bc3483cc8740805f41bcfc0.jpg?1785842805,Diamond,3,0,VPR
Catlisaie Leveilleur,38928587,191,0,Sagittarius,Chaos,0,0,b49cedcc9313e5b78f3c3e17f3a3b68c_44ca0844398b2d010d8cd4a31ddb023dfc0.jpg?1785844803,Diamond,2,0,WAR
Ash Dreadsaint,16641514,192,170,Alpha,Light,0,0,35babc8a56d97c1de09ffbf594068bd0_6132295fcf5570fb8b0a944ef322a598fc0.jpg?1785844341,Diamond,1,0,BLM
Faly Linh,32024155,192,170,Spriggan,Chaos,0,0,2c0bc07b4ce467f3fb61eed172593a41_feaf0a2e88ff164813fbc9b85876fa48fc0.jpg?1785845893,Diamond,1,0,UNK
Jean Eclair,2900310,192,0,Louisoix,Chaos,0,0,7adf7a428285818f2884e78fe04bd4d8_0a122616f3718d3f45cab10fd8fc1604fc0.jpg?1785845089,Diamond,1,0,DNC
Rifula Ruivre,2224873,192,170,Alpha,Light,0,0,47995b925a7f5c18a76967fce75b8bb9_6132295fcf5570fb8b0a944ef322a598fc0.jpg?1785843238,Diamond,1,0,UNK
Frankie Urien,32323176,196,173,Odin,Light,0,0,ffae33588fe71f102672b7defdb50a30_644311b63b607133c989d7c1188467dafc0.jpg?1785844485,Diamond,79,9,DNC
Gabriel Zephyrus,11099535,197,201,Zodiark,Light,0,0,fb5c6913d0c275952def0841ab82887f_c274370774c6bc3483cc8740805f41bcfc0.jpg?1785843317,Diamond,72,12,RPR
Kiara Anima,33528154,198,174,Raiden,Light,0,0,f1bb383b8594f615718c3d7f602fc10c_a370664d98f658f4ed4e620f378f73cdfc0.jpg?1785844301,Diamond,53,0,AST
Norai Tempest,38251436,199,257,Zodiark,Light,0,0,b7018360f2380ddb9010a48d596309f2_c274370774c6bc3483cc8740805f41bcfc0.jpg?1785844244,Diamond,48,8,DRG
Celeste Starblade,57129516,200,175,Phoenix,Light,0,0,f658a7c187303ff40c92c131f45b6f67_5047bc596a4bab2dc7f7c120bb22dec5fc0.jpg?1785844056,Diamond,42,0,SAM
Bubble Nebula,59834747,201,213,Sagittarius,Chaos,0,0,df2ae90ea247ab18117d32d9808317e8_44ca0844398b2d010d8cd4a31ddb023dfc0.jpg?1785844698,Diamond,37,10,PLD
General Aardvark,48423100,202,179,Twintania,Light,0,0,cf88029724167c1d18ed8c536a862900_c33f640c0cdd35f7def85b8aa31a0007fc0.jpg?1785844737,Diamond,32,6,GNB
Leo Wolfram,55309464,203,178,Twintania,Light,0,0,137bda326a93315b803aa0d477a79942_c33f640c0cdd35f7def85b8aa31a0007fc0.jpg?1785845964,Diamond,28,0,DRK
Ossim Numine,26339671,204,180,Spriggan,Chaos,0,0,c5d164dd5b0090daf2749023d8296214_feaf0a2e88ff164813fbc9b85876fa48fc0.jpg?1785842582,Diamond,25,0,SGE
Uraraka Lunae,19968499,204,180,Louisoix,Chaos,0,0,87178981b631653f4905b195c6c49583_0a122616f3718d3f45cab10fd8fc1604fc0.jpg?1785846012,Diamond,25,0,SAM
Guimiko Miko,54285624,206,186,Moogle,Chaos,0,0,610c37aeb64c6149d7c6d5ea93a8114e_d7a9d5f85a29d6278ec1c7adc2c8d242fc0.jpg?1785844021,Diamond,24,12,WHM
Nihan Hex,53453486,206,182,Cerberus,Chaos,0,0,15de173462fb012d8bb6ffee6c41a2a1_777c57311d510ca65dac3c1077dee435fc0.jpg?1785843611,Diamond,24,0,NIN
Eden Sight,26795634,208,183,Zodiark,Light,0,0,0082848ea437238b52e2fc002e546579_c274370774c6bc3483cc8740805f41bcfc0.jpg?1785845545,Diamond,22,0,DRG
Feral Jorex,21749898,208,185,Odin,Light,0,0,f9027c778862384a6ae4224efd2fe7c3_644311b63b607133c989d7c1188467dafc0.jpg?1785845040,Diamond,22,9,SMN
Lauressen Ornedwesfv,49280645,210,184,Louisoix,Chaos,0,0,36b2248a22465d5d00bf7ed02491ae4b_0a122616f3718d3f45cab10fd8fc1604fc0.jpg?1785844342,Diamond,16,0,SMN
Serphe Dot,52263876,211,294,Moogle,Chaos,0,0,9650655e67fd2c317b6785da99b8da48_d7a9d5f85a29d6278ec1c7adc2c8d242fc0.jpg?1785845229,Diamond,14,11,VPR
Mestari Kalastaja,38441307,212,188,Omega,Chaos,0,0,52dc7dc38ddeaaedbae9f2b43a6ca546_39e25ac3d737c46452305eefe324372cfc0.jpg?1785845090,Diamond,7,0,WAR
Sentika Thiel,31702916,212,188,Zodiark,Light,0,0,50ae19a11ef85e68cde6a1c26ccaf1d1_c274370774c6bc3483cc8740805f41bcfc0.jpg?1785844995,Diamond,7,0,NIN
Nilfel Hahayon,21378833,214,190,Cerberus,Chaos,0,0,d7e947c02816c8a10c0773fc4c97e71e_777c57311d510ca65dac3c1077dee435fc0.jpg?1785845228,Diamond,6,0,SCH
Doctor Zoidberg,9214410,215,191,Cerberus,Chaos,0,0,40bc630c90e57d0ca265dd7fc809d5c8_777c57311d510ca65dac3c1077dee435fc0.jpg?1785843103,Diamond,3,0,WAR
Eve Naeuri,43290162,216,0,Sagittarius,Chaos,0,0,c143c5d5e461ba9e3f51c07a3de23e21_44ca0844398b2d010d8cd4a31ddb023dfc0.jpg?1785842714,Diamond,2,0,RDM
Tensei Kaiten,46690911,217,0,Raiden,Light,0,0,d68fe2cd8b67b36a7f9904682b1aad12_a370664d98f658f4ed4e620f378f73cdfc0.jpg?1785845564,Diamond,1,0,MNK
Alterion Vinea,12652045,218,192,Spriggan,Chaos,0,0,9bffaa652b4614ee6c33fdd6e07fdea8_feaf0a2e88ff164813fbc9b85876fa48fc0.jpg?1785845929,Diamond,0,0,DRK
Altrios Alrun,37280856,218,192,Odin,Light,0,0,eed006603ff3859a7471671dcb9c221c_644311b63b607133c989d7c1188467dafc0.jpg?1785845601,Diamond,0,0,GNB
Amarth Vual,37220642,218,192,Lich,Light,0,0,64bdc4017f196c6ab4c813692496b5f6_7206469080400ed57a5373d0a9c55c59fc0.jpg?1785844724,Diamond,0,0,PLD
Death Fury,9386074,218,192,Ragnarok,Chaos,0,0,f334633b7adb1af69b68d26c3dc12e81_40d57ba713628f3f1ef5ef204b6d76d2fc0.jpg?1785843875,Diamond,0,0,DRK
Gella Zenhat,16553524,218,192,Cerberus,Chaos,0,0,34542c2a2fe5b9a690d00a5565e15c1b_777c57311d510ca65dac3c1077dee435fc0.jpg?1785844763,Diamond,0,0,DNC
Zoera Rinn,47442640,218,192,Alpha,Light,0,0,1a8a49a922d7b9ede1f40d3e59c5b86f_6132295fcf5570fb8b0a944ef322a598fc0.jpg?1785842815,Diamond,0,0,SAM
Anyu Nayru,34487597,224,199,Phoenix,Light,0,0,88772bb9fe8e19be70e12bce0dbf5dec_5047bc596a4bab2dc7f7c120bb22dec5fc0.jpg?1785845475,Platinum,103,10,WHM
Lise-hoi Pipeloi,29719212,225,202,Cerberus,Chaos,0,0,57c5498cda4f5b24c975d5c6ad1dad53_777c57311d510ca65dac3c1077dee435fc0.jpg?1785845584,Platinum,43,3,DRK
C'rhun Tia,59338588,226,205,Spriggan,Chaos,0,0,b2ff4ed07ded26f7b90db369f6c22e10_feaf0a2e88ff164813fbc9b85876fa48fc0.jpg?1785845157,Platinum,12,1,BLM
Rem Minase,15335467,227,211,Ragnarok,Chaos,0,0,6f4b9532213e5ed122fcac3e5c3b4cc5_40d57ba713628f3f1ef5ef204b6d76d2fc0.jpg?1785843350,Platinum,95,6,SMN
Error Message,13464395,228,207,Odin,Light,0,0,37584823c6898787a88ec74ca750c2b7_644311b63b607133c989d7c1188467dafc0.jpg?1785844979,Platinum,42,0,MCH
Airi Rhitik,2286171,229,208,Moogle,Chaos,0,0,0e7c747879926e0f575c8444323c478f_d7a9d5f85a29d6278ec1c7adc2c8d242fc0.jpg?1785844104,Platinum,27,4,AST
Leizi Doomie,47973424,229,210,Omega,Chaos,0,0,35e6c296ac2a3e1f720238508a30d7a5_39e25ac3d737c46452305eefe324372cfc0.jpg?1785844092,Platinum,27,12,RPR
Yorda Dormin,35730883,231,209,Phantom,Chaos,0,0,37968b7968327b583f23e52d999337f9_f0a43d6e5eea19af337a176e9836acddfc0.jpg?1785843806,Platinum,24,2,UNK
Kai Weaver,59504701,232,253,Cerberus,Chaos,0,0,f3598c7f1d9880e593c1f5f6cd04a2cd_777c57311d510ca65dac3c1077dee435fc0.jpg?1785843319,Platinum,87,12,NIN
Garik Slambert,60482352,233,212,Phoenix,Light,0,0,db0a037687194ebf4febd49e14005a66_5047bc596a4bab2dc7f7c120bb22dec5fc0.jpg?1785845131,Platinum,45,0,BTN
Kitty Purr,35221239,234,214,Zodiark,Light,0,0,5255b02c0e30309529735d2aa66456c5_c274370774c6bc3483cc8740805f41bcfc0.jpg?1785844388,Platinum,19,6,WHM
Evan Hycks,7557796,235,215,Phoenix,Light,0,0,52f7406f92df6db10a921ea3efdc9dd4_5047bc596a4bab2dc7f7c120bb22dec5fc0.jpg?1785844928,Platinum,5,0,ARC
Athena Olympe,44680885,236,218,Sagittarius,Chaos,0,0,7e7afe9e9cebc29cee3220c1e0530540_44ca0844398b2d010d8cd4a31ddb023dfc0.jpg?1785845202,Platinum,33,0,BLM
Protos Heis,34597162,237,238,Spriggan,Chaos,0,0,1227bb2a621e4455479d060e840ff145_feaf0a2e88ff164813fbc9b85876fa48fc0.jpg?1785845908,Platinum,22,12,MCH
Ultimo Tower,13765195,238,0,Odin,Light,0,0,f3f293a7802e54bc6d3f5c2ceb6f4902_644311b63b607133c989d7c1188467dafc0.jpg?1785844722,Platinum,21,10,SMN
Malachi Lights,3074032,239,221,Shiva,Light,0,0,e2d7cd0b9daba53c8f2e584c50e288b5_3fbff0e6b620e4d259dc427abc6574dafc0.jpg?1785845293,Platinum,20,3,SAM
Astinus Zivlyne,4289243,240,222,Shiva,Light,0,0,1d876b5e49c40cda49b1b7afdd305d4d_3fbff0e6b620e4d259dc427abc6574dafc0.jpg?1785843145,Platinum,11,0,SMN
Onox Farbane,43799244,241,223,Zodiark,Light,0,0,c322e9dd886e64c0365244e0b587448f_c274370774c6bc3483cc8740805f41bcfc0.jpg?1785842642,Platinum,9,1,WAR
Rainy Moody,18521804,242,224,Raiden,Light,0,0,4376b79862aa6ab1a2b37b54be8e3543_a370664d98f658f4ed4e620f378f73cdfc0.jpg?1785845477,Platinum,7,0,SAM
Only Zans,58389533,243,225,Ragnarok,Chaos,0,0,09b8154a2e83614f3bf922366c18009b_40d57ba713628f3f1ef5ef204b6d76d2fc0.jpg?1785843302,Platinum,3,0,WAR
Night Siren,46140840,244,226,Alpha,Light,0,0,5b2c854dc9360523ee7fcd5bfee41621_6132295fcf5570fb8b0a944ef322a598fc0.jpg?1785845536,Platinum,62,1,GNB
Vesper Lux,39986527,245,267,Phoenix,Light,0,0,3ffa8cf173ca00c6bd21dc61c1a7850f_5047bc596a4bab2dc7f7c120bb22dec5fc0.jpg?1785843465,Platinum,57,7,RDM
Vincent God,14069867,246,227,Phoenix,Light,0,0,7d8e17eab1b900c1741204dbf199eb48_5047bc596a4bab2dc7f7c120bb22dec5fc0.jpg?1785842893,Platinum,46,4,WAR
Calamity Hellfire,19991596,247,258,Alpha,Light,0,0,42b5f3e913fb3a618bbefaf561c46d0c_6132295fcf5570fb8b0a944ef322a598fc0.jpg?1785843882,Platinum,34,6,DRG
T'syl Mitnu,35875855,248,235,Twintania,Light,0,0,20f1860def433fa504db9aefe1d56299_c33f640c0cdd35f7def85b8aa31a0007fc0.jpg?1785845915,Platinum,24,1,MNK
Veritan Indaerus,21877909,249,229,Odin,Light,0,0,978a128ddf080c55e3afc742274d0c9f_644311b63b607133c989d7c1188467dafc0.jpg?1785845160,Platinum,2,0,DRG
Redoh Snowh,49540694,250,0,Raiden,Light,0,0,13dc68c6bc2ff0f782731ff1ab2f299f_a370664d98f658f4ed4e620f378f73cdfc0.jpg?1785844779,Platinum,1,0,SAM
Yuno Aiko,41057734,251,230,Zodiark,Light,0,0,1857c02309b39202502cb14a787bf0b4_c274370774c6bc3483cc8740805f41bcfc0.jpg?1785845867,Platinum,62,2,MNK
Heroica Sylverin,47701376,252,231,Raiden,Light,0,0,2b1f1bb1870af747aadf918421bb272c_a370664d98f658f4ed4e620f378f73cdfc0.jpg?1785845553,Platinum,49,0,WAR
Akito Kotomine,14113084,253,0,Cerberus,Chaos,0,0,6535eaee5701ca6c10beffbfc70273c9_777c57311d510ca65dac3c1077dee435fc0.jpg?1785845071,Platinum,44,27,SGE
Naralis A'roihan,35460975,254,234,Odin,Light,0,0,39833ac3dfdbb3ea64ab911763fea294_644311b63b607133c989d7c1188467dafc0.jpg?1785845427,Platinum,40,14,SCH
Hope Carmine,31931991,255,232,Odin,Light,0,0,4d5e5c176cb534aaf44e67236bf6c171_644311b63b607133c989d7c1188467dafc0.jpg?1785843197,Platinum,30,0,RDM
Medicine Melancholy,25525676,256,233,Raiden,Light,0,0,8a3aaef7e82e665cdb12f15457700593_a370664d98f658f4ed4e620f378f73cdfc0.jpg?1785845504,Platinum,28,0,RDM
Lo Enha,27971408,257,236,Moogle,Chaos,0,0,5236c7cc585f6b9213e6d33f05e78c61_d7a9d5f85a29d6278ec1c7adc2c8d242fc0.jpg?1785846020,Platinum,22,3,BLM
Yunalesca Amalthea,52854078,258,237,Raiden,Light,0,0,573907fa6acfc8a7b163dc467e2c130a_a370664d98f658f4ed4e620f378f73cdfc0.jpg?1785845573,Platinum,16,0,DNC
Sevii Ives,32840233,259,239,Spriggan,Chaos,0,0,53517e20a979543039424f8ff9a605ad_feaf0a2e88ff164813fbc9b85876fa48fc0.jpg?1785845191,Platinum,0,0,SCH
Freya Highwind,37533969,260,283,Spriggan,Chaos,0,0,de376c51fd21ccbb1018c1c3fb40734b_feaf0a2e88ff164813fbc9b85876fa48fc0.jpg?1785842824,Platinum,126,14,RDM
Arokh Belmont,11857777,261,265,Lich,Light,0,0,30aecf92630f3cecec4e116666981198_7206469080400ed57a5373d0a9c55c59fc0.jpg?1785843512,Platinum,80,15,DRK
Ash Zero,49368748,262,241,Shiva,Light,0,0,8c69f041cca72fdc1059bfc9f2f8ecc9_3fbff0e6b620e4d259dc427abc6574dafc0.jpg?1785846054,Platinum,77,4,BRD
Benedikta Cucumber,55428569,263,0,Sagittarius,Chaos,0,0,1091166e96bfe839d8a067a8fc27848a_44ca0844398b2d010d8cd4a31ddb023dfc0.jpg?1785845071,Platinum,48,26,SMN
Fay Fury,13801627,263,243,Alpha,Light,0,0,c8bf2d24d3b66a91e8891eb6b4043bd8_6132295fcf5570fb8b0a944ef322a598fc0.jpg?1785843272,Platinum,48,6,UNK
Vic Strider,53817077,263,242,Raiden,Light,0,0,64d68250fabd33e4972dcba2d2638d6c_a370664d98f658f4ed4e620f378f73cdfc0.jpg?1785844744,Platinum,48,0,WHM
Runa Hirose,42276879,266,244,Spriggan,Chaos,0,0,82f21bb31b18b6f717ac0c5ec6d93de1_feaf0a2e88ff164813fbc9b85876fa48fc0.jpg?1785845890,Platinum,46,7,SMN
Shin S'kai,21173308,267,247,Omega,Chaos,0,0,8e60f70d6d24f3bfcf57c73372d9836c_39e25ac3d737c46452305eefe324372cfc0.jpg?1785845159,Platinum,39,6,SAM
Teemo Grindvior,2770258,268,245,Ragnarok,Chaos,0,0,5278a534299ab25701c1bd34423d730e_40d57ba713628f3f1ef5ef204b6d76d2fc0.jpg?1785845060,Platinum,35,0,DRG
Ramnes Lafougere,27458334,269,246,Ragnarok,Chaos,0,0,084a724c3a596fd9be08d480bcd254d4_40d57ba713628f3f1ef5ef204b6d76d2fc0.jpg?1785844141,Platinum,34,0,SMN
Shatter Demon,22010455,270,0,Zodiark,Light,0,0,552384524ddb928e992447c140d7a9a3_c274370774c6bc3483cc8740805f41bcfc0.jpg?1785843057,Platinum,32,5,GNB
Shanks Haki,20417857,271,0,Louisoix,Chaos,0,0,01683c16881e9dfb6ce45ceb07293b70_0a122616f3718d3f45cab10fd8fc1604fc0.jpg?1785843694,Platinum,31,16,NIN
Jinu Saja,37557023,272,248,Louisoix,Chaos,0,0,ed18601452ec3c3b1def16f37ba89988_0a122616f3718d3f45cab10fd8fc1604fc0.jpg?1785842990,Platinum,28,0,UNK
Epiphany Eruyt,23090429,273,249,Lich,Light,0,0,eff479ee1ea70675f2380b47f87b2c8e_7206469080400ed57a5373d0a9c55c59fc0.jpg?1785843477,Platinum,24,1,WHM
Caragai Avagnar,12684852,274,250,Phoenix,Light,0,0,7b337c4d27b7d61d5bde4f5c6b8f951c_5047bc596a4bab2dc7f7c120bb22dec5fc0.jpg?1785846081,Platinum,20,4,SMN
Ino Based,41531397,275,291,Alpha,Light,0,0,ae8562754d31616305226909752bc4fd_6132295fcf5570fb8b0a944ef322a598fc0.jpg?1785842859,Platinum,19,7,VPR
Edgy Maincharacter,34503685,276,251,Omega,Chaos,0,0,bdffb22602f572e2ef683a1f09207b77_39e25ac3d737c46452305eefe324372cfc0.jpg?1785842645,Platinum,8,0,PLD
Zim Brinstar,3323527,276,0,Odin,Light,0,0,d0d1b1076e2c53eb8735b93bf975477c_644311b63b607133c989d7c1188467dafc0.jpg?1785843245,Platinum,8,5,RDM
Mats Luxed,36390152,278,0,Twintania,Light,0,0,4d98b4ef01ccfc9df166d83a5771a4ea_c33f640c0cdd35f7def85b8aa31a0007fc0.jpg?1785844774,Platinum,6,0,SGE
Schnurrsula Fluff,51217383,278,252,Alpha,Light,0,0,019cbc646bd2ecbd421e42d0b6d98585_6132295fcf5570fb8b0a944ef322a598fc0.jpg?1785844528,Platinum,6,0,UNK
Dacien Darlett,3339751,280,255,Odin,Light,0,0,0311b8a0924e142c3f1da4b81f645156_644311b63b607133c989d7c1188467dafc0.jpg?1785845179,Platinum,72,14,AST
Riku Yamamoto,50962515,281,254,Raiden,Light,0,0,2737e3393944ab82a3eec48071df16a8_a370664d98f658f4ed4e620f378f73cdfc0.jpg?1785845457,Platinum,64,2,DRK
Mimi Skykru,33956705,282,256,Phoenix,Light,0,0,5c8b2e44de3760f515d4623b4056e983_5047bc596a4bab2dc7f7c120bb22dec5fc0.jpg?1785844043,Platinum,50,0,SMN
Hex Me,33474528,283,259,Twintania,Light,0,0,9a101efdb226e330a61a1c1d4f73a726_c33f640c0cdd35f7def85b8aa31a0007fc0.jpg?1785843124,Platinum,22,0,MCH
Ye Jin,49057312,284,261,Alpha,Light,0,0,c230435310db6e112e461dbdcafe4cf0_6132295fcf5570fb8b0a944ef322a598fc0.jpg?1785843475,Platinum,20,8,UNK
Rain Nox,60193350,285,260,Lich,Light,0,0,c063b7c34350713be1ce7beabd8e946e_7206469080400ed57a5373d0a9c55c59fc0.jpg?1785844742,Platinum,17,0,SGE
Libitina Incarne,53924694,286,262,Phantom,Chaos,0,0,43b10121c131b468c3e5c5fe3569ab0e_f0a43d6e5eea19af337a176e9836acddfc0.jpg?1785843458,Platinum,9,0,WAR
Rei Morow,28187368,287,263,Raiden,Light,0,0,3f9c2b5b08b9fdb4c7d188d33979cea6_a370664d98f658f4ed4e620f378f73cdfc0.jpg?1785845245,Platinum,5,0,UNK
Seventh Prince,18364479,288,0,Sagittarius,Chaos,0,0,9a2048d77db61bfce83adaca7a3d20e6_44ca0844398b2d010d8cd4a31ddb023dfc0.jpg?1785845225,Platinum,2,0,DRG
Kai Ura,61051327,289,0,Alpha,Light,0,0,a616749d9bdfd00b6659f83dbb1c8a7f_6132295fcf5570fb8b0a944ef322a598fc0.jpg?1785845420,Platinum,95,11,WAR
Llev Dalsey,60826739,290,264,Phoenix,Light,0,0,c87b91570ec682454097470787c2600c_5047bc596a4bab2dc7f7c120bb22dec5fc0.jpg?1785843913,Platinum,89,7,WAR
Kurumi Asakura,34561424,291,266,Twintania,Light,0,0,8be0ddf7f3cdcf9face3329ba58a1cc8_c33f640c0cdd35f7def85b8aa31a0007fc0.jpg?1785844414,Platinum,59,8,MCH
Zel Tarren,27049179,292,287,Spriggan,Chaos,0,0,91194747cae63d7e136386c931670529_feaf0a2e88ff164813fbc9b85876fa48fc0.jpg?1785844244,Platinum,46,1,BLM
Ulysses Akechi,5483508,293,0,Shiva,Light,0,0,9b935972d4c7fc3e78e26c36ad341416_3fbff0e6b620e4d259dc427abc6574dafc0.jpg?1785842580,Platinum,23,5,DRG
Fig Bish,51129428,294,268,Sagittarius,Chaos,0,0,c71837c3e35206da4d22e995b7cfad54_44ca0844398b2d010d8cd4a31ddb023dfc0.jpg?1785845178,Platinum,21,2,SMN
Diarmuidia Ua-dibhne,60435376,295,268,Cerberus,Chaos,0,0,5d9b7dcb4848e335ad4a88c0dc644669_777c57311d510ca65dac3c1077dee435fc0.jpg?1785845696,Platinum,19,0,DRG
Zanzas Olta,23438927,296,270,Alpha,Light,0,0,7776729f1bc0f0c25a713fde32b1292f_6132295fcf5570fb8b0a944ef322a598fc0.jpg?1785843073,Platinum,17,4,BRD
Recklin Elv,39677497,297,0,Odin,Light,0,0,3c990f7c55a34985fb496735b20a6b10_644311b63b607133c989d7c1188467dafc0.jpg?1785843232,Platinum,11,0,DNC
Ai Ka',13500675,298,271,Ragnarok,Chaos,0,0,171f0ab92d0e928acdb718980be9c896_40d57ba713628f3f1ef5ef204b6d76d2fc0.jpg?1785846104,Platinum,5,3,FSH
Mystletainn Nadir,24684133,298,295,Cerberus,Chaos,0,0,faf29f764d2cf7afaab509b1a316c5d1_777c57311d510ca65dac3c1077dee435fc0.jpg?1785843008,Platinum,5,3,BRD
Myriil Elwarin,28020950,300,0,Phoenix,Light,0,0,5f029a92aa15a8f6626ca8f052c5824a_5047bc596a4bab2dc7f7c120bb22dec5fc0.jpg?1785844266,Platinum,2,0,GNB
Ciel Cocco,27192023,1,0,Anima,Mana,2086,0,05df3829299dc9e3c4ba0bceb512525a_2f698530a28d671d20278c8518c804c9fc0.jpg?1785845870,Omega,72,0,SGE
Vivi Ann,4766157,2,0,Kujata,Elemental,2080,0,9543e197b2faf03aa21058f9deedc408_72c48f093f2278ac3243962d3eb6a8d7fc0.jpg?1785845272,Omega,55,0,FSH
Hatozo Ito,39455624,3,16,Typhon,Elemental,2077,688,a2de1cbebb1230e8f11f0fa765df7d0f_32d8c9c7cd5f62d62da2d31b6750a680fc0.jpg?1785843884,Omega,26,10,WAR
Sorin Maki,53900927,4,3,Durandal,Gaia,2055,0,b0d4570e39585eb6b5ba7458ff8781a7_806ea5b45071d5cd6bf393e38462ee71fc0.jpg?1785844836,Omega,84,0,WAR
Ciao' Chu-ru,46227731,5,15,Asura,Mana,2042,584,4407462a62eb8cb31cec691e9f214c86_53f1445a9f28799a32ea55f046319fc3fc0.jpg?1785842729,Omega,62,11,UNK
Makina Belg,23683223,6,4,Belias,Meteor,2037,0,ffed281791b6f91e5a2000e4917cfeeb_894c4bd0beab2e2beb44b74f4c4bd206fc0.jpg?1785843134,Omega,94,0,MNK
Paker Zuka,35106373,7,12,Bahamut,Gaia,1954,383,1dfba22310e23cd21bd3a7481bf928e1_86da943caa70c8694707ab2ff74e68c9fc0.jpg?1785843222,Crystal,66,10,UNK
Kappi Scarlet,11922639,8,7,Asura,Mana,1942,188,820f32c739a02029fdacf6c96cbf1fa4_53f1445a9f28799a32ea55f046319fc3fc0.jpg?1785843062,Crystal,74,18,RPR
Emil Sarasun,7191072,9,5,Asura,Mana,1781,0,052a2527c0dee23533f8162c40d66898_53f1445a9f28799a32ea55f046319fc3fc0.jpg?1785842631,Crystal,56,0,WAR
Noin Kurial,23981966,10,6,Asura,Mana,1780,0,83830f722858537d3bbdd6afabacaa3d_53f1445a9f28799a32ea55f046319fc3fc0.jpg?1785844509,Crystal,44,0,PLD
Bakeke Bake,40527195,11,8,Asura,Mana,1720,0,2df47416611081755cf9e0cd7c586afa_53f1445a9f28799a32ea55f046319fc3fc0.jpg?1785843110,Crystal,71,0,SAM
Rya Myosotisy,44244496,12,9,Asura,Mana,1698,0,d39af5863481d80b66f4fe05bf80d003_53f1445a9f28799a32ea55f046319fc3fc0.jpg?1785845867,Crystal,40,0,MNK
Sensei Jyutusi,20995129,13,10,Chocobo,Mana,1676,0,218ddf1e9e095da9f0b9d5866f9f2d80_781d6b3603312f6be41670afa37282e0fc0.jpg?1785842705,Crystal,51,9,WHM
Kawlo Wilhelm,53079906,14,11,Ixion,Mana,1610,0,c9dcb47fbd9f0b8b6bf1b3ac91b2e802_7126768d768f6c6c7fed3eaee98c3a8afc0.jpg?1785843488,Crystal,28,0,UNK
Jay Eins,3930926,15,13,Chocobo,Mana,1494,0,31d212c5602873cad51c02ca3a1707f4_781d6b3603312f6be41670afa37282e0fc0.jpg?1785843241,Crystal,51,0,BRD
Death-by Glamour,50007656,16,14,Fenrir,Gaia,1465,0,73746aab8b21d5917fab43f4db6f35aa_d384cf5ad7db803f29799f36ebbc3eadfc0.jpg?1785842887,Crystal,39,0,UNK
San Sowa,35604125,17,0,Ridill,Gaia,1379,0,c5fbf3709fd6b4c8fba74f67e0820609_138751880f18161a907d7cf0faa43f07fc0.jpg?1785845125,Crystal,55,0,UNK
Seraki Matsushima,43566777,18,0,Ixion,Mana,1378,0,1e4675de3ee8e4d8e053dede59297104_7126768d768f6c6c7fed3eaee98c3a8afc0.jpg?1785843206,Crystal,23,3,PCT
Aries San,12460047,19,0,Tiamat,Gaia,1375,0,00a39e6a3c0cb6e9529ffdf15a10dadb_9f10d335198e90990f3437c5733468e7fc0.jpg?1785844119,Crystal,39,9,MCH
Ruru Rururun,41786182,20,33,Ifrit,Gaia,1374,296,3fd0ff0d0e58f6a761a54eebd33b7bc6_f9f796348bc43067c7242ec4551cde69fc0.jpg?1785844834,Crystal,61,8,UNK
Piccolo Saaaaann,23336998,21,20,Asura,Mana,1314,0,efa27fc6ea5fa0a09f429159c3346a0f_53f1445a9f28799a32ea55f046319fc3fc0.jpg?1785845726,Crystal,45,2,SAM
Karma Strife,3816037,22,21,Chocobo,Mana,1223,0,7a25293b17ff84c0c64a519d1fc09720_781d6b3603312f6be41670afa37282e0fc0.jpg?1785846158,Crystal,53,0,PLD
Basuta Kirito,31797927,23,34,Carbuncle,Elemental,1223,199,22b32c1986bb9c2732e5f877f7cbdbd6_9eb3c19866f7ae0eeeffac7bf770aba5fc0.jpg?1785842976,Crystal,35,4,VPR
Hoshino Ai,47933529,24,22,Titan,Mana,1220,0,82bad71f761726aa0a737f36447d9f50_e2bb3f9679fec6d4836fcf8abcc3eeacfc0.jpg?1785844437,Crystal,33,3,MNK
Fania Eckert,2837251,25,23,Titan,Mana,1216,0,7177d6fdd5036eebc72834f8376cd1cf_e2bb3f9679fec6d4836fcf8abcc3eeacfc0.jpg?1785845578,Crystal,98,22,PCT
Mialu Ebisuki,46975926,26,24,Masamune,Mana,1200,0,1d423fc6e7ae66c277f02b6bd29f5f15_134930215abb8a90ec37d6cc05b05e08fc0.jpg?1785843516,Crystal,25,0,MNK
Ml Tei,47822875,27,25,Alexander,Gaia,1200,0,259bd72e639c252e3e6ab819661c07a6_b7a71d8799cf6dd75b711a7f52de6675fc0.jpg?1785844091,Crystal,13,0,DRG
Nemu Nenemu,58833619,28,26,Anima,Mana,1195,0,4cdac6083f665767750f3c7804d18a24_2f698530a28d671d20278c8518c804c9fc0.jpg?1785843244,Crystal,70,0,RDM
Tango Ngo,47753273,29,125,Alexander,Gaia,1194,605,c8ff6406f324ec51842e0a491ba1e4fa_b7a71d8799cf6dd75b711a7f52de6675fc0.jpg?1785843375,Crystal,42,13,VPR
Imlink Rr,46726473,30,27,Bahamut,Gaia,1101,0,6c9ffcd32b7d78e8b7e09c63d130ef2a_86da943caa70c8694707ab2ff74e68c9fc0.jpg?1785843710,Crystal,93,30,MCH
Ura Ururu,59087727,31,0,Chocobo,Mana,1098,0,cbc6fb7e99cc3d57226a4684079c139c_781d6b3603312f6be41670afa37282e0fc0.jpg?1785845912,Crystal,14,0,BRD
Unchou Kan,1575311,32,28,Aegis,Elemental,1096,0,43eef415e4c92f6ff93b1d4dae6b7ab8_3ea38e723c590aabf186367e1eb7e6a1fc0.jpg?1785842705,Crystal,14,0,GNB
Aizen Sosuke,46625154,33,29,Asura,Mana,1095,0,084fe9c7ee753ba32657d9e49b4edde5_53f1445a9f28799a32ea55f046319fc3fc0.jpg?1785843243,Crystal,55,9,UNK
Aman Kaharmine,37434311,34,30,Belias,Meteor,1094,0,7fa9aa672753e286a5710cf338755727_894c4bd0beab2e2beb44b74f4c4bd206fc0.jpg?1785845863,Crystal,67,14,UNK
Hina Narumi,36489169,35,31,Masamune,Mana,1091,0,b92b3bffbe6d8e1f5f53a1f3735c1387_134930215abb8a90ec37d6cc05b05e08fc0.jpg?1785844136,Crystal,18,0,MNK
Tsuchi Tsuki,39089046,36,40,Bahamut,Gaia,1088,98,032858264c706c6341f57dbef9e86da1_86da943caa70c8694707ab2ff74e68c9fc0.jpg?1785842925,Crystal,12,1,DRK
Mundane Mann,42589754,37,32,Asura,Mana,1082,0,605c543ad4053338807ead77553c263b_53f1445a9f28799a32ea55f046319fc3fc0.jpg?1785843772,Crystal,19,3,PCT
Fuki Non,51302585,38,49,Titan,Mana,1002,107,99d46e5dfaf54e3a630e700cbd41968b_e2bb3f9679fec6d4836fcf8abcc3eeacfc0.jpg?1785845657,Crystal,20,5,WHM
Raiden Thorne,60267443,39,35,Tiamat,Gaia,1001,0,d973da1a88fef8b53bb1c5cad4ee7a1f_9f10d335198e90990f3437c5733468e7fc0.jpg?1785844224,Crystal,33,0,MNK
Lhei Tayun,55776060,40,36,Chocobo,Mana,998,0,d1e1c509f0fac227ceada972ddb424d4_781d6b3603312f6be41670afa37282e0fc0.jpg?1785844434,Crystal,19,0,BLM
Bikkuri Donkey,59256942,41,37,Belias,Meteor,997,0,96f62f47670d9d1c85e1a464d6f4da65_894c4bd0beab2e2beb44b74f4c4bd206fc0.jpg?1785845563,Crystal,15,0,PCT
Wuruwuru Yaya,19903532,42,38,Asura,Mana,995,0,c4dcc6326814217e41a2636e5dd8eea3_53f1445a9f28799a32ea55f046319fc3fc0.jpg?1785843799,Crystal,23,0,NIN
Shinra Arasaka,24734269,43,39,Tiamat,Gaia,991,0,2d735fa31b5cfcc7eabaae1839d0b731_9f10d335198e90990f3437c5733468e7fc0.jpg?1785842647,Crystal,18,1,WAR
Snow Albarn,25263326,44,104,Fenrir,Gaia,985,298,fa179c06d46acce251bb94d22a05e931_d384cf5ad7db803f29799f36ebbc3eadfc0.jpg?1785845762,Crystal,28,3,DNC
Wonton Starlight,27496660,45,161,Chocobo,Mana,984,498,8d6c3f0a6f695cdc94b9234b6c28be22_781d6b3603312f6be41670afa37282e0fc0.jpg?1785844785,Crystal,76,8,BRD
Vir Sanctus,38437893,46,41,Asura,Mana,981,0,e0afc9c178de541c5ba8a1afafa4bb02_53f1445a9f28799a32ea55f046319fc3fc0.jpg?1785843550,Crystal,26,0,SMN
Hateful Past,26237856,47,102,Asura,Mana,974,286,ed0c8f5d7b00b4c718fd834e96efdd7e_53f1445a9f28799a32ea55f046319fc3fc0.jpg?1785842653,Crystal,31,14,DNC
Rip Rill,726210,48,42,Gungnir,Elemental,923,0,1ed2cf8fd8dc78c1ec061d9bb9c45462_8f82f937943b6baf4c565020d5eba0ccfc0.jpg?1785842648,Crystal,62,8,WHM
Yuki Yui,25457703,49,85,Ultima,Gaia,910,207,53e27d2153b5d4878ef23b1326589ff5_9df1b3cb0da35db33c17ef11ddf12adafc0.jpg?1785843041,Crystal,59,8,PCT
Rex Cold,46340519,50,61,Bahamut,Gaia,910,104,5a590acfa6bbe6cddd1eb5143c7070f2_86da943caa70c8694707ab2ff74e68c9fc0.jpg?1785844679,Crystal,38,8,UNK
Suteiki Niku,21443132,51,141,Ixion,Mana,906,405,2f186f805d4bb29abd9458d61593b81a_7126768d768f6c6c7fed3eaee98c3a8afc0.jpg?1785844197,Crystal,85,13,WAR
Lycoris Read,35000546,52,43,Garuda,Elemental,905,0,01b7ec3219b5992bd6418e7f58d96f03_fcb1f5b0249d1069e5bdc66d0796f26afc0.jpg?1785842572,Crystal,74,12,MCH
Akatuki Re,22410327,53,62,Carbuncle,Elemental,905,100,b3e601fbc493d7bc642faec11f3c05fb_9eb3c19866f7ae0eeeffac7bf770aba5fc0.jpg?1785843146,Crystal,10,1,RDM
Sukoya Mihirogi,42042279,54,44,Anima,Mana,904,0,58dacb01c0c75e38125f892840beb026_2f698530a28d671d20278c8518c804c9fc0.jpg?1785842779,Crystal,35,16,NIN
Tatsumi Berserk,19183868,55,92,Ifrit,Gaia,899,202,54a616ddbe0b20dbfc773ec735961a62_f9f796348bc43067c7242ec4551cde69fc0.jpg?1785844151,Crystal,122,7,BSM
Aruku Babyun,7383311,56,45,Unicorn,Meteor,897,0,c2fa4e98c1f4638d053218fa4c127b4c_393eb74047bb90c8d80dea54218430eefc0.jpg?1785843136,Crystal,53,0,NIN
Chiaki Nanami,43953309,57,46,Titan,Mana,897,0,82751b490967f6572406e72b39592925_e2bb3f9679fec6d4836fcf8abcc3eeacfc0.jpg?1785845993,Crystal,9,0,SGE
Fennel Earltea,21886406,58,173,Typhon,Elemental,896,494,4e8f23f97ca17b02271d5d67829e204d_32d8c9c7cd5f62d62da2d31b6750a680fc0.jpg?1785845987,Crystal,64,22,SCH
Deisia Touna,31397456,59,47,Mandragora,Meteor,896,0,f9bdcbbd105a361017ee7dd26bde2ea6_ee738654add55c3d07ea92d8e108074cfc0.jpg?1785842922,Crystal,16,5,WHM
Kuno Cadenzavnaeve,42178142,60,48,Ifrit,Gaia,895,0,85baa25ca299e93ef56226f40814f03b_f9f796348bc43067c7242ec4551cde69fc0.jpg?1785845946,Crystal,40,1,MNK
Xignas Schwalbe,2577287,61,89,Anima,Mana,895,196,726f737868161a35f25fb4e06bccf08e_2f698530a28d671d20278c8518c804c9fc0.jpg?1785844915,Crystal,36,11,VPR
Coffee Mint,29415966,62,50,Titan,Mana,894,0,e5a147803c62c81952bc0c786dcfc3cb_e2bb3f9679fec6d4836fcf8abcc3eeacfc0.jpg?1785842594,Crystal,159,26,BLM
Jaeger Lecoultre,12503010,63,51,Carbuncle,Elemental,894,0,18c881fcad647894e4d32c9bf33662e3_9eb3c19866f7ae0eeeffac7bf770aba5fc0.jpg?1785843016,Crystal,10,0,WAR
Cait Sith,1574936,64,73,Tiamat,Gaia,893,99,fc4156170aa1fca8004a80238705e5cf_9f10d335198e90990f3437c5733468e7fc0.jpg?1785845577,Crystal,43,1,AST
Sha Moji,19121169,65,52,Carbuncle,Elemental,893,0,eb82915777eea0c952b2885bf59641d9_9eb3c19866f7ae0eeeffac7bf770aba5fc0.jpg?1785842894,Crystal,34,5,MCH
Amani Taru,13062779,66,297,Mandragora,Meteor,892,692,37294ee1ef2528b65e45560a5afed880_ee738654add55c3d07ea92d8e108074cfc0.jpg?1785844054,Crystal,15,14,AST
Zwei Kreuz,14516450,67,72,Bahamut,Gaia,892,97,367ea315b18ce50bb6f34a9ea77f3222_86da943caa70c8694707ab2ff74e68c9fc0.jpg?1785844950,Crystal,14,1,UNK
Sakura Nemutai,55109399,68,53,Titan,Mana,889,0,efa9ef6672998c8a9c860e5e104d6b3e_e2bb3f9679fec6d4836fcf8abcc3eeacfc0.jpg?1785844320,Crystal,43,4,SGE
Okome Justice,58734775,69,242,Durandal,Gaia,889,590,3589d26a22faffebd4c39812822aab8a_806ea5b45071d5cd6bf393e38462ee71fc0.jpg?1785843236,Crystal,16,10,VPR
Zero No'name,24180515,70,124,Titan,Mana,888,294,3f2ec2a99605ed4d05ef0e5bc0f3b8d4_e2bb3f9679fec6d4836fcf8abcc3eeacfc0.jpg?1785844187,Crystal,29,6,PLD
Rebecca Miyamoto,1030969,71,54,Masamune,Mana,886,0,256a66f24613cb496dae31eb2270d226_134930215abb8a90ec37d6cc05b05e08fc0.jpg?1785843158,Crystal,53,0,MCH
Taroe Kobuta,8734523,72,159,Kujata,Elemental,885,391,821347c202f7d7d6b676bd393bcdfdae_72c48f093f2278ac3243962d3eb6a8d7fc0.jpg?1785843877,Crystal,96,9,WAR
Zero Nox,2468417,73,79,Alexander,Gaia,885,100,d402005d8e26ea9d6b72ff80a5a60b9e_b7a71d8799cf6dd75b711a7f52de6675fc0.jpg?1785843704,Crystal,8,1,BRD
Lupinus Lily,33777966,74,55,Ultima,Gaia,883,0,6f019b443ab48375b1bcc5e5aa0debf9_9df1b3cb0da35db33c17ef11ddf12adafc0.jpg?1785845425,Crystal,30,0,GNB
Creya Oaks,20662074,75,56,Tonberry,Elemental,877,0,0fb57385ff1c90e3ea26edc53722b78c_7bb6b1e488f0e4f01c5314d010b60f31fc0.jpg?1785845191,Crystal,59,24,AST
Ajika Rajika,6811285,76,57,Tiamat,Gaia,830,0,97621d00c96124d00a3c01cec2dde5f8_9f10d335198e90990f3437c5733468e7fc0.jpg?1785842890,Crystal,35,0,UNK
Tige Noir,13429005,77,58,Ridill,Gaia,825,0,92cf71f8edc971b0656a49db62280b09_138751880f18161a907d7cf0faa43f07fc0.jpg?1785844560,Crystal,32,7,DNC
Atsu Bow,47953241,78,59,Mandragora,Meteor,813,0,a397b9893231105b4549ed9a8721c60a_ee738654add55c3d07ea92d8e108074cfc0.jpg?1785845437,Crystal,83,0,DRG
Naku Cha,51398763,79,106,Zeromus,Meteor,812,194,d1f355424cec05811e0f15dc0a707de5_c76848359d0b4d2f37aefbb9903ed97bfc0.jpg?1785845645,Crystal,14,4,NIN
Notttz Imbrium,50270248,80,60,Titan,Mana,806,0,58a87ecc9a18820b07646a481a8154a4_e2bb3f9679fec6d4836fcf8abcc3eeacfc0.jpg?1785845563,Crystal,31,0,BLM
Flame Lieutenant,27336347,81,63,Carbuncle,Elemental,802,0,d0817be17ae2ce45486a2e26ae5d06d6_9eb3c19866f7ae0eeeffac7bf770aba5fc0.jpg?1785843676,Crystal,43,13,AST
Uta Tubame,12421333,82,64,Zeromus,Meteor,802,0,4c1c1810ab77c61696ca66b0716fd309_c76848359d0b4d2f37aefbb9903ed97bfc0.jpg?1785843325,Crystal,25,4,PCT
Zsika Mu',18898369,83,65,Ridill,Gaia,802,0,ed7f8569bf4537dfd9f2ea953ad59e8a_138751880f18161a907d7cf0faa43f07fc0.jpg?1785842814,Crystal,15,0,UNK
Kageto Magatsuki,36052369,84,66,Ultima,Gaia,800,0,c99eebd98f0729313042324985a6fc9a_9df1b3cb0da35db33c17ef11ddf12adafc0.jpg?1785842610,Crystal,16,0,VPR
Lain Wired,1578110,85,91,Chocobo,Mana,799,101,51b29015827612eb3c28c2c8dd0f43ef_781d6b3603312f6be41670afa37282e0fc0.jpg?1785842635,Crystal,30,2,VPR
Yurugi Koyurugi,29769522,86,67,Belias,Meteor,798,0,ce65dfc48d522a7a126208d94cdc2852_894c4bd0beab2e2beb44b74f4c4bd206fc0.jpg?1785843133,Crystal,16,0,PLD
Roric Thorne,59323169,87,68,Pandaemonium,Mana,798,0,4ff669632484c5fdf241ea2b9f955435_470db1bf2e865f9130531fea40b61ee4fc0.jpg?1785842920,Crystal,10,0,DRK
Yu Haru,31526046,88,69,Hades,Mana,797,0,d1d463d935a459f76da24079cf48b932_a4730651230dd43cb129562a30d531aefc0.jpg?1785845577,Crystal,25,0,UNK
Velvet Shilky,15655369,89,70,Anima,Mana,795,0,988a0ec11e3b6bbbfc5478b0eab4b03f_2f698530a28d671d20278c8518c804c9fc0.jpg?1785844147,Crystal,36,0,DRG
Dodopita Pittan,3558680,90,71,Tiamat,Gaia,795,0,0c4178029dae08c0fcbe267d46034e76_9f10d335198e90990f3437c5733468e7fc0.jpg?1785844735,Crystal,24,0,SAM
Yuki Macaron-vanille,37997737,91,74,Ridill,Gaia,794,0,87df14febf49ad8a24a323b239fb3250_138751880f18161a907d7cf0faa43f07fc0.jpg?1785843615,Crystal,28,0,RDM
Bug Cut,48066025,92,75,Alexander,Gaia,794,0,eb099ae5ed67142ac0888bf755079790_b7a71d8799cf6dd75b711a7f52de6675fc0.jpg?1785843355,Crystal,12,0,BRD
Crystalline Conflict,56094564,93,76,Kujata,Elemental,791,0,dcae5be360cd5ac359780dd998fbbf57_72c48f093f2278ac3243962d3eb6a8d7fc0.jpg?1785843231,Crystal,29,0,UNK
Tarex Youva,26374295,94,77,Tonberry,Elemental,790,3,7dad78de32b2e7e31077d03f095a81ac_7bb6b1e488f0e4f01c5314d010b60f31fc0.jpg?1785844930,Crystal,57,3,PLD
Sidurgu Obsidian,17768556,95,103,Garuda,Elemental,786,98,19277f9e0fcd9432fb16b0e1cbad47a7_fcb1f5b0249d1069e5bdc66d0796f26afc0.jpg?1785843234,Crystal,15,1,BLM
Rariboy Xx,4660025,96,78,Garuda,Elemental,785,0,80b036f210d47467413b630ce1537551_fcb1f5b0249d1069e5bdc66d0796f26afc0.jpg?1785844869,Crystal,13,0,MCH
Oriental Art,1070191,97,80,Chocobo,Mana,783,0,d31830cb71830b425529f231f39e776b_781d6b3603312f6be41670afa37282e0fc0.jpg?1785844959,Crystal,63,4,SGE
Lil Latte,55025559,98,81,Anima,Mana,782,0,2d01c7e9c74b9faebdd6d9ece7c9eb4a_2f698530a28d671d20278c8518c804c9fc0.jpg?1785844247,Crystal,120,0,UNK
Lucie Blanc,4813641,99,214,Anima,Mana,721,404,9c05760085153887cf9c52f28861be7c_2f698530a28d671d20278c8518c804c9fc0.jpg?1785845060,Crystal,17,9,DNC
Erik Bural,20508529,100,168,Hades,Mana,713,310,2ca5bed0ca0e49f68c7ca14062e0bacc_a4730651230dd43cb129562a30d531aefc0.jpg?1785844867,Crystal,81,10,SMN
Comachi Dj,13425678,101,82,Hades,Mana,712,0,4983bf5b31ed2764865b5fd4a01a64a5_a4730651230dd43cb129562a30d531aefc0.jpg?1785843316,Crystal,49,14,NIN
Bronze Warrior,33944385,102,83,Alexander,Gaia,711,0,3a8559d847a626b7d8a2760ec13a73b5_b7a71d8799cf6dd75b711a7f52de6675fc0.jpg?1785844481,Crystal,41,0,WAR
Kamio Hoshi,51915197,103,84,Gungnir,Elemental,709,0,6b5003e9f40b5f1a448a1ba748afc9e5_8f82f937943b6baf4c565020d5eba0ccfc0.jpg?1785842797,Crystal,58,10,MNK
Monica Bryant,34559458,104,108,Garuda,Elemental,708,101,40cd2c4ca4c17623d5c27dfb19831017_fcb1f5b0249d1069e5bdc66d0796f26afc0.jpg?1785845927,Crystal,82,2,SMN
Shara Mura,40394634,105,86,Garuda,Elemental,703,0,00ee76cc1f13c8d3891aee16b0a97d91_fcb1f5b0249d1069e5bdc66d0796f26afc0.jpg?1785844009,Crystal,30,0,RDM
Sead Slendisch,27788989,106,87,Asura,Mana,701,0,c9bd1276c77cf644ce955ce68575aa37_53f1445a9f28799a32ea55f046319fc3fc0.jpg?1785843392,Crystal,19,0,SGE
Coo Yanky,32078480,107,177,Aegis,Elemental,701,300,a8d9117ca1289e0dd2db80714170a84e_3ea38e723c590aabf186367e1eb7e6a1fc0.jpg?1785845920,Crystal,13,6,SAM
Black' Cat,27132360,108,93,Ifrit,Gaia,700,3,25f0dd65be1cf71e9e26e0bcc0dc271f_f9f796348bc43067c7242ec4551cde69fc0.jpg?1785843503,Crystal,13,2,PLD
Zill Eleutheria,29944686,109,191,Bahamut,Gaia,699,301,5bfa3b1f24c51ccdffb53034db0ebae8_86da943caa70c8694707ab2ff74e68c9fc0.jpg?1785843443,Crystal,51,5,AST
Mao Caprice,32793338,110,88,Titan,Mana,699,0,101c8c73de660221dc8ad95fafa4ad3c_e2bb3f9679fec6d4836fcf8abcc3eeacfc0.jpg?1785842648,Crystal,49,4,PLD
Mitui Aset,29908583,111,90,Zeromus,Meteor,698,0,03c5c419a0ed40508b02b7656c3bc1e1_c76848359d0b4d2f37aefbb9903ed97bfc0.jpg?1785845811,Crystal,93,13,NIN
Furanzeska Sumeragi,8414050,112,126,Tonberry,Elemental,698,109,7300d72d23103eb5494b3e21bf99b3b6_7bb6b1e488f0e4f01c5314d010b60f31fc0.jpg?1785844132,Crystal,24,5,SMN
Omnigo Mnigo,49392372,113,94,Shinryu,Meteor,696,0,4ce1cddbe18eb8585879c43e5173c877_87b7d447f40b06dfc7228caf195f7dcffc0.jpg?1785845761,Crystal,28,3,DRG
Dome Violet,45179152,114,95,Masamune,Mana,695,0,a95c15ebd393e5497d6641d375ec02b1_134930215abb8a90ec37d6cc05b05e08fc0.jpg?1785842865,Crystal,42,7,BRD
Patricia Frankene,18106523,115,123,Ultima,Gaia,695,100,c545da9cb222915531dc1fa18623cb41_9df1b3cb0da35db33c17ef11ddf12adafc0.jpg?1785843973,Crystal,27,2,PLD
Hattori Kaze,57332259,116,96,Alexander,Gaia,695,0,2ec48d7f5caadae4f62dc2d1cdc75610_b7a71d8799cf6dd75b711a7f52de6675fc0.jpg?1785842704,Crystal,12,0,UNK
Yuki Amamiya,31666386,117,97,Asura,Mana,694,0,be0f5c48cd51ee52ae9fb5fbd908b45a_53f1445a9f28799a32ea55f046319fc3fc0.jpg?1785845746,Crystal,83,8,SMN
Saibi Wasabi,59415917,118,98,Garuda,Elemental,693,0,019ca60037f45abcd6d16fb450204162_fcb1f5b0249d1069e5bdc66d0796f26afc0.jpg?1785845299,Crystal,22,0,MCH
Lon Ron,18022042,119,99,Ixion,Mana,693,0,6f6a04c69339b65f6603faea5df0b1a6_7126768d768f6c6c7fed3eaee98c3a8afc0.jpg?1785845771,Crystal,19,0,BRD
Totoka Toka,40704377,120,100,Chocobo,Mana,691,0,3aafbe2ed09507936a8a2aa2a03e2207_781d6b3603312f6be41670afa37282e0fc0.jpg?1785842753,Crystal,59,11,BLM
Akki Noc,2298162,121,160,Alexander,Gaia,691,202,4a145f36c7316e0d32845d32af5e92bd_b7a71d8799cf6dd75b711a7f52de6675fc0.jpg?1785843227,Crystal,28,19,SGE
Kuros Mu,61049213,122,101,Pandaemonium,Mana,691,0,9e807a625f663b98bc3f5699b41c95e5_470db1bf2e865f9130531fea40b61ee4fc0.jpg?1785843636,Crystal,11,0,UNK
Pitty What,32924935,123,230,Durandal,Gaia,685,384,1ca1a6b980542985bc7d7cf818520e1f_806ea5b45071d5cd6bf393e38462ee71fc0.jpg?1785844434,Crystal,30,10,NIN
Lan Dame-celot,31839759,124,105,Ifrit,Gaia,681,0,c278e5b98fa396fbc950aeafdb5aaee8_f9f796348bc43067c7242ec4551cde69fc0.jpg?1785842797,Crystal,13,0,GSM
Umai Okawari,28809423,125,264,Zeromus,Meteor,677,388,603544c81055f8085a950feb781bee2a_c76848359d0b4d2f37aefbb9903ed97bfc0.jpg?1785845696,Crystal,9,6,SGE
Stardust Emilia,25988007,126,107,Hades,Mana,617,0,b805b54635a07b2d9710df33b9a946aa_a4730651230dd43cb129562a30d531aefc0.jpg?1785843088,Crystal,48,0,UNK
Nocturne Midnightblue,55368101,127,109,Asura,Mana,604,0,e9f7726a264875c782e0384932dbf161_53f1445a9f28799a32ea55f046319fc3fc0.jpg?1785844742,Crystal,11,0,RPR
Noir Eclair,2642862,128,110,Ultima,Gaia,602,0,18e63e62d7219f7b588f8c22739fa1ff_9df1b3cb0da35db33c17ef11ddf12adafc0.jpg?1785844176,Crystal,36,0,DRK
Yumichin Nekoangel,11505114,129,111,Chocobo,Mana,602,0,43e39ba4314b9f81eb1067f163d33ed5_781d6b3603312f6be41670afa37282e0fc0.jpg?1785844359,Crystal,6,0,PLD
Zero Vanettius,31180421,130,137,Tonberry,Elemental,601,99,dcc2410aaf3a239966f3c0881c2419fc_7bb6b1e488f0e4f01c5314d010b60f31fc0.jpg?1785844931,Crystal,75,3,MNK
Kotori Angel,11433233,131,112,Alexander,Gaia,601,0,249a60efd4f3f03c25a40a0c3c35d33f_b7a71d8799cf6dd75b711a7f52de6675fc0.jpg?1785843112,Crystal,23,0,DRK
Felious Nature,29878382,132,113,Garuda,Elemental,601,0,1fb8f30013241119bd3ec89439f23c39_fcb1f5b0249d1069e5bdc66d0796f26afc0.jpg?1785842858,Crystal,20,0,SAM
Nov Noa,56271994,133,114,Tiamat,Gaia,601,0,0711a53e252756264a473f2b53d53cad_9f10d335198e90990f3437c5733468e7fc0.jpg?1785842796,Crystal,14,0,SCH
Kirakira Akira,55531034,134,115,Typhon,Elemental,601,0,5934f798f998575286709c767ba05f59_32d8c9c7cd5f62d62da2d31b6750a680fc0.jpg?1785843202,Crystal,9,0,BRD
Nana Degu,42551273,135,116,Asura,Mana,601,0,f0ca36e4824faa31992738bb368e803c_53f1445a9f28799a32ea55f046319fc3fc0.jpg?1785842703,Crystal,8,0,DRG
Zumu Elect,11364414,136,117,Shinryu,Meteor,600,0,bd0b65a51fad6bef1e3c413041784da0_87b7d447f40b06dfc7228caf195f7dcffc0.jpg?1785842949,Crystal,27,0,VPR
Laviera Rose,60788095,137,119,Masamune,Mana,600,2,137281dbfd05a8698e1b5b46cb1d6d03_134930215abb8a90ec37d6cc05b05e08fc0.jpg?1785843042,Crystal,7,1,MNK
Avail Tec,46450631,138,229,Garuda,Elemental,599,298,174c8b1a79d654754078bef6b8c51067_fcb1f5b0249d1069e5bdc66d0796f26afc0.jpg?1785845175,Crystal,30,9,SAM
Hisui Yakumo,32307151,139,149,Anima,Mana,599,99,a17a433489499f7247bcab0b749c1710_2f698530a28d671d20278c8518c804c9fc0.jpg?1785845738,Crystal,29,19,BLM
Inx Chrono,21920611,140,118,Yojimbo,Meteor,599,0,83c01df24231dda93176c28e69768459_4a92c619bde4f34cfa77e05fef21ad85fc0.jpg?1785845133,Crystal,28,4,BRD
Boku Hide,61259881,141,0,Chocobo,Mana,599,599,2405cc4b75108a1384180ce7bafc3b98_781d6b3603312f6be41670afa37282e0fc0.jpg?1785843831,Crystal,22,12,MNK
Mily Sara,23911809,142,224,Aegis,Elemental,597,295,19086b376708852503d1ac9c2b293b8c_3ea38e723c590aabf186367e1eb7e6a1fc0.jpg?1785843995,Crystal,50,11,GNB
Eld Sentinel,21648379,143,120,Chocobo,Mana,597,0,95faa13a6cd8b866aec0724610f0cbee_781d6b3603312f6be41670afa37282e0fc0.jpg?1785845623,Crystal,33,0,MNK
Pero Noir,27109057,144,121,Ultima,Gaia,597,0,889b0b13f93f702d3df91ec97e272102_9df1b3cb0da35db33c17ef11ddf12adafc0.jpg?1785842926,Crystal,7,2,PCT
Lazulim Langheim,1644495,145,121,Ultima,Gaia,597,0,997660bb7160cf32fb6806926222d151_9df1b3cb0da35db33c17ef11ddf12adafc0.jpg?1785843540,Crystal,5,0,NIN
Eke Davis,29845306,146,240,Anima,Mana,594,295,e8727b43f9f5e480ba6cabe0e39a7a4a_2f698530a28d671d20278c8518c804c9fc0.jpg?1785845520,Crystal,40,12,DRG
Aeritte Ravel,41831914,147,221,Carbuncle,Elemental,593,290,56a646fd4b2eb086bf8c9d712567e62f_9eb3c19866f7ae0eeeffac7bf770aba5fc0.jpg?1785845105,Crystal,37,8,DRK
Lazuli Wing,40955023,148,155,Asura,Mana,592,94,9a25b0d5f7c6a97caeb2e0047aaeded8_53f1445a9f28799a32ea55f046319fc3fc0.jpg?1785845833,Crystal,10,5,UNK
Fuuga Reinfeldt,29495648,149,127,Unicorn,Meteor,583,0,4441cdfb6f60085397a6647656e86646_393eb74047bb90c8d80dea54218430eefc0.jpg?1785842789,Crystal,16,0,SCH
Zana'tan Stratos,7600570,150,128,Shinryu,Meteor,582,0,e3525c189345468c5a9b4b37cf4fcd3e_87b7d447f40b06dfc7228caf195f7dcffc0.jpg?1785843562,Crystal,6,0,WHM
Meilkea Inori,40934425,151,129,Aegis,Elemental,522,0,4c256b756b0f4f43b209ec71728dc0e2_3ea38e723c590aabf186367e1eb7e6a1fc0.jpg?1785844871,Crystal,99,7,UNK
Wabi Suke,1601102,152,130,Asura,Mana,517,0,355b0ae1cb512875c96e88afa06d36a7_53f1445a9f28799a32ea55f046319fc3fc0.jpg?1785843383,Crystal,21,0,NIN
Robs Wiz,47501636,153,131,Aegis,Elemental,511,0,24b0e4e155ae76da2a553003980ac156_3ea38e723c590aabf186367e1eb7e6a1fc0.jpg?1785842772,Crystal,38,7,DRG
Hyunsik Lee,59757026,154,297,Typhon,Elemental,511,311,d171f47402375bca99a35c72ebcb7e48_32d8c9c7cd5f62d62da2d31b6750a680fc0.jpg?1785844235,Crystal,7,6,DNC
Lucy Tave,5530448,155,132,Durandal,Gaia,507,0,fd7ea485d2ba7644c76c49d7b00fce24_806ea5b45071d5cd6bf393e38462ee71fc0.jpg?1785844136,Crystal,119,7,WAR
Holala Vvn,53437527,156,133,Durandal,Gaia,504,0,60894d30cd8e7f556c8f877555a9e623_806ea5b45071d5cd6bf393e38462ee71fc0.jpg?1785846150,Crystal,14,0,UNK
Endless Summer,36558820,157,134,Tiamat,Gaia,503,0,0079a66433e68b1f473c7487944a4d3d_9f10d335198e90990f3437c5733468e7fc0.jpg?1785845153,Crystal,61,0,PCT
Chisato Laetitia,56099994,158,135,Bahamut,Gaia,503,0,1ba731eb7e63c6a087133132bbb51418_86da943caa70c8694707ab2ff74e68c9fc0.jpg?1785845757,Crystal,21,0,UNK
Hoshikuz Siina,1173407,159,136,Tiamat,Gaia,503,0,f966bf2277aea0b0af7b96dbbca7abc1_9f10d335198e90990f3437c5733468e7fc0.jpg?1785842877,Crystal,18,0,SAM
Strawberry Hat,57505676,160,138,Tonberry,Elemental,502,0,5afb62c4e97465a42baa4dea913380fd_7bb6b1e488f0e4f01c5314d010b60f31fc0.jpg?1785844378,Crystal,58,0,PCT
Taro North,51784709,161,207,Durandal,Gaia,502,109,651dc89f9a8c4eebbec02f2488686ef7_806ea5b45071d5cd6bf393e38462ee71fc0.jpg?1785843587,Crystal,47,8,RPR
Zukasa Yatoh,8768354,162,226,Typhon,Elemental,502,200,4b9242a67c4aa4390facfa8e2028de4b_32d8c9c7cd5f62d62da2d31b6750a680fc0.jpg?1785845109,Crystal,24,5,DRG
Konegai Konegai,3277232,163,139,Masamune,Mana,502,0,3a445dba3d4d2882c60b55a59669971b_134930215abb8a90ec37d6cc05b05e08fc0.jpg?1785845938,Crystal,11,0,MCH
Super Gal,52139020,164,140,Bahamut,Gaia,501,0,2a20ce1a576737898f3290324b402cd6_86da943caa70c8694707ab2ff74e68c9fc0.jpg?1785843031,Crystal,123,11,RDM
Rekey Lazuline,7660930,165,142,Anima,Mana,501,0,a0f0f483db663160f06e9bfb698a808d_2f698530a28d671d20278c8518c804c9fc0.jpg?1785844856,Crystal,20,0,MNK
Melvien Granier,15127168,166,143,Mandragora,Meteor,501,0,f8b276b7da694e66d7a8c0e702a77495_ee738654add55c3d07ea92d8e108074cfc0.jpg?1785843432,Crystal,19,0,DRG
Nanna Shamash,29824400,167,144,Unicorn,Meteor,501,0,480461b43403f674360bd1de18eef8ba_393eb74047bb90c8d80dea54218430eefc0.jpg?1785845877,Crystal,7,0,DRG
Rinfia Rint,24291060,168,176,Durandal,Gaia,500,99,a0d48d9035ce8cb65db8d80e6f885428_806ea5b45071d5cd6bf393e38462ee71fc0.jpg?1785845918,Crystal,60,7,WHM
Elisa Wolframite,18964939,169,145,Hades,Mana,500,0,5582934bb6b94d50874d7d241225aa74_a4730651230dd43cb129562a30d531aefc0.jpg?1785844917,Crystal,40,0,AST
Go Mee,19423327,170,146,Ifrit,Gaia,500,0,a075edbb8331e7e875aae500a9e7a435_f9f796348bc43067c7242ec4551cde69fc0.jpg?1785845435,Crystal,25,0,GNB
Quina Quale,22357925,171,147,Chocobo,Mana,500,0,8e04161822614b18e307be12f4aecf1e_781d6b3603312f6be41670afa37282e0fc0.jpg?1785844499,Crystal,22,4,MCH
Rocca Eins,9996577,172,148,Ramuh,Meteor,500,0,3514d83d3edfa016528f0983c2dd39f2_410ddb5a66a2fcacf538bec5ea5d0291fc0.jpg?1785845874,Crystal,17,0,AST
Shion Amber,26147773,173,150,Unicorn,Meteor,500,0,e2ecf01d14ce449e8393bc3f5dfc57f4_393eb74047bb90c8d80dea54218430eefc0.jpg?1785842851,Crystal,6,0,AST
Ririca Rica,22451341,174,184,Valefor,Meteor,499,100,b82d75152d14ebf44db2622ef433b4f4_485f4777c38002871591fb54f27edc65fc0.jpg?1785843047,Crystal,65,9,RPR
Hak Elak,35740519,175,151,Ramuh,Meteor,499,0,b86c5618a66aa9349d3190d9ad84491f_410ddb5a66a2fcacf538bec5ea5d0291fc0.jpg?1785844427,Crystal,45,0,SGE
Lalala Lalaa,42488617,176,152,Garuda,Elemental,499,0,304385d0c9b61a485f766a1c92c09f29_fcb1f5b0249d1069e5bdc66d0796f26afc0.jpg?1785844084,Crystal,36,5,UNK
Momochi Thunder,9048595,177,180,Bahamut,Gaia,499,99,3ce0fcc40e818a0d134a6c043d2c09f5_86da943caa70c8694707ab2ff74e68c9fc0.jpg?1785843623,Crystal,29,1,ARM
Silanah Oh-mana,45502933,178,0,Titan,Mana,499,499,98f79f7d5e45485839d2a83be2a5ec49_e2bb3f9679fec6d4836fcf8abcc3eeacfc0.jpg?1785843354,Crystal,23,10,AST
Elfmum Saintrelmaux,47797645,179,192,Alexander,Gaia,499,101,4be3fea60d75388e0a0edd868bfb2eca_b7a71d8799cf6dd75b711a7f52de6675fc0.jpg?1785845385,Crystal,10,3,WAR
Torime Nico,26400369,179,153,Atomos,Elemental,499,0,dbb2fb17c00b9c7a6e6ca0a65c888ac6_cf768a751b1f5e355c2fd39a9ed91f3ffc0.jpg?1785845970,Crystal,10,0,FSH
Nyaruga Kyuruga,4962287,181,154,Atomos,Elemental,498,0,fb555ad539f0f8689a39c65513b388b2_cf768a751b1f5e355c2fd39a9ed91f3ffc0.jpg?1785845092,Crystal,39,9,WAR
Raiu Raneford,27730776,182,156,Masamune,Mana,497,0,94fa93c1c55d52ae764c88b6b3ae2bf5_134930215abb8a90ec37d6cc05b05e08fc0.jpg?1785846116,Crystal,87,16,AST
Mame Poporu,22836070,183,157,Ixion,Mana,497,0,a886d90317b0e4205db7046757e57e53_7126768d768f6c6c7fed3eaee98c3a8afc0.jpg?1785844463,Crystal,10,3,VPR
Espresso Book,1705640,184,269,Titan,Mana,496,290,e3207456b1067852817076083f66f25d_e2bb3f9679fec6d4836fcf8abcc3eeacfc0.jpg?1785845126,Crystal,72,7,AST
Asth Galleria,5330266,185,158,Pandaemonium,Mana,495,0,69f14cfe9aed20abab40d9c371b581d9_470db1bf2e865f9130531fea40b61ee4fc0.jpg?1785842720,Crystal,20,0,MCH
Aina The-end,44020286,186,208,Tiamat,Gaia,491,98,5de9f2cc82562b167fe84c1fcb425b92_9f10d335198e90990f3437c5733468e7fc0.jpg?1785844655,Crystal,25,2,SCH
Revi Kola,39228750,187,211,Ultima,Gaia,485,96,385da10c7487a4af698c3fe738df5488_9df1b3cb0da35db33c17ef11ddf12adafc0.jpg?1785842628,Crystal,41,5,DNC
Splitz Allure,11250991,188,162,Tonberry,Elemental,485,0,5df739fcece56728f620a7cd5b05392e_7bb6b1e488f0e4f01c5314d010b60f31fc0.jpg?1785845146,Crystal,8,0,PLD
Nao Fu,41247403,189,163,Shinryu,Meteor,412,0,cfc231e11fac22b1fb8d9d27cee48586_87b7d447f40b06dfc7228caf195f7dcffc0.jpg?1785843857,Crystal,11,0,AST
Lufefe Lufe,8829146,190,164,Mandragora,Meteor,407,0,91e252cc1edf40cc72e7912c50fbfde7_ee738654add55c3d07ea92d8e108074cfc0.jpg?1785846001,Crystal,24,0,DNC
Teka Etoile,25627481,191,165,Durandal,Gaia,406,0,20c4e02c3b7c11c6ceb68582c409ceb9_806ea5b45071d5cd6bf393e38462ee71fc0.jpg?1785843668,Crystal,37,2,SCH
Now Tarako,25271680,192,166,Belias,Meteor,406,0,238a3ddced202809c65eaecd03eda2d1_894c4bd0beab2e2beb44b74f4c4bd206fc0.jpg?1785844646,Crystal,29,0,MCH
Takesiba Musasino,29225556,193,209,Durandal,Gaia,404,15,5cacf8dd1a9dae9427de92b387913396_806ea5b45071d5cd6bf393e38462ee71fc0.jpg?1785842900,Crystal,71,10,NIN
God Moai,4474924,194,167,Atomos,Elemental,404,0,05f6a7a1f7ee2f6b156d711777e8411f_cf768a751b1f5e355c2fd39a9ed91f3ffc0.jpg?1785843812,Crystal,8,0,VPR
Shiman Chu,38475144,195,169,Yojimbo,Meteor,403,0,4cb93a24c937da83418345140d361e9b_4a92c619bde4f34cfa77e05fef21ad85fc0.jpg?1785845428,Crystal,19,0,SAM
Cherry Frappuccino,48257342,196,170,Tiamat,Gaia,403,0,c025aeb95c405240f96f361c7451b90a_9f10d335198e90990f3437c5733468e7fc0.jpg?1785846015,Crystal,15,1,SAM
Tiger Rutata,23825437,197,171,Asura,Mana,403,0,a69a7fd0c20bbbd51ddf7cc27af7921e_53f1445a9f28799a32ea55f046319fc3fc0.jpg?1785842995,Crystal,10,0,RDM
Merry Scrald,11886780,198,0,Belias,Meteor,403,298,7bfbd82582fd003bc514339935d874a7_894c4bd0beab2e2beb44b74f4c4bd206fc0.jpg?1785845944,Crystal,9,5,WAR
Kuro Nosuke,54408962,199,172,Valefor,Meteor,403,0,40234eee3a97e636df97858b8ba2422a_485f4777c38002871591fb54f27edc65fc0.jpg?1785844911,Crystal,7,0,UNK
En Avant,46371551,200,174,Belias,Meteor,402,0,d6c3784f3b06c119ae16dd725e2a2b6e_894c4bd0beab2e2beb44b74f4c4bd206fc0.jpg?1785843683,Crystal,41,2,GNB
Mimi Lilac,34297778,201,175,Chocobo,Mana,402,0,85d714107184fc9726edcd5c95b5aa6e_781d6b3603312f6be41670afa37282e0fc0.jpg?1785843282,Crystal,25,4,UNK
Hal Mooncalf,1608068,202,178,Pandaemonium,Mana,402,0,1442db9b14570e549c8f8dd3c9652403_470db1bf2e865f9130531fea40b61ee4fc0.jpg?1785843892,Crystal,4,0,MNK
Amaoto Amane,53619927,203,179,Durandal,Gaia,401,0,11fe39a3b3f0f6fd7e6600ee68e590c6_806ea5b45071d5cd6bf393e38462ee71fc0.jpg?1785843386,Crystal,10,7,NIN
Chi Pom,30745084,204,181,Hades,Mana,400,0,45d248e450c3623965da94fa0aa12a58_a4730651230dd43cb129562a30d531aefc0.jpg?1785844623,Crystal,6,0,DRK
Douglas Ward,32519646,205,182,Asura,Mana,400,0,5902010d301aa95176126fcdef0dc7c7_53f1445a9f28799a32ea55f046319fc3fc0.jpg?1785845104,Crystal,3,0,RDM
Rizih Raunghize,17975389,206,0,Ixion,Mana,399,200,5c6af35c589dc09bd3b1c96fa3775c14_7126768d768f6c6c7fed3eaee98c3a8afc0.jpg?1785845767,Crystal,110,3,SGE
Jin Walker,25662452,207,183,Hades,Mana,399,0,f3ff10f6b027a5423c3b035a420aad0e_a4730651230dd43cb129562a30d531aefc0.jpg?1785844725,Crystal,58,0,PLD
Walter Winston,3431710,208,187,Fenrir,Gaia,399,0,bee8390354426d2c1d42d687a0de29d5_d384cf5ad7db803f29799f36ebbc3eadfc0.jpg?1785845473,Crystal,22,8,WAR
Ui Thrix,39291749,209,186,Chocobo,Mana,399,0,08b70654c7812f561afc700e0756319a_781d6b3603312f6be41670afa37282e0fc0.jpg?1785843106,Crystal,19,4,PCT
Khelby Trickster,1496735,210,185,Gungnir,Elemental,399,0,fde8b59fda65550661c58e15a9026a06_8f82f937943b6baf4c565020d5eba0ccfc0.jpg?1785845334,Crystal,16,0,PLD
Satosan Fiftysix,26440218,210,232,Typhon,Elemental,399,98,0b17719ebd757aaebd8ff00d5d1bd6f5_32d8c9c7cd5f62d62da2d31b6750a680fc0.jpg?1785843525,Crystal,16,1,DRG
Lycan Roar,52059954,212,187,Titan,Mana,399,0,29dea1cc321c3f2275d537c23520e2b8_e2bb3f9679fec6d4836fcf8abcc3eeacfc0.jpg?1785843034,Crystal,14,0,UNK
Gentleman Vivikazu,387488,213,189,Durandal,Gaia,398,0,13ffee3a79f20a01faf5e0a91bd6c4ac_806ea5b45071d5cd6bf393e38462ee71fc0.jpg?1785844687,Crystal,81,12,SMN
Ren Yagami,2211036,214,190,Alexander,Gaia,398,0,006c10637b502eabcd0682b44d9ed93e_b7a71d8799cf6dd75b711a7f52de6675fc0.jpg?1785844262,Crystal,62,4,AST
Fio Waldstein,15536952,215,247,Chocobo,Mana,398,100,cad62c88f360d5d6d4f48b42b2e493d0_781d6b3603312f6be41670afa37282e0fc0.jpg?1785843778,Crystal,59,10,WAR
Regret Weise,15486920,216,0,Fenrir,Gaia,398,298,13172be4a1ad05d87f2b3a6e43f14d31_d384cf5ad7db803f29799f36ebbc3eadfc0.jpg?1785845938,Crystal,12,9,DRK
Wolten Rema,17758406,217,285,Yojimbo,Meteor,398,197,7f56f4547e5e3e1528ebc681d9618464_4a92c619bde4f34cfa77e05fef21ad85fc0.jpg?1785843748,Crystal,9,2,FSH
Minato Haruka,57459700,218,193,Asura,Mana,398,0,5f7508268722022e26bb9950825f7dea_53f1445a9f28799a32ea55f046319fc3fc0.jpg?1785845651,Crystal,4,1,WAR
White Lycoris,25503606,219,194,Ixion,Mana,397,0,1fd05d6baab5439d2c33292c473844fe_7126768d768f6c6c7fed3eaee98c3a8afc0.jpg?1785846147,Crystal,63,2,VPR
Kenafu Helga,19478437,220,195,Kujata,Elemental,397,0,2b6fcf4ad71a2a07c30eec648c59e7fc_72c48f093f2278ac3243962d3eb6a8d7fc0.jpg?1785843528,Crystal,44,4,UNK
Juta Bebe,19119522,221,196,Ultima,Gaia,397,0,cb47a4ffd8c28a12a61de0dd25af7752_9df1b3cb0da35db33c17ef11ddf12adafc0.jpg?1785845200,Crystal,27,2,UNK
Ripa Warrick,44033179,222,197,Fenrir,Gaia,397,0,42a47e1c0e32c9f818021cb7ac8799fc_d384cf5ad7db803f29799f36ebbc3eadfc0.jpg?1785843805,Crystal,20,5,PLD
Mister Alpheratz,34950496,223,198,Ixion,Mana,397,0,fdba356c4be03c92ffecec87e607f037_7126768d768f6c6c7fed3eaee98c3a8afc0.jpg?1785844067,Crystal,12,0,AST
Extra Mage,26831533,224,251,Garuda,Elemental,397,99,aed9bb13f4dad6a80690e4d58ee69af3_fcb1f5b0249d1069e5bdc66d0796f26afc0.jpg?1785843179,Crystal,4,2,DRK
Rech Leys,13839764,225,199,Asura,Mana,396,0,7bc422589ea337ab644d4bc829ed74bd_53f1445a9f28799a32ea55f046319fc3fc0.jpg?1785846009,Crystal,53,13,UNK
Aran Tyler,47478713,226,200,Zeromus,Meteor,396,0,601da8267e6037e1adc37928f1ab982b_c76848359d0b4d2f37aefbb9903ed97bfc0.jpg?1785845344,Crystal,37,0,SAM
Lyric Patii,51259192,227,254,Hades,Mana,396,99,6b4bffa1161617c1dff1d028e8909c0f_a4730651230dd43cb129562a30d531aefc0.jpg?1785844237,Crystal,28,3,PLD
Soujirou Seta,4110224,228,0,Tonberry,Elemental,396,296,7453a7542d76520abe9dd8dcc3572b78_7bb6b1e488f0e4f01c5314d010b60f31fc0.jpg?1785842771,Crystal,24,3,VPR
Ameri Vintage,18593970,229,293,Durandal,Gaia,396,196,c0bf3ab58baa16daff984a4e001409c3_806ea5b45071d5cd6bf393e38462ee71fc0.jpg?1785845516,Crystal,6,2,GNB
Merlin Emryss,51163079,229,201,Titan,Mana,396,0,6c3a26e8ea52d6775ebbad30debb56a9_e2bb3f9679fec6d4836fcf8abcc3eeacfc0.jpg?1785843202,Crystal,6,0,PLD
Miau Miau,56136129,231,0,Typhon,Elemental,396,0,29fb7f902766469dfd368189df45af1e_32d8c9c7cd5f62d62da2d31b6750a680fc0.jpg?1785844271,Crystal,4,0,NIN
Lina Azeym,40770368,232,202,Shinryu,Meteor,396,0,47824b3a1ec8a3dee12cfc35f97727f3_87b7d447f40b06dfc7228caf195f7dcffc0.jpg?1785844488,Crystal,3,0,UNK
Kotatu Mikan,22566283,233,203,Ifrit,Gaia,395,0,89896b33aefae0916b7c6eb21c27641e_f9f796348bc43067c7242ec4551cde69fc0.jpg?1785843964,Crystal,24,0,DRG
Tomomomo Momomo,25830708,234,204,Ramuh,Meteor,395,0,d1b6359fffbcc60e8bddc1120dc05d55_410ddb5a66a2fcacf538bec5ea5d0291fc0.jpg?1785843101,Crystal,9,0,DNC
Keith Hazeldine,50116081,235,205,Carbuncle,Elemental,395,0,a47831fd4e9b971cf9742a9afa4782f3_9eb3c19866f7ae0eeeffac7bf770aba5fc0.jpg?1785844761,Crystal,6,0,MNK
Rev Raven,8795859,236,206,Masamune,Mana,394,0,abddc6e80b0f6cbbb92006b7baab7d97_134930215abb8a90ec37d6cc05b05e08fc0.jpg?1785844836,Crystal,50,6,UNK
Oracle Trezavejo,15712017,237,0,Bahamut,Gaia,393,393,b4aa7ecb29192073338a2cc53603b062_86da943caa70c8694707ab2ff74e68c9fc0.jpg?1785845320,Crystal,23,7,MCH
Blari Taraba,29682913,238,266,Ultima,Gaia,393,179,8715585bf23b1871520e0b6c478fa049_9df1b3cb0da35db33c17ef11ddf12adafc0.jpg?1785845481,Crystal,20,4,DRG
Roud Mahu,3355785,239,282,Ixion,Mana,392,191,5ec00ff4b6711e2a189db7843e6ec84a_7126768d768f6c6c7fed3eaee98c3a8afc0.jpg?1785843034,Crystal,16,5,SAM
May Subki,52732583,240,0,Ultima,Gaia,391,291,0da0484900394eaa5535d15977c167b1_9df1b3cb0da35db33c17ef11ddf12adafc0.jpg?1785843107,Crystal,53,14,RPR
Rai Ashley,22492099,241,210,Ridill,Gaia,389,0,657a8b330b76d0887673be1e90642143_138751880f18161a907d7cf0faa43f07fc0.jpg?1785845870,Crystal,59,5,MNK
Yan Yan,3182501,242,212,Alexander,Gaia,388,0,5cd079575de2bd01f87a188c93738695_b7a71d8799cf6dd75b711a7f52de6675fc0.jpg?1785843302,Crystal,17,0,NIN
Kaede Felis,33728274,243,213,Typhon,Elemental,383,0,40686a32bf2ab631ff7e7677fc614cb3_32d8c9c7cd5f62d62da2d31b6750a680fc0.jpg?1785843632,Crystal,11,0,WAR
Ichigo Jasmine,57027122,244,215,Shinryu,Meteor,310,0,17fae3561e1e77d262d93652dbd0bdc4_87b7d447f40b06dfc7228caf195f7dcffc0.jpg?1785844057,Crystal,8,0,GNB
Iz Levmel,17594950,245,216,Garuda,Elemental,308,0,9e457ec4068931e92288544db8499aae_fcb1f5b0249d1069e5bdc66d0796f26afc0.jpg?1785844084,Crystal,17,0,PLD
Lilica Astadir,3503219,246,217,Valefor,Meteor,308,0,5af5f880cbf4a0fb2fc785912a217eae_485f4777c38002871591fb54f27edc65fc0.jpg?1785844480,Crystal,7,0,DRG
Yome Ex,58310901,247,218,Mandragora,Meteor,305,0,9c7e35fcf04992a0507f3e6cd8da7aa7_ee738654add55c3d07ea92d8e108074cfc0.jpg?1785842686,Crystal,76,5,SMN
Elosie Ue,46030616,248,219,Bahamut,Gaia,305,0,cdd278ec7274c3a04f790d4954079c53_86da943caa70c8694707ab2ff74e68c9fc0.jpg?1785845360,Crystal,33,0,MCH
Rokka Gallete,23609500,249,0,Kujata,Elemental,305,0,6cb05d39414f85c9977ed746371b9289_72c48f093f2278ac3243962d3eb6a8d7fc0.jpg?1785845011,Crystal,4,0,GNB
Miki Triode,8299904,250,270,Pandaemonium,Mana,304,100,c1667dda66d9bf6140e1aa1c18277ece_470db1bf2e865f9130531fea40b61ee4fc0.jpg?1785843355,Crystal,33,2,PCT
Pucchin Purin,7354553,251,233,Pandaemonium,Mana,304,3,68d5429c26ec05b2bdfda6492f66dbe0_470db1bf2e865f9130531fea40b61ee4fc0.jpg?1785845720,Crystal,4,1,DRG
Errer Errant,28706539,252,220,Asura,Mana,304,0,14833bd371ac70e05cffe6a03634bb61_53f1445a9f28799a32ea55f046319fc3fc0.jpg?1785843028,Crystal,2,0,MCH
Blono Bucciarati,1032560,253,252,Masamune,Mana,303,6,09c6f1afaf7cadf0758ca2863eb9a192_134930215abb8a90ec37d6cc05b05e08fc0.jpg?1785845790,Crystal,116,11,SAM
Planet Exploration,30755276,254,222,Ixion,Mana,303,0,b2df099dea56680a53bbc8588e28444f_7126768d768f6c6c7fed3eaee98c3a8afc0.jpg?1785845485,Crystal,12,1,PLD
Laru Gucchi,4772544,255,223,Durandal,Gaia,303,0,766e8af080f3aa6e38ee510dee4807b8_806ea5b45071d5cd6bf393e38462ee71fc0.jpg?1785845793,Crystal,4,0,AST
Lido Lado,2223211,256,225,Tonberry,Elemental,302,0,1dd86a058bfeb2fceaee84ec39d35535_7bb6b1e488f0e4f01c5314d010b60f31fc0.jpg?1785843192,Crystal,31,0,WAR
Arkius Valoth,41591311,257,227,Kujata,Elemental,302,0,1fea61fd35facbf36657070a68d166f2_72c48f093f2278ac3243962d3eb6a8d7fc0.jpg?1785843417,Crystal,12,0,MCH
He Ro,57048881,258,288,Ultima,Gaia,301,101,1988e9fc4df817df742388c245715b40_9df1b3cb0da35db33c17ef11ddf12adafc0.jpg?1785844388,Crystal,46,9,UNK
Lutris Enhydra,9941001,259,228,Tonberry,Elemental,301,0,293afe4d068e42cf5e4c79ea2023196b_7bb6b1e488f0e4f01c5314d010b60f31fc0.jpg?1785843597,Crystal,41,0,AST
Wriggle Nightbug,4274881,260,231,Chocobo,Mana,301,0,2ab37dc6168b1af1d1aff8ad35b1df94_781d6b3603312f6be41670afa37282e0fc0.jpg?1785845808,Crystal,16,0,SAM
Suika Suika,52343269,261,0,Gungnir,Elemental,300,300,1200bb92b17a23c163af77a61ab59372_8f82f937943b6baf4c565020d5eba0ccfc0.jpg?1785845003,Crystal,58,25,RDM
Dion Magnus,1559686,262,0,Durandal,Gaia,300,300,91593ad4939f54221e1d28f542192cc4_806ea5b45071d5cd6bf393e38462ee71fc0.jpg?1785844648,Crystal,46,13,PLD
Abby Knightley,6182062,263,0,Shinryu,Meteor,300,300,57c40f8b63ff3fd4389c2c8a1714bc6f_87b7d447f40b06dfc7228caf195f7dcffc0.jpg?1785845463,Crystal,36,7,BLM
Yuuki Swallowtail,32886185,264,0,Kujata,Elemental,300,200,712840b89db68c0862aff570eefb28c6_72c48f093f2278ac3243962d3eb6a8d7fc0.jpg?1785844672,Crystal,33,3,MCH
Black Panther,59002409,265,234,Tiamat,Gaia,300,0,20eb84b015793c7c00362417cc9f399b_9f10d335198e90990f3437c5733468e7fc0.jpg?1785843233,Crystal,22,0,DRG
Chiaki Gypsophila,3224896,266,235,Anima,Mana,300,0,0c1c9b9742117c64cf36776db0d75c97_2f698530a28d671d20278c8518c804c9fc0.jpg?1785843022,Crystal,6,0,DRG
Ame Azarashi,23141823,267,286,Durandal,Gaia,300,99,3169ff74c51973a08f1b5c47026339a9_806ea5b45071d5cd6bf393e38462ee71fc0.jpg?1785845472,Crystal,5,1,MCH
Oran Mand,33868814,268,236,Hades,Mana,300,0,a760edcaa98edd421652cb414516acd2_a4730651230dd43cb129562a30d531aefc0.jpg?1785843026,Crystal,3,0,BRD
Sakuya Sera,21835844,269,237,Durandal,Gaia,299,0,c3fa6f72151612aeca83a30e68f577e9_806ea5b45071d5cd6bf393e38462ee71fc0.jpg?1785843939,Crystal,100,7,WAR
Very Loooooooooooong,45433715,270,238,Anima,Mana,299,0,e7afe8b45f41457ea5316dab06e39a5b_2f698530a28d671d20278c8518c804c9fc0.jpg?1785842828,Crystal,47,0,UNK
Water Moon,61478393,271,239,Asura,Mana,299,0,51e6efe304824648e32eaf4120cc07d6_53f1445a9f28799a32ea55f046319fc3fc0.jpg?1785843156,Crystal,34,0,SAM
Ocha Mayo,39740843,272,0,Ixion,Mana,299,299,3701f55ea1acbbf295b1f0e41f4429ed_7126768d768f6c6c7fed3eaee98c3a8afc0.jpg?1785845532,Crystal,30,6,PCT
Korone Yubi,38334943,273,0,Yojimbo,Meteor,299,299,f96e46a75ff8692aefd4bf0841f4e177_4a92c619bde4f34cfa77e05fef21ad85fc0.jpg?1785845750,Crystal,24,9,SGE
Wysle Reht,1828472,274,241,Garuda,Elemental,299,0,5cbcf5ffdd71a5125b21ffcfc158e58d_fcb1f5b0249d1069e5bdc66d0796f26afc0.jpg?1785845342,Crystal,19,0,UNK
Desire Drive,5396012,275,243,Yojimbo,Meteor,299,0,4f60f8a5453f05522e828234043a6edb_4a92c619bde4f34cfa77e05fef21ad85fc0.jpg?1785844727,Crystal,3,0,DNC
Jikai Yokoku,52429272,275,243,Alexander,Gaia,299,0,f004ff0d7175c98ad62d4ed99995320e_b7a71d8799cf6dd75b711a7f52de6675fc0.jpg?1785846013,Crystal,3,0,SCH
Kikka Citrus,53089390,277,245,Atomos,Elemental,299,0,8765bf62151f00c040a35fcb21a9b74c_cf768a751b1f5e355c2fd39a9ed91f3ffc0.jpg?1785843627,Crystal,2,0,FSH
Toh Azima,40158266,277,245,Chocobo,Mana,299,0,13ddd0f5eea018a8b3258b557438ca77_781d6b3603312f6be41670afa37282e0fc0.jpg?1785843025,Crystal,2,0,DRG
Dee Jack,60388425,279,248,Ifrit,Gaia,298,0,a2c1d34590941ade3ad6e25cd2926cb5_f9f796348bc43067c7242ec4551cde69fc0.jpg?1785845453,Crystal,38,0,SAM
Genki Sunrise,17856651,280,249,Atomos,Elemental,298,0,b84defd5dc50cc992f4745d230a6cddb_cf768a751b1f5e355c2fd39a9ed91f3ffc0.jpg?1785844252,Crystal,32,3,UNK
Gobou Mekara,16295932,281,0,Chocobo,Mana,298,99,b0b05a15f0e0132f73d76efb146bb255_781d6b3603312f6be41670afa37282e0fc0.jpg?1785844856,Crystal,28,1,PLD
Cey Noqed,56239764,282,250,Anima,Mana,298,0,05a455503c1b9dc0712f50ad519d9d21_2f698530a28d671d20278c8518c804c9fc0.jpg?1785844151,Crystal,14,0,BLM
Gumi Mogumogu,27233700,283,0,Belias,Meteor,298,0,2892043c9fc3b5db1a38f7f74da0ff34_894c4bd0beab2e2beb44b74f4c4bd206fc0.jpg?1785845049,Crystal,4,0,UNK
Reina Candy,11073614,284,253,Shinryu,Meteor,297,0,08d2aeb8b4d75dee8963fbcfdee1bc9d_87b7d447f40b06dfc7228caf195f7dcffc0.jpg?1785846006,Crystal,29,0,MCH
Yuu San-san,54307183,285,255,Ifrit,Gaia,297,0,994981fbf9e1b2803b813723a4509624_f9f796348bc43067c7242ec4551cde69fc0.jpg?1785844626,Crystal,14,0,FSH
Tirumu Pirumu,31090405,286,256,Anima,Mana,297,0,24135dbec64e2f95240873c43ad18659_2f698530a28d671d20278c8518c804c9fc0.jpg?1785842899,Crystal,3,0,DRG
Junon Everlight,17200263,287,257,Ultima,Gaia,297,0,c9853ba0f4943819fd5f003c84f5ddb1_9df1b3cb0da35db33c17ef11ddf12adafc0.jpg?1785844848,Crystal,2,0,RDM
Kanata Nishiki,51518712,288,279,Ramuh,Meteor,296,95,f9a7a07121c24e16915fde21238b6fcf_410ddb5a66a2fcacf538bec5ea5d0291fc0.jpg?1785845592,Crystal,24,3,WHM
Mikall Nikall,27338323,289,258,Carbuncle,Elemental,296,0,e60a512b2d60c224cfd9c74b6449dffd_9eb3c19866f7ae0eeeffac7bf770aba5fc0.jpg?1785842948,Crystal,15,0,FSH
Jios Quartar,3179754,290,259,Tiamat,Gaia,296,0,e4a3c15118c1258c3c33b152cbada545_9f10d335198e90990f3437c5733468e7fc0.jpg?1785845251,Crystal,10,0,BLM
Morumi Rumi,5819525,291,0,Fenrir,Gaia,296,0,819c0240b9b23eef1ed8fc2d0f39d94f_d384cf5ad7db803f29799f36ebbc3eadfc0.jpg?1785845276,Crystal,3,0,UNK
Aria Canon,1030539,292,260,Pandaemonium,Mana,294,0,c643f10c86a1dec8fe0358a24454dab6_470db1bf2e865f9130531fea40b61ee4fc0.jpg?1785844897,Crystal,57,3,SGE
Webley Rehw-setlas,17882657,293,261,Ridill,Gaia,294,0,0a6d6dae107ba471df1b3d81c87b0a89_138751880f18161a907d7cf0faa43f07fc0.jpg?1785844274,Crystal,15,0,UNK
Yama Premium,42012398,294,262,Pandaemonium,Mana,293,0,365678fb124f0258a37df891fd0e6355_470db1bf2e865f9130531fea40b61ee4fc0.jpg?1785843452,Crystal,5,0,GNB
Kana Drouv,37418772,295,263,Mandragora,Meteor,293,0,556bea70c6c70acf776be4041d191d92_ee738654add55c3d07ea92d8e108074cfc0.jpg?1785845398,Crystal,4,0,NIN
Arurun Aru,4766853,296,0,Ixion,Mana,292,192,ef6167a3e733b6d5ca2166ef13d63a6d_7126768d768f6c6c7fed3eaee98c3a8afc0.jpg?1785843208,Crystal,47,3,WHM
Momikucha Ocojo,51451812,297,289,Ixion,Mana,290,90,52ebf8cad8e1a025e1469ada4534a0f2_7126768d768f6c6c7fed3eaee98c3a8afc0.jpg?1785842878,Crystal,34,3,UNK
Mila Scarlettt,6352963,298,265,Ifrit,Gaia,284,0,fff29974da6d3c8e0a99a4807e562f53_f9f796348bc43067c7242ec4551cde69fc0.jpg?1785844196,Crystal,5,0,UNK
Emotion Creep,49933002,299,267,Gungnir,Elemental,211,0,9fbb59a27d018625f559ed61097d64ab_8f82f937943b6baf4c565020d5eba0ccfc0.jpg?1785843228,Crystal,20,5,PLD
Tam Sin,26754914,300,268,Ultima,Gaia,208,0,4e875947aa4b95d1be857096f32d4ae8_9df1b3cb0da35db33c17ef11ddf12adafc0.jpg?1785843197,Crystal,5,0,SAM
Sanahi Keto,57330112,1,4,Hyperion,Primal,2077,495,6531a5f5216bf8e7efcdcf26e24615cb_57ae9ee5592123dd79c8912bf768cf99fc0.jpg?1785842951,Omega,44,12,VPR
Legendary Ash,10855248,2,1,Faerie,Aether,2064,0,6fd699132806b61c9dcb8613c3ae11a3_0e336ff6ad415f47233f0aaf127feac0fc0.jpg?1785843087,Omega,33,0,RDM
Vittorio Moretti,61421815,3,2,Diabolos,Crystal,1879,102,8c11f65c791a4f39ba7c716aeb6bc8d9_7b33d33ae3ecb996f778a5f67a6a0af6fc0.jpg?1785844484,Omega,95,17,RDM
Sylvie Chan,48678953,4,30,Brynhildr,Crystal,1715,895,14580705b6124b25ef19217300b4891f_d0a0f515a62457570c9b44997063e3c1fc0.jpg?1785842987,Omega,43,12,SGE
Miyu Moon,14522179,5,25,Mateus,Crystal,1692,795,3562f4cf44aad7d526acbf8fae3937b0_f0c52cc66e124fc2e641d7c21ab2ce79fc0.jpg?1785845069,Omega,29,11,SAM
Suhr Zarek,8876676,6,9,Balmung,Crystal,1619,412,c09e4087ccb76545f31b81fa5ca01485_7a573cbc0cda3a3dfc1795cb3d9f7b23fc0.jpg?1785844710,Omega,50,24,PLD
Barock Obama,52411158,7,3,Siren,Aether,1583,0,05a5459925b46dd9d074e273b24d5d27_58a84e851e55175d22158ca97af58a1ffc0.jpg?1785843851,Omega,102,23,VPR
Mavis Enyo,14769968,8,5,Excalibur,Primal,1578,0,00bced457c7cea8ae968197c61367bed_745baffc465480ed372e274d50318290fc0.jpg?1785845674,Omega,37,0,BTN
Fye Alanyk,48751064,9,6,Diabolos,Crystal,1474,178,d605d68b88b347dfdb8a9b9e6c3539d6_7b33d33ae3ecb996f778a5f67a6a0af6fc0.jpg?1785844702,Crystal,91,22,VPR
Meteor Moon,29693876,10,8,Rafflesia,Dynamis,1378,104,7f262df9422aa27c9dd850d004812561_2783886613347a4db0bed7524de1298ffc0.jpg?1785845601,Crystal,75,7,SGE
Terro Mctwisp,49469934,11,7,Leviathan,Primal,1291,0,4f22d821591ca7181ba2027974b77e2f_a91aae52cff9ef65932db06b150ffd47fc0.jpg?1785844633,Crystal,15,0,VPR
Myu Meow,9691497,12,10,Leviathan,Primal,1201,0,d925a41776719d761c94e8e32e5e7a0f_a91aae52cff9ef65932db06b150ffd47fc0.jpg?1785845461,Crystal,31,1,AST
Fulheart Grit,38212551,13,11,Balmung,Crystal,1184,0,4a4d99f967c37bf42bd739857921e360_7a573cbc0cda3a3dfc1795cb3d9f7b23fc0.jpg?1785845484,Crystal,34,3,MCH
Crow Meow,54328117,14,12,Jenova,Aether,1180,0,7eded062751a7f80f7f3d9fbe0ab8e34_ce736afe35e2ded4e46c4fd0659aef7efc0.jpg?1785842912,Crystal,23,0,DRK
Lillian Floresca,58646686,15,16,Diabolos,Crystal,1120,99,4855e798f71f9426ff66aa8bcfc65aed_7b33d33ae3ecb996f778a5f67a6a0af6fc0.jpg?1785844353,Crystal,43,1,UNK
Pvp Badboy,38919488,16,13,Sargatanas,Aether,1107,0,8833f678967938d2e79b8d993021ce3f_ba22853447012a24cee115315d6a5bebfc0.jpg?1785842931,Crystal,34,1,NIN
Bisukito Neko,32261082,17,14,Zalera,Crystal,1097,0,3462c7ee2de7556ca86498dc5214a7fb_8106f857613f8fb994b0be37b26ff4bafc0.jpg?1785845498,Crystal,38,0,UNK
Aibertain Mando,32541700,18,15,Jenova,Aether,1076,0,8dec967ad48c9a703018a7445740a7f3_ce736afe35e2ded4e46c4fd0659aef7efc0.jpg?1785845348,Crystal,81,3,MCH
Olivia Lugria,15149290,19,17,Sargatanas,Aether,1005,0,c230658574a9dc12a4eb6fae2e16ceb4_ba22853447012a24cee115315d6a5bebfc0.jpg?1785845919,Crystal,74,13,RPR
Nero Cor,51685882,20,18,Cactuar,Aether,1001,0,a53a1a6499997a089c36337bcc3ae46d_96ab1df8877c1f8ba6a89a39cccfd437fc0.jpg?1785843914,Crystal,53,13,MNK
Pekora Meow,37421725,21,19,Leviathan,Primal,999,0,dc85502f9baa330d5a15d3c0a6f002a0_a91aae52cff9ef65932db06b150ffd47fc0.jpg?1785843026,Crystal,65,1,SMN
Lucio Harundo,4012099,22,45,Leviathan,Primal,998,486,d042eff245eaa56c0b6989df68a99564_a91aae52cff9ef65932db06b150ffd47fc0.jpg?1785843063,Crystal,93,18,WAR
Rae Rea,58956664,23,20,Adamantoise,Aether,998,0,72766cccd8c79e6afd3055accfc559fa_1f5fd239b885860b7c2bfc72ad1d97effc0.jpg?1785843259,Crystal,13,0,MCH
Air Azure,41482862,24,32,Rafflesia,Dynamis,990,198,a32fc7c37974e2629ce594c455ff54a7_2783886613347a4db0bed7524de1298ffc0.jpg?1785844500,Crystal,26,2,WHM
Hrothmar Blackburns,28757856,25,21,Adamantoise,Aether,919,0,ba6405bac0d5b1fb489962984f0d9fb9_1f5fd239b885860b7c2bfc72ad1d97effc0.jpg?1785843647,Crystal,113,18,BLM
Haha Unless,35825889,26,33,Faerie,Aether,908,202,3c249691791cbe0f2fb3ccc230c9a4e4_0e336ff6ad415f47233f0aaf127feac0fc0.jpg?1785843502,Crystal,21,2,MCH
Celesse Archon,5403993,27,22,Midgardsormr,Aether,902,0,46c05696a375eb66cab3503bea79e4e4_5c8ecfbc673e1287a9b5e85423fe1657fc0.jpg?1785845629,Crystal,32,0,AST
No Buts,2234245,28,23,Zalera,Crystal,901,0,0d8b9ae74f55ea0ba374fa7b38b48862_8106f857613f8fb994b0be37b26ff4bafc0.jpg?1785843221,Crystal,56,0,BRD
Jay Vermillion,20310837,29,24,Adamantoise,Aether,898,0,ae2f157d9c523947744b038a73f77be6_1f5fd239b885860b7c2bfc72ad1d97effc0.jpg?1785842874,Crystal,47,0,SCH
Tomo Kote,38176817,30,26,Gilgamesh,Aether,889,0,e5d7502ad7f21874552a4fc21553ee9e_b937560c841465f7c4bc8eb47ea7948afc0.jpg?1785845331,Crystal,63,11,WAR
Death Reaps,8773483,31,27,Balmung,Crystal,883,0,265183f487ab7e0a5a5b3128ec29a82a_7a573cbc0cda3a3dfc1795cb3d9f7b23fc0.jpg?1785843844,Crystal,55,10,BRD
Rubedo Ginshi,15639088,32,28,Lamia,Primal,879,0,bbc5b3eb96e1a1691fb9abb344fc3217_4d9be17b5e1edc617052b4dbf4007875fc0.jpg?1785845938,Crystal,44,0,GNB
Uki Yo,50106047,33,29,Adamantoise,Aether,879,0,75e9983a4dd07e7e5de0ed1ac11a23fb_1f5fd239b885860b7c2bfc72ad1d97effc0.jpg?1785843276,Crystal,18,0,RPR
Sanguinius Smolblood,33489157,34,35,Kraken,Dynamis,795,96,461663ac9dfac06c5d61bc05d26ae652_049a956dfeb0eb2e19c417a1dde4d680fc0.jpg?1785843671,Crystal,20,5,GNB
Ahri Meow,42604315,35,31,Leviathan,Primal,794,0,99498e3de5cc49aacddccc855d4ee19d_a91aae52cff9ef65932db06b150ffd47fc0.jpg?1785843780,Crystal,13,0,WAR
Marci Meow,54739620,36,65,Balmung,Crystal,792,487,4ebc98a9ae6cf756ec75bc3db97f87f6_7a573cbc0cda3a3dfc1795cb3d9f7b23fc0.jpg?1785844738,Crystal,18,12,DRG
Merlin Emryss,9605720,37,34,Faerie,Aether,699,0,87179f28ae17956a4d43567dadf6ea60_0e336ff6ad415f47233f0aaf127feac0fc0.jpg?1785843508,Crystal,48,5,PLD
Silanah Sylphrena,45709349,38,50,Faerie,Aether,699,199,353d000e66ebf6b7715ff5998504f784_0e336ff6ad415f47233f0aaf127feac0fc0.jpg?1785846151,Crystal,14,2,AST
Kasai Kage,21886030,39,36,Adamantoise,Aether,618,0,6835735c490425c8a49d6889308a3484_1f5fd239b885860b7c2bfc72ad1d97effc0.jpg?1785843877,Crystal,14,0,NIN
Akari Tsuki,46655701,40,37,Adamantoise,Aether,608,0,08f7ffe45c1b134f99ea040b39ee2bdd_1f5fd239b885860b7c2bfc72ad1d97effc0.jpg?1785844444,Crystal,17,0,RPR
Momo Meow,50898775,41,0,Siren,Aether,606,0,6abf63b1f0755aa211bfd1dadc66e3b9_58a84e851e55175d22158ca97af58a1ffc0.jpg?1785845236,Crystal,8,0,PCT
Hilto Feltre,55076328,42,38,Sargatanas,Aether,605,0,4a850e1dbb7f6f3aeff5b21df6166f3f_ba22853447012a24cee115315d6a5bebfc0.jpg?1785844397,Crystal,36,4,WHM
Ivy Storm,61727582,43,58,Zalera,Crystal,604,202,27a648f77de0ff7a1a44539cbd062203_8106f857613f8fb994b0be37b26ff4bafc0.jpg?1785843287,Crystal,80,4,MCH
The Feast,46586541,44,72,Behemoth,Primal,602,302,db9e7409cc816f51307405b49c8b5713_be20385e18333edb329d4574f364a1f0fc0.jpg?1785844476,Crystal,30,7,UNK
Ham Baga,28276994,45,39,Balmung,Crystal,601,0,80672270fca68b3d3fa2f4c0b220427a_7a573cbc0cda3a3dfc1795cb3d9f7b23fc0.jpg?1785844545,Crystal,15,0,RPR
Yui Fins,46861659,46,40,Adamantoise,Aether,600,0,477904411f28cfd029518422146e02f0_1f5fd239b885860b7c2bfc72ad1d97effc0.jpg?1785844594,Crystal,117,20,PLD
Ash Ymir,58885179,47,41,Goblin,Crystal,599,0,9326f044cdbd54d081c76d88de6310e0_8e81e2940511f7152ba4462fe53e35b8fc0.jpg?1785844664,Crystal,56,2,SAM
Silvy Kaenbyou,45504540,48,42,Goblin,Crystal,598,0,3a856bd5c7e35d95f6afcc57be4321a1_8e81e2940511f7152ba4462fe53e35b8fc0.jpg?1785844844,Crystal,22,7,MCH
Nemx Eisenhorn,2244246,49,99,Excalibur,Primal,597,399,8d22c9821683049e16868ac1de65df41_745baffc465480ed372e274d50318290fc0.jpg?1785842718,Crystal,13,7,SGE
Kuina Kagetsu,36802695,50,43,Ultros,Primal,595,0,dd8ffbe11c53ea988c605c9c24157c59_c514cdcdb619439df97d906d4434ccc6fc0.jpg?1785843859,Crystal,33,6,SGE
Adrianne Lehman,335503,51,68,Jenova,Aether,591,289,9487d4bc6332e7a22c323a4ee321ffa1_ce736afe35e2ded4e46c4fd0659aef7efc0.jpg?1785845563,Crystal,61,8,MCH
Ryan Hoshiko,10323495,52,44,Lamia,Primal,589,0,b8f720f05e5314618bc7341f856d075d_4d9be17b5e1edc617052b4dbf4007875fc0.jpg?1785844755,Crystal,27,6,RDM
Azar Kaveh,16748899,53,46,Mateus,Crystal,518,8,1d25f3d1883510d8fd010504471516b8_f0c52cc66e124fc2e641d7c21ab2ce79fc0.jpg?1785842907,Crystal,65,14,MNK
Gongsun Qerel,38059779,54,49,Mateus,Crystal,506,4,015ef2d1ef8f18b0cf7fa0e646fa2d12_f0c52cc66e124fc2e641d7c21ab2ce79fc0.jpg?1785845415,Crystal,65,2,VPR
La Bubu,26625120,55,47,Diabolos,Crystal,506,0,733d34df72366760c6f44581681c9088_7b33d33ae3ecb996f778a5f67a6a0af6fc0.jpg?1785842648,Crystal,12,2,VPR
Alma Braver,729037,56,52,Goblin,Crystal,505,7,1d50d402d833734bf7f0d1fe6b3af5e8_8e81e2940511f7152ba4462fe53e35b8fc0.jpg?1785845736,Crystal,23,1,WHM
F'ool Pr'oof,27802292,57,69,Behemoth,Primal,504,202,07756f3cccf4cada3f3d40b5d44ef841_be20385e18333edb329d4574f364a1f0fc0.jpg?1785845042,Crystal,43,4,VPR
Zeta Salazar,44375733,58,48,Midgardsormr,Aether,503,0,4be3c205f3892cdbc09e8417ad6dbb68_5c8ecfbc673e1287a9b5e85423fe1657fc0.jpg?1785845976,Crystal,65,15,SAM
Doomballoon Dapingus,19169037,59,97,Diabolos,Crystal,503,305,e43cef91ca38a14de0e5bea2295ba9c0_7b33d33ae3ecb996f778a5f67a6a0af6fc0.jpg?1785845456,Crystal,39,10,RDM
Sparrow Hawk,50867063,60,64,Seraph,Dynamis,501,111,1253b18a592d2d3c5133e9b86ab20c5a_07fb0511053f398d1f2d6831e6a6b4c8fc0.jpg?1785843241,Crystal,15,7,DRG
Lelouch Masamune,12543299,61,51,Malboro,Crystal,498,0,711457fd66b589fb422ba4640a4826f0_2e97c13fdd593d15d543093f8a37b6f0fc0.jpg?1785843646,Crystal,70,0,SCH
Big Three,47754584,62,53,Zalera,Crystal,498,0,ef1725c11b5e975338a0b9d2fccdabfe_8106f857613f8fb994b0be37b26ff4bafc0.jpg?1785845731,Crystal,16,0,WAR
Aerika Meow,27836279,63,54,Faerie,Aether,495,0,cefa16e18644e0b625a0d52d2df514b9_0e336ff6ad415f47233f0aaf127feac0fc0.jpg?1785843866,Crystal,5,0,DNC
Im Dead,44727021,64,55,Balmung,Crystal,494,0,382bb5e8fe23a4e04750cfd29fa9f46c_7a573cbc0cda3a3dfc1795cb3d9f7b23fc0.jpg?1785845656,Crystal,20,0,VPR
Anti Luminosity,53824427,65,56,Marilith,Dynamis,490,0,345441c3ea324bf07484e7e6f1031ccc_bbfb28d5a9059cd0c768daf77ab29982fc0.jpg?1785846129,Crystal,76,19,RPR
Kylis Pendragon,36050245,66,165,Balmung,Crystal,413,413,6d0f4e4d3e36c9a4dd7fccd76f9effc3_7a573cbc0cda3a3dfc1795cb3d9f7b23fc0.jpg?1785845468,Crystal,71,16,RPR
Micro Uryade,37487800,67,57,Sargatanas,Aether,405,0,d9df4db31e4d391c99006db3caa4b5f9_ba22853447012a24cee115315d6a5bebfc0.jpg?1785844872,Crystal,9,1,RPR
Clara Green,44437004,68,0,Gilgamesh,Aether,400,400,9fdf7ee98ab3c5eb9220a6d31f045135_b937560c841465f7c4bc8eb47ea7948afc0.jpg?1785843298,Crystal,53,30,SCH
Ice Mage,56719413,69,103,Golem,Dynamis,399,207,20eb207dbce003e2fb1842e0c47aacc7_dd61c3dc259e5c43722e89409499b669fc0.jpg?1785844055,Crystal,37,10,BLM
Seto Mimyho,20943977,70,59,Behemoth,Primal,399,0,e0110a23ddcddf11cb8bf1e895c56d75_be20385e18333edb329d4574f364a1f0fc0.jpg?1785843428,Crystal,30,0,FSH
June Buggy,39873640,71,60,Brynhildr,Crystal,399,0,929fb7f3958e6f1fbc9e559d731c0108_d0a0f515a62457570c9b44997063e3c1fc0.jpg?1785842937,Crystal,22,0,PLD
Velvet Mordio,11975584,72,61,Exodus,Primal,399,0,78d6cff1cf5b31e96125819d9688bb5a_0cdf051c93865faa15cbc5cd3d2b69fbfc0.jpg?1785845051,Crystal,7,0,DRG
Roland Montpensier,27408688,73,62,Mateus,Crystal,398,0,f999e29fa2ab10f6ba02338f493e886b_f0c52cc66e124fc2e641d7c21ab2ce79fc0.jpg?1785845210,Crystal,8,0,DRK
Eyre Stahl,32745572,74,75,Maduin,Dynamis,396,97,0d24cf6e8f53fc59a993fd5e5311d4e0_7ff236346f6151d8a2c08fd0b4a0b806fc0.jpg?1785845110,Crystal,3,1,SAM
Size Difference,33536390,75,63,Sargatanas,Aether,392,0,770b5bd32a40e292765490f8e46eaf60_ba22853447012a24cee115315d6a5bebfc0.jpg?1785846100,Crystal,66,0,SMN
Dank Lollington,37820692,76,66,Exodus,Primal,304,0,2b6faafd9620689cd5e4222c96529aa5_0cdf051c93865faa15cbc5cd3d2b69fbfc0.jpg?1785845038,Crystal,18,0,MCH
Ethan Dumas,2337003,77,67,Zalera,Crystal,303,0,4363afb6aeff95a15293cf3907560f7b_8106f857613f8fb994b0be37b26ff4bafc0.jpg?1785843296,Crystal,41,0,RDM
Garu Kettle,7054871,78,70,Behemoth,Primal,301,0,e03f1b46663ddb8c150315a88c79c9f1_be20385e18333edb329d4574f364a1f0fc0.jpg?1785843526,Crystal,53,16,UNK
Ava Falafell,7835301,79,71,Cactuar,Aether,301,0,037dd67f6ab82aadfe3e7b3e4973d525_96ab1df8877c1f8ba6a89a39cccfd437fc0.jpg?1785842927,Crystal,18,0,WHM
Raiden Meow,60049984,80,82,Halicarnassus,Dynamis,301,95,82a7874a19aee552f4a0f8ff2b663dff_f2d324d722b28bbe681b2898bcdca8bffc0.jpg?1785846030,Crystal,13,7,MNK
Onion Little,37583983,81,73,Zalera,Crystal,300,0,59533d6fd2d0a8b58595bf860ae3f36a_8106f857613f8fb994b0be37b26ff4bafc0.jpg?1785843684,Crystal,13,0,CRP
Rin Denma,33178809,82,74,Gilgamesh,Aether,300,0,6c5bab6678d3c44b6e646bc8726eb9f9_b937560c841465f7c4bc8eb47ea7948afc0.jpg?1785842732,Crystal,3,0,UNK
Yozen Ballistar,24434537,83,89,Hyperion,Primal,300,0,087acc31d84823e50be37be0af3a3640_57ae9ee5592123dd79c8912bf768cf99fc0.jpg?1785842976,Crystal,2,0,BLM
Vann Healsing,6572,84,76,Coeurl,Crystal,298,0,e19ce452168669ef7abba0e26cc8ee4c_284358f8eb4efc9095914e46798c6ab3fc0.jpg?1785843369,Crystal,4,0,WAR
Yulia Lunaria,82714,85,77,Coeurl,Crystal,298,0,30d19e29baad4dfe064001a80a4466e1_284358f8eb4efc9095914e46798c6ab3fc0.jpg?1785843377,Crystal,3,0,WAR
Bigg Succ,14228989,86,78,Coeurl,Crystal,298,0,d833225ff74a6d00fc89b134cc155262_284358f8eb4efc9095914e46798c6ab3fc0.jpg?1785843392,Crystal,2,0,MCH
Phrosticus Maximus,51732834,87,108,Kraken,Dynamis,297,197,36921233b0c05085a501c86bb51f5633_049a956dfeb0eb2e19c417a1dde4d680fc0.jpg?1785842847,Crystal,67,10,NIN
Nero K'ten,6155374,88,79,Lamia,Primal,296,0,457604f04300faac0e52a053884e2bb7_4d9be17b5e1edc617052b4dbf4007875fc0.jpg?1785842593,Crystal,43,4,AST
Sitri Belladonna,44271644,89,80,Maduin,Dynamis,296,0,d5fba1e5169b57a308fb1ea60e3553cf_7ff236346f6151d8a2c08fd0b4a0b806fc0.jpg?1785844684,Crystal,37,5,RPR
Sarantsatsral Kha,26082962,90,87,Behemoth,Primal,294,94,f8735f190504d139ee16ec1a623371dc_be20385e18333edb329d4574f364a1f0fc0.jpg?1785845384,Crystal,7,4,BLM
Koifucius Dao-master,37165464,91,81,Exodus,Primal,292,0,030277d5215f88056127d2b9e88474e4_0cdf051c93865faa15cbc5cd3d2b69fbfc0.jpg?1785845610,Crystal,6,0,WHM
Gidding Mimid,9835761,92,83,Exodus,Primal,203,2,97296d489ec3afb5d7c65e3c6fa7fc05_0cdf051c93865faa15cbc5cd3d2b69fbfc0.jpg?1785842794,Crystal,44,6,NIN
Fire Strike,52397705,93,0,Kraken,Dynamis,202,0,b9c1021d4aa2ae66682e7904857161ed_049a956dfeb0eb2e19c417a1dde4d680fc0.jpg?1785845273,Crystal,12,0,RDM
Rusheel Vasscus,2314921,94,84,Adamantoise,Aether,201,0,a4248cc27f1d518fee3b2b12da021669_1f5fd239b885860b7c2bfc72ad1d97effc0.jpg?1785844022,Crystal,1,0,MNK
Aiberaint Mando,58601227,95,85,Faerie,Aether,200,0,b7621f9e3f9c7a33ce4acd4a392c3a41_0e336ff6ad415f47233f0aaf127feac0fc0.jpg?1785844880,Crystal,33,0,RPR
Xale Solace,52728205,96,235,Adamantoise,Aether,200,200,5272a5d5dea9738bb4a6638ac3f083d2_1f5fd239b885860b7c2bfc72ad1d97effc0.jpg?1785843374,Crystal,29,15,SAM
Crew Mate,58619876,97,93,Rafflesia,Dynamis,200,200,8fabef2de621b0cab9b478c17a74d44f_2783886613347a4db0bed7524de1298ffc0.jpg?1785846105,Crystal,10,5,UNK
P'roto Idola,35374628,98,86,Brynhildr,Crystal,200,0,a91ad9e8c6c6ddb0905cd9aa6cede8e3_d0a0f515a62457570c9b44997063e3c1fc0.jpg?1785843993,Crystal,5,0,DRG
Joe Biden',48592929,99,88,Seraph,Dynamis,200,0,c06fd69e6b294b74118f1a8ad5727f56_07fb0511053f398d1f2d6831e6a6b4c8fc0.jpg?1785845261,Crystal,2,0,UNK
Novical Astrea,42979170,100,90,Exodus,Primal,199,0,b638930bbe9987be79fa698126728549_0cdf051c93865faa15cbc5cd3d2b69fbfc0.jpg?1785844437,Crystal,22,0,RDM
Unagi Box,34773273,100,90,Cuchulainn,Dynamis,199,0,05a513d02b60c767bfb83440ab2d406b_b4a106e4893fd452df0001eaeecf9d7efc0.jpg?1785844132,Crystal,22,0,GNB
Raphtalia Solari,8126326,102,92,Adamantoise,Aether,199,0,baeca36f0f50dbb796496ea18e58ee30_1f5fd239b885860b7c2bfc72ad1d97effc0.jpg?1785845265,Crystal,6,0,SGE
Milly Mina,37964161,103,94,Cuchulainn,Dynamis,199,0,f3300c3e28b3c5b4a3767a587341831e_b4a106e4893fd452df0001eaeecf9d7efc0.jpg?1785844207,Crystal,3,0,FSH
Mits Suki,33204212,103,94,Famfrit,Primal,199,0,5bb063598970951b9c8c586bd4f0db1f_fce4949e615393e574f2d57134b31fc1fc0.jpg?1785845466,Crystal,3,0,MNK
Fain Doncel'aram,18921518,105,96,Jenova,Aether,199,0,99d5d58c7b97e260ff83d3d4b87a7103_ce736afe35e2ded4e46c4fd0659aef7efc0.jpg?1785845922,Crystal,2,0,MNK
Katka Kogoro,44461194,106,98,Behemoth,Primal,198,0,550a289a6fa63b9cd57149e22c1dbc72_be20385e18333edb329d4574f364a1f0fc0.jpg?1785843157,Crystal,8,0,UNK
Onigiri Bunny,7352884,107,100,Behemoth,Primal,197,0,382f2b7a0b15514c38a6e2d5af3d8014_be20385e18333edb329d4574f364a1f0fc0.jpg?1785843378,Crystal,1,0,UNK
Jin Mercer,31096690,108,156,Marilith,Dynamis,196,196,708b770d30658bbff6a84015d913b518_bbfb28d5a9059cd0c768daf77ab29982fc0.jpg?1785845678,Crystal,23,8,MCH
Ailbhe Costa,24483224,109,0,Golem,Dynamis,196,0,d2a07a324d29f192eabbae6adeb2462b_dd61c3dc259e5c43722e89409499b669fc0.jpg?1785844622,Crystal,1,0,UNK
Unit Two,9241194,110,101,Ultros,Primal,195,0,641de9f4edfaf7fe05a95460092c87ef_c514cdcdb619439df97d906d4434ccc6fc0.jpg?1785845025,Crystal,137,11,GNB
Boulder Beholder,10981587,111,102,Faerie,Aether,195,0,9de7d0362a3a832a7171bfe262bb5d94_0e336ff6ad415f47233f0aaf127feac0fc0.jpg?1785845949,Crystal,2,0,GNB
Lux Mas,23065843,112,104,Sargatanas,Aether,105,0,88a2ca0abf69b95b8d6893d740e04615_ba22853447012a24cee115315d6a5bebfc0.jpg?1785845916,Crystal,55,0,PCT
Labrys Roux,31449732,113,118,Ultros,Primal,103,3,b78d649d03beba97a36fa9eebc98afc4_c514cdcdb619439df97d906d4434ccc6fc0.jpg?1785843023,Crystal,23,2,AST
Erik Jormungandr,21053207,114,105,Balmung,Crystal,102,0,d279bad4f9c048ee2cb4310b2dabb453_7a573cbc0cda3a3dfc1795cb3d9f7b23fc0.jpg?1785845577,Crystal,5,1,DRK
Rail Ying,33252892,115,106,Famfrit,Primal,100,0,e9ae8b691e418ccccf35ebe11804f497_fce4949e615393e574f2d57134b31fc1fc0.jpg?1785843646,Crystal,144,28,RDM
R'ykard Runaris,61354646,116,146,Marilith,Dynamis,100,100,4923439f82008531e16a7f587c4b49aa_bbfb28d5a9059cd0c768daf77ab29982fc0.jpg?1785844030,Crystal,65,8,SCH
Aurora Aura,51466191,117,107,Coeurl,Crystal,100,0,6bf65747d41f881881af0d8d8ee83bb9_284358f8eb4efc9095914e46798c6ab3fc0.jpg?1785844932,Crystal,59,0,WHM
Lazy Bear,39566180,118,112,Faerie,Aether,100,0,a07cf0c35d5a78a5a1b9ca16d6f41803_0e336ff6ad415f47233f0aaf127feac0fc0.jpg?1785844127,Crystal,57,21,MNK
Cain Molkoh,57323197,119,137,Goblin,Crystal,100,100,889deea7b0b76edd744a2b6fb24a09a1_8e81e2940511f7152ba4462fe53e35b8fc0.jpg?1785844224,Crystal,55,1,AST
Zerth Voldrin,14915863,120,109,Cactuar,Aether,100,0,81a8fef4d9feb3b13352e547c9dcf7d5_96ab1df8877c1f8ba6a89a39cccfd437fc0.jpg?1785844708,Crystal,48,0,DRK
Von Columbine,58381347,121,110,Gilgamesh,Aether,100,0,616328e702b2b2e8d452581d53ec9f88_b937560c841465f7c4bc8eb47ea7948afc0.jpg?1785844856,Crystal,42,0,BLU
Kris Lhea,39204335,122,0,Mateus,Crystal,100,0,982639accd39a2021d8f112bb5e763df_f0c52cc66e124fc2e641d7c21ab2ce79fc0.jpg?1785844242,Crystal,39,0,DRG
Sirkitten Wrath,24932332,123,111,Coeurl,Crystal,100,0,248a1e6798b3538fe783585b1686cadd_284358f8eb4efc9095914e46798c6ab3fc0.jpg?1785843857,Crystal,38,0,MCH
Tarex Youva,34244171,124,160,Behemoth,Primal,100,100,f62a1a6593a19abc7f2ade2191e57159_be20385e18333edb329d4574f364a1f0fc0.jpg?1785844148,Crystal,36,9,DNC
Freelili Baylili,41088797,125,113,Famfrit,Primal,100,0,2fd0edea93f7f1b96bfa59c24d04a2af_fce4949e615393e574f2d57134b31fc1fc0.jpg?1785845375,Crystal,34,1,DRK
Naeng Myeon,35393894,126,114,Jenova,Aether,100,0,e834ee8ccde5fd99424275ed75278f5b_ce736afe35e2ded4e46c4fd0659aef7efc0.jpg?1785843645,Crystal,28,0,SAM
Peregrine Lofte,21726171,127,115,Leviathan,Primal,100,0,351c30387c9048190075024c6b344ead_a91aae52cff9ef65932db06b150ffd47fc0.jpg?1785845528,Crystal,26,0,WHM
Thamiel Blade,11845109,127,191,Malboro,Crystal,100,100,80ba6f7aa26a72c98ebf41b210be27be_2e97c13fdd593d15d543093f8a37b6f0fc0.jpg?1785842915,Crystal,26,9,SMN
Snowsteps Frozenheart,25431273,129,116,Siren,Aether,100,0,3e9412aba214d5dab23b4cdfc8b81294_58a84e851e55175d22158ca97af58a1ffc0.jpg?1785846099,Crystal,25,0,DNC
Zolzayaa Noykin,34804380,129,116,Balmung,Crystal,100,0,ff773bbf0388cc8a61ac7c87e78f978f_7a573cbc0cda3a3dfc1795cb3d9f7b23fc0.jpg?1785843863,Crystal,25,0,BLM
Minato Maki,53819658,131,118,Excalibur,Primal,100,0,03c1d1dc5b9a30317518ec9a30c301ab_745baffc465480ed372e274d50318290fc0.jpg?1785844824,Crystal,21,0,MNK
Nonoha Noha,32959229,131,134,Balmung,Crystal,100,100,d9c4977477ddfaebc0c2204729f692f9_7a573cbc0cda3a3dfc1795cb3d9f7b23fc0.jpg?1785845752,Crystal,21,3,VPR
Vaeltis Nyght,16404977,131,118,Famfrit,Primal,100,0,0caba4911a7521943ad38550f8faec63_fce4949e615393e574f2d57134b31fc1fc0.jpg?1785842631,Crystal,21,0,GNB
Navori Valois,48622291,134,121,Adamantoise,Aether,100,0,4facdc408c9ad771bc52001d3c82fa9f_1f5fd239b885860b7c2bfc72ad1d97effc0.jpg?1785842765,Crystal,18,0,SGE
Tegridy Weed,3469679,134,121,Midgardsormr,Aether,100,0,96f7b1ca58cffc2cdcbb1df90d116807_5c8ecfbc673e1287a9b5e85423fe1657fc0.jpg?1785844601,Crystal,18,0,PLD
A'kena Themis,30488636,136,123,Cuchulainn,Dynamis,100,0,0dfbdcebc19679eb813e05521b4bc587_b4a106e4893fd452df0001eaeecf9d7efc0.jpg?1785845495,Crystal,16,0,SAM
Reina Crowley,19324150,136,123,Malboro,Crystal,100,0,d8624175065ad845c6d16c7f8638cc12_2e97c13fdd593d15d543093f8a37b6f0fc0.jpg?1785842596,Crystal,16,0,UNK
Mash Buttons,12470854,138,163,Ultros,Primal,100,100,eec5508ec2ce3844fd62caa5b87a24d8_c514cdcdb619439df97d906d4434ccc6fc0.jpg?1785845291,Crystal,15,6,BRD
Master Zoknik,48144446,139,0,Balmung,Crystal,100,0,3c54e73f2ad7023aa3b173793f95c070_7a573cbc0cda3a3dfc1795cb3d9f7b23fc0.jpg?1785845653,Crystal,11,0,WAR
Naomi Hakoma,13697124,140,125,Halicarnassus,Dynamis,100,0,a6732f9cc34509a6761d618186e745fd_f2d324d722b28bbe681b2898bcdca8bffc0.jpg?1785843394,Crystal,10,0,ARM
Josh Trigiani,6965228,141,0,Lamia,Primal,100,0,22f547722b0454bc3b30d7f6a8ac5b0a_4d9be17b5e1edc617052b4dbf4007875fc0.jpg?1785843100,Crystal,8,0,PCT
Neo Dymium,33030676,141,126,Seraph,Dynamis,100,0,24be6098cf7acc2de169d92917d3299f_07fb0511053f398d1f2d6831e6a6b4c8fc0.jpg?1785842905,Crystal,8,0,WAR
Tio Tot,32427648,143,127,Jenova,Aether,100,0,b6b5f99e0b2c9878499873fdbe82cda3_ce736afe35e2ded4e46c4fd0659aef7efc0.jpg?1785844625,Crystal,7,3,ALC
Io Isana,33563057,144,128,Coeurl,Crystal,100,0,bb1bccc46bef2876072e2e7fa326fa12_284358f8eb4efc9095914e46798c6ab3fc0.jpg?1785842878,Crystal,1,0,PLD
Haley Autouria,105933,145,129,Coeurl,Crystal,100,0,8e6b9b10fc2e31af21e24fdaae151c61_284358f8eb4efc9095914e46798c6ab3fc0.jpg?1785843153,Crystal,0,0,UNK
Pinky Meow,59213242,145,129,Halicarnassus,Dynamis,100,0,9ac8bffaba88f1f4c7fe1238e6a7dcb0_f2d324d722b28bbe681b2898bcdca8bffc0.jpg?1785845349,Crystal,0,0,UNK
Dread Ross,4916315,147,131,Exodus,Primal,0,0,dafd63f0b3ce97e8283a4d153f0acd06_0cdf051c93865faa15cbc5cd3d2b69fbfc0.jpg?1785843681,Diamond,61,0,AST
Deadrise Mutambo,49340180,148,0,Diabolos,Crystal,0,0,05829ade005fe971a894d48d18963c4f_7b33d33ae3ecb996f778a5f67a6a0af6fc0.jpg?1785845467,Diamond,36,0,DRG
Banana Skye,48159675,149,155,Faerie,Aether,0,0,37d6f3f177181cc95ef2e697d25b0c85_0e336ff6ad415f47233f0aaf127feac0fc0.jpg?1785845076,Diamond,35,19,WHM
Johnny Rotten,60584717,150,132,Balmung,Crystal,0,0,16dd0eb6be877814ca22fed24fe6191d_7a573cbc0cda3a3dfc1795cb3d9f7b23fc0.jpg?1785844323,Diamond,33,0,DRG
Neo Zee',28714097,151,184,Balmung,Crystal,0,0,ecd9a08521dcc0c1872ac990f3a534b9_7a573cbc0cda3a3dfc1795cb3d9f7b23fc0.jpg?1785843682,Diamond,29,11,BRD
Neco-arc Myuri,1364925,152,133,Balmung,Crystal,0,0,45595754292a6e60dac91dc40349a619_7a573cbc0cda3a3dfc1795cb3d9f7b23fc0.jpg?1785844930,Diamond,23,0,UNK
Tc Sola,43984930,153,142,Zalera,Crystal,0,0,1bde011c1056c258b5456fb7d0f6283f_8106f857613f8fb994b0be37b26ff4bafc0.jpg?1785845743,Diamond,15,4,MNK
Karl Rex,48615049,154,143,Siren,Aether,0,0,a7f2129699ecb71e801871425b8cbc52_58a84e851e55175d22158ca97af58a1ffc0.jpg?1785845389,Diamond,140,26,AST
Tiny Sosig,16648383,155,136,Balmung,Crystal,0,0,47661dc0b135d6c15fadc46a3fa85816_7a573cbc0cda3a3dfc1795cb3d9f7b23fc0.jpg?1785844058,Diamond,69,13,NIN
Larxis Themage,9284703,156,135,Mateus,Crystal,0,0,f1440421e273892659981868cbc99f9b_f0c52cc66e124fc2e641d7c21ab2ce79fc0.jpg?1785844467,Diamond,66,5,MCH
Beef Testoserone,31210622,157,275,Lamia,Primal,0,0,8722cb428122ce685cf8b96a844468f3_4d9be17b5e1edc617052b4dbf4007875fc0.jpg?1785842984,Diamond,52,11,SMN
Rathais Gunnach,32955444,158,152,Brynhildr,Crystal,0,0,2a434eda7d82f52a4a70d056b83f2c27_d0a0f515a62457570c9b44997063e3c1fc0.jpg?1785844652,Diamond,37,7,SMN
Abel Catallus,20632128,159,138,Hyperion,Primal,0,0,a753917cbe6dc89a0ba41f10003a621d_57ae9ee5592123dd79c8912bf768cf99fc0.jpg?1785844063,Diamond,30,0,BLM
Eroison Chren,42575447,159,139,Ultros,Primal,0,0,d66c862181da18eea3335d6667510dc6_c514cdcdb619439df97d906d4434ccc6fc0.jpg?1785844348,Diamond,30,1,SCH
M' Twelve,36885704,159,141,Halicarnassus,Dynamis,0,0,0f10ff80520b725264b0aed8ac62d609_f2d324d722b28bbe681b2898bcdca8bffc0.jpg?1785842864,Diamond,30,6,UNK
Noel Bunny,5201676,159,148,Behemoth,Primal,0,0,c7f99603b6e09c43470bbabaed203add_be20385e18333edb329d4574f364a1f0fc0.jpg?1785844774,Diamond,30,4,UNK
Noraliza Aubyrn,32094068,163,140,Goblin,Crystal,0,0,8a18cbebe3a2fc2c4bc70809fec01623_8e81e2940511f7152ba4462fe53e35b8fc0.jpg?1785844646,Diamond,26,1,MNK
Kiitla Hundar,21600585,164,154,Brynhildr,Crystal,0,0,acff83df95bca2189584bd6af72e84ce_d0a0f515a62457570c9b44997063e3c1fc0.jpg?1785844599,Diamond,24,7,UNK
Aavlen Zo,32887243,165,286,Brynhildr,Crystal,0,0,2a3e3ea4d262cfdf8a2ee034b379b099_d0a0f515a62457570c9b44997063e3c1fc0.jpg?1785846162,Diamond,17,10,SMN
Azureal Grandeur,20448737,166,198,Marilith,Dynamis,0,0,fa989d1d00d58fc1b4171abefb5e22b7_bbfb28d5a9059cd0c768daf77ab29982fc0.jpg?1785844130,Diamond,16,6,SCH
Satoshi Itaori,52546108,167,238,Golem,Dynamis,0,0,1ecf4d8479fa0e8c3c4b6fe005108b6d_dd61c3dc259e5c43722e89409499b669fc0.jpg?1785846115,Diamond,9,6,SMN
Theory Ai,55206021,168,144,Leviathan,Primal,0,0,018be547248466158b1d0f9de4315340_a91aae52cff9ef65932db06b150ffd47fc0.jpg?1785844370,Diamond,118,19,SAM
Pravik Rhati,30628415,169,145,Zalera,Crystal,0,0,6f338ced5bbbd90812f4a17468f53684_8106f857613f8fb994b0be37b26ff4bafc0.jpg?1785844865,Diamond,81,14,SMN
Nanamie Namie,54007603,170,201,Seraph,Dynamis,0,0,0a2ba3a431605dbe05215a75dffd70e7_07fb0511053f398d1f2d6831e6a6b4c8fc0.jpg?1785845359,Diamond,48,7,SAM
Savard Qerel,20600432,171,159,Diabolos,Crystal,0,0,db0af86bd2eb90f70c42b9e65658aff2_7b33d33ae3ecb996f778a5f67a6a0af6fc0.jpg?1785844598,Diamond,40,1,WAR
Stephanie Dolla,28812314,172,151,Zalera,Crystal,0,0,d9051d9ee54d0e9f8178549cfed7d8cf_8106f857613f8fb994b0be37b26ff4bafc0.jpg?1785845115,Diamond,37,5,GNB
Fyoriah Aliapoh,44734635,173,147,Faerie,Aether,0,0,298901c71b421faa4612e0bbd9420820_0e336ff6ad415f47233f0aaf127feac0fc0.jpg?1785846055,Diamond,27,0,DNC
Cecils Lunas,39054438,174,149,Brynhildr,Crystal,0,0,4f553dbd79cfae0460c3d43b82171d15_d0a0f515a62457570c9b44997063e3c1fc0.jpg?1785845046,Diamond,22,0,SMN
Reed Diamond,7237831,175,150,Ultros,Primal,0,0,132bb33f336f4f3ae42c3cf9a96a11ad_c514cdcdb619439df97d906d4434ccc6fc0.jpg?1785843371,Diamond,39,0,MNK
Cleo Kaisuri,49507760,176,195,Hyperion,Primal,0,0,b3c346a088e9876c531a3dcecd6b78db_57ae9ee5592123dd79c8912bf768cf99fc0.jpg?1785842893,Diamond,26,12,BRD
No Bee,37102144,177,153,Lamia,Primal,0,0,5c741048df2befeb7f80a2b03bb02aee_4d9be17b5e1edc617052b4dbf4007875fc0.jpg?1785843690,Diamond,24,4,NIN
Rasan Sena,13544028,178,213,Kraken,Dynamis,0,0,70d1ba94bcbeff8a384f1e364b2ee863_049a956dfeb0eb2e19c417a1dde4d680fc0.jpg?1785846129,Diamond,14,10,UNK
Ajisai Sorano,7779796,179,0,Lamia,Primal,0,0,742c314aec62f1bf6c7c525c9cd64e78_4d9be17b5e1edc617052b4dbf4007875fc0.jpg?1785845592,Diamond,8,0,WHM
First Name,39082032,180,214,Gilgamesh,Aether,0,0,f61b7a515f332494dbc997024a22504d_b937560c841465f7c4bc8eb47ea7948afc0.jpg?1785843971,Diamond,126,18,UNK
Lolly Pops,11573609,181,157,Leviathan,Primal,0,0,a38b4d4cbcfc624c56b5db6efb627dd2_a91aae52cff9ef65932db06b150ffd47fc0.jpg?1785843824,Diamond,52,0,MCH
Kanae Meow,36806118,182,158,Ultros,Primal,0,0,8969e8a0b518902a3996525f822b4701_c514cdcdb619439df97d906d4434ccc6fc0.jpg?1785844181,Diamond,47,0,WHM
Mika Makura,43900321,183,167,Sargatanas,Aether,0,0,08bc6e0e70d7337801784f174c698620_ba22853447012a24cee115315d6a5bebfc0.jpg?1785842868,Diamond,43,6,DNC
Teysa Montgomery,6201712,184,168,Cactuar,Aether,0,0,eb51f53fb1f2b23ee171b4e92895e9b4_96ab1df8877c1f8ba6a89a39cccfd437fc0.jpg?1785844427,Diamond,39,12,DRG
Gidson Brand,28304013,185,196,Goblin,Crystal,0,0,876c2dd63c77339205c6fe96b4bd3d82_8e81e2940511f7152ba4462fe53e35b8fc0.jpg?1785843271,Diamond,21,8,BLM
Dandy Lyon,9088850,186,161,Leviathan,Primal,0,0,5e652518b4930ff5cb411a5818760318_a91aae52cff9ef65932db06b150ffd47fc0.jpg?1785843535,Diamond,17,0,SAM
Mocha Sun,31799604,187,162,Coeurl,Crystal,0,0,3929588579c8d6631b5fe6a13edbb3dd_284358f8eb4efc9095914e46798c6ab3fc0.jpg?1785845273,Diamond,15,0,BRD
So What,33785359,188,174,Ultros,Primal,0,0,b0f894a94041f0bd4b241723ce815801_c514cdcdb619439df97d906d4434ccc6fc0.jpg?1785846048,Diamond,14,3,SMN
Nha-uwu John,47196895,189,177,Ultros,Primal,0,0,c74c6ed5858d763368f6267a128abb62_c514cdcdb619439df97d906d4434ccc6fc0.jpg?1785843074,Diamond,11,2,WAR
Scythe Horrorblade,32713598,190,164,Mateus,Crystal,0,0,43c41a5aa8d981f109e6d76f3347bd93_f0c52cc66e124fc2e641d7c21ab2ce79fc0.jpg?1785844051,Diamond,80,21,UNK
Oni Akuma,7300790,191,166,Gilgamesh,Aether,0,0,e8e098720e245711114b4614110261b5_b937560c841465f7c4bc8eb47ea7948afc0.jpg?1785845952,Diamond,58,7,MNK
Elphen Gura,2247953,192,169,Gilgamesh,Aether,0,0,292e135e4f46290be61b4699e8236363_b937560c841465f7c4bc8eb47ea7948afc0.jpg?1785845147,Diamond,25,0,SGE
Isabeau Yuki,56519813,193,170,Balmung,Crystal,0,0,f89033dd8180df3efc68a5b0f142cf25_7a573cbc0cda3a3dfc1795cb3d9f7b23fc0.jpg?1785843367,Diamond,24,0,SGE
Jenova Catgirl,56356925,194,171,Balmung,Crystal,0,0,fdd023d68fd7a60dd9109a3f33c74fb1_7a573cbc0cda3a3dfc1795cb3d9f7b23fc0.jpg?1785842872,Diamond,23,0,PCT
Orpheus Laine,29851207,195,172,Gilgamesh,Aether,0,0,5939235fbb052c79392d334cce14ca00_b937560c841465f7c4bc8eb47ea7948afc0.jpg?1785843254,Diamond,17,0,DRK
Ciel Sorrel,22647977,196,178,Zalera,Crystal,0,0,4feb2b2835b10561864f50a075fa571c_8106f857613f8fb994b0be37b26ff4bafc0.jpg?1785845092,Diamond,16,8,DRG
Silah Zetsku,53965328,197,173,Marilith,Dynamis,0,0,d2b4042f092dccb0d381fdc61afe74c3_bbfb28d5a9059cd0c768daf77ab29982fc0.jpg?1785845846,Diamond,13,0,MCH
Na In,32505635,198,176,Goblin,Crystal,0,0,6ad54caac94f2e89fe9d5acd94c2c145_8e81e2940511f7152ba4462fe53e35b8fc0.jpg?1785843115,Diamond,12,2,AST
Brian Ricardo,9364090,199,174,Adamantoise,Aether,0,0,c00688b4ac9b567c1a4de9d648fbbff4_1f5fd239b885860b7c2bfc72ad1d97effc0.jpg?1785845506,Diamond,11,0,AST
Gracidea Blossom,4573171,200,229,Lamia,Primal,0,0,12afdfb12aebd14365b3149875fee65f_4d9be17b5e1edc617052b4dbf4007875fc0.jpg?1785843502,Diamond,7,2,WHM
Cj Deux,23394493,201,179,Lamia,Primal,0,0,64702aeefa55d2931c531ddadd7964ea_4d9be17b5e1edc617052b4dbf4007875fc0.jpg?1785843533,Diamond,91,23,WHM
Saria Desolita,7318698,202,181,Exodus,Primal,0,0,b9d47f2d43e0c5bf6c608abae563f12e_0cdf051c93865faa15cbc5cd3d2b69fbfc0.jpg?1785845154,Diamond,54,9,AST
Shoujo Hime,18340055,202,0,Leviathan,Primal,0,0,c341075038058a45ef549f7bac1b9d25_a91aae52cff9ef65932db06b150ffd47fc0.jpg?1785844647,Diamond,54,16,AST
Kahram Ramses,38869479,204,0,Sargatanas,Aether,0,0,e0151847f1fbf8f013cad87949b4272c_ba22853447012a24cee115315d6a5bebfc0.jpg?1785844112,Diamond,52,11,DRG
Nana Shirogane,27492589,205,180,Lamia,Primal,0,0,3cda69c8242e3525a60690e884546ccd_4d9be17b5e1edc617052b4dbf4007875fc0.jpg?1785844688,Diamond,49,1,UNK
Nixacu Murubra,24114126,206,0,Lamia,Primal,0,0,68206034a86cf63bd8aecd714ae17955_4d9be17b5e1edc617052b4dbf4007875fc0.jpg?1785844868,Diamond,48,14,DRK
Amelia Snowy,57212337,207,233,Sargatanas,Aether,0,0,3201ddb4acea86a57af9b79aaa1252d9_ba22853447012a24cee115315d6a5bebfc0.jpg?1785845274,Diamond,33,9,DNC
Malachi Lights,12672217,208,182,Kraken,Dynamis,0,0,78c8b470bdf08206e10dc0aea773bc7c_049a956dfeb0eb2e19c417a1dde4d680fc0.jpg?1785842638,Diamond,31,0,DNC
Glowing Orchid,38774047,209,183,Siren,Aether,0,0,88f633924891d0f1c7e70d8b2684e821_58a84e851e55175d22158ca97af58a1ffc0.jpg?1785844625,Diamond,27,0,DNC
Kaede Obinata,32151196,210,245,Marilith,Dynamis,0,0,460d631b298c83b035fb70ac5669658d_bbfb28d5a9059cd0c768daf77ab29982fc0.jpg?1785844794,Diamond,21,3,RPR
Xion Fleur,45111165,210,283,Leviathan,Primal,0,0,91cc4c8c334d9404f523f324d4439d0a_a91aae52cff9ef65932db06b150ffd47fc0.jpg?1785846048,Diamond,21,9,DRG
Shiba Kotohime,43864312,212,185,Balmung,Crystal,0,0,03f0a4821e97ef1e04b4bc44363c30e3_7a573cbc0cda3a3dfc1795cb3d9f7b23fc0.jpg?1785844242,Diamond,13,1,BLM
Kale Crow,57973655,213,186,Excalibur,Primal,0,0,39e30189265e5cf770bddc1b87bdb349_745baffc465480ed372e274d50318290fc0.jpg?1785843808,Diamond,11,1,UNK
Diddly Gyatt,47133213,214,187,Excalibur,Primal,0,0,ccc0c02fa7582879eaf0559bd61758ec_745baffc465480ed372e274d50318290fc0.jpg?1785845511,Diamond,7,0,NIN
Eloza Ketsch,8667845,215,188,Malboro,Crystal,0,0,4414bb689fd8033d67e6821653f9a232_2e97c13fdd593d15d543093f8a37b6f0fc0.jpg?1785846033,Diamond,69,4,VPR
Mutilated Remains,15274725,216,217,Adamantoise,Aether,0,0,8f629073b22cd80f608068b9cfd406f3_1f5fd239b885860b7c2bfc72ad1d97effc0.jpg?1785842590,Diamond,42,7,DRG
Draiser Montblanc,32398472,217,194,Lamia,Primal,0,0,7815697ae034669b4e9620865400c384_4d9be17b5e1edc617052b4dbf4007875fc0.jpg?1785842934,Diamond,23,7,WAR
Lenpao Victus,30455513,217,189,Midgardsormr,Aether,0,0,6067c0a6b77debbd9a03665d4d13dd52_5c8ecfbc673e1287a9b5e85423fe1657fc0.jpg?1785844828,Diamond,23,0,UNK
Riki Gandrake,1558233,219,190,Balmung,Crystal,0,0,442f4df63f0df0c75d240ab042e3fcdb_7a573cbc0cda3a3dfc1795cb3d9f7b23fc0.jpg?1785844602,Diamond,20,0,RPR
Bean Waters,34305264,220,191,Famfrit,Primal,0,0,bcdcd97b24d4dfc6b3e643c8670b6f7c_fce4949e615393e574f2d57134b31fc1fc0.jpg?1785845355,Diamond,17,0,SCH
Kirishoto Azphina,7859003,220,191,Excalibur,Primal,0,0,c9689b4fc4af55f8366432b02c0ce55f_745baffc465480ed372e274d50318290fc0.jpg?1785842823,Diamond,17,0,SGE
Yos Sy,23664999,222,197,Jenova,Aether,0,0,01f58e6e2269085746fd0a5b6fe0e7f2_ce736afe35e2ded4e46c4fd0659aef7efc0.jpg?1785843868,Diamond,12,0,GNB
Claire Lamont,974282,223,216,Hyperion,Primal,0,0,4522bd271ee8879920f36521c2512945_57ae9ee5592123dd79c8912bf768cf99fc0.jpg?1785844893,Diamond,63,7,SGE
Vero Aeolian,4285889,224,200,Faerie,Aether,0,0,d9eafe2b41e79d18f8756442afe584da_0e336ff6ad415f47233f0aaf127feac0fc0.jpg?1785846152,Diamond,49,6,WHM
Jen Helstrom,25258759,225,199,Coeurl,Crystal,0,0,04eae21709a39e9beb00eaf137a9c920_284358f8eb4efc9095914e46798c6ab3fc0.jpg?1785844933,Diamond,44,0,SAM
Shinra Tatsuya,8648762,226,203,Gilgamesh,Aether,0,0,7dccb5e520b149afd2b044279fa8694e_b937560c841465f7c4bc8eb47ea7948afc0.jpg?1785844127,Diamond,30,3,GSM
Haley Comet,27668347,227,205,Cactuar,Aether,0,0,2b237658ff580795f602f2f1b6069a76_96ab1df8877c1f8ba6a89a39cccfd437fc0.jpg?1785844457,Diamond,29,9,BRD
Vicious Nouzen,42001229,228,221,Jenova,Aether,0,0,94ccc3f4ceffc2356f1ddd47d85ca9f7_ce736afe35e2ded4e46c4fd0659aef7efc0.jpg?1785844726,Diamond,27,7,GNB
Suziki Saiko,37802627,229,204,Zalera,Crystal,0,0,038df37d7a656c22a90167737f3a2ce9_8106f857613f8fb994b0be37b26ff4bafc0.jpg?1785844893,Diamond,22,0,GNB
Addison Reis,13331029,230,206,Balmung,Crystal,0,0,55155550ab0b2bf975a34a3d174dbb96_7a573cbc0cda3a3dfc1795cb3d9f7b23fc0.jpg?1785844756,Diamond,21,4,BRD
Lishenna Bloodborne,12882191,231,207,Ultros,Primal,0,0,99310d0cea042cd2f2464c5e5675b99b_c514cdcdb619439df97d906d4434ccc6fc0.jpg?1785843308,Diamond,16,0,UNK
Moochi Donut,55444411,232,208,Malboro,Crystal,0,0,dca338e65942b7706b09989cadfcca8e_2e97c13fdd593d15d543093f8a37b6f0fc0.jpg?1785845803,Diamond,11,0,UNK
Zypris Allsbane,13616095,232,208,Leviathan,Primal,0,0,8194751bb802fcd9691a7ee558040836_a91aae52cff9ef65932db06b150ffd47fc0.jpg?1785844229,Diamond,11,0,RPR
Denmo Mcstronghuge,1150717,234,210,Excalibur,Primal,0,0,bb33b9be77e28ab26ee6367ad6ba7cac_745baffc465480ed372e274d50318290fc0.jpg?1785845174,Diamond,9,0,BLM
Suho Thamasa,29478863,234,0,Hyperion,Primal,0,0,5a1f26eb5676742192b41e767e7e2071_57ae9ee5592123dd79c8912bf768cf99fc0.jpg?1785844046,Diamond,9,8,WHM
Mini Miki,48775956,236,211,Hyperion,Primal,0,0,f93a08a63d35da3273db5bd24d02c19b_57ae9ee5592123dd79c8912bf768cf99fc0.jpg?1785844641,Diamond,8,0,SAM
V'rahsa Yun,36482021,237,212,Diabolos,Crystal,0,0,33c355fce6bd87aedc5b77aaaf8aacd9_7b33d33ae3ecb996f778a5f67a6a0af6fc0.jpg?1785845430,Diamond,7,0,UNK
June Freyja,10894711,238,215,Brynhildr,Crystal,0,0,a53a85398b567470f54962e592f2684d_d0a0f515a62457570c9b44997063e3c1fc0.jpg?1785842917,Diamond,61,3,SAM
Greenage Hudson,17334864,239,218,Mateus,Crystal,0,0,8a24473a4118500340b8c827950bf0ee_f0c52cc66e124fc2e641d7c21ab2ce79fc0.jpg?1785843536,Diamond,48,14,SCH
Rin Ruki,59858100,240,219,Exodus,Primal,0,0,7ec8676537a0b3fff644be3f10ee7741_0cdf051c93865faa15cbc5cd3d2b69fbfc0.jpg?1785844444,Diamond,32,1,UNK
Bam Pepo,22678638,241,220,Adamantoise,Aether,0,0,8533b0fce359fe75fd8f831869cf110d_1f5fd239b885860b7c2bfc72ad1d97effc0.jpg?1785844609,Diamond,31,3,GNB
Sabe Kryze,21508368,242,222,Coeurl,Crystal,0,0,a0a944e1f5230b8ce9389d528bf274af_284358f8eb4efc9095914e46798c6ab3fc0.jpg?1785842849,Diamond,21,3,SMN
Glamour Police,42569529,243,223,Faerie,Aether,0,0,628a713ff9a3e9604964fec89696bc80_0e336ff6ad415f47233f0aaf127feac0fc0.jpg?1785842728,Diamond,13,1,MCH
Zeno Valor,31760602,243,0,Brynhildr,Crystal,0,0,24d26663d0ad0a92cf4971d7d5d58bd4_d0a0f515a62457570c9b44997063e3c1fc0.jpg?1785844675,Diamond,13,8,AST
Living Failure,41211137,245,224,Ultros,Primal,0,0,0944d31af8dc0ff0f4aef75057f6b371_c514cdcdb619439df97d906d4434ccc6fc0.jpg?1785844349,Diamond,10,0,RDM
Caster Ofhealz,54941141,246,226,Kraken,Dynamis,0,0,2d29fd1badb72853710b9cc7511f467f_049a956dfeb0eb2e19c417a1dde4d680fc0.jpg?1785843246,Diamond,8,0,WHM
Shimori Bunihara,50186185,246,226,Kraken,Dynamis,0,0,c7cd2842a29701e0963bf6d156392014_049a956dfeb0eb2e19c417a1dde4d680fc0.jpg?1785845092,Diamond,8,0,MNK
Kronus Seiza,16632226,248,228,Leviathan,Primal,0,0,c8377d23aa62d74fc81101b7ee744fdf_a91aae52cff9ef65932db06b150ffd47fc0.jpg?1785843281,Diamond,7,0,GNB
Nani Master,10383203,249,230,Mateus,Crystal,0,0,de54c545c647381e57b2345290468e46_f0c52cc66e124fc2e641d7c21ab2ce79fc0.jpg?1785843425,Diamond,68,0,DRG
Ane Mhakaracca,43679241,250,232,Balmung,Crystal,0,0,746256d82b3652ef93bbd475defb85ac_7a573cbc0cda3a3dfc1795cb3d9f7b23fc0.jpg?1785843753,Diamond,63,14,VPR
V'linh Tia,35736983,251,231,Hyperion,Primal,0,0,760e31f96b4d3b3534fcdc43c9564fab_57ae9ee5592123dd79c8912bf768cf99fc0.jpg?1785844652,Diamond,57,0,NIN
Galaxy Destroyer,60337447,252,234,Balmung,Crystal,0,0,962ec013c7ef29cf88c9502db64eea5f_7a573cbc0cda3a3dfc1795cb3d9f7b23fc0.jpg?1785843950,Diamond,22,0,UNK
Iron'chef America,8128303,253,262,Excalibur,Primal,0,0,0481201183ab89a2bd2f40a399e79d47_745baffc465480ed372e274d50318290fc0.jpg?1785845670,Diamond,19,13,PLD
I'm Die,4799967,254,236,Gilgamesh,Aether,0,0,c11aaa36c6d7b1b8376ea9c14a3c6f5f_b937560c841465f7c4bc8eb47ea7948afc0.jpg?1785843394,Diamond,12,0,SMN
Eris Valens,29017252,255,237,Ultros,Primal,0,0,843039b57a19bafbdba3c5235b6bb73b_c514cdcdb619439df97d906d4434ccc6fc0.jpg?1785843378,Diamond,9,0,AST
Zero Infinity,24892158,256,239,Leviathan,Primal,0,0,3e81b091ca7d58c24c56ff29d26ce657_a91aae52cff9ef65932db06b150ffd47fc0.jpg?1785844965,Diamond,77,0,GNB
Airi Aogane,46241895,257,0,Sargatanas,Aether,0,0,11367baad718b56f9682513d9430146d_ba22853447012a24cee115315d6a5bebfc0.jpg?1785843668,Diamond,71,20,GNB
Yuki Yozora,32275648,258,0,Faerie,Aether,0,0,bed164ee9535c02b6ea7cc8b5000c845_0e336ff6ad415f47233f0aaf127feac0fc0.jpg?1785844157,Diamond,48,7,SAM
Chronochaos Asura,1230012,259,0,Excalibur,Primal,0,0,16f01a0a9404158e87254af5dbe09328_745baffc465480ed372e274d50318290fc0.jpg?1785844316,Diamond,45,23,NIN
Celeste Aeternum,38129090,260,241,Adamantoise,Aether,0,0,76510814c4215ff9bd016e9313ee6e2c_1f5fd239b885860b7c2bfc72ad1d97effc0.jpg?1785843083,Diamond,42,8,MNK
Shoji Takamura,61762635,261,240,Jenova,Aether,0,0,d5049e0803da1f5700919b28fc756498_ce736afe35e2ded4e46c4fd0659aef7efc0.jpg?1785843537,Diamond,41,0,GNB
Dad Bear,25387302,262,0,Hyperion,Primal,0,0,f12b79f2ef02ef60bc572b806c7c07bf_57ae9ee5592123dd79c8912bf768cf99fc0.jpg?1785845742,Diamond,39,30,MIN
Vaal Hazak,26534863,263,242,Zalera,Crystal,0,0,7c44a75a2f3d57a9cd3b86235340939b_8106f857613f8fb994b0be37b26ff4bafc0.jpg?1785843147,Diamond,24,0,VPR
Communal Cheeks,27114083,264,243,Exodus,Primal,0,0,3fc08de400212f238f1a14efeb29b544_0cdf051c93865faa15cbc5cd3d2b69fbfc0.jpg?1785844204,Diamond,23,0,MCH
Windup Onslaught,57935688,265,244,Seraph,Dynamis,0,0,472008558216523eef45c0dcdabb67f8_07fb0511053f398d1f2d6831e6a6b4c8fc0.jpg?1785842983,Diamond,21,0,SGE
Horan Lou,38248988,266,246,Brynhildr,Crystal,0,0,3c88d2c3502bacefa5eb1e223a75217b_d0a0f515a62457570c9b44997063e3c1fc0.jpg?1785845599,Diamond,19,3,RDM
Shiroi Kijo,44769088,267,249,Ultros,Primal,0,0,2bc8c14bed99e41cc16db823a37e5295_c514cdcdb619439df97d906d4434ccc6fc0.jpg?1785842642,Diamond,16,10,SMN
Celicat Owaowa,35524850,268,247,Malboro,Crystal,0,0,a457193103c1bc069e4ac285614c96f0_2e97c13fdd593d15d543093f8a37b6f0fc0.jpg?1785845837,Diamond,12,0,WAR
Violet Lumina,31828414,269,248,Ultros,Primal,0,0,d441aba78b01261dd64bcbedf58fca06_c514cdcdb619439df97d906d4434ccc6fc0.jpg?1785844754,Diamond,10,0,GNB
Lief Eksil,20195744,270,249,Jenova,Aether,0,0,33906bd77a7d2eb73c8c22b2225fae2d_ce736afe35e2ded4e46c4fd0659aef7efc0.jpg?1785844669,Diamond,6,0,DRK
You Sea,12059416,271,251,Gilgamesh,Aether,0,0,6ac29901580281ae6a79f2e6a070dc6a_b937560c841465f7c4bc8eb47ea7948afc0.jpg?1785842659,Diamond,3,0,PCT
Milky Chai,59421595,272,0,Maduin,Dynamis,0,0,aae714347af29f5b5fd37d366a91330a_7ff236346f6151d8a2c08fd0b4a0b806fc0.jpg?1785844402,Diamond,71,2,UNK
Kalatia Silverscale,52796419,273,0,Hyperion,Primal,0,0,1a27aed774a0a73e8c95467c7bf6e956_57ae9ee5592123dd79c8912bf768cf99fc0.jpg?1785844974,Diamond,64,17,UNK
Vanilla Swirl,26477555,274,252,Balmung,Crystal,0,0,4c5274bc60889a329392f06fd920cc53_7a573cbc0cda3a3dfc1795cb3d9f7b23fc0.jpg?1785842716,Diamond,35,0,BRD
Kayin Fenrir,3137688,275,254,Faerie,Aether,0,0,a8e94b088cd60ef0124b965aedec3772_0e336ff6ad415f47233f0aaf127feac0fc0.jpg?1785845586,Diamond,34,4,MNK
Robin Alsaints,41838670,276,253,Coeurl,Crystal,0,0,ca428ca44ee6f14ab0b8f6b96e820c64_284358f8eb4efc9095914e46798c6ab3fc0.jpg?1785845394,Diamond,32,0,RDM
Deep-fried Shrimp,39013955,277,257,Halicarnassus,Dynamis,0,0,8c854c8dde07c11059f113329f369709_f2d324d722b28bbe681b2898bcdca8bffc0.jpg?1785844834,Diamond,30,12,BRD
Sophia Sol,50636657,278,255,Diabolos,Crystal,0,0,f2e548487adc8d24ba4ee5ae891d1fca_7b33d33ae3ecb996f778a5f67a6a0af6fc0.jpg?1785842926,Diamond,25,0,BLM
Grem Lynoir,49876244,279,256,Diabolos,Crystal,0,0,e9408b6119c7b2f158074dc2c17546b2_7b33d33ae3ecb996f778a5f67a6a0af6fc0.jpg?1785844019,Diamond,19,0,AST
Celestial Chicken,28970748,280,0,Exodus,Primal,0,0,cbf3cf9e44c32054a68926b67b6b873d_0cdf051c93865faa15cbc5cd3d2b69fbfc0.jpg?1785843581,Diamond,18,3,FSH
Pharys Ra,13620648,281,258,Excalibur,Primal,0,0,ab536250c61e7cff127e8bc9e716882f_745baffc465480ed372e274d50318290fc0.jpg?1785842639,Diamond,15,0,RDM
Jonn Snoww,19740354,282,291,Marilith,Dynamis,0,0,a7e133f499c7eaef9939ae48fdfd1c14_bbfb28d5a9059cd0c768daf77ab29982fc0.jpg?1785843856,Diamond,10,5,WHM
Misdes Lightborn,15985822,283,259,Excalibur,Primal,0,0,b5a720db92fc3ecb59bb12c0885b2648_745baffc465480ed372e274d50318290fc0.jpg?1785845109,Diamond,9,0,BRD
Ellie Meeps,36047772,284,261,Lamia,Primal,0,0,5075b5b323ed5910f6ab59867119b460_4d9be17b5e1edc617052b4dbf4007875fc0.jpg?1785844097,Diamond,7,0,BLM
Diana Page,31890298,285,262,Malboro,Crystal,0,0,e00b2671dacbbcf0c64b3dca7d8309b8_2e97c13fdd593d15d543093f8a37b6f0fc0.jpg?1785843228,Diamond,6,0,MCH
Minome Meisuri,39947262,285,0,Sargatanas,Aether,0,0,ce2ec1dde05d4468145ef246155ea290_ba22853447012a24cee115315d6a5bebfc0.jpg?1785843883,Diamond,6,0,RDM
Babasu Basu,32258543,287,264,Malboro,Crystal,0,0,9644a9e6828a569e42667d145345dfdf_2e97c13fdd593d15d543093f8a37b6f0fc0.jpg?1785844783,Diamond,5,0,MNK
Gio Vanna,33440191,288,265,Adamantoise,Aether,0,0,7d1d14338474ce900c0581dbd778d321_1f5fd239b885860b7c2bfc72ad1d97effc0.jpg?1785842758,Diamond,4,0,SGE
Belle Quicksilver,2897739,289,266,Balmung,Crystal,0,0,4f386af86d2c8049f58f4baaeeb4a3a3_7a573cbc0cda3a3dfc1795cb3d9f7b23fc0.jpg?1785843163,Diamond,3,0,UNK
Kyrillos Adler,36815385,289,266,Midgardsormr,Aether,0,0,1cbc27d51a9280a111dc25e47ffc0db6_5c8ecfbc673e1287a9b5e85423fe1657fc0.jpg?1785842937,Diamond,3,0,DRG
Alhanelem Amidatelion,873371,291,268,Hyperion,Primal,0,0,6b4308cba17ad122edd5baebfaf6b98a_57ae9ee5592123dd79c8912bf768cf99fc0.jpg?1785845570,Diamond,2,0,PCT
Tenpei Chicken,24096238,291,268,Leviathan,Primal,0,0,2fbf66c02d74538f9e52438319204fc2_a91aae52cff9ef65932db06b150ffd47fc0.jpg?1785844626,Diamond,2,0,BRD
Shaggy Longtime,57019775,293,271,Exodus,Primal,0,0,b00278cdce539c203fe9decbbf311986_0cdf051c93865faa15cbc5cd3d2b69fbfc0.jpg?1785844593,Diamond,70,21,GNB
Allie Hanakawa,39304561,294,0,Exodus,Primal,0,0,192583449e14f0f2ee3f8251fb5a562b_0cdf051c93865faa15cbc5cd3d2b69fbfc0.jpg?1785844905,Diamond,55,29,PCT
B'lakea Rook,40277296,295,0,Excalibur,Primal,0,0,5b28342f0059552f4be78e5580b734ae_745baffc465480ed372e274d50318290fc0.jpg?1785846084,Diamond,51,4,PLD
Lilith Evermore,27601909,295,273,Balmung,Crystal,0,0,84d3ce6595e3ac0915028172514dab09_7a573cbc0cda3a3dfc1795cb3d9f7b23fc0.jpg?1785845274,Diamond,51,5,UNK
Hroch Cipher,38843258,297,270,Brynhildr,Crystal,0,0,83bd93155dbaa1c9fa4328cff8067336_d0a0f515a62457570c9b44997063e3c1fc0.jpg?1785845091,Diamond,50,0,NIN
Marika Mjolnir,38212348,297,0,Malboro,Crystal,0,0,969a50dcb0d9777a00aae149894ab7f5_2e97c13fdd593d15d543093f8a37b6f0fc0.jpg?1785843073,Diamond,50,11,WAR
Calyx Lightfall,26053289,299,274,Diabolos,Crystal,0,0,3537377176e9bf8e2341140da5e1d827_7b33d33ae3ecb996f778a5f67a6a0af6fc0.jpg?1785843024,Diamond,49,4,DRG
Resha Heartfilia,50271202,300,272,Halicarnassus,Dynamis,0,0,e0d810084c2110d389176993f8aacfab_f2d324d722b28bbe681b2898bcdca8bffc0.jpg?1785843044,Diamond,47,0,UNK
Sora Teppelin,7487042,1,0,Sophia,Materia,0,0,3d849e783499c238b2f4d439e3a8c2a7_ba15a18cd3a8fb567e39053022515eb6fc0.jpg?1785845605,Platinum,34,0,GNB
Shiki Hime,41619079,2,5,Sophia,Materia,0,0,e0f33871fdd9bcb0012cace0f140b504_ba15a18cd3a8fb567e39053022515eb6fc0.jpg?1785844768,Platinum,33,9,MNK
Queue Up,44283543,3,2,Ravana,Materia,0,0,341e0565d728c5334b58960edfc1c897_2f53b2675d3eea360f0b48d74d30af15fc0.jpg?1785843636,Platinum,39,8,AST
Nyanyanyanya Nyanyan,48648775,4,31,Ravana,Materia,0,0,ec08e9f45b8d4335b412f3e39f4458e2_2f53b2675d3eea360f0b48d74d30af15fc0.jpg?1785843636,Platinum,29,12,WHM
Ku Ku,58267971,5,13,Sophia,Materia,0,0,77db43d75ac5ffe3d585318a47534ab9_ba15a18cd3a8fb567e39053022515eb6fc0.jpg?1785845397,Platinum,45,16,BRD
Master Zoknik,61010055,6,3,Zurvan,Materia,0,0,bfa135b89b0fb27fe708b3a427bd667f_1fa3a1b3845481a1b67b46854a3cc49afc0.jpg?1785843318,Platinum,77,1,WAR
Fatahh Wizardcat,60429758,7,9,Zurvan,Materia,0,0,0a04508a6feea55f3b4227e7d574212a_1fa3a1b3845481a1b67b46854a3cc49afc0.jpg?1785843700,Platinum,33,7,SGE
Syth Isi,14766898,8,4,Sephirot,Materia,0,0,4eef23c58ccbdfd054240b7a6afee3df_30a5f9eadea6e0cb684a5265362d0d59fc0.jpg?1785845627,Platinum,30,3,SCH
Raiosu Eucliffe,45249258,9,10,Ravana,Materia,0,0,a21442f92d53ab89cab416d41fe9132d_2f53b2675d3eea360f0b48d74d30af15fc0.jpg?1785843637,Platinum,31,4,SAM
Unshao Theruun,36386941,10,6,Sephirot,Materia,0,0,ec8f93abdc73eddcd17e0450db1cb572_30a5f9eadea6e0cb684a5265362d0d59fc0.jpg?1785845469,Platinum,26,2,NIN
Lil Wu,39781651,11,8,Ravana,Materia,0,0,883868199332c12050d61887025475bc_2f53b2675d3eea360f0b48d74d30af15fc0.jpg?1785843250,Platinum,23,4,LNC
Enrei Mihata,49665542,12,7,Ravana,Materia,0,0,9df67e19d234830f2d797bb6efbad836_2f53b2675d3eea360f0b48d74d30af15fc0.jpg?1785843567,Platinum,22,1,DRG
Jiraiya Sannin,47974804,13,12,Ravana,Materia,0,0,6a5cc312529bc78b7d0bbbf5f41983af_2f53b2675d3eea360f0b48d74d30af15fc0.jpg?1785845758,Platinum,39,1,WAR
Chs Crane,37655547,14,11,Sophia,Materia,0,0,7cd2d4b420716bf684bdd41ef37d9319_ba15a18cd3a8fb567e39053022515eb6fc0.jpg?1785844189,Platinum,25,0,DRG
Disco Knees,36101852,15,19,Sophia,Materia,0,0,48d0a8dae7efe9ad10780f28920a969b_ba15a18cd3a8fb567e39053022515eb6fc0.jpg?1785844356,Gold,29,7,SMN
Boz Ulceros,32280980,16,14,Ravana,Materia,0,0,269b081d650bf5598fd5a3f9419b8b43_2f53b2675d3eea360f0b48d74d30af15fc0.jpg?1785845622,Gold,27,5,NIN
Twitch Pvpash,58310287,17,43,Sephirot,Materia,0,0,825390c1ecfa92c4ed45d4ff7a91e39e_30a5f9eadea6e0cb684a5265362d0d59fc0.jpg?1785844523,Gold,32,9,SAM
Noelle Frost,59496366,18,15,Zurvan,Materia,0,0,5e03b95700bb3e6556a80cb9336a41d2_1fa3a1b3845481a1b67b46854a3cc49afc0.jpg?1785845276,Gold,31,0,WHM
Monkey Rat,28956529,19,23,Zurvan,Materia,0,0,bd13db4ebaa363278dd269b5941ae816_1fa3a1b3845481a1b67b46854a3cc49afc0.jpg?1785843597,Gold,61,14,BLM
Ash Kitamura,26629771,20,16,Ravana,Materia,0,0,33c0c99f7649a707ea0e8e4da0340efb_2f53b2675d3eea360f0b48d74d30af15fc0.jpg?1785843026,Gold,47,0,BLM
Stupid Puzzle,57160120,21,17,Ravana,Materia,0,0,7af9b543418115db5c1299f1abb4e123_2f53b2675d3eea360f0b48d74d30af15fc0.jpg?1785845729,Gold,45,0,DRG
Stu Vermillion,45923134,22,18,Sephirot,Materia,0,0,542be51b9ba1f8c4c217e94d2b96e3aa_30a5f9eadea6e0cb684a5265362d0d59fc0.jpg?1785845982,Gold,34,0,WAR
Scarlette Harlette,51206657,23,20,Sephirot,Materia,0,0,2f63ccbdc329fa14480887bf4c0dfa0e_30a5f9eadea6e0cb684a5265362d0d59fc0.jpg?1785845608,Gold,49,3,NIN
Han Liu,44640291,24,21,Ravana,Materia,0,0,55233b520f90487f51f380e2add5fc3d_2f53b2675d3eea360f0b48d74d30af15fc0.jpg?1785844819,Gold,66,7,DNC
Brian Ricardo,41560139,25,22,Sophia,Materia,0,0,678ed14a243387459872b7217f75e382_ba15a18cd3a8fb567e39053022515eb6fc0.jpg?1785845662,Gold,18,0,SGE
Aislinn Rose,47395507,26,25,Ravana,Materia,0,0,920c56af8cba5363c65e0c83dbbcac71_2f53b2675d3eea360f0b48d74d30af15fc0.jpg?1785845589,Gold,45,6,GNB
Lion Lord,60332724,27,24,Ravana,Materia,0,0,72fbb269e357d68127cd61715f152bc8_2f53b2675d3eea360f0b48d74d30af15fc0.jpg?1785845765,Gold,40,0,GNB
Izaray Wintergray,40906176,28,26,Sophia,Materia,0,0,be2f5b4e324fa72cd4ef19d0c29f10da_ba15a18cd3a8fb567e39053022515eb6fc0.jpg?1785846104,Gold,31,0,AST
Esperance Lightbound,16103781,29,27,Ravana,Materia,0,0,0d3ff648d49892a8fc3bd67490985032_2f53b2675d3eea360f0b48d74d30af15fc0.jpg?1785843508,Gold,20,0,PLD
Nirki Yukumo,41663432,30,35,Zurvan,Materia,0,0,c950234c9a872ae2ab8476f696fcb74f_1fa3a1b3845481a1b67b46854a3cc49afc0.jpg?1785845584,Gold,16,7,NIN
Neo Zee,58982637,31,28,Ravana,Materia,0,0,c042f71fe47095dad35d5764027056d1_2f53b2675d3eea360f0b48d74d30af15fc0.jpg?1785843454,Gold,38,1,BRD
Jena Kuwahara,28003546,32,29,Ravana,Materia,0,0,5bacb190ffd91b392df04923b13fa29a_2f53b2675d3eea360f0b48d74d30af15fc0.jpg?1785845535,Gold,60,10,SMN
Lillian Melikai,42502039,33,34,Ravana,Materia,0,0,6c5f22e96162240c2bb96702fcbe123b_2f53b2675d3eea360f0b48d74d30af15fc0.jpg?1785844463,Gold,27,9,GNB
Zervish Vanht,21659747,34,30,Ravana,Materia,0,0,ff2403388bd597c0b3fb62c30e9bff67_2f53b2675d3eea360f0b48d74d30af15fc0.jpg?1785845895,Gold,23,0,SMN
Seth Nier,10650761,35,31,Sophia,Materia,0,0,64bba40966450747199bec23184e47a3_ba15a18cd3a8fb567e39053022515eb6fc0.jpg?1785843511,Gold,17,0,MNK
Aleksei Veldoch,39931654,36,33,Ravana,Materia,0,0,ef0923b785702de5a588b383a0d1bcea_2f53b2675d3eea360f0b48d74d30af15fc0.jpg?1785845625,Gold,31,0,RPR
Byakko Moon,10831175,37,36,Sephirot,Materia,0,0,7d8049ebe32efa74e5107944b1e43d15_30a5f9eadea6e0cb684a5265362d0d59fc0.jpg?1785845418,Gold,2,0,DNC
Aurum Blaiddyd,10794239,38,37,Sophia,Materia,0,0,8b76648a8cb1cbbd4f1c870189433f3a_ba15a18cd3a8fb567e39053022515eb6fc0.jpg?1785844935,Gold,13,0,PLD
Sebastian Michaelis,42038341,39,52,Sephirot,Materia,0,0,17f4346a95c45541b337263d60106b3f_30a5f9eadea6e0cb684a5265362d0d59fc0.jpg?1785843916,Silver,58,10,WHM
Sana Miyata,34196273,40,38,Ravana,Materia,0,0,4a94c0f8b59e635e8748a32f11cc42f8_2f53b2675d3eea360f0b48d74d30af15fc0.jpg?1785845139,Silver,31,0,SCH
Birdy Lou,40000398,41,39,Sophia,Materia,0,0,a8894121a60bc81621d47edf1ee0577b_ba15a18cd3a8fb567e39053022515eb6fc0.jpg?1785842781,Silver,29,0,UNK
J'mo H',10666399,42,40,Sephirot,Materia,0,0,53873e717cbf7baeb168205935077671_30a5f9eadea6e0cb684a5265362d0d59fc0.jpg?1785844757,Silver,13,2,AST
Clars Lester,951178,43,41,Sephirot,Materia,0,0,46727c8d445323c9e5b8140d37027050_30a5f9eadea6e0cb684a5265362d0d59fc0.jpg?1785844702,Silver,44,8,MCH
Cwenhild Reid,41763782,44,42,Sophia,Materia,0,0,c9d176025665cc1528a984e82a81fd64_ba15a18cd3a8fb567e39053022515eb6fc0.jpg?1785844324,Silver,24,0,PLD
Ranko Riselle,47223883,45,44,Sophia,Materia,0,0,301cb977b468ead36aa13c049b17f861_ba15a18cd3a8fb567e39053022515eb6fc0.jpg?1785843885,Silver,11,0,UNK
Vielle Drillemont,52770027,46,45,Ravana,Materia,0,0,6c212c0698d00b38fb5cb7d51dcf91bf_2f53b2675d3eea360f0b48d74d30af15fc0.jpg?1785845600,Silver,58,0,PCT
Funeral Pyre,29286073,47,0,Zurvan,Materia,0,0,48d5de4023484583f2225a2026548284_1fa3a1b3845481a1b67b46854a3cc49afc0.jpg?1785843507,Silver,41,8,SAM
Wierd Dude,58113414,47,60,Sephirot,Materia,0,0,c887fa7d587b2205b349abb82627a0d1_30a5f9eadea6e0cb684a5265362d0d59fc0.jpg?1785845603,Silver,41,11,WHM
Juru'a Mihrulh,48704606,49,46,Zurvan,Materia,0,0,80aa9b34947750aa356810124a11ba19_1fa3a1b3845481a1b67b46854a3cc49afc0.jpg?1785844962,Silver,38,1,PCT
Eustace Madao,44593837,50,48,Ravana,Materia,0,0,687914339d33024fe783e72eb5a1929f_2f53b2675d3eea360f0b48d74d30af15fc0.jpg?1785844921,Silver,19,0,RPR
Berogi Avarous,37261319,51,49,Sophia,Materia,0,0,5fbe574c31dc7541b2bb18753fed8278_ba15a18cd3a8fb567e39053022515eb6fc0.jpg?1785844236,Silver,16,0,MNK
Peaceful Serenity,44576253,52,50,Sephirot,Materia,0,0,ae7fb16a93fad97a522145bf683d894f_30a5f9eadea6e0cb684a5265362d0d59fc0.jpg?1785842764,Silver,0,0,RDM
Simetras Sol,38726083,53,51,Ravana,Materia,0,0,fc54c458f2e80d3680f50e6026011ab7_2f53b2675d3eea360f0b48d74d30af15fc0.jpg?1785844288,Silver,79,8,DRG
Cucu Cucumber,43336963,54,0,Sophia,Materia,0,0,d0bedba76c1744686e4fafd9d31eeb08_ba15a18cd3a8fb567e39053022515eb6fc0.jpg?1785844919,Silver,35,11,DNC
Persona Non-grata,59997612,55,86,Ravana,Materia,0,0,817d96e78e710beff47ca2d76caa6b30_2f53b2675d3eea360f0b48d74d30af15fc0.jpg?1785844470,Silver,29,12,PLD
Shiny Garchomp,44081260,56,53,Ravana,Materia,0,0,a9aeaf4658d90c68d46e7086d323e456_2f53b2675d3eea360f0b48d74d30af15fc0.jpg?1785843974,Silver,17,0,MCH
Minty Dew,11254788,57,55,Sephirot,Materia,0,0,afdf4d4e1f96c8e17ed8dbbb09ea4e01_30a5f9eadea6e0cb684a5265362d0d59fc0.jpg?1785846045,Silver,12,0,DNC
Pompitous Litchous,28520377,58,56,Sephirot,Materia,0,0,ab4abed9c2f0b5369480818f95581f87_30a5f9eadea6e0cb684a5265362d0d59fc0.jpg?1785844679,Silver,10,0,MCH
Red Pocket,57790009,59,57,Zurvan,Materia,0,0,9ee6578b70ebe2412c9a6a3b9539d845_1fa3a1b3845481a1b67b46854a3cc49afc0.jpg?1785845801,Silver,1,0,UNK
Magnolia Moonsong,39932795,60,58,Ravana,Materia,0,0,a9e5b8f87ce0e4e7d236eef2abfe90e0_2f53b2675d3eea360f0b48d74d30af15fc0.jpg?1785844334,Silver,18,0,RDM
Sil Vanht,3592400,61,59,Ravana,Materia,0,0,7557bb5d8d4d13b13e750b30dbd34093_2f53b2675d3eea360f0b48d74d30af15fc0.jpg?1785845520,Silver,9,0,MCH
Sukoshi Ninjin,57860048,62,70,Sophia,Materia,0,0,b41a0bd7b5958d56cec5f84314a28f3a_ba15a18cd3a8fb567e39053022515eb6fc0.jpg?1785842970,Silver,26,7,UNK
Tiny Sylvie,43818296,63,62,Ravana,Materia,0,0,21e2b2de9125d9cf1b99748fa9eef0e2_2f53b2675d3eea360f0b48d74d30af15fc0.jpg?1785844289,Silver,25,4,SMN
Anzac Fenrir,10988408,64,61,Ravana,Materia,0,0,6c7b02f93e5250249333e13f236fc545_2f53b2675d3eea360f0b48d74d30af15fc0.jpg?1785844757,Silver,24,0,SGE
Venase Tym,61779775,65,63,Sophia,Materia,0,0,24aac6d5abd68d4dc957bd7c98ba27f2_ba15a18cd3a8fb567e39053022515eb6fc0.jpg?1785843125,Silver,18,0,UNK
C'ranmaia Lizha,60465549,66,64,Bismarck,Materia,0,0,f41736abfa17637ee6e1f020f2787726_36f0570990ac5402b2ef514d36b0435cfc0.jpg?1785844478,Silver,15,0,UNK
Zero Alexander,18446688,67,65,Sophia,Materia,0,0,f2e26342d51255236baa45461f41bf5b_ba15a18cd3a8fb567e39053022515eb6fc0.jpg?1785843105,Silver,14,0,SCH
Temp Arie,41750566,68,0,Zurvan,Materia,0,0,73bdd493fc471827004a90a5745ff400_1fa3a1b3845481a1b67b46854a3cc49afc0.jpg?1785842924,Silver,13,0,DRG
Elto Malto,55670275,69,66,Zurvan,Materia,0,0,6625d7f60a549d4e764bdbbb6315b573_1fa3a1b3845481a1b67b46854a3cc49afc0.jpg?1785844694,Silver,11,0,UNK
Awayi Soleil,40986096,70,95,Zurvan,Materia,0,0,c84676ef434b75aec3260707fcad3d8a_1fa3a1b3845481a1b67b46854a3cc49afc0.jpg?1785844362,Silver,10,5,PLD
Swhe Swoo,28568079,71,67,Sephirot,Materia,0,0,fbccbe709d21605c6f47dec5052b1238_30a5f9eadea6e0cb684a5265362d0d59fc0.jpg?1785845768,Silver,9,0,SCH
Lupercal Aurelian,37936946,72,82,Ravana,Materia,0,0,93674d47ae679f2b2191e0d82e33123f_2f53b2675d3eea360f0b48d74d30af15fc0.jpg?1785843598,Silver,6,2,MCH
Goober Gooberm,48887220,73,68,Ravana,Materia,0,0,4523e0b4a5f923b67e31f18f801210af_2f53b2675d3eea360f0b48d74d30af15fc0.jpg?1785845902,Silver,18,0,BLM
Athena' Aria,29939277,74,69,Ravana,Materia,0,0,c678c1cf7f9d7de3e80882588e7606e8_2f53b2675d3eea360f0b48d74d30af15fc0.jpg?1785844301,Silver,6,0,AST
Kensuke Sugimori,59626210,75,71,Zurvan,Materia,0,0,b8c23a3c5466f6621fe9629c20c0b897_1fa3a1b3845481a1b67b46854a3cc49afc0.jpg?1785844398,Bronze,18,0,NIN
Hotsingles Inyourarea,43275845,76,0,Sephirot,Materia,0,0,08be8dec8891190a5227c50c7650dd29_30a5f9eadea6e0cb684a5265362d0d59fc0.jpg?1785843833,Bronze,15,11,PCT
Makh'a Zruhn,42193944,77,72,Ravana,Materia,0,0,323be164f5593618bf1111ae4538ad96_2f53b2675d3eea360f0b48d74d30af15fc0.jpg?1785845959,Bronze,6,0,SGE
Ashmi Rae,18364101,78,73,Bismarck,Materia,0,0,2b3a41d227e2937852d5c1e031d5aba0_36f0570990ac5402b2ef514d36b0435cfc0.jpg?1785844005,Bronze,5,0,BRD
Mars Bars,41756039,79,77,Sophia,Materia,0,0,87af5886ec3b52e7e582ccc7755f6a9b_ba15a18cd3a8fb567e39053022515eb6fc0.jpg?1785844131,Bronze,24,9,SMN
Tiny Wrath,25583557,80,74,Zurvan,Materia,0,0,2c82c1a404fc646361cabcf478aed323_1fa3a1b3845481a1b67b46854a3cc49afc0.jpg?1785845049,Bronze,15,0,WAR
Ashe Elven,60375475,81,75,Ravana,Materia,0,0,d4a5d51981aa859d5ce41248e280c696_2f53b2675d3eea360f0b48d74d30af15fc0.jpg?1785845559,Bronze,5,0,PLD
Vistra Vistra,37543108,82,76,Sophia,Materia,0,0,b46ab5b00ca34214d4593336a0f112ed_ba15a18cd3a8fb567e39053022515eb6fc0.jpg?1785843584,Bronze,4,0,RPR
Turuturu Mennmenn,51356780,83,88,Sephirot,Materia,0,0,501dec1a7db9bac050ecbd4f8028e6e6_30a5f9eadea6e0cb684a5265362d0d59fc0.jpg?1785843867,Bronze,16,5,BLM
Inconspicuous Miqo'te,3493859,84,78,Sophia,Materia,0,0,0b6b4d2c312f136911f9717c83c17997_ba15a18cd3a8fb567e39053022515eb6fc0.jpg?1785843075,Bronze,11,0,VPR
Zepherii Sui,43963552,84,78,Sophia,Materia,0,0,31b395238c6120dc114964c652dc393b_ba15a18cd3a8fb567e39053022515eb6fc0.jpg?1785844988,Bronze,11,0,SGE
Aethon Shaan,60332336,86,80,Zurvan,Materia,0,0,2c608a6ec9ff59b0783f70b9c665a4b2_1fa3a1b3845481a1b67b46854a3cc49afc0.jpg?1785844378,Bronze,7,0,RDM
Therise Yld'amore,41754598,86,80,Bismarck,Materia,0,0,dea40bb49832c184ff5941cee3006818_36f0570990ac5402b2ef514d36b0435cfc0.jpg?1785844532,Bronze,7,0,DNC
Daeneris Stormborn,17816677,88,82,Zurvan,Materia,0,0,dd3c1f830e92ca4f902d42575517a37d_1fa3a1b3845481a1b67b46854a3cc49afc0.jpg?1785845244,Bronze,4,0,VPR
Samara Glazghotwyn,40818042,89,84,Sephirot,Materia,0,0,d89bdc111b4127d9f80e3d6a0ed3a55b_30a5f9eadea6e0cb684a5265362d0d59fc0.jpg?1785843264,Bronze,0,0,SAM
Jaliqai Bairon,49027736,90,85,Sophia,Materia,0,0,bb5b2ab907893aa971f0d78c6164de8c_ba15a18cd3a8fb567e39053022515eb6fc0.jpg?1785844936,Bronze,19,0,SMN
Lilith Sanguine,36164895,91,86,Sephirot,Materia,0,0,b5a3ec57fa0658672b263f583c34b618_30a5f9eadea6e0cb684a5265362d0d59fc0.jpg?1785842744,Bronze,17,0,GNB
Fio Vanetti,41633033,92,0,Ravana,Materia,0,0,f237b05eb696b7fe8e05b757513a1ca2_2f53b2675d3eea360f0b48d74d30af15fc0.jpg?1785844238,Bronze,8,0,DRG
Coffee Lover,50333621,93,89,Sophia,Materia,0,0,3c4552eb56bfb14f36d9b512873eac0d_ba15a18cd3a8fb567e39053022515eb6fc0.jpg?1785845567,Bronze,11,0,UNK
Edea Lea,13526979,94,90,Ravana,Materia,0,0,1ffd7eed10a84c313666e5ea2eb6bf47_2f53b2675d3eea360f0b48d74d30af15fc0.jpg?1785844910,Bronze,7,0,RPR
Ichijiro Yamada,36127691,94,90,Sephirot,Materia,0,0,f39e69adcf7734b0a69c586870bf7f99_30a5f9eadea6e0cb684a5265362d0d59fc0.jpg?1785845866,Bronze,7,0,SGE
Juli Luminous,3217903,94,90,Sephirot,Materia,0,0,26a268f2eafe6d1649e702420b1806e3_30a5f9eadea6e0cb684a5265362d0d59fc0.jpg?1785845949,Bronze,7,0,MCH
Valya Dream,36468496,94,90,Sophia,Materia,0,0,18a08ff1744351493a5bbc6c182e4baf_ba15a18cd3a8fb567e39053022515eb6fc0.jpg?1785845492,Bronze,7,0,AST
Seal Rock,29463992,98,94,Ravana,Materia,0,0,ebbb4f8957c4d3da4ed4d5be3031ec00_2f53b2675d3eea360f0b48d74d30af15fc0.jpg?1785843341,Bronze,6,0,CRP
Kaira Aeorma,14946210,99,96,Ravana,Materia,0,0,e23435395b7306809ee187717879a9f2_2f53b2675d3eea360f0b48d74d30af15fc0.jpg?1785845601,Bronze,14,0,SMN
Rorqual Kasa,57902813,100,97,Sophia,Materia,0,0,7feae505b9896a3e51486698db2446ea_ba15a18cd3a8fb567e39053022515eb6fc0.jpg?1785844943,Bronze,11,0,BLM
