name,id,cur_rank,prev_rank,world,dc,points,points_delta,portrait,tier,wins,wins_delta,job
Miyu Edelfelt,21335430,1,0,Phoenix,Light,1602,0,ba690d74246b4d07f543f0d9516feec2_5047bc596a4bab2dc7f7c120bb22dec5fc0.jpg?1785581141,Omega,66,3,SCH
Pan Ther,47356852,2,4,Twintania,Light,1560,490,fc9492796dbee9f84ae010350ec7759c_c33f640c0cdd35f7def85b8aa31a0007fc0.jpg?1785583299,Omega,66,17,RPR
Scarlet Rose,26616217,3,2,Spriggan,Chaos,1406,0,96ad88f23a708e8d6e391f669986d57c_feaf0a2e88ff164813fbc9b85876fa48fc0.jpg?1785582113,Crystal,61,13,WAR
Loty Coldwind,36521588,4,3,Twintania,Light,1379,0,3632cf6d20598f5c4c7b748be7e19153_c33f640c0cdd35f7def85b8aa31a0007fc0.jpg?1785582066,Crystal,45,13,BLM
Saboree Catboy,36051653,5,10,Spriggan,Chaos,1301,803,b61ec1080d608b5a83f30baef219dc02_feaf0a2e88ff164813fbc9b85876fa48fc0.jpg?1785580949,Crystal,56,19,RDM
Maarato Cookie,20349526,6,5,Twintania,Light,1022,0,dbab16598b86bb31b2eb96070f723572_c33f640c0cdd35f7def85b8aa31a0007fc0.jpg?1785583135,Crystal,47,2,NIN
Tsukuyo Ritlas,37800185,7,8,Odin,Light,818,207,eca30840fe0bed8e80f620b5f57c49de_644311b63b607133c989d7c1188467dafc0.jpg?1785582997,Crystal,25,8,RDM
Lybel Alyborias,25836089,8,6,Louisoix,Chaos,807,5,a86b680e6c4e5e23befaaaf535a158de_0a122616f3718d3f45cab10fd8fc1604fc0.jpg?1785581784,Crystal,40,14,VPR
Yun' Yun,11341467,9,81,Cerberus,Chaos,797,797,df098ceed6d9cf14cf61cc4110cd6cb5_777c57311d510ca65dac3c1077dee435fc0.jpg?1785581330,Crystal,29,20,SMN
Misora Kaiatsa,25126040,10,20,Moogle,Chaos,796,495,80fa199452585ab77d14128509576300_d7a9d5f85a29d6278ec1c7adc2c8d242fc0.jpg?1785582426,Crystal,50,17,RDM
Resilla Frostflow,14658770,11,61,Cerberus,Chaos,793,793,00a4e6250beb98b5644c87cffe8b7f4f_777c57311d510ca65dac3c1077dee435fc0.jpg?1785582178,Crystal,55,20,MCH
Mamiyama Kamimama,37371304,12,7,Spriggan,Chaos,788,0,3c6fd6569d3dce40308c9a2a1f3c3bfa_feaf0a2e88ff164813fbc9b85876fa48fc0.jpg?1785583793,Crystal,64,20,SCH
Crow Kaien,44749262,13,12,Zodiark,Light,788,294,54e5719ccbdb45c6de28f017b4365207_c274370774c6bc3483cc8740805f41bcfc0.jpg?1785583513,Crystal,11,6,NIN
Prisma Tic,38791879,14,36,Cerberus,Chaos,700,502,5220c35172bb26154c862a6d485e37b8_777c57311d510ca65dac3c1077dee435fc0.jpg?1785583919,Crystal,36,17,DRK
A'dyalani Sato,10026278,15,26,Odin,Light,693,397,d072994a22af88090aecf6e5a3b85c36_644311b63b607133c989d7c1188467dafc0.jpg?1785582184,Crystal,44,11,MCH
Shimori Bunihara,35166011,16,30,Raiden,Light,601,397,c44c8fc68c230b1051ec35a527afe9ed_a370664d98f658f4ed4e620f378f73cdfc0.jpg?1785582565,Crystal,34,18,RPR
Miyu Moon,58918526,17,0,Moogle,Chaos,596,0,1abf5ce3756f6fa0d1c5be2cd39491bc_d7a9d5f85a29d6278ec1c7adc2c8d242fc0.jpg?1785582893,Crystal,7,0,SAM
Not Marci,51672179,18,16,Louisoix,Chaos,591,203,b6c4338b1daa8161914134b74ee784f0_0a122616f3718d3f45cab10fd8fc1604fc0.jpg?1785583540,Crystal,21,16,DRG
Aura Sphere,30657353,19,47,Zodiark,Light,589,589,6cc4a373eafbcbf88a340a52d95f133e_c274370774c6bc3483cc8740805f41bcfc0.jpg?1785583212,Crystal,33,21,PCT
Based Miqote,46487952,20,9,Twintania,Light,515,0,5e2bb42e554586a20b050b7fd3f88e26_c33f640c0cdd35f7def85b8aa31a0007fc0.jpg?1785581721,Crystal,33,4,UNK
Lex'ander Wayfarer,18009481,21,11,Odin,Light,498,0,0adfa03fe11940a91e3b6a2ed08ddb88_644311b63b607133c989d7c1188467dafc0.jpg?1785582962,Crystal,17,0,VPR
Xen Thique,40172078,22,28,Odin,Light,485,192,8930228f4df0c18feea28ebbb1c451f2_644311b63b607133c989d7c1188467dafc0.jpg?1785581189,Crystal,9,5,WHM
Tyra Kett,26531277,23,13,Spriggan,Chaos,410,0,101b7ec48bba5c5e5b34fda1316c57bc_feaf0a2e88ff164813fbc9b85876fa48fc0.jpg?1785582289,Crystal,41,1,VPR
Sice Seven,15008161,24,18,Moogle,Chaos,409,103,23657ac0d29f4bc5667ef1e00cf528f8_d7a9d5f85a29d6278ec1c7adc2c8d242fc0.jpg?1785582460,Crystal,6,2,BRD
Akari Tsuki,31005286,25,24,Louisoix,Chaos,402,105,28e1cfaecfbf911dc3621f5de74642aa_0a122616f3718d3f45cab10fd8fc1604fc0.jpg?1785582985,Crystal,6,4,CRP
Tei Tei,36611700,26,14,Odin,Light,399,0,21c224545e3d3af775a3d377c8e444bf_644311b63b607133c989d7c1188467dafc0.jpg?1785581224,Crystal,34,0,BRD
Sweet Light,41777815,27,19,Spriggan,Chaos,399,97,2e6808627bd2b8f0f5f0377d20cbbbc5_feaf0a2e88ff164813fbc9b85876fa48fc0.jpg?1785581129,Crystal,9,7,SGE
Raiden Thorne,27238016,28,15,Zodiark,Light,399,0,96a909af8d24d60f6d8173f8cc16facb_c274370774c6bc3483cc8740805f41bcfc0.jpg?1785583926,Crystal,8,1,SCH
Myst Freyja,33906213,29,17,Omega,Chaos,316,0,240b879fd403fc16c04022b6075077ae_39e25ac3d737c46452305eefe324372cfc0.jpg?1785582563,Crystal,45,0,RPR
Shia Sun,1754600,30,32,Odin,Light,303,103,7550981ba488e5ebe919aa3cb39efbfa_644311b63b607133c989d7c1188467dafc0.jpg?1785582752,Crystal,31,2,WHM
Sophia Ariadne,11431073,31,52,Odin,Light,302,302,f4329ddf82a418a6e12f1ba978bc1523_644311b63b607133c989d7c1188467dafc0.jpg?1785584143,Crystal,22,6,WHM
Taiya Li,41293767,32,21,Phoenix,Light,299,0,7dc31b9a880ba3f36a3ef1208e0c5909_5047bc596a4bab2dc7f7c120bb22dec5fc0.jpg?1785581378,Crystal,12,2,MNK
Leedo Dale,25033597,33,22,Zodiark,Light,298,0,9e122691e98bda2ea6abe86ed7b81a63_c274370774c6bc3483cc8740805f41bcfc0.jpg?1785584235,Crystal,77,25,GNB
Holos Ymir,35299241,34,23,Cerberus,Chaos,297,0,f8029ed36fad032333305dfa455cddec_777c57311d510ca65dac3c1077dee435fc0.jpg?1785582587,Crystal,10,1,SMN
Ciel Melrose,58478493,35,24,Raiden,Light,297,0,2c7b597e2437a00ad9f0fc0439c68531_a370664d98f658f4ed4e620f378f73cdfc0.jpg?1785584027,Crystal,2,0,SAM
Tarutella Goldfish,4235488,36,27,Phoenix,Light,295,0,f269741c27ca22c02db955557e7283fa_5047bc596a4bab2dc7f7c120bb22dec5fc0.jpg?1785581526,Crystal,2,0,FSH
Mitsuki Mirai,18435457,37,29,Louisoix,Chaos,287,0,365f1772f387bd280bdbfc16afbd5e4e_0a122616f3718d3f45cab10fd8fc1604fc0.jpg?1785581792,Crystal,4,1,SMN
Meryll Enetari,24681550,38,54,Cerberus,Chaos,203,203,f4fe16c70d7023e2101e19421c5abf1e_777c57311d510ca65dac3c1077dee435fc0.jpg?1785583305,Crystal,80,19,DNC
Farnese Shieldmaiden,24419493,39,40,Cerberus,Chaos,203,103,dcec016c4a6cd9a2bd3a2b73183f5a65_777c57311d510ca65dac3c1077dee435fc0.jpg?1785581156,Crystal,14,1,PLD
Brutal Killer,8885117,40,31,Ragnarok,Chaos,203,0,30c6a6207c7e93d407784888a7f29c97_40d57ba713628f3f1ef5ef204b6d76d2fc0.jpg?1785581642,Crystal,3,0,DRK
Elohim Meth,60682611,41,33,Raiden,Light,200,0,0b14f1751b014118eca06236e1fdf2bf_a370664d98f658f4ed4e620f378f73cdfc0.jpg?1785581252,Crystal,16,6,UNK
Yamizura Kumozuma,19652230,42,34,Twintania,Light,200,0,24bbc9cebf09eb83efcbc272c3085fd1_c33f640c0cdd35f7def85b8aa31a0007fc0.jpg?1785584256,Crystal,1,0,SCH
Lhei Tayun,25191408,43,51,Zodiark,Light,199,199,6ee93960f16da0ea5150fe1b7590dfa4_c274370774c6bc3483cc8740805f41bcfc0.jpg?1785581771,Crystal,45,25,BLM
Dragonlife Saijax,29449285,44,45,Moogle,Chaos,199,0,3c08546d3793d12f77cc0b00d3a3af5b_d7a9d5f85a29d6278ec1c7adc2c8d242fc0.jpg?1785580697,Crystal,13,0,GNB
Deadrise Mutombo,31730694,45,35,Ragnarok,Chaos,199,0,a382acb94313f23d966dd6d39d909bea_40d57ba713628f3f1ef5ef204b6d76d2fc0.jpg?1785582747,Crystal,7,3,DRG
Zot To,18725302,46,37,Cerberus,Chaos,196,0,852c16bac4fe7f528a8653c65704e818_777c57311d510ca65dac3c1077dee435fc0.jpg?1785583793,Crystal,1,0,DRG
Sakurane Zero'yuurai,13075529,47,38,Ragnarok,Chaos,100,0,b65369d4b043831749f5fa45d2428e30_40d57ba713628f3f1ef5ef204b6d76d2fc0.jpg?1785580900,Crystal,31,0,FSH
Sunie Mochi,12728791,48,39,Twintania,Light,100,0,4760f9b45bd6f71f83adbd97ab87eae3_c33f640c0cdd35f7def85b8aa31a0007fc0.jpg?1785584102,Crystal,27,9,DNC
Shino Yaru,38308969,49,57,Phoenix,Light,100,100,0662727bb913ed7fe3009f3542ea1e64_5047bc596a4bab2dc7f7c120bb22dec5fc0.jpg?1785582254,Crystal,24,13,UNK
Ebin Almsivi,35310847,50,55,Shiva,Light,100,100,0c72e527d2d86c2ee8f4698832e880b5_3fbff0e6b620e4d259dc427abc6574dafc0.jpg?1785582896,Crystal,23,8,PLD
Yuumi Fish,25707217,51,52,Cerberus,Chaos,100,100,1a7ebbda26c28eb61f262b9fb37e8c6e_777c57311d510ca65dac3c1077dee435fc0.jpg?1785583515,Crystal,18,2,BLU
Vai Zol,38270926,52,41,Odin,Light,100,0,2e78b44195db83336b1acbe75927a864_644311b63b607133c989d7c1188467dafc0.jpg?1785584032,Crystal,9,3,RDM
Moki Moki,14235486,53,42,Odin,Light,100,0,82d3ef8d03fa7a6ddf4429f15fd296a2_644311b63b607133c989d7c1188467dafc0.jpg?1785582911,Crystal,1,0,MNK
Limit Cat,37849108,54,43,Lich,Light,100,0,5b03795e0323d8633451ea410c4aeced_7206469080400ed57a5373d0a9c55c59fc0.jpg?1785581173,Crystal,0,0,MNK
Ase Dora,42603487,55,44,Alpha,Light,0,0,78626e6cf6f07875d5ac9527a5bd0c4d_6132295fcf5570fb8b0a944ef322a598fc0.jpg?1785581647,Diamond,34,0,PLD
Baka Bao,30345026,56,46,Phantom,Chaos,0,0,57df7efcbcdf8f1aca84c4f1435c36ba_f0a43d6e5eea19af337a176e9836acddfc0.jpg?1785582752,Diamond,44,6,SAM
Memento Mo'ri,1641495,57,50,Ragnarok,Chaos,0,0,86323bce84189061b1d71ff1dc25266a_40d57ba713628f3f1ef5ef204b6d76d2fc0.jpg?1785584090,Diamond,36,5,ALC
Littlebard Crits,44849524,58,48,Lich,Light,0,0,85155be3d7c3c8936c428085496b1e8d_7206469080400ed57a5373d0a9c55c59fc0.jpg?1785583868,Diamond,9,0,UNK
Tay Talenath,45740169,59,49,Raiden,Light,0,0,b2fa0c7222f7e3ebe117f24a200e11d8_a370664d98f658f4ed4e620f378f73cdfc0.jpg?1785584004,Diamond,89,24,SCH
Ul Unhu,9592278,60,63,Phoenix,Light,0,0,d703e404c81140848dbcd200abc4ef7e_5047bc596a4bab2dc7f7c120bb22dec5fc0.jpg?1785583418,Diamond,82,12,AST
Delzor Waka,40194085,61,69,Odin,Light,0,0,bde30c4caff355f65cf9761727b12725_644311b63b607133c989d7c1188467dafc0.jpg?1785583304,Diamond,57,26,MCH
Haki Haki,8290724,62,59,Ragnarok,Chaos,0,0,3fc43df6da1c629c59b5cdae63dee7a7_40d57ba713628f3f1ef5ef204b6d76d2fc0.jpg?1785582047,Diamond,35,9,SMN
Sayuri Maeshima,33888798,63,60,Omega,Chaos,0,0,9543e703e2409901a4e4c51fcd72a0bd_39e25ac3d737c46452305eefe324372cfc0.jpg?1785582901,Diamond,22,7,WHM
Vanilla Blossom,41496807,64,72,Moogle,Chaos,0,0,b0e7d1b464d155d8791692fe2e47299d_d7a9d5f85a29d6278ec1c7adc2c8d242fc0.jpg?1785582493,Diamond,16,4,DRK
Lia Lothje,30611623,65,56,Odin,Light,0,0,12f34ee0f0d0404c9b47a7fea301f068_644311b63b607133c989d7c1188467dafc0.jpg?1785583718,Diamond,12,0,SGE
Skillpade Skyr,37019657,66,83,Lich,Light,0,0,e520a31662bd7030c96e4951a4f2d301_7206469080400ed57a5373d0a9c55c59fc0.jpg?1785580970,Diamond,83,29,BLM
Neo Saladin,60195724,67,58,Alpha,Light,0,0,d61ef205c9700150e78797546d2ac263_6132295fcf5570fb8b0a944ef322a598fc0.jpg?1785584196,Diamond,49,21,GNB
Zecht Bradamant,31785474,68,108,Omega,Chaos,0,0,b0b8438e6682f2931a1a930121d0ab43_39e25ac3d737c46452305eefe324372cfc0.jpg?1785583611,Diamond,30,27,MCH
Kimbi Aoe,24693270,69,62,Shiva,Light,0,0,67e0ddfb70faf5725a971d086cfdce61_3fbff0e6b620e4d259dc427abc6574dafc0.jpg?1785583338,Diamond,15,2,MCH
Two Koma,51508003,70,0,Zodiark,Light,0,0,15a666f8d7bb67401300fae763ce4d32_c274370774c6bc3483cc8740805f41bcfc0.jpg?1785582319,Diamond,38,12,SAM
Princess Emi,5884527,71,64,Twintania,Light,0,0,4ab2080550ab1fb15ca76fbfe8e8d512_c33f640c0cdd35f7def85b8aa31a0007fc0.jpg?1785583556,Diamond,30,0,VPR
Isca Mog,32212471,72,65,Zodiark,Light,0,0,e47f3ccc4bd8599193929766ab0abd2c_c274370774c6bc3483cc8740805f41bcfc0.jpg?1785581239,Diamond,13,0,BLM
Sal Ren,40787945,73,82,Phoenix,Light,0,0,9613f7a8c0a759977b8a3fe787fed7e0_5047bc596a4bab2dc7f7c120bb22dec5fc0.jpg?1785581611,Diamond,12,4,DRG
Leia Leia,61767715,74,66,Twintania,Light,0,0,da1bea022b3ca64e80681b4a30a9d7e1_c33f640c0cdd35f7def85b8aa31a0007fc0.jpg?1785580893,Diamond,56,0,DRG
Chise Hatori',9182735,75,67,Ragnarok,Chaos,0,0,236f29f4984f26e6b197da380f104a63_40d57ba713628f3f1ef5ef204b6d76d2fc0.jpg?1785583163,Diamond,42,8,VPR
Blunt Man,35300195,76,67,Louisoix,Chaos,0,0,bfddeb1fd8c57b9259f8bb179dd8158b_0a122616f3718d3f45cab10fd8fc1604fc0.jpg?1785581296,Diamond,34,0,SAM
Sotek Scherwil,486374,77,71,Twintania,Light,0,0,c881840c18d6c9fc415801f5f8240174_c33f640c0cdd35f7def85b8aa31a0007fc0.jpg?1785581806,Diamond,18,0,DRK
Hyzenthlay Efrafa,1817919,78,73,Ragnarok,Chaos,0,0,f61f49f2ed95a3709fa034686da0eb63_40d57ba713628f3f1ef5ef204b6d76d2fc0.jpg?1785582976,Diamond,6,0,RPR
Pat Olehouse,17156873,79,90,Lich,Light,0,0,54c944c62ef7bd68e95a2a558d856482_7206469080400ed57a5373d0a9c55c59fc0.jpg?1785583729,Diamond,30,4,PLD
Erion Hein,39135014,80,74,Twintania,Light,0,0,ba6bc1e1e70e5f3402d91ecfcf7d01e8_c33f640c0cdd35f7def85b8aa31a0007fc0.jpg?1785581562,Diamond,29,4,MIN
Victoria Nyala,43751055,81,75,Phoenix,Light,0,0,d41ca298e2f03ee2273aca61640ebce0_5047bc596a4bab2dc7f7c120bb22dec5fc0.jpg?1785584099,Diamond,21,0,MCH
Evvie Hwyi,60349732,82,149,Phantom,Chaos,0,0,d4ebfd0621314af6eaf4a106071ff400_f0a43d6e5eea19af337a176e9836acddfc0.jpg?1785581694,Diamond,20,8,PLD
Sheidyn Windsor,30282791,83,94,Omega,Chaos,0,0,e3eaa192d0e2b6192580f940474cd0b5_39e25ac3d737c46452305eefe324372cfc0.jpg?1785584012,Diamond,13,4,SAM
Spannah Banana,26233821,84,76,Spriggan,Chaos,0,0,982829c9c509b90f9e17b94711c775dd_feaf0a2e88ff164813fbc9b85876fa48fc0.jpg?1785581849,Diamond,12,0,RDM
Sin Mirrorslave,43994621,85,77,Raiden,Light,0,0,3f8e3345c252d3f9b50e27c481f91100_a370664d98f658f4ed4e620f378f73cdfc0.jpg?1785583223,Diamond,11,0,UNK
Selin Naari,16360751,86,78,Cerberus,Chaos,0,0,fb2c3681e2cb33bdcd7894d5aad0b9ec_777c57311d510ca65dac3c1077dee435fc0.jpg?1785582981,Diamond,10,5,DRG
Lsi Lsi,47353875,87,101,Lich,Light,0,0,792b3235fe2fbd35d956e856c210194f_7206469080400ed57a5373d0a9c55c59fc0.jpg?1785582578,Diamond,43,5,PCT
Lina Sunstar,52075433,88,80,Spriggan,Chaos,0,0,d60c4576e74acfcd0ed77a6ea5d48800_feaf0a2e88ff164813fbc9b85876fa48fc0.jpg?1785580994,Diamond,38,19,WHM
Cipher Strife,7955322,89,92,Ragnarok,Chaos,0,0,fd0f2644fe22871d381e6bae8798c484_40d57ba713628f3f1ef5ef204b6d76d2fc0.jpg?1785582923,Diamond,35,21,GNB
Remes Yveltar,21757305,90,79,Odin,Light,0,0,20b9e744e2190850310da72ffaf5c5d4_644311b63b607133c989d7c1188467dafc0.jpg?1785583930,Diamond,24,0,VPR
Aris Oz,41983172,91,102,Zodiark,Light,0,0,abbd4cf51609bf59977c5b4850c4c351_c274370774c6bc3483cc8740805f41bcfc0.jpg?1785581161,Diamond,15,4,WAR
Shadow Aya,54551815,92,104,Zodiark,Light,0,0,5ca13f39db9eefc50e8e57be73e7254e_c274370774c6bc3483cc8740805f41bcfc0.jpg?1785582914,Diamond,12,5,DRK
Khorasan Ataraxia,47289604,93,146,Shiva,Light,0,0,721a6c9c723209b16696818df4cf0c93_3fbff0e6b620e4d259dc427abc6574dafc0.jpg?1785581865,Diamond,53,8,UNK
Wieg Wiggles,35061622,94,168,Lich,Light,0,0,61256a3e6c4f0c3dcc05469f5550d102_7206469080400ed57a5373d0a9c55c59fc0.jpg?1785581130,Diamond,50,15,WAR
Brian Ricardo,23607238,95,84,Zodiark,Light,0,0,9c9d045f5f22c579ce5c24faa2b9b303_c274370774c6bc3483cc8740805f41bcfc0.jpg?1785583495,Diamond,32,0,SGE
Glyceri Chosuti,30338174,96,86,Moogle,Chaos,0,0,6d93c9241424e92e6f0351d35d8b6eaa_d7a9d5f85a29d6278ec1c7adc2c8d242fc0.jpg?1785581443,Diamond,19,11,MCH
Renna Vorak,25421061,96,85,Raiden,Light,0,0,c2dc94bad32c136ebcdcb42ec56ba1c3_a370664d98f658f4ed4e620f378f73cdfc0.jpg?1785581718,Diamond,19,6,BRD
Brindacier Alomon,26055030,98,122,Phoenix,Light,0,0,fbefc8262b34e93b398aa2dde0c2e4b8_5047bc596a4bab2dc7f7c120bb22dec5fc0.jpg?1785583909,Diamond,15,14,SMN
Yuripa Arashi,37731658,99,88,Shiva,Light,0,0,73ff0d0b3cc5f92ec79dabffa2bedf80_3fbff0e6b620e4d259dc427abc6574dafc0.jpg?1785583301,Diamond,10,6,RDM
Madelynn Veil,49771412,100,86,Omega,Chaos,0,0,92f91d9225bb816c6562fb117814681e_39e25ac3d737c46452305eefe324372cfc0.jpg?1785583642,Diamond,8,0,WAR
Taivas L'tulta,46948666,101,89,Odin,Light,0,0,30ba088e17b99c9f748bd47b4ff33fb4_644311b63b607133c989d7c1188467dafc0.jpg?1785582114,Diamond,4,1,SCH
Keraunos Greywolfe,31183458,102,123,Alpha,Light,0,0,3431088cd9f33e5f20e30162c35286fd_6132295fcf5570fb8b0a944ef322a598fc0.jpg?1785581865,Diamond,100,22,DRK
Arienai Nashi,47596567,103,99,Zodiark,Light,0,0,ccbc05e41375849179a5f554d78d7ae1_c274370774c6bc3483cc8740805f41bcfc0.jpg?1785583348,Diamond,97,3,SGE
Maggot Maggot,61703768,104,125,Omega,Chaos,0,0,3657d57f4a20a5d901d7f4537f1b7307_39e25ac3d737c46452305eefe324372cfc0.jpg?1785582979,Diamond,58,6,WAR
Dundee Nic'hpisfa,35976824,105,170,Odin,Light,0,0,8eda92b5ce2e258786d149b7cb349e09_644311b63b607133c989d7c1188467dafc0.jpg?1785582729,Diamond,27,10,MCH
Roy Dimgao,29524655,106,93,Omega,Chaos,0,0,320af7149c63c337e5826c2c2cc1bf37_39e25ac3d737c46452305eefe324372cfc0.jpg?1785582207,Diamond,16,4,WHM
Kihn Shirudo,43951482,107,91,Spriggan,Chaos,0,0,2e619166d10daa6082c54563a5af17ff_feaf0a2e88ff164813fbc9b85876fa48fc0.jpg?1785582493,Diamond,15,0,DRK
Magidolce Magileine,39132419,108,97,Twintania,Light,0,0,088bd05d5a98251023ecb7e28a638b68_c33f640c0cdd35f7def85b8aa31a0007fc0.jpg?1785581721,Diamond,11,7,PCT
Izuma Knox,48747330,109,95,Spriggan,Chaos,0,0,e4ecfd700fe3f6df45f6409e46a09d8b_feaf0a2e88ff164813fbc9b85876fa48fc0.jpg?1785583617,Diamond,9,2,SGE
Smoothie Sour,42056621,110,96,Zodiark,Light,0,0,247388cdfc4db1451cf9df83cce7b3a1_c274370774c6bc3483cc8740805f41bcfc0.jpg?1785583305,Diamond,7,1,WAR
Endorel Soro,12949151,111,0,Alpha,Light,0,0,038b9a835f84a3b80a8a467605d3dd8c_6132295fcf5570fb8b0a944ef322a598fc0.jpg?1785581797,Diamond,4,0,UNK
Mirajane Hylian,24248886,111,97,Omega,Chaos,0,0,32bbb40f8ae6e32a1317f2919c7a1a42_39e25ac3d737c46452305eefe324372cfc0.jpg?1785580896,Diamond,4,0,DRG
Staz Hellcat,8016319,113,100,Cerberus,Chaos,0,0,c7e860ceda35e35e41bca47bf02624be_777c57311d510ca65dac3c1077dee435fc0.jpg?1785583512,Diamond,49,8,PLD
Mina Ha,50543888,114,102,Raiden,Light,0,0,712f53c2b6ed3bc9fa9cc0b0b60a16d7_a370664d98f658f4ed4e620f378f73cdfc0.jpg?1785581847,Diamond,11,0,SCH
Fandrix Shadowsong,36051326,115,105,Louisoix,Chaos,0,0,e8515941184b5c25f2622f1899a0969a_0a122616f3718d3f45cab10fd8fc1604fc0.jpg?1785582090,Diamond,6,0,RPR
Lawr Hawk,28248881,115,105,Odin,Light,0,0,e241b26df61ea0e201b637a7ae6c4cd4_644311b63b607133c989d7c1188467dafc0.jpg?1785582973,Diamond,6,0,VPR
Ny Aa,49048302,117,107,Zodiark,Light,0,0,a75fda4dbe97ffbaf98a55c7ea86fa64_c274370774c6bc3483cc8740805f41bcfc0.jpg?1785581011,Diamond,4,0,RDM
Tisha Adori,32551351,118,108,Zodiark,Light,0,0,a1f13f2decf7933275b7ce63051dc06f_c274370774c6bc3483cc8740805f41bcfc0.jpg?1785581811,Diamond,3,0,MCH
Maru Tani,58799026,119,110,Alpha,Light,0,0,b632027978294d1f77f2347d48fc3704_6132295fcf5570fb8b0a944ef322a598fc0.jpg?1785583510,Diamond,2,0,SCH
Neclord Drakan,34358772,119,110,Phoenix,Light,0,0,7e002012c8fc4f9e493cd5879573e088_5047bc596a4bab2dc7f7c120bb22dec5fc0.jpg?1785583095,Diamond,2,0,PLD
Nana Usui,34696904,121,112,Moogle,Chaos,0,0,abd9e807ccb2486ea89e3deab9cc56d2_d7a9d5f85a29d6278ec1c7adc2c8d242fc0.jpg?1785583926,Diamond,34,0,AST
Saki Aiko,58256956,121,147,Zodiark,Light,0,0,f65bf40d95342ebe3141def95c5232bc_c274370774c6bc3483cc8740805f41bcfc0.jpg?1785583069,Diamond,34,3,WHM
Nemesis Sol,49622209,123,113,Shiva,Light,0,0,1bcb80e23a56918c49abb6d50ef563af_3fbff0e6b620e4d259dc427abc6574dafc0.jpg?1785583422,Diamond,26,5,AST
Akurei Amotanius,36595921,124,150,Odin,Light,0,0,ca5d9f24b62995e3bcb5d25cc576fc70_644311b63b607133c989d7c1188467dafc0.jpg?1785580963,Diamond,16,9,MNK
Kai Usami,51704875,125,114,Raiden,Light,0,0,de98603cf09d40c4587c720f86e73817_a370664d98f658f4ed4e620f378f73cdfc0.jpg?1785581799,Diamond,14,0,UNK
Diggoo Jumalxtenlavis,21389976,126,115,Zodiark,Light,0,0,ae5b9d280ccfc178e7b74cd839ec5e43_c274370774c6bc3483cc8740805f41bcfc0.jpg?1785581685,Diamond,12,0,DRK
Melili Nalili,60720700,127,116,Twintania,Light,0,0,24a7b96fbc052a40de9c6f7809fe72fe_c33f640c0cdd35f7def85b8aa31a0007fc0.jpg?1785584164,Diamond,11,0,WAR
Bing Bing,50857849,128,117,Odin,Light,0,0,1a2b77cf04680b9bfe1c19f07f9f1f44_644311b63b607133c989d7c1188467dafc0.jpg?1785582949,Diamond,10,2,MCH
Lolorei Lalarei,3686155,129,117,Omega,Chaos,0,0,da6ff12e4effc4cbacfe1b954f1c3bf5_39e25ac3d737c46452305eefe324372cfc0.jpg?1785583291,Diamond,8,0,WHM
Mer Lin,50434149,130,119,Spriggan,Chaos,0,0,52a13256ecf71bc72e25a6b211b196c8_feaf0a2e88ff164813fbc9b85876fa48fc0.jpg?1785583633,Diamond,7,0,BRD
Wimp Lo,37793632,131,120,Zodiark,Light,0,0,45ed053d252c3a44eabe55329426aa37_c274370774c6bc3483cc8740805f41bcfc0.jpg?1785584173,Diamond,4,0,NIN
Xiex Xie,40733160,132,121,Zodiark,Light,0,0,f253e0943a65dac103a6dfd764a01f52_c274370774c6bc3483cc8740805f41bcfc0.jpg?1785581452,Diamond,3,0,MIN
Ash Dreadsaint,16641514,133,0,Alpha,Light,0,0,35babc8a56d97c1de09ffbf594068bd0_6132295fcf5570fb8b0a944ef322a598fc0.jpg?1785582391,Diamond,1,0,DRK
Yinwea Levai,36476322,134,264,Shiva,Light,0,0,944bf3a8e93fcc8f15f3f521462d11b5_3fbff0e6b620e4d259dc427abc6574dafc0.jpg?1785582403,Diamond,82,30,BLM
Kiara Anima,33528154,135,124,Raiden,Light,0,0,f1bb383b8594f615718c3d7f602fc10c_a370664d98f658f4ed4e620f378f73cdfc0.jpg?1785582403,Diamond,53,0,FSH
Bagel Egg,18929023,136,127,Omega,Chaos,0,0,f655117235b1c0d199ca39849579a631_39e25ac3d737c46452305eefe324372cfc0.jpg?1785580830,Diamond,47,18,DRG
Celeste Starblade,57129516,137,126,Phoenix,Light,0,0,f658a7c187303ff40c92c131f45b6f67_5047bc596a4bab2dc7f7c120bb22dec5fc0.jpg?1785582270,Diamond,42,0,SAM
Real Man,30765848,138,162,Phantom,Chaos,0,0,c4364c95053914411433fe7e1cc07c6f_f0a43d6e5eea19af337a176e9836acddfc0.jpg?1785584277,Diamond,37,9,DRG
Rin Tanaka,24116937,139,176,Phoenix,Light,0,0,05caa52c69a69c31a889325a1f319530_5047bc596a4bab2dc7f7c120bb22dec5fc0.jpg?1785582522,Diamond,31,12,DRG
Nihan Hex,53453486,140,128,Cerberus,Chaos,0,0,15de173462fb012d8bb6ffee6c41a2a1_777c57311d510ca65dac3c1077dee435fc0.jpg?1785580811,Diamond,24,0,NIN
Ark Kekko,50821807,141,129,Omega,Chaos,0,0,b81b1c241e98f7a5f9b9c81665be1243_39e25ac3d737c46452305eefe324372cfc0.jpg?1785583405,Diamond,23,0,BRD
Eden Sight,26795634,142,186,Zodiark,Light,0,0,0082848ea437238b52e2fc002e546579_c274370774c6bc3483cc8740805f41bcfc0.jpg?1785582745,Diamond,22,11,DRG
Uraraka Lunae,19968499,143,131,Louisoix,Chaos,0,0,87178981b631653f4905b195c6c49583_0a122616f3718d3f45cab10fd8fc1604fc0.jpg?1785581293,Diamond,21,10,DRG
General Aardvark,48423100,144,130,Twintania,Light,0,0,cf88029724167c1d18ed8c536a862900_c33f640c0cdd35f7def85b8aa31a0007fc0.jpg?1785583513,Diamond,17,5,WAR
Lauressen Ornedwesfv,49280645,145,0,Louisoix,Chaos,0,0,36b2248a22465d5d00bf7ed02491ae4b_0a122616f3718d3f45cab10fd8fc1604fc0.jpg?1785581542,Diamond,16,0,SMN
Guimiko Miko,54285624,146,133,Moogle,Chaos,0,0,610c37aeb64c6149d7c6d5ea93a8114e_d7a9d5f85a29d6278ec1c7adc2c8d242fc0.jpg?1785582417,Diamond,12,8,WHM
Illyrion Akatsuki,56186869,146,137,Odin,Light,0,0,b36972ee34bfd25f82ce348b32b6f5da_644311b63b607133c989d7c1188467dafc0.jpg?1785580959,Diamond,12,12,RDM
Feral Jorex,21749898,148,132,Odin,Light,0,0,f9027c778862384a6ae4224efd2fe7c3_644311b63b607133c989d7c1188467dafc0.jpg?1785581858,Diamond,8,2,SMN
Baby Starz,27999014,149,135,Omega,Chaos,0,0,e8cb7daea22ff306dcc9397ecad5a4a2_39e25ac3d737c46452305eefe324372cfc0.jpg?1785581976,Diamond,4,2,NIN
Doctor Zoidberg,9214410,150,134,Cerberus,Chaos,0,0,40bc630c90e57d0ca265dd7fc809d5c8_777c57311d510ca65dac3c1077dee435fc0.jpg?1785583903,Diamond,3,0,WAR
Mestari Kalastaja,38441307,151,0,Omega,Chaos,0,0,52dc7dc38ddeaaedbae9f2b43a6ca546_39e25ac3d737c46452305eefe324372cfc0.jpg?1785582993,Diamond,2,0,WHM
Kyouko Owo,25629243,152,136,Louisoix,Chaos,0,0,4fbeb17208a00397ad05eebfc2d20d2f_0a122616f3718d3f45cab10fd8fc1604fc0.jpg?1785580837,Diamond,1,0,WHM
Alterion Vinea,12652045,153,137,Spriggan,Chaos,0,0,9bffaa652b4614ee6c33fdd6e07fdea8_feaf0a2e88ff164813fbc9b85876fa48fc0.jpg?1785583129,Diamond,0,0,DRK
Altrios Alrun,37280856,153,137,Odin,Light,0,0,eed006603ff3859a7471671dcb9c221c_644311b63b607133c989d7c1188467dafc0.jpg?1785582801,Diamond,0,0,GNB
Amarth Vual,37220642,153,137,Lich,Light,0,0,64bdc4017f196c6ab4c813692496b5f6_7206469080400ed57a5373d0a9c55c59fc0.jpg?1785584275,Diamond,0,0,PLD
Death Fury,9386074,153,137,Ragnarok,Chaos,0,0,f334633b7adb1af69b68d26c3dc12e81_40d57ba713628f3f1ef5ef204b6d76d2fc0.jpg?1785580989,Diamond,0,0,WAR
Decha Kirk,32806624,153,137,Moogle,Chaos,0,0,e50b415f85b832de8463247f434991ce_d7a9d5f85a29d6278ec1c7adc2c8d242fc0.jpg?1785580746,Diamond,0,0,BLM
Gella Zenhat,16553524,153,137,Cerberus,Chaos,0,0,34542c2a2fe5b9a690d00a5565e15c1b_777c57311d510ca65dac3c1077dee435fc0.jpg?1785582422,Diamond,0,0,WHM
Yoe Lleufyn,28631681,153,137,Phoenix,Light,0,0,9584dd8fac44ba749b0855105a0e29e9_5047bc596a4bab2dc7f7c120bb22dec5fc0.jpg?1785581482,Diamond,0,0,PCT
Zoera Rinn,47442640,153,137,Alpha,Light,0,0,1a8a49a922d7b9ede1f40d3e59c5b86f_6132295fcf5570fb8b0a944ef322a598fc0.jpg?1785582105,Diamond,0,0,GNB
Yasuki San,61688064,161,164,Phantom,Chaos,0,0,37dbf9b8936faaf9c75f598c38dcac11_f0a43d6e5eea19af337a176e9836acddfc0.jpg?1785581849,Platinum,47,11,UNK
Stephanie Dolla,28876458,162,160,Lich,Light,0,0,753eeef7260d5b48fedb9d189d2b51ca_7206469080400ed57a5373d0a9c55c59fc0.jpg?1785583250,Platinum,27,2,PLD
Lise-hoi Pipeloi,29719212,163,158,Cerberus,Chaos,0,0,57c5498cda4f5b24c975d5c6ad1dad53_777c57311d510ca65dac3c1077dee435fc0.jpg?1785584035,Platinum,20,7,DRK
Rave Bae,47220633,164,223,Alpha,Light,0,0,e640b0d43fa0078b032cbecc50b4e94c_6132295fcf5570fb8b0a944ef322a598fc0.jpg?1785583783,Platinum,17,12,SAM
Pattinger Kersel,8183392,165,148,Raiden,Light,0,0,4fec5839fc0fc0bba3a80fc4e1910660_a370664d98f658f4ed4e620f378f73cdfc0.jpg?1785583402,Platinum,13,0,WAR
Gaspard Deguingoix,11032081,166,153,Moogle,Chaos,0,0,b9283e6a6be9cd219ee0afea98546775_d7a9d5f85a29d6278ec1c7adc2c8d242fc0.jpg?1785584040,Platinum,12,4,RDM
Frankie Urien,32323176,167,184,Odin,Light,0,0,ffae33588fe71f102672b7defdb50a30_644311b63b607133c989d7c1188467dafc0.jpg?1785581770,Platinum,58,20,GNB
Mono Lith,59519255,168,151,Omega,Chaos,0,0,2d12a270aa7b3b097c78dcc93127e881_39e25ac3d737c46452305eefe324372cfc0.jpg?1785580846,Platinum,18,2,DRG
Sentika Thiel,31702916,169,155,Zodiark,Light,0,0,50ae19a11ef85e68cde6a1c26ccaf1d1_c274370774c6bc3483cc8740805f41bcfc0.jpg?1785582187,Platinum,3,2,DRG
Merily Marlin,52216084,170,152,Louisoix,Chaos,0,0,1b485637d5f1df89d363a45b95cba49c_0a122616f3718d3f45cab10fd8fc1604fc0.jpg?1785582584,Platinum,60,0,FSH
C'rhun Tia,59338588,171,154,Spriggan,Chaos,0,0,b2ff4ed07ded26f7b90db369f6c22e10_feaf0a2e88ff164813fbc9b85876fa48fc0.jpg?1785582661,Platinum,4,0,SCH
Error Message,13464395,172,0,Odin,Light,0,0,37584823c6898787a88ec74ca750c2b7_644311b63b607133c989d7c1188467dafc0.jpg?1785583582,Platinum,38,32,MCH
Athena Olympe,44680885,173,156,Sagittarius,Chaos,0,0,7e7afe9e9cebc29cee3220c1e0530540_44ca0844398b2d010d8cd4a31ddb023dfc0.jpg?1785582402,Platinum,33,4,BLM
Vermilion Rose,4596210,174,157,Phantom,Chaos,0,0,6eeb39ac8e979b57130040ff257bf772_f0a43d6e5eea19af337a176e9836acddfc0.jpg?1785580707,Platinum,17,0,PLD
Malachi Lights,3074032,175,0,Shiva,Light,0,0,e2d7cd0b9daba53c8f2e584c50e288b5_3fbff0e6b620e4d259dc427abc6574dafc0.jpg?1785582113,Platinum,15,0,MNK
Seraban Mistodisushi,25116690,175,197,Omega,Chaos,0,0,9ab6f5d4307a747e8378402c6070b2a7_39e25ac3d737c46452305eefe324372cfc0.jpg?1785584058,Platinum,15,13,UNK
Astinus Zivlyne,4289243,177,159,Shiva,Light,0,0,1d876b5e49c40cda49b1b7afdd305d4d_3fbff0e6b620e4d259dc427abc6574dafc0.jpg?1785583945,Platinum,11,0,SMN
Rainy Moody,18521804,178,0,Raiden,Light,0,0,4376b79862aa6ab1a2b37b54be8e3543_a370664d98f658f4ed4e620f378f73cdfc0.jpg?1785581120,Platinum,7,0,SAM
Airi Rhitik,2286171,179,161,Moogle,Chaos,0,0,0e7c747879926e0f575c8444323c478f_d7a9d5f85a29d6278ec1c7adc2c8d242fc0.jpg?1785582261,Platinum,13,0,SAM
Veritan Indaerus,21877909,180,163,Odin,Light,0,0,978a128ddf080c55e3afc742274d0c9f_644311b63b607133c989d7c1188467dafc0.jpg?1785583634,Platinum,2,0,DRG
T'syl Mitnu,35875855,181,165,Twintania,Light,0,0,20f1860def433fa504db9aefe1d56299_c33f640c0cdd35f7def85b8aa31a0007fc0.jpg?1785583115,Platinum,17,2,MNK
Hope Carmine,31931991,182,0,Odin,Light,0,0,4d5e5c176cb534aaf44e67236bf6c171_644311b63b607133c989d7c1188467dafc0.jpg?1785582048,Platinum,15,6,BRD
Yunalesca Amalthea,52854078,182,187,Raiden,Light,0,0,573907fa6acfc8a7b163dc467e2c130a_a370664d98f658f4ed4e620f378f73cdfc0.jpg?1785582206,Platinum,15,12,DNC
Protos Heis,34597162,184,166,Spriggan,Chaos,0,0,1227bb2a621e4455479d060e840ff145_feaf0a2e88ff164813fbc9b85876fa48fc0.jpg?1785583868,Platinum,10,0,WHM
Sevii Ives,32840233,185,167,Spriggan,Chaos,0,0,53517e20a979543039424f8ff9a605ad_feaf0a2e88ff164813fbc9b85876fa48fc0.jpg?1785582381,Platinum,0,0,PCT
Rem Minase,15335467,186,255,Ragnarok,Chaos,0,0,6f4b9532213e5ed122fcac3e5c3b4cc5_40d57ba713628f3f1ef5ef204b6d76d2fc0.jpg?1785581685,Platinum,64,16,AST
Garik Slambert,60482352,187,169,Phoenix,Light,0,0,db0a037687194ebf4febd49e14005a66_5047bc596a4bab2dc7f7c120bb22dec5fc0.jpg?1785580995,Platinum,33,0,ALC
Ramnes Lafougere,27458334,188,240,Ragnarok,Chaos,0,0,084a724c3a596fd9be08d480bcd254d4_40d57ba713628f3f1ef5ef204b6d76d2fc0.jpg?1785581341,Platinum,28,15,SMN
Epiphany Eruyt,23090429,189,181,Lich,Light,0,0,eff479ee1ea70675f2380b47f87b2c8e_7206469080400ed57a5373d0a9c55c59fc0.jpg?1785581124,Platinum,21,5,WHM
Caragai Avagnar,12684852,190,192,Phoenix,Light,0,0,7b337c4d27b7d61d5bde4f5c6b8f951c_5047bc596a4bab2dc7f7c120bb22dec5fc0.jpg?1785581278,Platinum,16,3,WAR
Lu Mi,47806406,190,171,Raiden,Light,0,0,c8d19bad38e9523a4db779b2bf514973_a370664d98f658f4ed4e620f378f73cdfc0.jpg?1785581639,Platinum,16,4,DNC
Zaiko Kazer,29649679,192,172,Lich,Light,0,0,ab5b87afe7d1d53f8a61b85e0c0d0e8d_7206469080400ed57a5373d0a9c55c59fc0.jpg?1785581612,Platinum,12,3,VPR
Schnurrsula Fluff,51217383,193,207,Alpha,Light,0,0,019cbc646bd2ecbd421e42d0b6d98585_6132295fcf5570fb8b0a944ef322a598fc0.jpg?1785581206,Platinum,6,6,UNK
Evan Hycks,7557796,194,0,Phoenix,Light,0,0,52f7406f92df6db10a921ea3efdc9dd4_5047bc596a4bab2dc7f7c120bb22dec5fc0.jpg?1785582208,Platinum,2,0,DRG
Riku Yamamoto,50962515,195,180,Raiden,Light,0,0,2737e3393944ab82a3eec48071df16a8_a370664d98f658f4ed4e620f378f73cdfc0.jpg?1785581322,Platinum,61,5,DRK
Dacien Darlett,3339751,196,173,Odin,Light,0,0,0311b8a0924e142c3f1da4b81f645156_644311b63b607133c989d7c1188467dafc0.jpg?1785583721,Platinum,58,0,SCH
Mimi Skykru,33956705,197,174,Phoenix,Light,0,0,5c8b2e44de3760f515d4623b4056e983_5047bc596a4bab2dc7f7c120bb22dec5fc0.jpg?1785582095,Platinum,50,2,DRG
Hex Me,33474528,198,175,Twintania,Light,0,0,9a101efdb226e330a61a1c1d4f73a726_c33f640c0cdd35f7def85b8aa31a0007fc0.jpg?1785583924,Platinum,22,0,MCH
Rei Dassario,24597443,199,182,Raiden,Light,0,0,a51ce0a687a31ff3b67287e80ea30aed_a370664d98f658f4ed4e620f378f73cdfc0.jpg?1785584063,Platinum,20,11,VPR
Ye Jin,49057312,200,177,Alpha,Light,0,0,c230435310db6e112e461dbdcafe4cf0_6132295fcf5570fb8b0a944ef322a598fc0.jpg?1785582277,Platinum,12,5,UNK
Libitina Incarne,53924694,201,179,Phantom,Chaos,0,0,43b10121c131b468c3e5c5fe3569ab0e_f0a43d6e5eea19af337a176e9836acddfc0.jpg?1785580879,Platinum,7,4,PLD
Rei Morow,28187368,202,178,Raiden,Light,0,0,3f9c2b5b08b9fdb4c7d188d33979cea6_a370664d98f658f4ed4e620f378f73cdfc0.jpg?1785583222,Platinum,5,0,UNK
Yuno Aiko,41057734,203,214,Zodiark,Light,0,0,1857c02309b39202502cb14a787bf0b4_c274370774c6bc3483cc8740805f41bcfc0.jpg?1785582103,Platinum,44,8,MNK
Elyndra Mayhn,27143285,204,298,Twintania,Light,0,0,e4b30c11c8c987996e50ee4c5899c037_c33f640c0cdd35f7def85b8aa31a0007fc0.jpg?1785583971,Platinum,31,11,SMN
Fig Bish,51129428,205,242,Sagittarius,Chaos,0,0,c71837c3e35206da4d22e995b7cfad54_44ca0844398b2d010d8cd4a31ddb023dfc0.jpg?1785580706,Platinum,17,10,SMN
Leo Wolfram,55309464,206,195,Twintania,Light,0,0,137bda326a93315b803aa0d477a79942_c33f640c0cdd35f7def85b8aa31a0007fc0.jpg?1785583192,Platinum,12,9,GNB
Krek Balflear,48912824,207,0,Sagittarius,Chaos,0,0,3ddedc4fdcf35465d04f99e2b4737a9f_44ca0844398b2d010d8cd4a31ddb023dfc0.jpg?1785583781,Platinum,5,0,SGE
Ai Ka',13500675,208,0,Ragnarok,Chaos,0,0,171f0ab92d0e928acdb718980be9c896_40d57ba713628f3f1ef5ef204b6d76d2fc0.jpg?1785581106,Platinum,0,0,BRD
Vincent God,14069867,209,0,Phoenix,Light,0,0,7d8e17eab1b900c1741204dbf199eb48_5047bc596a4bab2dc7f7c120bb22dec5fc0.jpg?1785584079,Platinum,27,13,CUL
Nimui Moonmoon,32082532,210,185,Zodiark,Light,0,0,a6776c984edc3822827a0f3afed86b18_c274370774c6bc3483cc8740805f41bcfc0.jpg?1785583551,Platinum,14,0,SMN
Moira Jargal,37297361,211,0,Omega,Chaos,0,0,a6c3b7dcbf34048b1974302dcb57e4a6_39e25ac3d737c46452305eefe324372cfc0.jpg?1785582272,Platinum,10,8,RPR
Naralis A'roihan,35460975,211,0,Odin,Light,0,0,39833ac3dfdbb3ea64ab911763fea294_644311b63b607133c989d7c1188467dafc0.jpg?1785582627,Platinum,10,0,SCH
Shiki Gami,8985139,213,200,Ragnarok,Chaos,0,0,f10e6efebbe880506131716c831d84b0_40d57ba713628f3f1ef5ef204b6d76d2fc0.jpg?1785582927,Platinum,2,1,SMN
Crystalia Aguilau'ra,51094995,214,235,Phantom,Chaos,0,0,e8e576c74bb3b06299949b7258aa8c6b_f0a43d6e5eea19af337a176e9836acddfc0.jpg?1785583307,Platinum,128,36,UNK
Perhaps Mayhaps,37474425,215,226,Twintania,Light,0,0,cebf8c69029dd630783bec1aab9868e1_c33f640c0cdd35f7def85b8aa31a0007fc0.jpg?1785582096,Platinum,52,7,DRK
Sahamaru Kamijo,13566032,216,202,Lich,Light,0,0,ab5bb27991a2037ddd8e8b0aef304406_7206469080400ed57a5373d0a9c55c59fc0.jpg?1785584283,Platinum,35,7,MNK
Norai Tempest,38251436,217,188,Zodiark,Light,0,0,b7018360f2380ddb9010a48d596309f2_c274370774c6bc3483cc8740805f41bcfc0.jpg?1785584184,Platinum,34,1,BRD
Tenma Death'bringer,54374029,218,190,Louisoix,Chaos,0,0,64bae8fc59f9af667315793ed47e18c5_0a122616f3718d3f45cab10fd8fc1604fc0.jpg?1785583580,Platinum,27,4,GNB
Skadi Eisenfuchs,38610374,219,189,Lich,Light,0,0,da2e0ae75ad34a6461f407787a0c95d0_7206469080400ed57a5373d0a9c55c59fc0.jpg?1785582230,Platinum,24,0,SGE
Jinu Saja,37557023,220,240,Louisoix,Chaos,0,0,ed18601452ec3c3b1def16f37ba89988_0a122616f3718d3f45cab10fd8fc1604fc0.jpg?1785582317,Platinum,23,10,UNK
Ossim Numine,26339671,221,222,Spriggan,Chaos,0,0,c5d164dd5b0090daf2749023d8296214_feaf0a2e88ff164813fbc9b85876fa48fc0.jpg?1785582594,Platinum,18,6,GNB
Subu Miyamoto,33153388,222,191,Phoenix,Light,0,0,247515b8dba3951fe67b91c270d4e745_5047bc596a4bab2dc7f7c120bb22dec5fc0.jpg?1785584049,Platinum,16,0,SAM
Zanzas Olta,23438927,223,193,Alpha,Light,0,0,7776729f1bc0f0c25a713fde32b1292f_6132295fcf5570fb8b0a944ef322a598fc0.jpg?1785583705,Platinum,12,3,MCH
Nicco Sushi,42846008,224,197,Alpha,Light,0,0,ffcb0ee6f92ba9224ade0ee2b0e9917b_6132295fcf5570fb8b0a944ef322a598fc0.jpg?1785583557,Platinum,11,9,SGE
Franziska Hatia,6541981,225,194,Moogle,Chaos,0,0,3346d7c134c0675bdb576962512a264b_d7a9d5f85a29d6278ec1c7adc2c8d242fc0.jpg?1785581424,Platinum,4,0,GSM
Yaku Lune,46321911,225,0,Moogle,Chaos,0,0,32d23a1cabbabb4c647f3dd301537ea3_d7a9d5f85a29d6278ec1c7adc2c8d242fc0.jpg?1785584107,Platinum,4,0,SMN
Serphe Dot,52263876,227,195,Moogle,Chaos,0,0,9650655e67fd2c317b6785da99b8da48_d7a9d5f85a29d6278ec1c7adc2c8d242fc0.jpg?1785583146,Platinum,3,0,DRK
Edgy Maincharacter,34503685,228,197,Omega,Chaos,0,0,bdffb22602f572e2ef683a1f09207b77_39e25ac3d737c46452305eefe324372cfc0.jpg?1785583044,Platinum,2,0,RPR
Ash Zero,49368748,229,285,Shiva,Light,0,0,8c69f041cca72fdc1059bfc9f2f8ecc9_3fbff0e6b620e4d259dc427abc6574dafc0.jpg?1785582774,Platinum,61,17,RDM
Hegel Gil,25438753,230,286,Omega,Chaos,0,0,5ed500fc1dd1d9cbbc95000a80326ff7_39e25ac3d737c46452305eefe324372cfc0.jpg?1785581985,Platinum,51,9,MNK
Rinne Arryn,28659392,231,250,Lich,Light,0,0,ccaa6881b10221d6509a436bc761d3c5_7206469080400ed57a5373d0a9c55c59fc0.jpg?1785582082,Platinum,46,3,UNK
Haadin Maero,25649806,232,251,Cerberus,Chaos,0,0,ab3efb60a6f01134129c732e6e60c255_777c57311d510ca65dac3c1077dee435fc0.jpg?1785582533,Platinum,39,6,RDM
Bigbread Crumbs,61687913,233,201,Zodiark,Light,0,0,77161e6a73b6cf1a75740a7d942ac7ad_c274370774c6bc3483cc8740805f41bcfc0.jpg?1785581259,Platinum,35,0,UNK
Fay Fury,13801627,234,237,Alpha,Light,0,0,c8bf2d24d3b66a91e8891eb6b4043bd8_6132295fcf5570fb8b0a944ef322a598fc0.jpg?1785583444,Platinum,32,5,UNK
Ulysses Akechi,5483508,235,227,Shiva,Light,0,0,9b935972d4c7fc3e78e26c36ad341416_3fbff0e6b620e4d259dc427abc6574dafc0.jpg?1785582977,Platinum,15,4,DRG
Rain Nox,60193350,236,203,Lich,Light,0,0,c063b7c34350713be1ce7beabd8e946e_7206469080400ed57a5373d0a9c55c59fc0.jpg?1785581543,Platinum,12,1,WHM
Daemon Doh'ra,26767946,237,203,Twintania,Light,0,0,06492181a7ceadd34fa55d580e97a909_c33f640c0cdd35f7def85b8aa31a0007fc0.jpg?1785581268,Platinum,11,0,WHM
Diarmuidia Ua-dibhne,60435376,238,245,Cerberus,Chaos,0,0,5d9b7dcb4848e335ad4a88c0dc644669_777c57311d510ca65dac3c1077dee435fc0.jpg?1785580814,Platinum,5,3,DRG
Damnae Faryan,11563557,239,205,Lich,Light,0,0,40252782d0c0214e28fdc5ecc817dae0_7206469080400ed57a5373d0a9c55c59fc0.jpg?1785584121,Platinum,3,0,RDM
Mystletainn Nadir,24684133,240,206,Cerberus,Chaos,0,0,faf29f764d2cf7afaab509b1a316c5d1_777c57311d510ca65dac3c1077dee435fc0.jpg?1785581348,Platinum,1,0,BRD
Blankit Memezan,30259447,241,207,Louisoix,Chaos,0,0,a31367a61ab25517de6c4da4a6f8c225_0a122616f3718d3f45cab10fd8fc1604fc0.jpg?1785583310,Platinum,0,0,WHM
Kitty Purr,35221239,241,207,Zodiark,Light,0,0,5255b02c0e30309529735d2aa66456c5_c274370774c6bc3483cc8740805f41bcfc0.jpg?1785581683,Platinum,0,0,WHM
Koji Ro',3628712,241,207,Ragnarok,Chaos,0,0,34ebce4c42bd3bcb9248759ce42b4b55_40d57ba713628f3f1ef5ef204b6d76d2fc0.jpg?1785583695,Platinum,0,0,UNK
Ori Boo,42845546,241,0,Alpha,Light,0,0,0acf5364cea4ec5d9f9b29448ec22bda_6132295fcf5570fb8b0a944ef322a598fc0.jpg?1785583391,Platinum,0,0,UNK
Neddard Bronzal,58358802,245,212,Cerberus,Chaos,0,0,e264c83d09cf8875716ac17d1287ab31_777c57311d510ca65dac3c1077dee435fc0.jpg?1785584279,Gold,84,36,MCH
Acacia Strain,43137076,246,211,Raiden,Light,0,0,8678948c8fea34b563980d4a6da37e32_a370664d98f658f4ed4e620f378f73cdfc0.jpg?1785582919,Gold,55,0,SMN
Freya Highwind,37533969,247,219,Spriggan,Chaos,0,0,de376c51fd21ccbb1018c1c3fb40734b_feaf0a2e88ff164813fbc9b85876fa48fc0.jpg?1785581398,Gold,51,35,SMN
Zanaki Shimoku,13934933,248,213,Odin,Light,0,0,8b858b5f040e0a16fb17c23034d051e4_644311b63b607133c989d7c1188467dafc0.jpg?1785581780,Gold,41,0,DNC
Charon Tesar,2860491,249,276,Shiva,Light,0,0,71fb4ffe6d15608a77682afdbdef53d7_3fbff0e6b620e4d259dc427abc6574dafc0.jpg?1785582412,Gold,33,12,PCT
Wilson D'ball,48646138,249,215,Phantom,Chaos,0,0,c7a54b3f5006e7e5afdef2d9e10421ad_f0a43d6e5eea19af337a176e9836acddfc0.jpg?1785582580,Gold,33,0,SMN
Shin S'kai,21173308,251,216,Omega,Chaos,0,0,8e60f70d6d24f3bfcf57c73372d9836c_39e25ac3d737c46452305eefe324372cfc0.jpg?1785583080,Gold,25,0,SAM
Arenne Cine,24108313,252,217,Zodiark,Light,0,0,b2833a2b4e618072a6309f375128e34b_c274370774c6bc3483cc8740805f41bcfc0.jpg?1785582818,Gold,19,0,DRK
Reina Hibiki,11880322,252,218,Odin,Light,0,0,24a12bd68a664065816c9f10a696955c_644311b63b607133c989d7c1188467dafc0.jpg?1785580811,Gold,19,1,MCH
Vyn Silvair,21908199,254,220,Shiva,Light,0,0,05a4597e1e8ad1e87cfc4aab88be286c_3fbff0e6b620e4d259dc427abc6574dafc0.jpg?1785583605,Gold,14,0,SMN
Calamity Hellfire,19991596,255,221,Alpha,Light,0,0,42b5f3e913fb3a618bbefaf561c46d0c_6132295fcf5570fb8b0a944ef322a598fc0.jpg?1785583309,Gold,13,0,WAR
Dayn Ayawyn,10132044,256,229,Ragnarok,Chaos,0,0,10fbfcbfba7fb1511a29eb04debda8fc_40d57ba713628f3f1ef5ef204b6d76d2fc0.jpg?1785581723,Gold,9,2,DRG
Cara Mella,24729581,257,224,Alpha,Light,0,0,3a4b927e3270b8b19f71653beb22ff8a_6132295fcf5570fb8b0a944ef322a598fc0.jpg?1785582579,Gold,3,0,PLD
Erika Avellana,45153856,258,225,Alpha,Light,0,0,d52954932b2c20e3d303cb8cf101f3eb_6132295fcf5570fb8b0a944ef322a598fc0.jpg?1785583241,Gold,112,21,AST
Ryssrael Niunaglwyn,33315027,259,0,Omega,Chaos,0,0,33b521784d0398ac0bb6736f1c6d0a15_39e25ac3d737c46452305eefe324372cfc0.jpg?1785583449,Gold,62,16,WAR
Arokh Belmont,11857777,260,266,Lich,Light,0,0,30aecf92630f3cecec4e116666981198_7206469080400ed57a5373d0a9c55c59fc0.jpg?1785581139,Gold,56,24,DRK
Nera Hollow,31238652,261,228,Moogle,Chaos,0,0,6e5617df0ecba0976711462e9597a03f_d7a9d5f85a29d6278ec1c7adc2c8d242fc0.jpg?1785583137,Gold,12,2,AST
Shatter Demon,22010455,261,0,Zodiark,Light,0,0,552384524ddb928e992447c140d7a9a3_c274370774c6bc3483cc8740805f41bcfc0.jpg?1785583857,Gold,12,0,GNB
Bubble Nebula,59834747,263,230,Sagittarius,Chaos,0,0,df2ae90ea247ab18117d32d9808317e8_44ca0844398b2d010d8cd4a31ddb023dfc0.jpg?1785581346,Gold,6,0,PLD
Lyoh Elidiel,13379608,263,230,Spriggan,Chaos,0,0,cda717c09e558b9f86bc9bd43bd211e7_feaf0a2e88ff164813fbc9b85876fa48fc0.jpg?1785584193,Gold,6,0,VPR
Elena Misko,59221160,265,232,Alpha,Light,0,0,78414ef4216d7893ff3827d9de7f28b9_6132295fcf5570fb8b0a944ef322a598fc0.jpg?1785582058,Gold,2,0,UNK
Ino Based,41531397,265,0,Alpha,Light,0,0,ae8562754d31616305226909752bc4fd_6132295fcf5570fb8b0a944ef322a598fc0.jpg?1785583510,Gold,2,0,DNC
Leizi Doomie,47973424,267,233,Omega,Chaos,0,0,35e6c296ac2a3e1f720238508a30d7a5_39e25ac3d737c46452305eefe324372cfc0.jpg?1785582248,Gold,1,0,DRG
Sayri Asumi,5211655,267,233,Shiva,Light,0,0,c55f223c6e05062c8fa5856152540682_3fbff0e6b620e4d259dc427abc6574dafc0.jpg?1785582703,Gold,1,0,SCH
Snorix Aurens,9475959,269,0,Louisoix,Chaos,0,0,cecf9cb91361ab5a35ad877c723e206a_0a122616f3718d3f45cab10fd8fc1604fc0.jpg?1785583674,Gold,43,32,DRG
Everard Woodrow,26140913,270,236,Shiva,Light,0,0,babebdcffb2810238b0f7cd2e3701f76_3fbff0e6b620e4d259dc427abc6574dafc0.jpg?1785580994,Gold,39,10,SGE
Mowgar Nightslade,40238415,271,252,Shiva,Light,0,0,caf06ef1481275eaf26d0edc97985aa1_3fbff0e6b620e4d259dc427abc6574dafc0.jpg?1785582478,Gold,27,6,RPR
Whimsy Soul,25726202,272,238,Louisoix,Chaos,0,0,5b449a4a75c9b2cfb347808e4f957449_0a122616f3718d3f45cab10fd8fc1604fc0.jpg?1785583270,Gold,21,0,DNC
Murami Rami,53497913,273,239,Spriggan,Chaos,0,0,ac8505d7081a771d1d5d288a8bb41cf2_feaf0a2e88ff164813fbc9b85876fa48fc0.jpg?1785582795,Gold,17,0,SMN
Teemo Grindvior,2770258,274,244,Ragnarok,Chaos,0,0,5278a534299ab25701c1bd34423d730e_40d57ba713628f3f1ef5ef204b6d76d2fc0.jpg?1785582260,Gold,13,10,DRG
Lyhna Maesya,18373657,275,254,Omega,Chaos,0,0,ff72e2a49e3fab7e6316b64f1cf77334_39e25ac3d737c46452305eefe324372cfc0.jpg?1785583878,Gold,12,9,SMN
Yorda Dormin,35730883,276,0,Phantom,Chaos,0,0,37968b7968327b583f23e52d999337f9_f0a43d6e5eea19af337a176e9836acddfc0.jpg?1785583717,Gold,8,0,UNK
Cedou Lecaribou,17507264,277,0,Cerberus,Chaos,0,0,96d77bba29cbcc51b55b3344b6a26f23_777c57311d510ca65dac3c1077dee435fc0.jpg?1785581479,Gold,7,0,MCH
Red Omen,23534063,277,243,Odin,Light,0,0,b448f035f490c9a5f4eeab683e0fb713_644311b63b607133c989d7c1188467dafc0.jpg?1785583225,Gold,7,2,RPR
Tadamoki Avalon,38498676,279,245,Odin,Light,0,0,d3ca6216ae79c77e9925b298de51ce1e_644311b63b607133c989d7c1188467dafc0.jpg?1785580909,Gold,2,0,NIN
Gio Genova,35750784,280,247,Spriggan,Chaos,0,0,544f6c035e2e2930c88366a671634ecb_feaf0a2e88ff164813fbc9b85876fa48fc0.jpg?1785582557,Gold,1,0,MCH
Era Yrwin,29377046,281,248,Spriggan,Chaos,0,0,d6e4d976fe0ab45a0487c79d366e78de_feaf0a2e88ff164813fbc9b85876fa48fc0.jpg?1785580831,Gold,0,0,WAR
Rio Asaka,29708896,281,248,Phoenix,Light,0,0,b58d21ebcd39c9bb0437249fef26760b_5047bc596a4bab2dc7f7c120bb22dec5fc0.jpg?1785581779,Gold,0,0,PLD
Vesper Lux,39986527,283,253,Phoenix,Light,0,0,3ffa8cf173ca00c6bd21dc61c1a7850f_5047bc596a4bab2dc7f7c120bb22dec5fc0.jpg?1785584265,Gold,18,0,RDM
Kae Maiden,54903825,284,0,Raiden,Light,0,0,043e11fc4566a8099503c354c142a5f5_a370664d98f658f4ed4e620f378f73cdfc0.jpg?1785581067,Gold,60,16,VPR
Night Siren,46140840,285,287,Alpha,Light,0,0,5b2c854dc9360523ee7fcd5bfee41621_6132295fcf5570fb8b0a944ef322a598fc0.jpg?1785582736,Gold,43,19,GNB
Gojo Satoru-senpai,36092797,286,0,Lich,Light,0,0,dbfa7890a6aa759fa0f5a83fad657080_7206469080400ed57a5373d0a9c55c59fc0.jpg?1785584139,Gold,35,17,WHM
Suo Yue,16803520,287,257,Lich,Light,0,0,6f55794eac84fc109c1082e4a3a9410f_7206469080400ed57a5373d0a9c55c59fc0.jpg?1785583869,Gold,31,7,NIN
Frost Crystal,37677927,288,256,Lich,Light,0,0,c3ec9d78b98f80e9106ed5179035d4d4_7206469080400ed57a5373d0a9c55c59fc0.jpg?1785582067,Gold,27,2,SMN
Kin Battle,306592,289,258,Phantom,Chaos,0,0,9bb441969329b440c86d63d3906c0e59_f0a43d6e5eea19af337a176e9836acddfc0.jpg?1785582886,Gold,18,0,UNK
Runa Hirose,42276879,289,258,Spriggan,Chaos,0,0,82f21bb31b18b6f717ac0c5ec6d93de1_feaf0a2e88ff164813fbc9b85876fa48fc0.jpg?1785582067,Gold,18,0,BRD
Bureda Ghodhand,34830019,291,260,Phoenix,Light,0,0,427e0de51bc04bbfa6b0735a822b88dc_5047bc596a4bab2dc7f7c120bb22dec5fc0.jpg?1785580922,Gold,14,0,NIN
Shiro Astar,28391543,292,261,Lich,Light,0,0,3a202deb3fd3b50aaa118b30018d8d6e_7206469080400ed57a5373d0a9c55c59fc0.jpg?1785581705,Gold,13,2,BLM
Shiva Dorys,36432577,292,268,Phoenix,Light,0,0,df6ee6331f96148f2b97966d8a3e2a5a_5047bc596a4bab2dc7f7c120bb22dec5fc0.jpg?1785583165,Gold,13,4,WHM
Concrete Chewer,19628823,294,262,Odin,Light,0,0,566a0dc9bc49e85de0287f5e3373ba29_644311b63b607133c989d7c1188467dafc0.jpg?1785582063,Gold,8,0,VPR
Alt For-pvp,41009631,295,263,Omega,Chaos,0,0,faca90e47ec04699f10afdfa0beb5b06_39e25ac3d737c46452305eefe324372cfc0.jpg?1785582374,Gold,7,0,SCH
Katarina Kittycat,24355925,296,265,Twintania,Light,0,0,488decc103448e79430a7f4ffa3674c5_c33f640c0cdd35f7def85b8aa31a0007fc0.jpg?1785582773,Gold,44,5,UNK
Isaac Wift,47836273,297,275,Raiden,Light,0,0,01f1ce8d1d1d62aacd4244efb8a1a7ed_a370664d98f658f4ed4e620f378f73cdfc0.jpg?1785580747,Gold,42,10,BLU
Tuhot Forju,22357371,298,276,Twintania,Light,0,0,a116bea996b9b2d133346a1729b072d1_c33f640c0cdd35f7def85b8aa31a0007fc0.jpg?1785583891,Gold,30,9,FSH
In Death,39069917,299,267,Alpha,Light,0,0,89afa1641c5d0fb3c37ff5b905d4b26a_6132295fcf5570fb8b0a944ef322a598fc0.jpg?1785581058,Gold,27,0,UNK
Alice Kittimo,34781171,300,0,Cerberus,Chaos,0,0,ec971a9e6eba1c32ecd2e88bec8f2c49_777c57311d510ca65dac3c1077dee435fc0.jpg?1785580889,Gold,1,0,RDM
Sorin Maki,53900927,1,2,Durandal,Gaia,1954,97,b0d4570e39585eb6b5ba7458ff8781a7_806ea5b45071d5cd6bf393e38462ee71fc0.jpg?1785582722,Crystal,80,25,SAM
Makina Belg,23683223,2,1,Belias,Meteor,1910,0,ffed281791b6f91e5a2000e4917cfeeb_894c4bd0beab2e2beb44b74f4c4bd206fc0.jpg?1785582442,Crystal,76,11,RDM
Bakeke Bake,40527195,3,0,Asura,Mana,1720,95,2df47416611081755cf9e0cd7c586afa_53f1445a9f28799a32ea55f046319fc3fc0.jpg?1785582401,Crystal,69,14,DRK
Rya Myosotisy,44244496,4,0,Asura,Mana,1698,293,d39af5863481d80b66f4fe05bf80d003_53f1445a9f28799a32ea55f046319fc3fc0.jpg?1785582096,Crystal,37,15,DRK
Ciel Cocco,27192023,5,39,Anima,Mana,1502,900,05df3829299dc9e3c4ba0bceb512525a_2f698530a28d671d20278c8518c804c9fc0.jpg?1785583836,Crystal,53,17,RPR
Jay Eins,3930926,6,5,Chocobo,Mana,1494,100,31d212c5602873cad51c02ca3a1707f4_781d6b3603312f6be41670afa37282e0fc0.jpg?1785582616,Crystal,51,2,AST
Kappi Scarlet,11922639,7,10,Asura,Mana,1481,296,820f32c739a02029fdacf6c96cbf1fa4_53f1445a9f28799a32ea55f046319fc3fc0.jpg?1785583862,Crystal,37,7,RPR
Sensei Jyutusi,20995129,8,9,Chocobo,Mana,1481,295,218ddf1e9e095da9f0b9d5866f9f2d80_781d6b3603312f6be41670afa37282e0fc0.jpg?1785583505,Crystal,28,9,WHM
Death-by Glamour,50007656,9,11,Fenrir,Gaia,1465,288,73746aab8b21d5917fab43f4db6f35aa_d384cf5ad7db803f29799f36ebbc3eadfc0.jpg?1785582428,Crystal,32,5,UNK
San Sowa,35604125,10,12,Ridill,Gaia,1379,205,c5fbf3709fd6b4c8fba74f67e0820609_138751880f18161a907d7cf0faa43f07fc0.jpg?1785582325,Crystal,42,12,UNK
Piccolo Saaaaann,23336998,11,6,Asura,Mana,1314,0,efa27fc6ea5fa0a09f429159c3346a0f_53f1445a9f28799a32ea55f046319fc3fc0.jpg?1785582760,Crystal,34,3,PLD
Vivi Ann,4766157,12,29,Kujata,Elemental,1304,604,9543e197b2faf03aa21058f9deedc408_72c48f093f2278ac3243962d3eb6a8d7fc0.jpg?1785582685,Crystal,42,13,DNC
Karma Strife,3816037,13,7,Chocobo,Mana,1223,0,7a25293b17ff84c0c64a519d1fc09720_781d6b3603312f6be41670afa37282e0fc0.jpg?1785584007,Crystal,51,0,MNK
Ml Tei,47822875,14,8,Alexander,Gaia,1200,0,259bd72e639c252e3e6ab819661c07a6_b7a71d8799cf6dd75b711a7f52de6675fc0.jpg?1785581291,Crystal,13,0,DRG
Hina Narumi,36489169,15,13,Masamune,Mana,1091,0,b92b3bffbe6d8e1f5f53a1f3735c1387_134930215abb8a90ec37d6cc05b05e08fc0.jpg?1785583989,Crystal,16,0,VPR
Paker Zuka,35106373,16,38,Bahamut,Gaia,1090,487,1dfba22310e23cd21bd3a7481bf928e1_86da943caa70c8694707ab2ff74e68c9fc0.jpg?1785584022,Crystal,32,13,UNK
Aries San,12460047,17,14,Tiamat,Gaia,1084,0,00a39e6a3c0cb6e9529ffdf15a10dadb_9f10d335198e90990f3437c5733468e7fc0.jpg?1785581485,Crystal,25,0,RPR
Fania Eckert,2837251,18,35,Titan,Mana,1017,406,7177d6fdd5036eebc72834f8376cd1cf_e2bb3f9679fec6d4836fcf8abcc3eeacfc0.jpg?1785584166,Crystal,33,10,SMN
Raiden Thorne,60267443,19,15,Tiamat,Gaia,1001,0,d973da1a88fef8b53bb1c5cad4ee7a1f_9f10d335198e90990f3437c5733468e7fc0.jpg?1785581424,Crystal,33,0,MNK
Unchou Kan,1575311,20,36,Aegis,Elemental,999,0,43eef415e4c92f6ff93b1d4dae6b7ab8_3ea38e723c590aabf186367e1eb7e6a1fc0.jpg?1785583505,Crystal,13,0,GNB
Bikkuri Donkey,59256942,21,0,Belias,Meteor,997,200,96f62f47670d9d1c85e1a464d6f4da65_894c4bd0beab2e2beb44b74f4c4bd206fc0.jpg?1785581627,Crystal,12,5,AST
Shinra Arasaka,24734269,22,122,Tiamat,Gaia,991,697,2d735fa31b5cfcc7eabaae1839d0b731_9f10d335198e90990f3437c5733468e7fc0.jpg?1785581657,Crystal,17,11,WAR
Rip Rill,726210,23,16,Gungnir,Elemental,923,0,1ed2cf8fd8dc78c1ec061d9bb9c45462_8f82f937943b6baf4c565020d5eba0ccfc0.jpg?1785583613,Crystal,31,3,WHM
Aizen Sosuke,46625154,24,26,Asura,Mana,905,204,084fe9c7ee753ba32657d9e49b4edde5_53f1445a9f28799a32ea55f046319fc3fc0.jpg?1785583278,Crystal,21,4,UNK
Kuno Cadenzavnaeve,42178142,25,17,Ifrit,Gaia,895,0,85baa25ca299e93ef56226f40814f03b_f9f796348bc43067c7242ec4551cde69fc0.jpg?1785582084,Crystal,39,5,WAR
Fuki Non,51302585,26,75,Titan,Mana,895,497,99d46e5dfaf54e3a630e700cbd41968b_e2bb3f9679fec6d4836fcf8abcc3eeacfc0.jpg?1785582857,Crystal,14,7,WHM
Coffee Mint,29415966,27,227,Titan,Mana,894,894,e5a147803c62c81952bc0c786dcfc3cb_e2bb3f9679fec6d4836fcf8abcc3eeacfc0.jpg?1785582216,Crystal,108,67,DRG
Sha Moji,19121169,28,59,Carbuncle,Elemental,893,400,eb82915777eea0c952b2885bf59641d9_9eb3c19866f7ae0eeeffac7bf770aba5fc0.jpg?1785583694,Crystal,18,10,MCH
Ajika Rajika,6811285,29,24,Tiamat,Gaia,830,99,97621d00c96124d00a3c01cec2dde5f8_9f10d335198e90990f3437c5733468e7fc0.jpg?1785583690,Crystal,35,5,UNK
Atsu Bow,47953241,30,37,Mandragora,Meteor,813,207,a397b9893231105b4549ed9a8721c60a_ee738654add55c3d07ea92d8e108074cfc0.jpg?1785582820,Crystal,67,28,DRG
Basuta Kirito,31797927,31,18,Carbuncle,Elemental,806,0,22b32c1986bb9c2732e5f877f7cbdbd6_9eb3c19866f7ae0eeeffac7bf770aba5fc0.jpg?1785583640,Crystal,12,0,SAM
Aman Kaharmine,37434311,32,19,Belias,Meteor,804,0,7fa9aa672753e286a5710cf338755727_894c4bd0beab2e2beb44b74f4c4bd206fc0.jpg?1785581945,Crystal,42,13,UNK
Flame Lieutenant,27336347,33,175,Carbuncle,Elemental,802,699,d0817be17ae2ce45486a2e26ae5d06d6_9eb3c19866f7ae0eeeffac7bf770aba5fc0.jpg?1785582336,Crystal,30,15,AST
Kageto Magatsuki,36052369,34,216,Ultima,Gaia,800,700,c99eebd98f0729313042324985a6fc9a_9df1b3cb0da35db33c17ef11ddf12adafc0.jpg?1785581066,Crystal,16,16,VPR
Noin Kurial,23981966,35,47,Asura,Mana,799,293,83830f722858537d3bbdd6afabacaa3d_53f1445a9f28799a32ea55f046319fc3fc0.jpg?1785581382,Crystal,30,10,MNK
Roric Thorne,59323169,36,20,Pandaemonium,Mana,798,0,4ff669632484c5fdf241ea2b9f955435_470db1bf2e865f9130531fea40b61ee4fc0.jpg?1785583720,Crystal,10,0,DRK
Zsika Mu',18898369,37,83,Ridill,Gaia,797,402,ed7f8569bf4537dfd9f2ea953ad59e8a_138751880f18161a907d7cf0faa43f07fc0.jpg?1785582806,Crystal,14,5,UNK
Deisia Touna,31397456,38,123,Mandragora,Meteor,795,501,f9bdcbbd105a361017ee7dd26bde2ea6_ee738654add55c3d07ea92d8e108074cfc0.jpg?1785583722,Crystal,10,8,WHM
Tsuchi Tsuki,39089046,39,42,Bahamut,Gaia,792,198,032858264c706c6341f57dbef9e86da1_86da943caa70c8694707ab2ff74e68c9fc0.jpg?1785583725,Crystal,8,2,DRK
Rariboy Xx,4660025,40,22,Garuda,Elemental,785,0,80b036f210d47467413b630ce1537551_fcb1f5b0249d1069e5bdc66d0796f26afc0.jpg?1785582069,Crystal,11,0,MCH
Zero Nox,2468417,41,34,Alexander,Gaia,785,101,d402005d8e26ea9d6b72ff80a5a60b9e_b7a71d8799cf6dd75b711a7f52de6675fc0.jpg?1785582956,Crystal,7,1,WAR
Lil Latte,55025559,42,23,Anima,Mana,782,0,2d01c7e9c74b9faebdd6d9ece7c9eb4a_2f698530a28d671d20278c8518c804c9fc0.jpg?1785582155,Crystal,101,12,UNK
Rex Cold,46340519,43,25,Bahamut,Gaia,705,0,5a590acfa6bbe6cddd1eb5143c7070f2_86da943caa70c8694707ab2ff74e68c9fc0.jpg?1785583102,Crystal,19,9,UNK
Sead Slendisch,27788989,44,27,Asura,Mana,701,0,c9bd1276c77cf644ce955ce68575aa37_53f1445a9f28799a32ea55f046319fc3fc0.jpg?1785582507,Crystal,16,1,SGE
Wuruwuru Yaya,19903532,44,28,Asura,Mana,701,0,c4dcc6326814217e41a2636e5dd8eea3_53f1445a9f28799a32ea55f046319fc3fc0.jpg?1785580999,Crystal,16,3,NIN
Yuki Yui,25457703,46,52,Ultima,Gaia,700,200,53e27d2153b5d4878ef23b1326589ff5_9df1b3cb0da35db33c17ef11ddf12adafc0.jpg?1785583950,Crystal,25,5,PCT
Lhei Tayun,55776060,47,30,Chocobo,Mana,700,0,d1e1c509f0fac227ceada972ddb424d4_781d6b3603312f6be41670afa37282e0fc0.jpg?1785581634,Crystal,11,0,BLM
Mao Caprice,32793338,48,70,Titan,Mana,699,299,101c8c73de660221dc8ad95fafa4ad3c_e2bb3f9679fec6d4836fcf8abcc3eeacfc0.jpg?1785583429,Crystal,27,9,MCH
Hattori Kaze,57332259,49,31,Alexander,Gaia,695,0,2ec48d7f5caadae4f62dc2d1cdc75610_b7a71d8799cf6dd75b711a7f52de6675fc0.jpg?1785583504,Crystal,12,0,UNK
Yurugi Koyurugi,29769522,50,72,Belias,Meteor,695,296,ce65dfc48d522a7a126208d94cdc2852_894c4bd0beab2e2beb44b74f4c4bd206fc0.jpg?1785582442,Crystal,11,5,MNK
Yuki Amamiya,31666386,51,271,Asura,Mana,694,694,be0f5c48cd51ee52ae9fb5fbd908b45a_53f1445a9f28799a32ea55f046319fc3fc0.jpg?1785581557,Crystal,74,23,DRK
Kuros Mu,61049213,52,32,Pandaemonium,Mana,691,0,9e807a625f663b98bc3f5699b41c95e5_470db1bf2e865f9130531fea40b61ee4fc0.jpg?1785584074,Crystal,9,1,UNK
Creya Oaks,20662074,53,57,Tonberry,Elemental,690,195,0fb57385ff1c90e3ea26edc53722b78c_7bb6b1e488f0e4f01c5314d010b60f31fc0.jpg?1785584141,Crystal,24,8,BRD
Hateful Past,26237856,54,33,Asura,Mana,688,0,ed0c8f5d7b00b4c718fd834e96efdd7e_53f1445a9f28799a32ea55f046319fc3fc0.jpg?1785582809,Crystal,11,0,WAR
Lan Dame-celot,31839759,55,44,Ifrit,Gaia,681,99,c278e5b98fa396fbc950aeafdb5aaee8_f9f796348bc43067c7242ec4551cde69fc0.jpg?1785582230,Crystal,12,3,MNK
Imlink Rr,46726473,56,0,Bahamut,Gaia,603,0,6c9ffcd32b7d78e8b7e09c63d130ef2a_86da943caa70c8694707ab2ff74e68c9fc0.jpg?1785580910,Crystal,20,0,MCH
Noir Eclair,2642862,57,73,Ultima,Gaia,602,204,18e63e62d7219f7b588f8c22739fa1ff_9df1b3cb0da35db33c17ef11ddf12adafc0.jpg?1785583034,Crystal,34,7,VPR
Sukoya Mihirogi,42042279,58,49,Anima,Mana,601,97,58dacb01c0c75e38125f892840beb026_2f698530a28d671d20278c8518c804c9fc0.jpg?1785582737,Crystal,14,1,NIN
Zumu Elect,11364414,59,99,Shinryu,Meteor,600,299,bd0b65a51fad6bef1e3c413041784da0_87b7d447f40b06dfc7228caf195f7dcffc0.jpg?1785582803,Crystal,27,14,DRK
Saibi Wasabi,59415917,60,0,Garuda,Elemental,600,0,019ca60037f45abcd6d16fb450204162_fcb1f5b0249d1069e5bdc66d0796f26afc0.jpg?1785584143,Crystal,17,0,AST
Dodopita Pittan,3558680,61,40,Tiamat,Gaia,597,0,0c4178029dae08c0fcbe267d46034e76_9f10d335198e90990f3437c5733468e7fc0.jpg?1785582801,Crystal,21,0,DRG
Lazulim Langheim,1644495,62,77,Ultima,Gaia,597,199,997660bb7160cf32fb6806926222d151_9df1b3cb0da35db33c17ef11ddf12adafc0.jpg?1785583369,Crystal,5,2,GSM
Pero Noir,27109057,62,121,Ultima,Gaia,597,302,889b0b13f93f702d3df91ec97e272102_9df1b3cb0da35db33c17ef11ddf12adafc0.jpg?1785580987,Crystal,5,3,PCT
Cait Sith,1574936,64,41,Tiamat,Gaia,596,0,fc4156170aa1fca8004a80238705e5cf_9f10d335198e90990f3437c5733468e7fc0.jpg?1785581094,Crystal,30,1,WAR
Zwei Kreuz,14516450,65,76,Bahamut,Gaia,596,198,367ea315b18ce50bb6f34a9ea77f3222_86da943caa70c8694707ab2ff74e68c9fc0.jpg?1785582168,Crystal,7,3,UNK
Fuuga Reinfeldt,29495648,66,43,Unicorn,Meteor,583,0,4441cdfb6f60085397a6647656e86646_393eb74047bb90c8d80dea54218430eefc0.jpg?1785584113,Crystal,16,0,WAR
Zana'tan Stratos,7600570,67,45,Shinryu,Meteor,582,0,e3525c189345468c5a9b4b37cf4fcd3e_87b7d447f40b06dfc7228caf195f7dcffc0.jpg?1785580762,Crystal,6,0,WHM
Meilkea Inori,40934425,68,46,Aegis,Elemental,522,0,4c256b756b0f4f43b209ec71728dc0e2_3ea38e723c590aabf186367e1eb7e6a1fc0.jpg?1785583702,Crystal,50,11,UNK
Naku Cha,51398763,69,60,Zeromus,Meteor,517,99,d1f355424cec05811e0f15dc0a707de5_c76848359d0b4d2f37aefbb9903ed97bfc0.jpg?1785582370,Crystal,9,3,WAR
Stardust Emilia,25988007,70,48,Hades,Mana,504,0,b805b54635a07b2d9710df33b9a946aa_a4730651230dd43cb129562a30d531aefc0.jpg?1785583445,Crystal,29,9,UNK
Uta Tubame,12421333,71,67,Zeromus,Meteor,504,101,4c1c1810ab77c61696ca66b0716fd309_c76848359d0b4d2f37aefbb9903ed97bfc0.jpg?1785584125,Crystal,12,7,PCT
Mialu Ebisuki,46975926,72,65,Masamune,Mana,504,101,1d423fc6e7ae66c277f02b6bd29f5f15_134930215abb8a90ec37d6cc05b05e08fc0.jpg?1785580716,Crystal,11,2,MNK
Laviera Rose,60788095,73,50,Masamune,Mana,503,0,137281dbfd05a8698e1b5b46cb1d6d03_134930215abb8a90ec37d6cc05b05e08fc0.jpg?1785584282,Crystal,5,0,DRK
Suteiki Niku,21443132,74,113,Ixion,Mana,501,203,2f186f805d4bb29abd9458d61593b81a_7126768d768f6c6c7fed3eaee98c3a8afc0.jpg?1785581764,Crystal,60,19,VPR
Rekey Lazuline,7660930,75,107,Anima,Mana,501,202,a0f0f483db663160f06e9bfb698a808d_2f698530a28d671d20278c8518c804c9fc0.jpg?1785582956,Crystal,20,3,PCT
Nanna Shamash,29824400,76,51,Unicorn,Meteor,501,0,480461b43403f674360bd1de18eef8ba_393eb74047bb90c8d80dea54218430eefc0.jpg?1785584227,Crystal,7,0,SGE
Lain Wired,1578110,77,56,Chocobo,Mana,500,5,51b29015827612eb3c28c2c8dd0f43ef_781d6b3603312f6be41670afa37282e0fc0.jpg?1785580985,Crystal,21,4,SGE
Rocca Eins,9996577,78,115,Ramuh,Meteor,500,202,3514d83d3edfa016528f0983c2dd39f2_410ddb5a66a2fcacf538bec5ea5d0291fc0.jpg?1785581956,Crystal,16,7,AST
Hisui Yakumo,32307151,79,0,Anima,Mana,500,0,a17a433489499f7247bcab0b749c1710_2f698530a28d671d20278c8518c804c9fc0.jpg?1785583710,Crystal,10,0,SCH
Kawlo Wilhelm,53079906,80,53,Ixion,Mana,500,0,c9dcb47fbd9f0b8b6bf1b3ac91b2e802_7126768d768f6c6c7fed3eaee98c3a8afc0.jpg?1785582367,Crystal,4,0,UNK
Beorn Flint,61529398,81,54,Mandragora,Meteor,499,0,4507237b3154f0500f368c8975cd596c_ee738654add55c3d07ea92d8e108074cfc0.jpg?1785581644,Crystal,20,2,VPR
Lalala Lalaa,42488617,81,55,Garuda,Elemental,499,0,304385d0c9b61a485f766a1c92c09f29_fcb1f5b0249d1069e5bdc66d0796f26afc0.jpg?1785581284,Crystal,20,4,UNK
Oriental Art,1070191,83,178,Chocobo,Mana,499,398,d31830cb71830b425529f231f39e776b_781d6b3603312f6be41670afa37282e0fc0.jpg?1785582159,Crystal,16,15,SGE
Raiu Raneford,27730776,84,128,Masamune,Mana,497,298,94fa93c1c55d52ae764c88b6b3ae2bf5_134930215abb8a90ec37d6cc05b05e08fc0.jpg?1785580930,Crystal,31,17,AST
Mame Poporu,22836070,85,126,Ixion,Mana,497,204,a886d90317b0e4205db7046757e57e53_7126768d768f6c6c7fed3eaee98c3a8afc0.jpg?1785583022,Crystal,6,4,WHM
Endless Summer,36558820,86,58,Tiamat,Gaia,493,0,0079a66433e68b1f473c7487944a4d3d_9f10d335198e90990f3437c5733468e7fc0.jpg?1785580853,Crystal,41,15,PCT
Nao Fu,41247403,87,0,Shinryu,Meteor,412,0,cfc231e11fac22b1fb8d9d27cee48586_87b7d447f40b06dfc7228caf195f7dcffc0.jpg?1785581097,Crystal,7,0,AST
Lufefe Lufe,8829146,88,61,Mandragora,Meteor,407,0,91e252cc1edf40cc72e7912c50fbfde7_ee738654add55c3d07ea92d8e108074cfc0.jpg?1785582803,Crystal,20,1,DNC
Notttz Imbrium,50270248,89,68,Titan,Mana,406,4,58a87ecc9a18820b07646a481a8154a4_e2bb3f9679fec6d4836fcf8abcc3eeacfc0.jpg?1785583834,Crystal,21,4,DRG
Teka Etoile,25627481,90,62,Durandal,Gaia,406,0,20c4e02c3b7c11c6ceb68582c409ceb9_806ea5b45071d5cd6bf393e38462ee71fc0.jpg?1785581390,Crystal,11,1,WAR
God Moai,4474924,91,63,Atomos,Elemental,404,0,05f6a7a1f7ee2f6b156d711777e8411f_cf768a751b1f5e355c2fd39a9ed91f3ffc0.jpg?1785582994,Crystal,8,0,BRD
Tiger Rutata,23825437,92,64,Asura,Mana,403,0,a69a7fd0c20bbbd51ddf7cc27af7921e_53f1445a9f28799a32ea55f046319fc3fc0.jpg?1785583795,Crystal,10,0,RDM
Cherry Frappuccino,48257342,93,66,Tiamat,Gaia,403,0,c025aeb95c405240f96f361c7451b90a_9f10d335198e90990f3437c5733468e7fc0.jpg?1785583215,Crystal,7,0,SAM
Shiman Chu,38475144,94,0,Yojimbo,Meteor,403,0,4cb93a24c937da83418345140d361e9b_4a92c619bde4f34cfa77e05fef21ad85fc0.jpg?1785582628,Crystal,4,0,SAM
Fennel Earltea,21886406,95,92,Typhon,Elemental,402,96,4e8f23f97ca17b02271d5d67829e204d_32d8c9c7cd5f62d62da2d31b6750a680fc0.jpg?1785581733,Crystal,40,3,SCH
Kamio Hoshi,51915197,96,189,Gungnir,Elemental,402,302,6b5003e9f40b5f1a448a1ba748afc9e5_8f82f937943b6baf4c565020d5eba0ccfc0.jpg?1785581429,Crystal,30,8,MNK
Inx Chrono,21920611,97,177,Yojimbo,Meteor,401,299,83c01df24231dda93176c28e69768459_4a92c619bde4f34cfa77e05fef21ad85fc0.jpg?1785580802,Crystal,21,5,BLM
Mimi Lilac,34297778,98,176,Chocobo,Mana,401,298,85d714107184fc9726edcd5c95b5aa6e_781d6b3603312f6be41670afa37282e0fc0.jpg?1785581781,Crystal,12,8,UNK
Hal Moonvine,6544837,99,69,Yojimbo,Meteor,401,0,0b051eda0b20b820aec68545891c2ce7_4a92c619bde4f34cfa77e05fef21ad85fc0.jpg?1785583277,Crystal,4,0,MNK
Chi Pom,30745084,100,0,Hades,Mana,400,0,45d248e450c3623965da94fa0aa12a58_a4730651230dd43cb129562a30d531aefc0.jpg?1785581823,Crystal,6,0,DRK
Ui Thrix,39291749,101,71,Chocobo,Mana,399,0,08b70654c7812f561afc700e0756319a_781d6b3603312f6be41670afa37282e0fc0.jpg?1785583818,Crystal,15,0,SCH
Nov Noa,56271994,102,74,Tiamat,Gaia,398,0,0711a53e252756264a473f2b53d53cad_9f10d335198e90990f3437c5733468e7fc0.jpg?1785580718,Crystal,12,1,AST
Ripa Warrick,44033179,103,78,Fenrir,Gaia,397,0,42a47e1c0e32c9f818021cb7ac8799fc_d384cf5ad7db803f29799f36ebbc3eadfc0.jpg?1785581997,Crystal,10,0,RDM
Juta Bebe,19119522,104,148,Ultima,Gaia,397,198,cb47a4ffd8c28a12a61de0dd25af7752_9df1b3cb0da35db33c17ef11ddf12adafc0.jpg?1785581378,Crystal,9,7,UNK
Bug Cut,48066025,105,79,Alexander,Gaia,397,0,eb099ae5ed67142ac0888bf755079790_b7a71d8799cf6dd75b711a7f52de6675fc0.jpg?1785584155,Crystal,8,0,BRD
Hatozo Ito,39455624,106,0,Typhon,Elemental,397,0,a2de1cbebb1230e8f11f0fa765df7d0f_32d8c9c7cd5f62d62da2d31b6750a680fc0.jpg?1785584167,Crystal,4,0,RDM
Tamago Crab,1576417,107,80,Chocobo,Mana,397,0,0bce11216fe6e4e1cecfe7c969a1460f_781d6b3603312f6be41670afa37282e0fc0.jpg?1785583946,Crystal,3,0,MNK
En Avant,46371551,108,81,Belias,Meteor,396,0,d6c3784f3b06c119ae16dd725e2a2b6e_894c4bd0beab2e2beb44b74f4c4bd206fc0.jpg?1785580883,Crystal,23,7,GNB
Dome Violet,45179152,109,131,Masamune,Mana,396,190,a95c15ebd393e5497d6641d375ec02b1_134930215abb8a90ec37d6cc05b05e08fc0.jpg?1785583602,Crystal,14,6,BRD
Lina Azeym,40770368,110,82,Shinryu,Meteor,396,0,47824b3a1ec8a3dee12cfc35f97727f3_87b7d447f40b06dfc7228caf195f7dcffc0.jpg?1785581688,Crystal,3,0,UNK
Quina Quale,22357925,111,166,Chocobo,Mana,395,197,8e04161822614b18e307be12f4aecf1e_781d6b3603312f6be41670afa37282e0fc0.jpg?1785582807,Crystal,7,6,AST
Super Gal,52139020,112,84,Bahamut,Gaia,394,0,2a20ce1a576737898f3290324b402cd6_86da943caa70c8694707ab2ff74e68c9fc0.jpg?1785583831,Crystal,83,27,RDM
Furanzeska Sumeragi,8414050,113,85,Tonberry,Elemental,394,0,7300d72d23103eb5494b3e21bf99b3b6_7bb6b1e488f0e4f01c5314d010b60f31fc0.jpg?1785583160,Crystal,14,2,MCH
Kotori Angel,11433233,114,86,Alexander,Gaia,394,0,249a60efd4f3f03c25a40a0c3c35d33f_b7a71d8799cf6dd75b711a7f52de6675fc0.jpg?1785583934,Crystal,9,0,DRG
Yatsurugi Yuki,18199374,115,87,Garuda,Elemental,393,0,4cc8ec175ae426ef6383b790378ed083_fcb1f5b0249d1069e5bdc66d0796f26afc0.jpg?1785581168,Crystal,23,13,WHM
Buronko San,22145554,116,87,Fenrir,Gaia,393,0,f3682fba79a377e3f0c0bd47d12f7e2a_d384cf5ad7db803f29799f36ebbc3eadfc0.jpg?1785582077,Crystal,10,0,WHM
Vir Sanctus,38437893,117,216,Asura,Mana,393,293,e0afc9c178de541c5ba8a1afafa4bb02_53f1445a9f28799a32ea55f046319fc3fc0.jpg?1785583110,Crystal,8,8,MCH
Aran Tyler,47478713,118,123,Zeromus,Meteor,393,99,601da8267e6037e1adc37928f1ab982b_c76848359d0b4d2f37aefbb9903ed97bfc0.jpg?1785581046,Crystal,7,5,SAM
Monica Bryant,34559458,119,167,Garuda,Elemental,388,192,40cd2c4ca4c17623d5c27dfb19831017_fcb1f5b0249d1069e5bdc66d0796f26afc0.jpg?1785581058,Crystal,59,6,WHM
Yan Yan,3182501,120,89,Alexander,Gaia,387,0,5cd079575de2bd01f87a188c93738695_b7a71d8799cf6dd75b711a7f52de6675fc0.jpg?1785583706,Crystal,10,0,NIN
Splitz Allure,11250991,121,127,Tonberry,Elemental,386,100,5df739fcece56728f620a7cd5b05392e_7bb6b1e488f0e4f01c5314d010b60f31fc0.jpg?1785581765,Crystal,7,1,VPR
Lucie Blanc,4813641,122,90,Anima,Mana,317,0,9c05760085153887cf9c52f28861be7c_2f698530a28d671d20278c8518c804c9fc0.jpg?1785583484,Crystal,8,0,AST
Lilica Astadir,3503219,123,91,Valefor,Meteor,308,0,5af5f880cbf4a0fb2fc785912a217eae_485f4777c38002871591fb54f27edc65fc0.jpg?1785581680,Crystal,7,0,DRG
Kirakira Akira,55531034,124,93,Typhon,Elemental,305,0,5934f798f998575286709c767ba05f59_32d8c9c7cd5f62d62da2d31b6750a680fc0.jpg?1785581313,Crystal,4,0,BRD
Patricia Frankene,18106523,125,94,Ultima,Gaia,304,0,c545da9cb222915531dc1fa18623cb41_9df1b3cb0da35db33c17ef11ddf12adafc0.jpg?1785583048,Crystal,17,0,MNK
Tarex Youva,26374295,126,100,Tonberry,Elemental,303,3,7dad78de32b2e7e31077d03f095a81ac_7bb6b1e488f0e4f01c5314d010b60f31fc0.jpg?1785583638,Crystal,30,5,PCT
Planet Exploration,30755276,127,95,Ixion,Mana,303,0,b2df099dea56680a53bbc8588e28444f_7126768d768f6c6c7fed3eaee98c3a8afc0.jpg?1785583066,Crystal,9,0,SGE
Lido Lado,2223211,128,202,Tonberry,Elemental,302,202,1dd86a058bfeb2fceaee84ec39d35535_7bb6b1e488f0e4f01c5314d010b60f31fc0.jpg?1785583992,Crystal,21,12,WAR
Zukasa Yatoh,8768354,129,96,Typhon,Elemental,302,0,4b9242a67c4aa4390facfa8e2028de4b_32d8c9c7cd5f62d62da2d31b6750a680fc0.jpg?1785582309,Crystal,19,0,DRG
Arkius Valoth,41591311,130,216,Kujata,Elemental,302,302,1fea61fd35facbf36657070a68d166f2_72c48f093f2278ac3243962d3eb6a8d7fc0.jpg?1785584217,Crystal,12,8,MCH
Mitui Aset,29908583,131,239,Zeromus,Meteor,301,301,03c5c419a0ed40508b02b7656c3bc1e1_c76848359d0b4d2f37aefbb9903ed97bfc0.jpg?1785583011,Crystal,42,12,NIN
Pitty What,32924935,132,97,Durandal,Gaia,301,0,1ca1a6b980542985bc7d7cf818520e1f_806ea5b45071d5cd6bf393e38462ee71fc0.jpg?1785581842,Crystal,20,0,NIN
Wriggle Nightbug,4274881,133,98,Chocobo,Mana,301,0,2ab37dc6168b1af1d1aff8ad35b1df94_781d6b3603312f6be41670afa37282e0fc0.jpg?1785583008,Crystal,16,0,SAM
Pucchin Purin,7354553,134,149,Pandaemonium,Mana,301,101,68d5429c26ec05b2bdfda6492f66dbe0_470db1bf2e865f9130531fea40b61ee4fc0.jpg?1785584266,Crystal,3,2,DRG
Walter Winston,3431710,135,145,Fenrir,Gaia,300,100,bee8390354426d2c1d42d687a0de29d5_d384cf5ad7db803f29799f36ebbc3eadfc0.jpg?1785583154,Crystal,11,2,WAR
Lupinus Lily,33777966,136,101,Ultima,Gaia,300,0,6f019b443ab48375b1bcc5e5aa0debf9_9df1b3cb0da35db33c17ef11ddf12adafc0.jpg?1785582625,Crystal,10,0,GNB
Robs Wiz,47501636,136,149,Aegis,Elemental,300,100,24b0e4e155ae76da2a553003980ac156_3ea38e723c590aabf186367e1eb7e6a1fc0.jpg?1785583526,Crystal,10,9,AST
Lon Ron,18022042,138,0,Ixion,Mana,300,0,6f6a04c69339b65f6603faea5df0b1a6_7126768d768f6c6c7fed3eaee98c3a8afc0.jpg?1785582971,Crystal,6,0,BRD
Oran Mand,33868814,139,102,Hades,Mana,300,0,a760edcaa98edd421652cb414516acd2_a4730651230dd43cb129562a30d531aefc0.jpg?1785582923,Crystal,3,0,PLD
Douglas Ward,32519646,140,103,Asura,Mana,300,0,5902010d301aa95176126fcdef0dc7c7_53f1445a9f28799a32ea55f046319fc3fc0.jpg?1785582722,Crystal,2,0,RDM
Very Loooooooooooong,45433715,141,104,Anima,Mana,299,0,e7afe8b45f41457ea5316dab06e39a5b_2f698530a28d671d20278c8518c804c9fc0.jpg?1785583628,Crystal,47,0,UNK
Ririca Rica,22451341,142,105,Valefor,Meteor,299,0,b82d75152d14ebf44db2622ef433b4f4_485f4777c38002871591fb54f27edc65fc0.jpg?1785581845,Crystal,38,12,RPR
Elisa Wolframite,18964939,143,120,Hades,Mana,299,4,5582934bb6b94d50874d7d241225aa74_a4730651230dd43cb129562a30d531aefc0.jpg?1785583915,Crystal,24,13,NIN
Wysle Reht,1828472,144,106,Garuda,Elemental,299,0,5cbcf5ffdd71a5125b21ffcfc158e58d_fcb1f5b0249d1069e5bdc66d0796f26afc0.jpg?1785580692,Crystal,19,0,UNK
Wabi Suke,1601102,145,108,Asura,Mana,299,0,355b0ae1cb512875c96e88afa06d36a7_53f1445a9f28799a32ea55f046319fc3fc0.jpg?1785581434,Crystal,8,0,NIN
Elfmum Saintrelmaux,47797645,146,109,Alexander,Gaia,299,0,4be3fea60d75388e0a0edd868bfb2eca_b7a71d8799cf6dd75b711a7f52de6675fc0.jpg?1785582585,Crystal,6,0,WAR
Okome Justice,58734775,146,109,Durandal,Gaia,299,0,3589d26a22faffebd4c39812822aab8a_806ea5b45071d5cd6bf393e38462ee71fc0.jpg?1785581217,Crystal,6,0,NIN
Bronze Warrior,33944385,148,111,Alexander,Gaia,299,0,3a8559d847a626b7d8a2760ec13a73b5_b7a71d8799cf6dd75b711a7f52de6675fc0.jpg?1785581681,Crystal,4,0,WAR
Minato Haruka,57459700,149,112,Asura,Mana,299,0,5f7508268722022e26bb9950825f7dea_53f1445a9f28799a32ea55f046319fc3fc0.jpg?1785582682,Crystal,2,0,PLD
Toh Azima,40158266,149,0,Chocobo,Mana,299,0,13ddd0f5eea018a8b3258b557438ca77_781d6b3603312f6be41670afa37282e0fc0.jpg?1785582879,Crystal,2,0,PLD
Ruru Rururun,41786182,151,194,Ifrit,Gaia,298,198,3fd0ff0d0e58f6a761a54eebd33b7bc6_f9f796348bc43067c7242ec4551cde69fc0.jpg?1785582306,Crystal,25,10,UNK
Aina The-end,44020286,152,114,Tiamat,Gaia,298,0,5de9f2cc82562b167fe84c1fcb425b92_9f10d335198e90990f3437c5733468e7fc0.jpg?1785583808,Crystal,18,2,MNK
Cey Noqed,56239764,153,157,Anima,Mana,298,99,05a455503c1b9dc0712f50ad519d9d21_2f698530a28d671d20278c8518c804c9fc0.jpg?1785581351,Crystal,14,9,BLM
Hoshikuz Siina,1173407,154,0,Tiamat,Gaia,298,0,f966bf2277aea0b0af7b96dbbca7abc1_9f10d335198e90990f3437c5733468e7fc0.jpg?1785582046,Crystal,3,0,SAM
Rech Leys,13839764,155,116,Asura,Mana,297,0,7bc422589ea337ab644d4bc829ed74bd_53f1445a9f28799a32ea55f046319fc3fc0.jpg?1785583033,Crystal,32,0,UNK
Reina Candy,11073614,156,117,Shinryu,Meteor,297,0,08d2aeb8b4d75dee8963fbcfdee1bc9d_87b7d447f40b06dfc7228caf195f7dcffc0.jpg?1785583786,Crystal,29,0,SMN
Zero No'name,24180515,157,143,Titan,Mana,297,97,3f2ec2a99605ed4d05ef0e5bc0f3b8d4_e2bb3f9679fec6d4836fcf8abcc3eeacfc0.jpg?1785581387,Crystal,16,1,PLD
Yuu San-san,54307183,158,118,Ifrit,Gaia,297,0,994981fbf9e1b2803b813723a4509624_f9f796348bc43067c7242ec4551cde69fc0.jpg?1785581561,Crystal,6,1,FSH
Junon Everlight,17200263,159,119,Ultima,Gaia,297,0,c9853ba0f4943819fd5f003c84f5ddb1_9df1b3cb0da35db33c17ef11ddf12adafc0.jpg?1785583461,Crystal,2,0,DRG
Mikall Nikall,27338323,160,245,Carbuncle,Elemental,296,296,e60a512b2d60c224cfd9c74b6449dffd_9eb3c19866f7ae0eeeffac7bf770aba5fc0.jpg?1785582751,Crystal,15,6,ALC
Jios Quartar,3179754,161,216,Tiamat,Gaia,296,196,e4a3c15118c1258c3c33b152cbada545_9f10d335198e90990f3437c5733468e7fc0.jpg?1785581859,Crystal,10,10,SCH
Snow Albarn,25263326,162,154,Fenrir,Gaia,294,95,fa179c06d46acce251bb94d22a05e931_d384cf5ad7db803f29799f36ebbc3eadfc0.jpg?1785583697,Crystal,20,4,PCT
Webley Rehw-setlas,17882657,163,200,Ridill,Gaia,294,194,0a6d6dae107ba471df1b3d81c87b0a89_138751880f18161a907d7cf0faa43f07fc0.jpg?1785581474,Crystal,15,3,UNK
Yama Premium,42012398,164,125,Pandaemonium,Mana,293,0,365678fb124f0258a37df891fd0e6355_470db1bf2e865f9130531fea40b61ee4fc0.jpg?1785581477,Crystal,4,0,MIN
Rai Ashley,22492099,165,0,Ridill,Gaia,292,292,657a8b330b76d0887673be1e90642143_138751880f18161a907d7cf0faa43f07fc0.jpg?1785582385,Crystal,28,18,BTN
Seraki Matsushima,43566777,166,0,Ixion,Mana,289,0,1e4675de3ee8e4d8e053dede59297104_7126768d768f6c6c7fed3eaee98c3a8afc0.jpg?1785583519,Crystal,4,0,PCT
Blari Taraba,29682913,167,129,Ultima,Gaia,214,0,8715585bf23b1871520e0b6c478fa049_9df1b3cb0da35db33c17ef11ddf12adafc0.jpg?1785584151,Crystal,4,0,WAR
Emotion Creep,49933002,168,130,Gungnir,Elemental,211,0,9fbb59a27d018625f559ed61097d64ab_8f82f937943b6baf4c565020d5eba0ccfc0.jpg?1785584028,Crystal,15,0,PLD
Firo Sknaht,27296541,169,132,Bahamut,Gaia,203,0,30d62e88cfdd08d4cf3a87b542657d3d_86da943caa70c8694707ab2ff74e68c9fc0.jpg?1785583771,Crystal,9,1,PLD
Akatuki Re,22410327,170,169,Carbuncle,Elemental,203,0,b3e601fbc493d7bc642faec11f3c05fb_9eb3c19866f7ae0eeeffac7bf770aba5fc0.jpg?1785583946,Crystal,1,0,RDM
Yunaneko Supira,25194794,171,133,Ultima,Gaia,202,0,c0bc711bf1246d0da5eda5edf888392b_9df1b3cb0da35db33c17ef11ddf12adafc0.jpg?1785582315,Crystal,17,0,UNK
Ciara Harris,18217850,172,134,Pandaemonium,Mana,202,0,659240736e3ff3d56487b454576fbaf9_470db1bf2e865f9130531fea40b61ee4fc0.jpg?1785580894,Crystal,2,0,WHM
Hakuen Sinonome,10757391,172,0,Asura,Mana,202,0,6660ba18e406e22fbec52d7b8d1ac332_53f1445a9f28799a32ea55f046319fc3fc0.jpg?1785583024,Crystal,2,0,PCT
Sugar Cham,51852133,174,135,Yojimbo,Meteor,202,0,8d4d430b06db96492d9e2982f1b942b8_4a92c619bde4f34cfa77e05fef21ad85fc0.jpg?1785581603,Crystal,1,0,PLD
Sakura Nemutai,55109399,175,0,Titan,Mana,201,201,efa9ef6672998c8a9c860e5e104d6b3e_e2bb3f9679fec6d4836fcf8abcc3eeacfc0.jpg?1785581520,Crystal,20,12,SGE
Poor Soul,37510733,176,136,Bahamut,Gaia,201,0,5c666b6b6ca45452af52f22a48d69eb2_86da943caa70c8694707ab2ff74e68c9fc0.jpg?1785583658,Crystal,10,0,MCH
Roud Mahu,3355785,177,137,Ixion,Mana,201,0,5ec00ff4b6711e2a189db7843e6ec84a_7126768d768f6c6c7fed3eaee98c3a8afc0.jpg?1785580907,Crystal,9,1,DRG
Kanata Suzuumi,11384076,178,137,Mandragora,Meteor,201,0,7fbbd37cfcc7580f4aceda1b74cf0a11_ee738654add55c3d07ea92d8e108074cfc0.jpg?1785583929,Crystal,8,0,MNK
Fizz Delight,974573,179,0,Durandal,Gaia,201,0,570bafa9a495f048d85ced1742a713e7_806ea5b45071d5cd6bf393e38462ee71fc0.jpg?1785581441,Crystal,7,0,GNB
Kuro Nosuke,54408962,180,139,Valefor,Meteor,201,0,40234eee3a97e636df97858b8ba2422a_485f4777c38002871591fb54f27edc65fc0.jpg?1785583846,Crystal,3,0,UNK
Taroe Kobuta,8734523,181,140,Kujata,Elemental,200,0,821347c202f7d7d6b676bd393bcdfdae_72c48f093f2278ac3243962d3eb6a8d7fc0.jpg?1785584155,Crystal,52,15,RPR
He Ro,57048881,182,183,Ultima,Gaia,200,100,1988e9fc4df817df742388c245715b40_9df1b3cb0da35db33c17ef11ddf12adafc0.jpg?1785583460,Crystal,37,4,UNK
Kenafu Helga,19478437,183,142,Kujata,Elemental,200,0,2b6fcf4ad71a2a07c30eec648c59e7fc_72c48f093f2278ac3243962d3eb6a8d7fc0.jpg?1785582304,Crystal,27,6,UNK
Revi Kola,39228750,184,0,Ultima,Gaia,200,0,385da10c7487a4af698c3fe738df5488_9df1b3cb0da35db33c17ef11ddf12adafc0.jpg?1785583428,Crystal,25,0,DNC
Ena Lucida,46120110,185,141,Valefor,Meteor,200,0,0d22e7ccb96b881d94b2eaac8c63f55c_485f4777c38002871591fb54f27edc65fc0.jpg?1785581760,Crystal,24,0,UNK
Gaelle Green,6689086,186,144,Durandal,Gaia,200,0,8fd9b0a2971011504ea89c22ce063dd4_806ea5b45071d5cd6bf393e38462ee71fc0.jpg?1785582430,Crystal,11,0,SMN
Iz Levmel,17594950,187,157,Garuda,Elemental,200,1,9e457ec4068931e92288544db8499aae_fcb1f5b0249d1069e5bdc66d0796f26afc0.jpg?1785582311,Crystal,10,5,PLD
Torime Nico,26400369,188,146,Atomos,Elemental,200,0,dbb2fb17c00b9c7a6e6ca0a65c888ac6_cf768a751b1f5e355c2fd39a9ed91f3ffc0.jpg?1785581521,Crystal,7,0,SMN
Lycan Roar,52059954,189,147,Titan,Mana,200,0,29dea1cc321c3f2275d537c23520e2b8_e2bb3f9679fec6d4836fcf8abcc3eeacfc0.jpg?1785581770,Crystal,6,0,UNK
Coo Yanky,32078480,190,0,Aegis,Elemental,200,0,a8d9117ca1289e0dd2db80714170a84e_3ea38e723c590aabf186367e1eb7e6a1fc0.jpg?1785583882,Crystal,3,0,SAM
Ladolce Vita,51159097,190,213,Chocobo,Mana,200,100,74dfc527d7c0ac4ca685e9c565a217ba_781d6b3603312f6be41670afa37282e0fc0.jpg?1785580857,Crystal,3,2,BRD
Kana Drouv,37418772,192,0,Mandragora,Meteor,200,0,556bea70c6c70acf776be4041d191d92_ee738654add55c3d07ea92d8e108074cfc0.jpg?1785583759,Crystal,2,0,NIN
Errer Errant,28706539,193,149,Asura,Mana,200,0,14833bd371ac70e05cffe6a03634bb61_53f1445a9f28799a32ea55f046319fc3fc0.jpg?1785583828,Crystal,1,0,MCH
Yung Yumeno,42855218,193,0,Ramuh,Meteor,200,0,3e07f214aa6acc37939311cb6bdd60f2_410ddb5a66a2fcacf538bec5ea5d0291fc0.jpg?1785581015,Crystal,1,0,UNK
Aeritte Ravel,41831914,195,156,Carbuncle,Elemental,199,0,56a646fd4b2eb086bf8c9d712567e62f_9eb3c19866f7ae0eeeffac7bf770aba5fc0.jpg?1785583365,Crystal,23,17,SCH
Kyass Siki,23041662,196,152,Anima,Mana,199,0,5cdbec81a516edb0b61ee54248f37aaf_2f698530a28d671d20278c8518c804c9fc0.jpg?1785583271,Crystal,20,0,SAM
Metis Tweedia,47503842,196,191,Ultima,Gaia,199,99,973e5ce15468b989d4c867b1c2479d2a_9df1b3cb0da35db33c17ef11ddf12adafc0.jpg?1785581181,Crystal,20,3,WAR
Mily Sara,23911809,196,152,Aegis,Elemental,199,0,19086b376708852503d1ac9c2b293b8c_3ea38e723c590aabf186367e1eb7e6a1fc0.jpg?1785582118,Crystal,20,0,LTW
Crystalline Conflict,56094564,199,194,Kujata,Elemental,199,99,dcae5be360cd5ac359780dd998fbbf57_72c48f093f2278ac3243962d3eb6a8d7fc0.jpg?1785584031,Crystal,16,1,UNK
Ria Esta,46580024,200,155,Typhon,Elemental,199,0,537b652a83e9ead35e927e93170f46f0_32d8c9c7cd5f62d62da2d31b6750a680fc0.jpg?1785580942,Crystal,7,0,AST
Anoma Loris,44038350,201,159,Valefor,Meteor,199,0,57b0094511d082e7e7e8203d850b4159_485f4777c38002871591fb54f27edc65fc0.jpg?1785582829,Crystal,2,0,SCH
Esperante Shock,19984730,201,159,Belias,Meteor,199,0,5a7fdd83506e2a8db66643b0ab42c824_894c4bd0beab2e2beb44b74f4c4bd206fc0.jpg?1785581045,Crystal,2,0,AST
Tomomomo Momomo,25830708,201,159,Ramuh,Meteor,199,0,d1b6359fffbcc60e8bddc1120dc05d55_410ddb5a66a2fcacf538bec5ea5d0291fc0.jpg?1785580889,Crystal,2,0,MCH
Desire Drive,5396012,204,162,Yojimbo,Meteor,199,0,4f60f8a5453f05522e828234043a6edb_4a92c619bde4f34cfa77e05fef21ad85fc0.jpg?1785582878,Crystal,1,0,SGE
Jikai Yokoku,52429272,204,162,Alexander,Gaia,199,0,f004ff0d7175c98ad62d4ed99995320e_b7a71d8799cf6dd75b711a7f52de6675fc0.jpg?1785581062,Crystal,1,0,WAR
Konegai Konegai,3277232,204,162,Masamune,Mana,199,0,3a445dba3d4d2882c60b55a59669971b_134930215abb8a90ec37d6cc05b05e08fc0.jpg?1785583162,Crystal,1,0,BLM
Satosan Fiftysix,26440218,204,162,Typhon,Elemental,199,0,0b17719ebd757aaebd8ff00d5d1bd6f5_32d8c9c7cd5f62d62da2d31b6750a680fc0.jpg?1785581810,Crystal,1,0,DRG
Chisato Laetitia,56099994,208,0,Bahamut,Gaia,198,0,1ba731eb7e63c6a087133132bbb51418_86da943caa70c8694707ab2ff74e68c9fc0.jpg?1785583031,Crystal,1,0,UNK
Elosie Ue,46030616,209,264,Bahamut,Gaia,197,197,cdd278ec7274c3a04f790d4954079c53_86da943caa70c8694707ab2ff74e68c9fc0.jpg?1785582560,Crystal,28,7,MCH
Rinfia Rint,24291060,210,0,Durandal,Gaia,196,196,a0d48d9035ce8cb65db8d80e6f885428_806ea5b45071d5cd6bf393e38462ee71fc0.jpg?1785583676,Crystal,41,11,PLD
Shiro Yozora,25997255,211,168,Titan,Mana,196,0,4fb271416b8be97cbd977dc4cd9a7c1b_e2bb3f9679fec6d4836fcf8abcc3eeacfc0.jpg?1785584020,Crystal,34,4,BLM
Lucy Tave,5530448,212,170,Durandal,Gaia,195,0,fd7ea485d2ba7644c76c49d7b00fce24_806ea5b45071d5cd6bf393e38462ee71fc0.jpg?1785583669,Crystal,60,21,WAR
Pyo Gomi,3923676,213,0,Ixion,Mana,195,0,9a933770decdbb36df3994affa0d65fd_7126768d768f6c6c7fed3eaee98c3a8afc0.jpg?1785582773,Crystal,2,0,DNC
Waka'ri Mii,5525644,214,0,Chocobo,Mana,193,0,779528f8c170270a5dcbb5e911db62e9_781d6b3603312f6be41670afa37282e0fc0.jpg?1785581276,Crystal,2,0,UNK
Pinn Pinn,7581229,215,171,Chocobo,Mana,192,0,1706e2472f4738c6982540a19097ec0d_781d6b3603312f6be41670afa37282e0fc0.jpg?1785581891,Crystal,1,0,DNC
Umai Okawari,28809423,216,172,Zeromus,Meteor,189,0,603544c81055f8085a950feb781bee2a_c76848359d0b4d2f37aefbb9903ed97bfc0.jpg?1785581971,Crystal,1,0,PLD
Cole Cotte,35200239,217,173,Ramuh,Meteor,106,0,9acbd1b4d8e74c2e0d4a71ce9834fab5_410ddb5a66a2fcacf538bec5ea5d0291fc0.jpg?1785584066,Crystal,1,0,SMN
Merry Scrald,11886780,218,174,Belias,Meteor,105,0,7bfbd82582fd003bc514339935d874a7_894c4bd0beab2e2beb44b74f4c4bd206fc0.jpg?1785583080,Crystal,4,0,AST
Strawberry Hat,57505676,219,226,Tonberry,Elemental,102,102,5afb62c4e97465a42baa4dea913380fd_7bb6b1e488f0e4f01c5314d010b60f31fc0.jpg?1785581367,Crystal,52,7,RDM
Primlock Griffyn,37385266,220,0,Tonberry,Elemental,101,0,89c0dfc59ff658981baaccf8c8d2b22b_7bb6b1e488f0e4f01c5314d010b60f31fc0.jpg?1785583487,Crystal,1,0,SMN
Tatsumi Berserk,19183868,221,179,Ifrit,Gaia,100,0,54a616ddbe0b20dbfc773ec735961a62_f9f796348bc43067c7242ec4551cde69fc0.jpg?1785581088,Crystal,91,29,MCH
Shink Twitch,28515950,222,180,Chocobo,Mana,100,0,dbfc9e759a59380a06162fe11769fcc7_781d6b3603312f6be41670afa37282e0fc0.jpg?1785583235,Crystal,72,20,DNC
Natsu Meg,58006498,223,0,Valefor,Meteor,100,100,86d52df1e6fc71c9cded7c94354b3457_485f4777c38002871591fb54f27edc65fc0.jpg?1785583816,Crystal,61,39,DRK
Yulia Argyll,12282717,224,0,Ixion,Mana,100,100,9e8379380afef978f6888a4261fde3da_7126768d768f6c6c7fed3eaee98c3a8afc0.jpg?1785583860,Crystal,53,28,SCH
Momo Mori,30221811,225,181,Ifrit,Gaia,100,0,9434c5a1a8c3b2c8d1ebf5440ef2455a_f9f796348bc43067c7242ec4551cde69fc0.jpg?1785584152,Crystal,52,18,PCT
Jack Gold,3208435,226,0,Atomos,Elemental,100,100,1e48d0c81fa9dbe676abe17ce1a1fbcb_cf768a751b1f5e355c2fd39a9ed91f3ffc0.jpg?1785582969,Crystal,51,15,BSM
Wonton Starlight,27496660,226,0,Chocobo,Mana,100,0,8d6c3f0a6f695cdc94b9234b6c28be22_781d6b3603312f6be41670afa37282e0fc0.jpg?1785581240,Crystal,51,0,SAM
Flora Primavera,15548083,228,251,Belias,Meteor,100,100,e2c94a9daf388f1092e90dd496cc2de5_894c4bd0beab2e2beb44b74f4c4bd206fc0.jpg?1785580784,Crystal,46,24,PCT
Nemu Nenemu,58833619,229,211,Anima,Mana,100,100,4cdac6083f665767750f3c7804d18a24_2f698530a28d671d20278c8518c804c9fc0.jpg?1785584044,Crystal,45,7,RDM
Teratera Teramina,51643625,230,277,Ridill,Gaia,100,100,83b858e3bdc9248c43f1b502ee21ef34_138751880f18161a907d7cf0faa43f07fc0.jpg?1785582794,Crystal,37,11,SAM
Jin Walker,25662452,231,300,Hades,Mana,100,100,f3ff10f6b027a5423c3b035a420aad0e_a4730651230dd43cb129562a30d531aefc0.jpg?1785583415,Crystal,34,15,AST
Majyo Last,4927104,231,181,Ixion,Mana,100,0,abea00150b3fc3eff3f4d437fc5d82a9_7126768d768f6c6c7fed3eaee98c3a8afc0.jpg?1785581907,Crystal,34,0,AST
Fio Waldstein,15536952,233,191,Chocobo,Mana,100,0,cad62c88f360d5d6d4f48b42b2e493d0_781d6b3603312f6be41670afa37282e0fc0.jpg?1785583903,Crystal,33,16,DRG
Aruku Babyun,7383311,234,233,Unicorn,Meteor,100,100,c2fa4e98c1f4638d053218fa4c127b4c_393eb74047bb90c8d80dea54218430eefc0.jpg?1785583533,Crystal,32,12,DRK
Que Lie,27687617,234,278,Anima,Mana,100,100,27dbb9e3eb4cb4ae5f25289502ec5d7b_2f698530a28d671d20278c8518c804c9fc0.jpg?1785582128,Crystal,32,11,WAR
Rev Raven,8795859,234,230,Masamune,Mana,100,100,abddc6e80b0f6cbbb92006b7baab7d97_134930215abb8a90ec37d6cc05b05e08fc0.jpg?1785583162,Crystal,32,8,UNK
Blue Maxwell,15361370,237,279,Durandal,Gaia,100,100,8287426ec96aab2ec25485f7c720ce0b_806ea5b45071d5cd6bf393e38462ee71fc0.jpg?1785584061,Crystal,31,11,UNK
Oto Fille,23303467,238,230,Alexander,Gaia,100,100,6214b825e1ceaec460e508a95aa8b013_b7a71d8799cf6dd75b711a7f52de6675fc0.jpg?1785583673,Crystal,29,5,BLM
Zill Eleutheria,29944686,238,0,Bahamut,Gaia,100,100,5bfa3b1f24c51ccdffb53034db0ebae8_86da943caa70c8694707ab2ff74e68c9fc0.jpg?1785584272,Crystal,29,17,AST
Fafayon Nanayon,12048786,240,230,Chocobo,Mana,100,100,b283bd786b4c6854f79b0f5968b4ebbb_781d6b3603312f6be41670afa37282e0fc0.jpg?1785583620,Crystal,28,4,UNK
Area Koma,5903864,241,184,Zeromus,Meteor,100,0,019acc38ed27b95699c6c7334376033d_c76848359d0b4d2f37aefbb9903ed97bfc0.jpg?1785583699,Crystal,27,0,VPR
Moe Takeuchi,10527994,241,256,Chocobo,Mana,100,100,d01c0bc35c2255f6ee22a768cac5633a_781d6b3603312f6be41670afa37282e0fc0.jpg?1785581969,Crystal,27,10,MCH
Ato Ruderala,36258604,243,185,Ramuh,Meteor,100,0,584e9807025c7704e71e1e296efa1644_410ddb5a66a2fcacf538bec5ea5d0291fc0.jpg?1785582067,Crystal,26,0,VPR
Kiri Rin,12624988,243,0,Shinryu,Meteor,100,100,9166e9c4d21898e9f2949f3a4359845e_87b7d447f40b06dfc7228caf195f7dcffc0.jpg?1785581222,Crystal,26,14,MCH
Comachi Dj,13425678,245,205,Hades,Mana,100,0,4983bf5b31ed2764865b5fd4a01a64a5_a4730651230dd43cb129562a30d531aefc0.jpg?1785584116,Crystal,25,19,NIN
Aria Canon,1030539,246,0,Pandaemonium,Mana,100,100,c643f10c86a1dec8fe0358a24454dab6_470db1bf2e865f9130531fea40b61ee4fc0.jpg?1785580815,Crystal,24,19,RPR
Genki Sunrise,17856651,246,0,Atomos,Elemental,100,100,b84defd5dc50cc992f4745d230a6cddb_cf768a751b1f5e355c2fd39a9ed91f3ffc0.jpg?1785583366,Crystal,24,19,UNK
Kamai Tatsu,29892918,246,200,Belias,Meteor,100,0,07af2e6006bf1cc13d61320c9564c48e_894c4bd0beab2e2beb44b74f4c4bd206fc0.jpg?1785583671,Crystal,24,12,DRK
Momochi Thunder,9048595,246,0,Bahamut,Gaia,100,100,3ce0fcc40e818a0d134a6c043d2c09f5_86da943caa70c8694707ab2ff74e68c9fc0.jpg?1785580986,Crystal,24,14,SMN
Sober Ga,9544200,246,186,Masamune,Mana,100,0,7fc7cff5310240681e3c9c95b7c59ffb_134930215abb8a90ec37d6cc05b05e08fc0.jpg?1785583914,Crystal,24,0,BLM
Hyde Suta,3129505,251,199,Carbuncle,Elemental,100,0,4535742390448a5e3b926ce9d7f18056_9eb3c19866f7ae0eeeffac7bf770aba5fc0.jpg?1785583911,Crystal,23,10,SMN
Ions Kurogane,59447235,251,187,Durandal,Gaia,100,0,5dc6d8a02ed60e18360bff1ed3698f17_806ea5b45071d5cd6bf393e38462ee71fc0.jpg?1785581109,Crystal,23,0,RPR
Yu Lluvia,48936263,251,187,Ultima,Gaia,100,0,3a5dd0f5dc6a7ba5985a690e9b6ae465_9df1b3cb0da35db33c17ef11ddf12adafc0.jpg?1785583468,Crystal,23,0,BLM
A'' Leodela,1348434,254,0,Fenrir,Gaia,100,0,e94ac2a12b37ee5b5cbdfec8350d8bb6_d384cf5ad7db803f29799f36ebbc3eadfc0.jpg?1785582326,Crystal,20,0,UNK
R'nox Tia,31705922,254,0,Valefor,Meteor,100,100,b46d9d2159e7197e68d3280f4e5ae4ff_485f4777c38002871591fb54f27edc65fc0.jpg?1785582813,Crystal,20,15,RPR
Shara Mura,40394634,254,235,Garuda,Elemental,100,100,00ee76cc1f13c8d3891aee16b0a97d91_fcb1f5b0249d1069e5bdc66d0796f26afc0.jpg?1785581678,Crystal,20,5,PCT
Turumaru Piccolo,17249165,254,190,Shinryu,Meteor,100,0,04cb411f0fe27f7b8fe79317a5df3691_87b7d447f40b06dfc7228caf195f7dcffc0.jpg?1785581564,Crystal,20,0,SGE
Velvet Shilky,15655369,254,0,Anima,Mana,100,100,988a0ec11e3b6bbbfc5478b0eab4b03f_2f698530a28d671d20278c8518c804c9fc0.jpg?1785580846,Crystal,20,8,RPR
Sora Kirei,14465480,259,194,Typhon,Elemental,100,0,03f5dfd5ab7e1427255c464753e72077_32d8c9c7cd5f62d62da2d31b6750a680fc0.jpg?1785583956,Crystal,18,3,BRD
Alba Los,46436989,260,255,Durandal,Gaia,100,100,6088175a589de1ee0145e3508a8a9bfb_806ea5b45071d5cd6bf393e38462ee71fc0.jpg?1785583254,Crystal,16,5,MIN
Maidy Pusheen,29636737,260,193,Bahamut,Gaia,100,0,7ae2fb0e9dbc72792ce15a9a05df3cae_86da943caa70c8694707ab2ff74e68c9fc0.jpg?1785581700,Crystal,16,0,MCH
Lucina Astral,46771084,262,0,Unicorn,Meteor,100,100,0f7937b346b80ce458c207bfd1894497_393eb74047bb90c8d80dea54218430eefc0.jpg?1785583208,Crystal,15,8,DRG
Asth Galleria,5330266,263,0,Pandaemonium,Mana,100,0,69f14cfe9aed20abab40d9c371b581d9_470db1bf2e865f9130531fea40b61ee4fc0.jpg?1785583520,Crystal,14,0,MCH
E'li E'li,18584030,263,197,Atomos,Elemental,100,0,6d58b3439f11879670c396267c454fd8_cf768a751b1f5e355c2fd39a9ed91f3ffc0.jpg?1785580731,Crystal,14,0,MIN
Yu Haru,31526046,263,197,Hades,Mana,100,0,d1d463d935a459f76da24079cf48b932_a4730651230dd43cb129562a30d531aefc0.jpg?1785582421,Crystal,14,0,UNK
Tatsuya Kawagoe,55828603,266,258,Mandragora,Meteor,100,100,1d7a3a90832d536f1babdfc64ea65364_ee738654add55c3d07ea92d8e108074cfc0.jpg?1785583119,Crystal,12,4,WHM
Yayuyo Aespa,35461964,267,205,Tiamat,Gaia,100,0,16b1729f46aad9c60b8448e48789febf_9f10d335198e90990f3437c5733468e7fc0.jpg?1785581832,Crystal,11,5,DRK
Kaede Felis,33728274,268,203,Typhon,Elemental,100,0,40686a32bf2ab631ff7e7677fc614cb3_32d8c9c7cd5f62d62da2d31b6750a680fc0.jpg?1785582498,Crystal,7,0,WAR
Nemuko Makura,22952337,268,203,Durandal,Gaia,100,0,2de9ba12432dbfa0962543bd77521100_806ea5b45071d5cd6bf393e38462ee71fc0.jpg?1785583266,Crystal,7,0,WHM
Yoochan Fantasy,30892468,270,205,Anima,Mana,100,0,179b316106d60bb1488917ac1c45548c_2f698530a28d671d20278c8518c804c9fc0.jpg?1785581113,Crystal,6,0,DRK
Ardlan Vorlesh,45102526,271,208,Asura,Mana,100,0,04bfc027079d355fc717e8ec9a4b5f9e_53f1445a9f28799a32ea55f046319fc3fc0.jpg?1785583427,Crystal,5,0,DRG
Iris Yamao,31576726,271,208,Shinryu,Meteor,100,0,64c44722ec2c6ff7cfb9ab2e5554b730_87b7d447f40b06dfc7228caf195f7dcffc0.jpg?1785583767,Crystal,5,0,PLD
Kotatu Mikan,22566283,271,213,Ifrit,Gaia,100,0,89896b33aefae0916b7c6eb21c27641e_f9f796348bc43067c7242ec4551cde69fc0.jpg?1785581164,Crystal,5,4,DRG
Fury Halone,31201226,274,0,Chocobo,Mana,100,0,391e22872f5bc92045c105b0c7778c1b_781d6b3603312f6be41670afa37282e0fc0.jpg?1785583737,Crystal,4,0,SAM
Sono Ta,49701933,274,211,Shinryu,Meteor,100,0,c5fbe5dc524e8f9d2eb8b7c350df2a00_87b7d447f40b06dfc7228caf195f7dcffc0.jpg?1785581325,Crystal,4,2,WAR
Lifa Testarossa,1581967,276,210,Garuda,Elemental,100,0,e3fe9d2f986ff2af89b20a896a7dd100_fcb1f5b0249d1069e5bdc66d0796f26afc0.jpg?1785584172,Crystal,3,0,SMN
Regret Weise,15486920,276,0,Fenrir,Gaia,100,0,13172be4a1ad05d87f2b3a6e43f14d31_d384cf5ad7db803f29799f36ebbc3eadfc0.jpg?1785582079,Crystal,3,0,DRK
Ciao' Chu-ru,46227731,278,0,Asura,Mana,100,0,4407462a62eb8cb31cec691e9f214c86_53f1445a9f28799a32ea55f046319fc3fc0.jpg?1785582646,Crystal,1,0,UNK
Felik Mqzino,3228461,278,213,Ultima,Gaia,100,0,e0fa758cd21d584189f586f1dbab3151_9df1b3cb0da35db33c17ef11ddf12adafc0.jpg?1785584063,Crystal,1,0,SGE
Ahhhhhhhhh Haaaaaaaaa,27905070,280,216,Fenrir,Gaia,100,0,677ceae1da7d90401ff11febbe50cff8_d384cf5ad7db803f29799f36ebbc3eadfc0.jpg?1785583661,Crystal,0,0,NIN
Hakuto Leonard,4360852,280,216,Alexander,Gaia,100,0,ce1414dce9b6aeb1f328bdf4840938bf_b7a71d8799cf6dd75b711a7f52de6675fc0.jpg?1785581131,Crystal,0,0,MCH
Ichigo Jasmine,57027122,280,216,Shinryu,Meteor,100,0,17fae3561e1e77d262d93652dbd0bdc4_87b7d447f40b06dfc7228caf195f7dcffc0.jpg?1785583985,Crystal,0,0,RDM
Mio Youmu,57323733,280,216,Ixion,Mana,100,0,9507babebf0a85031aca059da299a6fa_7126768d768f6c6c7fed3eaee98c3a8afc0.jpg?1785583144,Crystal,0,0,SCH
Serasu Vic,35748124,280,216,Alexander,Gaia,100,0,1c76ce7d344f9dacccac434020d246e5_b7a71d8799cf6dd75b711a7f52de6675fc0.jpg?1785583108,Crystal,0,0,PLD
Zitnn Alexand,10097624,280,216,Belias,Meteor,100,0,9ba803d5e4d6d11746adc55721fd0c6e_894c4bd0beab2e2beb44b74f4c4bd206fc0.jpg?1785580920,Crystal,0,0,WAR
Schnee Astre,15762263,286,273,Ixion,Mana,0,0,f8e8cfc7021c8d0f4d70ebccaf0bc872_7126768d768f6c6c7fed3eaee98c3a8afc0.jpg?1785581267,Diamond,41,11,AST
Takesiba Musasino,29225556,287,228,Durandal,Gaia,0,0,5cacf8dd1a9dae9427de92b387913396_806ea5b45071d5cd6bf393e38462ee71fc0.jpg?1785583166,Diamond,36,0,WAR
Gatto Cadenza,1704353,288,0,Durandal,Gaia,0,0,4e0df3f9ced06bdaeadb08fdabb351c5_806ea5b45071d5cd6bf393e38462ee71fc0.jpg?1785583463,Diamond,32,26,PCT
Katuo Bushi,48894263,289,299,Garuda,Elemental,0,0,8b92a347d66765b2b2d24c1ad40d5afa_fcb1f5b0249d1069e5bdc66d0796f26afc0.jpg?1785584072,Diamond,27,5,DNC
Rarara Rabbit,23103539,290,229,Anima,Mana,0,0,e32c4d277187bcd58a3c3d751bb6fb96_2f698530a28d671d20278c8518c804c9fc0.jpg?1785582352,Diamond,26,0,DRG
Cocomo Como,30612915,291,234,Unicorn,Meteor,0,0,a047da1705d1341dc080fca3e1f8c350_393eb74047bb90c8d80dea54218430eefc0.jpg?1785582275,Diamond,18,0,PLD
Lita Between,38431873,292,0,Carbuncle,Elemental,0,0,26aceef97fc5c79533732b28df5c4838_9eb3c19866f7ae0eeeffac7bf770aba5fc0.jpg?1785582063,Diamond,17,12,SMN
Layla Kirsten,47778901,293,236,Yojimbo,Meteor,0,0,1028df3754b4687b6c793cbb5ff32d9b_4a92c619bde4f34cfa77e05fef21ad85fc0.jpg?1785582815,Diamond,13,0,BRD
Fami Remi,21753149,294,238,Ridill,Gaia,0,0,3a4e024d6a303914778664d6d849e338_138751880f18161a907d7cf0faa43f07fc0.jpg?1785581546,Diamond,47,16,BLM
White Lycoris,25503606,295,0,Ixion,Mana,0,0,1fd05d6baab5439d2c33292c473844fe_7126768d768f6c6c7fed3eaee98c3a8afc0.jpg?1785581107,Diamond,36,23,DRG
Azusa A'z,9917991,296,237,Valefor,Meteor,0,0,9a4b71f1ac5c0e02e818be31a1d439f2_485f4777c38002871591fb54f27edc65fc0.jpg?1785583324,Diamond,35,0,SMN
Chloe Van'harribel,52820224,296,0,Pandaemonium,Mana,0,0,fb4c70e431282a2cc554c55572398bdd_470db1bf2e865f9130531fea40b61ee4fc0.jpg?1785583205,Diamond,35,20,UNK
Tya-tama Elnest,24427558,298,241,Yojimbo,Meteor,0,0,3f3a1173605c888904f4779eaccc3a72_4a92c619bde4f34cfa77e05fef21ad85fc0.jpg?1785583002,Diamond,24,5,BRD
Lateralus Lyzetta,25642266,299,282,Ridill,Gaia,0,0,df87cf08231d6dd51b9d24a8c158dbaa_138751880f18161a907d7cf0faa43f07fc0.jpg?1785581157,Diamond,23,7,RPR
Reeki Veo,17619704,299,0,Tonberry,Elemental,0,0,1c9005e54e77bfe231e5bdebc829854c_7bb6b1e488f0e4f01c5314d010b60f31fc0.jpg?1785581942,Diamond,23,0,RPR
Barock Obama,52411158,1,29,Siren,Aether,1486,982,05a5459925b46dd9d074e273b24d5d27_58a84e851e55175d22158ca97af58a1ffc0.jpg?1785584141,Crystal,44,28,THM
Terro Mctwisp,49469934,2,1,Leviathan,Primal,1291,0,4f22d821591ca7181ba2027974b77e2f_a91aae52cff9ef65932db06b150ffd47fc0.jpg?1785581833,Crystal,15,0,VPR
Suhr Zarek,8876676,3,2,Balmung,Crystal,1207,0,c09e4087ccb76545f31b81fa5ca01485_7a573cbc0cda3a3dfc1795cb3d9f7b23fc0.jpg?1785583230,Crystal,26,0,PLD
Myu Meow,9691497,4,23,Leviathan,Primal,1197,598,d925a41776719d761c94e8e32e5e7a0f_a91aae52cff9ef65932db06b150ffd47fc0.jpg?1785582237,Crystal,20,11,DRG
Ash Meow,28316663,5,3,Faerie,Aether,1190,0,1d4dc329a59b5b1e26a3423a11d1a751_0e336ff6ad415f47233f0aaf127feac0fc0.jpg?1785581858,Crystal,23,0,BRD
Vittorio Moretti,61421815,6,33,Diabolos,Crystal,1185,689,8c11f65c791a4f39ba7c716aeb6bc8d9_7b33d33ae3ecb996f778a5f67a6a0af6fc0.jpg?1785583810,Crystal,66,15,RDM
Bisukito Neko,32261082,7,13,Zalera,Crystal,1095,298,3462c7ee2de7556ca86498dc5214a7fb_8106f857613f8fb994b0be37b26ff4bafc0.jpg?1785583948,Crystal,30,11,UNK
Mavis Enyo,14769968,8,4,Excalibur,Primal,1091,0,00bced457c7cea8ae968197c61367bed_745baffc465480ed372e274d50318290fc0.jpg?1785582124,Crystal,22,9,BRD
Crow Meow,54328117,9,5,Jenova,Aether,1082,0,7eded062751a7f80f7f3d9fbe0ab8e34_ce736afe35e2ded4e46c4fd0659aef7efc0.jpg?1785580948,Crystal,22,0,NIN
Aibertain Mando,32541700,10,7,Jenova,Aether,1076,86,8dec967ad48c9a703018a7445740a7f3_ce736afe35e2ded4e46c4fd0659aef7efc0.jpg?1785582426,Crystal,40,15,MCH
Fye Alanyk,48751064,11,12,Diabolos,Crystal,1015,200,d605d68b88b347dfdb8a9b9e6c3539d6_7b33d33ae3ecb996f778a5f67a6a0af6fc0.jpg?1785581582,Crystal,24,5,VPR
Nero Cor,51685882,12,52,Cactuar,Aether,1001,800,a53a1a6499997a089c36337bcc3ae46d_96ab1df8877c1f8ba6a89a39cccfd437fc0.jpg?1785583350,Crystal,34,17,DRG
Pekora Meow,37421725,13,6,Leviathan,Primal,999,0,dc85502f9baa330d5a15d3c0a6f002a0_a91aae52cff9ef65932db06b150ffd47fc0.jpg?1785580744,Crystal,50,5,SAM
Meteor Moon,29693876,14,17,Rafflesia,Dynamis,995,302,7f262df9422aa27c9dd850d004812561_2783886613347a4db0bed7524de1298ffc0.jpg?1785581576,Crystal,38,5,SGE
Hrothmar Blackburns,28757856,15,8,Adamantoise,Aether,919,0,ba6405bac0d5b1fb489962984f0d9fb9_1f5fd239b885860b7c2bfc72ad1d97effc0.jpg?1785582197,Crystal,75,21,BLM
Celesse Archon,5403993,16,9,Midgardsormr,Aether,902,0,46c05696a375eb66cab3503bea79e4e4_5c8ecfbc673e1287a9b5e85423fe1657fc0.jpg?1785582829,Crystal,17,0,AST
Jay Vermillion,20310837,17,32,Adamantoise,Aether,898,401,ae2f157d9c523947744b038a73f77be6_1f5fd239b885860b7c2bfc72ad1d97effc0.jpg?1785583330,Crystal,44,17,PLD
Death Reaps,8773483,18,10,Balmung,Crystal,883,0,265183f487ab7e0a5a5b3128ec29a82a_7a573cbc0cda3a3dfc1795cb3d9f7b23fc0.jpg?1785583441,Crystal,27,4,BRD
Uki Yo,50106047,19,11,Adamantoise,Aether,879,0,75e9983a4dd07e7e5de0ed1ac11a23fb_1f5fd239b885860b7c2bfc72ad1d97effc0.jpg?1785584076,Crystal,16,0,RPR
Lillian Floresca,58646686,20,28,Diabolos,Crystal,819,312,4855e798f71f9426ff66aa8bcfc65aed_7b33d33ae3ecb996f778a5f67a6a0af6fc0.jpg?1785582000,Crystal,40,12,UNK
Olivia Lugria,15149290,21,25,Sargatanas,Aether,797,208,c230658574a9dc12a4eb6fae2e16ceb4_ba22853447012a24cee115315d6a5bebfc0.jpg?1785582616,Crystal,51,22,RDM
Fulheart Grit,38212551,22,14,Balmung,Crystal,787,0,4a4d99f967c37bf42bd739857921e360_7a573cbc0cda3a3dfc1795cb3d9f7b23fc0.jpg?1785581645,Crystal,15,3,PLD
Haha Unless,35825889,23,15,Faerie,Aether,706,0,3c249691791cbe0f2fb3ccc230c9a4e4_0e336ff6ad415f47233f0aaf127feac0fc0.jpg?1785583292,Crystal,19,0,DNC
No Buts,2234245,24,20,Zalera,Crystal,700,97,0d8b9ae74f55ea0ba374fa7b38b48862_8106f857613f8fb994b0be37b26ff4bafc0.jpg?1785581977,Crystal,46,14,BRD
Merlin Emryss,9605720,25,16,Faerie,Aether,699,0,87179f28ae17956a4d43567dadf6ea60_0e336ff6ad415f47233f0aaf127feac0fc0.jpg?1785581295,Crystal,30,1,BLM
Rubedo Ginshi,15639088,26,40,Lamia,Primal,698,392,bbc5b3eb96e1a1691fb9abb344fc3217_4d9be17b5e1edc617052b4dbf4007875fc0.jpg?1785583377,Crystal,26,14,RPR
Kasai Kage,21886030,27,18,Adamantoise,Aether,618,0,6835735c490425c8a49d6889308a3484_1f5fd239b885860b7c2bfc72ad1d97effc0.jpg?1785584144,Crystal,14,0,NIN
Sylvie Chan,48678953,28,19,Brynhildr,Crystal,609,0,14580705b6124b25ef19217300b4891f_d0a0f515a62457570c9b44997063e3c1fc0.jpg?1785582058,Crystal,22,3,SGE
Akari Tsuki,46655701,29,21,Adamantoise,Aether,602,0,08f7ffe45c1b134f99ea040b39ee2bdd_1f5fd239b885860b7c2bfc72ad1d97effc0.jpg?1785581644,Crystal,14,0,RPR
Ham Baga,28276994,30,0,Balmung,Crystal,601,100,80672270fca68b3d3fa2f4c0b220427a_7a573cbc0cda3a3dfc1795cb3d9f7b23fc0.jpg?1785583245,Crystal,15,4,SGE
Yui Fins,46861659,31,22,Adamantoise,Aether,600,0,477904411f28cfd029518422146e02f0_1f5fd239b885860b7c2bfc72ad1d97effc0.jpg?1785582832,Crystal,60,13,PLD
Ash Ymir,58885179,32,89,Goblin,Crystal,598,598,9326f044cdbd54d081c76d88de6310e0_8e81e2940511f7152ba4462fe53e35b8fc0.jpg?1785582085,Crystal,49,14,SAM
Miyu Moon,14522179,33,24,Mateus,Crystal,597,0,3562f4cf44aad7d526acbf8fae3937b0_f0c52cc66e124fc2e641d7c21ab2ce79fc0.jpg?1785582544,Crystal,14,2,SAM
Ryan Hoshiko,10323495,34,47,Lamia,Primal,589,292,b8f720f05e5314618bc7341f856d075d_4d9be17b5e1edc617052b4dbf4007875fc0.jpg?1785584182,Crystal,21,16,RDM
Tomo Kote,38176817,35,26,Gilgamesh,Aether,583,0,e5d7502ad7f21874552a4fc21553ee9e_b937560c841465f7c4bc8eb47ea7948afc0.jpg?1785582899,Crystal,24,4,SAM
Lucio Harundo,4012099,36,27,Leviathan,Primal,512,0,d042eff245eaa56c0b6989df68a99564_a91aae52cff9ef65932db06b150ffd47fc0.jpg?1785583912,Crystal,59,16,WAR
Pvp Badboy,38919488,37,31,Sargatanas,Aether,499,0,8833f678967938d2e79b8d993021ce3f_ba22853447012a24cee115315d6a5bebfc0.jpg?1785583392,Crystal,21,0,NIN
Azar Kaveh,16748899,38,54,Mateus,Crystal,497,297,1d25f3d1883510d8fd010504471516b8_f0c52cc66e124fc2e641d7c21ab2ce79fc0.jpg?1785580910,Crystal,24,4,SAM
Zeta Salazar,44375733,39,41,Midgardsormr,Aether,404,103,4be3c205f3892cdbc09e8417ad6dbb68_5c8ecfbc673e1287a9b5e85423fe1657fc0.jpg?1785582064,Crystal,44,18,SAM
Lelouch Masamune,12543299,40,36,Malboro,Crystal,401,4,711457fd66b589fb422ba4640a4826f0_2e97c13fdd593d15d543093f8a37b6f0fc0.jpg?1785580846,Crystal,52,4,SCH
Seto Mimyho,20943977,41,34,Behemoth,Primal,399,0,e0110a23ddcddf11cb8bf1e895c56d75_be20385e18333edb329d4574f364a1f0fc0.jpg?1785583416,Crystal,30,11,SGE
Velvet Mordio,11975584,42,35,Exodus,Primal,399,0,78d6cff1cf5b31e96125819d9688bb5a_0cdf051c93865faa15cbc5cd3d2b69fbfc0.jpg?1785582251,Crystal,7,0,DRG
Air Azure,41482862,43,37,Rafflesia,Dynamis,397,0,a32fc7c37974e2629ce594c455ff54a7_2783886613347a4db0bed7524de1298ffc0.jpg?1785582678,Crystal,20,0,WHM
Big Three,47754584,44,56,Zalera,Crystal,397,197,ef1725c11b5e975338a0b9d2fccdabfe_8106f857613f8fb994b0be37b26ff4bafc0.jpg?1785582931,Crystal,8,3,WAR
Sanahi Keto,57330112,45,38,Hyperion,Primal,391,0,6531a5f5216bf8e7efcdcf26e24615cb_57ae9ee5592123dd79c8912bf768cf99fc0.jpg?1785582060,Crystal,7,0,VPR
Im Dead,44727021,46,0,Balmung,Crystal,391,0,382bb5e8fe23a4e04750cfd29fa9f46c_7a573cbc0cda3a3dfc1795cb3d9f7b23fc0.jpg?1785580698,Crystal,6,0,MNK
Sparrow Hawk,50867063,47,39,Seraph,Dynamis,390,0,1253b18a592d2d3c5133e9b86ab20c5a_07fb0511053f398d1f2d6831e6a6b4c8fc0.jpg?1785583576,Crystal,8,1,DNC
Size Difference,33536390,48,62,Sargatanas,Aether,301,102,770b5bd32a40e292765490f8e46eaf60_ba22853447012a24cee115315d6a5bebfc0.jpg?1785584158,Crystal,49,15,RDM
Garu Kettle,7054871,49,42,Behemoth,Primal,301,0,e03f1b46663ddb8c150315a88c79c9f1_be20385e18333edb329d4574f364a1f0fc0.jpg?1785580763,Crystal,19,14,UNK
Onion Little,37583983,50,43,Zalera,Crystal,300,0,59533d6fd2d0a8b58595bf860ae3f36a_8106f857613f8fb994b0be37b26ff4bafc0.jpg?1785583742,Crystal,13,0,AST
Rin Denma,33178809,51,44,Gilgamesh,Aether,300,0,6c5bab6678d3c44b6e646bc8726eb9f9_b937560c841465f7c4bc8eb47ea7948afc0.jpg?1785582498,Crystal,3,0,UNK
Silanah Sylphrena,45709349,52,65,Faerie,Aether,298,99,353d000e66ebf6b7715ff5998504f784_0e336ff6ad415f47233f0aaf127feac0fc0.jpg?1785583751,Crystal,6,1,AST
Vann Healsing,6572,53,45,Coeurl,Crystal,298,0,e19ce452168669ef7abba0e26cc8ee4c_284358f8eb4efc9095914e46798c6ab3fc0.jpg?1785581188,Crystal,3,0,SGE
Yulia Lunaria,82714,53,45,Coeurl,Crystal,298,0,30d19e29baad4dfe064001a80a4466e1_284358f8eb4efc9095914e46798c6ab3fc0.jpg?1785582483,Crystal,3,0,SGE
Bigg Succ,14228989,55,0,Coeurl,Crystal,298,0,d833225ff74a6d00fc89b134cc155262_284358f8eb4efc9095914e46798c6ab3fc0.jpg?1785582746,Crystal,2,0,MCH
Nero K'ten,6155374,56,48,Lamia,Primal,296,0,457604f04300faac0e52a053884e2bb7_4d9be17b5e1edc617052b4dbf4007875fc0.jpg?1785583643,Crystal,22,3,AST
Kuina Kagetsu,36802695,57,49,Ultros,Primal,296,0,dd8ffbe11c53ea988c605c9c24157c59_c514cdcdb619439df97d906d4434ccc6fc0.jpg?1785582401,Crystal,16,0,SGE
Koifucius Dao-master,37165464,58,50,Exodus,Primal,292,0,030277d5215f88056127d2b9e88474e4_0cdf051c93865faa15cbc5cd3d2b69fbfc0.jpg?1785582810,Crystal,6,0,WHM
Eyre Stahl,32745572,59,51,Maduin,Dynamis,202,0,0d24cf6e8f53fc59a993fd5e5311d4e0_7ff236346f6151d8a2c08fd0b4a0b806fc0.jpg?1785582634,Crystal,1,0,MNK
Gidding Mimid,9835761,60,69,Exodus,Primal,201,4,97296d489ec3afb5d7c65e3c6fa7fc05_0cdf051c93865faa15cbc5cd3d2b69fbfc0.jpg?1785583594,Crystal,38,12,NIN
Rusheel Vasscus,2314921,61,53,Adamantoise,Aether,201,0,a4248cc27f1d518fee3b2b12da021669_1f5fd239b885860b7c2bfc72ad1d97effc0.jpg?1785581392,Crystal,1,0,MNK
Aiberaint Mando,58601227,62,55,Faerie,Aether,200,0,b7621f9e3f9c7a33ce4acd4a392c3a41_0e336ff6ad415f47233f0aaf127feac0fc0.jpg?1785582429,Crystal,21,8,PLD
La Bubu,26625120,63,85,Diabolos,Crystal,200,100,733d34df72366760c6f44581681c9088_7b33d33ae3ecb996f778a5f67a6a0af6fc0.jpg?1785582576,Crystal,4,2,DRG
Raiden Meow,60049984,63,57,Halicarnassus,Dynamis,200,0,82a7874a19aee552f4a0f8ff2b663dff_f2d324d722b28bbe681b2898bcdca8bffc0.jpg?1785583272,Crystal,4,0,MNK
P'roto Idola,35374628,65,58,Brynhildr,Crystal,200,0,a91ad9e8c6c6ddb0905cd9aa6cede8e3_d0a0f515a62457570c9b44997063e3c1fc0.jpg?1785581139,Crystal,3,0,SMN
Sarantsatsral Kha,26082962,65,58,Behemoth,Primal,200,0,f8735f190504d139ee16ec1a623371dc_be20385e18333edb329d4574f364a1f0fc0.jpg?1785583657,Crystal,3,0,BLM
Joe Biden',48592929,67,60,Seraph,Dynamis,200,0,c06fd69e6b294b74118f1a8ad5727f56_07fb0511053f398d1f2d6831e6a6b4c8fc0.jpg?1785582461,Crystal,2,0,UNK
Air Weaver,12424525,68,61,Coeurl,Crystal,200,0,06474f472310d759766363e8e8f53b3f_284358f8eb4efc9095914e46798c6ab3fc0.jpg?1785583507,Crystal,1,0,SGE
Novical Astrea,42979170,69,63,Exodus,Primal,199,0,b638930bbe9987be79fa698126728549_0cdf051c93865faa15cbc5cd3d2b69fbfc0.jpg?1785582542,Crystal,13,0,BRD
Raphtalia Solari,8126326,70,64,Adamantoise,Aether,199,0,baeca36f0f50dbb796496ea18e58ee30_1f5fd239b885860b7c2bfc72ad1d97effc0.jpg?1785582465,Crystal,6,0,SGE
Mits Suki,33204212,71,66,Famfrit,Primal,199,0,5bb063598970951b9c8c586bd4f0db1f_fce4949e615393e574f2d57134b31fc1fc0.jpg?1785582666,Crystal,3,0,MNK
Milly Mina,37964161,72,67,Cuchulainn,Dynamis,199,0,f3300c3e28b3c5b4a3767a587341831e_b4a106e4893fd452df0001eaeecf9d7efc0.jpg?1785583810,Crystal,1,0,AST
Nemx Eisenhorn,2244246,73,68,Excalibur,Primal,198,98,8d22c9821683049e16868ac1de65df41_745baffc465480ed372e274d50318290fc0.jpg?1785584218,Crystal,6,2,SGE
Katka Kogoro,44461194,74,0,Behemoth,Primal,198,0,550a289a6fa63b9cd57149e22c1dbc72_be20385e18333edb329d4574f364a1f0fc0.jpg?1785584281,Crystal,3,0,UNK
Roland Montpensier,27408688,74,70,Mateus,Crystal,198,1,f999e29fa2ab10f6ba02338f493e886b_f0c52cc66e124fc2e641d7c21ab2ce79fc0.jpg?1785582550,Crystal,3,1,DRK
Onigiri Bunny,7352884,76,71,Behemoth,Primal,197,0,382f2b7a0b15514c38a6e2d5af3d8014_be20385e18333edb329d4574f364a1f0fc0.jpg?1785584183,Crystal,1,0,UNK
Unagi Box,34773273,76,71,Cuchulainn,Dynamis,197,0,05a513d02b60c767bfb83440ab2d406b_b4a106e4893fd452df0001eaeecf9d7efc0.jpg?1785580771,Crystal,1,0,GNB
Sitri Belladonna,44271644,78,77,Maduin,Dynamis,196,96,d5fba1e5169b57a308fb1ea60e3553cf_7ff236346f6151d8a2c08fd0b4a0b806fc0.jpg?1785581342,Crystal,28,3,MCH
Unit Two,9241194,79,73,Ultros,Primal,195,0,641de9f4edfaf7fe05a95460092c87ef_c514cdcdb619439df97d906d4434ccc6fc0.jpg?1785580869,Crystal,91,32,BTN
Anti Luminosity,53824427,80,98,Marilith,Dynamis,195,195,345441c3ea324bf07484e7e6f1031ccc_bbfb28d5a9059cd0c768daf77ab29982fc0.jpg?1785583329,Crystal,38,5,RPR
Ninety-nine Agility,43878532,81,74,Famfrit,Primal,102,0,07309ebd18b321f5df47f9ab79049d40_fce4949e615393e574f2d57134b31fc1fc0.jpg?1785582110,Crystal,3,0,SMN
Rail Ying,33252892,82,255,Famfrit,Primal,100,100,e9ae8b691e418ccccf35ebe11804f497_fce4949e615393e574f2d57134b31fc1fc0.jpg?1785582142,Crystal,66,35,SAM
Ivy Storm,61727582,83,174,Zalera,Crystal,100,100,27a648f77de0ff7a1a44539cbd062203_8106f857613f8fb994b0be37b26ff4bafc0.jpg?1785581241,Crystal,56,15,SAM
Gongsun Qerel,38059779,84,76,Mateus,Crystal,100,0,015ef2d1ef8f18b0cf7fa0e646fa2d12_f0c52cc66e124fc2e641d7c21ab2ce79fc0.jpg?1785581024,Crystal,48,16,VPR
Zerth Voldrin,14915863,84,75,Cactuar,Aether,100,0,81a8fef4d9feb3b13352e547c9dcf7d5_96ab1df8877c1f8ba6a89a39cccfd437fc0.jpg?1785584181,Crystal,48,0,DRK
Adrianne Lehman,335503,86,103,Jenova,Aether,100,100,9487d4bc6332e7a22c323a4ee321ffa1_ce736afe35e2ded4e46c4fd0659aef7efc0.jpg?1785582465,Crystal,41,10,NIN
Lazy Bear,39566180,87,93,Faerie,Aether,100,100,a07cf0c35d5a78a5a1b9ca16d6f41803_0e336ff6ad415f47233f0aaf127feac0fc0.jpg?1785582735,Crystal,27,2,MCH
Peregrine Lofte,21726171,88,138,Leviathan,Primal,100,100,351c30387c9048190075024c6b344ead_a91aae52cff9ef65932db06b150ffd47fc0.jpg?1785580997,Crystal,26,6,SMN
Snowsteps Frozenheart,25431273,89,77,Siren,Aether,100,0,3e9412aba214d5dab23b4cdfc8b81294_58a84e851e55175d22158ca97af58a1ffc0.jpg?1785583038,Crystal,25,0,DNC
Labrys Roux,31449732,90,79,Ultros,Primal,100,0,b78d649d03beba97a36fa9eebc98afc4_c514cdcdb619439df97d906d4434ccc6fc0.jpg?1785583823,Crystal,21,0,AST
Minato Maki,53819658,90,79,Excalibur,Primal,100,0,03c1d1dc5b9a30317518ec9a30c301ab_745baffc465480ed372e274d50318290fc0.jpg?1785581179,Crystal,21,0,MNK
June Buggy,39873640,92,81,Brynhildr,Crystal,100,0,929fb7f3958e6f1fbc9e559d731c0108_d0a0f515a62457570c9b44997063e3c1fc0.jpg?1785581268,Crystal,18,0,RDM
Tegridy Weed,3469679,92,81,Midgardsormr,Aether,100,0,96f7b1ca58cffc2cdcbb1df90d116807_5c8ecfbc673e1287a9b5e85423fe1657fc0.jpg?1785580764,Crystal,18,0,ALC
Alma Braver,729037,94,120,Goblin,Crystal,100,100,1d50d402d833734bf7f0d1fe6b3af5e8_8e81e2940511f7152ba4462fe53e35b8fc0.jpg?1785581944,Crystal,17,5,WHM
Dank Lollington,37820692,95,0,Exodus,Primal,100,0,2b6faafd9620689cd5e4222c96529aa5_0cdf051c93865faa15cbc5cd3d2b69fbfc0.jpg?1785581583,Crystal,16,0,NIN
Doomballoon Dapingus,19169037,96,0,Diabolos,Crystal,100,0,e43cef91ca38a14de0e5bea2295ba9c0_7b33d33ae3ecb996f778a5f67a6a0af6fc0.jpg?1785584046,Crystal,15,0,NIN
Naomi Hakoma,13697124,97,84,Halicarnassus,Dynamis,100,0,a6732f9cc34509a6761d618186e745fd_f2d324d722b28bbe681b2898bcdca8bffc0.jpg?1785583596,Crystal,10,3,SMN
Neo Dymium,33030676,98,83,Seraph,Dynamis,100,0,24be6098cf7acc2de169d92917d3299f_07fb0511053f398d1f2d6831e6a6b4c8fc0.jpg?1785582248,Crystal,8,0,WAR
Sanguinius Smolblood,33489157,99,0,Kraken,Dynamis,100,0,461663ac9dfac06c5d61bc05d26ae652_049a956dfeb0eb2e19c417a1dde4d680fc0.jpg?1785582735,Crystal,2,0,DRK
Haley Autouria,105933,100,86,Coeurl,Crystal,100,0,8e6b9b10fc2e31af21e24fdaae151c61_284358f8eb4efc9095914e46798c6ab3fc0.jpg?1785583953,Crystal,0,0,UNK
Io Isana,33563057,100,86,Coeurl,Crystal,100,0,bb1bccc46bef2876072e2e7fa326fa12_284358f8eb4efc9095914e46798c6ab3fc0.jpg?1785584164,Crystal,0,0,AST
Tio Tot,32427648,100,0,Jenova,Aether,100,0,b6b5f99e0b2c9878499873fdbe82cda3_ce736afe35e2ded4e46c4fd0659aef7efc0.jpg?1785582130,Crystal,0,0,VPR
Dread Ross,4916315,103,88,Exodus,Primal,0,0,dafd63f0b3ce97e8283a4d153f0acd06_0cdf051c93865faa15cbc5cd3d2b69fbfc0.jpg?1785583691,Diamond,61,0,MCH
Freelili Baylili,41088797,104,92,Famfrit,Primal,0,0,2fd0edea93f7f1b96bfa59c24d04a2af_fce4949e615393e574f2d57134b31fc1fc0.jpg?1785582666,Diamond,26,4,VPR
Johnny Rotten,60584717,104,90,Balmung,Crystal,0,0,16dd0eb6be877814ca22fed24fe6191d_7a573cbc0cda3a3dfc1795cb3d9f7b23fc0.jpg?1785583855,Diamond,26,1,MCH
Neco-arc Myuri,1364925,106,91,Balmung,Crystal,0,0,45595754292a6e60dac91dc40349a619_7a573cbc0cda3a3dfc1795cb3d9f7b23fc0.jpg?1785582130,Diamond,23,0,UNK
Ice Mage,56719413,107,102,Golem,Dynamis,0,0,20eb207dbce003e2fb1842e0c47aacc7_dd61c3dc259e5c43722e89409499b669fc0.jpg?1785581255,Diamond,16,3,BLM
Ethan Dumas,2337003,108,94,Zalera,Crystal,0,0,4363afb6aeff95a15293cf3907560f7b_8106f857613f8fb994b0be37b26ff4bafc0.jpg?1785584096,Diamond,26,5,RDM
Noraliza Aubyrn,32094068,109,104,Goblin,Crystal,0,0,8a18cbebe3a2fc2c4bc70809fec01623_8e81e2940511f7152ba4462fe53e35b8fc0.jpg?1785581743,Diamond,25,6,MNK
Zolzayaa Noykin,34804380,110,95,Balmung,Crystal,0,0,ff773bbf0388cc8a61ac7c87e78f978f_7a573cbc0cda3a3dfc1795cb3d9f7b23fc0.jpg?1785582779,Diamond,21,2,BLM
F'ool Pr'oof,27802292,111,101,Behemoth,Primal,0,0,07756f3cccf4cada3f3d40b5d44ef841_be20385e18333edb329d4574f364a1f0fc0.jpg?1785581392,Diamond,20,5,SMN
M' Twelve,36885704,111,118,Halicarnassus,Dynamis,0,0,0f10ff80520b725264b0aed8ac62d609_f2d324d722b28bbe681b2898bcdca8bffc0.jpg?1785583664,Diamond,20,7,UNK
Theory Ai,55206021,113,96,Leviathan,Primal,0,0,018be547248466158b1d0f9de4315340_a91aae52cff9ef65932db06b150ffd47fc0.jpg?1785583195,Diamond,74,7,SCH
Pravik Rhati,30628415,114,97,Zalera,Crystal,0,0,6f338ced5bbbd90812f4a17468f53684_8106f857613f8fb994b0be37b26ff4bafc0.jpg?1785582065,Diamond,67,27,SMN
Fyoriah Aliapoh,44734635,115,99,Faerie,Aether,0,0,298901c71b421faa4612e0bbd9420820_0e336ff6ad415f47233f0aaf127feac0fc0.jpg?1785583211,Diamond,27,0,MNK
Noel Bunny,5201676,116,100,Behemoth,Primal,0,0,c7f99603b6e09c43470bbabaed203add_be20385e18333edb329d4574f364a1f0fc0.jpg?1785581237,Diamond,26,0,UNK
Stephanie Dolla,28812314,117,112,Zalera,Crystal,0,0,d9051d9ee54d0e9f8178549cfed7d8cf_8106f857613f8fb994b0be37b26ff4bafc0.jpg?1785581081,Diamond,32,1,GNB
Navori Valois,48622291,118,105,Siren,Aether,0,0,4facdc408c9ad771bc52001d3c82fa9f_58a84e851e55175d22158ca97af58a1ffc0.jpg?1785583496,Diamond,16,0,SGE
Jin Mercer,31096690,119,106,Marilith,Dynamis,0,0,708b770d30658bbff6a84015d913b518_bbfb28d5a9059cd0c768daf77ab29982fc0.jpg?1785581860,Diamond,9,0,RDM
Lolly Pops,11573609,120,221,Leviathan,Primal,0,0,a38b4d4cbcfc624c56b5db6efb627dd2_a91aae52cff9ef65932db06b150ffd47fc0.jpg?1785581024,Diamond,52,17,MCH
Kanae Meow,36806118,121,107,Ultros,Primal,0,0,8969e8a0b518902a3996525f822b4701_c514cdcdb619439df97d906d4434ccc6fc0.jpg?1785583389,Diamond,47,18,WHM
Savard Qerel,20600432,122,125,Diabolos,Crystal,0,0,db0af86bd2eb90f70c42b9e65658aff2_7b33d33ae3ecb996f778a5f67a6a0af6fc0.jpg?1785581682,Diamond,39,9,PLD
Tiny Sosig,16648383,123,114,Balmung,Crystal,0,0,47661dc0b135d6c15fadc46a3fa85816_7a573cbc0cda3a3dfc1795cb3d9f7b23fc0.jpg?1785582535,Diamond,36,8,NIN
Mocha Sun,31799604,124,108,Coeurl,Crystal,0,0,3929588579c8d6631b5fe6a13edbb3dd_284358f8eb4efc9095914e46798c6ab3fc0.jpg?1785583922,Diamond,15,0,NIN
Nonoha Noha,32959229,125,152,Balmung,Crystal,0,0,d9c4977477ddfaebc0c2204729f692f9_7a573cbc0cda3a3dfc1795cb3d9f7b23fc0.jpg?1785581984,Diamond,14,5,SAM
Tarex Youva,34244171,126,109,Behemoth,Primal,0,0,f62a1a6593a19abc7f2ade2191e57159_be20385e18333edb329d4574f364a1f0fc0.jpg?1785583626,Diamond,13,0,BRD
Abel Catallus,20632128,127,110,Hyperion,Primal,0,0,a753917cbe6dc89a0ba41f10003a621d_57ae9ee5592123dd79c8912bf768cf99fc0.jpg?1785583748,Diamond,12,0,BLM
Hilto Feltre,55076328,128,111,Sargatanas,Aether,0,0,4a850e1dbb7f6f3aeff5b21df6166f3f_ba22853447012a24cee115315d6a5bebfc0.jpg?1785583489,Diamond,8,0,MCH
Lux Mas,23065843,129,149,Sargatanas,Aether,0,0,88a2ca0abf69b95b8d6893d740e04615_ba22853447012a24cee115315d6a5bebfc0.jpg?1785580918,Diamond,40,15,RDM
Oni Akuma,7300790,130,112,Gilgamesh,Aether,0,0,e8e098720e245711114b4614110261b5_b937560c841465f7c4bc8eb47ea7948afc0.jpg?1785583152,Diamond,32,1,MNK
Elphen Gura,2247953,131,128,Gilgamesh,Aether,0,0,292e135e4f46290be61b4699e8236363_b937560c841465f7c4bc8eb47ea7948afc0.jpg?1785582347,Diamond,25,5,SGE
Isabeau Yuki,56519813,132,115,Balmung,Crystal,0,0,f89033dd8180df3efc68a5b0f142cf25_7a573cbc0cda3a3dfc1795cb3d9f7b23fc0.jpg?1785583583,Diamond,24,0,AST
Jenova Catgirl,56356925,133,116,Balmung,Crystal,0,0,fdd023d68fd7a60dd9109a3f33c74fb1_7a573cbc0cda3a3dfc1795cb3d9f7b23fc0.jpg?1785583672,Diamond,23,0,PCT
Orpheus Laine,29851207,134,117,Gilgamesh,Aether,0,0,5939235fbb052c79392d334cce14ca00_b937560c841465f7c4bc8eb47ea7948afc0.jpg?1785583806,Diamond,17,0,SCH
Silah Zetsku,53965328,135,118,Marilith,Dynamis,0,0,d2b4042f092dccb0d381fdc61afe74c3_bbfb28d5a9059cd0c768daf77ab29982fc0.jpg?1785584082,Diamond,13,0,BRD
Brian Ricardo,9364090,136,121,Adamantoise,Aether,0,0,c00688b4ac9b567c1a4de9d648fbbff4_1f5fd239b885860b7c2bfc72ad1d97effc0.jpg?1785582706,Diamond,11,0,AST
A'kena Themis,30488636,137,122,Cuchulainn,Dynamis,0,0,0dfbdcebc19679eb813e05521b4bc587_b4a106e4893fd452df0001eaeecf9d7efc0.jpg?1785584004,Diamond,10,2,DNC
Cecils Lunas,39054438,137,0,Brynhildr,Crystal,0,0,4f553dbd79cfae0460c3d43b82171d15_d0a0f515a62457570c9b44997063e3c1fc0.jpg?1785583226,Diamond,10,0,SMN
So What,33785359,139,122,Ultros,Primal,0,0,b0f894a94041f0bd4b241723ce815801_c514cdcdb619439df97d906d4434ccc6fc0.jpg?1785582002,Diamond,8,0,SMN
Ciel Sorrel,22647977,140,162,Zalera,Crystal,0,0,4feb2b2835b10561864f50a075fa571c_8106f857613f8fb994b0be37b26ff4bafc0.jpg?1785583600,Diamond,7,3,MCH
Cj Deux,23394493,141,124,Lamia,Primal,0,0,64702aeefa55d2931c531ddadd7964ea_4d9be17b5e1edc617052b4dbf4007875fc0.jpg?1785581440,Diamond,53,7,WHM
Larxis Themage,9284703,142,225,Mateus,Crystal,0,0,f1440421e273892659981868cbc99f9b_f0c52cc66e124fc2e641d7c21ab2ce79fc0.jpg?1785583337,Diamond,43,25,MCH
Mika Makura,43900321,143,224,Sargatanas,Aether,0,0,08bc6e0e70d7337801784f174c698620_ba22853447012a24cee115315d6a5bebfc0.jpg?1785583055,Diamond,33,7,DNC
Nana Shirogane,27492589,144,128,Lamia,Primal,0,0,3cda69c8242e3525a60690e884546ccd_4d9be17b5e1edc617052b4dbf4007875fc0.jpg?1785581644,Diamond,27,7,UNK
Malachi Lights,12672217,145,127,Kraken,Dynamis,0,0,78c8b470bdf08206e10dc0aea773bc7c_049a956dfeb0eb2e19c417a1dde4d680fc0.jpg?1785581127,Diamond,24,2,DRG
Eroison Chren,42575447,146,126,Ultros,Primal,0,0,d66c862181da18eea3335d6667510dc6_c514cdcdb619439df97d906d4434ccc6fc0.jpg?1785583448,Diamond,23,0,PLD
Glowing Orchid,38774047,147,130,Siren,Aether,0,0,88f633924891d0f1c7e70d8b2684e821_58a84e851e55175d22158ca97af58a1ffc0.jpg?1785584114,Diamond,19,0,WHM
Kale Crow,57973655,148,131,Excalibur,Primal,0,0,39e30189265e5cf770bddc1b87bdb349_745baffc465480ed372e274d50318290fc0.jpg?1785584258,Diamond,9,0,UNK
Diddly Gyatt,47133213,149,147,Excalibur,Primal,0,0,ccc0c02fa7582879eaf0559bd61758ec_745baffc465480ed372e274d50318290fc0.jpg?1785582711,Diamond,7,3,NIN
Nha-uwu John,47196895,149,186,Ultros,Primal,0,0,c74c6ed5858d763368f6267a128abb62_c514cdcdb619439df97d906d4434ccc6fc0.jpg?1785582426,Diamond,7,5,MNK
Shiba Kotohime,43864312,149,132,Balmung,Crystal,0,0,03f0a4821e97ef1e04b4bc44363c30e3_7a573cbc0cda3a3dfc1795cb3d9f7b23fc0.jpg?1785582306,Diamond,7,0,WAR
Karl Rex,48615049,152,0,Siren,Aether,0,0,a7f2129699ecb71e801871425b8cbc52_58a84e851e55175d22158ca97af58a1ffc0.jpg?1785581961,Diamond,97,28,PLD
Vine Uchiha,39554383,153,155,Mateus,Crystal,0,0,5f1f725860423fd66451443aa0adb40b_f0c52cc66e124fc2e641d7c21ab2ce79fc0.jpg?1785580944,Diamond,32,8,PLD
Aurora Aura,51466191,154,140,Coeurl,Crystal,0,0,6bf65747d41f881881af0d8d8ee83bb9_284358f8eb4efc9095914e46798c6ab3fc0.jpg?1785582065,Diamond,29,12,RDM
Riki Gandrake,1558233,155,0,Balmung,Crystal,0,0,442f4df63f0df0c75d240ab042e3fcdb_7a573cbc0cda3a3dfc1795cb3d9f7b23fc0.jpg?1785581802,Diamond,20,0,RPR
Gidson Brand,28304013,156,145,Goblin,Crystal,0,0,876c2dd63c77339205c6fe96b4bd3d82_8e81e2940511f7152ba4462fe53e35b8fc0.jpg?1785581909,Diamond,12,5,WAR
Teysa Montgomery,6201712,156,196,Cactuar,Aether,0,0,eb51f53fb1f2b23ee171b4e92895e9b4_96ab1df8877c1f8ba6a89a39cccfd437fc0.jpg?1785582732,Diamond,12,4,DRG
Thamiel Blade,11845109,156,0,Malboro,Crystal,0,0,80ba6f7aa26a72c98ebf41b210be27be_2e97c13fdd593d15d543093f8a37b6f0fc0.jpg?1785582712,Diamond,12,0,SMN
Yos Sy,23664999,156,0,Jenova,Aether,0,0,01f58e6e2269085746fd0a5b6fe0e7f2_ce736afe35e2ded4e46c4fd0659aef7efc0.jpg?1785583953,Diamond,12,0,PLD
Draiser Montblanc,32398472,160,133,Lamia,Primal,0,0,7815697ae034669b4e9620865400c384_4d9be17b5e1edc617052b4dbf4007875fc0.jpg?1785582918,Diamond,9,0,DRK
Lenpao Victus,30455513,160,133,Midgardsormr,Aether,0,0,6067c0a6b77debbd9a03665d4d13dd52_5c8ecfbc673e1287a9b5e85423fe1657fc0.jpg?1785582480,Diamond,9,0,UNK
Jen Helstrom,25258759,162,137,Coeurl,Crystal,0,0,04eae21709a39e9beb00eaf137a9c920_284358f8eb4efc9095914e46798c6ab3fc0.jpg?1785582928,Diamond,44,13,NIN
Nanamie Namie,54007603,163,135,Seraph,Dynamis,0,0,0a2ba3a431605dbe05215a75dffd70e7_07fb0511053f398d1f2d6831e6a6b4c8fc0.jpg?1785582780,Diamond,41,0,AST
Saria Desolita,7318698,164,136,Exodus,Primal,0,0,b9d47f2d43e0c5bf6c608abae563f12e_0cdf051c93865faa15cbc5cd3d2b69fbfc0.jpg?1785582798,Diamond,33,0,AST
Reed Diamond,7237831,165,139,Ultros,Primal,0,0,132bb33f336f4f3ae42c3cf9a96a11ad_c514cdcdb619439df97d906d4434ccc6fc0.jpg?1785584171,Diamond,24,5,MNK
Naeng Myeon,35393894,166,141,Jenova,Aether,0,0,e834ee8ccde5fd99424275ed75278f5b_ce736afe35e2ded4e46c4fd0659aef7efc0.jpg?1785582451,Diamond,16,1,NIN
Zypris Allsbane,13616095,167,142,Leviathan,Primal,0,0,8194751bb802fcd9691a7ee558040836_a91aae52cff9ef65932db06b150ffd47fc0.jpg?1785581429,Diamond,11,0,RPR
Kiitla Hundar,21600585,168,143,Brynhildr,Crystal,0,0,acff83df95bca2189584bd6af72e84ce_d0a0f515a62457570c9b44997063e3c1fc0.jpg?1785581166,Diamond,10,0,UNK
Mini Miki,48775956,169,144,Hyperion,Primal,0,0,f93a08a63d35da3273db5bd24d02c19b_57ae9ee5592123dd79c8912bf768cf99fc0.jpg?1785581841,Diamond,8,0,SAM
V'rahsa Yun,36482021,170,145,Diabolos,Crystal,0,0,33c355fce6bd87aedc5b77aaaf8aacd9_7b33d33ae3ecb996f778a5f67a6a0af6fc0.jpg?1785581818,Diamond,7,0,UNK
Rasan Sena,13544028,171,147,Kraken,Dynamis,0,0,70d1ba94bcbeff8a384f1e364b2ee863_049a956dfeb0eb2e19c417a1dde4d680fc0.jpg?1785581620,Diamond,4,0,UNK
Greenage Hudson,17334864,172,150,Mateus,Crystal,0,0,8a24473a4118500340b8c827950bf0ee_f0c52cc66e124fc2e641d7c21ab2ce79fc0.jpg?1785581640,Diamond,30,7,MNK
Bean Waters,34305264,173,201,Famfrit,Primal,0,0,bcdcd97b24d4dfc6b3e643c8670b6f7c_fce4949e615393e574f2d57134b31fc1fc0.jpg?1785581019,Diamond,10,6,DRG
Living Failure,41211137,173,151,Ultros,Primal,0,0,0944d31af8dc0ff0f4aef75057f6b371_c514cdcdb619439df97d906d4434ccc6fc0.jpg?1785581549,Diamond,10,0,RDM
Shimori Bunihara,50186185,175,153,Kraken,Dynamis,0,0,c7cd2842a29701e0963bf6d156392014_049a956dfeb0eb2e19c417a1dde4d680fc0.jpg?1785583039,Diamond,8,0,BLM
Tc Sola,43984930,176,154,Zalera,Crystal,0,0,1bde011c1056c258b5456fb7d0f6283f_8106f857613f8fb994b0be37b26ff4bafc0.jpg?1785581535,Diamond,6,0,RDM
Caster Ofhealz,54941141,177,240,Kraken,Dynamis,0,0,2d29fd1badb72853710b9cc7511f467f_049a956dfeb0eb2e19c417a1dde4d680fc0.jpg?1785583595,Diamond,5,4,MCH
V'linh Tia,35736983,178,156,Hyperion,Primal,0,0,760e31f96b4d3b3534fcdc43c9564fab_57ae9ee5592123dd79c8912bf768cf99fc0.jpg?1785584225,Diamond,29,9,WAR
Cain Molkoh,57323197,179,229,Goblin,Crystal,0,0,889deea7b0b76edd744a2b6fb24a09a1_8e81e2940511f7152ba4462fe53e35b8fc0.jpg?1785581039,Diamond,28,16,MCH
Galaxy Destroyer,60337447,180,157,Balmung,Crystal,0,0,962ec013c7ef29cf88c9502db64eea5f_7a573cbc0cda3a3dfc1795cb3d9f7b23fc0.jpg?1785581150,Diamond,22,4,UNK
Sabe Kryze,21508368,181,179,Coeurl,Crystal,0,0,a0a944e1f5230b8ce9389d528bf274af_284358f8eb4efc9095914e46798c6ab3fc0.jpg?1785582001,Diamond,15,4,SMN
I'm Die,4799967,182,0,Gilgamesh,Aether,0,0,c11aaa36c6d7b1b8376ea9c14a3c6f5f_b937560c841465f7c4bc8eb47ea7948afc0.jpg?1785580863,Diamond,12,0,GNB
Shinra Tatsuya,8648762,183,160,Gilgamesh,Aether,0,0,7dccb5e520b149afd2b044279fa8694e_b937560c841465f7c4bc8eb47ea7948afc0.jpg?1785584183,Diamond,11,4,MCH
Banana Skye,48159675,184,158,Faerie,Aether,0,0,37d6f3f177181cc95ef2e697d25b0c85_0e336ff6ad415f47233f0aaf127feac0fc0.jpg?1785582276,Diamond,9,0,WHM
Eris Valens,29017252,184,159,Ultros,Primal,0,0,843039b57a19bafbdba3c5235b6bb73b_c514cdcdb619439df97d906d4434ccc6fc0.jpg?1785581461,Diamond,9,1,BRD
Lishenna Bloodborne,12882191,184,161,Ultros,Primal,0,0,99310d0cea042cd2f2464c5e5675b99b_c514cdcdb619439df97d906d4434ccc6fc0.jpg?1785581679,Diamond,9,4,UNK
Azureal Grandeur,20448737,187,0,Marilith,Dynamis,0,0,fa989d1d00d58fc1b4171abefb5e22b7_bbfb28d5a9059cd0c768daf77ab29982fc0.jpg?1785583040,Diamond,7,0,WHM
Mash Buttons,12470854,188,0,Ultros,Primal,0,0,eec5508ec2ce3844fd62caa5b87a24d8_c514cdcdb619439df97d906d4434ccc6fc0.jpg?1785582491,Diamond,3,0,BRD
Zero Infinity,24892158,189,173,Leviathan,Primal,0,0,3e81b091ca7d58c24c56ff29d26ce657_a91aae52cff9ef65932db06b150ffd47fc0.jpg?1785582134,Diamond,77,7,SAM
Eloza Ketsch,8667845,190,163,Malboro,Crystal,0,0,4414bb689fd8033d67e6821653f9a232_2e97c13fdd593d15d543093f8a37b6f0fc0.jpg?1785580851,Diamond,54,0,VPR
Shoji Takamura,61762635,191,164,Jenova,Aether,0,0,d5049e0803da1f5700919b28fc756498_ce736afe35e2ded4e46c4fd0659aef7efc0.jpg?1785580737,Diamond,41,0,GNB
Phrosticus Maximus,51732834,192,165,Kraken,Dynamis,0,0,36921233b0c05085a501c86bb51f5633_049a956dfeb0eb2e19c417a1dde4d680fc0.jpg?1785583669,Diamond,34,7,NIN
Communal Cheeks,27114083,193,166,Exodus,Primal,0,0,3fc08de400212f238f1a14efeb29b544_0cdf051c93865faa15cbc5cd3d2b69fbfc0.jpg?1785581418,Diamond,17,1,MCH
Celeste Aeternum,38129090,194,169,Adamantoise,Aether,0,0,76510814c4215ff9bd016e9313ee6e2c_1f5fd239b885860b7c2bfc72ad1d97effc0.jpg?1785583770,Diamond,15,5,WHM
Celicat Owaowa,35524850,195,167,Malboro,Crystal,0,0,a457193103c1bc069e4ac285614c96f0_2e97c13fdd593d15d543093f8a37b6f0fc0.jpg?1785583107,Diamond,12,0,VPR
Horan Lou,38248988,196,168,Brynhildr,Crystal,0,0,3c88d2c3502bacefa5eb1e223a75217b_d0a0f515a62457570c9b44997063e3c1fc0.jpg?1785583022,Diamond,11,0,FSH
Dandy Lyon,9088850,197,170,Leviathan,Primal,0,0,5e652518b4930ff5cb411a5818760318_a91aae52cff9ef65932db06b150ffd47fc0.jpg?1785581256,Diamond,10,4,NIN
Lief Eksil,20195744,198,171,Jenova,Aether,0,0,33906bd77a7d2eb73c8c22b2225fae2d_ce736afe35e2ded4e46c4fd0659aef7efc0.jpg?1785583616,Diamond,6,3,SMN
Reina Crowley,19324150,198,0,Malboro,Crystal,0,0,d8624175065ad845c6d16c7f8638cc12_2e97c13fdd593d15d543093f8a37b6f0fc0.jpg?1785583396,Diamond,6,0,UNK
You Sea,12059416,200,171,Gilgamesh,Aether,0,0,6ac29901580281ae6a79f2e6a070dc6a_b937560c841465f7c4bc8eb47ea7948afc0.jpg?1785583459,Diamond,3,0,PCT
First Name,39082032,201,0,Gilgamesh,Aether,0,0,f61b7a515f332494dbc997024a22504d_b937560c841465f7c4bc8eb47ea7948afc0.jpg?1785581483,Diamond,72,18,UNK
Mutilated Remains,15274725,202,175,Adamantoise,Aether,0,0,8f629073b22cd80f608068b9cfd406f3_1f5fd239b885860b7c2bfc72ad1d97effc0.jpg?1785580809,Diamond,21,0,SAM
Grem Lynoir,49876244,203,176,Diabolos,Crystal,0,0,e9408b6119c7b2f158074dc2c17546b2_7b33d33ae3ecb996f778a5f67a6a0af6fc0.jpg?1785580866,Diamond,19,0,SGE
Bam Pepo,22678638,204,227,Sargatanas,Aether,0,0,8533b0fce359fe75fd8f831869cf110d_ba22853447012a24cee115315d6a5bebfc0.jpg?1785582859,Diamond,17,3,WAR
Pharys Ra,13620648,205,177,Excalibur,Primal,0,0,ab536250c61e7cff127e8bc9e716882f_745baffc465480ed372e274d50318290fc0.jpg?1785584115,Diamond,15,1,RDM
Sophia Sol,50636657,205,178,Diabolos,Crystal,0,0,f2e548487adc8d24ba4ee5ae891d1fca_7b33d33ae3ecb996f778a5f67a6a0af6fc0.jpg?1785580750,Diamond,15,2,AST
Von Columbine,58381347,207,0,Gilgamesh,Aether,0,0,616328e702b2b2e8d452581d53ec9f88_b937560c841465f7c4bc8eb47ea7948afc0.jpg?1785580928,Diamond,12,0,GNB
Misdes Lightborn,15985822,208,180,Excalibur,Primal,0,0,b5a720db92fc3ecb59bb12c0885b2648_745baffc465480ed372e274d50318290fc0.jpg?1785583033,Diamond,9,0,WAR
Rathais Gunnach,32955444,209,181,Brynhildr,Crystal,0,0,2a434eda7d82f52a4a70d056b83f2c27_d0a0f515a62457570c9b44997063e3c1fc0.jpg?1785581962,Diamond,8,0,SGE
Ellie Meeps,36047772,210,182,Lamia,Primal,0,0,5075b5b323ed5910f6ab59867119b460_4d9be17b5e1edc617052b4dbf4007875fc0.jpg?1785581297,Diamond,7,0,BLM
Denmo Mcstronghuge,1150717,211,186,Excalibur,Primal,0,0,bb33b9be77e28ab26ee6367ad6ba7cac_745baffc465480ed372e274d50318290fc0.jpg?1785583207,Diamond,6,4,SGE
Diana Page,31890298,211,0,Malboro,Crystal,0,0,e00b2671dacbbcf0c64b3dca7d8309b8_2e97c13fdd593d15d543093f8a37b6f0fc0.jpg?1785584028,Diamond,6,5,MCH
Na In,32505635,213,186,Goblin,Crystal,0,0,6ad54caac94f2e89fe9d5acd94c2c145_8e81e2940511f7152ba4462fe53e35b8fc0.jpg?1785582263,Diamond,5,3,DRK
Shiroi Kijo,44769088,213,183,Ultros,Primal,0,0,2bc8c14bed99e41cc16db823a37e5295_c514cdcdb619439df97d906d4434ccc6fc0.jpg?1785581018,Diamond,5,0,SMN
Belle Quicksilver,2897739,215,184,Balmung,Crystal,0,0,4f386af86d2c8049f58f4baaeeb4a3a3_7a573cbc0cda3a3dfc1795cb3d9f7b23fc0.jpg?1785583600,Diamond,3,0,UNK
Kyrillos Adler,36815385,215,184,Midgardsormr,Aether,0,0,1cbc27d51a9280a111dc25e47ffc0db6_5c8ecfbc673e1287a9b5e85423fe1657fc0.jpg?1785582374,Diamond,3,0,GNB
Alhanelem Amidatelion,873371,217,186,Hyperion,Primal,0,0,6b4308cba17ad122edd5baebfaf6b98a_57ae9ee5592123dd79c8912bf768cf99fc0.jpg?1785582770,Diamond,2,0,PCT
Hroch Cipher,38843258,218,0,Brynhildr,Crystal,0,0,83bd93155dbaa1c9fa4328cff8067336_d0a0f515a62457570c9b44997063e3c1fc0.jpg?1785581560,Diamond,48,14,NIN
Zhamla Meer,28108044,219,192,Diabolos,Crystal,0,0,d254cd9d290acc95810fd6d7c72153cf_7b33d33ae3ecb996f778a5f67a6a0af6fc0.jpg?1785583899,Diamond,22,6,RPR
Daeis Arc,31556437,220,190,Siren,Aether,0,0,a6f89bb3c06524a4b469909fd9e6cb4e_58a84e851e55175d22158ca97af58a1ffc0.jpg?1785582659,Diamond,18,0,MCH
Rei Momochi,50254035,221,191,Siren,Aether,0,0,cb1720f90e6c9a751720009eb7c39a62_58a84e851e55175d22158ca97af58a1ffc0.jpg?1785584074,Diamond,17,0,UNK
Satxrn Xx,13999745,222,192,Jenova,Aether,0,0,ab4556bd51e3612f0f9dfff60aa81c83_ce736afe35e2ded4e46c4fd0659aef7efc0.jpg?1785583116,Diamond,16,0,UNK
Vaal Hazak,26534863,223,259,Zalera,Crystal,0,0,7c44a75a2f3d57a9cd3b86235340939b_8106f857613f8fb994b0be37b26ff4bafc0.jpg?1785582174,Diamond,15,4,WAR
Aeon Xel'kai,11883456,224,194,Gilgamesh,Aether,0,0,48aca0812d41518f37895b59be706dd8_b937560c841465f7c4bc8eb47ea7948afc0.jpg?1785581785,Diamond,12,0,GNB
Hiro Hirino,4677599,225,195,Excalibur,Primal,0,0,a8fff7e575552e602ec806be25a54135_745baffc465480ed372e274d50318290fc0.jpg?1785582291,Diamond,11,0,WHM
Addison Reis,13331029,226,238,Balmung,Crystal,0,0,55155550ab0b2bf975a34a3d174dbb96_7a573cbc0cda3a3dfc1795cb3d9f7b23fc0.jpg?1785582011,Diamond,9,6,MNK
Divine Zr,3973978,227,197,Gilgamesh,Aether,0,0,7fb139bbb52d4f47001269f6769ee972_b937560c841465f7c4bc8eb47ea7948afc0.jpg?1785581345,Diamond,7,0,GNB
Glamour Police,42569529,227,300,Faerie,Aether,0,0,628a713ff9a3e9604964fec89696bc80_0e336ff6ad415f47233f0aaf127feac0fc0.jpg?1785583626,Diamond,7,5,WAR
Lumiel Alstreim,6929457,227,197,Balmung,Crystal,0,0,6004c4e57250b544ed36bf6b310e878a_7a573cbc0cda3a3dfc1795cb3d9f7b23fc0.jpg?1785581621,Diamond,7,0,AST
Jon Jitsu,3287137,230,199,Exodus,Primal,0,0,40995ea7a6a7bd4a2bf41fe663bdcd2a_0cdf051c93865faa15cbc5cd3d2b69fbfc0.jpg?1785582006,Diamond,6,0,GNB
Kirishoto Azphina,7859003,230,199,Excalibur,Primal,0,0,c9689b4fc4af55f8366432b02c0ce55f_745baffc465480ed372e274d50318290fc0.jpg?1785581954,Diamond,6,0,WHM
Baka Bao,48974722,232,0,Gilgamesh,Aether,0,0,ef2247fb5724315ecd96d1ac9c5804b1_b937560c841465f7c4bc8eb47ea7948afc0.jpg?1785583584,Diamond,5,0,SAM
Aahaha Hahahahaha,31743716,233,201,Exodus,Primal,0,0,77935bdcfdbdbcd8404ce28584023170_0cdf051c93865faa15cbc5cd3d2b69fbfc0.jpg?1785582935,Diamond,4,0,VPR
Byleth Eisner,31210829,233,0,Diabolos,Crystal,0,0,9519bc4bef09cdf0eabb6cb9e75c643f_7b33d33ae3ecb996f778a5f67a6a0af6fc0.jpg?1785582863,Diamond,4,0,SMN
Haley Comet,27668347,233,201,Cactuar,Aether,0,0,2b237658ff580795f602f2f1b6069a76_96ab1df8877c1f8ba6a89a39cccfd437fc0.jpg?1785583999,Diamond,4,0,BRD
Vaeltis Nyght,16404977,233,201,Famfrit,Primal,0,0,0caba4911a7521943ad38550f8faec63_fce4949e615393e574f2d57134b31fc1fc0.jpg?1785584153,Diamond,4,0,GNB
Bonzie Rice,42563875,237,205,Halicarnassus,Dynamis,0,0,1ebd9289972e6929e32e80360d9c1f5f_f2d324d722b28bbe681b2898bcdca8bffc0.jpg?1785582360,Diamond,3,0,WHM
Lulumi Lumi,4385892,237,205,Excalibur,Primal,0,0,f67f0afcda21270147df40ff6110d899_745baffc465480ed372e274d50318290fc0.jpg?1785583594,Diamond,3,0,SCH
Seychelle Mae,15803862,237,205,Hyperion,Primal,0,0,f3aabdecd1d759e56719f01786a72507_57ae9ee5592123dd79c8912bf768cf99fc0.jpg?1785580854,Diamond,3,0,UNK
Totomo Tomo,21091356,237,208,Mateus,Crystal,0,0,658b6fff8b4779dd780ce5dd4a27fe73_f0c52cc66e124fc2e641d7c21ab2ce79fc0.jpg?1785584222,Diamond,3,1,VPR
Jonn Snoww,19740354,241,0,Marilith,Dynamis,0,0,a7e133f499c7eaef9939ae48fdfd1c14_bbfb28d5a9059cd0c768daf77ab29982fc0.jpg?1785582634,Diamond,2,0,RDM
Runica Featherbow,2735402,241,208,Gilgamesh,Aether,0,0,2050ede441451e2b7f340c28c5ea7fe9_b937560c841465f7c4bc8eb47ea7948afc0.jpg?1785583220,Diamond,2,0,WAR
Xion Fleur,45111165,241,208,Leviathan,Primal,0,0,91cc4c8c334d9404f523f324d4439d0a_a91aae52cff9ef65932db06b150ffd47fc0.jpg?1785582829,Diamond,2,0,DNC
Ak'o Tia,34363822,244,211,Behemoth,Primal,0,0,1b3d1d8ad42763c52706747b13cb6647_be20385e18333edb329d4574f364a1f0fc0.jpg?1785581240,Diamond,1,0,MNK
Gracidea Blossom,4573171,244,0,Lamia,Primal,0,0,12afdfb12aebd14365b3149875fee65f_4d9be17b5e1edc617052b4dbf4007875fc0.jpg?1785580702,Diamond,1,0,WHM
Iron'chef America,8128303,244,211,Excalibur,Primal,0,0,0481201183ab89a2bd2f40a399e79d47_745baffc465480ed372e274d50318290fc0.jpg?1785583283,Diamond,1,0,PLD
Kazuya Regilis,60810596,244,211,Golem,Dynamis,0,0,1acb69c2897e9bf97d19ecb1b949ede2_dd61c3dc259e5c43722e89409499b669fc0.jpg?1785582487,Diamond,1,0,SGE
Kookiki Kooki,39878714,244,211,Mateus,Crystal,0,0,a5cc27e1b858293392d13abf6fc94e77_f0c52cc66e124fc2e641d7c21ab2ce79fc0.jpg?1785582803,Diamond,1,0,DRG
Lazarus Shade,14689253,244,211,Midgardsormr,Aether,0,0,1dad866ddd12676c99ed368751dcd576_5c8ecfbc673e1287a9b5e85423fe1657fc0.jpg?1785583598,Diamond,1,0,MCH
Myron Bruh,2328250,244,211,Adamantoise,Aether,0,0,e979eeace2c98e9b400b84529b6779b7_1f5fd239b885860b7c2bfc72ad1d97effc0.jpg?1785580716,Diamond,1,0,PCT
Neo Zee',28714097,244,0,Balmung,Crystal,0,0,ecd9a08521dcc0c1872ac990f3a534b9_7a573cbc0cda3a3dfc1795cb3d9f7b23fc0.jpg?1785583874,Diamond,1,0,BRD
Orea Brador,33963035,244,211,Exodus,Primal,0,0,de652fddceae1de60684077d0d5922e4_0cdf051c93865faa15cbc5cd3d2b69fbfc0.jpg?1785583091,Diamond,1,0,WHM
Rekkuzo Hassan,33825089,253,219,Malboro,Crystal,0,0,c4f99a14c73ad06cb40ca45c824a4eeb_2e97c13fdd593d15d543093f8a37b6f0fc0.jpg?1785583327,Diamond,48,0,WHM
B'lakea Rook,40277296,254,280,Excalibur,Primal,0,0,5b28342f0059552f4be78e5580b734ae_745baffc465480ed372e274d50318290fc0.jpg?1785581645,Diamond,46,12,NIN
Vero Aeolian,4285889,255,220,Faerie,Aether,0,0,d9eafe2b41e79d18f8756442afe584da_0e336ff6ad415f47233f0aaf127feac0fc0.jpg?1785582269,Diamond,37,0,RDM
R'afa Lhea,21024251,256,0,Midgardsormr,Aether,0,0,8e44e046221bc46b609ea5dc475e6479_5c8ecfbc673e1287a9b5e85423fe1657fc0.jpg?1785584176,Diamond,34,16,GNB
Blaqk Chan,21344246,257,222,Gilgamesh,Aether,0,0,a6acc44ca81aa0fced850b7ff829213e_b937560c841465f7c4bc8eb47ea7948afc0.jpg?1785583040,Diamond,29,0,SMN
Yuki Yozora,32275648,257,222,Faerie,Aether,0,0,bed164ee9535c02b6ea7cc8b5000c845_0e336ff6ad415f47233f0aaf127feac0fc0.jpg?1785582518,Diamond,29,0,SAM
Blue Dreamer,40535782,259,262,Hyperion,Primal,0,0,3be8f3f138a1e162a97f7cc08389a699_57ae9ee5592123dd79c8912bf768cf99fc0.jpg?1785583254,Diamond,26,3,PCT
Izanami Manohara,8960998,260,275,Golem,Dynamis,0,0,ffa4661cd895fc80e60b2874f52e6a75_dd61c3dc259e5c43722e89409499b669fc0.jpg?1785582477,Diamond,25,4,RDM
Amelia Snowy,57212337,261,225,Sargatanas,Aether,0,0,3201ddb4acea86a57af9b79aaa1252d9_ba22853447012a24cee115315d6a5bebfc0.jpg?1785583631,Diamond,21,3,BRD
Zithiel Bihrul,44613484,262,232,Faerie,Aether,0,0,4abc29f0f384c794c1f6c7e7e60b8ed8_0e336ff6ad415f47233f0aaf127feac0fc0.jpg?1785582627,Diamond,19,9,MCH
W'kepaga M'ankhad,51943168,263,229,Midgardsormr,Aether,0,0,2731864a3bfbb890bb0d554a4dbb55cc_5c8ecfbc673e1287a9b5e85423fe1657fc0.jpg?1785583805,Diamond,18,6,SMN
Tal'ke Rainare,14164301,264,234,Midgardsormr,Aether,0,0,403485f2f483772b61443b59493fc754_5c8ecfbc673e1287a9b5e85423fe1657fc0.jpg?1785583496,Diamond,17,10,PCT
Vicious Nouzen,42001229,265,0,Jenova,Aether,0,0,94ccc3f4ceffc2356f1ddd47d85ca9f7_ce736afe35e2ded4e46c4fd0659aef7efc0.jpg?1785581990,Diamond,15,9,SAM
Thwosau Uyagir,27672029,266,228,Ultros,Primal,0,0,26c05becd109bcec866c5f5306c140dc_c514cdcdb619439df97d906d4434ccc6fc0.jpg?1785583743,Diamond,13,0,PLD
Chessie Eo,18342011,267,231,Exodus,Primal,0,0,5d2719f0e655ab372afca2ccd7e39b33_0cdf051c93865faa15cbc5cd3d2b69fbfc0.jpg?1785581697,Diamond,11,0,RDM
Sasori Pleeze,13811194,267,233,Cactuar,Aether,0,0,39a37e3c012de7959d2b4e0a72bc15b2_96ab1df8877c1f8ba6a89a39cccfd437fc0.jpg?1785580861,Diamond,11,3,BLM
Shiri Grey,32860535,269,235,Cactuar,Aether,0,0,98556472ecc5021f50bd474340b4927f_96ab1df8877c1f8ba6a89a39cccfd437fc0.jpg?1785582804,Diamond,9,3,WHM
K'mar Docium,22413878,270,235,Exodus,Primal,0,0,f434646ea439ae92db6ada05279cb980_0cdf051c93865faa15cbc5cd3d2b69fbfc0.jpg?1785581582,Diamond,6,0,SCH
Yelena Carter,43365475,271,237,Brynhildr,Crystal,0,0,74f04ad7837dc8e5bfbdc442b58f2a4a_d0a0f515a62457570c9b44997063e3c1fc0.jpg?1785584095,Diamond,5,0,AST
Angry Ankle,49045578,272,239,Goblin,Crystal,0,0,24176c9621c8b1ecaefe7ce3699cdf5f_8e81e2940511f7152ba4462fe53e35b8fc0.jpg?1785582446,Diamond,2,0,BRD
Fiora Everly,1330069,272,0,Hyperion,Primal,0,0,0c33bd7d443c2d353616387e6a788132_57ae9ee5592123dd79c8912bf768cf99fc0.jpg?1785581035,Diamond,2,0,UNK
Hikina La,39907287,272,240,Zalera,Crystal,0,0,49b647576d2c3dc2061e4b1525208438_8106f857613f8fb994b0be37b26ff4bafc0.jpg?1785583846,Diamond,2,1,SMN
Tsov Tom,27546525,272,240,Diabolos,Crystal,0,0,9625bb0e093823c3e0ed8213d9d8c1ef_7b33d33ae3ecb996f778a5f67a6a0af6fc0.jpg?1785583739,Diamond,2,1,SMN
Lafite Livie,39908432,276,240,Leviathan,Primal,0,0,1efe1555f2d06b58ac2f8da9445c73a3_a91aae52cff9ef65932db06b150ffd47fc0.jpg?1785581645,Diamond,1,0,AST
Null Zeta,31940004,276,240,Excalibur,Primal,0,0,0d591dc765bf21549752d8542453af29_745baffc465480ed372e274d50318290fc0.jpg?1785581676,Diamond,1,0,UNK
Caelestis Miserere,27413401,278,245,Gilgamesh,Aether,0,0,6648878dcffafd1735712db597d195f2_b937560c841465f7c4bc8eb47ea7948afc0.jpg?1785582973,Diamond,0,0,BRD
Harmony Korine,25917338,278,245,Jenova,Aether,0,0,7f2d07a748bf9d9065301e64c8395f53_ce736afe35e2ded4e46c4fd0659aef7efc0.jpg?1785583123,Diamond,0,0,WAR
Skyanar Tyrunas,42486942,278,245,Siren,Aether,0,0,ba17697df023a58dbdba8be74f3894f2_58a84e851e55175d22158ca97af58a1ffc0.jpg?1785583324,Diamond,0,0,MCH
Verosika Vileblood,15018786,278,245,Ultros,Primal,0,0,e33cc6fec47597b7def57ca2233337ec_c514cdcdb619439df97d906d4434ccc6fc0.jpg?1785582969,Diamond,0,0,VPR
Yeret Taru,51704780,282,278,Zalera,Crystal,0,0,b3d7042b1bc0c603e1d2f304993a709f_8106f857613f8fb994b0be37b26ff4bafc0.jpg?1785584184,Platinum,72,12,BLM
Lucien Drake,59916539,283,249,Sargatanas,Aether,0,0,41b0c871092d78a38c1138d074401b0d_ba22853447012a24cee115315d6a5bebfc0.jpg?1785583684,Platinum,38,0,MCH
Ane Mhakaracca,43679241,284,0,Balmung,Crystal,0,0,746256d82b3652ef93bbd475defb85ac_7a573cbc0cda3a3dfc1795cb3d9f7b23fc0.jpg?1785582787,Platinum,24,0,WHM
Lingon Berry,48888286,285,250,Leviathan,Primal,0,0,abf825785453fd0007b1f00fb46de7db_a91aae52cff9ef65932db06b150ffd47fc0.jpg?1785584020,Platinum,7,0,UNK
Selene Tethys,35647633,286,251,Leviathan,Primal,0,0,09d1d66ad329937963aaf242504b6253_a91aae52cff9ef65932db06b150ffd47fc0.jpg?1785580899,Platinum,39,0,WAR
Claire Lamont,974282,287,252,Hyperion,Primal,0,0,4522bd271ee8879920f36521c2512945_57ae9ee5592123dd79c8912bf768cf99fc0.jpg?1785584267,Platinum,38,0,GNB
Di'vergi O'vidi,5567347,288,253,Gilgamesh,Aether,0,0,0acbc48056a2f017118fd70e91e5b6e4_b937560c841465f7c4bc8eb47ea7948afc0.jpg?1785581335,Platinum,34,0,SMN
Jelly Bun,61563582,288,254,Hyperion,Primal,0,0,51fdff83ecee9800e5906d901ccf1d3a_57ae9ee5592123dd79c8912bf768cf99fc0.jpg?1785582477,Platinum,34,2,MNK
Hunie Pop,37396085,290,256,Ultros,Primal,0,0,8a72b357002474c02d597d6e8bc94cee_c514cdcdb619439df97d906d4434ccc6fc0.jpg?1785583104,Platinum,32,4,WHM
Eternal Slumber,25903660,291,257,Hyperion,Primal,0,0,e04969696b7e202db5371bd7c0b62231_57ae9ee5592123dd79c8912bf768cf99fc0.jpg?1785581131,Platinum,20,3,NIN
Azula Blaze,13927772,292,258,Balmung,Crystal,0,0,f77c914e22600683c134aa6afa5bf5ab_7a573cbc0cda3a3dfc1795cb3d9f7b23fc0.jpg?1785583349,Platinum,12,0,UNK
Celestial Chicken,28970748,293,260,Exodus,Primal,0,0,cbf3cf9e44c32054a68926b67b6b873d_0cdf051c93865faa15cbc5cd3d2b69fbfc0.jpg?1785584199,Platinum,9,1,WAR
Zephyr Lux,30960382,294,261,Golem,Dynamis,0,0,defa60814d73a0878176e85d62f2fcdf_dd61c3dc259e5c43722e89409499b669fc0.jpg?1785582000,Platinum,3,0,DNC
Freak Department,56645505,295,0,Cactuar,Aether,0,0,4aa57fe376d9d9186d6ee772e5f2700b_96ab1df8877c1f8ba6a89a39cccfd437fc0.jpg?1785583561,Platinum,1,0,NIN
Nixacu Murubra,24114126,296,274,Lamia,Primal,0,0,68206034a86cf63bd8aecd714ae17955_4d9be17b5e1edc617052b4dbf4007875fc0.jpg?1785580891,Platinum,30,5,WAR
Forgiven Vanity,11945071,297,263,Siren,Aether,0,0,9e6eb3b9b356aefa2734e19046595306_58a84e851e55175d22158ca97af58a1ffc0.jpg?1785581966,Platinum,25,3,AST
Fea Morrighan,34499479,298,264,Ultros,Primal,0,0,42f1a6bb4da467d5523a435239cef3b0_c514cdcdb619439df97d906d4434ccc6fc0.jpg?1785584155,Platinum,14,5,SCH
Raoul Amamiya,11416999,299,265,Balmung,Crystal,0,0,fb1b5e188a5aec0c8bbe028e17eba129_7a573cbc0cda3a3dfc1795cb3d9f7b23fc0.jpg?1785583868,Platinum,2,0,RDM
Yukari Arisaka,48509168,299,265,Midgardsormr,Aether,0,0,4ac921b2769f5e7be51cdd16118e1056_5c8ecfbc673e1287a9b5e85423fe1657fc0.jpg?1785582806,Platinum,2,0,MCH
Sora Teppelin,7487042,1,12,Sophia,Materia,0,0,3d849e783499c238b2f4d439e3a8c2a7_ba15a18cd3a8fb567e39053022515eb6fc0.jpg?1785583271,Platinum,28,14,VPR
Chs Crane,37655547,2,1,Sophia,Materia,0,0,7cd2d4b420716bf684bdd41ef37d9319_ba15a18cd3a8fb567e39053022515eb6fc0.jpg?1785582996,Platinum,25,0,DRG
Extra Mage,53741533,3,38,Ravana,Materia,0,0,f3de0d50cc0a90fa1007426ba511be83_2f53b2675d3eea360f0b48d74d30af15fc0.jpg?1785581088,Platinum,13,11,DNC
Ku Ku,58267971,4,2,Sophia,Materia,0,0,77db43d75ac5ffe3d585318a47534ab9_ba15a18cd3a8fb567e39053022515eb6fc0.jpg?1785583887,Gold,25,0,MNK
Boz Ulceros,32280980,5,6,Ravana,Materia,0,0,269b081d650bf5598fd5a3f9419b8b43_2f53b2675d3eea360f0b48d74d30af15fc0.jpg?1785582714,Gold,20,6,NIN
Fatahh Wizardcat,60429758,5,4,Zurvan,Materia,0,0,0a04508a6feea55f3b4227e7d574212a_1fa3a1b3845481a1b67b46854a3cc49afc0.jpg?1785580786,Gold,20,1,MCH
Enrei Mihata,49665542,7,0,Ravana,Materia,0,0,9df67e19d234830f2d797bb6efbad836_2f53b2675d3eea360f0b48d74d30af15fc0.jpg?1785581157,Gold,11,0,MNK
Master Zoknik,61010055,8,3,Zurvan,Materia,0,0,bfa135b89b0fb27fe708b3a427bd667f_1fa3a1b3845481a1b67b46854a3cc49afc0.jpg?1785583947,Gold,62,18,WAR
Stu Vermillion,45923134,9,5,Sephirot,Materia,0,0,542be51b9ba1f8c4c217e94d2b96e3aa_30a5f9eadea6e0cb684a5265362d0d59fc0.jpg?1785582893,Gold,21,10,WHM
Syth Isi,14766898,10,0,Sephirot,Materia,0,0,4eef23c58ccbdfd054240b7a6afee3df_30a5f9eadea6e0cb684a5265362d0d59fc0.jpg?1785582780,Gold,17,0,WHM
Shiki Hime,41619079,11,0,Sophia,Materia,0,0,e0f33871fdd9bcb0012cace0f140b504_ba15a18cd3a8fb567e39053022515eb6fc0.jpg?1785582960,Gold,15,0,MNK
Jiraiya Sannin,47974804,12,18,Ravana,Materia,0,0,6a5cc312529bc78b7d0bbbf5f41983af_2f53b2675d3eea360f0b48d74d30af15fc0.jpg?1785583010,Gold,26,11,WAR
Izaray Wintergray,40906176,13,25,Sophia,Materia,0,0,be2f5b4e324fa72cd4ef19d0c29f10da_ba15a18cd3a8fb567e39053022515eb6fc0.jpg?1785583897,Gold,29,10,AST
Disco Knees,36101852,14,6,Sophia,Materia,0,0,48d0a8dae7efe9ad10780f28920a969b_ba15a18cd3a8fb567e39053022515eb6fc0.jpg?1785584175,Gold,15,1,MNK
Jena Kuwahara,28003546,15,9,Ravana,Materia,0,0,5bacb190ffd91b392df04923b13fa29a_2f53b2675d3eea360f0b48d74d30af15fc0.jpg?1785581278,Gold,29,9,SMN
Aislinn Rose,47395507,16,11,Ravana,Materia,0,0,920c56af8cba5363c65e0c83dbbcac71_2f53b2675d3eea360f0b48d74d30af15fc0.jpg?1785584007,Gold,21,6,SCH
Han Liu,44640291,17,8,Ravana,Materia,0,0,55233b520f90487f51f380e2add5fc3d_2f53b2675d3eea360f0b48d74d30af15fc0.jpg?1785581589,Gold,30,0,DNC
Lillian Melikai,42502039,18,17,Ravana,Materia,0,0,6c5f22e96162240c2bb96702fcbe123b_2f53b2675d3eea360f0b48d74d30af15fc0.jpg?1785582883,Gold,18,2,DRG
Lil Wu,39781651,19,0,Ravana,Materia,0,0,883868199332c12050d61887025475bc_2f53b2675d3eea360f0b48d74d30af15fc0.jpg?1785581570,Gold,5,0,PLD
Byakko Moon,10831175,20,10,Sephirot,Materia,0,0,7d8049ebe32efa74e5107944b1e43d15_30a5f9eadea6e0cb684a5265362d0d59fc0.jpg?1785582741,Gold,2,0,PLD
Unshao Theruun,36386941,21,15,Sephirot,Materia,0,0,ec8f93abdc73eddcd17e0450db1cb572_30a5f9eadea6e0cb684a5265362d0d59fc0.jpg?1785582604,Gold,9,3,WAR
Nirki Yukumo,41663432,22,13,Zurvan,Materia,0,0,c950234c9a872ae2ab8476f696fcb74f_1fa3a1b3845481a1b67b46854a3cc49afc0.jpg?1785582784,Gold,6,0,NIN
Stupid Puzzle,57160120,23,52,Ravana,Materia,0,0,7af9b543418115db5c1299f1abb4e123_2f53b2675d3eea360f0b48d74d30af15fc0.jpg?1785582929,Silver,32,24,DRG
Sana Miyata,34196273,24,14,Ravana,Materia,0,0,4a94c0f8b59e635e8748a32f11cc42f8_2f53b2675d3eea360f0b48d74d30af15fc0.jpg?1785581884,Silver,25,0,AST
Lion Lord,60332724,25,0,Ravana,Materia,0,0,72fbb269e357d68127cd61715f152bc8_2f53b2675d3eea360f0b48d74d30af15fc0.jpg?1785583092,Silver,22,0,GNB
Scarlette Harlette,51206657,26,30,Sephirot,Materia,0,0,2f63ccbdc329fa14480887bf4c0dfa0e_30a5f9eadea6e0cb684a5265362d0d59fc0.jpg?1785583901,Silver,33,4,DRK
Cwenhild Reid,41763782,27,16,Sophia,Materia,0,0,c9d176025665cc1528a984e82a81fd64_ba15a18cd3a8fb567e39053022515eb6fc0.jpg?1785582859,Silver,20,1,SAM
Raiosu Eucliffe,45249258,28,0,Ravana,Materia,0,0,a21442f92d53ab89cab416d41fe9132d_2f53b2675d3eea360f0b48d74d30af15fc0.jpg?1785584085,Silver,11,0,NIN
Sebastian Michaelis,42038341,29,19,Sephirot,Materia,0,0,17f4346a95c45541b337263d60106b3f_30a5f9eadea6e0cb684a5265362d0d59fc0.jpg?1785583582,Silver,31,6,CUL
Monkey Rat,28956529,30,49,Zurvan,Materia,0,0,bd13db4ebaa363278dd269b5941ae816_1fa3a1b3845481a1b67b46854a3cc49afc0.jpg?1785582915,Silver,27,20,BLM
Vielle Drillemont,52770027,31,0,Ravana,Materia,0,0,6c212c0698d00b38fb5cb7d51dcf91bf_2f53b2675d3eea360f0b48d74d30af15fc0.jpg?1785583417,Silver,23,0,PCT
Eustace Madao,44593837,32,33,Ravana,Materia,0,0,687914339d33024fe783e72eb5a1929f_2f53b2675d3eea360f0b48d74d30af15fc0.jpg?1785584062,Silver,15,4,RPR
Funeral Pyre,29286073,33,20,Zurvan,Materia,0,0,48d5de4023484583f2225a2026548284_1fa3a1b3845481a1b67b46854a3cc49afc0.jpg?1785582189,Silver,27,0,SMN
Twitch Pvpash,58810276,34,21,Ravana,Materia,0,0,029613325af959049b728f2d575f5a9a_2f53b2675d3eea360f0b48d74d30af15fc0.jpg?1785582599,Silver,14,0,SAM
Pompitous Litchous,28520377,35,22,Sephirot,Materia,0,0,ab4abed9c2f0b5369480818f95581f87_30a5f9eadea6e0cb684a5265362d0d59fc0.jpg?1785581879,Silver,10,0,MCH
Esperance Lightbound,16103781,36,23,Ravana,Materia,0,0,0d3ff648d49892a8fc3bd67490985032_2f53b2675d3eea360f0b48d74d30af15fc0.jpg?1785582716,Silver,9,1,AST
Red Pocket,57790009,37,24,Zurvan,Materia,0,0,9ee6578b70ebe2412c9a6a3b9539d845_1fa3a1b3845481a1b67b46854a3cc49afc0.jpg?1785583001,Silver,1,0,UNK
Magnolia Moonsong,39932795,38,26,Ravana,Materia,0,0,a9e5b8f87ce0e4e7d236eef2abfe90e0_2f53b2675d3eea360f0b48d74d30af15fc0.jpg?1785584083,Silver,15,0,BRD
Berogi Avarous,37261319,39,27,Sophia,Materia,0,0,5fbe574c31dc7541b2bb18753fed8278_ba15a18cd3a8fb567e39053022515eb6fc0.jpg?1785581438,Silver,11,0,BLM
Brian Ricardo,41560139,40,28,Sophia,Materia,0,0,678ed14a243387459872b7217f75e382_ba15a18cd3a8fb567e39053022515eb6fc0.jpg?1785582862,Silver,8,0,SGE
Simetras Sol,38726083,41,29,Ravana,Materia,0,0,fc54c458f2e80d3680f50e6026011ab7_2f53b2675d3eea360f0b48d74d30af15fc0.jpg?1785581429,Silver,43,2,SGE
Birdy Lou,40000398,42,0,Sophia,Materia,0,0,a8894121a60bc81621d47edf1ee0577b_ba15a18cd3a8fb567e39053022515eb6fc0.jpg?1785580706,Silver,19,6,UNK
Venase Tym,61779775,43,31,Sophia,Materia,0,0,24aac6d5abd68d4dc957bd7c98ba27f2_ba15a18cd3a8fb567e39053022515eb6fc0.jpg?1785583925,Silver,18,0,UNK
Anzac Fenrir,10988408,44,32,Ravana,Materia,0,0,6c7b02f93e5250249333e13f236fc545_2f53b2675d3eea360f0b48d74d30af15fc0.jpg?1785582466,Silver,17,3,SGE
Zero Alexander,18446688,45,34,Sophia,Materia,0,0,f2e26342d51255236baa45461f41bf5b_ba15a18cd3a8fb567e39053022515eb6fc0.jpg?1785583752,Silver,14,4,PCT
Aleksei Veldoch,39931654,46,0,Ravana,Materia,0,0,ef0923b785702de5a588b383a0d1bcea_2f53b2675d3eea360f0b48d74d30af15fc0.jpg?1785582172,Silver,13,0,DNC
Elto Malto,55670275,47,36,Zurvan,Materia,0,0,6625d7f60a549d4e764bdbbb6315b573_1fa3a1b3845481a1b67b46854a3cc49afc0.jpg?1785583936,Silver,6,2,UNK
Minty Dew,11254788,48,45,Sephirot,Materia,0,0,afdf4d4e1f96c8e17ed8dbbb09ea4e01_30a5f9eadea6e0cb684a5265362d0d59fc0.jpg?1785582888,Silver,10,8,MNK
C'ranmaia Lizha,60465549,49,35,Bismarck,Materia,0,0,f41736abfa17637ee6e1f020f2787726_36f0570990ac5402b2ef514d36b0435cfc0.jpg?1785583116,Silver,8,0,UNK
Athena' Aria,29939277,50,0,Ravana,Materia,0,0,c678c1cf7f9d7de3e80882588e7606e8_2f53b2675d3eea360f0b48d74d30af15fc0.jpg?1785581501,Silver,6,0,AST
Sukoshi Ninjin,57860048,51,37,Sophia,Materia,0,0,b41a0bd7b5958d56cec5f84314a28f3a_ba15a18cd3a8fb567e39053022515eb6fc0.jpg?1785581443,Bronze,16,0,UNK
Ashmi Rae,18364101,52,61,Bismarck,Materia,0,0,2b3a41d227e2937852d5c1e031d5aba0_36f0570990ac5402b2ef514d36b0435cfc0.jpg?1785581205,Bronze,5,3,BRD
Tiny Wrath,25583557,53,39,Zurvan,Materia,0,0,2c82c1a404fc646361cabcf478aed323_1fa3a1b3845481a1b67b46854a3cc49afc0.jpg?1785582891,Bronze,15,0,WHM
Ashe Elven,60375475,54,0,Ravana,Materia,0,0,d4a5d51981aa859d5ce41248e280c696_2f53b2675d3eea360f0b48d74d30af15fc0.jpg?1785582759,Bronze,5,0,PLD
Vistra Vistra,37543108,55,0,Sophia,Materia,0,0,b46ab5b00ca34214d4593336a0f112ed_ba15a18cd3a8fb567e39053022515eb6fc0.jpg?1785580923,Bronze,4,0,WAR
Seth Nier,10650761,56,0,Sophia,Materia,0,0,64bba40966450747199bec23184e47a3_ba15a18cd3a8fb567e39053022515eb6fc0.jpg?1785583727,Bronze,1,0,WAR
Clars Lester,951178,57,41,Sephirot,Materia,0,0,46727c8d445323c9e5b8140d37027050_30a5f9eadea6e0cb684a5265362d0d59fc0.jpg?1785582618,Bronze,19,5,MCH
Wierd Dude,58113414,58,40,Sephirot,Materia,0,0,c887fa7d587b2205b349abb82627a0d1_30a5f9eadea6e0cb684a5265362d0d59fc0.jpg?1785580772,Bronze,16,0,GNB
Juru'a Mihrulh,48704606,59,47,Zurvan,Materia,0,0,80aa9b34947750aa356810124a11ba19_1fa3a1b3845481a1b67b46854a3cc49afc0.jpg?1785582009,Bronze,14,3,PCT
Goober Gooberm,48887220,60,43,Ravana,Materia,0,0,4523e0b4a5f923b67e31f18f801210af_2f53b2675d3eea360f0b48d74d30af15fc0.jpg?1785581038,Bronze,12,0,BLM
Inconspicuous Miqo'te,3493859,61,52,Sophia,Materia,0,0,0b6b4d2c312f136911f9717c83c17997_ba15a18cd3a8fb567e39053022515eb6fc0.jpg?1785583875,Bronze,11,3,VPR
Zepherii Sui,43963552,61,44,Sophia,Materia,0,0,31b395238c6120dc114964c652dc393b_ba15a18cd3a8fb567e39053022515eb6fc0.jpg?1785583696,Bronze,11,0,MCH
Ash Kitamura,26629771,63,82,Ravana,Materia,0,0,33c0c99f7649a707ea0e8e4da0340efb_2f53b2675d3eea360f0b48d74d30af15fc0.jpg?1785584267,Bronze,8,6,PCT
Aethon Shaan,60332336,64,69,Zurvan,Materia,0,0,2c608a6ec9ff59b0783f70b9c665a4b2_1fa3a1b3845481a1b67b46854a3cc49afc0.jpg?1785582787,Bronze,7,3,VPR
Therise Yld'amore,41754598,64,0,Bismarck,Materia,0,0,dea40bb49832c184ff5941cee3006818_36f0570990ac5402b2ef514d36b0435cfc0.jpg?1785581856,Bronze,7,0,GNB
J'mo H',10666399,66,0,Sephirot,Materia,0,0,53873e717cbf7baeb168205935077671_30a5f9eadea6e0cb684a5265362d0d59fc0.jpg?1785582780,Bronze,4,0,SMN
Jaliqai Bairon,49027736,67,46,Sophia,Materia,0,0,bb5b2ab907893aa971f0d78c6164de8c_ba15a18cd3a8fb567e39053022515eb6fc0.jpg?1785582136,Bronze,19,0,SMN
Persona Non-grata,59997612,68,66,Ravana,Materia,0,0,817d96e78e710beff47ca2d76caa6b30_2f53b2675d3eea360f0b48d74d30af15fc0.jpg?1785583383,Bronze,14,9,NIN
Coffee Lover,50333621,69,48,Sophia,Materia,0,0,3c4552eb56bfb14f36d9b512873eac0d_ba15a18cd3a8fb567e39053022515eb6fc0.jpg?1785582767,Bronze,11,0,UNK
Valya Dream,36468496,70,49,Sophia,Materia,0,0,18a08ff1744351493a5bbc6c182e4baf_ba15a18cd3a8fb567e39053022515eb6fc0.jpg?1785583919,Bronze,7,0,DNC
Shiny Garchomp,44081260,71,0,Ravana,Materia,0,0,a9aeaf4658d90c68d46e7086d323e456_2f53b2675d3eea360f0b48d74d30af15fc0.jpg?1785582455,Bronze,6,0,DRK
Lupercal Aurelian,37936946,72,51,Ravana,Materia,0,0,93674d47ae679f2b2191e0d82e33123f_2f53b2675d3eea360f0b48d74d30af15fc0.jpg?1785583252,Bronze,3,0,MNK
Kaira Aeorma,14946210,73,0,Ravana,Materia,0,0,e23435395b7306809ee187717879a9f2_2f53b2675d3eea360f0b48d74d30af15fc0.jpg?1785583886,Bronze,12,0,SMN
Rorqual Kasa,57902813,74,56,Sophia,Materia,0,0,7feae505b9896a3e51486698db2446ea_ba15a18cd3a8fb567e39053022515eb6fc0.jpg?1785583202,Bronze,8,4,BLM
Syrill Aspen,35286069,74,52,Sephirot,Materia,0,0,6230ea8c6daa253a61ac3493df615c70_30a5f9eadea6e0cb684a5265362d0d59fc0.jpg?1785583409,Bronze,8,0,RPR
Neo Zee,58982637,76,69,Ravana,Materia,0,0,c042f71fe47095dad35d5764027056d1_2f53b2675d3eea360f0b48d74d30af15fc0.jpg?1785584254,Bronze,7,3,BRD
Chi's Keki,21457085,77,55,Sephirot,Materia,0,0,9545af046eb077010591333d02a9bd15_30a5f9eadea6e0cb684a5265362d0d59fc0.jpg?1785581370,Bronze,5,0,RDM
Cummy Mummy,60842622,78,0,Bismarck,Materia,0,0,9f41d61cdb01b75f0d3ac483830af6c8_36f0570990ac5402b2ef514d36b0435cfc0.jpg?1785582551,Bronze,3,0,PLD
Raspi Ra,23254967,79,57,Ravana,Materia,0,0,d15c07bba475d1f73fa236def53f413e_2f53b2675d3eea360f0b48d74d30af15fc0.jpg?1785583719,Bronze,12,4,SGE
Lilith Sanguine,36164895,80,86,Sephirot,Materia,0,0,b5a3ec57fa0658672b263f583c34b618_30a5f9eadea6e0cb684a5265362d0d59fc0.jpg?1785582315,Bronze,8,7,GNB
Zora Mochi,42187460,81,75,Ravana,Materia,0,0,15ade2354dbe340dace4cab6139df5c0_2f53b2675d3eea360f0b48d74d30af15fc0.jpg?1785580724,Bronze,7,7,MCH
Arkticon Stormrider,9347267,82,58,Bismarck,Materia,0,0,c7cb3389d79f28ec6b9e5ed3b86fa6df_36f0570990ac5402b2ef514d36b0435cfc0.jpg?1785582413,Bronze,5,0,MCH
Hotsingles Inyourarea,43275845,83,59,Sephirot,Materia,0,0,08be8dec8891190a5227c50c7650dd29_30a5f9eadea6e0cb684a5265362d0d59fc0.jpg?1785583570,Bronze,4,0,DNC
Gutz Redmane,59049608,84,60,Sophia,Materia,0,0,25ff9fe4c9afc1a92f60fb4d679b9903_ba15a18cd3a8fb567e39053022515eb6fc0.jpg?1785581915,Bronze,3,0,DRK
Claire Warr,37275023,85,61,Ravana,Materia,0,0,737633643af847b47a89ff77cd4f9238_2f53b2675d3eea360f0b48d74d30af15fc0.jpg?1785583105,Bronze,2,0,MNK
Daeneris Stormborn,17816677,85,0,Zurvan,Materia,0,0,dd3c1f830e92ca4f902d42575517a37d_1fa3a1b3845481a1b67b46854a3cc49afc0.jpg?1785581175,Bronze,2,0,WHM
Rue Osmund,47336080,85,61,Sophia,Materia,0,0,7beed7fbd687dd3fc287d063570111f9_ba15a18cd3a8fb567e39053022515eb6fc0.jpg?1785581665,Bronze,2,0,GNB
Seda Ugund,43818296,88,64,Ravana,Materia,0,0,21e2b2de9125d9cf1b99748fa9eef0e2_2f53b2675d3eea360f0b48d74d30af15fc0.jpg?1785580772,Bronze,9,0,BLM
Genesis Kinneas,32555086,89,65,Sephirot,Materia,0,0,aa917077f93911b08f5224a93c0fc0fa_30a5f9eadea6e0cb684a5265362d0d59fc0.jpg?1785582123,Bronze,7,0,DRG
Kiri Toma,18047840,89,0,Ravana,Materia,0,0,f604d0a1d9f3f6b267c4440f7f21c1a5_2f53b2675d3eea360f0b48d74d30af15fc0.jpg?1785583188,Bronze,7,0,SGE
Sarnai Nazarov,57199940,91,78,Bismarck,Materia,0,0,ce4908a2fc64ed975472e70bf88f7a46_36f0570990ac5402b2ef514d36b0435cfc0.jpg?1785584031,Bronze,5,5,UNK
Talan Viator,41812408,91,0,Zurvan,Materia,0,0,bae3c44776da1317b8b21e66ee23abe8_1fa3a1b3845481a1b67b46854a3cc49afc0.jpg?1785583430,Bronze,5,0,RDM
Kigga Quah,31352598,93,67,Ravana,Materia,0,0,d4e5e6ee513b4660cdae0f82c858752f_2f53b2675d3eea360f0b48d74d30af15fc0.jpg?1785581097,Bronze,2,0,RDM
Kiren Exilia,25725173,93,67,Sephirot,Materia,0,0,b8c4517c3d76a49d70eeb62d07abd378_30a5f9eadea6e0cb684a5265362d0d59fc0.jpg?1785583937,Bronze,2,0,SMN
Pollux Renault,45246168,95,0,Sophia,Materia,0,0,af456258cb5d3ca7c42bb950f92247de_ba15a18cd3a8fb567e39053022515eb6fc0.jpg?1785583664,Bronze,1,0,MNK
Astoria Einar,48634124,96,72,Sophia,Materia,0,0,c128519c4464923dc4c2b6c0b5fb5c47_ba15a18cd3a8fb567e39053022515eb6fc0.jpg?1785583676,Bronze,5,2,PLD
Nyx Pyra,60705223,96,0,Bismarck,Materia,0,0,275e4a5212af06eea107dc3a5bff20bb_36f0570990ac5402b2ef514d36b0435cfc0.jpg?1785581586,Bronze,5,0,DRK
Chayde Lavitori,34801867,98,0,Ravana,Materia,0,0,743822a721115a5b90ea5b002d4b9d3d_2f53b2675d3eea360f0b48d74d30af15fc0.jpg?1785582893,Bronze,4,0,BRD
Kensuke Sugimori,59626210,98,0,Zurvan,Materia,0,0,b8c23a3c5466f6621fe9629c20c0b897_1fa3a1b3845481a1b67b46854a3cc49afc0.jpg?1785582897,Bronze,4,0,NIN
Krispy Morningwood,61505675,98,82,Bismarck,Materia,0,0,7e6e0baa8e0e68ce710d3a3e46b60116_36f0570990ac5402b2ef514d36b0435cfc0.jpg?1785582277,Bronze,4,2,RPR
Ta Mang,23358143,98,69,Ravana,Materia,0,0,45f6f4e10f96dab4221f5e1c00c5c88b_2f53b2675d3eea360f0b48d74d30af15fc0.jpg?1785580928,Bronze,4,0,BLM
