name,id,cur_rank,prev_rank,world,dc,points,points_delta,portrait,tier,wins,wins_delta,job
Miyu Edelfelt,21335430,1,0,Phoenix,Light,1602,0,ba690d74246b4d07f543f0d9516feec2_5047bc596a4bab2dc7f7c120bb22dec5fc0.jpg?1785670484,Omega,66,0,SCH
Pan Ther,47356852,2,0,Twintania,Light,1560,0,fc9492796dbee9f84ae010350ec7759c_c33f640c0cdd35f7def85b8aa31a0007fc0.jpg?1785668344,Omega,66,0,RPR
Scarlet Rose,26616217,3,0,Spriggan,Chaos,1406,0,96ad88f23a708e8d6e391f669986d57c_feaf0a2e88ff164813fbc9b85876fa48fc0.jpg?1785670330,Crystal,72,11,PLD
Loty Coldwind,36521588,4,0,Twintania,Light,1379,0,3632cf6d20598f5c4c7b748be7e19153_c33f640c0cdd35f7def85b8aa31a0007fc0.jpg?1785670026,Crystal,60,15,WAR
Saboree Catboy,36051653,5,0,Spriggan,Chaos,1301,0,b61ec1080d608b5a83f30baef219dc02_feaf0a2e88ff164813fbc9b85876fa48fc0.jpg?1785670439,Crystal,57,1,DRK
Maarato Cookie,20349526,6,0,Twintania,Light,1022,0,dbab16598b86bb31b2eb96070f723572_c33f640c0cdd35f7def85b8aa31a0007fc0.jpg?1785669535,Crystal,47,0,NIN
Resilla Frostflow,14658770,7,11,Cerberus,Chaos,1004,211,00a4e6250beb98b5644c87cffe8b7f4f_777c57311d510ca65dac3c1077dee435fc0.jpg?1785669955,Crystal,65,10,MNK
Akari Tsuki,31005286,8,25,Louisoix,Chaos,899,497,28e1cfaecfbf911dc3621f5de74642aa_0a122616f3718d3f45cab10fd8fc1604fc0.jpg?1785670021,Crystal,11,5,MNK
Yun' Yun,11341467,9,0,Cerberus,Chaos,896,99,df098ceed6d9cf14cf61cc4110cd6cb5_777c57311d510ca65dac3c1077dee435fc0.jpg?1785670462,Crystal,35,6,SAM
Tsukuyo Ritlas,37800185,10,7,Odin,Light,818,0,eca30840fe0bed8e80f620b5f57c49de_644311b63b607133c989d7c1188467dafc0.jpg?1785669397,Crystal,25,0,RDM
Lybel Alyborias,25836089,11,8,Louisoix,Chaos,807,0,a86b680e6c4e5e23befaaaf535a158de_0a122616f3718d3f45cab10fd8fc1604fc0.jpg?1785670355,Crystal,42,2,MIN
Auelin Fae,18291844,12,0,Zodiark,Light,800,0,2d6204db02c5efce86aca234fd6f1ce1_c274370774c6bc3483cc8740805f41bcfc0.jpg?1785668581,Crystal,13,0,WAR
Misora Kaiatsa,25126040,13,10,Moogle,Chaos,796,0,80fa199452585ab77d14128509576300_d7a9d5f85a29d6278ec1c7adc2c8d242fc0.jpg?1785669252,Crystal,54,4,PLD
Dragonlife Saijax,29449285,14,44,Moogle,Chaos,794,595,3c08546d3793d12f77cc0b00d3a3af5b_d7a9d5f85a29d6278ec1c7adc2c8d242fc0.jpg?1785670697,Crystal,25,12,GNB
Mamiyama Kamimama,37371304,15,12,Spriggan,Chaos,788,0,3c6fd6569d3dce40308c9a2a1f3c3bfa_feaf0a2e88ff164813fbc9b85876fa48fc0.jpg?1785667728,Crystal,76,12,SCH
Crow Kaien,44749262,16,13,Zodiark,Light,788,0,54e5719ccbdb45c6de28f017b4365207_c274370774c6bc3483cc8740805f41bcfc0.jpg?1785667794,Crystal,11,0,VPR
Shino Yaru,38308969,17,49,Phoenix,Light,706,606,0662727bb913ed7fe3009f3542ea1e64_5047bc596a4bab2dc7f7c120bb22dec5fc0.jpg?1785667586,Crystal,42,18,UNK
Prisma Tic,38791879,18,14,Cerberus,Chaos,700,0,5220c35172bb26154c862a6d485e37b8_777c57311d510ca65dac3c1077dee435fc0.jpg?1785669242,Crystal,36,0,DRK
A'dyalani Sato,10026278,19,15,Odin,Light,693,0,d072994a22af88090aecf6e5a3b85c36_644311b63b607133c989d7c1188467dafc0.jpg?1785667237,Crystal,50,6,NIN
Shimori Bunihara,35166011,20,16,Raiden,Light,687,86,c44c8fc68c230b1051ec35a527afe9ed_a370664d98f658f4ed4e620f378f73cdfc0.jpg?1785667469,Crystal,44,10,RPR
Vai Zol,38270926,21,52,Odin,Light,603,503,2e78b44195db83336b1acbe75927a864_644311b63b607133c989d7c1188467dafc0.jpg?1785669892,Crystal,24,15,RDM
Marci Sidekick,41408431,22,18,Zodiark,Light,598,299,a9c3b41a05dec1fd191fe80f38009aa5_c274370774c6bc3483cc8740805f41bcfc0.jpg?1785669349,Crystal,12,5,DRG
Miyu Moon,58918526,23,17,Moogle,Chaos,596,0,1abf5ce3756f6fa0d1c5be2cd39491bc_d7a9d5f85a29d6278ec1c7adc2c8d242fc0.jpg?1785669293,Crystal,7,0,SAM
Aura Sphere,30657353,24,19,Zodiark,Light,589,0,6cc4a373eafbcbf88a340a52d95f133e_c274370774c6bc3483cc8740805f41bcfc0.jpg?1785669612,Crystal,33,0,PCT
Based Miqote,46487952,25,20,Twintania,Light,515,0,5e2bb42e554586a20b050b7fd3f88e26_c33f640c0cdd35f7def85b8aa31a0007fc0.jpg?1785668723,Crystal,34,1,UNK
Sophia Ariadne,11431073,26,31,Odin,Light,507,205,f4329ddf82a418a6e12f1ba978bc1523_644311b63b607133c989d7c1188467dafc0.jpg?1785670399,Crystal,28,6,WHM
Shia Sun,1754600,27,30,Odin,Light,501,198,7550981ba488e5ebe919aa3cb39efbfa_644311b63b607133c989d7c1188467dafc0.jpg?1785667997,Crystal,36,5,WHM
Lex'ander Wayfarer,18009481,28,21,Odin,Light,498,0,0adfa03fe11940a91e3b6a2ed08ddb88_644311b63b607133c989d7c1188467dafc0.jpg?1785669362,Crystal,17,0,VPR
Leedo Dale,25033597,29,33,Zodiark,Light,495,197,9e122691e98bda2ea6abe86ed7b81a63_c274370774c6bc3483cc8740805f41bcfc0.jpg?1785670327,Crystal,102,25,SGE
Xen Thique,40172078,30,22,Odin,Light,485,0,8930228f4df0c18feea28ebbb1c451f2_644311b63b607133c989d7c1188467dafc0.jpg?1785667954,Crystal,9,0,SGE
Myst Freyja,33906213,31,29,Omega,Chaos,416,100,240b879fd403fc16c04022b6075077ae_39e25ac3d737c46452305eefe324372cfc0.jpg?1785668963,Crystal,47,2,RPR
Tyra Kett,26531277,32,23,Spriggan,Chaos,410,0,101b7ec48bba5c5e5b34fda1316c57bc_feaf0a2e88ff164813fbc9b85876fa48fc0.jpg?1785668689,Crystal,41,0,VPR
Sice Seven,15008161,33,24,Moogle,Chaos,409,0,23657ac0d29f4bc5667ef1e00cf528f8_d7a9d5f85a29d6278ec1c7adc2c8d242fc0.jpg?1785669573,Crystal,8,2,BRD
Tei Tei,36611700,34,26,Odin,Light,399,0,21c224545e3d3af775a3d377c8e444bf_644311b63b607133c989d7c1188467dafc0.jpg?1785667624,Crystal,34,0,BRD
Sweet Light,41777815,35,27,Spriggan,Chaos,399,0,2e6808627bd2b8f0f5f0377d20cbbbc5_feaf0a2e88ff164813fbc9b85876fa48fc0.jpg?1785667712,Crystal,9,0,MCH
Raiden Thorne,27238016,36,28,Zodiark,Light,399,0,96a909af8d24d60f6d8173f8cc16facb_c274370774c6bc3483cc8740805f41bcfc0.jpg?1785670083,Crystal,8,0,RDM
Meryll Enetari,24681550,37,38,Cerberus,Chaos,303,100,f4fe16c70d7023e2101e19421c5abf1e_777c57311d510ca65dac3c1077dee435fc0.jpg?1785669688,Crystal,97,17,DNC
Ase Dora,42603487,38,55,Alpha,Light,299,299,78626e6cf6f07875d5ac9527a5bd0c4d_6132295fcf5570fb8b0a944ef322a598fc0.jpg?1785669615,Crystal,48,14,GNB
Taiya Li,41293767,39,32,Phoenix,Light,299,0,7dc31b9a880ba3f36a3ef1208e0c5909_5047bc596a4bab2dc7f7c120bb22dec5fc0.jpg?1785669781,Crystal,14,2,BLM
Lhei Tayun,25191408,40,43,Zodiark,Light,298,99,6ee93960f16da0ea5150fe1b7590dfa4_c274370774c6bc3483cc8740805f41bcfc0.jpg?1785668171,Crystal,51,6,BLM
Holos Ymir,35299241,41,34,Cerberus,Chaos,297,0,f8029ed36fad032333305dfa455cddec_777c57311d510ca65dac3c1077dee435fc0.jpg?1785668987,Crystal,16,6,SMN
Ciel Melrose,58478493,42,35,Raiden,Light,297,0,2c7b597e2437a00ad9f0fc0439c68531_a370664d98f658f4ed4e620f378f73cdfc0.jpg?1785669773,Crystal,2,0,SAM
Tarutella Goldfish,4235488,43,36,Phoenix,Light,295,0,f269741c27ca22c02db955557e7283fa_5047bc596a4bab2dc7f7c120bb22dec5fc0.jpg?1785667926,Crystal,2,0,FSH
Mitsuki Mirai,18435457,44,37,Louisoix,Chaos,287,0,365f1772f387bd280bdbfc16afbd5e4e_0a122616f3718d3f45cab10fd8fc1604fc0.jpg?1785670350,Crystal,4,0,SAM
Farnese Shieldmaiden,24419493,45,39,Cerberus,Chaos,203,0,dcec016c4a6cd9a2bd3a2b73183f5a65_777c57311d510ca65dac3c1077dee435fc0.jpg?1785669448,Crystal,14,0,PLD
Brutal Killer,8885117,46,40,Ragnarok,Chaos,203,0,30c6a6207c7e93d407784888a7f29c97_40d57ba713628f3f1ef5ef204b6d76d2fc0.jpg?1785667651,Crystal,3,0,PLD
Elohim Meth,60682611,47,41,Raiden,Light,200,0,0b14f1751b014118eca06236e1fdf2bf_a370664d98f658f4ed4e620f378f73cdfc0.jpg?1785667652,Crystal,16,0,UNK
Kal Maoi,60448295,48,0,Twintania,Light,200,0,bb3af62117cae7488d9b02007f341c7b_c33f640c0cdd35f7def85b8aa31a0007fc0.jpg?1785668516,Crystal,1,0,MCH
Yamizura Kumozuma,19652230,48,42,Twintania,Light,200,0,24bbc9cebf09eb83efcbc272c3085fd1_c33f640c0cdd35f7def85b8aa31a0007fc0.jpg?1785667284,Crystal,1,0,SCH
Deadrise Mutombo,31730694,50,45,Ragnarok,Chaos,199,0,a382acb94313f23d966dd6d39d909bea_40d57ba713628f3f1ef5ef204b6d76d2fc0.jpg?1785670164,Crystal,7,0,WHM
Hyzenthlay Efrafa,1817919,51,78,Ragnarok,Chaos,197,197,f61f49f2ed95a3709fa034686da0eb63_40d57ba713628f3f1ef5ef204b6d76d2fc0.jpg?1785669781,Crystal,17,11,SMN
Zot To,18725302,52,46,Cerberus,Chaos,196,0,852c16bac4fe7f528a8653c65704e818_777c57311d510ca65dac3c1077dee435fc0.jpg?1785667381,Crystal,1,0,DRG
Chise Hatori',9182735,53,75,Ragnarok,Chaos,103,103,236f29f4984f26e6b197da380f104a63_40d57ba713628f3f1ef5ef204b6d76d2fc0.jpg?1785667439,Crystal,57,15,VPR
Ul Unhu,9592278,54,60,Phoenix,Light,100,100,d703e404c81140848dbcd200abc4ef7e_5047bc596a4bab2dc7f7c120bb22dec5fc0.jpg?1785669818,Crystal,93,11,AST
Memento Mo'ri,1641495,55,57,Ragnarok,Chaos,100,100,86323bce84189061b1d71ff1dc25266a_40d57ba713628f3f1ef5ef204b6d76d2fc0.jpg?1785667701,Crystal,39,3,WHM
Sakurane Zero'yuurai,13075529,56,47,Ragnarok,Chaos,100,0,b65369d4b043831749f5fa45d2428e30_40d57ba713628f3f1ef5ef204b6d76d2fc0.jpg?1785668407,Crystal,31,0,PCT
Sunie Mochi,12728791,57,48,Twintania,Light,100,0,4760f9b45bd6f71f83adbd97ab87eae3_c33f640c0cdd35f7def85b8aa31a0007fc0.jpg?1785667781,Crystal,27,0,DNC
Ebin Almsivi,35310847,58,50,Shiva,Light,100,0,0c72e527d2d86c2ee8f4698832e880b5_3fbff0e6b620e4d259dc427abc6574dafc0.jpg?1785669296,Crystal,23,0,PLD
Vanilla Blossom,41496807,58,64,Moogle,Chaos,100,100,b0e7d1b464d155d8791692fe2e47299d_d7a9d5f85a29d6278ec1c7adc2c8d242fc0.jpg?1785668658,Crystal,23,7,PCT
Yuumi Fish,25707217,60,51,Cerberus,Chaos,100,0,1a7ebbda26c28eb61f262b9fb37e8c6e_777c57311d510ca65dac3c1077dee435fc0.jpg?1785669214,Crystal,18,0,MIN
Moki Moki,14235486,61,53,Odin,Light,100,0,82d3ef8d03fa7a6ddf4429f15fd296a2_644311b63b607133c989d7c1188467dafc0.jpg?1785669393,Crystal,1,0,WAR
Limit Cat,37849108,62,54,Lich,Light,100,0,5b03795e0323d8633451ea410c4aeced_7206469080400ed57a5373d0a9c55c59fc0.jpg?1785669447,Crystal,0,0,RDM
Tay Talenath,45740169,63,59,Raiden,Light,0,0,b2fa0c7222f7e3ebe117f24a200e11d8_a370664d98f658f4ed4e620f378f73cdfc0.jpg?1785670485,Diamond,113,24,BRD
Baka Bao,30345026,64,56,Phantom,Chaos,0,0,57df7efcbcdf8f1aca84c4f1435c36ba_f0a43d6e5eea19af337a176e9836acddfc0.jpg?1785670500,Diamond,57,13,SAM
Two Koma,51508003,65,70,Zodiark,Light,0,0,15a666f8d7bb67401300fae763ce4d32_c274370774c6bc3483cc8740805f41bcfc0.jpg?1785669893,Diamond,53,15,MCH
Littlebard Crits,44849524,66,58,Lich,Light,0,0,85155be3d7c3c8936c428085496b1e8d_7206469080400ed57a5373d0a9c55c59fc0.jpg?1785667953,Diamond,9,0,UNK
Skillpade Skyr,37019657,67,66,Lich,Light,0,0,e520a31662bd7030c96e4951a4f2d301_7206469080400ed57a5373d0a9c55c59fc0.jpg?1785667868,Diamond,110,27,DRK
Maggot Maggot,61703768,68,104,Omega,Chaos,0,0,3657d57f4a20a5d901d7f4537f1b7307_39e25ac3d737c46452305eefe324372cfc0.jpg?1785669467,Diamond,76,18,SMN
Delzor Waka,40194085,69,61,Odin,Light,0,0,bde30c4caff355f65cf9761727b12725_644311b63b607133c989d7c1188467dafc0.jpg?1785668986,Diamond,70,13,MCH
Lilia Sunvale,59323692,70,84,Phoenix,Light,0,0,01173bfd4d3bd682b07d6e9ac6dafd16_5047bc596a4bab2dc7f7c120bb22dec5fc0.jpg?1785668261,Diamond,57,20,WHM
Haki Haki,8290724,71,62,Ragnarok,Chaos,0,0,3fc43df6da1c629c59b5cdae63dee7a7_40d57ba713628f3f1ef5ef204b6d76d2fc0.jpg?1785667769,Diamond,50,15,RPR
Kimbi Aoe,24693270,72,69,Shiva,Light,0,0,67e0ddfb70faf5725a971d086cfdce61_3fbff0e6b620e4d259dc427abc6574dafc0.jpg?1785669997,Diamond,27,12,SAM
Sayuri Maeshima,33888798,73,63,Omega,Chaos,0,0,9543e703e2409901a4e4c51fcd72a0bd_39e25ac3d737c46452305eefe324372cfc0.jpg?1785669688,Diamond,22,0,SCH
Lia Lothje,30611623,74,65,Odin,Light,0,0,12f34ee0f0d0404c9b47a7fea301f068_644311b63b607133c989d7c1188467dafc0.jpg?1785668331,Diamond,12,0,BLM
Neo Saladin,60195724,75,67,Alpha,Light,0,0,d61ef205c9700150e78797546d2ac263_6132295fcf5570fb8b0a944ef322a598fc0.jpg?1785669945,Diamond,69,20,DRK
Sheidyn Windsor,30282791,76,83,Omega,Chaos,0,0,e3eaa192d0e2b6192580f940474cd0b5_39e25ac3d737c46452305eefe324372cfc0.jpg?1785670495,Diamond,19,6,SAM
Zecht Bradamant,31785474,77,68,Omega,Chaos,0,0,b0b8438e6682f2931a1a930121d0ab43_39e25ac3d737c46452305eefe324372cfc0.jpg?1785669049,Diamond,43,13,PLD
Princess Emi,5884527,78,71,Twintania,Light,0,0,4ab2080550ab1fb15ca76fbfe8e8d512_c33f640c0cdd35f7def85b8aa31a0007fc0.jpg?1785670163,Diamond,32,2,PLD
Madelynn Veil,49771412,79,100,Omega,Chaos,0,0,92f91d9225bb816c6562fb117814681e_39e25ac3d737c46452305eefe324372cfc0.jpg?1785667394,Diamond,16,8,RDM
Yasuki San,61688064,80,161,Phantom,Chaos,0,0,37dbf9b8936faaf9c75f598c38dcac11_f0a43d6e5eea19af337a176e9836acddfc0.jpg?1785669057,Diamond,60,13,UNK
Lsi Lsi,47353875,81,87,Lich,Light,0,0,792b3235fe2fbd35d956e856c210194f_7206469080400ed57a5373d0a9c55c59fc0.jpg?1785668978,Diamond,46,3,PCT
Isca Mog,32212471,82,72,Zodiark,Light,0,0,e47f3ccc4bd8599193929766ab0abd2c_c274370774c6bc3483cc8740805f41bcfc0.jpg?1785668962,Diamond,19,6,BLM
Sal Ren,40787945,83,73,Phoenix,Light,0,0,9613f7a8c0a759977b8a3fe787fed7e0_5047bc596a4bab2dc7f7c120bb22dec5fc0.jpg?1785668011,Diamond,12,0,DRG
Leia Leia,61767715,84,74,Twintania,Light,0,0,da1bea022b3ca64e80681b4a30a9d7e1_c33f640c0cdd35f7def85b8aa31a0007fc0.jpg?1785667293,Diamond,56,0,DRG
Blunt Man,35300195,85,76,Louisoix,Chaos,0,0,bfddeb1fd8c57b9259f8bb179dd8158b_0a122616f3718d3f45cab10fd8fc1604fc0.jpg?1785669041,Diamond,34,0,SAM
Sotek Scherwil,486374,86,77,Twintania,Light,0,0,c881840c18d6c9fc415801f5f8240174_c33f640c0cdd35f7def85b8aa31a0007fc0.jpg?1785668102,Diamond,18,0,DRK
Decha Kirk,32806624,87,153,Moogle,Chaos,0,0,e50b415f85b832de8463247f434991ce_d7a9d5f85a29d6278ec1c7adc2c8d242fc0.jpg?1785669073,Diamond,12,12,WHM
Yinwea Levai,36476322,88,134,Shiva,Light,0,0,944bf3a8e93fcc8f15f3f521462d11b5_3fbff0e6b620e4d259dc427abc6574dafc0.jpg?1785670326,Diamond,94,12,BRD
Cipher Strife,7955322,89,0,Ragnarok,Chaos,0,0,fd0f2644fe22871d381e6bae8798c484_40d57ba713628f3f1ef5ef204b6d76d2fc0.jpg?1785669584,Diamond,52,17,SMN
Sahamaru Kamijo,13566032,89,216,Lich,Light,0,0,ab5bb27991a2037ddd8e8b0aef304406_7206469080400ed57a5373d0a9c55c59fc0.jpg?1785667651,Diamond,52,17,MCH
Erion Hein,39135014,91,80,Twintania,Light,0,0,ba6bc1e1e70e5f3402d91ecfcf7d01e8_c33f640c0cdd35f7def85b8aa31a0007fc0.jpg?1785670438,Diamond,49,20,MIN
Pat Olehouse,17156873,92,79,Lich,Light,0,0,54c944c62ef7bd68e95a2a558d856482_7206469080400ed57a5373d0a9c55c59fc0.jpg?1785668847,Diamond,30,0,SCH
Victoria Nyala,43751055,93,81,Phoenix,Light,0,0,d41ca298e2f03ee2273aca61640ebce0_5047bc596a4bab2dc7f7c120bb22dec5fc0.jpg?1785669403,Diamond,21,0,WAR
Evvie Hwyi,60349732,94,82,Phantom,Chaos,0,0,d4ebfd0621314af6eaf4a106071ff400_f0a43d6e5eea19af337a176e9836acddfc0.jpg?1785668094,Diamond,20,0,PLD
Sin Mirrorslave,43994621,95,85,Raiden,Light,0,0,3f8e3345c252d3f9b50e27c481f91100_a370664d98f658f4ed4e620f378f73cdfc0.jpg?1785670521,Diamond,11,0,UNK
Selin Naari,16360751,96,86,Cerberus,Chaos,0,0,fb2c3681e2cb33bdcd7894d5aad0b9ec_777c57311d510ca65dac3c1077dee435fc0.jpg?1785669381,Diamond,10,0,DRG
Tisha Adori,32551351,97,118,Zodiark,Light,0,0,a1f13f2decf7933275b7ce63051dc06f_c274370774c6bc3483cc8740805f41bcfc0.jpg?1785668211,Diamond,5,2,MCH
Lina Sunstar,52075433,98,88,Spriggan,Chaos,0,0,d60c4576e74acfcd0ed77a6ea5d48800_feaf0a2e88ff164813fbc9b85876fa48fc0.jpg?1785670326,Diamond,57,19,WHM
Ark Kekko,50821807,99,141,Omega,Chaos,0,0,b81b1c241e98f7a5f9b9c81665be1243_39e25ac3d737c46452305eefe324372cfc0.jpg?1785670314,Diamond,35,12,SGE
Remes Yveltar,21757305,99,90,Odin,Light,0,0,20b9e744e2190850310da72ffaf5c5d4_644311b63b607133c989d7c1188467dafc0.jpg?1785668341,Diamond,35,11,VPR
Pattinger Kersel,8183392,101,165,Raiden,Light,0,0,4fec5839fc0fc0bba3a80fc4e1910660_a370664d98f658f4ed4e620f378f73cdfc0.jpg?1785667795,Diamond,27,14,BRD
Aris Oz,41983172,102,91,Zodiark,Light,0,0,abbd4cf51609bf59977c5b4850c4c351_c274370774c6bc3483cc8740805f41bcfc0.jpg?1785667559,Diamond,15,0,WAR
Shadow Aya,54551815,103,92,Zodiark,Light,0,0,5ca13f39db9eefc50e8e57be73e7254e_c274370774c6bc3483cc8740805f41bcfc0.jpg?1785668775,Diamond,12,0,DRK
Khorasan Ataraxia,47289604,104,93,Shiva,Light,0,0,721a6c9c723209b16696818df4cf0c93_3fbff0e6b620e4d259dc427abc6574dafc0.jpg?1785670596,Diamond,61,8,UNK
Wieg Wiggles,35061622,105,94,Lich,Light,0,0,61256a3e6c4f0c3dcc05469f5550d102_7206469080400ed57a5373d0a9c55c59fc0.jpg?1785670597,Diamond,53,3,RPR
Brian Ricardo,23607238,106,95,Zodiark,Light,0,0,9c9d045f5f22c579ce5c24faa2b9b303_c274370774c6bc3483cc8740805f41bcfc0.jpg?1785669895,Diamond,32,0,SGE
Roy Dimgao,29524655,107,106,Omega,Chaos,0,0,320af7149c63c337e5826c2c2cc1bf37_39e25ac3d737c46452305eefe324372cfc0.jpg?1785670496,Diamond,23,7,RDM
Glyceri Chosuti,30338174,108,96,Moogle,Chaos,0,0,6d93c9241424e92e6f0351d35d8b6eaa_d7a9d5f85a29d6278ec1c7adc2c8d242fc0.jpg?1785667843,Diamond,19,0,MCH
Renna Vorak,25421061,108,96,Raiden,Light,0,0,c2dc94bad32c136ebcdcb42ec56ba1c3_a370664d98f658f4ed4e620f378f73cdfc0.jpg?1785668115,Diamond,19,0,PLD
Brindacier Alomon,26055030,110,98,Phoenix,Light,0,0,fbefc8262b34e93b398aa2dde0c2e4b8_5047bc596a4bab2dc7f7c120bb22dec5fc0.jpg?1785669336,Diamond,15,0,GNB
Yuripa Arashi,37731658,111,99,Shiva,Light,0,0,73ff0d0b3cc5f92ec79dabffa2bedf80_3fbff0e6b620e4d259dc427abc6574dafc0.jpg?1785669769,Diamond,10,0,WAR
Durinta Borlaaq,37706432,112,0,Twintania,Light,0,0,5f122a4f83176fe089d903a59809e108_c33f640c0cdd35f7def85b8aa31a0007fc0.jpg?1785667216,Diamond,8,0,BLM
Taivas L'tulta,46948666,113,101,Odin,Light,0,0,30ba088e17b99c9f748bd47b4ff33fb4_644311b63b607133c989d7c1188467dafc0.jpg?1785668514,Diamond,4,0,SCH
Keraunos Greywolfe,31183458,114,102,Alpha,Light,0,0,3431088cd9f33e5f20e30162c35286fd_6132295fcf5570fb8b0a944ef322a598fc0.jpg?1785668514,Diamond,114,14,SGE
Arienai Nashi,47596567,115,103,Zodiark,Light,0,0,ccbc05e41375849179a5f554d78d7ae1_c274370774c6bc3483cc8740805f41bcfc0.jpg?1785669239,Diamond,97,0,GNB
Dundee Nic'hpisfa,35976824,116,105,Odin,Light,0,0,8eda92b5ce2e258786d149b7cb349e09_644311b63b607133c989d7c1188467dafc0.jpg?1785669129,Diamond,27,0,MCH
Magidolce Magileine,39132419,117,108,Twintania,Light,0,0,088bd05d5a98251023ecb7e28a638b68_c33f640c0cdd35f7def85b8aa31a0007fc0.jpg?1785669226,Diamond,17,6,PCT
Kihn Shirudo,43951482,118,107,Spriggan,Chaos,0,0,2e619166d10daa6082c54563a5af17ff_feaf0a2e88ff164813fbc9b85876fa48fc0.jpg?1785667182,Diamond,15,0,DRK
Izuma Knox,48747330,119,109,Spriggan,Chaos,0,0,e4ecfd700fe3f6df45f6409e46a09d8b_feaf0a2e88ff164813fbc9b85876fa48fc0.jpg?1785668569,Diamond,9,0,WAR
Smoothie Sour,42056621,120,110,Zodiark,Light,0,0,247388cdfc4db1451cf9df83cce7b3a1_c274370774c6bc3483cc8740805f41bcfc0.jpg?1785670014,Diamond,7,0,WAR
Wimp Lo,37793632,121,131,Zodiark,Light,0,0,45ed053d252c3a44eabe55329426aa37_c274370774c6bc3483cc8740805f41bcfc0.jpg?1785670495,Diamond,5,1,WAR
Endorel Soro,12949151,122,111,Alpha,Light,0,0,038b9a835f84a3b80a8a467605d3dd8c_6132295fcf5570fb8b0a944ef322a598fc0.jpg?1785667595,Diamond,4,0,UNK
Mirajane Hylian,24248886,122,111,Omega,Chaos,0,0,32bbb40f8ae6e32a1317f2919c7a1a42_39e25ac3d737c46452305eefe324372cfc0.jpg?1785669578,Diamond,4,0,MNK
Roomi Mae,47248743,124,0,Raiden,Light,0,0,770a624522dc3f95ef75247a554dceb7_a370664d98f658f4ed4e620f378f73cdfc0.jpg?1785667793,Diamond,3,0,AST
Staz Hellcat,8016319,125,113,Cerberus,Chaos,0,0,c7e860ceda35e35e41bca47bf02624be_777c57311d510ca65dac3c1077dee435fc0.jpg?1785669888,Diamond,58,9,RDM
Seraban Mistodisushi,25116690,126,175,Omega,Chaos,0,0,9ab6f5d4307a747e8378402c6070b2a7_39e25ac3d737c46452305eefe324372cfc0.jpg?1785669476,Diamond,29,14,UNK
Krek Balflear,48912824,127,207,Sagittarius,Chaos,0,0,3ddedc4fdcf35465d04f99e2b4737a9f_44ca0844398b2d010d8cd4a31ddb023dfc0.jpg?1785669749,Diamond,20,15,SGE
Baby Starz,27999014,128,149,Omega,Chaos,0,0,e8cb7daea22ff306dcc9397ecad5a4a2_39e25ac3d737c46452305eefe324372cfc0.jpg?1785670596,Diamond,15,11,DRG
Mina Ha,50543888,129,114,Raiden,Light,0,0,712f53c2b6ed3bc9fa9cc0b0b60a16d7_a370664d98f658f4ed4e620f378f73cdfc0.jpg?1785669397,Diamond,11,0,PCT
Fandrix Shadowsong,36051326,130,115,Louisoix,Chaos,0,0,e8515941184b5c25f2622f1899a0969a_0a122616f3718d3f45cab10fd8fc1604fc0.jpg?1785668895,Diamond,6,0,SGE
Lawr Hawk,28248881,130,115,Odin,Light,0,0,e241b26df61ea0e201b637a7ae6c4cd4_644311b63b607133c989d7c1188467dafc0.jpg?1785669156,Diamond,6,0,RDM
Ny Aa,49048302,132,117,Zodiark,Light,0,0,a75fda4dbe97ffbaf98a55c7ea86fa64_c274370774c6bc3483cc8740805f41bcfc0.jpg?1785667411,Diamond,4,0,RDM
Dopa Mine,44403027,133,0,Phantom,Chaos,0,0,8d27501fd3361cf138655132263db4b5_f0a43d6e5eea19af337a176e9836acddfc0.jpg?1785669404,Diamond,2,0,RPR
Maru Tani,58799026,133,119,Alpha,Light,0,0,b632027978294d1f77f2347d48fc3704_6132295fcf5570fb8b0a944ef322a598fc0.jpg?1785669910,Diamond,2,0,SCH
Neclord Drakan,34358772,133,119,Phoenix,Light,0,0,7e002012c8fc4f9e493cd5879573e088_5047bc596a4bab2dc7f7c120bb22dec5fc0.jpg?1785669658,Diamond,2,0,AST
Yhren Vhal,56948558,133,0,Odin,Light,0,0,3f62ad2093c1016540ef936a5563823b_644311b63b607133c989d7c1188467dafc0.jpg?1785670695,Diamond,2,0,UNK
Magnus Skorweg,14288959,137,0,Cerberus,Chaos,0,0,36b3ca5cc0c3fa7edd1b5b276f54a6fc_777c57311d510ca65dac3c1077dee435fc0.jpg?1785669070,Diamond,70,21,DRK
Nana Usui,34696904,138,121,Moogle,Chaos,0,0,abd9e807ccb2486ea89e3deab9cc56d2_d7a9d5f85a29d6278ec1c7adc2c8d242fc0.jpg?1785668904,Diamond,41,7,AST
Saki Aiko,58256956,139,121,Zodiark,Light,0,0,f65bf40d95342ebe3141def95c5232bc_c274370774c6bc3483cc8740805f41bcfc0.jpg?1785669469,Diamond,34,0,WHM
Nemesis Sol,49622209,140,123,Shiva,Light,0,0,1bcb80e23a56918c49abb6d50ef563af_3fbff0e6b620e4d259dc427abc6574dafc0.jpg?1785669822,Diamond,26,0,AST
Zaiko Kazer,29649679,141,192,Lich,Light,0,0,ab5b87afe7d1d53f8a61b85e0c0d0e8d_7206469080400ed57a5373d0a9c55c59fc0.jpg?1785667342,Diamond,23,11,GNB
Gaspard Deguingoix,11032081,142,166,Moogle,Chaos,0,0,b9283e6a6be9cd219ee0afea98546775_d7a9d5f85a29d6278ec1c7adc2c8d242fc0.jpg?1785670445,Diamond,19,7,SGE
Kai Usami,51704875,142,125,Raiden,Light,0,0,de98603cf09d40c4587c720f86e73817_a370664d98f658f4ed4e620f378f73cdfc0.jpg?1785669051,Diamond,19,5,UNK
Akurei Amotanius,36595921,144,124,Odin,Light,0,0,ca5d9f24b62995e3bcb5d25cc576fc70_644311b63b607133c989d7c1188467dafc0.jpg?1785668742,Diamond,16,0,MNK
Illyrion Akatsuki,56186869,145,146,Odin,Light,0,0,b36972ee34bfd25f82ce348b32b6f5da_644311b63b607133c989d7c1188467dafc0.jpg?1785668280,Diamond,14,2,BSM
Phaey Yeon,58326616,146,0,Moogle,Chaos,0,0,6497d439e55c80c0156c198e7f135c78_d7a9d5f85a29d6278ec1c7adc2c8d242fc0.jpg?1785670656,Diamond,13,0,UNK
Diggoo Jumalxtenlavis,21389976,147,126,Zodiark,Light,0,0,ae5b9d280ccfc178e7b74cd839ec5e43_c274370774c6bc3483cc8740805f41bcfc0.jpg?1785668007,Diamond,12,0,VPR
Melili Nalili,60720700,147,127,Twintania,Light,0,0,24a7b96fbc052a40de9c6f7809fe72fe_c33f640c0cdd35f7def85b8aa31a0007fc0.jpg?1785668962,Diamond,12,1,DRK
Bing Bing,50857849,149,128,Odin,Light,0,0,1a2b77cf04680b9bfe1c19f07f9f1f44_644311b63b607133c989d7c1188467dafc0.jpg?1785670462,Diamond,11,1,MCH
Lolorei Lalarei,3686155,150,129,Omega,Chaos,0,0,da6ff12e4effc4cbacfe1b954f1c3bf5_39e25ac3d737c46452305eefe324372cfc0.jpg?1785669691,Diamond,8,0,WHM
Mer Lin,50434149,151,130,Spriggan,Chaos,0,0,52a13256ecf71bc72e25a6b211b196c8_feaf0a2e88ff164813fbc9b85876fa48fc0.jpg?1785670033,Diamond,7,0,BRD
Xiex Xie,40733160,152,132,Zodiark,Light,0,0,f253e0943a65dac103a6dfd764a01f52_c274370774c6bc3483cc8740805f41bcfc0.jpg?1785669771,Diamond,3,0,MIN
Ash Dreadsaint,16641514,153,133,Alpha,Light,0,0,35babc8a56d97c1de09ffbf594068bd0_6132295fcf5570fb8b0a944ef322a598fc0.jpg?1785670354,Diamond,1,0,DRK
Faly Linh,32024155,153,0,Spriggan,Chaos,0,0,2c0bc07b4ce467f3fb61eed172593a41_feaf0a2e88ff164813fbc9b85876fa48fc0.jpg?1785667166,Diamond,1,0,UNK
Rifula Ruivre,2224873,153,0,Alpha,Light,0,0,47995b925a7f5c18a76967fce75b8bb9_6132295fcf5570fb8b0a944ef322a598fc0.jpg?1785670330,Diamond,1,0,UNK
Haadin Maero,25649806,156,232,Cerberus,Chaos,0,0,ab3efb60a6f01134129c732e6e60c255_777c57311d510ca65dac3c1077dee435fc0.jpg?1785668110,Diamond,54,15,RDM
Kiara Anima,33528154,157,135,Raiden,Light,0,0,f1bb383b8594f615718c3d7f602fc10c_a370664d98f658f4ed4e620f378f73cdfc0.jpg?1785670623,Diamond,53,0,MNK
Bagel Egg,18929023,158,136,Omega,Chaos,0,0,f655117235b1c0d199ca39849579a631_39e25ac3d737c46452305eefe324372cfc0.jpg?1785670543,Diamond,52,5,BLM
Celeste Starblade,57129516,159,137,Phoenix,Light,0,0,f658a7c187303ff40c92c131f45b6f67_5047bc596a4bab2dc7f7c120bb22dec5fc0.jpg?1785668670,Diamond,42,0,SAM
Real Man,30765848,160,138,Phantom,Chaos,0,0,c4364c95053914411433fe7e1cc07c6f_f0a43d6e5eea19af337a176e9836acddfc0.jpg?1785670677,Diamond,37,0,DRG
Rin Tanaka,24116937,161,139,Phoenix,Light,0,0,05caa52c69a69c31a889325a1f319530_5047bc596a4bab2dc7f7c120bb22dec5fc0.jpg?1785668922,Diamond,31,0,DRG
Uraraka Lunae,19968499,162,143,Louisoix,Chaos,0,0,87178981b631653f4905b195c6c49583_0a122616f3718d3f45cab10fd8fc1604fc0.jpg?1785668436,Diamond,25,4,WAR
Nihan Hex,53453486,163,140,Cerberus,Chaos,0,0,15de173462fb012d8bb6ffee6c41a2a1_777c57311d510ca65dac3c1077dee435fc0.jpg?1785667211,Diamond,24,0,NIN
Eden Sight,26795634,164,142,Zodiark,Light,0,0,0082848ea437238b52e2fc002e546579_c274370774c6bc3483cc8740805f41bcfc0.jpg?1785669145,Diamond,22,0,DRG
General Aardvark,48423100,165,144,Twintania,Light,0,0,cf88029724167c1d18ed8c536a862900_c33f640c0cdd35f7def85b8aa31a0007fc0.jpg?1785668920,Diamond,19,2,SAM
Lauressen Ornedwesfv,49280645,166,145,Louisoix,Chaos,0,0,36b2248a22465d5d00bf7ed02491ae4b_0a122616f3718d3f45cab10fd8fc1604fc0.jpg?1785667942,Diamond,16,0,SMN
Feral Jorex,21749898,167,148,Odin,Light,0,0,f9027c778862384a6ae4224efd2fe7c3_644311b63b607133c989d7c1188467dafc0.jpg?1785669216,Diamond,13,5,SMN
Guimiko Miko,54285624,168,146,Moogle,Chaos,0,0,610c37aeb64c6149d7c6d5ea93a8114e_d7a9d5f85a29d6278ec1c7adc2c8d242fc0.jpg?1785668817,Diamond,12,0,WHM
Nilfel Hahayon,21378833,169,0,Cerberus,Chaos,0,0,d7e947c02816c8a10c0773fc4c97e71e_777c57311d510ca65dac3c1077dee435fc0.jpg?1785668309,Diamond,6,0,SGE
Sentika Thiel,31702916,169,0,Zodiark,Light,0,0,50ae19a11ef85e68cde6a1c26ccaf1d1_c274370774c6bc3483cc8740805f41bcfc0.jpg?1785668595,Diamond,6,3,NIN
Doctor Zoidberg,9214410,171,150,Cerberus,Chaos,0,0,40bc630c90e57d0ca265dd7fc809d5c8_777c57311d510ca65dac3c1077dee435fc0.jpg?1785670303,Diamond,3,0,WAR
Feri De,32873333,171,0,Twintania,Light,0,0,04fae792c920333e5bdc3287c0df72e4_c33f640c0cdd35f7def85b8aa31a0007fc0.jpg?1785670166,Diamond,3,0,RDM
Mestari Kalastaja,38441307,173,151,Omega,Chaos,0,0,52dc7dc38ddeaaedbae9f2b43a6ca546_39e25ac3d737c46452305eefe324372cfc0.jpg?1785667534,Diamond,2,0,MCH
Kyouko Owo,25629243,174,152,Louisoix,Chaos,0,0,4fbeb17208a00397ad05eebfc2d20d2f_0a122616f3718d3f45cab10fd8fc1604fc0.jpg?1785667237,Diamond,1,0,WHM
Alterion Vinea,12652045,175,153,Spriggan,Chaos,0,0,9bffaa652b4614ee6c33fdd6e07fdea8_feaf0a2e88ff164813fbc9b85876fa48fc0.jpg?1785669529,Diamond,0,0,DRK
Altrios Alrun,37280856,175,153,Odin,Light,0,0,eed006603ff3859a7471671dcb9c221c_644311b63b607133c989d7c1188467dafc0.jpg?1785669201,Diamond,0,0,GNB
Amarth Vual,37220642,175,153,Lich,Light,0,0,64bdc4017f196c6ab4c813692496b5f6_7206469080400ed57a5373d0a9c55c59fc0.jpg?1785669156,Diamond,0,0,PLD
Death Fury,9386074,175,153,Ragnarok,Chaos,0,0,f334633b7adb1af69b68d26c3dc12e81_40d57ba713628f3f1ef5ef204b6d76d2fc0.jpg?1785670573,Diamond,0,0,WAR
Gella Zenhat,16553524,175,153,Cerberus,Chaos,0,0,34542c2a2fe5b9a690d00a5565e15c1b_777c57311d510ca65dac3c1077dee435fc0.jpg?1785667558,Diamond,0,0,BRD
Yoe Lleufyn,28631681,175,153,Phoenix,Light,0,0,9584dd8fac44ba749b0855105a0e29e9_5047bc596a4bab2dc7f7c120bb22dec5fc0.jpg?1785667882,Diamond,0,0,PCT
Zoera Rinn,47442640,175,153,Alpha,Light,0,0,1a8a49a922d7b9ede1f40d3e59c5b86f_6132295fcf5570fb8b0a944ef322a598fc0.jpg?1785668505,Diamond,0,0,GNB
Frankie Urien,32323176,182,167,Odin,Light,0,0,ffae33588fe71f102672b7defdb50a30_644311b63b607133c989d7c1188467dafc0.jpg?1785668531,Platinum,64,6,WHM
Lise-hoi Pipeloi,29719212,183,163,Cerberus,Chaos,0,0,57c5498cda4f5b24c975d5c6ad1dad53_777c57311d510ca65dac3c1077dee435fc0.jpg?1785668827,Platinum,29,9,BLM
Stephanie Dolla,28876458,184,162,Lich,Light,0,0,753eeef7260d5b48fedb9d189d2b51ca_7206469080400ed57a5373d0a9c55c59fc0.jpg?1785669757,Platinum,27,0,WAR
Rave Bae,47220633,185,164,Alpha,Light,0,0,e640b0d43fa0078b032cbecc50b4e94c_6132295fcf5570fb8b0a944ef322a598fc0.jpg?1785670183,Platinum,17,0,SAM
Acacia Strain,43137076,186,246,Raiden,Light,0,0,8678948c8fea34b563980d4a6da37e32_a370664d98f658f4ed4e620f378f73cdfc0.jpg?1785668596,Platinum,77,22,SMN
Error Message,13464395,187,172,Odin,Light,0,0,37584823c6898787a88ec74ca750c2b7_644311b63b607133c989d7c1188467dafc0.jpg?1785669779,Platinum,42,4,MCH
Nicco Sushi,42846008,188,224,Alpha,Light,0,0,ffcb0ee6f92ba9224ade0ee2b0e9917b_6132295fcf5570fb8b0a944ef322a598fc0.jpg?1785669271,Platinum,21,10,SGE
Mono Lith,59519255,189,168,Omega,Chaos,0,0,2d12a270aa7b3b097c78dcc93127e881_39e25ac3d737c46452305eefe324372cfc0.jpg?1785668485,Platinum,18,0,DRK
Merily Marlin,52216084,190,170,Louisoix,Chaos,0,0,1b485637d5f1df89d363a45b95cba49c_0a122616f3718d3f45cab10fd8fc1604fc0.jpg?1785667394,Platinum,76,16,FSH
Garik Slambert,60482352,191,187,Phoenix,Light,0,0,db0a037687194ebf4febd49e14005a66_5047bc596a4bab2dc7f7c120bb22dec5fc0.jpg?1785669303,Platinum,42,9,ARM
Leo Wolfram,55309464,192,206,Twintania,Light,0,0,137bda326a93315b803aa0d477a79942_c33f640c0cdd35f7def85b8aa31a0007fc0.jpg?1785669318,Platinum,24,12,GNB
C'rhun Tia,59338588,193,171,Spriggan,Chaos,0,0,b2ff4ed07ded26f7b90db369f6c22e10_feaf0a2e88ff164813fbc9b85876fa48fc0.jpg?1785669781,Platinum,8,4,BLM
Evan Hycks,7557796,194,0,Phoenix,Light,0,0,52f7406f92df6db10a921ea3efdc9dd4_5047bc596a4bab2dc7f7c120bb22dec5fc0.jpg?1785670225,Platinum,4,2,DRG
Athena Olympe,44680885,195,173,Sagittarius,Chaos,0,0,7e7afe9e9cebc29cee3220c1e0530540_44ca0844398b2d010d8cd4a31ddb023dfc0.jpg?1785668802,Platinum,33,0,BLM
Vermilion Rose,4596210,196,174,Phantom,Chaos,0,0,6eeb39ac8e979b57130040ff257bf772_f0a43d6e5eea19af337a176e9836acddfc0.jpg?1785670707,Platinum,26,9,PLD
Malachi Lights,3074032,197,175,Shiva,Light,0,0,e2d7cd0b9daba53c8f2e584c50e288b5_3fbff0e6b620e4d259dc427abc6574dafc0.jpg?1785668190,Platinum,17,2,GNB
Astinus Zivlyne,4289243,198,177,Shiva,Light,0,0,1d876b5e49c40cda49b1b7afdd305d4d_3fbff0e6b620e4d259dc427abc6574dafc0.jpg?1785670345,Platinum,11,0,SMN
Rainy Moody,18521804,199,178,Raiden,Light,0,0,4376b79862aa6ab1a2b37b54be8e3543_a370664d98f658f4ed4e620f378f73cdfc0.jpg?1785668736,Platinum,7,0,SAM
Only Zans,58389533,200,0,Ragnarok,Chaos,0,0,09b8154a2e83614f3bf922366c18009b_40d57ba713628f3f1ef5ef204b6d76d2fc0.jpg?1785670502,Platinum,3,0,WAR
Airi Rhitik,2286171,201,179,Moogle,Chaos,0,0,0e7c747879926e0f575c8444323c478f_d7a9d5f85a29d6278ec1c7adc2c8d242fc0.jpg?1785670649,Platinum,18,5,WHM
Sho'zhirr Shizahi-jo,28092848,202,0,Phoenix,Light,0,0,c6923f91c3f9e08d53d38488a3040788_5047bc596a4bab2dc7f7c120bb22dec5fc0.jpg?1785670739,Platinum,13,0,UNK
Veritan Indaerus,21877909,203,180,Odin,Light,0,0,978a128ddf080c55e3afc742274d0c9f_644311b63b607133c989d7c1188467dafc0.jpg?1785668760,Platinum,2,0,DRG
Hegel Gil,25438753,204,230,Omega,Chaos,0,0,5ed500fc1dd1d9cbbc95000a80326ff7_39e25ac3d737c46452305eefe324372cfc0.jpg?1785668039,Platinum,58,7,FSH
Heroica Sylverin,47701376,205,0,Raiden,Light,0,0,2b1f1bb1870af747aadf918421bb272c_a370664d98f658f4ed4e620f378f73cdfc0.jpg?1785667312,Platinum,46,22,DRK
Vincent God,14069867,206,209,Phoenix,Light,0,0,7d8e17eab1b900c1741204dbf199eb48_5047bc596a4bab2dc7f7c120bb22dec5fc0.jpg?1785668824,Platinum,32,5,MCH
Hope Carmine,31931991,207,182,Odin,Light,0,0,4d5e5c176cb534aaf44e67236bf6c171_644311b63b607133c989d7c1188467dafc0.jpg?1785669478,Platinum,25,10,RDM
T'syl Mitnu,35875855,208,181,Twintania,Light,0,0,20f1860def433fa504db9aefe1d56299_c33f640c0cdd35f7def85b8aa31a0007fc0.jpg?1785669515,Platinum,18,1,MNK
Naralis A'roihan,35460975,209,211,Odin,Light,0,0,39833ac3dfdbb3ea64ab911763fea294_644311b63b607133c989d7c1188467dafc0.jpg?1785669027,Platinum,17,7,SCH
Yunalesca Amalthea,52854078,210,182,Raiden,Light,0,0,573907fa6acfc8a7b163dc467e2c130a_a370664d98f658f4ed4e620f378f73cdfc0.jpg?1785669950,Platinum,16,1,WHM
Lo Enha,27971408,211,0,Moogle,Chaos,0,0,5236c7cc585f6b9213e6d33f05e78c61_d7a9d5f85a29d6278ec1c7adc2c8d242fc0.jpg?1785670179,Platinum,12,0,WAR
Protos Heis,34597162,212,184,Spriggan,Chaos,0,0,1227bb2a621e4455479d060e840ff145_feaf0a2e88ff164813fbc9b85876fa48fc0.jpg?1785668329,Platinum,10,0,MCH
Sevii Ives,32840233,213,185,Spriggan,Chaos,0,0,53517e20a979543039424f8ff9a605ad_feaf0a2e88ff164813fbc9b85876fa48fc0.jpg?1785668781,Platinum,0,0,PCT
Rem Minase,15335467,214,186,Ragnarok,Chaos,0,0,6f4b9532213e5ed122fcac3e5c3b4cc5_40d57ba713628f3f1ef5ef204b6d76d2fc0.jpg?1785669083,Platinum,73,9,SMN
Ash Zero,49368748,215,229,Shiva,Light,0,0,8c69f041cca72fdc1059bfc9f2f8ecc9_3fbff0e6b620e4d259dc427abc6574dafc0.jpg?1785668989,Platinum,66,5,MCH
Fay Fury,13801627,216,234,Alpha,Light,0,0,c8bf2d24d3b66a91e8891eb6b4043bd8_6132295fcf5570fb8b0a944ef322a598fc0.jpg?1785669786,Platinum,42,10,UNK
Ramnes Lafougere,27458334,217,188,Ragnarok,Chaos,0,0,084a724c3a596fd9be08d480bcd254d4_40d57ba713628f3f1ef5ef204b6d76d2fc0.jpg?1785667741,Platinum,34,6,SMN
Epiphany Eruyt,23090429,218,189,Lich,Light,0,0,eff479ee1ea70675f2380b47f87b2c8e_7206469080400ed57a5373d0a9c55c59fc0.jpg?1785667524,Platinum,21,0,WHM
Lu Mi,47806406,219,190,Raiden,Light,0,0,c8d19bad38e9523a4db779b2bf514973_a370664d98f658f4ed4e620f378f73cdfc0.jpg?1785668503,Platinum,17,1,AST
Caragai Avagnar,12684852,220,190,Phoenix,Light,0,0,7b337c4d27b7d61d5bde4f5c6b8f951c_5047bc596a4bab2dc7f7c120bb22dec5fc0.jpg?1785667678,Platinum,16,0,WAR
Schnurrsula Fluff,51217383,221,193,Alpha,Light,0,0,019cbc646bd2ecbd421e42d0b6d98585_6132295fcf5570fb8b0a944ef322a598fc0.jpg?1785670010,Platinum,6,0,UNK
Riku Yamamoto,50962515,222,195,Raiden,Light,0,0,2737e3393944ab82a3eec48071df16a8_a370664d98f658f4ed4e620f378f73cdfc0.jpg?1785669057,Platinum,61,0,DRK
Dacien Darlett,3339751,223,196,Odin,Light,0,0,0311b8a0924e142c3f1da4b81f645156_644311b63b607133c989d7c1188467dafc0.jpg?1785670692,Platinum,58,0,SCH
Mimi Skykru,33956705,224,197,Phoenix,Light,0,0,5c8b2e44de3760f515d4623b4056e983_5047bc596a4bab2dc7f7c120bb22dec5fc0.jpg?1785670426,Platinum,50,0,SMN
Norai Tempest,38251436,225,217,Zodiark,Light,0,0,b7018360f2380ddb9010a48d596309f2_c274370774c6bc3483cc8740805f41bcfc0.jpg?1785669771,Platinum,38,4,WAR
Hex Me,33474528,226,198,Twintania,Light,0,0,9a101efdb226e330a61a1c1d4f73a726_c33f640c0cdd35f7def85b8aa31a0007fc0.jpg?1785670324,Platinum,22,0,MCH
Rei Dassario,24597443,227,199,Raiden,Light,0,0,a51ce0a687a31ff3b67287e80ea30aed_a370664d98f658f4ed4e620f378f73cdfc0.jpg?1785667160,Platinum,20,0,VPR
Ye Jin,49057312,228,200,Alpha,Light,0,0,c230435310db6e112e461dbdcafe4cf0_6132295fcf5570fb8b0a944ef322a598fc0.jpg?1785668677,Platinum,12,0,UNK
Libitina Incarne,53924694,229,201,Phantom,Chaos,0,0,43b10121c131b468c3e5c5fe3569ab0e_f0a43d6e5eea19af337a176e9836acddfc0.jpg?1785670697,Platinum,9,2,MCH
Edgy Maincharacter,34503685,230,228,Omega,Chaos,0,0,bdffb22602f572e2ef683a1f09207b77_39e25ac3d737c46452305eefe324372cfc0.jpg?1785668357,Platinum,6,4,NIN
Rei Morow,28187368,231,202,Raiden,Light,0,0,3f9c2b5b08b9fdb4c7d188d33979cea6_a370664d98f658f4ed4e620f378f73cdfc0.jpg?1785669622,Platinum,5,0,UNK
Yuno Aiko,41057734,232,203,Zodiark,Light,0,0,1857c02309b39202502cb14a787bf0b4_c274370774c6bc3483cc8740805f41bcfc0.jpg?1785668503,Platinum,44,0,MNK
Elyndra Mayhn,27143285,233,204,Twintania,Light,0,0,e4b30c11c8c987996e50ee4c5899c037_c33f640c0cdd35f7def85b8aa31a0007fc0.jpg?1785668372,Platinum,31,0,RPR
Fig Bish,51129428,234,205,Sagittarius,Chaos,0,0,c71837c3e35206da4d22e995b7cfad54_44ca0844398b2d010d8cd4a31ddb023dfc0.jpg?1785668384,Platinum,19,2,WAR
Diarmuidia Ua-dibhne,60435376,235,238,Cerberus,Chaos,0,0,5d9b7dcb4848e335ad4a88c0dc644669_777c57311d510ca65dac3c1077dee435fc0.jpg?1785668151,Platinum,18,13,DNC
Ky'ros Voss,31621024,236,0,Spriggan,Chaos,0,0,640d310f69e99fb16aa6f9f90eccbfb3_feaf0a2e88ff164813fbc9b85876fa48fc0.jpg?1785669393,Platinum,1,0,RPR
Ai Ka',13500675,237,208,Ragnarok,Chaos,0,0,171f0ab92d0e928acdb718980be9c896_40d57ba713628f3f1ef5ef204b6d76d2fc0.jpg?1785668714,Platinum,0,0,PLD
Kin Battle,306592,238,289,Phantom,Chaos,0,0,9bb441969329b440c86d63d3906c0e59_f0a43d6e5eea19af337a176e9836acddfc0.jpg?1785670623,Platinum,32,14,UNK
April Ren,60727190,239,0,Omega,Chaos,0,0,33826defa8875a0b1f85479e310fa625_39e25ac3d737c46452305eefe324372cfc0.jpg?1785668656,Platinum,26,12,CRP
Nimui Moonmoon,32082532,240,210,Zodiark,Light,0,0,a6776c984edc3822827a0f3afed86b18_c274370774c6bc3483cc8740805f41bcfc0.jpg?1785667981,Platinum,14,0,SMN
Yorda Dormin,35730883,241,276,Phantom,Chaos,0,0,37968b7968327b583f23e52d999337f9_f0a43d6e5eea19af337a176e9836acddfc0.jpg?1785668660,Platinum,12,4,UNK
Moira Jargal,37297361,242,211,Omega,Chaos,0,0,a6c3b7dcbf34048b1974302dcb57e4a6_39e25ac3d737c46452305eefe324372cfc0.jpg?1785667753,Platinum,10,0,RPR
Shiki Gami,8985139,243,213,Ragnarok,Chaos,0,0,f10e6efebbe880506131716c831d84b0_40d57ba713628f3f1ef5ef204b6d76d2fc0.jpg?1785669327,Platinum,3,1,SMN
Crystalia Aguilau'ra,51094995,244,214,Phantom,Chaos,0,0,e8e576c74bb3b06299949b7258aa8c6b_f0a43d6e5eea19af337a176e9836acddfc0.jpg?1785668041,Platinum,142,14,UNK
Anyu Nayru,34487597,245,0,Phoenix,Light,0,0,88772bb9fe8e19be70e12bce0dbf5dec_5047bc596a4bab2dc7f7c120bb22dec5fc0.jpg?1785669439,Platinum,84,31,WHM
Arale Il,15406803,246,0,Ragnarok,Chaos,0,0,e5c2a19e43a1edb9b276827163b36a1b_40d57ba713628f3f1ef5ef204b6d76d2fc0.jpg?1785669897,Platinum,77,18,WAR
Perhaps Mayhaps,37474425,247,215,Twintania,Light,0,0,cebf8c69029dd630783bec1aab9868e1_c33f640c0cdd35f7def85b8aa31a0007fc0.jpg?1785669122,Platinum,52,0,DRK
Faith Tali,37990597,248,0,Omega,Chaos,0,0,e9e1ecd3653ee5558b212d47180a78c2_39e25ac3d737c46452305eefe324372cfc0.jpg?1785669956,Platinum,47,18,DRK
Zel Tarren,27049179,249,0,Spriggan,Chaos,0,0,91194747cae63d7e136386c931670529_feaf0a2e88ff164813fbc9b85876fa48fc0.jpg?1785667937,Platinum,45,6,PLD
Tenma Death'bringer,54374029,250,218,Louisoix,Chaos,0,0,64bae8fc59f9af667315793ed47e18c5_0a122616f3718d3f45cab10fd8fc1604fc0.jpg?1785668737,Platinum,27,0,GNB
Skadi Eisenfuchs,38610374,251,219,Lich,Light,0,0,da2e0ae75ad34a6461f407787a0c95d0_7206469080400ed57a5373d0a9c55c59fc0.jpg?1785668630,Platinum,24,0,SGE
Jinu Saja,37557023,252,220,Louisoix,Chaos,0,0,ed18601452ec3c3b1def16f37ba89988_0a122616f3718d3f45cab10fd8fc1604fc0.jpg?1785669568,Platinum,23,0,UNK
Calamity Hellfire,19991596,253,255,Alpha,Light,0,0,42b5f3e913fb3a618bbefaf561c46d0c_6132295fcf5570fb8b0a944ef322a598fc0.jpg?1785669878,Platinum,19,6,WAR
Ossim Numine,26339671,254,221,Spriggan,Chaos,0,0,c5d164dd5b0090daf2749023d8296214_feaf0a2e88ff164813fbc9b85876fa48fc0.jpg?1785667465,Platinum,18,0,WAR
Subu Miyamoto,33153388,255,222,Phoenix,Light,0,0,247515b8dba3951fe67b91c270d4e745_5047bc596a4bab2dc7f7c120bb22dec5fc0.jpg?1785670449,Platinum,16,0,SAM
Ino Based,41531397,256,265,Alpha,Light,0,0,ae8562754d31616305226909752bc4fd_6132295fcf5570fb8b0a944ef322a598fc0.jpg?1785670680,Platinum,12,10,SGE
Zanzas Olta,23438927,256,223,Alpha,Light,0,0,7776729f1bc0f0c25a713fde32b1292f_6132295fcf5570fb8b0a944ef322a598fc0.jpg?1785668993,Platinum,12,0,WHM
Leizi Doomie,47973424,258,267,Omega,Chaos,0,0,35e6c296ac2a3e1f720238508a30d7a5_39e25ac3d737c46452305eefe324372cfc0.jpg?1785670324,Platinum,6,5,WHM
Franziska Hatia,6541981,259,225,Moogle,Chaos,0,0,3346d7c134c0675bdb576962512a264b_d7a9d5f85a29d6278ec1c7adc2c8d242fc0.jpg?1785667824,Platinum,4,0,GSM
Yaku Lune,46321911,259,225,Moogle,Chaos,0,0,32d23a1cabbabb4c647f3dd301537ea3_d7a9d5f85a29d6278ec1c7adc2c8d242fc0.jpg?1785667361,Platinum,4,0,MCH
Serphe Dot,52263876,261,227,Moogle,Chaos,0,0,9650655e67fd2c317b6785da99b8da48_d7a9d5f85a29d6278ec1c7adc2c8d242fc0.jpg?1785670124,Platinum,3,0,DRK
Mystletainn Nadir,24684133,262,240,Cerberus,Chaos,0,0,faf29f764d2cf7afaab509b1a316c5d1_777c57311d510ca65dac3c1077dee435fc0.jpg?1785668921,Platinum,2,1,BRD
Arokh Belmont,11857777,263,260,Lich,Light,0,0,30aecf92630f3cecec4e116666981198_7206469080400ed57a5373d0a9c55c59fc0.jpg?1785670447,Platinum,62,6,DRK
Rinne Arryn,28659392,264,231,Lich,Light,0,0,ccaa6881b10221d6509a436bc761d3c5_7206469080400ed57a5373d0a9c55c59fc0.jpg?1785670278,Platinum,46,0,UNK
Kurumi Asakura,34561424,265,0,Twintania,Light,0,0,8be0ddf7f3cdcf9face3329ba58a1cc8_c33f640c0cdd35f7def85b8aa31a0007fc0.jpg?1785667782,Platinum,43,14,MCH
Bigbread Crumbs,61687913,266,233,Zodiark,Light,0,0,77161e6a73b6cf1a75740a7d942ac7ad_c274370774c6bc3483cc8740805f41bcfc0.jpg?1785667659,Platinum,35,0,UNK
Runa Hirose,42276879,267,289,Spriggan,Chaos,0,0,82f21bb31b18b6f717ac0c5ec6d93de1_feaf0a2e88ff164813fbc9b85876fa48fc0.jpg?1785667482,Platinum,27,9,DRG
Ulysses Akechi,5483508,268,235,Shiva,Light,0,0,9b935972d4c7fc3e78e26c36ad341416_3fbff0e6b620e4d259dc427abc6574dafc0.jpg?1785669377,Platinum,18,3,DRG
Vyn Silvair,21908199,269,254,Shiva,Light,0,0,05a4597e1e8ad1e87cfc4aab88be286c_3fbff0e6b620e4d259dc427abc6574dafc0.jpg?1785668595,Platinum,17,3,SMN
Rain Nox,60193350,270,236,Lich,Light,0,0,c063b7c34350713be1ce7beabd8e946e_7206469080400ed57a5373d0a9c55c59fc0.jpg?1785668736,Platinum,12,0,RDM
Daemon Doh'ra,26767946,271,237,Twintania,Light,0,0,06492181a7ceadd34fa55d580e97a909_c33f640c0cdd35f7def85b8aa31a0007fc0.jpg?1785667668,Platinum,11,0,WHM
Dayn Ayawyn,10132044,271,256,Ragnarok,Chaos,0,0,10fbfcbfba7fb1511a29eb04debda8fc_40d57ba713628f3f1ef5ef204b6d76d2fc0.jpg?1785668770,Platinum,11,2,DRG
Damnae Faryan,11563557,273,239,Lich,Light,0,0,40252782d0c0214e28fdc5ecc817dae0_7206469080400ed57a5373d0a9c55c59fc0.jpg?1785670521,Platinum,3,0,RDM
Kitty Purr,35221239,274,241,Zodiark,Light,0,0,5255b02c0e30309529735d2aa66456c5_c274370774c6bc3483cc8740805f41bcfc0.jpg?1785667269,Platinum,2,2,WHM
Blankit Memezan,30259447,275,241,Louisoix,Chaos,0,0,a31367a61ab25517de6c4da4a6f8c225_0a122616f3718d3f45cab10fd8fc1604fc0.jpg?1785667265,Platinum,0,0,AST
Koji Ro',3628712,275,241,Ragnarok,Chaos,0,0,34ebce4c42bd3bcb9248759ce42b4b55_40d57ba713628f3f1ef5ef204b6d76d2fc0.jpg?1785667606,Platinum,0,0,UNK
Ori Boo,42845546,275,241,Alpha,Light,0,0,0acf5364cea4ec5d9f9b29448ec22bda_6132295fcf5570fb8b0a944ef322a598fc0.jpg?1785669791,Platinum,0,0,UNK
Shizuna Kha,34044483,275,0,Sagittarius,Chaos,0,0,6aba21e5b013fb13d6b90ad356453c58_44ca0844398b2d010d8cd4a31ddb023dfc0.jpg?1785667304,Platinum,0,0,NIN
Neddard Bronzal,58358802,279,245,Cerberus,Chaos,0,0,e264c83d09cf8875716ac17d1287ab31_777c57311d510ca65dac3c1077dee435fc0.jpg?1785667829,Gold,102,18,RPR
Freya Highwind,37533969,280,247,Spriggan,Chaos,0,0,de376c51fd21ccbb1018c1c3fb40734b_feaf0a2e88ff164813fbc9b85876fa48fc0.jpg?1785669366,Gold,90,39,RDM
Ryssrael Niunaglwyn,33315027,281,259,Omega,Chaos,0,0,33b521784d0398ac0bb6736f1c6d0a15_39e25ac3d737c46452305eefe324372cfc0.jpg?1785669205,Gold,80,18,MCH
Wilson D'ball,48646138,282,249,Phantom,Chaos,0,0,c7a54b3f5006e7e5afdef2d9e10421ad_f0a43d6e5eea19af337a176e9836acddfc0.jpg?1785670568,Gold,43,10,GNB
Zanaki Shimoku,13934933,282,248,Odin,Light,0,0,8b858b5f040e0a16fb17c23034d051e4_644311b63b607133c989d7c1188467dafc0.jpg?1785667185,Gold,43,2,BRD
Jack Light,52201029,284,0,Raiden,Light,0,0,c269e2e9544dbde41c1060cbfb5517fe_a370664d98f658f4ed4e620f378f73cdfc0.jpg?1785670228,Gold,41,0,UNK
Charon Tesar,2860491,285,249,Shiva,Light,0,0,71fb4ffe6d15608a77682afdbdef53d7_3fbff0e6b620e4d259dc427abc6574dafc0.jpg?1785668018,Gold,40,7,PCT
Bureda Ghodhand,34830019,286,291,Phoenix,Light,0,0,427e0de51bc04bbfa6b0735a822b88dc_5047bc596a4bab2dc7f7c120bb22dec5fc0.jpg?1785667322,Gold,38,24,NIN
Reina Hibiki,11880322,287,252,Odin,Light,0,0,24a12bd68a664065816c9f10a696955c_644311b63b607133c989d7c1188467dafc0.jpg?1785669349,Gold,34,15,MCH
Shin S'kai,21173308,288,251,Omega,Chaos,0,0,8e60f70d6d24f3bfcf57c73372d9836c_39e25ac3d737c46452305eefe324372cfc0.jpg?1785669480,Gold,25,0,SAM
Murami Rami,53497913,289,273,Spriggan,Chaos,0,0,ac8505d7081a771d1d5d288a8bb41cf2_feaf0a2e88ff164813fbc9b85876fa48fc0.jpg?1785667443,Gold,20,3,SGE
Arenne Cine,24108313,290,252,Zodiark,Light,0,0,b2833a2b4e618072a6309f375128e34b_c274370774c6bc3483cc8740805f41bcfc0.jpg?1785669262,Gold,19,0,SAM
Sayri Asumi,5211655,291,267,Shiva,Light,0,0,c55f223c6e05062c8fa5856152540682_3fbff0e6b620e4d259dc427abc6574dafc0.jpg?1785670528,Gold,11,10,MCH
Cara Mella,24729581,292,257,Alpha,Light,0,0,3a4b927e3270b8b19f71653beb22ff8a_6132295fcf5570fb8b0a944ef322a598fc0.jpg?1785668979,Gold,3,0,PLD
Erika Avellana,45153856,293,258,Alpha,Light,0,0,d52954932b2c20e3d303cb8cf101f3eb_6132295fcf5570fb8b0a944ef322a598fc0.jpg?1785667371,Gold,114,2,PCT
Night Siren,46140840,294,285,Alpha,Light,0,0,5b2c854dc9360523ee7fcd5bfee41621_6132295fcf5570fb8b0a944ef322a598fc0.jpg?1785669136,Gold,52,9,GNB
Saku Rozen,1622070,295,0,Odin,Light,0,0,76d32a46909474e4b590ee6476bfabce_644311b63b607133c989d7c1188467dafc0.jpg?1785668286,Gold,25,19,UNK
Medicine Melancholy,25525676,296,0,Raiden,Light,0,0,8a3aaef7e82e665cdb12f15457700593_a370664d98f658f4ed4e620f378f73cdfc0.jpg?1785670379,Gold,21,16,RDM
Nera Hollow,31238652,296,261,Moogle,Chaos,0,0,6e5617df0ecba0976711462e9597a03f_d7a9d5f85a29d6278ec1c7adc2c8d242fc0.jpg?1785670015,Gold,21,9,MCH
Shatter Demon,22010455,298,261,Zodiark,Light,0,0,552384524ddb928e992447c140d7a9a3_c274370774c6bc3483cc8740805f41bcfc0.jpg?1785670257,Gold,17,5,GNB
Bubble Nebula,59834747,299,263,Sagittarius,Chaos,0,0,df2ae90ea247ab18117d32d9808317e8_44ca0844398b2d010d8cd4a31ddb023dfc0.jpg?1785670691,Gold,6,0,PLD
Lyoh Elidiel,13379608,299,263,Spriggan,Chaos,0,0,cda717c09e558b9f86bc9bd43bd211e7_feaf0a2e88ff164813fbc9b85876fa48fc0.jpg?1785669065,Gold,6,0,VPR
Ciel Cocco,27192023,1,5,Anima,Mana,2086,584,05df3829299dc9e3c4ba0bceb512525a_2f698530a28d671d20278c8518c804c9fc0.jpg?1785669065,Omega,72,19,RPR
Sorin Maki,53900927,2,1,Durandal,Gaia,2055,101,b0d4570e39585eb6b5ba7458ff8781a7_806ea5b45071d5cd6bf393e38462ee71fc0.jpg?1785669761,Omega,84,4,NIN
Makina Belg,23683223,3,2,Belias,Meteor,2037,127,ffed281791b6f91e5a2000e4917cfeeb_894c4bd0beab2e2beb44b74f4c4bd206fc0.jpg?1785670334,Omega,94,18,MNK
Kappi Scarlet,11922639,4,7,Asura,Mana,1754,273,820f32c739a02029fdacf6c96cbf1fa4_53f1445a9f28799a32ea55f046319fc3fc0.jpg?1785670262,Crystal,47,10,RPR
Bakeke Bake,40527195,5,3,Asura,Mana,1720,0,2df47416611081755cf9e0cd7c586afa_53f1445a9f28799a32ea55f046319fc3fc0.jpg?1785670718,Crystal,70,1,MCH
Rya Myosotisy,44244496,6,4,Asura,Mana,1698,0,d39af5863481d80b66f4fe05bf80d003_53f1445a9f28799a32ea55f046319fc3fc0.jpg?1785669832,Crystal,37,0,DRK
Sensei Jyutusi,20995129,7,8,Chocobo,Mana,1676,195,218ddf1e9e095da9f0b9d5866f9f2d80_781d6b3603312f6be41670afa37282e0fc0.jpg?1785669905,Crystal,37,9,WHM
Kawlo Wilhelm,53079906,8,80,Ixion,Mana,1610,1110,c9dcb47fbd9f0b8b6bf1b3ac91b2e802_7126768d768f6c6c7fed3eaee98c3a8afc0.jpg?1785670688,Crystal,28,24,UNK
Vivi Ann,4766157,9,12,Kujata,Elemental,1589,285,9543e197b2faf03aa21058f9deedc408_72c48f093f2278ac3243962d3eb6a8d7fc0.jpg?1785667689,Crystal,46,4,AST
Jay Eins,3930926,10,6,Chocobo,Mana,1494,0,31d212c5602873cad51c02ca3a1707f4_781d6b3603312f6be41670afa37282e0fc0.jpg?1785669893,Crystal,51,0,MNK
Paker Zuka,35106373,11,16,Bahamut,Gaia,1469,379,1dfba22310e23cd21bd3a7481bf928e1_86da943caa70c8694707ab2ff74e68c9fc0.jpg?1785670422,Crystal,48,16,UNK
Death-by Glamour,50007656,12,9,Fenrir,Gaia,1465,0,73746aab8b21d5917fab43f4db6f35aa_d384cf5ad7db803f29799f36ebbc3eadfc0.jpg?1785668475,Crystal,36,4,UNK
San Sowa,35604125,13,10,Ridill,Gaia,1379,0,c5fbf3709fd6b4c8fba74f67e0820609_138751880f18161a907d7cf0faa43f07fc0.jpg?1785668725,Crystal,55,13,UNK
Piccolo Saaaaann,23336998,14,11,Asura,Mana,1314,0,efa27fc6ea5fa0a09f429159c3346a0f_53f1445a9f28799a32ea55f046319fc3fc0.jpg?1785668786,Crystal,36,2,SAM
Emil Sarasun,7191072,15,0,Asura,Mana,1291,0,052a2527c0dee23533f8162c40d66898_53f1445a9f28799a32ea55f046319fc3fc0.jpg?1785668450,Crystal,25,0,PLD
Karma Strife,3816037,16,13,Chocobo,Mana,1223,0,7a25293b17ff84c0c64a519d1fc09720_781d6b3603312f6be41670afa37282e0fc0.jpg?1785669802,Crystal,53,2,SMN
Fania Eckert,2837251,17,18,Titan,Mana,1216,199,7177d6fdd5036eebc72834f8376cd1cf_e2bb3f9679fec6d4836fcf8abcc3eeacfc0.jpg?1785669178,Crystal,57,24,PCT
Ml Tei,47822875,18,14,Alexander,Gaia,1200,0,259bd72e639c252e3e6ab819661c07a6_b7a71d8799cf6dd75b711a7f52de6675fc0.jpg?1785667691,Crystal,13,0,DRG
Noin Kurial,23981966,19,35,Asura,Mana,1191,392,83830f722858537d3bbdd6afabacaa3d_53f1445a9f28799a32ea55f046319fc3fc0.jpg?1785667703,Crystal,38,8,PLD
Imlink Rr,46726473,20,56,Bahamut,Gaia,1101,498,6c9ffcd32b7d78e8b7e09c63d130ef2a_86da943caa70c8694707ab2ff74e68c9fc0.jpg?1785667310,Crystal,53,33,MCH
Unchou Kan,1575311,21,20,Aegis,Elemental,1096,97,43eef415e4c92f6ff93b1d4dae6b7ab8_3ea38e723c590aabf186367e1eb7e6a1fc0.jpg?1785669905,Crystal,14,1,GNB
Aizen Sosuke,46625154,22,24,Asura,Mana,1095,190,084fe9c7ee753ba32657d9e49b4edde5_53f1445a9f28799a32ea55f046319fc3fc0.jpg?1785669240,Crystal,30,9,UNK
Hina Narumi,36489169,23,15,Masamune,Mana,1091,0,b92b3bffbe6d8e1f5f53a1f3735c1387_134930215abb8a90ec37d6cc05b05e08fc0.jpg?1785667736,Crystal,18,2,MNK
Aries San,12460047,24,17,Tiamat,Gaia,1084,0,00a39e6a3c0cb6e9529ffdf15a10dadb_9f10d335198e90990f3437c5733468e7fc0.jpg?1785667885,Crystal,25,0,RPR
Raiden Thorne,60267443,25,19,Tiamat,Gaia,1001,0,d973da1a88fef8b53bb1c5cad4ee7a1f_9f10d335198e90990f3437c5733468e7fc0.jpg?1785667824,Crystal,33,0,MNK
Lhei Tayun,55776060,26,47,Chocobo,Mana,998,298,d1e1c509f0fac227ceada972ddb424d4_781d6b3603312f6be41670afa37282e0fc0.jpg?1785668034,Crystal,14,3,BLM
Bikkuri Donkey,59256942,27,21,Belias,Meteor,997,0,96f62f47670d9d1c85e1a464d6f4da65_894c4bd0beab2e2beb44b74f4c4bd206fc0.jpg?1785670306,Crystal,13,1,BLM
Shinra Arasaka,24734269,28,22,Tiamat,Gaia,991,0,2d735fa31b5cfcc7eabaae1839d0b731_9f10d335198e90990f3437c5733468e7fc0.jpg?1785667196,Crystal,17,0,WAR
Ciao' Chu-ru,46227731,29,278,Asura,Mana,978,878,4407462a62eb8cb31cec691e9f214c86_53f1445a9f28799a32ea55f046319fc3fc0.jpg?1785669725,Crystal,34,33,UNK
Rip Rill,726210,30,23,Gungnir,Elemental,923,0,1ed2cf8fd8dc78c1ec061d9bb9c45462_8f82f937943b6baf4c565020d5eba0ccfc0.jpg?1785667932,Crystal,38,7,WHM
Lycoris Read,35000546,31,116,Garuda,Elemental,905,905,01b7ec3219b5992bd6418e7f58d96f03_fcb1f5b0249d1069e5bdc66d0796f26afc0.jpg?1785668563,Crystal,49,29,MCH
Nemu Nenemu,58833619,32,229,Anima,Mana,902,802,4cdac6083f665767750f3c7804d18a24_2f698530a28d671d20278c8518c804c9fc0.jpg?1785670444,Crystal,63,18,RDM
Chiaki Nanami,43953309,33,0,Titan,Mana,897,0,82751b490967f6572406e72b39592925_e2bb3f9679fec6d4836fcf8abcc3eeacfc0.jpg?1785670402,Crystal,9,0,VPR
Deisia Touna,31397456,34,38,Mandragora,Meteor,896,101,f9bdcbbd105a361017ee7dd26bde2ea6_ee738654add55c3d07ea92d8e108074cfc0.jpg?1785670122,Crystal,11,1,WHM
Kuno Cadenzavnaeve,42178142,35,25,Ifrit,Gaia,895,0,85baa25ca299e93ef56226f40814f03b_f9f796348bc43067c7242ec4551cde69fc0.jpg?1785668484,Crystal,39,0,WAR
Fuki Non,51302585,36,26,Titan,Mana,895,0,99d46e5dfaf54e3a630e700cbd41968b_e2bb3f9679fec6d4836fcf8abcc3eeacfc0.jpg?1785669257,Crystal,14,0,WHM
Coffee Mint,29415966,37,27,Titan,Mana,894,0,e5a147803c62c81952bc0c786dcfc3cb_e2bb3f9679fec6d4836fcf8abcc3eeacfc0.jpg?1785668741,Crystal,129,21,SMN
Jaeger Lecoultre,12503010,38,0,Carbuncle,Elemental,894,0,18c881fcad647894e4d32c9bf33662e3_9eb3c19866f7ae0eeeffac7bf770aba5fc0.jpg?1785670216,Crystal,9,0,WAR
Sha Moji,19121169,39,28,Carbuncle,Elemental,893,0,eb82915777eea0c952b2885bf59641d9_9eb3c19866f7ae0eeeffac7bf770aba5fc0.jpg?1785670094,Crystal,24,6,MCH
Aruku Babyun,7383311,40,234,Unicorn,Meteor,891,791,c2fa4e98c1f4638d053218fa4c127b4c_393eb74047bb90c8d80dea54218430eefc0.jpg?1785668707,Crystal,43,11,DRK
Tsuchi Tsuki,39089046,41,39,Bahamut,Gaia,891,99,032858264c706c6341f57dbef9e86da1_86da943caa70c8694707ab2ff74e68c9fc0.jpg?1785670125,Crystal,10,2,DRK
Rebecca Miyamoto,1030969,42,0,Masamune,Mana,886,886,256a66f24613cb496dae31eb2270d226_134930215abb8a90ec37d6cc05b05e08fc0.jpg?1785670358,Crystal,36,22,MCH
Ajika Rajika,6811285,43,29,Tiamat,Gaia,830,0,97621d00c96124d00a3c01cec2dde5f8_9f10d335198e90990f3437c5733468e7fc0.jpg?1785670090,Crystal,35,0,UNK
Basuta Kirito,31797927,44,31,Carbuncle,Elemental,815,9,22b32c1986bb9c2732e5f877f7cbdbd6_9eb3c19866f7ae0eeeffac7bf770aba5fc0.jpg?1785669841,Crystal,22,10,VPR
Atsu Bow,47953241,45,30,Mandragora,Meteor,813,0,a397b9893231105b4549ed9a8721c60a_ee738654add55c3d07ea92d8e108074cfc0.jpg?1785670708,Crystal,83,16,DRG
Rex Cold,46340519,46,43,Bahamut,Gaia,806,101,5a590acfa6bbe6cddd1eb5143c7070f2_86da943caa70c8694707ab2ff74e68c9fc0.jpg?1785668279,Crystal,30,11,UNK
Aman Kaharmine,37434311,47,32,Belias,Meteor,804,0,7fa9aa672753e286a5710cf338755727_894c4bd0beab2e2beb44b74f4c4bd206fc0.jpg?1785670087,Crystal,48,6,UNK
Sukoya Mihirogi,42042279,48,58,Anima,Mana,803,202,58dacb01c0c75e38125f892840beb026_2f698530a28d671d20278c8518c804c9fc0.jpg?1785670066,Crystal,17,3,NIN
Flame Lieutenant,27336347,49,33,Carbuncle,Elemental,802,0,d0817be17ae2ce45486a2e26ae5d06d6_9eb3c19866f7ae0eeeffac7bf770aba5fc0.jpg?1785668736,Crystal,30,0,AST
Kageto Magatsuki,36052369,50,34,Ultima,Gaia,800,0,c99eebd98f0729313042324985a6fc9a_9df1b3cb0da35db33c17ef11ddf12adafc0.jpg?1785669364,Crystal,16,0,VPR
Roric Thorne,59323169,51,36,Pandaemonium,Mana,798,0,4ff669632484c5fdf241ea2b9f955435_470db1bf2e865f9130531fea40b61ee4fc0.jpg?1785670120,Crystal,10,0,DRK
Yu Haru,31526046,52,263,Hades,Mana,797,697,d1d463d935a459f76da24079cf48b932_a4730651230dd43cb129562a30d531aefc0.jpg?1785669177,Crystal,25,11,UNK
Zsika Mu',18898369,53,37,Ridill,Gaia,797,0,ed7f8569bf4537dfd9f2ea953ad59e8a_138751880f18161a907d7cf0faa43f07fc0.jpg?1785670014,Crystal,14,0,UNK
Hatozo Ito,39455624,54,106,Typhon,Elemental,796,399,a2de1cbebb1230e8f11f0fa765df7d0f_32d8c9c7cd5f62d62da2d31b6750a680fc0.jpg?1785667845,Crystal,8,4,WAR
Zwei Kreuz,14516450,55,65,Bahamut,Gaia,795,199,367ea315b18ce50bb6f34a9ea77f3222_86da943caa70c8694707ab2ff74e68c9fc0.jpg?1785668465,Crystal,11,4,UNK
Lupinus Lily,33777966,56,136,Ultima,Gaia,790,490,6f019b443ab48375b1bcc5e5aa0debf9_9df1b3cb0da35db33c17ef11ddf12adafc0.jpg?1785669025,Crystal,25,15,GNB
Rariboy Xx,4660025,57,40,Garuda,Elemental,785,0,80b036f210d47467413b630ce1537551_fcb1f5b0249d1069e5bdc66d0796f26afc0.jpg?1785668469,Crystal,11,0,MCH
Zero Nox,2468417,58,41,Alexander,Gaia,785,0,d402005d8e26ea9d6b72ff80a5a60b9e_b7a71d8799cf6dd75b711a7f52de6675fc0.jpg?1785670137,Crystal,7,0,BRD
Lil Latte,55025559,59,42,Anima,Mana,782,0,2d01c7e9c74b9faebdd6d9ece7c9eb4a_2f698530a28d671d20278c8518c804c9fc0.jpg?1785668555,Crystal,101,0,UNK
Comachi Dj,13425678,60,245,Hades,Mana,712,612,4983bf5b31ed2764865b5fd4a01a64a5_a4730651230dd43cb129562a30d531aefc0.jpg?1785670516,Crystal,35,10,NIN
Notttz Imbrium,50270248,61,89,Titan,Mana,707,301,58a87ecc9a18820b07646a481a8154a4_e2bb3f9679fec6d4836fcf8abcc3eeacfc0.jpg?1785670320,Crystal,25,4,RPR
Akatuki Re,22410327,62,170,Carbuncle,Elemental,704,501,b3e601fbc493d7bc642faec11f3c05fb_9eb3c19866f7ae0eeeffac7bf770aba5fc0.jpg?1785670346,Crystal,7,6,RDM
Shara Mura,40394634,63,254,Garuda,Elemental,703,603,00ee76cc1f13c8d3891aee16b0a97d91_fcb1f5b0249d1069e5bdc66d0796f26afc0.jpg?1785667609,Crystal,30,10,RDM
Yuki Macaron-vanille,37997737,64,0,Ridill,Gaia,701,0,87df14febf49ad8a24a323b239fb3250_138751880f18161a907d7cf0faa43f07fc0.jpg?1785667215,Crystal,21,0,RDM
Sead Slendisch,27788989,65,44,Asura,Mana,701,0,c9bd1276c77cf644ce955ce68575aa37_53f1445a9f28799a32ea55f046319fc3fc0.jpg?1785667840,Crystal,18,2,SCH
Uta Tubame,12421333,66,71,Zeromus,Meteor,701,197,4c1c1810ab77c61696ca66b0716fd309_c76848359d0b4d2f37aefbb9903ed97bfc0.jpg?1785670525,Crystal,17,5,PCT
Wuruwuru Yaya,19903532,67,44,Asura,Mana,701,0,c4dcc6326814217e41a2636e5dd8eea3_53f1445a9f28799a32ea55f046319fc3fc0.jpg?1785667399,Crystal,16,0,NIN
Yuki Yui,25457703,68,46,Ultima,Gaia,700,0,53e27d2153b5d4878ef23b1326589ff5_9df1b3cb0da35db33c17ef11ddf12adafc0.jpg?1785670350,Crystal,41,16,PCT
Mao Caprice,32793338,69,48,Titan,Mana,699,0,101c8c73de660221dc8ad95fafa4ad3c_e2bb3f9679fec6d4836fcf8abcc3eeacfc0.jpg?1785669402,Crystal,37,10,MNK
Mitui Aset,29908583,70,131,Zeromus,Meteor,698,397,03c5c419a0ed40508b02b7656c3bc1e1_c76848359d0b4d2f37aefbb9903ed97bfc0.jpg?1785669411,Crystal,53,11,NIN
Dodopita Pittan,3558680,71,61,Tiamat,Gaia,696,99,0c4178029dae08c0fcbe267d46034e76_9f10d335198e90990f3437c5733468e7fc0.jpg?1785669897,Crystal,22,1,MNK
Dome Violet,45179152,72,109,Masamune,Mana,695,299,a95c15ebd393e5497d6641d375ec02b1_134930215abb8a90ec37d6cc05b05e08fc0.jpg?1785669358,Crystal,24,10,BRD
Hattori Kaze,57332259,73,49,Alexander,Gaia,695,0,2ec48d7f5caadae4f62dc2d1cdc75610_b7a71d8799cf6dd75b711a7f52de6675fc0.jpg?1785669904,Crystal,12,0,UNK
Yurugi Koyurugi,29769522,74,50,Belias,Meteor,695,0,ce65dfc48d522a7a126208d94cdc2852_894c4bd0beab2e2beb44b74f4c4bd206fc0.jpg?1785667201,Crystal,11,0,WAR
Yuki Amamiya,31666386,75,51,Asura,Mana,694,0,be0f5c48cd51ee52ae9fb5fbd908b45a_53f1445a9f28799a32ea55f046319fc3fc0.jpg?1785668465,Crystal,75,1,SGE
Sakura Nemutai,55109399,76,175,Titan,Mana,693,492,efa9ef6672998c8a9c860e5e104d6b3e_e2bb3f9679fec6d4836fcf8abcc3eeacfc0.jpg?1785667920,Crystal,33,13,SGE
Saibi Wasabi,59415917,77,60,Garuda,Elemental,693,93,019ca60037f45abcd6d16fb450204162_fcb1f5b0249d1069e5bdc66d0796f26afc0.jpg?1785668899,Crystal,22,5,MCH
Lon Ron,18022042,78,138,Ixion,Mana,693,393,6f6a04c69339b65f6603faea5df0b1a6_7126768d768f6c6c7fed3eaee98c3a8afc0.jpg?1785669371,Crystal,19,13,BRD
Kuros Mu,61049213,79,52,Pandaemonium,Mana,691,0,9e807a625f663b98bc3f5699b41c95e5_470db1bf2e865f9130531fea40b61ee4fc0.jpg?1785670474,Crystal,9,0,UNK
Creya Oaks,20662074,80,53,Tonberry,Elemental,690,0,0fb57385ff1c90e3ea26edc53722b78c_7bb6b1e488f0e4f01c5314d010b60f31fc0.jpg?1785669039,Crystal,24,0,BRD
Hateful Past,26237856,81,54,Asura,Mana,688,0,ed0c8f5d7b00b4c718fd834e96efdd7e_53f1445a9f28799a32ea55f046319fc3fc0.jpg?1785669209,Crystal,11,0,WAR
Lan Dame-celot,31839759,82,55,Ifrit,Gaia,681,0,c278e5b98fa396fbc950aeafdb5aaee8_f9f796348bc43067c7242ec4551cde69fc0.jpg?1785668450,Crystal,13,1,WAR
Naku Cha,51398763,83,69,Zeromus,Meteor,618,101,d1f355424cec05811e0f15dc0a707de5_c76848359d0b4d2f37aefbb9903ed97bfc0.jpg?1785668770,Crystal,10,1,WAR
Noir Eclair,2642862,84,57,Ultima,Gaia,602,0,18e63e62d7219f7b588f8c22739fa1ff_9df1b3cb0da35db33c17ef11ddf12adafc0.jpg?1785667145,Crystal,34,0,DRK
Lain Wired,1578110,85,77,Chocobo,Mana,601,101,51b29015827612eb3c28c2c8dd0f43ef_781d6b3603312f6be41670afa37282e0fc0.jpg?1785669840,Crystal,25,4,SGE
Tige Noir,13429005,86,0,Ridill,Gaia,601,0,92cf71f8edc971b0656a49db62280b09_138751880f18161a907d7cf0faa43f07fc0.jpg?1785668160,Crystal,11,0,DNC
Kirakira Akira,55531034,87,124,Typhon,Elemental,601,296,5934f798f998575286709c767ba05f59_32d8c9c7cd5f62d62da2d31b6750a680fc0.jpg?1785668887,Crystal,8,4,BRD
Zumu Elect,11364414,88,59,Shinryu,Meteor,600,0,bd0b65a51fad6bef1e3c413041784da0_87b7d447f40b06dfc7228caf195f7dcffc0.jpg?1785670149,Crystal,27,0,VPR
Inx Chrono,21920611,89,97,Yojimbo,Meteor,599,198,83c01df24231dda93176c28e69768459_4a92c619bde4f34cfa77e05fef21ad85fc0.jpg?1785667317,Crystal,24,3,BLM
Lazulim Langheim,1644495,90,62,Ultima,Gaia,597,0,997660bb7160cf32fb6806926222d151_9df1b3cb0da35db33c17ef11ddf12adafc0.jpg?1785670690,Crystal,5,0,PCT
Pero Noir,27109057,90,62,Ultima,Gaia,597,0,889b0b13f93f702d3df91ec97e272102_9df1b3cb0da35db33c17ef11ddf12adafc0.jpg?1785670126,Crystal,5,0,PCT
Cait Sith,1574936,92,64,Tiamat,Gaia,596,0,fc4156170aa1fca8004a80238705e5cf_9f10d335198e90990f3437c5733468e7fc0.jpg?1785668795,Crystal,30,0,WAR
Velvet Shilky,15655369,93,254,Anima,Mana,593,493,988a0ec11e3b6bbbfc5478b0eab4b03f_2f698530a28d671d20278c8518c804c9fc0.jpg?1785667655,Crystal,29,9,PCT
Snow Albarn,25263326,94,162,Fenrir,Gaia,587,293,fa179c06d46acce251bb94d22a05e931_d384cf5ad7db803f29799f36ebbc3eadfc0.jpg?1785670097,Crystal,24,4,PCT
Fuuga Reinfeldt,29495648,95,66,Unicorn,Meteor,583,0,4441cdfb6f60085397a6647656e86646_393eb74047bb90c8d80dea54218430eefc0.jpg?1785670513,Crystal,16,0,WAR
Zana'tan Stratos,7600570,96,67,Shinryu,Meteor,582,0,e3525c189345468c5a9b4b37cf4fcd3e_87b7d447f40b06dfc7228caf195f7dcffc0.jpg?1785667162,Crystal,6,0,WHM
Meilkea Inori,40934425,97,68,Aegis,Elemental,522,0,4c256b756b0f4f43b209ec71728dc0e2_3ea38e723c590aabf186367e1eb7e6a1fc0.jpg?1785670331,Crystal,66,16,UNK
Stardust Emilia,25988007,98,70,Hades,Mana,504,0,b805b54635a07b2d9710df33b9a946aa_a4730651230dd43cb129562a30d531aefc0.jpg?1785670213,Crystal,37,8,UNK
Mialu Ebisuki,46975926,99,72,Masamune,Mana,504,0,1d423fc6e7ae66c277f02b6bd29f5f15_134930215abb8a90ec37d6cc05b05e08fc0.jpg?1785670716,Crystal,11,0,MNK
Endless Summer,36558820,100,86,Tiamat,Gaia,503,10,0079a66433e68b1f473c7487944a4d3d_9f10d335198e90990f3437c5733468e7fc0.jpg?1785668753,Crystal,56,15,PCT
Chisato Laetitia,56099994,101,208,Bahamut,Gaia,503,305,1ba731eb7e63c6a087133132bbb51418_86da943caa70c8694707ab2ff74e68c9fc0.jpg?1785668002,Crystal,18,17,UNK
Laviera Rose,60788095,102,73,Masamune,Mana,503,0,137281dbfd05a8698e1b5b46cb1d6d03_134930215abb8a90ec37d6cc05b05e08fc0.jpg?1785670682,Crystal,5,0,DRK
Zero Vanettius,31180421,103,0,Tonberry,Elemental,502,502,dcc2410aaf3a239966f3c0881c2419fc_7bb6b1e488f0e4f01c5314d010b60f31fc0.jpg?1785668550,Crystal,72,26,SMN
Strawberry Hat,57505676,104,219,Tonberry,Elemental,502,400,5afb62c4e97465a42baa4dea913380fd_7bb6b1e488f0e4f01c5314d010b60f31fc0.jpg?1785667978,Crystal,58,6,PCT
Nov Noa,56271994,105,102,Tiamat,Gaia,502,104,0711a53e252756264a473f2b53d53cad_9f10d335198e90990f3437c5733468e7fc0.jpg?1785667627,Crystal,13,1,SCH
Konegai Konegai,3277232,106,204,Masamune,Mana,502,303,3a445dba3d4d2882c60b55a59669971b_134930215abb8a90ec37d6cc05b05e08fc0.jpg?1785669416,Crystal,11,10,BLM
Suteiki Niku,21443132,107,74,Ixion,Mana,501,0,2f186f805d4bb29abd9458d61593b81a_7126768d768f6c6c7fed3eaee98c3a8afc0.jpg?1785667962,Crystal,65,5,BLM
Rekey Lazuline,7660930,108,75,Anima,Mana,501,0,a0f0f483db663160f06e9bfb698a808d_2f698530a28d671d20278c8518c804c9fc0.jpg?1785670548,Crystal,20,0,PCT
Melvien Granier,15127168,109,81,Mandragora,Meteor,501,304,f8b276b7da694e66d7a8c0e702a77495_ee738654add55c3d07ea92d8e108074cfc0.jpg?1785670632,Crystal,19,11,DRG
Nanna Shamash,29824400,110,76,Unicorn,Meteor,501,0,480461b43403f674360bd1de18eef8ba_393eb74047bb90c8d80dea54218430eefc0.jpg?1785670627,Crystal,7,0,SGE
Rocca Eins,9996577,111,78,Ramuh,Meteor,500,0,3514d83d3edfa016528f0983c2dd39f2_410ddb5a66a2fcacf538bec5ea5d0291fc0.jpg?1785668356,Crystal,16,0,AST
Hoshikuz Siina,1173407,112,154,Tiamat,Gaia,500,202,f966bf2277aea0b0af7b96dbbca7abc1_9f10d335198e90990f3437c5733468e7fc0.jpg?1785670077,Crystal,12,9,SAM
Hisui Yakumo,32307151,113,79,Anima,Mana,500,0,a17a433489499f7247bcab0b749c1710_2f698530a28d671d20278c8518c804c9fc0.jpg?1785668404,Crystal,10,0,MCH
Shion Amber,26147773,114,0,Unicorn,Meteor,500,0,e2ecf01d14ce449e8393bc3f5dfc57f4_393eb74047bb90c8d80dea54218430eefc0.jpg?1785670051,Crystal,6,0,AST
Oriental Art,1070191,115,83,Chocobo,Mana,499,0,d31830cb71830b425529f231f39e776b_781d6b3603312f6be41670afa37282e0fc0.jpg?1785668559,Crystal,35,19,SGE
Lalala Lalaa,42488617,116,81,Garuda,Elemental,499,0,304385d0c9b61a485f766a1c92c09f29_fcb1f5b0249d1069e5bdc66d0796f26afc0.jpg?1785667684,Crystal,25,5,UNK
Kotori Angel,11433233,117,114,Alexander,Gaia,498,104,249a60efd4f3f03c25a40a0c3c35d33f_b7a71d8799cf6dd75b711a7f52de6675fc0.jpg?1785667628,Crystal,20,11,DRG
Lazuli Wing,40955023,118,0,Asura,Mana,498,0,9a25b0d5f7c6a97caeb2e0047aaeded8_53f1445a9f28799a32ea55f046319fc3fc0.jpg?1785669835,Crystal,5,0,UNK
Black' Cat,27132360,119,0,Ifrit,Gaia,498,0,25f0dd65be1cf71e9e26e0bcc0dc271f_f9f796348bc43067c7242ec4551cde69fc0.jpg?1785670385,Crystal,4,0,PLD
Raiu Raneford,27730776,120,84,Masamune,Mana,497,0,94fa93c1c55d52ae764c88b6b3ae2bf5_134930215abb8a90ec37d6cc05b05e08fc0.jpg?1785669766,Crystal,44,13,SMN
Mame Poporu,22836070,121,85,Ixion,Mana,497,0,a886d90317b0e4205db7046757e57e53_7126768d768f6c6c7fed3eaee98c3a8afc0.jpg?1785669484,Crystal,6,0,WAR
Tamago Crab,1576417,122,107,Chocobo,Mana,495,98,0bce11216fe6e4e1cecfe7c969a1460f_781d6b3603312f6be41670afa37282e0fc0.jpg?1785667731,Crystal,4,1,SMN
Tarex Youva,26374295,123,126,Tonberry,Elemental,492,189,7dad78de32b2e7e31077d03f095a81ac_7bb6b1e488f0e4f01c5314d010b60f31fc0.jpg?1785670657,Crystal,42,12,PLD
Akki Noc,2298162,124,0,Alexander,Gaia,489,0,4a145f36c7316e0d32845d32af5e92bd_b7a71d8799cf6dd75b711a7f52de6675fc0.jpg?1785670427,Crystal,9,0,SGE
Monica Bryant,34559458,125,119,Garuda,Elemental,488,100,40cd2c4ca4c17623d5c27dfb19831017_fcb1f5b0249d1069e5bdc66d0796f26afc0.jpg?1785667458,Crystal,68,9,WHM
Splitz Allure,11250991,126,121,Tonberry,Elemental,485,99,5df739fcece56728f620a7cd5b05392e_7bb6b1e488f0e4f01c5314d010b60f31fc0.jpg?1785669384,Crystal,8,1,PLD
Nao Fu,41247403,127,87,Shinryu,Meteor,412,0,cfc231e11fac22b1fb8d9d27cee48586_87b7d447f40b06dfc7228caf195f7dcffc0.jpg?1785670382,Crystal,11,4,AST
Lufefe Lufe,8829146,128,88,Mandragora,Meteor,407,0,91e252cc1edf40cc72e7912c50fbfde7_ee738654add55c3d07ea92d8e108074cfc0.jpg?1785670414,Crystal,24,4,DNC
Teka Etoile,25627481,129,90,Durandal,Gaia,406,0,20c4e02c3b7c11c6ceb68582c409ceb9_806ea5b45071d5cd6bf393e38462ee71fc0.jpg?1785669844,Crystal,25,14,WAR
God Moai,4474924,130,91,Atomos,Elemental,404,0,05f6a7a1f7ee2f6b156d711777e8411f_cf768a751b1f5e355c2fd39a9ed91f3ffc0.jpg?1785670031,Crystal,8,0,SAM
Shiman Chu,38475144,131,94,Yojimbo,Meteor,403,0,4cb93a24c937da83418345140d361e9b_4a92c619bde4f34cfa77e05fef21ad85fc0.jpg?1785669028,Crystal,15,11,SAM
Cherry Frappuccino,48257342,132,93,Tiamat,Gaia,403,0,c025aeb95c405240f96f361c7451b90a_9f10d335198e90990f3437c5733468e7fc0.jpg?1785669615,Crystal,14,7,SAM
Tiger Rutata,23825437,133,92,Asura,Mana,403,0,a69a7fd0c20bbbd51ddf7cc27af7921e_53f1445a9f28799a32ea55f046319fc3fc0.jpg?1785670195,Crystal,10,0,RDM
Fennel Earltea,21886406,134,95,Typhon,Elemental,402,0,4e8f23f97ca17b02271d5d67829e204d_32d8c9c7cd5f62d62da2d31b6750a680fc0.jpg?1785670680,Crystal,42,2,SCH
Kamio Hoshi,51915197,135,96,Gungnir,Elemental,402,0,6b5003e9f40b5f1a448a1ba748afc9e5_8f82f937943b6baf4c565020d5eba0ccfc0.jpg?1785668696,Crystal,37,7,MNK
En Avant,46371551,136,108,Belias,Meteor,402,6,d6c3784f3b06c119ae16dd725e2a2b6e_894c4bd0beab2e2beb44b74f4c4bd206fc0.jpg?1785667283,Crystal,32,9,GNB
Mimi Lilac,34297778,137,98,Chocobo,Mana,402,1,85d714107184fc9726edcd5c95b5aa6e_781d6b3603312f6be41670afa37282e0fc0.jpg?1785670099,Crystal,16,4,UNK
Hal Moonvine,6544837,138,99,Yojimbo,Meteor,401,0,0b051eda0b20b820aec68545891c2ce7_4a92c619bde4f34cfa77e05fef21ad85fc0.jpg?1785667765,Crystal,4,0,MNK
Chi Pom,30745084,139,100,Hades,Mana,400,0,45d248e450c3623965da94fa0aa12a58_a4730651230dd43cb129562a30d531aefc0.jpg?1785668223,Crystal,6,0,DRK
Elisa Wolframite,18964939,140,143,Hades,Mana,399,100,5582934bb6b94d50874d7d241225aa74_a4730651230dd43cb129562a30d531aefc0.jpg?1785670315,Crystal,37,13,NIN
Khelby Trickster,1496735,141,0,Gungnir,Elemental,399,0,fde8b59fda65550661c58e15a9026a06_8f82f937943b6baf4c565020d5eba0ccfc0.jpg?1785668576,Crystal,16,0,WAR
Ui Thrix,39291749,142,101,Chocobo,Mana,399,0,08b70654c7812f561afc700e0756319a_781d6b3603312f6be41670afa37282e0fc0.jpg?1785670218,Crystal,15,0,SCH
Walter Winston,3431710,143,135,Fenrir,Gaia,399,99,bee8390354426d2c1d42d687a0de29d5_d384cf5ad7db803f29799f36ebbc3eadfc0.jpg?1785669939,Crystal,14,3,WAR
Gentleman Vivikazu,387488,144,0,Durandal,Gaia,398,398,13ffee3a79f20a01faf5e0a91bd6c4ac_806ea5b45071d5cd6bf393e38462ee71fc0.jpg?1785670518,Crystal,43,29,MCH
Elfmum Saintrelmaux,47797645,145,146,Alexander,Gaia,398,99,4be3fea60d75388e0a0edd868bfb2eca_b7a71d8799cf6dd75b711a7f52de6675fc0.jpg?1785668985,Crystal,7,1,WAR
Minato Haruka,57459700,146,149,Asura,Mana,398,99,5f7508268722022e26bb9950825f7dea_53f1445a9f28799a32ea55f046319fc3fc0.jpg?1785669251,Crystal,3,1,WAR
Kenafu Helga,19478437,147,183,Kujata,Elemental,397,197,2b6fcf4ad71a2a07c30eec648c59e7fc_72c48f093f2278ac3243962d3eb6a8d7fc0.jpg?1785668088,Crystal,38,11,UNK
Ripa Warrick,44033179,148,103,Fenrir,Gaia,397,0,42a47e1c0e32c9f818021cb7ac8799fc_d384cf5ad7db803f29799f36ebbc3eadfc0.jpg?1785670686,Crystal,15,5,PLD
Juta Bebe,19119522,149,104,Ultima,Gaia,397,0,cb47a4ffd8c28a12a61de0dd25af7752_9df1b3cb0da35db33c17ef11ddf12adafc0.jpg?1785670316,Crystal,13,4,UNK
Mister Alpheratz,34950496,150,0,Ixion,Mana,397,0,fdba356c4be03c92ffecec87e607f037_7126768d768f6c6c7fed3eaee98c3a8afc0.jpg?1785668631,Crystal,12,0,VPR
Bug Cut,48066025,151,105,Alexander,Gaia,397,0,eb099ae5ed67142ac0888bf755079790_b7a71d8799cf6dd75b711a7f52de6675fc0.jpg?1785670555,Crystal,8,0,BRD
Mundane Mann,42589754,152,0,Asura,Mana,396,0,605c543ad4053338807ead77553c263b_53f1445a9f28799a32ea55f046319fc3fc0.jpg?1785668818,Crystal,6,0,PCT
Lina Azeym,40770368,153,110,Shinryu,Meteor,396,0,47824b3a1ec8a3dee12cfc35f97727f3_87b7d447f40b06dfc7228caf195f7dcffc0.jpg?1785668088,Crystal,3,0,UNK
Furanzeska Sumeragi,8414050,154,113,Tonberry,Elemental,395,1,7300d72d23103eb5494b3e21bf99b3b6_7bb6b1e488f0e4f01c5314d010b60f31fc0.jpg?1785668521,Crystal,17,3,MCH
Quina Quale,22357925,155,111,Chocobo,Mana,395,0,8e04161822614b18e307be12f4aecf1e_781d6b3603312f6be41670afa37282e0fc0.jpg?1785668187,Crystal,10,3,DRK
Keith Hazeldine,50116081,156,0,Carbuncle,Elemental,395,0,a47831fd4e9b971cf9742a9afa4782f3_9eb3c19866f7ae0eeeffac7bf770aba5fc0.jpg?1785668361,Crystal,6,0,MNK
Super Gal,52139020,157,112,Bahamut,Gaia,394,0,2a20ce1a576737898f3290324b402cd6_86da943caa70c8694707ab2ff74e68c9fc0.jpg?1785670231,Crystal,87,4,RDM
Rev Raven,8795859,158,234,Masamune,Mana,394,294,abddc6e80b0f6cbbb92006b7baab7d97_134930215abb8a90ec37d6cc05b05e08fc0.jpg?1785668993,Crystal,44,12,UNK
Yatsurugi Yuki,18199374,159,115,Garuda,Elemental,393,0,4cc8ec175ae426ef6383b790378ed083_fcb1f5b0249d1069e5bdc66d0796f26afc0.jpg?1785667484,Crystal,38,15,BLM
Taro North,51784709,160,0,Durandal,Gaia,393,393,651dc89f9a8c4eebbec02f2488686ef7_806ea5b45071d5cd6bf393e38462ee71fc0.jpg?1785667187,Crystal,37,23,RPR
Aran Tyler,47478713,161,118,Zeromus,Meteor,393,0,601da8267e6037e1adc37928f1ab982b_c76848359d0b4d2f37aefbb9903ed97bfc0.jpg?1785667326,Crystal,29,22,WHM
Vir Sanctus,38437893,162,117,Asura,Mana,393,0,e0afc9c178de541c5ba8a1afafa4bb02_53f1445a9f28799a32ea55f046319fc3fc0.jpg?1785668152,Crystal,18,10,MCH
Jin Walker,25662452,163,231,Hades,Mana,392,292,f3ff10f6b027a5423c3b035a420aad0e_a4730651230dd43cb129562a30d531aefc0.jpg?1785667287,Crystal,51,17,PLD
Takesiba Musasino,29225556,164,287,Durandal,Gaia,389,389,5cacf8dd1a9dae9427de92b387913396_806ea5b45071d5cd6bf393e38462ee71fc0.jpg?1785667606,Crystal,49,13,WAR
Revi Kola,39228750,165,184,Ultima,Gaia,389,189,385da10c7487a4af698c3fe738df5488_9df1b3cb0da35db33c17ef11ddf12adafc0.jpg?1785669828,Crystal,36,11,DNC
Rai Ashley,22492099,166,165,Ridill,Gaia,389,97,657a8b330b76d0887673be1e90642143_138751880f18161a907d7cf0faa43f07fc0.jpg?1785669364,Crystal,35,7,SAM
Yan Yan,3182501,167,120,Alexander,Gaia,388,1,5cd079575de2bd01f87a188c93738695_b7a71d8799cf6dd75b711a7f52de6675fc0.jpg?1785670502,Crystal,13,3,NIN
Wabi Suke,1601102,168,145,Asura,Mana,317,18,355b0ae1cb512875c96e88afa06d36a7_53f1445a9f28799a32ea55f046319fc3fc0.jpg?1785667284,Crystal,14,6,NIN
Lucie Blanc,4813641,169,122,Anima,Mana,317,0,9c05760085153887cf9c52f28861be7c_2f698530a28d671d20278c8518c804c9fc0.jpg?1785670576,Crystal,8,0,AST
Zill Eleutheria,29944686,170,238,Bahamut,Gaia,311,211,5bfa3b1f24c51ccdffb53034db0ebae8_86da943caa70c8694707ab2ff74e68c9fc0.jpg?1785667615,Crystal,36,7,AST
Ichigo Jasmine,57027122,171,280,Shinryu,Meteor,310,210,17fae3561e1e77d262d93652dbd0bdc4_87b7d447f40b06dfc7228caf195f7dcffc0.jpg?1785670385,Crystal,8,8,RDM
Lilica Astadir,3503219,172,123,Valefor,Meteor,308,0,5af5f880cbf4a0fb2fc785912a217eae_485f4777c38002871591fb54f27edc65fc0.jpg?1785668080,Crystal,7,0,DRG
Elosie Ue,46030616,173,209,Bahamut,Gaia,305,108,cdd278ec7274c3a04f790d4954079c53_86da943caa70c8694707ab2ff74e68c9fc0.jpg?1785668960,Crystal,33,5,MCH
Patricia Frankene,18106523,174,125,Ultima,Gaia,304,0,c545da9cb222915531dc1fa18623cb41_9df1b3cb0da35db33c17ef11ddf12adafc0.jpg?1785670171,Crystal,20,3,MNK
Holala Vvn,53437527,175,274,Durandal,Gaia,304,0,60894d30cd8e7f556c8f877555a9e623_806ea5b45071d5cd6bf393e38462ee71fc0.jpg?1785670361,Crystal,3,0,UNK
Errer Errant,28706539,176,193,Asura,Mana,304,104,14833bd371ac70e05cffe6a03634bb61_53f1445a9f28799a32ea55f046319fc3fc0.jpg?1785670228,Crystal,2,1,MCH
Aeritte Ravel,41831914,177,195,Carbuncle,Elemental,303,104,56a646fd4b2eb086bf8c9d712567e62f_9eb3c19866f7ae0eeeffac7bf770aba5fc0.jpg?1785668949,Crystal,29,6,WAR
Planet Exploration,30755276,178,127,Ixion,Mana,303,0,b2df099dea56680a53bbc8588e28444f_7126768d768f6c6c7fed3eaee98c3a8afc0.jpg?1785669466,Crystal,11,2,SGE
Lido Lado,2223211,179,128,Tonberry,Elemental,302,0,1dd86a058bfeb2fceaee84ec39d35535_7bb6b1e488f0e4f01c5314d010b60f31fc0.jpg?1785670392,Crystal,31,10,WAR
Nyaruga Kyuruga,4962287,180,226,Atomos,Elemental,302,0,fb555ad539f0f8689a39c65513b388b2_cf768a751b1f5e355c2fd39a9ed91f3ffc0.jpg?1785670253,Crystal,23,0,BLM
Zukasa Yatoh,8768354,181,129,Typhon,Elemental,302,0,4b9242a67c4aa4390facfa8e2028de4b_32d8c9c7cd5f62d62da2d31b6750a680fc0.jpg?1785668709,Crystal,19,0,DRG
Arkius Valoth,41591311,182,130,Kujata,Elemental,302,0,1fea61fd35facbf36657070a68d166f2_72c48f093f2278ac3243962d3eb6a8d7fc0.jpg?1785670617,Crystal,12,0,MCH
Nocturne Midnightblue,55368101,183,0,Asura,Mana,302,0,e9f7726a264875c782e0384932dbf161_53f1445a9f28799a32ea55f046319fc3fc0.jpg?1785667240,Crystal,4,0,PLD
Robs Wiz,47501636,184,136,Aegis,Elemental,301,1,24b0e4e155ae76da2a553003980ac156_3ea38e723c590aabf186367e1eb7e6a1fc0.jpg?1785667462,Crystal,25,15,DRG
Pitty What,32924935,185,132,Durandal,Gaia,301,0,1ca1a6b980542985bc7d7cf818520e1f_806ea5b45071d5cd6bf393e38462ee71fc0.jpg?1785668242,Crystal,20,0,NIN
Wriggle Nightbug,4274881,186,133,Chocobo,Mana,301,0,2ab37dc6168b1af1d1aff8ad35b1df94_781d6b3603312f6be41670afa37282e0fc0.jpg?1785669408,Crystal,16,0,SAM
Pucchin Purin,7354553,187,134,Pandaemonium,Mana,301,0,68d5429c26ec05b2bdfda6492f66dbe0_470db1bf2e865f9130531fea40b61ee4fc0.jpg?1785669933,Crystal,3,0,WAR
Bronze Warrior,33944385,188,148,Alexander,Gaia,300,1,3a8559d847a626b7d8a2760ec13a73b5_b7a71d8799cf6dd75b711a7f52de6675fc0.jpg?1785668081,Crystal,14,10,WAR
Oran Mand,33868814,189,139,Hades,Mana,300,0,a760edcaa98edd421652cb414516acd2_a4730651230dd43cb129562a30d531aefc0.jpg?1785669323,Crystal,3,0,PLD
Douglas Ward,32519646,190,140,Asura,Mana,300,0,5902010d301aa95176126fcdef0dc7c7_53f1445a9f28799a32ea55f046319fc3fc0.jpg?1785668888,Crystal,2,0,RDM
Ririca Rica,22451341,191,142,Valefor,Meteor,299,0,b82d75152d14ebf44db2622ef433b4f4_485f4777c38002871591fb54f27edc65fc0.jpg?1785668497,Crystal,49,11,RPR
Very Loooooooooooong,45433715,192,141,Anima,Mana,299,0,e7afe8b45f41457ea5316dab06e39a5b_2f698530a28d671d20278c8518c804c9fc0.jpg?1785670028,Crystal,47,0,UNK
Wysle Reht,1828472,193,144,Garuda,Elemental,299,0,5cbcf5ffdd71a5125b21ffcfc158e58d_fcb1f5b0249d1069e5bdc66d0796f26afc0.jpg?1785670692,Crystal,19,0,UNK
Xignas Schwalbe,2577287,194,0,Anima,Mana,299,0,726f737868161a35f25fb4e06bccf08e_2f698530a28d671d20278c8518c804c9fc0.jpg?1785667539,Crystal,8,0,WAR
Okome Justice,58734775,195,146,Durandal,Gaia,299,0,3589d26a22faffebd4c39812822aab8a_806ea5b45071d5cd6bf393e38462ee71fc0.jpg?1785667617,Crystal,6,0,NIN
Toh Azima,40158266,196,149,Chocobo,Mana,299,0,13ddd0f5eea018a8b3258b557438ca77_781d6b3603312f6be41670afa37282e0fc0.jpg?1785669349,Crystal,2,0,DRG
Ruru Rururun,41786182,197,151,Ifrit,Gaia,298,0,3fd0ff0d0e58f6a761a54eebd33b7bc6_f9f796348bc43067c7242ec4551cde69fc0.jpg?1785669860,Crystal,30,5,UNK
Genki Sunrise,17856651,198,246,Atomos,Elemental,298,198,b84defd5dc50cc992f4745d230a6cddb_cf768a751b1f5e355c2fd39a9ed91f3ffc0.jpg?1785667852,Crystal,29,5,UNK
Aina The-end,44020286,199,152,Tiamat,Gaia,298,0,5de9f2cc82562b167fe84c1fcb425b92_9f10d335198e90990f3437c5733468e7fc0.jpg?1785670651,Crystal,20,2,VPR
Cey Noqed,56239764,200,153,Anima,Mana,298,0,05a455503c1b9dc0712f50ad519d9d21_2f698530a28d671d20278c8518c804c9fc0.jpg?1785667751,Crystal,14,0,BLM
Rech Leys,13839764,201,155,Asura,Mana,297,0,7bc422589ea337ab644d4bc829ed74bd_53f1445a9f28799a32ea55f046319fc3fc0.jpg?1785668713,Crystal,32,0,UNK
Reina Candy,11073614,202,156,Shinryu,Meteor,297,0,08d2aeb8b4d75dee8963fbcfdee1bc9d_87b7d447f40b06dfc7228caf195f7dcffc0.jpg?1785669606,Crystal,29,0,MCH
Zero No'name,24180515,203,157,Titan,Mana,297,0,3f2ec2a99605ed4d05ef0e5bc0f3b8d4_e2bb3f9679fec6d4836fcf8abcc3eeacfc0.jpg?1785667787,Crystal,16,0,PLD
Yuu San-san,54307183,204,158,Ifrit,Gaia,297,0,994981fbf9e1b2803b813723a4509624_f9f796348bc43067c7242ec4551cde69fc0.jpg?1785669743,Crystal,8,2,SGE
Junon Everlight,17200263,205,159,Ultima,Gaia,297,0,c9853ba0f4943819fd5f003c84f5ddb1_9df1b3cb0da35db33c17ef11ddf12adafc0.jpg?1785667709,Crystal,2,0,DRG
Mikall Nikall,27338323,206,160,Carbuncle,Elemental,296,0,e60a512b2d60c224cfd9c74b6449dffd_9eb3c19866f7ae0eeeffac7bf770aba5fc0.jpg?1785669913,Crystal,15,0,BRD
Jios Quartar,3179754,207,161,Tiamat,Gaia,296,0,e4a3c15118c1258c3c33b152cbada545_9f10d335198e90990f3437c5733468e7fc0.jpg?1785668742,Crystal,10,0,SCH
Chiaki Gypsophila,3224896,208,0,Anima,Mana,295,0,0c1c9b9742117c64cf36776db0d75c97_2f698530a28d671d20278c8518c804c9fc0.jpg?1785669034,Crystal,2,0,RPR
Webley Rehw-setlas,17882657,209,163,Ridill,Gaia,294,0,0a6d6dae107ba471df1b3d81c87b0a89_138751880f18161a907d7cf0faa43f07fc0.jpg?1785667874,Crystal,15,0,UNK
Rinfia Rint,24291060,210,0,Durandal,Gaia,293,97,a0d48d9035ce8cb65db8d80e6f885428_806ea5b45071d5cd6bf393e38462ee71fc0.jpg?1785670100,Crystal,45,4,RDM
Yama Premium,42012398,211,164,Pandaemonium,Mana,293,0,365678fb124f0258a37df891fd0e6355_470db1bf2e865f9130531fea40b61ee4fc0.jpg?1785670268,Crystal,5,1,GNB
Seraki Matsushima,43566777,212,166,Ixion,Mana,289,0,1e4675de3ee8e4d8e053dede59297104_7126768d768f6c6c7fed3eaee98c3a8afc0.jpg?1785669502,Crystal,4,0,PLD
Mila Scarlettt,6352963,213,0,Ifrit,Gaia,284,0,fff29974da6d3c8e0a99a4807e562f53_f9f796348bc43067c7242ec4551cde69fc0.jpg?1785670733,Crystal,5,0,UNK
Blari Taraba,29682913,214,167,Ultima,Gaia,214,0,8715585bf23b1871520e0b6c478fa049_9df1b3cb0da35db33c17ef11ddf12adafc0.jpg?1785668300,Crystal,6,2,MNK
Emotion Creep,49933002,215,168,Gungnir,Elemental,211,0,9fbb59a27d018625f559ed61097d64ab_8f82f937943b6baf4c565020d5eba0ccfc0.jpg?1785670428,Crystal,15,0,PLD
White Lycoris,25503606,216,295,Ixion,Mana,206,206,1fd05d6baab5439d2c33292c473844fe_7126768d768f6c6c7fed3eaee98c3a8afc0.jpg?1785670359,Crystal,53,17,DRG
Mozambique Here,27514804,217,0,Masamune,Mana,204,0,279d13db60cdd9d339d0c85385d703d5_134930215abb8a90ec37d6cc05b05e08fc0.jpg?1785668995,Crystal,1,0,VPR
Firo Sknaht,27296541,218,169,Bahamut,Gaia,203,0,30d62e88cfdd08d4cf3a87b542657d3d_86da943caa70c8694707ab2ff74e68c9fc0.jpg?1785667794,Crystal,9,0,PLD
Ciara Harris,18217850,219,172,Pandaemonium,Mana,202,0,659240736e3ff3d56487b454576fbaf9_470db1bf2e865f9130531fea40b61ee4fc0.jpg?1785670278,Crystal,19,17,PCT
Yunaneko Supira,25194794,220,171,Ultima,Gaia,202,0,c0bc711bf1246d0da5eda5edf888392b_9df1b3cb0da35db33c17ef11ddf12adafc0.jpg?1785668715,Crystal,17,0,UNK
Hakuen Sinonome,10757391,221,172,Asura,Mana,202,0,6660ba18e406e22fbec52d7b8d1ac332_53f1445a9f28799a32ea55f046319fc3fc0.jpg?1785670081,Crystal,2,0,WAR
Sugar Cham,51852133,222,174,Yojimbo,Meteor,202,0,8d4d430b06db96492d9e2982f1b942b8_4a92c619bde4f34cfa77e05fef21ad85fc0.jpg?1785669462,Crystal,1,0,GNB
Kanata Nishiki,51518712,223,0,Ramuh,Meteor,201,201,f9a7a07121c24e16915fde21238b6fcf_410ddb5a66a2fcacf538bec5ea5d0291fc0.jpg?1785669192,Crystal,21,6,WHM
Maverick Romeo,46962375,224,0,Yojimbo,Meteor,201,201,995d47ed9c45fc68cd11f66adc0cd6dd_4a92c619bde4f34cfa77e05fef21ad85fc0.jpg?1785667335,Crystal,17,3,BLM
Fizz Delight,974573,225,179,Durandal,Gaia,201,0,570bafa9a495f048d85ced1742a713e7_806ea5b45071d5cd6bf393e38462ee71fc0.jpg?1785667841,Crystal,16,9,GNB
Poor Soul,37510733,226,176,Bahamut,Gaia,201,0,5c666b6b6ca45452af52f22a48d69eb2_86da943caa70c8694707ab2ff74e68c9fc0.jpg?1785670058,Crystal,10,0,MCH
Roud Mahu,3355785,227,177,Ixion,Mana,201,0,5ec00ff4b6711e2a189db7843e6ec84a_7126768d768f6c6c7fed3eaee98c3a8afc0.jpg?1785667206,Crystal,9,0,SAM
Kanata Suzuumi,11384076,228,178,Mandragora,Meteor,201,0,7fbbd37cfcc7580f4aceda1b74cf0a11_ee738654add55c3d07ea92d8e108074cfc0.jpg?1785670329,Crystal,8,0,MNK
Wolten Rema,17758406,229,0,Yojimbo,Meteor,201,0,7f56f4547e5e3e1528ebc681d9618464_4a92c619bde4f34cfa77e05fef21ad85fc0.jpg?1785669688,Crystal,7,0,PLD
Kuro Nosuke,54408962,230,180,Valefor,Meteor,201,0,40234eee3a97e636df97858b8ba2422a_485f4777c38002871591fb54f27edc65fc0.jpg?1785670246,Crystal,3,0,UNK
Taroe Kobuta,8734523,231,181,Kujata,Elemental,200,0,821347c202f7d7d6b676bd393bcdfdae_72c48f093f2278ac3243962d3eb6a8d7fc0.jpg?1785670555,Crystal,75,23,RPR
Wonton Starlight,27496660,232,226,Chocobo,Mana,200,100,8d6c3f0a6f695cdc94b9234b6c28be22_781d6b3603312f6be41670afa37282e0fc0.jpg?1785668385,Crystal,63,12,BRD
He Ro,57048881,233,182,Ultima,Gaia,200,0,1988e9fc4df817df742388c245715b40_9df1b3cb0da35db33c17ef11ddf12adafc0.jpg?1785670302,Crystal,37,0,UNK
Momikucha Ocojo,51451812,234,0,Ixion,Mana,200,200,52ebf8cad8e1a025e1469ada4534a0f2_7126768d768f6c6c7fed3eaee98c3a8afc0.jpg?1785668407,Crystal,31,6,UNK
Mily Sara,23911809,235,196,Aegis,Elemental,200,1,19086b376708852503d1ac9c2b293b8c_3ea38e723c590aabf186367e1eb7e6a1fc0.jpg?1785668397,Crystal,29,9,SGE
Momochi Thunder,9048595,236,246,Bahamut,Gaia,200,100,3ce0fcc40e818a0d134a6c043d2c09f5_86da943caa70c8694707ab2ff74e68c9fc0.jpg?1785668630,Crystal,25,1,ARM
Ena Lucida,46120110,237,185,Valefor,Meteor,200,0,0d22e7ccb96b881d94b2eaac8c63f55c_485f4777c38002871591fb54f27edc65fc0.jpg?1785668160,Crystal,24,0,UNK
Go Mee,19423327,238,0,Ifrit,Gaia,200,200,a075edbb8331e7e875aae500a9e7a435_f9f796348bc43067c7242ec4551cde69fc0.jpg?1785669035,Crystal,21,7,GNB
Avail Tec,46450631,239,0,Garuda,Elemental,200,200,174c8b1a79d654754078bef6b8c51067_fcb1f5b0249d1069e5bdc66d0796f26afc0.jpg?1785668775,Crystal,19,7,SAM
Shi Syou,5023543,240,0,Atomos,Elemental,200,200,d930c67636980aa5cc10bd814bdc2dbd_cf768a751b1f5e355c2fd39a9ed91f3ffc0.jpg?1785670227,Crystal,16,9,MCH
Gaelle Green,6689086,241,186,Durandal,Gaia,200,0,8fd9b0a2971011504ea89c22ce063dd4_806ea5b45071d5cd6bf393e38462ee71fc0.jpg?1785670557,Crystal,11,0,SMN
Iz Levmel,17594950,242,187,Garuda,Elemental,200,0,9e457ec4068931e92288544db8499aae_fcb1f5b0249d1069e5bdc66d0796f26afc0.jpg?1785669449,Crystal,10,0,PLD
Torime Nico,26400369,243,188,Atomos,Elemental,200,0,dbb2fb17c00b9c7a6e6ca0a65c888ac6_cf768a751b1f5e355c2fd39a9ed91f3ffc0.jpg?1785667413,Crystal,7,0,MIN
Lycan Roar,52059954,244,189,Titan,Mana,200,0,29dea1cc321c3f2275d537c23520e2b8_e2bb3f9679fec6d4836fcf8abcc3eeacfc0.jpg?1785668170,Crystal,6,0,UNK
Coo Yanky,32078480,245,190,Aegis,Elemental,200,0,a8d9117ca1289e0dd2db80714170a84e_3ea38e723c590aabf186367e1eb7e6a1fc0.jpg?1785667764,Crystal,3,0,SAM
Doggy Walk,51068898,245,0,Alexander,Gaia,200,0,78a11dc674d40e2b97b750d0d293849f_b7a71d8799cf6dd75b711a7f52de6675fc0.jpg?1785669113,Crystal,3,0,AST
Ladolce Vita,51159097,245,190,Chocobo,Mana,200,0,74dfc527d7c0ac4ca685e9c565a217ba_781d6b3603312f6be41670afa37282e0fc0.jpg?1785667257,Crystal,3,0,BRD
Kana Drouv,37418772,248,192,Mandragora,Meteor,200,0,556bea70c6c70acf776be4041d191d92_ee738654add55c3d07ea92d8e108074cfc0.jpg?1785670159,Crystal,2,0,NIN
Laru Gucchi,4772544,249,0,Durandal,Gaia,200,0,766e8af080f3aa6e38ee510dee4807b8_806ea5b45071d5cd6bf393e38462ee71fc0.jpg?1785669393,Crystal,1,0,AST
Myomyo Russel,31906659,249,0,Durandal,Gaia,200,0,d38239c5e32915d54a47cbf3dce202dd_806ea5b45071d5cd6bf393e38462ee71fc0.jpg?1785670116,Crystal,1,0,VPR
Yung Yumeno,42855218,249,193,Ramuh,Meteor,200,0,3e07f214aa6acc37939311cb6bdd60f2_410ddb5a66a2fcacf538bec5ea5d0291fc0.jpg?1785667857,Crystal,1,0,UNK
Ren Yagami,2211036,252,0,Alexander,Gaia,199,199,006c10637b502eabcd0682b44d9ed93e_b7a71d8799cf6dd75b711a7f52de6675fc0.jpg?1785668919,Crystal,51,10,AST
Fio Waldstein,15536952,253,233,Chocobo,Mana,199,99,cad62c88f360d5d6d4f48b42b2e493d0_781d6b3603312f6be41670afa37282e0fc0.jpg?1785670303,Crystal,41,8,DRG
Kyass Siki,23041662,254,196,Anima,Mana,199,0,5cdbec81a516edb0b61ee54248f37aaf_2f698530a28d671d20278c8518c804c9fc0.jpg?1785670625,Crystal,22,2,BLM
Metis Tweedia,47503842,255,196,Ultima,Gaia,199,0,973e5ce15468b989d4c867b1c2479d2a_9df1b3cb0da35db33c17ef11ddf12adafc0.jpg?1785667581,Crystal,20,0,WAR
Crystalline Conflict,56094564,256,199,Kujata,Elemental,199,0,dcae5be360cd5ac359780dd998fbbf57_72c48f093f2278ac3243962d3eb6a8d7fc0.jpg?1785670431,Crystal,16,0,UNK
Fury Halone,31201226,257,274,Chocobo,Mana,199,99,391e22872f5bc92045c105b0c7778c1b_781d6b3603312f6be41670afa37282e0fc0.jpg?1785667528,Crystal,7,3,WAR
Ria Esta,46580024,257,200,Typhon,Elemental,199,0,537b652a83e9ead35e927e93170f46f0_32d8c9c7cd5f62d62da2d31b6750a680fc0.jpg?1785667342,Crystal,7,0,AST
Anoma Loris,44038350,259,201,Valefor,Meteor,199,0,57b0094511d082e7e7e8203d850b4159_485f4777c38002871591fb54f27edc65fc0.jpg?1785669229,Crystal,2,0,SCH
Esperante Shock,19984730,259,201,Belias,Meteor,199,0,5a7fdd83506e2a8db66643b0ab42c824_894c4bd0beab2e2beb44b74f4c4bd206fc0.jpg?1785667445,Crystal,2,0,AST
Tomomomo Momomo,25830708,259,201,Ramuh,Meteor,199,0,d1b6359fffbcc60e8bddc1120dc05d55_410ddb5a66a2fcacf538bec5ea5d0291fc0.jpg?1785667313,Crystal,2,0,MCH
Aquamarine Freyja,30360317,262,0,Titan,Mana,199,0,0dfd1b818fb45dff90b6c17b14b71318_e2bb3f9679fec6d4836fcf8abcc3eeacfc0.jpg?1785670128,Crystal,1,0,MNK
Desire Drive,5396012,262,204,Yojimbo,Meteor,199,0,4f60f8a5453f05522e828234043a6edb_4a92c619bde4f34cfa77e05fef21ad85fc0.jpg?1785668327,Crystal,1,0,DNC
Jikai Yokoku,52429272,262,204,Alexander,Gaia,199,0,f004ff0d7175c98ad62d4ed99995320e_b7a71d8799cf6dd75b711a7f52de6675fc0.jpg?1785670680,Crystal,1,0,SCH
Maito Melek,26875635,262,0,Hades,Mana,199,0,f46d534bca38450ba9b70bb608411c3e_a4730651230dd43cb129562a30d531aefc0.jpg?1785669738,Crystal,1,0,UNK
Satosan Fiftysix,26440218,262,204,Typhon,Elemental,199,0,0b17719ebd757aaebd8ff00d5d1bd6f5_32d8c9c7cd5f62d62da2d31b6750a680fc0.jpg?1785669834,Crystal,1,0,DRG
Dee Jack,60388425,267,0,Ifrit,Gaia,198,198,a2c1d34590941ade3ad6e25cd2926cb5_f9f796348bc43067c7242ec4551cde69fc0.jpg?1785669053,Crystal,30,21,SAM
Waka'ri Mii,5525644,268,214,Chocobo,Mana,198,5,779528f8c170270a5dcbb5e911db62e9_781d6b3603312f6be41670afa37282e0fc0.jpg?1785667536,Crystal,4,2,UNK
Aria Canon,1030539,269,246,Pandaemonium,Mana,197,97,c643f10c86a1dec8fe0358a24454dab6_470db1bf2e865f9130531fea40b61ee4fc0.jpg?1785670648,Crystal,49,25,RPR
Shiro Yozora,25997255,270,211,Titan,Mana,196,0,4fb271416b8be97cbd977dc4cd9a7c1b_e2bb3f9679fec6d4836fcf8abcc3eeacfc0.jpg?1785670420,Crystal,34,0,BLM
Lucy Tave,5530448,271,212,Durandal,Gaia,195,0,fd7ea485d2ba7644c76c49d7b00fce24_806ea5b45071d5cd6bf393e38462ee71fc0.jpg?1785667658,Crystal,88,28,MCH
Pyo Gomi,3923676,272,213,Ixion,Mana,195,0,9a933770decdbb36df3994affa0d65fd_7126768d768f6c6c7fed3eaee98c3a8afc0.jpg?1785667910,Crystal,2,0,SCH
Riyusy Rxyxu,41841486,273,0,Belias,Meteor,193,0,3658c88c2210b7b79ce2a2605d1141d8_894c4bd0beab2e2beb44b74f4c4bd206fc0.jpg?1785667521,Crystal,8,0,RDM
Pinn Pinn,7581229,274,215,Chocobo,Mana,192,0,1706e2472f4738c6982540a19097ec0d_781d6b3603312f6be41670afa37282e0fc0.jpg?1785668291,Crystal,1,0,DNC
Umai Okawari,28809423,275,216,Zeromus,Meteor,189,0,603544c81055f8085a950feb781bee2a_c76848359d0b4d2f37aefbb9903ed97bfc0.jpg?1785669044,Crystal,1,0,SMN
Lala Lucca,55323397,276,0,Ramuh,Meteor,106,0,c7a1ac4a114e36b48916aaaaaeeb74ae_410ddb5a66a2fcacf538bec5ea5d0291fc0.jpg?1785668579,Crystal,12,0,UNK
Cole Cotte,35200239,277,217,Ramuh,Meteor,106,0,9acbd1b4d8e74c2e0d4a71ce9834fab5_410ddb5a66a2fcacf538bec5ea5d0291fc0.jpg?1785669908,Crystal,1,0,WHM
Merry Scrald,11886780,278,218,Belias,Meteor,105,0,7bfbd82582fd003bc514339935d874a7_894c4bd0beab2e2beb44b74f4c4bd206fc0.jpg?1785668356,Crystal,4,0,MNK
Ame Azarashi,23141823,279,0,Durandal,Gaia,102,0,3169ff74c51973a08f1b5c47026339a9_806ea5b45071d5cd6bf393e38462ee71fc0.jpg?1785667840,Crystal,2,0,MCH
Now Tarako,25271680,280,0,Belias,Meteor,101,101,238a3ddced202809c65eaecd03eda2d1_894c4bd0beab2e2beb44b74f4c4bd206fc0.jpg?1785668246,Crystal,25,3,MCH
Primlock Griffyn,37385266,281,220,Tonberry,Elemental,101,0,89c0dfc59ff658981baaccf8c8d2b22b_7bb6b1e488f0e4f01c5314d010b60f31fc0.jpg?1785669356,Crystal,10,9,RDM
Tatsumi Berserk,19183868,282,221,Ifrit,Gaia,100,0,54a616ddbe0b20dbfc773ec735961a62_f9f796348bc43067c7242ec4551cde69fc0.jpg?1785668660,Crystal,100,9,NIN
Shink Twitch,28515950,283,222,Chocobo,Mana,100,0,dbfc9e759a59380a06162fe11769fcc7_781d6b3603312f6be41670afa37282e0fc0.jpg?1785667824,Crystal,89,17,DNC
Reisu Nojea,9952920,284,0,Carbuncle,Elemental,100,100,b19c99afae6f80705e5b0bebd3c03052_9eb3c19866f7ae0eeeffac7bf770aba5fc0.jpg?1785668989,Crystal,64,23,SMN
Natsu Meg,58006498,285,223,Valefor,Meteor,100,0,86d52df1e6fc71c9cded7c94354b3457_485f4777c38002871591fb54f27edc65fc0.jpg?1785670216,Crystal,61,0,DRK
Lily Fleurdelis,3490739,286,0,Kujata,Elemental,100,100,d702f2678d53091549a1679735bbd57f_72c48f093f2278ac3243962d3eb6a8d7fc0.jpg?1785667875,Crystal,59,28,RPR
Yoshi Mu,14733990,287,0,Garuda,Elemental,100,100,f7082caf447c811b5ecb2dba3238c656_fcb1f5b0249d1069e5bdc66d0796f26afc0.jpg?1785670455,Crystal,57,20,UNK
Erik Bural,20508529,288,0,Hades,Mana,100,100,2ca5bed0ca0e49f68c7ca14062e0bacc_a4730651230dd43cb129562a30d531aefc0.jpg?1785670263,Crystal,56,22,SMN
Yulia Argyll,12282717,289,224,Ixion,Mana,100,0,9e8379380afef978f6888a4261fde3da_7126768d768f6c6c7fed3eaee98c3a8afc0.jpg?1785669503,Crystal,53,0,SCH
Momo Mori,30221811,290,225,Ifrit,Gaia,100,0,9434c5a1a8c3b2c8d1ebf5440ef2455a_f9f796348bc43067c7242ec4551cde69fc0.jpg?1785670531,Crystal,52,0,PCT
Flora Primavera,15548083,291,228,Belias,Meteor,100,0,e2c94a9daf388f1092e90dd496cc2de5_894c4bd0beab2e2beb44b74f4c4bd206fc0.jpg?1785669940,Crystal,46,0,BLM
Mirage Viola,18473819,291,0,Belias,Meteor,100,100,afc0d8cb4d58a03698011df8d6137cac_894c4bd0beab2e2beb44b74f4c4bd206fc0.jpg?1785669382,Crystal,46,18,BLM
Kamai Tatsu,29892918,293,246,Belias,Meteor,100,0,07af2e6006bf1cc13d61320c9564c48e_894c4bd0beab2e2beb44b74f4c4bd206fc0.jpg?1785669825,Crystal,44,20,DRK
Say-go Pe,28467953,293,0,Ramuh,Meteor,100,100,85c93d6dd6187a38f224e99fae78cb4d_410ddb5a66a2fcacf538bec5ea5d0291fc0.jpg?1785668795,Crystal,44,12,NIN
Chloe Van'harribel,52820224,295,296,Pandaemonium,Mana,100,100,fb4c70e431282a2cc554c55572398bdd_470db1bf2e865f9130531fea40b61ee4fc0.jpg?1785670397,Crystal,42,7,UNK
Oyakodon Buli,14611032,295,246,Masamune,Mana,100,100,40b521a406dd74329dadfa14e690ca00_134930215abb8a90ec37d6cc05b05e08fc0.jpg?1785667450,Crystal,42,30,SGE
Teratera Teramina,51643625,295,230,Ridill,Gaia,100,0,83b858e3bdc9248c43f1b502ee21ef34_138751880f18161a907d7cf0faa43f07fc0.jpg?1785669194,Crystal,42,5,SAM
Kiri Rin,12624988,298,243,Shinryu,Meteor,100,0,9166e9c4d21898e9f2949f3a4359845e_87b7d447f40b06dfc7228caf195f7dcffc0.jpg?1785667366,Crystal,41,15,SMN
Rohesa Morgan,10586618,299,0,Ramuh,Meteor,100,100,1b6623c84e2fcee5c1d726a691ab88ba_410ddb5a66a2fcacf538bec5ea5d0291fc0.jpg?1785667287,Crystal,39,19,WVR
Marichi Myrtille,29422198,300,0,Valefor,Meteor,100,100,47c29b2ff6e6573cd67ae1f721cb73a2_485f4777c38002871591fb54f27edc65fc0.jpg?1785668452,Crystal,38,21,WHM
Legendary Ash,10855248,1,5,Faerie,Aether,2064,1869,6fd699132806b61c9dcb8613c3ae11a3_0e336ff6ad415f47233f0aaf127feac0fc0.jpg?1785670287,Omega,33,31,RDM
Barock Obama,52411158,2,1,Siren,Aether,1583,97,05a5459925b46dd9d074e273b24d5d27_58a84e851e55175d22158ca97af58a1ffc0.jpg?1785667660,Omega,64,20,PLD
Vittorio Moretti,61421815,3,6,Diabolos,Crystal,1482,297,8c11f65c791a4f39ba7c716aeb6bc8d9_7b33d33ae3ecb996f778a5f67a6a0af6fc0.jpg?1785670176,Crystal,73,7,RPR
Fye Alanyk,48751064,4,11,Diabolos,Crystal,1296,281,d605d68b88b347dfdb8a9b9e6c3539d6_7b33d33ae3ecb996f778a5f67a6a0af6fc0.jpg?1785667982,Crystal,58,34,VPR
Terro Mctwisp,49469934,5,2,Leviathan,Primal,1291,0,4f22d821591ca7181ba2027974b77e2f_a91aae52cff9ef65932db06b150ffd47fc0.jpg?1785668233,Crystal,15,0,VPR
Mavis Enyo,14769968,6,8,Excalibur,Primal,1282,191,00bced457c7cea8ae968197c61367bed_745baffc465480ed372e274d50318290fc0.jpg?1785670295,Crystal,28,6,BRD
Suhr Zarek,8876676,7,3,Balmung,Crystal,1207,0,c09e4087ccb76545f31b81fa5ca01485_7a573cbc0cda3a3dfc1795cb3d9f7b23fc0.jpg?1785669630,Crystal,26,0,PLD
Myu Meow,9691497,8,4,Leviathan,Primal,1201,4,d925a41776719d761c94e8e32e5e7a0f_a91aae52cff9ef65932db06b150ffd47fc0.jpg?1785670138,Crystal,27,7,MCH
Sanahi Keto,57330112,9,45,Hyperion,Primal,1190,799,6531a5f5216bf8e7efcdcf26e24615cb_57ae9ee5592123dd79c8912bf768cf99fc0.jpg?1785670151,Crystal,19,12,VPR
Meteor Moon,29693876,10,14,Rafflesia,Dynamis,1188,193,7f262df9422aa27c9dd850d004812561_2783886613347a4db0bed7524de1298ffc0.jpg?1785668646,Crystal,58,20,SGE
Bisukito Neko,32261082,11,7,Zalera,Crystal,1097,2,3462c7ee2de7556ca86498dc5214a7fb_8106f857613f8fb994b0be37b26ff4bafc0.jpg?1785670078,Crystal,34,4,UNK
Fulheart Grit,38212551,12,22,Balmung,Crystal,1090,303,4a4d99f967c37bf42bd739857921e360_7a573cbc0cda3a3dfc1795cb3d9f7b23fc0.jpg?1785667739,Crystal,28,13,MNK
Crow Meow,54328117,13,9,Jenova,Aether,1082,0,7eded062751a7f80f7f3d9fbe0ab8e34_ce736afe35e2ded4e46c4fd0659aef7efc0.jpg?1785667348,Crystal,22,0,NIN
Aibertain Mando,32541700,14,10,Jenova,Aether,1076,0,8dec967ad48c9a703018a7445740a7f3_ce736afe35e2ded4e46c4fd0659aef7efc0.jpg?1785669031,Crystal,58,18,VPR
Pvp Badboy,38919488,15,37,Sargatanas,Aether,1006,507,8833f678967938d2e79b8d993021ce3f_ba22853447012a24cee115315d6a5bebfc0.jpg?1785669040,Crystal,32,11,NIN
Olivia Lugria,15149290,16,21,Sargatanas,Aether,1005,208,c230658574a9dc12a4eb6fae2e16ceb4_ba22853447012a24cee115315d6a5bebfc0.jpg?1785670560,Crystal,61,10,BLM
Nero Cor,51685882,17,12,Cactuar,Aether,1001,0,a53a1a6499997a089c36337bcc3ae46d_96ab1df8877c1f8ba6a89a39cccfd437fc0.jpg?1785667215,Crystal,34,0,DRG
Pekora Meow,37421725,18,13,Leviathan,Primal,999,0,dc85502f9baa330d5a15d3c0a6f002a0_a91aae52cff9ef65932db06b150ffd47fc0.jpg?1785668843,Crystal,57,7,AST
Hrothmar Blackburns,28757856,19,15,Adamantoise,Aether,919,0,ba6405bac0d5b1fb489962984f0d9fb9_1f5fd239b885860b7c2bfc72ad1d97effc0.jpg?1785668597,Crystal,85,10,BLM
Celesse Archon,5403993,20,16,Midgardsormr,Aether,902,0,46c05696a375eb66cab3503bea79e4e4_5c8ecfbc673e1287a9b5e85423fe1657fc0.jpg?1785669229,Crystal,28,11,AST
No Buts,2234245,21,24,Zalera,Crystal,901,201,0d8b9ae74f55ea0ba374fa7b38b48862_8106f857613f8fb994b0be37b26ff4bafc0.jpg?1785670421,Crystal,54,8,BRD
Jay Vermillion,20310837,22,17,Adamantoise,Aether,898,0,ae2f157d9c523947744b038a73f77be6_1f5fd239b885860b7c2bfc72ad1d97effc0.jpg?1785669730,Crystal,47,3,PLD
Miyu Moon,14522179,23,33,Mateus,Crystal,897,300,3562f4cf44aad7d526acbf8fae3937b0_f0c52cc66e124fc2e641d7c21ab2ce79fc0.jpg?1785668263,Crystal,18,4,SAM
Death Reaps,8773483,24,18,Balmung,Crystal,883,0,265183f487ab7e0a5a5b3128ec29a82a_7a573cbc0cda3a3dfc1795cb3d9f7b23fc0.jpg?1785667884,Crystal,44,17,MNK
Rubedo Ginshi,15639088,25,26,Lamia,Primal,879,181,bbc5b3eb96e1a1691fb9abb344fc3217_4d9be17b5e1edc617052b4dbf4007875fc0.jpg?1785670274,Crystal,43,17,RPR
Uki Yo,50106047,26,19,Adamantoise,Aether,879,0,75e9983a4dd07e7e5de0ed1ac11a23fb_1f5fd239b885860b7c2bfc72ad1d97effc0.jpg?1785670476,Crystal,18,2,RPR
Lillian Floresca,58646686,27,20,Diabolos,Crystal,819,0,4855e798f71f9426ff66aa8bcfc65aed_7b33d33ae3ecb996f778a5f67a6a0af6fc0.jpg?1785669866,Crystal,40,0,UNK
Sylvie Chan,48678953,28,0,Brynhildr,Crystal,714,105,14580705b6124b25ef19217300b4891f_d0a0f515a62457570c9b44997063e3c1fc0.jpg?1785669513,Crystal,28,6,GNB
Haha Unless,35825889,29,23,Faerie,Aether,706,0,3c249691791cbe0f2fb3ccc230c9a4e4_0e336ff6ad415f47233f0aaf127feac0fc0.jpg?1785669692,Crystal,19,0,DNC
Merlin Emryss,9605720,30,25,Faerie,Aether,699,0,87179f28ae17956a4d43567dadf6ea60_0e336ff6ad415f47233f0aaf127feac0fc0.jpg?1785669181,Crystal,38,8,BRD
Kasai Kage,21886030,31,27,Adamantoise,Aether,618,0,6835735c490425c8a49d6889308a3484_1f5fd239b885860b7c2bfc72ad1d97effc0.jpg?1785668485,Crystal,14,0,NIN
Akari Tsuki,46655701,32,29,Adamantoise,Aether,608,6,08f7ffe45c1b134f99ea040b39ee2bdd_1f5fd239b885860b7c2bfc72ad1d97effc0.jpg?1785668044,Crystal,17,3,RPR
Hilto Feltre,55076328,33,128,Sargatanas,Aether,603,603,4a850e1dbb7f6f3aeff5b21df6166f3f_ba22853447012a24cee115315d6a5bebfc0.jpg?1785669889,Crystal,26,18,MCH
Ham Baga,28276994,34,30,Balmung,Crystal,601,0,80672270fca68b3d3fa2f4c0b220427a_7a573cbc0cda3a3dfc1795cb3d9f7b23fc0.jpg?1785669645,Crystal,15,0,SGE
Yui Fins,46861659,35,31,Adamantoise,Aether,600,0,477904411f28cfd029518422146e02f0_1f5fd239b885860b7c2bfc72ad1d97effc0.jpg?1785668426,Crystal,69,9,PLD
Ash Ymir,58885179,36,32,Goblin,Crystal,599,1,9326f044cdbd54d081c76d88de6310e0_8e81e2940511f7152ba4462fe53e35b8fc0.jpg?1785668264,Crystal,53,4,SAM
Silvy Kaenbyou,45504540,37,0,Goblin,Crystal,598,0,3a856bd5c7e35d95f6afcc57be4321a1_8e81e2940511f7152ba4462fe53e35b8fc0.jpg?1785670295,Crystal,7,0,MCH
Kuina Kagetsu,36802695,38,57,Ultros,Primal,595,299,dd8ffbe11c53ea988c605c9c24157c59_c514cdcdb619439df97d906d4434ccc6fc0.jpg?1785669138,Crystal,21,5,WHM
Ryan Hoshiko,10323495,39,34,Lamia,Primal,589,0,b8f720f05e5314618bc7341f856d075d_4d9be17b5e1edc617052b4dbf4007875fc0.jpg?1785670013,Crystal,21,0,RDM
Tomo Kote,38176817,40,35,Gilgamesh,Aether,583,0,e5d7502ad7f21874552a4fc21553ee9e_b937560c841465f7c4bc8eb47ea7948afc0.jpg?1785668678,Crystal,47,23,RDM
Lucio Harundo,4012099,41,36,Leviathan,Primal,512,0,d042eff245eaa56c0b6989df68a99564_a91aae52cff9ef65932db06b150ffd47fc0.jpg?1785668561,Crystal,59,0,VPR
Azar Kaveh,16748899,42,38,Mateus,Crystal,510,13,1d25f3d1883510d8fd010504471516b8_f0c52cc66e124fc2e641d7c21ab2ce79fc0.jpg?1785667310,Crystal,41,17,SAM
Silanah Sylphrena,45709349,43,52,Faerie,Aether,500,202,353d000e66ebf6b7715ff5998504f784_0e336ff6ad415f47233f0aaf127feac0fc0.jpg?1785670151,Crystal,12,6,AST
Lelouch Masamune,12543299,44,40,Malboro,Crystal,498,97,711457fd66b589fb422ba4640a4826f0_2e97c13fdd593d15d543093f8a37b6f0fc0.jpg?1785667246,Crystal,62,10,SCH
Alma Braver,729037,45,94,Goblin,Crystal,498,398,1d50d402d833734bf7f0d1fe6b3af5e8_8e81e2940511f7152ba4462fe53e35b8fc0.jpg?1785670237,Crystal,22,5,WHM
Big Three,47754584,46,44,Zalera,Crystal,498,101,ef1725c11b5e975338a0b9d2fccdabfe_8106f857613f8fb994b0be37b26ff4bafc0.jpg?1785669331,Crystal,16,8,WAR
Sanguinius Smolblood,33489157,47,99,Kraken,Dynamis,498,398,461663ac9dfac06c5d61bc05d26ae652_049a956dfeb0eb2e19c417a1dde4d680fc0.jpg?1785667505,Crystal,10,8,DRK
Im Dead,44727021,48,46,Balmung,Crystal,494,103,382bb5e8fe23a4e04750cfd29fa9f46c_7a573cbc0cda3a3dfc1795cb3d9f7b23fc0.jpg?1785669256,Crystal,16,10,VPR
La Bubu,26625120,49,63,Diabolos,Crystal,407,207,733d34df72366760c6f44581681c9088_7b33d33ae3ecb996f778a5f67a6a0af6fc0.jpg?1785667900,Crystal,9,5,MCH
Zeta Salazar,44375733,50,39,Midgardsormr,Aether,404,0,4be3c205f3892cdbc09e8417ad6dbb68_5c8ecfbc673e1287a9b5e85423fe1657fc0.jpg?1785668464,Crystal,48,4,SAM
Seto Mimyho,20943977,51,41,Behemoth,Primal,399,0,e0110a23ddcddf11cb8bf1e895c56d75_be20385e18333edb329d4574f364a1f0fc0.jpg?1785667419,Crystal,30,0,CRP
June Buggy,39873640,52,92,Brynhildr,Crystal,399,299,929fb7f3958e6f1fbc9e559d731c0108_d0a0f515a62457570c9b44997063e3c1fc0.jpg?1785670040,Crystal,22,4,RDM
Velvet Mordio,11975584,53,42,Exodus,Primal,399,0,78d6cff1cf5b31e96125819d9688bb5a_0cdf051c93865faa15cbc5cd3d2b69fbfc0.jpg?1785668651,Crystal,7,0,DRG
Air Azure,41482862,54,43,Rafflesia,Dynamis,397,0,a32fc7c37974e2629ce594c455ff54a7_2783886613347a4db0bed7524de1298ffc0.jpg?1785669078,Crystal,20,0,WHM
Size Difference,33536390,55,48,Sargatanas,Aether,392,91,770b5bd32a40e292765490f8e46eaf60_ba22853447012a24cee115315d6a5bebfc0.jpg?1785669700,Crystal,66,17,SMN
Anti Luminosity,53824427,56,80,Marilith,Dynamis,392,197,345441c3ea324bf07484e7e6f1031ccc_bbfb28d5a9059cd0c768daf77ab29982fc0.jpg?1785669729,Crystal,40,2,RPR
Sparrow Hawk,50867063,57,47,Seraph,Dynamis,390,0,1253b18a592d2d3c5133e9b86ab20c5a_07fb0511053f398d1f2d6831e6a6b4c8fc0.jpg?1785669171,Crystal,8,0,SGE
Dank Lollington,37820692,58,95,Exodus,Primal,304,204,2b6faafd9620689cd5e4222c96529aa5_0cdf051c93865faa15cbc5cd3d2b69fbfc0.jpg?1785667459,Crystal,18,2,BRD
Garu Kettle,7054871,59,49,Behemoth,Primal,301,0,e03f1b46663ddb8c150315a88c79c9f1_be20385e18333edb329d4574f364a1f0fc0.jpg?1785668886,Crystal,37,18,UNK
Ava Falafell,7835301,60,0,Cactuar,Aether,301,0,037dd67f6ab82aadfe3e7b3e4973d525_96ab1df8877c1f8ba6a89a39cccfd437fc0.jpg?1785667451,Crystal,18,0,WHM
Onion Little,37583983,61,50,Zalera,Crystal,300,0,59533d6fd2d0a8b58595bf860ae3f36a_8106f857613f8fb994b0be37b26ff4bafc0.jpg?1785670188,Crystal,13,0,ALC
Rin Denma,33178809,62,51,Gilgamesh,Aether,300,0,6c5bab6678d3c44b6e646bc8726eb9f9_b937560c841465f7c4bc8eb47ea7948afc0.jpg?1785668187,Crystal,3,0,UNK
Eyre Stahl,32745572,63,59,Maduin,Dynamis,299,97,0d24cf6e8f53fc59a993fd5e5311d4e0_7ff236346f6151d8a2c08fd0b4a0b806fc0.jpg?1785668042,Crystal,2,1,SGE
Rae Rea,58956664,63,0,Adamantoise,Aether,299,0,72766cccd8c79e6afd3055accfc559fa_1f5fd239b885860b7c2bfc72ad1d97effc0.jpg?1785670558,Crystal,2,0,PLD
Adrianne Lehman,335503,65,86,Jenova,Aether,298,198,9487d4bc6332e7a22c323a4ee321ffa1_ce736afe35e2ded4e46c4fd0659aef7efc0.jpg?1785670251,Crystal,46,5,DRG
Vann Healsing,6572,66,53,Coeurl,Crystal,298,0,e19ce452168669ef7abba0e26cc8ee4c_284358f8eb4efc9095914e46798c6ab3fc0.jpg?1785669452,Crystal,4,1,WAR
Yulia Lunaria,82714,67,53,Coeurl,Crystal,298,0,30d19e29baad4dfe064001a80a4466e1_284358f8eb4efc9095914e46798c6ab3fc0.jpg?1785667808,Crystal,3,0,PLD
Bigg Succ,14228989,68,55,Coeurl,Crystal,298,0,d833225ff74a6d00fc89b134cc155262_284358f8eb4efc9095914e46798c6ab3fc0.jpg?1785669402,Crystal,2,0,MCH
Nero K'ten,6155374,69,56,Lamia,Primal,296,0,457604f04300faac0e52a053884e2bb7_4d9be17b5e1edc617052b4dbf4007875fc0.jpg?1785670043,Crystal,39,17,AST
Koifucius Dao-master,37165464,70,58,Exodus,Primal,292,0,030277d5215f88056127d2b9e88474e4_0cdf051c93865faa15cbc5cd3d2b69fbfc0.jpg?1785669210,Crystal,6,0,WHM
Gidding Mimid,9835761,71,60,Exodus,Primal,201,0,97296d489ec3afb5d7c65e3c6fa7fc05_0cdf051c93865faa15cbc5cd3d2b69fbfc0.jpg?1785669994,Crystal,38,0,NIN
Rusheel Vasscus,2314921,72,61,Adamantoise,Aether,201,0,a4248cc27f1d518fee3b2b12da021669_1f5fd239b885860b7c2bfc72ad1d97effc0.jpg?1785667792,Crystal,1,0,MNK
Ivy Storm,61727582,73,83,Zalera,Crystal,200,100,27a648f77de0ff7a1a44539cbd062203_8106f857613f8fb994b0be37b26ff4bafc0.jpg?1785670215,Crystal,66,10,BRD
Aiberaint Mando,58601227,74,62,Faerie,Aether,200,0,b7621f9e3f9c7a33ce4acd4a392c3a41_0e336ff6ad415f47233f0aaf127feac0fc0.jpg?1785668601,Crystal,21,0,SCH
P'roto Idola,35374628,75,65,Brynhildr,Crystal,200,0,a91ad9e8c6c6ddb0905cd9aa6cede8e3_d0a0f515a62457570c9b44997063e3c1fc0.jpg?1785667764,Crystal,5,2,SMN
Raiden Meow,60049984,76,63,Halicarnassus,Dynamis,200,0,82a7874a19aee552f4a0f8ff2b663dff_f2d324d722b28bbe681b2898bcdca8bffc0.jpg?1785669672,Crystal,4,0,MNK
Sarantsatsral Kha,26082962,77,65,Behemoth,Primal,200,0,f8735f190504d139ee16ec1a623371dc_be20385e18333edb329d4574f364a1f0fc0.jpg?1785670057,Crystal,3,0,BLM
Joe Biden',48592929,78,67,Seraph,Dynamis,200,0,c06fd69e6b294b74118f1a8ad5727f56_07fb0511053f398d1f2d6831e6a6b4c8fc0.jpg?1785668861,Crystal,2,0,UNK
Air Weaver,12424525,79,68,Coeurl,Crystal,200,0,06474f472310d759766363e8e8f53b3f_284358f8eb4efc9095914e46798c6ab3fc0.jpg?1785668711,Crystal,1,0,SGE
Novical Astrea,42979170,80,69,Exodus,Primal,199,0,b638930bbe9987be79fa698126728549_0cdf051c93865faa15cbc5cd3d2b69fbfc0.jpg?1785667663,Crystal,16,3,RDM
Raphtalia Solari,8126326,81,70,Adamantoise,Aether,199,0,baeca36f0f50dbb796496ea18e58ee30_1f5fd239b885860b7c2bfc72ad1d97effc0.jpg?1785668865,Crystal,6,0,SGE
Snowy Mi,36536510,82,81,Faerie,Aether,199,0,3f773f63ccbbbe4206293ef3c0a9efec_0e336ff6ad415f47233f0aaf127feac0fc0.jpg?1785669877,Crystal,5,0,SAM
Mits Suki,33204212,83,71,Famfrit,Primal,199,0,5bb063598970951b9c8c586bd4f0db1f_fce4949e615393e574f2d57134b31fc1fc0.jpg?1785669066,Crystal,3,0,MNK
Fain Doncel'aram,18921518,84,0,Jenova,Aether,199,0,99d5d58c7b97e260ff83d3d4b87a7103_ce736afe35e2ded4e46c4fd0659aef7efc0.jpg?1785669522,Crystal,2,0,MNK
Milly Mina,37964161,85,72,Cuchulainn,Dynamis,199,0,f3300c3e28b3c5b4a3767a587341831e_b4a106e4893fd452df0001eaeecf9d7efc0.jpg?1785670210,Crystal,1,0,AST
Katka Kogoro,44461194,86,74,Behemoth,Primal,198,0,550a289a6fa63b9cd57149e22c1dbc72_be20385e18333edb329d4574f364a1f0fc0.jpg?1785670198,Crystal,8,5,UNK
Nemx Eisenhorn,2244246,87,73,Excalibur,Primal,198,0,8d22c9821683049e16868ac1de65df41_745baffc465480ed372e274d50318290fc0.jpg?1785667890,Crystal,6,0,SAM
Roland Montpensier,27408688,88,74,Mateus,Crystal,198,0,f999e29fa2ab10f6ba02338f493e886b_f0c52cc66e124fc2e641d7c21ab2ce79fc0.jpg?1785670088,Crystal,5,2,DRK
Onigiri Bunny,7352884,89,76,Behemoth,Primal,197,0,382f2b7a0b15514c38a6e2d5af3d8014_be20385e18333edb329d4574f364a1f0fc0.jpg?1785670180,Crystal,1,0,UNK
Unagi Box,34773273,89,76,Cuchulainn,Dynamis,197,0,05a513d02b60c767bfb83440ab2d406b_b4a106e4893fd452df0001eaeecf9d7efc0.jpg?1785669133,Crystal,1,0,GNB
Sitri Belladonna,44271644,91,78,Maduin,Dynamis,196,0,d5fba1e5169b57a308fb1ea60e3553cf_7ff236346f6151d8a2c08fd0b4a0b806fc0.jpg?1785669041,Crystal,28,0,BLM
Unit Two,9241194,92,79,Ultros,Primal,195,0,641de9f4edfaf7fe05a95460092c87ef_c514cdcdb619439df97d906d4434ccc6fc0.jpg?1785668927,Crystal,106,15,PLD
Rail Ying,33252892,93,82,Famfrit,Primal,100,0,e9ae8b691e418ccccf35ebe11804f497_fce4949e615393e574f2d57134b31fc1fc0.jpg?1785668542,Crystal,80,14,SAM
Gongsun Qerel,38059779,94,84,Mateus,Crystal,100,0,015ef2d1ef8f18b0cf7fa0e646fa2d12_f0c52cc66e124fc2e641d7c21ab2ce79fc0.jpg?1785669459,Crystal,53,5,VPR
Zerth Voldrin,14915863,95,84,Cactuar,Aether,100,0,81a8fef4d9feb3b13352e547c9dcf7d5_96ab1df8877c1f8ba6a89a39cccfd437fc0.jpg?1785669617,Crystal,48,0,DRK
Ethan Dumas,2337003,96,108,Zalera,Crystal,100,100,4363afb6aeff95a15293cf3907560f7b_8106f857613f8fb994b0be37b26ff4bafc0.jpg?1785670496,Crystal,37,11,RDM
Freelili Baylili,41088797,97,104,Famfrit,Primal,100,100,2fd0edea93f7f1b96bfa59c24d04a2af_fce4949e615393e574f2d57134b31fc1fc0.jpg?1785667177,Crystal,33,7,VPR
Lazy Bear,39566180,98,87,Faerie,Aether,100,0,a07cf0c35d5a78a5a1b9ca16d6f41803_0e336ff6ad415f47233f0aaf127feac0fc0.jpg?1785669135,Crystal,29,2,MCH
Peregrine Lofte,21726171,99,88,Leviathan,Primal,100,0,351c30387c9048190075024c6b344ead_a91aae52cff9ef65932db06b150ffd47fc0.jpg?1785668997,Crystal,26,0,BLU
Snowsteps Frozenheart,25431273,100,89,Siren,Aether,100,0,3e9412aba214d5dab23b4cdfc8b81294_58a84e851e55175d22158ca97af58a1ffc0.jpg?1785669805,Crystal,25,0,MNK
Labrys Roux,31449732,101,90,Ultros,Primal,100,0,b78d649d03beba97a36fa9eebc98afc4_c514cdcdb619439df97d906d4434ccc6fc0.jpg?1785670223,Crystal,21,0,AST
Minato Maki,53819658,101,90,Excalibur,Primal,100,0,03c1d1dc5b9a30317518ec9a30c301ab_745baffc465480ed372e274d50318290fc0.jpg?1785670005,Crystal,21,0,VPR
Vaeltis Nyght,16404977,101,233,Famfrit,Primal,100,100,0caba4911a7521943ad38550f8faec63_fce4949e615393e574f2d57134b31fc1fc0.jpg?1785667470,Crystal,21,17,GNB
Navori Valois,48622291,104,118,Siren,Aether,100,100,4facdc408c9ad771bc52001d3c82fa9f_1f5fd239b885860b7c2bfc72ad1d97effc0.jpg?1785670519,Crystal,18,2,WAR
Tegridy Weed,3469679,104,92,Midgardsormr,Aether,100,0,96f7b1ca58cffc2cdcbb1df90d116807_5c8ecfbc673e1287a9b5e85423fe1657fc0.jpg?1785667164,Crystal,18,0,ALC
Reina Crowley,19324150,106,198,Malboro,Crystal,100,100,d8624175065ad845c6d16c7f8638cc12_2e97c13fdd593d15d543093f8a37b6f0fc0.jpg?1785669796,Crystal,16,10,UNK
Doomballoon Dapingus,19169037,107,96,Diabolos,Crystal,100,0,e43cef91ca38a14de0e5bea2295ba9c0_7b33d33ae3ecb996f778a5f67a6a0af6fc0.jpg?1785670446,Crystal,15,0,NIN
Naomi Hakoma,13697124,108,97,Halicarnassus,Dynamis,100,0,a6732f9cc34509a6761d618186e745fd_f2d324d722b28bbe681b2898bcdca8bffc0.jpg?1785669996,Crystal,10,0,SMN
Neo Dymium,33030676,109,98,Seraph,Dynamis,100,0,24be6098cf7acc2de169d92917d3299f_07fb0511053f398d1f2d6831e6a6b4c8fc0.jpg?1785670105,Crystal,8,0,WAR
Io Isana,33563057,110,100,Coeurl,Crystal,100,0,bb1bccc46bef2876072e2e7fa326fa12_284358f8eb4efc9095914e46798c6ab3fc0.jpg?1785670495,Crystal,1,1,MNK
Haley Autouria,105933,111,100,Coeurl,Crystal,100,0,8e6b9b10fc2e31af21e24fdaae151c61_284358f8eb4efc9095914e46798c6ab3fc0.jpg?1785670353,Crystal,0,0,UNK
Tio Tot,32427648,111,100,Jenova,Aether,100,0,b6b5f99e0b2c9878499873fdbe82cda3_ce736afe35e2ded4e46c4fd0659aef7efc0.jpg?1785668591,Crystal,0,0,MCH
Dread Ross,4916315,113,103,Exodus,Primal,0,0,dafd63f0b3ce97e8283a4d153f0acd06_0cdf051c93865faa15cbc5cd3d2b69fbfc0.jpg?1785670091,Diamond,61,0,MCH
Johnny Rotten,60584717,114,104,Balmung,Crystal,0,0,16dd0eb6be877814ca22fed24fe6191d_7a573cbc0cda3a3dfc1795cb3d9f7b23fc0.jpg?1785669273,Diamond,32,6,SMN
Neco-arc Myuri,1364925,115,106,Balmung,Crystal,0,0,45595754292a6e60dac91dc40349a619_7a573cbc0cda3a3dfc1795cb3d9f7b23fc0.jpg?1785668530,Diamond,23,0,UNK
Ice Mage,56719413,116,107,Golem,Dynamis,0,0,20eb207dbce003e2fb1842e0c47aacc7_dd61c3dc259e5c43722e89409499b669fc0.jpg?1785667655,Diamond,18,2,BLM
Tiny Sosig,16648383,117,123,Balmung,Crystal,0,0,47661dc0b135d6c15fadc46a3fa85816_7a573cbc0cda3a3dfc1795cb3d9f7b23fc0.jpg?1785668935,Diamond,54,18,NIN
Aurora Aura,51466191,118,154,Coeurl,Crystal,0,0,6bf65747d41f881881af0d8d8ee83bb9_284358f8eb4efc9095914e46798c6ab3fc0.jpg?1785670658,Diamond,49,20,RDM
F'ool Pr'oof,27802292,119,111,Behemoth,Primal,0,0,07756f3cccf4cada3f3d40b5d44ef841_be20385e18333edb329d4574f364a1f0fc0.jpg?1785669081,Diamond,28,8,DNC
Noraliza Aubyrn,32094068,120,109,Goblin,Crystal,0,0,8a18cbebe3a2fc2c4bc70809fec01623_8e81e2940511f7152ba4462fe53e35b8fc0.jpg?1785667283,Diamond,25,0,MNK
M' Twelve,36885704,121,111,Halicarnassus,Dynamis,0,0,0f10ff80520b725264b0aed8ac62d609_f2d324d722b28bbe681b2898bcdca8bffc0.jpg?1785670064,Diamond,24,4,UNK
Abel Catallus,20632128,122,127,Hyperion,Primal,0,0,a753917cbe6dc89a0ba41f10003a621d_57ae9ee5592123dd79c8912bf768cf99fc0.jpg?1785668132,Diamond,23,11,BLM
Zolzayaa Noykin,34804380,123,110,Balmung,Crystal,0,0,ff773bbf0388cc8a61ac7c87e78f978f_7a573cbc0cda3a3dfc1795cb3d9f7b23fc0.jpg?1785669179,Diamond,21,0,BLM
Tc Sola,43984930,124,176,Zalera,Crystal,0,0,1bde011c1056c258b5456fb7d0f6283f_8106f857613f8fb994b0be37b26ff4bafc0.jpg?1785668519,Diamond,11,5,RDM
Karl Rex,48615049,125,152,Siren,Aether,0,0,a7f2129699ecb71e801871425b8cbc52_58a84e851e55175d22158ca97af58a1ffc0.jpg?1785670575,Diamond,106,9,WHM
Theory Ai,55206021,126,113,Leviathan,Primal,0,0,018be547248466158b1d0f9de4315340_a91aae52cff9ef65932db06b150ffd47fc0.jpg?1785670361,Diamond,85,11,SAM
Pravik Rhati,30628415,127,114,Zalera,Crystal,0,0,6f338ced5bbbd90812f4a17468f53684_8106f857613f8fb994b0be37b26ff4bafc0.jpg?1785668465,Diamond,67,0,SMN
Von Columbine,58381347,128,207,Gilgamesh,Aether,0,0,616328e702b2b2e8d452581d53ec9f88_b937560c841465f7c4bc8eb47ea7948afc0.jpg?1785668387,Diamond,40,28,GNB
Fyoriah Aliapoh,44734635,129,115,Faerie,Aether,0,0,298901c71b421faa4612e0bbd9420820_0e336ff6ad415f47233f0aaf127feac0fc0.jpg?1785669001,Diamond,27,0,WHM
Noel Bunny,5201676,130,116,Behemoth,Primal,0,0,c7f99603b6e09c43470bbabaed203add_be20385e18333edb329d4574f364a1f0fc0.jpg?1785669127,Diamond,26,0,UNK
A'kena Themis,30488636,131,137,Cuchulainn,Dynamis,0,0,0dfbdcebc19679eb813e05521b4bc587_b4a106e4893fd452df0001eaeecf9d7efc0.jpg?1785667463,Diamond,14,4,AST
Larxis Themage,9284703,132,142,Mateus,Crystal,0,0,f1440421e273892659981868cbc99f9b_f0c52cc66e124fc2e641d7c21ab2ce79fc0.jpg?1785669096,Diamond,49,6,BLM
Stephanie Dolla,28812314,133,117,Zalera,Crystal,0,0,d9051d9ee54d0e9f8178549cfed7d8cf_8106f857613f8fb994b0be37b26ff4bafc0.jpg?1785668817,Diamond,32,0,GNB
Eroison Chren,42575447,134,146,Ultros,Primal,0,0,d66c862181da18eea3335d6667510dc6_c514cdcdb619439df97d906d4434ccc6fc0.jpg?1785670006,Diamond,27,4,SAM
Cecils Lunas,39054438,135,137,Brynhildr,Crystal,0,0,4f553dbd79cfae0460c3d43b82171d15_d0a0f515a62457570c9b44997063e3c1fc0.jpg?1785668646,Diamond,16,6,SMN
Jin Mercer,31096690,136,119,Marilith,Dynamis,0,0,708b770d30658bbff6a84015d913b518_bbfb28d5a9059cd0c768daf77ab29982fc0.jpg?1785667598,Diamond,9,0,MNK
Lolly Pops,11573609,137,120,Leviathan,Primal,0,0,a38b4d4cbcfc624c56b5db6efb627dd2_a91aae52cff9ef65932db06b150ffd47fc0.jpg?1785667424,Diamond,52,0,MCH
Kanae Meow,36806118,138,121,Ultros,Primal,0,0,8969e8a0b518902a3996525f822b4701_c514cdcdb619439df97d906d4434ccc6fc0.jpg?1785669789,Diamond,47,0,WHM
Lux Mas,23065843,139,129,Sargatanas,Aether,0,0,88a2ca0abf69b95b8d6893d740e04615_ba22853447012a24cee115315d6a5bebfc0.jpg?1785668046,Diamond,42,2,PCT
Savard Qerel,20600432,140,122,Diabolos,Crystal,0,0,db0af86bd2eb90f70c42b9e65658aff2_7b33d33ae3ecb996f778a5f67a6a0af6fc0.jpg?1785668280,Diamond,39,0,WAR
Tarex Youva,34244171,141,126,Behemoth,Primal,0,0,f62a1a6593a19abc7f2ade2191e57159_be20385e18333edb329d4574f364a1f0fc0.jpg?1785670234,Diamond,20,7,WHM
Dandy Lyon,9088850,142,197,Leviathan,Primal,0,0,5e652518b4930ff5cb411a5818760318_a91aae52cff9ef65932db06b150ffd47fc0.jpg?1785667843,Diamond,17,7,WHM
Mocha Sun,31799604,143,124,Coeurl,Crystal,0,0,3929588579c8d6631b5fe6a13edbb3dd_284358f8eb4efc9095914e46798c6ab3fc0.jpg?1785667824,Diamond,15,0,MCH
Nonoha Noha,32959229,143,125,Balmung,Crystal,0,0,d9c4977477ddfaebc0c2204729f692f9_7a573cbc0cda3a3dfc1795cb3d9f7b23fc0.jpg?1785669984,Diamond,15,1,BRD
Scythe Horrorblade,32713598,145,153,Mateus,Crystal,0,0,43c41a5aa8d981f109e6d76f3347bd93_f0c52cc66e124fc2e641d7c21ab2ce79fc0.jpg?1785668074,Diamond,55,7,UNK
Oni Akuma,7300790,146,130,Gilgamesh,Aether,0,0,e8e098720e245711114b4614110261b5_b937560c841465f7c4bc8eb47ea7948afc0.jpg?1785669552,Diamond,43,11,MNK
Elphen Gura,2247953,147,131,Gilgamesh,Aether,0,0,292e135e4f46290be61b4699e8236363_b937560c841465f7c4bc8eb47ea7948afc0.jpg?1785668747,Diamond,25,0,SGE
Naeng Myeon,35393894,147,166,Jenova,Aether,0,0,e834ee8ccde5fd99424275ed75278f5b_ce736afe35e2ded4e46c4fd0659aef7efc0.jpg?1785670439,Diamond,25,9,DRG
Isabeau Yuki,56519813,149,132,Balmung,Crystal,0,0,f89033dd8180df3efc68a5b0f142cf25_7a573cbc0cda3a3dfc1795cb3d9f7b23fc0.jpg?1785669983,Diamond,24,0,AST
Jenova Catgirl,56356925,150,133,Balmung,Crystal,0,0,fdd023d68fd7a60dd9109a3f33c74fb1_7a573cbc0cda3a3dfc1795cb3d9f7b23fc0.jpg?1785670072,Diamond,23,0,PCT
Teysa Montgomery,6201712,151,156,Cactuar,Aether,0,0,eb51f53fb1f2b23ee171b4e92895e9b4_96ab1df8877c1f8ba6a89a39cccfd437fc0.jpg?1785668548,Diamond,20,8,DRG
Orpheus Laine,29851207,152,134,Gilgamesh,Aether,0,0,5939235fbb052c79392d334cce14ca00_b937560c841465f7c4bc8eb47ea7948afc0.jpg?1785668194,Diamond,17,0,DRK
Silah Zetsku,53965328,153,135,Marilith,Dynamis,0,0,d2b4042f092dccb0d381fdc61afe74c3_bbfb28d5a9059cd0c768daf77ab29982fc0.jpg?1785670482,Diamond,13,0,BRD
Brian Ricardo,9364090,154,136,Adamantoise,Aether,0,0,c00688b4ac9b567c1a4de9d648fbbff4_1f5fd239b885860b7c2bfc72ad1d97effc0.jpg?1785669106,Diamond,11,0,AST
So What,33785359,154,139,Ultros,Primal,0,0,b0f894a94041f0bd4b241723ce815801_c514cdcdb619439df97d906d4434ccc6fc0.jpg?1785668993,Diamond,11,3,DRG
Ciel Sorrel,22647977,156,140,Zalera,Crystal,0,0,4feb2b2835b10561864f50a075fa571c_8106f857613f8fb994b0be37b26ff4bafc0.jpg?1785670000,Diamond,7,0,MCH
Cj Deux,23394493,157,141,Lamia,Primal,0,0,64702aeefa55d2931c531ddadd7964ea_4d9be17b5e1edc617052b4dbf4007875fc0.jpg?1785669525,Diamond,58,5,PCT
Saria Desolita,7318698,158,164,Exodus,Primal,0,0,b9d47f2d43e0c5bf6c608abae563f12e_0cdf051c93865faa15cbc5cd3d2b69fbfc0.jpg?1785669198,Diamond,39,6,AST
Mika Makura,43900321,159,143,Sargatanas,Aether,0,0,08bc6e0e70d7337801784f174c698620_ba22853447012a24cee115315d6a5bebfc0.jpg?1785669455,Diamond,34,1,DNC
Nana Shirogane,27492589,160,144,Lamia,Primal,0,0,3cda69c8242e3525a60690e884546ccd_4d9be17b5e1edc617052b4dbf4007875fc0.jpg?1785669248,Diamond,32,5,UNK
Glowing Orchid,38774047,161,147,Siren,Aether,0,0,88f633924891d0f1c7e70d8b2684e821_58a84e851e55175d22158ca97af58a1ffc0.jpg?1785667886,Diamond,27,8,SGE
Malachi Lights,12672217,162,145,Kraken,Dynamis,0,0,78c8b470bdf08206e10dc0aea773bc7c_049a956dfeb0eb2e19c417a1dde4d680fc0.jpg?1785670574,Diamond,25,1,SAM
Kale Crow,57973655,163,148,Excalibur,Primal,0,0,39e30189265e5cf770bddc1b87bdb349_745baffc465480ed372e274d50318290fc0.jpg?1785668855,Diamond,10,1,UNK
Diddly Gyatt,47133213,164,149,Excalibur,Primal,0,0,ccc0c02fa7582879eaf0559bd61758ec_745baffc465480ed372e274d50318290fc0.jpg?1785669111,Diamond,7,0,NIN
Nha-uwu John,47196895,164,149,Ultros,Primal,0,0,c74c6ed5858d763368f6267a128abb62_c514cdcdb619439df97d906d4434ccc6fc0.jpg?1785668894,Diamond,7,0,SCH
Shiba Kotohime,43864312,164,149,Balmung,Crystal,0,0,03f0a4821e97ef1e04b4bc44363c30e3_7a573cbc0cda3a3dfc1795cb3d9f7b23fc0.jpg?1785669081,Diamond,7,0,PLD
Eloza Ketsch,8667845,167,190,Malboro,Crystal,0,0,4414bb689fd8033d67e6821653f9a232_2e97c13fdd593d15d543093f8a37b6f0fc0.jpg?1785669633,Diamond,65,11,VPR
Lenpao Victus,30455513,168,160,Midgardsormr,Aether,0,0,6067c0a6b77debbd9a03665d4d13dd52_5c8ecfbc673e1287a9b5e85423fe1657fc0.jpg?1785669138,Diamond,21,12,UNK
Riki Gandrake,1558233,169,155,Balmung,Crystal,0,0,442f4df63f0df0c75d240ab042e3fcdb_7a573cbc0cda3a3dfc1795cb3d9f7b23fc0.jpg?1785668202,Diamond,20,0,RPR
Bean Waters,34305264,170,173,Famfrit,Primal,0,0,bcdcd97b24d4dfc6b3e643c8670b6f7c_fce4949e615393e574f2d57134b31fc1fc0.jpg?1785669621,Diamond,17,7,SAM
Gidson Brand,28304013,171,156,Goblin,Crystal,0,0,876c2dd63c77339205c6fe96b4bd3d82_8e81e2940511f7152ba4462fe53e35b8fc0.jpg?1785668309,Diamond,12,0,WAR
Thamiel Blade,11845109,171,156,Malboro,Crystal,0,0,80ba6f7aa26a72c98ebf41b210be27be_2e97c13fdd593d15d543093f8a37b6f0fc0.jpg?1785669112,Diamond,12,0,SMN
Yos Sy,23664999,171,156,Jenova,Aether,0,0,01f58e6e2269085746fd0a5b6fe0e7f2_ce736afe35e2ded4e46c4fd0659aef7efc0.jpg?1785670353,Diamond,12,0,PLD
Azureal Grandeur,20448737,174,187,Marilith,Dynamis,0,0,fa989d1d00d58fc1b4171abefb5e22b7_bbfb28d5a9059cd0c768daf77ab29982fc0.jpg?1785669557,Diamond,10,3,BRD
Draiser Montblanc,32398472,175,160,Lamia,Primal,0,0,7815697ae034669b4e9620865400c384_4d9be17b5e1edc617052b4dbf4007875fc0.jpg?1785670535,Diamond,9,0,DRK
Jen Helstrom,25258759,176,162,Coeurl,Crystal,0,0,04eae21709a39e9beb00eaf137a9c920_284358f8eb4efc9095914e46798c6ab3fc0.jpg?1785669328,Diamond,44,0,NIN
Nanamie Namie,54007603,177,163,Seraph,Dynamis,0,0,0a2ba3a431605dbe05215a75dffd70e7_07fb0511053f398d1f2d6831e6a6b4c8fc0.jpg?1785670576,Diamond,41,0,SAM
Cain Molkoh,57323197,178,179,Goblin,Crystal,0,0,889deea7b0b76edd744a2b6fb24a09a1_8e81e2940511f7152ba4462fe53e35b8fc0.jpg?1785667690,Diamond,38,10,PCT
Reed Diamond,7237831,179,165,Ultros,Primal,0,0,132bb33f336f4f3ae42c3cf9a96a11ad_c514cdcdb619439df97d906d4434ccc6fc0.jpg?1785670571,Diamond,24,0,MNK
Shinra Tatsuya,8648762,180,183,Gilgamesh,Aether,0,0,7dccb5e520b149afd2b044279fa8694e_b937560c841465f7c4bc8eb47ea7948afc0.jpg?1785667863,Diamond,22,11,DRK
Addison Reis,13331029,181,226,Balmung,Crystal,0,0,55155550ab0b2bf975a34a3d174dbb96_7a573cbc0cda3a3dfc1795cb3d9f7b23fc0.jpg?1785669836,Diamond,14,5,VPR
Banana Skye,48159675,182,184,Faerie,Aether,0,0,37d6f3f177181cc95ef2e697d25b0c85_0e336ff6ad415f47233f0aaf127feac0fc0.jpg?1785668676,Diamond,13,4,WHM
Haley Comet,27668347,183,233,Cactuar,Aether,0,0,2b237658ff580795f602f2f1b6069a76_96ab1df8877c1f8ba6a89a39cccfd437fc0.jpg?1785668057,Diamond,12,8,BRD
Kiitla Hundar,21600585,183,168,Brynhildr,Crystal,0,0,acff83df95bca2189584bd6af72e84ce_d0a0f515a62457570c9b44997063e3c1fc0.jpg?1785668497,Diamond,12,2,UNK
Zypris Allsbane,13616095,185,167,Leviathan,Primal,0,0,8194751bb802fcd9691a7ee558040836_a91aae52cff9ef65932db06b150ffd47fc0.jpg?1785667829,Diamond,11,0,RPR
Mini Miki,48775956,186,169,Hyperion,Primal,0,0,f93a08a63d35da3273db5bd24d02c19b_57ae9ee5592123dd79c8912bf768cf99fc0.jpg?1785668241,Diamond,8,0,SAM
V'rahsa Yun,36482021,187,170,Diabolos,Crystal,0,0,33c355fce6bd87aedc5b77aaaf8aacd9_7b33d33ae3ecb996f778a5f67a6a0af6fc0.jpg?1785667504,Diamond,7,0,UNK
Rasan Sena,13544028,188,171,Kraken,Dynamis,0,0,70d1ba94bcbeff8a384f1e364b2ee863_049a956dfeb0eb2e19c417a1dde4d680fc0.jpg?1785667709,Diamond,4,0,UNK
Greenage Hudson,17334864,189,172,Mateus,Crystal,0,0,8a24473a4118500340b8c827950bf0ee_f0c52cc66e124fc2e641d7c21ab2ce79fc0.jpg?1785670633,Diamond,31,1,MCH
Sabe Kryze,21508368,190,181,Coeurl,Crystal,0,0,a0a944e1f5230b8ce9389d528bf274af_284358f8eb4efc9095914e46798c6ab3fc0.jpg?1785667822,Diamond,18,3,WHM
Lishenna Bloodborne,12882191,191,184,Ultros,Primal,0,0,99310d0cea042cd2f2464c5e5675b99b_c514cdcdb619439df97d906d4434ccc6fc0.jpg?1785670508,Diamond,10,1,UNK
Living Failure,41211137,191,173,Ultros,Primal,0,0,0944d31af8dc0ff0f4aef75057f6b371_c514cdcdb619439df97d906d4434ccc6fc0.jpg?1785667949,Diamond,10,0,RDM
Tewi Inaba,6312330,193,0,Lamia,Primal,0,0,ce906f165d120981bf8f813e2d709124_4d9be17b5e1edc617052b4dbf4007875fc0.jpg?1785667600,Diamond,9,0,UNK
Shimori Bunihara,50186185,194,175,Kraken,Dynamis,0,0,c7cd2842a29701e0963bf6d156392014_049a956dfeb0eb2e19c417a1dde4d680fc0.jpg?1785670054,Diamond,8,0,DNC
Kronus Seiza,16632226,195,0,Leviathan,Primal,0,0,c8377d23aa62d74fc81101b7ee744fdf_a91aae52cff9ef65932db06b150ffd47fc0.jpg?1785670150,Diamond,7,0,SAM
Caster Ofhealz,54941141,196,177,Kraken,Dynamis,0,0,2d29fd1badb72853710b9cc7511f467f_049a956dfeb0eb2e19c417a1dde4d680fc0.jpg?1785668896,Diamond,6,1,MCH
Nani Master,10383203,197,0,Mateus,Crystal,0,0,de54c545c647381e57b2345290468e46_f0c52cc66e124fc2e641d7c21ab2ce79fc0.jpg?1785670741,Diamond,68,13,DRG
V'linh Tia,35736983,198,178,Hyperion,Primal,0,0,760e31f96b4d3b3534fcdc43c9564fab_57ae9ee5592123dd79c8912bf768cf99fc0.jpg?1785670239,Diamond,39,10,SMN
Bam Pepo,22678638,199,204,Sargatanas,Aether,0,0,8533b0fce359fe75fd8f831869cf110d_1f5fd239b885860b7c2bfc72ad1d97effc0.jpg?1785670063,Diamond,24,7,SAM
Galaxy Destroyer,60337447,200,180,Balmung,Crystal,0,0,962ec013c7ef29cf88c9502db64eea5f_7a573cbc0cda3a3dfc1795cb3d9f7b23fc0.jpg?1785667550,Diamond,22,0,UNK
Rathais Gunnach,32955444,201,209,Brynhildr,Crystal,0,0,2a434eda7d82f52a4a70d056b83f2c27_d0a0f515a62457570c9b44997063e3c1fc0.jpg?1785670052,Diamond,20,12,SGE
I'm Die,4799967,202,182,Gilgamesh,Aether,0,0,c11aaa36c6d7b1b8376ea9c14a3c6f5f_b937560c841465f7c4bc8eb47ea7948afc0.jpg?1785667319,Diamond,12,0,BRD
Eris Valens,29017252,203,184,Ultros,Primal,0,0,843039b57a19bafbdba3c5235b6bb73b_c514cdcdb619439df97d906d4434ccc6fc0.jpg?1785667861,Diamond,9,0,BRD
No Bee,37102144,204,295,Lamia,Primal,0,0,5c741048df2befeb7f80a2b03bb02aee_4d9be17b5e1edc617052b4dbf4007875fc0.jpg?1785667265,Diamond,8,0,SCH
Xale Solace,52728205,205,0,Adamantoise,Aether,0,0,5272a5d5dea9738bb4a6638ac3f083d2_1f5fd239b885860b7c2bfc72ad1d97effc0.jpg?1785669842,Diamond,5,0,DRG
Mash Buttons,12470854,206,188,Ultros,Primal,0,0,eec5508ec2ce3844fd62caa5b87a24d8_c514cdcdb619439df97d906d4434ccc6fc0.jpg?1785668891,Diamond,3,0,BRD
Satoshi Itaori,52546108,206,0,Golem,Dynamis,0,0,1ecf4d8479fa0e8c3c4b6fe005108b6d_dd61c3dc259e5c43722e89409499b669fc0.jpg?1785668080,Diamond,3,0,DRG
Zero Infinity,24892158,208,189,Leviathan,Primal,0,0,3e81b091ca7d58c24c56ff29d26ce657_a91aae52cff9ef65932db06b150ffd47fc0.jpg?1785669603,Diamond,77,0,SGE
Shoji Takamura,61762635,209,191,Jenova,Aether,0,0,d5049e0803da1f5700919b28fc756498_ce736afe35e2ded4e46c4fd0659aef7efc0.jpg?1785670737,Diamond,41,0,GNB
Phrosticus Maximus,51732834,210,192,Kraken,Dynamis,0,0,36921233b0c05085a501c86bb51f5633_049a956dfeb0eb2e19c417a1dde4d680fc0.jpg?1785670069,Diamond,34,0,NIN
Celeste Aeternum,38129090,211,194,Adamantoise,Aether,0,0,76510814c4215ff9bd016e9313ee6e2c_1f5fd239b885860b7c2bfc72ad1d97effc0.jpg?1785667172,Diamond,24,9,WAR
Communal Cheeks,27114083,212,193,Exodus,Primal,0,0,3fc08de400212f238f1a14efeb29b544_0cdf051c93865faa15cbc5cd3d2b69fbfc0.jpg?1785670499,Diamond,17,0,MCH
Horan Lou,38248988,213,196,Brynhildr,Crystal,0,0,3c88d2c3502bacefa5eb1e223a75217b_d0a0f515a62457570c9b44997063e3c1fc0.jpg?1785667569,Diamond,16,5,DRG
Celicat Owaowa,35524850,214,195,Malboro,Crystal,0,0,a457193103c1bc069e4ac285614c96f0_2e97c13fdd593d15d543093f8a37b6f0fc0.jpg?1785669736,Diamond,12,0,WAR
Lief Eksil,20195744,215,198,Jenova,Aether,0,0,33906bd77a7d2eb73c8c22b2225fae2d_ce736afe35e2ded4e46c4fd0659aef7efc0.jpg?1785670016,Diamond,6,0,SMN
Gracidea Blossom,4573171,216,244,Lamia,Primal,0,0,12afdfb12aebd14365b3149875fee65f_4d9be17b5e1edc617052b4dbf4007875fc0.jpg?1785670702,Diamond,4,3,WHM
You Sea,12059416,217,200,Gilgamesh,Aether,0,0,6ac29901580281ae6a79f2e6a070dc6a_b937560c841465f7c4bc8eb47ea7948afc0.jpg?1785669859,Diamond,3,0,PCT
First Name,39082032,218,201,Gilgamesh,Aether,0,0,f61b7a515f332494dbc997024a22504d_b937560c841465f7c4bc8eb47ea7948afc0.jpg?1785669178,Diamond,87,15,UNK
Vanilla Swirl,26477555,219,0,Balmung,Crystal,0,0,4c5274bc60889a329392f06fd920cc53_7a573cbc0cda3a3dfc1795cb3d9f7b23fc0.jpg?1785667851,Diamond,35,15,AST
Kayin Fenrir,3137688,220,0,Faerie,Aether,0,0,a8e94b088cd60ef0124b965aedec3772_0e336ff6ad415f47233f0aaf127feac0fc0.jpg?1785669186,Diamond,30,13,MNK
Mutilated Remains,15274725,221,202,Adamantoise,Aether,0,0,8f629073b22cd80f608068b9cfd406f3_1f5fd239b885860b7c2bfc72ad1d97effc0.jpg?1785669790,Diamond,29,8,DRG
Grem Lynoir,49876244,222,203,Diabolos,Crystal,0,0,e9408b6119c7b2f158074dc2c17546b2_7b33d33ae3ecb996f778a5f67a6a0af6fc0.jpg?1785670130,Diamond,19,0,SGE
Vaal Hazak,26534863,223,0,Zalera,Crystal,0,0,7c44a75a2f3d57a9cd3b86235340939b_8106f857613f8fb994b0be37b26ff4bafc0.jpg?1785668574,Diamond,17,2,WAR
Pharys Ra,13620648,224,205,Excalibur,Primal,0,0,ab536250c61e7cff127e8bc9e716882f_745baffc465480ed372e274d50318290fc0.jpg?1785669725,Diamond,15,0,RDM
Sophia Sol,50636657,224,205,Diabolos,Crystal,0,0,f2e548487adc8d24ba4ee5ae891d1fca_7b33d33ae3ecb996f778a5f67a6a0af6fc0.jpg?1785667255,Diamond,15,0,BLM
Misdes Lightborn,15985822,226,208,Excalibur,Primal,0,0,b5a720db92fc3ecb59bb12c0885b2648_745baffc465480ed372e274d50318290fc0.jpg?1785669582,Diamond,9,0,SGE
Ellie Meeps,36047772,227,210,Lamia,Primal,0,0,5075b5b323ed5910f6ab59867119b460_4d9be17b5e1edc617052b4dbf4007875fc0.jpg?1785667697,Diamond,7,0,BLM
Neo Zee',28714097,227,244,Balmung,Crystal,0,0,ecd9a08521dcc0c1872ac990f3a534b9_7a573cbc0cda3a3dfc1795cb3d9f7b23fc0.jpg?1785668158,Diamond,7,6,BRD
Denmo Mcstronghuge,1150717,229,211,Excalibur,Primal,0,0,bb33b9be77e28ab26ee6367ad6ba7cac_745baffc465480ed372e274d50318290fc0.jpg?1785669483,Diamond,6,0,BLM
Diana Page,31890298,229,211,Malboro,Crystal,0,0,e00b2671dacbbcf0c64b3dca7d8309b8_2e97c13fdd593d15d543093f8a37b6f0fc0.jpg?1785670428,Diamond,6,0,MCH
Na In,32505635,231,213,Goblin,Crystal,0,0,6ad54caac94f2e89fe9d5acd94c2c145_8e81e2940511f7152ba4462fe53e35b8fc0.jpg?1785669514,Diamond,5,0,BLM
Shiroi Kijo,44769088,231,213,Ultros,Primal,0,0,2bc8c14bed99e41cc16db823a37e5295_c514cdcdb619439df97d906d4434ccc6fc0.jpg?1785667418,Diamond,5,0,SMN
Belle Quicksilver,2897739,233,215,Balmung,Crystal,0,0,4f386af86d2c8049f58f4baaeeb4a3a3_7a573cbc0cda3a3dfc1795cb3d9f7b23fc0.jpg?1785669241,Diamond,3,0,UNK
Kyrillos Adler,36815385,233,215,Midgardsormr,Aether,0,0,1cbc27d51a9280a111dc25e47ffc0db6_5c8ecfbc673e1287a9b5e85423fe1657fc0.jpg?1785669590,Diamond,3,0,GNB
Alhanelem Amidatelion,873371,235,217,Hyperion,Primal,0,0,6b4308cba17ad122edd5baebfaf6b98a_57ae9ee5592123dd79c8912bf768cf99fc0.jpg?1785669170,Diamond,2,0,PCT
Hroch Cipher,38843258,236,218,Brynhildr,Crystal,0,0,83bd93155dbaa1c9fa4328cff8067336_d0a0f515a62457570c9b44997063e3c1fc0.jpg?1785669807,Diamond,50,2,NIN
Calyx Lightfall,26053289,237,0,Diabolos,Crystal,0,0,3537377176e9bf8e2341140da5e1d827_7b33d33ae3ecb996f778a5f67a6a0af6fc0.jpg?1785667398,Diamond,44,23,DRG
Beef Testoserone,31210622,238,0,Lamia,Primal,0,0,8722cb428122ce685cf8b96a844468f3_4d9be17b5e1edc617052b4dbf4007875fc0.jpg?1785670360,Diamond,41,9,SMN
Lynnes Atelos,19238762,239,0,Lamia,Primal,0,0,1d9f508f3dd6044f8d012d7eba67a34f_4d9be17b5e1edc617052b4dbf4007875fc0.jpg?1785668994,Diamond,35,17,SMN
Zhamla Meer,28108044,240,219,Diabolos,Crystal,0,0,d254cd9d290acc95810fd6d7c72153cf_7b33d33ae3ecb996f778a5f67a6a0af6fc0.jpg?1785669039,Diamond,28,6,GNB
Daeis Arc,31556437,241,220,Siren,Aether,0,0,a6f89bb3c06524a4b469909fd9e6cb4e_58a84e851e55175d22158ca97af58a1ffc0.jpg?1785668909,Diamond,18,0,MCH
Rei Momochi,50254035,242,221,Siren,Aether,0,0,cb1720f90e6c9a751720009eb7c39a62_58a84e851e55175d22158ca97af58a1ffc0.jpg?1785670474,Diamond,17,0,UNK
Satxrn Xx,13999745,243,222,Jenova,Aether,0,0,ab4556bd51e3612f0f9dfff60aa81c83_ce736afe35e2ded4e46c4fd0659aef7efc0.jpg?1785669761,Diamond,16,0,UNK
Aeon Xel'kai,11883456,244,224,Gilgamesh,Aether,0,0,48aca0812d41518f37895b59be706dd8_b937560c841465f7c4bc8eb47ea7948afc0.jpg?1785668185,Diamond,12,0,GNB
Hiro Hirino,4677599,245,225,Excalibur,Primal,0,0,a8fff7e575552e602ec806be25a54135_745baffc465480ed372e274d50318290fc0.jpg?1785668691,Diamond,11,0,WHM
Xion Fleur,45111165,246,241,Leviathan,Primal,0,0,91cc4c8c334d9404f523f324d4439d0a_a91aae52cff9ef65932db06b150ffd47fc0.jpg?1785667540,Diamond,8,6,DRG
Divine Zr,3973978,247,227,Gilgamesh,Aether,0,0,7fb139bbb52d4f47001269f6769ee972_b937560c841465f7c4bc8eb47ea7948afc0.jpg?1785667745,Diamond,7,0,GNB
Glamour Police,42569529,247,227,Faerie,Aether,0,0,628a713ff9a3e9604964fec89696bc80_0e336ff6ad415f47233f0aaf127feac0fc0.jpg?1785669686,Diamond,7,0,SCH
Lumiel Alstreim,6929457,247,227,Balmung,Crystal,0,0,6004c4e57250b544ed36bf6b310e878a_7a573cbc0cda3a3dfc1795cb3d9f7b23fc0.jpg?1785668021,Diamond,7,0,AST
Byleth Eisner,31210829,250,233,Diabolos,Crystal,0,0,9519bc4bef09cdf0eabb6cb9e75c643f_7b33d33ae3ecb996f778a5f67a6a0af6fc0.jpg?1785668780,Diamond,6,2,SMN
Jon Jitsu,3287137,250,230,Exodus,Primal,0,0,40995ea7a6a7bd4a2bf41fe663bdcd2a_0cdf051c93865faa15cbc5cd3d2b69fbfc0.jpg?1785668406,Diamond,6,0,GNB
Kirishoto Azphina,7859003,250,230,Excalibur,Primal,0,0,c9689b4fc4af55f8366432b02c0ce55f_745baffc465480ed372e274d50318290fc0.jpg?1785668354,Diamond,6,0,WHM
Baka Bao,48974722,253,232,Gilgamesh,Aether,0,0,ef2247fb5724315ecd96d1ac9c5804b1_b937560c841465f7c4bc8eb47ea7948afc0.jpg?1785669984,Diamond,5,0,SAM
Aahaha Hahahahaha,31743716,254,233,Exodus,Primal,0,0,77935bdcfdbdbcd8404ce28584023170_0cdf051c93865faa15cbc5cd3d2b69fbfc0.jpg?1785669335,Diamond,4,0,VPR
Bonzie Rice,42563875,255,237,Halicarnassus,Dynamis,0,0,1ebd9289972e6929e32e80360d9c1f5f_f2d324d722b28bbe681b2898bcdca8bffc0.jpg?1785668675,Diamond,3,0,WHM
Lulumi Lumi,4385892,255,237,Excalibur,Primal,0,0,f67f0afcda21270147df40ff6110d899_745baffc465480ed372e274d50318290fc0.jpg?1785667714,Diamond,3,0,SCH
Seychelle Mae,15803862,255,237,Hyperion,Primal,0,0,f3aabdecd1d759e56719f01786a72507_57ae9ee5592123dd79c8912bf768cf99fc0.jpg?1785667201,Diamond,3,0,UNK
Totomo Tomo,21091356,255,237,Mateus,Crystal,0,0,658b6fff8b4779dd780ce5dd4a27fe73_f0c52cc66e124fc2e641d7c21ab2ce79fc0.jpg?1785667503,Diamond,3,0,VPR
Jonn Snoww,19740354,259,241,Marilith,Dynamis,0,0,a7e133f499c7eaef9939ae48fdfd1c14_bbfb28d5a9059cd0c768daf77ab29982fc0.jpg?1785669034,Diamond,2,0,RDM
Runica Featherbow,2735402,259,241,Gilgamesh,Aether,0,0,2050ede441451e2b7f340c28c5ea7fe9_b937560c841465f7c4bc8eb47ea7948afc0.jpg?1785668748,Diamond,2,0,WAR
Ak'o Tia,34363822,261,244,Behemoth,Primal,0,0,1b3d1d8ad42763c52706747b13cb6647_be20385e18333edb329d4574f364a1f0fc0.jpg?1785669863,Diamond,1,0,MNK
Iron'chef America,8128303,261,244,Excalibur,Primal,0,0,0481201183ab89a2bd2f40a399e79d47_745baffc465480ed372e274d50318290fc0.jpg?1785669683,Diamond,1,0,PLD
Kazuya Regilis,60810596,261,244,Golem,Dynamis,0,0,1acb69c2897e9bf97d19ecb1b949ede2_dd61c3dc259e5c43722e89409499b669fc0.jpg?1785668887,Diamond,1,0,SGE
Kookiki Kooki,39878714,261,244,Mateus,Crystal,0,0,a5cc27e1b858293392d13abf6fc94e77_f0c52cc66e124fc2e641d7c21ab2ce79fc0.jpg?1785669203,Diamond,1,0,DRG
Lazarus Shade,14689253,261,244,Midgardsormr,Aether,0,0,1dad866ddd12676c99ed368751dcd576_5c8ecfbc673e1287a9b5e85423fe1657fc0.jpg?1785668369,Diamond,1,0,SGE
Myron Bruh,2328250,261,244,Adamantoise,Aether,0,0,e979eeace2c98e9b400b84529b6779b7_1f5fd239b885860b7c2bfc72ad1d97effc0.jpg?1785667455,Diamond,1,0,SCH
Orea Brador,33963035,261,244,Exodus,Primal,0,0,de652fddceae1de60684077d0d5922e4_0cdf051c93865faa15cbc5cd3d2b69fbfc0.jpg?1785667851,Diamond,1,0,ARC
Ash Dhalia,43085713,268,0,Brynhildr,Crystal,0,0,1584f3709cf5b60d870f06d00b59f0e2_d0a0f515a62457570c9b44997063e3c1fc0.jpg?1785670446,Diamond,58,11,RDM
June Freyja,10894711,269,0,Brynhildr,Crystal,0,0,a53a85398b567470f54962e592f2684d_d0a0f515a62457570c9b44997063e3c1fc0.jpg?1785667719,Diamond,51,15,BLM
Rekkuzo Hassan,33825089,270,253,Malboro,Crystal,0,0,c4f99a14c73ad06cb40ca45c824a4eeb_2e97c13fdd593d15d543093f8a37b6f0fc0.jpg?1785667182,Diamond,48,0,RPR
B'lakea Rook,40277296,271,254,Excalibur,Primal,0,0,5b28342f0059552f4be78e5580b734ae_745baffc465480ed372e274d50318290fc0.jpg?1785667809,Diamond,47,1,NIN
Vero Aeolian,4285889,272,255,Faerie,Aether,0,0,d9eafe2b41e79d18f8756442afe584da_0e336ff6ad415f47233f0aaf127feac0fc0.jpg?1785669166,Diamond,37,0,GNB
R'afa Lhea,21024251,273,256,Midgardsormr,Aether,0,0,8e44e046221bc46b609ea5dc475e6479_5c8ecfbc673e1287a9b5e85423fe1657fc0.jpg?1785667880,Diamond,34,0,SGE
Zithiel Bihrul,44613484,274,262,Faerie,Aether,0,0,4abc29f0f384c794c1f6c7e7e60b8ed8_0e336ff6ad415f47233f0aaf127feac0fc0.jpg?1785670294,Diamond,33,14,MCH
Robin Alsaints,41838670,275,0,Coeurl,Crystal,0,0,ca428ca44ee6f14ab0b8f6b96e820c64_284358f8eb4efc9095914e46798c6ab3fc0.jpg?1785668994,Diamond,31,6,RDM
Blaqk Chan,21344246,276,257,Gilgamesh,Aether,0,0,a6acc44ca81aa0fced850b7ff829213e_b937560c841465f7c4bc8eb47ea7948afc0.jpg?1785669133,Diamond,29,0,PCT
Yuki Yozora,32275648,276,257,Faerie,Aether,0,0,bed164ee9535c02b6ea7cc8b5000c845_0e336ff6ad415f47233f0aaf127feac0fc0.jpg?1785669578,Diamond,29,0,SAM
Blue Dreamer,40535782,278,259,Hyperion,Primal,0,0,3be8f3f138a1e162a97f7cc08389a699_57ae9ee5592123dd79c8912bf768cf99fc0.jpg?1785667219,Diamond,26,0,WHM
Izanami Manohara,8960998,279,260,Golem,Dynamis,0,0,ffa4661cd895fc80e60b2874f52e6a75_dd61c3dc259e5c43722e89409499b669fc0.jpg?1785668877,Diamond,25,0,RDM
Amelia Snowy,57212337,280,261,Sargatanas,Aether,0,0,3201ddb4acea86a57af9b79aaa1252d9_ba22853447012a24cee115315d6a5bebfc0.jpg?1785667640,Diamond,21,0,DNC
W'kepaga M'ankhad,51943168,281,263,Midgardsormr,Aether,0,0,2731864a3bfbb890bb0d554a4dbb55cc_5c8ecfbc673e1287a9b5e85423fe1657fc0.jpg?1785670456,Diamond,18,0,SMN
Tal'ke Rainare,14164301,282,264,Midgardsormr,Aether,0,0,403485f2f483772b61443b59493fc754_5c8ecfbc673e1287a9b5e85423fe1657fc0.jpg?1785669896,Diamond,17,0,PCT
Shiri Grey,32860535,283,269,Cactuar,Aether,0,0,98556472ecc5021f50bd474340b4927f_96ab1df8877c1f8ba6a89a39cccfd437fc0.jpg?1785670685,Diamond,15,6,SCH
Vicious Nouzen,42001229,283,265,Jenova,Aether,0,0,94ccc3f4ceffc2356f1ddd47d85ca9f7_ce736afe35e2ded4e46c4fd0659aef7efc0.jpg?1785670540,Diamond,15,0,MNK
Thwosau Uyagir,27672029,285,266,Ultros,Primal,0,0,26c05becd109bcec866c5f5306c140dc_c514cdcdb619439df97d906d4434ccc6fc0.jpg?1785668568,Diamond,13,0,BRD
Chessie Eo,18342011,286,267,Exodus,Primal,0,0,5d2719f0e655ab372afca2ccd7e39b33_0cdf051c93865faa15cbc5cd3d2b69fbfc0.jpg?1785669885,Diamond,11,0,RDM
K'mar Docium,22413878,286,270,Exodus,Primal,0,0,f434646ea439ae92db6ada05279cb980_0cdf051c93865faa15cbc5cd3d2b69fbfc0.jpg?1785670157,Diamond,11,5,DNC
Sasori Pleeze,13811194,286,267,Cactuar,Aether,0,0,39a37e3c012de7959d2b4e0a72bc15b2_96ab1df8877c1f8ba6a89a39cccfd437fc0.jpg?1785667261,Diamond,11,0,BLM
Yelena Carter,43365475,286,271,Brynhildr,Crystal,0,0,74f04ad7837dc8e5bfbdc442b58f2a4a_d0a0f515a62457570c9b44997063e3c1fc0.jpg?1785667395,Diamond,11,6,WAR
Stay Gold,32720913,290,0,Malboro,Crystal,0,0,ea8f0554d2c4394a22940379652fb50f_2e97c13fdd593d15d543093f8a37b6f0fc0.jpg?1785668028,Diamond,10,8,BRD
Robbie Starbucks,35646607,291,0,Adamantoise,Aether,0,0,05a98cd59dcdb5ddd0cf14c7ef557b94_1f5fd239b885860b7c2bfc72ad1d97effc0.jpg?1785668862,Diamond,7,0,UNK
Angry Ankle,49045578,292,272,Goblin,Crystal,0,0,24176c9621c8b1ecaefe7ce3699cdf5f_8e81e2940511f7152ba4462fe53e35b8fc0.jpg?1785668846,Diamond,2,0,BRD
Fiora Everly,1330069,292,272,Hyperion,Primal,0,0,0c33bd7d443c2d353616387e6a788132_57ae9ee5592123dd79c8912bf768cf99fc0.jpg?1785667435,Diamond,2,0,UNK
Hikina La,39907287,292,272,Zalera,Crystal,0,0,49b647576d2c3dc2061e4b1525208438_8106f857613f8fb994b0be37b26ff4bafc0.jpg?1785669264,Diamond,2,0,SGE
Tsov Tom,27546525,292,272,Diabolos,Crystal,0,0,9625bb0e093823c3e0ed8213d9d8c1ef_7b33d33ae3ecb996f778a5f67a6a0af6fc0.jpg?1785670139,Diamond,2,0,SMN
Aavlen Zo,32887243,296,0,Brynhildr,Crystal,0,0,2a3e3ea4d262cfdf8a2ee034b379b099_d0a0f515a62457570c9b44997063e3c1fc0.jpg?1785670067,Diamond,1,0,DNC
Lafite Livie,39908432,296,276,Leviathan,Primal,0,0,1efe1555f2d06b58ac2f8da9445c73a3_a91aae52cff9ef65932db06b150ffd47fc0.jpg?1785669916,Diamond,1,0,MCH
Null Zeta,31940004,296,276,Excalibur,Primal,0,0,0d591dc765bf21549752d8542453af29_745baffc465480ed372e274d50318290fc0.jpg?1785669844,Diamond,1,0,UNK
Strolling Sapling,2190135,296,0,Sargatanas,Aether,0,0,5d14cd48e3d1d7f1c24bec20f7a98be4_ba22853447012a24cee115315d6a5bebfc0.jpg?1785668220,Diamond,1,0,DNC
Bento Manjusaka,8342791,300,0,Famfrit,Primal,0,0,6ad6165e804ca5f8a6e46061f7c359ec_fce4949e615393e574f2d57134b31fc1fc0.jpg?1785668129,Diamond,0,0,SAM
Sora Teppelin,7487042,1,0,Sophia,Materia,0,0,3d849e783499c238b2f4d439e3a8c2a7_ba15a18cd3a8fb567e39053022515eb6fc0.jpg?1785669671,Platinum,28,0,VPR
Chs Crane,37655547,2,0,Sophia,Materia,0,0,7cd2d4b420716bf684bdd41ef37d9319_ba15a18cd3a8fb567e39053022515eb6fc0.jpg?1785669396,Platinum,25,0,DRG
Syth Isi,14766898,3,10,Sephirot,Materia,0,0,4eef23c58ccbdfd054240b7a6afee3df_30a5f9eadea6e0cb684a5265362d0d59fc0.jpg?1785667615,Platinum,19,2,RPR
Extra Mage,53741533,4,3,Ravana,Materia,0,0,f3de0d50cc0a90fa1007426ba511be83_2f53b2675d3eea360f0b48d74d30af15fc0.jpg?1785667488,Platinum,13,0,DNC
Master Zoknik,61010055,5,8,Zurvan,Materia,0,0,bfa135b89b0fb27fe708b3a427bd667f_1fa3a1b3845481a1b67b46854a3cc49afc0.jpg?1785670347,Gold,73,11,WAR
Goode Morning,46999849,6,7,Bismarck,Materia,0,0,78b690699b1baccabf6653fbe9714bd9_36f0570990ac5402b2ef514d36b0435cfc0.jpg?1785667879,Gold,25,16,DNC
Ku Ku,58267971,6,4,Sophia,Materia,0,0,77db43d75ac5ffe3d585318a47534ab9_ba15a18cd3a8fb567e39053022515eb6fc0.jpg?1785669375,Gold,25,0,BRD
Boz Ulceros,32280980,8,5,Ravana,Materia,0,0,269b081d650bf5598fd5a3f9419b8b43_2f53b2675d3eea360f0b48d74d30af15fc0.jpg?1785668600,Gold,20,0,NIN
Fatahh Wizardcat,60429758,8,5,Zurvan,Materia,0,0,0a04508a6feea55f3b4227e7d574212a_1fa3a1b3845481a1b67b46854a3cc49afc0.jpg?1785667186,Gold,20,0,MCH
Shiki Hime,41619079,10,11,Sophia,Materia,0,0,e0f33871fdd9bcb0012cace0f140b504_ba15a18cd3a8fb567e39053022515eb6fc0.jpg?1785669360,Gold,17,2,MNK
Stupid Puzzle,57160120,11,23,Ravana,Materia,0,0,7af9b543418115db5c1299f1abb4e123_2f53b2675d3eea360f0b48d74d30af15fc0.jpg?1785669329,Gold,45,13,DRG
Stu Vermillion,45923134,12,9,Sephirot,Materia,0,0,542be51b9ba1f8c4c217e94d2b96e3aa_30a5f9eadea6e0cb684a5265362d0d59fc0.jpg?1785668071,Gold,29,8,WHM
Raiosu Eucliffe,45249258,13,28,Ravana,Materia,0,0,a21442f92d53ab89cab416d41fe9132d_2f53b2675d3eea360f0b48d74d30af15fc0.jpg?1785668858,Gold,21,10,SAM
Scarlette Harlette,51206657,14,26,Sephirot,Materia,0,0,2f63ccbdc329fa14480887bf4c0dfa0e_30a5f9eadea6e0cb684a5265362d0d59fc0.jpg?1785668818,Gold,42,9,BRD
Jiraiya Sannin,47974804,15,12,Ravana,Materia,0,0,6a5cc312529bc78b7d0bbbf5f41983af_2f53b2675d3eea360f0b48d74d30af15fc0.jpg?1785668081,Gold,34,8,GNB
Han Liu,44640291,16,17,Ravana,Materia,0,0,55233b520f90487f51f380e2add5fc3d_2f53b2675d3eea360f0b48d74d30af15fc0.jpg?1785669449,Gold,50,20,SGE
Monkey Rat,28956529,17,30,Zurvan,Materia,0,0,bd13db4ebaa363278dd269b5941ae816_1fa3a1b3845481a1b67b46854a3cc49afc0.jpg?1785670288,Gold,41,14,GNB
Izaray Wintergray,40906176,18,13,Sophia,Materia,0,0,be2f5b4e324fa72cd4ef19d0c29f10da_ba15a18cd3a8fb567e39053022515eb6fc0.jpg?1785667292,Gold,31,2,PLD
Ash Kitamura,26629771,19,63,Ravana,Materia,0,0,33c0c99f7649a707ea0e8e4da0340efb_2f53b2675d3eea360f0b48d74d30af15fc0.jpg?1785670667,Gold,29,21,PCT
Noelle Frost,59496366,20,0,Zurvan,Materia,0,0,5e03b95700bb3e6556a80cb9336a41d2_1fa3a1b3845481a1b67b46854a3cc49afc0.jpg?1785668876,Gold,27,0,WHM
Disco Knees,36101852,21,14,Sophia,Materia,0,0,48d0a8dae7efe9ad10780f28920a969b_ba15a18cd3a8fb567e39053022515eb6fc0.jpg?1785670575,Gold,17,2,MNK
Jena Kuwahara,28003546,22,15,Ravana,Materia,0,0,5bacb190ffd91b392df04923b13fa29a_2f53b2675d3eea360f0b48d74d30af15fc0.jpg?1785669077,Gold,36,7,SMN
Seth Nier,10650761,23,56,Sophia,Materia,0,0,64bba40966450747199bec23184e47a3_ba15a18cd3a8fb567e39053022515eb6fc0.jpg?1785668147,Gold,17,16,WAR
Aislinn Rose,47395507,24,16,Ravana,Materia,0,0,920c56af8cba5363c65e0c83dbbcac71_2f53b2675d3eea360f0b48d74d30af15fc0.jpg?1785668522,Gold,31,10,BRD
Lillian Melikai,42502039,25,18,Ravana,Materia,0,0,6c5f22e96162240c2bb96702fcbe123b_2f53b2675d3eea360f0b48d74d30af15fc0.jpg?1785669283,Gold,18,0,DRG
Nirki Yukumo,41663432,26,22,Zurvan,Materia,0,0,c950234c9a872ae2ab8476f696fcb74f_1fa3a1b3845481a1b67b46854a3cc49afc0.jpg?1785669184,Gold,9,3,NIN
Lil Wu,39781651,27,19,Ravana,Materia,0,0,883868199332c12050d61887025475bc_2f53b2675d3eea360f0b48d74d30af15fc0.jpg?1785669999,Gold,6,1,VPR
Byakko Moon,10831175,28,20,Sephirot,Materia,0,0,7d8049ebe32efa74e5107944b1e43d15_30a5f9eadea6e0cb684a5265362d0d59fc0.jpg?1785670141,Gold,2,0,NIN
Aurum Blaiddyd,10794239,29,0,Sophia,Materia,0,0,8b76648a8cb1cbbd4f1c870189433f3a_ba15a18cd3a8fb567e39053022515eb6fc0.jpg?1785668110,Gold,13,0,PLD
Unshao Theruun,36386941,30,21,Sephirot,Materia,0,0,ec8f93abdc73eddcd17e0450db1cb572_30a5f9eadea6e0cb684a5265362d0d59fc0.jpg?1785669004,Gold,9,0,WAR
Lion Lord,60332724,31,25,Ravana,Materia,0,0,72fbb269e357d68127cd61715f152bc8_2f53b2675d3eea360f0b48d74d30af15fc0.jpg?1785669731,Silver,32,10,RDM
Sana Miyata,34196273,32,24,Ravana,Materia,0,0,4a94c0f8b59e635e8748a32f11cc42f8_2f53b2675d3eea360f0b48d74d30af15fc0.jpg?1785668284,Silver,25,0,AST
Clars Lester,951178,33,57,Sephirot,Materia,0,0,46727c8d445323c9e5b8140d37027050_30a5f9eadea6e0cb684a5265362d0d59fc0.jpg?1785670076,Silver,34,15,MCH
Cwenhild Reid,41763782,34,27,Sophia,Materia,0,0,c9d176025665cc1528a984e82a81fd64_ba15a18cd3a8fb567e39053022515eb6fc0.jpg?1785669707,Silver,24,4,DRK
Vielle Drillemont,52770027,35,31,Ravana,Materia,0,0,6c212c0698d00b38fb5cb7d51dcf91bf_2f53b2675d3eea360f0b48d74d30af15fc0.jpg?1785668230,Silver,40,17,BLM
Eustace Madao,44593837,36,32,Ravana,Materia,0,0,687914339d33024fe783e72eb5a1929f_2f53b2675d3eea360f0b48d74d30af15fc0.jpg?1785668852,Silver,19,4,BRD
Berogi Avarous,37261319,37,39,Sophia,Materia,0,0,5fbe574c31dc7541b2bb18753fed8278_ba15a18cd3a8fb567e39053022515eb6fc0.jpg?1785669398,Silver,16,5,RPR
Simetras Sol,38726083,38,41,Ravana,Materia,0,0,fc54c458f2e80d3680f50e6026011ab7_2f53b2675d3eea360f0b48d74d30af15fc0.jpg?1785668335,Silver,55,12,BLM
Sebastian Michaelis,42038341,39,29,Sephirot,Materia,0,0,17f4346a95c45541b337263d60106b3f_30a5f9eadea6e0cb684a5265362d0d59fc0.jpg?1785667260,Silver,38,7,WHM
Birdy Lou,40000398,40,42,Sophia,Materia,0,0,a8894121a60bc81621d47edf1ee0577b_ba15a18cd3a8fb567e39053022515eb6fc0.jpg?1785670084,Silver,25,6,UNK
Funeral Pyre,29286073,41,33,Zurvan,Materia,0,0,48d5de4023484583f2225a2026548284_1fa3a1b3845481a1b67b46854a3cc49afc0.jpg?1785668589,Silver,27,0,SMN
Twitch Pvpash,58810276,42,34,Ravana,Materia,0,0,029613325af959049b728f2d575f5a9a_2f53b2675d3eea360f0b48d74d30af15fc0.jpg?1785668999,Silver,14,0,SAM
Minty Dew,11254788,43,48,Sephirot,Materia,0,0,afdf4d4e1f96c8e17ed8dbbb09ea4e01_30a5f9eadea6e0cb684a5265362d0d59fc0.jpg?1785668279,Silver,12,2,WHM
Pompitous Litchous,28520377,44,35,Sephirot,Materia,0,0,ab4abed9c2f0b5369480818f95581f87_30a5f9eadea6e0cb684a5265362d0d59fc0.jpg?1785668279,Silver,10,0,MCH
Esperance Lightbound,16103781,45,36,Ravana,Materia,0,0,0d3ff648d49892a8fc3bd67490985032_2f53b2675d3eea360f0b48d74d30af15fc0.jpg?1785668631,Silver,9,0,BRD
Red Pocket,57790009,46,37,Zurvan,Materia,0,0,9ee6578b70ebe2412c9a6a3b9539d845_1fa3a1b3845481a1b67b46854a3cc49afc0.jpg?1785669401,Silver,1,0,UNK
Magnolia Moonsong,39932795,47,38,Ravana,Materia,0,0,a9e5b8f87ce0e4e7d236eef2abfe90e0_2f53b2675d3eea360f0b48d74d30af15fc0.jpg?1785668938,Silver,15,0,MNK
Neo Zee,58982637,47,76,Ravana,Materia,0,0,c042f71fe47095dad35d5764027056d1_2f53b2675d3eea360f0b48d74d30af15fc0.jpg?1785670654,Silver,15,8,BRD
Shiny Garchomp,44081260,49,71,Ravana,Materia,0,0,a9aeaf4658d90c68d46e7086d323e456_2f53b2675d3eea360f0b48d74d30af15fc0.jpg?1785670290,Silver,13,7,MNK
Sil Vanht,3592400,50,0,Ravana,Materia,0,0,7557bb5d8d4d13b13e750b30dbd34093_2f53b2675d3eea360f0b48d74d30af15fc0.jpg?1785670060,Silver,9,0,WAR
Brian Ricardo,41560139,51,40,Sophia,Materia,0,0,678ed14a243387459872b7217f75e382_ba15a18cd3a8fb567e39053022515eb6fc0.jpg?1785669262,Silver,8,0,SGE
Venase Tym,61779775,52,43,Sophia,Materia,0,0,24aac6d5abd68d4dc957bd7c98ba27f2_ba15a18cd3a8fb567e39053022515eb6fc0.jpg?1785670325,Silver,18,0,UNK
Aleksei Veldoch,39931654,53,46,Ravana,Materia,0,0,ef0923b785702de5a588b383a0d1bcea_2f53b2675d3eea360f0b48d74d30af15fc0.jpg?1785667966,Silver,17,4,RPR
Anzac Fenrir,10988408,53,44,Ravana,Materia,0,0,6c7b02f93e5250249333e13f236fc545_2f53b2675d3eea360f0b48d74d30af15fc0.jpg?1785668112,Silver,17,0,AST
C'ranmaia Lizha,60465549,55,49,Bismarck,Materia,0,0,f41736abfa17637ee6e1f020f2787726_36f0570990ac5402b2ef514d36b0435cfc0.jpg?1785668078,Silver,15,7,UNK
Zero Alexander,18446688,56,45,Sophia,Materia,0,0,f2e26342d51255236baa45461f41bf5b_ba15a18cd3a8fb567e39053022515eb6fc0.jpg?1785670305,Silver,14,0,SCH
Elto Malto,55670275,57,47,Zurvan,Materia,0,0,6625d7f60a549d4e764bdbbb6315b573_1fa3a1b3845481a1b67b46854a3cc49afc0.jpg?1785670336,Silver,6,0,UNK
Juru'a Mihrulh,48704606,58,59,Zurvan,Materia,0,0,80aa9b34947750aa356810124a11ba19_1fa3a1b3845481a1b67b46854a3cc49afc0.jpg?1785668181,Silver,21,7,PCT
Goober Gooberm,48887220,59,60,Ravana,Materia,0,0,4523e0b4a5f923b67e31f18f801210af_2f53b2675d3eea360f0b48d74d30af15fc0.jpg?1785669100,Silver,18,6,PCT
Zervish Vanht,21659747,60,0,Ravana,Materia,0,0,ff2403388bd597c0b3fb62c30e9bff67_2f53b2675d3eea360f0b48d74d30af15fc0.jpg?1785669096,Silver,10,0,SMN
Athena' Aria,29939277,61,50,Ravana,Materia,0,0,c678c1cf7f9d7de3e80882588e7606e8_2f53b2675d3eea360f0b48d74d30af15fc0.jpg?1785667901,Silver,6,0,AST
Sukoshi Ninjin,57860048,62,51,Sophia,Materia,0,0,b41a0bd7b5958d56cec5f84314a28f3a_ba15a18cd3a8fb567e39053022515eb6fc0.jpg?1785669401,Bronze,19,3,UNK
Makh'a Zruhn,42193944,63,0,Ravana,Materia,0,0,323be164f5593618bf1111ae4538ad96_2f53b2675d3eea360f0b48d74d30af15fc0.jpg?1785670681,Bronze,6,0,WAR
Ashmi Rae,18364101,64,52,Bismarck,Materia,0,0,2b3a41d227e2937852d5c1e031d5aba0_36f0570990ac5402b2ef514d36b0435cfc0.jpg?1785667605,Bronze,5,0,BRD
Tiny Wrath,25583557,65,53,Zurvan,Materia,0,0,2c82c1a404fc646361cabcf478aed323_1fa3a1b3845481a1b67b46854a3cc49afc0.jpg?1785668813,Bronze,15,0,WHM
Ashe Elven,60375475,66,54,Ravana,Materia,0,0,d4a5d51981aa859d5ce41248e280c696_2f53b2675d3eea360f0b48d74d30af15fc0.jpg?1785669159,Bronze,5,0,PLD
Vistra Vistra,37543108,67,55,Sophia,Materia,0,0,b46ab5b00ca34214d4593336a0f112ed_ba15a18cd3a8fb567e39053022515eb6fc0.jpg?1785667184,Bronze,4,0,RPR
Wierd Dude,58113414,68,58,Sephirot,Materia,0,0,c887fa7d587b2205b349abb82627a0d1_30a5f9eadea6e0cb684a5265362d0d59fc0.jpg?1785667172,Bronze,16,0,GNB
Inconspicuous Miqo'te,3493859,69,61,Sophia,Materia,0,0,0b6b4d2c312f136911f9717c83c17997_ba15a18cd3a8fb567e39053022515eb6fc0.jpg?1785670275,Bronze,11,0,VPR
Zepherii Sui,43963552,69,61,Sophia,Materia,0,0,31b395238c6120dc114964c652dc393b_ba15a18cd3a8fb567e39053022515eb6fc0.jpg?1785668588,Bronze,11,0,SGE
Aethon Shaan,60332336,71,64,Zurvan,Materia,0,0,2c608a6ec9ff59b0783f70b9c665a4b2_1fa3a1b3845481a1b67b46854a3cc49afc0.jpg?1785668412,Bronze,7,0,RDM
Therise Yld'amore,41754598,71,64,Bismarck,Materia,0,0,dea40bb49832c184ff5941cee3006818_36f0570990ac5402b2ef514d36b0435cfc0.jpg?1785669645,Bronze,7,0,MCH
Daeneris Stormborn,17816677,73,85,Zurvan,Materia,0,0,dd3c1f830e92ca4f902d42575517a37d_1fa3a1b3845481a1b67b46854a3cc49afc0.jpg?1785669459,Bronze,4,2,WHM
J'mo H',10666399,73,66,Sephirot,Materia,0,0,53873e717cbf7baeb168205935077671_30a5f9eadea6e0cb684a5265362d0d59fc0.jpg?1785670380,Bronze,4,0,AST
Lupercal Aurelian,37936946,73,72,Ravana,Materia,0,0,93674d47ae679f2b2191e0d82e33123f_2f53b2675d3eea360f0b48d74d30af15fc0.jpg?1785669396,Bronze,4,1,SAM
Samara Glazghotwyn,40818042,76,0,Sephirot,Materia,0,0,d89bdc111b4127d9f80e3d6a0ed3a55b_30a5f9eadea6e0cb684a5265362d0d59fc0.jpg?1785670433,Bronze,0,0,SAM
Jaliqai Bairon,49027736,77,67,Sophia,Materia,0,0,bb5b2ab907893aa971f0d78c6164de8c_ba15a18cd3a8fb567e39053022515eb6fc0.jpg?1785668536,Bronze,19,0,SMN
Persona Non-grata,59997612,78,68,Ravana,Materia,0,0,817d96e78e710beff47ca2d76caa6b30_2f53b2675d3eea360f0b48d74d30af15fc0.jpg?1785669783,Bronze,17,3,NIN
Lilith Sanguine,36164895,79,80,Sephirot,Materia,0,0,b5a3ec57fa0658672b263f583c34b618_30a5f9eadea6e0cb684a5265362d0d59fc0.jpg?1785670131,Bronze,14,6,GNB
Coffee Lover,50333621,80,69,Sophia,Materia,0,0,3c4552eb56bfb14f36d9b512873eac0d_ba15a18cd3a8fb567e39053022515eb6fc0.jpg?1785669167,Bronze,11,0,UNK
Edea Lea,13526979,81,0,Ravana,Materia,0,0,1ffd7eed10a84c313666e5ea2eb6bf47_2f53b2675d3eea360f0b48d74d30af15fc0.jpg?1785667157,Bronze,7,4,RPR
Juli Luminous,3217903,81,0,Sephirot,Materia,0,0,26a268f2eafe6d1649e702420b1806e3_30a5f9eadea6e0cb684a5265362d0d59fc0.jpg?1785670090,Bronze,7,0,SGE
Valya Dream,36468496,81,70,Sophia,Materia,0,0,18a08ff1744351493a5bbc6c182e4baf_ba15a18cd3a8fb567e39053022515eb6fc0.jpg?1785669092,Bronze,7,0,AST
Awayi Soleil,40986096,84,0,Zurvan,Materia,0,0,c84676ef434b75aec3260707fcad3d8a_1fa3a1b3845481a1b67b46854a3cc49afc0.jpg?1785670265,Bronze,5,0,MCH
Kaira Aeorma,14946210,85,73,Ravana,Materia,0,0,e23435395b7306809ee187717879a9f2_2f53b2675d3eea360f0b48d74d30af15fc0.jpg?1785670178,Bronze,14,2,SMN
Rorqual Kasa,57902813,86,74,Sophia,Materia,0,0,7feae505b9896a3e51486698db2446ea_ba15a18cd3a8fb567e39053022515eb6fc0.jpg?1785668543,Bronze,11,3,BLM
Syrill Aspen,35286069,87,74,Sephirot,Materia,0,0,6230ea8c6daa253a61ac3493df615c70_30a5f9eadea6e0cb684a5265362d0d59fc0.jpg?1785669371,Bronze,8,0,MCH
Chi's Keki,21457085,88,77,Sephirot,Materia,0,0,9545af046eb077010591333d02a9bd15_30a5f9eadea6e0cb684a5265362d0d59fc0.jpg?1785668894,Bronze,5,0,WAR
Cummy Mummy,60842622,89,78,Bismarck,Materia,0,0,9f41d61cdb01b75f0d3ac483830af6c8_36f0570990ac5402b2ef514d36b0435cfc0.jpg?1785668951,Bronze,3,0,PLD
Raspi Ra,23254967,90,79,Ravana,Materia,0,0,d15c07bba475d1f73fa236def53f413e_2f53b2675d3eea360f0b48d74d30af15fc0.jpg?1785669274,Bronze,12,0,SGE
Kiri Toma,18047840,91,89,Ravana,Materia,0,0,f604d0a1d9f3f6b267c4440f7f21c1a5_2f53b2675d3eea360f0b48d74d30af15fc0.jpg?1785668023,Bronze,10,3,SGE
Zora Mochi,42187460,92,81,Ravana,Materia,0,0,15ade2354dbe340dace4cab6139df5c0_2f53b2675d3eea360f0b48d74d30af15fc0.jpg?1785670133,Bronze,7,0,MIN
Arkticon Stormrider,9347267,93,82,Bismarck,Materia,0,0,c7cb3389d79f28ec6b9e5ed3b86fa6df_36f0570990ac5402b2ef514d36b0435cfc0.jpg?1785668813,Bronze,5,0,MCH
Hotsingles Inyourarea,43275845,94,83,Sephirot,Materia,0,0,08be8dec8891190a5227c50c7650dd29_30a5f9eadea6e0cb684a5265362d0d59fc0.jpg?1785669970,Bronze,4,0,DNC
Gutz Redmane,59049608,95,84,Sophia,Materia,0,0,25ff9fe4c9afc1a92f60fb4d679b9903_ba15a18cd3a8fb567e39053022515eb6fc0.jpg?1785668315,Bronze,3,0,DRK
Claire Warr,37275023,96,85,Ravana,Materia,0,0,737633643af847b47a89ff77cd4f9238_2f53b2675d3eea360f0b48d74d30af15fc0.jpg?1785669631,Bronze,2,0,MNK
Rue Osmund,47336080,96,85,Sophia,Materia,0,0,7beed7fbd687dd3fc287d063570111f9_ba15a18cd3a8fb567e39053022515eb6fc0.jpg?1785668065,Bronze,2,0,GNB
Freya Reinhardt,21416474,98,0,Ravana,Materia,0,0,fb5f97ceee29fe8b8428f25f4c6bbd1b_2f53b2675d3eea360f0b48d74d30af15fc0.jpg?1785668043,Bronze,10,0,VPR
Astoria Einar,48634124,99,96,Sophia,Materia,0,0,c128519c4464923dc4c2b6c0b5fb5c47_ba15a18cd3a8fb567e39053022515eb6fc0.jpg?1785667962,Bronze,9,4,DRK
Seda Ugund,43818296,99,88,Ravana,Materia,0,0,21e2b2de9125d9cf1b99748fa9eef0e2_2f53b2675d3eea360f0b48d74d30af15fc0.jpg?1785670154,Bronze,9,0,BTN
