name,id,cur_rank,prev_rank,world,dc,points,points_delta,portrait,tier,wins,wins_delta,job
Aura Sphere,30657353,1,0,Zodiark,Light,2169,0,6cc4a373eafbcbf88a340a52d95f133e_c274370774c6bc3483cc8740805f41bcfc0.jpg?1786016357,Omega,63,0,MCH
Scarlet Rose,26616217,2,3,Spriggan,Chaos,1909,301,96ad88f23a708e8d6e391f669986d57c_feaf0a2e88ff164813fbc9b85876fa48fc0.jpg?1786018870,Omega,136,15,PLD
Miyu Edelfelt,21335430,3,2,Phoenix,Light,1785,0,ba690d74246b4d07f543f0d9516feec2_5047bc596a4bab2dc7f7c120bb22dec5fc0.jpg?1786017035,Omega,128,0,AST
Pan Ther,47356852,4,0,Twintania,Light,1651,91,fc9492796dbee9f84ae010350ec7759c_c33f640c0cdd35f7def85b8aa31a0007fc0.jpg?1786017326,Omega,137,8,MNK
Sice Seven,15008161,5,0,Moogle,Chaos,1405,0,23657ac0d29f4bc5667ef1e00cf528f8_d7a9d5f85a29d6278ec1c7adc2c8d242fc0.jpg?1786017745,Crystal,26,5,BRD
Loty Coldwind,36521588,6,0,Twintania,Light,1379,0,3632cf6d20598f5c4c7b748be7e19153_c33f640c0cdd35f7def85b8aa31a0007fc0.jpg?1786017563,Crystal,95,15,WAR
Crow Kaien,44749262,7,0,Zodiark,Light,1376,0,54e5719ccbdb45c6de28f017b4365207_c274370774c6bc3483cc8740805f41bcfc0.jpg?1786018656,Crystal,27,0,BLM
Totsu Geki,60147602,8,14,Spriggan,Chaos,1361,348,1b45188bdbf3dd4afe9a37a646eaa4b9_feaf0a2e88ff164813fbc9b85876fa48fc0.jpg?1786018708,Crystal,133,26,DRG
Tsukuyo Ritlas,37800185,9,10,Odin,Light,1310,94,eca30840fe0bed8e80f620b5f57c49de_644311b63b607133c989d7c1188467dafc0.jpg?1786018597,Crystal,40,3,RDM
Tia Tomoe,41293767,10,8,Phoenix,Light,1308,0,7dc31b9a880ba3f36a3ef1208e0c5909_5047bc596a4bab2dc7f7c120bb22dec5fc0.jpg?1786017236,Crystal,42,0,MNK
Saboree Catboy,36051653,11,9,Spriggan,Chaos,1301,0,b61ec1080d608b5a83f30baef219dc02_feaf0a2e88ff164813fbc9b85876fa48fc0.jpg?1786017809,Crystal,100,17,MNK
Ciel Melrose,58478493,12,19,Raiden,Light,1296,303,2c7b597e2437a00ad9f0fc0439c68531_a370664d98f658f4ed4e620f378f73cdfc0.jpg?1786017313,Crystal,22,4,SAM
Akari Tsuki,31005286,13,11,Louisoix,Chaos,1295,99,28e1cfaecfbf911dc3621f5de74642aa_0a122616f3718d3f45cab10fd8fc1604fc0.jpg?1786015874,Crystal,15,1,CRP
Miyu Moon,58918526,14,18,Moogle,Chaos,1287,293,1abf5ce3756f6fa0d1c5be2cd39491bc_d7a9d5f85a29d6278ec1c7adc2c8d242fc0.jpg?1786016743,Crystal,23,4,SAM
Maarato Cookie,20349526,15,13,Twintania,Light,1222,200,dbab16598b86bb31b2eb96070f723572_c33f640c0cdd35f7def85b8aa31a0007fc0.jpg?1786018735,Crystal,65,16,NIN
Mamiyama Kamimama,37371304,16,12,Spriggan,Chaos,1203,120,3c6fd6569d3dce40308c9a2a1f3c3bfa_feaf0a2e88ff164813fbc9b85876fa48fc0.jpg?1786018654,Crystal,135,22,DNC
Yasuki San,61688064,17,29,Phantom,Chaos,1145,338,37dbf9b8936faaf9c75f598c38dcac11_f0a43d6e5eea19af337a176e9836acddfc0.jpg?1786017634,Crystal,121,23,UNK
Shino Yaru,38308969,18,15,Phoenix,Light,1011,0,0662727bb913ed7fe3009f3542ea1e64_5047bc596a4bab2dc7f7c120bb22dec5fc0.jpg?1786016822,Crystal,61,0,UNK
Prisma Tic,38791879,19,16,Cerberus,Chaos,1009,0,5220c35172bb26154c862a6d485e37b8_777c57311d510ca65dac3c1077dee435fc0.jpg?1786015686,Crystal,87,18,SCH
Resilla Frostflow,14658770,20,17,Cerberus,Chaos,1004,0,00a4e6250beb98b5644c87cffe8b7f4f_777c57311d510ca65dac3c1077dee435fc0.jpg?1786017300,Crystal,74,0,SMN
Lhei Tayun,25191408,21,36,Zodiark,Light,997,297,6ee93960f16da0ea5150fe1b7590dfa4_c274370774c6bc3483cc8740805f41bcfc0.jpg?1786017371,Crystal,85,6,BLM
Marci Sidekick,41408431,22,27,Zodiark,Light,990,100,a9c3b41a05dec1fd191fe80f38009aa5_c274370774c6bc3483cc8740805f41bcfc0.jpg?1786018898,Crystal,48,1,NIN
Leedo Dale,25033597,23,20,Zodiark,Light,981,0,9e122691e98bda2ea6abe86ed7b81a63_c274370774c6bc3483cc8740805f41bcfc0.jpg?1786017847,Crystal,159,18,DNC
Shimori Bunihara,35166011,24,21,Raiden,Light,975,0,c44c8fc68c230b1051ec35a527afe9ed_a370664d98f658f4ed4e620f378f73cdfc0.jpg?1786018563,Crystal,68,4,RPR
Lex'ander Wayfarer,18009481,25,22,Odin,Light,904,0,0adfa03fe11940a91e3b6a2ed08ddb88_644311b63b607133c989d7c1188467dafc0.jpg?1786015395,Crystal,32,0,DRK
Auelin Fae,18291844,26,23,Zodiark,Light,902,0,2d6204db02c5efce86aca234fd6f1ce1_c274370774c6bc3483cc8740805f41bcfc0.jpg?1786018394,Crystal,34,14,FSH
Yun' Yun,11341467,27,24,Cerberus,Chaos,896,0,df098ceed6d9cf14cf61cc4110cd6cb5_777c57311d510ca65dac3c1077dee435fc0.jpg?1786017808,Crystal,74,12,SMN
Tyra Kett,26531277,28,25,Spriggan,Chaos,893,0,101b7ec48bba5c5e5b34fda1316c57bc_feaf0a2e88ff164813fbc9b85876fa48fc0.jpg?1786018974,Crystal,67,1,DRG
Elohim Meth,60682611,29,26,Raiden,Light,892,0,0b14f1751b014118eca06236e1fdf2bf_a370664d98f658f4ed4e620f378f73cdfc0.jpg?1786017812,Crystal,36,0,UNK
Tei Tei,36611700,30,28,Odin,Light,889,0,21c224545e3d3af775a3d377c8e444bf_644311b63b607133c989d7c1188467dafc0.jpg?1786017406,Crystal,74,0,SCH
Sweet Light,41777815,31,40,Spriggan,Chaos,883,196,2e6808627bd2b8f0f5f0377d20cbbbc5_feaf0a2e88ff164813fbc9b85876fa48fc0.jpg?1786016843,Crystal,26,4,MNK
Lybel Alyborias,25836089,32,30,Louisoix,Chaos,807,0,a86b680e6c4e5e23befaaaf535a158de_0a122616f3718d3f45cab10fd8fc1604fc0.jpg?1786018892,Crystal,66,0,RDM
Meryll Enetari,24681550,33,37,Cerberus,Chaos,800,104,f4fe16c70d7023e2101e19421c5abf1e_777c57311d510ca65dac3c1077dee435fc0.jpg?1786017671,Crystal,137,9,DNC
Misora Kaiatsa,25126040,34,31,Moogle,Chaos,796,0,80fa199452585ab77d14128509576300_d7a9d5f85a29d6278ec1c7adc2c8d242fc0.jpg?1786018322,Crystal,54,0,RDM
Xen Thique,40172078,35,32,Odin,Light,794,0,8930228f4df0c18feea28ebbb1c451f2_644311b63b607133c989d7c1188467dafc0.jpg?1786016081,Crystal,34,0,PCT
Dragonlife Saijax,29449285,36,33,Moogle,Chaos,794,0,3c08546d3793d12f77cc0b00d3a3af5b_d7a9d5f85a29d6278ec1c7adc2c8d242fc0.jpg?1786016297,Crystal,26,0,GNB
Ase Dora,42603487,37,34,Alpha,Light,778,0,78626e6cf6f07875d5ac9527a5bd0c4d_6132295fcf5570fb8b0a944ef322a598fc0.jpg?1786018708,Crystal,120,22,DRK
Holos Ymir,35299241,38,45,Cerberus,Chaos,704,200,f8029ed36fad032333305dfa455cddec_777c57311d510ca65dac3c1077dee435fc0.jpg?1786017591,Crystal,28,6,BRD
Vai Zol,38270926,39,35,Odin,Light,703,0,2e78b44195db83336b1acbe75927a864_644311b63b607133c989d7c1188467dafc0.jpg?1786016522,Crystal,38,5,RDM
Dalik Mathis,9537863,40,38,Ragnarok,Chaos,694,0,fd4dde44208527cc20e58ba589d51f01_40d57ba713628f3f1ef5ef204b6d76d2fc0.jpg?1786016920,Crystal,54,11,WAR
A'dyalani Sato,10026278,41,39,Odin,Light,693,0,d072994a22af88090aecf6e5a3b85c36_644311b63b607133c989d7c1188467dafc0.jpg?1786016821,Crystal,56,0,MCH
Sophia Ariadne,11431073,42,41,Odin,Light,600,0,f4329ddf82a418a6e12f1ba978bc1523_644311b63b607133c989d7c1188467dafc0.jpg?1786016431,Crystal,45,0,MCH
Shia Sun,1754600,43,42,Odin,Light,599,0,7550981ba488e5ebe919aa3cb39efbfa_644311b63b607133c989d7c1188467dafc0.jpg?1786018660,Crystal,50,0,WHM
Baka Bao,30345026,44,43,Phantom,Chaos,594,0,57df7efcbcdf8f1aca84c4f1435c36ba_f0a43d6e5eea19af337a176e9836acddfc0.jpg?1786017807,Crystal,113,13,MCH
Deadrise Mutombo,31730694,45,47,Ragnarok,Chaos,591,190,a382acb94313f23d966dd6d39d909bea_40d57ba713628f3f1ef5ef204b6d76d2fc0.jpg?1786018687,Crystal,30,10,NIN
Based Miqote,46487952,46,44,Twintania,Light,515,0,5e2bb42e554586a20b050b7fd3f88e26_c33f640c0cdd35f7def85b8aa31a0007fc0.jpg?1786016156,Crystal,70,12,UNK
Myst Freyja,33906213,47,46,Omega,Chaos,512,96,240b879fd403fc16c04022b6075077ae_39e25ac3d737c46452305eefe324372cfc0.jpg?1786018163,Crystal,54,7,RPR
Master Zoknik,47233914,48,72,Omega,Chaos,498,398,47b7a0d3c4816d6dc7cb85c85a3685f7_39e25ac3d737c46452305eefe324372cfc0.jpg?1786016938,Crystal,69,5,WAR
Raiden Thorne,27238016,49,48,Zodiark,Light,399,0,96a909af8d24d60f6d8173f8cc16facb_c274370774c6bc3483cc8740805f41bcfc0.jpg?1786018509,Crystal,8,0,RDM
Sunie Mochi,12728791,50,49,Twintania,Light,398,0,4760f9b45bd6f71f83adbd97ab87eae3_c33f640c0cdd35f7def85b8aa31a0007fc0.jpg?1786015975,Crystal,62,11,DNC
Yi Ma,60448295,51,54,Phoenix,Light,398,99,bb3af62117cae7488d9b02007f341c7b_5047bc596a4bab2dc7f7c120bb22dec5fc0.jpg?1786018684,Crystal,6,2,SMN
Yinwea Levai,36476322,52,50,Shiva,Light,307,0,944bf3a8e93fcc8f15f3f521462d11b5_3fbff0e6b620e4d259dc427abc6574dafc0.jpg?1786016428,Crystal,150,0,WHM
Kimbi Aoe,24693270,53,51,Shiva,Light,304,0,67e0ddfb70faf5725a971d086cfdce61_3fbff0e6b620e4d259dc427abc6574dafc0.jpg?1786015811,Crystal,49,4,MCH
Farnese Shieldmaiden,24419493,54,52,Cerberus,Chaos,301,0,dcec016c4a6cd9a2bd3a2b73183f5a65_777c57311d510ca65dac3c1077dee435fc0.jpg?1786018645,Crystal,15,0,SAM
Neo Saladin,60195724,55,53,Alpha,Light,299,0,d61ef205c9700150e78797546d2ac263_6132295fcf5570fb8b0a944ef322a598fc0.jpg?1786017486,Crystal,90,0,SAM
Spedah Sashihai,46717230,56,101,Phantom,Chaos,298,298,916aa42d41d9cb06784f26d21d850c5a_f0a43d6e5eea19af337a176e9836acddfc0.jpg?1786018698,Crystal,50,6,SGE
Tarutella Goldfish,4235488,57,55,Phoenix,Light,295,0,f269741c27ca22c02db955557e7283fa_5047bc596a4bab2dc7f7c120bb22dec5fc0.jpg?1786018756,Crystal,2,0,SCH
Mitsuki Mirai,18435457,58,56,Louisoix,Chaos,287,0,365f1772f387bd280bdbfc16afbd5e4e_0a122616f3718d3f45cab10fd8fc1604fc0.jpg?1786017006,Crystal,4,0,SMN
Ul Unhu,9592278,59,57,Phoenix,Light,208,0,d703e404c81140848dbcd200abc4ef7e_5047bc596a4bab2dc7f7c120bb22dec5fc0.jpg?1786017225,Crystal,107,1,SAM
Shiroko Momo,39619880,60,58,Odin,Light,207,0,83b4a27fbdf8dfdce9a7e095cc14bf41_644311b63b607133c989d7c1188467dafc0.jpg?1786016722,Crystal,79,3,NIN
Zecht Bradamant,31785474,61,86,Omega,Chaos,204,204,b0b8438e6682f2931a1a930121d0ab43_39e25ac3d737c46452305eefe324372cfc0.jpg?1786018144,Crystal,97,8,MCH
Brutal Killer,8885117,62,59,Ragnarok,Chaos,203,0,30c6a6207c7e93d407784888a7f29c97_40d57ba713628f3f1ef5ef204b6d76d2fc0.jpg?1786015804,Crystal,3,0,GNB
Sayuri Maeshima,33888798,63,60,Omega,Chaos,201,0,9543e703e2409901a4e4c51fcd72a0bd_39e25ac3d737c46452305eefe324372cfc0.jpg?1786017080,Crystal,35,0,SCH
Seraban Mistodisushi,25116690,64,147,Omega,Chaos,200,200,9ab6f5d4307a747e8378402c6070b2a7_39e25ac3d737c46452305eefe324372cfc0.jpg?1786017986,Crystal,75,8,UNK
Two Koma,51508003,65,61,Zodiark,Light,200,0,15a666f8d7bb67401300fae763ce4d32_c274370774c6bc3483cc8740805f41bcfc0.jpg?1786017520,Crystal,68,0,SAM
Selin Naari,16360751,66,62,Cerberus,Chaos,200,0,fb2c3681e2cb33bdcd7894d5aad0b9ec_777c57311d510ca65dac3c1077dee435fc0.jpg?1786016596,Crystal,20,0,DRG
Yamizura Kumozuma,19652230,67,63,Twintania,Light,200,0,24bbc9cebf09eb83efcbc272c3085fd1_c33f640c0cdd35f7def85b8aa31a0007fc0.jpg?1786015388,Crystal,4,0,SCH
Tay Talenath,45740169,68,64,Raiden,Light,199,0,b2fa0c7222f7e3ebe117f24a200e11d8_a370664d98f658f4ed4e620f378f73cdfc0.jpg?1786015790,Crystal,122,0,WHM
Phaey Yeon,58326616,69,65,Moogle,Chaos,199,0,6497d439e55c80c0156c198e7f135c78_d7a9d5f85a29d6278ec1c7adc2c8d242fc0.jpg?1786018821,Crystal,38,0,UNK
Hyzenthlay Efrafa,1817919,70,66,Ragnarok,Chaos,197,0,f61f49f2ed95a3709fa034686da0eb63_40d57ba713628f3f1ef5ef204b6d76d2fc0.jpg?1786015474,Crystal,21,0,RPR
Mats Luxed,36390152,71,99,Twintania,Light,196,196,4d98b4ef01ccfc9df166d83a5771a4ea_c33f640c0cdd35f7def85b8aa31a0007fc0.jpg?1786016420,Crystal,32,7,DRK
Zot To,18725302,72,67,Cerberus,Chaos,196,0,852c16bac4fe7f528a8653c65704e818_777c57311d510ca65dac3c1077dee435fc0.jpg?1786018278,Crystal,1,0,RDM
Chise Hatori',9182735,73,68,Ragnarok,Chaos,103,0,236f29f4984f26e6b197da380f104a63_40d57ba713628f3f1ef5ef204b6d76d2fc0.jpg?1786016215,Crystal,80,1,BLM
Skillpade Skyr,37019657,74,69,Lich,Light,100,0,e520a31662bd7030c96e4951a4f2d301_7206469080400ed57a5373d0a9c55c59fc0.jpg?1786017642,Crystal,118,0,DRK
Delzor Waka,40194085,75,70,Odin,Light,100,0,bde30c4caff355f65cf9761727b12725_644311b63b607133c989d7c1188467dafc0.jpg?1786016360,Crystal,102,0,MCH
Cipher Strife,7955322,76,87,Ragnarok,Chaos,100,100,fd0f2644fe22871d381e6bae8798c484_40d57ba713628f3f1ef5ef204b6d76d2fc0.jpg?1786018603,Crystal,101,19,GNB
Maggot Maggot,61703768,77,71,Omega,Chaos,100,0,3657d57f4a20a5d901d7f4537f1b7307_39e25ac3d737c46452305eefe324372cfc0.jpg?1786018624,Crystal,80,0,WAR
Elyndra Mayhn,27143285,78,73,Twintania,Light,100,0,e4b30c11c8c987996e50ee4c5899c037_c33f640c0cdd35f7def85b8aa31a0007fc0.jpg?1786016752,Crystal,59,0,SGE
Memento Mo'ri,1641495,79,76,Ragnarok,Chaos,100,0,86323bce84189061b1d71ff1dc25266a_40d57ba713628f3f1ef5ef204b6d76d2fc0.jpg?1786015866,Crystal,57,8,MIN
Yellow Blue,58488618,80,74,Spriggan,Chaos,100,0,51731f8a93c1d8b59b5c3ded4ffb5a64_feaf0a2e88ff164813fbc9b85876fa48fc0.jpg?1786017641,Crystal,56,0,RDM
Madelynn Veil,49771412,81,75,Omega,Chaos,100,0,92f91d9225bb816c6562fb117814681e_39e25ac3d737c46452305eefe324372cfc0.jpg?1786016281,Crystal,55,0,RDM
Feri De,32873333,82,112,Twintania,Light,100,100,04fae792c920333e5bdc3287c0df72e4_c33f640c0cdd35f7def85b8aa31a0007fc0.jpg?1786018899,Crystal,50,14,WHM
Pattinger Kersel,8183392,83,77,Raiden,Light,100,0,4fec5839fc0fc0bba3a80fc4e1910660_a370664d98f658f4ed4e620f378f73cdfc0.jpg?1786016852,Crystal,44,1,WHM
Sakurane Zero'yuurai,13075529,84,78,Ragnarok,Chaos,100,0,b65369d4b043831749f5fa45d2428e30_40d57ba713628f3f1ef5ef204b6d76d2fc0.jpg?1786018689,Crystal,31,0,PCT
Wimp Lo,37793632,84,91,Zodiark,Light,100,100,45ed053d252c3a44eabe55329426aa37_c274370774c6bc3483cc8740805f41bcfc0.jpg?1786018178,Crystal,31,12,WAR
Ebin Almsivi,35310847,86,79,Shiva,Light,100,0,0c72e527d2d86c2ee8f4698832e880b5_3fbff0e6b620e4d259dc427abc6574dafc0.jpg?1786018496,Crystal,23,0,PLD
Vanilla Blossom,41496807,86,79,Moogle,Chaos,100,0,b0e7d1b464d155d8791692fe2e47299d_d7a9d5f85a29d6278ec1c7adc2c8d242fc0.jpg?1786018868,Crystal,23,0,WAR
Yuripa Arashi,37731658,86,79,Shiva,Light,100,0,73ff0d0b3cc5f92ec79dabffa2bedf80_3fbff0e6b620e4d259dc427abc6574dafc0.jpg?1786017037,Crystal,23,0,WAR
Yuumi Fish,25707217,89,82,Cerberus,Chaos,100,0,1a7ebbda26c28eb61f262b9fb37e8c6e_777c57311d510ca65dac3c1077dee435fc0.jpg?1786018356,Crystal,18,0,DRK
Moki Moki,14235486,90,83,Odin,Light,100,0,82d3ef8d03fa7a6ddf4429f15fd296a2_644311b63b607133c989d7c1188467dafc0.jpg?1786018471,Crystal,1,0,WAR
Snap Ringer,18714030,90,83,Omega,Chaos,100,0,77577ce781d587b133c9c53da0974817_39e25ac3d737c46452305eefe324372cfc0.jpg?1786017604,Crystal,1,0,BTN
Limit Cat,37849108,92,85,Lich,Light,100,0,5b03795e0323d8633451ea410c4aeced_7206469080400ed57a5373d0a9c55c59fc0.jpg?1786017723,Crystal,0,0,RDM
Khorasan Ataraxia,47289604,93,90,Shiva,Light,0,0,721a6c9c723209b16696818df4cf0c93_3fbff0e6b620e4d259dc427abc6574dafc0.jpg?1786016650,Diamond,124,15,UNK
Wieg Wiggles,35061622,94,88,Lich,Light,0,0,61256a3e6c4f0c3dcc05469f5550d102_7206469080400ed57a5373d0a9c55c59fc0.jpg?1786017675,Diamond,82,6,DRK
Rave Bae,47220633,95,89,Alpha,Light,0,0,e640b0d43fa0078b032cbecc50b4e94c_6132295fcf5570fb8b0a944ef322a598fc0.jpg?1786016938,Diamond,59,2,SMN
Neclord Drakan,34358772,96,108,Phoenix,Light,0,0,7e002012c8fc4f9e493cd5879573e088_5047bc596a4bab2dc7f7c120bb22dec5fc0.jpg?1786017401,Diamond,28,11,SGE
Arienai Nashi,47596567,97,105,Zodiark,Light,0,0,ccbc05e41375849179a5f554d78d7ae1_c274370774c6bc3483cc8740805f41bcfc0.jpg?1786015476,Diamond,159,9,SGE
Glyceri Chosuti,30338174,98,148,Moogle,Chaos,0,0,6d93c9241424e92e6f0351d35d8b6eaa_d7a9d5f85a29d6278ec1c7adc2c8d242fc0.jpg?1786018336,Diamond,64,18,DNC
Luca Natura,26126798,99,203,Omega,Chaos,0,0,aee9a8f332f96a4c5a45923c0e82782a_39e25ac3d737c46452305eefe324372cfc0.jpg?1786016532,Diamond,20,19,PCT
Yhren Vhal,56948558,100,163,Odin,Light,0,0,3f62ad2093c1016540ef936a5563823b_644311b63b607133c989d7c1188467dafc0.jpg?1786016295,Diamond,15,12,UNK
Littlebard Crits,44849524,101,92,Lich,Light,0,0,85155be3d7c3c8936c428085496b1e8d_7206469080400ed57a5373d0a9c55c59fc0.jpg?1786017153,Diamond,9,0,UNK
Lilia Sunvale,59323692,102,93,Phoenix,Light,0,0,01173bfd4d3bd682b07d6e9ac6dafd16_5047bc596a4bab2dc7f7c120bb22dec5fc0.jpg?1786016156,Diamond,96,8,BRD
Lavender Yumori,47189865,103,94,Phoenix,Light,0,0,c0a56a85a3c082e0dd3b96359531f30f_5047bc596a4bab2dc7f7c120bb22dec5fc0.jpg?1786017746,Diamond,66,0,MNK
Princess Emi,5884527,104,95,Twintania,Light,0,0,4ab2080550ab1fb15ca76fbfe8e8d512_c33f640c0cdd35f7def85b8aa31a0007fc0.jpg?1786015501,Diamond,57,0,PLD
Lsi Lsi,47353875,105,96,Lich,Light,0,0,792b3235fe2fbd35d956e856c210194f_7206469080400ed57a5373d0a9c55c59fc0.jpg?1786018178,Diamond,55,0,PCT
Gaspard Deguingoix,11032081,106,136,Moogle,Chaos,0,0,b9283e6a6be9cd219ee0afea98546775_d7a9d5f85a29d6278ec1c7adc2c8d242fc0.jpg?1786017963,Diamond,50,17,RDM
Alex Rider,15112833,107,97,Alpha,Light,0,0,3c32a1d9439fd94359ee9df8b368df94_6132295fcf5570fb8b0a944ef322a598fc0.jpg?1786016519,Diamond,31,0,DRG
Sotek Scherwil,486374,108,98,Twintania,Light,0,0,c881840c18d6c9fc415801f5f8240174_c33f640c0cdd35f7def85b8aa31a0007fc0.jpg?1786016257,Diamond,26,0,DRK
Haki Haki,8290724,109,100,Ragnarok,Chaos,0,0,3fc43df6da1c629c59b5cdae63dee7a7_40d57ba713628f3f1ef5ef204b6d76d2fc0.jpg?1786015566,Diamond,65,0,RPR
Magic Beans,43732030,110,101,Phoenix,Light,0,0,4a7e75e2be4f70e389e8807cc1d2b885_5047bc596a4bab2dc7f7c120bb22dec5fc0.jpg?1786016402,Diamond,44,0,PLD
Leenar Raim,45005021,111,0,Raiden,Light,0,0,cd15b6146d9e895f605fe9d8aa6e46d2_a370664d98f658f4ed4e620f378f73cdfc0.jpg?1786015937,Diamond,41,21,DRG
Aris Oz,41983172,112,103,Zodiark,Light,0,0,abbd4cf51609bf59977c5b4850c4c351_c274370774c6bc3483cc8740805f41bcfc0.jpg?1786018840,Diamond,20,0,DRK
Riseon Misha,26343965,113,109,Zodiark,Light,0,0,d883dcfcee6650b3e6e1691bf6838f6c_c274370774c6bc3483cc8740805f41bcfc0.jpg?1786018544,Diamond,14,4,WHM
Eve Naeuri,43290162,114,141,Sagittarius,Chaos,0,0,c143c5d5e461ba9e3f51c07a3de23e21_44ca0844398b2d010d8cd4a31ddb023dfc0.jpg?1786015538,Diamond,12,4,RDM
Lia Lothje,30611623,114,104,Odin,Light,0,0,12f34ee0f0d0404c9b47a7fea301f068_644311b63b607133c989d7c1188467dafc0.jpg?1786018595,Diamond,12,0,VPR
Akito Kotomine,14113084,116,132,Cerberus,Chaos,0,0,6535eaee5701ca6c10beffbfc70273c9_777c57311d510ca65dac3c1077dee435fc0.jpg?1786018870,Diamond,67,2,BRD
Pat Olehouse,17156873,117,106,Lich,Light,0,0,54c944c62ef7bd68e95a2a558d856482_7206469080400ed57a5373d0a9c55c59fc0.jpg?1786016011,Diamond,52,5,PLD
Sheidyn Windsor,30282791,118,107,Omega,Chaos,0,0,e3eaa192d0e2b6192580f940474cd0b5_39e25ac3d737c46452305eefe324372cfc0.jpg?1786015643,Diamond,33,0,WAR
Shadow Aya,54551815,119,152,Zodiark,Light,0,0,5ca13f39db9eefc50e8e57be73e7254e_c274370774c6bc3483cc8740805f41bcfc0.jpg?1786016844,Diamond,24,11,DRK
Gwen Farron,10011051,120,115,Ragnarok,Chaos,0,0,3348ff23f3315e0457aa0694f655e953_40d57ba713628f3f1ef5ef204b6d76d2fc0.jpg?1786015650,Diamond,14,6,VPR
Erika Avellana,45153856,121,110,Alpha,Light,0,0,d52954932b2c20e3d303cb8cf101f3eb_6132295fcf5570fb8b0a944ef322a598fc0.jpg?1786017583,Diamond,216,20,AST
Hegel Gil,25438753,122,111,Omega,Chaos,0,0,5ed500fc1dd1d9cbbc95000a80326ff7_39e25ac3d737c46452305eefe324372cfc0.jpg?1786016428,Diamond,84,0,MNK
Lumine Heartseeker,37169102,123,0,Lich,Light,0,0,bef41e353f9709f6c26365adcd129410_7206469080400ed57a5373d0a9c55c59fc0.jpg?1786015434,Diamond,66,30,RDM
Magidolce Magileine,39132419,124,136,Twintania,Light,0,0,088bd05d5a98251023ecb7e28a638b68_c33f640c0cdd35f7def85b8aa31a0007fc0.jpg?1786016218,Diamond,46,13,SMN
Evvie Hwyi,60349732,125,113,Phantom,Chaos,0,0,d4ebfd0621314af6eaf4a106071ff400_f0a43d6e5eea19af337a176e9836acddfc0.jpg?1786017294,Diamond,43,12,PLD
Durinta Borlaaq,37706432,126,113,Twintania,Light,0,0,5f122a4f83176fe089d903a59809e108_c33f640c0cdd35f7def85b8aa31a0007fc0.jpg?1786015620,Diamond,37,6,SCH
Wwwwwwwwww Wwwwwwwwww,22934838,127,263,Odin,Light,0,0,44b50a04ce7aed4e2c4699753f5b83bc_644311b63b607133c989d7c1188467dafc0.jpg?1786018835,Diamond,24,12,SMN
Blunt Man,35300195,128,116,Louisoix,Chaos,0,0,bfddeb1fd8c57b9259f8bb179dd8158b_0a122616f3718d3f45cab10fd8fc1604fc0.jpg?1786018337,Diamond,54,0,SAM
Brian Ricardo,23607238,129,117,Zodiark,Light,0,0,9c9d045f5f22c579ce5c24faa2b9b303_c274370774c6bc3483cc8740805f41bcfc0.jpg?1786015495,Diamond,39,0,SGE
Yoe Lleufyn,28631681,130,199,Phoenix,Light,0,0,9584dd8fac44ba749b0855105a0e29e9_5047bc596a4bab2dc7f7c120bb22dec5fc0.jpg?1786015755,Diamond,24,14,PCT
Isca Mog,32212471,131,118,Zodiark,Light,0,0,e47f3ccc4bd8599193929766ab0abd2c_c274370774c6bc3483cc8740805f41bcfc0.jpg?1786018963,Diamond,19,0,BLM
Sal Ren,40787945,132,119,Phoenix,Light,0,0,9613f7a8c0a759977b8a3fe787fed7e0_5047bc596a4bab2dc7f7c120bb22dec5fc0.jpg?1786017090,Diamond,12,0,AST
Minmo Dev,7902844,133,120,Zodiark,Light,0,0,782214fa536a78747ce926bd4967671f_c274370774c6bc3483cc8740805f41bcfc0.jpg?1786016402,Diamond,100,16,MNK
Naralis A'roihan,35460975,134,280,Odin,Light,0,0,39833ac3dfdbb3ea64ab911763fea294_644311b63b607133c989d7c1188467dafc0.jpg?1786018376,Diamond,83,26,SCH
Haadin Maero,25649806,135,121,Cerberus,Chaos,0,0,ab3efb60a6f01134129c732e6e60c255_777c57311d510ca65dac3c1077dee435fc0.jpg?1786015625,Diamond,78,0,RDM
Rain Hoshino,6160241,136,168,Moogle,Chaos,0,0,fc4a751ebc0402023f56f7934007c9ef_d7a9d5f85a29d6278ec1c7adc2c8d242fc0.jpg?1786018193,Diamond,65,3,RDM
Leia Leia,61767715,137,122,Twintania,Light,0,0,da1bea022b3ca64e80681b4a30a9d7e1_c33f640c0cdd35f7def85b8aa31a0007fc0.jpg?1786016493,Diamond,56,0,UNK
Dundee Nic'hpisfa,35976824,138,149,Odin,Light,0,0,8eda92b5ce2e258786d149b7cb349e09_644311b63b607133c989d7c1188467dafc0.jpg?1786018759,Diamond,55,17,MCH
Zaiko Kazer,29649679,139,124,Lich,Light,0,0,ab5b87afe7d1d53f8a61b85e0c0d0e8d_7206469080400ed57a5373d0a9c55c59fc0.jpg?1786015914,Diamond,48,5,GNB
Feral Jorex,21749898,140,222,Odin,Light,0,0,f9027c778862384a6ae4224efd2fe7c3_644311b63b607133c989d7c1188467dafc0.jpg?1786018513,Diamond,44,22,PLD
Remes Yveltar,21757305,140,123,Odin,Light,0,0,20b9e744e2190850310da72ffaf5c5d4_644311b63b607133c989d7c1188467dafc0.jpg?1786018303,Diamond,44,0,DRG
Sho'zhirr Shizahi-jo,28092848,142,125,Phoenix,Light,0,0,c6923f91c3f9e08d53d38488a3040788_5047bc596a4bab2dc7f7c120bb22dec5fc0.jpg?1786017028,Diamond,40,0,UNK
Bing Bing,50857849,143,126,Odin,Light,0,0,1a2b77cf04680b9bfe1c19f07f9f1f44_644311b63b607133c989d7c1188467dafc0.jpg?1786018130,Diamond,31,2,RPR
Baby Starz,27999014,144,127,Omega,Chaos,0,0,e8cb7daea22ff306dcc9397ecad5a4a2_39e25ac3d737c46452305eefe324372cfc0.jpg?1786015462,Diamond,30,5,MNK
Decha Kirk,32806624,145,128,Moogle,Chaos,0,0,e50b415f85b832de8463247f434991ce_d7a9d5f85a29d6278ec1c7adc2c8d242fc0.jpg?1786016907,Diamond,23,4,BLM
Roomi Mae,47248743,146,129,Raiden,Light,0,0,770a624522dc3f95ef75247a554dceb7_a370664d98f658f4ed4e620f378f73cdfc0.jpg?1786017468,Diamond,5,0,AST
Acacia Strain,43137076,147,130,Raiden,Light,0,0,8678948c8fea34b563980d4a6da37e32_a370664d98f658f4ed4e620f378f73cdfc0.jpg?1786017329,Diamond,156,24,SMN
Magnus Skorweg,14288959,148,186,Cerberus,Chaos,0,0,36b3ca5cc0c3fa7edd1b5b276f54a6fc_777c57311d510ca65dac3c1077dee435fc0.jpg?1786018514,Diamond,113,11,MCH
Lina Sunstar,52075433,149,146,Spriggan,Chaos,0,0,d60c4576e74acfcd0ed77a6ea5d48800_feaf0a2e88ff164813fbc9b85876fa48fc0.jpg?1786017978,Diamond,105,7,WHM
Riku Yamamoto,50962515,150,0,Raiden,Light,0,0,2737e3393944ab82a3eec48071df16a8_a370664d98f658f4ed4e620f378f73cdfc0.jpg?1786017808,Diamond,87,12,DRK
Erion Hein,39135014,151,131,Twintania,Light,0,0,ba6bc1e1e70e5f3402d91ecfcf7d01e8_c33f640c0cdd35f7def85b8aa31a0007fc0.jpg?1786016572,Diamond,83,7,MIN
Ye Jin,49057312,152,135,Alpha,Light,0,0,c230435310db6e112e461dbdcafe4cf0_6132295fcf5570fb8b0a944ef322a598fc0.jpg?1786015431,Diamond,59,20,UNK
Sahamaru Kamijo,13566032,153,133,Lich,Light,0,0,ab5bb27991a2037ddd8e8b0aef304406_7206469080400ed57a5373d0a9c55c59fc0.jpg?1786017389,Diamond,53,0,MCH
Ark Kekko,50821807,154,134,Omega,Chaos,0,0,b81b1c241e98f7a5f9b9c81665be1243_39e25ac3d737c46452305eefe324372cfc0.jpg?1786018591,Diamond,45,0,BRD
Nicco Sushi,42846008,155,150,Alpha,Light,0,0,ffcb0ee6f92ba9224ade0ee2b0e9917b_6132295fcf5570fb8b0a944ef322a598fc0.jpg?1786018156,Diamond,35,3,SGE
Victoria Nyala,43751055,156,138,Phoenix,Light,0,0,d41ca298e2f03ee2273aca61640ebce0_5047bc596a4bab2dc7f7c120bb22dec5fc0.jpg?1786016070,Diamond,24,1,MCH
Lawr Hawk,28248881,157,139,Odin,Light,0,0,e241b26df61ea0e201b637a7ae6c4cd4_644311b63b607133c989d7c1188467dafc0.jpg?1786017299,Diamond,20,0,MIN
Neppie Nen,38644421,158,159,Phoenix,Light,0,0,6744f6c777bfc017ed7318054ef44f3d_5047bc596a4bab2dc7f7c120bb22dec5fc0.jpg?1786018573,Diamond,18,7,RDM
Tisha Adori,32551351,159,142,Zodiark,Light,0,0,a1f13f2decf7933275b7ce63051dc06f_c274370774c6bc3483cc8740805f41bcfc0.jpg?1786015625,Diamond,13,6,MCH
Sin Mirrorslave,43994621,160,140,Raiden,Light,0,0,3f8e3345c252d3f9b50e27c481f91100_a370664d98f658f4ed4e620f378f73cdfc0.jpg?1786015671,Diamond,11,0,UNK
Remy Galleu,52837552,161,142,Alpha,Light,0,0,1c98cde60dda0890554eff5601f7b441_6132295fcf5570fb8b0a944ef322a598fc0.jpg?1786017541,Diamond,7,0,UNK
Keraunos Greywolfe,31183458,162,144,Alpha,Light,0,0,3431088cd9f33e5f20e30162c35286fd_6132295fcf5570fb8b0a944ef322a598fc0.jpg?1786018914,Diamond,158,25,SGE
Tsu Kee,47596814,163,145,Zodiark,Light,0,0,df5063d6db141a1bc921d4623e08a366_c274370774c6bc3483cc8740805f41bcfc0.jpg?1786017967,Diamond,122,2,SCH
Mizu Shimizu,41402391,164,248,Twintania,Light,0,0,b745f1d87ccd905d96d6b6ca49092222_c33f640c0cdd35f7def85b8aa31a0007fc0.jpg?1786018653,Diamond,51,12,UNK
Krek Balflear,48912824,165,151,Sagittarius,Chaos,0,0,3ddedc4fdcf35465d04f99e2b4737a9f_44ca0844398b2d010d8cd4a31ddb023dfc0.jpg?1786018522,Diamond,29,0,RPR
Lunaelumen Heartless,3344766,166,0,Phoenix,Light,0,0,442c49c53db78614043ce10aa9733411_5047bc596a4bab2dc7f7c120bb22dec5fc0.jpg?1786017859,Diamond,11,0,BLU
Kyouko Owo,25629243,167,153,Louisoix,Chaos,0,0,4fbeb17208a00397ad05eebfc2d20d2f_0a122616f3718d3f45cab10fd8fc1604fc0.jpg?1786017459,Diamond,7,0,WHM
Crystalia Aguilau'ra,51094995,168,184,Phantom,Chaos,0,0,e8e576c74bb3b06299949b7258aa8c6b_f0a43d6e5eea19af337a176e9836acddfc0.jpg?1786016918,Diamond,202,22,UNK
Vic Strider,53817077,169,168,Raiden,Light,0,0,64d68250fabd33e4972dcba2d2638d6c_a370664d98f658f4ed4e620f378f73cdfc0.jpg?1786017555,Diamond,67,5,RDM
Roy Dimgao,29524655,170,154,Omega,Chaos,0,0,320af7149c63c337e5826c2c2cc1bf37_39e25ac3d737c46452305eefe324372cfc0.jpg?1786015475,Diamond,44,0,SGE
Vyn Silvair,21908199,170,155,Shiva,Light,0,0,05a4597e1e8ad1e87cfc4aab88be286c_3fbff0e6b620e4d259dc427abc6574dafc0.jpg?1786016811,Diamond,44,1,MIN
Guimiko Miko,54285624,172,218,Moogle,Chaos,0,0,610c37aeb64c6149d7c6d5ea93a8114e_d7a9d5f85a29d6278ec1c7adc2c8d242fc0.jpg?1786016821,Diamond,35,5,WHM
Stephanie Dolla,28876458,173,156,Lich,Light,0,0,753eeef7260d5b48fedb9d189d2b51ca_7206469080400ed57a5373d0a9c55c59fc0.jpg?1786018731,Diamond,33,0,GNB
Renna Vorak,25421061,174,157,Raiden,Light,0,0,c2dc94bad32c136ebcdcb42ec56ba1c3_a370664d98f658f4ed4e620f378f73cdfc0.jpg?1786016117,Diamond,31,1,BRD
Brindacier Alomon,26055030,175,158,Phoenix,Light,0,0,fbefc8262b34e93b398aa2dde0c2e4b8_5047bc596a4bab2dc7f7c120bb22dec5fc0.jpg?1786017061,Diamond,15,0,SAM
Catlisaie Leveilleur,38928587,176,161,Sagittarius,Chaos,0,0,b49cedcc9313e5b78f3c3e17f3a3b68c_44ca0844398b2d010d8cd4a31ddb023dfc0.jpg?1786016521,Diamond,10,4,WAR
Taivas L'tulta,46948666,176,160,Odin,Light,0,0,30ba088e17b99c9f748bd47b4ff33fb4_644311b63b607133c989d7c1188467dafc0.jpg?1786015952,Diamond,10,0,DRG
Keylinda Heliopsis,44659154,178,161,Moogle,Chaos,0,0,aae227ec83063cc479b9c5f6fb803e66_d7a9d5f85a29d6278ec1c7adc2c8d242fc0.jpg?1786015785,Diamond,9,3,WHM
Astral Highwind,29689702,179,163,Omega,Chaos,0,0,97af63b900951c4e5b86b87e21f0d233_39e25ac3d737c46452305eefe324372cfc0.jpg?1786016178,Diamond,3,0,MNK
Tsuguri Tempest,8093380,179,163,Moogle,Chaos,0,0,673dd69d52b7f7c210bb231091fd1922_d7a9d5f85a29d6278ec1c7adc2c8d242fc0.jpg?1786015974,Diamond,3,0,DRK
Staz Hellcat,8016319,181,167,Cerberus,Chaos,0,0,c7e860ceda35e35e41bca47bf02624be_777c57311d510ca65dac3c1077dee435fc0.jpg?1786015698,Diamond,86,6,RDM
Merily Marlin,52216084,182,166,Louisoix,Chaos,0,0,1b485637d5f1df89d363a45b95cba49c_0a122616f3718d3f45cab10fd8fc1604fc0.jpg?1786015951,Diamond,83,0,SCH
Bagel Egg,18929023,183,187,Omega,Chaos,0,0,f655117235b1c0d199ca39849579a631_39e25ac3d737c46452305eefe324372cfc0.jpg?1786016279,Diamond,82,15,PLD
Rin Tanaka,24116937,184,178,Phoenix,Light,0,0,05caa52c69a69c31a889325a1f319530_5047bc596a4bab2dc7f7c120bb22dec5fc0.jpg?1786015526,Diamond,39,7,SMN
Smoothie Sour,42056621,185,172,Zodiark,Light,0,0,247388cdfc4db1451cf9df83cce7b3a1_c274370774c6bc3483cc8740805f41bcfc0.jpg?1786015393,Diamond,36,12,DRG
Lolorei Lalarei,3686155,186,170,Omega,Chaos,0,0,da6ff12e4effc4cbacfe1b954f1c3bf5_39e25ac3d737c46452305eefe324372cfc0.jpg?1786016801,Diamond,31,0,GNB
Rei Dassario,24597443,187,171,Raiden,Light,0,0,a51ce0a687a31ff3b67287e80ea30aed_a370664d98f658f4ed4e620f378f73cdfc0.jpg?1786017019,Diamond,30,0,VPR
Kihn Shirudo,43951482,188,173,Spriggan,Chaos,0,0,2e619166d10daa6082c54563a5af17ff_feaf0a2e88ff164813fbc9b85876fa48fc0.jpg?1786017607,Diamond,18,0,DRK
Mestari Kalastaja,38441307,189,227,Omega,Chaos,0,0,52dc7dc38ddeaaedbae9f2b43a6ca546_39e25ac3d737c46452305eefe324372cfc0.jpg?1786015416,Diamond,13,4,WHM
Izuma Knox,48747330,190,174,Spriggan,Chaos,0,0,e4ecfd700fe3f6df45f6409e46a09d8b_feaf0a2e88ff164813fbc9b85876fa48fc0.jpg?1786018180,Diamond,9,0,SGE
Endorel Soro,12949151,191,175,Alpha,Light,0,0,038b9a835f84a3b80a8a467605d3dd8c_6132295fcf5570fb8b0a944ef322a598fc0.jpg?1786016698,Diamond,6,0,UNK
Mirajane Hylian,24248886,192,176,Omega,Chaos,0,0,32bbb40f8ae6e32a1317f2919c7a1a42_39e25ac3d737c46452305eefe324372cfc0.jpg?1786017230,Diamond,4,0,MNK
Altrios Alrun,37280856,193,177,Odin,Light,0,0,eed006603ff3859a7471671dcb9c221c_644311b63b607133c989d7c1188467dafc0.jpg?1786018975,Diamond,3,0,GNB
Gabriel Zephyrus,11099535,194,209,Zodiark,Light,0,0,fb5c6913d0c275952def0841ab82887f_c274370774c6bc3483cc8740805f41bcfc0.jpg?1786016846,Diamond,104,17,RPR
Saku Rozen,1622070,195,211,Odin,Light,0,0,76d32a46909474e4b590ee6476bfabce_644311b63b607133c989d7c1188467dafc0.jpg?1786015474,Diamond,54,2,UNK
Dessy Moonwalker,30980737,196,0,Zodiark,Light,0,0,e34bce9409ca557af54cb198e3aec31b_c274370774c6bc3483cc8740805f41bcfc0.jpg?1786016702,Diamond,41,9,SAM
Mina Ha,50543888,197,179,Raiden,Light,0,0,712f53c2b6ed3bc9fa9cc0b0b60a16d7_a370664d98f658f4ed4e620f378f73cdfc0.jpg?1786018455,Diamond,11,0,SMN
Fandrix Shadowsong,36051326,198,180,Louisoix,Chaos,0,0,e8515941184b5c25f2622f1899a0969a_0a122616f3718d3f45cab10fd8fc1604fc0.jpg?1786015406,Diamond,6,0,RPR
Ny Aa,49048302,199,181,Zodiark,Light,0,0,a75fda4dbe97ffbaf98a55c7ea86fa64_c274370774c6bc3483cc8740805f41bcfc0.jpg?1786016611,Diamond,4,0,RDM
Sir Azmuth,21784845,199,0,Lich,Light,0,0,aaa9e4ee439eaa5d584760975605186f_7206469080400ed57a5373d0a9c55c59fc0.jpg?1786016806,Diamond,4,0,RDM
Dopa Mine,44403027,201,182,Phantom,Chaos,0,0,8d27501fd3361cf138655132263db4b5_f0a43d6e5eea19af337a176e9836acddfc0.jpg?1786015875,Diamond,2,0,RDM
Maru Tani,58799026,201,182,Alpha,Light,0,0,b632027978294d1f77f2347d48fc3704_6132295fcf5570fb8b0a944ef322a598fc0.jpg?1786015510,Diamond,2,0,SCH
Freya Highwind,37533969,203,185,Spriggan,Chaos,0,0,de376c51fd21ccbb1018c1c3fb40734b_feaf0a2e88ff164813fbc9b85876fa48fc0.jpg?1786017616,Diamond,164,16,DNC
Jalsket Pirated,40728416,204,268,Zodiark,Light,0,0,18ffb968d4a5a0c03d5e251516a2c3aa_c274370774c6bc3483cc8740805f41bcfc0.jpg?1786018775,Diamond,79,12,NIN
Fay Fury,13801627,205,245,Alpha,Light,0,0,c8bf2d24d3b66a91e8891eb6b4043bd8_6132295fcf5570fb8b0a944ef322a598fc0.jpg?1786017064,Diamond,73,11,UNK
Vincent God,14069867,206,270,Phoenix,Light,0,0,7d8e17eab1b900c1741204dbf199eb48_5047bc596a4bab2dc7f7c120bb22dec5fc0.jpg?1786016174,Diamond,63,8,CUL
Benedikta Cucumber,55428569,207,290,Sagittarius,Chaos,0,0,1091166e96bfe839d8a067a8fc27848a_44ca0844398b2d010d8cd4a31ddb023dfc0.jpg?1786016672,Diamond,57,9,BRD
Nana Usui,34696904,208,189,Moogle,Chaos,0,0,abd9e807ccb2486ea89e3deab9cc56d2_d7a9d5f85a29d6278ec1c7adc2c8d242fc0.jpg?1786017649,Diamond,48,6,BLM
Vermilion Rose,4596210,209,188,Phantom,Chaos,0,0,6eeb39ac8e979b57130040ff257bf772_f0a43d6e5eea19af337a176e9836acddfc0.jpg?1786015973,Diamond,43,0,PLD
Lu Mi,47806406,210,191,Raiden,Light,0,0,c8d19bad38e9523a4db779b2bf514973_a370664d98f658f4ed4e620f378f73cdfc0.jpg?1786017519,Diamond,37,5,MCH
Leizi Doomie,47973424,211,250,Omega,Chaos,0,0,35e6c296ac2a3e1f720238508a30d7a5_39e25ac3d737c46452305eefe324372cfc0.jpg?1786015559,Diamond,35,8,BRD
Saki Aiko,58256956,212,190,Zodiark,Light,0,0,f65bf40d95342ebe3141def95c5232bc_c274370774c6bc3483cc8740805f41bcfc0.jpg?1786018669,Diamond,34,0,WHM
Yorda Dormin,35730883,212,250,Phantom,Chaos,0,0,37968b7968327b583f23e52d999337f9_f0a43d6e5eea19af337a176e9836acddfc0.jpg?1786017146,Diamond,34,7,UNK
Ino Based,41531397,214,273,Alpha,Light,0,0,ae8562754d31616305226909752bc4fd_6132295fcf5570fb8b0a944ef322a598fc0.jpg?1786016766,Diamond,30,7,VPR
Mono Lith,59519255,215,192,Omega,Chaos,0,0,2d12a270aa7b3b097c78dcc93127e881_39e25ac3d737c46452305eefe324372cfc0.jpg?1786017165,Diamond,29,0,RPR
Nemesis Sol,49622209,216,193,Shiva,Light,0,0,1bcb80e23a56918c49abb6d50ef563af_3fbff0e6b620e4d259dc427abc6574dafc0.jpg?1786018797,Diamond,28,0,BLU
Melili Nalili,60720700,217,194,Twintania,Light,0,0,24a7b96fbc052a40de9c6f7809fe72fe_c33f640c0cdd35f7def85b8aa31a0007fc0.jpg?1786017839,Diamond,23,0,DRK
Kai Usami,51704875,218,195,Raiden,Light,0,0,de98603cf09d40c4587c720f86e73817_a370664d98f658f4ed4e620f378f73cdfc0.jpg?1786017858,Diamond,19,0,UNK
Akurei Amotanius,36595921,219,196,Odin,Light,0,0,ca5d9f24b62995e3bcb5d25cc576fc70_644311b63b607133c989d7c1188467dafc0.jpg?1786018704,Diamond,16,0,MNK
Illyrion Akatsuki,56186869,220,197,Odin,Light,0,0,b36972ee34bfd25f82ce348b32b6f5da_644311b63b607133c989d7c1188467dafc0.jpg?1786018841,Diamond,14,0,DRG
Diggoo Jumalxtenlavis,21389976,221,198,Zodiark,Light,0,0,ae5b9d280ccfc178e7b74cd839ec5e43_c274370774c6bc3483cc8740805f41bcfc0.jpg?1786017075,Diamond,12,0,DRK
Lion Lad,60548427,222,200,Phantom,Chaos,0,0,69af2e062eb7ba4549c964e1fbc8b79e_f0a43d6e5eea19af337a176e9836acddfc0.jpg?1786015754,Diamond,7,0,GNB
Mer Lin,50434149,222,200,Spriggan,Chaos,0,0,52a13256ecf71bc72e25a6b211b196c8_feaf0a2e88ff164813fbc9b85876fa48fc0.jpg?1786015633,Diamond,7,0,BRD
Xiex Xie,40733160,224,202,Zodiark,Light,0,0,f253e0943a65dac103a6dfd764a01f52_c274370774c6bc3483cc8740805f41bcfc0.jpg?1786015407,Diamond,3,0,DNC
Ash Dreadsaint,16641514,225,203,Alpha,Light,0,0,35babc8a56d97c1de09ffbf594068bd0_6132295fcf5570fb8b0a944ef322a598fc0.jpg?1786018169,Diamond,1,0,BLM
Faly Linh,32024155,225,203,Spriggan,Chaos,0,0,2c0bc07b4ce467f3fb61eed172593a41_feaf0a2e88ff164813fbc9b85876fa48fc0.jpg?1786018183,Diamond,1,0,UNK
Jean Eclair,2900310,225,203,Louisoix,Chaos,0,0,7adf7a428285818f2884e78fe04bd4d8_0a122616f3718d3f45cab10fd8fc1604fc0.jpg?1786018744,Diamond,1,0,MCH
Rifula Ruivre,2224873,225,203,Alpha,Light,0,0,47995b925a7f5c18a76967fce75b8bb9_6132295fcf5570fb8b0a944ef322a598fc0.jpg?1786017531,Diamond,1,0,UNK
Slayn Lockmeier,43624360,225,0,Ragnarok,Chaos,0,0,6e8ed130575c22a15b32af255b35348b_40d57ba713628f3f1ef5ef204b6d76d2fc0.jpg?1786016434,Diamond,1,0,MNK
Rem Minase,15335467,230,243,Ragnarok,Chaos,0,0,6f4b9532213e5ed122fcac3e5c3b4cc5_40d57ba713628f3f1ef5ef204b6d76d2fc0.jpg?1786017442,Diamond,115,5,DRG
Frankie Urien,32323176,231,208,Odin,Light,0,0,ffae33588fe71f102672b7defdb50a30_644311b63b607133c989d7c1188467dafc0.jpg?1786017343,Diamond,104,7,BRD
Dacien Darlett,3339751,232,240,Odin,Light,0,0,0311b8a0924e142c3f1da4b81f645156_644311b63b607133c989d7c1188467dafc0.jpg?1786017580,Diamond,99,5,AST
Ardias Wolfsherz,11752815,233,246,Lich,Light,0,0,8f0a84278162ee56f0f65bac956cc32c_7206469080400ed57a5373d0a9c55c59fc0.jpg?1786016938,Diamond,77,23,DRG
Kiara Anima,33528154,234,210,Raiden,Light,0,0,f1bb383b8594f615718c3d7f602fc10c_a370664d98f658f4ed4e620f378f73cdfc0.jpg?1786016908,Diamond,53,0,MNK
Mowgar Nightslade,40238415,234,0,Shiva,Light,0,0,caf06ef1481275eaf26d0edc97985aa1_3fbff0e6b620e4d259dc427abc6574dafc0.jpg?1786018499,Diamond,53,6,PLD
Lise-hoi Pipeloi,29719212,236,211,Cerberus,Chaos,0,0,57c5498cda4f5b24c975d5c6ad1dad53_777c57311d510ca65dac3c1077dee435fc0.jpg?1786018839,Diamond,52,0,SGE
Norai Tempest,38251436,237,213,Zodiark,Light,0,0,b7018360f2380ddb9010a48d596309f2_c274370774c6bc3483cc8740805f41bcfc0.jpg?1786016141,Diamond,49,1,SAM
Celeste Starblade,57129516,238,214,Phoenix,Light,0,0,f658a7c187303ff40c92c131f45b6f67_5047bc596a4bab2dc7f7c120bb22dec5fc0.jpg?1786018515,Diamond,42,0,SAM
Leo Wolfram,55309464,239,215,Twintania,Light,0,0,137bda326a93315b803aa0d477a79942_c33f640c0cdd35f7def85b8aa31a0007fc0.jpg?1786015929,Diamond,41,0,DNC
Bubble Nebula,59834747,240,216,Sagittarius,Chaos,0,0,df2ae90ea247ab18117d32d9808317e8_44ca0844398b2d010d8cd4a31ddb023dfc0.jpg?1786017498,Diamond,37,0,PLD
General Aardvark,48423100,241,217,Twintania,Light,0,0,cf88029724167c1d18ed8c536a862900_c33f640c0cdd35f7def85b8aa31a0007fc0.jpg?1786017537,Diamond,32,0,GNB
Uraraka Lunae,19968499,242,219,Louisoix,Chaos,0,0,87178981b631653f4905b195c6c49583_0a122616f3718d3f45cab10fd8fc1604fc0.jpg?1786018195,Diamond,27,2,SAM
Ossim Numine,26339671,243,219,Spriggan,Chaos,0,0,c5d164dd5b0090daf2749023d8296214_feaf0a2e88ff164813fbc9b85876fa48fc0.jpg?1786018726,Diamond,25,0,VPR
Nihan Hex,53453486,244,221,Cerberus,Chaos,0,0,15de173462fb012d8bb6ffee6c41a2a1_777c57311d510ca65dac3c1077dee435fc0.jpg?1786016411,Diamond,24,0,NIN
Eden Sight,26795634,245,222,Zodiark,Light,0,0,0082848ea437238b52e2fc002e546579_c274370774c6bc3483cc8740805f41bcfc0.jpg?1786018345,Diamond,22,0,DRG
Rain Nox,60193350,246,224,Lich,Light,0,0,c063b7c34350713be1ce7beabd8e946e_7206469080400ed57a5373d0a9c55c59fc0.jpg?1786016129,Diamond,21,0,SGE
Lauressen Ornedwesfv,49280645,247,225,Louisoix,Chaos,0,0,36b2248a22465d5d00bf7ed02491ae4b_0a122616f3718d3f45cab10fd8fc1604fc0.jpg?1786017142,Diamond,16,0,SMN
Serphe Dot,52263876,248,226,Moogle,Chaos,0,0,9650655e67fd2c317b6785da99b8da48_d7a9d5f85a29d6278ec1c7adc2c8d242fc0.jpg?1786017402,Diamond,14,0,BRD
Gella Zenhat,16553524,249,232,Cerberus,Chaos,0,0,34542c2a2fe5b9a690d00a5565e15c1b_777c57311d510ca65dac3c1077dee435fc0.jpg?1786018507,Diamond,9,8,AST
Sentika Thiel,31702916,250,228,Zodiark,Light,0,0,50ae19a11ef85e68cde6a1c26ccaf1d1_c274370774c6bc3483cc8740805f41bcfc0.jpg?1786015428,Diamond,7,0,DRG
Nilfel Hahayon,21378833,251,229,Cerberus,Chaos,0,0,d7e947c02816c8a10c0773fc4c97e71e_777c57311d510ca65dac3c1077dee435fc0.jpg?1786018097,Diamond,6,0,GNB
Kaede Amamiya,25944628,252,0,Cerberus,Chaos,0,0,13e03898baafa9786d351bd06a0000a8_777c57311d510ca65dac3c1077dee435fc0.jpg?1786017650,Diamond,5,0,SMN
Doctor Zoidberg,9214410,253,230,Cerberus,Chaos,0,0,40bc630c90e57d0ca265dd7fc809d5c8_777c57311d510ca65dac3c1077dee435fc0.jpg?1786018200,Diamond,3,0,WAR
Strom Valentine,19009916,253,230,Cerberus,Chaos,0,0,a8dc2ae24adfae999c388093e3e213e8_777c57311d510ca65dac3c1077dee435fc0.jpg?1786018335,Diamond,3,0,VPR
Magisa Vale,43527083,255,232,Phoenix,Light,0,0,50d54724458e52e82fcfc6d537b9e001_5047bc596a4bab2dc7f7c120bb22dec5fc0.jpg?1786016037,Diamond,1,0,SGE
Tensei Kaiten,46690911,255,232,Raiden,Light,0,0,d68fe2cd8b67b36a7f9904682b1aad12_a370664d98f658f4ed4e620f378f73cdfc0.jpg?1786015996,Diamond,1,0,DRK
Alterion Vinea,12652045,257,235,Spriggan,Chaos,0,0,9bffaa652b4614ee6c33fdd6e07fdea8_feaf0a2e88ff164813fbc9b85876fa48fc0.jpg?1786018729,Diamond,0,0,DRK
Amarth Vual,37220642,257,235,Lich,Light,0,0,64bdc4017f196c6ab4c813692496b5f6_7206469080400ed57a5373d0a9c55c59fc0.jpg?1786017524,Diamond,0,0,PLD
Death Fury,9386074,257,235,Ragnarok,Chaos,0,0,f334633b7adb1af69b68d26c3dc12e81_40d57ba713628f3f1ef5ef204b6d76d2fc0.jpg?1786018308,Diamond,0,0,LTW
Soley Noire,36572415,257,0,Raiden,Light,0,0,b1e91539f893f399aefe93727e3e6dae_a370664d98f658f4ed4e620f378f73cdfc0.jpg?1786016829,Diamond,0,0,RPR
Zoera Rinn,47442640,257,235,Alpha,Light,0,0,1a8a49a922d7b9ede1f40d3e59c5b86f_6132295fcf5570fb8b0a944ef322a598fc0.jpg?1786015615,Diamond,0,0,SAM
Anyu Nayru,34487597,262,239,Phoenix,Light,0,0,88772bb9fe8e19be70e12bce0dbf5dec_5047bc596a4bab2dc7f7c120bb22dec5fc0.jpg?1786018732,Platinum,118,7,WHM
Athena Olympe,44680885,263,260,Sagittarius,Chaos,0,0,7e7afe9e9cebc29cee3220c1e0530540_44ca0844398b2d010d8cd4a31ddb023dfc0.jpg?1786018851,Platinum,55,17,BLM
Airi Rhitik,2286171,264,249,Moogle,Chaos,0,0,0e7c747879926e0f575c8444323c478f_d7a9d5f85a29d6278ec1c7adc2c8d242fc0.jpg?1786015691,Platinum,36,5,AST
C'rhun Tia,59338588,265,241,Spriggan,Chaos,0,0,b2ff4ed07ded26f7b90db369f6c22e10_feaf0a2e88ff164813fbc9b85876fa48fc0.jpg?1786017106,Platinum,16,3,BLM
Ayata Miyabi,20861679,266,242,Louisoix,Chaos,0,0,5b26312fcf95dd3660fa779f2ed897f3_0a122616f3718d3f45cab10fd8fc1604fc0.jpg?1786016945,Platinum,8,0,RDM
Arokh Belmont,11857777,267,244,Lich,Light,0,0,30aecf92630f3cecec4e116666981198_7206469080400ed57a5373d0a9c55c59fc0.jpg?1786016312,Platinum,93,0,DRK
Dhel Maral,27286203,268,0,Phoenix,Light,0,0,9169813f4af882482823951b9270c14b_5047bc596a4bab2dc7f7c120bb22dec5fc0.jpg?1786016166,Platinum,66,11,BRD
Error Message,13464395,269,247,Odin,Light,0,0,37584823c6898787a88ec74ca750c2b7_644311b63b607133c989d7c1188467dafc0.jpg?1786017779,Platinum,42,0,MCH
Jektiss Shishiza,28449147,270,0,Odin,Light,0,0,ba4e836ce41c5f87fc85491f43336934_644311b63b607133c989d7c1188467dafc0.jpg?1786018741,Platinum,22,10,BRD
Edgy Maincharacter,34503685,271,252,Omega,Chaos,0,0,bdffb22602f572e2ef683a1f09207b77_39e25ac3d737c46452305eefe324372cfc0.jpg?1786016283,Platinum,14,0,RPR
Kai Weaver,59504701,272,253,Cerberus,Chaos,0,0,f3598c7f1d9880e593c1f5f6cd04a2cd_777c57311d510ca65dac3c1077dee435fc0.jpg?1786017509,Platinum,99,11,NIN
Night Siren,46140840,273,254,Alpha,Light,0,0,5b2c854dc9360523ee7fcd5bfee41621_6132295fcf5570fb8b0a944ef322a598fc0.jpg?1786015763,Platinum,83,9,GNB
Garik Slambert,60482352,274,255,Phoenix,Light,0,0,db0a037687194ebf4febd49e14005a66_5047bc596a4bab2dc7f7c120bb22dec5fc0.jpg?1786017897,Platinum,45,0,ALC
Kitty Purr,35221239,275,256,Zodiark,Light,0,0,5255b02c0e30309529735d2aa66456c5_c274370774c6bc3483cc8740805f41bcfc0.jpg?1786015612,Platinum,31,6,WHM
Ultimo Tower,13765195,276,257,Odin,Light,0,0,f3f293a7802e54bc6d3f5c2ceb6f4902_644311b63b607133c989d7c1188467dafc0.jpg?1786018823,Platinum,24,0,MNK
Evan Hycks,7557796,277,258,Phoenix,Light,0,0,52f7406f92df6db10a921ea3efdc9dd4_5047bc596a4bab2dc7f7c120bb22dec5fc0.jpg?1786016600,Platinum,6,1,DRG
Charon Tesar,2860491,278,259,Shiva,Light,0,0,71fb4ffe6d15608a77682afdbdef53d7_3fbff0e6b620e4d259dc427abc6574dafc0.jpg?1786015700,Platinum,68,10,PCT
Queenie Skyfrost,34868775,279,0,Odin,Light,0,0,4c0182a4bd02a557a3e29b795c1e0b9c_644311b63b607133c989d7c1188467dafc0.jpg?1786016808,Platinum,41,13,SMN
Protos Heis,34597162,280,261,Spriggan,Chaos,0,0,1227bb2a621e4455479d060e840ff145_feaf0a2e88ff164813fbc9b85876fa48fc0.jpg?1786015824,Platinum,33,11,MCH
Ai Ka',13500675,281,0,Ragnarok,Chaos,0,0,171f0ab92d0e928acdb718980be9c896_40d57ba713628f3f1ef5ef204b6d76d2fc0.jpg?1786015434,Platinum,20,8,BRD
Malachi Lights,3074032,281,262,Shiva,Light,0,0,e2d7cd0b9daba53c8f2e584c50e288b5_3fbff0e6b620e4d259dc427abc6574dafc0.jpg?1786018093,Platinum,20,0,SAM
Astinus Zivlyne,4289243,283,264,Shiva,Light,0,0,1d876b5e49c40cda49b1b7afdd305d4d_3fbff0e6b620e4d259dc427abc6574dafc0.jpg?1786015945,Platinum,11,0,SMN
Myriil Elwarin,28020950,284,275,Phoenix,Light,0,0,5f029a92aa15a8f6626ca8f052c5824a_5047bc596a4bab2dc7f7c120bb22dec5fc0.jpg?1786016091,Platinum,9,3,DNC
Onox Farbane,43799244,284,265,Zodiark,Light,0,0,c322e9dd886e64c0365244e0b587448f_c274370774c6bc3483cc8740805f41bcfc0.jpg?1786017206,Platinum,9,0,WAR
Rainy Moody,18521804,286,266,Raiden,Light,0,0,4376b79862aa6ab1a2b37b54be8e3543_a370664d98f658f4ed4e620f378f73cdfc0.jpg?1786016820,Platinum,7,0,SAM
Only Zans,58389533,287,267,Ragnarok,Chaos,0,0,09b8154a2e83614f3bf922366c18009b_40d57ba713628f3f1ef5ef204b6d76d2fc0.jpg?1786016102,Platinum,3,0,WAR
Vesper Lux,39986527,288,269,Phoenix,Light,0,0,3ffa8cf173ca00c6bd21dc61c1a7850f_5047bc596a4bab2dc7f7c120bb22dec5fc0.jpg?1786016265,Platinum,63,1,RDM
Shanks Haki,20417857,289,293,Louisoix,Chaos,0,0,01683c16881e9dfb6ce45ceb07293b70_0a122616f3718d3f45cab10fd8fc1604fc0.jpg?1786015824,Platinum,51,10,PLD
Calamity Hellfire,19991596,290,271,Alpha,Light,0,0,42b5f3e913fb3a618bbefaf561c46d0c_6132295fcf5570fb8b0a944ef322a598fc0.jpg?1786017951,Platinum,39,5,SMN
T'syl Mitnu,35875855,291,272,Twintania,Light,0,0,20f1860def433fa504db9aefe1d56299_c33f640c0cdd35f7def85b8aa31a0007fc0.jpg?1786018715,Platinum,35,8,MNK
Zanzas Olta,23438927,292,274,Alpha,Light,0,0,7776729f1bc0f0c25a713fde32b1292f_6132295fcf5570fb8b0a944ef322a598fc0.jpg?1786016038,Platinum,21,0,BLM
Juksu Lumipupu,48804411,293,0,Alpha,Light,0,0,bd9b3ad64ab9d8d26016339615ab9996_6132295fcf5570fb8b0a944ef322a598fc0.jpg?1786017054,Platinum,12,4,WAR
Veritan Indaerus,21877909,294,276,Odin,Light,0,0,978a128ddf080c55e3afc742274d0c9f_644311b63b607133c989d7c1188467dafc0.jpg?1786017960,Platinum,2,0,DRG
Redoh Snowh,49540694,295,277,Raiden,Light,0,0,13dc68c6bc2ff0f782731ff1ab2f299f_a370664d98f658f4ed4e620f378f73cdfc0.jpg?1786017579,Platinum,1,0,SAM
Llev Dalsey,60826739,296,278,Phoenix,Light,0,0,c87b91570ec682454097470787c2600c_5047bc596a4bab2dc7f7c120bb22dec5fc0.jpg?1786016924,Platinum,106,6,BRD
Everard Woodrow,26140913,297,0,Shiva,Light,0,0,babebdcffb2810238b0f7cd2e3701f76_3fbff0e6b620e4d259dc427abc6574dafc0.jpg?1786015907,Platinum,99,12,MCH
Heroica Sylverin,47701376,298,280,Raiden,Light,0,0,2b1f1bb1870af747aadf918421bb272c_a370664d98f658f4ed4e620f378f73cdfc0.jpg?1786015483,Platinum,62,5,WHM
Yuno Aiko,41057734,298,279,Zodiark,Light,0,0,1857c02309b39202502cb14a787bf0b4_c274370774c6bc3483cc8740805f41bcfc0.jpg?1786015710,Platinum,62,0,SMN
Hope Carmine,31931991,300,282,Odin,Light,0,0,4d5e5c176cb534aaf44e67236bf6c171_644311b63b607133c989d7c1188467dafc0.jpg?1786017449,Platinum,30,0,NIN
Ciel Cocco,27192023,1,0,Anima,Mana,2086,0,05df3829299dc9e3c4ba0bceb512525a_2f698530a28d671d20278c8518c804c9fc0.jpg?1786016950,Omega,72,0,DNC
Happo Hapo,59173770,2,206,Pandaemonium,Mana,2084,1589,8d06d5697fa5f35516e08e77ecb4eff8_470db1bf2e865f9130531fea40b61ee4fc0.jpg?1786016641,Omega,24,20,VPR
Vivi Ann,4766157,3,2,Kujata,Elemental,2080,0,9543e197b2faf03aa21058f9deedc408_72c48f093f2278ac3243962d3eb6a8d7fc0.jpg?1786018185,Omega,55,0,MNK
Hatozo Ito,39455624,4,3,Typhon,Elemental,2077,0,a2de1cbebb1230e8f11f0fa765df7d0f_32d8c9c7cd5f62d62da2d31b6750a680fc0.jpg?1786017145,Omega,26,0,WAR
Sorin Maki,53900927,5,4,Durandal,Gaia,2055,0,b0d4570e39585eb6b5ba7458ff8781a7_806ea5b45071d5cd6bf393e38462ee71fc0.jpg?1786017978,Omega,84,0,SAM
Paker Zuka,35106373,6,5,Bahamut,Gaia,2044,0,1dfba22310e23cd21bd3a7481bf928e1_86da943caa70c8694707ab2ff74e68c9fc0.jpg?1786016885,Omega,69,0,UNK
Ciao' Chu-ru,46227731,7,6,Asura,Mana,2042,0,4407462a62eb8cb31cec691e9f214c86_53f1445a9f28799a32ea55f046319fc3fc0.jpg?1786016670,Omega,62,0,UNK
Makina Belg,23683223,8,7,Belias,Meteor,2037,0,ffed281791b6f91e5a2000e4917cfeeb_894c4bd0beab2e2beb44b74f4c4bd206fc0.jpg?1786016489,Omega,94,0,MNK
Emil Sarasun,7191072,9,8,Asura,Mana,2035,0,052a2527c0dee23533f8162c40d66898_53f1445a9f28799a32ea55f046319fc3fc0.jpg?1786018524,Omega,69,0,VPR
Kappi Scarlet,11922639,10,9,Asura,Mana,2017,0,820f32c739a02029fdacf6c96cbf1fa4_53f1445a9f28799a32ea55f046319fc3fc0.jpg?1786015862,Omega,86,0,RPR
Noin Kurial,23981966,11,10,Asura,Mana,1780,0,83830f722858537d3bbdd6afabacaa3d_53f1445a9f28799a32ea55f046319fc3fc0.jpg?1786017309,Crystal,44,0,PLD
Bakeke Bake,40527195,12,11,Asura,Mana,1720,0,2df47416611081755cf9e0cd7c586afa_53f1445a9f28799a32ea55f046319fc3fc0.jpg?1786015910,Crystal,71,0,SAM
Rex Cold,46340519,13,31,Bahamut,Gaia,1709,502,5a590acfa6bbe6cddd1eb5143c7070f2_86da943caa70c8694707ab2ff74e68c9fc0.jpg?1786017479,Crystal,55,12,UNK
Rya Myosotisy,44244496,14,12,Asura,Mana,1698,0,d39af5863481d80b66f4fe05bf80d003_53f1445a9f28799a32ea55f046319fc3fc0.jpg?1786018667,Crystal,40,0,MNK
Jay Eins,3930926,15,16,Chocobo,Mana,1696,102,31d212c5602873cad51c02ca3a1707f4_781d6b3603312f6be41670afa37282e0fc0.jpg?1786015980,Crystal,53,1,DRG
Ml Tei,47822875,16,13,Alexander,Gaia,1695,0,259bd72e639c252e3e6ab819661c07a6_b7a71d8799cf6dd75b711a7f52de6675fc0.jpg?1786018655,Crystal,20,0,DRK
Sensei Jyutusi,20995129,17,14,Chocobo,Mana,1676,0,218ddf1e9e095da9f0b9d5866f9f2d80_781d6b3603312f6be41670afa37282e0fc0.jpg?1786015505,Crystal,65,6,WHM
Imlink Rr,46726473,18,38,Bahamut,Gaia,1623,522,6c9ffcd32b7d78e8b7e09c63d130ef2a_86da943caa70c8694707ab2ff74e68c9fc0.jpg?1786017265,Crystal,138,24,MCH
Kawlo Wilhelm,53079906,19,15,Ixion,Mana,1610,0,c9dcb47fbd9f0b8b6bf1b3ac91b2e802_7126768d768f6c6c7fed3eaee98c3a8afc0.jpg?1786016288,Crystal,28,0,UNK
Zorro Gris,32722431,20,19,Fenrir,Gaia,1595,399,e75ff8db50bba7c088dcf03fbadf4422_d384cf5ad7db803f29799f36ebbc3eadfc0.jpg?1786018220,Crystal,28,5,DNC
Wonton Starlight,27496660,21,44,Chocobo,Mana,1574,487,8d6c3f0a6f695cdc94b9234b6c28be22_781d6b3603312f6be41670afa37282e0fc0.jpg?1786016207,Crystal,95,13,PLD
Aman Kaharmine,37434311,22,20,Belias,Meteor,1567,187,7fa9aa672753e286a5710cf338755727_894c4bd0beab2e2beb44b74f4c4bd206fc0.jpg?1786016331,Crystal,81,9,UNK
Comachi Dj,13425678,23,17,Hades,Mana,1503,0,4983bf5b31ed2764865b5fd4a01a64a5_a4730651230dd43cb129562a30d531aefc0.jpg?1786016116,Crystal,79,12,NIN
Tango Ngo,47753273,24,35,Alexander,Gaia,1492,298,c8ff6406f324ec51842e0a491ba1e4fa_b7a71d8799cf6dd75b711a7f52de6675fc0.jpg?1786016175,Crystal,49,7,VPR
Sha Moji,19121169,25,18,Carbuncle,Elemental,1488,0,eb82915777eea0c952b2885bf59641d9_9eb3c19866f7ae0eeeffac7bf770aba5fc0.jpg?1786015694,Crystal,46,0,MCH
Snow Albarn,25263326,26,37,Fenrir,Gaia,1483,298,fa179c06d46acce251bb94d22a05e931_d384cf5ad7db803f29799f36ebbc3eadfc0.jpg?1786015583,Crystal,33,3,PCT
Ajika Rajika,6811285,27,87,Tiamat,Gaia,1424,594,97621d00c96124d00a3c01cec2dde5f8_9f10d335198e90990f3437c5733468e7fc0.jpg?1786015690,Crystal,45,10,UNK
Basuta Kirito,31797927,28,0,Carbuncle,Elemental,1416,193,22b32c1986bb9c2732e5f877f7cbdbd6_9eb3c19866f7ae0eeeffac7bf770aba5fc0.jpg?1786018777,Crystal,40,5,SAM
Avail Tec,46450631,29,153,Garuda,Elemental,1390,791,174c8b1a79d654754078bef6b8c51067_fcb1f5b0249d1069e5bdc66d0796f26afc0.jpg?1786017975,Crystal,49,18,SAM
San Sowa,35604125,30,21,Ridill,Gaia,1379,0,c5fbf3709fd6b4c8fba74f67e0820609_138751880f18161a907d7cf0faa43f07fc0.jpg?1786016008,Crystal,78,12,UNK
Seraki Matsushima,43566777,31,22,Ixion,Mana,1378,0,1e4675de3ee8e4d8e053dede59297104_7126768d768f6c6c7fed3eaee98c3a8afc0.jpg?1786016006,Crystal,23,0,PCT
Aries San,12460047,32,23,Tiamat,Gaia,1375,0,00a39e6a3c0cb6e9529ffdf15a10dadb_9f10d335198e90990f3437c5733468e7fc0.jpg?1786017500,Crystal,42,3,SAM
Ruru Rururun,41786182,33,24,Ifrit,Gaia,1374,0,3fd0ff0d0e58f6a761a54eebd33b7bc6_f9f796348bc43067c7242ec4551cde69fc0.jpg?1786015612,Crystal,80,11,UNK
Piccolo Saaaaann,23336998,34,25,Asura,Mana,1314,0,efa27fc6ea5fa0a09f429159c3346a0f_53f1445a9f28799a32ea55f046319fc3fc0.jpg?1786018841,Crystal,56,6,WAR
Wuruwuru Yaya,19903532,35,39,Asura,Mana,1304,205,c4dcc6326814217e41a2636e5dd8eea3_53f1445a9f28799a32ea55f046319fc3fc0.jpg?1786016599,Crystal,35,7,NIN
Tsuchi Tsuki,39089046,36,0,Bahamut,Gaia,1289,101,032858264c706c6341f57dbef9e86da1_86da943caa70c8694707ab2ff74e68c9fc0.jpg?1786015725,Crystal,15,2,DRK
Tarex Youva,26374295,37,26,Tonberry,Elemental,1285,0,7dad78de32b2e7e31077d03f095a81ac_7bb6b1e488f0e4f01c5314d010b60f31fc0.jpg?1786018126,Crystal,65,0,PCT
Karma Strife,3816037,38,27,Chocobo,Mana,1223,0,7a25293b17ff84c0c64a519d1fc09720_781d6b3603312f6be41670afa37282e0fc0.jpg?1786017229,Crystal,53,0,NIN
Hoshino Ai,47933529,39,29,Titan,Mana,1220,0,82bad71f761726aa0a737f36447d9f50_e2bb3f9679fec6d4836fcf8abcc3eeacfc0.jpg?1786017237,Crystal,33,0,MNK
Fania Eckert,2837251,40,30,Titan,Mana,1216,0,7177d6fdd5036eebc72834f8376cd1cf_e2bb3f9679fec6d4836fcf8abcc3eeacfc0.jpg?1786018378,Crystal,113,0,PCT
Naku Cha,51398763,41,50,Zeromus,Meteor,1205,195,d1f355424cec05811e0f15dc0a707de5_c76848359d0b4d2f37aefbb9903ed97bfc0.jpg?1786017636,Crystal,24,8,MNK
Mialu Ebisuki,46975926,42,32,Masamune,Mana,1200,0,1d423fc6e7ae66c277f02b6bd29f5f15_134930215abb8a90ec37d6cc05b05e08fc0.jpg?1786016316,Crystal,25,0,MNK
Shion Amber,26147773,43,33,Unicorn,Meteor,1198,0,e2ecf01d14ce449e8393bc3f5dfc57f4_393eb74047bb90c8d80dea54218430eefc0.jpg?1786015651,Crystal,18,1,AST
Yo Na,52935364,44,0,Fenrir,Gaia,1196,1096,2517fd5dbad75617e546949761815db9_d384cf5ad7db803f29799f36ebbc3eadfc0.jpg?1786017903,Crystal,54,16,NIN
Nemu Nenemu,58833619,45,34,Anima,Mana,1195,0,4cdac6083f665767750f3c7804d18a24_2f698530a28d671d20278c8518c804c9fc0.jpg?1786016044,Crystal,70,0,RDM
Kageto Magatsuki,36052369,46,97,Ultima,Gaia,1187,387,c99eebd98f0729313042324985a6fc9a_9df1b3cb0da35db33c17ef11ddf12adafc0.jpg?1786017129,Crystal,30,14,BLM
Xignas Schwalbe,2577287,47,45,Anima,Mana,1174,87,726f737868161a35f25fb4e06bccf08e_2f698530a28d671d20278c8518c804c9fc0.jpg?1786018555,Crystal,62,13,VPR
Creya Oaks,20662074,48,86,Tonberry,Elemental,1166,289,0fb57385ff1c90e3ea26edc53722b78c_7bb6b1e488f0e4f01c5314d010b60f31fc0.jpg?1786016835,Crystal,74,6,BRD
Black' Cat,27132360,49,69,Ifrit,Gaia,1100,198,25f0dd65be1cf71e9e26e0bcc0dc271f_f9f796348bc43067c7242ec4551cde69fc0.jpg?1786018406,Crystal,18,2,PLD
Ura Ururu,59087727,50,40,Chocobo,Mana,1098,0,cbc6fb7e99cc3d57226a4684079c139c_781d6b3603312f6be41670afa37282e0fc0.jpg?1786018712,Crystal,14,0,BRD
Aurelia Stratosfera,26527089,51,218,Unicorn,Meteor,1097,895,0ed689683555a9555b96a5599288d4a1_393eb74047bb90c8d80dea54218430eefc0.jpg?1786017793,Crystal,42,12,SAM
Pokeball Bahamut,42274942,52,123,Valefor,Meteor,1096,397,fdf4bab958d2fbf65e0c07739622a1f7_485f4777c38002871591fb54f27edc65fc0.jpg?1786015918,Crystal,112,19,GNB
Unchou Kan,1575311,53,41,Aegis,Elemental,1096,0,43eef415e4c92f6ff93b1d4dae6b7ab8_3ea38e723c590aabf186367e1eb7e6a1fc0.jpg?1786015505,Crystal,14,0,GNB
Aizen Sosuke,46625154,54,42,Asura,Mana,1095,0,084fe9c7ee753ba32657d9e49b4edde5_53f1445a9f28799a32ea55f046319fc3fc0.jpg?1786016043,Crystal,55,0,UNK
Furanzeska Sumeragi,8414050,55,73,Tonberry,Elemental,1095,198,7300d72d23103eb5494b3e21bf99b3b6_7bb6b1e488f0e4f01c5314d010b60f31fc0.jpg?1786016767,Crystal,29,3,SGE
Hina Narumi,36489169,56,43,Masamune,Mana,1091,0,b92b3bffbe6d8e1f5f53a1f3735c1387_134930215abb8a90ec37d6cc05b05e08fc0.jpg?1786017017,Crystal,18,0,MNK
Zwei Kreuz,14516450,57,58,Bahamut,Gaia,1089,97,367ea315b18ce50bb6f34a9ea77f3222_86da943caa70c8694707ab2ff74e68c9fc0.jpg?1786018731,Crystal,24,3,UNK
Sidurgu Obsidian,17768556,58,46,Garuda,Elemental,1083,0,19277f9e0fcd9432fb16b0e1cbad47a7_fcb1f5b0249d1069e5bdc66d0796f26afc0.jpg?1786018674,Crystal,24,3,WHM
Rariboy Xx,4660025,59,46,Garuda,Elemental,1083,0,80b036f210d47467413b630ce1537551_fcb1f5b0249d1069e5bdc66d0796f26afc0.jpg?1786015381,Crystal,21,0,WAR
Mundane Mann,42589754,60,48,Asura,Mana,1082,0,605c543ad4053338807ead77553c263b_53f1445a9f28799a32ea55f046319fc3fc0.jpg?1786016214,Crystal,19,0,MNK
Vir Sanctus,38437893,61,49,Asura,Mana,1079,0,e0afc9c178de541c5ba8a1afafa4bb02_53f1445a9f28799a32ea55f046319fc3fc0.jpg?1786018694,Crystal,31,0,PLD
Kamio Hoshi,51915197,62,115,Gungnir,Elemental,1012,303,6b5003e9f40b5f1a448a1ba748afc9e5_8f82f937943b6baf4c565020d5eba0ccfc0.jpg?1786018835,Crystal,72,9,MNK
Akatuki Re,22410327,63,51,Carbuncle,Elemental,1003,0,b3e601fbc493d7bc642faec11f3c05fb_9eb3c19866f7ae0eeeffac7bf770aba5fc0.jpg?1786015946,Crystal,20,4,RDM
Fuki Non,51302585,64,52,Titan,Mana,1002,0,99d46e5dfaf54e3a630e700cbd41968b_e2bb3f9679fec6d4836fcf8abcc3eeacfc0.jpg?1786018457,Crystal,32,7,WHM
Raiden Thorne,60267443,65,53,Tiamat,Gaia,1001,0,d973da1a88fef8b53bb1c5cad4ee7a1f_9f10d335198e90990f3437c5733468e7fc0.jpg?1786017024,Crystal,33,0,MNK
Akki Noc,2298162,66,135,Alexander,Gaia,1000,309,4a145f36c7316e0d32845d32af5e92bd_b7a71d8799cf6dd75b711a7f52de6675fc0.jpg?1786015455,Crystal,45,17,SGE
Mashumaro Tsurugi,50222807,67,96,Durandal,Gaia,999,197,31fd330df465ff1080752e19d6bc9eb7_806ea5b45071d5cd6bf393e38462ee71fc0.jpg?1786017515,Crystal,15,5,MNK
Lhei Tayun,55776060,68,54,Chocobo,Mana,998,0,d1e1c509f0fac227ceada972ddb424d4_781d6b3603312f6be41670afa37282e0fc0.jpg?1786017234,Crystal,26,7,BLM
Bikkuri Donkey,59256942,69,55,Belias,Meteor,997,0,96f62f47670d9d1c85e1a464d6f4da65_894c4bd0beab2e2beb44b74f4c4bd206fc0.jpg?1786018363,Crystal,15,0,PCT
Roric Thorne,59323169,70,101,Pandaemonium,Mana,997,199,4ff669632484c5fdf241ea2b9f955435_470db1bf2e865f9130531fea40b61ee4fc0.jpg?1786015910,Crystal,12,2,VPR
Okome Justice,58734775,71,56,Durandal,Gaia,995,0,3589d26a22faffebd4c39812822aab8a_806ea5b45071d5cd6bf393e38462ee71fc0.jpg?1786015983,Crystal,28,0,MCH
Momojiri Kakure,18051279,72,179,Anima,Mana,994,492,17f5cab570f2898b55037a8db7b1c871_2f698530a28d671d20278c8518c804c9fc0.jpg?1786015726,Crystal,45,8,RDM
Lain Wired,1578110,73,99,Chocobo,Mana,994,195,51b29015827612eb3c28c2c8dd0f43ef_781d6b3603312f6be41670afa37282e0fc0.jpg?1786016751,Crystal,37,3,NIN
Sakura Nemutai,55109399,74,57,Titan,Mana,993,0,efa9ef6672998c8a9c860e5e104d6b3e_e2bb3f9679fec6d4836fcf8abcc3eeacfc0.jpg?1786017120,Crystal,50,2,SGE
Shinra Arasaka,24734269,75,59,Tiamat,Gaia,991,0,2d735fa31b5cfcc7eabaae1839d0b731_9f10d335198e90990f3437c5733468e7fc0.jpg?1786016611,Crystal,27,4,DRK
Lazuli Wing,40955023,76,60,Asura,Mana,991,0,9a25b0d5f7c6a97caeb2e0047aaeded8_53f1445a9f28799a32ea55f046319fc3fc0.jpg?1786018067,Crystal,15,0,UNK
Meilkea Inori,40934425,77,169,Aegis,Elemental,985,463,4c256b756b0f4f43b209ec71728dc0e2_3ea38e723c590aabf186367e1eb7e6a1fc0.jpg?1786015476,Crystal,126,24,UNK
Zero No'name,24180515,78,61,Titan,Mana,984,0,3f2ec2a99605ed4d05ef0e5bc0f3b8d4_e2bb3f9679fec6d4836fcf8abcc3eeacfc0.jpg?1786016987,Crystal,33,0,PLD
Hateful Past,26237856,79,62,Asura,Mana,974,0,ed0c8f5d7b00b4c718fd834e96efdd7e_53f1445a9f28799a32ea55f046319fc3fc0.jpg?1786018531,Crystal,31,0,PLD
Rip Rill,726210,80,63,Gungnir,Elemental,923,0,1ed2cf8fd8dc78c1ec061d9bb9c45462_8f82f937943b6baf4c565020d5eba0ccfc0.jpg?1786015448,Crystal,69,0,WHM
Yuki Yui,25457703,81,65,Ultima,Gaia,919,9,53e27d2153b5d4878ef23b1326589ff5_9df1b3cb0da35db33c17ef11ddf12adafc0.jpg?1786015920,Crystal,74,12,WAR
Tige Noir,13429005,82,64,Ridill,Gaia,919,0,92cf71f8edc971b0656a49db62280b09_138751880f18161a907d7cf0faa43f07fc0.jpg?1786017360,Crystal,55,11,DNC
Suteiki Niku,21443132,83,66,Ixion,Mana,906,0,2f186f805d4bb29abd9458d61593b81a_7126768d768f6c6c7fed3eaee98c3a8afc0.jpg?1786016822,Crystal,100,3,VPR
Lycoris Read,35000546,84,67,Garuda,Elemental,905,0,01b7ec3219b5992bd6418e7f58d96f03_fcb1f5b0249d1069e5bdc66d0796f26afc0.jpg?1786018310,Crystal,98,4,MCH
Sukoya Mihirogi,42042279,85,68,Anima,Mana,904,0,58dacb01c0c75e38125f892840beb026_2f698530a28d671d20278c8518c804c9fc0.jpg?1786015561,Crystal,55,10,NIN
He Ro,57048881,86,142,Ultima,Gaia,902,299,1988e9fc4df817df742388c245715b40_9df1b3cb0da35db33c17ef11ddf12adafc0.jpg?1786016753,Crystal,66,12,UNK
Yumichin Nekoangel,11505114,87,70,Chocobo,Mana,902,0,43e39ba4314b9f81eb1067f163d33ed5_781d6b3603312f6be41670afa37282e0fc0.jpg?1786018747,Crystal,11,0,FSH
Tatsumi Berserk,19183868,88,71,Ifrit,Gaia,899,0,54a616ddbe0b20dbfc773ec735961a62_f9f796348bc43067c7242ec4551cde69fc0.jpg?1786015547,Crystal,129,7,MCH
Revi Kola,39228750,89,209,Ultima,Gaia,899,414,385da10c7487a4af698c3fe738df5488_9df1b3cb0da35db33c17ef11ddf12adafc0.jpg?1786018003,Crystal,61,13,MNK
Aruku Babyun,7383311,90,72,Unicorn,Meteor,897,0,c2fa4e98c1f4638d053218fa4c127b4c_393eb74047bb90c8d80dea54218430eefc0.jpg?1786017431,Crystal,61,5,DRK
Chiaki Nanami,43953309,91,74,Titan,Mana,897,0,82751b490967f6572406e72b39592925_e2bb3f9679fec6d4836fcf8abcc3eeacfc0.jpg?1786018935,Crystal,9,0,BRD
Fennel Earltea,21886406,92,75,Typhon,Elemental,896,0,4e8f23f97ca17b02271d5d67829e204d_32d8c9c7cd5f62d62da2d31b6750a680fc0.jpg?1786018787,Crystal,72,0,SCH
Deisia Touna,31397456,93,76,Mandragora,Meteor,896,0,f9bdcbbd105a361017ee7dd26bde2ea6_ee738654add55c3d07ea92d8e108074cfc0.jpg?1786015933,Crystal,18,1,WHM
Kuno Cadenzavnaeve,42178142,94,77,Ifrit,Gaia,895,0,85baa25ca299e93ef56226f40814f03b_f9f796348bc43067c7242ec4551cde69fc0.jpg?1786015993,Crystal,40,0,WAR
Coffee Mint,29415966,95,78,Titan,Mana,894,0,e5a147803c62c81952bc0c786dcfc3cb_e2bb3f9679fec6d4836fcf8abcc3eeacfc0.jpg?1786015940,Crystal,197,21,BLM
Jaeger Lecoultre,12503010,96,79,Carbuncle,Elemental,894,0,18c881fcad647894e4d32c9bf33662e3_9eb3c19866f7ae0eeeffac7bf770aba5fc0.jpg?1786015816,Crystal,10,0,WAR
Cait Sith,1574936,97,80,Tiamat,Gaia,893,0,fc4156170aa1fca8004a80238705e5cf_9f10d335198e90990f3437c5733468e7fc0.jpg?1786016878,Crystal,50,3,AST
Tamago Crab,1576417,98,157,Chocobo,Mana,892,295,0bce11216fe6e4e1cecfe7c969a1460f_781d6b3603312f6be41670afa37282e0fc0.jpg?1786018077,Crystal,19,6,SMN
Amani Taru,13062779,99,81,Mandragora,Meteor,892,0,37294ee1ef2528b65e45560a5afed880_ee738654add55c3d07ea92d8e108074cfc0.jpg?1786016854,Crystal,15,0,AST
Dodopita Pittan,3558680,100,104,Tiamat,Gaia,889,94,0c4178029dae08c0fcbe267d46034e76_9f10d335198e90990f3437c5733468e7fc0.jpg?1786016266,Crystal,26,2,SAM
Rebecca Miyamoto,1030969,101,82,Masamune,Mana,886,0,256a66f24613cb496dae31eb2270d226_134930215abb8a90ec37d6cc05b05e08fc0.jpg?1786015958,Crystal,67,0,MCH
Taroe Kobuta,8734523,102,83,Kujata,Elemental,885,0,821347c202f7d7d6b676bd393bcdfdae_72c48f093f2278ac3243962d3eb6a8d7fc0.jpg?1786018234,Crystal,102,6,RPR
Zero Nox,2468417,103,84,Alexander,Gaia,885,0,d402005d8e26ea9d6b72ff80a5a60b9e_b7a71d8799cf6dd75b711a7f52de6675fc0.jpg?1786017046,Crystal,8,0,BRD
Lupinus Lily,33777966,104,85,Ultima,Gaia,883,0,6f019b443ab48375b1bcc5e5aa0debf9_9df1b3cb0da35db33c17ef11ddf12adafc0.jpg?1786018225,Crystal,30,0,GNB
Mao Caprice,32793338,105,109,Titan,Mana,882,97,101c8c73de660221dc8ad95fafa4ad3c_e2bb3f9679fec6d4836fcf8abcc3eeacfc0.jpg?1786016688,Crystal,56,2,VPR
Pitty What,32924935,106,138,Durandal,Gaia,880,195,1ca1a6b980542985bc7d7cf818520e1f_806ea5b45071d5cd6bf393e38462ee71fc0.jpg?1786017308,Crystal,41,11,NIN
Stardust Emilia,25988007,107,88,Hades,Mana,823,0,b805b54635a07b2d9710df33b9a946aa_a4730651230dd43cb129562a30d531aefc0.jpg?1786016456,Crystal,52,0,UNK
Wabi Suke,1601102,108,89,Asura,Mana,823,0,355b0ae1cb512875c96e88afa06d36a7_53f1445a9f28799a32ea55f046319fc3fc0.jpg?1786016277,Crystal,36,5,NIN
Atsu Bow,47953241,109,90,Mandragora,Meteor,813,0,a397b9893231105b4549ed9a8721c60a_ee738654add55c3d07ea92d8e108074cfc0.jpg?1786018578,Crystal,83,0,DRG
Nyaruga Kyuruga,4962287,110,199,Atomos,Elemental,811,313,fb555ad539f0f8689a39c65513b388b2_cf768a751b1f5e355c2fd39a9ed91f3ffc0.jpg?1786017334,Crystal,56,17,WAR
Mily Sara,23911809,111,91,Aegis,Elemental,808,0,19086b376708852503d1ac9c2b293b8c_3ea38e723c590aabf186367e1eb7e6a1fc0.jpg?1786015868,Crystal,58,0,SGE
Notttz Imbrium,50270248,112,92,Titan,Mana,806,0,58a87ecc9a18820b07646a481a8154a4_e2bb3f9679fec6d4836fcf8abcc3eeacfc0.jpg?1786015870,Crystal,31,0,FSH
Nao Fu,41247403,113,203,Shinryu,Meteor,805,308,cfc231e11fac22b1fb8d9d27cee48586_87b7d447f40b06dfc7228caf195f7dcffc0.jpg?1786015790,Crystal,24,7,AST
Ritsu Nikuno,23932877,114,0,Alexander,Gaia,805,0,5ce857706fb6e7f76dd30d1ef38e16f7_b7a71d8799cf6dd75b711a7f52de6675fc0.jpg?1786018446,Crystal,11,0,VPR
Aslan Miller,42003071,115,246,Ixion,Mana,804,407,091d6880c471f9f4c412b704f952af81_7126768d768f6c6c7fed3eaee98c3a8afc0.jpg?1786016745,Crystal,18,11,WHM
Flame Lieutenant,27336347,116,93,Carbuncle,Elemental,802,0,d0817be17ae2ce45486a2e26ae5d06d6_9eb3c19866f7ae0eeeffac7bf770aba5fc0.jpg?1786016476,Crystal,43,0,AST
Uta Tubame,12421333,117,94,Zeromus,Meteor,802,0,4c1c1810ab77c61696ca66b0716fd309_c76848359d0b4d2f37aefbb9903ed97bfc0.jpg?1786016125,Crystal,28,2,PCT
Zsika Mu',18898369,118,95,Ridill,Gaia,802,0,ed7f8569bf4537dfd9f2ea953ad59e8a_138751880f18161a907d7cf0faa43f07fc0.jpg?1786018559,Crystal,15,0,UNK
Silanah Oh-mana,45502933,119,124,Titan,Mana,800,101,98f79f7d5e45485839d2a83be2a5ec49_e2bb3f9679fec6d4836fcf8abcc3eeacfc0.jpg?1786016154,Crystal,36,11,AST
Hu Chu,30263341,120,0,Tonberry,Elemental,799,699,1101e6802231a590d6e9cd6d77e6116f_7bb6b1e488f0e4f01c5314d010b60f31fc0.jpg?1786017341,Crystal,88,24,UNK
Zill Eleutheria,29944686,121,98,Bahamut,Gaia,799,0,5bfa3b1f24c51ccdffb53034db0ebae8_86da943caa70c8694707ab2ff74e68c9fc0.jpg?1786015424,Crystal,55,0,AST
Mio Youmu,57323733,122,181,Ixion,Mana,799,297,9507babebf0a85031aca059da299a6fa_7126768d768f6c6c7fed3eaee98c3a8afc0.jpg?1786017983,Crystal,22,7,MNK
Nov Noa,56271994,123,120,Tiamat,Gaia,799,98,0711a53e252756264a473f2b53d53cad_9f10d335198e90990f3437c5733468e7fc0.jpg?1786017143,Crystal,16,1,AST
Yurugi Koyurugi,29769522,124,100,Belias,Meteor,798,0,ce65dfc48d522a7a126208d94cdc2852_894c4bd0beab2e2beb44b74f4c4bd206fc0.jpg?1786015933,Crystal,16,0,PLD
Yu Haru,31526046,125,102,Hades,Mana,797,0,d1d463d935a459f76da24079cf48b932_a4730651230dd43cb129562a30d531aefc0.jpg?1786018377,Crystal,25,0,UNK
Velvet Shilky,15655369,126,103,Anima,Mana,795,0,988a0ec11e3b6bbbfc5478b0eab4b03f_2f698530a28d671d20278c8518c804c9fc0.jpg?1786016994,Crystal,59,1,PLD
Devil May'cry,43140387,127,0,Chocobo,Mana,795,0,bc38e75d4332eb0a661f158200cedb80_781d6b3603312f6be41670afa37282e0fc0.jpg?1786018460,Crystal,13,0,UNK
Yuki Macaron-vanille,37997737,128,105,Ridill,Gaia,794,0,87df14febf49ad8a24a323b239fb3250_138751880f18161a907d7cf0faa43f07fc0.jpg?1786016415,Crystal,28,0,RDM
Bug Cut,48066025,129,106,Alexander,Gaia,794,0,eb099ae5ed67142ac0888bf755079790_b7a71d8799cf6dd75b711a7f52de6675fc0.jpg?1786016155,Crystal,12,0,BRD
Aeritte Ravel,41831914,130,107,Carbuncle,Elemental,792,0,56a646fd4b2eb086bf8c9d712567e62f_9eb3c19866f7ae0eeeffac7bf770aba5fc0.jpg?1786015843,Crystal,47,0,MNK
Crystalline Conflict,56094564,131,108,Kujata,Elemental,791,0,dcae5be360cd5ac359780dd998fbbf57_72c48f093f2278ac3243962d3eb6a8d7fc0.jpg?1786016031,Crystal,29,0,UNK
Oriental Art,1070191,132,110,Chocobo,Mana,783,0,d31830cb71830b425529f231f39e776b_781d6b3603312f6be41670afa37282e0fc0.jpg?1786017728,Crystal,87,5,RDM
Dome Violet,45179152,133,127,Masamune,Mana,783,88,a95c15ebd393e5497d6641d375ec02b1_134930215abb8a90ec37d6cc05b05e08fc0.jpg?1786016562,Crystal,57,8,VPR
Lil Latte,55025559,134,111,Anima,Mana,782,0,2d01c7e9c74b9faebdd6d9ece7c9eb4a_2f698530a28d671d20278c8518c804c9fc0.jpg?1786017965,Crystal,120,0,UNK
Lucie Blanc,4813641,135,112,Anima,Mana,721,0,9c05760085153887cf9c52f28861be7c_2f698530a28d671d20278c8518c804c9fc0.jpg?1786016393,Crystal,20,2,AST
Erik Bural,20508529,136,113,Hades,Mana,713,0,2ca5bed0ca0e49f68c7ca14062e0bacc_a4730651230dd43cb129562a30d531aefc0.jpg?1786017929,Crystal,96,7,AST
Bronze Warrior,33944385,137,114,Alexander,Gaia,711,0,3a8559d847a626b7d8a2760ec13a73b5_b7a71d8799cf6dd75b711a7f52de6675fc0.jpg?1786017281,Crystal,42,1,WAR
K' R',8489348,138,0,Chocobo,Mana,709,0,38834b79bf39846f80b605b4a592c2eb_781d6b3603312f6be41670afa37282e0fc0.jpg?1786016994,Crystal,19,0,SMN
Ichigo Jasmine,57027122,139,116,Shinryu,Meteor,709,0,17fae3561e1e77d262d93652dbd0bdc4_87b7d447f40b06dfc7228caf195f7dcffc0.jpg?1786017905,Crystal,17,2,SAM
Monica Bryant,34559458,140,117,Garuda,Elemental,708,0,40cd2c4ca4c17623d5c27dfb19831017_fcb1f5b0249d1069e5bdc66d0796f26afc0.jpg?1786015411,Crystal,111,17,SMN
Gelgel Llin,36131481,141,282,Ridill,Gaia,706,405,2a90eea47454447b3ae0d4df4fbfdc5e_138751880f18161a907d7cf0faa43f07fc0.jpg?1786016532,Crystal,30,5,VPR
Shara Mura,40394634,142,118,Garuda,Elemental,703,0,00ee76cc1f13c8d3891aee16b0a97d91_fcb1f5b0249d1069e5bdc66d0796f26afc0.jpg?1786016809,Crystal,30,0,RDM
Shonan Gold,51360481,143,145,Gungnir,Elemental,701,100,106e5f909e34a4cdc6f05735c607687b_8f82f937943b6baf4c565020d5eba0ccfc0.jpg?1786018167,Crystal,27,3,WAR
Sead Slendisch,27788989,144,119,Asura,Mana,701,0,c9bd1276c77cf644ce955ce68575aa37_53f1445a9f28799a32ea55f046319fc3fc0.jpg?1786016395,Crystal,24,5,SGE
Coo Yanky,32078480,145,121,Aegis,Elemental,701,0,a8d9117ca1289e0dd2db80714170a84e_3ea38e723c590aabf186367e1eb7e6a1fc0.jpg?1786018720,Crystal,13,0,SAM
Nana Degu,42551273,146,122,Asura,Mana,701,0,f0ca36e4824faa31992738bb368e803c_53f1445a9f28799a32ea55f046319fc3fc0.jpg?1786015534,Crystal,11,0,DRG
Mitui Aset,29908583,147,125,Zeromus,Meteor,698,0,03c5c419a0ed40508b02b7656c3bc1e1_c76848359d0b4d2f37aefbb9903ed97bfc0.jpg?1786018600,Crystal,93,0,NIN
Omnigo Mnigo,49392372,148,126,Shinryu,Meteor,696,0,4ce1cddbe18eb8585879c43e5173c877_87b7d447f40b06dfc7228caf195f7dcffc0.jpg?1786016681,Crystal,36,7,VPR
Momochi Thunder,9048595,149,160,Bahamut,Gaia,696,100,3ce0fcc40e818a0d134a6c043d2c09f5_86da943caa70c8694707ab2ff74e68c9fc0.jpg?1786015991,Crystal,32,1,BSM
Ardlan Vorlesh,45102526,150,0,Asura,Mana,696,498,04bfc027079d355fc717e8ec9a4b5f9e_53f1445a9f28799a32ea55f046319fc3fc0.jpg?1786017408,Crystal,19,6,DRG
Patricia Frankene,18106523,151,128,Ultima,Gaia,695,0,c545da9cb222915531dc1fa18623cb41_9df1b3cb0da35db33c17ef11ddf12adafc0.jpg?1786016790,Crystal,30,2,PLD
Hattori Kaze,57332259,152,129,Alexander,Gaia,695,0,2ec48d7f5caadae4f62dc2d1cdc75610_b7a71d8799cf6dd75b711a7f52de6675fc0.jpg?1786015504,Crystal,12,0,UNK
Yuki Amamiya,31666386,153,130,Asura,Mana,694,0,be0f5c48cd51ee52ae9fb5fbd908b45a_53f1445a9f28799a32ea55f046319fc3fc0.jpg?1786017376,Crystal,90,5,SGE
Soujirou Seta,4110224,154,163,Tonberry,Elemental,694,100,7453a7542d76520abe9dd8dcc3572b78_7bb6b1e488f0e4f01c5314d010b60f31fc0.jpg?1786017331,Crystal,28,2,SAM
Saibi Wasabi,59415917,155,131,Garuda,Elemental,693,0,019ca60037f45abcd6d16fb450204162_fcb1f5b0249d1069e5bdc66d0796f26afc0.jpg?1786018099,Crystal,22,0,MCH
Lon Ron,18022042,156,132,Ixion,Mana,693,0,6f6a04c69339b65f6603faea5df0b1a6_7126768d768f6c6c7fed3eaee98c3a8afc0.jpg?1786018571,Crystal,19,0,BRD
Asth Galleria,5330266,157,133,Pandaemonium,Mana,692,0,69f14cfe9aed20abab40d9c371b581d9_470db1bf2e865f9130531fea40b61ee4fc0.jpg?1786015520,Crystal,29,7,MCH
Takesiba Musasino,29225556,158,215,Durandal,Gaia,691,286,5cacf8dd1a9dae9427de92b387913396_806ea5b45071d5cd6bf393e38462ee71fc0.jpg?1786017169,Crystal,83,5,NIN
Totoka Toka,40704377,159,134,Chocobo,Mana,691,0,3aafbe2ed09507936a8a2aa2a03e2207_781d6b3603312f6be41670afa37282e0fc0.jpg?1786015553,Crystal,71,10,BLM
Aina The-end,44020286,160,136,Tiamat,Gaia,691,0,5de9f2cc82562b167fe84c1fcb425b92_9f10d335198e90990f3437c5733468e7fc0.jpg?1786018251,Crystal,32,5,PLD
Kuros Mu,61049213,161,137,Pandaemonium,Mana,691,0,9e807a625f663b98bc3f5699b41c95e5_470db1bf2e865f9130531fea40b61ee4fc0.jpg?1786016436,Crystal,11,0,UNK
Kotatu Mikan,22566283,162,255,Ifrit,Gaia,690,295,89896b33aefae0916b7c6eb21c27641e_f9f796348bc43067c7242ec4551cde69fc0.jpg?1786016764,Crystal,32,7,DRG
Shink Twitch,28515950,163,0,Chocobo,Mana,688,586,dbfc9e759a59380a06162fe11769fcc7_781d6b3603312f6be41670afa37282e0fc0.jpg?1786018289,Crystal,174,21,SMN
Rinfia Rint,24291060,164,166,Durandal,Gaia,685,100,a0d48d9035ce8cb65db8d80e6f885428_806ea5b45071d5cd6bf393e38462ee71fc0.jpg?1786016074,Crystal,73,4,WHM
Lan Dame-celot,31839759,165,139,Ifrit,Gaia,681,0,c278e5b98fa396fbc950aeafdb5aaee8_f9f796348bc43067c7242ec4551cde69fc0.jpg?1786016050,Crystal,16,0,DRK
Umai Okawari,28809423,166,140,Zeromus,Meteor,677,0,603544c81055f8085a950feb781bee2a_c76848359d0b4d2f37aefbb9903ed97bfc0.jpg?1786018582,Crystal,10,1,SCH
Zukasa Yatoh,8768354,167,180,Typhon,Elemental,605,103,4b9242a67c4aa4390facfa8e2028de4b_32d8c9c7cd5f62d62da2d31b6750a680fc0.jpg?1786017909,Crystal,28,4,DRG
Nocturne Midnightblue,55368101,168,141,Asura,Mana,604,0,e9f7726a264875c782e0384932dbf161_53f1445a9f28799a32ea55f046319fc3fc0.jpg?1786017542,Crystal,11,0,RPR
Rech Leys,13839764,169,201,Asura,Mana,603,106,7bc422589ea337ab644d4bc829ed74bd_53f1445a9f28799a32ea55f046319fc3fc0.jpg?1786017800,Crystal,66,2,UNK
Noir Eclair,2642862,170,143,Ultima,Gaia,602,0,18e63e62d7219f7b588f8c22739fa1ff_9df1b3cb0da35db33c17ef11ddf12adafc0.jpg?1786016240,Crystal,37,0,DRK
Errer Errant,28706539,171,184,Asura,Mana,602,100,14833bd371ac70e05cffe6a03634bb61_53f1445a9f28799a32ea55f046319fc3fc0.jpg?1786015828,Crystal,5,1,MCH
Zero Vanettius,31180421,172,144,Tonberry,Elemental,601,0,dcc2410aaf3a239966f3c0881c2419fc_7bb6b1e488f0e4f01c5314d010b60f31fc0.jpg?1786017578,Crystal,83,4,SAM
Khelby Trickster,1496735,173,147,Gungnir,Elemental,601,0,fde8b59fda65550661c58e15a9026a06_8f82f937943b6baf4c565020d5eba0ccfc0.jpg?1786016683,Crystal,40,20,PCT
Kotori Angel,11433233,174,146,Alexander,Gaia,601,0,249a60efd4f3f03c25a40a0c3c35d33f_b7a71d8799cf6dd75b711a7f52de6675fc0.jpg?1786018557,Crystal,23,0,DRG
Felious Nature,29878382,175,147,Garuda,Elemental,601,0,1fb8f30013241119bd3ec89439f23c39_fcb1f5b0249d1069e5bdc66d0796f26afc0.jpg?1786015658,Crystal,20,0,SAM
Holala Vvn,53437527,176,149,Durandal,Gaia,601,0,60894d30cd8e7f556c8f877555a9e623_806ea5b45071d5cd6bf393e38462ee71fc0.jpg?1786017914,Crystal,16,0,UNK
Kirakira Akira,55531034,177,150,Typhon,Elemental,601,0,5934f798f998575286709c767ba05f59_32d8c9c7cd5f62d62da2d31b6750a680fc0.jpg?1786016670,Crystal,10,0,BRD
Zumu Elect,11364414,178,151,Shinryu,Meteor,600,0,bd0b65a51fad6bef1e3c413041784da0_87b7d447f40b06dfc7228caf195f7dcffc0.jpg?1786015749,Crystal,27,0,VPR
Laviera Rose,60788095,179,152,Masamune,Mana,600,0,137281dbfd05a8698e1b5b46cb1d6d03_134930215abb8a90ec37d6cc05b05e08fc0.jpg?1786015932,Crystal,7,0,DRG
Fio Waldstein,15536952,180,237,Chocobo,Mana,599,201,cad62c88f360d5d6d4f48b42b2e493d0_781d6b3603312f6be41670afa37282e0fc0.jpg?1786017801,Crystal,66,3,WAR
Hisui Yakumo,32307151,181,154,Anima,Mana,599,0,a17a433489499f7247bcab0b749c1710_2f698530a28d671d20278c8518c804c9fc0.jpg?1786018718,Crystal,29,0,DRG
Inx Chrono,21920611,182,155,Yojimbo,Meteor,599,0,83c01df24231dda93176c28e69768459_4a92c619bde4f34cfa77e05fef21ad85fc0.jpg?1786018368,Crystal,28,0,BLM
Boku Hide,61259881,183,156,Chocobo,Mana,599,0,2405cc4b75108a1384180ce7bafc3b98_781d6b3603312f6be41670afa37282e0fc0.jpg?1786016631,Crystal,22,0,MNK
Douglas Ward,32519646,184,198,Asura,Mana,598,99,5902010d301aa95176126fcdef0dc7c7_53f1445a9f28799a32ea55f046319fc3fc0.jpg?1786017552,Crystal,5,1,RDM
Pero Noir,27109057,185,158,Ultima,Gaia,597,0,889b0b13f93f702d3df91ec97e272102_9df1b3cb0da35db33c17ef11ddf12adafc0.jpg?1786017922,Crystal,8,1,SMN
Lazulim Langheim,1644495,186,159,Ultima,Gaia,597,0,997660bb7160cf32fb6806926222d151_9df1b3cb0da35db33c17ef11ddf12adafc0.jpg?1786015949,Crystal,5,0,NIN
Rai Ashley,22492099,187,263,Ridill,Gaia,596,207,657a8b330b76d0887673be1e90642143_138751880f18161a907d7cf0faa43f07fc0.jpg?1786018065,Crystal,93,24,SAM
Anoma Loris,44038350,188,161,Valefor,Meteor,596,0,57b0094511d082e7e7e8203d850b4159_485f4777c38002871591fb54f27edc65fc0.jpg?1786015614,Crystal,19,0,BRD
Eke Davis,29845306,189,162,Anima,Mana,594,0,e8727b43f9f5e480ba6cabe0e39a7a4a_2f698530a28d671d20278c8518c804c9fc0.jpg?1786017773,Crystal,44,0,NIN
Rev Raven,8795859,190,257,Masamune,Mana,593,199,abddc6e80b0f6cbbb92006b7baab7d97_134930215abb8a90ec37d6cc05b05e08fc0.jpg?1786017941,Crystal,54,4,UNK
M'asane Tyaka,30573102,191,0,Ridill,Gaia,593,593,0128dca44b4f2004c300bb0be68c3602_138751880f18161a907d7cf0faa43f07fc0.jpg?1786018306,Crystal,29,23,UNK
Pekemi Vs,34522615,192,0,Carbuncle,Elemental,592,490,9fa0d9dd5f5841a202fb4f9e517211e7_9eb3c19866f7ae0eeeffac7bf770aba5fc0.jpg?1786015835,Crystal,70,23,PLD
Oracle Trezavejo,15712017,193,165,Bahamut,Gaia,592,2,b4aa7ecb29192073338a2cc53603b062_86da943caa70c8694707ab2ff74e68c9fc0.jpg?1786018066,Crystal,32,7,MCH
Roud Mahu,3355785,194,260,Ixion,Mana,592,200,5ec00ff4b6711e2a189db7843e6ec84a_7126768d768f6c6c7fed3eaee98c3a8afc0.jpg?1786015913,Crystal,24,8,PLD
Regret Weise,15486920,195,164,Fenrir,Gaia,592,0,13172be4a1ad05d87f2b3a6e43f14d31_d384cf5ad7db803f29799f36ebbc3eadfc0.jpg?1786018550,Crystal,18,2,SCH
Mame Poporu,22836070,196,202,Ixion,Mana,586,89,a886d90317b0e4205db7046757e57e53_7126768d768f6c6c7fed3eaee98c3a8afc0.jpg?1786015801,Crystal,25,7,VPR
Korone Yubi,38334943,197,225,Yojimbo,Meteor,585,185,f96e46a75ff8692aefd4bf0841f4e177_4a92c619bde4f34cfa77e05fef21ad85fc0.jpg?1786015910,Crystal,34,6,DNC
Fuuga Reinfeldt,29495648,198,167,Unicorn,Meteor,583,0,4441cdfb6f60085397a6647656e86646_393eb74047bb90c8d80dea54218430eefc0.jpg?1786015592,Crystal,21,0,WAR
Zana'tan Stratos,7600570,199,168,Shinryu,Meteor,582,0,e3525c189345468c5a9b4b37cf4fcd3e_87b7d447f40b06dfc7228caf195f7dcffc0.jpg?1786016186,Crystal,6,0,MCH
Robs Wiz,47501636,200,170,Aegis,Elemental,511,0,24b0e4e155ae76da2a553003980ac156_3ea38e723c590aabf186367e1eb7e6a1fc0.jpg?1786015708,Crystal,62,11,DRG
Hyunsik Lee,59757026,201,171,Typhon,Elemental,511,0,d171f47402375bca99a35c72ebcb7e48_32d8c9c7cd5f62d62da2d31b6750a680fc0.jpg?1786017035,Crystal,7,0,DNC
Lucy Tave,5530448,202,172,Durandal,Gaia,507,0,fd7ea485d2ba7644c76c49d7b00fce24_806ea5b45071d5cd6bf393e38462ee71fc0.jpg?1786016936,Crystal,152,21,WAR
Amelia Noin,10857008,203,0,Shinryu,Meteor,507,507,e3b9588cb22fca69d27a06b6b3f7f74b_87b7d447f40b06dfc7228caf195f7dcffc0.jpg?1786015916,Crystal,91,15,WHM
Suika Suika,52343269,204,173,Gungnir,Elemental,506,0,1200bb92b17a23c163af77a61ab59372_8f82f937943b6baf4c565020d5eba0ccfc0.jpg?1786017803,Crystal,67,0,RDM
Ririca Rica,22451341,205,189,Valefor,Meteor,505,5,b82d75152d14ebf44db2622ef433b4f4_485f4777c38002871591fb54f27edc65fc0.jpg?1786017663,Crystal,70,4,SAM
Lateralus Lyzetta,25642266,206,0,Ridill,Gaia,505,304,df87cf08231d6dd51b9d24a8c158dbaa_138751880f18161a907d7cf0faa43f07fc0.jpg?1786018536,Crystal,46,8,SAM
Endless Summer,36558820,207,174,Tiamat,Gaia,503,0,0079a66433e68b1f473c7487944a4d3d_9f10d335198e90990f3437c5733468e7fc0.jpg?1786017953,Crystal,62,1,PCT
Chisato Laetitia,56099994,208,175,Bahamut,Gaia,503,0,1ba731eb7e63c6a087133132bbb51418_86da943caa70c8694707ab2ff74e68c9fc0.jpg?1786018066,Crystal,24,3,UNK
Hoshikuz Siina,1173407,209,176,Tiamat,Gaia,503,0,f966bf2277aea0b0af7b96dbbca7abc1_9f10d335198e90990f3437c5733468e7fc0.jpg?1786018865,Crystal,18,0,SAM
Strawberry Hat,57505676,210,177,Tonberry,Elemental,502,0,5afb62c4e97465a42baa4dea913380fd_7bb6b1e488f0e4f01c5314d010b60f31fc0.jpg?1786018619,Crystal,58,0,MCH
Taro North,51784709,211,178,Durandal,Gaia,502,0,651dc89f9a8c4eebbec02f2488686ef7_806ea5b45071d5cd6bf393e38462ee71fc0.jpg?1786016387,Crystal,50,2,RPR
Konegai Konegai,3277232,212,182,Masamune,Mana,502,0,3a445dba3d4d2882c60b55a59669971b_134930215abb8a90ec37d6cc05b05e08fc0.jpg?1786018738,Crystal,11,0,MCH
Nanna Shamash,29824400,213,188,Unicorn,Meteor,502,1,480461b43403f674360bd1de18eef8ba_393eb74047bb90c8d80dea54218430eefc0.jpg?1786015425,Crystal,8,1,DRG
Hal Mooncalf,1608068,214,183,Pandaemonium,Mana,502,0,1442db9b14570e549c8f8dd3c9652403_470db1bf2e865f9130531fea40b61ee4fc0.jpg?1786016100,Crystal,5,0,RDM
Super Gal,52139020,215,185,Bahamut,Gaia,501,0,2a20ce1a576737898f3290324b402cd6_86da943caa70c8694707ab2ff74e68c9fc0.jpg?1786015831,Crystal,161,36,RDM
Rekey Lazuline,7660930,216,186,Anima,Mana,501,0,a0f0f483db663160f06e9bfb698a808d_2f698530a28d671d20278c8518c804c9fc0.jpg?1786018874,Crystal,25,0,RPR
Melvien Granier,15127168,217,187,Mandragora,Meteor,501,0,f8b276b7da694e66d7a8c0e702a77495_ee738654add55c3d07ea92d8e108074cfc0.jpg?1786016232,Crystal,19,0,DRG
Elisa Wolframite,18964939,218,190,Hades,Mana,500,0,5582934bb6b94d50874d7d241225aa74_a4730651230dd43cb129562a30d531aefc0.jpg?1786017717,Crystal,40,0,AST
Go Mee,19423327,219,191,Ifrit,Gaia,500,0,a075edbb8331e7e875aae500a9e7a435_f9f796348bc43067c7242ec4551cde69fc0.jpg?1786018235,Crystal,25,0,GNB
Quina Quale,22357925,220,192,Chocobo,Mana,500,0,8e04161822614b18e307be12f4aecf1e_781d6b3603312f6be41670afa37282e0fc0.jpg?1786017186,Crystal,22,0,WAR
Rocca Eins,9996577,221,193,Ramuh,Meteor,500,0,3514d83d3edfa016528f0983c2dd39f2_410ddb5a66a2fcacf538bec5ea5d0291fc0.jpg?1786018300,Crystal,17,0,AST
Espresso Book,1705640,222,204,Titan,Mana,499,3,e3207456b1067852817076083f66f25d_e2bb3f9679fec6d4836fcf8abcc3eeacfc0.jpg?1786017480,Crystal,73,1,PCT
Hak Elak,35740519,223,194,Ramuh,Meteor,499,0,b86c5618a66aa9349d3190d9ad84491f_410ddb5a66a2fcacf538bec5ea5d0291fc0.jpg?1786017227,Crystal,66,21,SGE
Lalala Lalaa,42488617,224,195,Garuda,Elemental,499,0,304385d0c9b61a485f766a1c92c09f29_fcb1f5b0249d1069e5bdc66d0796f26afc0.jpg?1786016884,Crystal,36,0,UNK
Torime Nico,26400369,225,196,Atomos,Elemental,499,0,dbb2fb17c00b9c7a6e6ca0a65c888ac6_cf768a751b1f5e355c2fd39a9ed91f3ffc0.jpg?1786016279,Crystal,14,4,FSH
Elfmum Saintrelmaux,47797645,226,196,Alexander,Gaia,499,0,4be3fea60d75388e0a0edd868bfb2eca_b7a71d8799cf6dd75b711a7f52de6675fc0.jpg?1786018185,Crystal,10,0,WAR
Wolten Rema,17758406,226,240,Yojimbo,Meteor,499,101,7f56f4547e5e3e1528ebc681d9618464_4a92c619bde4f34cfa77e05fef21ad85fc0.jpg?1786017637,Crystal,10,1,SAM
Ame Azarashi,23141823,228,233,Durandal,Gaia,499,100,3169ff74c51973a08f1b5c47026339a9_806ea5b45071d5cd6bf393e38462ee71fc0.jpg?1786018272,Crystal,7,1,MCH
Mino Tia,17248473,229,0,Anima,Mana,498,398,04cf8f57d123e5dd3ff034bd6ab6124e_2f698530a28d671d20278c8518c804c9fc0.jpg?1786015493,Crystal,47,5,WAR
Raiu Raneford,27730776,230,200,Masamune,Mana,497,0,94fa93c1c55d52ae764c88b6b3ae2bf5_134930215abb8a90ec37d6cc05b05e08fc0.jpg?1786018916,Crystal,101,8,AST
En Avant,46371551,231,208,Belias,Meteor,496,3,d6c3784f3b06c119ae16dd725e2a2b6e_894c4bd0beab2e2beb44b74f4c4bd206fc0.jpg?1786016483,Crystal,45,3,GNB
Pleiades Fall,35368599,232,0,Titan,Mana,496,0,6b0f718f6bc80c03cedac7df2b5a26a2_e2bb3f9679fec6d4836fcf8abcc3eeacfc0.jpg?1786017576,Crystal,30,0,SGE
Gobou Mekara,16295932,233,0,Chocobo,Mana,495,197,b0b05a15f0e0132f73d76efb146bb255_781d6b3603312f6be41670afa37282e0fc0.jpg?1786015917,Crystal,33,5,PCT
Walter Winston,3431710,233,205,Fenrir,Gaia,495,0,bee8390354426d2c1d42d687a0de29d5_d384cf5ad7db803f29799f36ebbc3eadfc0.jpg?1786018273,Crystal,33,4,WAR
Tomomomo Momomo,25830708,235,256,Ramuh,Meteor,494,99,d1b6359fffbcc60e8bddc1120dc05d55_410ddb5a66a2fcacf538bec5ea5d0291fc0.jpg?1786015478,Crystal,10,1,SCH
Keith Hazeldine,50116081,236,207,Carbuncle,Elemental,494,0,a47831fd4e9b971cf9742a9afa4782f3_9eb3c19866f7ae0eeeffac7bf770aba5fc0.jpg?1786017561,Crystal,7,0,MNK
Kana Drouv,37418772,237,261,Mandragora,Meteor,488,96,556bea70c6c70acf776be4041d191d92_ee738654add55c3d07ea92d8e108074cfc0.jpg?1786018198,Crystal,10,2,NIN
Splitz Allure,11250991,238,210,Tonberry,Elemental,485,0,5df739fcece56728f620a7cd5b05392e_7bb6b1e488f0e4f01c5314d010b60f31fc0.jpg?1786015776,Crystal,9,1,CUL
Ui Thrix,39291749,239,229,Chocobo,Mana,481,82,08b70654c7812f561afc700e0756319a_781d6b3603312f6be41670afa37282e0fc0.jpg?1786015577,Crystal,25,3,VPR
Kaede Felis,33728274,240,211,Typhon,Elemental,479,0,40686a32bf2ab631ff7e7677fc614cb3_32d8c9c7cd5f62d62da2d31b6750a680fc0.jpg?1786015913,Crystal,26,6,WAR
Elu Acknowless,58699844,241,223,Mandragora,Meteor,408,7,60c2649fe79faac79d3e7ac948084121_ee738654add55c3d07ea92d8e108074cfc0.jpg?1786018312,Crystal,103,7,WHM
Lufefe Lufe,8829146,242,212,Mandragora,Meteor,407,0,91e252cc1edf40cc72e7912c50fbfde7_ee738654add55c3d07ea92d8e108074cfc0.jpg?1786018801,Crystal,24,0,DNC
Teka Etoile,25627481,243,213,Durandal,Gaia,406,0,20c4e02c3b7c11c6ceb68582c409ceb9_806ea5b45071d5cd6bf393e38462ee71fc0.jpg?1786015935,Crystal,49,4,SGE
Now Tarako,25271680,244,214,Belias,Meteor,406,0,238a3ddced202809c65eaecd03eda2d1_894c4bd0beab2e2beb44b74f4c4bd206fc0.jpg?1786017446,Crystal,29,0,MCH
God Moai,4474924,245,216,Atomos,Elemental,404,0,05f6a7a1f7ee2f6b156d711777e8411f_cf768a751b1f5e355c2fd39a9ed91f3ffc0.jpg?1786018486,Crystal,8,0,BRD
Shiman Chu,38475144,246,217,Yojimbo,Meteor,403,0,4cb93a24c937da83418345140d361e9b_4a92c619bde4f34cfa77e05fef21ad85fc0.jpg?1786018228,Crystal,19,0,SAM
Tiger Rutata,23825437,247,219,Asura,Mana,403,0,a69a7fd0c20bbbd51ddf7cc27af7921e_53f1445a9f28799a32ea55f046319fc3fc0.jpg?1786015795,Crystal,15,5,RDM
Merry Scrald,11886780,248,220,Belias,Meteor,403,0,7bfbd82582fd003bc514339935d874a7_894c4bd0beab2e2beb44b74f4c4bd206fc0.jpg?1786018744,Crystal,9,0,WAR
Kuro Nosuke,54408962,249,221,Valefor,Meteor,403,0,40234eee3a97e636df97858b8ba2422a_485f4777c38002871591fb54f27edc65fc0.jpg?1786017711,Crystal,7,0,UNK
Miki Triode,8299904,250,273,Pandaemonium,Mana,402,98,c1667dda66d9bf6140e1aa1c18277ece_470db1bf2e865f9130531fea40b61ee4fc0.jpg?1786018235,Crystal,38,5,NIN
Mimi Lilac,34297778,251,222,Chocobo,Mana,402,0,85d714107184fc9726edcd5c95b5aa6e_781d6b3603312f6be41670afa37282e0fc0.jpg?1786018616,Crystal,37,2,UNK
Amaoto Amane,53619927,252,224,Durandal,Gaia,402,1,11fe39a3b3f0f6fd7e6600ee68e590c6_806ea5b45071d5cd6bf393e38462ee71fc0.jpg?1786017268,Crystal,22,4,WHM
Royce Farrell,16260248,253,0,Tiamat,Gaia,401,401,dc9ad81c6df424c2b17bd56da6b0cc85_9f10d335198e90990f3437c5733468e7fc0.jpg?1786016881,Crystal,33,14,NIN
A'' Leodela,1348434,254,0,Fenrir,Gaia,400,300,e94ac2a12b37ee5b5cbdfec8350d8bb6_d384cf5ad7db803f29799f36ebbc3eadfc0.jpg?1786016535,Crystal,30,10,UNK
Yi Xiangfeng,57320880,255,0,Titan,Mana,400,200,a98e604367a6e3fd017185877e3a9227_e2bb3f9679fec6d4836fcf8abcc3eeacfc0.jpg?1786018569,Crystal,17,3,SMN
Chi Pom,30745084,256,226,Hades,Mana,400,0,45d248e450c3623965da94fa0aa12a58_a4730651230dd43cb129562a30d531aefc0.jpg?1786017423,Crystal,6,0,DRK
Rizih Raunghize,17975389,257,227,Ixion,Mana,399,0,5c6af35c589dc09bd3b1c96fa3775c14_7126768d768f6c6c7fed3eaee98c3a8afc0.jpg?1786017384,Crystal,110,0,SGE
Jin Walker,25662452,258,228,Hades,Mana,399,0,f3ff10f6b027a5423c3b035a420aad0e_a4730651230dd43cb129562a30d531aefc0.jpg?1786017700,Crystal,58,0,DRK
Dion Magnus,1559686,259,284,Durandal,Gaia,399,99,91593ad4939f54221e1d28f542192cc4_806ea5b45071d5cd6bf393e38462ee71fc0.jpg?1786018473,Crystal,55,8,DRG
Shoka Miya,22327052,260,0,Anima,Mana,399,199,6e04678aa1e4645e242cbde18b68a102_2f698530a28d671d20278c8518c804c9fc0.jpg?1786017209,Crystal,43,22,MCH
Yan Yan,3182501,261,230,Alexander,Gaia,399,0,5cd079575de2bd01f87a188c93738695_b7a71d8799cf6dd75b711a7f52de6675fc0.jpg?1786016102,Crystal,21,0,NIN
Satosan Fiftysix,26440218,262,231,Typhon,Elemental,399,0,0b17719ebd757aaebd8ff00d5d1bd6f5_32d8c9c7cd5f62d62da2d31b6750a680fc0.jpg?1786017350,Crystal,16,0,DRG
Lycan Roar,52059954,263,232,Titan,Mana,399,0,29dea1cc321c3f2275d537c23520e2b8_e2bb3f9679fec6d4836fcf8abcc3eeacfc0.jpg?1786015834,Crystal,14,0,UNK
Minato Haruka,57459700,264,241,Asura,Mana,399,1,5f7508268722022e26bb9950825f7dea_53f1445a9f28799a32ea55f046319fc3fc0.jpg?1786015427,Crystal,5,1,WAR
Jikai Yokoku,52429272,265,234,Alexander,Gaia,399,0,f004ff0d7175c98ad62d4ed99995320e_b7a71d8799cf6dd75b711a7f52de6675fc0.jpg?1786018481,Crystal,4,0,AST
Gentleman Vivikazu,387488,266,235,Durandal,Gaia,398,0,13ffee3a79f20a01faf5e0a91bd6c4ac_806ea5b45071d5cd6bf393e38462ee71fc0.jpg?1786017687,Crystal,110,16,MCH
Ren Yagami,2211036,267,236,Alexander,Gaia,398,0,006c10637b502eabcd0682b44d9ed93e_b7a71d8799cf6dd75b711a7f52de6675fc0.jpg?1786018379,Crystal,89,13,DNC
Juta Bebe,19119522,268,239,Ultima,Gaia,398,0,cb47a4ffd8c28a12a61de0dd25af7752_9df1b3cb0da35db33c17ef11ddf12adafc0.jpg?1786016066,Crystal,45,15,UNK
Gogant Gogant,24052697,269,238,Atomos,Elemental,398,0,9b2637d94cc0b341ddad961722026fdf_cf768a751b1f5e355c2fd39a9ed91f3ffc0.jpg?1786018584,Crystal,43,0,DRG
Syake Dog-nyan,1616788,270,0,Bahamut,Gaia,398,198,39b434160e1c215835c854cb7a564018_86da943caa70c8694707ab2ff74e68c9fc0.jpg?1786017556,Crystal,25,5,WAR
White Lycoris,25503606,271,242,Ixion,Mana,397,0,1fd05d6baab5439d2c33292c473844fe_7126768d768f6c6c7fed3eaee98c3a8afc0.jpg?1786016902,Crystal,72,9,DRG
Kenafu Helga,19478437,272,243,Kujata,Elemental,397,0,2b6fcf4ad71a2a07c30eec648c59e7fc_72c48f093f2278ac3243962d3eb6a8d7fc0.jpg?1786017855,Crystal,68,8,UNK
Ripa Warrick,44033179,273,244,Fenrir,Gaia,397,0,42a47e1c0e32c9f818021cb7ac8799fc_d384cf5ad7db803f29799f36ebbc3eadfc0.jpg?1786016853,Crystal,20,0,MNK
Mister Alpheratz,34950496,274,245,Ixion,Mana,397,0,fdba356c4be03c92ffecec87e607f037_7126768d768f6c6c7fed3eaee98c3a8afc0.jpg?1786016756,Crystal,12,0,RPR
Extra Mage,26831533,275,247,Garuda,Elemental,397,0,aed9bb13f4dad6a80690e4d58ee69af3_fcb1f5b0249d1069e5bdc66d0796f26afc0.jpg?1786015979,Crystal,4,0,DRK
Aran Tyler,47478713,276,248,Zeromus,Meteor,396,0,601da8267e6037e1adc37928f1ab982b_c76848359d0b4d2f37aefbb9903ed97bfc0.jpg?1786018144,Crystal,40,3,SAM
Lyric Patii,51259192,277,249,Hades,Mana,396,0,6b4bffa1161617c1dff1d028e8909c0f_a4730651230dd43cb129562a30d531aefc0.jpg?1786017375,Crystal,32,0,MCH
Kanata Nishiki,51518712,278,250,Ramuh,Meteor,396,0,f9a7a07121c24e16915fde21238b6fcf_410ddb5a66a2fcacf538bec5ea5d0291fc0.jpg?1786018699,Crystal,25,0,WHM
Ameri Vintage,18593970,279,251,Durandal,Gaia,396,0,c0bf3ab58baa16daff984a4e001409c3_806ea5b45071d5cd6bf393e38462ee71fc0.jpg?1786018316,Crystal,6,0,GNB
Merlin Emryss,51163079,279,251,Titan,Mana,396,0,6c3a26e8ea52d6775ebbad30debb56a9_e2bb3f9679fec6d4836fcf8abcc3eeacfc0.jpg?1786016002,Crystal,6,0,PLD
Miau Miau,56136129,281,253,Typhon,Elemental,396,0,29fb7f902766469dfd368189df45af1e_32d8c9c7cd5f62d62da2d31b6750a680fc0.jpg?1786017071,Crystal,4,0,NIN
Lina Azeym,40770368,282,254,Shinryu,Meteor,396,0,47824b3a1ec8a3dee12cfc35f97727f3_87b7d447f40b06dfc7228caf195f7dcffc0.jpg?1786017288,Crystal,3,0,UNK
Ageha Zero,23835412,283,0,Hades,Mana,395,395,056c3e38e10636bc73badb2ef7875a26_a4730651230dd43cb129562a30d531aefc0.jpg?1786015838,Crystal,94,14,SMN
Blari Taraba,29682913,284,258,Ultima,Gaia,393,0,8715585bf23b1871520e0b6c478fa049_9df1b3cb0da35db33c17ef11ddf12adafc0.jpg?1786015842,Crystal,25,0,RPR
Beatrice Rosenkreuz,31285042,285,259,Tiamat,Gaia,393,0,1972bc9fb243d5cb03ad68af2779564d_9f10d335198e90990f3437c5733468e7fc0.jpg?1786016675,Crystal,24,0,FSH
May Subki,52732583,286,262,Ultima,Gaia,391,0,0da0484900394eaa5535d15977c167b1_9df1b3cb0da35db33c17ef11ddf12adafc0.jpg?1786015618,Crystal,53,0,WAR
Firo Sknaht,27296541,287,264,Bahamut,Gaia,309,0,30d62e88cfdd08d4cf3a87b542657d3d_86da943caa70c8694707ab2ff74e68c9fc0.jpg?1786018451,Crystal,21,0,DRK
Iz Levmel,17594950,288,265,Garuda,Elemental,308,0,9e457ec4068931e92288544db8499aae_fcb1f5b0249d1069e5bdc66d0796f26afc0.jpg?1786018004,Crystal,17,0,PLD
Lilica Astadir,3503219,289,266,Valefor,Meteor,308,0,5af5f880cbf4a0fb2fc785912a217eae_485f4777c38002871591fb54f27edc65fc0.jpg?1786017280,Crystal,12,4,DRG
Elosie Ue,46030616,290,267,Bahamut,Gaia,306,0,cdd278ec7274c3a04f790d4954079c53_86da943caa70c8694707ab2ff74e68c9fc0.jpg?1786018160,Crystal,36,0,MCH
Yome Ex,58310901,291,268,Mandragora,Meteor,305,0,9c7e35fcf04992a0507f3e6cd8da7aa7_ee738654add55c3d07ea92d8e108074cfc0.jpg?1786015486,Crystal,97,17,SMN
Sui Greentea,30499096,292,269,Mandragora,Meteor,305,0,1040ce7f583817f4622859287ce22d59_ee738654add55c3d07ea92d8e108074cfc0.jpg?1786015540,Crystal,33,3,UNK
Waka'ri Mii,5525644,293,270,Chocobo,Mana,305,0,779528f8c170270a5dcbb5e911db62e9_781d6b3603312f6be41670afa37282e0fc0.jpg?1786017750,Crystal,11,0,UNK
Rokka Gallete,23609500,294,271,Kujata,Elemental,305,0,6cb05d39414f85c9977ed746371b9289_72c48f093f2278ac3243962d3eb6a8d7fc0.jpg?1786017277,Crystal,4,0,GNB
Ora Minogon,30761478,295,0,Alexander,Gaia,304,204,8b2f06efd2e7113271dc2a84c037a4fc_b7a71d8799cf6dd75b711a7f52de6675fc0.jpg?1786017259,Crystal,75,5,MCH
Ato Ruderala,36258604,296,272,Ramuh,Meteor,304,0,584e9807025c7704e71e1e296efa1644_410ddb5a66a2fcacf538bec5ea5d0291fc0.jpg?1786018223,Crystal,41,2,MNK
Pucchin Purin,7354553,297,274,Pandaemonium,Mana,304,0,68d5429c26ec05b2bdfda6492f66dbe0_470db1bf2e865f9130531fea40b61ee4fc0.jpg?1786018520,Crystal,4,0,DRG
Blono Bucciarati,1032560,298,275,Masamune,Mana,303,0,09c6f1afaf7cadf0758ca2863eb9a192_134930215abb8a90ec37d6cc05b05e08fc0.jpg?1786018590,Crystal,143,8,SAM
Planet Exploration,30755276,299,276,Ixion,Mana,303,0,b2df099dea56680a53bbc8588e28444f_7126768d768f6c6c7fed3eaee98c3a8afc0.jpg?1786018285,Crystal,12,0,PLD
Laru Gucchi,4772544,300,277,Durandal,Gaia,303,0,766e8af080f3aa6e38ee510dee4807b8_806ea5b45071d5cd6bf393e38462ee71fc0.jpg?1786018593,Crystal,4,0,AST
Sanahi Keto,57330112,1,0,Hyperion,Primal,2077,0,6531a5f5216bf8e7efcdcf26e24615cb_57ae9ee5592123dd79c8912bf768cf99fc0.jpg?1786018683,Omega,63,9,PCT
Legendary Ash,10855248,2,0,Faerie,Aether,2064,0,6fd699132806b61c9dcb8613c3ae11a3_0e336ff6ad415f47233f0aaf127feac0fc0.jpg?1786018756,Omega,33,0,NIN
Barock Obama,52411158,3,4,Siren,Aether,2054,283,05a5459925b46dd9d074e273b24d5d27_58a84e851e55175d22158ca97af58a1ffc0.jpg?1786016509,Omega,122,8,PLD
Vittorio Moretti,61421815,4,3,Diabolos,Crystal,1879,0,8c11f65c791a4f39ba7c716aeb6bc8d9_7b33d33ae3ecb996f778a5f67a6a0af6fc0.jpg?1786017284,Omega,98,0,RDM
Sylvie Chan,48678953,5,0,Brynhildr,Crystal,1715,0,14580705b6124b25ef19217300b4891f_d0a0f515a62457570c9b44997063e3c1fc0.jpg?1786018210,Omega,83,19,GNB
Azar Kaveh,16748899,6,12,Mateus,Crystal,1714,404,1d25f3d1883510d8fd010504471516b8_f0c52cc66e124fc2e641d7c21ab2ce79fc0.jpg?1786017776,Omega,93,16,SAM
Miyu Moon,14522179,7,6,Mateus,Crystal,1692,0,3562f4cf44aad7d526acbf8fae3937b0_f0c52cc66e124fc2e641d7c21ab2ce79fc0.jpg?1786015935,Omega,29,0,SAM
Suhr Zarek,8876676,8,7,Balmung,Crystal,1619,0,c09e4087ccb76545f31b81fa5ca01485_7a573cbc0cda3a3dfc1795cb3d9f7b23fc0.jpg?1786015524,Omega,63,0,PLD
Mavis Enyo,14769968,9,8,Excalibur,Primal,1578,0,00bced457c7cea8ae968197c61367bed_745baffc465480ed372e274d50318290fc0.jpg?1786018775,Omega,37,0,WAR
Crow Meow,54328117,10,15,Jenova,Aether,1577,298,7eded062751a7f80f7f3d9fbe0ab8e34_ce736afe35e2ded4e46c4fd0659aef7efc0.jpg?1786016621,Omega,33,8,SCH
Fye Alanyk,48751064,11,9,Diabolos,Crystal,1575,0,d605d68b88b347dfdb8a9b9e6c3539d6_7b33d33ae3ecb996f778a5f67a6a0af6fc0.jpg?1786017502,Omega,94,0,VPR
Kris Lhea,39204335,12,10,Mateus,Crystal,1501,0,982639accd39a2021d8f112bb5e763df_f0c52cc66e124fc2e641d7c21ab2ce79fc0.jpg?1786017864,Omega,58,0,SMN
Meteor Moon,29693876,13,11,Rafflesia,Dynamis,1378,0,7f262df9422aa27c9dd850d004812561_2783886613347a4db0bed7524de1298ffc0.jpg?1786018401,Crystal,75,0,SGE
Olivia Lugria,15149290,14,13,Sargatanas,Aether,1304,0,c230658574a9dc12a4eb6fae2e16ceb4_ba22853447012a24cee115315d6a5bebfc0.jpg?1786018430,Crystal,109,13,MNK
Gongsun Qerel,38059779,15,22,Mateus,Crystal,1291,194,015ef2d1ef8f18b0cf7fa0e646fa2d12_f0c52cc66e124fc2e641d7c21ab2ce79fc0.jpg?1786016381,Crystal,80,6,VPR
Terro Mctwisp,49469934,16,14,Leviathan,Primal,1291,0,4f22d821591ca7181ba2027974b77e2f_a91aae52cff9ef65932db06b150ffd47fc0.jpg?1786017433,Crystal,15,0,VPR
Myu Meow,9691497,17,16,Leviathan,Primal,1201,0,d925a41776719d761c94e8e32e5e7a0f_a91aae52cff9ef65932db06b150ffd47fc0.jpg?1786018261,Crystal,31,0,AST
Tomo Kote,38176817,18,27,Gilgamesh,Aether,1199,196,e5d7502ad7f21874552a4fc21553ee9e_b937560c841465f7c4bc8eb47ea7948afc0.jpg?1786016124,Crystal,71,2,MNK
Air Azure,41482862,19,17,Rafflesia,Dynamis,1185,0,a32fc7c37974e2629ce594c455ff54a7_2783886613347a4db0bed7524de1298ffc0.jpg?1786018120,Crystal,33,4,PCT
Fulheart Grit,38212551,20,18,Balmung,Crystal,1184,0,4a4d99f967c37bf42bd739857921e360_7a573cbc0cda3a3dfc1795cb3d9f7b23fc0.jpg?1786018251,Crystal,34,0,PLD
Lillian Floresca,58646686,21,19,Diabolos,Crystal,1126,6,4855e798f71f9426ff66aa8bcfc65aed_7b33d33ae3ecb996f778a5f67a6a0af6fc0.jpg?1786018923,Crystal,45,1,UNK
Hrothmar Blackburns,28757856,22,20,Adamantoise,Aether,1118,0,ba6405bac0d5b1fb489962984f0d9fb9_1f5fd239b885860b7c2bfc72ad1d97effc0.jpg?1786018039,Crystal,164,34,BLM
Pvp Badboy,38919488,23,21,Sargatanas,Aether,1109,0,8833f678967938d2e79b8d993021ce3f_ba22853447012a24cee115315d6a5bebfc0.jpg?1786015731,Crystal,42,0,NIN
Bisukito Neko,32261082,24,23,Zalera,Crystal,1097,0,3462c7ee2de7556ca86498dc5214a7fb_8106f857613f8fb994b0be37b26ff4bafc0.jpg?1786018067,Crystal,38,0,UNK
Marci Meow,54739620,25,41,Balmung,Crystal,1092,300,4ebc98a9ae6cf756ec75bc3db97f87f6_7a573cbc0cda3a3dfc1795cb3d9f7b23fc0.jpg?1786017538,Crystal,29,11,DRG
Jet Vermillion,50169213,26,24,Adamantoise,Aether,1087,0,969bede73be97218c58c658d33e58a68_1f5fd239b885860b7c2bfc72ad1d97effc0.jpg?1786015586,Crystal,12,0,MCH
Rubedo Ginshi,15639088,27,25,Lamia,Primal,1078,0,bbc5b3eb96e1a1691fb9abb344fc3217_4d9be17b5e1edc617052b4dbf4007875fc0.jpg?1786016471,Crystal,49,0,RPR
Aibertain Mando,32541700,28,26,Jenova,Aether,1076,0,8dec967ad48c9a703018a7445740a7f3_ce736afe35e2ded4e46c4fd0659aef7efc0.jpg?1786018148,Crystal,88,2,MCH
Show Maker,61843104,29,0,Kraken,Dynamis,1004,1004,a2da8d9d3d95080eac0c8ad1975a70ac_049a956dfeb0eb2e19c417a1dde4d680fc0.jpg?1786016594,Crystal,68,37,SMN
Azureal Grandeur,20448737,30,58,Marilith,Dynamis,1002,406,fa989d1d00d58fc1b4171abefb5e22b7_bbfb28d5a9059cd0c768daf77ab29982fc0.jpg?1786016090,Crystal,61,15,SCH
Nero Cor,51685882,31,28,Cactuar,Aether,1001,0,a53a1a6499997a089c36337bcc3ae46d_96ab1df8877c1f8ba6a89a39cccfd437fc0.jpg?1786017978,Crystal,76,19,VPR
F'ool Pr'oof,27802292,32,39,Behemoth,Primal,1001,199,07756f3cccf4cada3f3d40b5d44ef841_be20385e18333edb329d4574f364a1f0fc0.jpg?1786016833,Crystal,55,7,DNC
Pekora Meow,37421725,33,29,Leviathan,Primal,999,0,dc85502f9baa330d5a15d3c0a6f002a0_a91aae52cff9ef65932db06b150ffd47fc0.jpg?1786015920,Crystal,88,14,DRK
Lucio Harundo,4012099,34,30,Leviathan,Primal,998,0,d042eff245eaa56c0b6989df68a99564_a91aae52cff9ef65932db06b150ffd47fc0.jpg?1786015801,Crystal,123,19,SAM
Rae Rea,58956664,35,31,Adamantoise,Aether,998,0,72766cccd8c79e6afd3055accfc559fa_1f5fd239b885860b7c2bfc72ad1d97effc0.jpg?1786018945,Crystal,13,0,PLD
Sanguinius Smolblood,33489157,36,32,Kraken,Dynamis,995,0,461663ac9dfac06c5d61bc05d26ae652_049a956dfeb0eb2e19c417a1dde4d680fc0.jpg?1786016135,Crystal,26,4,GNB
Raiden Meow,60049984,37,68,Halicarnassus,Dynamis,986,491,82a7874a19aee552f4a0f8ff2b663dff_f2d324d722b28bbe681b2898bcdca8bffc0.jpg?1786018088,Crystal,23,8,SCH
Haha Unless,35825889,38,33,Faerie,Aether,908,0,3c249691791cbe0f2fb3ccc230c9a4e4_0e336ff6ad415f47233f0aaf127feac0fc0.jpg?1786015647,Crystal,21,0,MCH
Celesse Archon,5403993,39,34,Midgardsormr,Aether,902,0,46c05696a375eb66cab3503bea79e4e4_5c8ecfbc673e1287a9b5e85423fe1657fc0.jpg?1786018429,Crystal,32,0,AST
No Buts,2234245,40,35,Zalera,Crystal,901,0,0d8b9ae74f55ea0ba374fa7b38b48862_8106f857613f8fb994b0be37b26ff4bafc0.jpg?1786017031,Crystal,64,8,BRD
The Feast,46586541,41,36,Behemoth,Primal,901,0,db9e7409cc816f51307405b49c8b5713_be20385e18333edb329d4574f364a1f0fc0.jpg?1786017276,Crystal,41,4,UNK
Death Reaps,8773483,42,37,Balmung,Crystal,883,0,265183f487ab7e0a5a5b3128ec29a82a_7a573cbc0cda3a3dfc1795cb3d9f7b23fc0.jpg?1786016644,Crystal,68,9,BRD
Uki Yo,50106047,43,38,Adamantoise,Aether,879,0,75e9983a4dd07e7e5de0ed1ac11a23fb_1f5fd239b885860b7c2bfc72ad1d97effc0.jpg?1786016548,Crystal,19,1,MNK
Ahri Meow,42604315,44,40,Leviathan,Primal,794,0,99498e3de5cc49aacddccc855d4ee19d_a91aae52cff9ef65932db06b150ffd47fc0.jpg?1786017427,Crystal,13,0,RDM
Doomballoon Dapingus,19169037,45,47,Diabolos,Crystal,714,101,e43cef91ca38a14de0e5bea2295ba9c0_7b33d33ae3ecb996f778a5f67a6a0af6fc0.jpg?1786017708,Crystal,48,2,RDM
Noraliza Aubyrn,32094068,46,176,Goblin,Crystal,701,701,8a18cbebe3a2fc2c4bc70809fec01623_8e81e2940511f7152ba4462fe53e35b8fc0.jpg?1786018855,Crystal,41,15,WAR
Merlin Emryss,9605720,47,42,Faerie,Aether,699,0,87179f28ae17956a4d43567dadf6ea60_0e336ff6ad415f47233f0aaf127feac0fc0.jpg?1786018572,Crystal,56,4,BRD
Silanah Sylphrena,45709349,48,43,Faerie,Aether,699,0,353d000e66ebf6b7715ff5998504f784_0e336ff6ad415f47233f0aaf127feac0fc0.jpg?1786016968,Crystal,14,0,NIN
Zeta Salazar,44375733,49,44,Midgardsormr,Aether,697,0,4be3c205f3892cdbc09e8417ad6dbb68_5c8ecfbc673e1287a9b5e85423fe1657fc0.jpg?1786015921,Crystal,96,17,SAM
Nemx Eisenhorn,2244246,50,57,Excalibur,Primal,696,99,8d22c9821683049e16868ac1de65df41_745baffc465480ed372e274d50318290fc0.jpg?1786016560,Crystal,14,1,SGE
Aerika Meow,27836279,51,45,Faerie,Aether,692,0,cefa16e18644e0b625a0d52d2df514b9_0e336ff6ad415f47233f0aaf127feac0fc0.jpg?1786016666,Crystal,8,0,DNC
Micro Uryade,37487800,52,64,Sargatanas,Aether,690,189,d9df4db31e4d391c99006db3caa4b5f9_ba22853447012a24cee115315d6a5bebfc0.jpg?1786017591,Crystal,31,16,DRK
Kasai Kage,21886030,53,46,Adamantoise,Aether,618,0,6835735c490425c8a49d6889308a3484_1f5fd239b885860b7c2bfc72ad1d97effc0.jpg?1786016217,Crystal,14,0,NIN
Akari Tsuki,46655701,54,48,Adamantoise,Aether,608,0,08f7ffe45c1b134f99ea040b39ee2bdd_1f5fd239b885860b7c2bfc72ad1d97effc0.jpg?1786016796,Crystal,17,0,SMN
La Bubu,26625120,54,48,Diabolos,Crystal,608,0,733d34df72366760c6f44581681c9088_7b33d33ae3ecb996f778a5f67a6a0af6fc0.jpg?1786016728,Crystal,17,0,BLM
Momo Meow,50898775,56,50,Siren,Aether,606,0,6abf63b1f0755aa211bfd1dadc66e3b9_58a84e851e55175d22158ca97af58a1ffc0.jpg?1786018036,Crystal,8,0,PCT
Hilto Feltre,55076328,57,51,Sargatanas,Aether,605,0,4a850e1dbb7f6f3aeff5b21df6166f3f_ba22853447012a24cee115315d6a5bebfc0.jpg?1786015807,Crystal,45,8,RPR
Ivy Storm,61727582,58,52,Zalera,Crystal,604,0,27a648f77de0ff7a1a44539cbd062203_8106f857613f8fb994b0be37b26ff4bafc0.jpg?1786016087,Crystal,81,1,MCH
Ham Baga,28276994,59,53,Balmung,Crystal,601,0,80672270fca68b3d3fa2f4c0b220427a_7a573cbc0cda3a3dfc1795cb3d9f7b23fc0.jpg?1786015657,Crystal,15,0,WHM
Yui Fins,46861659,60,54,Adamantoise,Aether,600,0,477904411f28cfd029518422146e02f0_1f5fd239b885860b7c2bfc72ad1d97effc0.jpg?1786018854,Crystal,146,18,PLD
Ash Ymir,58885179,61,55,Goblin,Crystal,599,0,9326f044cdbd54d081c76d88de6310e0_8e81e2940511f7152ba4462fe53e35b8fc0.jpg?1786016812,Crystal,57,0,SMN
Silvy Kaenbyou,45504540,62,56,Goblin,Crystal,598,0,3a856bd5c7e35d95f6afcc57be4321a1_8e81e2940511f7152ba4462fe53e35b8fc0.jpg?1786018776,Crystal,41,12,DNC
Yozen Ballistar,24434537,63,65,Hyperion,Primal,597,98,087acc31d84823e50be37be0af3a3640_57ae9ee5592123dd79c8912bf768cf99fc0.jpg?1786016124,Crystal,5,1,WHM
Kuina Kagetsu,36802695,64,59,Ultros,Primal,595,0,dd8ffbe11c53ea988c605c9c24157c59_c514cdcdb619439df97d906d4434ccc6fc0.jpg?1786016659,Crystal,44,5,SGE
Adrianne Lehman,335503,65,60,Jenova,Aether,591,0,9487d4bc6332e7a22c323a4ee321ffa1_ce736afe35e2ded4e46c4fd0659aef7efc0.jpg?1786015640,Crystal,97,18,WHM
Ice Mage,56719413,66,76,Golem,Dynamis,589,190,20eb207dbce003e2fb1842e0c47aacc7_dd61c3dc259e5c43722e89409499b669fc0.jpg?1786016855,Crystal,53,10,BLM
Ryan Hoshiko,10323495,67,61,Lamia,Primal,589,0,b8f720f05e5314618bc7341f856d075d_4d9be17b5e1edc617052b4dbf4007875fc0.jpg?1786018777,Crystal,27,0,VPR
Alma Braver,729037,68,62,Goblin,Crystal,505,0,1d50d402d833734bf7f0d1fe6b3af5e8_8e81e2940511f7152ba4462fe53e35b8fc0.jpg?1786016245,Crystal,23,0,WHM
P'roto Idola,35374628,69,74,Brynhildr,Crystal,502,101,a91ad9e8c6c6ddb0905cd9aa6cede8e3_d0a0f515a62457570c9b44997063e3c1fc0.jpg?1786017461,Crystal,13,2,WAR
Sparrow Hawk,50867063,70,63,Seraph,Dynamis,501,0,1253b18a592d2d3c5133e9b86ab20c5a_07fb0511053f398d1f2d6831e6a6b4c8fc0.jpg?1786016041,Crystal,16,0,DRG
Lelouch Masamune,12543299,71,66,Malboro,Crystal,498,0,711457fd66b589fb422ba4640a4826f0_2e97c13fdd593d15d543093f8a37b6f0fc0.jpg?1786016446,Crystal,74,4,SCH
Big Three,47754584,72,67,Zalera,Crystal,498,0,ef1725c11b5e975338a0b9d2fccdabfe_8106f857613f8fb994b0be37b26ff4bafc0.jpg?1786018531,Crystal,16,0,WAR
Clara Green,44437004,73,75,Gilgamesh,Aether,496,96,9fdf7ee98ab3c5eb9220a6d31f045135_b937560c841465f7c4bc8eb47ea7948afc0.jpg?1786015983,Crystal,65,4,AST
Seto Mimyho,20943977,74,77,Behemoth,Primal,496,97,e0110a23ddcddf11cb8bf1e895c56d75_be20385e18333edb329d4574f364a1f0fc0.jpg?1786015596,Crystal,35,5,SGE
Im Dead,44727021,75,69,Balmung,Crystal,494,0,382bb5e8fe23a4e04750cfd29fa9f46c_7a573cbc0cda3a3dfc1795cb3d9f7b23fc0.jpg?1786018456,Crystal,20,0,VPR
Anti Luminosity,53824427,76,70,Marilith,Dynamis,490,0,345441c3ea324bf07484e7e6f1031ccc_bbfb28d5a9059cd0c768daf77ab29982fc0.jpg?1786018929,Crystal,90,0,RPR
Kylis Pendragon,36050245,77,71,Balmung,Crystal,413,0,6d0f4e4d3e36c9a4dd7fccd76f9effc3_7a573cbc0cda3a3dfc1795cb3d9f7b23fc0.jpg?1786017186,Crystal,89,11,BRD
Nikau Milkdud,30842976,78,72,Lamia,Primal,404,0,2ffee265e9fb9491997d30306dc67cc3_4d9be17b5e1edc617052b4dbf4007875fc0.jpg?1786016323,Crystal,4,0,DNC
Xale Solace,52728205,79,73,Adamantoise,Aether,401,0,5272a5d5dea9738bb4a6638ac3f083d2_1f5fd239b885860b7c2bfc72ad1d97effc0.jpg?1786016717,Crystal,41,7,DRG
Rin Denma,33178809,80,92,Gilgamesh,Aether,400,100,6c5bab6678d3c44b6e646bc8726eb9f9_b937560c841465f7c4bc8eb47ea7948afc0.jpg?1786015532,Crystal,4,1,UNK
Kiitla Hundar,21600585,81,77,Brynhildr,Crystal,399,0,acff83df95bca2189584bd6af72e84ce_d0a0f515a62457570c9b44997063e3c1fc0.jpg?1786015594,Crystal,32,2,UNK
June Buggy,39873640,82,79,Brynhildr,Crystal,399,0,929fb7f3958e6f1fbc9e559d731c0108_d0a0f515a62457570c9b44997063e3c1fc0.jpg?1786015936,Crystal,27,5,RDM
Velvet Mordio,11975584,83,80,Exodus,Primal,399,0,78d6cff1cf5b31e96125819d9688bb5a_0cdf051c93865faa15cbc5cd3d2b69fbfc0.jpg?1786017851,Crystal,7,0,DRG
Judas Demaio,7957583,84,0,Balmung,Crystal,399,0,802e8b947615ba3fa10ac8d8e4fb1ebf_7a573cbc0cda3a3dfc1795cb3d9f7b23fc0.jpg?1786016467,Crystal,4,0,UNK
Karl Rex,48615049,85,127,Siren,Aether,398,298,a7f2129699ecb71e801871425b8cbc52_58a84e851e55175d22158ca97af58a1ffc0.jpg?1786016515,Crystal,174,24,SGE
Gidding Mimid,9835761,86,101,Exodus,Primal,398,195,97296d489ec3afb5d7c65e3c6fa7fc05_0cdf051c93865faa15cbc5cd3d2b69fbfc0.jpg?1786015594,Crystal,56,8,NIN
Roland Montpensier,27408688,87,81,Mateus,Crystal,398,0,f999e29fa2ab10f6ba02338f493e886b_f0c52cc66e124fc2e641d7c21ab2ce79fc0.jpg?1786018010,Crystal,8,0,DRK
Jin Mercer,31096690,88,119,Marilith,Dynamis,396,200,708b770d30658bbff6a84015d913b518_bbfb28d5a9059cd0c768daf77ab29982fc0.jpg?1786018897,Crystal,30,5,SAM
Eyre Stahl,32745572,89,82,Maduin,Dynamis,396,0,0d24cf6e8f53fc59a993fd5e5311d4e0_7ff236346f6151d8a2c08fd0b4a0b806fc0.jpg?1786017291,Crystal,3,0,SGE
Aurora Aura,51466191,90,131,Coeurl,Crystal,392,292,6bf65747d41f881881af0d8d8ee83bb9_284358f8eb4efc9095914e46798c6ab3fc0.jpg?1786016024,Crystal,70,11,NIN
Size Difference,33536390,91,83,Sargatanas,Aether,392,0,770b5bd32a40e292765490f8e46eaf60_ba22853447012a24cee115315d6a5bebfc0.jpg?1786017025,Crystal,66,0,BRD
Boulder Beholder,10981587,92,84,Faerie,Aether,310,0,9de7d0362a3a832a7171bfe262bb5d94_0e336ff6ad415f47233f0aaf127feac0fc0.jpg?1786018849,Crystal,6,0,GNB
Xiao Longbao,31670807,93,107,Excalibur,Primal,305,105,b9d8562547d5b9d8e86054d9061c6a23_745baffc465480ed372e274d50318290fc0.jpg?1786017956,Crystal,26,23,MIN
Dank Lollington,37820692,94,85,Exodus,Primal,304,0,2b6faafd9620689cd5e4222c96529aa5_0cdf051c93865faa15cbc5cd3d2b69fbfc0.jpg?1786018492,Crystal,18,0,MCH
Ethan Dumas,2337003,95,86,Zalera,Crystal,303,0,4363afb6aeff95a15293cf3907560f7b_8106f857613f8fb994b0be37b26ff4bafc0.jpg?1786017919,Crystal,55,9,RDM
Garu Kettle,7054871,96,87,Behemoth,Primal,301,0,e03f1b46663ddb8c150315a88c79c9f1_be20385e18333edb329d4574f364a1f0fc0.jpg?1786016282,Crystal,65,0,UNK
Tarex Youva,34244171,97,88,Behemoth,Primal,301,0,f62a1a6593a19abc7f2ade2191e57159_be20385e18333edb329d4574f364a1f0fc0.jpg?1786016948,Crystal,44,0,DNC
Ava Falafell,7835301,98,89,Cactuar,Aether,301,0,037dd67f6ab82aadfe3e7b3e4973d525_96ab1df8877c1f8ba6a89a39cccfd437fc0.jpg?1786016602,Crystal,18,0,WHM
Banana Skye,48159675,99,163,Faerie,Aether,300,300,37d6f3f177181cc95ef2e697d25b0c85_0e336ff6ad415f47233f0aaf127feac0fc0.jpg?1786015688,Crystal,49,5,WHM
Onion Little,37583983,100,90,Zalera,Crystal,300,0,59533d6fd2d0a8b58595bf860ae3f36a_8106f857613f8fb994b0be37b26ff4bafc0.jpg?1786015630,Crystal,13,0,ALC
Crew Mate,58619876,101,91,Rafflesia,Dynamis,300,0,8fabef2de621b0cab9b478c17a74d44f_2783886613347a4db0bed7524de1298ffc0.jpg?1786018905,Crystal,12,0,UNK
Yulia Lunaria,82714,102,94,Coeurl,Crystal,298,0,30d19e29baad4dfe064001a80a4466e1_284358f8eb4efc9095914e46798c6ab3fc0.jpg?1786015456,Crystal,5,2,GNB
Vann Healsing,6572,103,93,Coeurl,Crystal,298,0,e19ce452168669ef7abba0e26cc8ee4c_284358f8eb4efc9095914e46798c6ab3fc0.jpg?1786016450,Crystal,4,0,DRG
Bigg Succ,14228989,104,95,Coeurl,Crystal,298,0,d833225ff74a6d00fc89b134cc155262_284358f8eb4efc9095914e46798c6ab3fc0.jpg?1786018184,Crystal,2,0,MCH
Phrosticus Maximus,51732834,105,96,Kraken,Dynamis,297,0,36921233b0c05085a501c86bb51f5633_049a956dfeb0eb2e19c417a1dde4d680fc0.jpg?1786015647,Crystal,82,8,NIN
Nero K'ten,6155374,106,97,Lamia,Primal,296,0,457604f04300faac0e52a053884e2bb7_4d9be17b5e1edc617052b4dbf4007875fc0.jpg?1786015393,Crystal,49,2,AST
Sitri Belladonna,44271644,107,98,Maduin,Dynamis,296,0,d5fba1e5169b57a308fb1ea60e3553cf_7ff236346f6151d8a2c08fd0b4a0b806fc0.jpg?1786018501,Crystal,41,4,GNB
Sarantsatsral Kha,26082962,108,99,Behemoth,Primal,294,0,f8735f190504d139ee16ec1a623371dc_be20385e18333edb329d4574f364a1f0fc0.jpg?1786018775,Crystal,7,0,BLM
Koifucius Dao-master,37165464,109,100,Exodus,Primal,292,0,030277d5215f88056127d2b9e88474e4_0cdf051c93865faa15cbc5cd3d2b69fbfc0.jpg?1786018410,Crystal,6,0,WHM
Noel Bunny,5201676,110,102,Behemoth,Primal,202,0,c7f99603b6e09c43470bbabaed203add_be20385e18333edb329d4574f364a1f0fc0.jpg?1786017098,Crystal,48,8,UNK
Fire Strike,52397705,111,103,Kraken,Dynamis,202,0,b9c1021d4aa2ae66682e7904857161ed_049a956dfeb0eb2e19c417a1dde4d680fc0.jpg?1786018073,Crystal,12,0,RDM
Mtn Boop,36509633,112,0,Brynhildr,Crystal,202,0,175f521a1de707cbfb345e95df5e588c_d0a0f515a62457570c9b44997063e3c1fc0.jpg?1786016045,Crystal,1,0,SGE
Rusheel Vasscus,2314921,113,104,Adamantoise,Aether,201,0,a4248cc27f1d518fee3b2b12da021669_1f5fd239b885860b7c2bfc72ad1d97effc0.jpg?1786016911,Crystal,1,0,MNK
Aiberaint Mando,58601227,114,105,Faerie,Aether,200,0,b7621f9e3f9c7a33ce4acd4a392c3a41_0e336ff6ad415f47233f0aaf127feac0fc0.jpg?1786017680,Crystal,33,0,RPR
Nonoha Noha,32959229,115,145,Balmung,Crystal,200,100,d9c4977477ddfaebc0c2204729f692f9_7a573cbc0cda3a3dfc1795cb3d9f7b23fc0.jpg?1786016532,Crystal,22,1,VPR
Satoshi Itaori,52546108,116,106,Golem,Dynamis,200,0,1ecf4d8479fa0e8c3c4b6fe005108b6d_dd61c3dc259e5c43722e89409499b669fc0.jpg?1786017061,Crystal,15,0,WAR
Joe Biden',48592929,117,108,Seraph,Dynamis,200,0,c06fd69e6b294b74118f1a8ad5727f56_07fb0511053f398d1f2d6831e6a6b4c8fc0.jpg?1786018061,Crystal,2,0,UNK
Giselle Aureillien,29155636,118,0,Coeurl,Crystal,200,0,0864f26f62e17d3942c765f8a16665d2_284358f8eb4efc9095914e46798c6ab3fc0.jpg?1786018632,Crystal,1,0,NIN
Somnidemn Serdorm,37031558,118,109,Goblin,Crystal,200,0,6147ca113912ee7b9ac321313bbf5863_8e81e2940511f7152ba4462fe53e35b8fc0.jpg?1786017948,Crystal,1,0,SCH
Novical Astrea,42979170,120,110,Exodus,Primal,199,0,b638930bbe9987be79fa698126728549_0cdf051c93865faa15cbc5cd3d2b69fbfc0.jpg?1786017975,Crystal,43,10,DRG
Zolzayaa Noykin,34804380,121,111,Balmung,Crystal,199,0,ff773bbf0388cc8a61ac7c87e78f978f_7a573cbc0cda3a3dfc1795cb3d9f7b23fc0.jpg?1786016388,Crystal,30,2,VPR
Unagi Box,34773273,122,112,Cuchulainn,Dynamis,199,0,05a513d02b60c767bfb83440ab2d406b_b4a106e4893fd452df0001eaeecf9d7efc0.jpg?1786015901,Crystal,22,0,GNB
Raphtalia Solari,8126326,123,113,Adamantoise,Aether,199,0,baeca36f0f50dbb796496ea18e58ee30_1f5fd239b885860b7c2bfc72ad1d97effc0.jpg?1786018065,Crystal,6,0,SGE
Milly Mina,37964161,124,114,Cuchulainn,Dynamis,199,0,f3300c3e28b3c5b4a3767a587341831e_b4a106e4893fd452df0001eaeecf9d7efc0.jpg?1786017007,Crystal,3,0,FSH
Mits Suki,33204212,124,114,Famfrit,Primal,199,0,5bb063598970951b9c8c586bd4f0db1f_fce4949e615393e574f2d57134b31fc1fc0.jpg?1786018266,Crystal,3,0,MNK
Fain Doncel'aram,18921518,126,116,Jenova,Aether,199,0,99d5d58c7b97e260ff83d3d4b87a7103_ce736afe35e2ded4e46c4fd0659aef7efc0.jpg?1786018722,Crystal,2,0,MNK
Katka Kogoro,44461194,127,117,Behemoth,Primal,198,0,550a289a6fa63b9cd57149e22c1dbc72_be20385e18333edb329d4574f364a1f0fc0.jpg?1786016218,Crystal,11,0,UNK
Radanis Luminacht,16920977,128,0,Sargatanas,Aether,198,0,b371d311f8b15d14c5d5b08dda36ab7f_ba22853447012a24cee115315d6a5bebfc0.jpg?1786017907,Crystal,1,0,DRK
Onigiri Bunny,7352884,129,118,Behemoth,Primal,197,0,382f2b7a0b15514c38a6e2d5af3d8014_be20385e18333edb329d4574f364a1f0fc0.jpg?1786016474,Crystal,1,0,UNK
Cain Molkoh,57323197,130,129,Goblin,Crystal,196,96,889deea7b0b76edd744a2b6fb24a09a1_8e81e2940511f7152ba4462fe53e35b8fc0.jpg?1786016095,Crystal,80,15,PCT
Ailbhe Costa,24483224,131,120,Golem,Dynamis,196,0,d2a07a324d29f192eabbae6adeb2462b_dd61c3dc259e5c43722e89409499b669fc0.jpg?1786018774,Crystal,1,0,UNK
Sensus Nero,3918158,131,120,Gilgamesh,Aether,196,0,c830651186889d4902ef13cefd58a832_b937560c841465f7c4bc8eb47ea7948afc0.jpg?1786017952,Crystal,1,0,WAR
Unit Two,9241194,133,122,Ultros,Primal,195,0,641de9f4edfaf7fe05a95460092c87ef_c514cdcdb619439df97d906d4434ccc6fc0.jpg?1786016947,Crystal,147,0,SCH
Lux Mas,23065843,134,123,Sargatanas,Aether,105,0,88a2ca0abf69b95b8d6893d740e04615_ba22853447012a24cee115315d6a5bebfc0.jpg?1786015798,Crystal,60,5,RDM
Labrys Roux,31449732,135,124,Ultros,Primal,103,0,b78d649d03beba97a36fa9eebc98afc4_c514cdcdb619439df97d906d4434ccc6fc0.jpg?1786015823,Crystal,30,0,AST
Erik Jormungandr,21053207,136,125,Balmung,Crystal,102,0,d279bad4f9c048ee2cb4310b2dabb453_7a573cbc0cda3a3dfc1795cb3d9f7b23fc0.jpg?1786017336,Crystal,5,0,DRK
Rail Ying,33252892,137,126,Famfrit,Primal,100,0,e9ae8b691e418ccccf35ebe11804f497_fce4949e615393e574f2d57134b31fc1fc0.jpg?1786016254,Crystal,183,11,RDM
Lazy Bear,39566180,138,130,Faerie,Aether,100,0,a07cf0c35d5a78a5a1b9ca16d6f41803_0e336ff6ad415f47233f0aaf127feac0fc0.jpg?1786017965,Crystal,72,8,MCH
Hijiri Sagoonja,61517900,139,128,Marilith,Dynamis,100,0,490b8d7e00e9479812f4686618ba59ec_bbfb28d5a9059cd0c768daf77ab29982fc0.jpg?1786015921,Crystal,68,0,SCH
Beef Testoserone,31210622,140,132,Lamia,Primal,100,0,8722cb428122ce685cf8b96a844468f3_4d9be17b5e1edc617052b4dbf4007875fc0.jpg?1786015628,Crystal,57,0,DRG
Nanamie Namie,54007603,141,133,Seraph,Dynamis,100,0,0a2ba3a431605dbe05215a75dffd70e7_07fb0511053f398d1f2d6831e6a6b4c8fc0.jpg?1786018609,Crystal,56,4,DRG
Zerth Voldrin,14915863,142,134,Cactuar,Aether,100,0,81a8fef4d9feb3b13352e547c9dcf7d5_96ab1df8877c1f8ba6a89a39cccfd437fc0.jpg?1786016940,Crystal,48,0,VPR
Freelili Baylili,41088797,143,138,Famfrit,Primal,100,0,2fd0edea93f7f1b96bfa59c24d04a2af_fce4949e615393e574f2d57134b31fc1fc0.jpg?1786015672,Crystal,44,10,MCH
Rathais Gunnach,32955444,144,135,Brynhildr,Crystal,100,0,2a434eda7d82f52a4a70d056b83f2c27_d0a0f515a62457570c9b44997063e3c1fc0.jpg?1786016320,Crystal,43,0,SGE
Von Columbine,58381347,145,136,Gilgamesh,Aether,100,0,616328e702b2b2e8d452581d53ec9f88_b937560c841465f7c4bc8eb47ea7948afc0.jpg?1786018905,Crystal,42,0,BLU
Sirkitten Wrath,24932332,146,137,Coeurl,Crystal,100,0,248a1e6798b3538fe783585b1686cadd_284358f8eb4efc9095914e46798c6ab3fc0.jpg?1786015957,Crystal,38,0,MCH
Thamiel Blade,11845109,147,142,Malboro,Crystal,100,0,80ba6f7aa26a72c98ebf41b210be27be_2e97c13fdd593d15d543093f8a37b6f0fc0.jpg?1786018771,Crystal,33,7,SMN
No Bee,37102144,148,139,Lamia,Primal,100,0,5c741048df2befeb7f80a2b03bb02aee_4d9be17b5e1edc617052b4dbf4007875fc0.jpg?1786017485,Crystal,30,1,MCH
Fyoriah Aliapoh,44734635,149,139,Faerie,Aether,100,0,298901c71b421faa4612e0bbd9420820_0e336ff6ad415f47233f0aaf127feac0fc0.jpg?1786018634,Crystal,29,0,NIN
Naeng Myeon,35393894,150,141,Jenova,Aether,100,0,e834ee8ccde5fd99424275ed75278f5b_ce736afe35e2ded4e46c4fd0659aef7efc0.jpg?1786015955,Crystal,28,0,SAM
Peregrine Lofte,21726171,151,142,Leviathan,Primal,100,0,351c30387c9048190075024c6b344ead_a91aae52cff9ef65932db06b150ffd47fc0.jpg?1786018502,Crystal,26,0,DRG
Snowsteps Frozenheart,25431273,152,144,Siren,Aether,100,0,3e9412aba214d5dab23b4cdfc8b81294_58a84e851e55175d22158ca97af58a1ffc0.jpg?1786017248,Crystal,25,0,BLM
Minato Maki,53819658,153,145,Excalibur,Primal,100,0,03c1d1dc5b9a30317518ec9a30c301ab_745baffc465480ed372e274d50318290fc0.jpg?1786016156,Crystal,21,0,MNK
Vaeltis Nyght,16404977,153,145,Famfrit,Primal,100,0,0caba4911a7521943ad38550f8faec63_fce4949e615393e574f2d57134b31fc1fc0.jpg?1786017699,Crystal,21,0,GNB
Naomi Hakoma,13697124,155,153,Halicarnassus,Dynamis,100,0,a6732f9cc34509a6761d618186e745fd_f2d324d722b28bbe681b2898bcdca8bffc0.jpg?1786017200,Crystal,20,5,ALC
Rasan Sena,13544028,155,148,Kraken,Dynamis,100,0,70d1ba94bcbeff8a384f1e364b2ee863_049a956dfeb0eb2e19c417a1dde4d680fc0.jpg?1786015583,Crystal,20,2,UNK
Fenrir Mani,46990212,157,234,Siren,Aether,100,100,9d52f579ab24f21101afab7ee04fd086_58a84e851e55175d22158ca97af58a1ffc0.jpg?1786016555,Crystal,18,7,PLD
Navori Valois,48622291,157,148,Adamantoise,Aether,100,0,4facdc408c9ad771bc52001d3c82fa9f_1f5fd239b885860b7c2bfc72ad1d97effc0.jpg?1786016860,Crystal,18,0,VPR
Tegridy Weed,3469679,157,148,Midgardsormr,Aether,100,0,96f7b1ca58cffc2cdcbb1df90d116807_5c8ecfbc673e1287a9b5e85423fe1657fc0.jpg?1786017303,Crystal,18,0,PLD
A'kena Themis,30488636,160,151,Cuchulainn,Dynamis,100,0,0dfbdcebc19679eb813e05521b4bc587_b4a106e4893fd452df0001eaeecf9d7efc0.jpg?1786018295,Crystal,17,1,SAM
Ellie Titis,36865882,160,0,Midgardsormr,Aether,100,0,71601f63eddfe2db7e4ec2213790102c_5c8ecfbc673e1287a9b5e85423fe1657fc0.jpg?1786018899,Crystal,17,0,NIN
Reina Crowley,19324150,162,151,Malboro,Crystal,100,0,d8624175065ad845c6d16c7f8638cc12_2e97c13fdd593d15d543093f8a37b6f0fc0.jpg?1786015396,Crystal,16,0,UNK
Mash Buttons,12470854,163,153,Ultros,Primal,100,0,eec5508ec2ce3844fd62caa5b87a24d8_c514cdcdb619439df97d906d4434ccc6fc0.jpg?1786018091,Crystal,15,0,BRD
Master Zoknik,48144446,164,155,Balmung,Crystal,100,0,3c54e73f2ad7023aa3b173793f95c070_7a573cbc0cda3a3dfc1795cb3d9f7b23fc0.jpg?1786018453,Crystal,11,0,WAR
Josh Trigiani,6965228,165,156,Lamia,Primal,100,0,22f547722b0454bc3b30d7f6a8ac5b0a_4d9be17b5e1edc617052b4dbf4007875fc0.jpg?1786018207,Crystal,8,0,GNB
Neo Dymium,33030676,165,156,Seraph,Dynamis,100,0,24be6098cf7acc2de169d92917d3299f_07fb0511053f398d1f2d6831e6a6b4c8fc0.jpg?1786015705,Crystal,8,0,WAR
Tio Tot,32427648,167,158,Jenova,Aether,100,0,b6b5f99e0b2c9878499873fdbe82cda3_ce736afe35e2ded4e46c4fd0659aef7efc0.jpg?1786018711,Crystal,7,0,PCT
Nika Arwing,12407061,168,0,Behemoth,Primal,100,0,f0ebfd95e843addaab2471d3cb028eb6_be20385e18333edb329d4574f364a1f0fc0.jpg?1786018460,Crystal,5,0,NIN
Rachna's Kitten,60414129,169,0,Diabolos,Crystal,100,0,5a2079c26296ecf9252da83453669ee7_7b33d33ae3ecb996f778a5f67a6a0af6fc0.jpg?1786015703,Crystal,3,0,UNK
Io Isana,33563057,170,159,Coeurl,Crystal,100,0,bb1bccc46bef2876072e2e7fa326fa12_284358f8eb4efc9095914e46798c6ab3fc0.jpg?1786018950,Crystal,1,0,PLD
Haley Autouria,105933,171,160,Coeurl,Crystal,100,0,8e6b9b10fc2e31af21e24fdaae151c61_284358f8eb4efc9095914e46798c6ab3fc0.jpg?1786015953,Crystal,0,0,UNK
Pinky Meow,59213242,171,160,Halicarnassus,Dynamis,100,0,9ac8bffaba88f1f4c7fe1238e6a7dcb0_f2d324d722b28bbe681b2898bcdca8bffc0.jpg?1786018149,Crystal,0,0,UNK
Theory Ai,55206021,173,178,Leviathan,Primal,0,0,018be547248466158b1d0f9de4315340_a91aae52cff9ef65932db06b150ffd47fc0.jpg?1786018755,Diamond,137,2,SCH
Dread Ross,4916315,174,162,Exodus,Primal,0,0,dafd63f0b3ce97e8283a4d153f0acd06_0cdf051c93865faa15cbc5cd3d2b69fbfc0.jpg?1786015936,Diamond,61,0,SAM
Reed Diamond,7237831,175,184,Ultros,Primal,0,0,132bb33f336f4f3ae42c3cf9a96a11ad_c514cdcdb619439df97d906d4434ccc6fc0.jpg?1786016171,Diamond,44,4,MNK
Elphen Gura,2247953,176,165,Gilgamesh,Aether,0,0,292e135e4f46290be61b4699e8236363_b937560c841465f7c4bc8eb47ea7948afc0.jpg?1786018941,Diamond,39,5,SMN
Deadrise Mutambo,49340180,177,164,Diabolos,Crystal,0,0,05829ade005fe971a894d48d18963c4f_7b33d33ae3ecb996f778a5f67a6a0af6fc0.jpg?1786018267,Diamond,36,0,DRG
Johnny Rotten,60584717,178,166,Balmung,Crystal,0,0,16dd0eb6be877814ca22fed24fe6191d_7a573cbc0cda3a3dfc1795cb3d9f7b23fc0.jpg?1786017123,Diamond,33,0,DRG
Neo Zee',28714097,179,167,Balmung,Crystal,0,0,ecd9a08521dcc0c1872ac990f3a534b9_7a573cbc0cda3a3dfc1795cb3d9f7b23fc0.jpg?1786016710,Diamond,29,0,BRD
Neco-arc Myuri,1364925,180,168,Balmung,Crystal,0,0,45595754292a6e60dac91dc40349a619_7a573cbc0cda3a3dfc1795cb3d9f7b23fc0.jpg?1786017730,Diamond,23,0,UNK
Tc Sola,43984930,181,169,Zalera,Crystal,0,0,1bde011c1056c258b5456fb7d0f6283f_8106f857613f8fb994b0be37b26ff4bafc0.jpg?1786018191,Diamond,21,2,RDM
Cj Deux,23394493,182,170,Lamia,Primal,0,0,64702aeefa55d2931c531ddadd7964ea_4d9be17b5e1edc617052b4dbf4007875fc0.jpg?1786016221,Diamond,99,0,MCH
Tiny Sosig,16648383,183,171,Balmung,Crystal,0,0,47661dc0b135d6c15fadc46a3fa85816_7a573cbc0cda3a3dfc1795cb3d9f7b23fc0.jpg?1786017478,Diamond,78,4,SMN
Larxis Themage,9284703,184,172,Mateus,Crystal,0,0,f1440421e273892659981868cbc99f9b_f0c52cc66e124fc2e641d7c21ab2ce79fc0.jpg?1786017860,Diamond,66,0,BLM
M' Twelve,36885704,185,173,Halicarnassus,Dynamis,0,0,0f10ff80520b725264b0aed8ac62d609_f2d324d722b28bbe681b2898bcdca8bffc0.jpg?1786015664,Diamond,36,6,UNK
Abel Catallus,20632128,186,173,Hyperion,Primal,0,0,a753917cbe6dc89a0ba41f10003a621d_57ae9ee5592123dd79c8912bf768cf99fc0.jpg?1786016863,Diamond,30,0,BLM
Eroison Chren,42575447,186,173,Ultros,Primal,0,0,d66c862181da18eea3335d6667510dc6_c514cdcdb619439df97d906d4434ccc6fc0.jpg?1786018015,Diamond,30,0,PCT
Aavlen Zo,32887243,188,177,Brynhildr,Crystal,0,0,2a3e3ea4d262cfdf8a2ee034b379b099_d0a0f515a62457570c9b44997063e3c1fc0.jpg?1786018438,Diamond,17,0,WAR
Pravik Rhati,30628415,189,179,Zalera,Crystal,0,0,6f338ced5bbbd90812f4a17468f53684_8106f857613f8fb994b0be37b26ff4bafc0.jpg?1786017665,Diamond,107,10,SMN
Savard Qerel,20600432,190,180,Diabolos,Crystal,0,0,db0af86bd2eb90f70c42b9e65658aff2_7b33d33ae3ecb996f778a5f67a6a0af6fc0.jpg?1786017472,Diamond,48,8,WAR
Stephanie Dolla,28812314,191,181,Zalera,Crystal,0,0,d9051d9ee54d0e9f8178549cfed7d8cf_8106f857613f8fb994b0be37b26ff4bafc0.jpg?1786016703,Diamond,37,0,MNK
Lumiel Alstreim,6929457,192,281,Balmung,Crystal,0,0,6004c4e57250b544ed36bf6b310e878a_7a573cbc0cda3a3dfc1795cb3d9f7b23fc0.jpg?1786015736,Diamond,33,15,AST
Cecils Lunas,39054438,193,182,Brynhildr,Crystal,0,0,4f553dbd79cfae0460c3d43b82171d15_d0a0f515a62457570c9b44997063e3c1fc0.jpg?1786017846,Diamond,22,0,SMN
Teysa Montgomery,6201712,194,190,Cactuar,Aether,0,0,eb51f53fb1f2b23ee171b4e92895e9b4_96ab1df8877c1f8ba6a89a39cccfd437fc0.jpg?1786018095,Diamond,57,10,DRG
Nixacu Murubra,24114126,195,183,Lamia,Primal,0,0,68206034a86cf63bd8aecd714ae17955_4d9be17b5e1edc617052b4dbf4007875fc0.jpg?1786018372,Diamond,55,0,BLM
Cleo Kaisuri,49507760,196,185,Hyperion,Primal,0,0,b3c346a088e9876c531a3dcecd6b78db_57ae9ee5592123dd79c8912bf768cf99fc0.jpg?1786015693,Diamond,26,0,BRD
Aster Minyu,54375843,197,271,Lamia,Primal,0,0,380928b9020a6bb0bcfa44d88b6df112_4d9be17b5e1edc617052b4dbf4007875fc0.jpg?1786017914,Diamond,20,17,DNC
Ajisai Sorano,7779796,198,186,Lamia,Primal,0,0,742c314aec62f1bf6c7c525c9cd64e78_4d9be17b5e1edc617052b4dbf4007875fc0.jpg?1786018807,Diamond,11,0,RDM
First Name,39082032,199,187,Gilgamesh,Aether,0,0,f61b7a515f332494dbc997024a22504d_b937560c841465f7c4bc8eb47ea7948afc0.jpg?1786017968,Diamond,141,7,UNK
Scythe Horrorblade,32713598,200,0,Mateus,Crystal,0,0,43c41a5aa8d981f109e6d76f3347bd93_f0c52cc66e124fc2e641d7c21ab2ce79fc0.jpg?1786017882,Diamond,118,13,RPR
Claire Lamont,974282,201,188,Hyperion,Primal,0,0,4522bd271ee8879920f36521c2512945_57ae9ee5592123dd79c8912bf768cf99fc0.jpg?1786017481,Diamond,84,7,DRG
Lolly Pops,11573609,202,189,Leviathan,Primal,0,0,a38b4d4cbcfc624c56b5db6efb627dd2_a91aae52cff9ef65932db06b150ffd47fc0.jpg?1786016624,Diamond,74,11,MCH
Saria Desolita,7318698,203,211,Exodus,Primal,0,0,b9d47f2d43e0c5bf6c608abae563f12e_0cdf051c93865faa15cbc5cd3d2b69fbfc0.jpg?1786017954,Diamond,62,8,AST
Kanae Meow,36806118,204,190,Ultros,Primal,0,0,8969e8a0b518902a3996525f822b4701_c514cdcdb619439df97d906d4434ccc6fc0.jpg?1786016981,Diamond,47,0,WHM
Mika Makura,43900321,205,192,Sargatanas,Aether,0,0,08bc6e0e70d7337801784f174c698620_ba22853447012a24cee115315d6a5bebfc0.jpg?1786017390,Diamond,43,0,NIN
Rin Ruki,59858100,206,215,Exodus,Primal,0,0,7ec8676537a0b3fff644be3f10ee7741_0cdf051c93865faa15cbc5cd3d2b69fbfc0.jpg?1786018471,Diamond,41,3,UNK
Shinra Tatsuya,8648762,207,239,Gilgamesh,Aether,0,0,7dccb5e520b149afd2b044279fa8694e_b937560c841465f7c4bc8eb47ea7948afc0.jpg?1786017242,Diamond,34,4,ALC
Vicious Nouzen,42001229,208,193,Jenova,Aether,0,0,94ccc3f4ceffc2356f1ddd47d85ca9f7_ce736afe35e2ded4e46c4fd0659aef7efc0.jpg?1786016256,Diamond,29,0,MNK
Ciel Sorrel,22647977,209,194,Zalera,Crystal,0,0,4feb2b2835b10561864f50a075fa571c_8106f857613f8fb994b0be37b26ff4bafc0.jpg?1786015475,Diamond,22,0,PLD
Gidson Brand,28304013,210,195,Goblin,Crystal,0,0,876c2dd63c77339205c6fe96b4bd3d82_8e81e2940511f7152ba4462fe53e35b8fc0.jpg?1786017896,Diamond,21,0,BLM
Dandy Lyon,9088850,211,196,Leviathan,Primal,0,0,5e652518b4930ff5cb411a5818760318_a91aae52cff9ef65932db06b150ffd47fc0.jpg?1786016335,Diamond,17,0,SAM
Mocha Sun,31799604,212,197,Coeurl,Crystal,0,0,3929588579c8d6631b5fe6a13edbb3dd_284358f8eb4efc9095914e46798c6ab3fc0.jpg?1786018073,Diamond,15,0,BRD
So What,33785359,213,198,Ultros,Primal,0,0,b0f894a94041f0bd4b241723ce815801_c514cdcdb619439df97d906d4434ccc6fc0.jpg?1786016467,Diamond,14,0,RPR
Nha-uwu John,47196895,214,199,Ultros,Primal,0,0,c74c6ed5858d763368f6267a128abb62_c514cdcdb619439df97d906d4434ccc6fc0.jpg?1786015826,Diamond,13,1,WHM
Oni Akuma,7300790,215,201,Gilgamesh,Aether,0,0,e8e098720e245711114b4614110261b5_b937560c841465f7c4bc8eb47ea7948afc0.jpg?1786018752,Diamond,62,4,MNK
Kaede Obinata,32151196,216,202,Marilith,Dynamis,0,0,460d631b298c83b035fb70ac5669658d_bbfb28d5a9059cd0c768daf77ab29982fc0.jpg?1786015513,Diamond,25,0,NIN
Isabeau Yuki,56519813,217,203,Balmung,Crystal,0,0,f89033dd8180df3efc68a5b0f142cf25_7a573cbc0cda3a3dfc1795cb3d9f7b23fc0.jpg?1786016167,Diamond,24,0,SGE
Jenova Catgirl,56356925,218,204,Balmung,Crystal,0,0,fdd023d68fd7a60dd9109a3f33c74fb1_7a573cbc0cda3a3dfc1795cb3d9f7b23fc0.jpg?1786015672,Diamond,23,0,PCT
Orpheus Laine,29851207,219,205,Gilgamesh,Aether,0,0,5939235fbb052c79392d334cce14ca00_b937560c841465f7c4bc8eb47ea7948afc0.jpg?1786015520,Diamond,17,0,DRK
Eris Valens,29017252,220,269,Ultros,Primal,0,0,843039b57a19bafbdba3c5235b6bb73b_c514cdcdb619439df97d906d4434ccc6fc0.jpg?1786016072,Diamond,16,7,WHM
Na In,32505635,221,206,Goblin,Crystal,0,0,6ad54caac94f2e89fe9d5acd94c2c145_8e81e2940511f7152ba4462fe53e35b8fc0.jpg?1786016012,Diamond,13,0,GNB
Silah Zetsku,53965328,221,206,Marilith,Dynamis,0,0,d2b4042f092dccb0d381fdc61afe74c3_bbfb28d5a9059cd0c768daf77ab29982fc0.jpg?1786018646,Diamond,13,0,MCH
Brian Ricardo,9364090,223,208,Adamantoise,Aether,0,0,c00688b4ac9b567c1a4de9d648fbbff4_1f5fd239b885860b7c2bfc72ad1d97effc0.jpg?1786017555,Diamond,11,0,SGE
Maz Hana,57951142,224,259,Brynhildr,Crystal,0,0,e287bc66dce0e20c44d2437e0ed71b93_d0a0f515a62457570c9b44997063e3c1fc0.jpg?1786016661,Diamond,10,2,UNK
Gracidea Blossom,4573171,225,209,Lamia,Primal,0,0,12afdfb12aebd14365b3149875fee65f_4d9be17b5e1edc617052b4dbf4007875fc0.jpg?1786016302,Diamond,7,0,WHM
Zithiel Bihrul,44613484,226,210,Faerie,Aether,0,0,4abc29f0f384c794c1f6c7e7e60b8ed8_0e336ff6ad415f47233f0aaf127feac0fc0.jpg?1786018888,Diamond,59,0,WAR
Shoujo Hime,18340055,227,211,Leviathan,Primal,0,0,c341075038058a45ef549f7bac1b9d25_a91aae52cff9ef65932db06b150ffd47fc0.jpg?1786016266,Diamond,58,4,DNC
Nana Shirogane,27492589,228,214,Lamia,Primal,0,0,3cda69c8242e3525a60690e884546ccd_4d9be17b5e1edc617052b4dbf4007875fc0.jpg?1786016554,Diamond,56,5,UNK
Celeste Aeternum,38129090,229,250,Adamantoise,Aether,0,0,76510814c4215ff9bd016e9313ee6e2c_1f5fd239b885860b7c2bfc72ad1d97effc0.jpg?1786016741,Diamond,55,8,SCH
Kahram Ramses,38869479,230,213,Sargatanas,Aether,0,0,e0151847f1fbf8f013cad87949b4272c_ba22853447012a24cee115315d6a5bebfc0.jpg?1786015831,Diamond,52,0,SAM
Amelia Snowy,57212337,231,216,Sargatanas,Aether,0,0,3201ddb4acea86a57af9b79aaa1252d9_ba22853447012a24cee115315d6a5bebfc0.jpg?1786017030,Diamond,34,1,SAM
Malachi Lights,12672217,232,217,Kraken,Dynamis,0,0,78c8b470bdf08206e10dc0aea773bc7c_049a956dfeb0eb2e19c417a1dde4d680fc0.jpg?1786015438,Diamond,31,0,DNC
Mori Sumire,22629786,232,294,Zalera,Crystal,0,0,9d1372da41637e0a1cee75add0cdab3e_8106f857613f8fb994b0be37b26ff4bafc0.jpg?1786018181,Diamond,31,3,UNK
Glowing Orchid,38774047,234,218,Siren,Aether,0,0,88f633924891d0f1c7e70d8b2684e821_58a84e851e55175d22158ca97af58a1ffc0.jpg?1786018601,Diamond,27,0,WHM
Shiba Kotohime,43864312,235,220,Balmung,Crystal,0,0,03f0a4821e97ef1e04b4bc44363c30e3_7a573cbc0cda3a3dfc1795cb3d9f7b23fc0.jpg?1786015921,Diamond,24,11,NIN
Xion Fleur,45111165,236,219,Leviathan,Primal,0,0,91cc4c8c334d9404f523f324d4439d0a_a91aae52cff9ef65932db06b150ffd47fc0.jpg?1786017212,Diamond,22,1,DRG
Denmo Mcstronghuge,1150717,237,222,Excalibur,Primal,0,0,bb33b9be77e28ab26ee6367ad6ba7cac_745baffc465480ed372e274d50318290fc0.jpg?1786018734,Diamond,13,2,BLM
Kale Crow,57973655,238,221,Excalibur,Primal,0,0,39e30189265e5cf770bddc1b87bdb349_745baffc465480ed372e274d50318290fc0.jpg?1786016384,Diamond,12,0,UNK
Diddly Gyatt,47133213,239,223,Excalibur,Primal,0,0,ccc0c02fa7582879eaf0559bd61758ec_745baffc465480ed372e274d50318290fc0.jpg?1786018311,Diamond,7,0,NIN
Madelynn Winterbliss,59174631,240,224,Lamia,Primal,0,0,99dacb207c1f7b71a22617fb8b8ca195_4d9be17b5e1edc617052b4dbf4007875fc0.jpg?1786018803,Diamond,5,0,RDM
Eloza Ketsch,8667845,241,225,Malboro,Crystal,0,0,4414bb689fd8033d67e6821653f9a232_2e97c13fdd593d15d543093f8a37b6f0fc0.jpg?1786018833,Diamond,81,0,VPR
Yuki Yozora,32275648,242,273,Faerie,Aether,0,0,bed164ee9535c02b6ea7cc8b5000c845_0e336ff6ad415f47233f0aaf127feac0fc0.jpg?1786018970,Diamond,53,5,NIN
Virgil Acedia,61017952,243,0,Rafflesia,Dynamis,0,0,4e48ed51c8357d2676ed249b2a73c444_2783886613347a4db0bed7524de1298ffc0.jpg?1786017366,Diamond,48,12,MCH
Draiser Montblanc,32398472,244,227,Lamia,Primal,0,0,7815697ae034669b4e9620865400c384_4d9be17b5e1edc617052b4dbf4007875fc0.jpg?1786017330,Diamond,45,8,DRK
Mutilated Remains,15274725,245,226,Adamantoise,Aether,0,0,8f629073b22cd80f608068b9cfd406f3_1f5fd239b885860b7c2bfc72ad1d97effc0.jpg?1786016780,Diamond,42,0,AST
Kabocha Micron,45961732,246,0,Hyperion,Primal,0,0,9499201d892ed8a591efd63a4c0c30e8_57ae9ee5592123dd79c8912bf768cf99fc0.jpg?1786015699,Diamond,36,12,WHM
Barlon Rein,16870082,247,228,Diabolos,Crystal,0,0,fab268f2b7a6cbacaac04bb24c18b3dd_7b33d33ae3ecb996f778a5f67a6a0af6fc0.jpg?1786017780,Diamond,30,4,GSM
Lenpao Victus,30455513,248,229,Midgardsormr,Aether,0,0,6067c0a6b77debbd9a03665d4d13dd52_5c8ecfbc673e1287a9b5e85423fe1657fc0.jpg?1786016628,Diamond,23,0,UNK
Riki Gandrake,1558233,249,230,Balmung,Crystal,0,0,442f4df63f0df0c75d240ab042e3fcdb_7a573cbc0cda3a3dfc1795cb3d9f7b23fc0.jpg?1786017402,Diamond,20,0,RPR
Kirishoto Azphina,7859003,250,231,Excalibur,Primal,0,0,c9689b4fc4af55f8366432b02c0ce55f_745baffc465480ed372e274d50318290fc0.jpg?1786017712,Diamond,19,0,WHM
Bean Waters,34305264,251,232,Famfrit,Primal,0,0,bcdcd97b24d4dfc6b3e643c8670b6f7c_fce4949e615393e574f2d57134b31fc1fc0.jpg?1786015740,Diamond,17,0,WAR
Pvp Wintrader,55633250,251,0,Rafflesia,Dynamis,0,0,a95c4512f0f35cf564aac910d19b00e2_2783886613347a4db0bed7524de1298ffc0.jpg?1786017117,Diamond,17,14,SAM
Yos Sy,23664999,253,233,Jenova,Aether,0,0,01f58e6e2269085746fd0a5b6fe0e7f2_ce736afe35e2ded4e46c4fd0659aef7efc0.jpg?1786016668,Diamond,12,0,GNB
Haley Comet,27668347,254,238,Cactuar,Aether,0,0,2b237658ff580795f602f2f1b6069a76_96ab1df8877c1f8ba6a89a39cccfd437fc0.jpg?1786017257,Diamond,56,14,BRD
Vero Aeolian,4285889,255,235,Faerie,Aether,0,0,d9eafe2b41e79d18f8756442afe584da_0e336ff6ad415f47233f0aaf127feac0fc0.jpg?1786018952,Diamond,49,0,WHM
Jen Helstrom,25258759,256,236,Coeurl,Crystal,0,0,04eae21709a39e9beb00eaf137a9c920_284358f8eb4efc9095914e46798c6ab3fc0.jpg?1786015404,Diamond,44,0,VPR
Shoji Takamura,61762635,256,236,Jenova,Aether,0,0,d5049e0803da1f5700919b28fc756498_ce736afe35e2ded4e46c4fd0659aef7efc0.jpg?1786016337,Diamond,44,0,GNB
Vaal Hazak,26534863,258,278,Zalera,Crystal,0,0,7c44a75a2f3d57a9cd3b86235340939b_8106f857613f8fb994b0be37b26ff4bafc0.jpg?1786016295,Diamond,35,7,WAR
Addison Reis,13331029,259,240,Balmung,Crystal,0,0,55155550ab0b2bf975a34a3d174dbb96_7a573cbc0cda3a3dfc1795cb3d9f7b23fc0.jpg?1786016143,Diamond,23,0,VPR
Suziki Saiko,37802627,260,241,Zalera,Crystal,0,0,038df37d7a656c22a90167737f3a2ce9_8106f857613f8fb994b0be37b26ff4bafc0.jpg?1786017693,Diamond,22,0,GNB
Lishenna Bloodborne,12882191,261,242,Ultros,Primal,0,0,99310d0cea042cd2f2464c5e5675b99b_c514cdcdb619439df97d906d4434ccc6fc0.jpg?1786016108,Diamond,16,0,UNK
Moochi Donut,55444411,262,243,Malboro,Crystal,0,0,dca338e65942b7706b09989cadfcca8e_2e97c13fdd593d15d543093f8a37b6f0fc0.jpg?1786017307,Diamond,11,0,UNK
Zypris Allsbane,13616095,262,243,Leviathan,Primal,0,0,8194751bb802fcd9691a7ee558040836_a91aae52cff9ef65932db06b150ffd47fc0.jpg?1786017029,Diamond,11,0,RPR
Suho Thamasa,29478863,264,245,Hyperion,Primal,0,0,5a1f26eb5676742192b41e767e7e2071_57ae9ee5592123dd79c8912bf768cf99fc0.jpg?1786016846,Diamond,9,0,WHM
Mini Miki,48775956,265,246,Hyperion,Primal,0,0,f93a08a63d35da3273db5bd24d02c19b_57ae9ee5592123dd79c8912bf768cf99fc0.jpg?1786017441,Diamond,8,0,SAM
V'rahsa Yun,36482021,266,247,Diabolos,Crystal,0,0,33c355fce6bd87aedc5b77aaaf8aacd9_7b33d33ae3ecb996f778a5f67a6a0af6fc0.jpg?1786017291,Diamond,7,0,UNK
Vayce Lilacspark,4565408,267,0,Balmung,Crystal,0,0,e9f3928d81a9f68a9cfae3a6a414feb8_7a573cbc0cda3a3dfc1795cb3d9f7b23fc0.jpg?1786018616,Diamond,72,10,WHM
June Freyja,10894711,268,248,Brynhildr,Crystal,0,0,a53a85398b567470f54962e592f2684d_d0a0f515a62457570c9b44997063e3c1fc0.jpg?1786017681,Diamond,61,0,MCH
Greenage Hudson,17334864,269,249,Mateus,Crystal,0,0,8a24473a4118500340b8c827950bf0ee_f0c52cc66e124fc2e641d7c21ab2ce79fc0.jpg?1786015562,Diamond,49,1,PCT
Bam Pepo,22678638,270,251,Adamantoise,Aether,0,0,8533b0fce359fe75fd8f831869cf110d_1f5fd239b885860b7c2bfc72ad1d97effc0.jpg?1786015475,Diamond,47,16,GNB
Horan Lou,38248988,271,252,Brynhildr,Crystal,0,0,3c88d2c3502bacefa5eb1e223a75217b_d0a0f515a62457570c9b44997063e3c1fc0.jpg?1786017498,Diamond,26,0,SAM
Sabe Kryze,21508368,272,253,Coeurl,Crystal,0,0,a0a944e1f5230b8ce9389d528bf274af_284358f8eb4efc9095914e46798c6ab3fc0.jpg?1786015690,Diamond,21,0,WHM
Glamour Police,42569529,273,254,Faerie,Aether,0,0,628a713ff9a3e9604964fec89696bc80_0e336ff6ad415f47233f0aaf127feac0fc0.jpg?1786017378,Diamond,13,0,DRK
I'm Die,4799967,273,254,Gilgamesh,Aether,0,0,c11aaa36c6d7b1b8376ea9c14a3c6f5f_b937560c841465f7c4bc8eb47ea7948afc0.jpg?1786017067,Diamond,13,0,BRD
Zeno Valor,31760602,273,254,Brynhildr,Crystal,0,0,24d26663d0ad0a92cf4971d7d5d58bd4_d0a0f515a62457570c9b44997063e3c1fc0.jpg?1786016311,Diamond,13,0,SAM
Living Failure,41211137,276,257,Ultros,Primal,0,0,0944d31af8dc0ff0f4aef75057f6b371_c514cdcdb619439df97d906d4434ccc6fc0.jpg?1786017149,Diamond,10,0,RDM
Caster Ofhealz,54941141,277,258,Kraken,Dynamis,0,0,2d29fd1badb72853710b9cc7511f467f_049a956dfeb0eb2e19c417a1dde4d680fc0.jpg?1786015642,Diamond,9,0,WHM
Shimori Bunihara,50186185,278,259,Kraken,Dynamis,0,0,c7cd2842a29701e0963bf6d156392014_049a956dfeb0eb2e19c417a1dde4d680fc0.jpg?1786017892,Diamond,8,0,MNK
Kronus Seiza,16632226,279,261,Leviathan,Primal,0,0,c8377d23aa62d74fc81101b7ee744fdf_a91aae52cff9ef65932db06b150ffd47fc0.jpg?1786017966,Diamond,7,0,GNB
Ane Mhakaracca,43679241,280,262,Balmung,Crystal,0,0,746256d82b3652ef93bbd475defb85ac_7a573cbc0cda3a3dfc1795cb3d9f7b23fc0.jpg?1786016512,Diamond,102,18,WHM
Marika Mjolnir,38212348,281,286,Malboro,Crystal,0,0,969a50dcb0d9777a00aae149894ab7f5_2e97c13fdd593d15d543093f8a37b6f0fc0.jpg?1786018108,Diamond,96,15,WAR
Airi Aogane,46241895,282,263,Sargatanas,Aether,0,0,11367baad718b56f9682513d9430146d_ba22853447012a24cee115315d6a5bebfc0.jpg?1786018798,Diamond,77,2,SGE
Nani Master,10383203,283,264,Mateus,Crystal,0,0,de54c545c647381e57b2345290468e46_f0c52cc66e124fc2e641d7c21ab2ce79fc0.jpg?1786018206,Diamond,68,0,DRG
Kaname Kross,39637637,284,0,Kraken,Dynamis,0,0,397dd6c6dbe3631c915bbc8326cd3436_049a956dfeb0eb2e19c417a1dde4d680fc0.jpg?1786016581,Diamond,64,5,DRK
V'linh Tia,35736983,285,265,Hyperion,Primal,0,0,760e31f96b4d3b3534fcdc43c9564fab_57ae9ee5592123dd79c8912bf768cf99fc0.jpg?1786017032,Diamond,58,1,PLD
Hunie Pop,37396085,286,0,Ultros,Primal,0,0,8a72b357002474c02d597d6e8bc94cee_c514cdcdb619439df97d906d4434ccc6fc0.jpg?1786015809,Diamond,42,7,WHM
Asera Albright,24908256,287,266,Siren,Aether,0,0,288dc7742b9eb8ec890c2b164e884a7b_58a84e851e55175d22158ca97af58a1ffc0.jpg?1786016536,Diamond,27,0,BRD
Galaxy Destroyer,60337447,288,267,Balmung,Crystal,0,0,962ec013c7ef29cf88c9502db64eea5f_7a573cbc0cda3a3dfc1795cb3d9f7b23fc0.jpg?1786016750,Diamond,22,0,UNK
Iron'chef America,8128303,289,268,Excalibur,Primal,0,0,0481201183ab89a2bd2f40a399e79d47_745baffc465480ed372e274d50318290fc0.jpg?1786018470,Diamond,20,1,PLD
Fellcleave Fellcleave,36777414,290,270,Siren,Aether,0,0,33f679bf05b38c6c8fe6e2b84d9b4d9a_58a84e851e55175d22158ca97af58a1ffc0.jpg?1786018039,Diamond,8,3,DNC
Lowan Gleview,48863675,291,0,Gilgamesh,Aether,0,0,3ed0770e9633fa9630af57f595f1d68d_b937560c841465f7c4bc8eb47ea7948afc0.jpg?1786015422,Diamond,5,0,NIN
Zero Infinity,24892158,292,272,Leviathan,Primal,0,0,3e81b091ca7d58c24c56ff29d26ce657_a91aae52cff9ef65932db06b150ffd47fc0.jpg?1786017338,Diamond,77,0,PLD
Cherry Quartz,21299816,293,0,Malboro,Crystal,0,0,aa38185c9111adf8e30a17ac9ab73387_2e97c13fdd593d15d543093f8a37b6f0fc0.jpg?1786016617,Diamond,66,14,SMN
Wuk La'rat,61087071,294,0,Ultros,Primal,0,0,3736a3662645183841dfb3e86faeb274_c514cdcdb619439df97d906d4434ccc6fc0.jpg?1786018947,Diamond,47,9,BLM
Chronochaos Asura,1230012,295,274,Excalibur,Primal,0,0,16f01a0a9404158e87254af5dbe09328_745baffc465480ed372e274d50318290fc0.jpg?1786015435,Diamond,45,0,VPR
Dad Bear,25387302,296,275,Hyperion,Primal,0,0,f12b79f2ef02ef60bc572b806c7c07bf_57ae9ee5592123dd79c8912bf768cf99fc0.jpg?1786016371,Diamond,41,0,BLM
Eternal Slumber,25903660,297,276,Hyperion,Primal,0,0,e04969696b7e202db5371bd7c0b62231_57ae9ee5592123dd79c8912bf768cf99fc0.jpg?1786016477,Diamond,36,0,NIN
Communal Cheeks,27114083,298,277,Exodus,Primal,0,0,3fc08de400212f238f1a14efeb29b544_0cdf051c93865faa15cbc5cd3d2b69fbfc0.jpg?1786018884,Diamond,31,0,SAM
Shiroi Kijo,44769088,299,279,Ultros,Primal,0,0,2bc8c14bed99e41cc16db823a37e5295_c514cdcdb619439df97d906d4434ccc6fc0.jpg?1786016486,Diamond,24,0,SMN
Windup Onslaught,57935688,300,280,Seraph,Dynamis,0,0,472008558216523eef45c0dcdabb67f8_07fb0511053f398d1f2d6831e6a6b4c8fc0.jpg?1786016231,Diamond,21,0,SGE
Queue Up,44283543,1,0,Ravana,Materia,0,0,341e0565d728c5334b58960edfc1c897_2f53b2675d3eea360f0b48d74d30af15fc0.jpg?1786016436,Platinum,42,0,AST
Shiny Jirachi,51220221,2,0,Sophia,Materia,0,0,f1b04aa626472a08642b4f93d911f87c_ba15a18cd3a8fb567e39053022515eb6fc0.jpg?1786017000,Platinum,11,0,SAM
Raiosu Eucliffe,45249258,3,0,Ravana,Materia,0,0,a21442f92d53ab89cab416d41fe9132d_2f53b2675d3eea360f0b48d74d30af15fc0.jpg?1786017392,Platinum,40,0,BRD
Shiki Hime,41619079,4,0,Sophia,Materia,0,0,e0f33871fdd9bcb0012cace0f140b504_ba15a18cd3a8fb567e39053022515eb6fc0.jpg?1786017323,Platinum,34,0,MNK
Sora Teppelin,7487042,4,0,Sophia,Materia,0,0,3d849e783499c238b2f4d439e3a8c2a7_ba15a18cd3a8fb567e39053022515eb6fc0.jpg?1786018405,Platinum,34,0,GNB
Nyanyanyanya Nyanyan,48648775,6,0,Ravana,Materia,0,0,ec08e9f45b8d4335b412f3e39f4458e2_2f53b2675d3eea360f0b48d74d30af15fc0.jpg?1786016436,Platinum,29,0,WHM
Fatahh Wizardcat,60429758,7,0,Zurvan,Materia,0,0,0a04508a6feea55f3b4227e7d574212a_1fa3a1b3845481a1b67b46854a3cc49afc0.jpg?1786016549,Platinum,43,0,BLM
Ku Ku,58267971,8,0,Sophia,Materia,0,0,77db43d75ac5ffe3d585318a47534ab9_ba15a18cd3a8fb567e39053022515eb6fc0.jpg?1786018197,Platinum,52,0,BRD
Master Zoknik,61010055,9,0,Zurvan,Materia,0,0,bfa135b89b0fb27fe708b3a427bd667f_1fa3a1b3845481a1b67b46854a3cc49afc0.jpg?1786016118,Platinum,86,0,WAR
Enrei Mihata,49665542,10,0,Ravana,Materia,0,0,9df67e19d234830f2d797bb6efbad836_2f53b2675d3eea360f0b48d74d30af15fc0.jpg?1786016367,Platinum,32,0,DRG
Syth Isi,14766898,11,0,Sephirot,Materia,0,0,4eef23c58ccbdfd054240b7a6afee3df_30a5f9eadea6e0cb684a5265362d0d59fc0.jpg?1786017841,Platinum,31,0,AST
Lil Wu,39781651,12,0,Ravana,Materia,0,0,883868199332c12050d61887025475bc_2f53b2675d3eea360f0b48d74d30af15fc0.jpg?1786016483,Platinum,30,0,NIN
Unshao Theruun,36386941,13,0,Sephirot,Materia,0,0,ec8f93abdc73eddcd17e0450db1cb572_30a5f9eadea6e0cb684a5265362d0d59fc0.jpg?1786017590,Platinum,28,0,WAR
Jiraiya Sannin,47974804,14,0,Ravana,Materia,0,0,6a5cc312529bc78b7d0bbbf5f41983af_2f53b2675d3eea360f0b48d74d30af15fc0.jpg?1786018558,Platinum,39,0,WAR
Chs Crane,37655547,15,0,Sophia,Materia,0,0,7cd2d4b420716bf684bdd41ef37d9319_ba15a18cd3a8fb567e39053022515eb6fc0.jpg?1786016989,Platinum,27,0,DRG
Ash Kitamura,26629771,16,0,Ravana,Materia,0,0,33c0c99f7649a707ea0e8e4da0340efb_2f53b2675d3eea360f0b48d74d30af15fc0.jpg?1786018370,Gold,62,0,AST
Boz Ulceros,32280980,17,18,Ravana,Materia,0,0,269b081d650bf5598fd5a3f9419b8b43_2f53b2675d3eea360f0b48d74d30af15fc0.jpg?1786017087,Gold,43,12,GNB
Aleksei Veldoch,39931654,18,20,Ravana,Materia,0,0,ef0923b785702de5a588b383a0d1bcea_2f53b2675d3eea360f0b48d74d30af15fc0.jpg?1786015808,Gold,42,2,DNC
Noelle Frost,59496366,19,21,Zurvan,Materia,0,0,5e03b95700bb3e6556a80cb9336a41d2_1fa3a1b3845481a1b67b46854a3cc49afc0.jpg?1786018076,Gold,36,4,WHM
Twitch Pvpash,58310287,20,17,Sephirot,Materia,0,0,825390c1ecfa92c4ed45d4ff7a91e39e_30a5f9eadea6e0cb684a5265362d0d59fc0.jpg?1786017323,Gold,34,0,SAM
Disco Knees,36101852,21,19,Sophia,Materia,0,0,48d0a8dae7efe9ad10780f28920a969b_ba15a18cd3a8fb567e39053022515eb6fc0.jpg?1786015739,Gold,29,0,DNC
Seth Nier,10650761,22,28,Sophia,Materia,0,0,64bba40966450747199bec23184e47a3_ba15a18cd3a8fb567e39053022515eb6fc0.jpg?1786017646,Gold,22,3,WAR
Monkey Rat,28956529,23,22,Zurvan,Materia,0,0,bd13db4ebaa363278dd269b5941ae816_1fa3a1b3845481a1b67b46854a3cc49afc0.jpg?1786015829,Gold,68,0,BLM
Stupid Puzzle,57160120,24,23,Ravana,Materia,0,0,7af9b543418115db5c1299f1abb4e123_2f53b2675d3eea360f0b48d74d30af15fc0.jpg?1786018529,Gold,45,0,DRG
Stu Vermillion,45923134,25,24,Sephirot,Materia,0,0,542be51b9ba1f8c4c217e94d2b96e3aa_30a5f9eadea6e0cb684a5265362d0d59fc0.jpg?1786017603,Gold,34,0,GNB
Jena Kuwahara,28003546,26,35,Ravana,Materia,0,0,5bacb190ffd91b392df04923b13fa29a_2f53b2675d3eea360f0b48d74d30af15fc0.jpg?1786017486,Gold,74,11,WAR
Scarlette Harlette,51206657,27,25,Sephirot,Materia,0,0,2f63ccbdc329fa14480887bf4c0dfa0e_30a5f9eadea6e0cb684a5265362d0d59fc0.jpg?1786018455,Gold,55,5,DRK
Berogi Avarous,37261319,28,38,Sophia,Materia,0,0,5fbe574c31dc7541b2bb18753fed8278_ba15a18cd3a8fb567e39053022515eb6fc0.jpg?1786016857,Gold,25,4,SGE
Han Liu,44640291,29,26,Ravana,Materia,0,0,55233b520f90487f51f380e2add5fc3d_2f53b2675d3eea360f0b48d74d30af15fc0.jpg?1786017180,Gold,74,5,SGE
Lion Lord,60332724,30,27,Ravana,Materia,0,0,72fbb269e357d68127cd61715f152bc8_2f53b2675d3eea360f0b48d74d30af15fc0.jpg?1786018498,Gold,42,0,RDM
Brian Ricardo,41560139,31,29,Sophia,Materia,0,0,678ed14a243387459872b7217f75e382_ba15a18cd3a8fb567e39053022515eb6fc0.jpg?1786018462,Gold,18,0,SGE
Aislinn Rose,47395507,32,30,Ravana,Materia,0,0,920c56af8cba5363c65e0c83dbbcac71_2f53b2675d3eea360f0b48d74d30af15fc0.jpg?1786015592,Gold,48,3,RDM
Izaray Wintergray,40906176,33,31,Sophia,Materia,0,0,be2f5b4e324fa72cd4ef19d0c29f10da_ba15a18cd3a8fb567e39053022515eb6fc0.jpg?1786015729,Gold,31,0,AST
Esperance Lightbound,16103781,34,32,Ravana,Materia,0,0,0d3ff648d49892a8fc3bd67490985032_2f53b2675d3eea360f0b48d74d30af15fc0.jpg?1786018229,Gold,26,6,AST
Nirki Yukumo,41663432,35,33,Zurvan,Materia,0,0,c950234c9a872ae2ab8476f696fcb74f_1fa3a1b3845481a1b67b46854a3cc49afc0.jpg?1786018176,Gold,20,4,NIN
Neo Zee,58982637,36,34,Ravana,Materia,0,0,c042f71fe47095dad35d5764027056d1_2f53b2675d3eea360f0b48d74d30af15fc0.jpg?1786016254,Gold,38,0,BRD
Lillian Melikai,42502039,37,36,Ravana,Materia,0,0,6c5f22e96162240c2bb96702fcbe123b_2f53b2675d3eea360f0b48d74d30af15fc0.jpg?1786018437,Gold,32,0,MNK
Zervish Vanht,21659747,38,37,Ravana,Materia,0,0,ff2403388bd597c0b3fb62c30e9bff67_2f53b2675d3eea360f0b48d74d30af15fc0.jpg?1786018695,Gold,23,0,SMN
Wierd Dude,58113414,39,0,Sephirot,Materia,0,0,c887fa7d587b2205b349abb82627a0d1_30a5f9eadea6e0cb684a5265362d0d59fc0.jpg?1786018437,Gold,47,3,WHM
Byakko Moon,10831175,40,0,Sephirot,Materia,0,0,7d8049ebe32efa74e5107944b1e43d15_30a5f9eadea6e0cb684a5265362d0d59fc0.jpg?1786017108,Gold,2,0,DNC
Aurum Blaiddyd,10794239,41,0,Sophia,Materia,0,0,8b76648a8cb1cbbd4f1c870189433f3a_ba15a18cd3a8fb567e39053022515eb6fc0.jpg?1786018758,Gold,13,0,FSH
Sebastian Michaelis,42038341,42,0,Sephirot,Materia,0,0,17f4346a95c45541b337263d60106b3f_30a5f9eadea6e0cb684a5265362d0d59fc0.jpg?1786016716,Silver,59,0,WHM
Clars Lester,951178,43,0,Sephirot,Materia,0,0,46727c8d445323c9e5b8140d37027050_30a5f9eadea6e0cb684a5265362d0d59fc0.jpg?1786017756,Silver,51,2,WAR
Sana Miyata,34196273,44,0,Ravana,Materia,0,0,4a94c0f8b59e635e8748a32f11cc42f8_2f53b2675d3eea360f0b48d74d30af15fc0.jpg?1786017939,Silver,31,0,SCH
Birdy Lou,40000398,45,0,Sophia,Materia,0,0,a8894121a60bc81621d47edf1ee0577b_ba15a18cd3a8fb567e39053022515eb6fc0.jpg?1786017242,Silver,29,0,UNK
J'mo H',10666399,46,0,Sephirot,Materia,0,0,53873e717cbf7baeb168205935077671_30a5f9eadea6e0cb684a5265362d0d59fc0.jpg?1786018001,Silver,13,0,AST
Cwenhild Reid,41763782,47,0,Sophia,Materia,0,0,c9d176025665cc1528a984e82a81fd64_ba15a18cd3a8fb567e39053022515eb6fc0.jpg?1786018659,Silver,24,0,PLD
Ranko Riselle,47223883,48,0,Sophia,Materia,0,0,301cb977b468ead36aa13c049b17f861_ba15a18cd3a8fb567e39053022515eb6fc0.jpg?1786016685,Silver,11,0,UNK
Vielle Drillemont,52770027,49,0,Ravana,Materia,0,0,6c212c0698d00b38fb5cb7d51dcf91bf_2f53b2675d3eea360f0b48d74d30af15fc0.jpg?1786018759,Silver,58,0,WAR
Funeral Pyre,29286073,50,0,Zurvan,Materia,0,0,48d5de4023484583f2225a2026548284_1fa3a1b3845481a1b67b46854a3cc49afc0.jpg?1786016998,Silver,45,0,SMN
Juru'a Mihrulh,48704606,51,0,Zurvan,Materia,0,0,80aa9b34947750aa356810124a11ba19_1fa3a1b3845481a1b67b46854a3cc49afc0.jpg?1786018944,Silver,44,6,SMN
Eustace Madao,44593837,52,0,Ravana,Materia,0,0,687914339d33024fe783e72eb5a1929f_2f53b2675d3eea360f0b48d74d30af15fc0.jpg?1786018953,Silver,21,2,BRD
Elto Malto,55670275,53,0,Zurvan,Materia,0,0,6625d7f60a549d4e764bdbbb6315b573_1fa3a1b3845481a1b67b46854a3cc49afc0.jpg?1786018927,Silver,17,0,UNK
Peaceful Serenity,44576253,54,0,Sephirot,Materia,0,0,ae7fb16a93fad97a522145bf683d894f_30a5f9eadea6e0cb684a5265362d0d59fc0.jpg?1786015564,Silver,0,0,RDM
Simetras Sol,38726083,55,0,Ravana,Materia,0,0,fc54c458f2e80d3680f50e6026011ab7_2f53b2675d3eea360f0b48d74d30af15fc0.jpg?1786017951,Silver,91,7,SAM
Cucu Cucumber,43336963,56,0,Sophia,Materia,0,0,d0bedba76c1744686e4fafd9d31eeb08_ba15a18cd3a8fb567e39053022515eb6fc0.jpg?1786017719,Silver,35,0,DNC
Persona Non-grata,59997612,57,0,Ravana,Materia,0,0,817d96e78e710beff47ca2d76caa6b30_2f53b2675d3eea360f0b48d74d30af15fc0.jpg?1786017270,Silver,29,0,PLD
C'ranmaia Lizha,60465549,58,70,Bismarck,Materia,0,0,f41736abfa17637ee6e1f020f2787726_36f0570990ac5402b2ef514d36b0435cfc0.jpg?1786017278,Silver,18,3,UNK
Shiny Garchomp,44081260,59,58,Ravana,Materia,0,0,a9aeaf4658d90c68d46e7086d323e456_2f53b2675d3eea360f0b48d74d30af15fc0.jpg?1786016774,Silver,17,0,MCH
Frierens Feet,18696306,60,59,Bismarck,Materia,0,0,55c56c5779dac3caf6a9e915a44a972d_36f0570990ac5402b2ef514d36b0435cfc0.jpg?1786017563,Silver,19,0,SMN
Minty Dew,11254788,61,60,Sephirot,Materia,0,0,afdf4d4e1f96c8e17ed8dbbb09ea4e01_30a5f9eadea6e0cb684a5265362d0d59fc0.jpg?1786017953,Silver,12,0,DRG
Pompitous Litchous,28520377,62,61,Sephirot,Materia,0,0,ab4abed9c2f0b5369480818f95581f87_30a5f9eadea6e0cb684a5265362d0d59fc0.jpg?1786017479,Silver,10,0,MCH
Red Pocket,57790009,63,62,Zurvan,Materia,0,0,9ee6578b70ebe2412c9a6a3b9539d845_1fa3a1b3845481a1b67b46854a3cc49afc0.jpg?1786018601,Silver,1,0,UNK
Mars Bars,41756039,64,83,Sophia,Materia,0,0,87af5886ec3b52e7e582ccc7755f6a9b_ba15a18cd3a8fb567e39053022515eb6fc0.jpg?1786018148,Silver,28,4,SCH
Anzac Fenrir,10988408,65,68,Ravana,Materia,0,0,6c7b02f93e5250249333e13f236fc545_2f53b2675d3eea360f0b48d74d30af15fc0.jpg?1786016739,Silver,27,3,DRK
Magnolia Moonsong,39932795,66,63,Ravana,Materia,0,0,a9e5b8f87ce0e4e7d236eef2abfe90e0_2f53b2675d3eea360f0b48d74d30af15fc0.jpg?1786016382,Silver,19,1,SMN
Sil Vanht,3592400,67,64,Ravana,Materia,0,0,7557bb5d8d4d13b13e750b30dbd34093_2f53b2675d3eea360f0b48d74d30af15fc0.jpg?1786017953,Silver,9,0,SMN
Lupercal Aurelian,37936946,68,65,Ravana,Materia,0,0,93674d47ae679f2b2191e0d82e33123f_2f53b2675d3eea360f0b48d74d30af15fc0.jpg?1786018212,Silver,8,0,MNK
Tiny Sylvie,43818296,69,67,Ravana,Materia,0,0,21e2b2de9125d9cf1b99748fa9eef0e2_2f53b2675d3eea360f0b48d74d30af15fc0.jpg?1786018243,Silver,30,5,BLM
Sukoshi Ninjin,57860048,70,66,Sophia,Materia,0,0,b41a0bd7b5958d56cec5f84314a28f3a_ba15a18cd3a8fb567e39053022515eb6fc0.jpg?1786016858,Silver,26,0,UNK
Coffee Lover,50333621,71,75,Sophia,Materia,0,0,3c4552eb56bfb14f36d9b512873eac0d_ba15a18cd3a8fb567e39053022515eb6fc0.jpg?1786018367,Silver,24,4,UNK
Kensuke Sugimori,59626210,72,78,Zurvan,Materia,0,0,b8c23a3c5466f6621fe9629c20c0b897_1fa3a1b3845481a1b67b46854a3cc49afc0.jpg?1786018371,Silver,23,3,DRK
Venase Tym,61779775,73,69,Sophia,Materia,0,0,24aac6d5abd68d4dc957bd7c98ba27f2_ba15a18cd3a8fb567e39053022515eb6fc0.jpg?1786015925,Silver,18,0,UNK
Zero Alexander,18446688,74,71,Sophia,Materia,0,0,f2e26342d51255236baa45461f41bf5b_ba15a18cd3a8fb567e39053022515eb6fc0.jpg?1786018630,Silver,14,0,BLM
Temp Arie,41750566,75,72,Zurvan,Materia,0,0,73bdd493fc471827004a90a5745ff400_1fa3a1b3845481a1b67b46854a3cc49afc0.jpg?1786015724,Silver,13,0,DRG
Awayi Soleil,40986096,76,73,Zurvan,Materia,0,0,c84676ef434b75aec3260707fcad3d8a_1fa3a1b3845481a1b67b46854a3cc49afc0.jpg?1786018470,Silver,12,0,DNC
Swhe Swoo,28568079,77,74,Sephirot,Materia,0,0,fbccbe709d21605c6f47dec5052b1238_30a5f9eadea6e0cb684a5265362d0d59fc0.jpg?1786015576,Silver,9,0,SCH
Liachen Thrope,29127861,78,0,Sophia,Materia,0,0,b0722934ed1329725ff744f9ae52c7ba_ba15a18cd3a8fb567e39053022515eb6fc0.jpg?1786018867,Silver,9,0,CUL
Goober Gooberm,48887220,79,76,Ravana,Materia,0,0,4523e0b4a5f923b67e31f18f801210af_2f53b2675d3eea360f0b48d74d30af15fc0.jpg?1786018702,Silver,18,0,BLM
Athena' Aria,29939277,80,77,Ravana,Materia,0,0,c678c1cf7f9d7de3e80882588e7606e8_2f53b2675d3eea360f0b48d74d30af15fc0.jpg?1786017101,Silver,6,0,AST
Turuturu Mennmenn,51356780,81,79,Sephirot,Materia,0,0,501dec1a7db9bac050ecbd4f8028e6e6_30a5f9eadea6e0cb684a5265362d0d59fc0.jpg?1786016833,Bronze,19,1,MNK
Hotsingles Inyourarea,43275845,82,80,Sephirot,Materia,0,0,08be8dec8891190a5227c50c7650dd29_30a5f9eadea6e0cb684a5265362d0d59fc0.jpg?1786016633,Bronze,15,0,PCT
Makh'a Zruhn,42193944,83,81,Ravana,Materia,0,0,323be164f5593618bf1111ae4538ad96_2f53b2675d3eea360f0b48d74d30af15fc0.jpg?1786018628,Bronze,6,0,WAR
Ashmi Rae,18364101,84,82,Bismarck,Materia,0,0,2b3a41d227e2937852d5c1e031d5aba0_36f0570990ac5402b2ef514d36b0435cfc0.jpg?1786016805,Bronze,5,0,BRD
Tiny Wrath,25583557,85,84,Zurvan,Materia,0,0,2c82c1a404fc646361cabcf478aed323_1fa3a1b3845481a1b67b46854a3cc49afc0.jpg?1786017212,Bronze,15,0,WHM
Fio Vanetti,41633033,86,85,Ravana,Materia,0,0,f237b05eb696b7fe8e05b757513a1ca2_2f53b2675d3eea360f0b48d74d30af15fc0.jpg?1786017038,Bronze,12,0,DRG
Ashe Elven,60375475,87,86,Ravana,Materia,0,0,d4a5d51981aa859d5ce41248e280c696_2f53b2675d3eea360f0b48d74d30af15fc0.jpg?1786018359,Bronze,5,0,PLD
Vistra Vistra,37543108,88,87,Sophia,Materia,0,0,b46ab5b00ca34214d4593336a0f112ed_ba15a18cd3a8fb567e39053022515eb6fc0.jpg?1786016384,Bronze,4,0,RPR
Inconspicuous Miqo'te,3493859,89,88,Sophia,Materia,0,0,0b6b4d2c312f136911f9717c83c17997_ba15a18cd3a8fb567e39053022515eb6fc0.jpg?1786015875,Bronze,11,0,VPR
Zepherii Sui,43963552,89,88,Sophia,Materia,0,0,31b395238c6120dc114964c652dc393b_ba15a18cd3a8fb567e39053022515eb6fc0.jpg?1786018750,Bronze,11,0,BRD
Aethon Shaan,60332336,91,90,Zurvan,Materia,0,0,2c608a6ec9ff59b0783f70b9c665a4b2_1fa3a1b3845481a1b67b46854a3cc49afc0.jpg?1786015912,Bronze,9,0,BLM
Therise Yld'amore,41754598,92,91,Bismarck,Materia,0,0,dea40bb49832c184ff5941cee3006818_36f0570990ac5402b2ef514d36b0435cfc0.jpg?1786017863,Bronze,7,0,BLM
Daeneris Stormborn,17816677,93,92,Zurvan,Materia,0,0,dd3c1f830e92ca4f902d42575517a37d_1fa3a1b3845481a1b67b46854a3cc49afc0.jpg?1786017658,Bronze,4,0,WHM
Samara Glazghotwyn,40818042,94,93,Sephirot,Materia,0,0,d89bdc111b4127d9f80e3d6a0ed3a55b_30a5f9eadea6e0cb684a5265362d0d59fc0.jpg?1786015578,Bronze,0,0,SAM
Jaliqai Bairon,49027736,95,94,Sophia,Materia,0,0,bb5b2ab907893aa971f0d78c6164de8c_ba15a18cd3a8fb567e39053022515eb6fc0.jpg?1786017736,Bronze,19,0,SMN
Lilith Sanguine,36164895,96,95,Sephirot,Materia,0,0,b5a3ec57fa0658672b263f583c34b618_30a5f9eadea6e0cb684a5265362d0d59fc0.jpg?1786018435,Bronze,18,1,GNB
Nina Galbraith,57618831,97,96,Sophia,Materia,0,0,2bfdb6895b850ccac8277687e617569b_ba15a18cd3a8fb567e39053022515eb6fc0.jpg?1786015498,Bronze,6,0,BLM
Edea Lea,13526979,98,97,Ravana,Materia,0,0,1ffd7eed10a84c313666e5ea2eb6bf47_2f53b2675d3eea360f0b48d74d30af15fc0.jpg?1786015780,Bronze,7,0,RDM
Ichijiro Yamada,36127691,98,97,Sephirot,Materia,0,0,f39e69adcf7734b0a69c586870bf7f99_30a5f9eadea6e0cb684a5265362d0d59fc0.jpg?1786015577,Bronze,7,0,DRK
Juli Luminous,3217903,98,97,Sephirot,Materia,0,0,26a268f2eafe6d1649e702420b1806e3_30a5f9eadea6e0cb684a5265362d0d59fc0.jpg?1786018749,Bronze,7,0,MCH
Valya Dream,36468496,98,97,Sophia,Materia,0,0,18a08ff1744351493a5bbc6c182e4baf_ba15a18cd3a8fb567e39053022515eb6fc0.jpg?1786018468,Bronze,7,0,BTN
