name,id,cur_rank,prev_rank,world,dc,points,points_delta,portrait,tier,wins,wins_delta,job
Cliffe Zanza,36074329,1,0,Spriggan,Chaos,3420,100,d8d2fa78adb447ec4b6d5d747f5d5f84_feaf0a2e88ff164813fbc9b85876fa48fc0.jpg?1787741471,Ultima,188,3,MNK
Scarlet Rose,26616217,2,7,Spriggan,Chaos,3126,199,96ad88f23a708e8d6e391f669986d57c_feaf0a2e88ff164813fbc9b85876fa48fc0.jpg?1787740356,Ultima,439,16,PLD
Miyu Moon,58918526,3,2,Moogle,Chaos,3093,0,1abf5ce3756f6fa0d1c5be2cd39491bc_d7a9d5f85a29d6278ec1c7adc2c8d242fc0.jpg?1787741535,Ultima,101,11,SAM
Loty Coldwind,36521588,4,11,Twintania,Light,3085,489,3632cf6d20598f5c4c7b748be7e19153_c33f640c0cdd35f7def85b8aa31a0007fc0.jpg?1787740366,Ultima,330,15,WAR
Auelin Fae,18291844,5,3,Zodiark,Light,3057,0,2d6204db02c5efce86aca234fd6f1ce1_c274370774c6bc3483cc8740805f41bcfc0.jpg?1787739198,Ultima,130,0,RDM
Saboree Catboy,36051653,6,14,Spriggan,Chaos,3039,491,b61ec1080d608b5a83f30baef219dc02_feaf0a2e88ff164813fbc9b85876fa48fc0.jpg?1787739721,Ultima,314,23,MNK
Shino Yaru,38308969,7,4,Phoenix,Light,3026,0,0662727bb913ed7fe3009f3542ea1e64_5047bc596a4bab2dc7f7c120bb22dec5fc0.jpg?1787741366,Ultima,245,0,UNK
Tia Tomoe,41293767,8,9,Phoenix,Light,3011,208,7dc31b9a880ba3f36a3ef1208e0c5909_5047bc596a4bab2dc7f7c120bb22dec5fc0.jpg?1787741058,Ultima,167,8,SMN
Tsukuyo Ritlas,37800185,9,5,Odin,Light,3005,0,eca30840fe0bed8e80f620b5f57c49de_644311b63b607133c989d7c1188467dafc0.jpg?1787741788,Ultima,113,0,RDM
Mamiyama Kamimama,37371304,10,6,Spriggan,Chaos,2988,0,3c6fd6569d3dce40308c9a2a1f3c3bfa_feaf0a2e88ff164813fbc9b85876fa48fc0.jpg?1787740801,Omega,391,5,SCH
Elohim Meth,60682611,11,12,Raiden,Light,2982,386,0b14f1751b014118eca06236e1fdf2bf_a370664d98f658f4ed4e620f378f73cdfc0.jpg?1787741537,Omega,170,12,UNK
Totsu Geki,60147602,12,8,Spriggan,Chaos,2826,0,1b45188bdbf3dd4afe9a37a646eaa4b9_feaf0a2e88ff164813fbc9b85876fa48fc0.jpg?1787740175,Omega,469,31,PLD
Tarutella Goldfish,4235488,13,10,Phoenix,Light,2651,0,f269741c27ca22c02db955557e7283fa_5047bc596a4bab2dc7f7c120bb22dec5fc0.jpg?1787738684,Omega,105,0,SGE
Maarato Cookie,20349526,14,13,Twintania,Light,2588,0,dbab16598b86bb31b2eb96070f723572_c33f640c0cdd35f7def85b8aa31a0007fc0.jpg?1787739964,Omega,210,11,WAR
Akari Tsuki,31005286,15,28,Louisoix,Chaos,2503,497,28e1cfaecfbf911dc3621f5de74642aa_0a122616f3718d3f45cab10fd8fc1604fc0.jpg?1787739671,Omega,72,9,MNK
Sice Seven,15008161,16,15,Moogle,Chaos,2479,0,23657ac0d29f4bc5667ef1e00cf528f8_d7a9d5f85a29d6278ec1c7adc2c8d242fc0.jpg?1787738909,Omega,103,0,BRD
Yasuki San,61688064,17,16,Phantom,Chaos,2477,0,37dbf9b8936faaf9c75f598c38dcac11_f0a43d6e5eea19af337a176e9836acddfc0.jpg?1787741466,Omega,419,2,UNK
Ange Melrose,50267939,18,17,Omega,Chaos,2432,0,f2fb3057962bf3d28bcce976076f5368_39e25ac3d737c46452305eefe324372cfc0.jpg?1787740038,Omega,289,21,NIN
Tei Tei,36611700,19,26,Odin,Light,2382,303,21c224545e3d3af775a3d377c8e444bf_644311b63b607133c989d7c1188467dafc0.jpg?1787740228,Omega,154,3,AST
Crow Kaien,44749262,20,18,Zodiark,Light,2375,0,54e5719ccbdb45c6de28f017b4365207_c274370774c6bc3483cc8740805f41bcfc0.jpg?1787741294,Omega,46,0,SCH
Aura Sphere,30657353,21,19,Zodiark,Light,2355,0,6cc4a373eafbcbf88a340a52d95f133e_c274370774c6bc3483cc8740805f41bcfc0.jpg?1787740117,Omega,113,0,BLM
Prisma Tic,38791879,22,20,Cerberus,Chaos,2350,0,5220c35172bb26154c862a6d485e37b8_777c57311d510ca65dac3c1077dee435fc0.jpg?1787738341,Omega,260,0,SAM
Ase Dora,42603487,23,21,Alpha,Light,2340,0,78626e6cf6f07875d5ac9527a5bd0c4d_6132295fcf5570fb8b0a944ef322a598fc0.jpg?1787741192,Omega,458,4,NIN
Ivaious Zol,38270926,24,0,Odin,Light,2300,85,2e78b44195db83336b1acbe75927a864_644311b63b607133c989d7c1188467dafc0.jpg?1787741324,Omega,148,8,RDM
Lex'ander Wayfarer,18009481,25,22,Odin,Light,2295,0,0adfa03fe11940a91e3b6a2ed08ddb88_644311b63b607133c989d7c1188467dafc0.jpg?1787740176,Omega,72,0,VPR
Resilla Frostflow,14658770,26,23,Cerberus,Chaos,2294,0,00a4e6250beb98b5644c87cffe8b7f4f_777c57311d510ca65dac3c1077dee435fc0.jpg?1787741465,Omega,146,0,WAR
Lhei Tayun,25191408,27,25,Zodiark,Light,2179,0,6ee93960f16da0ea5150fe1b7590dfa4_c274370774c6bc3483cc8740805f41bcfc0.jpg?1787740488,Omega,263,0,BLM
Ame Ame,20722816,28,29,Ragnarok,Chaos,2087,99,84eea0fa24e8d91df6e02312644e4c94_40d57ba713628f3f1ef5ef204b6d76d2fc0.jpg?1787741339,Omega,76,1,UNK
Miyu Edelfelt,21335430,29,27,Phoenix,Light,2032,0,ba690d74246b4d07f543f0d9516feec2_5047bc596a4bab2dc7f7c120bb22dec5fc0.jpg?1787739784,Omega,224,0,PLD
Leedo Dale,25033597,30,0,Zodiark,Light,1983,0,9e122691e98bda2ea6abe86ed7b81a63_c274370774c6bc3483cc8740805f41bcfc0.jpg?1787741122,Omega,462,3,RDM
Deadrise Mutombo,31730694,31,0,Ragnarok,Chaos,1928,0,a382acb94313f23d966dd6d39d909bea_40d57ba713628f3f1ef5ef204b6d76d2fc0.jpg?1787740594,Omega,155,5,GNB
Arale Il,15406803,32,0,Ragnarok,Chaos,1919,0,e5c2a19e43a1edb9b276827163b36a1b_40d57ba713628f3f1ef5ef204b6d76d2fc0.jpg?1787740596,Omega,142,0,SMN
Xen Thique,40172078,33,0,Odin,Light,1894,0,8930228f4df0c18feea28ebbb1c451f2_644311b63b607133c989d7c1188467dafc0.jpg?1787739177,Omega,125,17,WHM
Marci Sidekick,41408431,34,0,Zodiark,Light,1887,0,a9c3b41a05dec1fd191fe80f38009aa5_c274370774c6bc3483cc8740805f41bcfc0.jpg?1787741296,Omega,64,0,DRG
Misora Kaiatsa,25126040,35,0,Moogle,Chaos,1817,0,80fa199452585ab77d14128509576300_d7a9d5f85a29d6278ec1c7adc2c8d242fc0.jpg?1787739620,Omega,134,0,RPR
Magna Shanoa,22946172,36,49,Omega,Chaos,1798,207,fa3b3fe187b1dcbf8c4a5af5b2c5d507_39e25ac3d737c46452305eefe324372cfc0.jpg?1787740082,Omega,88,27,BLM
Jun Moxiao,40533777,37,47,Odin,Light,1737,103,9f41b7adf0a59849ae35b17cdace2b32_644311b63b607133c989d7c1188467dafc0.jpg?1787741147,Omega,148,8,VPR
Maggot Maggot,61703768,38,36,Omega,Chaos,1709,0,3657d57f4a20a5d901d7f4537f1b7307_39e25ac3d737c46452305eefe324372cfc0.jpg?1787741313,Omega,235,0,WAR
Myst Freyja,33906213,39,37,Omega,Chaos,1696,0,240b879fd403fc16c04022b6075077ae_39e25ac3d737c46452305eefe324372cfc0.jpg?1787741689,Omega,80,0,RDM
Two Koma,51508003,40,38,Zodiark,Light,1695,0,15a666f8d7bb67401300fae763ce4d32_c274370774c6bc3483cc8740805f41bcfc0.jpg?1787741811,Omega,126,0,SAM
Dalik Mathis,9537863,41,39,Ragnarok,Chaos,1694,0,fd4dde44208527cc20e58ba589d51f01_40d57ba713628f3f1ef5ef204b6d76d2fc0.jpg?1787739289,Omega,163,0,GNB
Yhren Vhal,56948558,42,40,Odin,Light,1693,0,3f62ad2093c1016540ef936a5563823b_644311b63b607133c989d7c1188467dafc0.jpg?1787739730,Omega,248,0,UNK
Kimbi Aoe,24693270,43,41,Shiva,Light,1692,0,67e0ddfb70faf5725a971d086cfdce61_3fbff0e6b620e4d259dc427abc6574dafc0.jpg?1787738294,Omega,80,0,PCT
Sweet Light,41777815,44,42,Spriggan,Chaos,1679,0,2e6808627bd2b8f0f5f0377d20cbbbc5_feaf0a2e88ff164813fbc9b85876fa48fc0.jpg?1787741300,Omega,120,4,SCH
Fygqhzr Zhgfjhh,49000606,45,43,Phantom,Chaos,1679,0,ed46d70a9c354991698a796aac7c462e_f0a43d6e5eea19af337a176e9836acddfc0.jpg?1787738690,Omega,46,0,DRG
Shia Sun,1754600,46,44,Odin,Light,1678,0,7550981ba488e5ebe919aa3cb39efbfa_644311b63b607133c989d7c1188467dafc0.jpg?1787741546,Omega,184,0,WAR
Delzor Waka,40194085,47,45,Odin,Light,1663,0,bde30c4caff355f65cf9761727b12725_644311b63b607133c989d7c1188467dafc0.jpg?1787738296,Omega,173,2,MCH
Pan Ther,47356852,48,46,Twintania,Light,1651,0,fc9492796dbee9f84ae010350ec7759c_c33f640c0cdd35f7def85b8aa31a0007fc0.jpg?1787739097,Omega,148,0,DNC
Yun' Yun,11341467,49,48,Cerberus,Chaos,1592,0,df098ceed6d9cf14cf61cc4110cd6cb5_777c57311d510ca65dac3c1077dee435fc0.jpg?1787741714,Omega,160,0,WHM
Cat Wife,21099767,50,0,Zodiark,Light,1584,0,76d1664265ae631c957cfab6c72cfba9_c274370774c6bc3483cc8740805f41bcfc0.jpg?1787738846,Omega,25,0,RDM
Yi Ma,60448295,51,0,Phoenix,Light,1564,0,bb3af62117cae7488d9b02007f341c7b_5047bc596a4bab2dc7f7c120bb22dec5fc0.jpg?1787740680,Omega,129,5,GNB
Ten Gil,17217146,52,0,Louisoix,Chaos,1506,0,884fcae1e61228d09798c630a2c827fb_0a122616f3718d3f45cab10fd8fc1604fc0.jpg?1787740341,Omega,67,0,SMN
Chise Hatori',9182735,53,0,Ragnarok,Chaos,1500,0,236f29f4984f26e6b197da380f104a63_40d57ba713628f3f1ef5ef204b6d76d2fc0.jpg?1787738446,Omega,169,0,RDM
Yuripa Arashi,37731658,54,0,Shiva,Light,1498,0,73ff0d0b3cc5f92ec79dabffa2bedf80_3fbff0e6b620e4d259dc427abc6574dafc0.jpg?1787741455,Crystal,62,5,MCH
Memento Mo'ri,1641495,55,0,Ragnarok,Chaos,1495,0,86323bce84189061b1d71ff1dc25266a_40d57ba713628f3f1ef5ef204b6d76d2fc0.jpg?1787741705,Crystal,120,0,WHM
A'dyalani Sato,10026278,56,0,Odin,Light,1487,0,d072994a22af88090aecf6e5a3b85c36_644311b63b607133c989d7c1188467dafc0.jpg?1787739387,Crystal,223,2,NIN
Yamizura Kumozuma,19652230,57,61,Twintania,Light,1479,105,24bbc9cebf09eb83efcbc272c3085fd1_c33f640c0cdd35f7def85b8aa31a0007fc0.jpg?1787741465,Crystal,20,2,SCH
Shimori Bunihara,35166011,58,57,Raiden,Light,1461,0,c44c8fc68c230b1051ec35a527afe9ed_a370664d98f658f4ed4e620f378f73cdfc0.jpg?1787740681,Crystal,134,0,RPR
Aurora Maou,26517539,59,58,Louisoix,Chaos,1388,0,433a49b5cc43b35afac03d97c50262f9_0a122616f3718d3f45cab10fd8fc1604fc0.jpg?1787740208,Crystal,106,0,PLD
Baby Starz,27999014,60,59,Omega,Chaos,1381,0,e8cb7daea22ff306dcc9397ecad5a4a2_39e25ac3d737c46452305eefe324372cfc0.jpg?1787739481,Crystal,167,0,MNK
Sunie Mochi,12728791,61,60,Twintania,Light,1374,0,4760f9b45bd6f71f83adbd97ab87eae3_c33f640c0cdd35f7def85b8aa31a0007fc0.jpg?1787739495,Crystal,207,0,DNC
Meryll Enetari,24681550,62,0,Cerberus,Chaos,1298,0,f4fe16c70d7023e2101e19421c5abf1e_777c57311d510ca65dac3c1077dee435fc0.jpg?1787739717,Crystal,337,8,DNC
Lsi Lsi,47353875,63,0,Lich,Light,1209,0,792b3235fe2fbd35d956e856c210194f_7206469080400ed57a5373d0a9c55c59fc0.jpg?1787740037,Crystal,160,14,AST
Endorel Soro,12949151,64,0,Alpha,Light,1192,0,038b9a835f84a3b80a8a467605d3dd8c_6132295fcf5570fb8b0a944ef322a598fc0.jpg?1787741486,Crystal,48,0,UNK
Based Miqote,46487952,65,0,Twintania,Light,1190,0,5e2bb42e554586a20b050b7fd3f88e26_c33f640c0cdd35f7def85b8aa31a0007fc0.jpg?1787741374,Crystal,121,2,UNK
Kyouko Owo,25629243,66,0,Louisoix,Chaos,1157,0,4fbeb17208a00397ad05eebfc2d20d2f_0a122616f3718d3f45cab10fd8fc1604fc0.jpg?1787738278,Crystal,68,0,WHM
Mitsuki Mirai,18435457,67,72,Louisoix,Chaos,1142,201,365f1772f387bd280bdbfc16afbd5e4e_0a122616f3718d3f45cab10fd8fc1604fc0.jpg?1787739963,Crystal,60,7,BLM
Imy Pure,24943089,68,70,Cerberus,Chaos,1106,100,2e46879ac1baf7fc77ec2de872a0461c_777c57311d510ca65dac3c1077dee435fc0.jpg?1787740533,Crystal,34,10,MCH
Raiden Thorne,27238016,69,71,Zodiark,Light,1098,102,96a909af8d24d60f6d8173f8cc16facb_c274370774c6bc3483cc8740805f41bcfc0.jpg?1787740176,Crystal,24,6,NIN
Snap Ringer,18714030,70,67,Omega,Chaos,1093,0,77577ce781d587b133c9c53da0974817_39e25ac3d737c46452305eefe324372cfc0.jpg?1787739126,Crystal,22,0,CUL
Farnese Shieldmaiden,24419493,71,68,Cerberus,Chaos,1023,13,dcec016c4a6cd9a2bd3a2b73183f5a65_777c57311d510ca65dac3c1077dee435fc0.jpg?1787740701,Crystal,49,7,PLD
Phaey Yeon,58326616,72,69,Moogle,Chaos,1006,0,6497d439e55c80c0156c198e7f135c78_d7a9d5f85a29d6278ec1c7adc2c8d242fc0.jpg?1787739172,Crystal,112,0,UNK
Kyra Nshakha,56831314,73,77,Alpha,Light,1000,95,b27d76c3fbe312d06184fd92f8aebc55_6132295fcf5570fb8b0a944ef322a598fc0.jpg?1787739790,Crystal,157,7,AST
Tay Talenath,45740169,74,86,Raiden,Light,995,196,b2fa0c7222f7e3ebe117f24a200e11d8_a370664d98f658f4ed4e620f378f73cdfc0.jpg?1787738989,Crystal,172,4,PCT
Elyndra Mayhn,27143285,75,73,Twintania,Light,937,0,e4b30c11c8c987996e50ee4c5899c037_c33f640c0cdd35f7def85b8aa31a0007fc0.jpg?1787741636,Crystal,124,0,RPR
Tyra Kett,26531277,76,74,Spriggan,Chaos,926,0,101b7ec48bba5c5e5b34fda1316c57bc_feaf0a2e88ff164813fbc9b85876fa48fc0.jpg?1787740585,Crystal,126,0,DRG
Terro Beoulevard,51148631,77,81,Sagittarius,Chaos,917,101,758b534f47542287e0b99c648590b2ac_44ca0844398b2d010d8cd4a31ddb023dfc0.jpg?1787739438,Crystal,75,6,RPR
Wwwwwwwwww Wwwwwwwwww,22934838,78,75,Odin,Light,910,0,44b50a04ce7aed4e2c4699753f5b83bc_644311b63b607133c989d7c1188467dafc0.jpg?1787740752,Crystal,63,2,SMN
Sin Mirrorslave,43994621,79,76,Raiden,Light,908,0,3f8e3345c252d3f9b50e27c481f91100_a370664d98f658f4ed4e620f378f73cdfc0.jpg?1787738378,Crystal,59,0,UNK
Magic Beans,43732030,80,78,Phoenix,Light,905,0,4a7e75e2be4f70e389e8807cc1d2b885_5047bc596a4bab2dc7f7c120bb22dec5fc0.jpg?1787741394,Crystal,148,0,DRK
Xanthe Hati,28239197,81,79,Sagittarius,Chaos,891,0,9bf816bfcd7f963908af59458b5500c9_44ca0844398b2d010d8cd4a31ddb023dfc0.jpg?1787740966,Crystal,72,0,VPR
Holos Ymir,35299241,82,80,Cerberus,Chaos,876,0,f8029ed36fad032333305dfa455cddec_777c57311d510ca65dac3c1077dee435fc0.jpg?1787738805,Crystal,84,0,SMN
Khorasan Ataraxia,47289604,83,82,Shiva,Light,811,0,721a6c9c723209b16696818df4cf0c93_3fbff0e6b620e4d259dc427abc6574dafc0.jpg?1787739731,Crystal,275,10,UNK
Lybel Alyborias,25836089,84,83,Louisoix,Chaos,807,0,a86b680e6c4e5e23befaaaf535a158de_0a122616f3718d3f45cab10fd8fc1604fc0.jpg?1787739933,Crystal,67,0,RDM
Baka Bao,30345026,85,84,Phantom,Chaos,801,0,57df7efcbcdf8f1aca84c4f1435c36ba_f0a43d6e5eea19af337a176e9836acddfc0.jpg?1787739715,Crystal,490,0,SAM
Brian Ricardo,23607238,86,85,Zodiark,Light,801,0,9c9d045f5f22c579ce5c24faa2b9b303_c274370774c6bc3483cc8740805f41bcfc0.jpg?1787739853,Crystal,67,2,AST
Spedah Sashihai,46717230,87,0,Phantom,Chaos,797,0,916aa42d41d9cb06784f26d21d850c5a_f0a43d6e5eea19af337a176e9836acddfc0.jpg?1787740164,Crystal,161,9,SGE
Drop Dead,61865612,88,0,Raiden,Light,796,0,8b4d73c68bf61dbad86bb051105da5ec_a370664d98f658f4ed4e620f378f73cdfc0.jpg?1787739775,Crystal,61,0,WAR
Acacia Strain,43137076,89,0,Raiden,Light,794,0,8678948c8fea34b563980d4a6da37e32_a370664d98f658f4ed4e620f378f73cdfc0.jpg?1787740923,Crystal,331,0,SMN
Sal Ren,40787945,90,0,Phoenix,Light,793,0,9613f7a8c0a759977b8a3fe787fed7e0_5047bc596a4bab2dc7f7c120bb22dec5fc0.jpg?1787739793,Crystal,112,0,MNK
Hyzenthlay Efrafa,1817919,91,0,Ragnarok,Chaos,790,0,f61f49f2ed95a3709fa034686da0eb63_40d57ba713628f3f1ef5ef204b6d76d2fc0.jpg?1787740239,Crystal,59,0,RPR
Skillpade Skyr,37019657,92,0,Lich,Light,782,0,e520a31662bd7030c96e4951a4f2d301_7206469080400ed57a5373d0a9c55c59fc0.jpg?1787738737,Crystal,146,0,DRK
Life Enjoyer,28145650,93,0,Raiden,Light,704,0,1f163924ab5a124c00b3684fe37e6e58_a370664d98f658f4ed4e620f378f73cdfc0.jpg?1787741525,Crystal,104,0,DRG
Alex Rider,18844824,94,0,Raiden,Light,702,0,88e1d370b1f9d1b22933e6476449b463_a370664d98f658f4ed4e620f378f73cdfc0.jpg?1787738916,Crystal,57,0,DRG
Red Aura,58355527,95,0,Spriggan,Chaos,700,0,24685b07d940d962953f7111d4144e46_feaf0a2e88ff164813fbc9b85876fa48fc0.jpg?1787741640,Crystal,49,0,MNK
Diarmuidia Ua-dibhne,60435376,96,0,Cerberus,Chaos,699,0,5d9b7dcb4848e335ad4a88c0dc644669_777c57311d510ca65dac3c1077dee435fc0.jpg?1787739671,Crystal,99,0,DRG
Feri De,32873333,97,0,Twintania,Light,698,0,04fae792c920333e5bdc3287c0df72e4_c33f640c0cdd35f7def85b8aa31a0007fc0.jpg?1787738535,Crystal,173,6,AST
Lost Signal,56186869,98,0,Odin,Light,695,0,b36972ee34bfd25f82ce348b32b6f5da_644311b63b607133c989d7c1188467dafc0.jpg?1787741001,Crystal,121,0,DRK
Gabriel Zephyrus,11099535,99,0,Zodiark,Light,690,0,fb5c6913d0c275952def0841ab82887f_c274370774c6bc3483cc8740805f41bcfc0.jpg?1787739485,Crystal,199,0,RPR
Laela Hyun,59589734,100,0,Phantom,Chaos,684,0,a377ba040d4300db7c8df4efc92acd53_f0a43d6e5eea19af337a176e9836acddfc0.jpg?1787739259,Crystal,55,0,UNK
Magidolce Magileine,39132419,101,0,Twintania,Light,614,0,088bd05d5a98251023ecb7e28a638b68_c33f640c0cdd35f7def85b8aa31a0007fc0.jpg?1787739964,Crystal,265,0,SMN
Aris Oz,41983172,102,108,Zodiark,Light,605,99,abbd4cf51609bf59977c5b4850c4c351_c274370774c6bc3483cc8740805f41bcfc0.jpg?1787738254,Crystal,57,5,WAR
Sophia Ariadne,11431073,103,102,Odin,Light,600,0,f4329ddf82a418a6e12f1ba978bc1523_644311b63b607133c989d7c1188467dafc0.jpg?1787740675,Crystal,57,0,MCH
Roy Dimgao,29524655,104,103,Omega,Chaos,597,0,320af7149c63c337e5826c2c2cc1bf37_39e25ac3d737c46452305eefe324372cfc0.jpg?1787741534,Crystal,187,0,RDM
Feral Jorex,21749898,105,104,Odin,Light,594,0,f9027c778862384a6ae4224efd2fe7c3_644311b63b607133c989d7c1188467dafc0.jpg?1787741434,Crystal,313,12,SMN
Purr It,40913226,106,132,Zodiark,Light,592,209,9adf9c1689ff6761673da6e25b839b7b_c274370774c6bc3483cc8740805f41bcfc0.jpg?1787741440,Crystal,153,17,RPR
Zot To,18725302,107,105,Cerberus,Chaos,590,0,852c16bac4fe7f528a8653c65704e818_777c57311d510ca65dac3c1077dee435fc0.jpg?1787740665,Crystal,5,0,DRG
General Aardvark,48423100,108,106,Twintania,Light,514,0,cf88029724167c1d18ed8c536a862900_c33f640c0cdd35f7def85b8aa31a0007fc0.jpg?1787738599,Crystal,186,7,SAM
Neclord Drakan,34358772,109,107,Phoenix,Light,510,0,7e002012c8fc4f9e493cd5879573e088_5047bc596a4bab2dc7f7c120bb22dec5fc0.jpg?1787738981,Crystal,41,0,SGE
Shiroko Momo,39619880,110,109,Odin,Light,504,0,83b4a27fbdf8dfdce9a7e095cc14bf41_644311b63b607133c989d7c1188467dafc0.jpg?1787741775,Crystal,150,0,MCH
Master Zoknik,47233914,111,110,Omega,Chaos,498,0,47b7a0d3c4816d6dc7cb85c85a3685f7_39e25ac3d737c46452305eefe324372cfc0.jpg?1787740785,Crystal,69,0,DRK
Yellow Blue,58488618,112,111,Spriggan,Chaos,497,0,51731f8a93c1d8b59b5c3ded4ffb5a64_feaf0a2e88ff164813fbc9b85876fa48fc0.jpg?1787738468,Crystal,80,0,DRG
Jou Bright,26172504,113,112,Shiva,Light,496,0,80f6d86c4118e80a4c51ba20920a1384_3fbff0e6b620e4d259dc427abc6574dafc0.jpg?1787739399,Crystal,184,2,BRD
Lolorei Lalarei,3686155,114,113,Omega,Chaos,496,0,da6ff12e4effc4cbacfe1b954f1c3bf5_39e25ac3d737c46452305eefe324372cfc0.jpg?1787738972,Crystal,149,0,WHM
Thor Strom,35911315,115,114,Cerberus,Chaos,496,0,3826da79ed71141aec290f69127b5c79_777c57311d510ca65dac3c1077dee435fc0.jpg?1787740271,Crystal,5,0,SCH
Reireiko Reiko,51402233,116,115,Alpha,Light,491,0,6bb627130b2067e09c7110eb74707745_6132295fcf5570fb8b0a944ef322a598fc0.jpg?1787738584,Crystal,37,0,GNB
Bing Bing,50857849,117,116,Odin,Light,424,0,1a2b77cf04680b9bfe1c19f07f9f1f44_644311b63b607133c989d7c1188467dafc0.jpg?1787739786,Crystal,74,0,WAR
Zecht Bradamant,31785474,118,117,Omega,Chaos,415,0,b0b8438e6682f2931a1a930121d0ab43_39e25ac3d737c46452305eefe324372cfc0.jpg?1787740062,Crystal,103,0,MCH
Yinwea Levai,36476322,119,118,Shiva,Light,412,0,944bf3a8e93fcc8f15f3f521462d11b5_3fbff0e6b620e4d259dc427abc6574dafc0.jpg?1787739943,Crystal,154,0,AST
Sotek Scherwil,486374,120,119,Twintania,Light,407,0,c881840c18d6c9fc415801f5f8240174_c33f640c0cdd35f7def85b8aa31a0007fc0.jpg?1787741645,Crystal,55,0,RDM
Frankie Urien,32323176,121,120,Odin,Light,405,0,ffae33588fe71f102672b7defdb50a30_644311b63b607133c989d7c1188467dafc0.jpg?1787741458,Crystal,212,0,GNB
Blunt Man,35300195,122,131,Louisoix,Chaos,404,8,bfddeb1fd8c57b9259f8bb179dd8158b_0a122616f3718d3f45cab10fd8fc1604fc0.jpg?1787739565,Crystal,157,5,SAM
Pat Olehouse,17156873,123,121,Lich,Light,404,0,54c944c62ef7bd68e95a2a558d856482_7206469080400ed57a5373d0a9c55c59fc0.jpg?1787740764,Crystal,91,0,PLD
Cipher Strife,7955322,124,122,Ragnarok,Chaos,403,0,fd0f2644fe22871d381e6bae8798c484_40d57ba713628f3f1ef5ef204b6d76d2fc0.jpg?1787741212,Crystal,298,20,VPR
Ul Unhu,9592278,125,123,Phoenix,Light,403,0,d703e404c81140848dbcd200abc4ef7e_5047bc596a4bab2dc7f7c120bb22dec5fc0.jpg?1787740749,Crystal,139,0,BRD
Queenie Skyfrost,34868775,126,297,Odin,Light,403,403,4c0182a4bd02a557a3e29b795c1e0b9c_644311b63b607133c989d7c1188467dafc0.jpg?1787738906,Crystal,80,12,SMN
Sho'zhirr Shizahi-jo,28092848,127,124,Phoenix,Light,403,0,c6923f91c3f9e08d53d38488a3040788_5047bc596a4bab2dc7f7c120bb22dec5fc0.jpg?1787741462,Crystal,72,0,UNK
Seraban Mistodisushi,25116690,128,125,Omega,Chaos,402,0,9ab6f5d4307a747e8378402c6070b2a7_39e25ac3d737c46452305eefe324372cfc0.jpg?1787739394,Crystal,142,17,UNK
Lawr Hawk,28248881,129,126,Odin,Light,401,0,e241b26df61ea0e201b637a7ae6c4cd4_644311b63b607133c989d7c1188467dafc0.jpg?1787740463,Crystal,63,0,SGE
Rin Tanaka,24116937,130,127,Phoenix,Light,398,0,05caa52c69a69c31a889325a1f319530_5047bc596a4bab2dc7f7c120bb22dec5fc0.jpg?1787739081,Crystal,131,3,SAM
Lion Lad,60548427,131,128,Phantom,Chaos,398,0,69af2e062eb7ba4549c964e1fbc8b79e_f0a43d6e5eea19af337a176e9836acddfc0.jpg?1787740867,Crystal,29,0,BRD
Firas Xll,61570305,132,129,Alpha,Light,397,0,180935d91342970858d2044d5c23d436_6132295fcf5570fb8b0a944ef322a598fc0.jpg?1787740887,Crystal,68,0,PCT
Aeo We,10437907,133,130,Ragnarok,Chaos,397,0,2cc33bbd6e1f29b872030a98ed37c0fc_40d57ba713628f3f1ef5ef204b6d76d2fc0.jpg?1787740606,Crystal,31,0,UNK
Shadow Aya,54551815,134,155,Zodiark,Light,396,196,5ca13f39db9eefc50e8e57be73e7254e_c274370774c6bc3483cc8740805f41bcfc0.jpg?1787738739,Crystal,70,9,DRK
Victoria Nyala,43751055,135,133,Phoenix,Light,304,0,d41ca298e2f03ee2273aca61640ebce0_5047bc596a4bab2dc7f7c120bb22dec5fc0.jpg?1787739177,Crystal,59,0,GNB
Yoe Lleufyn,28631681,136,134,Phoenix,Light,302,0,9584dd8fac44ba749b0855105a0e29e9_5047bc596a4bab2dc7f7c120bb22dec5fc0.jpg?1787741780,Crystal,106,13,PCT
Neo Saladin,60195724,137,135,Alpha,Light,299,0,d61ef205c9700150e78797546d2ac263_6132295fcf5570fb8b0a944ef322a598fc0.jpg?1787738258,Crystal,90,0,NIN
Medicine Melancholy,25525676,138,136,Raiden,Light,299,0,8a3aaef7e82e665cdb12f15457700593_a370664d98f658f4ed4e620f378f73cdfc0.jpg?1787740088,Crystal,71,0,RDM
Madelynn Veil,49771412,139,137,Omega,Chaos,299,0,92f91d9225bb816c6562fb117814681e_39e25ac3d737c46452305eefe324372cfc0.jpg?1787738461,Crystal,57,0,RDM
Kihn Shirudo,43951482,140,138,Spriggan,Chaos,298,0,2e619166d10daa6082c54563a5af17ff_feaf0a2e88ff164813fbc9b85876fa48fc0.jpg?1787739711,Crystal,73,12,DRK
Miimo Xa'ra,11362808,141,245,Shiva,Light,298,298,ce9814c05102c51abc5834316927fd0c_3fbff0e6b620e4d259dc427abc6574dafc0.jpg?1787741449,Crystal,61,7,BTN
Lunaelumen Heartless,3344766,142,139,Phoenix,Light,298,0,442c49c53db78614043ce10aa9733411_5047bc596a4bab2dc7f7c120bb22dec5fc0.jpg?1787740050,Crystal,48,0,RDM
Riseon Misha,26343965,143,140,Zodiark,Light,297,0,d883dcfcee6650b3e6e1691bf6838f6c_c274370774c6bc3483cc8740805f41bcfc0.jpg?1787741073,Crystal,126,0,WHM
Ultimo Tower,13765195,144,141,Odin,Light,297,0,f3f293a7802e54bc6d3f5c2ceb6f4902_644311b63b607133c989d7c1188467dafc0.jpg?1787740665,Crystal,102,0,DRK
Dundee Nic'hpisfa,35976824,145,142,Odin,Light,296,0,8eda92b5ce2e258786d149b7cb349e09_644311b63b607133c989d7c1188467dafc0.jpg?1787738314,Crystal,196,0,SGE
Night Siren,46140840,146,143,Alpha,Light,221,0,5b2c854dc9360523ee7fcd5bfee41621_6132295fcf5570fb8b0a944ef322a598fc0.jpg?1787738963,Crystal,168,0,GNB
Erion Hein,39135014,147,144,Twintania,Light,216,0,ba6bc1e1e70e5f3402d91ecfcf7d01e8_c33f640c0cdd35f7def85b8aa31a0007fc0.jpg?1787740845,Crystal,144,0,MIN
Ayrelinia Saelinire,41821402,148,145,Spriggan,Chaos,207,0,8604bb768bf59461e5f44eef46ee9961_feaf0a2e88ff164813fbc9b85876fa48fc0.jpg?1787738923,Crystal,22,0,BLU
Renna Vorak,25421061,149,146,Raiden,Light,206,0,c2dc94bad32c136ebcdcb42ec56ba1c3_a370664d98f658f4ed4e620f378f73cdfc0.jpg?1787741713,Crystal,73,0,PLD
Keylinda Heliopsis,44659154,150,147,Moogle,Chaos,204,0,aae227ec83063cc479b9c5f6fb803e66_d7a9d5f85a29d6278ec1c7adc2c8d242fc0.jpg?1787738273,Crystal,125,0,WHM
Brutal Killer,8885117,151,148,Ragnarok,Chaos,203,0,30c6a6207c7e93d407784888a7f29c97_40d57ba713628f3f1ef5ef204b6d76d2fc0.jpg?1787739205,Crystal,3,0,DRK
Strife Duskblade,34142903,152,149,Omega,Chaos,202,0,e8d7518889e9dd65f6114527334ca66a_39e25ac3d737c46452305eefe324372cfc0.jpg?1787741297,Crystal,82,0,DRK
Sekai Eri,41303117,153,180,Raiden,Light,201,101,cb1ac59e3c66b2050bc4ee7e3368c36c_a370664d98f658f4ed4e620f378f73cdfc0.jpg?1787741300,Crystal,128,3,UNK
Gaspard Deguingoix,11032081,154,150,Moogle,Chaos,201,0,b9283e6a6be9cd219ee0afea98546775_d7a9d5f85a29d6278ec1c7adc2c8d242fc0.jpg?1787739272,Crystal,79,0,RDM
Sayuri Maeshima,33888798,155,151,Omega,Chaos,201,0,9543e703e2409901a4e4c51fcd72a0bd_39e25ac3d737c46452305eefe324372cfc0.jpg?1787738907,Crystal,57,0,FSH
Tiranna Reinford,12390793,156,152,Moogle,Chaos,201,0,287223c7dac01617ab03a9e54406de0e_d7a9d5f85a29d6278ec1c7adc2c8d242fc0.jpg?1787741144,Crystal,31,0,GNB
Mizu Shimizu,41402391,157,153,Twintania,Light,200,0,b745f1d87ccd905d96d6b6ca49092222_c33f640c0cdd35f7def85b8aa31a0007fc0.jpg?1787740231,Crystal,74,0,UNK
Ash Dreadsaint,16641514,158,154,Alpha,Light,200,0,35babc8a56d97c1de09ffbf594068bd0_6132295fcf5570fb8b0a944ef322a598fc0.jpg?1787739208,Crystal,67,0,GNB
Eve Naeuri,43290162,159,157,Sagittarius,Chaos,200,0,c143c5d5e461ba9e3f51c07a3de23e21_44ca0844398b2d010d8cd4a31ddb023dfc0.jpg?1787738334,Crystal,45,4,SGE
Krek Balflear,48912824,160,156,Sagittarius,Chaos,200,0,3ddedc4fdcf35465d04f99e2b4737a9f_44ca0844398b2d010d8cd4a31ddb023dfc0.jpg?1787739653,Crystal,42,0,SAM
Neppie Nen,38644421,161,158,Phoenix,Light,200,0,6744f6c777bfc017ed7318054ef44f3d_5047bc596a4bab2dc7f7c120bb22dec5fc0.jpg?1787738875,Crystal,31,0,RDM
Selin Naari,16360751,162,159,Cerberus,Chaos,200,0,fb2c3681e2cb33bdcd7894d5aad0b9ec_777c57311d510ca65dac3c1077dee435fc0.jpg?1787740105,Crystal,21,0,DRG
Wimp Lo,37793632,163,160,Zodiark,Light,199,0,45ed053d252c3a44eabe55329426aa37_c274370774c6bc3483cc8740805f41bcfc0.jpg?1787740571,Crystal,143,0,DRK
Hegel Gil,25438753,164,265,Omega,Chaos,199,199,5ed500fc1dd1d9cbbc95000a80326ff7_39e25ac3d737c46452305eefe324372cfc0.jpg?1787738849,Crystal,117,9,WAR
Airi Rhitik,2286171,165,161,Moogle,Chaos,197,0,0e7c747879926e0f575c8444323c478f_d7a9d5f85a29d6278ec1c7adc2c8d242fc0.jpg?1787740051,Crystal,126,8,WHM
Vyn Silvair,21908199,166,162,Shiva,Light,196,0,05a4597e1e8ad1e87cfc4aab88be286c_3fbff0e6b620e4d259dc427abc6574dafc0.jpg?1787738971,Crystal,87,0,WHM
Mats Luxed,36390152,167,163,Twintania,Light,196,0,4d98b4ef01ccfc9df166d83a5771a4ea_c33f640c0cdd35f7def85b8aa31a0007fc0.jpg?1787739730,Crystal,32,0,SGE
Luca Natura,26126798,168,164,Omega,Chaos,196,0,aee9a8f332f96a4c5a45923c0e82782a_39e25ac3d737c46452305eefe324372cfc0.jpg?1787739568,Crystal,24,0,GSM
Wieg Wiggles,35061622,169,165,Lich,Light,192,0,61256a3e6c4f0c3dcc05469f5550d102_7206469080400ed57a5373d0a9c55c59fc0.jpg?1787741060,Crystal,171,0,WAR
Limit Cat,37849108,170,166,Lich,Light,191,0,5b03795e0323d8633451ea410c4aeced_7206469080400ed57a5373d0a9c55c59fc0.jpg?1787738446,Crystal,18,0,RDM
Arima Sui,61051327,171,167,Alpha,Light,101,0,a616749d9bdfd00b6659f83dbb1c8a7f_6132295fcf5570fb8b0a944ef322a598fc0.jpg?1787741211,Crystal,400,19,MCH
Deltimor Offerentis,53216923,172,168,Ragnarok,Chaos,101,0,b1f3b3bcc24281f671ac2ced6960431a_40d57ba713628f3f1ef5ef204b6d76d2fc0.jpg?1787739316,Crystal,292,0,BLM
Dacien Darlett,3339751,173,169,Odin,Light,101,0,0311b8a0924e142c3f1da4b81f645156_644311b63b607133c989d7c1188467dafc0.jpg?1787739403,Crystal,155,0,SCH
Freya Highwind,37533969,174,170,Spriggan,Chaos,100,0,de376c51fd21ccbb1018c1c3fb40734b_feaf0a2e88ff164813fbc9b85876fa48fc0.jpg?1787739029,Crystal,204,0,WAR
Sonnas Dedede,37860927,175,171,Twintania,Light,100,0,25b1bad7226a0841ef265c7dc5b0eba9_c33f640c0cdd35f7def85b8aa31a0007fc0.jpg?1787739944,Crystal,202,0,SAM
Laville Burns,44676490,176,172,Alpha,Light,100,0,1999bb362905ab6ad44fa2e8931ef3dc_6132295fcf5570fb8b0a944ef322a598fc0.jpg?1787740675,Crystal,200,0,BRD
Arienai Nashi,47596567,177,173,Zodiark,Light,100,0,ccbc05e41375849179a5f554d78d7ae1_c274370774c6bc3483cc8740805f41bcfc0.jpg?1787741784,Crystal,184,0,PCT
Rose Nashi'rah,5586423,178,174,Moogle,Chaos,100,0,eabb33d9d4a68beb623fdbad8de0ccd2_d7a9d5f85a29d6278ec1c7adc2c8d242fc0.jpg?1787738474,Crystal,179,0,SAM
Keraunos Greywolfe,31183458,179,175,Alpha,Light,100,0,3431088cd9f33e5f20e30162c35286fd_6132295fcf5570fb8b0a944ef322a598fc0.jpg?1787740031,Crystal,177,0,DRK
Staz Hellcat,8016319,180,176,Cerberus,Chaos,100,0,c7e860ceda35e35e41bca47bf02624be_777c57311d510ca65dac3c1077dee435fc0.jpg?1787738982,Crystal,155,0,RDM
Guimiko Arcturus,60807244,181,202,Sagittarius,Chaos,100,100,6c6c195a1eff9b4c54136701cf2a63af_44ca0844398b2d010d8cd4a31ddb023dfc0.jpg?1787740125,Crystal,149,3,PLD
Lumine Heartseeker,37169102,182,177,Lich,Light,100,0,bef41e353f9709f6c26365adcd129410_7206469080400ed57a5373d0a9c55c59fc0.jpg?1787740522,Crystal,148,0,PCT
Lina Sunstar,52075433,183,178,Spriggan,Chaos,100,0,d60c4576e74acfcd0ed77a6ea5d48800_feaf0a2e88ff164813fbc9b85876fa48fc0.jpg?1787739919,Crystal,147,0,WHM
Magnus Skorweg,14288959,184,179,Cerberus,Chaos,100,0,36b3ca5cc0c3fa7edd1b5b276f54a6fc_777c57311d510ca65dac3c1077dee435fc0.jpg?1787738838,Crystal,145,0,SMN
Sir Azmuth,21784845,185,181,Lich,Light,100,0,aaa9e4ee439eaa5d584760975605186f_7206469080400ed57a5373d0a9c55c59fc0.jpg?1787741436,Crystal,124,0,PLD
Deme Tayuun,14832348,186,182,Lich,Light,100,0,ae2fb7b7ac8ad3f92247efdd9fade6e7_7206469080400ed57a5373d0a9c55c59fc0.jpg?1787739239,Crystal,108,0,DRG
Haadin Maero,25649806,186,182,Cerberus,Chaos,100,0,ab3efb60a6f01134129c732e6e60c255_777c57311d510ca65dac3c1077dee435fc0.jpg?1787738610,Crystal,108,0,RDM
Lilia Sunvale,59323692,188,184,Phoenix,Light,100,0,01173bfd4d3bd682b07d6e9ac6dafd16_5047bc596a4bab2dc7f7c120bb22dec5fc0.jpg?1787741738,Crystal,105,0,BRD
Blaine Skyler,37236741,189,185,Louisoix,Chaos,100,0,f892c4691642e8efdead7c502a5d01f0_0a122616f3718d3f45cab10fd8fc1604fc0.jpg?1787740023,Crystal,101,0,GNB
Saku Rozen,1622070,189,185,Odin,Light,100,0,76d32a46909474e4b590ee6476bfabce_644311b63b607133c989d7c1188467dafc0.jpg?1787740887,Crystal,101,0,UNK
Aragorn Pendragon,9019127,191,187,Ragnarok,Chaos,100,0,87aef8a41356f31d322683bdf3e6103b_40d57ba713628f3f1ef5ef204b6d76d2fc0.jpg?1787740125,Crystal,100,0,WHM
Hope Carmine,31931991,191,187,Odin,Light,100,0,4d5e5c176cb534aaf44e67236bf6c171_644311b63b607133c989d7c1188467dafc0.jpg?1787738680,Crystal,100,0,RDM
Rain Hoshino,6160241,193,189,Moogle,Chaos,100,0,fc4a751ebc0402023f56f7934007c9ef_d7a9d5f85a29d6278ec1c7adc2c8d242fc0.jpg?1787740947,Crystal,99,0,PLD
Pave Zen,51542459,194,190,Zodiark,Light,100,0,c62f2300698b05a5ff2e27ea4ec74914_c274370774c6bc3483cc8740805f41bcfc0.jpg?1787738427,Crystal,96,0,BRD
Haki Haki,8290724,195,191,Ragnarok,Chaos,100,0,3fc43df6da1c629c59b5cdae63dee7a7_40d57ba713628f3f1ef5ef204b6d76d2fc0.jpg?1787740970,Crystal,94,0,DRK
Ray Croft,29659793,196,192,Shiva,Light,100,0,56ebf33c0c49fd7529d32303d4b7c8d9_3fbff0e6b620e4d259dc427abc6574dafc0.jpg?1787739791,Crystal,89,0,RDM
Glyceri Chosuti,30338174,197,193,Moogle,Chaos,100,0,6d93c9241424e92e6f0351d35d8b6eaa_d7a9d5f85a29d6278ec1c7adc2c8d242fc0.jpg?1787739306,Crystal,88,0,DNC
Ark Kekko,50821807,198,194,Omega,Chaos,100,0,b81b1c241e98f7a5f9b9c81665be1243_39e25ac3d737c46452305eefe324372cfc0.jpg?1787741776,Crystal,86,0,RDM
Gun Grave,39069917,199,195,Alpha,Light,100,0,89afa1641c5d0fb3c37ff5b905d4b26a_6132295fcf5570fb8b0a944ef322a598fc0.jpg?1787740821,Crystal,77,0,UNK
Sahamaru Kamijo,13566032,200,196,Lich,Light,100,0,ab5bb27991a2037ddd8e8b0aef304406_7206469080400ed57a5373d0a9c55c59fc0.jpg?1787741023,Crystal,75,0,MCH
Akito Kotomine,14113084,201,197,Cerberus,Chaos,100,0,6535eaee5701ca6c10beffbfc70273c9_777c57311d510ca65dac3c1077dee435fc0.jpg?1787741556,Crystal,70,0,RPR
Rei Dassario,24597443,202,243,Raiden,Light,100,100,a51ce0a687a31ff3b67287e80ea30aed_a370664d98f658f4ed4e620f378f73cdfc0.jpg?1787741226,Crystal,67,10,VPR
Lolarita Rorry,39677497,203,198,Odin,Light,100,0,3c990f7c55a34985fb496735b20a6b10_644311b63b607133c989d7c1188467dafc0.jpg?1787738668,Crystal,65,0,SGE
Tisha Adori,32551351,203,198,Zodiark,Light,100,0,a1f13f2decf7933275b7ce63051dc06f_c274370774c6bc3483cc8740805f41bcfc0.jpg?1787741217,Crystal,65,0,MCH
Core Flare,44609138,205,200,Raiden,Light,100,0,4d277108d876101c6b97212a26f6bc97_a370664d98f658f4ed4e620f378f73cdfc0.jpg?1787738351,Crystal,64,0,MNK
Magisa Vale,43527083,206,201,Phoenix,Light,100,0,50d54724458e52e82fcfc6d537b9e001_5047bc596a4bab2dc7f7c120bb22dec5fc0.jpg?1787740730,Crystal,55,0,DRG
Fandrix Shadowsong,36051326,207,269,Louisoix,Chaos,100,100,e8515941184b5c25f2622f1899a0969a_0a122616f3718d3f45cab10fd8fc1604fc0.jpg?1787740698,Crystal,50,21,DRG
Ino Based,41531397,208,203,Alpha,Light,100,0,ae8562754d31616305226909752bc4fd_6132295fcf5570fb8b0a944ef322a598fc0.jpg?1787738926,Crystal,49,0,VPR
Const Mar,17323909,209,204,Phoenix,Light,100,0,9b3b80b05e36ff71934a612327c91867_5047bc596a4bab2dc7f7c120bb22dec5fc0.jpg?1787740343,Crystal,47,0,VPR
Onox Farbane,43799244,210,205,Zodiark,Light,100,0,c322e9dd886e64c0365244e0b587448f_c274370774c6bc3483cc8740805f41bcfc0.jpg?1787740991,Crystal,44,0,WAR
Pattinger Kersel,8183392,210,205,Raiden,Light,100,0,4fec5839fc0fc0bba3a80fc4e1910660_a370664d98f658f4ed4e620f378f73cdfc0.jpg?1787741320,Crystal,44,0,MCH
Veritan Indaerus,21877909,210,205,Odin,Light,100,0,978a128ddf080c55e3afc742274d0c9f_644311b63b607133c989d7c1188467dafc0.jpg?1787739356,Crystal,44,0,SMN
Sarah Swordmoon,15666675,213,208,Ragnarok,Chaos,100,0,f4dc48a690259d750cc95afaff6386b8_40d57ba713628f3f1ef5ef204b6d76d2fc0.jpg?1787740789,Crystal,42,0,WAR
Tomo Kote,55321667,214,209,Zodiark,Light,100,0,5955a289356783d4701df9a9c192d2b8_c274370774c6bc3483cc8740805f41bcfc0.jpg?1787738229,Crystal,41,0,WAR
Maya White,9385038,215,210,Twintania,Light,100,0,1ab5adfc5d7d400ad0f8b4d181e6d2f0_c33f640c0cdd35f7def85b8aa31a0007fc0.jpg?1787740927,Crystal,40,0,WAR
Gwen Farron,10011051,216,211,Ragnarok,Chaos,100,0,3348ff23f3315e0457aa0694f655e953_40d57ba713628f3f1ef5ef204b6d76d2fc0.jpg?1787741141,Crystal,35,0,WAR
Athena Sol,50536957,217,212,Shiva,Light,100,0,a48751f04a5919018a07933f39c07e7c_3fbff0e6b620e4d259dc427abc6574dafc0.jpg?1787741470,Crystal,33,0,PLD
Sakurane Zero'yuurai,13075529,218,213,Ragnarok,Chaos,100,0,b65369d4b043831749f5fa45d2428e30_40d57ba713628f3f1ef5ef204b6d76d2fc0.jpg?1787740824,Crystal,31,0,PLD
Ka La,18103622,219,214,Ragnarok,Chaos,100,0,79cb69a4d9a7535c8ee4e2bbfc9b2a1d_40d57ba713628f3f1ef5ef204b6d76d2fc0.jpg?1787741004,Crystal,28,0,PLD
Mhia Mewrilah,26716262,220,215,Omega,Chaos,100,0,6b70c463b87dca3437d37504f74aad3b_39e25ac3d737c46452305eefe324372cfc0.jpg?1787741535,Crystal,27,0,WHM
Ebin Almsivi,35310847,221,216,Shiva,Light,100,0,0c72e527d2d86c2ee8f4698832e880b5_3fbff0e6b620e4d259dc427abc6574dafc0.jpg?1787740329,Crystal,23,0,PLD
Vanilla Blossom,41496807,221,216,Moogle,Chaos,100,0,b0e7d1b464d155d8791692fe2e47299d_d7a9d5f85a29d6278ec1c7adc2c8d242fc0.jpg?1787739163,Crystal,23,0,GNB
Yuumi Fish,25707217,223,218,Cerberus,Chaos,100,0,1a7ebbda26c28eb61f262b9fb37e8c6e_777c57311d510ca65dac3c1077dee435fc0.jpg?1787739540,Crystal,18,0,WVR
Autuas Au,37357840,224,219,Phantom,Chaos,100,0,5c8929453beb42fb1a167e93eca11abf_f0a43d6e5eea19af337a176e9836acddfc0.jpg?1787740254,Crystal,13,0,UNK
Moki Moki,14235486,225,220,Odin,Light,100,0,82d3ef8d03fa7a6ddf4429f15fd296a2_644311b63b607133c989d7c1188467dafc0.jpg?1787739237,Crystal,1,0,MNK
Lylia Venis,13391767,226,221,Moogle,Chaos,100,0,79af70239d663a69f312f0788f3cf927_d7a9d5f85a29d6278ec1c7adc2c8d242fc0.jpg?1787741539,Crystal,0,0,MIN
Athena Olympe,44680885,227,223,Sagittarius,Chaos,0,0,7e7afe9e9cebc29cee3220c1e0530540_44ca0844398b2d010d8cd4a31ddb023dfc0.jpg?1787740712,Diamond,203,15,BLM
Rem Minase,15335467,228,222,Ragnarok,Chaos,0,0,6f4b9532213e5ed122fcac3e5c3b4cc5_40d57ba713628f3f1ef5ef204b6d76d2fc0.jpg?1787738660,Diamond,195,0,DRG
Bagel Egg,18929023,229,224,Omega,Chaos,0,0,f655117235b1c0d199ca39849579a631_39e25ac3d737c46452305eefe324372cfc0.jpg?1787738511,Diamond,167,0,BLM
Eeva Lightwood,34867115,230,225,Phoenix,Light,0,0,029a994eac70f6897fab7cb241b4204b_5047bc596a4bab2dc7f7c120bb22dec5fc0.jpg?1787738586,Diamond,166,5,VPR
Lu Mi,47806406,231,226,Raiden,Light,0,0,c8d19bad38e9523a4db779b2bf514973_a370664d98f658f4ed4e620f378f73cdfc0.jpg?1787738509,Diamond,83,0,VPR
Rave Bae,47220633,232,227,Alpha,Light,0,0,e640b0d43fa0078b032cbecc50b4e94c_6132295fcf5570fb8b0a944ef322a598fc0.jpg?1787738511,Diamond,73,0,DRG
Tsuguri Tempest,8093380,233,228,Moogle,Chaos,0,0,673dd69d52b7f7c210bb231091fd1922_d7a9d5f85a29d6278ec1c7adc2c8d242fc0.jpg?1787741251,Diamond,53,5,SAM
Kaixer Almasy,24721919,234,0,Ragnarok,Chaos,0,0,16b404151182dfe17ac302129a023750_40d57ba713628f3f1ef5ef204b6d76d2fc0.jpg?1787739702,Diamond,21,0,UNK
Paper Planes,59055005,234,229,Raiden,Light,0,0,1b7fc8e62eb37ebc10e0b203856e161c_a370664d98f658f4ed4e620f378f73cdfc0.jpg?1787740701,Diamond,21,0,DRG
Naralis A'roihan,35460975,236,230,Odin,Light,0,0,39833ac3dfdbb3ea64ab911763fea294_644311b63b607133c989d7c1188467dafc0.jpg?1787740334,Diamond,323,5,SCH
Vesper Lux,39986527,237,231,Phoenix,Light,0,0,3ffa8cf173ca00c6bd21dc61c1a7850f_5047bc596a4bab2dc7f7c120bb22dec5fc0.jpg?1787741065,Diamond,191,4,RDM
Tsu Kee,47596814,238,232,Zodiark,Light,0,0,df5063d6db141a1bc921d4623e08a366_c274370774c6bc3483cc8740805f41bcfc0.jpg?1787740472,Diamond,185,0,BRD
Vic Strider,53817077,239,233,Raiden,Light,0,0,64d68250fabd33e4972dcba2d2638d6c_a370664d98f658f4ed4e620f378f73cdfc0.jpg?1787741787,Diamond,137,9,RDM
Sangon Yukihoshi,11533024,240,234,Raiden,Light,0,0,d5814159d4f4b2afaa562891375a7b01_a370664d98f658f4ed4e620f378f73cdfc0.jpg?1787740303,Diamond,55,6,PLD
Uraraka Lunae,19968499,240,235,Louisoix,Chaos,0,0,87178981b631653f4905b195c6c49583_0a122616f3718d3f45cab10fd8fc1604fc0.jpg?1787740830,Diamond,55,9,DRG
Kaomi Silver's,31290391,242,0,Phantom,Chaos,0,0,239fcc464702423d7f9ce8c7854a4fc3_f0a43d6e5eea19af337a176e9836acddfc0.jpg?1787738599,Diamond,30,0,WHM
Irmele Elandris,13301011,243,236,Odin,Light,0,0,545d79c172c687ee4ac495ceca89d9dd_644311b63b607133c989d7c1188467dafc0.jpg?1787740596,Diamond,28,0,MIN
Littlebard Crits,44849524,244,237,Lich,Light,0,0,85155be3d7c3c8936c428085496b1e8d_7206469080400ed57a5373d0a9c55c59fc0.jpg?1787740874,Diamond,9,0,UNK
Manji Haq,30381529,245,238,Shiva,Light,0,0,1840291846e97e46d3053d2cb9351608_3fbff0e6b620e4d259dc427abc6574dafc0.jpg?1787739928,Diamond,189,9,MCH
Merily Marlin,52216084,246,239,Louisoix,Chaos,0,0,1b485637d5f1df89d363a45b95cba49c_0a122616f3718d3f45cab10fd8fc1604fc0.jpg?1787740317,Diamond,113,18,RDM
Lavender Yumori,47189865,247,240,Phoenix,Light,0,0,c0a56a85a3c082e0dd3b96359531f30f_5047bc596a4bab2dc7f7c120bb22dec5fc0.jpg?1787741473,Diamond,87,0,DNC
Vincent God,14069867,248,241,Phoenix,Light,0,0,7d8e17eab1b900c1741204dbf199eb48_5047bc596a4bab2dc7f7c120bb22dec5fc0.jpg?1787740244,Diamond,75,0,CUL
Lu Ni,58272624,249,242,Cerberus,Chaos,0,0,ab167867f3aa425b82e05a081df98df4_777c57311d510ca65dac3c1077dee435fc0.jpg?1787738333,Diamond,66,0,BLM
Princess Emi,5884527,250,243,Twintania,Light,0,0,4ab2080550ab1fb15ca76fbfe8e8d512_c33f640c0cdd35f7def85b8aa31a0007fc0.jpg?1787741133,Diamond,57,0,PLD
Alex Bean,24788739,251,0,Zodiark,Light,0,0,6aa5d269d2362413ba9a055f7c8f6704_c274370774c6bc3483cc8740805f41bcfc0.jpg?1787740275,Diamond,55,10,SMN
Shiva Dorys,36432577,252,245,Phoenix,Light,0,0,df6ee6331f96148f2b97966d8a3e2a5a_5047bc596a4bab2dc7f7c120bb22dec5fc0.jpg?1787738697,Diamond,54,0,WHM
Doctor Zoidberg,9214410,253,247,Cerberus,Chaos,0,0,40bc630c90e57d0ca265dd7fc809d5c8_777c57311d510ca65dac3c1077dee435fc0.jpg?1787739903,Diamond,18,0,WAR
Mer Lin,50434149,254,248,Spriggan,Chaos,0,0,52a13256ecf71bc72e25a6b211b196c8_feaf0a2e88ff164813fbc9b85876fa48fc0.jpg?1787741368,Diamond,15,0,DRK
Katarina Kittycat,24355925,255,249,Twintania,Light,0,0,488decc103448e79430a7f4ffa3674c5_c33f640c0cdd35f7def85b8aa31a0007fc0.jpg?1787741599,Diamond,143,2,UNK
Aiva Ibusaki,11039086,256,251,Shiva,Light,0,0,39b96ee63110c8909c27318f222d3695_3fbff0e6b620e4d259dc427abc6574dafc0.jpg?1787741070,Diamond,120,2,MCH
Alabaster Arcadia,39618537,257,266,Phoenix,Light,0,0,04f03f1ffd5a39f931966123f856ea6c_5047bc596a4bab2dc7f7c120bb22dec5fc0.jpg?1787739047,Diamond,119,22,BRD
Benedikta Cucumber,55428569,257,250,Sagittarius,Chaos,0,0,1091166e96bfe839d8a067a8fc27848a_44ca0844398b2d010d8cd4a31ddb023dfc0.jpg?1787740160,Diamond,119,0,GNB
Charon Tesar,2860491,259,252,Shiva,Light,0,0,71fb4ffe6d15608a77682afdbdef53d7_3fbff0e6b620e4d259dc427abc6574dafc0.jpg?1787738760,Diamond,110,0,WHM
Protos Heis,34597162,260,253,Spriggan,Chaos,0,0,1227bb2a621e4455479d060e840ff145_feaf0a2e88ff164813fbc9b85876fa48fc0.jpg?1787739145,Diamond,93,0,MCH
Lu' Bu',21757305,261,254,Odin,Light,0,0,20b9e744e2190850310da72ffaf5c5d4_644311b63b607133c989d7c1188467dafc0.jpg?1787738617,Diamond,88,0,VPR
Zerith Ars,7801227,262,255,Zodiark,Light,0,0,d9b23bac7d7203e071be18c6932a61a8_c274370774c6bc3483cc8740805f41bcfc0.jpg?1787739936,Diamond,76,0,DRG
Yuki Shinryu,18457903,263,256,Omega,Chaos,0,0,7c3380880e156cefcc0afc85574b6091_39e25ac3d737c46452305eefe324372cfc0.jpg?1787738570,Diamond,59,0,WHM
Leenar Raim,45005021,264,257,Raiden,Light,0,0,cd15b6146d9e895f605fe9d8aa6e46d2_a370664d98f658f4ed4e620f378f73cdfc0.jpg?1787739804,Diamond,53,0,SGE
Decha Kirk,32806624,265,258,Moogle,Chaos,0,0,e50b415f85b832de8463247f434991ce_d7a9d5f85a29d6278ec1c7adc2c8d242fc0.jpg?1787739860,Diamond,37,0,BLM
Red Fluffy,41965323,266,259,Shiva,Light,0,0,6e4c702e77f55eff42d4c42a07f242db_3fbff0e6b620e4d259dc427abc6574dafc0.jpg?1787740653,Diamond,27,1,GNB
Certin Ferocia,26600453,267,260,Spriggan,Chaos,0,0,528919b4d45df00513ad6c80440fc2f4_feaf0a2e88ff164813fbc9b85876fa48fc0.jpg?1787739143,Diamond,15,0,DNC
Lia Lothje,30611623,268,261,Odin,Light,0,0,12f34ee0f0d0404c9b47a7fea301f068_644311b63b607133c989d7c1188467dafc0.jpg?1787741126,Diamond,12,0,PCT
Luna Everlight,11876492,269,262,Phantom,Chaos,0,0,87daed323422dd94882b0079ba9f6b3d_f0a43d6e5eea19af337a176e9836acddfc0.jpg?1787738342,Diamond,8,0,RDM
Hiyuki Korikawa,55814095,270,263,Alpha,Light,0,0,74afa7e4138c1508f5559cba8b88f0c4_6132295fcf5570fb8b0a944ef322a598fc0.jpg?1787741328,Diamond,174,13,PLD
Aru Chiikawa,53173199,271,264,Raiden,Light,0,0,e04a223356da8c93c18581feda55b5bf_a370664d98f658f4ed4e620f378f73cdfc0.jpg?1787739598,Diamond,165,9,SMN
Chrome Hearts',48963270,272,0,Raiden,Light,0,0,71e7f9df828e655c1c9fe64893dfdf9c_a370664d98f658f4ed4e620f378f73cdfc0.jpg?1787739929,Diamond,68,8,UNK
Saki Aiko,58256956,273,267,Zodiark,Light,0,0,f65bf40d95342ebe3141def95c5232bc_c274370774c6bc3483cc8740805f41bcfc0.jpg?1787739485,Diamond,43,0,SMN
Sheidyn Windsor,30282791,274,268,Omega,Chaos,0,0,e3eaa192d0e2b6192580f940474cd0b5_39e25ac3d737c46452305eefe324372cfc0.jpg?1787740440,Diamond,33,0,RPR
Erika Avellana,45153856,275,270,Alpha,Light,0,0,d52954932b2c20e3d303cb8cf101f3eb_6132295fcf5570fb8b0a944ef322a598fc0.jpg?1787741250,Diamond,323,2,PCT
Duessa Fidessa,47722925,276,271,Louisoix,Chaos,0,0,3e992addf0aaeeda98883cfe0443f4c4_0a122616f3718d3f45cab10fd8fc1604fc0.jpg?1787738597,Diamond,256,10,SMN
Ash Zero,49368748,277,272,Shiva,Light,0,0,8c69f041cca72fdc1059bfc9f2f8ecc9_3fbff0e6b620e4d259dc427abc6574dafc0.jpg?1787740753,Diamond,125,0,PLD
Lo Enha,27971408,278,273,Moogle,Chaos,0,0,5236c7cc585f6b9213e6d33f05e78c61_d7a9d5f85a29d6278ec1c7adc2c8d242fc0.jpg?1787739691,Diamond,119,10,BLM
Flynn Cethlenne,35848614,279,274,Zodiark,Light,0,0,2543efc6def84f10fb27cc68c29b1460_c274370774c6bc3483cc8740805f41bcfc0.jpg?1787739083,Diamond,99,0,PLD
Yorda Dormin,35730883,280,275,Phantom,Chaos,0,0,37968b7968327b583f23e52d999337f9_f0a43d6e5eea19af337a176e9836acddfc0.jpg?1787738516,Diamond,83,0,UNK
Tung Kniv,36744544,281,277,Spriggan,Chaos,0,0,63aabeb5204c3ae5d2f0295a0f4a8e22_feaf0a2e88ff164813fbc9b85876fa48fc0.jpg?1787738401,Diamond,77,7,SGE
Nana Usui,34696904,282,276,Moogle,Chaos,0,0,abd9e807ccb2486ea89e3deab9cc56d2_d7a9d5f85a29d6278ec1c7adc2c8d242fc0.jpg?1787740651,Diamond,76,0,AST
Stephanie Dolla,28876458,283,278,Lich,Light,0,0,753eeef7260d5b48fedb9d189d2b51ca_7206469080400ed57a5373d0a9c55c59fc0.jpg?1787740891,Diamond,42,0,MNK
Durinta Borlaaq,37706432,284,279,Twintania,Light,0,0,5f122a4f83176fe089d903a59809e108_c33f640c0cdd35f7def85b8aa31a0007fc0.jpg?1787741567,Diamond,37,0,PLD
Thesa Sergearis,47267643,285,0,Raiden,Light,0,0,09dba50da69ae23c7f77aa5135356ea2_a370664d98f658f4ed4e620f378f73cdfc0.jpg?1787740332,Diamond,18,6,RPR
Ryssrael Niunaglwyn,33315027,286,280,Omega,Chaos,0,0,33b521784d0398ac0bb6736f1c6d0a15_39e25ac3d737c46452305eefe324372cfc0.jpg?1787739958,Diamond,222,0,MCH
Caelvyr Corvayn,37557023,287,281,Odin,Light,0,0,ed18601452ec3c3b1def16f37ba89988_644311b63b607133c989d7c1188467dafc0.jpg?1787739185,Diamond,166,6,UNK
May Bloom,20580663,288,282,Twintania,Light,0,0,c24fd8278a4825a56c81ac07e6f2f43d_c33f640c0cdd35f7def85b8aa31a0007fc0.jpg?1787739592,Diamond,139,0,SMN
Altair Nightveil,37899651,289,283,Odin,Light,0,0,66c10a4203ea077f0a752e4bf561ff53_644311b63b607133c989d7c1188467dafc0.jpg?1787740519,Diamond,95,0,WHM
Aelin Jules,51609568,290,284,Alpha,Light,0,0,8a02014e6ec7a7fb938b61c29b83b641_6132295fcf5570fb8b0a944ef322a598fc0.jpg?1787739968,Diamond,64,0,SGE
Aleyna Vhitus,41296618,291,285,Louisoix,Chaos,0,0,a882a70cb8027a9ee08cb952986e2c5e_0a122616f3718d3f45cab10fd8fc1604fc0.jpg?1787739863,Diamond,52,0,UNK
Akurei Amotanius,36595921,292,286,Odin,Light,0,0,ca5d9f24b62995e3bcb5d25cc576fc70_644311b63b607133c989d7c1188467dafc0.jpg?1787740312,Diamond,49,0,MNK
Nicco Sushi,42846008,293,287,Alpha,Light,0,0,ffcb0ee6f92ba9224ade0ee2b0e9917b_6132295fcf5570fb8b0a944ef322a598fc0.jpg?1787740343,Diamond,36,0,BLM
Isca Mog,32212471,294,288,Zodiark,Light,0,0,e47f3ccc4bd8599193929766ab0abd2c_c274370774c6bc3483cc8740805f41bcfc0.jpg?1787738953,Diamond,19,0,AST
Ego Baby,50543888,295,289,Raiden,Light,0,0,712f53c2b6ed3bc9fa9cc0b0b60a16d7_a370664d98f658f4ed4e620f378f73cdfc0.jpg?1787740550,Diamond,17,0,VPR
Bun Boy,44543603,296,290,Phantom,Chaos,0,0,1a283e4ef1314e4af955db9fcc8300a8_f0a43d6e5eea19af337a176e9836acddfc0.jpg?1787738402,Diamond,13,0,SAM
Yamakaji Edo'sen,22194618,297,291,Moogle,Chaos,0,0,d7972041e4c6c98f2e38ec21d2bc56c2_d7a9d5f85a29d6278ec1c7adc2c8d242fc0.jpg?1787740687,Diamond,10,0,UNK
William Sharpeye,31183782,298,292,Moogle,Chaos,0,0,f90b7bfd929ec716aa63dc03d0533a18_d7a9d5f85a29d6278ec1c7adc2c8d242fc0.jpg?1787738358,Diamond,9,0,DRK
Zhinna Maya,8219011,299,293,Odin,Light,0,0,b96bc839d3db0d26e61bf4b24282c925_644311b63b607133c989d7c1188467dafc0.jpg?1787741042,Diamond,7,0,WAR
Kai Weaver,59504701,300,294,Cerberus,Chaos,0,0,f3598c7f1d9880e593c1f5f6cd04a2cd_777c57311d510ca65dac3c1077dee435fc0.jpg?1787739643,Diamond,191,6,NIN
Sensei Jyutusi,20995129,1,0,Chocobo,Mana,4090,0,218ddf1e9e095da9f0b9d5866f9f2d80_781d6b3603312f6be41670afa37282e0fc0.jpg?1787739370,Ultima,163,0,WHM
Kim Shin,2354630,2,0,Masamune,Mana,4076,0,9d6bba308f1c44ad24883a9717b4d480_134930215abb8a90ec37d6cc05b05e08fc0.jpg?1787739831,Ultima,89,0,SAM
Yurugi Koyurugi,29769522,3,0,Belias,Meteor,3856,0,ce65dfc48d522a7a126208d94cdc2852_894c4bd0beab2e2beb44b74f4c4bd206fc0.jpg?1787740370,Omega,87,0,PLD
Happo Hapo,59173770,4,0,Pandaemonium,Mana,3695,108,8d06d5697fa5f35516e08e77ecb4eff8_470db1bf2e865f9130531fea40b61ee4fc0.jpg?1787741041,Omega,80,8,VPR
Paker Zuka,35106373,5,10,Bahamut,Gaia,3295,289,1dfba22310e23cd21bd3a7481bf928e1_86da943caa70c8694707ab2ff74e68c9fc0.jpg?1787741237,Omega,101,3,UNK
Sorin Maki,53900927,6,5,Durandal,Gaia,3247,0,b0d4570e39585eb6b5ba7458ff8781a7_806ea5b45071d5cd6bf393e38462ee71fc0.jpg?1787739992,Omega,103,0,MNK
Hatozo Ito,39455624,7,6,Typhon,Elemental,3232,0,a2de1cbebb1230e8f11f0fa765df7d0f_32d8c9c7cd5f62d62da2d31b6750a680fc0.jpg?1787740593,Omega,113,8,RDM
K' R',8489348,8,7,Chocobo,Mana,3197,0,38834b79bf39846f80b605b4a592c2eb_781d6b3603312f6be41670afa37282e0fc0.jpg?1787740352,Omega,132,0,AST
Merry Scrald,11886780,9,8,Belias,Meteor,3078,0,7bfbd82582fd003bc514339935d874a7_894c4bd0beab2e2beb44b74f4c4bd206fc0.jpg?1787739841,Omega,89,0,AST
Ciel Cocco,27192023,10,9,Anima,Mana,3065,0,05df3829299dc9e3c4ba0bceb512525a_2f698530a28d671d20278c8518c804c9fc0.jpg?1787739473,Omega,182,0,SAM
Vivi Ann,4766157,11,0,Kujata,Elemental,2978,0,9543e197b2faf03aa21058f9deedc408_72c48f093f2278ac3243962d3eb6a8d7fc0.jpg?1787739653,Omega,145,0,SMN
Kite Free,28865954,12,82,Kujata,Elemental,2973,890,b602646591e3d050094503c65590ee4c_72c48f093f2278ac3243962d3eb6a8d7fc0.jpg?1787738761,Omega,39,13,NIN
Bakeke Bake,40527195,13,22,Asura,Mana,2953,258,2df47416611081755cf9e0cd7c586afa_53f1445a9f28799a32ea55f046319fc3fc0.jpg?1787741034,Omega,146,10,MCH
Dome Violet,45179152,14,12,Masamune,Mana,2918,0,a95c15ebd393e5497d6641d375ec02b1_134930215abb8a90ec37d6cc05b05e08fc0.jpg?1787739287,Omega,198,0,BRD
Naku Cha,51398763,15,13,Zeromus,Meteor,2897,0,d1f355424cec05811e0f15dc0a707de5_c76848359d0b4d2f37aefbb9903ed97bfc0.jpg?1787739561,Omega,65,4,NIN
Wonton Starlight,27496660,16,14,Chocobo,Mana,2885,0,8d6c3f0a6f695cdc94b9234b6c28be22_781d6b3603312f6be41670afa37282e0fc0.jpg?1787740434,Omega,232,16,SAM
Emil Sarasun,7191072,17,15,Asura,Mana,2832,0,052a2527c0dee23533f8162c40d66898_53f1445a9f28799a32ea55f046319fc3fc0.jpg?1787741550,Omega,96,0,SMN
Djinn Piston,44999217,18,16,Durandal,Gaia,2831,0,f34e66517ae3b26262c9b4f09835c5a0_806ea5b45071d5cd6bf393e38462ee71fc0.jpg?1787739832,Omega,64,0,MNK
Aizen Sosuke,46625154,19,17,Asura,Mana,2791,0,084fe9c7ee753ba32657d9e49b4edde5_53f1445a9f28799a32ea55f046319fc3fc0.jpg?1787739562,Omega,139,0,UNK
Piccolo Saaaaann,23336998,20,18,Asura,Mana,2789,0,efa27fc6ea5fa0a09f429159c3346a0f_53f1445a9f28799a32ea55f046319fc3fc0.jpg?1787738468,Omega,300,17,VPR
Tarex Youva,26374295,21,19,Tonberry,Elemental,2780,0,7dad78de32b2e7e31077d03f095a81ac_7bb6b1e488f0e4f01c5314d010b60f31fc0.jpg?1787741725,Omega,189,11,SAM
Atsu Bow,47953241,22,34,Mandragora,Meteor,2753,297,a397b9893231105b4549ed9a8721c60a_ee738654add55c3d07ea92d8e108074cfc0.jpg?1787740416,Omega,257,15,DRG
Makina Belg,23683223,23,20,Belias,Meteor,2729,0,ffed281791b6f91e5a2000e4917cfeeb_894c4bd0beab2e2beb44b74f4c4bd206fc0.jpg?1787740343,Omega,153,0,MNK
Kappi Scarlet,11922639,24,21,Asura,Mana,2698,0,820f32c739a02029fdacf6c96cbf1fa4_53f1445a9f28799a32ea55f046319fc3fc0.jpg?1787739334,Omega,152,0,SGE
Grey Book,51082088,25,23,Alexander,Gaia,2695,0,2b2e5a5f068a7529dabfbbf6c918d473_b7a71d8799cf6dd75b711a7f52de6675fc0.jpg?1787741114,Omega,87,0,VPR
Ame Ame,53697484,26,36,Titan,Mana,2694,298,93d3d9e0c4003776bb652473d623797e_e2bb3f9679fec6d4836fcf8abcc3eeacfc0.jpg?1787738976,Omega,63,4,UNK
Imlink Rr,46726473,27,24,Bahamut,Gaia,2636,0,6c9ffcd32b7d78e8b7e09c63d130ef2a_86da943caa70c8694707ab2ff74e68c9fc0.jpg?1787741108,Omega,274,6,MCH
Tango Ngo,47753273,28,25,Alexander,Gaia,2629,0,c8ff6406f324ec51842e0a491ba1e4fa_b7a71d8799cf6dd75b711a7f52de6675fc0.jpg?1787739448,Omega,208,0,VPR
Sura Imo,25164389,29,26,Shinryu,Meteor,2584,0,d2cd07ab0f766e9dd870046dcc7fae97_87b7d447f40b06dfc7228caf195f7dcffc0.jpg?1787738730,Omega,48,0,DRK
Mun- Mutyo,18063500,30,27,Bahamut,Gaia,2580,0,870df3b6a4306c3c3de44d72fc9a577d_86da943caa70c8694707ab2ff74e68c9fc0.jpg?1787739626,Omega,185,8,NIN
Sono Ta,49701933,31,28,Shinryu,Meteor,2574,0,c5fbe5dc524e8f9d2eb8b7c350df2a00_87b7d447f40b06dfc7228caf195f7dcffc0.jpg?1787741599,Omega,48,0,DRK
Fania Eckert,2837251,32,49,Titan,Mana,2568,292,7177d6fdd5036eebc72834f8376cd1cf_e2bb3f9679fec6d4836fcf8abcc3eeacfc0.jpg?1787738606,Omega,189,3,PCT
Seraki Matsushima,43566777,33,142,Ixion,Mana,2545,778,1e4675de3ee8e4d8e053dede59297104_7126768d768f6c6c7fed3eaee98c3a8afc0.jpg?1787738396,Omega,68,19,PCT
Aman Kaharmine,37434311,34,29,Belias,Meteor,2538,0,7fa9aa672753e286a5710cf338755727_894c4bd0beab2e2beb44b74f4c4bd206fc0.jpg?1787740299,Omega,320,5,UNK
Peng In,60228501,35,30,Bahamut,Gaia,2538,0,871397d65bde709b44c83fca4e18a1b3_86da943caa70c8694707ab2ff74e68c9fc0.jpg?1787740446,Omega,127,20,SMN
Jay Eins,3930926,36,31,Chocobo,Mana,2499,0,31d212c5602873cad51c02ca3a1707f4_781d6b3603312f6be41670afa37282e0fc0.jpg?1787740232,Omega,66,0,DRG
Robs Wiz,47501636,37,32,Aegis,Elemental,2491,0,24b0e4e155ae76da2a553003980ac156_3ea38e723c590aabf186367e1eb7e6a1fc0.jpg?1787740072,Omega,200,1,DRG
Tsuchi Tsuki,39089046,38,33,Bahamut,Gaia,2481,0,032858264c706c6341f57dbef9e86da1_86da943caa70c8694707ab2ff74e68c9fc0.jpg?1787738971,Omega,66,0,DRK
Shiman Chu,38475144,39,35,Yojimbo,Meteor,2455,0,4cb93a24c937da83418345140d361e9b_4a92c619bde4f34cfa77e05fef21ad85fc0.jpg?1787739942,Omega,120,0,SAM
Zsika Mu',18898369,40,37,Ridill,Gaia,2396,0,ed7f8569bf4537dfd9f2ea953ad59e8a_138751880f18161a907d7cf0faa43f07fc0.jpg?1787738648,Omega,56,0,UNK
Neneco Neko,60257588,41,38,Ultima,Gaia,2392,0,d410b53bdce1036d1d4331de5dd4f44e_9df1b3cb0da35db33c17ef11ddf12adafc0.jpg?1787739327,Omega,69,0,ALC
Lucy Tave,5530448,42,39,Durandal,Gaia,2382,0,fd7ea485d2ba7644c76c49d7b00fce24_806ea5b45071d5cd6bf393e38462ee71fc0.jpg?1787739502,Omega,605,22,WAR
Pero Noir,27109057,43,40,Ultima,Gaia,2381,0,889b0b13f93f702d3df91ec97e272102_9df1b3cb0da35db33c17ef11ddf12adafc0.jpg?1787740154,Omega,59,0,MNK
Furanzeska Sumeragi,8414050,44,41,Tonberry,Elemental,2376,8,7300d72d23103eb5494b3e21bf99b3b6_7bb6b1e488f0e4f01c5314d010b60f31fc0.jpg?1787738949,Omega,88,6,SMN
Taroe Kobuta,8734523,45,42,Kujata,Elemental,2367,0,821347c202f7d7d6b676bd393bcdfdae_72c48f093f2278ac3243962d3eb6a8d7fc0.jpg?1787741028,Omega,368,0,RPR
Minisuta Blood,24769179,46,43,Atomos,Elemental,2360,0,851ddd354ea9b3a8e623078a0f4d8a05_cf768a751b1f5e355c2fd39a9ed91f3ffc0.jpg?1787738624,Omega,39,0,DRG
Lancer Yan,18545180,47,44,Fenrir,Gaia,2354,0,b5d95c2f29f83c258c8ed96425acd32b_d384cf5ad7db803f29799f36ebbc3eadfc0.jpg?1787739110,Omega,63,0,NIN
Aurora Duskveil,14659861,48,45,Carbuncle,Elemental,2347,0,8d51113f06ccc3227a4928f8ab5ddee6_9eb3c19866f7ae0eeeffac7bf770aba5fc0.jpg?1787739993,Omega,151,0,RPR
Lan Dame-celot,31839759,49,46,Ifrit,Gaia,2338,0,c278e5b98fa396fbc950aeafdb5aaee8_f9f796348bc43067c7242ec4551cde69fc0.jpg?1787740032,Omega,69,0,DRK
Snow Albarn,25263326,50,47,Fenrir,Gaia,2336,0,fa179c06d46acce251bb94d22a05e931_d384cf5ad7db803f29799f36ebbc3eadfc0.jpg?1787741104,Omega,151,1,PCT
Basta Reno,31797927,51,48,Carbuncle,Elemental,2305,0,22b32c1986bb9c2732e5f877f7cbdbd6_9eb3c19866f7ae0eeeffac7bf770aba5fc0.jpg?1787739301,Omega,70,1,RDM
Aeritte Ravel,41831914,52,50,Carbuncle,Elemental,2275,0,56a646fd4b2eb086bf8c9d712567e62f_9eb3c19866f7ae0eeeffac7bf770aba5fc0.jpg?1787739992,Omega,170,0,MNK
Akki Noc,2298162,53,59,Alexander,Gaia,2265,100,4a145f36c7316e0d32845d32af5e92bd_b7a71d8799cf6dd75b711a7f52de6675fc0.jpg?1787740547,Omega,125,10,SGE
Lupinus Lily,33777966,54,51,Ultima,Gaia,2263,0,6f019b443ab48375b1bcc5e5aa0debf9_9df1b3cb0da35db33c17ef11ddf12adafc0.jpg?1787739025,Omega,92,3,GNB
Xignas Schwalbe,2577287,55,52,Anima,Mana,2262,0,726f737868161a35f25fb4e06bccf08e_2f698530a28d671d20278c8518c804c9fc0.jpg?1787738824,Omega,176,0,VPR
Kuno Cadenzavnaeve,42178142,56,53,Ifrit,Gaia,2260,0,85baa25ca299e93ef56226f40814f03b_f9f796348bc43067c7242ec4551cde69fc0.jpg?1787739590,Omega,98,1,NIN
Sukoya Mihirogi,42042279,57,64,Anima,Mana,2249,99,58dacb01c0c75e38125f892840beb026_2f698530a28d671d20278c8518c804c9fc0.jpg?1787740156,Omega,134,2,WAR
Velvet Shilky,15655369,58,54,Anima,Mana,2244,0,988a0ec11e3b6bbbfc5478b0eab4b03f_2f698530a28d671d20278c8518c804c9fc0.jpg?1787740658,Omega,313,7,PLD
Ciao' Chu-ru,46227731,59,55,Asura,Mana,2243,0,4407462a62eb8cb31cec691e9f214c86_53f1445a9f28799a32ea55f046319fc3fc0.jpg?1787738469,Omega,88,0,UNK
Death-by Glamour,50007656,60,56,Fenrir,Gaia,2236,0,73746aab8b21d5917fab43f4db6f35aa_d384cf5ad7db803f29799f36ebbc3eadfc0.jpg?1787741778,Omega,57,0,UNK
Mialulu Sabotage,33714151,61,72,Tiamat,Gaia,2191,98,ed107570ce5fd9ee695034c45ef4d395_9f10d335198e90990f3437c5733468e7fc0.jpg?1787739438,Omega,50,1,BRD
Hosi Lumier,20014623,62,106,Ridill,Gaia,2190,209,126e42d301322000c4e965281e8f7098_138751880f18161a907d7cf0faa43f07fc0.jpg?1787740077,Omega,168,6,BRD
Noin Kurial,23981966,63,57,Asura,Mana,2177,0,83830f722858537d3bbdd6afabacaa3d_53f1445a9f28799a32ea55f046319fc3fc0.jpg?1787741299,Omega,49,0,AST
Tige Noir,13429005,64,58,Ridill,Gaia,2170,0,92cf71f8edc971b0656a49db62280b09_138751880f18161a907d7cf0faa43f07fc0.jpg?1787740943,Omega,240,14,DNC
Gogant Gogant,24052697,65,60,Atomos,Elemental,2163,0,9b2637d94cc0b341ddad961722026fdf_cf768a751b1f5e355c2fd39a9ed91f3ffc0.jpg?1787740632,Omega,115,0,SAM
Tam Sin,26754914,66,61,Ultima,Gaia,2157,0,4e875947aa4b95d1be857096f32d4ae8_9df1b3cb0da35db33c17ef11ddf12adafc0.jpg?1787740397,Omega,76,0,SAM
Coffee Mint,29415966,67,62,Titan,Mana,2154,0,e5a147803c62c81952bc0c786dcfc3cb_e2bb3f9679fec6d4836fcf8abcc3eeacfc0.jpg?1787738979,Omega,673,16,RDM
Soujirou Seta,4110224,68,63,Tonberry,Elemental,2153,0,7453a7542d76520abe9dd8dcc3572b78_7bb6b1e488f0e4f01c5314d010b60f31fc0.jpg?1787740247,Omega,130,10,SAM
Lil Latte,55025559,69,65,Anima,Mana,2142,0,2d01c7e9c74b9faebdd6d9ece7c9eb4a_2f698530a28d671d20278c8518c804c9fc0.jpg?1787741014,Omega,219,0,UNK
Aslan Miller,42003071,70,66,Ixion,Mana,2142,0,091d6880c471f9f4c412b704f952af81_7126768d768f6c6c7fed3eaee98c3a8afc0.jpg?1787739875,Omega,216,27,SCH
Sidurgu Obsidian,17768556,71,67,Garuda,Elemental,2139,0,19277f9e0fcd9432fb16b0e1cbad47a7_fcb1f5b0249d1069e5bdc66d0796f26afc0.jpg?1787741341,Omega,83,0,WHM
Yuki Yui,25457703,72,68,Ultima,Gaia,2105,0,53e27d2153b5d4878ef23b1326589ff5_9df1b3cb0da35db33c17ef11ddf12adafc0.jpg?1787741589,Omega,128,0,UNK
Walter Winston,3431710,73,69,Fenrir,Gaia,2104,0,bee8390354426d2c1d42d687a0de29d5_d384cf5ad7db803f29799f36ebbc3eadfc0.jpg?1787740211,Omega,75,0,WAR
Fuki Non,51302585,74,70,Titan,Mana,2096,0,99d46e5dfaf54e3a630e700cbd41968b_e2bb3f9679fec6d4836fcf8abcc3eeacfc0.jpg?1787739257,Omega,67,0,WHM
Fury Halone,31201226,75,152,Chocobo,Mana,2095,401,391e22872f5bc92045c105b0c7778c1b_781d6b3603312f6be41670afa37282e0fc0.jpg?1787738779,Omega,51,6,WAR
Kotori Angel,11433233,76,71,Alexander,Gaia,2094,0,249a60efd4f3f03c25a40a0c3c35d33f_b7a71d8799cf6dd75b711a7f52de6675fc0.jpg?1787740327,Omega,60,0,DRG
Flavia Saurva,29364722,77,73,Chocobo,Mana,2089,0,4a9b8d9e5f338a0c28625b5656567941_781d6b3603312f6be41670afa37282e0fc0.jpg?1787740536,Omega,52,0,RPR
Elosie Ue,46030616,78,74,Bahamut,Gaia,2087,0,cdd278ec7274c3a04f790d4954079c53_86da943caa70c8694707ab2ff74e68c9fc0.jpg?1787739295,Omega,79,0,SGE
Yuki Macaron-vanille,37997737,79,75,Ridill,Gaia,2087,0,87df14febf49ad8a24a323b239fb3250_138751880f18161a907d7cf0faa43f07fc0.jpg?1787739911,Omega,66,0,RDM
Kikiru Kiru,32877503,80,76,Pandaemonium,Mana,2086,0,e7b80247dc6473f7ec0cd4127f78efb3_470db1bf2e865f9130531fea40b61ee4fc0.jpg?1787740905,Omega,35,0,RDM
Avail Tec,46450631,81,77,Garuda,Elemental,2085,0,174c8b1a79d654754078bef6b8c51067_fcb1f5b0249d1069e5bdc66d0796f26afc0.jpg?1787738775,Omega,78,0,SAM
Ardbert Hylfyst,31584604,82,78,Belias,Meteor,2085,0,964952d6da8636ab55a5b87a925f0d4c_894c4bd0beab2e2beb44b74f4c4bd206fc0.jpg?1787739571,Omega,31,0,UNK
Rip Rill,726210,83,79,Gungnir,Elemental,2084,0,1ed2cf8fd8dc78c1ec061d9bb9c45462_8f82f937943b6baf4c565020d5eba0ccfc0.jpg?1787739992,Omega,223,2,WHM
Inori Chan,54439983,84,80,Asura,Mana,2084,0,924e00538b2fef48f1ddd6b463e8f7ef_53f1445a9f28799a32ea55f046319fc3fc0.jpg?1787740777,Omega,24,0,VPR
Yoochan Fantasy,30892468,85,81,Anima,Mana,2083,0,179b316106d60bb1488917ac1c45548c_2f698530a28d671d20278c8518c804c9fc0.jpg?1787739449,Omega,66,0,DRG
Muutyo Ganajai,35379364,86,83,Ridill,Gaia,2082,0,5435163c8ed77079a8f6bdb50b7b4da2_138751880f18161a907d7cf0faa43f07fc0.jpg?1787740423,Omega,69,0,SGE
Tomomomo Momomo,25830708,87,84,Ramuh,Meteor,2080,0,d1b6359fffbcc60e8bddc1120dc05d55_410ddb5a66a2fcacf538bec5ea5d0291fc0.jpg?1787740782,Omega,46,0,WAR
Ura Ururu,59087727,88,85,Chocobo,Mana,2080,0,cbc6fb7e99cc3d57226a4684079c139c_781d6b3603312f6be41670afa37282e0fc0.jpg?1787739402,Omega,40,0,BRD
Douglas Ward,32519646,89,86,Asura,Mana,2077,0,5902010d301aa95176126fcdef0dc7c7_53f1445a9f28799a32ea55f046319fc3fc0.jpg?1787741723,Omega,322,0,RDM
Shion Amber,26147773,90,87,Unicorn,Meteor,2075,0,e2ecf01d14ce449e8393bc3f5dfc57f4_393eb74047bb90c8d80dea54218430eefc0.jpg?1787740212,Omega,33,1,AST
Ria Esta,46580024,91,88,Typhon,Elemental,2071,0,537b652a83e9ead35e927e93170f46f0_32d8c9c7cd5f62d62da2d31b6750a680fc0.jpg?1787740390,Omega,67,11,MCH
Elisa Wolframite,18964939,92,89,Hades,Mana,2069,0,5582934bb6b94d50874d7d241225aa74_a4730651230dd43cb129562a30d531aefc0.jpg?1787739507,Omega,137,13,NIN
Lain Wired,1578110,93,124,Chocobo,Mana,2068,187,51b29015827612eb3c28c2c8dd0f43ef_781d6b3603312f6be41670afa37282e0fc0.jpg?1787741489,Omega,222,5,PCT
Sha Moji,19121169,94,90,Carbuncle,Elemental,2068,0,eb82915777eea0c952b2885bf59641d9_9eb3c19866f7ae0eeeffac7bf770aba5fc0.jpg?1787740421,Omega,154,0,MCH
Kana Drouv,37418772,95,91,Mandragora,Meteor,2068,0,556bea70c6c70acf776be4041d191d92_ee738654add55c3d07ea92d8e108074cfc0.jpg?1787740955,Omega,40,0,SAM
Regret Weise,15486920,96,128,Fenrir,Gaia,2066,196,13172be4a1ad05d87f2b3a6e43f14d31_d384cf5ad7db803f29799f36ebbc3eadfc0.jpg?1787741827,Omega,72,7,WHM
Suteiki Niku,21443132,97,92,Ixion,Mana,2065,0,2f186f805d4bb29abd9458d61593b81a_7126768d768f6c6c7fed3eaee98c3a8afc0.jpg?1787739770,Omega,204,0,DRK
Jawa San,3768644,98,93,Titan,Mana,2065,0,6dc7f48778a077c0339870e942a79f2e_e2bb3f9679fec6d4836fcf8abcc3eeacfc0.jpg?1787740142,Omega,138,0,NIN
Scarlet Liora,50450849,99,94,Ridill,Gaia,2056,0,823b2552238fefce05d1a2e39630911f_138751880f18161a907d7cf0faa43f07fc0.jpg?1787740614,Omega,75,0,PCT
Akatuki Re,22410327,100,95,Carbuncle,Elemental,2051,0,b3e601fbc493d7bc642faec11f3c05fb_9eb3c19866f7ae0eeeffac7bf770aba5fc0.jpg?1787741269,Omega,122,2,RDM
Beatrice Rosenkreuz,31285042,101,132,Tiamat,Gaia,2050,200,1972bc9fb243d5cb03ad68af2779564d_9f10d335198e90990f3437c5733468e7fc0.jpg?1787740222,Omega,56,3,PLD
Creya Oaks,20662074,102,96,Tonberry,Elemental,2037,0,0fb57385ff1c90e3ea26edc53722b78c_7bb6b1e488f0e4f01c5314d010b60f31fc0.jpg?1787740448,Omega,257,10,DNC
Inx Chrono,21920611,103,97,Yojimbo,Meteor,2024,0,83c01df24231dda93176c28e69768459_4a92c619bde4f34cfa77e05fef21ad85fc0.jpg?1787740926,Omega,231,4,SMN
Ren Chamx,43411675,104,98,Chocobo,Mana,2023,0,d14faf3557b40f62c1fd8e9103ff0ca1_781d6b3603312f6be41670afa37282e0fc0.jpg?1787739106,Omega,163,0,MCH
Sakura Nemutai,55109399,105,99,Titan,Mana,2021,0,efa9ef6672998c8a9c860e5e104d6b3e_e2bb3f9679fec6d4836fcf8abcc3eeacfc0.jpg?1787741520,Omega,151,0,SGE
Devil May'cry,43140387,106,100,Chocobo,Mana,2015,0,bc38e75d4332eb0a661f158200cedb80_781d6b3603312f6be41670afa37282e0fc0.jpg?1787739954,Omega,44,0,UNK
Yan Yan,3182501,107,101,Alexander,Gaia,2012,0,5cd079575de2bd01f87a188c93738695_b7a71d8799cf6dd75b711a7f52de6675fc0.jpg?1787741188,Omega,76,2,NIN
Kaede Felis,33728274,108,102,Typhon,Elemental,2002,0,40686a32bf2ab631ff7e7677fc614cb3_32d8c9c7cd5f62d62da2d31b6750a680fc0.jpg?1787740556,Omega,127,0,DRG
Yoruki Hiroran,56925172,109,103,Typhon,Elemental,2001,0,68df19c82415e8fed5592345fb9acbd3_32d8c9c7cd5f62d62da2d31b6750a680fc0.jpg?1787741118,Omega,43,0,SGE
Neku Xyst,23660389,110,104,Ifrit,Gaia,1991,0,fb1f5fe2519e579c50b2b5aa89992706_f9f796348bc43067c7242ec4551cde69fc0.jpg?1787740085,Crystal,64,0,VPR
He Ro,57048881,111,105,Ultima,Gaia,1988,0,1988e9fc4df817df742388c245715b40_9df1b3cb0da35db33c17ef11ddf12adafc0.jpg?1787741409,Crystal,552,17,UNK
Ku Chan,35624538,112,155,Shinryu,Meteor,1986,297,c563ef5b623babbcbf7d852a7e64c31e_87b7d447f40b06dfc7228caf195f7dcffc0.jpg?1787740067,Crystal,76,9,WHM
Uta Tubame,12421333,113,107,Zeromus,Meteor,1983,2,4c1c1810ab77c61696ca66b0716fd309_c76848359d0b4d2f37aefbb9903ed97bfc0.jpg?1787740518,Crystal,97,4,PCT
Iroha Date,6961136,114,108,Aegis,Elemental,1973,0,554b38366a6696fd4ca04583ad727660_3ea38e723c590aabf186367e1eb7e6a1fc0.jpg?1787740190,Crystal,129,0,SCH
Kirakira Akira,55531034,115,109,Typhon,Elemental,1973,0,5934f798f998575286709c767ba05f59_32d8c9c7cd5f62d62da2d31b6750a680fc0.jpg?1787740788,Crystal,35,0,SMN
Tamago Crab,1576417,116,126,Chocobo,Mana,1971,95,0bce11216fe6e4e1cecfe7c969a1460f_781d6b3603312f6be41670afa37282e0fc0.jpg?1787740358,Crystal,123,9,SMN
Amarl Malaguld,27652092,117,110,Masamune,Mana,1966,0,92f5a8f587b00180a706bf0adc6692cb_134930215abb8a90ec37d6cc05b05e08fc0.jpg?1787738313,Crystal,65,0,SMN
Ajika Rajika,6811285,118,111,Tiamat,Gaia,1916,0,97621d00c96124d00a3c01cec2dde5f8_9f10d335198e90990f3437c5733468e7fc0.jpg?1787740698,Crystal,104,0,UNK
Che'rie Amiri,60682859,119,112,Zeromus,Meteor,1913,0,74b40d795da2cd26657f9838869b63da_c76848359d0b4d2f37aefbb9903ed97bfc0.jpg?1787740799,Crystal,113,0,UNK
Baked Potapota,42031891,120,134,Ramuh,Meteor,1908,93,1b1e5ff45bcbd6a80c94ee1c0c8bddcf_410ddb5a66a2fcacf538bec5ea5d0291fc0.jpg?1787739306,Crystal,108,10,AST
Meilkea Inori,40934425,121,113,Aegis,Elemental,1904,0,4c256b756b0f4f43b209ec71728dc0e2_3ea38e723c590aabf186367e1eb7e6a1fc0.jpg?1787741141,Crystal,296,9,UNK
Wuruwuru Yaya,19903532,122,114,Asura,Mana,1904,0,c4dcc6326814217e41a2636e5dd8eea3_53f1445a9f28799a32ea55f046319fc3fc0.jpg?1787740999,Crystal,143,14,NIN
Ririca Rica,22451341,123,118,Valefor,Meteor,1900,9,b82d75152d14ebf44db2622ef433b4f4_485f4777c38002871591fb54f27edc65fc0.jpg?1787738683,Crystal,196,4,DRG
Link Ring,55955379,124,115,Durandal,Gaia,1899,0,cd57a4705e19ebab4b3922b039f3a7b7_806ea5b45071d5cd6bf393e38462ee71fc0.jpg?1787738705,Crystal,100,0,BLM
Nao Fu,41247403,125,116,Shinryu,Meteor,1897,0,cfc231e11fac22b1fb8d9d27cee48586_87b7d447f40b06dfc7228caf195f7dcffc0.jpg?1787741348,Crystal,106,0,AST
Roric Thorne,59323169,126,117,Pandaemonium,Mana,1895,0,4ff669632484c5fdf241ea2b9f955435_470db1bf2e865f9130531fea40b61ee4fc0.jpg?1787739126,Crystal,24,0,PCT
Hana'ni Narou,55619969,127,119,Bahamut,Gaia,1890,0,6fed23863620c8b715cbb8ea2b38180f_86da943caa70c8694707ab2ff74e68c9fc0.jpg?1787740634,Crystal,76,15,PLD
Okome Justice,58734775,128,120,Durandal,Gaia,1889,0,3589d26a22faffebd4c39812822aab8a_806ea5b45071d5cd6bf393e38462ee71fc0.jpg?1787738682,Crystal,41,0,BRD
Sead Slendisch,27788989,129,121,Asura,Mana,1888,0,c9bd1276c77cf644ce955ce68575aa37_53f1445a9f28799a32ea55f046319fc3fc0.jpg?1787739730,Crystal,140,0,SGE
Alt Sanktgallen,2143482,130,158,Mandragora,Meteor,1888,205,5c873dda3f483d96a474d6049544be77_ee738654add55c3d07ea92d8e108074cfc0.jpg?1787739336,Crystal,101,4,VPR
Rohesa Morgan,10586618,131,122,Ramuh,Meteor,1884,0,1b6623c84e2fcee5c1d726a691ab88ba_410ddb5a66a2fcacf538bec5ea5d0291fc0.jpg?1787741096,Crystal,201,7,WVR
Cait Sith,1574936,132,123,Tiamat,Gaia,1883,0,fc4156170aa1fca8004a80238705e5cf_9f10d335198e90990f3437c5733468e7fc0.jpg?1787740018,Crystal,120,0,SMN
Hollow Crown,59144034,133,125,Chocobo,Mana,1880,0,b91b6512544e8803d649622f67e53eab_781d6b3603312f6be41670afa37282e0fc0.jpg?1787741561,Crystal,31,0,MNK
Kur Age,27916663,134,127,Ifrit,Gaia,1872,0,b6c15539902ac3615580d0c358a2ce3a_f9f796348bc43067c7242ec4551cde69fc0.jpg?1787739219,Crystal,46,0,SGE
U-ta Rona,33778140,135,129,Ifrit,Gaia,1862,0,5364399662a84913de2dc736c1cdcfc6_f9f796348bc43067c7242ec4551cde69fc0.jpg?1787741154,Crystal,94,4,AST
Wabi Suke,1601102,136,130,Asura,Mana,1855,0,355b0ae1cb512875c96e88afa06d36a7_53f1445a9f28799a32ea55f046319fc3fc0.jpg?1787740775,Crystal,477,39,NIN
Crystalline Conflict,56094564,137,131,Kujata,Elemental,1852,0,dcae5be360cd5ac359780dd998fbbf57_72c48f093f2278ac3243962d3eb6a8d7fc0.jpg?1787740431,Crystal,141,12,UNK
Fuuga Reinfeldt,29495648,138,133,Unicorn,Meteor,1844,0,4441cdfb6f60085397a6647656e86646_393eb74047bb90c8d80dea54218430eefc0.jpg?1787739675,Crystal,129,0,DRG
Ruru Rururun,41786182,139,135,Ifrit,Gaia,1812,0,3fd0ff0d0e58f6a761a54eebd33b7bc6_f9f796348bc43067c7242ec4551cde69fc0.jpg?1787738550,Crystal,385,9,UNK
Nicku Nicku,18939474,140,136,Tonberry,Elemental,1804,0,c713d7a775bba8adf5d47b2630f63674_7bb6b1e488f0e4f01c5314d010b60f31fc0.jpg?1787738803,Crystal,20,0,UNK
Black' Cat,27132360,141,137,Ifrit,Gaia,1800,0,25f0dd65be1cf71e9e26e0bcc0dc271f_f9f796348bc43067c7242ec4551cde69fc0.jpg?1787738257,Crystal,145,5,PLD
Nocturne Midnightblue,55368101,142,138,Asura,Mana,1798,0,e9f7726a264875c782e0384932dbf161_53f1445a9f28799a32ea55f046319fc3fc0.jpg?1787740636,Crystal,68,0,WHM
Cey Noqed,56239764,143,139,Anima,Mana,1783,0,05a455503c1b9dc0712f50ad519d9d21_2f698530a28d671d20278c8518c804c9fc0.jpg?1787739132,Crystal,100,0,SAM
Yo Na,52935364,144,140,Fenrir,Gaia,1783,0,2517fd5dbad75617e546949761815db9_d384cf5ad7db803f29799f36ebbc3eadfc0.jpg?1787738703,Crystal,67,0,NIN
Korone Yubi,38334943,145,141,Yojimbo,Meteor,1768,0,f96e46a75ff8692aefd4bf0841f4e177_4a92c619bde4f34cfa77e05fef21ad85fc0.jpg?1787738364,Crystal,115,0,NIN
Yuuki Swallowtail,32886185,146,143,Kujata,Elemental,1714,0,712840b89db68c0862aff570eefb28c6_72c48f093f2278ac3243962d3eb6a8d7fc0.jpg?1787739880,Crystal,129,0,BRD
Cinzia Castagnone,42223337,147,144,Ultima,Gaia,1713,0,f04869081ccf9229ca06746e399b2740_9df1b3cb0da35db33c17ef11ddf12adafc0.jpg?1787739573,Crystal,111,2,AST
Rex Cold,46340519,148,145,Bahamut,Gaia,1709,0,5a590acfa6bbe6cddd1eb5143c7070f2_86da943caa70c8694707ab2ff74e68c9fc0.jpg?1787738279,Crystal,69,14,UNK
Hso Gkd,39936541,149,147,Asura,Mana,1702,0,4f7b0c3e146a0735f571292dfccd0adb_53f1445a9f28799a32ea55f046319fc3fc0.jpg?1787741195,Crystal,66,12,MNK
Orpheus Jongleur,3414846,150,146,Bahamut,Gaia,1702,0,091f84408fe996c55b0d18af8fc1d9d6_86da943caa70c8694707ab2ff74e68c9fc0.jpg?1787740228,Crystal,64,0,BLM
Nov Noa,56271994,151,153,Tiamat,Gaia,1698,5,0711a53e252756264a473f2b53d53cad_9f10d335198e90990f3437c5733468e7fc0.jpg?1787739591,Crystal,41,13,SCH
Inu- Pe-,42153397,152,148,Anima,Mana,1697,0,40c3101dfff66955ad4d9b06fda6e3a8_2f698530a28d671d20278c8518c804c9fc0.jpg?1787741445,Crystal,261,0,SAM
Sol Perfect,13175986,153,149,Hades,Mana,1697,0,09b81422623fbfed2cbc5f5650d41a6f_a4730651230dd43cb129562a30d531aefc0.jpg?1787741483,Crystal,56,2,SMN
Jios Quartar,3179754,154,150,Tiamat,Gaia,1695,0,e4a3c15118c1258c3c33b152cbada545_9f10d335198e90990f3437c5733468e7fc0.jpg?1787740084,Crystal,134,6,BRD
Ml Tei,47822875,155,151,Alexander,Gaia,1695,0,259bd72e639c252e3e6ab819661c07a6_b7a71d8799cf6dd75b711a7f52de6675fc0.jpg?1787739826,Crystal,25,0,DRK
Lufefe Lufe,8829146,156,154,Mandragora,Meteor,1691,0,91e252cc1edf40cc72e7912c50fbfde7_ee738654add55c3d07ea92d8e108074cfc0.jpg?1787739483,Crystal,96,0,BRD
Jack O'brian,12218514,157,156,Valefor,Meteor,1689,0,c75b51feaef2edd8ae7e838fdfef63ae_485f4777c38002871591fb54f27edc65fc0.jpg?1787739872,Crystal,39,0,MNK
Laru Gucchi,4772544,158,157,Durandal,Gaia,1686,0,766e8af080f3aa6e38ee510dee4807b8_806ea5b45071d5cd6bf393e38462ee71fc0.jpg?1787739357,Crystal,90,2,DRG
Momikucha Ocojo,51451812,159,184,Ixion,Mana,1681,99,52ebf8cad8e1a025e1469ada4534a0f2_7126768d768f6c6c7fed3eaee98c3a8afc0.jpg?1787741738,Crystal,109,2,UNK
Maito Melek,26875635,160,159,Hades,Mana,1680,0,f46d534bca38450ba9b70bb608411c3e_a4730651230dd43cb129562a30d531aefc0.jpg?1787738426,Crystal,27,4,UNK
Lilica Astadir,3503219,161,160,Valefor,Meteor,1677,0,5af5f880cbf4a0fb2fc785912a217eae_485f4777c38002871591fb54f27edc65fc0.jpg?1787740148,Crystal,89,5,DRG
Citrullus Lanatus,44400335,162,161,Yojimbo,Meteor,1677,0,13ea310de2d8cda4dccc636dbfe2e046_4a92c619bde4f34cfa77e05fef21ad85fc0.jpg?1787739357,Crystal,44,0,SAM
Mao Caprice,32793338,163,162,Titan,Mana,1675,0,101c8c73de660221dc8ad95fafa4ad3c_e2bb3f9679fec6d4836fcf8abcc3eeacfc0.jpg?1787740644,Crystal,77,0,SGE
Aurelia Stratosfera,26527089,164,163,Unicorn,Meteor,1675,0,0ed689683555a9555b96a5599288d4a1_393eb74047bb90c8d80dea54218430eefc0.jpg?1787741471,Crystal,64,0,SAM
Liken Liekun,24806613,165,164,Shinryu,Meteor,1673,0,5aa5d27e0f5d07d19980648d6a9c2ba5_87b7d447f40b06dfc7228caf195f7dcffc0.jpg?1787738743,Crystal,193,11,SGE
Zwei Kreuz,14516450,166,0,Bahamut,Gaia,1673,1,367ea315b18ce50bb6f34a9ea77f3222_86da943caa70c8694707ab2ff74e68c9fc0.jpg?1787741017,Crystal,36,1,UNK
Moi Pomme,56383677,167,165,Anima,Mana,1672,0,df195b6c463065fc5c6cf34724d6875c_2f698530a28d671d20278c8518c804c9fc0.jpg?1787740047,Crystal,76,0,SMN
Aries San,12460047,168,167,Tiamat,Gaia,1668,0,00a39e6a3c0cb6e9529ffdf15a10dadb_9f10d335198e90990f3437c5733468e7fc0.jpg?1787738679,Crystal,100,0,SGE
Envy Lua,43034484,169,168,Valefor,Meteor,1632,0,e7cd2d55788c0aa6cbc5b71284096360_485f4777c38002871591fb54f27edc65fc0.jpg?1787740027,Crystal,86,2,AST
Chrono Meter,4807361,170,169,Zeromus,Meteor,1622,0,b74f258cbaba5cb680ca0095a0758cbb_c76848359d0b4d2f37aefbb9903ed97bfc0.jpg?1787739740,Crystal,351,22,UNK
Shattered Onyx,61529398,171,170,Mandragora,Meteor,1621,0,4507237b3154f0500f368c8975cd596c_ee738654add55c3d07ea92d8e108074cfc0.jpg?1787741441,Crystal,127,10,UNK
Khelby Trickster,1496735,172,171,Gungnir,Elemental,1619,0,fde8b59fda65550661c58e15a9026a06_8f82f937943b6baf4c565020d5eba0ccfc0.jpg?1787741019,Crystal,102,0,MIN
Piggy Walk,49739992,173,249,Alexander,Gaia,1618,299,3e967d228a864beca527f7f9e1561cb0_b7a71d8799cf6dd75b711a7f52de6675fc0.jpg?1787739716,Crystal,57,13,WAR
Mochi Dooooon,51161467,174,196,Hades,Mana,1607,99,fe8f2f3f207480dac3f25ca746d11cf4_a4730651230dd43cb129562a30d531aefc0.jpg?1787741498,Crystal,38,1,SGE
Ena Lucida,46120110,175,172,Valefor,Meteor,1602,0,0d22e7ccb96b881d94b2eaac8c63f55c_485f4777c38002871591fb54f27edc65fc0.jpg?1787740598,Crystal,124,2,UNK
Falaris Whitemoon,39272552,176,173,Carbuncle,Elemental,1602,0,ba7f541c520a57e21fce1321218d73b3_9eb3c19866f7ae0eeeffac7bf770aba5fc0.jpg?1787740136,Crystal,58,0,MNK
Hakuen Sinonome,10757391,177,174,Asura,Mana,1601,0,6660ba18e406e22fbec52d7b8d1ac332_53f1445a9f28799a32ea55f046319fc3fc0.jpg?1787741692,Crystal,32,2,DRG
Aquamarine Freyja,30360317,178,175,Titan,Mana,1600,0,0dfd1b818fb45dff90b6c17b14b71318_e2bb3f9679fec6d4836fcf8abcc3eeacfc0.jpg?1787740003,Crystal,63,1,MNK
Aristel Brown,3214595,179,176,Typhon,Elemental,1599,0,edba68904ef1184c5563cdd263603a74_32d8c9c7cd5f62d62da2d31b6750a680fc0.jpg?1787738937,Crystal,402,0,MCH
Planet Exploration,30755276,180,177,Ixion,Mana,1595,0,b2df099dea56680a53bbc8588e28444f_7126768d768f6c6c7fed3eaee98c3a8afc0.jpg?1787740769,Crystal,60,0,SGE
Fennel Earltea,21886406,181,178,Typhon,Elemental,1591,0,4e8f23f97ca17b02271d5d67829e204d_32d8c9c7cd5f62d62da2d31b6750a680fc0.jpg?1787738260,Crystal,100,0,WAR
Shinra Arasaka,24734269,182,203,Tiamat,Gaia,1589,96,2d735fa31b5cfcc7eabaae1839d0b731_9f10d335198e90990f3437c5733468e7fc0.jpg?1787738707,Crystal,44,1,SAM
Katuo Bushi,48894263,183,179,Garuda,Elemental,1588,0,8b92a347d66765b2b2d24c1ad40d5afa_fcb1f5b0249d1069e5bdc66d0796f26afc0.jpg?1787738868,Crystal,181,2,SAM
Rinfia Rint,24291060,184,180,Durandal,Gaia,1586,0,a0d48d9035ce8cb65db8d80e6f885428_806ea5b45071d5cd6bf393e38462ee71fc0.jpg?1787740167,Crystal,187,5,WHM
Shamia Lafihna,19352479,185,181,Hades,Mana,1586,0,d0039c35e86ce2926331c5c708ef39f6_a4730651230dd43cb129562a30d531aefc0.jpg?1787741700,Crystal,71,0,VPR
Ed Xii,61003934,186,237,Zeromus,Meteor,1586,205,abe7e4f5eb6a0af4b416d2bf4f34ef4d_c76848359d0b4d2f37aefbb9903ed97bfc0.jpg?1787740419,Crystal,36,4,PLD
Sweetbleed Viras,56084804,187,182,Ridill,Gaia,1585,0,98404495f2c5b2af87b2eb9ff9b3aaf0_138751880f18161a907d7cf0faa43f07fc0.jpg?1787739686,Crystal,151,0,SAM
Ursula Hackenschmidt,42648090,188,183,Fenrir,Gaia,1584,0,a665d50be7723b1660e54e045bb7a2fe_d384cf5ad7db803f29799f36ebbc3eadfc0.jpg?1787740183,Crystal,34,4,PLD
Hina Narumi,36489169,189,185,Masamune,Mana,1575,0,b92b3bffbe6d8e1f5f53a1f3735c1387_134930215abb8a90ec37d6cc05b05e08fc0.jpg?1787741319,Crystal,59,0,DRG
Dodopita Pittan,3558680,190,211,Tiamat,Gaia,1574,95,0c4178029dae08c0fcbe267d46034e76_9f10d335198e90990f3437c5733468e7fc0.jpg?1787739056,Crystal,92,5,SAM
Honey Cat,51251838,191,186,Ultima,Gaia,1565,0,c89504a579493fe83a6003536b5fcfdf_9df1b3cb0da35db33c17ef11ddf12adafc0.jpg?1787739436,Crystal,122,0,MCH
Hateful Past,26237856,192,187,Asura,Mana,1560,0,ed0c8f5d7b00b4c718fd834e96efdd7e_53f1445a9f28799a32ea55f046319fc3fc0.jpg?1787739482,Crystal,61,0,PLD
Aruku Babyun,7383311,193,188,Unicorn,Meteor,1558,0,c2fa4e98c1f4638d053218fa4c127b4c_393eb74047bb90c8d80dea54218430eefc0.jpg?1787740643,Crystal,190,7,DRK
Mitui Aset,29908583,194,189,Zeromus,Meteor,1554,0,03c5c419a0ed40508b02b7656c3bc1e1_c76848359d0b4d2f37aefbb9903ed97bfc0.jpg?1787741428,Crystal,371,0,WAR
Zukasa Yatoh,8768354,195,190,Typhon,Elemental,1547,0,4b9242a67c4aa4390facfa8e2028de4b_32d8c9c7cd5f62d62da2d31b6750a680fc0.jpg?1787739978,Crystal,161,0,DRG
Deisia Touna,31397456,196,191,Mandragora,Meteor,1528,0,f9bdcbbd105a361017ee7dd26bde2ea6_ee738654add55c3d07ea92d8e108074cfc0.jpg?1787740297,Crystal,231,9,NIN
Hoshino Ai,47933529,197,192,Titan,Mana,1528,0,82bad71f761726aa0a737f36447d9f50_e2bb3f9679fec6d4836fcf8abcc3eeacfc0.jpg?1787739737,Crystal,55,0,WAR
Erik Bural,20508529,198,193,Hades,Mana,1512,1,2ca5bed0ca0e49f68c7ca14062e0bacc_a4730651230dd43cb129562a30d531aefc0.jpg?1787738987,Crystal,363,7,BRD
Notttz Imbrium,50270248,199,194,Titan,Mana,1509,0,58a87ecc9a18820b07646a481a8154a4_e2bb3f9679fec6d4836fcf8abcc3eeacfc0.jpg?1787739056,Crystal,57,0,BLM
Karewa Kare,53675376,200,195,Durandal,Gaia,1508,0,cbdbee91e564af7bf540b273708c9d13_806ea5b45071d5cd6bf393e38462ee71fc0.jpg?1787739485,Crystal,75,0,WHM
Hyunsik Lee,59757026,201,197,Typhon,Elemental,1506,0,d171f47402375bca99a35c72ebcb7e48_32d8c9c7cd5f62d62da2d31b6750a680fc0.jpg?1787741435,Crystal,58,0,DNC
Now Tarako,25271680,202,198,Belias,Meteor,1504,0,238a3ddced202809c65eaecd03eda2d1_894c4bd0beab2e2beb44b74f4c4bd206fc0.jpg?1787741618,Crystal,73,0,AST
Lily Skywaker,6792620,203,199,Ixion,Mana,1503,0,2a199e9346f375c2f2e814be59d0cf09_7126768d768f6c6c7fed3eaee98c3a8afc0.jpg?1787740563,Crystal,166,0,PCT
Comachi Dj,13425678,204,200,Hades,Mana,1503,0,4983bf5b31ed2764865b5fd4a01a64a5_a4730651230dd43cb129562a30d531aefc0.jpg?1787740769,Crystal,121,0,VPR
Nacreous Snowmelt,55586649,205,201,Asura,Mana,1500,0,2927bf8e620ad06dc8e1e74d7e3c071f_53f1445a9f28799a32ea55f046319fc3fc0.jpg?1787740426,Crystal,23,0,WAR
In Darkness,58974244,206,202,Chocobo,Mana,1493,0,d7230442a7c392d7ef8e729a84ab3182_781d6b3603312f6be41670afa37282e0fc0.jpg?1787741010,Crystal,382,0,DRK
Boku Hide,61259881,207,204,Chocobo,Mana,1490,0,2405cc4b75108a1384180ce7bafc3b98_781d6b3603312f6be41670afa37282e0fc0.jpg?1787738859,Crystal,59,0,UNK
Ame Azarashi,23141823,208,205,Durandal,Gaia,1490,0,3169ff74c51973a08f1b5c47026339a9_806ea5b45071d5cd6bf393e38462ee71fc0.jpg?1787738948,Crystal,32,1,MCH
Happy Gigapanda,29631468,209,206,Belias,Meteor,1488,0,d689aa402e0869833ed03b58aa3396a8_894c4bd0beab2e2beb44b74f4c4bd206fc0.jpg?1787739616,Crystal,107,0,SAM
Ai Shironuko,19976423,210,0,Kujata,Elemental,1487,489,7036fde037e0136275a64cfa690a558c_72c48f093f2278ac3243962d3eb6a8d7fc0.jpg?1787741066,Crystal,24,7,BLM
Tur Vi,29441650,211,0,Ixion,Mana,1486,1093,c25db65c8bbbbc541970e309edde5c7b_7126768d768f6c6c7fed3eaee98c3a8afc0.jpg?1787739566,Crystal,23,13,MNK
Luna Nana,41082381,212,207,Typhon,Elemental,1485,0,35d0842e516aa886b3d925659c693234_32d8c9c7cd5f62d62da2d31b6750a680fc0.jpg?1787738499,Crystal,119,0,BRD
Ardlan Vorlesh,45102526,213,208,Asura,Mana,1481,0,04bfc027079d355fc717e8ec9a4b5f9e_53f1445a9f28799a32ea55f046319fc3fc0.jpg?1787740258,Crystal,90,0,DRG
Blari Taraba,29682913,214,209,Ultima,Gaia,1481,0,8715585bf23b1871520e0b6c478fa049_9df1b3cb0da35db33c17ef11ddf12adafc0.jpg?1787741360,Crystal,86,0,MNK
Tomato Mato,54649869,215,210,Ixion,Mana,1480,0,e417d4ddd5bd7df8155005f15bd1ab53_7126768d768f6c6c7fed3eaee98c3a8afc0.jpg?1787740517,Crystal,49,6,UNK
Vir Sanctus,38437893,216,212,Asura,Mana,1469,0,e0afc9c178de541c5ba8a1afafa4bb02_53f1445a9f28799a32ea55f046319fc3fc0.jpg?1787740674,Crystal,54,0,MCH
Lala Ruru,23370112,217,213,Hades,Mana,1442,0,52987a3ea9f860f9522e49f36a51fcdf_a4730651230dd43cb129562a30d531aefc0.jpg?1787739549,Crystal,212,12,WHM
Mao Niang,52828242,218,214,Ramuh,Meteor,1418,0,8d9afe0653c54c1b87570b3e2bbd4aad_410ddb5a66a2fcacf538bec5ea5d0291fc0.jpg?1787738983,Crystal,85,0,DRG
Diao Tiandi,56776774,219,215,Ixion,Mana,1408,0,d3f8787a245e6cabd6ee8065c6eeefb5_7126768d768f6c6c7fed3eaee98c3a8afc0.jpg?1787739251,Crystal,84,0,PLD
Maplesyrup Hunnyhunt,5036291,220,216,Unicorn,Meteor,1401,0,30c7709ed0a59cb5eb0c9201d62deb82_393eb74047bb90c8d80dea54218430eefc0.jpg?1787740481,Crystal,103,0,MNK
Anoma Loris,44038350,221,217,Valefor,Meteor,1401,0,57b0094511d082e7e7e8203d850b4159_485f4777c38002871591fb54f27edc65fc0.jpg?1787739723,Crystal,80,4,AST
Aria Canon,1030539,222,218,Pandaemonium,Mana,1399,0,c643f10c86a1dec8fe0358a24454dab6_470db1bf2e865f9130531fea40b61ee4fc0.jpg?1787738542,Crystal,191,1,BLM
En Avant,46371551,223,253,Belias,Meteor,1399,97,d6c3784f3b06c119ae16dd725e2a2b6e_894c4bd0beab2e2beb44b74f4c4bd206fc0.jpg?1787739072,Crystal,118,6,GNB
Teena Lewis,2553070,224,0,Bahamut,Gaia,1397,300,53366246b477a6a74d51a27aa7146532_86da943caa70c8694707ab2ff74e68c9fc0.jpg?1787741715,Crystal,75,17,AST
O'dette Noelle,26231391,225,256,Kujata,Elemental,1397,99,e4d0424de154feb08b3839c7806f9266_72c48f093f2278ac3243962d3eb6a8d7fc0.jpg?1787741583,Crystal,56,3,SMN
Super Gal,52139020,226,219,Bahamut,Gaia,1396,0,2a20ce1a576737898f3290324b402cd6_86da943caa70c8694707ab2ff74e68c9fc0.jpg?1787739340,Crystal,282,29,RDM
Sylphiette Luglia,13255770,227,220,Ultima,Gaia,1394,0,50ff78ae7a4200bc288765aa81af5849_9df1b3cb0da35db33c17ef11ddf12adafc0.jpg?1787739346,Crystal,140,0,MNK
Yi Xiangfeng,57320880,228,221,Titan,Mana,1394,0,a98e604367a6e3fd017185877e3a9227_e2bb3f9679fec6d4836fcf8abcc3eeacfc0.jpg?1787739054,Crystal,33,2,RDM
Evariste Galois,58660135,229,222,Chocobo,Mana,1392,0,7f835ad51f7703d8c7d073fc750b8987_781d6b3603312f6be41670afa37282e0fc0.jpg?1787740151,Crystal,72,0,UNK
Go Mee,19423327,230,223,Ifrit,Gaia,1391,0,a075edbb8331e7e875aae500a9e7a435_f9f796348bc43067c7242ec4551cde69fc0.jpg?1787738930,Crystal,68,0,GNB
Nina Vailu,50599787,231,224,Yojimbo,Meteor,1390,0,0a657d81c5b867d2f49d51382bc7b94c_4a92c619bde4f34cfa77e05fef21ad85fc0.jpg?1787739520,Crystal,116,0,DNC
Syake Dog-nyan,1616788,232,225,Bahamut,Gaia,1390,0,39b434160e1c215835c854cb7a564018_86da943caa70c8694707ab2ff74e68c9fc0.jpg?1787738576,Crystal,76,0,DRK
Aster Sion,3717138,233,226,Valefor,Meteor,1389,0,bb0aa6be216055a36aa59e813ca0ebdb_485f4777c38002871591fb54f27edc65fc0.jpg?1787740739,Crystal,41,0,DRK
Avaron Ninesisters,1584314,234,227,Tiamat,Gaia,1387,0,5c1970240f5e1f80ffabdd3988080f5e_9f10d335198e90990f3437c5733468e7fc0.jpg?1787739359,Crystal,167,0,WHM
Royce Farrell,16260248,235,228,Tiamat,Gaia,1387,0,dc9ad81c6df424c2b17bd56da6b0cc85_9f10d335198e90990f3437c5733468e7fc0.jpg?1787740400,Crystal,59,0,RPR
Oracle Trezavejo,15712017,236,229,Bahamut,Gaia,1386,0,b4aa7ecb29192073338a2cc53603b062_86da943caa70c8694707ab2ff74e68c9fc0.jpg?1787738534,Crystal,93,0,SMN
Mily Sara,23911809,237,230,Aegis,Elemental,1385,0,19086b376708852503d1ac9c2b293b8c_3ea38e723c590aabf186367e1eb7e6a1fc0.jpg?1787739329,Crystal,184,8,MCH
Sana Papa,44925625,238,231,Ramuh,Meteor,1384,0,6a2d4e251458356b738142d6b0653c03_410ddb5a66a2fcacf538bec5ea5d0291fc0.jpg?1787740621,Crystal,40,0,MCH
Save Metaru,4884743,239,232,Titan,Mana,1383,0,9a955c2a6fd15f44207aa0dbedbb58f0_e2bb3f9679fec6d4836fcf8abcc3eeacfc0.jpg?1787738554,Crystal,31,0,RDM
Konegai Konegai,3277232,240,233,Masamune,Mana,1382,0,3a445dba3d4d2882c60b55a59669971b_134930215abb8a90ec37d6cc05b05e08fc0.jpg?1787738463,Crystal,164,0,DRG
Kageto Magatsuki,36052369,241,234,Ultima,Gaia,1381,0,c99eebd98f0729313042324985a6fc9a_9df1b3cb0da35db33c17ef11ddf12adafc0.jpg?1787739329,Crystal,42,0,BSM
Zero No'name,24180515,241,234,Titan,Mana,1381,0,3f2ec2a99605ed4d05ef0e5bc0f3b8d4_e2bb3f9679fec6d4836fcf8abcc3eeacfc0.jpg?1787739203,Crystal,42,0,PLD
Ui Thrix,39291749,243,236,Chocobo,Mana,1381,0,08b70654c7812f561afc700e0756319a_781d6b3603312f6be41670afa37282e0fc0.jpg?1787741232,Crystal,39,2,AST
San Sowa,35604125,244,238,Ridill,Gaia,1379,0,c5fbf3709fd6b4c8fba74f67e0820609_138751880f18161a907d7cf0faa43f07fc0.jpg?1787738998,Crystal,241,0,UNK
Jake Emethart,30406074,245,239,Alexander,Gaia,1378,0,0bb538c469f634e7e8b6453518a8df60_b7a71d8799cf6dd75b711a7f52de6675fc0.jpg?1787739360,Crystal,86,0,RPR
Odwit Vendisch,42078574,246,279,Aegis,Elemental,1376,167,16b22e919d37aaeda97dfa361cf8659d_3ea38e723c590aabf186367e1eb7e6a1fc0.jpg?1787740233,Crystal,355,23,UNK
Star Chaserrrr,60248723,247,240,Ultima,Gaia,1375,0,7ea1d361c68c068f551d54d771f334dc_9df1b3cb0da35db33c17ef11ddf12adafc0.jpg?1787740656,Crystal,73,17,UNK
Kupfdoen Mynaikoensyn,2336564,248,241,Garuda,Elemental,1370,0,89679647ba7b815cb23d73ae2d6050eb_fcb1f5b0249d1069e5bdc66d0796f26afc0.jpg?1787738960,Crystal,143,2,PLD
Lhei Tayun,55776060,249,242,Chocobo,Mana,1366,0,d1e1c509f0fac227ceada972ddb424d4_781d6b3603312f6be41670afa37282e0fc0.jpg?1787741634,Crystal,66,0,BLM
Shi Syou,5023543,250,243,Atomos,Elemental,1364,0,d930c67636980aa5cc10bd814bdc2dbd_cf768a751b1f5e355c2fd39a9ed91f3ffc0.jpg?1787739826,Crystal,120,0,MCH
Rariboy Xx,4660025,251,244,Garuda,Elemental,1356,0,80b036f210d47467413b630ce1537551_fcb1f5b0249d1069e5bdc66d0796f26afc0.jpg?1787738493,Crystal,82,7,WAR
Smol Despair,46030499,252,245,Kujata,Elemental,1340,0,fa02f92ff876436157f679735d22c53c_72c48f093f2278ac3243962d3eb6a8d7fc0.jpg?1787740997,Crystal,114,3,AST
Rius Celma,2593636,253,246,Gungnir,Elemental,1325,0,0cd92976f9846763acada5649dcee812_8f82f937943b6baf4c565020d5eba0ccfc0.jpg?1787741165,Crystal,138,0,RDM
Karma Strife,3816037,254,247,Chocobo,Mana,1325,0,7a25293b17ff84c0c64a519d1fc09720_781d6b3603312f6be41670afa37282e0fc0.jpg?1787738266,Crystal,82,0,SAM
Nyaruga Kyuruga,4962287,255,248,Atomos,Elemental,1319,0,fb555ad539f0f8689a39c65513b388b2_cf768a751b1f5e355c2fd39a9ed91f3ffc0.jpg?1787739253,Crystal,118,0,WAR
Ichigo Jasmine,57027122,256,250,Shinryu,Meteor,1309,0,17fae3561e1e77d262d93652dbd0bdc4_87b7d447f40b06dfc7228caf195f7dcffc0.jpg?1787738644,Crystal,45,3,DNC
Maru Fleur,39475833,257,251,Hades,Mana,1304,0,7a1bf315cc0f4ac30d41db1ed80d9048_a4730651230dd43cb129562a30d531aefc0.jpg?1787740196,Crystal,159,0,BRD
Atai Ikuyo,4875570,258,252,Titan,Mana,1304,0,12a0ba7f14e1c5c5942f18c9c8e760b2_e2bb3f9679fec6d4836fcf8abcc3eeacfc0.jpg?1787741726,Crystal,59,0,PCT
Lili Lehua,27944338,259,254,Masamune,Mana,1301,0,056c488a78bcafadc030f4e9c9592b5a_134930215abb8a90ec37d6cc05b05e08fc0.jpg?1787740885,Crystal,109,5,SGE
Elu Acknowless,58699844,260,255,Mandragora,Meteor,1300,0,60c2649fe79faac79d3e7ac948084121_ee738654add55c3d07ea92d8e108074cfc0.jpg?1787739730,Crystal,278,0,RDM
Primlock Griffyn,37385266,261,257,Tonberry,Elemental,1297,0,89c0dfc59ff658981baaccf8c8d2b22b_7bb6b1e488f0e4f01c5314d010b60f31fc0.jpg?1787739029,Crystal,90,6,DRK
Amelia Italdesign,51410766,262,0,Ifrit,Gaia,1296,599,428f40c7e5828cf142dc63f199dc177c_f9f796348bc43067c7242ec4551cde69fc0.jpg?1787741234,Crystal,36,15,SAM
Lilium Arihi,28259742,263,0,Bahamut,Gaia,1294,578,fa8d96ac3ef3a5f3b2fcd65c0f5508c0_86da943caa70c8694707ab2ff74e68c9fc0.jpg?1787740002,Crystal,113,18,DNC
Chiaki Nanami,43953309,264,258,Titan,Mana,1293,0,82751b490967f6572406e72b39592925_e2bb3f9679fec6d4836fcf8abcc3eeacfc0.jpg?1787741426,Crystal,21,0,PCT
Rebecca Miyamoto,1030969,265,259,Masamune,Mana,1292,0,256a66f24613cb496dae31eb2270d226_134930215abb8a90ec37d6cc05b05e08fc0.jpg?1787738798,Crystal,151,0,MCH
Ruglia Obrien,1099057,266,260,Masamune,Mana,1292,0,9fd45de12b0555b6eec1eda137762381_134930215abb8a90ec37d6cc05b05e08fc0.jpg?1787741745,Crystal,138,13,DRG
Momo Hito,39797602,267,261,Yojimbo,Meteor,1292,0,8d799e9e2471cc9ce1eb0d9ee9e83ee6_4a92c619bde4f34cfa77e05fef21ad85fc0.jpg?1787739667,Crystal,64,0,SMN
Nana Degu,42551273,268,262,Asura,Mana,1292,0,f0ca36e4824faa31992738bb368e803c_53f1445a9f28799a32ea55f046319fc3fc0.jpg?1787740652,Crystal,33,0,DRG
Teka Etoile,25627481,269,263,Durandal,Gaia,1288,0,20c4e02c3b7c11c6ceb68582c409ceb9_806ea5b45071d5cd6bf393e38462ee71fc0.jpg?1787740513,Crystal,154,3,WHM
Gobou Mekara,16295932,270,264,Chocobo,Mana,1288,0,b0b05a15f0e0132f73d76efb146bb255_781d6b3603312f6be41670afa37282e0fc0.jpg?1787741006,Crystal,121,0,WVR
Kyo Twilight,30343517,271,0,Ifrit,Gaia,1288,596,6defc9436b918d5f2bdbfb72c3e4d06e_f9f796348bc43067c7242ec4551cde69fc0.jpg?1787740434,Crystal,41,9,RDM
Ezorisu Kawaii,51560730,272,265,Titan,Mana,1286,0,7675cffdccbd9f4ab08148da1ec78753_e2bb3f9679fec6d4836fcf8abcc3eeacfc0.jpg?1787738746,Crystal,157,0,UNK
Pina Mini,51164343,273,266,Chocobo,Mana,1286,0,7258ed0d45dcb9d06d0fa94dcbfa778b_781d6b3603312f6be41670afa37282e0fc0.jpg?1787740632,Crystal,122,15,UNK
Oriental Art,1070191,274,267,Chocobo,Mana,1284,0,d31830cb71830b425529f231f39e776b_781d6b3603312f6be41670afa37282e0fc0.jpg?1787740651,Crystal,335,5,DRG
Extra Mage,26831533,275,268,Garuda,Elemental,1283,0,aed9bb13f4dad6a80690e4d58ee69af3_fcb1f5b0249d1069e5bdc66d0796f26afc0.jpg?1787740454,Crystal,23,0,PLD
Hyde Suta,3129505,276,269,Carbuncle,Elemental,1273,0,4535742390448a5e3b926ce9d7f18056_9eb3c19866f7ae0eeeffac7bf770aba5fc0.jpg?1787741118,Crystal,107,5,DNC
Aran Tyler,47478713,277,270,Zeromus,Meteor,1269,0,601da8267e6037e1adc37928f1ab982b_c76848359d0b4d2f37aefbb9903ed97bfc0.jpg?1787741137,Crystal,90,0,SAM
Rocket Chan,50900360,278,271,Ixion,Mana,1232,0,d2030f1358523e62231fffc0004f1ae9_7126768d768f6c6c7fed3eaee98c3a8afc0.jpg?1787741771,Crystal,59,0,UNK
Kinq-of- Platinum,48727904,279,272,Gungnir,Elemental,1226,0,3c8d43a875a038c5fbf54250da8a5442_8f82f937943b6baf4c565020d5eba0ccfc0.jpg?1787739580,Crystal,150,4,DRG
Endless Summer,36558820,280,273,Tiamat,Gaia,1224,0,0079a66433e68b1f473c7487944a4d3d_9f10d335198e90990f3437c5733468e7fc0.jpg?1787740804,Crystal,124,0,PCT
Iz Levmel,17594950,281,274,Garuda,Elemental,1222,0,9e457ec4068931e92288544db8499aae_fcb1f5b0249d1069e5bdc66d0796f26afc0.jpg?1787740196,Crystal,139,0,AST
Choi Choi,21476713,282,275,Ridill,Gaia,1218,0,eb5761358ba215960780a48c39d26cbf_138751880f18161a907d7cf0faa43f07fc0.jpg?1787739541,Crystal,149,0,VPR
On Mang,62019472,283,0,Durandal,Gaia,1214,305,d13ff55b4a5b4f170a918c2d098e7840_806ea5b45071d5cd6bf393e38462ee71fc0.jpg?1787740894,Crystal,162,10,DRK
Alisha A'lisha,22587475,284,276,Valefor,Meteor,1214,0,8d066e8b8c9ac4ac15470748192e4e8f_485f4777c38002871591fb54f27edc65fc0.jpg?1787738395,Crystal,119,7,SMN
Lucie Blanc,4813641,285,277,Anima,Mana,1213,0,9c05760085153887cf9c52f28861be7c_2f698530a28d671d20278c8518c804c9fc0.jpg?1787739697,Crystal,98,0,AST
Teeteena Teena,50846425,286,278,Kujata,Elemental,1212,0,cf3af51a3535bb934dc9fab3e2db7e3a_72c48f093f2278ac3243962d3eb6a8d7fc0.jpg?1787739853,Crystal,207,0,SMN
Ritsu Nikuno,23932877,287,280,Alexander,Gaia,1209,0,5ce857706fb6e7f76dd30d1ef38e16f7_b7a71d8799cf6dd75b711a7f52de6675fc0.jpg?1787739880,Crystal,30,0,WAR
Totoka Toka,40704377,288,0,Chocobo,Mana,1208,101,3aafbe2ed09507936a8a2aa2a03e2207_781d6b3603312f6be41670afa37282e0fc0.jpg?1787738917,Crystal,257,3,BLM
Creed Arks,30577704,289,281,Zeromus,Meteor,1207,0,2aae48156b8dfc008ca2584c7d0e8752_c76848359d0b4d2f37aefbb9903ed97bfc0.jpg?1787741095,Crystal,65,0,VPR
Battoh Nuko,1022118,290,282,Durandal,Gaia,1206,0,bdbb91b8d6d4eaa2d99a4a18d13153cb_806ea5b45071d5cd6bf393e38462ee71fc0.jpg?1787739790,Crystal,44,3,DRG
Ieajheg Ftydryhc,20204391,291,283,Chocobo,Mana,1200,0,5b94b6423a78c8a54f86294e40d71a5f_781d6b3603312f6be41670afa37282e0fc0.jpg?1787739460,Crystal,60,0,DRG
Cardinal Shiten,32020696,292,284,Asura,Mana,1199,0,22c6fdca1c107eb07233d098b04cf126_53f1445a9f28799a32ea55f046319fc3fc0.jpg?1787739643,Crystal,185,1,SAM
Pekemi Vs,34522615,293,285,Carbuncle,Elemental,1197,0,9fa0d9dd5f5841a202fb4f9e517211e7_9eb3c19866f7ae0eeeffac7bf770aba5fc0.jpg?1787740920,Crystal,406,19,PLD
Miki Triode,8299904,294,286,Pandaemonium,Mana,1196,0,c1667dda66d9bf6140e1aa1c18277ece_470db1bf2e865f9130531fea40b61ee4fc0.jpg?1787740521,Crystal,99,0,SMN
Chisato Laetitia,56099994,295,287,Bahamut,Gaia,1196,0,1ba731eb7e63c6a087133132bbb51418_86da943caa70c8694707ab2ff74e68c9fc0.jpg?1787740045,Crystal,90,4,UNK
Bikkuri Donkey,59256942,296,288,Belias,Meteor,1195,0,96f62f47670d9d1c85e1a464d6f4da65_894c4bd0beab2e2beb44b74f4c4bd206fc0.jpg?1787740226,Crystal,51,0,RDM
Momochi Thunder,9048595,297,289,Bahamut,Gaia,1194,0,3ce0fcc40e818a0d134a6c043d2c09f5_86da943caa70c8694707ab2ff74e68c9fc0.jpg?1787738298,Crystal,127,9,SMN
Fall Leaves,22881570,298,290,Masamune,Mana,1192,0,23540a672824a88d3fc727e33d7f3254_134930215abb8a90ec37d6cc05b05e08fc0.jpg?1787739804,Crystal,158,5,NIN
Pipi Rupipi,46388617,299,291,Ridill,Gaia,1191,0,b5eafab62aeba30f47ef1dc72cff8b3e_138751880f18161a907d7cf0faa43f07fc0.jpg?1787741426,Crystal,67,0,SAM
Zill Eleutheria,29923965,300,292,Zeromus,Meteor,1189,0,a65d1152cafb72e2a518225f9347a73f_c76848359d0b4d2f37aefbb9903ed97bfc0.jpg?1787738639,Crystal,109,0,AST
Miyu Moon,14522179,1,0,Mateus,Crystal,3756,0,3562f4cf44aad7d526acbf8fae3937b0_f0c52cc66e124fc2e641d7c21ab2ce79fc0.jpg?1787741291,Ultima,92,0,SAM
Pekora Meow,37421725,2,0,Leviathan,Primal,3385,0,dc85502f9baa330d5a15d3c0a6f002a0_a91aae52cff9ef65932db06b150ffd47fc0.jpg?1787741428,Ultima,232,0,SCH
Ahri Meow,42604315,3,0,Leviathan,Primal,3334,0,99498e3de5cc49aacddccc855d4ee19d_a91aae52cff9ef65932db06b150ffd47fc0.jpg?1787738437,Ultima,136,0,BLM
Legendary Ash,10855248,4,0,Faerie,Aether,3294,0,6fd699132806b61c9dcb8613c3ae11a3_0e336ff6ad415f47233f0aaf127feac0fc0.jpg?1787738486,Ultima,117,0,PCT
Azure Balmung,17864089,5,0,Gilgamesh,Aether,3079,0,5456a33c0abb12eab1bf88281486246e_b937560c841465f7c4bc8eb47ea7948afc0.jpg?1787740414,Ultima,59,0,PCT
Tomo Kote,38176817,6,0,Gilgamesh,Aether,3074,0,e5d7502ad7f21874552a4fc21553ee9e_b937560c841465f7c4bc8eb47ea7948afc0.jpg?1787740089,Ultima,243,0,DRK
Meteor Moon,29693876,7,0,Rafflesia,Dynamis,3072,0,7f262df9422aa27c9dd850d004812561_2783886613347a4db0bed7524de1298ffc0.jpg?1787740466,Ultima,279,0,SGE
Artesia Saeyrs,2957946,8,0,Sargatanas,Aether,3061,0,e1a9c389a8110feceacc91a730bfc558_ba22853447012a24cee115315d6a5bebfc0.jpg?1787739160,Ultima,58,0,NIN
Hollow Bastion,56455630,9,0,Rafflesia,Dynamis,3057,0,1f48f716d376c4c54dbbeedac9f01255_2783886613347a4db0bed7524de1298ffc0.jpg?1787741199,Ultima,78,0,UNK
Cyphos Ultimus,2288366,10,0,Balmung,Crystal,2896,0,b980cc0ff24da63437a59ef78df763c0_7a573cbc0cda3a3dfc1795cb3d9f7b23fc0.jpg?1787739770,Omega,144,2,RPR
Sanahi Keto,57330112,11,0,Hyperion,Primal,2819,0,6531a5f5216bf8e7efcdcf26e24615cb_57ae9ee5592123dd79c8912bf768cf99fc0.jpg?1787741087,Omega,272,12,VPR
Barock Obama,52411158,12,16,Siren,Aether,2787,253,05a5459925b46dd9d074e273b24d5d27_58a84e851e55175d22158ca97af58a1ffc0.jpg?1787739880,Omega,356,33,PLD
Emi Meow,44729199,13,19,Siren,Aether,2707,210,39fec9b8eaf71c699797cd15ef87009b_58a84e851e55175d22158ca97af58a1ffc0.jpg?1787738865,Omega,60,13,MNK
Merlin Emryss,9605720,14,12,Faerie,Aether,2684,0,87179f28ae17956a4d43567dadf6ea60_0e336ff6ad415f47233f0aaf127feac0fc0.jpg?1787738789,Omega,165,7,DRK
Kairi Rune,28236760,15,13,Hyperion,Primal,2664,0,ce129fc5d83b1472a349e0e1053aee02_57ae9ee5592123dd79c8912bf768cf99fc0.jpg?1787739802,Omega,262,13,RDM
Crow Meow,54328117,16,14,Jenova,Aether,2658,0,7eded062751a7f80f7f3d9fbe0ab8e34_ce736afe35e2ded4e46c4fd0659aef7efc0.jpg?1787739896,Omega,74,0,MNK
Azar Kaveh,16748899,17,15,Mateus,Crystal,2584,0,1d25f3d1883510d8fd010504471516b8_f0c52cc66e124fc2e641d7c21ab2ce79fc0.jpg?1787738235,Omega,496,9,SGE
Fye Alanyk,48751064,18,17,Diabolos,Crystal,2517,0,d605d68b88b347dfdb8a9b9e6c3539d6_7b33d33ae3ecb996f778a5f67a6a0af6fc0.jpg?1787740603,Omega,322,6,BLM
Local-area Network,28168413,19,18,Cactuar,Aether,2510,0,5181fed39656c5cf1dc247fe1bf97832_96ab1df8877c1f8ba6a89a39cccfd437fc0.jpg?1787740933,Omega,51,0,SAM
Pvp Badboy,38919488,20,0,Sargatanas,Aether,2421,0,8833f678967938d2e79b8d993021ce3f_ba22853447012a24cee115315d6a5bebfc0.jpg?1787739652,Omega,164,4,NIN
Ham Baga,28276994,21,0,Balmung,Crystal,2389,0,80672270fca68b3d3fa2f4c0b220427a_7a573cbc0cda3a3dfc1795cb3d9f7b23fc0.jpg?1787739978,Omega,198,0,SAM
Zypris Allsbane,13616095,22,0,Leviathan,Primal,2364,0,8194751bb802fcd9691a7ee558040836_a91aae52cff9ef65932db06b150ffd47fc0.jpg?1787741488,Omega,111,1,RPR
Rin Ruki,59858100,23,0,Exodus,Primal,2297,0,7ec8676537a0b3fff644be3f10ee7741_0cdf051c93865faa15cbc5cd3d2b69fbfc0.jpg?1787740485,Omega,94,3,UNK
Fulheart Grit,38212551,24,0,Balmung,Crystal,2273,0,4a4d99f967c37bf42bd739857921e360_7a573cbc0cda3a3dfc1795cb3d9f7b23fc0.jpg?1787739734,Omega,104,0,WHM
Size Difference,33536390,25,0,Sargatanas,Aether,2271,0,770b5bd32a40e292765490f8e46eaf60_ba22853447012a24cee115315d6a5bebfc0.jpg?1787741698,Omega,190,0,NIN
Olivia Lugria,15149290,26,34,Sargatanas,Aether,2264,295,c230658574a9dc12a4eb6fae2e16ceb4_ba22853447012a24cee115315d6a5bebfc0.jpg?1787739445,Omega,233,7,DRG
Vittorio Moretti,61421815,27,26,Diabolos,Crystal,2263,0,8c11f65c791a4f39ba7c716aeb6bc8d9_7b33d33ae3ecb996f778a5f67a6a0af6fc0.jpg?1787740266,Omega,148,0,RDM
Terro Beoulve,45682109,28,27,Coeurl,Crystal,2211,3,5c8262e03844a30a89d0d2374247f03c_284358f8eb4efc9095914e46798c6ab3fc0.jpg?1787740000,Omega,153,10,RPR
Rae Rea,58956664,29,28,Adamantoise,Aether,2194,0,72766cccd8c79e6afd3055accfc559fa_1f5fd239b885860b7c2bfc72ad1d97effc0.jpg?1787740078,Omega,36,1,DNC
Suhr Zarek,8876676,30,29,Balmung,Crystal,2129,33,c09e4087ccb76545f31b81fa5ca01485_7a573cbc0cda3a3dfc1795cb3d9f7b23fc0.jpg?1787739646,Omega,329,11,PLD
Lucio Harundo,4012099,31,32,Leviathan,Primal,2119,110,d042eff245eaa56c0b6989df68a99564_a91aae52cff9ef65932db06b150ffd47fc0.jpg?1787739955,Omega,363,12,WAR
Sanguinius Smolblood,33489157,32,30,Kraken,Dynamis,2078,0,461663ac9dfac06c5d61bc05d26ae652_049a956dfeb0eb2e19c417a1dde4d680fc0.jpg?1787741742,Omega,180,2,SGE
Gongsun Qerel,38059779,33,31,Mateus,Crystal,2063,0,015ef2d1ef8f18b0cf7fa0e646fa2d12_f0c52cc66e124fc2e641d7c21ab2ce79fc0.jpg?1787741696,Omega,173,0,WAR
Hrothmar Blackburns,28757856,34,65,Adamantoise,Aether,2023,507,ba6405bac0d5b1fb489962984f0d9fb9_1f5fd239b885860b7c2bfc72ad1d97effc0.jpg?1787740424,Omega,314,9,BLM
Yua Churu,57865436,35,70,Goblin,Crystal,2002,500,f101295546bd5a2b87478407b6d55ffd_8e81e2940511f7152ba4462fe53e35b8fc0.jpg?1787740834,Omega,92,12,AST
Clara Green,44437004,36,33,Gilgamesh,Aether,1982,0,9fdf7ee98ab3c5eb9220a6d31f045135_b937560c841465f7c4bc8eb47ea7948afc0.jpg?1787741421,Omega,113,0,AST
Kahlil Immortalis,22812670,37,35,Diabolos,Crystal,1890,0,0451aa29bd529c5d15b718b74c287dd2_7b33d33ae3ecb996f778a5f67a6a0af6fc0.jpg?1787740192,Omega,125,10,UNK
Bepsi Kola,41348459,38,36,Adamantoise,Aether,1879,0,cc3717bc9d9d5c90534918043bb3ba56_1f5fd239b885860b7c2bfc72ad1d97effc0.jpg?1787740925,Omega,185,7,DNC
Sylvie Chan,48678953,39,37,Brynhildr,Crystal,1846,0,14580705b6124b25ef19217300b4891f_d0a0f515a62457570c9b44997063e3c1fc0.jpg?1787739341,Omega,209,5,SCH
Fortune Days,44283538,40,38,Zalera,Crystal,1807,0,044cf6044387105edf58d48a910b1ae4_8106f857613f8fb994b0be37b26ff4bafc0.jpg?1787739594,Omega,78,0,MCH
Sparrow Hawk,50867063,41,39,Seraph,Dynamis,1790,0,1253b18a592d2d3c5133e9b86ab20c5a_07fb0511053f398d1f2d6831e6a6b4c8fc0.jpg?1787740740,Omega,71,0,SCH
Xiao Longbao,31670807,42,40,Excalibur,Primal,1787,0,b9d8562547d5b9d8e86054d9061c6a23_745baffc465480ed372e274d50318290fc0.jpg?1787741565,Omega,349,28,MIN
Suhr Zarek,41651606,43,41,Goblin,Crystal,1781,0,9a55a7c2b29a7a0b7de33b2fcc5a0411_8e81e2940511f7152ba4462fe53e35b8fc0.jpg?1787740951,Omega,64,0,MNK
Death Reaps,8773483,44,42,Balmung,Crystal,1771,0,265183f487ab7e0a5a5b3128ec29a82a_7a573cbc0cda3a3dfc1795cb3d9f7b23fc0.jpg?1787738980,Omega,155,0,VPR
Naomi Hakoma,13697124,45,114,Halicarnassus,Dynamis,1710,802,a6732f9cc34509a6761d618186e745fd_f2d324d722b28bbe681b2898bcdca8bffc0.jpg?1787738232,Omega,83,12,AST
Air Azure,41482862,46,43,Rafflesia,Dynamis,1703,0,a32fc7c37974e2629ce594c455ff54a7_2783886613347a4db0bed7524de1298ffc0.jpg?1787740919,Omega,126,8,BRD
Myu Meow,9691497,47,44,Leviathan,Primal,1703,0,d925a41776719d761c94e8e32e5e7a0f_a91aae52cff9ef65932db06b150ffd47fc0.jpg?1787740672,Omega,112,0,MCH
Show Maker,61843104,48,45,Kraken,Dynamis,1699,0,a2da8d9d3d95080eac0c8ad1975a70ac_049a956dfeb0eb2e19c417a1dde4d680fc0.jpg?1787739445,Omega,113,0,SMN
Mac Arena,21560395,49,46,Adamantoise,Aether,1696,0,30fa962580974874808d1a8b67407ebb_1f5fd239b885860b7c2bfc72ad1d97effc0.jpg?1787738373,Omega,29,0,BRD
Kylis Pendragon,36050245,50,47,Balmung,Crystal,1685,0,6d0f4e4d3e36c9a4dd7fccd76f9effc3_7a573cbc0cda3a3dfc1795cb3d9f7b23fc0.jpg?1787741185,Omega,238,0,MNK
Marci Meow,54739620,51,48,Balmung,Crystal,1683,0,4ebc98a9ae6cf756ec75bc3db97f87f6_7a573cbc0cda3a3dfc1795cb3d9f7b23fc0.jpg?1787741260,Omega,78,0,DRG
Rubedo Ginshi,15639088,52,49,Lamia,Primal,1662,0,bbc5b3eb96e1a1691fb9abb344fc3217_4d9be17b5e1edc617052b4dbf4007875fc0.jpg?1787739521,Omega,147,0,DRK
Yuseong Regilis,60222350,53,50,Exodus,Primal,1623,0,1c96ea3b1132f01c102abfff5ab289ec_0cdf051c93865faa15cbc5cd3d2b69fbfc0.jpg?1787741766,Omega,107,0,UNK
Micro Uryade,37487800,54,51,Sargatanas,Aether,1622,0,d9df4db31e4d391c99006db3caa4b5f9_ba22853447012a24cee115315d6a5bebfc0.jpg?1787739812,Omega,189,0,VPR
Azureal Grandeur,20448737,55,52,Marilith,Dynamis,1615,0,fa989d1d00d58fc1b4171abefb5e22b7_bbfb28d5a9059cd0c768daf77ab29982fc0.jpg?1787738898,Omega,191,1,PCT
Labrys Roux,31449732,56,67,Ultros,Primal,1609,100,b78d649d03beba97a36fa9eebc98afc4_c514cdcdb619439df97d906d4434ccc6fc0.jpg?1787739416,Omega,125,3,AST
Raphtalia Solari,8126326,57,53,Adamantoise,Aether,1602,0,baeca36f0f50dbb796496ea18e58ee30_1f5fd239b885860b7c2bfc72ad1d97effc0.jpg?1787741103,Omega,105,0,SGE
Kris Lhea,39204335,58,54,Mateus,Crystal,1602,0,982639accd39a2021d8f112bb5e763df_f0c52cc66e124fc2e641d7c21ab2ce79fc0.jpg?1787741313,Omega,59,0,WHM
Josh Trigiani,6965228,59,55,Lamia,Primal,1595,0,22f547722b0454bc3b30d7f6a8ac5b0a_4d9be17b5e1edc617052b4dbf4007875fc0.jpg?1787739246,Omega,42,0,SGE
The Feast,46586541,60,56,Behemoth,Primal,1592,0,db9e7409cc816f51307405b49c8b5713_be20385e18333edb329d4574f364a1f0fc0.jpg?1787739065,Omega,81,0,UNK
Saraliah Dawnbringer,21371539,61,57,Coeurl,Crystal,1588,0,6cef2d612818607782b7fbc356526664_284358f8eb4efc9095914e46798c6ab3fc0.jpg?1787739898,Omega,39,0,SAM
Sovereign Phil,14314725,62,58,Goblin,Crystal,1586,0,acf642268567c66b82aaf11114198670_8e81e2940511f7152ba4462fe53e35b8fc0.jpg?1787741140,Omega,31,0,SGE
Mavis Enyo,14769968,63,59,Excalibur,Primal,1578,0,00bced457c7cea8ae968197c61367bed_745baffc465480ed372e274d50318290fc0.jpg?1787738552,Omega,37,0,CRP
Lia Kiri,52292388,64,60,Lamia,Primal,1577,0,297469abea049ff5cfb98af6fe45176f_4d9be17b5e1edc617052b4dbf4007875fc0.jpg?1787740827,Omega,77,0,PLD
Air Weaver,12424525,65,61,Coeurl,Crystal,1564,0,06474f472310d759766363e8e8f53b3f_284358f8eb4efc9095914e46798c6ab3fc0.jpg?1787739341,Omega,62,0,SGE
Gio Vanna,33440191,66,62,Adamantoise,Aether,1546,0,7d1d14338474ce900c0581dbd778d321_1f5fd239b885860b7c2bfc72ad1d97effc0.jpg?1787739958,Omega,77,0,SGE
Bisukito Neko,32261082,67,63,Zalera,Crystal,1522,0,3462c7ee2de7556ca86498dc5214a7fb_8106f857613f8fb994b0be37b26ff4bafc0.jpg?1787739007,Omega,56,0,UNK
Zeta Salazar,44375733,68,64,Midgardsormr,Aether,1520,0,4be3c205f3892cdbc09e8417ad6dbb68_5c8ecfbc673e1287a9b5e85423fe1657fc0.jpg?1787740550,Omega,204,0,SAM
Momo Meow,50898775,69,66,Siren,Aether,1513,0,6abf63b1f0755aa211bfd1dadc66e3b9_58a84e851e55175d22158ca97af58a1ffc0.jpg?1787738740,Omega,25,0,WHM
Nemx Eisenhorn,2244246,70,72,Excalibur,Primal,1512,101,8d22c9821683049e16868ac1de65df41_745baffc465480ed372e274d50318290fc0.jpg?1787738336,Omega,104,2,RDM
Navori Valois,48622291,71,68,Adamantoise,Aether,1504,0,4facdc408c9ad771bc52001d3c82fa9f_1f5fd239b885860b7c2bfc72ad1d97effc0.jpg?1787739932,Omega,81,0,UNK
P'roto Idola,35374628,72,69,Brynhildr,Crystal,1503,0,a91ad9e8c6c6ddb0905cd9aa6cede8e3_d0a0f515a62457570c9b44997063e3c1fc0.jpg?1787741234,Omega,88,0,WHM
Fire Strike,52397705,73,71,Kraken,Dynamis,1480,0,b9c1021d4aa2ae66682e7904857161ed_049a956dfeb0eb2e19c417a1dde4d680fc0.jpg?1787740701,Crystal,66,1,RDM
Kasai Kage,21886030,74,73,Adamantoise,Aether,1398,0,6835735c490425c8a49d6889308a3484_1f5fd239b885860b7c2bfc72ad1d97effc0.jpg?1787741420,Crystal,39,0,SAM
Gidding Mimid,9835761,75,74,Exodus,Primal,1394,0,97296d489ec3afb5d7c65e3c6fa7fc05_0cdf051c93865faa15cbc5cd3d2b69fbfc0.jpg?1787739613,Crystal,231,21,NIN
Norma Jeannie,28105106,76,90,Jenova,Aether,1390,201,bff6f64f1e9dd700a962c74db4bf4812_ce736afe35e2ded4e46c4fd0659aef7efc0.jpg?1787741511,Crystal,69,2,DRK
Dandy Lyon,9088850,77,75,Leviathan,Primal,1379,0,5e652518b4930ff5cb411a5818760318_a91aae52cff9ef65932db06b150ffd47fc0.jpg?1787741145,Crystal,75,0,NIN
Ninety-nine Agility,43878532,78,84,Famfrit,Primal,1367,289,07309ebd18b321f5df47f9ab79049d40_fce4949e615393e574f2d57134b31fc1fc0.jpg?1787739531,Crystal,42,12,RPR
Haha Unless,35825889,79,76,Faerie,Aether,1355,0,3c249691791cbe0f2fb3ccc230c9a4e4_0e336ff6ad415f47233f0aaf127feac0fc0.jpg?1787739767,Crystal,81,6,DNC
Rhiki Nelhah,29582811,80,135,Balmung,Crystal,1309,507,0ad8b0bcd2e47e8bf6c0716959820415_7a573cbc0cda3a3dfc1795cb3d9f7b23fc0.jpg?1787739671,Crystal,104,18,UNK
Lazy Bear,39566180,81,77,Faerie,Aether,1298,0,a07cf0c35d5a78a5a1b9ca16d6f41803_0e336ff6ad415f47233f0aaf127feac0fc0.jpg?1787738798,Crystal,169,4,MNK
Shimori Bunihara,50186185,82,78,Kraken,Dynamis,1298,0,c7cd2842a29701e0963bf6d156392014_049a956dfeb0eb2e19c417a1dde4d680fc0.jpg?1787738356,Crystal,58,0,SAM
Kuina Kagetsu,36802695,83,79,Ultros,Primal,1286,0,dd8ffbe11c53ea988c605c9c24157c59_c514cdcdb619439df97d906d4434ccc6fc0.jpg?1787741092,Crystal,86,0,AST
Aerika Meow,27836279,84,80,Faerie,Aether,1285,0,cefa16e18644e0b625a0d52d2df514b9_0e336ff6ad415f47233f0aaf127feac0fc0.jpg?1787741256,Crystal,32,0,DNC
Finch Curador,30712387,84,80,Leviathan,Primal,1285,0,a7767d35320b852f509e7dd68b0151d4_a91aae52cff9ef65932db06b150ffd47fc0.jpg?1787740885,Crystal,32,0,BLM
Skyanar Tyrunas,42486942,86,82,Siren,Aether,1278,0,ba17697df023a58dbdba8be74f3894f2_58a84e851e55175d22158ca97af58a1ffc0.jpg?1787740260,Crystal,146,11,SMN
Big Three,47754584,87,83,Zalera,Crystal,1254,0,ef1725c11b5e975338a0b9d2fccdabfe_8106f857613f8fb994b0be37b26ff4bafc0.jpg?1787739331,Crystal,112,0,WAR
La Bubu,26625120,88,85,Diabolos,Crystal,1207,0,733d34df72366760c6f44581681c9088_7b33d33ae3ecb996f778a5f67a6a0af6fc0.jpg?1787741591,Crystal,115,0,MCH
Fyoriah Aliapoh,44734635,89,86,Faerie,Aether,1204,0,298901c71b421faa4612e0bbd9420820_0e336ff6ad415f47233f0aaf127feac0fc0.jpg?1787740360,Crystal,118,0,NIN
Neo Dymium,33030676,90,87,Seraph,Dynamis,1201,0,24be6098cf7acc2de169d92917d3299f_07fb0511053f398d1f2d6831e6a6b4c8fc0.jpg?1787739128,Crystal,52,0,WAR
Silanah Sylphrena,45709349,91,88,Faerie,Aether,1199,0,353d000e66ebf6b7715ff5998504f784_0e336ff6ad415f47233f0aaf127feac0fc0.jpg?1787739754,Crystal,36,0,RPR
Cain Molkoh,57323197,92,89,Goblin,Crystal,1189,0,889deea7b0b76edd744a2b6fb24a09a1_8e81e2940511f7152ba4462fe53e35b8fc0.jpg?1787738749,Crystal,146,16,RDM
Zaneko Yuneko,61640151,93,104,Goblin,Crystal,1182,183,e90101e9d13d827fb83b96932b2de05b_8e81e2940511f7152ba4462fe53e35b8fc0.jpg?1787741557,Crystal,78,4,SMN
Karl Rex,48615049,94,91,Siren,Aether,1179,0,a7f2129699ecb71e801871425b8cbc52_58a84e851e55175d22158ca97af58a1ffc0.jpg?1787739862,Crystal,259,0,AST
Aesa Iys,59631795,95,110,Kraken,Dynamis,1168,202,60f73c621a5b6dec56728cc5466268c2_049a956dfeb0eb2e19c417a1dde4d680fc0.jpg?1787738857,Crystal,266,13,UNK
Yui Fins,46861659,96,92,Adamantoise,Aether,1122,0,477904411f28cfd029518422146e02f0_1f5fd239b885860b7c2bfc72ad1d97effc0.jpg?1787738695,Crystal,477,20,PLD
Velvet Mordio,11975584,97,94,Exodus,Primal,1116,706,78d6cff1cf5b31e96125819d9688bb5a_0cdf051c93865faa15cbc5cd3d2b69fbfc0.jpg?1787738651,Crystal,26,12,DRG
Anti Luminosity,53824427,98,93,Marilith,Dynamis,1107,0,345441c3ea324bf07484e7e6f1031ccc_bbfb28d5a9059cd0c768daf77ab29982fc0.jpg?1787740493,Crystal,199,4,RPR
Deadrise Mutambo,49340180,99,95,Diabolos,Crystal,1101,0,05829ade005fe971a894d48d18963c4f_7b33d33ae3ecb996f778a5f67a6a0af6fc0.jpg?1787741385,Crystal,76,0,NIN
Limit Less,48764071,100,118,Jenova,Aether,1094,192,cfaa3805c7a62fc99a75b9c68da57b17_ce736afe35e2ded4e46c4fd0659aef7efc0.jpg?1787739421,Crystal,22,9,DRK
Unit Chan,37998953,101,96,Jenova,Aether,1089,0,edbb6ab0cdf4eefcc524df286e3ff034_ce736afe35e2ded4e46c4fd0659aef7efc0.jpg?1787740156,Crystal,121,0,DRG
Orpheus Laine,29851207,102,127,Gilgamesh,Aether,1089,208,5939235fbb052c79392d334cce14ca00_b937560c841465f7c4bc8eb47ea7948afc0.jpg?1787739115,Crystal,57,5,DRG
Aibertain Mando,32541700,103,97,Jenova,Aether,1076,0,8dec967ad48c9a703018a7445740a7f3_ce736afe35e2ded4e46c4fd0659aef7efc0.jpg?1787739040,Crystal,235,3,VPR
Vaal Hazak,26534863,104,98,Zalera,Crystal,1022,0,7c44a75a2f3d57a9cd3b86235340939b_8106f857613f8fb994b0be37b26ff4bafc0.jpg?1787740974,Crystal,158,4,WAR
Doomballoon Dapingus,19169037,105,99,Diabolos,Crystal,1017,0,e43cef91ca38a14de0e5bea2295ba9c0_7b33d33ae3ecb996f778a5f67a6a0af6fc0.jpg?1787741743,Crystal,55,0,BRD
Zithiel Bihrul,44613484,106,100,Faerie,Aether,1003,0,4abc29f0f384c794c1f6c7e7e60b8ed8_0e336ff6ad415f47233f0aaf127feac0fc0.jpg?1787738249,Crystal,168,5,BRD
No Buts,2234245,107,101,Zalera,Crystal,1003,0,0d8b9ae74f55ea0ba374fa7b38b48862_8106f857613f8fb994b0be37b26ff4bafc0.jpg?1787739751,Crystal,71,0,BRD
Nero Cor,51685882,108,102,Cactuar,Aether,1001,0,a53a1a6499997a089c36337bcc3ae46d_96ab1df8877c1f8ba6a89a39cccfd437fc0.jpg?1787740550,Crystal,96,0,RDM
F'ool Pr'oof,27802292,109,103,Behemoth,Primal,1001,0,07756f3cccf4cada3f3d40b5d44ef841_be20385e18333edb329d4574f364a1f0fc0.jpg?1787740764,Crystal,77,0,RDM
Kirishoto Azphina,7859003,110,105,Excalibur,Primal,999,0,c9689b4fc4af55f8366432b02c0ce55f_745baffc465480ed372e274d50318290fc0.jpg?1787739566,Crystal,60,0,WHM
Baka Bao,48974722,111,106,Gilgamesh,Aether,997,0,ef2247fb5724315ecd96d1ac9c5804b1_b937560c841465f7c4bc8eb47ea7948afc0.jpg?1787738452,Crystal,183,9,SAM
Adrianne Lehman,335503,112,107,Jenova,Aether,996,0,9487d4bc6332e7a22c323a4ee321ffa1_ce736afe35e2ded4e46c4fd0659aef7efc0.jpg?1787741310,Crystal,295,13,SCH
Raiden Meow,60049984,113,108,Halicarnassus,Dynamis,990,0,82a7874a19aee552f4a0f8ff2b663dff_f2d324d722b28bbe681b2898bcdca8bffc0.jpg?1787739580,Crystal,29,0,MNK
Keyleth Creed,45772844,114,109,Ultros,Primal,987,0,fafdc7854669343158328c3adeb0a3ae_c514cdcdb619439df97d906d4434ccc6fc0.jpg?1787739883,Crystal,29,0,UNK
Ryan Hoshiko,10323495,115,111,Lamia,Primal,917,0,b8f720f05e5314618bc7341f856d075d_4d9be17b5e1edc617052b4dbf4007875fc0.jpg?1787739375,Crystal,57,0,GNB
Tiny Sosig,16648383,116,112,Balmung,Crystal,911,0,47661dc0b135d6c15fadc46a3fa85816_7a573cbc0cda3a3dfc1795cb3d9f7b23fc0.jpg?1787739218,Crystal,179,1,MNK
Rathais Gunnach,32955444,117,113,Brynhildr,Crystal,910,0,2a434eda7d82f52a4a70d056b83f2c27_d0a0f515a62457570c9b44997063e3c1fc0.jpg?1787740622,Crystal,62,0,DNC
Ash Ymir,50182260,118,115,Gilgamesh,Aether,906,0,571648c27d0568207bb3ebea02244e4e_b937560c841465f7c4bc8eb47ea7948afc0.jpg?1787739851,Crystal,50,1,UNK
Xianra Bryne,4015592,119,133,Excalibur,Primal,905,99,770b7228e5d013ae3146fc6330b9b756_745baffc465480ed372e274d50318290fc0.jpg?1787739994,Crystal,17,1,WHM
Minato Maki,53819658,120,116,Excalibur,Primal,904,0,03c1d1dc5b9a30317518ec9a30c301ab_745baffc465480ed372e274d50318290fc0.jpg?1787739113,Crystal,38,1,VPR
Celesse Archon,5403993,121,117,Midgardsormr,Aether,902,0,46c05696a375eb66cab3503bea79e4e4_5c8ecfbc673e1287a9b5e85423fe1657fc0.jpg?1787739229,Crystal,32,0,AST
Silvy Kaenbyou,45504540,122,119,Goblin,Crystal,901,0,3a856bd5c7e35d95f6afcc57be4321a1_8e81e2940511f7152ba4462fe53e35b8fc0.jpg?1787741172,Crystal,238,4,GNB
Somnidemn Serdorm,37031558,123,120,Goblin,Crystal,901,0,6147ca113912ee7b9ac321313bbf5863_8e81e2940511f7152ba4462fe53e35b8fc0.jpg?1787738858,Crystal,72,0,PLD
Mtn Boop,36509633,124,121,Brynhildr,Crystal,901,0,175f521a1de707cbfb345e95df5e588c_d0a0f515a62457570c9b44997063e3c1fc0.jpg?1787738858,Crystal,20,0,VPR
Seto Mimyho,20943977,125,122,Behemoth,Primal,899,0,e0110a23ddcddf11cb8bf1e895c56d75_be20385e18333edb329d4574f364a1f0fc0.jpg?1787741647,Crystal,48,0,SGE
Nia Yukumo,22530343,126,123,Lamia,Primal,893,0,41fe576462de4cc12ab76d6d29ef58e4_4d9be17b5e1edc617052b4dbf4007875fc0.jpg?1787738235,Crystal,109,0,DRG
Ice Mage,56719413,127,124,Golem,Dynamis,893,0,20eb207dbce003e2fb1842e0c47aacc7_dd61c3dc259e5c43722e89409499b669fc0.jpg?1787741255,Crystal,62,0,BLM
Garu Kettle,7054871,128,125,Behemoth,Primal,887,0,e03f1b46663ddb8c150315a88c79c9f1_be20385e18333edb329d4574f364a1f0fc0.jpg?1787739246,Crystal,152,0,UNK
Nanamie Namie,54007603,129,126,Seraph,Dynamis,884,0,0a2ba3a431605dbe05215a75dffd70e7_07fb0511053f398d1f2d6831e6a6b4c8fc0.jpg?1787738952,Crystal,92,0,MNK
Uki Yo,50106047,130,128,Adamantoise,Aether,879,0,75e9983a4dd07e7e5de0ed1ac11a23fb_1f5fd239b885860b7c2bfc72ad1d97effc0.jpg?1787739491,Crystal,25,0,MNK
Phrosticus Maximus,51732834,131,129,Kraken,Dynamis,831,0,36921233b0c05085a501c86bb51f5633_049a956dfeb0eb2e19c417a1dde4d680fc0.jpg?1787740514,Crystal,267,7,NIN
Kiitla Hundar,21600585,132,130,Brynhildr,Crystal,821,0,acff83df95bca2189584bd6af72e84ce_d0a0f515a62457570c9b44997063e3c1fc0.jpg?1787741291,Crystal,111,0,UNK
Horan Lou,38248988,133,131,Brynhildr,Crystal,817,0,3c88d2c3502bacefa5eb1e223a75217b_d0a0f515a62457570c9b44997063e3c1fc0.jpg?1787740689,Crystal,100,0,DRG
Silah Zetsku,53965328,134,132,Marilith,Dynamis,809,0,d2b4042f092dccb0d381fdc61afe74c3_bbfb28d5a9059cd0c768daf77ab29982fc0.jpg?1787738795,Crystal,53,6,WAR
Mirae Malaguld,50148809,135,134,Famfrit,Primal,803,0,6eb6ea3365a1160e9537ec75ff91463a_fce4949e615393e574f2d57134b31fc1fc0.jpg?1787740063,Crystal,16,0,WHM
Judas Demaio,7957583,136,142,Balmung,Crystal,800,91,802e8b947615ba3fa10ac8d8e4fb1ebf_7a573cbc0cda3a3dfc1795cb3d9f7b23fc0.jpg?1787739000,Crystal,48,2,UNK
Satoshi Itaori,52546108,137,136,Golem,Dynamis,798,0,1ecf4d8479fa0e8c3c4b6fe005108b6d_dd61c3dc259e5c43722e89409499b669fc0.jpg?1787738876,Crystal,32,0,MCH
Fryar Vagrant,27459700,138,137,Jenova,Aether,797,0,5f83a04d01483896e3082832a5e6a7f0_ce736afe35e2ded4e46c4fd0659aef7efc0.jpg?1787740019,Crystal,78,0,MNK
Io Isana,33563057,139,147,Coeurl,Crystal,796,101,bb1bccc46bef2876072e2e7fa326fa12_284358f8eb4efc9095914e46798c6ab3fc0.jpg?1787738943,Crystal,24,3,VPR
Wmmmmmmmmm Wmmmmmmmmm,56778920,140,138,Halicarnassus,Dynamis,795,0,9e294822ea14ed4084dfe667478bc6e5_f2d324d722b28bbe681b2898bcdca8bffc0.jpg?1787738836,Crystal,26,0,AST
Im Dead,44727021,141,139,Balmung,Crystal,789,0,382bb5e8fe23a4e04750cfd29fa9f46c_7a573cbc0cda3a3dfc1795cb3d9f7b23fc0.jpg?1787739726,Crystal,38,0,MNK
Alana Mystranquil,38447772,142,140,Coeurl,Crystal,787,0,a3b4e0628a97b6c3941d78fd1af36b81_284358f8eb4efc9095914e46798c6ab3fc0.jpg?1787739342,Crystal,33,1,SCH
S'tille Fhey,8693680,143,141,Midgardsormr,Aether,709,0,d02ff61e52c6b3e4eadaf1f6172fe557_5c8ecfbc673e1287a9b5e85423fe1657fc0.jpg?1787738505,Crystal,79,0,SMN
Ellie Titis,36865882,144,143,Midgardsormr,Aether,707,0,71601f63eddfe2db7e4ec2213790102c_5c8ecfbc673e1287a9b5e85423fe1657fc0.jpg?1787741206,Crystal,30,0,MNK
Scythe Horrorblade,32713598,145,144,Mateus,Crystal,702,0,43c41a5aa8d981f109e6d76f3347bd93_f0c52cc66e124fc2e641d7c21ab2ce79fc0.jpg?1787738418,Crystal,319,0,DRG
Rusheel Vasscus,2314921,146,145,Adamantoise,Aether,702,0,a4248cc27f1d518fee3b2b12da021669_1f5fd239b885860b7c2bfc72ad1d97effc0.jpg?1787740672,Crystal,15,0,MNK
Noel Bunny,5201676,147,146,Behemoth,Primal,697,0,c7f99603b6e09c43470bbabaed203add_be20385e18333edb329d4574f364a1f0fc0.jpg?1787739547,Crystal,153,0,UNK
Alex Rider,61850079,148,0,Hyperion,Primal,694,0,d221a7b6c00ffa393c988249ed242d9a_57ae9ee5592123dd79c8912bf768cf99fc0.jpg?1787739491,Crystal,90,1,DRG
Mori Sumire,22629786,149,0,Zalera,Crystal,694,0,9d1372da41637e0a1cee75add0cdab3e_8106f857613f8fb994b0be37b26ff4bafc0.jpg?1787741692,Crystal,83,2,UNK
Mo Azure,47140618,150,0,Lamia,Primal,694,0,8e6a4b8b298b5523d1f99888dd9f36cf_4d9be17b5e1edc617052b4dbf4007875fc0.jpg?1787739153,Crystal,19,0,GNB
Master Zoknik,48144446,151,0,Balmung,Crystal,692,0,3c54e73f2ad7023aa3b173793f95c070_7a573cbc0cda3a3dfc1795cb3d9f7b23fc0.jpg?1787740324,Crystal,29,0,RDM
Zot Meow,34168568,152,0,Sargatanas,Aether,690,0,857170879bee95fc8f3f62ae264a46ce_ba22853447012a24cee115315d6a5bebfc0.jpg?1787741831,Crystal,28,0,SGE
Lolly Pops,11573609,153,0,Leviathan,Primal,685,0,a38b4d4cbcfc624c56b5db6efb627dd2_a91aae52cff9ef65932db06b150ffd47fc0.jpg?1787740520,Crystal,306,6,MCH
Ethan Dumas,2337003,154,0,Zalera,Crystal,612,0,4363afb6aeff95a15293cf3907560f7b_8106f857613f8fb994b0be37b26ff4bafc0.jpg?1787738719,Crystal,112,0,RDM
Akari Tsuki,46655701,155,0,Adamantoise,Aether,608,0,08f7ffe45c1b134f99ea040b39ee2bdd_1f5fd239b885860b7c2bfc72ad1d97effc0.jpg?1787741196,Crystal,24,0,SMN
Kyda Oriana,7676781,156,0,Balmung,Crystal,607,0,5a1ffcf9ec98159ee3f6c3727943f30f_7a573cbc0cda3a3dfc1795cb3d9f7b23fc0.jpg?1787738930,Crystal,36,1,AST
No Bee,37102144,157,0,Lamia,Primal,606,0,5c741048df2befeb7f80a2b03bb02aee_4d9be17b5e1edc617052b4dbf4007875fc0.jpg?1787740503,Crystal,99,0,BLM
Hilto Feltre,55076328,158,0,Sargatanas,Aether,605,0,4a850e1dbb7f6f3aeff5b21df6166f3f_ba22853447012a24cee115315d6a5bebfc0.jpg?1787739030,Crystal,45,0,RPR
Ivy Storm,61727582,159,0,Zalera,Crystal,604,0,27a648f77de0ff7a1a44539cbd062203_8106f857613f8fb994b0be37b26ff4bafc0.jpg?1787740487,Crystal,81,0,MCH
Aahaha Hahahahaha,31743716,160,242,Exodus,Primal,603,306,77935bdcfdbdbcd8404ce28584023170_0cdf051c93865faa15cbc5cd3d2b69fbfc0.jpg?1787739714,Crystal,58,9,SMN
Eloza Ketsch,8667845,161,160,Malboro,Crystal,602,0,4414bb689fd8033d67e6821653f9a232_2e97c13fdd593d15d543093f8a37b6f0fc0.jpg?1787741792,Crystal,210,0,WHM
Shiroi Kijo,44769088,162,161,Ultros,Primal,602,0,2bc8c14bed99e41cc16db823a37e5295_c514cdcdb619439df97d906d4434ccc6fc0.jpg?1787740830,Crystal,148,0,SMN
Shum One,31246227,163,162,Midgardsormr,Aether,602,0,6a9ab1154c9d9a712cc039f45837db6d_5c8ecfbc673e1287a9b5e85423fe1657fc0.jpg?1787740757,Crystal,93,0,VPR
Alma Braver,729037,164,163,Goblin,Crystal,602,0,1d50d402d833734bf7f0d1fe6b3af5e8_8e81e2940511f7152ba4462fe53e35b8fc0.jpg?1787739989,Crystal,61,0,RDM
Apple Thief,43679241,165,164,Balmung,Crystal,601,0,746256d82b3652ef93bbd475defb85ac_7a573cbc0cda3a3dfc1795cb3d9f7b23fc0.jpg?1787738653,Crystal,425,9,BRD
Nikau Milkdud,30842976,166,165,Lamia,Primal,601,0,2ffee265e9fb9491997d30306dc67cc3_4d9be17b5e1edc617052b4dbf4007875fc0.jpg?1787739547,Crystal,20,0,MNK
Tc Sola,43984930,167,166,Zalera,Crystal,600,0,1bde011c1056c258b5456fb7d0f6283f_8106f857613f8fb994b0be37b26ff4bafc0.jpg?1787740925,Crystal,85,0,MNK
Hunie Pop,37396085,168,167,Ultros,Primal,599,0,8a72b357002474c02d597d6e8bc94cee_c514cdcdb619439df97d906d4434ccc6fc0.jpg?1787738803,Crystal,131,8,WHM
June Buggy,39873640,169,168,Brynhildr,Crystal,595,0,929fb7f3958e6f1fbc9e559d731c0108_d0a0f515a62457570c9b44997063e3c1fc0.jpg?1787741722,Crystal,43,0,RDM
Unagi Box,34773273,170,169,Cuchulainn,Dynamis,595,0,05a513d02b60c767bfb83440ab2d406b_b4a106e4893fd452df0001eaeecf9d7efc0.jpg?1787741544,Crystal,28,0,MCH
Eyre Stahl,32745572,171,170,Maduin,Dynamis,593,0,0d24cf6e8f53fc59a993fd5e5311d4e0_7ff236346f6151d8a2c08fd0b4a0b806fc0.jpg?1787739279,Crystal,52,0,MNK
Teysa Montgomery,6201712,172,171,Cactuar,Aether,591,0,eb51f53fb1f2b23ee171b4e92895e9b4_96ab1df8877c1f8ba6a89a39cccfd437fc0.jpg?1787741716,Crystal,208,17,PLD
Vann Healsing,6572,173,172,Coeurl,Crystal,589,0,e19ce452168669ef7abba0e26cc8ee4c_284358f8eb4efc9095914e46798c6ab3fc0.jpg?1787740245,Crystal,13,1,DRG
Sarantsatsral Kha,26082962,174,173,Behemoth,Primal,586,0,f8735f190504d139ee16ec1a623371dc_be20385e18333edb329d4574f364a1f0fc0.jpg?1787740120,Crystal,26,0,AST
Rasan Sena,13544028,175,174,Kraken,Dynamis,508,0,70d1ba94bcbeff8a384f1e364b2ee863_049a956dfeb0eb2e19c417a1dde4d680fc0.jpg?1787738309,Crystal,63,0,WAR
Rachna's Kitten,60414129,176,175,Diabolos,Crystal,508,0,5a2079c26296ecf9252da83453669ee7_7b33d33ae3ecb996f778a5f67a6a0af6fc0.jpg?1787740864,Crystal,44,0,UNK
Cassian Syndriel,52998476,177,176,Ultros,Primal,507,0,db812378f708097c17610e9e6817f749_c514cdcdb619439df97d906d4434ccc6fc0.jpg?1787741554,Crystal,82,0,SAM
Naeng Myeon,35393894,178,177,Jenova,Aether,506,0,e834ee8ccde5fd99424275ed75278f5b_ce736afe35e2ded4e46c4fd0659aef7efc0.jpg?1787740954,Crystal,105,0,SAM
Airi Aogane,46241895,179,178,Sargatanas,Aether,503,0,11367baad718b56f9682513d9430146d_ba22853447012a24cee115315d6a5bebfc0.jpg?1787741008,Crystal,117,0,WHM
Yos Sy,23664999,180,179,Jenova,Aether,501,0,01f58e6e2269085746fd0a5b6fe0e7f2_ce736afe35e2ded4e46c4fd0659aef7efc0.jpg?1787739422,Crystal,127,0,GNB
Rin Denma,33178809,181,180,Gilgamesh,Aether,501,0,6c5bab6678d3c44b6e646bc8726eb9f9_b937560c841465f7c4bc8eb47ea7948afc0.jpg?1787740690,Crystal,12,0,UNK
Oni Akuma,7300790,182,181,Gilgamesh,Aether,500,0,e8e098720e245711114b4614110261b5_b937560c841465f7c4bc8eb47ea7948afc0.jpg?1787739074,Crystal,188,0,MNK
Aelara Nightelm,2908362,183,182,Maduin,Dynamis,499,0,f40ea9e3404cbab02b92f9bc1d80cdcd_7ff236346f6151d8a2c08fd0b4a0b806fc0.jpg?1787741611,Crystal,136,0,AST
Lelouch Masamune,12543299,184,183,Malboro,Crystal,499,0,711457fd66b589fb422ba4640a4826f0_2e97c13fdd593d15d543093f8a37b6f0fc0.jpg?1787739306,Crystal,76,0,SCH
M' Twelve,36885704,185,184,Halicarnassus,Dynamis,499,0,0f10ff80520b725264b0aed8ac62d609_f2d324d722b28bbe681b2898bcdca8bffc0.jpg?1787740717,Crystal,75,0,UNK
Shinra Tatsuya,8648762,186,185,Gilgamesh,Aether,498,0,7dccb5e520b149afd2b044279fa8694e_b937560c841465f7c4bc8eb47ea7948afc0.jpg?1787738861,Crystal,99,0,DRK
Xale Solace,52728205,187,186,Adamantoise,Aether,497,0,5272a5d5dea9738bb4a6638ac3f083d2_1f5fd239b885860b7c2bfc72ad1d97effc0.jpg?1787740709,Crystal,100,9,DRG
High Five,40416979,188,187,Brynhildr,Crystal,493,0,f6eae218fa6037625ae22a8c800d935d_d0a0f515a62457570c9b44997063e3c1fc0.jpg?1787738927,Crystal,21,0,BRD
Onigiri Bunny,7352884,189,188,Behemoth,Primal,485,0,382f2b7a0b15514c38a6e2d5af3d8014_be20385e18333edb329d4574f364a1f0fc0.jpg?1787741611,Crystal,9,0,UNK
Gracidea Blossom,4573171,190,189,Lamia,Primal,416,0,12afdfb12aebd14365b3149875fee65f_4d9be17b5e1edc617052b4dbf4007875fc0.jpg?1787740702,Crystal,75,0,WHM
Azura Skye,61832185,191,190,Goblin,Crystal,408,0,06833163f0059227fbc31ba3c8c36610_8e81e2940511f7152ba4462fe53e35b8fc0.jpg?1787738735,Crystal,71,0,PLD
Bigg Succ,14228989,192,191,Coeurl,Crystal,408,0,d833225ff74a6d00fc89b134cc155262_284358f8eb4efc9095914e46798c6ab3fc0.jpg?1787741100,Crystal,7,0,MCH
Bean Waters,34305264,193,192,Famfrit,Primal,406,0,bcdcd97b24d4dfc6b3e643c8670b6f7c_fce4949e615393e574f2d57134b31fc1fc0.jpg?1787740699,Crystal,47,0,SAM
Lowan Gleview,48863675,194,193,Gilgamesh,Aether,406,0,3ed0770e9633fa9630af57f595f1d68d_b937560c841465f7c4bc8eb47ea7948afc0.jpg?1787739822,Crystal,35,0,NIN
Khione Ruhewann,46320064,195,194,Famfrit,Primal,403,0,7f4213b80626d593c297255cb1c55698_fce4949e615393e574f2d57134b31fc1fc0.jpg?1787740710,Crystal,127,0,RPR
Roland Montpensier,27408688,196,195,Mateus,Crystal,402,0,f999e29fa2ab10f6ba02338f493e886b_f0c52cc66e124fc2e641d7c21ab2ce79fc0.jpg?1787739588,Crystal,26,0,DRG
Tio Tot,32427648,197,196,Jenova,Aether,402,0,b6b5f99e0b2c9878499873fdbe82cda3_ce736afe35e2ded4e46c4fd0659aef7efc0.jpg?1787741334,Crystal,25,0,PLD
Larxis Themage,9284703,198,197,Mateus,Crystal,401,0,f1440421e273892659981868cbc99f9b_f0c52cc66e124fc2e641d7c21ab2ce79fc0.jpg?1787738335,Crystal,187,2,BRD
Jin Mercer,31096690,199,0,Marilith,Dynamis,401,0,708b770d30658bbff6a84015d913b518_bbfb28d5a9059cd0c768daf77ab29982fc0.jpg?1787739577,Crystal,102,4,SAM
Von Columbine,58381347,199,198,Gilgamesh,Aether,401,0,616328e702b2b2e8d452581d53ec9f88_b937560c841465f7c4bc8eb47ea7948afc0.jpg?1787739777,Crystal,102,0,GNB
O'naeas Du'faigh,39414113,201,200,Ultros,Primal,401,0,7994a259bec436115a0081b11babf4f8_c514cdcdb619439df97d906d4434ccc6fc0.jpg?1787738678,Crystal,75,0,DRK
Very Shooooooooooort,49384501,202,201,Hyperion,Primal,401,0,084259a7b0d5cdac112faebe64bac849_57ae9ee5592123dd79c8912bf768cf99fc0.jpg?1787740391,Crystal,63,3,UNK
Vicious Nouzen,42001229,203,202,Jenova,Aether,401,0,94ccc3f4ceffc2356f1ddd47d85ca9f7_ce736afe35e2ded4e46c4fd0659aef7efc0.jpg?1787740199,Crystal,51,0,MNK
Virtus Giruvegan,3183831,204,203,Gilgamesh,Aether,401,0,e8050cdd79efaaf143d74f9ae4cdcfb1_b937560c841465f7c4bc8eb47ea7948afc0.jpg?1787740932,Crystal,23,0,UNK
Yulia Lunaria,82714,205,204,Coeurl,Crystal,401,0,30d19e29baad4dfe064001a80a4466e1_284358f8eb4efc9095914e46798c6ab3fc0.jpg?1787738877,Crystal,18,1,AST
Senka Kyo,40405843,206,205,Adamantoise,Aether,401,0,57edcac1396cccc62373cfaa1109ab06_1f5fd239b885860b7c2bfc72ad1d97effc0.jpg?1787741490,Crystal,3,0,BLM
Rail Ying,33252892,207,206,Famfrit,Primal,400,0,e9ae8b691e418ccccf35ebe11804f497_fce4949e615393e574f2d57134b31fc1fc0.jpg?1787738531,Crystal,341,0,RPR
Coffee Dawg,17085073,208,207,Famfrit,Primal,400,0,3f73984ff31eed30a16eba5ac017bdda_fce4949e615393e574f2d57134b31fc1fc0.jpg?1787740404,Crystal,69,0,MNK
Nero K'ten,6155374,209,208,Lamia,Primal,400,0,457604f04300faac0e52a053884e2bb7_4d9be17b5e1edc617052b4dbf4007875fc0.jpg?1787739799,Crystal,53,0,NIN
Cj Deux,23394493,210,209,Lamia,Primal,399,0,64702aeefa55d2931c531ddadd7964ea_4d9be17b5e1edc617052b4dbf4007875fc0.jpg?1787740044,Crystal,240,4,SMN
Mash Buttons,12470854,211,218,Ultros,Primal,399,5,eec5508ec2ce3844fd62caa5b87a24d8_c514cdcdb619439df97d906d4434ccc6fc0.jpg?1787740906,Crystal,52,5,BRD
Pvp Wintrader,55633250,212,210,Rafflesia,Dynamis,399,0,a95c4512f0f35cf564aac910d19b00e2_2783886613347a4db0bed7524de1298ffc0.jpg?1787741677,Crystal,41,0,BRD
Johnny Rotten,60584717,213,211,Balmung,Crystal,398,0,16dd0eb6be877814ca22fed24fe6191d_7a573cbc0cda3a3dfc1795cb3d9f7b23fc0.jpg?1787739968,Crystal,69,5,MCH
Kaede Obinata,32151196,214,212,Marilith,Dynamis,398,0,460d631b298c83b035fb70ac5669658d_bbfb28d5a9059cd0c768daf77ab29982fc0.jpg?1787741225,Crystal,46,0,NIN
Honey Toast,57307408,215,213,Exodus,Primal,398,0,f4ce05067fa4042fad64931eb5015841_0cdf051c93865faa15cbc5cd3d2b69fbfc0.jpg?1787740136,Crystal,36,0,UNK
Ava Falafell,7835301,216,214,Cactuar,Aether,398,0,037dd67f6ab82aadfe3e7b3e4973d525_96ab1df8877c1f8ba6a89a39cccfd437fc0.jpg?1787739453,Crystal,32,0,WHM
Milly Mina,37964161,217,215,Cuchulainn,Dynamis,398,0,f3300c3e28b3c5b4a3767a587341831e_b4a106e4893fd452df0001eaeecf9d7efc0.jpg?1787741545,Crystal,24,0,WAR
Shoujo Hime,18340055,218,216,Leviathan,Primal,397,0,c341075038058a45ef549f7bac1b9d25_a91aae52cff9ef65932db06b150ffd47fc0.jpg?1787741570,Crystal,211,0,WHM
Kale Crow,57973655,219,217,Excalibur,Primal,396,0,39e30189265e5cf770bddc1b87bdb349_745baffc465480ed372e274d50318290fc0.jpg?1787740906,Crystal,66,0,UNK
Thamiel Blade,11845109,220,219,Malboro,Crystal,393,0,80ba6f7aa26a72c98ebf41b210be27be_2e97c13fdd593d15d543093f8a37b6f0fc0.jpg?1787740536,Crystal,84,0,PLD
Aurora Aura,51466191,221,220,Coeurl,Crystal,392,0,6bf65747d41f881881af0d8d8ee83bb9_284358f8eb4efc9095914e46798c6ab3fc0.jpg?1787741127,Crystal,109,0,WHM
Cynthia Noir,25307713,222,221,Leviathan,Primal,388,0,5b4f8d78ae6dd18586116fe673617384_a91aae52cff9ef65932db06b150ffd47fc0.jpg?1787739417,Crystal,279,22,BLM
Boulder Beholder,10981587,223,222,Faerie,Aether,310,0,9de7d0362a3a832a7171bfe262bb5d94_0e336ff6ad415f47233f0aaf127feac0fc0.jpg?1787738869,Crystal,6,0,GNB
Dank Lollington,37820692,224,223,Exodus,Primal,304,0,2b6faafd9620689cd5e4222c96529aa5_0cdf051c93865faa15cbc5cd3d2b69fbfc0.jpg?1787739753,Crystal,21,0,MCH
Celeste Aeternum,38129090,225,224,Adamantoise,Aether,301,0,76510814c4215ff9bd016e9313ee6e2c_1f5fd239b885860b7c2bfc72ad1d97effc0.jpg?1787740597,Crystal,142,1,VPR
Tarex Youva,34244171,226,225,Behemoth,Primal,301,0,f62a1a6593a19abc7f2ade2191e57159_be20385e18333edb329d4574f364a1f0fc0.jpg?1787738607,Crystal,75,2,AST
Denmo Mcstronghuge,1150717,227,226,Excalibur,Primal,301,0,bb33b9be77e28ab26ee6367ad6ba7cac_745baffc465480ed372e274d50318290fc0.jpg?1787739388,Crystal,20,0,BLM
Erdrick Than'talas,35169837,228,227,Behemoth,Primal,300,0,bcdde4e2fbfba10f901006ffbc7723cc_be20385e18333edb329d4574f364a1f0fc0.jpg?1787741291,Crystal,283,0,WAR
V'linh Tia,35736983,229,228,Hyperion,Primal,300,0,760e31f96b4d3b3534fcdc43c9564fab_57ae9ee5592123dd79c8912bf768cf99fc0.jpg?1787740925,Crystal,102,5,MCH
Ciel Sorrel,22647977,230,229,Zalera,Crystal,300,0,4feb2b2835b10561864f50a075fa571c_8106f857613f8fb994b0be37b26ff4bafc0.jpg?1787740019,Crystal,72,0,UNK
Eternal Slumber,25903660,231,230,Hyperion,Primal,300,0,e04969696b7e202db5371bd7c0b62231_57ae9ee5592123dd79c8912bf768cf99fc0.jpg?1787741278,Crystal,68,0,NIN
Onion Little,37583983,232,231,Zalera,Crystal,300,0,59533d6fd2d0a8b58595bf860ae3f36a_8106f857613f8fb994b0be37b26ff4bafc0.jpg?1787740829,Crystal,13,0,WHM
Theory Ai,55206021,233,250,Leviathan,Primal,299,95,018be547248466158b1d0f9de4315340_a91aae52cff9ef65932db06b150ffd47fc0.jpg?1787740343,Crystal,212,1,SAM
W'kepaga M'ankhad,51943168,234,232,Midgardsormr,Aether,299,0,2731864a3bfbb890bb0d554a4dbb55cc_5c8ecfbc673e1287a9b5e85423fe1657fc0.jpg?1787739908,Crystal,178,0,SMN
Lux Mas,23065843,235,233,Sargatanas,Aether,299,0,88a2ca0abf69b95b8d6893d740e04615_ba22853447012a24cee115315d6a5bebfc0.jpg?1787741495,Crystal,124,0,RDM
Nava Savitra,11866965,236,234,Behemoth,Primal,299,0,192dd5e055cc8be6175a56a286c32203_be20385e18333edb329d4574f364a1f0fc0.jpg?1787739305,Crystal,93,2,BLM
Novical Astrea,42979170,237,235,Exodus,Primal,299,0,b638930bbe9987be79fa698126728549_0cdf051c93865faa15cbc5cd3d2b69fbfc0.jpg?1787738960,Crystal,74,0,SCH
Bento Manjusaka,8342791,238,236,Famfrit,Primal,298,0,6ad6165e804ca5f8a6e46061f7c359ec_fce4949e615393e574f2d57134b31fc1fc0.jpg?1787738257,Crystal,41,0,BRD
Kemono Friends,9960513,239,237,Balmung,Crystal,298,0,32976001d45735dc6eed07706ce7c1aa_7a573cbc0cda3a3dfc1795cb3d9f7b23fc0.jpg?1787739644,Crystal,6,0,WHM
Ailbhe Costa,24483224,240,238,Golem,Dynamis,298,0,d2a07a324d29f192eabbae6adeb2462b_dd61c3dc259e5c43722e89409499b669fc0.jpg?1787740154,Crystal,5,0,UNK
Aesa Reign,35916991,241,239,Behemoth,Primal,298,0,41b39fb2112c54e35953a1e9bca43b2b_be20385e18333edb329d4574f364a1f0fc0.jpg?1787741730,Crystal,3,0,WAR
Reed Diamond,7237831,242,240,Ultros,Primal,297,0,132bb33f336f4f3ae42c3cf9a96a11ad_c514cdcdb619439df97d906d4434ccc6fc0.jpg?1787741727,Crystal,115,6,SCH
Zolzayaa Noykin,34804380,243,241,Balmung,Crystal,297,0,ff773bbf0388cc8a61ac7c87e78f978f_7a573cbc0cda3a3dfc1795cb3d9f7b23fc0.jpg?1787740631,Crystal,68,0,VPR
Asteroth Rayet,34556987,244,243,Coeurl,Crystal,297,0,074f19c1dfdaef751b93ed3b29eeb320_284358f8eb4efc9095914e46798c6ab3fc0.jpg?1787740463,Crystal,28,2,GNB
Sitri Belladonna,44271644,245,244,Maduin,Dynamis,296,0,d5fba1e5169b57a308fb1ea60e3553cf_7ff236346f6151d8a2c08fd0b4a0b806fc0.jpg?1787741346,Crystal,58,0,RPR
Medori Tenosu,31992476,246,245,Jenova,Aether,294,0,2d7230bf79f29d3570cfdc7390506985_ce736afe35e2ded4e46c4fd0659aef7efc0.jpg?1787739458,Crystal,86,4,GNB
Nika Arwing,12407061,247,246,Behemoth,Primal,294,0,f0ebfd95e843addaab2471d3cb028eb6_be20385e18333edb329d4574f364a1f0fc0.jpg?1787739497,Crystal,8,0,NIN
Eroison Chren,42575447,248,247,Ultros,Primal,293,0,d66c862181da18eea3335d6667510dc6_c514cdcdb619439df97d906d4434ccc6fc0.jpg?1787740010,Crystal,46,0,SCH
Marika Mjolnir,38212348,249,248,Malboro,Crystal,292,0,969a50dcb0d9777a00aae149894ab7f5_2e97c13fdd593d15d543093f8a37b6f0fc0.jpg?1787740877,Crystal,181,0,WAR
Nixacu Murubra,24114126,250,249,Lamia,Primal,205,0,68206034a86cf63bd8aecd714ae17955_4d9be17b5e1edc617052b4dbf4007875fc0.jpg?1787741383,Crystal,78,1,BLM
Lumiel Alstreim,6929457,251,0,Balmung,Crystal,204,0,6004c4e57250b544ed36bf6b310e878a_7a573cbc0cda3a3dfc1795cb3d9f7b23fc0.jpg?1787738972,Crystal,46,0,PCT
Abel Catallus,20632128,252,0,Hyperion,Primal,203,0,a753917cbe6dc89a0ba41f10003a621d_57ae9ee5592123dd79c8912bf768cf99fc0.jpg?1787738552,Crystal,72,0,SMN
Lenpao Victus,30455513,253,288,Midgardsormr,Aether,201,101,6067c0a6b77debbd9a03665d4d13dd52_5c8ecfbc673e1287a9b5e85423fe1657fc0.jpg?1787738785,Crystal,72,3,UNK
Aiberaint Mando,58601227,254,253,Faerie,Aether,200,0,b7621f9e3f9c7a33ce4acd4a392c3a41_0e336ff6ad415f47233f0aaf127feac0fc0.jpg?1787738480,Crystal,33,0,RPR
Nonoha Noha,32959229,255,254,Balmung,Crystal,200,0,d9c4977477ddfaebc0c2204729f692f9_7a573cbc0cda3a3dfc1795cb3d9f7b23fc0.jpg?1787741433,Crystal,22,0,UNK
Bellatrix Solara,20445342,256,255,Leviathan,Primal,200,0,89d7b355539e181e2d0c9cd890f6f062_a91aae52cff9ef65932db06b150ffd47fc0.jpg?1787740860,Crystal,11,0,UNK
Joe Biden',48592929,257,256,Seraph,Dynamis,200,0,c06fd69e6b294b74118f1a8ad5727f56_07fb0511053f398d1f2d6831e6a6b4c8fc0.jpg?1787738861,Crystal,2,0,UNK
Giselle Aureillien,29155636,258,257,Coeurl,Crystal,200,0,0864f26f62e17d3942c765f8a16665d2_284358f8eb4efc9095914e46798c6ab3fc0.jpg?1787738400,Crystal,1,0,NIN
Vayce Lilacspark,4565408,259,258,Balmung,Crystal,199,0,e9f3928d81a9f68a9cfae3a6a414feb8_7a573cbc0cda3a3dfc1795cb3d9f7b23fc0.jpg?1787739533,Crystal,137,0,DRK
Chronochaos Asura,1230012,260,259,Excalibur,Primal,199,0,16f01a0a9404158e87254af5dbe09328_745baffc465480ed372e274d50318290fc0.jpg?1787738456,Crystal,75,0,WAR
Sophia Sol,50636657,261,260,Diabolos,Crystal,199,0,f2e548487adc8d24ba4ee5ae891d1fca_7b33d33ae3ecb996f778a5f67a6a0af6fc0.jpg?1787740221,Crystal,50,0,WAR
Cleo Kaisuri,49507760,262,261,Hyperion,Primal,199,0,b3c346a088e9876c531a3dcecd6b78db_57ae9ee5592123dd79c8912bf768cf99fc0.jpg?1787741552,Crystal,43,0,SGE
Nickon Malek,36659706,263,262,Zalera,Crystal,199,0,d4f6bca99d38c68180883a3bd35b4647_8106f857613f8fb994b0be37b26ff4bafc0.jpg?1787738715,Crystal,37,0,MCH
Mits Suki,33204212,264,263,Famfrit,Primal,199,0,5bb063598970951b9c8c586bd4f0db1f_fce4949e615393e574f2d57134b31fc1fc0.jpg?1787739908,Crystal,5,0,MNK
Sandoz Nakao,10931721,265,264,Sargatanas,Aether,198,0,dbfb04dfbbe3ea56cd066152b1c185fb_ba22853447012a24cee115315d6a5bebfc0.jpg?1787739293,Crystal,179,0,GNB
Cassian Aten,49727028,266,265,Ultros,Primal,198,0,beba5702725b35f7f383e56d8c6eeb6c_c514cdcdb619439df97d906d4434ccc6fc0.jpg?1787741407,Crystal,68,0,UNK
Glamour Police,42569529,267,266,Faerie,Aether,198,0,628a713ff9a3e9604964fec89696bc80_0e336ff6ad415f47233f0aaf127feac0fc0.jpg?1787739981,Crystal,54,0,MCH
Radanis Luminacht,16920977,268,267,Sargatanas,Aether,198,0,b371d311f8b15d14c5d5b08dda36ab7f_ba22853447012a24cee115315d6a5bebfc0.jpg?1787738907,Crystal,1,0,PLD
Tree Cat,26335365,269,268,Jenova,Aether,197,0,33c88618a561b4c9a812b3fe8cb0ba15_ce736afe35e2ded4e46c4fd0659aef7efc0.jpg?1787738632,Crystal,2,0,NIN
Sensus Meow,3918158,270,269,Gilgamesh,Aether,196,0,c830651186889d4902ef13cefd58a832_b937560c841465f7c4bc8eb47ea7948afc0.jpg?1787740210,Crystal,1,0,BRD
Unit Two,9241194,271,270,Ultros,Primal,195,0,641de9f4edfaf7fe05a95460092c87ef_c514cdcdb619439df97d906d4434ccc6fc0.jpg?1787741401,Crystal,147,0,SCH
Flipped Hellcat,21788780,272,271,Brynhildr,Crystal,105,0,2ae61210380d605b7b52e1b3372b5079_d0a0f515a62457570c9b44997063e3c1fc0.jpg?1787739354,Crystal,34,3,UNK
Kanae Meow,36806118,273,272,Ultros,Primal,104,0,8969e8a0b518902a3996525f822b4701_c514cdcdb619439df97d906d4434ccc6fc0.jpg?1787738753,Crystal,186,25,WHM
Yuki Yozora,32275648,274,273,Faerie,Aether,103,0,bed164ee9535c02b6ea7cc8b5000c845_0e336ff6ad415f47233f0aaf127feac0fc0.jpg?1787738597,Crystal,201,11,SAM
Renzo Jinwoo,34732404,275,274,Seraph,Dynamis,102,0,5661b5945f2e3c2ffb7cc17ead7445b0_07fb0511053f398d1f2d6831e6a6b4c8fc0.jpg?1787741726,Crystal,159,13,MCH
Erik Jormungandr,21053207,276,275,Balmung,Crystal,102,0,d279bad4f9c048ee2cb4310b2dabb453_7a573cbc0cda3a3dfc1795cb3d9f7b23fc0.jpg?1787738686,Crystal,15,0,DRK
Agreed Indeed,35442337,277,276,Cactuar,Aether,102,0,420d1175f93ad013aa9ab84ae2d42209_96ab1df8877c1f8ba6a89a39cccfd437fc0.jpg?1787741266,Crystal,11,0,SGE
Gidson Brand,28304013,278,0,Goblin,Crystal,101,101,876c2dd63c77339205c6fe96b4bd3d82_8e81e2940511f7152ba4462fe53e35b8fc0.jpg?1787739149,Crystal,40,7,WAR
Tegridy Weed,3469679,279,277,Midgardsormr,Aether,101,0,96f7b1ca58cffc2cdcbb1df90d116807_5c8ecfbc673e1287a9b5e85423fe1657fc0.jpg?1787739979,Crystal,28,0,AST
Ace Dorayaki,34266163,280,278,Mateus,Crystal,100,0,2a9eb696c40033fe1c17e7506f93392e_f0c52cc66e124fc2e641d7c21ab2ce79fc0.jpg?1787740437,Crystal,271,0,SAM
Pravik Rhati,30628415,281,0,Zalera,Crystal,100,100,6f338ced5bbbd90812f4a17468f53684_8106f857613f8fb994b0be37b26ff4bafc0.jpg?1787739263,Crystal,253,16,DRK
June Freyja,10894711,282,279,Brynhildr,Crystal,100,0,a53a85398b567470f54962e592f2684d_d0a0f515a62457570c9b44997063e3c1fc0.jpg?1787739636,Crystal,191,0,SAM
Deep-fried Shrimp,39013955,283,280,Halicarnassus,Dynamis,100,0,8c854c8dde07c11059f113329f369709_f2d324d722b28bbe681b2898bcdca8bffc0.jpg?1787738680,Crystal,187,0,MCH
Dewdrop Ex'nivis,42142474,284,281,Coeurl,Crystal,100,0,4d866401d0e56d8747b77e186b624f24_284358f8eb4efc9095914e46798c6ab3fc0.jpg?1787739424,Crystal,154,3,MCH
Fawa Gyoji,37307350,285,282,Famfrit,Primal,100,0,e22002145961150a9fd58c297601d8b8_fce4949e615393e574f2d57134b31fc1fc0.jpg?1787740576,Crystal,118,0,MNK
Saber Moon,21231710,286,283,Hyperion,Primal,100,0,f476acb444c0e146dd44d5351357e426_57ae9ee5592123dd79c8912bf768cf99fc0.jpg?1787741727,Crystal,92,0,SGE
Kalatia Silverscale,52796419,287,284,Hyperion,Primal,100,0,1a27aed774a0a73e8c95467c7bf6e956_57ae9ee5592123dd79c8912bf768cf99fc0.jpg?1787738771,Crystal,91,0,UNK
Haley Comet,27668347,288,285,Cactuar,Aether,100,0,2b237658ff580795f602f2f1b6069a76_96ab1df8877c1f8ba6a89a39cccfd437fc0.jpg?1787740377,Crystal,89,0,BRD
Rouge Sunwing,50315022,289,286,Excalibur,Primal,100,0,e083dde5de8a5564f1aa8b12e6add888_745baffc465480ed372e274d50318290fc0.jpg?1787741616,Crystal,80,0,SGE
John Darksouls,32702843,290,287,Adamantoise,Aether,100,0,f1fbda91f49b5975e8a2cb80a74e40ad_1f5fd239b885860b7c2bfc72ad1d97effc0.jpg?1787740633,Crystal,72,0,PLD
Leifon Altugle,8395678,291,288,Gilgamesh,Aether,100,0,3e2aacdbdd9e8d035f4294a4a24ef84d_b937560c841465f7c4bc8eb47ea7948afc0.jpg?1787738369,Crystal,69,0,WAR
Mutilated Remains,15274725,292,290,Adamantoise,Aether,100,0,8f629073b22cd80f608068b9cfd406f3_1f5fd239b885860b7c2bfc72ad1d97effc0.jpg?1787741663,Crystal,64,0,DRG
Tilly Fischer,50755461,292,0,Mateus,Crystal,100,100,8d9ea9fa34ef69de99164fca236c11dd_f0c52cc66e124fc2e641d7c21ab2ce79fc0.jpg?1787739340,Crystal,64,14,DRK
Levy Scarlett,35085988,294,291,Coeurl,Crystal,100,0,74fe88584bdffbcc051a81a168ff958f_284358f8eb4efc9095914e46798c6ab3fc0.jpg?1787739374,Crystal,63,0,WHM
Abare Horo,12853954,295,292,Cuchulainn,Dynamis,100,0,b007ad11da1613038b2e8acb70f76ea6_b4a106e4893fd452df0001eaeecf9d7efc0.jpg?1787740380,Crystal,61,0,WHM
Fenrir Mani,46990212,296,293,Siren,Aether,100,0,9d52f579ab24f21101afab7ee04fd086_58a84e851e55175d22158ca97af58a1ffc0.jpg?1787740152,Crystal,60,0,SMN
Haru Tari,31406841,296,0,Jenova,Aether,100,100,0d66019ab16a3e25cd23869e80641a82_ce736afe35e2ded4e46c4fd0659aef7efc0.jpg?1787739993,Crystal,60,8,NIN
Asera Albright,24908256,298,294,Siren,Aether,100,0,288dc7742b9eb8ec890c2b164e884a7b_58a84e851e55175d22158ca97af58a1ffc0.jpg?1787740575,Crystal,58,0,RDM
Beef Testoserone,31210622,299,295,Lamia,Primal,100,0,8722cb428122ce685cf8b96a844468f3_4d9be17b5e1edc617052b4dbf4007875fc0.jpg?1787739890,Crystal,57,0,DRG
Kamikazejoe Joe,22708502,299,0,Cactuar,Aether,100,100,037b6fb49ed5ed1c24862c3e59161289_96ab1df8877c1f8ba6a89a39cccfd437fc0.jpg?1787738466,Crystal,57,11,GNB
Ash Kitamura,26629771,1,0,Ravana,Materia,0,0,33c0c99f7649a707ea0e8e4da0340efb_2f53b2675d3eea360f0b48d74d30af15fc0.jpg?1787739270,Diamond,81,0,AST
Enrei Mihata,49665542,2,0,Ravana,Materia,0,0,9df67e19d234830f2d797bb6efbad836_2f53b2675d3eea360f0b48d74d30af15fc0.jpg?1787740767,Diamond,37,0,DRG
Fatahh Wizardcat,60429758,3,0,Zurvan,Materia,0,0,0a04508a6feea55f3b4227e7d574212a_1fa3a1b3845481a1b67b46854a3cc49afc0.jpg?1787741825,Platinum,52,0,BLM
Queue Up,44283543,4,0,Ravana,Materia,0,0,341e0565d728c5334b58960edfc1c897_2f53b2675d3eea360f0b48d74d30af15fc0.jpg?1787739318,Platinum,42,0,PLD
Shiki Hime,41619079,5,0,Sophia,Materia,0,0,e0f33871fdd9bcb0012cace0f140b504_ba15a18cd3a8fb567e39053022515eb6fc0.jpg?1787741256,Platinum,39,0,SMN
Sora Teppelin,7487042,6,0,Sophia,Materia,0,0,3d849e783499c238b2f4d439e3a8c2a7_ba15a18cd3a8fb567e39053022515eb6fc0.jpg?1787741744,Platinum,35,0,VPR
Shiny Jirachi,51220221,7,0,Sophia,Materia,0,0,f1b04aa626472a08642b4f93d911f87c_ba15a18cd3a8fb567e39053022515eb6fc0.jpg?1787741400,Platinum,11,0,SAM
Raiosu Eucliffe,45249258,8,0,Ravana,Materia,0,0,a21442f92d53ab89cab416d41fe9132d_2f53b2675d3eea360f0b48d74d30af15fc0.jpg?1787738357,Platinum,53,0,BRD
Nyanyanyanya Nyanyan,48648775,9,0,Ravana,Materia,0,0,ec08e9f45b8d4335b412f3e39f4458e2_2f53b2675d3eea360f0b48d74d30af15fc0.jpg?1787740836,Platinum,29,0,WHM
Ku Ku,58267971,10,0,Sophia,Materia,0,0,77db43d75ac5ffe3d585318a47534ab9_ba15a18cd3a8fb567e39053022515eb6fc0.jpg?1787738997,Platinum,52,0,BRD
Master Zoknik,61010055,11,0,Zurvan,Materia,0,0,bfa135b89b0fb27fe708b3a427bd667f_1fa3a1b3845481a1b67b46854a3cc49afc0.jpg?1787741570,Platinum,88,0,SMN
Jiraiya Sannin,47974804,12,0,Ravana,Materia,0,0,6a5cc312529bc78b7d0bbbf5f41983af_2f53b2675d3eea360f0b48d74d30af15fc0.jpg?1787739358,Platinum,45,0,WAR
Esperance Lightbound,16103781,13,0,Ravana,Materia,0,0,0d3ff648d49892a8fc3bd67490985032_2f53b2675d3eea360f0b48d74d30af15fc0.jpg?1787739598,Platinum,40,0,SCH
Syth Isi,14766898,14,0,Sephirot,Materia,0,0,4eef23c58ccbdfd054240b7a6afee3df_30a5f9eadea6e0cb684a5265362d0d59fc0.jpg?1787739324,Platinum,31,0,SGE
Lil Wu,39781651,15,0,Ravana,Materia,0,0,883868199332c12050d61887025475bc_2f53b2675d3eea360f0b48d74d30af15fc0.jpg?1787738842,Platinum,38,0,PLD
Monkey Rat,28956529,16,0,Zurvan,Materia,0,0,bd13db4ebaa363278dd269b5941ae816_1fa3a1b3845481a1b67b46854a3cc49afc0.jpg?1787739150,Platinum,75,0,BLM
Unshao Theruun,36386941,17,0,Sephirot,Materia,0,0,ec8f93abdc73eddcd17e0450db1cb572_30a5f9eadea6e0cb684a5265362d0d59fc0.jpg?1787740494,Platinum,28,0,WAR
Aleksei Veldoch,39931654,18,0,Ravana,Materia,0,0,ef0923b785702de5a588b383a0d1bcea_2f53b2675d3eea360f0b48d74d30af15fc0.jpg?1787738457,Platinum,47,0,VPR
Noelle Frost,59496366,19,0,Zurvan,Materia,0,0,5e03b95700bb3e6556a80cb9336a41d2_1fa3a1b3845481a1b67b46854a3cc49afc0.jpg?1787738419,Platinum,40,0,WHM
Boz Ulceros,32280980,20,0,Ravana,Materia,0,0,269b081d650bf5598fd5a3f9419b8b43_2f53b2675d3eea360f0b48d74d30af15fc0.jpg?1787739993,Platinum,72,0,SAM
Funeral Pyre,29286073,21,0,Zurvan,Materia,0,0,48d5de4023484583f2225a2026548284_1fa3a1b3845481a1b67b46854a3cc49afc0.jpg?1787738614,Platinum,61,0,SMN
Mars Bars,41756039,22,0,Sophia,Materia,0,0,87af5886ec3b52e7e582ccc7755f6a9b_ba15a18cd3a8fb567e39053022515eb6fc0.jpg?1787739256,Platinum,49,0,DRG
Chs Crane,37655547,23,0,Sophia,Materia,0,0,7cd2d4b420716bf684bdd41ef37d9319_ba15a18cd3a8fb567e39053022515eb6fc0.jpg?1787739385,Platinum,30,0,SAM
Simetras Sol,38726083,24,0,Ravana,Materia,0,0,fc54c458f2e80d3680f50e6026011ab7_2f53b2675d3eea360f0b48d74d30af15fc0.jpg?1787739363,Gold,131,0,DRK
Lillian Melikai,42502039,25,0,Ravana,Materia,0,0,6c5f22e96162240c2bb96702fcbe123b_2f53b2675d3eea360f0b48d74d30af15fc0.jpg?1787738391,Gold,47,0,MNK
Coffee Lover,50333621,26,0,Sophia,Materia,0,0,3c4552eb56bfb14f36d9b512873eac0d_ba15a18cd3a8fb567e39053022515eb6fc0.jpg?1787739167,Gold,42,0,UNK
Twitch Pvpash,58310287,27,0,Sephirot,Materia,0,0,825390c1ecfa92c4ed45d4ff7a91e39e_30a5f9eadea6e0cb684a5265362d0d59fc0.jpg?1787740409,Gold,35,0,PLD
Disco Knees,36101852,28,0,Sophia,Materia,0,0,48d0a8dae7efe9ad10780f28920a969b_ba15a18cd3a8fb567e39053022515eb6fc0.jpg?1787741090,Gold,33,0,DRG
Seth Nier,10650761,29,0,Sophia,Materia,0,0,64bba40966450747199bec23184e47a3_ba15a18cd3a8fb567e39053022515eb6fc0.jpg?1787740510,Gold,26,0,DRK
Izaray Wintergray,40906176,30,0,Sophia,Materia,0,0,be2f5b4e324fa72cd4ef19d0c29f10da_ba15a18cd3a8fb567e39053022515eb6fc0.jpg?1787739043,Gold,37,0,BLM
Stupid Puzzle,57160120,31,0,Ravana,Materia,0,0,7af9b543418115db5c1299f1abb4e123_2f53b2675d3eea360f0b48d74d30af15fc0.jpg?1787739329,Gold,45,0,DRG
Stu Vermillion,45923134,32,0,Sephirot,Materia,0,0,542be51b9ba1f8c4c217e94d2b96e3aa_30a5f9eadea6e0cb684a5265362d0d59fc0.jpg?1787738261,Gold,35,0,SAM
Jena Kuwahara,28003546,33,0,Ravana,Materia,0,0,5bacb190ffd91b392df04923b13fa29a_2f53b2675d3eea360f0b48d74d30af15fc0.jpg?1787740772,Gold,98,0,WHM
Vielle Drillemont,52770027,34,0,Ravana,Materia,0,0,6c212c0698d00b38fb5cb7d51dcf91bf_2f53b2675d3eea360f0b48d74d30af15fc0.jpg?1787739445,Gold,74,0,GNB
Aislinn Rose,47395507,35,0,Ravana,Materia,0,0,920c56af8cba5363c65e0c83dbbcac71_2f53b2675d3eea360f0b48d74d30af15fc0.jpg?1787741032,Gold,68,0,MNK
Brian Ricardo,41560139,36,0,Sophia,Materia,0,0,678ed14a243387459872b7217f75e382_ba15a18cd3a8fb567e39053022515eb6fc0.jpg?1787739262,Gold,26,0,SGE
Noah Marlowe,16149159,37,0,Ravana,Materia,0,0,ec4ee34b34397ee883bd89175e1f15df_2f53b2675d3eea360f0b48d74d30af15fc0.jpg?1787738531,Gold,15,0,RDM
Scarlette Harlette,51206657,38,0,Sephirot,Materia,0,0,2f63ccbdc329fa14480887bf4c0dfa0e_30a5f9eadea6e0cb684a5265362d0d59fc0.jpg?1787739047,Gold,64,0,NIN
Berogi Avarous,37261319,39,0,Sophia,Materia,0,0,5fbe574c31dc7541b2bb18753fed8278_ba15a18cd3a8fb567e39053022515eb6fc0.jpg?1787738881,Gold,25,0,RPR
Han Liu,44640291,40,0,Ravana,Materia,0,0,55233b520f90487f51f380e2add5fc3d_2f53b2675d3eea360f0b48d74d30af15fc0.jpg?1787741555,Gold,87,0,SGE
Lion Lord,60332724,41,0,Ravana,Materia,0,0,72fbb269e357d68127cd61715f152bc8_2f53b2675d3eea360f0b48d74d30af15fc0.jpg?1787739406,Gold,57,0,BRD
Lupercal Aurelian,37936946,42,0,Ravana,Materia,0,0,93674d47ae679f2b2191e0d82e33123f_2f53b2675d3eea360f0b48d74d30af15fc0.jpg?1787741567,Gold,25,0,NIN
Arvus Lake,60370728,43,0,Bismarck,Materia,0,0,3491a10775fcbbb5a0c1329925f30f4f_36f0570990ac5402b2ef514d36b0435cfc0.jpg?1787740419,Gold,17,0,MNK
Nirki Yukumo,41663432,44,0,Zurvan,Materia,0,0,c950234c9a872ae2ab8476f696fcb74f_1fa3a1b3845481a1b67b46854a3cc49afc0.jpg?1787741719,Gold,20,0,MIN
Neo Zee,58982637,45,0,Ravana,Materia,0,0,c042f71fe47095dad35d5764027056d1_2f53b2675d3eea360f0b48d74d30af15fc0.jpg?1787740654,Gold,38,0,BRD
Juru'a Mihrulh,48704606,46,0,Zurvan,Materia,0,0,80aa9b34947750aa356810124a11ba19_1fa3a1b3845481a1b67b46854a3cc49afc0.jpg?1787740371,Gold,63,0,WHM
Zervish Vanht,21659747,47,0,Ravana,Materia,0,0,ff2403388bd597c0b3fb62c30e9bff67_2f53b2675d3eea360f0b48d74d30af15fc0.jpg?1787740786,Gold,23,0,DRK
Byakko Moon,10831175,48,0,Sephirot,Materia,0,0,7d8049ebe32efa74e5107944b1e43d15_30a5f9eadea6e0cb684a5265362d0d59fc0.jpg?1787739096,Gold,3,0,NIN
Wierd Dude,58113414,49,0,Sephirot,Materia,0,0,c887fa7d587b2205b349abb82627a0d1_30a5f9eadea6e0cb684a5265362d0d59fc0.jpg?1787739083,Gold,63,0,MCH
Sukoshi Ninjin,57860048,50,0,Sophia,Materia,0,0,b41a0bd7b5958d56cec5f84314a28f3a_ba15a18cd3a8fb567e39053022515eb6fc0.jpg?1787738850,Gold,32,0,UNK
Aurum Blaiddyd,10794239,51,0,Sophia,Materia,0,0,8b76648a8cb1cbbd4f1c870189433f3a_ba15a18cd3a8fb567e39053022515eb6fc0.jpg?1787741415,Gold,13,0,PCT
Clars Lester,951178,52,0,Sephirot,Materia,0,0,46727c8d445323c9e5b8140d37027050_30a5f9eadea6e0cb684a5265362d0d59fc0.jpg?1787739423,Silver,62,0,WAR
Sebastian Michaelis,42038341,53,0,Sephirot,Materia,0,0,17f4346a95c45541b337263d60106b3f_30a5f9eadea6e0cb684a5265362d0d59fc0.jpg?1787739291,Silver,59,0,CUL
Sana Miyata,34196273,54,0,Ravana,Materia,0,0,4a94c0f8b59e635e8748a32f11cc42f8_2f53b2675d3eea360f0b48d74d30af15fc0.jpg?1787738739,Silver,31,0,SCH
Birdy Lou,40000398,55,0,Sophia,Materia,0,0,a8894121a60bc81621d47edf1ee0577b_ba15a18cd3a8fb567e39053022515eb6fc0.jpg?1787738534,Silver,29,0,VPR
J'mo H',10666399,56,0,Sephirot,Materia,0,0,53873e717cbf7baeb168205935077671_30a5f9eadea6e0cb684a5265362d0d59fc0.jpg?1787740472,Silver,17,0,AST
Cwenhild Reid,41763782,57,0,Sophia,Materia,0,0,c9d176025665cc1528a984e82a81fd64_ba15a18cd3a8fb567e39053022515eb6fc0.jpg?1787741572,Silver,24,0,PLD
Pollux Renault,45246168,58,0,Ravana,Materia,0,0,af456258cb5d3ca7c42bb950f92247de_2f53b2675d3eea360f0b48d74d30af15fc0.jpg?1787739316,Silver,13,0,MNK
Ranko Riselle,47223883,59,0,Sophia,Materia,0,0,301cb977b468ead36aa13c049b17f861_ba15a18cd3a8fb567e39053022515eb6fc0.jpg?1787739608,Silver,11,0,UNK
Anzac Fenrir,10988408,60,0,Ravana,Materia,0,0,6c7b02f93e5250249333e13f236fc545_2f53b2675d3eea360f0b48d74d30af15fc0.jpg?1787740696,Silver,31,0,WHM
Kensuke Sugimori,59626210,60,0,Zurvan,Materia,0,0,b8c23a3c5466f6621fe9629c20c0b897_1fa3a1b3845481a1b67b46854a3cc49afc0.jpg?1787740119,Silver,31,0,PLD
Eustace Madao,44593837,62,0,Ravana,Materia,0,0,687914339d33024fe783e72eb5a1929f_2f53b2675d3eea360f0b48d74d30af15fc0.jpg?1787738491,Silver,22,0,BLM
Elto Malto,55670275,63,0,Zurvan,Materia,0,0,6625d7f60a549d4e764bdbbb6315b573_1fa3a1b3845481a1b67b46854a3cc49afc0.jpg?1787740554,Silver,17,0,UNK
Peaceful Serenity,44576253,64,0,Sephirot,Materia,0,0,ae7fb16a93fad97a522145bf683d894f_30a5f9eadea6e0cb684a5265362d0d59fc0.jpg?1787739964,Silver,0,0,RDM
Cucu Cucumber,43336963,65,0,Sophia,Materia,0,0,d0bedba76c1744686e4fafd9d31eeb08_ba15a18cd3a8fb567e39053022515eb6fc0.jpg?1787738461,Silver,40,0,BLM
Frierens Feet,18696306,66,0,Bismarck,Materia,0,0,55c56c5779dac3caf6a9e915a44a972d_36f0570990ac5402b2ef514d36b0435cfc0.jpg?1787739101,Silver,29,0,SMN
Persona Non-grata,59997612,66,0,Ravana,Materia,0,0,817d96e78e710beff47ca2d76caa6b30_2f53b2675d3eea360f0b48d74d30af15fc0.jpg?1787741670,Silver,29,0,PLD
C'ranmaia Lizha,60465549,68,0,Bismarck,Materia,0,0,f41736abfa17637ee6e1f020f2787726_36f0570990ac5402b2ef514d36b0435cfc0.jpg?1787739252,Silver,18,0,UNK
Shiny Garchomp,44081260,69,0,Ravana,Materia,0,0,a9aeaf4658d90c68d46e7086d323e456_2f53b2675d3eea360f0b48d74d30af15fc0.jpg?1787741174,Silver,17,0,MCH
Minty Dew,11254788,70,0,Sephirot,Materia,0,0,afdf4d4e1f96c8e17ed8dbbb09ea4e01_30a5f9eadea6e0cb684a5265362d0d59fc0.jpg?1787740217,Silver,12,0,SAM
Pompitous Litchous,28520377,71,0,Sephirot,Materia,0,0,ab4abed9c2f0b5369480818f95581f87_30a5f9eadea6e0cb684a5265362d0d59fc0.jpg?1787740467,Silver,10,0,RPR
Red Pocket,57790009,72,0,Zurvan,Materia,0,0,9ee6578b70ebe2412c9a6a3b9539d845_1fa3a1b3845481a1b67b46854a3cc49afc0.jpg?1787739401,Silver,1,0,UNK
Magnolia Moonsong,39932795,73,0,Sephirot,Materia,0,0,a9e5b8f87ce0e4e7d236eef2abfe90e0_30a5f9eadea6e0cb684a5265362d0d59fc0.jpg?1787741152,Silver,19,0,SCH
Sil Vanht,3592400,74,0,Ravana,Materia,0,0,7557bb5d8d4d13b13e750b30dbd34093_2f53b2675d3eea360f0b48d74d30af15fc0.jpg?1787738492,Silver,9,0,SMN
Re- G',41760350,75,0,Sophia,Materia,0,0,b5e032ba04147a101b5a91d07703c313_ba15a18cd3a8fb567e39053022515eb6fc0.jpg?1787739824,Silver,0,0,UNK
Tiny Seda,43818296,76,0,Ravana,Materia,0,0,21e2b2de9125d9cf1b99748fa9eef0e2_2f53b2675d3eea360f0b48d74d30af15fc0.jpg?1787740518,Silver,37,0,BLM
Venase Tym,61779775,77,0,Sophia,Materia,0,0,24aac6d5abd68d4dc957bd7c98ba27f2_ba15a18cd3a8fb567e39053022515eb6fc0.jpg?1787740428,Silver,18,0,UNK
Zero Alexander,18446688,78,0,Sophia,Materia,0,0,f2e26342d51255236baa45461f41bf5b_ba15a18cd3a8fb567e39053022515eb6fc0.jpg?1787740941,Silver,14,0,DRK
Temp Arie,41750566,79,0,Zurvan,Materia,0,0,73bdd493fc471827004a90a5745ff400_1fa3a1b3845481a1b67b46854a3cc49afc0.jpg?1787740936,Silver,13,0,PLD
Awayi Soleil,40986096,80,0,Zurvan,Materia,0,0,c84676ef434b75aec3260707fcad3d8a_1fa3a1b3845481a1b67b46854a3cc49afc0.jpg?1787738793,Silver,12,0,BLM
Swhe Swoo,28568079,81,0,Sephirot,Materia,0,0,fbccbe709d21605c6f47dec5052b1238_30a5f9eadea6e0cb684a5265362d0d59fc0.jpg?1787740694,Silver,9,0,SCH
Levinia Lumina,25634480,82,0,Ravana,Materia,0,0,9ba79c01085813db00f74aa9a46fd0c8_2f53b2675d3eea360f0b48d74d30af15fc0.jpg?1787739431,Silver,12,0,MCH
Liachen Thrope,29127861,83,0,Sophia,Materia,0,0,b0722934ed1329725ff744f9ae52c7ba_ba15a18cd3a8fb567e39053022515eb6fc0.jpg?1787741140,Silver,9,0,MIN
Goober Gooberm,48887220,84,0,Ravana,Materia,0,0,4523e0b4a5f923b67e31f18f801210af_2f53b2675d3eea360f0b48d74d30af15fc0.jpg?1787740035,Silver,18,0,ALC
Zepherii Sui,43963552,85,0,Sophia,Materia,0,0,31b395238c6120dc114964c652dc393b_ba15a18cd3a8fb567e39053022515eb6fc0.jpg?1787738377,Silver,16,0,MCH
Athena' Aria,29939277,86,0,Ravana,Materia,0,0,c678c1cf7f9d7de3e80882588e7606e8_2f53b2675d3eea360f0b48d74d30af15fc0.jpg?1787741501,Silver,6,0,AST
Turuturu Mennmenn,51356780,87,0,Sephirot,Materia,0,0,501dec1a7db9bac050ecbd4f8028e6e6_30a5f9eadea6e0cb684a5265362d0d59fc0.jpg?1787740458,Bronze,19,0,MNK
Hotsingles Inyourarea,43275845,88,0,Sephirot,Materia,0,0,08be8dec8891190a5227c50c7650dd29_30a5f9eadea6e0cb684a5265362d0d59fc0.jpg?1787741033,Bronze,15,0,PCT
Makh'a Zruhn,42193944,89,0,Ravana,Materia,0,0,323be164f5593618bf1111ae4538ad96_2f53b2675d3eea360f0b48d74d30af15fc0.jpg?1787739406,Bronze,6,0,BSM
Ashmi Rae,18364101,90,0,Bismarck,Materia,0,0,2b3a41d227e2937852d5c1e031d5aba0_36f0570990ac5402b2ef514d36b0435cfc0.jpg?1787739551,Bronze,5,0,BRD
Tiny Wrath,25583557,91,0,Zurvan,Materia,0,0,2c82c1a404fc646361cabcf478aed323_1fa3a1b3845481a1b67b46854a3cc49afc0.jpg?1787740786,Bronze,24,0,WAR
Fio Vanetti,41633033,92,0,Ravana,Materia,0,0,f237b05eb696b7fe8e05b757513a1ca2_2f53b2675d3eea360f0b48d74d30af15fc0.jpg?1787741438,Bronze,12,0,DRG
Esuna Me,41693115,93,0,Sophia,Materia,0,0,a228e053489ecc9e042fda80c30c0c67_ba15a18cd3a8fb567e39053022515eb6fc0.jpg?1787739715,Bronze,11,0,SMN
Ashe Elven,60375475,94,0,Ravana,Materia,0,0,d4a5d51981aa859d5ce41248e280c696_2f53b2675d3eea360f0b48d74d30af15fc0.jpg?1787739159,Bronze,10,0,PLD
Mandakavaa Malaguld,37955863,95,0,Bismarck,Materia,0,0,28368cf0fe654896ddafdbaa7c7a6a56_36f0570990ac5402b2ef514d36b0435cfc0.jpg?1787739853,Bronze,8,0,FSH
Vistra Vistra,37543108,96,0,Sophia,Materia,0,0,b46ab5b00ca34214d4593336a0f112ed_ba15a18cd3a8fb567e39053022515eb6fc0.jpg?1787738955,Bronze,4,0,RPR
Inconspicuous Miqo'te,3493859,97,0,Sophia,Materia,0,0,0b6b4d2c312f136911f9717c83c17997_ba15a18cd3a8fb567e39053022515eb6fc0.jpg?1787740275,Bronze,11,0,VPR
Aethon Shaan,60332336,98,0,Zurvan,Materia,0,0,2c608a6ec9ff59b0783f70b9c665a4b2_1fa3a1b3845481a1b67b46854a3cc49afc0.jpg?1787740069,Bronze,9,0,VPR
Therise Yld'amore,41754598,99,0,Bismarck,Materia,0,0,dea40bb49832c184ff5941cee3006818_36f0570990ac5402b2ef514d36b0435cfc0.jpg?1787739024,Bronze,7,0,BTN
Daeneris Stormborn,17816677,100,0,Zurvan,Materia,0,0,dd3c1f830e92ca4f902d42575517a37d_1fa3a1b3845481a1b67b46854a3cc49afc0.jpg?1787738892,Bronze,4,0,VPR
