name,id,cur_rank,prev_rank,world,dc,points,points_delta,portrait,tier,wins,wins_delta,job
Aura Sphere,30657353,1,0,Zodiark,Light,2169,0,6cc4a373eafbcbf88a340a52d95f133e_c274370774c6bc3483cc8740805f41bcfc0.jpg?1785929957,Omega,63,0,MCH
Miyu Edelfelt,21335430,2,0,Phoenix,Light,1785,94,ba690d74246b4d07f543f0d9516feec2_5047bc596a4bab2dc7f7c120bb22dec5fc0.jpg?1785930635,Omega,128,10,AST
Scarlet Rose,26616217,3,4,Spriggan,Chaos,1608,196,96ad88f23a708e8d6e391f669986d57c_feaf0a2e88ff164813fbc9b85876fa48fc0.jpg?1785928870,Omega,121,17,PLD
Pan Ther,47356852,4,3,Twintania,Light,1560,0,fc9492796dbee9f84ae010350ec7759c_c33f640c0cdd35f7def85b8aa31a0007fc0.jpg?1785929867,Omega,129,31,MCH
Sice Seven,15008161,5,0,Moogle,Chaos,1405,0,23657ac0d29f4bc5667ef1e00cf528f8_d7a9d5f85a29d6278ec1c7adc2c8d242fc0.jpg?1785930007,Crystal,21,3,BRD
Loty Coldwind,36521588,6,0,Twintania,Light,1379,0,3632cf6d20598f5c4c7b748be7e19153_c33f640c0cdd35f7def85b8aa31a0007fc0.jpg?1785931163,Crystal,80,11,WAR
Crow Kaien,44749262,7,0,Zodiark,Light,1376,0,54e5719ccbdb45c6de28f017b4365207_c274370774c6bc3483cc8740805f41bcfc0.jpg?1785929550,Crystal,27,0,RPR
Taiya Li,41293767,8,0,Phoenix,Light,1308,0,7dc31b9a880ba3f36a3ef1208e0c5909_5047bc596a4bab2dc7f7c120bb22dec5fc0.jpg?1785930338,Crystal,42,0,MNK
Saboree Catboy,36051653,9,0,Spriggan,Chaos,1301,0,b61ec1080d608b5a83f30baef219dc02_feaf0a2e88ff164813fbc9b85876fa48fc0.jpg?1785929497,Crystal,83,15,MNK
Tsukuyo Ritlas,37800185,10,20,Odin,Light,1216,294,eca30840fe0bed8e80f620b5f57c49de_644311b63b607133c989d7c1188467dafc0.jpg?1785932197,Crystal,37,7,RDM
Akari Tsuki,31005286,11,10,Louisoix,Chaos,1196,0,28e1cfaecfbf911dc3621f5de74642aa_0a122616f3718d3f45cab10fd8fc1604fc0.jpg?1785929169,Crystal,14,0,WAR
Mamiyama Kamimama,37371304,12,11,Spriggan,Chaos,1083,0,3c6fd6569d3dce40308c9a2a1f3c3bfa_feaf0a2e88ff164813fbc9b85876fa48fc0.jpg?1785931167,Crystal,113,12,PCT
Maarato Cookie,20349526,13,12,Twintania,Light,1022,0,dbab16598b86bb31b2eb96070f723572_c33f640c0cdd35f7def85b8aa31a0007fc0.jpg?1785932335,Crystal,49,0,NIN
Totsu Geki,60147602,14,13,Spriggan,Chaos,1013,0,1b45188bdbf3dd4afe9a37a646eaa4b9_feaf0a2e88ff164813fbc9b85876fa48fc0.jpg?1785931138,Crystal,107,32,RDM
Shino Yaru,38308969,15,14,Phoenix,Light,1011,0,0662727bb913ed7fe3009f3542ea1e64_5047bc596a4bab2dc7f7c120bb22dec5fc0.jpg?1785930422,Crystal,61,0,UNK
Prisma Tic,38791879,16,22,Cerberus,Chaos,1009,191,5220c35172bb26154c862a6d485e37b8_777c57311d510ca65dac3c1077dee435fc0.jpg?1785931236,Crystal,69,15,DRK
Resilla Frostflow,14658770,17,15,Cerberus,Chaos,1004,0,00a4e6250beb98b5644c87cffe8b7f4f_777c57311d510ca65dac3c1077dee435fc0.jpg?1785930900,Crystal,74,9,SMN
Miyu Moon,58918526,18,16,Moogle,Chaos,994,0,1abf5ce3756f6fa0d1c5be2cd39491bc_d7a9d5f85a29d6278ec1c7adc2c8d242fc0.jpg?1785930343,Crystal,19,0,SAM
Ciel Melrose,58478493,19,17,Raiden,Light,993,0,2c7b597e2437a00ad9f0fc0439c68531_a370664d98f658f4ed4e620f378f73cdfc0.jpg?1785931440,Crystal,18,0,WAR
Leedo Dale,25033597,20,18,Zodiark,Light,981,0,9e122691e98bda2ea6abe86ed7b81a63_c274370774c6bc3483cc8740805f41bcfc0.jpg?1785931160,Crystal,141,17,DNC
Shimori Bunihara,35166011,21,19,Raiden,Light,975,0,c44c8fc68c230b1051ec35a527afe9ed_a370664d98f658f4ed4e620f378f73cdfc0.jpg?1785929812,Crystal,64,0,RPR
Lex'ander Wayfarer,18009481,22,42,Odin,Light,904,406,0adfa03fe11940a91e3b6a2ed08ddb88_644311b63b607133c989d7c1188467dafc0.jpg?1785929551,Crystal,32,15,VPR
Auelin Fae,18291844,23,25,Zodiark,Light,902,102,2d6204db02c5efce86aca234fd6f1ce1_c274370774c6bc3483cc8740805f41bcfc0.jpg?1785931048,Crystal,20,7,DRG
Yun' Yun,11341467,24,21,Cerberus,Chaos,896,0,df098ceed6d9cf14cf61cc4110cd6cb5_777c57311d510ca65dac3c1077dee435fc0.jpg?1785929419,Crystal,62,19,WHM
Tyra Kett,26531277,25,44,Spriggan,Chaos,893,483,101b7ec48bba5c5e5b34fda1316c57bc_feaf0a2e88ff164813fbc9b85876fa48fc0.jpg?1785932094,Crystal,66,10,BRD
Elohim Meth,60682611,26,56,Raiden,Light,892,692,0b14f1751b014118eca06236e1fdf2bf_a370664d98f658f4ed4e620f378f73cdfc0.jpg?1785931412,Crystal,36,20,UNK
Marci Sidekick,41408431,27,28,Zodiark,Light,890,191,a9c3b41a05dec1fd191fe80f38009aa5_c274370774c6bc3483cc8740805f41bcfc0.jpg?1785930849,Crystal,47,9,DRK
Tei Tei,36611700,28,37,Odin,Light,889,293,21c224545e3d3af775a3d377c8e444bf_644311b63b607133c989d7c1188467dafc0.jpg?1785928884,Crystal,74,16,WHM
Yasuki San,61688064,29,24,Phantom,Chaos,807,6,37dbf9b8936faaf9c75f598c38dcac11_f0a43d6e5eea19af337a176e9836acddfc0.jpg?1785929378,Crystal,98,10,UNK
Lybel Alyborias,25836089,30,23,Louisoix,Chaos,807,0,a86b680e6c4e5e23befaaaf535a158de_0a122616f3718d3f45cab10fd8fc1604fc0.jpg?1785932191,Crystal,66,11,VPR
Misora Kaiatsa,25126040,31,26,Moogle,Chaos,796,0,80fa199452585ab77d14128509576300_d7a9d5f85a29d6278ec1c7adc2c8d242fc0.jpg?1785930520,Crystal,54,0,RDM
Xen Thique,40172078,32,36,Odin,Light,794,197,8930228f4df0c18feea28ebbb1c451f2_644311b63b607133c989d7c1188467dafc0.jpg?1785932104,Crystal,34,3,PCT
Dragonlife Saijax,29449285,33,27,Moogle,Chaos,794,0,3c08546d3793d12f77cc0b00d3a3af5b_d7a9d5f85a29d6278ec1c7adc2c8d242fc0.jpg?1785929897,Crystal,26,0,GNB
Ase Dora,42603487,34,41,Alpha,Light,778,280,78626e6cf6f07875d5ac9527a5bd0c4d_6132295fcf5570fb8b0a944ef322a598fc0.jpg?1785931036,Crystal,98,15,WAR
Vai Zol,38270926,35,29,Odin,Light,703,0,2e78b44195db83336b1acbe75927a864_644311b63b607133c989d7c1188467dafc0.jpg?1785930289,Crystal,33,0,RDM
Lhei Tayun,25191408,36,30,Zodiark,Light,700,0,6ee93960f16da0ea5150fe1b7590dfa4_c274370774c6bc3483cc8740805f41bcfc0.jpg?1785930971,Crystal,79,9,BLM
Meryll Enetari,24681550,37,35,Cerberus,Chaos,696,98,f4fe16c70d7023e2101e19421c5abf1e_777c57311d510ca65dac3c1077dee435fc0.jpg?1785929777,Crystal,128,11,DNC
Dalik Mathis,9537863,38,32,Ragnarok,Chaos,694,1,fd4dde44208527cc20e58ba589d51f01_40d57ba713628f3f1ef5ef204b6d76d2fc0.jpg?1785929586,Crystal,43,6,SCH
A'dyalani Sato,10026278,39,31,Odin,Light,693,0,d072994a22af88090aecf6e5a3b85c36_644311b63b607133c989d7c1188467dafc0.jpg?1785930421,Crystal,56,0,MCH
Sweet Light,41777815,40,33,Spriggan,Chaos,687,0,2e6808627bd2b8f0f5f0377d20cbbbc5_feaf0a2e88ff164813fbc9b85876fa48fc0.jpg?1785931119,Crystal,22,0,FSH
Sophia Ariadne,11431073,41,34,Odin,Light,600,0,f4329ddf82a418a6e12f1ba978bc1523_644311b63b607133c989d7c1188467dafc0.jpg?1785931750,Crystal,45,1,WHM
Shia Sun,1754600,42,40,Odin,Light,599,98,7550981ba488e5ebe919aa3cb39efbfa_644311b63b607133c989d7c1188467dafc0.jpg?1785929949,Crystal,50,4,WHM
Baka Bao,30345026,43,67,Phantom,Chaos,594,494,57df7efcbcdf8f1aca84c4f1435c36ba_f0a43d6e5eea19af337a176e9836acddfc0.jpg?1785930280,Crystal,100,16,DRG
Based Miqote,46487952,44,38,Twintania,Light,515,0,5e2bb42e554586a20b050b7fd3f88e26_c33f640c0cdd35f7def85b8aa31a0007fc0.jpg?1785929756,Crystal,58,14,UNK
Holos Ymir,35299241,45,39,Cerberus,Chaos,504,0,f8029ed36fad032333305dfa455cddec_777c57311d510ca65dac3c1077dee435fc0.jpg?1785929745,Crystal,22,0,BRD
Myst Freyja,33906213,46,43,Omega,Chaos,416,0,240b879fd403fc16c04022b6075077ae_39e25ac3d737c46452305eefe324372cfc0.jpg?1785931763,Crystal,47,0,RPR
Deadrise Mutombo,31730694,47,45,Ragnarok,Chaos,401,0,a382acb94313f23d966dd6d39d909bea_40d57ba713628f3f1ef5ef204b6d76d2fc0.jpg?1785932287,Crystal,20,0,NIN
Raiden Thorne,27238016,48,46,Zodiark,Light,399,0,96a909af8d24d60f6d8173f8cc16facb_c274370774c6bc3483cc8740805f41bcfc0.jpg?1785931920,Crystal,8,0,PLD
Sunie Mochi,12728791,49,47,Twintania,Light,398,1,4760f9b45bd6f71f83adbd97ab87eae3_c33f640c0cdd35f7def85b8aa31a0007fc0.jpg?1785931065,Crystal,51,8,DNC
Yinwea Levai,36476322,50,64,Shiva,Light,307,207,944bf3a8e93fcc8f15f3f521462d11b5_3fbff0e6b620e4d259dc427abc6574dafc0.jpg?1785932147,Crystal,150,11,WHM
Kimbi Aoe,24693270,51,48,Shiva,Light,304,0,67e0ddfb70faf5725a971d086cfdce61_3fbff0e6b620e4d259dc427abc6574dafc0.jpg?1785929411,Crystal,45,11,MCH
Farnese Shieldmaiden,24419493,52,49,Cerberus,Chaos,301,0,dcec016c4a6cd9a2bd3a2b73183f5a65_777c57311d510ca65dac3c1077dee435fc0.jpg?1785929246,Crystal,15,0,PLD
Neo Saladin,60195724,53,50,Alpha,Light,299,0,d61ef205c9700150e78797546d2ac263_6132295fcf5570fb8b0a944ef322a598fc0.jpg?1785932069,Crystal,90,5,PLD
Yi Ma,60448295,54,57,Phoenix,Light,299,99,bb3af62117cae7488d9b02007f341c7b_5047bc596a4bab2dc7f7c120bb22dec5fc0.jpg?1785931492,Crystal,4,3,MCH
Tarutella Goldfish,4235488,55,51,Phoenix,Light,295,0,f269741c27ca22c02db955557e7283fa_5047bc596a4bab2dc7f7c120bb22dec5fc0.jpg?1785932356,Crystal,2,0,SCH
Mitsuki Mirai,18435457,56,52,Louisoix,Chaos,287,0,365f1772f387bd280bdbfc16afbd5e4e_0a122616f3718d3f45cab10fd8fc1604fc0.jpg?1785929687,Crystal,4,0,CRP
Ul Unhu,9592278,57,66,Phoenix,Light,208,108,d703e404c81140848dbcd200abc4ef7e_5047bc596a4bab2dc7f7c120bb22dec5fc0.jpg?1785932259,Crystal,106,8,BRD
Shiroko Momo,39619880,58,70,Odin,Light,207,107,83b4a27fbdf8dfdce9a7e095cc14bf41_644311b63b607133c989d7c1188467dafc0.jpg?1785929296,Crystal,76,15,BRD
Brutal Killer,8885117,59,53,Ragnarok,Chaos,203,0,30c6a6207c7e93d407784888a7f29c97_40d57ba713628f3f1ef5ef204b6d76d2fc0.jpg?1785929699,Crystal,3,0,GNB
Sayuri Maeshima,33888798,60,54,Omega,Chaos,201,0,9543e703e2409901a4e4c51fcd72a0bd_39e25ac3d737c46452305eefe324372cfc0.jpg?1785931439,Crystal,35,0,CRP
Two Koma,51508003,61,69,Zodiark,Light,200,100,15a666f8d7bb67401300fae763ce4d32_c274370774c6bc3483cc8740805f41bcfc0.jpg?1785931120,Crystal,68,2,SAM
Selin Naari,16360751,62,55,Cerberus,Chaos,200,0,fb2c3681e2cb33bdcd7894d5aad0b9ec_777c57311d510ca65dac3c1077dee435fc0.jpg?1785930669,Crystal,20,0,SMN
Yamizura Kumozuma,19652230,63,57,Twintania,Light,200,0,24bbc9cebf09eb83efcbc272c3085fd1_c33f640c0cdd35f7def85b8aa31a0007fc0.jpg?1785929471,Crystal,4,3,SCH
Tay Talenath,45740169,64,59,Raiden,Light,199,0,b2fa0c7222f7e3ebe117f24a200e11d8_a370664d98f658f4ed4e620f378f73cdfc0.jpg?1785930249,Crystal,122,0,MNK
Phaey Yeon,58326616,65,60,Moogle,Chaos,199,0,6497d439e55c80c0156c198e7f135c78_d7a9d5f85a29d6278ec1c7adc2c8d242fc0.jpg?1785932421,Crystal,38,0,UNK
Hyzenthlay Efrafa,1817919,66,61,Ragnarok,Chaos,197,0,f61f49f2ed95a3709fa034686da0eb63_40d57ba713628f3f1ef5ef204b6d76d2fc0.jpg?1785930959,Crystal,21,0,RPR
Zot To,18725302,67,62,Cerberus,Chaos,196,0,852c16bac4fe7f528a8653c65704e818_777c57311d510ca65dac3c1077dee435fc0.jpg?1785930643,Crystal,1,0,RDM
Chise Hatori',9182735,68,63,Ragnarok,Chaos,103,0,236f29f4984f26e6b197da380f104a63_40d57ba713628f3f1ef5ef204b6d76d2fc0.jpg?1785931796,Crystal,79,3,VPR
Skillpade Skyr,37019657,69,65,Lich,Light,100,0,e520a31662bd7030c96e4951a4f2d301_7206469080400ed57a5373d0a9c55c59fc0.jpg?1785932284,Crystal,118,0,DRK
Delzor Waka,40194085,70,90,Odin,Light,100,100,bde30c4caff355f65cf9761727b12725_644311b63b607133c989d7c1188467dafc0.jpg?1785929723,Crystal,102,12,MCH
Maggot Maggot,61703768,71,68,Omega,Chaos,100,0,3657d57f4a20a5d901d7f4537f1b7307_39e25ac3d737c46452305eefe324372cfc0.jpg?1785932224,Crystal,80,0,WAR
Master Zoknik,47233914,72,142,Omega,Chaos,100,100,47b7a0d3c4816d6dc7cb85c85a3685f7_39e25ac3d737c46452305eefe324372cfc0.jpg?1785930538,Crystal,64,40,WAR
Elyndra Mayhn,27143285,73,120,Twintania,Light,100,100,e4b30c11c8c987996e50ee4c5899c037_c33f640c0cdd35f7def85b8aa31a0007fc0.jpg?1785929948,Crystal,59,9,SMN
Yellow Blue,58488618,74,93,Spriggan,Chaos,100,100,51731f8a93c1d8b59b5c3ded4ffb5a64_feaf0a2e88ff164813fbc9b85876fa48fc0.jpg?1785931241,Crystal,56,14,RDM
Madelynn Veil,49771412,75,81,Omega,Chaos,100,100,92f91d9225bb816c6562fb117814681e_39e25ac3d737c46452305eefe324372cfc0.jpg?1785930314,Crystal,55,3,NIN
Memento Mo'ri,1641495,76,71,Ragnarok,Chaos,100,0,86323bce84189061b1d71ff1dc25266a_40d57ba713628f3f1ef5ef204b6d76d2fc0.jpg?1785930189,Crystal,49,9,SMN
Pattinger Kersel,8183392,77,97,Raiden,Light,100,100,4fec5839fc0fc0bba3a80fc4e1910660_a370664d98f658f4ed4e620f378f73cdfc0.jpg?1785929673,Crystal,43,6,MCH
Sakurane Zero'yuurai,13075529,78,72,Ragnarok,Chaos,100,0,b65369d4b043831749f5fa45d2428e30_40d57ba713628f3f1ef5ef204b6d76d2fc0.jpg?1785931292,Crystal,31,0,PCT
Ebin Almsivi,35310847,79,73,Shiva,Light,100,0,0c72e527d2d86c2ee8f4698832e880b5_3fbff0e6b620e4d259dc427abc6574dafc0.jpg?1785932096,Crystal,23,0,PLD
Vanilla Blossom,41496807,79,73,Moogle,Chaos,100,0,b0e7d1b464d155d8791692fe2e47299d_d7a9d5f85a29d6278ec1c7adc2c8d242fc0.jpg?1785929944,Crystal,23,0,WAR
Yuripa Arashi,37731658,79,73,Shiva,Light,100,0,73ff0d0b3cc5f92ec79dabffa2bedf80_3fbff0e6b620e4d259dc427abc6574dafc0.jpg?1785929786,Crystal,23,0,WAR
Yuumi Fish,25707217,82,76,Cerberus,Chaos,100,0,1a7ebbda26c28eb61f262b9fb37e8c6e_777c57311d510ca65dac3c1077dee435fc0.jpg?1785931832,Crystal,18,0,WVR
Moki Moki,14235486,83,77,Odin,Light,100,0,82d3ef8d03fa7a6ddf4429f15fd296a2_644311b63b607133c989d7c1188467dafc0.jpg?1785932071,Crystal,1,0,WAR
Snap Ringer,18714030,83,77,Omega,Chaos,100,0,77577ce781d587b133c9c53da0974817_39e25ac3d737c46452305eefe324372cfc0.jpg?1785930503,Crystal,1,0,SAM
Limit Cat,37849108,85,79,Lich,Light,100,0,5b03795e0323d8633451ea410c4aeced_7206469080400ed57a5373d0a9c55c59fc0.jpg?1785930432,Crystal,0,0,MNK
Zecht Bradamant,31785474,86,102,Omega,Chaos,0,0,b0b8438e6682f2931a1a930121d0ab43_39e25ac3d737c46452305eefe324372cfc0.jpg?1785931166,Diamond,89,26,SCH
Cipher Strife,7955322,87,105,Ragnarok,Chaos,0,0,fd0f2644fe22871d381e6bae8798c484_40d57ba713628f3f1ef5ef204b6d76d2fc0.jpg?1785932203,Diamond,82,12,GNB
Wieg Wiggles,35061622,88,80,Lich,Light,0,0,61256a3e6c4f0c3dcc05469f5550d102_7206469080400ed57a5373d0a9c55c59fc0.jpg?1785929211,Diamond,76,9,WAR
Rave Bae,47220633,89,82,Alpha,Light,0,0,e640b0d43fa0078b032cbecc50b4e94c_6132295fcf5570fb8b0a944ef322a598fc0.jpg?1785931408,Diamond,57,10,SMN
Khorasan Ataraxia,47289604,90,83,Shiva,Light,0,0,721a6c9c723209b16696818df4cf0c93_3fbff0e6b620e4d259dc427abc6574dafc0.jpg?1785930250,Diamond,109,16,UNK
Wimp Lo,37793632,91,159,Zodiark,Light,0,0,45ed053d252c3a44eabe55329426aa37_c274370774c6bc3483cc8740805f41bcfc0.jpg?1785929944,Diamond,19,13,RPR
Littlebard Crits,44849524,92,84,Lich,Light,0,0,85155be3d7c3c8936c428085496b1e8d_7206469080400ed57a5373d0a9c55c59fc0.jpg?1785930753,Diamond,9,0,UNK
Lilia Sunvale,59323692,93,85,Phoenix,Light,0,0,01173bfd4d3bd682b07d6e9ac6dafd16_5047bc596a4bab2dc7f7c120bb22dec5fc0.jpg?1785930854,Diamond,88,9,WHM
Lavender Yumori,47189865,94,86,Phoenix,Light,0,0,c0a56a85a3c082e0dd3b96359531f30f_5047bc596a4bab2dc7f7c120bb22dec5fc0.jpg?1785932104,Diamond,66,0,MNK
Princess Emi,5884527,95,88,Twintania,Light,0,0,4ab2080550ab1fb15ca76fbfe8e8d512_c33f640c0cdd35f7def85b8aa31a0007fc0.jpg?1785931016,Diamond,57,4,VPR
Lsi Lsi,47353875,96,87,Lich,Light,0,0,792b3235fe2fbd35d956e856c210194f_7206469080400ed57a5373d0a9c55c59fc0.jpg?1785931778,Diamond,55,0,PCT
Alex Rider,15112833,97,141,Alpha,Light,0,0,3c32a1d9439fd94359ee9df8b368df94_6132295fcf5570fb8b0a944ef322a598fc0.jpg?1785930119,Diamond,31,4,DRG
Sotek Scherwil,486374,98,89,Twintania,Light,0,0,c881840c18d6c9fc415801f5f8240174_c33f640c0cdd35f7def85b8aa31a0007fc0.jpg?1785931412,Diamond,26,0,DRK
Mats Luxed,36390152,99,278,Twintania,Light,0,0,4d98b4ef01ccfc9df166d83a5771a4ea_c33f640c0cdd35f7def85b8aa31a0007fc0.jpg?1785929804,Diamond,25,19,SAM
Haki Haki,8290724,100,91,Ragnarok,Chaos,0,0,3fc43df6da1c629c59b5cdae63dee7a7_40d57ba713628f3f1ef5ef204b6d76d2fc0.jpg?1785931400,Diamond,65,1,SMN
Magic Beans,43732030,101,92,Phoenix,Light,0,0,4a7e75e2be4f70e389e8807cc1d2b885_5047bc596a4bab2dc7f7c120bb22dec5fc0.jpg?1785931836,Diamond,44,0,BLM
Spedah Sashihai,46717230,101,123,Phantom,Chaos,0,0,916aa42d41d9cb06784f26d21d850c5a_f0a43d6e5eea19af337a176e9836acddfc0.jpg?1785932298,Diamond,44,19,SGE
Aris Oz,41983172,103,94,Zodiark,Light,0,0,abbd4cf51609bf59977c5b4850c4c351_c274370774c6bc3483cc8740805f41bcfc0.jpg?1785929422,Diamond,20,0,WAR
Lia Lothje,30611623,104,95,Odin,Light,0,0,12f34ee0f0d0404c9b47a7fea301f068_644311b63b607133c989d7c1188467dafc0.jpg?1785929880,Diamond,12,0,VPR
Arienai Nashi,47596567,105,150,Zodiark,Light,0,0,ccbc05e41375849179a5f554d78d7ae1_c274370774c6bc3483cc8740805f41bcfc0.jpg?1785929076,Diamond,150,21,SGE
Pat Olehouse,17156873,106,96,Lich,Light,0,0,54c944c62ef7bd68e95a2a558d856482_7206469080400ed57a5373d0a9c55c59fc0.jpg?1785929373,Diamond,47,2,PLD
Sheidyn Windsor,30282791,107,98,Omega,Chaos,0,0,e3eaa192d0e2b6192580f940474cd0b5_39e25ac3d737c46452305eefe324372cfc0.jpg?1785929243,Diamond,33,0,WAR
Neclord Drakan,34358772,108,99,Phoenix,Light,0,0,7e002012c8fc4f9e493cd5879573e088_5047bc596a4bab2dc7f7c120bb22dec5fc0.jpg?1785930964,Diamond,17,7,SGE
Riseon Misha,26343965,109,0,Zodiark,Light,0,0,d883dcfcee6650b3e6e1691bf6838f6c_c274370774c6bc3483cc8740805f41bcfc0.jpg?1785929614,Diamond,10,0,SGE
Erika Avellana,45153856,110,100,Alpha,Light,0,0,d52954932b2c20e3d303cb8cf101f3eb_6132295fcf5570fb8b0a944ef322a598fc0.jpg?1785931733,Diamond,196,21,DRK
Hegel Gil,25438753,111,101,Omega,Chaos,0,0,5ed500fc1dd1d9cbbc95000a80326ff7_39e25ac3d737c46452305eefe324372cfc0.jpg?1785932110,Diamond,84,6,MNK
Feri De,32873333,112,180,Twintania,Light,0,0,04fae792c920333e5bdc3287c0df72e4_c33f640c0cdd35f7def85b8aa31a0007fc0.jpg?1785931930,Diamond,36,16,WHM
Durinta Borlaaq,37706432,113,103,Twintania,Light,0,0,5f122a4f83176fe089d903a59809e108_c33f640c0cdd35f7def85b8aa31a0007fc0.jpg?1785930788,Diamond,31,0,BLM
Evvie Hwyi,60349732,113,104,Phantom,Chaos,0,0,d4ebfd0621314af6eaf4a106071ff400_f0a43d6e5eea19af337a176e9836acddfc0.jpg?1785930894,Diamond,31,7,PLD
Gwen Farron,10011051,115,0,Ragnarok,Chaos,0,0,3348ff23f3315e0457aa0694f655e953_40d57ba713628f3f1ef5ef204b6d76d2fc0.jpg?1785929265,Diamond,8,0,VPR
Blunt Man,35300195,116,112,Louisoix,Chaos,0,0,bfddeb1fd8c57b9259f8bb179dd8158b_0a122616f3718d3f45cab10fd8fc1604fc0.jpg?1785930868,Diamond,54,15,SAM
Brian Ricardo,23607238,117,106,Zodiark,Light,0,0,9c9d045f5f22c579ce5c24faa2b9b303_c274370774c6bc3483cc8740805f41bcfc0.jpg?1785929095,Diamond,39,0,SGE
Isca Mog,32212471,118,107,Zodiark,Light,0,0,e47f3ccc4bd8599193929766ab0abd2c_c274370774c6bc3483cc8740805f41bcfc0.jpg?1785931024,Diamond,19,0,BLM
Sal Ren,40787945,119,108,Phoenix,Light,0,0,9613f7a8c0a759977b8a3fe787fed7e0_5047bc596a4bab2dc7f7c120bb22dec5fc0.jpg?1785930811,Diamond,12,0,DRG
Minmo Dev,7902844,120,109,Zodiark,Light,0,0,782214fa536a78747ce926bd4967671f_c274370774c6bc3483cc8740805f41bcfc0.jpg?1785931332,Diamond,84,18,MCH
Haadin Maero,25649806,121,135,Cerberus,Chaos,0,0,ab3efb60a6f01134129c732e6e60c255_777c57311d510ca65dac3c1077dee435fc0.jpg?1785931462,Diamond,78,13,RDM
Leia Leia,61767715,122,110,Twintania,Light,0,0,da1bea022b3ca64e80681b4a30a9d7e1_c33f640c0cdd35f7def85b8aa31a0007fc0.jpg?1785930093,Diamond,56,0,UNK
Remes Yveltar,21757305,123,111,Odin,Light,0,0,20b9e744e2190850310da72ffaf5c5d4_644311b63b607133c989d7c1188467dafc0.jpg?1785931903,Diamond,44,0,DRG
Zaiko Kazer,29649679,124,113,Lich,Light,0,0,ab5b87afe7d1d53f8a61b85e0c0d0e8d_7206469080400ed57a5373d0a9c55c59fc0.jpg?1785931672,Diamond,43,5,GNB
Sho'zhirr Shizahi-jo,28092848,125,137,Phoenix,Light,0,0,c6923f91c3f9e08d53d38488a3040788_5047bc596a4bab2dc7f7c120bb22dec5fc0.jpg?1785931231,Diamond,40,8,UNK
Bing Bing,50857849,126,114,Odin,Light,0,0,1a2b77cf04680b9bfe1c19f07f9f1f44_644311b63b607133c989d7c1188467dafc0.jpg?1785931706,Diamond,29,2,MCH
Baby Starz,27999014,127,132,Omega,Chaos,0,0,e8cb7daea22ff306dcc9397ecad5a4a2_39e25ac3d737c46452305eefe324372cfc0.jpg?1785930833,Diamond,25,2,NIN
Decha Kirk,32806624,128,115,Moogle,Chaos,0,0,e50b415f85b832de8463247f434991ce_d7a9d5f85a29d6278ec1c7adc2c8d242fc0.jpg?1785930791,Diamond,19,2,MCH
Roomi Mae,47248743,129,116,Raiden,Light,0,0,770a624522dc3f95ef75247a554dceb7_a370664d98f658f4ed4e620f378f73cdfc0.jpg?1785930479,Diamond,5,0,AST
Acacia Strain,43137076,130,117,Raiden,Light,0,0,8678948c8fea34b563980d4a6da37e32_a370664d98f658f4ed4e620f378f73cdfc0.jpg?1785929340,Diamond,132,17,SMN
Erion Hein,39135014,131,118,Twintania,Light,0,0,ba6bc1e1e70e5f3402d91ecfcf7d01e8_c33f640c0cdd35f7def85b8aa31a0007fc0.jpg?1785929558,Diamond,76,6,SMN
Akito Kotomine,14113084,132,253,Cerberus,Chaos,0,0,6535eaee5701ca6c10beffbfc70273c9_777c57311d510ca65dac3c1077dee435fc0.jpg?1785931549,Diamond,65,21,SGE
Sahamaru Kamijo,13566032,133,119,Lich,Light,0,0,ab5bb27991a2037ddd8e8b0aef304406_7206469080400ed57a5373d0a9c55c59fc0.jpg?1785930266,Diamond,53,1,WAR
Ark Kekko,50821807,134,121,Omega,Chaos,0,0,b81b1c241e98f7a5f9b9c81665be1243_39e25ac3d737c46452305eefe324372cfc0.jpg?1785932394,Diamond,45,0,SGE
Ye Jin,49057312,135,284,Alpha,Light,0,0,c230435310db6e112e461dbdcafe4cf0_6132295fcf5570fb8b0a944ef322a598fc0.jpg?1785930182,Diamond,39,19,UNK
Gaspard Deguingoix,11032081,136,122,Moogle,Chaos,0,0,b9283e6a6be9cd219ee0afea98546775_d7a9d5f85a29d6278ec1c7adc2c8d242fc0.jpg?1785932169,Diamond,33,6,RDM
Magidolce Magileine,39132419,136,140,Twintania,Light,0,0,088bd05d5a98251023ecb7e28a638b68_c33f640c0cdd35f7def85b8aa31a0007fc0.jpg?1785929607,Diamond,33,5,SMN
Victoria Nyala,43751055,138,124,Phoenix,Light,0,0,d41ca298e2f03ee2273aca61640ebce0_5047bc596a4bab2dc7f7c120bb22dec5fc0.jpg?1785929518,Diamond,23,2,MCH
Lawr Hawk,28248881,139,125,Odin,Light,0,0,e241b26df61ea0e201b637a7ae6c4cd4_644311b63b607133c989d7c1188467dafc0.jpg?1785930600,Diamond,20,4,VPR
Sin Mirrorslave,43994621,140,126,Raiden,Light,0,0,3f8e3345c252d3f9b50e27c481f91100_a370664d98f658f4ed4e620f378f73cdfc0.jpg?1785929355,Diamond,11,0,UNK
Eve Naeuri,43290162,141,216,Sagittarius,Chaos,0,0,c143c5d5e461ba9e3f51c07a3de23e21_44ca0844398b2d010d8cd4a31ddb023dfc0.jpg?1785929852,Diamond,8,6,RDM
Remy Galleu,52837552,142,127,Alpha,Light,0,0,1c98cde60dda0890554eff5601f7b441_6132295fcf5570fb8b0a944ef322a598fc0.jpg?1785931543,Diamond,7,0,UNK
Tisha Adori,32551351,142,127,Zodiark,Light,0,0,a1f13f2decf7933275b7ce63051dc06f_c274370774c6bc3483cc8740805f41bcfc0.jpg?1785930863,Diamond,7,0,BLM
Keraunos Greywolfe,31183458,144,151,Alpha,Light,0,0,3431088cd9f33e5f20e30162c35286fd_6132295fcf5570fb8b0a944ef322a598fc0.jpg?1785932272,Diamond,133,8,DRK
Tsu Kee,47596814,145,134,Zodiark,Light,0,0,df5063d6db141a1bc921d4623e08a366_c274370774c6bc3483cc8740805f41bcfc0.jpg?1785931166,Diamond,120,14,GNB
Lina Sunstar,52075433,146,129,Spriggan,Chaos,0,0,d60c4576e74acfcd0ed77a6ea5d48800_feaf0a2e88ff164813fbc9b85876fa48fc0.jpg?1785929318,Diamond,98,8,WHM
Seraban Mistodisushi,25116690,147,163,Omega,Chaos,0,0,9ab6f5d4307a747e8378402c6070b2a7_39e25ac3d737c46452305eefe324372cfc0.jpg?1785930908,Diamond,67,8,UNK
Glyceri Chosuti,30338174,148,137,Moogle,Chaos,0,0,6d93c9241424e92e6f0351d35d8b6eaa_d7a9d5f85a29d6278ec1c7adc2c8d242fc0.jpg?1785930018,Diamond,46,14,DNC
Dundee Nic'hpisfa,35976824,149,154,Odin,Light,0,0,8eda92b5ce2e258786d149b7cb349e09_644311b63b607133c989d7c1188467dafc0.jpg?1785931536,Diamond,38,9,MCH
Nicco Sushi,42846008,150,131,Alpha,Light,0,0,ffcb0ee6f92ba9224ade0ee2b0e9917b_6132295fcf5570fb8b0a944ef322a598fc0.jpg?1785931525,Diamond,32,5,GNB
Krek Balflear,48912824,151,130,Sagittarius,Chaos,0,0,3ddedc4fdcf35465d04f99e2b4737a9f_44ca0844398b2d010d8cd4a31ddb023dfc0.jpg?1785932392,Diamond,29,0,RPR
Shadow Aya,54551815,152,133,Zodiark,Light,0,0,5ca13f39db9eefc50e8e57be73e7254e_c274370774c6bc3483cc8740805f41bcfc0.jpg?1785929562,Diamond,13,0,DRK
Kyouko Owo,25629243,153,189,Louisoix,Chaos,0,0,4fbeb17208a00397ad05eebfc2d20d2f_0a122616f3718d3f45cab10fd8fc1604fc0.jpg?1785931059,Diamond,7,2,WHM
Roy Dimgao,29524655,154,139,Omega,Chaos,0,0,320af7149c63c337e5826c2c2cc1bf37_39e25ac3d737c46452305eefe324372cfc0.jpg?1785929075,Diamond,44,15,SGE
Vyn Silvair,21908199,155,0,Shiva,Light,0,0,05a4597e1e8ad1e87cfc4aab88be286c_3fbff0e6b620e4d259dc427abc6574dafc0.jpg?1785930710,Diamond,43,19,GNB
Stephanie Dolla,28876458,156,136,Lich,Light,0,0,753eeef7260d5b48fedb9d189d2b51ca_7206469080400ed57a5373d0a9c55c59fc0.jpg?1785932331,Diamond,33,0,GNB
Renna Vorak,25421061,157,143,Raiden,Light,0,0,c2dc94bad32c136ebcdcb42ec56ba1c3_a370664d98f658f4ed4e620f378f73cdfc0.jpg?1785930068,Diamond,30,7,RDM
Brindacier Alomon,26055030,158,144,Phoenix,Light,0,0,fbefc8262b34e93b398aa2dde0c2e4b8_5047bc596a4bab2dc7f7c120bb22dec5fc0.jpg?1785930399,Diamond,15,0,DRK
Neppie Nen,38644421,159,188,Phoenix,Light,0,0,6744f6c777bfc017ed7318054ef44f3d_5047bc596a4bab2dc7f7c120bb22dec5fc0.jpg?1785930060,Diamond,11,5,BLM
Taivas L'tulta,46948666,160,145,Odin,Light,0,0,30ba088e17b99c9f748bd47b4ff33fb4_644311b63b607133c989d7c1188467dafc0.jpg?1785931856,Diamond,10,0,DRK
Catlisaie Leveilleur,38928587,161,191,Sagittarius,Chaos,0,0,b49cedcc9313e5b78f3c3e17f3a3b68c_44ca0844398b2d010d8cd4a31ddb023dfc0.jpg?1785930531,Diamond,6,4,WAR
Keylinda Heliopsis,44659154,161,146,Moogle,Chaos,0,0,aae227ec83063cc479b9c5f6fb803e66_d7a9d5f85a29d6278ec1c7adc2c8d242fc0.jpg?1785929385,Diamond,6,0,WHM
Astral Highwind,29689702,163,147,Omega,Chaos,0,0,97af63b900951c4e5b86b87e21f0d233_39e25ac3d737c46452305eefe324372cfc0.jpg?1785932386,Diamond,3,0,WAR
Tsuguri Tempest,8093380,163,147,Moogle,Chaos,0,0,673dd69d52b7f7c210bb231091fd1922_d7a9d5f85a29d6278ec1c7adc2c8d242fc0.jpg?1785930591,Diamond,3,0,DRK
Yhren Vhal,56948558,163,147,Odin,Light,0,0,3f62ad2093c1016540ef936a5563823b_644311b63b607133c989d7c1188467dafc0.jpg?1785929895,Diamond,3,0,UNK
Merily Marlin,52216084,166,152,Louisoix,Chaos,0,0,1b485637d5f1df89d363a45b95cba49c_0a122616f3718d3f45cab10fd8fc1604fc0.jpg?1785929551,Diamond,83,0,SCH
Staz Hellcat,8016319,167,162,Cerberus,Chaos,0,0,c7e860ceda35e35e41bca47bf02624be_777c57311d510ca65dac3c1077dee435fc0.jpg?1785928994,Diamond,80,5,DRG
Rain Hoshino,6160241,168,173,Moogle,Chaos,0,0,fc4a751ebc0402023f56f7934007c9ef_d7a9d5f85a29d6278ec1c7adc2c8d242fc0.jpg?1785931300,Diamond,62,11,RDM
Vic Strider,53817077,168,263,Raiden,Light,0,0,64d68250fabd33e4972dcba2d2638d6c_a370664d98f658f4ed4e620f378f73cdfc0.jpg?1785931312,Diamond,62,14,FSH
Lolorei Lalarei,3686155,170,155,Omega,Chaos,0,0,da6ff12e4effc4cbacfe1b954f1c3bf5_39e25ac3d737c46452305eefe324372cfc0.jpg?1785930401,Diamond,31,3,GNB
Rei Dassario,24597443,171,153,Raiden,Light,0,0,a51ce0a687a31ff3b67287e80ea30aed_a370664d98f658f4ed4e620f378f73cdfc0.jpg?1785929326,Diamond,30,0,VPR
Smoothie Sour,42056621,172,157,Zodiark,Light,0,0,247388cdfc4db1451cf9df83cce7b3a1_c274370774c6bc3483cc8740805f41bcfc0.jpg?1785929187,Diamond,24,14,MCH
Kihn Shirudo,43951482,173,156,Spriggan,Chaos,0,0,2e619166d10daa6082c54563a5af17ff_feaf0a2e88ff164813fbc9b85876fa48fc0.jpg?1785931207,Diamond,18,3,DRK
Izuma Knox,48747330,174,158,Spriggan,Chaos,0,0,e4ecfd700fe3f6df45f6409e46a09d8b_feaf0a2e88ff164813fbc9b85876fa48fc0.jpg?1785929370,Diamond,9,0,DRG
Endorel Soro,12949151,175,160,Alpha,Light,0,0,038b9a835f84a3b80a8a467605d3dd8c_6132295fcf5570fb8b0a944ef322a598fc0.jpg?1785930518,Diamond,6,2,UNK
Mirajane Hylian,24248886,176,160,Omega,Chaos,0,0,32bbb40f8ae6e32a1317f2919c7a1a42_39e25ac3d737c46452305eefe324372cfc0.jpg?1785930342,Diamond,4,0,MNK
Altrios Alrun,37280856,177,218,Odin,Light,0,0,eed006603ff3859a7471671dcb9c221c_644311b63b607133c989d7c1188467dafc0.jpg?1785932001,Diamond,3,3,GNB
Rin Tanaka,24116937,178,164,Phoenix,Light,0,0,05caa52c69a69c31a889325a1f319530_5047bc596a4bab2dc7f7c120bb22dec5fc0.jpg?1785929124,Diamond,32,0,RDM
Mina Ha,50543888,179,165,Raiden,Light,0,0,712f53c2b6ed3bc9fa9cc0b0b60a16d7_a370664d98f658f4ed4e620f378f73cdfc0.jpg?1785930672,Diamond,11,0,SCH
Fandrix Shadowsong,36051326,180,166,Louisoix,Chaos,0,0,e8515941184b5c25f2622f1899a0969a_0a122616f3718d3f45cab10fd8fc1604fc0.jpg?1785930173,Diamond,6,0,MNK
Ny Aa,49048302,181,167,Zodiark,Light,0,0,a75fda4dbe97ffbaf98a55c7ea86fa64_c274370774c6bc3483cc8740805f41bcfc0.jpg?1785930211,Diamond,4,0,RDM
Dopa Mine,44403027,182,168,Phantom,Chaos,0,0,8d27501fd3361cf138655132263db4b5_f0a43d6e5eea19af337a176e9836acddfc0.jpg?1785931294,Diamond,2,0,BLM
Maru Tani,58799026,182,168,Alpha,Light,0,0,b632027978294d1f77f2347d48fc3704_6132295fcf5570fb8b0a944ef322a598fc0.jpg?1785929110,Diamond,2,0,SCH
Crystalia Aguilau'ra,51094995,184,170,Phantom,Chaos,0,0,e8e576c74bb3b06299949b7258aa8c6b_f0a43d6e5eea19af337a176e9836acddfc0.jpg?1785930188,Diamond,180,20,UNK
Freya Highwind,37533969,185,260,Spriggan,Chaos,0,0,de376c51fd21ccbb1018c1c3fb40734b_feaf0a2e88ff164813fbc9b85876fa48fc0.jpg?1785931191,Diamond,148,22,RDM
Magnus Skorweg,14288959,186,171,Cerberus,Chaos,0,0,36b3ca5cc0c3fa7edd1b5b276f54a6fc_777c57311d510ca65dac3c1077dee435fc0.jpg?1785931312,Diamond,102,16,MCH
Bagel Egg,18929023,187,172,Omega,Chaos,0,0,f655117235b1c0d199ca39849579a631_39e25ac3d737c46452305eefe324372cfc0.jpg?1785929697,Diamond,67,6,GNB
Vermilion Rose,4596210,188,174,Phantom,Chaos,0,0,6eeb39ac8e979b57130040ff257bf772_f0a43d6e5eea19af337a176e9836acddfc0.jpg?1785931161,Diamond,43,0,DRK
Nana Usui,34696904,189,175,Moogle,Chaos,0,0,abd9e807ccb2486ea89e3deab9cc56d2_d7a9d5f85a29d6278ec1c7adc2c8d242fc0.jpg?1785931359,Diamond,42,1,WAR
Saki Aiko,58256956,190,176,Zodiark,Light,0,0,f65bf40d95342ebe3141def95c5232bc_c274370774c6bc3483cc8740805f41bcfc0.jpg?1785932269,Diamond,34,0,WHM
Lu Mi,47806406,191,177,Raiden,Light,0,0,c8d19bad38e9523a4db779b2bf514973_a370664d98f658f4ed4e620f378f73cdfc0.jpg?1785931611,Diamond,32,0,AST
Mono Lith,59519255,192,178,Omega,Chaos,0,0,2d12a270aa7b3b097c78dcc93127e881_39e25ac3d737c46452305eefe324372cfc0.jpg?1785930765,Diamond,29,0,RPR
Nemesis Sol,49622209,193,179,Shiva,Light,0,0,1bcb80e23a56918c49abb6d50ef563af_3fbff0e6b620e4d259dc427abc6574dafc0.jpg?1785932397,Diamond,28,0,BLU
Melili Nalili,60720700,194,180,Twintania,Light,0,0,24a7b96fbc052a40de9c6f7809fe72fe_c33f640c0cdd35f7def85b8aa31a0007fc0.jpg?1785930505,Diamond,23,3,DRK
Kai Usami,51704875,195,182,Raiden,Light,0,0,de98603cf09d40c4587c720f86e73817_a370664d98f658f4ed4e620f378f73cdfc0.jpg?1785930706,Diamond,19,0,UNK
Akurei Amotanius,36595921,196,183,Odin,Light,0,0,ca5d9f24b62995e3bcb5d25cc576fc70_644311b63b607133c989d7c1188467dafc0.jpg?1785930608,Diamond,16,0,MNK
Illyrion Akatsuki,56186869,197,184,Odin,Light,0,0,b36972ee34bfd25f82ce348b32b6f5da_644311b63b607133c989d7c1188467dafc0.jpg?1785932414,Diamond,14,0,DRG
Diggoo Jumalxtenlavis,21389976,198,185,Zodiark,Light,0,0,ae5b9d280ccfc178e7b74cd839ec5e43_c274370774c6bc3483cc8740805f41bcfc0.jpg?1785930147,Diamond,12,0,VPR
Yoe Lleufyn,28631681,199,186,Phoenix,Light,0,0,9584dd8fac44ba749b0855105a0e29e9_5047bc596a4bab2dc7f7c120bb22dec5fc0.jpg?1785929469,Diamond,10,2,PCT
Lion Lad,60548427,200,0,Phantom,Chaos,0,0,69af2e062eb7ba4549c964e1fbc8b79e_f0a43d6e5eea19af337a176e9836acddfc0.jpg?1785929354,Diamond,7,0,GNB
Mer Lin,50434149,200,187,Spriggan,Chaos,0,0,52a13256ecf71bc72e25a6b211b196c8_feaf0a2e88ff164813fbc9b85876fa48fc0.jpg?1785929233,Diamond,7,0,BRD
Xiex Xie,40733160,202,190,Zodiark,Light,0,0,f253e0943a65dac103a6dfd764a01f52_c274370774c6bc3483cc8740805f41bcfc0.jpg?1785929200,Diamond,3,0,DNC
Ash Dreadsaint,16641514,203,192,Alpha,Light,0,0,35babc8a56d97c1de09ffbf594068bd0_6132295fcf5570fb8b0a944ef322a598fc0.jpg?1785930236,Diamond,1,0,BLM
Faly Linh,32024155,203,192,Spriggan,Chaos,0,0,2c0bc07b4ce467f3fb61eed172593a41_feaf0a2e88ff164813fbc9b85876fa48fc0.jpg?1785931239,Diamond,1,0,UNK
Jean Eclair,2900310,203,192,Louisoix,Chaos,0,0,7adf7a428285818f2884e78fe04bd4d8_0a122616f3718d3f45cab10fd8fc1604fc0.jpg?1785931239,Diamond,1,0,PLD
Luca Natura,26126798,203,0,Omega,Chaos,0,0,aee9a8f332f96a4c5a45923c0e82782a_39e25ac3d737c46452305eefe324372cfc0.jpg?1785930132,Diamond,1,0,PCT
Rifula Ruivre,2224873,203,192,Alpha,Light,0,0,47995b925a7f5c18a76967fce75b8bb9_6132295fcf5570fb8b0a944ef322a598fc0.jpg?1785932393,Diamond,1,0,UNK
Frankie Urien,32323176,208,196,Odin,Light,0,0,ffae33588fe71f102672b7defdb50a30_644311b63b607133c989d7c1188467dafc0.jpg?1785930885,Diamond,97,18,DNC
Gabriel Zephyrus,11099535,209,197,Zodiark,Light,0,0,fb5c6913d0c275952def0841ab82887f_c274370774c6bc3483cc8740805f41bcfc0.jpg?1785932347,Diamond,87,15,DRG
Kiara Anima,33528154,210,198,Raiden,Light,0,0,f1bb383b8594f615718c3d7f602fc10c_a370664d98f658f4ed4e620f378f73cdfc0.jpg?1785929870,Diamond,53,0,AST
Lise-hoi Pipeloi,29719212,211,225,Cerberus,Chaos,0,0,57c5498cda4f5b24c975d5c6ad1dad53_777c57311d510ca65dac3c1077dee435fc0.jpg?1785930146,Diamond,52,9,BLM
Saku Rozen,1622070,211,0,Odin,Light,0,0,76d32a46909474e4b590ee6476bfabce_644311b63b607133c989d7c1188467dafc0.jpg?1785930188,Diamond,52,16,UNK
Norai Tempest,38251436,213,199,Zodiark,Light,0,0,b7018360f2380ddb9010a48d596309f2_c274370774c6bc3483cc8740805f41bcfc0.jpg?1785930419,Diamond,48,0,WAR
Celeste Starblade,57129516,214,200,Phoenix,Light,0,0,f658a7c187303ff40c92c131f45b6f67_5047bc596a4bab2dc7f7c120bb22dec5fc0.jpg?1785930456,Diamond,42,0,SAM
Leo Wolfram,55309464,215,203,Twintania,Light,0,0,137bda326a93315b803aa0d477a79942_c33f640c0cdd35f7def85b8aa31a0007fc0.jpg?1785929026,Diamond,41,13,DRK
Bubble Nebula,59834747,216,201,Sagittarius,Chaos,0,0,df2ae90ea247ab18117d32d9808317e8_44ca0844398b2d010d8cd4a31ddb023dfc0.jpg?1785931098,Diamond,37,0,PLD
General Aardvark,48423100,217,202,Twintania,Light,0,0,cf88029724167c1d18ed8c536a862900_c33f640c0cdd35f7def85b8aa31a0007fc0.jpg?1785931137,Diamond,32,0,GNB
Guimiko Miko,54285624,218,206,Moogle,Chaos,0,0,610c37aeb64c6149d7c6d5ea93a8114e_d7a9d5f85a29d6278ec1c7adc2c8d242fc0.jpg?1785930421,Diamond,30,6,WHM
Ossim Numine,26339671,219,204,Spriggan,Chaos,0,0,c5d164dd5b0090daf2749023d8296214_feaf0a2e88ff164813fbc9b85876fa48fc0.jpg?1785932326,Diamond,25,0,VPR
Uraraka Lunae,19968499,219,204,Louisoix,Chaos,0,0,87178981b631653f4905b195c6c49583_0a122616f3718d3f45cab10fd8fc1604fc0.jpg?1785931232,Diamond,25,0,SAM
Nihan Hex,53453486,221,206,Cerberus,Chaos,0,0,15de173462fb012d8bb6ffee6c41a2a1_777c57311d510ca65dac3c1077dee435fc0.jpg?1785930011,Diamond,24,0,NIN
Eden Sight,26795634,222,208,Zodiark,Light,0,0,0082848ea437238b52e2fc002e546579_c274370774c6bc3483cc8740805f41bcfc0.jpg?1785931945,Diamond,22,0,DRG
Feral Jorex,21749898,222,208,Odin,Light,0,0,f9027c778862384a6ae4224efd2fe7c3_644311b63b607133c989d7c1188467dafc0.jpg?1785931440,Diamond,22,0,SMN
Rain Nox,60193350,224,285,Lich,Light,0,0,c063b7c34350713be1ce7beabd8e946e_7206469080400ed57a5373d0a9c55c59fc0.jpg?1785932086,Diamond,21,4,SGE
Lauressen Ornedwesfv,49280645,225,210,Louisoix,Chaos,0,0,36b2248a22465d5d00bf7ed02491ae4b_0a122616f3718d3f45cab10fd8fc1604fc0.jpg?1785930742,Diamond,16,0,SMN
Serphe Dot,52263876,226,211,Moogle,Chaos,0,0,9650655e67fd2c317b6785da99b8da48_d7a9d5f85a29d6278ec1c7adc2c8d242fc0.jpg?1785929165,Diamond,14,0,DRK
Mestari Kalastaja,38441307,227,212,Omega,Chaos,0,0,52dc7dc38ddeaaedbae9f2b43a6ca546_39e25ac3d737c46452305eefe324372cfc0.jpg?1785932408,Diamond,9,2,FSH
Sentika Thiel,31702916,228,212,Zodiark,Light,0,0,50ae19a11ef85e68cde6a1c26ccaf1d1_c274370774c6bc3483cc8740805f41bcfc0.jpg?1785931395,Diamond,7,0,NIN
Nilfel Hahayon,21378833,229,214,Cerberus,Chaos,0,0,d7e947c02816c8a10c0773fc4c97e71e_777c57311d510ca65dac3c1077dee435fc0.jpg?1785929073,Diamond,6,0,WHM
Doctor Zoidberg,9214410,230,215,Cerberus,Chaos,0,0,40bc630c90e57d0ca265dd7fc809d5c8_777c57311d510ca65dac3c1077dee435fc0.jpg?1785929503,Diamond,3,0,WAR
Strom Valentine,19009916,230,0,Cerberus,Chaos,0,0,a8dc2ae24adfae999c388093e3e213e8_777c57311d510ca65dac3c1077dee435fc0.jpg?1785929353,Diamond,3,0,VPR
Gella Zenhat,16553524,232,218,Cerberus,Chaos,0,0,34542c2a2fe5b9a690d00a5565e15c1b_777c57311d510ca65dac3c1077dee435fc0.jpg?1785929218,Diamond,1,1,WHM
Magisa Vale,43527083,232,0,Phoenix,Light,0,0,50d54724458e52e82fcfc6d537b9e001_5047bc596a4bab2dc7f7c120bb22dec5fc0.jpg?1785932071,Diamond,1,0,DRG
Tensei Kaiten,46690911,232,217,Raiden,Light,0,0,d68fe2cd8b67b36a7f9904682b1aad12_a370664d98f658f4ed4e620f378f73cdfc0.jpg?1785931964,Diamond,1,0,MNK
Alterion Vinea,12652045,235,218,Spriggan,Chaos,0,0,9bffaa652b4614ee6c33fdd6e07fdea8_feaf0a2e88ff164813fbc9b85876fa48fc0.jpg?1785932329,Diamond,0,0,DRK
Amarth Vual,37220642,235,218,Lich,Light,0,0,64bdc4017f196c6ab4c813692496b5f6_7206469080400ed57a5373d0a9c55c59fc0.jpg?1785931124,Diamond,0,0,PLD
Death Fury,9386074,235,218,Ragnarok,Chaos,0,0,f334633b7adb1af69b68d26c3dc12e81_40d57ba713628f3f1ef5ef204b6d76d2fc0.jpg?1785931672,Diamond,0,0,PCT
Zoera Rinn,47442640,235,218,Alpha,Light,0,0,1a8a49a922d7b9ede1f40d3e59c5b86f_6132295fcf5570fb8b0a944ef322a598fc0.jpg?1785929215,Diamond,0,0,SAM
Anyu Nayru,34487597,239,224,Phoenix,Light,0,0,88772bb9fe8e19be70e12bce0dbf5dec_5047bc596a4bab2dc7f7c120bb22dec5fc0.jpg?1785929875,Platinum,111,8,BRD
Dacien Darlett,3339751,240,280,Odin,Light,0,0,0311b8a0924e142c3f1da4b81f645156_644311b63b607133c989d7c1188467dafc0.jpg?1785931983,Platinum,94,22,AST
C'rhun Tia,59338588,241,226,Spriggan,Chaos,0,0,b2ff4ed07ded26f7b90db369f6c22e10_feaf0a2e88ff164813fbc9b85876fa48fc0.jpg?1785930320,Platinum,13,1,BLM
Ayata Miyabi,20861679,242,0,Louisoix,Chaos,0,0,5b26312fcf95dd3660fa779f2ed897f3_0a122616f3718d3f45cab10fd8fc1604fc0.jpg?1785930545,Platinum,8,0,RDM
Rem Minase,15335467,243,227,Ragnarok,Chaos,0,0,6f4b9532213e5ed122fcac3e5c3b4cc5_40d57ba713628f3f1ef5ef204b6d76d2fc0.jpg?1785930670,Platinum,110,15,SMN
Arokh Belmont,11857777,244,261,Lich,Light,0,0,30aecf92630f3cecec4e116666981198_7206469080400ed57a5373d0a9c55c59fc0.jpg?1785929912,Platinum,93,13,DRK
Fay Fury,13801627,245,263,Alpha,Light,0,0,c8bf2d24d3b66a91e8891eb6b4043bd8_6132295fcf5570fb8b0a944ef322a598fc0.jpg?1785929415,Platinum,62,14,UNK
Ardias Wolfsherz,11752815,246,0,Lich,Light,0,0,8f0a84278162ee56f0f65bac956cc32c_7206469080400ed57a5373d0a9c55c59fc0.jpg?1785930538,Platinum,54,21,DRG
Error Message,13464395,247,228,Odin,Light,0,0,37584823c6898787a88ec74ca750c2b7_644311b63b607133c989d7c1188467dafc0.jpg?1785931379,Platinum,42,0,MCH
Mizu Shimizu,41402391,248,0,Twintania,Light,0,0,b745f1d87ccd905d96d6b6ca49092222_c33f640c0cdd35f7def85b8aa31a0007fc0.jpg?1785931160,Platinum,39,21,UNK
Airi Rhitik,2286171,249,229,Moogle,Chaos,0,0,0e7c747879926e0f575c8444323c478f_d7a9d5f85a29d6278ec1c7adc2c8d242fc0.jpg?1785932315,Platinum,31,4,WHM
Leizi Doomie,47973424,250,229,Omega,Chaos,0,0,35e6c296ac2a3e1f720238508a30d7a5_39e25ac3d737c46452305eefe324372cfc0.jpg?1785929709,Platinum,27,0,WHM
Yorda Dormin,35730883,250,231,Phantom,Chaos,0,0,37968b7968327b583f23e52d999337f9_f0a43d6e5eea19af337a176e9836acddfc0.jpg?1785929704,Platinum,27,3,UNK
Edgy Maincharacter,34503685,252,276,Omega,Chaos,0,0,bdffb22602f572e2ef683a1f09207b77_39e25ac3d737c46452305eefe324372cfc0.jpg?1785929883,Platinum,14,6,RPR
Kai Weaver,59504701,253,232,Cerberus,Chaos,0,0,f3598c7f1d9880e593c1f5f6cd04a2cd_777c57311d510ca65dac3c1077dee435fc0.jpg?1785931109,Platinum,88,1,NIN
Night Siren,46140840,254,244,Alpha,Light,0,0,5b2c854dc9360523ee7fcd5bfee41621_6132295fcf5570fb8b0a944ef322a598fc0.jpg?1785931936,Platinum,74,12,GNB
Garik Slambert,60482352,255,233,Phoenix,Light,0,0,db0a037687194ebf4febd49e14005a66_5047bc596a4bab2dc7f7c120bb22dec5fc0.jpg?1785929633,Platinum,45,0,BTN
Kitty Purr,35221239,256,234,Zodiark,Light,0,0,5255b02c0e30309529735d2aa66456c5_c274370774c6bc3483cc8740805f41bcfc0.jpg?1785930788,Platinum,25,6,WHM
Ultimo Tower,13765195,257,238,Odin,Light,0,0,f3f293a7802e54bc6d3f5c2ceb6f4902_644311b63b607133c989d7c1188467dafc0.jpg?1785931122,Platinum,24,3,SMN
Evan Hycks,7557796,258,235,Phoenix,Light,0,0,52f7406f92df6db10a921ea3efdc9dd4_5047bc596a4bab2dc7f7c120bb22dec5fc0.jpg?1785931160,Platinum,5,0,BRD
Charon Tesar,2860491,259,0,Shiva,Light,0,0,71fb4ffe6d15608a77682afdbdef53d7_3fbff0e6b620e4d259dc427abc6574dafc0.jpg?1785929300,Platinum,58,6,PCT
Athena Olympe,44680885,260,236,Sagittarius,Chaos,0,0,7e7afe9e9cebc29cee3220c1e0530540_44ca0844398b2d010d8cd4a31ddb023dfc0.jpg?1785931849,Platinum,38,5,BLM
Protos Heis,34597162,261,237,Spriggan,Chaos,0,0,1227bb2a621e4455479d060e840ff145_feaf0a2e88ff164813fbc9b85876fa48fc0.jpg?1785932184,Platinum,22,0,MCH
Malachi Lights,3074032,262,239,Shiva,Light,0,0,e2d7cd0b9daba53c8f2e584c50e288b5_3fbff0e6b620e4d259dc427abc6574dafc0.jpg?1785931693,Platinum,20,0,SAM
Wwwwwwwwww Wwwwwwwwww,22934838,263,0,Odin,Light,0,0,44b50a04ce7aed4e2c4699753f5b83bc_644311b63b607133c989d7c1188467dafc0.jpg?1785929611,Platinum,12,12,SMN
Astinus Zivlyne,4289243,264,240,Shiva,Light,0,0,1d876b5e49c40cda49b1b7afdd305d4d_3fbff0e6b620e4d259dc427abc6574dafc0.jpg?1785929545,Platinum,11,0,SMN
Onox Farbane,43799244,265,241,Zodiark,Light,0,0,c322e9dd886e64c0365244e0b587448f_c274370774c6bc3483cc8740805f41bcfc0.jpg?1785929042,Platinum,9,0,WAR
Rainy Moody,18521804,266,242,Raiden,Light,0,0,4376b79862aa6ab1a2b37b54be8e3543_a370664d98f658f4ed4e620f378f73cdfc0.jpg?1785932035,Platinum,7,0,SAM
Only Zans,58389533,267,243,Ragnarok,Chaos,0,0,09b8154a2e83614f3bf922366c18009b_40d57ba713628f3f1ef5ef204b6d76d2fc0.jpg?1785929702,Platinum,3,0,WAR
Jalsket Pirated,40728416,268,0,Zodiark,Light,0,0,18ffb968d4a5a0c03d5e251516a2c3aa_c274370774c6bc3483cc8740805f41bcfc0.jpg?1785930805,Platinum,67,14,NIN
Vesper Lux,39986527,269,245,Phoenix,Light,0,0,3ffa8cf173ca00c6bd21dc61c1a7850f_5047bc596a4bab2dc7f7c120bb22dec5fc0.jpg?1785929865,Platinum,62,5,RDM
Vincent God,14069867,270,246,Phoenix,Light,0,0,7d8e17eab1b900c1741204dbf199eb48_5047bc596a4bab2dc7f7c120bb22dec5fc0.jpg?1785931670,Platinum,55,9,BRD
Calamity Hellfire,19991596,271,247,Alpha,Light,0,0,42b5f3e913fb3a618bbefaf561c46d0c_6132295fcf5570fb8b0a944ef322a598fc0.jpg?1785931247,Platinum,34,0,WAR
T'syl Mitnu,35875855,272,248,Twintania,Light,0,0,20f1860def433fa504db9aefe1d56299_c33f640c0cdd35f7def85b8aa31a0007fc0.jpg?1785932315,Platinum,27,3,MNK
Ino Based,41531397,273,275,Alpha,Light,0,0,ae8562754d31616305226909752bc4fd_6132295fcf5570fb8b0a944ef322a598fc0.jpg?1785930599,Platinum,23,4,VPR
Zanzas Olta,23438927,274,296,Alpha,Light,0,0,7776729f1bc0f0c25a713fde32b1292f_6132295fcf5570fb8b0a944ef322a598fc0.jpg?1785929318,Platinum,21,4,RPR
Myriil Elwarin,28020950,275,300,Phoenix,Light,0,0,5f029a92aa15a8f6626ca8f052c5824a_5047bc596a4bab2dc7f7c120bb22dec5fc0.jpg?1785929307,Platinum,6,4,DNC
Veritan Indaerus,21877909,276,249,Odin,Light,0,0,978a128ddf080c55e3afc742274d0c9f_644311b63b607133c989d7c1188467dafc0.jpg?1785931560,Platinum,2,0,DRG
Redoh Snowh,49540694,277,250,Raiden,Light,0,0,13dc68c6bc2ff0f782731ff1ab2f299f_a370664d98f658f4ed4e620f378f73cdfc0.jpg?1785931179,Platinum,1,0,SAM
Llev Dalsey,60826739,278,290,Phoenix,Light,0,0,c87b91570ec682454097470787c2600c_5047bc596a4bab2dc7f7c120bb22dec5fc0.jpg?1785928923,Platinum,100,11,VPR
Yuno Aiko,41057734,279,251,Zodiark,Light,0,0,1857c02309b39202502cb14a787bf0b4_c274370774c6bc3483cc8740805f41bcfc0.jpg?1785931956,Platinum,62,0,DNC
Heroica Sylverin,47701376,280,252,Raiden,Light,0,0,2b1f1bb1870af747aadf918421bb272c_a370664d98f658f4ed4e620f378f73cdfc0.jpg?1785931145,Platinum,57,8,MCH
Naralis A'roihan,35460975,280,254,Odin,Light,0,0,39833ac3dfdbb3ea64ab911763fea294_644311b63b607133c989d7c1188467dafc0.jpg?1785929314,Platinum,57,17,SCH
Hope Carmine,31931991,282,255,Odin,Light,0,0,4d5e5c176cb534aaf44e67236bf6c171_644311b63b607133c989d7c1188467dafc0.jpg?1785929632,Platinum,30,0,VPR
Medicine Melancholy,25525676,283,256,Raiden,Light,0,0,8a3aaef7e82e665cdb12f15457700593_a370664d98f658f4ed4e620f378f73cdfc0.jpg?1785930671,Platinum,28,0,GNB
Lo Enha,27971408,284,257,Moogle,Chaos,0,0,5236c7cc585f6b9213e6d33f05e78c61_d7a9d5f85a29d6278ec1c7adc2c8d242fc0.jpg?1785931695,Platinum,23,1,WAR
Ray Croft,29659793,285,0,Shiva,Light,0,0,56ebf33c0c49fd7529d32303d4b7c8d9_3fbff0e6b620e4d259dc427abc6574dafc0.jpg?1785931539,Platinum,17,0,SMN
Yunalesca Amalthea,52854078,286,258,Raiden,Light,0,0,573907fa6acfc8a7b163dc467e2c130a_a370664d98f658f4ed4e620f378f73cdfc0.jpg?1785931810,Platinum,16,0,DNC
Sevii Ives,32840233,287,259,Spriggan,Chaos,0,0,53517e20a979543039424f8ff9a605ad_feaf0a2e88ff164813fbc9b85876fa48fc0.jpg?1785929879,Platinum,1,1,WAR
Ash Zero,49368748,288,262,Shiva,Light,0,0,8c69f041cca72fdc1059bfc9f2f8ecc9_3fbff0e6b620e4d259dc427abc6574dafc0.jpg?1785931409,Platinum,79,2,MCH
Runa Hirose,42276879,289,266,Spriggan,Chaos,0,0,82f21bb31b18b6f717ac0c5ec6d93de1_feaf0a2e88ff164813fbc9b85876fa48fc0.jpg?1785930018,Platinum,55,9,DRG
Benedikta Cucumber,55428569,290,263,Sagittarius,Chaos,0,0,1091166e96bfe839d8a067a8fc27848a_44ca0844398b2d010d8cd4a31ddb023dfc0.jpg?1785931471,Platinum,48,0,SMN
Reina Hibiki,11880322,290,0,Odin,Light,0,0,24a12bd68a664065816c9f10a696955c_644311b63b607133c989d7c1188467dafc0.jpg?1785931479,Platinum,48,11,WVR
Shin S'kai,21173308,292,267,Omega,Chaos,0,0,8e60f70d6d24f3bfcf57c73372d9836c_39e25ac3d737c46452305eefe324372cfc0.jpg?1785929641,Platinum,43,4,NIN
Shanks Haki,20417857,293,271,Louisoix,Chaos,0,0,01683c16881e9dfb6ce45ceb07293b70_0a122616f3718d3f45cab10fd8fc1604fc0.jpg?1785929923,Platinum,41,10,PLD
Ramnes Lafougere,27458334,294,269,Ragnarok,Chaos,0,0,084a724c3a596fd9be08d480bcd254d4_40d57ba713628f3f1ef5ef204b6d76d2fc0.jpg?1785930541,Platinum,38,4,SMN
Jinu Saja,37557023,295,272,Louisoix,Chaos,0,0,ed18601452ec3c3b1def16f37ba89988_0a122616f3718d3f45cab10fd8fc1604fc0.jpg?1785929353,Platinum,35,7,UNK
Teemo Grindvior,2770258,295,268,Ragnarok,Chaos,0,0,5278a534299ab25701c1bd34423d730e_40d57ba713628f3f1ef5ef204b6d76d2fc0.jpg?1785931460,Platinum,35,0,DRG
Shatter Demon,22010455,297,270,Zodiark,Light,0,0,552384524ddb928e992447c140d7a9a3_c274370774c6bc3483cc8740805f41bcfc0.jpg?1785929457,Platinum,32,0,GNB
Caragai Avagnar,12684852,298,274,Phoenix,Light,0,0,7b337c4d27b7d61d5bde4f5c6b8f951c_5047bc596a4bab2dc7f7c120bb22dec5fc0.jpg?1785932347,Platinum,28,8,SMN
Epiphany Eruyt,23090429,299,273,Lich,Light,0,0,eff479ee1ea70675f2380b47f87b2c8e_7206469080400ed57a5373d0a9c55c59fc0.jpg?1785929196,Platinum,24,0,WHM
Zim Brinstar,3323527,300,276,Odin,Light,0,0,d0d1b1076e2c53eb8735b93bf975477c_644311b63b607133c989d7c1188467dafc0.jpg?1785931455,Platinum,9,1,DRK
Ciel Cocco,27192023,1,0,Anima,Mana,2086,0,05df3829299dc9e3c4ba0bceb512525a_2f698530a28d671d20278c8518c804c9fc0.jpg?1785932126,Omega,72,0,DRG
Vivi Ann,4766157,2,0,Kujata,Elemental,2080,0,9543e197b2faf03aa21058f9deedc408_72c48f093f2278ac3243962d3eb6a8d7fc0.jpg?1785931027,Omega,55,0,PLD
Hatozo Ito,39455624,3,0,Typhon,Elemental,2077,0,a2de1cbebb1230e8f11f0fa765df7d0f_32d8c9c7cd5f62d62da2d31b6750a680fc0.jpg?1785930400,Omega,26,0,WAR
Sorin Maki,53900927,4,0,Durandal,Gaia,2055,0,b0d4570e39585eb6b5ba7458ff8781a7_806ea5b45071d5cd6bf393e38462ee71fc0.jpg?1785930132,Omega,84,0,RPR
Paker Zuka,35106373,5,7,Bahamut,Gaia,2044,90,1dfba22310e23cd21bd3a7481bf928e1_86da943caa70c8694707ab2ff74e68c9fc0.jpg?1785929622,Omega,69,3,UNK
Ciao' Chu-ru,46227731,6,5,Asura,Mana,2042,0,4407462a62eb8cb31cec691e9f214c86_53f1445a9f28799a32ea55f046319fc3fc0.jpg?1785929664,Omega,62,0,UNK
Makina Belg,23683223,7,6,Belias,Meteor,2037,0,ffed281791b6f91e5a2000e4917cfeeb_894c4bd0beab2e2beb44b74f4c4bd206fc0.jpg?1785929534,Omega,94,0,MNK
Emil Sarasun,7191072,8,9,Asura,Mana,2035,254,052a2527c0dee23533f8162c40d66898_53f1445a9f28799a32ea55f046319fc3fc0.jpg?1785930038,Omega,69,13,GSM
Kappi Scarlet,11922639,9,8,Asura,Mana,2017,75,820f32c739a02029fdacf6c96cbf1fa4_53f1445a9f28799a32ea55f046319fc3fc0.jpg?1785929462,Omega,86,12,RPR
Noin Kurial,23981966,10,0,Asura,Mana,1780,0,83830f722858537d3bbdd6afabacaa3d_53f1445a9f28799a32ea55f046319fc3fc0.jpg?1785930909,Crystal,44,0,PLD
Bakeke Bake,40527195,11,0,Asura,Mana,1720,0,2df47416611081755cf9e0cd7c586afa_53f1445a9f28799a32ea55f046319fc3fc0.jpg?1785929510,Crystal,71,0,SAM
Rya Myosotisy,44244496,12,0,Asura,Mana,1698,0,d39af5863481d80b66f4fe05bf80d003_53f1445a9f28799a32ea55f046319fc3fc0.jpg?1785932267,Crystal,40,0,MNK
Ml Tei,47822875,13,27,Alexander,Gaia,1695,495,259bd72e639c252e3e6ab819661c07a6_b7a71d8799cf6dd75b711a7f52de6675fc0.jpg?1785932255,Crystal,20,7,DRK
Sensei Jyutusi,20995129,14,13,Chocobo,Mana,1676,0,218ddf1e9e095da9f0b9d5866f9f2d80_781d6b3603312f6be41670afa37282e0fc0.jpg?1785929105,Crystal,59,8,WHM
Kawlo Wilhelm,53079906,15,14,Ixion,Mana,1610,0,c9dcb47fbd9f0b8b6bf1b3ac91b2e802_7126768d768f6c6c7fed3eaee98c3a8afc0.jpg?1785929888,Crystal,28,0,UNK
Jay Eins,3930926,16,15,Chocobo,Mana,1594,100,31d212c5602873cad51c02ca3a1707f4_781d6b3603312f6be41670afa37282e0fc0.jpg?1785929580,Crystal,52,1,DRG
Comachi Dj,13425678,17,101,Hades,Mana,1503,791,4983bf5b31ed2764865b5fd4a01a64a5_a4730651230dd43cb129562a30d531aefc0.jpg?1785929716,Crystal,67,18,NIN
Sha Moji,19121169,18,65,Carbuncle,Elemental,1488,595,eb82915777eea0c952b2885bf59641d9_9eb3c19866f7ae0eeeffac7bf770aba5fc0.jpg?1785929294,Crystal,46,12,MCH
Death-by Glamour,50007656,19,16,Fenrir,Gaia,1465,0,73746aab8b21d5917fab43f4db6f35aa_d384cf5ad7db803f29799f36ebbc3eadfc0.jpg?1785929287,Crystal,39,0,UNK
Aman Kaharmine,37434311,20,34,Belias,Meteor,1380,286,7fa9aa672753e286a5710cf338755727_894c4bd0beab2e2beb44b74f4c4bd206fc0.jpg?1785932354,Crystal,72,5,UNK
San Sowa,35604125,21,17,Ridill,Gaia,1379,0,c5fbf3709fd6b4c8fba74f67e0820609_138751880f18161a907d7cf0faa43f07fc0.jpg?1785931525,Crystal,66,11,UNK
Seraki Matsushima,43566777,22,18,Ixion,Mana,1378,0,1e4675de3ee8e4d8e053dede59297104_7126768d768f6c6c7fed3eaee98c3a8afc0.jpg?1785929606,Crystal,23,0,PCT
Aries San,12460047,23,19,Tiamat,Gaia,1375,0,00a39e6a3c0cb6e9529ffdf15a10dadb_9f10d335198e90990f3437c5733468e7fc0.jpg?1785930519,Crystal,39,0,MCH
Ruru Rururun,41786182,24,20,Ifrit,Gaia,1374,0,3fd0ff0d0e58f6a761a54eebd33b7bc6_f9f796348bc43067c7242ec4551cde69fc0.jpg?1785929184,Crystal,69,8,UNK
Piccolo Saaaaann,23336998,25,21,Asura,Mana,1314,0,efa27fc6ea5fa0a09f429159c3346a0f_53f1445a9f28799a32ea55f046319fc3fc0.jpg?1785931357,Crystal,50,5,WAR
Tarex Youva,26374295,26,94,Tonberry,Elemental,1285,495,7dad78de32b2e7e31077d03f095a81ac_7bb6b1e488f0e4f01c5314d010b60f31fc0.jpg?1785929995,Crystal,65,8,WHM
Karma Strife,3816037,27,22,Chocobo,Mana,1223,0,7a25293b17ff84c0c64a519d1fc09720_781d6b3603312f6be41670afa37282e0fc0.jpg?1785928958,Crystal,53,0,PLD
Basuta Kirito,31797927,28,23,Carbuncle,Elemental,1223,0,22b32c1986bb9c2732e5f877f7cbdbd6_9eb3c19866f7ae0eeeffac7bf770aba5fc0.jpg?1785930611,Crystal,35,0,VPR
Hoshino Ai,47933529,29,24,Titan,Mana,1220,0,82bad71f761726aa0a737f36447d9f50_e2bb3f9679fec6d4836fcf8abcc3eeacfc0.jpg?1785930837,Crystal,33,0,MNK
Fania Eckert,2837251,30,25,Titan,Mana,1216,0,7177d6fdd5036eebc72834f8376cd1cf_e2bb3f9679fec6d4836fcf8abcc3eeacfc0.jpg?1785931978,Crystal,113,15,PCT
Rex Cold,46340519,31,50,Bahamut,Gaia,1207,297,5a590acfa6bbe6cddd1eb5143c7070f2_86da943caa70c8694707ab2ff74e68c9fc0.jpg?1785931079,Crystal,43,5,UNK
Mialu Ebisuki,46975926,32,26,Masamune,Mana,1200,0,1d423fc6e7ae66c277f02b6bd29f5f15_134930215abb8a90ec37d6cc05b05e08fc0.jpg?1785929916,Crystal,25,0,MNK
Shion Amber,26147773,33,173,Unicorn,Meteor,1198,698,e2ecf01d14ce449e8393bc3f5dfc57f4_393eb74047bb90c8d80dea54218430eefc0.jpg?1785929251,Crystal,17,11,AST
Nemu Nenemu,58833619,34,28,Anima,Mana,1195,0,4cdac6083f665767750f3c7804d18a24_2f698530a28d671d20278c8518c804c9fc0.jpg?1785929644,Crystal,70,0,RDM
Tango Ngo,47753273,35,29,Alexander,Gaia,1194,0,c8ff6406f324ec51842e0a491ba1e4fa_b7a71d8799cf6dd75b711a7f52de6675fc0.jpg?1785929775,Crystal,42,0,VPR
Tsuchi Tsuki,39089046,36,0,Bahamut,Gaia,1188,100,032858264c706c6341f57dbef9e86da1_86da943caa70c8694707ab2ff74e68c9fc0.jpg?1785929325,Crystal,13,1,DRK
Snow Albarn,25263326,37,44,Fenrir,Gaia,1185,200,fa179c06d46acce251bb94d22a05e931_d384cf5ad7db803f29799f36ebbc3eadfc0.jpg?1785929183,Crystal,30,2,PCT
Imlink Rr,46726473,38,30,Bahamut,Gaia,1101,0,6c9ffcd32b7d78e8b7e09c63d130ef2a_86da943caa70c8694707ab2ff74e68c9fc0.jpg?1785930110,Crystal,114,21,MCH
Wuruwuru Yaya,19903532,39,42,Asura,Mana,1099,104,c4dcc6326814217e41a2636e5dd8eea3_53f1445a9f28799a32ea55f046319fc3fc0.jpg?1785930199,Crystal,28,5,NIN
Ura Ururu,59087727,40,31,Chocobo,Mana,1098,0,cbc6fb7e99cc3d57226a4684079c139c_781d6b3603312f6be41670afa37282e0fc0.jpg?1785932312,Crystal,14,0,BRD
Unchou Kan,1575311,41,32,Aegis,Elemental,1096,0,43eef415e4c92f6ff93b1d4dae6b7ab8_3ea38e723c590aabf186367e1eb7e6a1fc0.jpg?1785929105,Crystal,14,0,GNB
Aizen Sosuke,46625154,42,33,Asura,Mana,1095,0,084fe9c7ee753ba32657d9e49b4edde5_53f1445a9f28799a32ea55f046319fc3fc0.jpg?1785929643,Crystal,55,0,UNK
Hina Narumi,36489169,43,35,Masamune,Mana,1091,0,b92b3bffbe6d8e1f5f53a1f3735c1387_134930215abb8a90ec37d6cc05b05e08fc0.jpg?1785930536,Crystal,18,0,MNK
Wonton Starlight,27496660,44,45,Chocobo,Mana,1087,103,8d6c3f0a6f695cdc94b9234b6c28be22_781d6b3603312f6be41670afa37282e0fc0.jpg?1785931750,Crystal,82,6,RDM
Xignas Schwalbe,2577287,45,61,Anima,Mana,1087,192,726f737868161a35f25fb4e06bccf08e_2f698530a28d671d20278c8518c804c9fc0.jpg?1785930940,Crystal,49,13,WAR
Rariboy Xx,4660025,46,96,Garuda,Elemental,1083,298,80b036f210d47467413b630ce1537551_fcb1f5b0249d1069e5bdc66d0796f26afc0.jpg?1785929638,Crystal,21,8,WAR
Sidurgu Obsidian,17768556,46,95,Garuda,Elemental,1083,297,19277f9e0fcd9432fb16b0e1cbad47a7_fcb1f5b0249d1069e5bdc66d0796f26afc0.jpg?1785930347,Crystal,21,6,SGE
Mundane Mann,42589754,48,37,Asura,Mana,1082,0,605c543ad4053338807ead77553c263b_53f1445a9f28799a32ea55f046319fc3fc0.jpg?1785930447,Crystal,19,0,AST
Vir Sanctus,38437893,49,46,Asura,Mana,1079,98,e0afc9c178de541c5ba8a1afafa4bb02_53f1445a9f28799a32ea55f046319fc3fc0.jpg?1785932294,Crystal,31,5,PLD
Naku Cha,51398763,50,79,Zeromus,Meteor,1010,198,d1f355424cec05811e0f15dc0a707de5_c76848359d0b4d2f37aefbb9903ed97bfc0.jpg?1785932045,Crystal,16,2,NIN
Akatuki Re,22410327,51,53,Carbuncle,Elemental,1003,98,b3e601fbc493d7bc642faec11f3c05fb_9eb3c19866f7ae0eeeffac7bf770aba5fc0.jpg?1785929546,Crystal,16,6,RDM
Fuki Non,51302585,52,38,Titan,Mana,1002,0,99d46e5dfaf54e3a630e700cbd41968b_e2bb3f9679fec6d4836fcf8abcc3eeacfc0.jpg?1785932057,Crystal,25,5,WHM
Raiden Thorne,60267443,53,39,Tiamat,Gaia,1001,0,d973da1a88fef8b53bb1c5cad4ee7a1f_9f10d335198e90990f3437c5733468e7fc0.jpg?1785930624,Crystal,33,0,MNK
Lhei Tayun,55776060,54,40,Chocobo,Mana,998,0,d1e1c509f0fac227ceada972ddb424d4_781d6b3603312f6be41670afa37282e0fc0.jpg?1785930834,Crystal,19,0,BLM
Bikkuri Donkey,59256942,55,41,Belias,Meteor,997,0,96f62f47670d9d1c85e1a464d6f4da65_894c4bd0beab2e2beb44b74f4c4bd206fc0.jpg?1785931963,Crystal,15,0,PCT
Okome Justice,58734775,56,69,Durandal,Gaia,995,106,3589d26a22faffebd4c39812822aab8a_806ea5b45071d5cd6bf393e38462ee71fc0.jpg?1785929583,Crystal,28,12,MCH
Sakura Nemutai,55109399,57,68,Titan,Mana,993,104,efa9ef6672998c8a9c860e5e104d6b3e_e2bb3f9679fec6d4836fcf8abcc3eeacfc0.jpg?1785930720,Crystal,48,5,SGE
Zwei Kreuz,14516450,58,67,Bahamut,Gaia,992,100,367ea315b18ce50bb6f34a9ea77f3222_86da943caa70c8694707ab2ff74e68c9fc0.jpg?1785930363,Crystal,21,7,UNK
Shinra Arasaka,24734269,59,43,Tiamat,Gaia,991,0,2d735fa31b5cfcc7eabaae1839d0b731_9f10d335198e90990f3437c5733468e7fc0.jpg?1785931945,Crystal,23,5,MNK
Lazuli Wing,40955023,60,148,Asura,Mana,991,399,9a25b0d5f7c6a97caeb2e0047aaeded8_53f1445a9f28799a32ea55f046319fc3fc0.jpg?1785932295,Crystal,15,5,UNK
Zero No'name,24180515,61,70,Titan,Mana,984,96,3f2ec2a99605ed4d05ef0e5bc0f3b8d4_e2bb3f9679fec6d4836fcf8abcc3eeacfc0.jpg?1785930587,Crystal,33,4,PLD
Hateful Past,26237856,62,47,Asura,Mana,974,0,ed0c8f5d7b00b4c718fd834e96efdd7e_53f1445a9f28799a32ea55f046319fc3fc0.jpg?1785929053,Crystal,31,0,DNC
Rip Rill,726210,63,48,Gungnir,Elemental,923,0,1ed2cf8fd8dc78c1ec061d9bb9c45462_8f82f937943b6baf4c565020d5eba0ccfc0.jpg?1785929048,Crystal,69,7,WHM
Tige Noir,13429005,64,77,Ridill,Gaia,919,94,92cf71f8edc971b0656a49db62280b09_138751880f18161a907d7cf0faa43f07fc0.jpg?1785930960,Crystal,44,12,DNC
Yuki Yui,25457703,65,49,Ultima,Gaia,910,0,53e27d2153b5d4878ef23b1326589ff5_9df1b3cb0da35db33c17ef11ddf12adafc0.jpg?1785929526,Crystal,62,3,PCT
Suteiki Niku,21443132,66,51,Ixion,Mana,906,0,2f186f805d4bb29abd9458d61593b81a_7126768d768f6c6c7fed3eaee98c3a8afc0.jpg?1785929520,Crystal,97,12,BLM
Lycoris Read,35000546,67,52,Garuda,Elemental,905,0,01b7ec3219b5992bd6418e7f58d96f03_fcb1f5b0249d1069e5bdc66d0796f26afc0.jpg?1785930179,Crystal,94,20,WHM
Sukoya Mihirogi,42042279,68,54,Anima,Mana,904,0,58dacb01c0c75e38125f892840beb026_2f698530a28d671d20278c8518c804c9fc0.jpg?1785929177,Crystal,45,10,MNK
Black' Cat,27132360,69,108,Ifrit,Gaia,902,202,25f0dd65be1cf71e9e26e0bcc0dc271f_f9f796348bc43067c7242ec4551cde69fc0.jpg?1785930214,Crystal,16,3,PLD
Yumichin Nekoangel,11505114,70,129,Chocobo,Mana,902,300,43e39ba4314b9f81eb1067f163d33ed5_781d6b3603312f6be41670afa37282e0fc0.jpg?1785931251,Crystal,11,5,RPR
Tatsumi Berserk,19183868,71,55,Ifrit,Gaia,899,0,54a616ddbe0b20dbfc773ec735961a62_f9f796348bc43067c7242ec4551cde69fc0.jpg?1785930551,Crystal,122,0,BSM
Aruku Babyun,7383311,72,56,Unicorn,Meteor,897,0,c2fa4e98c1f4638d053218fa4c127b4c_393eb74047bb90c8d80dea54218430eefc0.jpg?1785929536,Crystal,56,3,NIN
Furanzeska Sumeragi,8414050,73,112,Tonberry,Elemental,897,199,7300d72d23103eb5494b3e21bf99b3b6_7bb6b1e488f0e4f01c5314d010b60f31fc0.jpg?1785930532,Crystal,26,2,SMN
Chiaki Nanami,43953309,74,57,Titan,Mana,897,0,82751b490967f6572406e72b39592925_e2bb3f9679fec6d4836fcf8abcc3eeacfc0.jpg?1785928935,Crystal,9,0,BRD
Fennel Earltea,21886406,75,58,Typhon,Elemental,896,0,4e8f23f97ca17b02271d5d67829e204d_32d8c9c7cd5f62d62da2d31b6750a680fc0.jpg?1785932387,Crystal,72,8,SCH
Deisia Touna,31397456,76,59,Mandragora,Meteor,896,0,f9bdcbbd105a361017ee7dd26bde2ea6_ee738654add55c3d07ea92d8e108074cfc0.jpg?1785929868,Crystal,17,1,DRG
Kuno Cadenzavnaeve,42178142,77,60,Ifrit,Gaia,895,0,85baa25ca299e93ef56226f40814f03b_f9f796348bc43067c7242ec4551cde69fc0.jpg?1785932346,Crystal,40,0,MNK
Coffee Mint,29415966,78,62,Titan,Mana,894,0,e5a147803c62c81952bc0c786dcfc3cb_e2bb3f9679fec6d4836fcf8abcc3eeacfc0.jpg?1785931183,Crystal,176,17,PLD
Jaeger Lecoultre,12503010,79,63,Carbuncle,Elemental,894,0,18c881fcad647894e4d32c9bf33662e3_9eb3c19866f7ae0eeeffac7bf770aba5fc0.jpg?1785929416,Crystal,10,0,WAR
Cait Sith,1574936,80,64,Tiamat,Gaia,893,0,fc4156170aa1fca8004a80238705e5cf_9f10d335198e90990f3437c5733468e7fc0.jpg?1785930405,Crystal,47,4,WAR
Amani Taru,13062779,81,66,Mandragora,Meteor,892,0,37294ee1ef2528b65e45560a5afed880_ee738654add55c3d07ea92d8e108074cfc0.jpg?1785930454,Crystal,15,0,AST
Rebecca Miyamoto,1030969,82,71,Masamune,Mana,886,0,256a66f24613cb496dae31eb2270d226_134930215abb8a90ec37d6cc05b05e08fc0.jpg?1785929558,Crystal,67,14,MCH
Taroe Kobuta,8734523,83,72,Kujata,Elemental,885,0,821347c202f7d7d6b676bd393bcdfdae_72c48f093f2278ac3243962d3eb6a8d7fc0.jpg?1785931834,Crystal,96,0,RPR
Zero Nox,2468417,84,73,Alexander,Gaia,885,0,d402005d8e26ea9d6b72ff80a5a60b9e_b7a71d8799cf6dd75b711a7f52de6675fc0.jpg?1785930104,Crystal,8,0,BRD
Lupinus Lily,33777966,85,74,Ultima,Gaia,883,0,6f019b443ab48375b1bcc5e5aa0debf9_9df1b3cb0da35db33c17ef11ddf12adafc0.jpg?1785931825,Crystal,30,0,GNB
Creya Oaks,20662074,86,75,Tonberry,Elemental,877,0,0fb57385ff1c90e3ea26edc53722b78c_7bb6b1e488f0e4f01c5314d010b60f31fc0.jpg?1785931161,Crystal,68,9,BRD
Ajika Rajika,6811285,87,76,Tiamat,Gaia,830,0,97621d00c96124d00a3c01cec2dde5f8_9f10d335198e90990f3437c5733468e7fc0.jpg?1785929290,Crystal,35,0,UNK
Stardust Emilia,25988007,88,126,Hades,Mana,823,206,b805b54635a07b2d9710df33b9a946aa_a4730651230dd43cb129562a30d531aefc0.jpg?1785931660,Crystal,52,4,UNK
Wabi Suke,1601102,89,152,Asura,Mana,823,306,355b0ae1cb512875c96e88afa06d36a7_53f1445a9f28799a32ea55f046319fc3fc0.jpg?1785929783,Crystal,31,10,NIN
Atsu Bow,47953241,90,78,Mandragora,Meteor,813,0,a397b9893231105b4549ed9a8721c60a_ee738654add55c3d07ea92d8e108074cfc0.jpg?1785932178,Crystal,83,0,DRG
Mily Sara,23911809,91,142,Aegis,Elemental,808,211,19086b376708852503d1ac9c2b293b8c_3ea38e723c590aabf186367e1eb7e6a1fc0.jpg?1785929218,Crystal,58,8,SGE
Notttz Imbrium,50270248,92,80,Titan,Mana,806,0,58a87ecc9a18820b07646a481a8154a4_e2bb3f9679fec6d4836fcf8abcc3eeacfc0.jpg?1785929623,Crystal,31,0,MCH
Flame Lieutenant,27336347,93,81,Carbuncle,Elemental,802,0,d0817be17ae2ce45486a2e26ae5d06d6_9eb3c19866f7ae0eeeffac7bf770aba5fc0.jpg?1785930076,Crystal,43,0,AST
Uta Tubame,12421333,94,82,Zeromus,Meteor,802,0,4c1c1810ab77c61696ca66b0716fd309_c76848359d0b4d2f37aefbb9903ed97bfc0.jpg?1785929725,Crystal,26,1,PCT
Zsika Mu',18898369,95,83,Ridill,Gaia,802,0,ed7f8569bf4537dfd9f2ea953ad59e8a_138751880f18161a907d7cf0faa43f07fc0.jpg?1785929214,Crystal,15,0,UNK
Mashumaro Tsurugi,50222807,96,0,Durandal,Gaia,802,0,31fd330df465ff1080752e19d6bc9eb7_806ea5b45071d5cd6bf393e38462ee71fc0.jpg?1785931115,Crystal,10,0,MNK
Kageto Magatsuki,36052369,97,84,Ultima,Gaia,800,0,c99eebd98f0729313042324985a6fc9a_9df1b3cb0da35db33c17ef11ddf12adafc0.jpg?1785930994,Crystal,16,0,CUL
Zill Eleutheria,29944686,98,109,Bahamut,Gaia,799,100,5bfa3b1f24c51ccdffb53034db0ebae8_86da943caa70c8694707ab2ff74e68c9fc0.jpg?1785929024,Crystal,55,4,AST
Lain Wired,1578110,99,85,Chocobo,Mana,799,0,51b29015827612eb3c28c2c8dd0f43ef_781d6b3603312f6be41670afa37282e0fc0.jpg?1785930211,Crystal,34,4,SGE
Yurugi Koyurugi,29769522,100,86,Belias,Meteor,798,0,ce65dfc48d522a7a126208d94cdc2852_894c4bd0beab2e2beb44b74f4c4bd206fc0.jpg?1785929533,Crystal,16,0,PLD
Roric Thorne,59323169,101,87,Pandaemonium,Mana,798,0,4ff669632484c5fdf241ea2b9f955435_470db1bf2e865f9130531fea40b61ee4fc0.jpg?1785929320,Crystal,10,0,DRK
Yu Haru,31526046,102,88,Hades,Mana,797,0,d1d463d935a459f76da24079cf48b932_a4730651230dd43cb129562a30d531aefc0.jpg?1785931977,Crystal,25,0,UNK
Velvet Shilky,15655369,103,89,Anima,Mana,795,0,988a0ec11e3b6bbbfc5478b0eab4b03f_2f698530a28d671d20278c8518c804c9fc0.jpg?1785930933,Crystal,58,22,PLD
Dodopita Pittan,3558680,104,90,Tiamat,Gaia,795,0,0c4178029dae08c0fcbe267d46034e76_9f10d335198e90990f3437c5733468e7fc0.jpg?1785929866,Crystal,24,0,SAM
Yuki Macaron-vanille,37997737,105,91,Ridill,Gaia,794,0,87df14febf49ad8a24a323b239fb3250_138751880f18161a907d7cf0faa43f07fc0.jpg?1785930015,Crystal,28,0,RDM
Bug Cut,48066025,106,92,Alexander,Gaia,794,0,eb099ae5ed67142ac0888bf755079790_b7a71d8799cf6dd75b711a7f52de6675fc0.jpg?1785929755,Crystal,12,0,BRD
Aeritte Ravel,41831914,107,147,Carbuncle,Elemental,792,199,56a646fd4b2eb086bf8c9d712567e62f_9eb3c19866f7ae0eeeffac7bf770aba5fc0.jpg?1785929443,Crystal,47,10,MNK
Crystalline Conflict,56094564,108,93,Kujata,Elemental,791,0,dcae5be360cd5ac359780dd998fbbf57_72c48f093f2278ac3243962d3eb6a8d7fc0.jpg?1785929631,Crystal,29,0,UNK
Mao Caprice,32793338,109,110,Titan,Mana,785,86,101c8c73de660221dc8ad95fafa4ad3c_e2bb3f9679fec6d4836fcf8abcc3eeacfc0.jpg?1785929048,Crystal,54,5,PLD
Oriental Art,1070191,110,97,Chocobo,Mana,783,0,d31830cb71830b425529f231f39e776b_781d6b3603312f6be41670afa37282e0fc0.jpg?1785931359,Crystal,82,19,SGE
Lil Latte,55025559,111,98,Anima,Mana,782,0,2d01c7e9c74b9faebdd6d9ece7c9eb4a_2f698530a28d671d20278c8518c804c9fc0.jpg?1785932035,Crystal,120,0,UNK
Lucie Blanc,4813641,112,99,Anima,Mana,721,0,9c05760085153887cf9c52f28861be7c_2f698530a28d671d20278c8518c804c9fc0.jpg?1785932167,Crystal,18,1,AST
Erik Bural,20508529,113,100,Hades,Mana,713,0,2ca5bed0ca0e49f68c7ca14062e0bacc_a4730651230dd43cb129562a30d531aefc0.jpg?1785932326,Crystal,89,8,AST
Bronze Warrior,33944385,114,102,Alexander,Gaia,711,0,3a8559d847a626b7d8a2760ec13a73b5_b7a71d8799cf6dd75b711a7f52de6675fc0.jpg?1785930881,Crystal,41,0,WAR
Kamio Hoshi,51915197,115,103,Gungnir,Elemental,709,0,6b5003e9f40b5f1a448a1ba748afc9e5_8f82f937943b6baf4c565020d5eba0ccfc0.jpg?1785932435,Crystal,63,5,MNK
Ichigo Jasmine,57027122,116,244,Shinryu,Meteor,709,399,17fae3561e1e77d262d93652dbd0bdc4_87b7d447f40b06dfc7228caf195f7dcffc0.jpg?1785932130,Crystal,15,7,WAR
Monica Bryant,34559458,117,104,Garuda,Elemental,708,0,40cd2c4ca4c17623d5c27dfb19831017_fcb1f5b0249d1069e5bdc66d0796f26afc0.jpg?1785930775,Crystal,94,12,SMN
Shara Mura,40394634,118,105,Garuda,Elemental,703,0,00ee76cc1f13c8d3891aee16b0a97d91_fcb1f5b0249d1069e5bdc66d0796f26afc0.jpg?1785930409,Crystal,30,0,RDM
Sead Slendisch,27788989,119,106,Asura,Mana,701,0,c9bd1276c77cf644ce955ce68575aa37_53f1445a9f28799a32ea55f046319fc3fc0.jpg?1785929792,Crystal,19,0,SGE
Nov Noa,56271994,120,133,Tiamat,Gaia,701,100,0711a53e252756264a473f2b53d53cad_9f10d335198e90990f3437c5733468e7fc0.jpg?1785931195,Crystal,15,1,SCH
Coo Yanky,32078480,121,107,Aegis,Elemental,701,0,a8d9117ca1289e0dd2db80714170a84e_3ea38e723c590aabf186367e1eb7e6a1fc0.jpg?1785932320,Crystal,13,0,SAM
Nana Degu,42551273,122,135,Asura,Mana,701,100,f0ca36e4824faa31992738bb368e803c_53f1445a9f28799a32ea55f046319fc3fc0.jpg?1785929134,Crystal,11,3,DRG
Pokeball Bahamut,42274942,123,0,Valefor,Meteor,699,499,fdf4bab958d2fbf65e0c07739622a1f7_485f4777c38002871591fb54f27edc65fc0.jpg?1785932446,Crystal,93,18,GNB
Silanah Oh-mana,45502933,124,178,Titan,Mana,699,200,98f79f7d5e45485839d2a83be2a5ec49_e2bb3f9679fec6d4836fcf8abcc3eeacfc0.jpg?1785929754,Crystal,25,2,AST
Mitui Aset,29908583,125,111,Zeromus,Meteor,698,0,03c5c419a0ed40508b02b7656c3bc1e1_c76848359d0b4d2f37aefbb9903ed97bfc0.jpg?1785929089,Crystal,93,0,DRK
Omnigo Mnigo,49392372,126,113,Shinryu,Meteor,696,0,4ce1cddbe18eb8585879c43e5173c877_87b7d447f40b06dfc7228caf195f7dcffc0.jpg?1785931246,Crystal,29,1,VPR
Dome Violet,45179152,127,114,Masamune,Mana,695,0,a95c15ebd393e5497d6641d375ec02b1_134930215abb8a90ec37d6cc05b05e08fc0.jpg?1785930679,Crystal,49,7,BRD
Patricia Frankene,18106523,128,115,Ultima,Gaia,695,0,c545da9cb222915531dc1fa18623cb41_9df1b3cb0da35db33c17ef11ddf12adafc0.jpg?1785929078,Crystal,28,1,DRK
Hattori Kaze,57332259,129,116,Alexander,Gaia,695,0,2ec48d7f5caadae4f62dc2d1cdc75610_b7a71d8799cf6dd75b711a7f52de6675fc0.jpg?1785929104,Crystal,12,0,UNK
Yuki Amamiya,31666386,130,117,Asura,Mana,694,0,be0f5c48cd51ee52ae9fb5fbd908b45a_53f1445a9f28799a32ea55f046319fc3fc0.jpg?1785930059,Crystal,85,2,GNB
Saibi Wasabi,59415917,131,118,Garuda,Elemental,693,0,019ca60037f45abcd6d16fb450204162_fcb1f5b0249d1069e5bdc66d0796f26afc0.jpg?1785931699,Crystal,22,0,MCH
Lon Ron,18022042,132,119,Ixion,Mana,693,0,6f6a04c69339b65f6603faea5df0b1a6_7126768d768f6c6c7fed3eaee98c3a8afc0.jpg?1785932171,Crystal,19,0,BRD
Asth Galleria,5330266,133,185,Pandaemonium,Mana,692,197,69f14cfe9aed20abab40d9c371b581d9_470db1bf2e865f9130531fea40b61ee4fc0.jpg?1785929120,Crystal,22,2,MCH
Totoka Toka,40704377,134,120,Chocobo,Mana,691,0,3aafbe2ed09507936a8a2aa2a03e2207_781d6b3603312f6be41670afa37282e0fc0.jpg?1785929153,Crystal,61,2,BLM
Akki Noc,2298162,135,121,Alexander,Gaia,691,0,4a145f36c7316e0d32845d32af5e92bd_b7a71d8799cf6dd75b711a7f52de6675fc0.jpg?1785929627,Crystal,28,0,SGE
Aina The-end,44020286,136,186,Tiamat,Gaia,691,200,5de9f2cc82562b167fe84c1fcb425b92_9f10d335198e90990f3437c5733468e7fc0.jpg?1785931348,Crystal,27,2,MNK
Kuros Mu,61049213,137,122,Pandaemonium,Mana,691,0,9e807a625f663b98bc3f5699b41c95e5_470db1bf2e865f9130531fea40b61ee4fc0.jpg?1785930036,Crystal,11,0,UNK
Pitty What,32924935,138,123,Durandal,Gaia,685,0,1ca1a6b980542985bc7d7cf818520e1f_806ea5b45071d5cd6bf393e38462ee71fc0.jpg?1785930834,Crystal,30,0,NIN
Lan Dame-celot,31839759,139,124,Ifrit,Gaia,681,0,c278e5b98fa396fbc950aeafdb5aaee8_f9f796348bc43067c7242ec4551cde69fc0.jpg?1785932077,Crystal,16,3,RPR
Umai Okawari,28809423,140,125,Zeromus,Meteor,677,0,603544c81055f8085a950feb781bee2a_c76848359d0b4d2f37aefbb9903ed97bfc0.jpg?1785929792,Crystal,9,0,SCH
Nocturne Midnightblue,55368101,141,127,Asura,Mana,604,0,e9f7726a264875c782e0384932dbf161_53f1445a9f28799a32ea55f046319fc3fc0.jpg?1785931142,Crystal,11,0,RPR
He Ro,57048881,142,258,Ultima,Gaia,603,302,1988e9fc4df817df742388c245715b40_9df1b3cb0da35db33c17ef11ddf12adafc0.jpg?1785929618,Crystal,54,8,UNK
Noir Eclair,2642862,143,128,Ultima,Gaia,602,0,18e63e62d7219f7b588f8c22739fa1ff_9df1b3cb0da35db33c17ef11ddf12adafc0.jpg?1785929840,Crystal,37,1,DRK
Zero Vanettius,31180421,144,130,Tonberry,Elemental,601,0,dcc2410aaf3a239966f3c0881c2419fc_7bb6b1e488f0e4f01c5314d010b60f31fc0.jpg?1785929467,Crystal,79,4,PLD
Shonan Gold,51360481,145,0,Gungnir,Elemental,601,501,106e5f909e34a4cdc6f05735c607687b_8f82f937943b6baf4c565020d5eba0ccfc0.jpg?1785931767,Crystal,24,7,WAR
Kotori Angel,11433233,146,131,Alexander,Gaia,601,0,249a60efd4f3f03c25a40a0c3c35d33f_b7a71d8799cf6dd75b711a7f52de6675fc0.jpg?1785929512,Crystal,23,0,DRK
Felious Nature,29878382,147,132,Garuda,Elemental,601,0,1fb8f30013241119bd3ec89439f23c39_fcb1f5b0249d1069e5bdc66d0796f26afc0.jpg?1785929258,Crystal,20,0,SAM
Khelby Trickster,1496735,147,210,Gungnir,Elemental,601,202,fde8b59fda65550661c58e15a9026a06_8f82f937943b6baf4c565020d5eba0ccfc0.jpg?1785930893,Crystal,20,4,WAR
Holala Vvn,53437527,149,156,Durandal,Gaia,601,97,60894d30cd8e7f556c8f877555a9e623_806ea5b45071d5cd6bf393e38462ee71fc0.jpg?1785931514,Crystal,16,2,UNK
Kirakira Akira,55531034,150,134,Typhon,Elemental,601,0,5934f798f998575286709c767ba05f59_32d8c9c7cd5f62d62da2d31b6750a680fc0.jpg?1785929915,Crystal,10,1,MNK
Zumu Elect,11364414,151,136,Shinryu,Meteor,600,0,bd0b65a51fad6bef1e3c413041784da0_87b7d447f40b06dfc7228caf195f7dcffc0.jpg?1785929349,Crystal,27,0,VPR
Laviera Rose,60788095,152,137,Masamune,Mana,600,0,137281dbfd05a8698e1b5b46cb1d6d03_134930215abb8a90ec37d6cc05b05e08fc0.jpg?1785929442,Crystal,7,0,MNK
Avail Tec,46450631,153,138,Garuda,Elemental,599,0,174c8b1a79d654754078bef6b8c51067_fcb1f5b0249d1069e5bdc66d0796f26afc0.jpg?1785931575,Crystal,31,1,SAM
Hisui Yakumo,32307151,154,139,Anima,Mana,599,0,a17a433489499f7247bcab0b749c1710_2f698530a28d671d20278c8518c804c9fc0.jpg?1785931671,Crystal,29,0,VPR
Inx Chrono,21920611,155,140,Yojimbo,Meteor,599,0,83c01df24231dda93176c28e69768459_4a92c619bde4f34cfa77e05fef21ad85fc0.jpg?1785931533,Crystal,28,0,BRD
Boku Hide,61259881,156,141,Chocobo,Mana,599,0,2405cc4b75108a1384180ce7bafc3b98_781d6b3603312f6be41670afa37282e0fc0.jpg?1785930231,Crystal,22,0,MNK
Eld Sentinel,21648379,157,143,Chocobo,Mana,597,0,95faa13a6cd8b866aec0724610f0cbee_781d6b3603312f6be41670afa37282e0fc0.jpg?1785932023,Crystal,33,0,MNK
Pero Noir,27109057,158,144,Ultima,Gaia,597,0,889b0b13f93f702d3df91ec97e272102_9df1b3cb0da35db33c17ef11ddf12adafc0.jpg?1785929192,Crystal,7,0,PCT
Lazulim Langheim,1644495,159,145,Ultima,Gaia,597,0,997660bb7160cf32fb6806926222d151_9df1b3cb0da35db33c17ef11ddf12adafc0.jpg?1785929581,Crystal,5,0,MNK
Momochi Thunder,9048595,160,177,Bahamut,Gaia,596,97,3ce0fcc40e818a0d134a6c043d2c09f5_86da943caa70c8694707ab2ff74e68c9fc0.jpg?1785930392,Crystal,31,2,SMN
Anoma Loris,44038350,161,0,Valefor,Meteor,596,397,57b0094511d082e7e7e8203d850b4159_485f4777c38002871591fb54f27edc65fc0.jpg?1785929214,Crystal,19,17,BRD
Eke Davis,29845306,162,146,Anima,Mana,594,0,e8727b43f9f5e480ba6cabe0e39a7a4a_2f698530a28d671d20278c8518c804c9fc0.jpg?1785931373,Crystal,44,4,NIN
Soujirou Seta,4110224,163,228,Tonberry,Elemental,594,198,7453a7542d76520abe9dd8dcc3572b78_7bb6b1e488f0e4f01c5314d010b60f31fc0.jpg?1785929793,Crystal,26,2,RDM
Regret Weise,15486920,164,216,Fenrir,Gaia,592,194,13172be4a1ad05d87f2b3a6e43f14d31_d384cf5ad7db803f29799f36ebbc3eadfc0.jpg?1785931144,Crystal,16,4,MNK
Oracle Trezavejo,15712017,165,237,Bahamut,Gaia,590,197,b4aa7ecb29192073338a2cc53603b062_86da943caa70c8694707ab2ff74e68c9fc0.jpg?1785931720,Crystal,25,2,MCH
Rinfia Rint,24291060,166,168,Durandal,Gaia,585,85,a0d48d9035ce8cb65db8d80e6f885428_806ea5b45071d5cd6bf393e38462ee71fc0.jpg?1785929256,Crystal,69,9,WHM
Fuuga Reinfeldt,29495648,167,149,Unicorn,Meteor,583,0,4441cdfb6f60085397a6647656e86646_393eb74047bb90c8d80dea54218430eefc0.jpg?1785929192,Crystal,21,5,WAR
Zana'tan Stratos,7600570,168,150,Shinryu,Meteor,582,0,e3525c189345468c5a9b4b37cf4fcd3e_87b7d447f40b06dfc7228caf195f7dcffc0.jpg?1785932439,Crystal,6,0,MCH
Meilkea Inori,40934425,169,151,Aegis,Elemental,522,0,4c256b756b0f4f43b209ec71728dc0e2_3ea38e723c590aabf186367e1eb7e6a1fc0.jpg?1785929681,Crystal,102,3,UNK
Robs Wiz,47501636,170,153,Aegis,Elemental,511,0,24b0e4e155ae76da2a553003980ac156_3ea38e723c590aabf186367e1eb7e6a1fc0.jpg?1785930971,Crystal,51,13,SAM
Hyunsik Lee,59757026,171,154,Typhon,Elemental,511,0,d171f47402375bca99a35c72ebcb7e48_32d8c9c7cd5f62d62da2d31b6750a680fc0.jpg?1785930635,Crystal,7,0,DNC
Lucy Tave,5530448,172,155,Durandal,Gaia,507,0,fd7ea485d2ba7644c76c49d7b00fce24_806ea5b45071d5cd6bf393e38462ee71fc0.jpg?1785930536,Crystal,131,12,WAR
Suika Suika,52343269,173,261,Gungnir,Elemental,506,206,1200bb92b17a23c163af77a61ab59372_8f82f937943b6baf4c565020d5eba0ccfc0.jpg?1785931403,Crystal,67,9,RDM
Endless Summer,36558820,174,157,Tiamat,Gaia,503,0,0079a66433e68b1f473c7487944a4d3d_9f10d335198e90990f3437c5733468e7fc0.jpg?1785931553,Crystal,61,0,PCT
Chisato Laetitia,56099994,175,158,Bahamut,Gaia,503,0,1ba731eb7e63c6a087133132bbb51418_86da943caa70c8694707ab2ff74e68c9fc0.jpg?1785931580,Crystal,21,0,UNK
Hoshikuz Siina,1173407,176,159,Tiamat,Gaia,503,0,f966bf2277aea0b0af7b96dbbca7abc1_9f10d335198e90990f3437c5733468e7fc0.jpg?1785928865,Crystal,18,0,SAM
Strawberry Hat,57505676,177,160,Tonberry,Elemental,502,0,5afb62c4e97465a42baa4dea913380fd_7bb6b1e488f0e4f01c5314d010b60f31fc0.jpg?1785931664,Crystal,58,0,DRG
Taro North,51784709,178,161,Durandal,Gaia,502,0,651dc89f9a8c4eebbec02f2488686ef7_806ea5b45071d5cd6bf393e38462ee71fc0.jpg?1785929987,Crystal,48,1,RPR
Momojiri Kakure,18051279,179,0,Anima,Mana,502,305,17f5cab570f2898b55037a8db7b1c871_2f698530a28d671d20278c8518c804c9fc0.jpg?1785929326,Crystal,37,11,RDM
Zukasa Yatoh,8768354,180,162,Typhon,Elemental,502,0,4b9242a67c4aa4390facfa8e2028de4b_32d8c9c7cd5f62d62da2d31b6750a680fc0.jpg?1785931509,Crystal,24,0,DRG
Mio Youmu,57323733,181,0,Ixion,Mana,502,402,9507babebf0a85031aca059da299a6fa_7126768d768f6c6c7fed3eaee98c3a8afc0.jpg?1785929353,Crystal,15,15,NIN
Konegai Konegai,3277232,182,163,Masamune,Mana,502,0,3a445dba3d4d2882c60b55a59669971b_134930215abb8a90ec37d6cc05b05e08fc0.jpg?1785932338,Crystal,11,0,MCH
Hal Mooncalf,1608068,183,202,Pandaemonium,Mana,502,100,1442db9b14570e549c8f8dd3c9652403_470db1bf2e865f9130531fea40b61ee4fc0.jpg?1785929700,Crystal,5,1,RDM
Errer Errant,28706539,184,252,Asura,Mana,502,198,14833bd371ac70e05cffe6a03634bb61_53f1445a9f28799a32ea55f046319fc3fc0.jpg?1785929428,Crystal,4,2,MCH
Super Gal,52139020,185,164,Bahamut,Gaia,501,0,2a20ce1a576737898f3290324b402cd6_86da943caa70c8694707ab2ff74e68c9fc0.jpg?1785929431,Crystal,125,2,RDM
Rekey Lazuline,7660930,186,165,Anima,Mana,501,0,a0f0f483db663160f06e9bfb698a808d_2f698530a28d671d20278c8518c804c9fc0.jpg?1785930576,Crystal,25,5,MCH
Melvien Granier,15127168,187,166,Mandragora,Meteor,501,0,f8b276b7da694e66d7a8c0e702a77495_ee738654add55c3d07ea92d8e108074cfc0.jpg?1785929832,Crystal,19,0,DRG
Nanna Shamash,29824400,188,167,Unicorn,Meteor,501,0,480461b43403f674360bd1de18eef8ba_393eb74047bb90c8d80dea54218430eefc0.jpg?1785931010,Crystal,7,0,BRD
Ririca Rica,22451341,189,174,Valefor,Meteor,500,1,b82d75152d14ebf44db2622ef433b4f4_485f4777c38002871591fb54f27edc65fc0.jpg?1785929532,Crystal,66,1,RPR
Elisa Wolframite,18964939,190,169,Hades,Mana,500,0,5582934bb6b94d50874d7d241225aa74_a4730651230dd43cb129562a30d531aefc0.jpg?1785931317,Crystal,40,0,AST
Go Mee,19423327,191,170,Ifrit,Gaia,500,0,a075edbb8331e7e875aae500a9e7a435_f9f796348bc43067c7242ec4551cde69fc0.jpg?1785931835,Crystal,25,0,GNB
Quina Quale,22357925,192,171,Chocobo,Mana,500,0,8e04161822614b18e307be12f4aecf1e_781d6b3603312f6be41670afa37282e0fc0.jpg?1785929408,Crystal,22,0,WAR
Rocca Eins,9996577,193,172,Ramuh,Meteor,500,0,3514d83d3edfa016528f0983c2dd39f2_410ddb5a66a2fcacf538bec5ea5d0291fc0.jpg?1785931193,Crystal,17,0,SCH
Hak Elak,35740519,194,175,Ramuh,Meteor,499,0,b86c5618a66aa9349d3190d9ad84491f_410ddb5a66a2fcacf538bec5ea5d0291fc0.jpg?1785930827,Crystal,45,0,SGE
Lalala Lalaa,42488617,195,176,Garuda,Elemental,499,0,304385d0c9b61a485f766a1c92c09f29_fcb1f5b0249d1069e5bdc66d0796f26afc0.jpg?1785930484,Crystal,36,0,UNK
Elfmum Saintrelmaux,47797645,196,179,Alexander,Gaia,499,0,4be3fea60d75388e0a0edd868bfb2eca_b7a71d8799cf6dd75b711a7f52de6675fc0.jpg?1785931785,Crystal,10,0,WAR
Torime Nico,26400369,196,179,Atomos,Elemental,499,0,dbb2fb17c00b9c7a6e6ca0a65c888ac6_cf768a751b1f5e355c2fd39a9ed91f3ffc0.jpg?1785931172,Crystal,10,0,DRG
Douglas Ward,32519646,198,205,Asura,Mana,499,99,5902010d301aa95176126fcdef0dc7c7_53f1445a9f28799a32ea55f046319fc3fc0.jpg?1785930968,Crystal,4,1,RDM
Nyaruga Kyuruga,4962287,199,181,Atomos,Elemental,498,0,fb555ad539f0f8689a39c65513b388b2_cf768a751b1f5e355c2fd39a9ed91f3ffc0.jpg?1785931502,Crystal,39,0,GSM
Raiu Raneford,27730776,200,182,Masamune,Mana,497,0,94fa93c1c55d52ae764c88b6b3ae2bf5_134930215abb8a90ec37d6cc05b05e08fc0.jpg?1785928916,Crystal,93,6,AST
Rech Leys,13839764,201,225,Asura,Mana,497,101,7bc422589ea337ab644d4bc829ed74bd_53f1445a9f28799a32ea55f046319fc3fc0.jpg?1785930565,Crystal,64,11,UNK
Mame Poporu,22836070,202,183,Ixion,Mana,497,0,a886d90317b0e4205db7046757e57e53_7126768d768f6c6c7fed3eaee98c3a8afc0.jpg?1785929468,Crystal,18,8,VPR
Nao Fu,41247403,203,189,Shinryu,Meteor,497,85,cfc231e11fac22b1fb8d9d27cee48586_87b7d447f40b06dfc7228caf195f7dcffc0.jpg?1785929390,Crystal,17,6,AST
Espresso Book,1705640,204,184,Titan,Mana,496,0,e3207456b1067852817076083f66f25d_e2bb3f9679fec6d4836fcf8abcc3eeacfc0.jpg?1785931526,Crystal,72,0,AST
Walter Winston,3431710,205,208,Fenrir,Gaia,495,96,bee8390354426d2c1d42d687a0de29d5_d384cf5ad7db803f29799f36ebbc3eadfc0.jpg?1785931873,Crystal,29,7,WAR
Happo Hapo,59173770,206,0,Pandaemonium,Mana,495,0,8d06d5697fa5f35516e08e77ecb4eff8_470db1bf2e865f9130531fea40b61ee4fc0.jpg?1785930241,Crystal,4,0,VPR
Keith Hazeldine,50116081,207,235,Carbuncle,Elemental,494,99,a47831fd4e9b971cf9742a9afa4782f3_9eb3c19866f7ae0eeeffac7bf770aba5fc0.jpg?1785931161,Crystal,7,1,MNK
En Avant,46371551,208,200,Belias,Meteor,493,91,d6c3784f3b06c119ae16dd725e2a2b6e_894c4bd0beab2e2beb44b74f4c4bd206fc0.jpg?1785930083,Crystal,42,1,GNB
Revi Kola,39228750,209,187,Ultima,Gaia,485,0,385da10c7487a4af698c3fe738df5488_9df1b3cb0da35db33c17ef11ddf12adafc0.jpg?1785929766,Crystal,48,7,SAM
Splitz Allure,11250991,210,188,Tonberry,Elemental,485,0,5df739fcece56728f620a7cd5b05392e_7bb6b1e488f0e4f01c5314d010b60f31fc0.jpg?1785931368,Crystal,8,0,CUL
Kaede Felis,33728274,211,243,Typhon,Elemental,479,96,40686a32bf2ab631ff7e7677fc614cb3_32d8c9c7cd5f62d62da2d31b6750a680fc0.jpg?1785931067,Crystal,20,9,WAR
Lufefe Lufe,8829146,212,190,Mandragora,Meteor,407,0,91e252cc1edf40cc72e7912c50fbfde7_ee738654add55c3d07ea92d8e108074cfc0.jpg?1785932401,Crystal,24,0,DNC
Teka Etoile,25627481,213,191,Durandal,Gaia,406,0,20c4e02c3b7c11c6ceb68582c409ceb9_806ea5b45071d5cd6bf393e38462ee71fc0.jpg?1785929535,Crystal,45,8,SGE
Now Tarako,25271680,214,192,Belias,Meteor,406,0,238a3ddced202809c65eaecd03eda2d1_894c4bd0beab2e2beb44b74f4c4bd206fc0.jpg?1785931046,Crystal,29,0,MCH
Takesiba Musasino,29225556,215,193,Durandal,Gaia,405,1,5cacf8dd1a9dae9427de92b387913396_806ea5b45071d5cd6bf393e38462ee71fc0.jpg?1785929300,Crystal,78,7,NIN
God Moai,4474924,216,194,Atomos,Elemental,404,0,05f6a7a1f7ee2f6b156d711777e8411f_cf768a751b1f5e355c2fd39a9ed91f3ffc0.jpg?1785932086,Crystal,8,0,BRD
Shiman Chu,38475144,217,195,Yojimbo,Meteor,403,0,4cb93a24c937da83418345140d361e9b_4a92c619bde4f34cfa77e05fef21ad85fc0.jpg?1785931828,Crystal,19,0,SAM
Cherry Frappuccino,48257342,218,196,Tiamat,Gaia,403,0,c025aeb95c405240f96f361c7451b90a_9f10d335198e90990f3437c5733468e7fc0.jpg?1785932415,Crystal,15,0,SAM
Tiger Rutata,23825437,219,197,Asura,Mana,403,0,a69a7fd0c20bbbd51ddf7cc27af7921e_53f1445a9f28799a32ea55f046319fc3fc0.jpg?1785929395,Crystal,10,0,RDM
Merry Scrald,11886780,220,198,Belias,Meteor,403,0,7bfbd82582fd003bc514339935d874a7_894c4bd0beab2e2beb44b74f4c4bd206fc0.jpg?1785932344,Crystal,9,0,WAR
Kuro Nosuke,54408962,221,199,Valefor,Meteor,403,0,40234eee3a97e636df97858b8ba2422a_485f4777c38002871591fb54f27edc65fc0.jpg?1785931311,Crystal,7,0,UNK
Mimi Lilac,34297778,222,201,Chocobo,Mana,402,0,85d714107184fc9726edcd5c95b5aa6e_781d6b3603312f6be41670afa37282e0fc0.jpg?1785931569,Crystal,35,10,UNK
Elu Acknowless,58699844,223,0,Mandragora,Meteor,401,401,60c2649fe79faac79d3e7ac948084121_ee738654add55c3d07ea92d8e108074cfc0.jpg?1785929545,Crystal,96,17,RDM
Amaoto Amane,53619927,224,203,Durandal,Gaia,401,0,11fe39a3b3f0f6fd7e6600ee68e590c6_806ea5b45071d5cd6bf393e38462ee71fc0.jpg?1785930399,Crystal,18,8,RPR
Korone Yubi,38334943,225,273,Yojimbo,Meteor,400,101,f96e46a75ff8692aefd4bf0841f4e177_4a92c619bde4f34cfa77e05fef21ad85fc0.jpg?1785929980,Crystal,28,4,BLM
Chi Pom,30745084,226,204,Hades,Mana,400,0,45d248e450c3623965da94fa0aa12a58_a4730651230dd43cb129562a30d531aefc0.jpg?1785931023,Crystal,6,0,DRK
Rizih Raunghize,17975389,227,206,Ixion,Mana,399,0,5c6af35c589dc09bd3b1c96fa3775c14_7126768d768f6c6c7fed3eaee98c3a8afc0.jpg?1785931940,Crystal,110,0,MCH
Jin Walker,25662452,228,207,Hades,Mana,399,0,f3ff10f6b027a5423c3b035a420aad0e_a4730651230dd43cb129562a30d531aefc0.jpg?1785929371,Crystal,58,0,PLD
Ui Thrix,39291749,229,209,Chocobo,Mana,399,0,08b70654c7812f561afc700e0756319a_781d6b3603312f6be41670afa37282e0fc0.jpg?1785931374,Crystal,22,3,WHM
Yan Yan,3182501,230,242,Alexander,Gaia,399,11,5cd079575de2bd01f87a188c93738695_b7a71d8799cf6dd75b711a7f52de6675fc0.jpg?1785929702,Crystal,21,4,NIN
Satosan Fiftysix,26440218,231,210,Typhon,Elemental,399,0,0b17719ebd757aaebd8ff00d5d1bd6f5_32d8c9c7cd5f62d62da2d31b6750a680fc0.jpg?1785929925,Crystal,16,0,DRG
Lycan Roar,52059954,232,212,Titan,Mana,399,0,29dea1cc321c3f2275d537c23520e2b8_e2bb3f9679fec6d4836fcf8abcc3eeacfc0.jpg?1785929434,Crystal,14,0,UNK
Ame Azarashi,23141823,233,267,Durandal,Gaia,399,99,3169ff74c51973a08f1b5c47026339a9_806ea5b45071d5cd6bf393e38462ee71fc0.jpg?1785931872,Crystal,6,1,MCH
Jikai Yokoku,52429272,234,275,Alexander,Gaia,399,100,f004ff0d7175c98ad62d4ed99995320e_b7a71d8799cf6dd75b711a7f52de6675fc0.jpg?1785932081,Crystal,4,1,AST
Gentleman Vivikazu,387488,235,213,Durandal,Gaia,398,0,13ffee3a79f20a01faf5e0a91bd6c4ac_806ea5b45071d5cd6bf393e38462ee71fc0.jpg?1785930956,Crystal,94,13,DRG
Ren Yagami,2211036,236,214,Alexander,Gaia,398,0,006c10637b502eabcd0682b44d9ed93e_b7a71d8799cf6dd75b711a7f52de6675fc0.jpg?1785931979,Crystal,76,14,DNC
Fio Waldstein,15536952,237,215,Chocobo,Mana,398,0,cad62c88f360d5d6d4f48b42b2e493d0_781d6b3603312f6be41670afa37282e0fc0.jpg?1785931572,Crystal,63,4,WAR
Gogant Gogant,24052697,238,0,Atomos,Elemental,398,398,9b2637d94cc0b341ddad961722026fdf_cf768a751b1f5e355c2fd39a9ed91f3ffc0.jpg?1785930081,Crystal,43,16,SAM
Juta Bebe,19119522,239,221,Ultima,Gaia,398,1,cb47a4ffd8c28a12a61de0dd25af7752_9df1b3cb0da35db33c17ef11ddf12adafc0.jpg?1785929909,Crystal,30,3,UNK
Wolten Rema,17758406,240,217,Yojimbo,Meteor,398,0,7f56f4547e5e3e1528ebc681d9618464_4a92c619bde4f34cfa77e05fef21ad85fc0.jpg?1785931721,Crystal,9,0,PLD
Minato Haruka,57459700,241,218,Asura,Mana,398,0,5f7508268722022e26bb9950825f7dea_53f1445a9f28799a32ea55f046319fc3fc0.jpg?1785932262,Crystal,4,0,PLD
White Lycoris,25503606,242,219,Ixion,Mana,397,0,1fd05d6baab5439d2c33292c473844fe_7126768d768f6c6c7fed3eaee98c3a8afc0.jpg?1785930232,Crystal,63,0,WHM
Kenafu Helga,19478437,243,220,Kujata,Elemental,397,0,2b6fcf4ad71a2a07c30eec648c59e7fc_72c48f093f2278ac3243962d3eb6a8d7fc0.jpg?1785930919,Crystal,60,16,UNK
Ripa Warrick,44033179,244,222,Fenrir,Gaia,397,0,42a47e1c0e32c9f818021cb7ac8799fc_d384cf5ad7db803f29799f36ebbc3eadfc0.jpg?1785931460,Crystal,20,0,WVR
Mister Alpheratz,34950496,245,223,Ixion,Mana,397,0,fdba356c4be03c92ffecec87e607f037_7126768d768f6c6c7fed3eaee98c3a8afc0.jpg?1785930196,Crystal,12,0,PLD
Aslan Miller,42003071,246,0,Ixion,Mana,397,0,091d6880c471f9f4c412b704f952af81_7126768d768f6c6c7fed3eaee98c3a8afc0.jpg?1785929712,Crystal,7,0,WHM
Extra Mage,26831533,247,224,Garuda,Elemental,397,0,aed9bb13f4dad6a80690e4d58ee69af3_fcb1f5b0249d1069e5bdc66d0796f26afc0.jpg?1785929579,Crystal,4,0,DRK
Aran Tyler,47478713,248,226,Zeromus,Meteor,396,0,601da8267e6037e1adc37928f1ab982b_c76848359d0b4d2f37aefbb9903ed97bfc0.jpg?1785931744,Crystal,37,0,SAM
Lyric Patii,51259192,249,227,Hades,Mana,396,0,6b4bffa1161617c1dff1d028e8909c0f_a4730651230dd43cb129562a30d531aefc0.jpg?1785929391,Crystal,32,4,DRK
Kanata Nishiki,51518712,250,288,Ramuh,Meteor,396,100,f9a7a07121c24e16915fde21238b6fcf_410ddb5a66a2fcacf538bec5ea5d0291fc0.jpg?1785932328,Crystal,25,1,WHM
Ameri Vintage,18593970,251,229,Durandal,Gaia,396,0,c0bf3ab58baa16daff984a4e001409c3_806ea5b45071d5cd6bf393e38462ee71fc0.jpg?1785931916,Crystal,6,0,GNB
Merlin Emryss,51163079,251,229,Titan,Mana,396,0,6c3a26e8ea52d6775ebbad30debb56a9_e2bb3f9679fec6d4836fcf8abcc3eeacfc0.jpg?1785929602,Crystal,6,0,PLD
Miau Miau,56136129,253,231,Typhon,Elemental,396,0,29fb7f902766469dfd368189df45af1e_32d8c9c7cd5f62d62da2d31b6750a680fc0.jpg?1785930671,Crystal,4,0,NIN
Lina Azeym,40770368,254,232,Shinryu,Meteor,396,0,47824b3a1ec8a3dee12cfc35f97727f3_87b7d447f40b06dfc7228caf195f7dcffc0.jpg?1785930888,Crystal,3,0,UNK
Kotatu Mikan,22566283,255,233,Ifrit,Gaia,395,0,89896b33aefae0916b7c6eb21c27641e_f9f796348bc43067c7242ec4551cde69fc0.jpg?1785930364,Crystal,25,1,DRG
Tomomomo Momomo,25830708,256,234,Ramuh,Meteor,395,0,d1b6359fffbcc60e8bddc1120dc05d55_410ddb5a66a2fcacf538bec5ea5d0291fc0.jpg?1785929308,Crystal,9,0,WAR
Rev Raven,8795859,257,236,Masamune,Mana,394,0,abddc6e80b0f6cbbb92006b7baab7d97_134930215abb8a90ec37d6cc05b05e08fc0.jpg?1785931182,Crystal,50,0,UNK
Blari Taraba,29682913,258,238,Ultima,Gaia,393,0,8715585bf23b1871520e0b6c478fa049_9df1b3cb0da35db33c17ef11ddf12adafc0.jpg?1785929230,Crystal,25,5,MNK
Beatrice Rosenkreuz,31285042,259,277,Tiamat,Gaia,393,293,1972bc9fb243d5cb03ad68af2779564d_9f10d335198e90990f3437c5733468e7fc0.jpg?1785931368,Crystal,24,5,PLD
Roud Mahu,3355785,260,239,Ixion,Mana,392,0,5ec00ff4b6711e2a189db7843e6ec84a_7126768d768f6c6c7fed3eaee98c3a8afc0.jpg?1785929434,Crystal,16,0,SAM
Kana Drouv,37418772,261,295,Mandragora,Meteor,392,99,556bea70c6c70acf776be4041d191d92_ee738654add55c3d07ea92d8e108074cfc0.jpg?1785931798,Crystal,8,4,NIN
May Subki,52732583,262,240,Ultima,Gaia,391,0,0da0484900394eaa5535d15977c167b1_9df1b3cb0da35db33c17ef11ddf12adafc0.jpg?1785929507,Crystal,53,0,RPR
Rai Ashley,22492099,263,241,Ridill,Gaia,389,0,657a8b330b76d0887673be1e90642143_138751880f18161a907d7cf0faa43f07fc0.jpg?1785932146,Crystal,69,10,DRG
Firo Sknaht,27296541,264,0,Bahamut,Gaia,309,106,30d62e88cfdd08d4cf3a87b542657d3d_86da943caa70c8694707ab2ff74e68c9fc0.jpg?1785929755,Crystal,21,5,WAR
Iz Levmel,17594950,265,245,Garuda,Elemental,308,0,9e457ec4068931e92288544db8499aae_fcb1f5b0249d1069e5bdc66d0796f26afc0.jpg?1785930173,Crystal,17,0,DRG
Lilica Astadir,3503219,266,246,Valefor,Meteor,308,0,5af5f880cbf4a0fb2fc785912a217eae_485f4777c38002871591fb54f27edc65fc0.jpg?1785930880,Crystal,8,1,DRG
Elosie Ue,46030616,267,248,Bahamut,Gaia,306,1,cdd278ec7274c3a04f790d4954079c53_86da943caa70c8694707ab2ff74e68c9fc0.jpg?1785931760,Crystal,36,3,MCH
Yome Ex,58310901,268,247,Mandragora,Meteor,305,0,9c7e35fcf04992a0507f3e6cd8da7aa7_ee738654add55c3d07ea92d8e108074cfc0.jpg?1785929086,Crystal,80,4,SMN
Sui Greentea,30499096,269,0,Mandragora,Meteor,305,103,1040ce7f583817f4622859287ce22d59_ee738654add55c3d07ea92d8e108074cfc0.jpg?1785931255,Crystal,30,4,UNK
Waka'ri Mii,5525644,270,0,Chocobo,Mana,305,104,779528f8c170270a5dcbb5e911db62e9_781d6b3603312f6be41670afa37282e0fc0.jpg?1785931350,Crystal,11,3,UNK
Rokka Gallete,23609500,271,249,Kujata,Elemental,305,0,6cb05d39414f85c9977ed746371b9289_72c48f093f2278ac3243962d3eb6a8d7fc0.jpg?1785930772,Crystal,4,0,GNB
Ato Ruderala,36258604,272,0,Ramuh,Meteor,304,204,584e9807025c7704e71e1e296efa1644_410ddb5a66a2fcacf538bec5ea5d0291fc0.jpg?1785931469,Crystal,39,10,MNK
Miki Triode,8299904,273,250,Pandaemonium,Mana,304,0,c1667dda66d9bf6140e1aa1c18277ece_470db1bf2e865f9130531fea40b61ee4fc0.jpg?1785929755,Crystal,33,0,PCT
Pucchin Purin,7354553,274,251,Pandaemonium,Mana,304,0,68d5429c26ec05b2bdfda6492f66dbe0_470db1bf2e865f9130531fea40b61ee4fc0.jpg?1785932120,Crystal,4,0,DRG
Blono Bucciarati,1032560,275,253,Masamune,Mana,303,0,09c6f1afaf7cadf0758ca2863eb9a192_134930215abb8a90ec37d6cc05b05e08fc0.jpg?1785932190,Crystal,135,19,SAM
Planet Exploration,30755276,276,254,Ixion,Mana,303,0,b2df099dea56680a53bbc8588e28444f_7126768d768f6c6c7fed3eaee98c3a8afc0.jpg?1785931885,Crystal,12,0,PLD
Laru Gucchi,4772544,277,255,Durandal,Gaia,303,0,766e8af080f3aa6e38ee510dee4807b8_806ea5b45071d5cd6bf393e38462ee71fc0.jpg?1785932193,Crystal,4,0,AST
Kamai Tatsu,29892918,278,0,Belias,Meteor,302,202,07af2e6006bf1cc13d61320c9564c48e_894c4bd0beab2e2beb44b74f4c4bd206fc0.jpg?1785929025,Crystal,66,8,DRK
Lido Lado,2223211,279,256,Tonberry,Elemental,302,0,1dd86a058bfeb2fceaee84ec39d35535_7bb6b1e488f0e4f01c5314d010b60f31fc0.jpg?1785929592,Crystal,31,0,WAR
Arkius Valoth,41591311,280,257,Kujata,Elemental,302,0,1fea61fd35facbf36657070a68d166f2_72c48f093f2278ac3243962d3eb6a8d7fc0.jpg?1785929817,Crystal,12,0,MCH
Lutris Enhydra,9941001,281,259,Tonberry,Elemental,301,0,293afe4d068e42cf5e4c79ea2023196b_7bb6b1e488f0e4f01c5314d010b60f31fc0.jpg?1785929874,Crystal,41,0,MNK
Gelgel Llin,36131481,282,0,Ridill,Gaia,301,201,2a90eea47454447b3ae0d4df4fbfdc5e_138751880f18161a907d7cf0faa43f07fc0.jpg?1785931370,Crystal,25,3,PLD
Wriggle Nightbug,4274881,283,260,Chocobo,Mana,301,0,2ab37dc6168b1af1d1aff8ad35b1df94_781d6b3603312f6be41670afa37282e0fc0.jpg?1785932208,Crystal,16,0,SAM
Dion Magnus,1559686,284,262,Durandal,Gaia,300,0,91593ad4939f54221e1d28f542192cc4_806ea5b45071d5cd6bf393e38462ee71fc0.jpg?1785932073,Crystal,47,1,DRG
Abby Knightley,6182062,285,263,Shinryu,Meteor,300,0,57c40f8b63ff3fd4389c2c8a1714bc6f_87b7d447f40b06dfc7228caf195f7dcffc0.jpg?1785932026,Crystal,41,5,RDM
Yuuki Swallowtail,32886185,286,264,Kujata,Elemental,300,0,712840b89db68c0862aff570eefb28c6_72c48f093f2278ac3243962d3eb6a8d7fc0.jpg?1785931072,Crystal,33,0,MCH
Black Panther,59002409,287,265,Tiamat,Gaia,300,0,20eb84b015793c7c00362417cc9f399b_9f10d335198e90990f3437c5733468e7fc0.jpg?1785929633,Crystal,22,0,DRG
Chiaki Gypsophila,3224896,288,266,Anima,Mana,300,0,0c1c9b9742117c64cf36776db0d75c97_2f698530a28d671d20278c8518c804c9fc0.jpg?1785929422,Crystal,6,0,DRG
Oran Mand,33868814,289,268,Hades,Mana,300,0,a760edcaa98edd421652cb414516acd2_a4730651230dd43cb129562a30d531aefc0.jpg?1785929426,Crystal,3,0,BRD
Harvey Elliot,52755788,290,0,Tiamat,Gaia,300,0,7c1e360488331aa40559e9c8df25cba0_9f10d335198e90990f3437c5733468e7fc0.jpg?1785931173,Crystal,2,0,BRD
Sakuya Sera,21835844,291,269,Durandal,Gaia,299,0,c3fa6f72151612aeca83a30e68f577e9_806ea5b45071d5cd6bf393e38462ee71fc0.jpg?1785930012,Crystal,101,1,PLD
Very Loooooooooooong,45433715,292,270,Anima,Mana,299,0,e7afe8b45f41457ea5316dab06e39a5b_2f698530a28d671d20278c8518c804c9fc0.jpg?1785929228,Crystal,47,0,UNK
Water Moon,61478393,293,271,Asura,Mana,299,0,51e6efe304824648e32eaf4120cc07d6_53f1445a9f28799a32ea55f046319fc3fc0.jpg?1785929556,Crystal,34,0,SAM
Ocha Mayo,39740843,294,272,Ixion,Mana,299,0,3701f55ea1acbbf295b1f0e41f4429ed_7126768d768f6c6c7fed3eaee98c3a8afc0.jpg?1785931359,Crystal,33,3,BLM
Oosumi Yukina,45430394,295,0,Ifrit,Gaia,299,299,7384ef4b0763a88e1257decfc464da27_f9f796348bc43067c7242ec4551cde69fc0.jpg?1785931098,Crystal,29,7,MCH
Wysle Reht,1828472,296,274,Garuda,Elemental,299,0,5cbcf5ffdd71a5125b21ffcfc158e58d_fcb1f5b0249d1069e5bdc66d0796f26afc0.jpg?1785930724,Crystal,19,0,UNK
Yoochan Fantasy,30892468,297,0,Anima,Mana,299,199,179b316106d60bb1488917ac1c45548c_2f698530a28d671d20278c8518c804c9fc0.jpg?1785930712,Crystal,15,8,DRG
Desire Drive,5396012,298,275,Yojimbo,Meteor,299,0,4f60f8a5453f05522e828234043a6edb_4a92c619bde4f34cfa77e05fef21ad85fc0.jpg?1785929431,Crystal,3,0,FSH
Toh Azima,40158266,299,277,Chocobo,Mana,299,0,13ddd0f5eea018a8b3258b557438ca77_781d6b3603312f6be41670afa37282e0fc0.jpg?1785929209,Crystal,2,0,DRG
Yagi San,39789403,299,0,Titan,Mana,299,0,a9f69f22365543e496675c89e48486c0_e2bb3f9679fec6d4836fcf8abcc3eeacfc0.jpg?1785929647,Crystal,2,0,DNC
Sanahi Keto,57330112,1,0,Hyperion,Primal,2077,0,6531a5f5216bf8e7efcdcf26e24615cb_57ae9ee5592123dd79c8912bf768cf99fc0.jpg?1785932283,Omega,54,10,PCT
Legendary Ash,10855248,2,0,Faerie,Aether,2064,0,6fd699132806b61c9dcb8613c3ae11a3_0e336ff6ad415f47233f0aaf127feac0fc0.jpg?1785932356,Omega,33,0,NIN
Vittorio Moretti,61421815,3,0,Diabolos,Crystal,1879,0,8c11f65c791a4f39ba7c716aeb6bc8d9_7b33d33ae3ecb996f778a5f67a6a0af6fc0.jpg?1785930884,Omega,98,3,RDM
Barock Obama,52411158,4,7,Siren,Aether,1771,188,05a5459925b46dd9d074e273b24d5d27_58a84e851e55175d22158ca97af58a1ffc0.jpg?1785930109,Omega,114,12,PLD
Sylvie Chan,48678953,5,4,Brynhildr,Crystal,1715,0,14580705b6124b25ef19217300b4891f_d0a0f515a62457570c9b44997063e3c1fc0.jpg?1785930787,Omega,64,21,DNC
Miyu Moon,14522179,6,5,Mateus,Crystal,1692,0,3562f4cf44aad7d526acbf8fae3937b0_f0c52cc66e124fc2e641d7c21ab2ce79fc0.jpg?1785929703,Omega,29,0,SAM
Suhr Zarek,8876676,7,6,Balmung,Crystal,1619,0,c09e4087ccb76545f31b81fa5ca01485_7a573cbc0cda3a3dfc1795cb3d9f7b23fc0.jpg?1785929124,Omega,63,13,PLD
Mavis Enyo,14769968,8,0,Excalibur,Primal,1578,0,00bced457c7cea8ae968197c61367bed_745baffc465480ed372e274d50318290fc0.jpg?1785931356,Omega,37,0,WAR
Fye Alanyk,48751064,9,0,Diabolos,Crystal,1575,101,d605d68b88b347dfdb8a9b9e6c3539d6_7b33d33ae3ecb996f778a5f67a6a0af6fc0.jpg?1785931102,Omega,94,3,VPR
Kris Lhea,39204335,10,122,Mateus,Crystal,1501,1401,982639accd39a2021d8f112bb5e763df_f0c52cc66e124fc2e641d7c21ab2ce79fc0.jpg?1785931726,Omega,58,19,MNK
Meteor Moon,29693876,11,10,Rafflesia,Dynamis,1378,0,7f262df9422aa27c9dd850d004812561_2783886613347a4db0bed7524de1298ffc0.jpg?1785932001,Crystal,75,0,SGE
Azar Kaveh,16748899,12,53,Mateus,Crystal,1310,792,1d25f3d1883510d8fd010504471516b8_f0c52cc66e124fc2e641d7c21ab2ce79fc0.jpg?1785932310,Crystal,77,12,NIN
Olivia Lugria,15149290,13,19,Sargatanas,Aether,1304,299,c230658574a9dc12a4eb6fae2e16ceb4_ba22853447012a24cee115315d6a5bebfc0.jpg?1785930042,Crystal,96,22,MCH
Terro Mctwisp,49469934,14,11,Leviathan,Primal,1291,0,4f22d821591ca7181ba2027974b77e2f_a91aae52cff9ef65932db06b150ffd47fc0.jpg?1785931033,Crystal,15,0,VPR
Crow Meow,54328117,15,14,Jenova,Aether,1279,99,7eded062751a7f80f7f3d9fbe0ab8e34_ce736afe35e2ded4e46c4fd0659aef7efc0.jpg?1785929312,Crystal,25,2,DRK
Myu Meow,9691497,16,12,Leviathan,Primal,1201,0,d925a41776719d761c94e8e32e5e7a0f_a91aae52cff9ef65932db06b150ffd47fc0.jpg?1785931861,Crystal,31,0,AST
Air Azure,41482862,17,24,Rafflesia,Dynamis,1185,195,a32fc7c37974e2629ce594c455ff54a7_2783886613347a4db0bed7524de1298ffc0.jpg?1785929104,Crystal,29,3,WHM
Fulheart Grit,38212551,18,13,Balmung,Crystal,1184,0,4a4d99f967c37bf42bd739857921e360_7a573cbc0cda3a3dfc1795cb3d9f7b23fc0.jpg?1785931851,Crystal,34,0,PLD
Lillian Floresca,58646686,19,15,Diabolos,Crystal,1120,0,4855e798f71f9426ff66aa8bcfc65aed_7b33d33ae3ecb996f778a5f67a6a0af6fc0.jpg?1785929323,Crystal,44,1,UNK
Hrothmar Blackburns,28757856,20,25,Adamantoise,Aether,1118,199,ba6405bac0d5b1fb489962984f0d9fb9_1f5fd239b885860b7c2bfc72ad1d97effc0.jpg?1785931639,Crystal,130,17,BLM
Pvp Badboy,38919488,21,16,Sargatanas,Aether,1109,2,8833f678967938d2e79b8d993021ce3f_ba22853447012a24cee115315d6a5bebfc0.jpg?1785929331,Crystal,42,8,NIN
Gongsun Qerel,38059779,22,54,Mateus,Crystal,1097,591,015ef2d1ef8f18b0cf7fa0e646fa2d12_f0c52cc66e124fc2e641d7c21ab2ce79fc0.jpg?1785929981,Crystal,74,9,VPR
Bisukito Neko,32261082,23,17,Zalera,Crystal,1097,0,3462c7ee2de7556ca86498dc5214a7fb_8106f857613f8fb994b0be37b26ff4bafc0.jpg?1785930765,Crystal,38,0,UNK
Jet Vermillion,50169213,24,29,Adamantoise,Aether,1087,0,969bede73be97218c58c658d33e58a68_1f5fd239b885860b7c2bfc72ad1d97effc0.jpg?1785929186,Crystal,12,0,MCH
Rubedo Ginshi,15639088,25,32,Lamia,Primal,1078,199,bbc5b3eb96e1a1691fb9abb344fc3217_4d9be17b5e1edc617052b4dbf4007875fc0.jpg?1785930071,Crystal,49,5,RPR
Aibertain Mando,32541700,26,18,Jenova,Aether,1076,0,8dec967ad48c9a703018a7445740a7f3_ce736afe35e2ded4e46c4fd0659aef7efc0.jpg?1785931748,Crystal,86,5,MCH
Tomo Kote,38176817,27,30,Gilgamesh,Aether,1003,114,e5d7502ad7f21874552a4fc21553ee9e_b937560c841465f7c4bc8eb47ea7948afc0.jpg?1785929553,Crystal,69,6,PLD
Nero Cor,51685882,28,20,Cactuar,Aether,1001,0,a53a1a6499997a089c36337bcc3ae46d_96ab1df8877c1f8ba6a89a39cccfd437fc0.jpg?1785930138,Crystal,57,4,WAR
Pekora Meow,37421725,29,21,Leviathan,Primal,999,0,dc85502f9baa330d5a15d3c0a6f002a0_a91aae52cff9ef65932db06b150ffd47fc0.jpg?1785931440,Crystal,74,9,RDM
Lucio Harundo,4012099,30,22,Leviathan,Primal,998,0,d042eff245eaa56c0b6989df68a99564_a91aae52cff9ef65932db06b150ffd47fc0.jpg?1785929736,Crystal,104,11,WAR
Rae Rea,58956664,31,23,Adamantoise,Aether,998,0,72766cccd8c79e6afd3055accfc559fa_1f5fd239b885860b7c2bfc72ad1d97effc0.jpg?1785929264,Crystal,13,0,MNK
Sanguinius Smolblood,33489157,32,34,Kraken,Dynamis,995,200,461663ac9dfac06c5d61bc05d26ae652_049a956dfeb0eb2e19c417a1dde4d680fc0.jpg?1785930386,Crystal,22,2,DRK
Haha Unless,35825889,33,26,Faerie,Aether,908,0,3c249691791cbe0f2fb3ccc230c9a4e4_0e336ff6ad415f47233f0aaf127feac0fc0.jpg?1785929247,Crystal,21,0,MCH
Celesse Archon,5403993,34,27,Midgardsormr,Aether,902,0,46c05696a375eb66cab3503bea79e4e4_5c8ecfbc673e1287a9b5e85423fe1657fc0.jpg?1785932029,Crystal,32,0,AST
No Buts,2234245,35,28,Zalera,Crystal,901,0,0d8b9ae74f55ea0ba374fa7b38b48862_8106f857613f8fb994b0be37b26ff4bafc0.jpg?1785929621,Crystal,56,0,BRD
The Feast,46586541,36,44,Behemoth,Primal,901,299,db9e7409cc816f51307405b49c8b5713_be20385e18333edb329d4574f364a1f0fc0.jpg?1785930876,Crystal,37,7,UNK
Death Reaps,8773483,37,31,Balmung,Crystal,883,0,265183f487ab7e0a5a5b3128ec29a82a_7a573cbc0cda3a3dfc1795cb3d9f7b23fc0.jpg?1785930244,Crystal,59,4,BRD
Uki Yo,50106047,38,33,Adamantoise,Aether,879,0,75e9983a4dd07e7e5de0ed1ac11a23fb_1f5fd239b885860b7c2bfc72ad1d97effc0.jpg?1785929676,Crystal,18,0,RPR
F'ool Pr'oof,27802292,39,57,Behemoth,Primal,802,298,07756f3cccf4cada3f3d40b5d44ef841_be20385e18333edb329d4574f364a1f0fc0.jpg?1785931723,Crystal,48,5,VPR
Ahri Meow,42604315,40,35,Leviathan,Primal,794,0,99498e3de5cc49aacddccc855d4ee19d_a91aae52cff9ef65932db06b150ffd47fc0.jpg?1785931027,Crystal,13,0,RDM
Marci Meow,54739620,41,36,Balmung,Crystal,792,0,4ebc98a9ae6cf756ec75bc3db97f87f6_7a573cbc0cda3a3dfc1795cb3d9f7b23fc0.jpg?1785931138,Crystal,18,0,DRG
Merlin Emryss,9605720,42,37,Faerie,Aether,699,0,87179f28ae17956a4d43567dadf6ea60_0e336ff6ad415f47233f0aaf127feac0fc0.jpg?1785931895,Crystal,52,4,GNB
Silanah Sylphrena,45709349,43,38,Faerie,Aether,699,0,353d000e66ebf6b7715ff5998504f784_0e336ff6ad415f47233f0aaf127feac0fc0.jpg?1785930568,Crystal,14,0,NIN
Zeta Salazar,44375733,44,58,Midgardsormr,Aether,697,194,4be3c205f3892cdbc09e8417ad6dbb68_5c8ecfbc673e1287a9b5e85423fe1657fc0.jpg?1785929456,Crystal,79,14,DRK
Aerika Meow,27836279,45,63,Faerie,Aether,692,197,cefa16e18644e0b625a0d52d2df514b9_0e336ff6ad415f47233f0aaf127feac0fc0.jpg?1785930266,Crystal,8,3,DNC
Kasai Kage,21886030,46,39,Adamantoise,Aether,618,0,6835735c490425c8a49d6889308a3484_1f5fd239b885860b7c2bfc72ad1d97effc0.jpg?1785930277,Crystal,14,0,NIN
Doomballoon Dapingus,19169037,47,59,Diabolos,Crystal,613,110,e43cef91ca38a14de0e5bea2295ba9c0_7b33d33ae3ecb996f778a5f67a6a0af6fc0.jpg?1785931308,Crystal,46,7,RDM
Akari Tsuki,46655701,48,40,Adamantoise,Aether,608,0,08f7ffe45c1b134f99ea040b39ee2bdd_1f5fd239b885860b7c2bfc72ad1d97effc0.jpg?1785930396,Crystal,17,0,SMN
La Bubu,26625120,48,55,Diabolos,Crystal,608,102,733d34df72366760c6f44581681c9088_7b33d33ae3ecb996f778a5f67a6a0af6fc0.jpg?1785931641,Crystal,17,5,WAR
Momo Meow,50898775,50,41,Siren,Aether,606,0,6abf63b1f0755aa211bfd1dadc66e3b9_58a84e851e55175d22158ca97af58a1ffc0.jpg?1785931636,Crystal,8,0,PCT
Hilto Feltre,55076328,51,42,Sargatanas,Aether,605,0,4a850e1dbb7f6f3aeff5b21df6166f3f_ba22853447012a24cee115315d6a5bebfc0.jpg?1785932179,Crystal,37,1,MCH
Ivy Storm,61727582,52,43,Zalera,Crystal,604,0,27a648f77de0ff7a1a44539cbd062203_8106f857613f8fb994b0be37b26ff4bafc0.jpg?1785929687,Crystal,80,0,MCH
Ham Baga,28276994,53,45,Balmung,Crystal,601,0,80672270fca68b3d3fa2f4c0b220427a_7a573cbc0cda3a3dfc1795cb3d9f7b23fc0.jpg?1785929257,Crystal,15,0,WHM
Yui Fins,46861659,54,46,Adamantoise,Aether,600,0,477904411f28cfd029518422146e02f0_1f5fd239b885860b7c2bfc72ad1d97effc0.jpg?1785930482,Crystal,128,11,PLD
Ash Ymir,58885179,55,47,Goblin,Crystal,599,0,9326f044cdbd54d081c76d88de6310e0_8e81e2940511f7152ba4462fe53e35b8fc0.jpg?1785930412,Crystal,57,1,SMN
Silvy Kaenbyou,45504540,56,48,Goblin,Crystal,598,0,3a856bd5c7e35d95f6afcc57be4321a1_8e81e2940511f7152ba4462fe53e35b8fc0.jpg?1785931085,Crystal,29,7,GNB
Nemx Eisenhorn,2244246,57,49,Excalibur,Primal,597,0,8d22c9821683049e16868ac1de65df41_745baffc465480ed372e274d50318290fc0.jpg?1785931241,Crystal,13,0,SGE
Azureal Grandeur,20448737,58,166,Marilith,Dynamis,596,596,fa989d1d00d58fc1b4171abefb5e22b7_bbfb28d5a9059cd0c768daf77ab29982fc0.jpg?1785932130,Crystal,46,30,PCT
Kuina Kagetsu,36802695,59,50,Ultros,Primal,595,0,dd8ffbe11c53ea988c605c9c24157c59_c514cdcdb619439df97d906d4434ccc6fc0.jpg?1785930259,Crystal,39,6,SGE
Adrianne Lehman,335503,60,51,Jenova,Aether,591,0,9487d4bc6332e7a22c323a4ee321ffa1_ce736afe35e2ded4e46c4fd0659aef7efc0.jpg?1785930923,Crystal,79,18,SCH
Ryan Hoshiko,10323495,61,52,Lamia,Primal,589,0,b8f720f05e5314618bc7341f856d075d_4d9be17b5e1edc617052b4dbf4007875fc0.jpg?1785930371,Crystal,27,0,GNB
Alma Braver,729037,62,56,Goblin,Crystal,505,0,1d50d402d833734bf7f0d1fe6b3af5e8_8e81e2940511f7152ba4462fe53e35b8fc0.jpg?1785932136,Crystal,23,0,WHM
Sparrow Hawk,50867063,63,60,Seraph,Dynamis,501,0,1253b18a592d2d3c5133e9b86ab20c5a_07fb0511053f398d1f2d6831e6a6b4c8fc0.jpg?1785929641,Crystal,16,1,DRG
Micro Uryade,37487800,64,67,Sargatanas,Aether,501,96,d9df4db31e4d391c99006db3caa4b5f9_ba22853447012a24cee115315d6a5bebfc0.jpg?1785930448,Crystal,15,6,MNK
Yozen Ballistar,24434537,65,83,Hyperion,Primal,499,199,087acc31d84823e50be37be0af3a3640_57ae9ee5592123dd79c8912bf768cf99fc0.jpg?1785929724,Crystal,4,2,WHM
Lelouch Masamune,12543299,66,61,Malboro,Crystal,498,0,711457fd66b589fb422ba4640a4826f0_2e97c13fdd593d15d543093f8a37b6f0fc0.jpg?1785930046,Crystal,70,0,SCH
Big Three,47754584,67,62,Zalera,Crystal,498,0,ef1725c11b5e975338a0b9d2fccdabfe_8106f857613f8fb994b0be37b26ff4bafc0.jpg?1785932131,Crystal,16,0,WAR
Raiden Meow,60049984,68,80,Halicarnassus,Dynamis,495,194,82a7874a19aee552f4a0f8ff2b663dff_f2d324d722b28bbe681b2898bcdca8bffc0.jpg?1785930369,Crystal,15,2,RPR
Im Dead,44727021,69,64,Balmung,Crystal,494,0,382bb5e8fe23a4e04750cfd29fa9f46c_7a573cbc0cda3a3dfc1795cb3d9f7b23fc0.jpg?1785932056,Crystal,20,0,VPR
Anti Luminosity,53824427,70,65,Marilith,Dynamis,490,0,345441c3ea324bf07484e7e6f1031ccc_bbfb28d5a9059cd0c768daf77ab29982fc0.jpg?1785928929,Crystal,90,14,RPR
Kylis Pendragon,36050245,71,66,Balmung,Crystal,413,0,6d0f4e4d3e36c9a4dd7fccd76f9effc3_7a573cbc0cda3a3dfc1795cb3d9f7b23fc0.jpg?1785932298,Crystal,78,7,CUL
Nikau Milkdud,30842976,72,0,Lamia,Primal,404,0,2ffee265e9fb9491997d30306dc67cc3_4d9be17b5e1edc617052b4dbf4007875fc0.jpg?1785931597,Crystal,4,0,WHM
Xale Solace,52728205,73,96,Adamantoise,Aether,401,201,5272a5d5dea9738bb4a6638ac3f083d2_1f5fd239b885860b7c2bfc72ad1d97effc0.jpg?1785929057,Crystal,34,5,GNB
P'roto Idola,35374628,74,98,Brynhildr,Crystal,401,201,a91ad9e8c6c6ddb0905cd9aa6cede8e3_d0a0f515a62457570c9b44997063e3c1fc0.jpg?1785929494,Crystal,11,6,WAR
Clara Green,44437004,75,68,Gilgamesh,Aether,400,0,9fdf7ee98ab3c5eb9220a6d31f045135_b937560c841465f7c4bc8eb47ea7948afc0.jpg?1785929583,Crystal,61,8,AST
Ice Mage,56719413,76,69,Golem,Dynamis,399,0,20eb207dbce003e2fb1842e0c47aacc7_dd61c3dc259e5c43722e89409499b669fc0.jpg?1785930455,Crystal,43,6,BLM
Kiitla Hundar,21600585,77,164,Brynhildr,Crystal,399,399,acff83df95bca2189584bd6af72e84ce_d0a0f515a62457570c9b44997063e3c1fc0.jpg?1785930886,Crystal,30,6,UNK
Seto Mimyho,20943977,77,70,Behemoth,Primal,399,0,e0110a23ddcddf11cb8bf1e895c56d75_be20385e18333edb329d4574f364a1f0fc0.jpg?1785931254,Crystal,30,0,FSH
June Buggy,39873640,79,71,Brynhildr,Crystal,399,0,929fb7f3958e6f1fbc9e559d731c0108_d0a0f515a62457570c9b44997063e3c1fc0.jpg?1785928876,Crystal,22,0,RDM
Velvet Mordio,11975584,80,72,Exodus,Primal,399,0,78d6cff1cf5b31e96125819d9688bb5a_0cdf051c93865faa15cbc5cd3d2b69fbfc0.jpg?1785931451,Crystal,7,0,DRG
Roland Montpensier,27408688,81,73,Mateus,Crystal,398,0,f999e29fa2ab10f6ba02338f493e886b_f0c52cc66e124fc2e641d7c21ab2ce79fc0.jpg?1785931610,Crystal,8,0,DRK
Eyre Stahl,32745572,82,74,Maduin,Dynamis,396,0,0d24cf6e8f53fc59a993fd5e5311d4e0_7ff236346f6151d8a2c08fd0b4a0b806fc0.jpg?1785932440,Crystal,3,0,MNK
Size Difference,33536390,83,75,Sargatanas,Aether,392,0,770b5bd32a40e292765490f8e46eaf60_ba22853447012a24cee115315d6a5bebfc0.jpg?1785930625,Crystal,66,0,BRD
Boulder Beholder,10981587,84,111,Faerie,Aether,310,115,9de7d0362a3a832a7171bfe262bb5d94_0e336ff6ad415f47233f0aaf127feac0fc0.jpg?1785932349,Crystal,6,4,GNB
Dank Lollington,37820692,85,76,Exodus,Primal,304,0,2b6faafd9620689cd5e4222c96529aa5_0cdf051c93865faa15cbc5cd3d2b69fbfc0.jpg?1785932092,Crystal,18,0,MCH
Ethan Dumas,2337003,86,77,Zalera,Crystal,303,0,4363afb6aeff95a15293cf3907560f7b_8106f857613f8fb994b0be37b26ff4bafc0.jpg?1785929702,Crystal,46,5,VPR
Garu Kettle,7054871,87,78,Behemoth,Primal,301,0,e03f1b46663ddb8c150315a88c79c9f1_be20385e18333edb329d4574f364a1f0fc0.jpg?1785928964,Crystal,65,12,UNK
Tarex Youva,34244171,88,124,Behemoth,Primal,301,201,f62a1a6593a19abc7f2ade2191e57159_be20385e18333edb329d4574f364a1f0fc0.jpg?1785930548,Crystal,44,8,DNC
Ava Falafell,7835301,89,79,Cactuar,Aether,301,0,037dd67f6ab82aadfe3e7b3e4973d525_96ab1df8877c1f8ba6a89a39cccfd437fc0.jpg?1785929596,Crystal,18,0,WHM
Onion Little,37583983,90,81,Zalera,Crystal,300,0,59533d6fd2d0a8b58595bf860ae3f36a_8106f857613f8fb994b0be37b26ff4bafc0.jpg?1785930650,Crystal,13,0,ALC
Crew Mate,58619876,91,97,Rafflesia,Dynamis,300,100,8fabef2de621b0cab9b478c17a74d44f_2783886613347a4db0bed7524de1298ffc0.jpg?1785928905,Crystal,12,2,UNK
Rin Denma,33178809,92,82,Gilgamesh,Aether,300,0,6c5bab6678d3c44b6e646bc8726eb9f9_b937560c841465f7c4bc8eb47ea7948afc0.jpg?1785929132,Crystal,3,0,UNK
Vann Healsing,6572,93,84,Coeurl,Crystal,298,0,e19ce452168669ef7abba0e26cc8ee4c_284358f8eb4efc9095914e46798c6ab3fc0.jpg?1785930383,Crystal,4,0,WAR
Yulia Lunaria,82714,94,85,Coeurl,Crystal,298,0,30d19e29baad4dfe064001a80a4466e1_284358f8eb4efc9095914e46798c6ab3fc0.jpg?1785930383,Crystal,3,0,SGE
Bigg Succ,14228989,95,86,Coeurl,Crystal,298,0,d833225ff74a6d00fc89b134cc155262_284358f8eb4efc9095914e46798c6ab3fc0.jpg?1785930875,Crystal,2,0,MCH
Phrosticus Maximus,51732834,96,87,Kraken,Dynamis,297,0,36921233b0c05085a501c86bb51f5633_049a956dfeb0eb2e19c417a1dde4d680fc0.jpg?1785929247,Crystal,74,7,NIN
Nero K'ten,6155374,97,88,Lamia,Primal,296,0,457604f04300faac0e52a053884e2bb7_4d9be17b5e1edc617052b4dbf4007875fc0.jpg?1785928993,Crystal,47,4,AST
Sitri Belladonna,44271644,98,89,Maduin,Dynamis,296,0,d5fba1e5169b57a308fb1ea60e3553cf_7ff236346f6151d8a2c08fd0b4a0b806fc0.jpg?1785932100,Crystal,37,0,DRK
Sarantsatsral Kha,26082962,99,90,Behemoth,Primal,294,0,f8735f190504d139ee16ec1a623371dc_be20385e18333edb329d4574f364a1f0fc0.jpg?1785932312,Crystal,7,0,AST
Koifucius Dao-master,37165464,100,91,Exodus,Primal,292,0,030277d5215f88056127d2b9e88474e4_0cdf051c93865faa15cbc5cd3d2b69fbfc0.jpg?1785932010,Crystal,6,0,WHM
Gidding Mimid,9835761,101,92,Exodus,Primal,203,0,97296d489ec3afb5d7c65e3c6fa7fc05_0cdf051c93865faa15cbc5cd3d2b69fbfc0.jpg?1785929194,Crystal,48,4,NIN
Noel Bunny,5201676,102,159,Behemoth,Primal,202,202,c7f99603b6e09c43470bbabaed203add_be20385e18333edb329d4574f364a1f0fc0.jpg?1785930297,Crystal,40,10,UNK
Fire Strike,52397705,103,93,Kraken,Dynamis,202,0,b9c1021d4aa2ae66682e7904857161ed_049a956dfeb0eb2e19c417a1dde4d680fc0.jpg?1785931673,Crystal,12,0,RDM
Rusheel Vasscus,2314921,104,94,Adamantoise,Aether,201,0,a4248cc27f1d518fee3b2b12da021669_1f5fd239b885860b7c2bfc72ad1d97effc0.jpg?1785929587,Crystal,1,0,MNK
Aiberaint Mando,58601227,105,95,Faerie,Aether,200,0,b7621f9e3f9c7a33ce4acd4a392c3a41_0e336ff6ad415f47233f0aaf127feac0fc0.jpg?1785931280,Crystal,33,0,RPR
Satoshi Itaori,52546108,106,167,Golem,Dynamis,200,200,1ecf4d8479fa0e8c3c4b6fe005108b6d_dd61c3dc259e5c43722e89409499b669fc0.jpg?1785928915,Crystal,15,6,SMN
Xiao Longbao,31670807,107,0,Excalibur,Primal,200,0,b9d8562547d5b9d8e86054d9061c6a23_745baffc465480ed372e274d50318290fc0.jpg?1785932123,Crystal,3,0,MIN
Joe Biden',48592929,108,99,Seraph,Dynamis,200,0,c06fd69e6b294b74118f1a8ad5727f56_07fb0511053f398d1f2d6831e6a6b4c8fc0.jpg?1785931661,Crystal,2,0,UNK
Somnidemn Serdorm,37031558,109,0,Goblin,Crystal,200,0,6147ca113912ee7b9ac321313bbf5863_8e81e2940511f7152ba4462fe53e35b8fc0.jpg?1785931985,Crystal,1,0,SCH
Novical Astrea,42979170,110,100,Exodus,Primal,199,0,b638930bbe9987be79fa698126728549_0cdf051c93865faa15cbc5cd3d2b69fbfc0.jpg?1785930897,Crystal,33,11,BRD
Zolzayaa Noykin,34804380,111,129,Balmung,Crystal,199,99,ff773bbf0388cc8a61ac7c87e78f978f_7a573cbc0cda3a3dfc1795cb3d9f7b23fc0.jpg?1785929190,Crystal,28,3,BLM
Unagi Box,34773273,112,100,Cuchulainn,Dynamis,199,0,05a513d02b60c767bfb83440ab2d406b_b4a106e4893fd452df0001eaeecf9d7efc0.jpg?1785929501,Crystal,22,0,GNB
Raphtalia Solari,8126326,113,102,Adamantoise,Aether,199,0,baeca36f0f50dbb796496ea18e58ee30_1f5fd239b885860b7c2bfc72ad1d97effc0.jpg?1785931665,Crystal,6,0,SGE
Milly Mina,37964161,114,103,Cuchulainn,Dynamis,199,0,f3300c3e28b3c5b4a3767a587341831e_b4a106e4893fd452df0001eaeecf9d7efc0.jpg?1785930607,Crystal,3,0,FSH
Mits Suki,33204212,114,103,Famfrit,Primal,199,0,5bb063598970951b9c8c586bd4f0db1f_fce4949e615393e574f2d57134b31fc1fc0.jpg?1785931866,Crystal,3,0,MNK
Fain Doncel'aram,18921518,116,105,Jenova,Aether,199,0,99d5d58c7b97e260ff83d3d4b87a7103_ce736afe35e2ded4e46c4fd0659aef7efc0.jpg?1785932322,Crystal,2,0,MNK
Katka Kogoro,44461194,117,106,Behemoth,Primal,198,0,550a289a6fa63b9cd57149e22c1dbc72_be20385e18333edb329d4574f364a1f0fc0.jpg?1785930348,Crystal,11,3,UNK
Onigiri Bunny,7352884,118,107,Behemoth,Primal,197,0,382f2b7a0b15514c38a6e2d5af3d8014_be20385e18333edb329d4574f364a1f0fc0.jpg?1785930928,Crystal,1,0,UNK
Jin Mercer,31096690,119,108,Marilith,Dynamis,196,0,708b770d30658bbff6a84015d913b518_bbfb28d5a9059cd0c768daf77ab29982fc0.jpg?1785931621,Crystal,25,2,DRG
Ailbhe Costa,24483224,120,109,Golem,Dynamis,196,0,d2a07a324d29f192eabbae6adeb2462b_dd61c3dc259e5c43722e89409499b669fc0.jpg?1785932374,Crystal,1,0,UNK
Sensus Nero,3918158,120,0,Gilgamesh,Aether,196,0,c830651186889d4902ef13cefd58a832_b937560c841465f7c4bc8eb47ea7948afc0.jpg?1785930960,Crystal,1,0,WAR
Unit Two,9241194,122,110,Ultros,Primal,195,0,641de9f4edfaf7fe05a95460092c87ef_c514cdcdb619439df97d906d4434ccc6fc0.jpg?1785930547,Crystal,147,10,SCH
Lux Mas,23065843,123,112,Sargatanas,Aether,105,0,88a2ca0abf69b95b8d6893d740e04615_ba22853447012a24cee115315d6a5bebfc0.jpg?1785930510,Crystal,55,0,RDM
Labrys Roux,31449732,124,113,Ultros,Primal,103,0,b78d649d03beba97a36fa9eebc98afc4_c514cdcdb619439df97d906d4434ccc6fc0.jpg?1785929423,Crystal,30,7,AST
Erik Jormungandr,21053207,125,114,Balmung,Crystal,102,0,d279bad4f9c048ee2cb4310b2dabb453_7a573cbc0cda3a3dfc1795cb3d9f7b23fc0.jpg?1785930936,Crystal,5,0,DRK
Rail Ying,33252892,126,115,Famfrit,Primal,100,0,e9ae8b691e418ccccf35ebe11804f497_fce4949e615393e574f2d57134b31fc1fc0.jpg?1785929854,Crystal,172,28,RDM
Karl Rex,48615049,127,154,Siren,Aether,100,100,a7f2129699ecb71e801871425b8cbc52_58a84e851e55175d22158ca97af58a1ffc0.jpg?1785930712,Crystal,150,10,AST
Hijiri Sagoonja,61517900,128,116,Marilith,Dynamis,100,100,490b8d7e00e9479812f4686618ba59ec_bbfb28d5a9059cd0c768daf77ab29982fc0.jpg?1785929521,Crystal,68,11,SCH
Cain Molkoh,57323197,129,119,Goblin,Crystal,100,0,889deea7b0b76edd744a2b6fb24a09a1_8e81e2940511f7152ba4462fe53e35b8fc0.jpg?1785930083,Crystal,65,10,AST
Lazy Bear,39566180,130,118,Faerie,Aether,100,0,a07cf0c35d5a78a5a1b9ca16d6f41803_0e336ff6ad415f47233f0aaf127feac0fc0.jpg?1785931156,Crystal,64,7,SMN
Aurora Aura,51466191,131,117,Coeurl,Crystal,100,0,6bf65747d41f881881af0d8d8ee83bb9_284358f8eb4efc9095914e46798c6ab3fc0.jpg?1785929671,Crystal,59,0,WHM
Beef Testoserone,31210622,132,157,Lamia,Primal,100,100,8722cb428122ce685cf8b96a844468f3_4d9be17b5e1edc617052b4dbf4007875fc0.jpg?1785929384,Crystal,57,5,SMN
Nanamie Namie,54007603,133,170,Seraph,Dynamis,100,100,0a2ba3a431605dbe05215a75dffd70e7_07fb0511053f398d1f2d6831e6a6b4c8fc0.jpg?1785931759,Crystal,52,4,SAM
Zerth Voldrin,14915863,134,120,Cactuar,Aether,100,0,81a8fef4d9feb3b13352e547c9dcf7d5_96ab1df8877c1f8ba6a89a39cccfd437fc0.jpg?1785929258,Crystal,48,0,DRK
Rathais Gunnach,32955444,135,158,Brynhildr,Crystal,100,100,2a434eda7d82f52a4a70d056b83f2c27_d0a0f515a62457570c9b44997063e3c1fc0.jpg?1785929920,Crystal,43,6,SGE
Von Columbine,58381347,136,121,Gilgamesh,Aether,100,0,616328e702b2b2e8d452581d53ec9f88_b937560c841465f7c4bc8eb47ea7948afc0.jpg?1785931409,Crystal,42,0,GNB
Sirkitten Wrath,24932332,137,123,Coeurl,Crystal,100,0,248a1e6798b3538fe783585b1686cadd_284358f8eb4efc9095914e46798c6ab3fc0.jpg?1785930257,Crystal,38,0,MCH
Freelili Baylili,41088797,138,125,Famfrit,Primal,100,0,2fd0edea93f7f1b96bfa59c24d04a2af_fce4949e615393e574f2d57134b31fc1fc0.jpg?1785929606,Crystal,34,0,MNK
Fyoriah Aliapoh,44734635,139,173,Faerie,Aether,100,100,298901c71b421faa4612e0bbd9420820_0e336ff6ad415f47233f0aaf127feac0fc0.jpg?1785931257,Crystal,29,2,WHM
No Bee,37102144,139,177,Lamia,Primal,100,100,5c741048df2befeb7f80a2b03bb02aee_4d9be17b5e1edc617052b4dbf4007875fc0.jpg?1785931085,Crystal,29,5,MCH
Naeng Myeon,35393894,141,126,Jenova,Aether,100,0,e834ee8ccde5fd99424275ed75278f5b_ce736afe35e2ded4e46c4fd0659aef7efc0.jpg?1785931034,Crystal,28,0,SAM
Peregrine Lofte,21726171,142,127,Leviathan,Primal,100,0,351c30387c9048190075024c6b344ead_a91aae52cff9ef65932db06b150ffd47fc0.jpg?1785931928,Crystal,26,0,WHM
Thamiel Blade,11845109,142,127,Malboro,Crystal,100,0,80ba6f7aa26a72c98ebf41b210be27be_2e97c13fdd593d15d543093f8a37b6f0fc0.jpg?1785932371,Crystal,26,0,SMN
Snowsteps Frozenheart,25431273,144,129,Siren,Aether,100,0,3e9412aba214d5dab23b4cdfc8b81294_58a84e851e55175d22158ca97af58a1ffc0.jpg?1785928899,Crystal,25,0,DNC
Minato Maki,53819658,145,131,Excalibur,Primal,100,0,03c1d1dc5b9a30317518ec9a30c301ab_745baffc465480ed372e274d50318290fc0.jpg?1785929569,Crystal,21,0,VPR
Nonoha Noha,32959229,145,131,Balmung,Crystal,100,0,d9c4977477ddfaebc0c2204729f692f9_7a573cbc0cda3a3dfc1795cb3d9f7b23fc0.jpg?1785930132,Crystal,21,0,VPR
Vaeltis Nyght,16404977,145,131,Famfrit,Primal,100,0,0caba4911a7521943ad38550f8faec63_fce4949e615393e574f2d57134b31fc1fc0.jpg?1785929499,Crystal,21,0,GNB
Navori Valois,48622291,148,134,Adamantoise,Aether,100,0,4facdc408c9ad771bc52001d3c82fa9f_1f5fd239b885860b7c2bfc72ad1d97effc0.jpg?1785930154,Crystal,18,0,SAM
Rasan Sena,13544028,148,178,Kraken,Dynamis,100,100,70d1ba94bcbeff8a384f1e364b2ee863_049a956dfeb0eb2e19c417a1dde4d680fc0.jpg?1785931982,Crystal,18,4,UNK
Tegridy Weed,3469679,148,134,Midgardsormr,Aether,100,0,96f7b1ca58cffc2cdcbb1df90d116807_5c8ecfbc673e1287a9b5e85423fe1657fc0.jpg?1785929402,Crystal,18,0,PLD
A'kena Themis,30488636,151,136,Cuchulainn,Dynamis,100,0,0dfbdcebc19679eb813e05521b4bc587_b4a106e4893fd452df0001eaeecf9d7efc0.jpg?1785931895,Crystal,16,0,SAM
Reina Crowley,19324150,151,136,Malboro,Crystal,100,0,d8624175065ad845c6d16c7f8638cc12_2e97c13fdd593d15d543093f8a37b6f0fc0.jpg?1785928996,Crystal,16,0,UNK
Mash Buttons,12470854,153,138,Ultros,Primal,100,0,eec5508ec2ce3844fd62caa5b87a24d8_c514cdcdb619439df97d906d4434ccc6fc0.jpg?1785931691,Crystal,15,0,BRD
Naomi Hakoma,13697124,153,140,Halicarnassus,Dynamis,100,0,a6732f9cc34509a6761d618186e745fd_f2d324d722b28bbe681b2898bcdca8bffc0.jpg?1785932216,Crystal,15,5,SMN
Master Zoknik,48144446,155,139,Balmung,Crystal,100,0,3c54e73f2ad7023aa3b173793f95c070_7a573cbc0cda3a3dfc1795cb3d9f7b23fc0.jpg?1785932053,Crystal,11,0,WAR
Josh Trigiani,6965228,156,141,Lamia,Primal,100,0,22f547722b0454bc3b30d7f6a8ac5b0a_4d9be17b5e1edc617052b4dbf4007875fc0.jpg?1785929087,Crystal,8,0,GNB
Neo Dymium,33030676,156,141,Seraph,Dynamis,100,0,24be6098cf7acc2de169d92917d3299f_07fb0511053f398d1f2d6831e6a6b4c8fc0.jpg?1785929305,Crystal,8,0,WAR
Tio Tot,32427648,158,143,Jenova,Aether,100,0,b6b5f99e0b2c9878499873fdbe82cda3_ce736afe35e2ded4e46c4fd0659aef7efc0.jpg?1785932232,Crystal,7,0,VPR
Io Isana,33563057,159,144,Coeurl,Crystal,100,0,bb1bccc46bef2876072e2e7fa326fa12_284358f8eb4efc9095914e46798c6ab3fc0.jpg?1785929278,Crystal,1,0,PLD
Haley Autouria,105933,160,145,Coeurl,Crystal,100,0,8e6b9b10fc2e31af21e24fdaae151c61_284358f8eb4efc9095914e46798c6ab3fc0.jpg?1785929553,Crystal,0,0,UNK
Pinky Meow,59213242,160,145,Halicarnassus,Dynamis,100,0,9ac8bffaba88f1f4c7fe1238e6a7dcb0_f2d324d722b28bbe681b2898bcdca8bffc0.jpg?1785931749,Crystal,0,0,UNK
Dread Ross,4916315,162,147,Exodus,Primal,0,0,dafd63f0b3ce97e8283a4d153f0acd06_0cdf051c93865faa15cbc5cd3d2b69fbfc0.jpg?1785929105,Diamond,61,0,SAM
Banana Skye,48159675,163,149,Faerie,Aether,0,0,37d6f3f177181cc95ef2e697d25b0c85_0e336ff6ad415f47233f0aaf127feac0fc0.jpg?1785929288,Diamond,44,9,WHM
Deadrise Mutambo,49340180,164,148,Diabolos,Crystal,0,0,05829ade005fe971a894d48d18963c4f_7b33d33ae3ecb996f778a5f67a6a0af6fc0.jpg?1785931867,Diamond,36,0,DRG
Elphen Gura,2247953,165,192,Gilgamesh,Aether,0,0,292e135e4f46290be61b4699e8236363_b937560c841465f7c4bc8eb47ea7948afc0.jpg?1785931239,Diamond,34,9,SGE
Johnny Rotten,60584717,166,150,Balmung,Crystal,0,0,16dd0eb6be877814ca22fed24fe6191d_7a573cbc0cda3a3dfc1795cb3d9f7b23fc0.jpg?1785930723,Diamond,33,0,DRG
Neo Zee',28714097,167,151,Balmung,Crystal,0,0,ecd9a08521dcc0c1872ac990f3a534b9_7a573cbc0cda3a3dfc1795cb3d9f7b23fc0.jpg?1785930082,Diamond,29,0,BRD
Neco-arc Myuri,1364925,168,152,Balmung,Crystal,0,0,45595754292a6e60dac91dc40349a619_7a573cbc0cda3a3dfc1795cb3d9f7b23fc0.jpg?1785931330,Diamond,23,0,UNK
Tc Sola,43984930,169,153,Zalera,Crystal,0,0,1bde011c1056c258b5456fb7d0f6283f_8106f857613f8fb994b0be37b26ff4bafc0.jpg?1785928994,Diamond,19,4,RDM
Cj Deux,23394493,170,201,Lamia,Primal,0,0,64702aeefa55d2931c531ddadd7964ea_4d9be17b5e1edc617052b4dbf4007875fc0.jpg?1785929709,Diamond,99,8,WHM
Tiny Sosig,16648383,171,155,Balmung,Crystal,0,0,47661dc0b135d6c15fadc46a3fa85816_7a573cbc0cda3a3dfc1795cb3d9f7b23fc0.jpg?1785930458,Diamond,74,5,NIN
Larxis Themage,9284703,172,156,Mateus,Crystal,0,0,f1440421e273892659981868cbc99f9b_f0c52cc66e124fc2e641d7c21ab2ce79fc0.jpg?1785930867,Diamond,66,0,MCH
Abel Catallus,20632128,173,159,Hyperion,Primal,0,0,a753917cbe6dc89a0ba41f10003a621d_57ae9ee5592123dd79c8912bf768cf99fc0.jpg?1785930463,Diamond,30,0,BLM
Eroison Chren,42575447,173,159,Ultros,Primal,0,0,d66c862181da18eea3335d6667510dc6_c514cdcdb619439df97d906d4434ccc6fc0.jpg?1785931998,Diamond,30,0,SCH
M' Twelve,36885704,173,159,Halicarnassus,Dynamis,0,0,0f10ff80520b725264b0aed8ac62d609_f2d324d722b28bbe681b2898bcdca8bffc0.jpg?1785929264,Diamond,30,0,UNK
Noraliza Aubyrn,32094068,176,163,Goblin,Crystal,0,0,8a18cbebe3a2fc2c4bc70809fec01623_8e81e2940511f7152ba4462fe53e35b8fc0.jpg?1785932455,Diamond,26,0,WAR
Aavlen Zo,32887243,177,165,Brynhildr,Crystal,0,0,2a3e3ea4d262cfdf8a2ee034b379b099_d0a0f515a62457570c9b44997063e3c1fc0.jpg?1785928996,Diamond,17,0,WAR
Theory Ai,55206021,178,168,Leviathan,Primal,0,0,018be547248466158b1d0f9de4315340_a91aae52cff9ef65932db06b150ffd47fc0.jpg?1785931871,Diamond,135,17,NIN
Pravik Rhati,30628415,179,169,Zalera,Crystal,0,0,6f338ced5bbbd90812f4a17468f53684_8106f857613f8fb994b0be37b26ff4bafc0.jpg?1785931265,Diamond,97,16,SMN
Savard Qerel,20600432,180,171,Diabolos,Crystal,0,0,db0af86bd2eb90f70c42b9e65658aff2_7b33d33ae3ecb996f778a5f67a6a0af6fc0.jpg?1785930754,Diamond,40,0,WAR
Stephanie Dolla,28812314,181,172,Zalera,Crystal,0,0,d9051d9ee54d0e9f8178549cfed7d8cf_8106f857613f8fb994b0be37b26ff4bafc0.jpg?1785930981,Diamond,37,0,AST
Cecils Lunas,39054438,182,174,Brynhildr,Crystal,0,0,4f553dbd79cfae0460c3d43b82171d15_d0a0f515a62457570c9b44997063e3c1fc0.jpg?1785931446,Diamond,22,0,SMN
Nixacu Murubra,24114126,183,206,Lamia,Primal,0,0,68206034a86cf63bd8aecd714ae17955_4d9be17b5e1edc617052b4dbf4007875fc0.jpg?1785930415,Diamond,55,7,DNC
Reed Diamond,7237831,184,175,Ultros,Primal,0,0,132bb33f336f4f3ae42c3cf9a96a11ad_c514cdcdb619439df97d906d4434ccc6fc0.jpg?1785929771,Diamond,40,1,MNK
Cleo Kaisuri,49507760,185,176,Hyperion,Primal,0,0,b3c346a088e9876c531a3dcecd6b78db_57ae9ee5592123dd79c8912bf768cf99fc0.jpg?1785929293,Diamond,26,0,BRD
Ajisai Sorano,7779796,186,179,Lamia,Primal,0,0,742c314aec62f1bf6c7c525c9cd64e78_4d9be17b5e1edc617052b4dbf4007875fc0.jpg?1785929476,Diamond,11,3,RDM
First Name,39082032,187,180,Gilgamesh,Aether,0,0,f61b7a515f332494dbc997024a22504d_b937560c841465f7c4bc8eb47ea7948afc0.jpg?1785930833,Diamond,134,8,UNK
Claire Lamont,974282,188,223,Hyperion,Primal,0,0,4522bd271ee8879920f36521c2512945_57ae9ee5592123dd79c8912bf768cf99fc0.jpg?1785931081,Diamond,77,14,DRG
Lolly Pops,11573609,189,181,Leviathan,Primal,0,0,a38b4d4cbcfc624c56b5db6efb627dd2_a91aae52cff9ef65932db06b150ffd47fc0.jpg?1785930224,Diamond,63,11,MCH
Kanae Meow,36806118,190,182,Ultros,Primal,0,0,8969e8a0b518902a3996525f822b4701_c514cdcdb619439df97d906d4434ccc6fc0.jpg?1785930581,Diamond,47,0,WHM
Teysa Montgomery,6201712,190,184,Cactuar,Aether,0,0,eb51f53fb1f2b23ee171b4e92895e9b4_96ab1df8877c1f8ba6a89a39cccfd437fc0.jpg?1785930137,Diamond,47,8,DRG
Mika Makura,43900321,192,183,Sargatanas,Aether,0,0,08bc6e0e70d7337801784f174c698620_ba22853447012a24cee115315d6a5bebfc0.jpg?1785930990,Diamond,43,0,NIN
Vicious Nouzen,42001229,193,228,Jenova,Aether,0,0,94ccc3f4ceffc2356f1ddd47d85ca9f7_ce736afe35e2ded4e46c4fd0659aef7efc0.jpg?1785931986,Diamond,29,2,MNK
Ciel Sorrel,22647977,194,196,Zalera,Crystal,0,0,4feb2b2835b10561864f50a075fa571c_8106f857613f8fb994b0be37b26ff4bafc0.jpg?1785929075,Diamond,22,6,PLD
Gidson Brand,28304013,195,185,Goblin,Crystal,0,0,876c2dd63c77339205c6fe96b4bd3d82_8e81e2940511f7152ba4462fe53e35b8fc0.jpg?1785931496,Diamond,21,0,BLM
Dandy Lyon,9088850,196,186,Leviathan,Primal,0,0,5e652518b4930ff5cb411a5818760318_a91aae52cff9ef65932db06b150ffd47fc0.jpg?1785929935,Diamond,17,0,SAM
Mocha Sun,31799604,197,187,Coeurl,Crystal,0,0,3929588579c8d6631b5fe6a13edbb3dd_284358f8eb4efc9095914e46798c6ab3fc0.jpg?1785931673,Diamond,15,0,BRD
So What,33785359,198,188,Ultros,Primal,0,0,b0f894a94041f0bd4b241723ce815801_c514cdcdb619439df97d906d4434ccc6fc0.jpg?1785932111,Diamond,14,0,RPR
Nha-uwu John,47196895,199,189,Ultros,Primal,0,0,c74c6ed5858d763368f6267a128abb62_c514cdcdb619439df97d906d4434ccc6fc0.jpg?1785929872,Diamond,12,1,WAR
Scythe Horrorblade,32713598,200,190,Mateus,Crystal,0,0,43c41a5aa8d981f109e6d76f3347bd93_f0c52cc66e124fc2e641d7c21ab2ce79fc0.jpg?1785928938,Diamond,105,25,UNK
Oni Akuma,7300790,201,191,Gilgamesh,Aether,0,0,e8e098720e245711114b4614110261b5_b937560c841465f7c4bc8eb47ea7948afc0.jpg?1785932352,Diamond,58,0,MNK
Kaede Obinata,32151196,202,210,Marilith,Dynamis,0,0,460d631b298c83b035fb70ac5669658d_bbfb28d5a9059cd0c768daf77ab29982fc0.jpg?1785930648,Diamond,25,4,NIN
Isabeau Yuki,56519813,203,193,Balmung,Crystal,0,0,f89033dd8180df3efc68a5b0f142cf25_7a573cbc0cda3a3dfc1795cb3d9f7b23fc0.jpg?1785929767,Diamond,24,0,SGE
Jenova Catgirl,56356925,204,194,Balmung,Crystal,0,0,fdd023d68fd7a60dd9109a3f33c74fb1_7a573cbc0cda3a3dfc1795cb3d9f7b23fc0.jpg?1785929272,Diamond,23,0,PCT
Orpheus Laine,29851207,205,195,Gilgamesh,Aether,0,0,5939235fbb052c79392d334cce14ca00_b937560c841465f7c4bc8eb47ea7948afc0.jpg?1785931912,Diamond,17,0,DRK
Na In,32505635,206,198,Goblin,Crystal,0,0,6ad54caac94f2e89fe9d5acd94c2c145_8e81e2940511f7152ba4462fe53e35b8fc0.jpg?1785929100,Diamond,13,1,GNB
Silah Zetsku,53965328,206,197,Marilith,Dynamis,0,0,d2b4042f092dccb0d381fdc61afe74c3_bbfb28d5a9059cd0c768daf77ab29982fc0.jpg?1785932246,Diamond,13,0,MCH
Brian Ricardo,9364090,208,199,Adamantoise,Aether,0,0,c00688b4ac9b567c1a4de9d648fbbff4_1f5fd239b885860b7c2bfc72ad1d97effc0.jpg?1785931155,Diamond,11,0,SGE
Gracidea Blossom,4573171,209,200,Lamia,Primal,0,0,12afdfb12aebd14365b3149875fee65f_4d9be17b5e1edc617052b4dbf4007875fc0.jpg?1785929902,Diamond,7,0,WHM
Zithiel Bihrul,44613484,210,0,Faerie,Aether,0,0,4abc29f0f384c794c1f6c7e7e60b8ed8_0e336ff6ad415f47233f0aaf127feac0fc0.jpg?1785929608,Diamond,59,12,BRD
Saria Desolita,7318698,211,202,Exodus,Primal,0,0,b9d47f2d43e0c5bf6c608abae563f12e_0cdf051c93865faa15cbc5cd3d2b69fbfc0.jpg?1785931554,Diamond,54,0,AST
Shoujo Hime,18340055,211,202,Leviathan,Primal,0,0,c341075038058a45ef549f7bac1b9d25_a91aae52cff9ef65932db06b150ffd47fc0.jpg?1785931194,Diamond,54,0,AST
Kahram Ramses,38869479,213,204,Sargatanas,Aether,0,0,e0151847f1fbf8f013cad87949b4272c_ba22853447012a24cee115315d6a5bebfc0.jpg?1785929454,Diamond,52,0,PLD
Nana Shirogane,27492589,214,205,Lamia,Primal,0,0,3cda69c8242e3525a60690e884546ccd_4d9be17b5e1edc617052b4dbf4007875fc0.jpg?1785931088,Diamond,51,2,UNK
Rin Ruki,59858100,215,240,Exodus,Primal,0,0,7ec8676537a0b3fff644be3f10ee7741_0cdf051c93865faa15cbc5cd3d2b69fbfc0.jpg?1785930844,Diamond,38,6,UNK
Amelia Snowy,57212337,216,207,Sargatanas,Aether,0,0,3201ddb4acea86a57af9b79aaa1252d9_ba22853447012a24cee115315d6a5bebfc0.jpg?1785929867,Diamond,33,0,AST
Malachi Lights,12672217,217,208,Kraken,Dynamis,0,0,78c8b470bdf08206e10dc0aea773bc7c_049a956dfeb0eb2e19c417a1dde4d680fc0.jpg?1785929038,Diamond,31,0,DNC
Glowing Orchid,38774047,218,209,Siren,Aether,0,0,88f633924891d0f1c7e70d8b2684e821_58a84e851e55175d22158ca97af58a1ffc0.jpg?1785928954,Diamond,27,0,WHM
Xion Fleur,45111165,219,210,Leviathan,Primal,0,0,91cc4c8c334d9404f523f324d4439d0a_a91aae52cff9ef65932db06b150ffd47fc0.jpg?1785931237,Diamond,21,0,DRG
Shiba Kotohime,43864312,220,212,Balmung,Crystal,0,0,03f0a4821e97ef1e04b4bc44363c30e3_7a573cbc0cda3a3dfc1795cb3d9f7b23fc0.jpg?1785931010,Diamond,13,0,SMN
Kale Crow,57973655,221,213,Excalibur,Primal,0,0,39e30189265e5cf770bddc1b87bdb349_745baffc465480ed372e274d50318290fc0.jpg?1785929984,Diamond,12,1,UNK
Denmo Mcstronghuge,1150717,222,234,Excalibur,Primal,0,0,bb33b9be77e28ab26ee6367ad6ba7cac_745baffc465480ed372e274d50318290fc0.jpg?1785931346,Diamond,11,2,BLM
Diddly Gyatt,47133213,223,214,Excalibur,Primal,0,0,ccc0c02fa7582879eaf0559bd61758ec_745baffc465480ed372e274d50318290fc0.jpg?1785931911,Diamond,7,0,NIN
Madelynn Winterbliss,59174631,224,0,Lamia,Primal,0,0,99dacb207c1f7b71a22617fb8b8ca195_4d9be17b5e1edc617052b4dbf4007875fc0.jpg?1785932403,Diamond,5,0,RDM
Eloza Ketsch,8667845,225,215,Malboro,Crystal,0,0,4414bb689fd8033d67e6821653f9a232_2e97c13fdd593d15d543093f8a37b6f0fc0.jpg?1785932433,Diamond,81,12,VPR
Mutilated Remains,15274725,226,216,Adamantoise,Aether,0,0,8f629073b22cd80f608068b9cfd406f3_1f5fd239b885860b7c2bfc72ad1d97effc0.jpg?1785928990,Diamond,42,0,DRG
Draiser Montblanc,32398472,227,217,Lamia,Primal,0,0,7815697ae034669b4e9620865400c384_4d9be17b5e1edc617052b4dbf4007875fc0.jpg?1785929334,Diamond,37,14,WAR
Barlon Rein,16870082,228,0,Diabolos,Crystal,0,0,fab268f2b7a6cbacaac04bb24c18b3dd_7b33d33ae3ecb996f778a5f67a6a0af6fc0.jpg?1785930532,Diamond,26,6,MNK
Lenpao Victus,30455513,229,217,Midgardsormr,Aether,0,0,6067c0a6b77debbd9a03665d4d13dd52_5c8ecfbc673e1287a9b5e85423fe1657fc0.jpg?1785929021,Diamond,23,0,UNK
Riki Gandrake,1558233,230,219,Balmung,Crystal,0,0,442f4df63f0df0c75d240ab042e3fcdb_7a573cbc0cda3a3dfc1795cb3d9f7b23fc0.jpg?1785931002,Diamond,20,0,RPR
Kirishoto Azphina,7859003,231,220,Excalibur,Primal,0,0,c9689b4fc4af55f8366432b02c0ce55f_745baffc465480ed372e274d50318290fc0.jpg?1785931312,Diamond,19,2,WHM
Bean Waters,34305264,232,220,Famfrit,Primal,0,0,bcdcd97b24d4dfc6b3e643c8670b6f7c_fce4949e615393e574f2d57134b31fc1fc0.jpg?1785932414,Diamond,17,0,SCH
Yos Sy,23664999,233,222,Jenova,Aether,0,0,01f58e6e2269085746fd0a5b6fe0e7f2_ce736afe35e2ded4e46c4fd0659aef7efc0.jpg?1785930268,Diamond,12,0,GNB
Fenrir Mani,46990212,234,0,Siren,Aether,0,0,9d52f579ab24f21101afab7ee04fd086_58a84e851e55175d22158ca97af58a1ffc0.jpg?1785931566,Diamond,11,0,WHM
Vero Aeolian,4285889,235,224,Faerie,Aether,0,0,d9eafe2b41e79d18f8756442afe584da_0e336ff6ad415f47233f0aaf127feac0fc0.jpg?1785928952,Diamond,49,0,WHM
Jen Helstrom,25258759,236,225,Coeurl,Crystal,0,0,04eae21709a39e9beb00eaf137a9c920_284358f8eb4efc9095914e46798c6ab3fc0.jpg?1785929569,Diamond,44,0,WHM
Shoji Takamura,61762635,236,261,Jenova,Aether,0,0,d5049e0803da1f5700919b28fc756498_ce736afe35e2ded4e46c4fd0659aef7efc0.jpg?1785929937,Diamond,44,3,GNB
Haley Comet,27668347,238,227,Cactuar,Aether,0,0,2b237658ff580795f602f2f1b6069a76_96ab1df8877c1f8ba6a89a39cccfd437fc0.jpg?1785930857,Diamond,42,13,BRD
Shinra Tatsuya,8648762,239,226,Gilgamesh,Aether,0,0,7dccb5e520b149afd2b044279fa8694e_b937560c841465f7c4bc8eb47ea7948afc0.jpg?1785932116,Diamond,30,0,ALC
Addison Reis,13331029,240,230,Balmung,Crystal,0,0,55155550ab0b2bf975a34a3d174dbb96_7a573cbc0cda3a3dfc1795cb3d9f7b23fc0.jpg?1785929411,Diamond,23,2,VPR
Suziki Saiko,37802627,241,229,Zalera,Crystal,0,0,038df37d7a656c22a90167737f3a2ce9_8106f857613f8fb994b0be37b26ff4bafc0.jpg?1785931293,Diamond,22,0,GNB
Lishenna Bloodborne,12882191,242,231,Ultros,Primal,0,0,99310d0cea042cd2f2464c5e5675b99b_c514cdcdb619439df97d906d4434ccc6fc0.jpg?1785929708,Diamond,16,0,UNK
Moochi Donut,55444411,243,232,Malboro,Crystal,0,0,dca338e65942b7706b09989cadfcca8e_2e97c13fdd593d15d543093f8a37b6f0fc0.jpg?1785929244,Diamond,11,0,UNK
Zypris Allsbane,13616095,243,232,Leviathan,Primal,0,0,8194751bb802fcd9691a7ee558040836_a91aae52cff9ef65932db06b150ffd47fc0.jpg?1785930629,Diamond,11,0,RPR
Suho Thamasa,29478863,245,234,Hyperion,Primal,0,0,5a1f26eb5676742192b41e767e7e2071_57ae9ee5592123dd79c8912bf768cf99fc0.jpg?1785930446,Diamond,9,0,WHM
Mini Miki,48775956,246,236,Hyperion,Primal,0,0,f93a08a63d35da3273db5bd24d02c19b_57ae9ee5592123dd79c8912bf768cf99fc0.jpg?1785931041,Diamond,8,0,SAM
V'rahsa Yun,36482021,247,237,Diabolos,Crystal,0,0,33c355fce6bd87aedc5b77aaaf8aacd9_7b33d33ae3ecb996f778a5f67a6a0af6fc0.jpg?1785930877,Diamond,7,0,UNK
June Freyja,10894711,248,238,Brynhildr,Crystal,0,0,a53a85398b567470f54962e592f2684d_d0a0f515a62457570c9b44997063e3c1fc0.jpg?1785931004,Diamond,61,0,MCH
Greenage Hudson,17334864,249,239,Mateus,Crystal,0,0,8a24473a4118500340b8c827950bf0ee_f0c52cc66e124fc2e641d7c21ab2ce79fc0.jpg?1785931485,Diamond,48,0,WHM
Celeste Aeternum,38129090,250,260,Adamantoise,Aether,0,0,76510814c4215ff9bd016e9313ee6e2c_1f5fd239b885860b7c2bfc72ad1d97effc0.jpg?1785930692,Diamond,47,5,VPR
Bam Pepo,22678638,251,241,Adamantoise,Aether,0,0,8533b0fce359fe75fd8f831869cf110d_1f5fd239b885860b7c2bfc72ad1d97effc0.jpg?1785931124,Diamond,31,0,GNB
Horan Lou,38248988,252,266,Brynhildr,Crystal,0,0,3c88d2c3502bacefa5eb1e223a75217b_d0a0f515a62457570c9b44997063e3c1fc0.jpg?1785931098,Diamond,26,7,SAM
Sabe Kryze,21508368,253,242,Coeurl,Crystal,0,0,a0a944e1f5230b8ce9389d528bf274af_284358f8eb4efc9095914e46798c6ab3fc0.jpg?1785929290,Diamond,21,0,WHM
Glamour Police,42569529,254,243,Faerie,Aether,0,0,628a713ff9a3e9604964fec89696bc80_0e336ff6ad415f47233f0aaf127feac0fc0.jpg?1785931757,Diamond,13,0,DRK
I'm Die,4799967,254,0,Gilgamesh,Aether,0,0,c11aaa36c6d7b1b8376ea9c14a3c6f5f_b937560c841465f7c4bc8eb47ea7948afc0.jpg?1785930667,Diamond,13,1,BRD
Zeno Valor,31760602,254,243,Brynhildr,Crystal,0,0,24d26663d0ad0a92cf4971d7d5d58bd4_d0a0f515a62457570c9b44997063e3c1fc0.jpg?1785930080,Diamond,13,0,NIN
Living Failure,41211137,257,245,Ultros,Primal,0,0,0944d31af8dc0ff0f4aef75057f6b371_c514cdcdb619439df97d906d4434ccc6fc0.jpg?1785930749,Diamond,10,0,RDM
Caster Ofhealz,54941141,258,246,Kraken,Dynamis,0,0,2d29fd1badb72853710b9cc7511f467f_049a956dfeb0eb2e19c417a1dde4d680fc0.jpg?1785929646,Diamond,9,1,WHM
Maz Hana,57951142,259,0,Brynhildr,Crystal,0,0,e287bc66dce0e20c44d2437e0ed71b93_d0a0f515a62457570c9b44997063e3c1fc0.jpg?1785930244,Diamond,8,8,UNK
Shimori Bunihara,50186185,259,246,Kraken,Dynamis,0,0,c7cd2842a29701e0963bf6d156392014_049a956dfeb0eb2e19c417a1dde4d680fc0.jpg?1785931492,Diamond,8,0,MNK
Kronus Seiza,16632226,261,248,Leviathan,Primal,0,0,c8377d23aa62d74fc81101b7ee744fdf_a91aae52cff9ef65932db06b150ffd47fc0.jpg?1785930888,Diamond,7,0,GNB
Ane Mhakaracca,43679241,262,250,Balmung,Crystal,0,0,746256d82b3652ef93bbd475defb85ac_7a573cbc0cda3a3dfc1795cb3d9f7b23fc0.jpg?1785929566,Diamond,84,21,NIN
Airi Aogane,46241895,263,257,Sargatanas,Aether,0,0,11367baad718b56f9682513d9430146d_ba22853447012a24cee115315d6a5bebfc0.jpg?1785931078,Diamond,75,4,WHM
Nani Master,10383203,264,249,Mateus,Crystal,0,0,de54c545c647381e57b2345290468e46_f0c52cc66e124fc2e641d7c21ab2ce79fc0.jpg?1785930166,Diamond,68,0,DRG
V'linh Tia,35736983,265,251,Hyperion,Primal,0,0,760e31f96b4d3b3534fcdc43c9564fab_57ae9ee5592123dd79c8912bf768cf99fc0.jpg?1785929892,Diamond,57,0,BRD
Asera Albright,24908256,266,0,Siren,Aether,0,0,288dc7742b9eb8ec890c2b164e884a7b_58a84e851e55175d22158ca97af58a1ffc0.jpg?1785929122,Diamond,27,2,BRD
Galaxy Destroyer,60337447,267,252,Balmung,Crystal,0,0,962ec013c7ef29cf88c9502db64eea5f_7a573cbc0cda3a3dfc1795cb3d9f7b23fc0.jpg?1785930350,Diamond,22,0,UNK
Iron'chef America,8128303,268,253,Excalibur,Primal,0,0,0481201183ab89a2bd2f40a399e79d47_745baffc465480ed372e274d50318290fc0.jpg?1785932070,Diamond,19,0,PLD
Eris Valens,29017252,269,255,Ultros,Primal,0,0,843039b57a19bafbdba3c5235b6bb73b_c514cdcdb619439df97d906d4434ccc6fc0.jpg?1785929672,Diamond,9,0,WHM
Fellcleave Fellcleave,36777414,270,0,Siren,Aether,0,0,33f679bf05b38c6c8fe6e2b84d9b4d9a_58a84e851e55175d22158ca97af58a1ffc0.jpg?1785931135,Diamond,5,0,WAR
Aster Minyu,54375843,271,0,Lamia,Primal,0,0,380928b9020a6bb0bcfa44d88b6df112_4d9be17b5e1edc617052b4dbf4007875fc0.jpg?1785931135,Diamond,3,0,DNC
Zero Infinity,24892158,272,256,Leviathan,Primal,0,0,3e81b091ca7d58c24c56ff29d26ce657_a91aae52cff9ef65932db06b150ffd47fc0.jpg?1785930893,Diamond,77,0,WAR
Yuki Yozora,32275648,273,258,Faerie,Aether,0,0,bed164ee9535c02b6ea7cc8b5000c845_0e336ff6ad415f47233f0aaf127feac0fc0.jpg?1785931821,Diamond,48,0,WAR
Chronochaos Asura,1230012,274,259,Excalibur,Primal,0,0,16f01a0a9404158e87254af5dbe09328_745baffc465480ed372e274d50318290fc0.jpg?1785929469,Diamond,45,0,WAR
Dad Bear,25387302,275,262,Hyperion,Primal,0,0,f12b79f2ef02ef60bc572b806c7c07bf_57ae9ee5592123dd79c8912bf768cf99fc0.jpg?1785932032,Diamond,41,2,MIN
Eternal Slumber,25903660,276,0,Hyperion,Primal,0,0,e04969696b7e202db5371bd7c0b62231_57ae9ee5592123dd79c8912bf768cf99fc0.jpg?1785930077,Diamond,36,5,NIN
Communal Cheeks,27114083,277,264,Exodus,Primal,0,0,3fc08de400212f238f1a14efeb29b544_0cdf051c93865faa15cbc5cd3d2b69fbfc0.jpg?1785931623,Diamond,31,8,WHM
Vaal Hazak,26534863,278,263,Zalera,Crystal,0,0,7c44a75a2f3d57a9cd3b86235340939b_8106f857613f8fb994b0be37b26ff4bafc0.jpg?1785931535,Diamond,28,4,PLD
Shiroi Kijo,44769088,279,267,Ultros,Primal,0,0,2bc8c14bed99e41cc16db823a37e5295_c514cdcdb619439df97d906d4434ccc6fc0.jpg?1785930086,Diamond,24,8,SMN
Windup Onslaught,57935688,280,265,Seraph,Dynamis,0,0,472008558216523eef45c0dcdabb67f8_07fb0511053f398d1f2d6831e6a6b4c8fc0.jpg?1785930697,Diamond,21,0,SGE
Lumiel Alstreim,6929457,281,0,Balmung,Crystal,0,0,6004c4e57250b544ed36bf6b310e878a_7a573cbc0cda3a3dfc1795cb3d9f7b23fc0.jpg?1785929336,Diamond,18,4,AST
Celicat Owaowa,35524850,282,268,Malboro,Crystal,0,0,a457193103c1bc069e4ac285614c96f0_2e97c13fdd593d15d543093f8a37b6f0fc0.jpg?1785931454,Diamond,12,0,WAR
Violet Lumina,31828414,283,269,Ultros,Primal,0,0,d441aba78b01261dd64bcbedf58fca06_c514cdcdb619439df97d906d4434ccc6fc0.jpg?1785931154,Diamond,10,0,GNB
Diana Page,31890298,284,285,Malboro,Crystal,0,0,e00b2671dacbbcf0c64b3dca7d8309b8_2e97c13fdd593d15d543093f8a37b6f0fc0.jpg?1785929628,Diamond,7,1,MCH
You Sea,12059416,285,271,Gilgamesh,Aether,0,0,6ac29901580281ae6a79f2e6a070dc6a_b937560c841465f7c4bc8eb47ea7948afc0.jpg?1785929059,Diamond,3,0,PCT
Marika Mjolnir,38212348,286,297,Malboro,Crystal,0,0,969a50dcb0d9777a00aae149894ab7f5_2e97c13fdd593d15d543093f8a37b6f0fc0.jpg?1785930148,Diamond,81,31,DRG
Milky Chai,59421595,287,272,Maduin,Dynamis,0,0,aae714347af29f5b5fd37d366a91330a_7ff236346f6151d8a2c08fd0b4a0b806fc0.jpg?1785932191,Diamond,71,0,UNK
Allie Hanakawa,39304561,288,294,Exodus,Primal,0,0,192583449e14f0f2ee3f8251fb5a562b_0cdf051c93865faa15cbc5cd3d2b69fbfc0.jpg?1785929604,Diamond,68,13,RDM
Kalatia Silverscale,52796419,289,273,Hyperion,Primal,0,0,1a27aed774a0a73e8c95467c7bf6e956_57ae9ee5592123dd79c8912bf768cf99fc0.jpg?1785930093,Diamond,64,0,UNK
Deep-fried Shrimp,39013955,290,277,Halicarnassus,Dynamis,0,0,8c854c8dde07c11059f113329f369709_f2d324d722b28bbe681b2898bcdca8bffc0.jpg?1785932197,Diamond,39,9,GNB
Vanilla Swirl,26477555,291,274,Balmung,Crystal,0,0,4c5274bc60889a329392f06fd920cc53_7a573cbc0cda3a3dfc1795cb3d9f7b23fc0.jpg?1785929116,Diamond,35,0,BRD
Kayin Fenrir,3137688,292,275,Faerie,Aether,0,0,a8e94b088cd60ef0124b965aedec3772_0e336ff6ad415f47233f0aaf127feac0fc0.jpg?1785931986,Diamond,34,0,MNK
Robin Alsaints,41838670,293,276,Coeurl,Crystal,0,0,ca428ca44ee6f14ab0b8f6b96e820c64_284358f8eb4efc9095914e46798c6ab3fc0.jpg?1785931794,Diamond,32,0,RDM
Mori Sumire,22629786,294,0,Zalera,Crystal,0,0,9d1372da41637e0a1cee75add0cdab3e_8106f857613f8fb994b0be37b26ff4bafc0.jpg?1785931176,Diamond,28,6,UNK
Sophia Sol,50636657,295,278,Diabolos,Crystal,0,0,f2e548487adc8d24ba4ee5ae891d1fca_7b33d33ae3ecb996f778a5f67a6a0af6fc0.jpg?1785932202,Diamond,25,0,BLU
Celestial Chicken,28970748,296,280,Exodus,Primal,0,0,cbf3cf9e44c32054a68926b67b6b873d_0cdf051c93865faa15cbc5cd3d2b69fbfc0.jpg?1785929677,Diamond,20,2,MCH
Grem Lynoir,49876244,297,279,Diabolos,Crystal,0,0,e9408b6119c7b2f158074dc2c17546b2_7b33d33ae3ecb996f778a5f67a6a0af6fc0.jpg?1785932204,Diamond,19,0,SGE
Pharys Ra,13620648,298,281,Excalibur,Primal,0,0,ab536250c61e7cff127e8bc9e716882f_745baffc465480ed372e274d50318290fc0.jpg?1785929039,Diamond,15,0,RDM
Jonn Snoww,19740354,299,282,Marilith,Dynamis,0,0,a7e133f499c7eaef9939ae48fdfd1c14_bbfb28d5a9059cd0c768daf77ab29982fc0.jpg?1785930256,Diamond,10,0,WHM
Misdes Lightborn,15985822,300,283,Excalibur,Primal,0,0,b5a720db92fc3ecb59bb12c0885b2648_745baffc465480ed372e274d50318290fc0.jpg?1785930618,Diamond,9,0,BRD
Queue Up,44283543,1,3,Ravana,Materia,0,0,341e0565d728c5334b58960edfc1c897_2f53b2675d3eea360f0b48d74d30af15fc0.jpg?1785930036,Platinum,42,3,AST
Shiny Jirachi,51220221,2,0,Sophia,Materia,0,0,f1b04aa626472a08642b4f93d911f87c_ba15a18cd3a8fb567e39053022515eb6fc0.jpg?1785930600,Platinum,11,0,SAM
Raiosu Eucliffe,45249258,3,9,Ravana,Materia,0,0,a21442f92d53ab89cab416d41fe9132d_2f53b2675d3eea360f0b48d74d30af15fc0.jpg?1785930992,Platinum,40,9,BRD
Shiki Hime,41619079,4,2,Sophia,Materia,0,0,e0f33871fdd9bcb0012cace0f140b504_ba15a18cd3a8fb567e39053022515eb6fc0.jpg?1785930923,Platinum,34,1,MNK
Sora Teppelin,7487042,4,1,Sophia,Materia,0,0,3d849e783499c238b2f4d439e3a8c2a7_ba15a18cd3a8fb567e39053022515eb6fc0.jpg?1785932005,Platinum,34,0,GNB
Nyanyanyanya Nyanyan,48648775,6,4,Ravana,Materia,0,0,ec08e9f45b8d4335b412f3e39f4458e2_2f53b2675d3eea360f0b48d74d30af15fc0.jpg?1785930036,Platinum,29,0,WHM
Fatahh Wizardcat,60429758,7,0,Zurvan,Materia,0,0,0a04508a6feea55f3b4227e7d574212a_1fa3a1b3845481a1b67b46854a3cc49afc0.jpg?1785930149,Platinum,43,10,BLM
Ku Ku,58267971,8,5,Sophia,Materia,0,0,77db43d75ac5ffe3d585318a47534ab9_ba15a18cd3a8fb567e39053022515eb6fc0.jpg?1785931797,Platinum,52,7,BRD
Master Zoknik,61010055,9,6,Zurvan,Materia,0,0,bfa135b89b0fb27fe708b3a427bd667f_1fa3a1b3845481a1b67b46854a3cc49afc0.jpg?1785929718,Platinum,86,9,WAR
Enrei Mihata,49665542,10,12,Ravana,Materia,0,0,9df67e19d234830f2d797bb6efbad836_2f53b2675d3eea360f0b48d74d30af15fc0.jpg?1785929967,Platinum,32,10,DRG
Syth Isi,14766898,11,8,Sephirot,Materia,0,0,4eef23c58ccbdfd054240b7a6afee3df_30a5f9eadea6e0cb684a5265362d0d59fc0.jpg?1785931441,Platinum,31,1,AST
Lil Wu,39781651,12,11,Ravana,Materia,0,0,883868199332c12050d61887025475bc_2f53b2675d3eea360f0b48d74d30af15fc0.jpg?1785930083,Platinum,30,7,NIN
Unshao Theruun,36386941,13,10,Sephirot,Materia,0,0,ec8f93abdc73eddcd17e0450db1cb572_30a5f9eadea6e0cb684a5265362d0d59fc0.jpg?1785931190,Platinum,28,2,WAR
Jiraiya Sannin,47974804,14,13,Ravana,Materia,0,0,6a5cc312529bc78b7d0bbbf5f41983af_2f53b2675d3eea360f0b48d74d30af15fc0.jpg?1785932158,Platinum,39,0,WAR
Chs Crane,37655547,15,14,Sophia,Materia,0,0,7cd2d4b420716bf684bdd41ef37d9319_ba15a18cd3a8fb567e39053022515eb6fc0.jpg?1785930589,Platinum,27,2,DRG
Ash Kitamura,26629771,16,20,Ravana,Materia,0,0,33c0c99f7649a707ea0e8e4da0340efb_2f53b2675d3eea360f0b48d74d30af15fc0.jpg?1785931970,Gold,62,15,AST
Twitch Pvpash,58310287,17,0,Sephirot,Materia,0,0,825390c1ecfa92c4ed45d4ff7a91e39e_30a5f9eadea6e0cb684a5265362d0d59fc0.jpg?1785930923,Gold,34,2,SAM
Boz Ulceros,32280980,18,16,Ravana,Materia,0,0,269b081d650bf5598fd5a3f9419b8b43_2f53b2675d3eea360f0b48d74d30af15fc0.jpg?1785930291,Gold,31,4,NIN
Disco Knees,36101852,19,15,Sophia,Materia,0,0,48d0a8dae7efe9ad10780f28920a969b_ba15a18cd3a8fb567e39053022515eb6fc0.jpg?1785929339,Gold,29,0,DNC
Aleksei Veldoch,39931654,20,36,Ravana,Materia,0,0,ef0923b785702de5a588b383a0d1bcea_2f53b2675d3eea360f0b48d74d30af15fc0.jpg?1785931947,Gold,40,9,RPR
Noelle Frost,59496366,21,18,Zurvan,Materia,0,0,5e03b95700bb3e6556a80cb9336a41d2_1fa3a1b3845481a1b67b46854a3cc49afc0.jpg?1785931676,Gold,32,1,WHM
Monkey Rat,28956529,22,19,Zurvan,Materia,0,0,bd13db4ebaa363278dd269b5941ae816_1fa3a1b3845481a1b67b46854a3cc49afc0.jpg?1785931097,Gold,68,7,GNB
Stupid Puzzle,57160120,23,21,Ravana,Materia,0,0,7af9b543418115db5c1299f1abb4e123_2f53b2675d3eea360f0b48d74d30af15fc0.jpg?1785932129,Gold,45,0,DRG
Stu Vermillion,45923134,24,22,Sephirot,Materia,0,0,542be51b9ba1f8c4c217e94d2b96e3aa_30a5f9eadea6e0cb684a5265362d0d59fc0.jpg?1785929009,Gold,34,0,WAR
Scarlette Harlette,51206657,25,23,Sephirot,Materia,0,0,2f63ccbdc329fa14480887bf4c0dfa0e_30a5f9eadea6e0cb684a5265362d0d59fc0.jpg?1785932283,Gold,50,1,NIN
Han Liu,44640291,26,24,Ravana,Materia,0,0,55233b520f90487f51f380e2add5fc3d_2f53b2675d3eea360f0b48d74d30af15fc0.jpg?1785930780,Gold,69,3,SGE
Lion Lord,60332724,27,0,Ravana,Materia,0,0,72fbb269e357d68127cd61715f152bc8_2f53b2675d3eea360f0b48d74d30af15fc0.jpg?1785932098,Gold,42,2,RDM
Seth Nier,10650761,28,35,Sophia,Materia,0,0,64bba40966450747199bec23184e47a3_ba15a18cd3a8fb567e39053022515eb6fc0.jpg?1785930475,Gold,19,2,WAR
Brian Ricardo,41560139,29,25,Sophia,Materia,0,0,678ed14a243387459872b7217f75e382_ba15a18cd3a8fb567e39053022515eb6fc0.jpg?1785932062,Gold,18,0,SGE
Aislinn Rose,47395507,30,26,Ravana,Materia,0,0,920c56af8cba5363c65e0c83dbbcac71_2f53b2675d3eea360f0b48d74d30af15fc0.jpg?1785930194,Gold,45,0,BRD
Izaray Wintergray,40906176,31,28,Sophia,Materia,0,0,be2f5b4e324fa72cd4ef19d0c29f10da_ba15a18cd3a8fb567e39053022515eb6fc0.jpg?1785929329,Gold,31,0,AST
Esperance Lightbound,16103781,32,29,Ravana,Materia,0,0,0d3ff648d49892a8fc3bd67490985032_2f53b2675d3eea360f0b48d74d30af15fc0.jpg?1785929341,Gold,20,0,PLD
Nirki Yukumo,41663432,33,30,Zurvan,Materia,0,0,c950234c9a872ae2ab8476f696fcb74f_1fa3a1b3845481a1b67b46854a3cc49afc0.jpg?1785929138,Gold,16,0,MIN
Neo Zee,58982637,34,31,Ravana,Materia,0,0,c042f71fe47095dad35d5764027056d1_2f53b2675d3eea360f0b48d74d30af15fc0.jpg?1785929854,Gold,38,0,BRD
Jena Kuwahara,28003546,35,32,Ravana,Materia,0,0,5bacb190ffd91b392df04923b13fa29a_2f53b2675d3eea360f0b48d74d30af15fc0.jpg?1785931086,Gold,63,3,WAR
Lillian Melikai,42502039,36,33,Ravana,Materia,0,0,6c5f22e96162240c2bb96702fcbe123b_2f53b2675d3eea360f0b48d74d30af15fc0.jpg?1785930784,Gold,32,5,DRG
Zervish Vanht,21659747,37,34,Ravana,Materia,0,0,ff2403388bd597c0b3fb62c30e9bff67_2f53b2675d3eea360f0b48d74d30af15fc0.jpg?1785932295,Gold,23,0,SMN
Berogi Avarous,37261319,38,51,Sophia,Materia,0,0,5fbe574c31dc7541b2bb18753fed8278_ba15a18cd3a8fb567e39053022515eb6fc0.jpg?1785931087,Gold,21,5,RDM
Wierd Dude,58113414,39,47,Sephirot,Materia,0,0,c887fa7d587b2205b349abb82627a0d1_30a5f9eadea6e0cb684a5265362d0d59fc0.jpg?1785932051,Gold,44,3,NIN
Byakko Moon,10831175,40,37,Sephirot,Materia,0,0,7d8049ebe32efa74e5107944b1e43d15_30a5f9eadea6e0cb684a5265362d0d59fc0.jpg?1785930904,Gold,2,0,DNC
Aurum Blaiddyd,10794239,41,38,Sophia,Materia,0,0,8b76648a8cb1cbbd4f1c870189433f3a_ba15a18cd3a8fb567e39053022515eb6fc0.jpg?1785931335,Gold,13,0,PLD
Sebastian Michaelis,42038341,42,39,Sephirot,Materia,0,0,17f4346a95c45541b337263d60106b3f_30a5f9eadea6e0cb684a5265362d0d59fc0.jpg?1785930316,Silver,59,1,WHM
Clars Lester,951178,43,0,Sephirot,Materia,0,0,46727c8d445323c9e5b8140d37027050_30a5f9eadea6e0cb684a5265362d0d59fc0.jpg?1785932093,Silver,49,5,MCH
Sana Miyata,34196273,44,40,Ravana,Materia,0,0,4a94c0f8b59e635e8748a32f11cc42f8_2f53b2675d3eea360f0b48d74d30af15fc0.jpg?1785931539,Silver,31,0,SCH
Birdy Lou,40000398,45,41,Sophia,Materia,0,0,a8894121a60bc81621d47edf1ee0577b_ba15a18cd3a8fb567e39053022515eb6fc0.jpg?1785929733,Silver,29,0,UNK
J'mo H',10666399,46,42,Sephirot,Materia,0,0,53873e717cbf7baeb168205935077671_30a5f9eadea6e0cb684a5265362d0d59fc0.jpg?1785931695,Silver,13,0,AST
Cwenhild Reid,41763782,47,44,Sophia,Materia,0,0,c9d176025665cc1528a984e82a81fd64_ba15a18cd3a8fb567e39053022515eb6fc0.jpg?1785930749,Silver,24,0,PLD
Ranko Riselle,47223883,48,45,Sophia,Materia,0,0,301cb977b468ead36aa13c049b17f861_ba15a18cd3a8fb567e39053022515eb6fc0.jpg?1785930285,Silver,11,0,UNK
Vielle Drillemont,52770027,49,46,Ravana,Materia,0,0,6c212c0698d00b38fb5cb7d51dcf91bf_2f53b2675d3eea360f0b48d74d30af15fc0.jpg?1785932000,Silver,58,0,PCT
Funeral Pyre,29286073,50,47,Zurvan,Materia,0,0,48d5de4023484583f2225a2026548284_1fa3a1b3845481a1b67b46854a3cc49afc0.jpg?1785930598,Silver,45,4,SMN
Juru'a Mihrulh,48704606,51,49,Zurvan,Materia,0,0,80aa9b34947750aa356810124a11ba19_1fa3a1b3845481a1b67b46854a3cc49afc0.jpg?1785929613,Silver,38,0,WHM
Eustace Madao,44593837,52,50,Ravana,Materia,0,0,687914339d33024fe783e72eb5a1929f_2f53b2675d3eea360f0b48d74d30af15fc0.jpg?1785930618,Silver,19,0,BTN
Elto Malto,55670275,53,69,Zurvan,Materia,0,0,6625d7f60a549d4e764bdbbb6315b573_1fa3a1b3845481a1b67b46854a3cc49afc0.jpg?1785928927,Silver,17,6,UNK
Peaceful Serenity,44576253,54,52,Sephirot,Materia,0,0,ae7fb16a93fad97a522145bf683d894f_30a5f9eadea6e0cb684a5265362d0d59fc0.jpg?1785929164,Silver,0,0,RDM
Simetras Sol,38726083,55,53,Ravana,Materia,0,0,fc54c458f2e80d3680f50e6026011ab7_2f53b2675d3eea360f0b48d74d30af15fc0.jpg?1785930597,Silver,84,5,BRD
Cucu Cucumber,43336963,56,54,Sophia,Materia,0,0,d0bedba76c1744686e4fafd9d31eeb08_ba15a18cd3a8fb567e39053022515eb6fc0.jpg?1785931319,Silver,35,0,DNC
Persona Non-grata,59997612,57,55,Ravana,Materia,0,0,817d96e78e710beff47ca2d76caa6b30_2f53b2675d3eea360f0b48d74d30af15fc0.jpg?1785930870,Silver,29,0,PLD
Shiny Garchomp,44081260,58,56,Ravana,Materia,0,0,a9aeaf4658d90c68d46e7086d323e456_2f53b2675d3eea360f0b48d74d30af15fc0.jpg?1785930374,Silver,17,0,MCH
Frierens Feet,18696306,59,0,Bismarck,Materia,0,0,55c56c5779dac3caf6a9e915a44a972d_36f0570990ac5402b2ef514d36b0435cfc0.jpg?1785931163,Silver,19,12,SMN
Minty Dew,11254788,60,57,Sephirot,Materia,0,0,afdf4d4e1f96c8e17ed8dbbb09ea4e01_30a5f9eadea6e0cb684a5265362d0d59fc0.jpg?1785931156,Silver,12,0,WAR
Pompitous Litchous,28520377,61,58,Sephirot,Materia,0,0,ab4abed9c2f0b5369480818f95581f87_30a5f9eadea6e0cb684a5265362d0d59fc0.jpg?1785931079,Silver,10,0,MCH
Red Pocket,57790009,62,59,Zurvan,Materia,0,0,9ee6578b70ebe2412c9a6a3b9539d845_1fa3a1b3845481a1b67b46854a3cc49afc0.jpg?1785932201,Silver,1,0,UNK
Magnolia Moonsong,39932795,63,60,Ravana,Materia,0,0,a9e5b8f87ce0e4e7d236eef2abfe90e0_2f53b2675d3eea360f0b48d74d30af15fc0.jpg?1785930734,Silver,18,0,RDM
Sil Vanht,3592400,64,61,Ravana,Materia,0,0,7557bb5d8d4d13b13e750b30dbd34093_2f53b2675d3eea360f0b48d74d30af15fc0.jpg?1785929904,Silver,9,0,SMN
Lupercal Aurelian,37936946,65,72,Ravana,Materia,0,0,93674d47ae679f2b2191e0d82e33123f_2f53b2675d3eea360f0b48d74d30af15fc0.jpg?1785930461,Silver,8,2,MNK
Sukoshi Ninjin,57860048,66,62,Sophia,Materia,0,0,b41a0bd7b5958d56cec5f84314a28f3a_ba15a18cd3a8fb567e39053022515eb6fc0.jpg?1785930494,Silver,26,0,UNK
Tiny Sylvie,43818296,67,63,Ravana,Materia,0,0,21e2b2de9125d9cf1b99748fa9eef0e2_2f53b2675d3eea360f0b48d74d30af15fc0.jpg?1785928881,Silver,25,0,BLM
Anzac Fenrir,10988408,68,64,Ravana,Materia,0,0,6c7b02f93e5250249333e13f236fc545_2f53b2675d3eea360f0b48d74d30af15fc0.jpg?1785932073,Silver,24,0,WHM
Venase Tym,61779775,69,65,Sophia,Materia,0,0,24aac6d5abd68d4dc957bd7c98ba27f2_ba15a18cd3a8fb567e39053022515eb6fc0.jpg?1785929525,Silver,18,0,UNK
C'ranmaia Lizha,60465549,70,66,Bismarck,Materia,0,0,f41736abfa17637ee6e1f020f2787726_36f0570990ac5402b2ef514d36b0435cfc0.jpg?1785930878,Silver,15,0,UNK
Zero Alexander,18446688,71,67,Sophia,Materia,0,0,f2e26342d51255236baa45461f41bf5b_ba15a18cd3a8fb567e39053022515eb6fc0.jpg?1785929505,Silver,14,0,SCH
Temp Arie,41750566,72,68,Zurvan,Materia,0,0,73bdd493fc471827004a90a5745ff400_1fa3a1b3845481a1b67b46854a3cc49afc0.jpg?1785929324,Silver,13,0,DRG
Awayi Soleil,40986096,73,70,Zurvan,Materia,0,0,c84676ef434b75aec3260707fcad3d8a_1fa3a1b3845481a1b67b46854a3cc49afc0.jpg?1785932070,Silver,12,2,DNC
Swhe Swoo,28568079,74,71,Sephirot,Materia,0,0,fbccbe709d21605c6f47dec5052b1238_30a5f9eadea6e0cb684a5265362d0d59fc0.jpg?1785929349,Silver,9,0,SCH
Coffee Lover,50333621,75,93,Sophia,Materia,0,0,3c4552eb56bfb14f36d9b512873eac0d_ba15a18cd3a8fb567e39053022515eb6fc0.jpg?1785931967,Silver,20,9,UNK
Goober Gooberm,48887220,76,73,Ravana,Materia,0,0,4523e0b4a5f923b67e31f18f801210af_2f53b2675d3eea360f0b48d74d30af15fc0.jpg?1785932302,Silver,18,0,BLM
Athena' Aria,29939277,77,74,Ravana,Materia,0,0,c678c1cf7f9d7de3e80882588e7606e8_2f53b2675d3eea360f0b48d74d30af15fc0.jpg?1785930701,Silver,6,0,AST
Kensuke Sugimori,59626210,78,75,Zurvan,Materia,0,0,b8c23a3c5466f6621fe9629c20c0b897_1fa3a1b3845481a1b67b46854a3cc49afc0.jpg?1785930204,Bronze,20,2,NIN
Turuturu Mennmenn,51356780,79,83,Sephirot,Materia,0,0,501dec1a7db9bac050ecbd4f8028e6e6_30a5f9eadea6e0cb684a5265362d0d59fc0.jpg?1785932454,Bronze,18,2,MNK
Hotsingles Inyourarea,43275845,80,76,Sephirot,Materia,0,0,08be8dec8891190a5227c50c7650dd29_30a5f9eadea6e0cb684a5265362d0d59fc0.jpg?1785930233,Bronze,15,0,PCT
Makh'a Zruhn,42193944,81,77,Ravana,Materia,0,0,323be164f5593618bf1111ae4538ad96_2f53b2675d3eea360f0b48d74d30af15fc0.jpg?1785929958,Bronze,6,0,SAM
Ashmi Rae,18364101,82,78,Bismarck,Materia,0,0,2b3a41d227e2937852d5c1e031d5aba0_36f0570990ac5402b2ef514d36b0435cfc0.jpg?1785930405,Bronze,5,0,BRD
Mars Bars,41756039,83,79,Sophia,Materia,0,0,87af5886ec3b52e7e582ccc7755f6a9b_ba15a18cd3a8fb567e39053022515eb6fc0.jpg?1785930531,Bronze,24,0,SMN
Tiny Wrath,25583557,84,80,Zurvan,Materia,0,0,2c82c1a404fc646361cabcf478aed323_1fa3a1b3845481a1b67b46854a3cc49afc0.jpg?1785931449,Bronze,15,0,WAR
Fio Vanetti,41633033,85,92,Ravana,Materia,0,0,f237b05eb696b7fe8e05b757513a1ca2_2f53b2675d3eea360f0b48d74d30af15fc0.jpg?1785930638,Bronze,12,4,DRG
Ashe Elven,60375475,86,81,Ravana,Materia,0,0,d4a5d51981aa859d5ce41248e280c696_2f53b2675d3eea360f0b48d74d30af15fc0.jpg?1785931959,Bronze,5,0,PLD
Vistra Vistra,37543108,87,82,Sophia,Materia,0,0,b46ab5b00ca34214d4593336a0f112ed_ba15a18cd3a8fb567e39053022515eb6fc0.jpg?1785929984,Bronze,4,0,RPR
Inconspicuous Miqo'te,3493859,88,84,Sophia,Materia,0,0,0b6b4d2c312f136911f9717c83c17997_ba15a18cd3a8fb567e39053022515eb6fc0.jpg?1785929475,Bronze,11,0,VPR
Zepherii Sui,43963552,88,84,Sophia,Materia,0,0,31b395238c6120dc114964c652dc393b_ba15a18cd3a8fb567e39053022515eb6fc0.jpg?1785931388,Bronze,11,0,SGE
Aethon Shaan,60332336,90,86,Zurvan,Materia,0,0,2c608a6ec9ff59b0783f70b9c665a4b2_1fa3a1b3845481a1b67b46854a3cc49afc0.jpg?1785928912,Bronze,9,2,RDM
Therise Yld'amore,41754598,91,86,Bismarck,Materia,0,0,dea40bb49832c184ff5941cee3006818_36f0570990ac5402b2ef514d36b0435cfc0.jpg?1785930932,Bronze,7,0,DNC
Daeneris Stormborn,17816677,92,88,Zurvan,Materia,0,0,dd3c1f830e92ca4f902d42575517a37d_1fa3a1b3845481a1b67b46854a3cc49afc0.jpg?1785929912,Bronze,4,0,WHM
Samara Glazghotwyn,40818042,93,89,Sephirot,Materia,0,0,d89bdc111b4127d9f80e3d6a0ed3a55b_30a5f9eadea6e0cb684a5265362d0d59fc0.jpg?1785929354,Bronze,0,0,SAM
Jaliqai Bairon,49027736,94,90,Sophia,Materia,0,0,bb5b2ab907893aa971f0d78c6164de8c_ba15a18cd3a8fb567e39053022515eb6fc0.jpg?1785931336,Bronze,19,0,SMN
Lilith Sanguine,36164895,95,91,Sephirot,Materia,0,0,b5a3ec57fa0658672b263f583c34b618_30a5f9eadea6e0cb684a5265362d0d59fc0.jpg?1785931969,Bronze,17,0,RPR
Nina Galbraith,57618831,96,0,Sophia,Materia,0,0,2bfdb6895b850ccac8277687e617569b_ba15a18cd3a8fb567e39053022515eb6fc0.jpg?1785929098,Bronze,6,0,BLM
Edea Lea,13526979,97,94,Ravana,Materia,0,0,1ffd7eed10a84c313666e5ea2eb6bf47_2f53b2675d3eea360f0b48d74d30af15fc0.jpg?1785930787,Bronze,7,0,RDM
Ichijiro Yamada,36127691,97,94,Sephirot,Materia,0,0,f39e69adcf7734b0a69c586870bf7f99_30a5f9eadea6e0cb684a5265362d0d59fc0.jpg?1785929351,Bronze,7,0,DRK
Juli Luminous,3217903,97,94,Sephirot,Materia,0,0,26a268f2eafe6d1649e702420b1806e3_30a5f9eadea6e0cb684a5265362d0d59fc0.jpg?1785932349,Bronze,7,0,MCH
Valya Dream,36468496,97,94,Sophia,Materia,0,0,18a08ff1744351493a5bbc6c182e4baf_ba15a18cd3a8fb567e39053022515eb6fc0.jpg?1785931892,Bronze,7,0,AST
