name,id,cur_rank,prev_rank,world,dc,points,points_delta,portrait,tier,wins,wins_delta,job
Cliffe Zanza,36074329,1,0,Spriggan,Chaos,3131,1,d8d2fa78adb447ec4b6d5d747f5d5f84_feaf0a2e88ff164813fbc9b85876fa48fc0.jpg?1787220283,Ultima,178,3,MNK
Miyu Moon,58918526,2,25,Moogle,Chaos,3091,1197,1abf5ce3756f6fa0d1c5be2cd39491bc_d7a9d5f85a29d6278ec1c7adc2c8d242fc0.jpg?1787219725,Ultima,76,17,SAM
Totsu Geki,60147602,3,2,Spriggan,Chaos,2826,0,1b45188bdbf3dd4afe9a37a646eaa4b9_feaf0a2e88ff164813fbc9b85876fa48fc0.jpg?1787221988,Omega,323,0,SAM
Mamiyama Kamimama,37371304,4,3,Spriggan,Chaos,2744,0,3c6fd6569d3dce40308c9a2a1f3c3bfa_feaf0a2e88ff164813fbc9b85876fa48fc0.jpg?1787223196,Omega,319,0,SCH
Scarlet Rose,26616217,5,4,Spriggan,Chaos,2614,0,96ad88f23a708e8d6e391f669986d57c_feaf0a2e88ff164813fbc9b85876fa48fc0.jpg?1787221270,Omega,336,6,PLD
Saboree Catboy,36051653,6,5,Spriggan,Chaos,2548,0,b61ec1080d608b5a83f30baef219dc02_feaf0a2e88ff164813fbc9b85876fa48fc0.jpg?1787219716,Omega,227,19,MNK
Tsukuyo Ritlas,37800185,7,6,Odin,Light,2484,0,eca30840fe0bed8e80f620b5f57c49de_644311b63b607133c989d7c1188467dafc0.jpg?1787220997,Omega,94,0,RDM
Ange Melrose,50267939,8,7,Omega,Chaos,2432,0,f2fb3057962bf3d28bcce976076f5368_39e25ac3d737c46452305eefe324372cfc0.jpg?1787220681,Omega,182,19,SAM
Yasuki San,61688064,9,13,Phantom,Chaos,2391,192,37dbf9b8936faaf9c75f598c38dcac11_f0a43d6e5eea19af337a176e9836acddfc0.jpg?1787221417,Omega,357,9,UNK
Crow Kaien,44749262,10,8,Zodiark,Light,2375,0,54e5719ccbdb45c6de28f017b4365207_c274370774c6bc3483cc8740805f41bcfc0.jpg?1787220449,Omega,46,0,FSH
Aura Sphere,30657353,11,9,Zodiark,Light,2355,0,6cc4a373eafbcbf88a340a52d95f133e_c274370774c6bc3483cc8740805f41bcfc0.jpg?1787220888,Omega,102,0,DRG
Prisma Tic,38791879,12,10,Cerberus,Chaos,2348,0,5220c35172bb26154c862a6d485e37b8_777c57311d510ca65dac3c1077dee435fc0.jpg?1787220037,Omega,249,14,GNB
Resilla Frostflow,14658770,13,11,Cerberus,Chaos,2294,0,00a4e6250beb98b5644c87cffe8b7f4f_777c57311d510ca65dac3c1077dee435fc0.jpg?1787222995,Omega,140,0,AST
Auelin Fae,18291844,14,12,Zodiark,Light,2271,0,2d6204db02c5efce86aca234fd6f1ce1_c274370774c6bc3483cc8740805f41bcfc0.jpg?1787220747,Omega,112,0,NIN
Ivaious Zol,38270926,15,0,Odin,Light,2215,97,2e78b44195db83336b1acbe75927a864_644311b63b607133c989d7c1188467dafc0.jpg?1787222123,Omega,97,10,RDM
Lhei Tayun,25191408,16,14,Zodiark,Light,2179,0,6ee93960f16da0ea5150fe1b7590dfa4_c274370774c6bc3483cc8740805f41bcfc0.jpg?1787219771,Omega,198,2,BLM
Tia Tomoe,41293767,17,27,Phoenix,Light,2169,286,7dc31b9a880ba3f36a3ef1208e0c5909_5047bc596a4bab2dc7f7c120bb22dec5fc0.jpg?1787221497,Omega,82,12,SMN
Sice Seven,15008161,18,16,Moogle,Chaos,2104,0,23657ac0d29f4bc5667ef1e00cf528f8_d7a9d5f85a29d6278ec1c7adc2c8d242fc0.jpg?1787220509,Omega,88,5,BRD
Shino Yaru,38308969,19,17,Phoenix,Light,2086,0,0662727bb913ed7fe3009f3542ea1e64_5047bc596a4bab2dc7f7c120bb22dec5fc0.jpg?1787222731,Omega,175,0,UNK
Loty Coldwind,36521588,20,18,Twintania,Light,2082,0,3632cf6d20598f5c4c7b748be7e19153_c33f640c0cdd35f7def85b8aa31a0007fc0.jpg?1787220898,Omega,258,11,MNK
Ase Dora,42603487,21,23,Alpha,Light,2019,92,78626e6cf6f07875d5ac9527a5bd0c4d_6132295fcf5570fb8b0a944ef322a598fc0.jpg?1787220051,Omega,365,25,DRK
Maarato Cookie,20349526,22,19,Twintania,Light,2002,0,dbab16598b86bb31b2eb96070f723572_c33f640c0cdd35f7def85b8aa31a0007fc0.jpg?1787221669,Omega,156,26,MCH
Tarutella Goldfish,4235488,23,26,Phoenix,Light,1989,98,f269741c27ca22c02db955557e7283fa_5047bc596a4bab2dc7f7c120bb22dec5fc0.jpg?1787220284,Omega,66,10,SGE
Leedo Dale,25033597,24,20,Zodiark,Light,1983,0,9e122691e98bda2ea6abe86ed7b81a63_c274370774c6bc3483cc8740805f41bcfc0.jpg?1787220988,Omega,380,11,SAM
Elohim Meth,60682611,25,21,Raiden,Light,1930,0,0b14f1751b014118eca06236e1fdf2bf_a370664d98f658f4ed4e620f378f73cdfc0.jpg?1787220382,Omega,141,0,UNK
Deadrise Mutombo,31730694,26,22,Ragnarok,Chaos,1928,0,a382acb94313f23d966dd6d39d909bea_40d57ba713628f3f1ef5ef204b6d76d2fc0.jpg?1787220015,Omega,128,3,BRD
Arale Il,15406803,27,24,Ragnarok,Chaos,1919,0,e5c2a19e43a1edb9b276827163b36a1b_40d57ba713628f3f1ef5ef204b6d76d2fc0.jpg?1787222073,Omega,142,0,WHM
Not Marci,51672179,28,0,Louisoix,Chaos,1828,0,b6c4338b1daa8161914134b74ee784f0_0a122616f3718d3f45cab10fd8fc1604fc0.jpg?1787220584,Omega,104,0,DRG
Misora Kaiatsa,25126040,29,0,Moogle,Chaos,1804,0,80fa199452585ab77d14128509576300_d7a9d5f85a29d6278ec1c7adc2c8d242fc0.jpg?1787221153,Omega,118,7,RDM
Xen Thique,40172078,30,0,Odin,Light,1797,0,8930228f4df0c18feea28ebbb1c451f2_644311b63b607133c989d7c1188467dafc0.jpg?1787222107,Omega,107,0,WHM
Miyu Edelfelt,21335430,31,0,Phoenix,Light,1785,0,ba690d74246b4d07f543f0d9516feec2_5047bc596a4bab2dc7f7c120bb22dec5fc0.jpg?1787222100,Omega,162,0,SGE
Tei Tei,36611700,32,0,Odin,Light,1699,0,21c224545e3d3af775a3d377c8e444bf_644311b63b607133c989d7c1188467dafc0.jpg?1787219698,Omega,121,2,WHM
Dalik Mathis,9537863,33,0,Ragnarok,Chaos,1694,0,fd4dde44208527cc20e58ba589d51f01_40d57ba713628f3f1ef5ef204b6d76d2fc0.jpg?1787220037,Omega,129,3,GNB
Sweet Light,41777815,34,0,Spriggan,Chaos,1679,0,2e6808627bd2b8f0f5f0377d20cbbbc5_feaf0a2e88ff164813fbc9b85876fa48fc0.jpg?1787220888,Omega,85,2,DNC
Fygqhzr Zhgfjhh,49000606,35,0,Phantom,Chaos,1679,0,ed46d70a9c354991698a796aac7c462e_f0a43d6e5eea19af337a176e9836acddfc0.jpg?1787220290,Omega,46,0,DRG
Shia Sun,1754600,36,0,Odin,Light,1678,0,7550981ba488e5ebe919aa3cb39efbfa_644311b63b607133c989d7c1188467dafc0.jpg?1787222589,Omega,168,7,AST
Delzor Waka,40194085,37,0,Odin,Light,1663,0,bde30c4caff355f65cf9761727b12725_644311b63b607133c989d7c1188467dafc0.jpg?1787222751,Omega,156,5,MCH
Pan Ther,47356852,38,0,Twintania,Light,1651,0,fc9492796dbee9f84ae010350ec7759c_c33f640c0cdd35f7def85b8aa31a0007fc0.jpg?1787221956,Omega,148,0,RPR
Maggot Maggot,61703768,39,0,Omega,Chaos,1610,0,3657d57f4a20a5d901d7f4537f1b7307_39e25ac3d737c46452305eefe324372cfc0.jpg?1787222341,Omega,230,0,DRK
Two Koma,51508003,40,0,Zodiark,Light,1595,0,15a666f8d7bb67401300fae763ce4d32_c274370774c6bc3483cc8740805f41bcfc0.jpg?1787221560,Omega,125,0,DRK
Kimbi Aoe,24693270,41,0,Shiva,Light,1593,0,67e0ddfb70faf5725a971d086cfdce61_3fbff0e6b620e4d259dc427abc6574dafc0.jpg?1787221431,Omega,79,0,MCH
Cat Wife,21099767,42,0,Zodiark,Light,1584,0,76d1664265ae631c957cfab6c72cfba9_c274370774c6bc3483cc8740805f41bcfc0.jpg?1787220017,Omega,25,0,RDM
Jun Moxiao,40533777,43,50,Odin,Light,1571,292,9f41b7adf0a59849ae35b17cdace2b32_644311b63b607133c989d7c1188467dafc0.jpg?1787222679,Omega,118,10,VPR
Yi Ma,60448295,44,43,Phoenix,Light,1564,0,bb3af62117cae7488d9b02007f341c7b_5047bc596a4bab2dc7f7c120bb22dec5fc0.jpg?1787221315,Omega,121,0,SMN
Memento Mo'ri,1641495,45,44,Ragnarok,Chaos,1495,0,86323bce84189061b1d71ff1dc25266a_40d57ba713628f3f1ef5ef204b6d76d2fc0.jpg?1787223007,Crystal,94,1,SMN
Ten Gil,17217146,46,45,Louisoix,Chaos,1486,0,884fcae1e61228d09798c630a2c827fb_0a122616f3718d3f45cab10fd8fc1604fc0.jpg?1787221870,Crystal,53,0,SMN
Shimori Bunihara,35166011,47,46,Raiden,Light,1461,0,c44c8fc68c230b1051ec35a527afe9ed_a370664d98f658f4ed4e620f378f73cdfc0.jpg?1787220116,Crystal,134,0,RPR
Akari Tsuki,31005286,48,47,Louisoix,Chaos,1398,0,28e1cfaecfbf911dc3621f5de74642aa_0a122616f3718d3f45cab10fd8fc1604fc0.jpg?1787220219,Crystal,52,0,GSM
Aurora Maou,26517539,49,48,Louisoix,Chaos,1388,0,433a49b5cc43b35afac03d97c50262f9_0a122616f3718d3f45cab10fd8fc1604fc0.jpg?1787220781,Crystal,106,0,SCH
Lex'ander Wayfarer,18009481,50,52,Odin,Light,1311,100,0adfa03fe11940a91e3b6a2ed08ddb88_644311b63b607133c989d7c1188467dafc0.jpg?1787222667,Crystal,54,1,SAM
Chise Hatori',9182735,51,58,Ragnarok,Chaos,1301,298,236f29f4984f26e6b197da380f104a63_40d57ba713628f3f1ef5ef204b6d76d2fc0.jpg?1787220046,Crystal,147,13,RDM
Meryll Enetari,24681550,52,49,Cerberus,Chaos,1293,0,f4fe16c70d7023e2101e19421c5abf1e_777c57311d510ca65dac3c1077dee435fc0.jpg?1787221071,Crystal,275,11,DNC
Sunie Mochi,12728791,53,51,Twintania,Light,1259,0,4760f9b45bd6f71f83adbd97ab87eae3_c33f640c0cdd35f7def85b8aa31a0007fc0.jpg?1787221095,Crystal,187,6,DNC
Yun' Yun,11341467,54,57,Cerberus,Chaos,1203,199,df098ceed6d9cf14cf61cc4110cd6cb5_777c57311d510ca65dac3c1077dee435fc0.jpg?1787220209,Crystal,154,5,AST
Based Miqote,46487952,55,53,Twintania,Light,1102,0,5e2bb42e554586a20b050b7fd3f88e26_c33f640c0cdd35f7def85b8aa31a0007fc0.jpg?1787223154,Crystal,99,0,UNK
Myst Freyja,33906213,56,54,Omega,Chaos,1102,0,240b879fd403fc16c04022b6075077ae_39e25ac3d737c46452305eefe324372cfc0.jpg?1787222516,Crystal,69,0,RDM
Snap Ringer,18714030,57,139,Omega,Chaos,1093,893,77577ce781d587b133c9c53da0974817_39e25ac3d737c46452305eefe324372cfc0.jpg?1787220738,Crystal,22,13,WAR
Phaey Yeon,58326616,58,55,Moogle,Chaos,1006,0,6497d439e55c80c0156c198e7f135c78_d7a9d5f85a29d6278ec1c7adc2c8d242fc0.jpg?1787220772,Crystal,112,0,UNK
Imy Pure,24943089,59,56,Cerberus,Chaos,1006,0,2e46879ac1baf7fc77ec2de872a0461c_777c57311d510ca65dac3c1077dee435fc0.jpg?1787222047,Crystal,24,0,SCH
A'dyalani Sato,10026278,60,67,Odin,Light,1001,193,d072994a22af88090aecf6e5a3b85c36_644311b63b607133c989d7c1188467dafc0.jpg?1787222510,Crystal,160,16,NIN
Yhren Vhal,56948558,61,0,Odin,Light,998,86,3f62ad2093c1016540ef936a5563823b_644311b63b607133c989d7c1188467dafc0.jpg?1787222226,Crystal,204,22,UNK
Yamizura Kumozuma,19652230,62,63,Twintania,Light,984,98,24bbc9cebf09eb83efcbc272c3085fd1_c33f640c0cdd35f7def85b8aa31a0007fc0.jpg?1787222342,Crystal,14,2,SCH
Elyndra Mayhn,27143285,63,59,Twintania,Light,937,0,e4b30c11c8c987996e50ee4c5899c037_c33f640c0cdd35f7def85b8aa31a0007fc0.jpg?1787219748,Crystal,124,0,BRD
Tyra Kett,26531277,64,60,Spriggan,Chaos,926,0,101b7ec48bba5c5e5b34fda1316c57bc_feaf0a2e88ff164813fbc9b85876fa48fc0.jpg?1787222185,Crystal,126,0,DRG
Sin Mirrorslave,43994621,65,62,Raiden,Light,908,0,3f8e3345c252d3f9b50e27c481f91100_a370664d98f658f4ed4e620f378f73cdfc0.jpg?1787221970,Crystal,59,0,UNK
Magic Beans,43732030,66,89,Phoenix,Light,905,303,4a7e75e2be4f70e389e8807cc1d2b885_5047bc596a4bab2dc7f7c120bb22dec5fc0.jpg?1787220191,Crystal,121,5,SMN
Holos Ymir,35299241,67,64,Cerberus,Chaos,876,0,f8029ed36fad032333305dfa455cddec_777c57311d510ca65dac3c1077dee435fc0.jpg?1787221586,Crystal,78,6,BRD
Kyouko Owo,25629243,68,65,Louisoix,Chaos,860,0,4fbeb17208a00397ad05eebfc2d20d2f_0a122616f3718d3f45cab10fd8fc1604fc0.jpg?1787220635,Crystal,53,0,WHM
Lsi Lsi,47353875,69,95,Lich,Light,817,304,792b3235fe2fbd35d956e856c210194f_7206469080400ed57a5373d0a9c55c59fc0.jpg?1787221331,Crystal,85,23,PCT
Khorasan Ataraxia,47289604,70,66,Shiva,Light,811,0,721a6c9c723209b16696818df4cf0c93_3fbff0e6b620e4d259dc427abc6574dafc0.jpg?1787221259,Crystal,226,4,UNK
Lybel Alyborias,25836089,71,68,Louisoix,Chaos,807,0,a86b680e6c4e5e23befaaaf535a158de_0a122616f3718d3f45cab10fd8fc1604fc0.jpg?1787221040,Crystal,67,0,RDM
Wwwwwwwwww Wwwwwwwwww,22934838,72,84,Odin,Light,807,112,44b50a04ce7aed4e2c4699753f5b83bc_644311b63b607133c989d7c1188467dafc0.jpg?1787222280,Crystal,54,12,SMN
Baka Bao,30345026,73,85,Phantom,Chaos,801,109,57df7efcbcdf8f1aca84c4f1435c36ba_f0a43d6e5eea19af337a176e9836acddfc0.jpg?1787222248,Crystal,401,21,SMN
Brian Ricardo,23607238,74,97,Zodiark,Light,801,295,9c9d045f5f22c579ce5c24faa2b9b303_c274370774c6bc3483cc8740805f41bcfc0.jpg?1787220846,Crystal,65,9,SGE
Tay Talenath,45740169,75,69,Raiden,Light,799,0,b2fa0c7222f7e3ebe117f24a200e11d8_a370664d98f658f4ed4e620f378f73cdfc0.jpg?1787222566,Crystal,168,0,AST
Raiden Thorne,27238016,76,92,Zodiark,Light,797,200,96a909af8d24d60f6d8173f8cc16facb_c274370774c6bc3483cc8740805f41bcfc0.jpg?1787223058,Crystal,14,2,MCH
Drop Dead,61865612,77,70,Raiden,Light,796,0,8b4d73c68bf61dbad86bb051105da5ec_a370664d98f658f4ed4e620f378f73cdfc0.jpg?1787222339,Crystal,61,0,WAR
Endorel Soro,12949151,78,71,Alpha,Light,796,0,038b9a835f84a3b80a8a467605d3dd8c_6132295fcf5570fb8b0a944ef322a598fc0.jpg?1787221008,Crystal,43,0,UNK
Acacia Strain,43137076,79,72,Raiden,Light,794,0,8678948c8fea34b563980d4a6da37e32_a370664d98f658f4ed4e620f378f73cdfc0.jpg?1787223137,Crystal,312,8,SMN
Sal Ren,40787945,80,73,Phoenix,Light,793,0,9613f7a8c0a759977b8a3fe787fed7e0_5047bc596a4bab2dc7f7c120bb22dec5fc0.jpg?1787219897,Crystal,74,20,DRG
Hyzenthlay Efrafa,1817919,81,74,Ragnarok,Chaos,790,0,f61f49f2ed95a3709fa034686da0eb63_40d57ba713628f3f1ef5ef204b6d76d2fc0.jpg?1787221408,Crystal,59,8,SMN
Skillpade Skyr,37019657,82,75,Lich,Light,782,0,e520a31662bd7030c96e4951a4f2d301_7206469080400ed57a5373d0a9c55c59fc0.jpg?1787221369,Crystal,146,0,BLM
Terro Beoulevard,51148631,83,99,Sagittarius,Chaos,709,207,758b534f47542287e0b99c648590b2ac_44ca0844398b2d010d8cd4a31ddb023dfc0.jpg?1787222843,Crystal,60,6,VPR
Life Enjoyer,28145650,84,76,Raiden,Light,704,0,1f163924ab5a124c00b3684fe37e6e58_a370664d98f658f4ed4e620f378f73cdfc0.jpg?1787220392,Crystal,102,4,MNK
Farnese Shieldmaiden,24419493,85,77,Cerberus,Chaos,701,0,dcec016c4a6cd9a2bd3a2b73183f5a65_777c57311d510ca65dac3c1077dee435fc0.jpg?1787221564,Crystal,20,0,SMN
Red Aura,58355527,86,78,Spriggan,Chaos,700,0,24685b07d940d962953f7111d4144e46_feaf0a2e88ff164813fbc9b85876fa48fc0.jpg?1787219640,Crystal,49,0,MNK
Diarmuidia Ua-dibhne,60435376,87,79,Cerberus,Chaos,699,0,5d9b7dcb4848e335ad4a88c0dc644669_777c57311d510ca65dac3c1077dee435fc0.jpg?1787221271,Crystal,99,0,DRG
Feri De,32873333,88,80,Twintania,Light,698,0,04fae792c920333e5bdc3287c0df72e4_c33f640c0cdd35f7def85b8aa31a0007fc0.jpg?1787219638,Crystal,113,6,SGE
Kyra Nshakha,56831314,89,82,Alpha,Light,697,0,b27d76c3fbe312d06184fd92f8aebc55_6132295fcf5570fb8b0a944ef322a598fc0.jpg?1787219606,Crystal,94,24,VPR
Spedah Sashihai,46717230,90,81,Phantom,Chaos,697,0,916aa42d41d9cb06784f26d21d850c5a_f0a43d6e5eea19af337a176e9836acddfc0.jpg?1787222478,Crystal,77,0,SCH
Lost Signal,56186869,91,83,Odin,Light,695,0,b36972ee34bfd25f82ce348b32b6f5da_644311b63b607133c989d7c1188467dafc0.jpg?1787221948,Crystal,108,0,DRK
Gabriel Zephyrus,11099535,92,86,Zodiark,Light,690,0,fb5c6913d0c275952def0841ab82887f_c274370774c6bc3483cc8740805f41bcfc0.jpg?1787222904,Crystal,199,0,RPR
Laela Hyun,59589734,93,87,Phantom,Chaos,684,0,a377ba040d4300db7c8df4efc92acd53_f0a43d6e5eea19af337a176e9836acddfc0.jpg?1787220859,Crystal,55,0,UNK
Magidolce Magileine,39132419,94,88,Twintania,Light,614,0,088bd05d5a98251023ecb7e28a638b68_c33f640c0cdd35f7def85b8aa31a0007fc0.jpg?1787221042,Crystal,176,12,SMN
Sophia Ariadne,11431073,95,90,Odin,Light,600,0,f4329ddf82a418a6e12f1ba978bc1523_644311b63b607133c989d7c1188467dafc0.jpg?1787222244,Crystal,57,5,DRG
Roy Dimgao,29524655,96,91,Omega,Chaos,597,0,320af7149c63c337e5826c2c2cc1bf37_39e25ac3d737c46452305eefe324372cfc0.jpg?1787222094,Crystal,187,0,RDM
Feral Jorex,21749898,97,93,Odin,Light,594,0,f9027c778862384a6ae4224efd2fe7c3_644311b63b607133c989d7c1188467dafc0.jpg?1787221635,Crystal,224,11,SMN
General Aardvark,48423100,98,94,Twintania,Light,514,0,cf88029724167c1d18ed8c536a862900_c33f640c0cdd35f7def85b8aa31a0007fc0.jpg?1787221937,Crystal,144,3,SAM
Neclord Drakan,34358772,99,96,Phoenix,Light,510,0,7e002012c8fc4f9e493cd5879573e088_5047bc596a4bab2dc7f7c120bb22dec5fc0.jpg?1787220581,Crystal,41,0,SGE
Shiroko Momo,39619880,100,98,Odin,Light,504,0,83b4a27fbdf8dfdce9a7e095cc14bf41_644311b63b607133c989d7c1188467dafc0.jpg?1787223160,Crystal,147,0,VPR
Magna Shanoa,22946172,101,190,Omega,Chaos,499,399,fa3b3fe187b1dcbf8c4a5af5b2c5d507_39e25ac3d737c46452305eefe324372cfc0.jpg?1787222968,Crystal,30,6,GNB
Master Zoknik,47233914,102,100,Omega,Chaos,498,0,47b7a0d3c4816d6dc7cb85c85a3685f7_39e25ac3d737c46452305eefe324372cfc0.jpg?1787220393,Crystal,69,0,BLM
Yellow Blue,58488618,103,101,Spriggan,Chaos,497,0,51731f8a93c1d8b59b5c3ded4ffb5a64_feaf0a2e88ff164813fbc9b85876fa48fc0.jpg?1787220068,Crystal,80,0,DRG
Alex Rider,15112833,104,175,Alpha,Light,497,397,3c32a1d9439fd94359ee9df8b368df94_6132295fcf5570fb8b0a944ef322a598fc0.jpg?1787220397,Crystal,76,9,DRG
Thor Strom,35911315,105,102,Cerberus,Chaos,496,0,3826da79ed71141aec290f69127b5c79_777c57311d510ca65dac3c1077dee435fc0.jpg?1787221871,Crystal,5,0,SCH
Reireiko Reiko,51402233,106,103,Alpha,Light,491,0,6bb627130b2067e09c7110eb74707745_6132295fcf5570fb8b0a944ef322a598fc0.jpg?1787222680,Crystal,32,3,WAR
Zecht Bradamant,31785474,107,104,Omega,Chaos,415,0,b0b8438e6682f2931a1a930121d0ab43_39e25ac3d737c46452305eefe324372cfc0.jpg?1787220461,Crystal,103,0,VPR
Yinwea Levai,36476322,108,105,Shiva,Light,412,0,944bf3a8e93fcc8f15f3f521462d11b5_3fbff0e6b620e4d259dc427abc6574dafc0.jpg?1787223088,Crystal,154,0,GNB
Frankie Urien,32323176,109,106,Odin,Light,405,0,ffae33588fe71f102672b7defdb50a30_644311b63b607133c989d7c1188467dafc0.jpg?1787220895,Crystal,212,0,BRD
Bing Bing,50857849,110,107,Odin,Light,404,0,1a2b77cf04680b9bfe1c19f07f9f1f44_644311b63b607133c989d7c1188467dafc0.jpg?1787220993,Crystal,66,1,MCH
Ul Unhu,9592278,111,108,Phoenix,Light,403,0,d703e404c81140848dbcd200abc4ef7e_5047bc596a4bab2dc7f7c120bb22dec5fc0.jpg?1787219806,Crystal,136,4,DRG
Sho'zhirr Shizahi-jo,28092848,112,149,Phoenix,Light,403,302,c6923f91c3f9e08d53d38488a3040788_5047bc596a4bab2dc7f7c120bb22dec5fc0.jpg?1787220392,Crystal,63,10,UNK
Seraban Mistodisushi,25116690,113,109,Omega,Chaos,402,0,9ab6f5d4307a747e8378402c6070b2a7_39e25ac3d737c46452305eefe324372cfc0.jpg?1787222439,Crystal,98,0,UNK
Lawr Hawk,28248881,114,110,Odin,Light,401,0,e241b26df61ea0e201b637a7ae6c4cd4_644311b63b607133c989d7c1188467dafc0.jpg?1787222470,Crystal,63,0,FSH
Aris Oz,41983172,115,111,Zodiark,Light,401,0,abbd4cf51609bf59977c5b4850c4c351_c274370774c6bc3483cc8740805f41bcfc0.jpg?1787222503,Crystal,44,0,WAR
Cipher Strife,7955322,116,127,Ragnarok,Chaos,400,199,fd0f2644fe22871d381e6bae8798c484_40d57ba713628f3f1ef5ef204b6d76d2fc0.jpg?1787222897,Crystal,217,11,GNB
Rin Tanaka,24116937,117,115,Phoenix,Light,398,94,05caa52c69a69c31a889325a1f319530_5047bc596a4bab2dc7f7c120bb22dec5fc0.jpg?1787221271,Crystal,95,18,SMN
Lion Lad,60548427,118,112,Phantom,Chaos,398,0,69af2e062eb7ba4549c964e1fbc8b79e_f0a43d6e5eea19af337a176e9836acddfc0.jpg?1787222467,Crystal,29,0,BRD
Firas Xll,61570305,119,113,Alpha,Light,397,0,180935d91342970858d2044d5c23d436_6132295fcf5570fb8b0a944ef322a598fc0.jpg?1787219901,Crystal,68,0,MNK
Mitsuki Mirai,18435457,120,114,Louisoix,Chaos,384,0,365f1772f387bd280bdbfc16afbd5e4e_0a122616f3718d3f45cab10fd8fc1604fc0.jpg?1787222007,Crystal,26,5,BLM
Victoria Nyala,43751055,121,116,Phoenix,Light,304,0,d41ca298e2f03ee2273aca61640ebce0_5047bc596a4bab2dc7f7c120bb22dec5fc0.jpg?1787219725,Crystal,59,0,MCH
Yoe Lleufyn,28631681,122,228,Phoenix,Light,302,302,9584dd8fac44ba749b0855105a0e29e9_5047bc596a4bab2dc7f7c120bb22dec5fc0.jpg?1787222911,Crystal,84,21,PCT
Neo Saladin,60195724,123,117,Alpha,Light,299,0,d61ef205c9700150e78797546d2ac263_6132295fcf5570fb8b0a944ef322a598fc0.jpg?1787220814,Crystal,90,0,ARC
Madelynn Veil,49771412,124,118,Omega,Chaos,299,0,92f91d9225bb816c6562fb117814681e_39e25ac3d737c46452305eefe324372cfc0.jpg?1787219611,Crystal,57,0,VPR
Jou Bright,26172504,125,201,Shiva,Light,298,298,80f6d86c4118e80a4c51ba20920a1384_3fbff0e6b620e4d259dc427abc6574dafc0.jpg?1787219690,Crystal,177,16,SMN
Lunaelumen Heartless,3344766,126,119,Phoenix,Light,298,0,442c49c53db78614043ce10aa9733411_5047bc596a4bab2dc7f7c120bb22dec5fc0.jpg?1787221084,Crystal,48,0,BLU
Ultimo Tower,13765195,127,120,Odin,Light,297,0,f3f293a7802e54bc6d3f5c2ceb6f4902_644311b63b607133c989d7c1188467dafc0.jpg?1787222483,Crystal,97,0,MIN
Dundee Nic'hpisfa,35976824,128,121,Odin,Light,296,0,8eda92b5ce2e258786d149b7cb349e09_644311b63b607133c989d7c1188467dafc0.jpg?1787220810,Crystal,193,18,SGE
Zot To,18725302,129,122,Cerberus,Chaos,293,0,852c16bac4fe7f528a8653c65704e818_777c57311d510ca65dac3c1077dee435fc0.jpg?1787223052,Crystal,2,0,DRG
Night Siren,46140840,130,123,Alpha,Light,221,0,5b2c854dc9360523ee7fcd5bfee41621_6132295fcf5570fb8b0a944ef322a598fc0.jpg?1787220563,Crystal,167,0,GNB
Erion Hein,39135014,131,124,Twintania,Light,216,0,ba6bc1e1e70e5f3402d91ecfcf7d01e8_c33f640c0cdd35f7def85b8aa31a0007fc0.jpg?1787222740,Crystal,144,0,MIN
Renna Vorak,25421061,132,125,Raiden,Light,206,0,c2dc94bad32c136ebcdcb42ec56ba1c3_a370664d98f658f4ed4e620f378f73cdfc0.jpg?1787223080,Crystal,73,0,PLD
Brutal Killer,8885117,133,126,Ragnarok,Chaos,203,0,30c6a6207c7e93d407784888a7f29c97_40d57ba713628f3f1ef5ef204b6d76d2fc0.jpg?1787220370,Crystal,3,0,WAR
Gaspard Deguingoix,11032081,134,128,Moogle,Chaos,201,0,b9283e6a6be9cd219ee0afea98546775_d7a9d5f85a29d6278ec1c7adc2c8d242fc0.jpg?1787221858,Crystal,79,1,SGE
Sayuri Maeshima,33888798,135,129,Omega,Chaos,201,0,9543e703e2409901a4e4c51fcd72a0bd_39e25ac3d737c46452305eefe324372cfc0.jpg?1787220148,Crystal,56,0,WHM
Tiranna Reinford,12390793,136,130,Moogle,Chaos,201,0,287223c7dac01617ab03a9e54406de0e_d7a9d5f85a29d6278ec1c7adc2c8d242fc0.jpg?1787220782,Crystal,31,0,BLU
Blunt Man,35300195,137,143,Louisoix,Chaos,200,4,bfddeb1fd8c57b9259f8bb179dd8158b_0a122616f3718d3f45cab10fd8fc1604fc0.jpg?1787221165,Crystal,129,10,SAM
Purr It,40913226,138,131,Zodiark,Light,200,0,9adf9c1689ff6761673da6e25b839b7b_c274370774c6bc3483cc8740805f41bcfc0.jpg?1787221841,Crystal,104,12,RPR
Riseon Misha,26343965,139,133,Zodiark,Light,200,0,d883dcfcee6650b3e6e1691bf6838f6c_c274370774c6bc3483cc8740805f41bcfc0.jpg?1787222840,Crystal,79,8,RDM
Mizu Shimizu,41402391,140,132,Twintania,Light,200,0,b745f1d87ccd905d96d6b6ca49092222_c33f640c0cdd35f7def85b8aa31a0007fc0.jpg?1787221831,Crystal,74,0,UNK
Shadow Aya,54551815,141,134,Zodiark,Light,200,0,5ca13f39db9eefc50e8e57be73e7254e_c274370774c6bc3483cc8740805f41bcfc0.jpg?1787220322,Crystal,55,9,DRK
Krek Balflear,48912824,142,135,Sagittarius,Chaos,200,0,3ddedc4fdcf35465d04f99e2b4737a9f_44ca0844398b2d010d8cd4a31ddb023dfc0.jpg?1787222270,Crystal,42,0,RPR
Ash Dreadsaint,16641514,143,235,Alpha,Light,200,200,35babc8a56d97c1de09ffbf594068bd0_6132295fcf5570fb8b0a944ef322a598fc0.jpg?1787222977,Crystal,39,21,VPR
Neppie Nen,38644421,144,136,Phoenix,Light,200,0,6744f6c777bfc017ed7318054ef44f3d_5047bc596a4bab2dc7f7c120bb22dec5fc0.jpg?1787222834,Crystal,31,0,DRG
Eve Naeuri,43290162,145,137,Sagittarius,Chaos,200,0,c143c5d5e461ba9e3f51c07a3de23e21_44ca0844398b2d010d8cd4a31ddb023dfc0.jpg?1787222103,Crystal,26,2,SGE
Selin Naari,16360751,146,138,Cerberus,Chaos,200,0,fb2c3681e2cb33bdcd7894d5aad0b9ec_777c57311d510ca65dac3c1077dee435fc0.jpg?1787220766,Crystal,21,0,SGE
Baby Starz,27999014,147,140,Omega,Chaos,199,0,e8cb7daea22ff306dcc9397ecad5a4a2_39e25ac3d737c46452305eefe324372cfc0.jpg?1787221871,Crystal,139,12,NIN
Pat Olehouse,17156873,148,141,Lich,Light,199,0,54c944c62ef7bd68e95a2a558d856482_7206469080400ed57a5373d0a9c55c59fc0.jpg?1787221475,Crystal,85,4,PLD
Medicine Melancholy,25525676,149,142,Raiden,Light,199,0,8a3aaef7e82e665cdb12f15457700593_a370664d98f658f4ed4e620f378f73cdfc0.jpg?1787220846,Crystal,70,0,ALC
Ame Ame,20722816,150,0,Ragnarok,Chaos,198,198,84eea0fa24e8d91df6e02312644e4c94_40d57ba713628f3f1ef5ef204b6d76d2fc0.jpg?1787220501,Crystal,39,11,UNK
Vyn Silvair,21908199,151,144,Shiva,Light,196,0,05a4597e1e8ad1e87cfc4aab88be286c_3fbff0e6b620e4d259dc427abc6574dafc0.jpg?1787222452,Crystal,87,0,GNB
Mats Luxed,36390152,152,145,Twintania,Light,196,0,4d98b4ef01ccfc9df166d83a5771a4ea_c33f640c0cdd35f7def85b8aa31a0007fc0.jpg?1787220836,Crystal,32,0,DRK
Luca Natura,26126798,153,146,Omega,Chaos,196,0,aee9a8f332f96a4c5a45923c0e82782a_39e25ac3d737c46452305eefe324372cfc0.jpg?1787221168,Crystal,24,0,GSM
Wieg Wiggles,35061622,154,147,Lich,Light,192,0,61256a3e6c4f0c3dcc05469f5550d102_7206469080400ed57a5373d0a9c55c59fc0.jpg?1787222660,Crystal,171,0,WAR
Deltimor Offerentis,53216923,155,148,Ragnarok,Chaos,101,0,b1f3b3bcc24281f671ac2ced6960431a_40d57ba713628f3f1ef5ef204b6d76d2fc0.jpg?1787221233,Crystal,285,1,BLM
Arima Sui,61051327,156,150,Alpha,Light,100,0,a616749d9bdfd00b6659f83dbb1c8a7f_6132295fcf5570fb8b0a944ef322a598fc0.jpg?1787220477,Crystal,283,15,PGL
Freya Highwind,37533969,157,151,Spriggan,Chaos,100,0,de376c51fd21ccbb1018c1c3fb40734b_feaf0a2e88ff164813fbc9b85876fa48fc0.jpg?1787221374,Crystal,204,0,ALC
Laville Burns,44676490,158,222,Alpha,Light,100,100,1999bb362905ab6ad44fa2e8931ef3dc_6132295fcf5570fb8b0a944ef322a598fc0.jpg?1787219715,Crystal,200,9,SAM
Arienai Nashi,47596567,159,152,Zodiark,Light,100,0,ccbc05e41375849179a5f554d78d7ae1_c274370774c6bc3483cc8740805f41bcfc0.jpg?1787222657,Crystal,184,0,PCT
Keraunos Greywolfe,31183458,160,153,Alpha,Light,100,0,3431088cd9f33e5f20e30162c35286fd_6132295fcf5570fb8b0a944ef322a598fc0.jpg?1787221877,Crystal,177,0,DRK
Staz Hellcat,8016319,161,154,Cerberus,Chaos,100,0,c7e860ceda35e35e41bca47bf02624be_777c57311d510ca65dac3c1077dee435fc0.jpg?1787223000,Crystal,155,0,SAM
Dacien Darlett,3339751,162,155,Odin,Light,100,0,0311b8a0924e142c3f1da4b81f645156_644311b63b607133c989d7c1188467dafc0.jpg?1787221302,Crystal,152,0,SCH
Lumine Heartseeker,37169102,163,156,Lich,Light,100,0,bef41e353f9709f6c26365adcd129410_7206469080400ed57a5373d0a9c55c59fc0.jpg?1787221311,Crystal,148,0,SMN
Lina Sunstar,52075433,164,157,Spriggan,Chaos,100,0,d60c4576e74acfcd0ed77a6ea5d48800_feaf0a2e88ff164813fbc9b85876fa48fc0.jpg?1787221519,Crystal,147,0,WHM
Magnus Skorweg,14288959,165,158,Cerberus,Chaos,100,0,36b3ca5cc0c3fa7edd1b5b276f54a6fc_777c57311d510ca65dac3c1077dee435fc0.jpg?1787220185,Crystal,145,0,SMN
Lolorei Lalarei,3686155,166,159,Omega,Chaos,100,0,da6ff12e4effc4cbacfe1b954f1c3bf5_39e25ac3d737c46452305eefe324372cfc0.jpg?1787223171,Crystal,131,2,WHM
Wimp Lo,37793632,167,163,Zodiark,Light,100,0,45ed053d252c3a44eabe55329426aa37_c274370774c6bc3483cc8740805f41bcfc0.jpg?1787222870,Crystal,110,7,NIN
Deme Tayuun,14832348,168,160,Lich,Light,100,0,ae2fb7b7ac8ad3f92247efdd9fade6e7_7206469080400ed57a5373d0a9c55c59fc0.jpg?1787221231,Crystal,108,0,WAR
Haadin Maero,25649806,168,160,Cerberus,Chaos,100,0,ab3efb60a6f01134129c732e6e60c255_777c57311d510ca65dac3c1077dee435fc0.jpg?1787220210,Crystal,108,0,RDM
Airi Rhitik,2286171,170,240,Moogle,Chaos,100,100,0e7c747879926e0f575c8444323c478f_d7a9d5f85a29d6278ec1c7adc2c8d242fc0.jpg?1787222658,Crystal,106,12,WHM
Lilia Sunvale,59323692,171,162,Phoenix,Light,100,0,01173bfd4d3bd682b07d6e9ac6dafd16_5047bc596a4bab2dc7f7c120bb22dec5fc0.jpg?1787219738,Crystal,105,0,BRD
Keylinda Heliopsis,44659154,172,166,Moogle,Chaos,100,0,aae227ec83063cc479b9c5f6fb803e66_d7a9d5f85a29d6278ec1c7adc2c8d242fc0.jpg?1787221635,Crystal,102,3,WHM
Blaine Skyler,37236741,173,281,Louisoix,Chaos,100,100,f892c4691642e8efdead7c502a5d01f0_0a122616f3718d3f45cab10fd8fc1604fc0.jpg?1787220351,Crystal,101,8,MCH
Saku Rozen,1622070,173,164,Odin,Light,100,0,76d32a46909474e4b590ee6476bfabce_644311b63b607133c989d7c1188467dafc0.jpg?1787221770,Crystal,101,0,UNK
Aragorn Pendragon,9019127,175,165,Ragnarok,Chaos,100,0,87aef8a41356f31d322683bdf3e6103b_40d57ba713628f3f1ef5ef204b6d76d2fc0.jpg?1787221725,Crystal,100,0,WHM
Rain Hoshino,6160241,176,166,Moogle,Chaos,100,0,fc4a751ebc0402023f56f7934007c9ef_d7a9d5f85a29d6278ec1c7adc2c8d242fc0.jpg?1787222547,Crystal,99,0,PLD
Hope Carmine,31931991,177,168,Odin,Light,100,0,4d5e5c176cb534aaf44e67236bf6c171_644311b63b607133c989d7c1188467dafc0.jpg?1787221311,Crystal,97,0,GNB
Pave Zen,51542459,178,209,Zodiark,Light,100,100,c62f2300698b05a5ff2e27ea4ec74914_c274370774c6bc3483cc8740805f41bcfc0.jpg?1787222501,Crystal,96,9,FSH
Haki Haki,8290724,179,169,Ragnarok,Chaos,100,0,3fc43df6da1c629c59b5cdae63dee7a7_40d57ba713628f3f1ef5ef204b6d76d2fc0.jpg?1787220840,Crystal,94,0,RPR
Glyceri Chosuti,30338174,180,170,Moogle,Chaos,100,0,6d93c9241424e92e6f0351d35d8b6eaa_d7a9d5f85a29d6278ec1c7adc2c8d242fc0.jpg?1787220253,Crystal,88,0,SCH
Ark Kekko,50821807,181,171,Omega,Chaos,100,0,b81b1c241e98f7a5f9b9c81665be1243_39e25ac3d737c46452305eefe324372cfc0.jpg?1787222913,Crystal,86,0,RDM
Gun Grave,39069917,182,172,Alpha,Light,100,0,89afa1641c5d0fb3c37ff5b905d4b26a_6132295fcf5570fb8b0a944ef322a598fc0.jpg?1787221471,Crystal,77,0,UNK
Sahamaru Kamijo,13566032,183,173,Lich,Light,100,0,ab5bb27991a2037ddd8e8b0aef304406_7206469080400ed57a5373d0a9c55c59fc0.jpg?1787221657,Crystal,75,0,DRK
Akito Kotomine,14113084,184,174,Cerberus,Chaos,100,0,6535eaee5701ca6c10beffbfc70273c9_777c57311d510ca65dac3c1077dee435fc0.jpg?1787223156,Crystal,70,0,RPR
Lolarita Rorry,39677497,185,176,Odin,Light,100,0,3c990f7c55a34985fb496735b20a6b10_644311b63b607133c989d7c1188467dafc0.jpg?1787222532,Crystal,65,0,SGE
Tisha Adori,32551351,186,177,Zodiark,Light,100,0,a1f13f2decf7933275b7ce63051dc06f_c274370774c6bc3483cc8740805f41bcfc0.jpg?1787220921,Crystal,55,5,SMN
Guimiko Miko,54285624,187,177,Moogle,Chaos,100,0,610c37aeb64c6149d7c6d5ea93a8114e_d7a9d5f85a29d6278ec1c7adc2c8d242fc0.jpg?1787222331,Crystal,50,0,NIN
Ino Based,41531397,188,179,Alpha,Light,100,0,ae8562754d31616305226909752bc4fd_6132295fcf5570fb8b0a944ef322a598fc0.jpg?1787222090,Crystal,49,0,WAR
Const Mar,17323909,189,180,Phoenix,Light,100,0,9b3b80b05e36ff71934a612327c91867_5047bc596a4bab2dc7f7c120bb22dec5fc0.jpg?1787222185,Crystal,47,0,CRP
Onox Farbane,43799244,190,181,Zodiark,Light,100,0,c322e9dd886e64c0365244e0b587448f_c274370774c6bc3483cc8740805f41bcfc0.jpg?1787221267,Crystal,44,0,WAR
Pattinger Kersel,8183392,190,181,Raiden,Light,100,0,4fec5839fc0fc0bba3a80fc4e1910660_a370664d98f658f4ed4e620f378f73cdfc0.jpg?1787219769,Crystal,44,0,BLM
Maya White,9385038,192,183,Twintania,Light,100,0,1ab5adfc5d7d400ad0f8b4d181e6d2f0_c33f640c0cdd35f7def85b8aa31a0007fc0.jpg?1787222772,Crystal,40,0,WAR
Sotek Scherwil,486374,193,184,Twintania,Light,100,0,c881840c18d6c9fc415801f5f8240174_c33f640c0cdd35f7def85b8aa31a0007fc0.jpg?1787220190,Crystal,37,0,RDM
Gwen Farron,10011051,194,185,Ragnarok,Chaos,100,0,3348ff23f3315e0457aa0694f655e953_40d57ba713628f3f1ef5ef204b6d76d2fc0.jpg?1787221493,Crystal,35,0,DRK
Sakurane Zero'yuurai,13075529,195,186,Ragnarok,Chaos,100,0,b65369d4b043831749f5fa45d2428e30_40d57ba713628f3f1ef5ef204b6d76d2fc0.jpg?1787222893,Crystal,31,0,SGE
Ka La,18103622,196,187,Ragnarok,Chaos,100,0,79cb69a4d9a7535c8ee4e2bbfc9b2a1d_40d57ba713628f3f1ef5ef204b6d76d2fc0.jpg?1787221940,Crystal,28,0,VPR
Yuripa Arashi,37731658,196,187,Shiva,Light,100,0,73ff0d0b3cc5f92ec79dabffa2bedf80_3fbff0e6b620e4d259dc427abc6574dafc0.jpg?1787221090,Crystal,28,0,WAR
Mhia Mewrilah,26716262,198,189,Omega,Chaos,100,0,6b70c463b87dca3437d37504f74aad3b_39e25ac3d737c46452305eefe324372cfc0.jpg?1787222208,Crystal,27,0,WHM
Ebin Almsivi,35310847,199,191,Shiva,Light,100,0,0c72e527d2d86c2ee8f4698832e880b5_3fbff0e6b620e4d259dc427abc6574dafc0.jpg?1787221929,Crystal,23,0,PLD
Vanilla Blossom,41496807,199,191,Moogle,Chaos,100,0,b0e7d1b464d155d8791692fe2e47299d_d7a9d5f85a29d6278ec1c7adc2c8d242fc0.jpg?1787220916,Crystal,23,0,DRK
Ayrelinia Saelinire,41821402,201,193,Spriggan,Chaos,100,0,8604bb768bf59461e5f44eef46ee9961_feaf0a2e88ff164813fbc9b85876fa48fc0.jpg?1787223057,Crystal,20,0,FSH
Yuumi Fish,25707217,202,194,Cerberus,Chaos,100,0,1a7ebbda26c28eb61f262b9fb37e8c6e_777c57311d510ca65dac3c1077dee435fc0.jpg?1787221201,Crystal,18,0,DNC
Aeo We,10437907,203,195,Ragnarok,Chaos,100,0,2cc33bbd6e1f29b872030a98ed37c0fc_40d57ba713628f3f1ef5ef204b6d76d2fc0.jpg?1787221443,Crystal,17,1,UNK
Themis Sol,47563479,204,196,Shiva,Light,100,0,6640d69e3c987c86a5b702d852d86325_3fbff0e6b620e4d259dc427abc6574dafc0.jpg?1787222826,Crystal,13,0,PCT
Limit Cat,37849108,205,197,Lich,Light,100,0,5b03795e0323d8633451ea410c4aeced_7206469080400ed57a5373d0a9c55c59fc0.jpg?1787220942,Crystal,3,0,MNK
Moki Moki,14235486,206,198,Odin,Light,100,0,82d3ef8d03fa7a6ddf4429f15fd296a2_644311b63b607133c989d7c1188467dafc0.jpg?1787220011,Crystal,1,0,MNK
Lylia Venis,13391767,207,199,Moogle,Chaos,100,0,79af70239d663a69f312f0788f3cf927_d7a9d5f85a29d6278ec1c7adc2c8d242fc0.jpg?1787221392,Crystal,0,0,PLD
Athena Olympe,44680885,208,200,Sagittarius,Chaos,0,0,7e7afe9e9cebc29cee3220c1e0530540_44ca0844398b2d010d8cd4a31ddb023dfc0.jpg?1787222085,Diamond,172,0,WAR
Bagel Egg,18929023,209,202,Omega,Chaos,0,0,f655117235b1c0d199ca39849579a631_39e25ac3d737c46452305eefe324372cfc0.jpg?1787220293,Diamond,155,15,GNB
Lu Mi,47806406,210,203,Raiden,Light,0,0,c8d19bad38e9523a4db779b2bf514973_a370664d98f658f4ed4e620f378f73cdfc0.jpg?1787222032,Diamond,83,0,SCH
Rave Bae,47220633,211,204,Alpha,Light,0,0,e640b0d43fa0078b032cbecc50b4e94c_6132295fcf5570fb8b0a944ef322a598fc0.jpg?1787221369,Diamond,61,0,BRD
Tomo Kote,55321667,212,219,Zodiark,Light,0,0,5955a289356783d4701df9a9c192d2b8_c274370774c6bc3483cc8740805f41bcfc0.jpg?1787221084,Diamond,35,2,NIN
Tsuguri Tempest,8093380,213,205,Moogle,Chaos,0,0,673dd69d52b7f7c210bb231091fd1922_d7a9d5f85a29d6278ec1c7adc2c8d242fc0.jpg?1787221150,Diamond,28,3,SAM
Tsu Kee,47596814,214,206,Zodiark,Light,0,0,df5063d6db141a1bc921d4623e08a366_c274370774c6bc3483cc8740805f41bcfc0.jpg?1787222072,Diamond,185,0,BRD
Rem Minase,15335467,215,207,Ragnarok,Chaos,0,0,6f4b9532213e5ed122fcac3e5c3b4cc5_40d57ba713628f3f1ef5ef204b6d76d2fc0.jpg?1787223151,Diamond,177,2,SMN
Vic Strider,53817077,216,208,Raiden,Light,0,0,64d68250fabd33e4972dcba2d2638d6c_a370664d98f658f4ed4e620f378f73cdfc0.jpg?1787221613,Diamond,119,4,WHM
Sir Azmuth,21784845,217,210,Lich,Light,0,0,aaa9e4ee439eaa5d584760975605186f_7206469080400ed57a5373d0a9c55c59fc0.jpg?1787222513,Diamond,96,10,SAM
Sangon Yukihoshi,11533024,218,211,Raiden,Light,0,0,d5814159d4f4b2afaa562891375a7b01_a370664d98f658f4ed4e620f378f73cdfc0.jpg?1787222654,Diamond,44,0,PLD
Kihn Shirudo,43951482,219,212,Spriggan,Chaos,0,0,2e619166d10daa6082c54563a5af17ff_feaf0a2e88ff164813fbc9b85876fa48fc0.jpg?1787221311,Diamond,41,0,DRK
Irmele Elandris,13301011,220,213,Odin,Light,0,0,545d79c172c687ee4ac495ceca89d9dd_644311b63b607133c989d7c1188467dafc0.jpg?1787221253,Diamond,28,0,AST
Littlebard Crits,44849524,221,214,Lich,Light,0,0,85155be3d7c3c8936c428085496b1e8d_7206469080400ed57a5373d0a9c55c59fc0.jpg?1787222474,Diamond,9,0,UNK
Manji Haq,30381529,222,215,Shiva,Light,0,0,1840291846e97e46d3053d2cb9351608_3fbff0e6b620e4d259dc427abc6574dafc0.jpg?1787221356,Diamond,145,3,NIN
Lavender Yumori,47189865,223,216,Phoenix,Light,0,0,c0a56a85a3c082e0dd3b96359531f30f_5047bc596a4bab2dc7f7c120bb22dec5fc0.jpg?1787223073,Diamond,87,0,DNC
Princess Emi,5884527,224,217,Twintania,Light,0,0,4ab2080550ab1fb15ca76fbfe8e8d512_c33f640c0cdd35f7def85b8aa31a0007fc0.jpg?1787222733,Diamond,57,0,PLD
Shiva Dorys,36432577,225,218,Phoenix,Light,0,0,df6ee6331f96148f2b97966d8a3e2a5a_5047bc596a4bab2dc7f7c120bb22dec5fc0.jpg?1787220297,Diamond,54,0,WHM
Veritan Indaerus,21877909,226,219,Odin,Light,0,0,978a128ddf080c55e3afc742274d0c9f_644311b63b607133c989d7c1188467dafc0.jpg?1787222414,Diamond,33,0,DRG
Doctor Zoidberg,9214410,227,221,Cerberus,Chaos,0,0,40bc630c90e57d0ca265dd7fc809d5c8_777c57311d510ca65dac3c1077dee435fc0.jpg?1787220111,Diamond,18,0,PCT
Mer Lin,50434149,228,0,Spriggan,Chaos,0,0,52a13256ecf71bc72e25a6b211b196c8_feaf0a2e88ff164813fbc9b85876fa48fc0.jpg?1787222968,Diamond,15,8,DRK
Sonnas Dedede,37860927,229,0,Twintania,Light,0,0,25b1bad7226a0841ef265c7dc5b0eba9_c33f640c0cdd35f7def85b8aa31a0007fc0.jpg?1787221544,Diamond,195,17,SAM
Katarina Kittycat,24355925,230,223,Twintania,Light,0,0,488decc103448e79430a7f4ffa3674c5_c33f640c0cdd35f7def85b8aa31a0007fc0.jpg?1787221271,Diamond,124,2,UNK
Benedikta Cucumber,55428569,231,224,Sagittarius,Chaos,0,0,1091166e96bfe839d8a067a8fc27848a_44ca0844398b2d010d8cd4a31ddb023dfc0.jpg?1787221760,Diamond,119,0,GNB
Charon Tesar,2860491,232,225,Shiva,Light,0,0,71fb4ffe6d15608a77682afdbdef53d7_3fbff0e6b620e4d259dc427abc6574dafc0.jpg?1787222347,Diamond,109,0,PCT
Lu' Bu',21757305,233,226,Odin,Light,0,0,20b9e744e2190850310da72ffaf5c5d4_644311b63b607133c989d7c1188467dafc0.jpg?1787220217,Diamond,88,0,VPR
Zerith Ars,7801227,234,227,Zodiark,Light,0,0,d9b23bac7d7203e071be18c6932a61a8_c274370774c6bc3483cc8740805f41bcfc0.jpg?1787221536,Diamond,76,0,DRG
Leenar Raim,45005021,235,229,Raiden,Light,0,0,cd15b6146d9e895f605fe9d8aa6e46d2_a370664d98f658f4ed4e620f378f73cdfc0.jpg?1787222680,Diamond,53,0,SCH
Magisa Vale,43527083,236,230,Phoenix,Light,0,0,50d54724458e52e82fcfc6d537b9e001_5047bc596a4bab2dc7f7c120bb22dec5fc0.jpg?1787220938,Diamond,52,0,DRG
Yuki Shinryu,18457903,237,231,Omega,Chaos,0,0,7c3380880e156cefcc0afc85574b6091_39e25ac3d737c46452305eefe324372cfc0.jpg?1787219789,Diamond,46,4,SCH
Decha Kirk,32806624,238,232,Moogle,Chaos,0,0,e50b415f85b832de8463247f434991ce_d7a9d5f85a29d6278ec1c7adc2c8d242fc0.jpg?1787220617,Diamond,34,0,BLM
Red Fluffy,41965323,239,233,Shiva,Light,0,0,6e4c702e77f55eff42d4c42a07f242db_3fbff0e6b620e4d259dc427abc6574dafc0.jpg?1787223145,Diamond,26,0,WHM
Xanthe Hati,28239197,240,234,Sagittarius,Chaos,0,0,9bf816bfcd7f963908af59458b5500c9_44ca0844398b2d010d8cd4a31ddb023dfc0.jpg?1787221255,Diamond,19,0,DRG
Lia Lothje,30611623,241,236,Odin,Light,0,0,12f34ee0f0d0404c9b47a7fea301f068_644311b63b607133c989d7c1188467dafc0.jpg?1787222483,Diamond,12,0,WHM
Luna Everlight,11876492,242,237,Phantom,Chaos,0,0,87daed323422dd94882b0079ba9f6b3d_f0a43d6e5eea19af337a176e9836acddfc0.jpg?1787219942,Diamond,8,0,RDM
Hiyuki Korikawa,55814095,243,248,Alpha,Light,0,0,74afa7e4138c1508f5559cba8b88f0c4_6132295fcf5570fb8b0a944ef322a598fc0.jpg?1787219945,Diamond,157,10,RDM
Aru Chiikawa,53173199,244,238,Raiden,Light,0,0,e04a223356da8c93c18581feda55b5bf_a370664d98f658f4ed4e620f378f73cdfc0.jpg?1787220246,Diamond,132,0,BRD
Sekai Eri,41303117,245,239,Raiden,Light,0,0,cb1ac59e3c66b2050bc4ee7e3368c36c_a370664d98f658f4ed4e620f378f73cdfc0.jpg?1787221000,Diamond,111,4,UNK
Alabaster Arcadia,39618537,246,241,Phoenix,Light,0,0,04f03f1ffd5a39f931966123f856ea6c_5047bc596a4bab2dc7f7c120bb22dec5fc0.jpg?1787221518,Diamond,80,0,BRD
Protos Heis,34597162,247,0,Spriggan,Chaos,0,0,1227bb2a621e4455479d060e840ff145_feaf0a2e88ff164813fbc9b85876fa48fc0.jpg?1787220869,Diamond,67,17,MCH
Saki Aiko,58256956,248,242,Zodiark,Light,0,0,f65bf40d95342ebe3141def95c5232bc_c274370774c6bc3483cc8740805f41bcfc0.jpg?1787221329,Diamond,43,0,WHM
Rei Dassario,24597443,249,243,Raiden,Light,0,0,a51ce0a687a31ff3b67287e80ea30aed_a370664d98f658f4ed4e620f378f73cdfc0.jpg?1787222034,Diamond,42,0,VPR
Sheidyn Windsor,30282791,250,244,Omega,Chaos,0,0,e3eaa192d0e2b6192580f940474cd0b5_39e25ac3d737c46452305eefe324372cfc0.jpg?1787222869,Diamond,33,0,SAM
Fandrix Shadowsong,36051326,251,245,Louisoix,Chaos,0,0,e8515941184b5c25f2622f1899a0969a_0a122616f3718d3f45cab10fd8fc1604fc0.jpg?1787221450,Diamond,21,0,WAR
Certin Ferocia,26600453,252,267,Spriggan,Chaos,0,0,528919b4d45df00513ad6c80440fc2f4_feaf0a2e88ff164813fbc9b85876fa48fc0.jpg?1787219707,Diamond,10,1,FSH
Erika Avellana,45153856,253,246,Alpha,Light,0,0,d52954932b2c20e3d303cb8cf101f3eb_6132295fcf5570fb8b0a944ef322a598fc0.jpg?1787220596,Diamond,318,0,DRK
Duessa Fidessa,47722925,254,247,Louisoix,Chaos,0,0,3e992addf0aaeeda98883cfe0443f4c4_0a122616f3718d3f45cab10fd8fc1604fc0.jpg?1787220682,Diamond,205,7,SAM
Ash Zero,49368748,255,249,Shiva,Light,0,0,8c69f041cca72fdc1059bfc9f2f8ecc9_3fbff0e6b620e4d259dc427abc6574dafc0.jpg?1787222353,Diamond,125,0,PLD
Hegel Gil,25438753,256,250,Omega,Chaos,0,0,5ed500fc1dd1d9cbbc95000a80326ff7_39e25ac3d737c46452305eefe324372cfc0.jpg?1787221356,Diamond,102,0,MCH
Flynn Cethlenne,35848614,257,251,Zodiark,Light,0,0,2543efc6def84f10fb27cc68c29b1460_c274370774c6bc3483cc8740805f41bcfc0.jpg?1787222555,Diamond,99,0,PLD
Yorda Dormin,35730883,258,252,Phantom,Chaos,0,0,37968b7968327b583f23e52d999337f9_f0a43d6e5eea19af337a176e9836acddfc0.jpg?1787220116,Diamond,83,0,UNK
Nana Usui,34696904,259,253,Moogle,Chaos,0,0,abd9e807ccb2486ea89e3deab9cc56d2_d7a9d5f85a29d6278ec1c7adc2c8d242fc0.jpg?1787222356,Diamond,76,0,AST
Tung Kniv,36744544,260,254,Spriggan,Chaos,0,0,63aabeb5204c3ae5d2f0295a0f4a8e22_feaf0a2e88ff164813fbc9b85876fa48fc0.jpg?1787221738,Diamond,64,0,SGE
Stephanie Dolla,28876458,261,255,Lich,Light,0,0,753eeef7260d5b48fedb9d189d2b51ca_7206469080400ed57a5373d0a9c55c59fc0.jpg?1787222491,Diamond,42,0,MNK
Durinta Borlaaq,37706432,262,256,Twintania,Light,0,0,5f122a4f83176fe089d903a59809e108_c33f640c0cdd35f7def85b8aa31a0007fc0.jpg?1787220502,Diamond,37,0,SCH
Autuas Au,37357840,263,257,Phantom,Chaos,0,0,5c8929453beb42fb1a167e93eca11abf_f0a43d6e5eea19af337a176e9836acddfc0.jpg?1787221904,Diamond,7,0,UNK
Ryssrael Niunaglwyn,33315027,264,258,Omega,Chaos,0,0,33b521784d0398ac0bb6736f1c6d0a15_39e25ac3d737c46452305eefe324372cfc0.jpg?1787222455,Diamond,214,5,MCH
Caelvyr Corvayn,37557023,265,259,Louisoix,Chaos,0,0,ed18601452ec3c3b1def16f37ba89988_0a122616f3718d3f45cab10fd8fc1604fc0.jpg?1787222971,Diamond,142,9,UNK
May Bloom,20580663,266,290,Twintania,Light,0,0,c24fd8278a4825a56c81ac07e6f2f43d_c33f640c0cdd35f7def85b8aa31a0007fc0.jpg?1787221192,Diamond,127,8,SMN
Lo Enha,27971408,267,260,Moogle,Chaos,0,0,5236c7cc585f6b9213e6d33f05e78c61_d7a9d5f85a29d6278ec1c7adc2c8d242fc0.jpg?1787220928,Diamond,88,0,BLM
Akurei Amotanius,36595921,268,261,Odin,Light,0,0,ca5d9f24b62995e3bcb5d25cc576fc70_644311b63b607133c989d7c1188467dafc0.jpg?1787220139,Diamond,49,0,MNK
Nicco Sushi,42846008,269,262,Alpha,Light,0,0,ffcb0ee6f92ba9224ade0ee2b0e9917b_6132295fcf5570fb8b0a944ef322a598fc0.jpg?1787223140,Diamond,36,0,GNB
Isca Mog,32212471,270,263,Zodiark,Light,0,0,e47f3ccc4bd8599193929766ab0abd2c_c274370774c6bc3483cc8740805f41bcfc0.jpg?1787220353,Diamond,19,0,AST
Mina Ha,50543888,271,264,Raiden,Light,0,0,712f53c2b6ed3bc9fa9cc0b0b60a16d7_a370664d98f658f4ed4e620f378f73cdfc0.jpg?1787219736,Diamond,16,0,MNK
Bun Boy,44543603,272,265,Phantom,Chaos,0,0,1a283e4ef1314e4af955db9fcc8300a8_f0a43d6e5eea19af337a176e9836acddfc0.jpg?1787221965,Diamond,13,0,MCH
Yamakaji Edo'sen,22194618,273,266,Moogle,Chaos,0,0,d7972041e4c6c98f2e38ec21d2bc56c2_d7a9d5f85a29d6278ec1c7adc2c8d242fc0.jpg?1787222252,Diamond,10,0,UNK
Zhinna Maya,8219011,274,268,Odin,Light,0,0,b96bc839d3db0d26e61bf4b24282c925_644311b63b607133c989d7c1188467dafc0.jpg?1787219724,Diamond,7,0,WAR
Naralis A'roihan,35460975,275,269,Odin,Light,0,0,39833ac3dfdbb3ea64ab911763fea294_644311b63b607133c989d7c1188467dafc0.jpg?1787222343,Diamond,272,9,SCH
Rose Nashi'rah,5586423,276,270,Moogle,Chaos,0,0,eabb33d9d4a68beb623fdbad8de0ccd2_d7a9d5f85a29d6278ec1c7adc2c8d242fc0.jpg?1787222550,Diamond,144,0,SMN
Joshu Allagyn,27728519,277,271,Odin,Light,0,0,f798676d84c6f5f85c2bb9f1b6c5e18b_644311b63b607133c989d7c1188467dafc0.jpg?1787221140,Diamond,137,3,VPR
Minmo Dev,7902844,278,272,Zodiark,Light,0,0,782214fa536a78747ce926bd4967671f_c274370774c6bc3483cc8740805f41bcfc0.jpg?1787222118,Diamond,108,0,WAR
Leia Leia,61767715,279,273,Twintania,Light,0,0,da1bea022b3ca64e80681b4a30a9d7e1_c33f640c0cdd35f7def85b8aa31a0007fc0.jpg?1787222493,Diamond,58,0,UNK
Zaiko Kazer,29649679,280,274,Lich,Light,0,0,ab5b87afe7d1d53f8a61b85e0c0d0e8d_7206469080400ed57a5373d0a9c55c59fc0.jpg?1787220434,Diamond,48,0,DRK
Hikari Iroaseta,40065818,281,275,Lich,Light,0,0,69d4a6d73b4cec60f92f1c27efd88471_7206469080400ed57a5373d0a9c55c59fc0.jpg?1787223174,Diamond,42,0,SGE
Dopa Mine,44403027,282,276,Phantom,Chaos,0,0,8d27501fd3361cf138655132263db4b5_f0a43d6e5eea19af337a176e9836acddfc0.jpg?1787220418,Diamond,30,0,AST
Zylith Everis,28966943,282,276,Twintania,Light,0,0,7026f5dd5e5e7bb5563ceb3c506856ee_c33f640c0cdd35f7def85b8aa31a0007fc0.jpg?1787222157,Diamond,30,0,WAR
Roomi Mae,47248743,284,278,Raiden,Light,0,0,770a624522dc3f95ef75247a554dceb7_a370664d98f658f4ed4e620f378f73cdfc0.jpg?1787221788,Diamond,5,0,WHM
Crystalia Aguilau'ra,51094995,285,279,Phantom,Chaos,0,0,e8e576c74bb3b06299949b7258aa8c6b_f0a43d6e5eea19af337a176e9836acddfc0.jpg?1787220592,Diamond,346,6,UNK
Riku Yamamoto,50962515,286,280,Raiden,Light,0,0,2737e3393944ab82a3eec48071df16a8_a370664d98f658f4ed4e620f378f73cdfc0.jpg?1787221476,Diamond,120,0,DRK
Ye Jin,49057312,287,282,Alpha,Light,0,0,c230435310db6e112e461dbdcafe4cf0_6132295fcf5570fb8b0a944ef322a598fc0.jpg?1787222584,Diamond,85,0,UNK
Losifara Murubra,60831841,288,283,Spriggan,Chaos,0,0,8213c4db91e45c0cc6a39282273c0a37_feaf0a2e88ff164813fbc9b85876fa48fc0.jpg?1787222502,Diamond,74,0,DNC
Core Flare,44609138,289,284,Raiden,Light,0,0,4d277108d876101c6b97212a26f6bc97_a370664d98f658f4ed4e620f378f73cdfc0.jpg?1787222265,Diamond,52,0,SAM
Ray Croft,29659793,290,285,Shiva,Light,0,0,56ebf33c0c49fd7529d32303d4b7c8d9_3fbff0e6b620e4d259dc427abc6574dafc0.jpg?1787221807,Diamond,50,0,GNB
Monoplof Stormbringer,25662739,291,286,Raiden,Light,0,0,8d6ac074a075b30c794a796a54a7b6dc_a370664d98f658f4ed4e620f378f73cdfc0.jpg?1787221306,Diamond,42,0,WAR
Hornli Nyanzieks,56237502,292,0,Phantom,Chaos,0,0,8ec85ee70a9894eaf294410b6179b567_f0a43d6e5eea19af337a176e9836acddfc0.jpg?1787220739,Diamond,39,17,SGE
Kaede Amamiya,25944628,293,287,Cerberus,Chaos,0,0,13e03898baafa9786d351bd06a0000a8_777c57311d510ca65dac3c1077dee435fc0.jpg?1787221088,Diamond,11,0,BLM
Remy Galleu,52837552,294,288,Alpha,Light,0,0,1c98cde60dda0890554eff5601f7b441_6132295fcf5570fb8b0a944ef322a598fc0.jpg?1787221941,Diamond,7,0,UNK
William Sharpeye,31183782,294,288,Moogle,Chaos,0,0,f90b7bfd929ec716aa63dc03d0533a18_d7a9d5f85a29d6278ec1c7adc2c8d242fc0.jpg?1787221331,Diamond,7,0,FSH
Alice Kittimo,34781171,296,291,Cerberus,Chaos,0,0,ec971a9e6eba1c32ecd2e88bec8f2c49_777c57311d510ca65dac3c1077dee435fc0.jpg?1787221186,Diamond,97,5,SMN
Bounty Dreams,55288091,297,292,Sagittarius,Chaos,0,0,9d04b873df58e33b4ad1594b740d63c9_44ca0844398b2d010d8cd4a31ddb023dfc0.jpg?1787220673,Diamond,70,0,SMN
Vincent God,14069867,298,293,Phoenix,Light,0,0,7d8e17eab1b900c1741204dbf199eb48_5047bc596a4bab2dc7f7c120bb22dec5fc0.jpg?1787220258,Diamond,68,0,WAR
Aelin Jules,51609568,299,294,Alpha,Light,0,0,8a02014e6ec7a7fb938b61c29b83b641_6132295fcf5570fb8b0a944ef322a598fc0.jpg?1787222680,Diamond,57,0,RDM
Queenie Skyfrost,34868775,300,295,Odin,Light,0,0,4c0182a4bd02a557a3e29b795c1e0b9c_644311b63b607133c989d7c1188467dafc0.jpg?1787221789,Diamond,53,0,SMN
Sensei Jyutusi,20995129,1,0,Chocobo,Mana,3731,0,218ddf1e9e095da9f0b9d5866f9f2d80_781d6b3603312f6be41670afa37282e0fc0.jpg?1787220970,Omega,141,7,WHM
Kim Shin,2354630,2,6,Masamune,Mana,3407,399,9d6bba308f1c44ad24883a9717b4d480_134930215abb8a90ec37d6cc05b05e08fc0.jpg?1787222370,Omega,63,6,NIN
Happo Hapo,59173770,3,2,Pandaemonium,Mana,3280,0,8d06d5697fa5f35516e08e77ecb4eff8_470db1bf2e865f9130531fea40b61ee4fc0.jpg?1787222641,Omega,60,0,VPR
Sorin Maki,53900927,4,3,Durandal,Gaia,3247,0,b0d4570e39585eb6b5ba7458ff8781a7_806ea5b45071d5cd6bf393e38462ee71fc0.jpg?1787221860,Omega,101,0,RPR
K' R',8489348,5,4,Chocobo,Mana,3197,0,38834b79bf39846f80b605b4a592c2eb_781d6b3603312f6be41670afa37282e0fc0.jpg?1787220670,Omega,114,0,WAR
Yurugi Koyurugi,29769522,6,5,Belias,Meteor,3177,0,ce65dfc48d522a7a126208d94cdc2852_894c4bd0beab2e2beb44b74f4c4bd206fc0.jpg?1787220084,Omega,70,0,SMN
Hatozo Ito,39455624,7,13,Typhon,Elemental,3048,293,a2de1cbebb1230e8f11f0fa765df7d0f_32d8c9c7cd5f62d62da2d31b6750a680fc0.jpg?1787222631,Omega,53,6,RDM
Merry Scrald,11886780,8,7,Belias,Meteor,2969,0,7bfbd82582fd003bc514339935d874a7_894c4bd0beab2e2beb44b74f4c4bd206fc0.jpg?1787221065,Omega,67,0,MNK
Dome Violet,45179152,9,8,Masamune,Mana,2918,0,a95c15ebd393e5497d6641d375ec02b1_134930215abb8a90ec37d6cc05b05e08fc0.jpg?1787220425,Omega,173,1,BRD
Paker Zuka,35106373,10,9,Bahamut,Gaia,2910,0,1dfba22310e23cd21bd3a7481bf928e1_86da943caa70c8694707ab2ff74e68c9fc0.jpg?1787220760,Omega,84,0,UNK
Naku Cha,51398763,11,10,Zeromus,Meteor,2897,0,d1f355424cec05811e0f15dc0a707de5_c76848359d0b4d2f37aefbb9903ed97bfc0.jpg?1787220931,Omega,49,0,DRG
Wonton Starlight,27496660,12,11,Chocobo,Mana,2885,0,8d6c3f0a6f695cdc94b9234b6c28be22_781d6b3603312f6be41670afa37282e0fc0.jpg?1787222016,Omega,185,0,RPR
Djinn Piston,44999217,13,12,Durandal,Gaia,2831,0,f34e66517ae3b26262c9b4f09835c5a0_806ea5b45071d5cd6bf393e38462ee71fc0.jpg?1787221432,Omega,64,1,MNK
Bakeke Bake,40527195,14,0,Asura,Mana,2695,0,2df47416611081755cf9e0cd7c586afa_53f1445a9f28799a32ea55f046319fc3fc0.jpg?1787221250,Omega,125,0,WAR
Grey Book,51082088,15,0,Alexander,Gaia,2695,0,2b2e5a5f068a7529dabfbbf6c918d473_b7a71d8799cf6dd75b711a7f52de6675fc0.jpg?1787222714,Omega,87,0,VPR
Vivi Ann,4766157,16,0,Kujata,Elemental,2694,0,9543e197b2faf03aa21058f9deedc408_72c48f093f2278ac3243962d3eb6a8d7fc0.jpg?1787221652,Omega,122,0,AST
Kappi Scarlet,11922639,17,24,Asura,Mana,2599,200,820f32c739a02029fdacf6c96cbf1fa4_53f1445a9f28799a32ea55f046319fc3fc0.jpg?1787221722,Omega,122,2,RPR
Ciel Cocco,27192023,18,17,Anima,Mana,2586,0,05df3829299dc9e3c4ba0bceb512525a_2f698530a28d671d20278c8518c804c9fc0.jpg?1787221969,Omega,147,16,DNC
Imlink Rr,46726473,19,22,Bahamut,Gaia,2562,100,6c9ffcd32b7d78e8b7e09c63d130ef2a_86da943caa70c8694707ab2ff74e68c9fc0.jpg?1787221275,Omega,236,1,MCH
Jay Eins,3930926,20,18,Chocobo,Mana,2499,0,31d212c5602873cad51c02ca3a1707f4_781d6b3603312f6be41670afa37282e0fc0.jpg?1787222022,Omega,66,0,DRG
Aizen Sosuke,46625154,21,19,Asura,Mana,2498,0,084fe9c7ee753ba32657d9e49b4edde5_53f1445a9f28799a32ea55f046319fc3fc0.jpg?1787220771,Omega,129,0,UNK
Robs Wiz,47501636,22,20,Aegis,Elemental,2491,0,24b0e4e155ae76da2a553003980ac156_3ea38e723c590aabf186367e1eb7e6a1fc0.jpg?1787221986,Omega,180,5,DRG
Tsuchi Tsuki,39089046,23,21,Bahamut,Gaia,2465,0,032858264c706c6341f57dbef9e86da1_86da943caa70c8694707ab2ff74e68c9fc0.jpg?1787221932,Omega,57,1,DRK
Makina Belg,23683223,24,23,Belias,Meteor,2431,0,ffed281791b6f91e5a2000e4917cfeeb_894c4bd0beab2e2beb44b74f4c4bd206fc0.jpg?1787221686,Omega,138,0,MNK
Lucy Tave,5530448,25,70,Durandal,Gaia,2382,395,fd7ea485d2ba7644c76c49d7b00fce24_806ea5b45071d5cd6bf393e38462ee71fc0.jpg?1787219824,Omega,467,21,WAR
Shiman Chu,38475144,26,25,Yojimbo,Meteor,2381,0,4cb93a24c937da83418345140d361e9b_4a92c619bde4f34cfa77e05fef21ad85fc0.jpg?1787222625,Omega,80,0,SAM
Atsu Bow,47953241,27,26,Mandragora,Meteor,2370,0,a397b9893231105b4549ed9a8721c60a_ee738654add55c3d07ea92d8e108074cfc0.jpg?1787221718,Omega,172,0,DRG
Taroe Kobuta,8734523,28,27,Kujata,Elemental,2367,0,821347c202f7d7d6b676bd393bcdfdae_72c48f093f2278ac3243962d3eb6a8d7fc0.jpg?1787220710,Omega,296,13,RPR
Aurora Duskveil,14659861,29,28,Carbuncle,Elemental,2347,0,8d51113f06ccc3227a4928f8ab5ddee6_9eb3c19866f7ae0eeeffac7bf770aba5fc0.jpg?1787221678,Omega,138,4,AST
Aman Kaharmine,37434311,30,40,Belias,Meteor,2340,197,7fa9aa672753e286a5710cf338755727_894c4bd0beab2e2beb44b74f4c4bd206fc0.jpg?1787220940,Omega,260,3,UNK
Snow Albarn,25263326,31,29,Fenrir,Gaia,2336,0,fa179c06d46acce251bb94d22a05e931_d384cf5ad7db803f29799f36ebbc3eadfc0.jpg?1787222137,Omega,131,3,BLM
Basta Reno,31797927,32,30,Carbuncle,Elemental,2305,0,22b32c1986bb9c2732e5f877f7cbdbd6_9eb3c19866f7ae0eeeffac7bf770aba5fc0.jpg?1787222629,Omega,66,0,VPR
Zsika Mu',18898369,33,31,Ridill,Gaia,2297,0,ed7f8569bf4537dfd9f2ea953ad59e8a_138751880f18161a907d7cf0faa43f07fc0.jpg?1787221170,Omega,54,0,UNK
Sono Ta,49701933,34,32,Shinryu,Meteor,2276,0,c5fbe5dc524e8f9d2eb8b7c350df2a00_87b7d447f40b06dfc7228caf195f7dcffc0.jpg?1787223136,Omega,45,0,MNK
Lupinus Lily,33777966,35,33,Ultima,Gaia,2263,0,6f019b443ab48375b1bcc5e5aa0debf9_9df1b3cb0da35db33c17ef11ddf12adafc0.jpg?1787220625,Omega,85,0,GNB
Kuno Cadenzavnaeve,42178142,36,34,Ifrit,Gaia,2260,0,85baa25ca299e93ef56226f40814f03b_f9f796348bc43067c7242ec4551cde69fc0.jpg?1787220750,Omega,86,1,DRK
Velvet Shilky,15655369,37,35,Anima,Mana,2244,0,988a0ec11e3b6bbbfc5478b0eab4b03f_2f698530a28d671d20278c8518c804c9fc0.jpg?1787222372,Omega,225,13,PLD
Emil Sarasun,7191072,38,42,Asura,Mana,2243,105,052a2527c0dee23533f8162c40d66898_53f1445a9f28799a32ea55f046319fc3fc0.jpg?1787220676,Omega,83,8,BLM
Lan Dame-celot,31839759,39,36,Ifrit,Gaia,2238,0,c278e5b98fa396fbc950aeafdb5aaee8_f9f796348bc43067c7242ec4551cde69fc0.jpg?1787219702,Omega,57,0,MNK
Death-by Glamour,50007656,40,37,Fenrir,Gaia,2236,0,73746aab8b21d5917fab43f4db6f35aa_d384cf5ad7db803f29799f36ebbc3eadfc0.jpg?1787219778,Omega,57,0,UNK
Tige Noir,13429005,41,48,Ridill,Gaia,2170,86,92cf71f8edc971b0656a49db62280b09_138751880f18161a907d7cf0faa43f07fc0.jpg?1787222543,Omega,192,8,DNC
Tarex Youva,26374295,42,38,Tonberry,Elemental,2154,0,7dad78de32b2e7e31077d03f095a81ac_7bb6b1e488f0e4f01c5314d010b60f31fc0.jpg?1787221798,Omega,160,0,MNK
Sukoya Mihirogi,42042279,43,39,Anima,Mana,2150,0,58dacb01c0c75e38125f892840beb026_2f698530a28d671d20278c8518c804c9fc0.jpg?1787221871,Omega,132,0,NIN
Sidurgu Obsidian,17768556,44,41,Garuda,Elemental,2139,0,19277f9e0fcd9432fb16b0e1cbad47a7_fcb1f5b0249d1069e5bdc66d0796f26afc0.jpg?1787221250,Omega,83,0,WHM
Flavia Saurva,29364722,45,43,Chocobo,Mana,2089,0,4a9b8d9e5f338a0c28625b5656567941_781d6b3603312f6be41670afa37282e0fc0.jpg?1787222136,Omega,52,0,RPR
Yuki Macaron-vanille,37997737,46,44,Ridill,Gaia,2087,0,87df14febf49ad8a24a323b239fb3250_138751880f18161a907d7cf0faa43f07fc0.jpg?1787222420,Omega,66,0,RDM
Kikiru Kiru,32877503,47,45,Pandaemonium,Mana,2086,0,e7b80247dc6473f7ec0cd4127f78efb3_470db1bf2e865f9130531fea40b61ee4fc0.jpg?1787222505,Omega,35,0,RDM
Avail Tec,46450631,48,46,Garuda,Elemental,2085,0,174c8b1a79d654754078bef6b8c51067_fcb1f5b0249d1069e5bdc66d0796f26afc0.jpg?1787220375,Omega,78,0,SAM
Ardbert Hylfyst,31584604,49,47,Belias,Meteor,2085,0,964952d6da8636ab55a5b87a925f0d4c_894c4bd0beab2e2beb44b74f4c4bd206fc0.jpg?1787221117,Omega,31,0,UNK
Inori Chan,54439983,50,118,Asura,Mana,2084,493,924e00538b2fef48f1ddd6b463e8f7ef_53f1445a9f28799a32ea55f046319fc3fc0.jpg?1787222539,Omega,24,7,NIN
Kite Free,28865954,51,49,Kujata,Elemental,2083,0,b602646591e3d050094503c65590ee4c_72c48f093f2278ac3243962d3eb6a8d7fc0.jpg?1787222314,Omega,26,0,DRK
Mun- Mutyo,18063500,52,50,Bahamut,Gaia,2082,0,870df3b6a4306c3c3de44d72fc9a577d_86da943caa70c8694707ab2ff74e68c9fc0.jpg?1787223174,Omega,134,0,CRP
Muutyo Ganajai,35379364,53,51,Ridill,Gaia,2082,0,5435163c8ed77079a8f6bdb50b7b4da2_138751880f18161a907d7cf0faa43f07fc0.jpg?1787222632,Omega,68,2,SAM
Ura Ururu,59087727,54,52,Chocobo,Mana,2080,0,cbc6fb7e99cc3d57226a4684079c139c_781d6b3603312f6be41670afa37282e0fc0.jpg?1787221002,Omega,40,0,BRD
Muri Puri,48472062,55,53,Ramuh,Meteor,2080,0,fcc01230b112ceb73d1f33197394d5c6_410ddb5a66a2fcacf538bec5ea5d0291fc0.jpg?1787219910,Omega,32,0,BRD
Minisuta Blood,24769179,56,54,Atomos,Elemental,2078,0,851ddd354ea9b3a8e623078a0f4d8a05_cf768a751b1f5e355c2fd39a9ed91f3ffc0.jpg?1787222685,Omega,35,0,DRG
Furanzeska Sumeragi,8414050,57,55,Tonberry,Elemental,2077,0,7300d72d23103eb5494b3e21bf99b3b6_7bb6b1e488f0e4f01c5314d010b60f31fc0.jpg?1787219971,Omega,74,5,RDM
Fania Eckert,2837251,58,56,Titan,Mana,2076,0,7177d6fdd5036eebc72834f8376cd1cf_e2bb3f9679fec6d4836fcf8abcc3eeacfc0.jpg?1787221265,Omega,180,0,SMN
Shion Amber,26147773,59,57,Unicorn,Meteor,2075,0,e2ecf01d14ce449e8393bc3f5dfc57f4_393eb74047bb90c8d80dea54218430eefc0.jpg?1787220004,Omega,32,0,AST
Xignas Schwalbe,2577287,60,58,Anima,Mana,2074,0,726f737868161a35f25fb4e06bccf08e_2f698530a28d671d20278c8518c804c9fc0.jpg?1787221559,Omega,167,0,VPR
Sha Moji,19121169,61,59,Carbuncle,Elemental,2068,0,eb82915777eea0c952b2885bf59641d9_9eb3c19866f7ae0eeeffac7bf770aba5fc0.jpg?1787222021,Omega,131,7,MCH
Suteiki Niku,21443132,62,60,Ixion,Mana,2065,0,2f186f805d4bb29abd9458d61593b81a_7126768d768f6c6c7fed3eaee98c3a8afc0.jpg?1787220791,Omega,178,5,PLD
Lancer Yan,18545180,63,61,Fenrir,Gaia,2059,0,b5d95c2f29f83c258c8ed96425acd32b_d384cf5ad7db803f29799f36ebbc3eadfc0.jpg?1787220710,Omega,59,0,NIN
Scarlet Liora,50450849,64,62,Ridill,Gaia,2056,0,823b2552238fefce05d1a2e39630911f_138751880f18161a907d7cf0faa43f07fc0.jpg?1787222214,Omega,75,0,PCT
Peng In,60228501,65,102,Bahamut,Gaia,2055,371,871397d65bde709b44c83fca4e18a1b3_86da943caa70c8694707ab2ff74e68c9fc0.jpg?1787222046,Omega,80,21,SMN
Akatuki Re,22410327,66,63,Carbuncle,Elemental,2051,0,b3e601fbc493d7bc642faec11f3c05fb_9eb3c19866f7ae0eeeffac7bf770aba5fc0.jpg?1787222103,Omega,85,5,RDM
Tango Ngo,47753273,67,64,Alexander,Gaia,2047,0,c8ff6406f324ec51842e0a491ba1e4fa_b7a71d8799cf6dd75b711a7f52de6675fc0.jpg?1787221048,Omega,159,19,VPR
Aslan Miller,42003071,68,73,Ixion,Mana,2042,107,091d6880c471f9f4c412b704f952af81_7126768d768f6c6c7fed3eaee98c3a8afc0.jpg?1787220228,Omega,152,19,AST
Ciao' Chu-ru,46227731,69,65,Asura,Mana,2042,0,4407462a62eb8cb31cec691e9f214c86_53f1445a9f28799a32ea55f046319fc3fc0.jpg?1787221338,Omega,66,4,UNK
Creya Oaks,20662074,70,66,Tonberry,Elemental,2037,0,0fb57385ff1c90e3ea26edc53722b78c_7bb6b1e488f0e4f01c5314d010b60f31fc0.jpg?1787221003,Omega,203,0,PLD
Sakura Nemutai,55109399,71,67,Titan,Mana,2021,0,efa9ef6672998c8a9c860e5e104d6b3e_e2bb3f9679fec6d4836fcf8abcc3eeacfc0.jpg?1787223120,Omega,137,0,SGE
Devil May'cry,43140387,72,68,Chocobo,Mana,2015,0,bc38e75d4332eb0a661f158200cedb80_781d6b3603312f6be41670afa37282e0fc0.jpg?1787221554,Omega,44,0,UNK
Yuki Yui,25457703,73,108,Ultima,Gaia,2004,382,53e27d2153b5d4878ef23b1326589ff5_9df1b3cb0da35db33c17ef11ddf12adafc0.jpg?1787221357,Omega,124,8,UNK
Yoruki Hiroran,56925172,74,69,Typhon,Elemental,2001,0,68df19c82415e8fed5592345fb9acbd3_32d8c9c7cd5f62d62da2d31b6750a680fc0.jpg?1787220993,Omega,43,0,WVR
Kirakira Akira,55531034,75,71,Typhon,Elemental,1973,0,5934f798f998575286709c767ba05f59_32d8c9c7cd5f62d62da2d31b6750a680fc0.jpg?1787221366,Crystal,35,0,MNK
Iroha Date,6961136,76,72,Aegis,Elemental,1968,0,554b38366a6696fd4ca04583ad727660_3ea38e723c590aabf186367e1eb7e6a1fc0.jpg?1787220623,Crystal,103,2,SCH
Ajika Rajika,6811285,77,74,Tiamat,Gaia,1916,0,97621d00c96124d00a3c01cec2dde5f8_9f10d335198e90990f3437c5733468e7fc0.jpg?1787222298,Crystal,104,10,UNK
Che'rie Amiri,60682859,78,75,Zeromus,Meteor,1913,0,74b40d795da2cd26657f9838869b63da_c76848359d0b4d2f37aefbb9903ed97bfc0.jpg?1787222797,Crystal,105,0,UNK
Jawa San,3768644,79,76,Titan,Mana,1912,0,6dc7f48778a077c0339870e942a79f2e_e2bb3f9679fec6d4836fcf8abcc3eeacfc0.jpg?1787221742,Crystal,105,3,NIN
Meilkea Inori,40934425,80,77,Aegis,Elemental,1904,0,4c256b756b0f4f43b209ec71728dc0e2_3ea38e723c590aabf186367e1eb7e6a1fc0.jpg?1787223062,Crystal,261,0,UNK
Wuruwuru Yaya,19903532,81,78,Asura,Mana,1904,0,c4dcc6326814217e41a2636e5dd8eea3_53f1445a9f28799a32ea55f046319fc3fc0.jpg?1787222599,Crystal,121,2,NIN
Roric Thorne,59323169,82,80,Pandaemonium,Mana,1895,3,4ff669632484c5fdf241ea2b9f955435_470db1bf2e865f9130531fea40b61ee4fc0.jpg?1787220726,Crystal,24,2,PCT
Fuki Non,51302585,83,79,Titan,Mana,1894,0,99d46e5dfaf54e3a630e700cbd41968b_e2bb3f9679fec6d4836fcf8abcc3eeacfc0.jpg?1787220857,Crystal,61,0,WHM
Cait Sith,1574936,84,123,Tiamat,Gaia,1883,300,fc4156170aa1fca8004a80238705e5cf_9f10d335198e90990f3437c5733468e7fc0.jpg?1787223169,Crystal,106,10,SMN
Uta Tubame,12421333,85,125,Zeromus,Meteor,1882,300,4c1c1810ab77c61696ca66b0716fd309_c76848359d0b4d2f37aefbb9903ed97bfc0.jpg?1787221924,Crystal,85,10,PCT
Lain Wired,1578110,86,81,Chocobo,Mana,1881,0,51b29015827612eb3c28c2c8dd0f43ef_781d6b3603312f6be41670afa37282e0fc0.jpg?1787222448,Crystal,158,13,PCT
Inx Chrono,21920611,87,82,Yojimbo,Meteor,1875,0,83c01df24231dda93176c28e69768459_4a92c619bde4f34cfa77e05fef21ad85fc0.jpg?1787220169,Crystal,169,0,MCH
Amarl Malaguld,27652092,88,83,Masamune,Mana,1873,0,92f5a8f587b00180a706bf0adc6692cb_134930215abb8a90ec37d6cc05b05e08fc0.jpg?1787221849,Crystal,39,0,BRD
U-ta Rona,33778140,89,84,Ifrit,Gaia,1862,0,5364399662a84913de2dc736c1cdcfc6_f9f796348bc43067c7242ec4551cde69fc0.jpg?1787222369,Crystal,84,1,AST
Tam Sin,26754914,90,85,Ultima,Gaia,1861,0,4e875947aa4b95d1be857096f32d4ae8_9df1b3cb0da35db33c17ef11ddf12adafc0.jpg?1787221997,Crystal,62,0,SAM
Wabi Suke,1601102,91,86,Asura,Mana,1855,0,355b0ae1cb512875c96e88afa06d36a7_53f1445a9f28799a32ea55f046319fc3fc0.jpg?1787221058,Crystal,323,9,NIN
Coffee Mint,29415966,92,87,Titan,Mana,1828,0,e5a147803c62c81952bc0c786dcfc3cb_e2bb3f9679fec6d4836fcf8abcc3eeacfc0.jpg?1787222138,Crystal,583,0,AST
Ruru Rururun,41786182,93,88,Ifrit,Gaia,1812,0,3fd0ff0d0e58f6a761a54eebd33b7bc6_f9f796348bc43067c7242ec4551cde69fc0.jpg?1787221370,Crystal,299,25,UNK
Walter Winston,3431710,94,109,Fenrir,Gaia,1807,198,bee8390354426d2c1d42d687a0de29d5_d384cf5ad7db803f29799f36ebbc3eadfc0.jpg?1787220673,Crystal,71,2,WAR
Black' Cat,27132360,95,89,Ifrit,Gaia,1800,0,25f0dd65be1cf71e9e26e0bcc0dc271f_f9f796348bc43067c7242ec4551cde69fc0.jpg?1787223023,Crystal,98,2,DRG
Cey Noqed,56239764,96,90,Anima,Mana,1783,0,05a455503c1b9dc0712f50ad519d9d21_2f698530a28d671d20278c8518c804c9fc0.jpg?1787222951,Crystal,78,0,BLM
Nao Fu,41247403,97,91,Shinryu,Meteor,1780,0,cfc231e11fac22b1fb8d9d27cee48586_87b7d447f40b06dfc7228caf195f7dcffc0.jpg?1787221168,Crystal,73,7,AST
Beatrice Rosenkreuz,31285042,98,106,Tiamat,Gaia,1771,97,1972bc9fb243d5cb03ad68af2779564d_9f10d335198e90990f3437c5733468e7fc0.jpg?1787221977,Crystal,51,6,FSH
Piccolo Saaaaann,23336998,99,92,Asura,Mana,1770,0,efa27fc6ea5fa0a09f429159c3346a0f_53f1445a9f28799a32ea55f046319fc3fc0.jpg?1787220052,Crystal,212,6,WAR
Korone Yubi,38334943,100,93,Yojimbo,Meteor,1768,0,f96e46a75ff8692aefd4bf0841f4e177_4a92c619bde4f34cfa77e05fef21ad85fc0.jpg?1787222777,Crystal,112,0,VPR
Yuuki Swallowtail,32886185,101,94,Kujata,Elemental,1714,0,712840b89db68c0862aff570eefb28c6_72c48f093f2278ac3243962d3eb6a8d7fc0.jpg?1787222363,Crystal,123,1,NIN
Cinzia Castagnone,42223337,102,95,Ultima,Gaia,1713,0,f04869081ccf9229ca06746e399b2740_9df1b3cb0da35db33c17ef11ddf12adafc0.jpg?1787221173,Crystal,91,0,AST
Kaede Felis,33728274,103,96,Typhon,Elemental,1710,0,40686a32bf2ab631ff7e7677fc614cb3_32d8c9c7cd5f62d62da2d31b6750a680fc0.jpg?1787221643,Crystal,122,0,DRG
Rex Cold,46340519,104,97,Bahamut,Gaia,1709,0,5a590acfa6bbe6cddd1eb5143c7070f2_86da943caa70c8694707ab2ff74e68c9fc0.jpg?1787219879,Crystal,55,0,UNK
Orpheus Jongleur,3414846,105,98,Bahamut,Gaia,1702,0,091f84408fe996c55b0d18af8fc1d9d6_86da943caa70c8694707ab2ff74e68c9fc0.jpg?1787221075,Crystal,64,0,GNB
Mialulu Sabotage,33714151,106,99,Tiamat,Gaia,1701,0,ed107570ce5fd9ee695034c45ef4d395_9f10d335198e90990f3437c5733468e7fc0.jpg?1787221422,Crystal,43,0,DRG
Ml Tei,47822875,107,100,Alexander,Gaia,1695,0,259bd72e639c252e3e6ab819661c07a6_b7a71d8799cf6dd75b711a7f52de6675fc0.jpg?1787220923,Crystal,25,0,DRK
Laru Gucchi,4772544,108,101,Durandal,Gaia,1686,0,766e8af080f3aa6e38ee510dee4807b8_806ea5b45071d5cd6bf393e38462ee71fc0.jpg?1787219894,Crystal,34,0,AST
Sead Slendisch,27788989,109,103,Asura,Mana,1683,0,c9bd1276c77cf644ce955ce68575aa37_53f1445a9f28799a32ea55f046319fc3fc0.jpg?1787223039,Crystal,80,0,SGE
Alt Sanktgallen,2143482,110,140,Mandragora,Meteor,1683,191,5c873dda3f483d96a474d6049544be77_ee738654add55c3d07ea92d8e108074cfc0.jpg?1787221195,Crystal,55,4,VPR
Lilica Astadir,3503219,111,235,Valefor,Meteor,1677,496,5af5f880cbf4a0fb2fc785912a217eae_485f4777c38002871591fb54f27edc65fc0.jpg?1787221640,Crystal,61,12,DRG
Mao Caprice,32793338,112,104,Titan,Mana,1675,0,101c8c73de660221dc8ad95fafa4ad3c_e2bb3f9679fec6d4836fcf8abcc3eeacfc0.jpg?1787220692,Crystal,77,0,MNK
Aurelia Stratosfera,26527089,113,105,Unicorn,Meteor,1675,0,0ed689683555a9555b96a5599288d4a1_393eb74047bb90c8d80dea54218430eefc0.jpg?1787223071,Crystal,64,0,SAM
Moi Pomme,56383677,114,107,Anima,Mana,1672,0,df195b6c463065fc5c6cf34724d6875c_2f698530a28d671d20278c8518c804c9fc0.jpg?1787221647,Crystal,76,0,SMN
Regret Weise,15486920,115,150,Fenrir,Gaia,1670,206,13172be4a1ad05d87f2b3a6e43f14d31_d384cf5ad7db803f29799f36ebbc3eadfc0.jpg?1787221091,Crystal,55,3,AST
Soujirou Seta,4110224,116,120,Tonberry,Elemental,1668,81,7453a7542d76520abe9dd8dcc3572b78_7bb6b1e488f0e4f01c5314d010b60f31fc0.jpg?1787220890,Crystal,103,7,WAR
Baked Potapota,42031891,117,220,Ramuh,Meteor,1613,402,1b1e5ff45bcbd6a80c94ee1c0c8bddcf_410ddb5a66a2fcacf538bec5ea5d0291fc0.jpg?1787220906,Crystal,76,11,AST
Ren Chamx,43411675,118,121,Chocobo,Mana,1611,25,d14faf3557b40f62c1fd8e9103ff0ca1_781d6b3603312f6be41670afa37282e0fc0.jpg?1787220568,Crystal,84,9,BLM
Scrambledegg Man,49825055,119,110,Atomos,Elemental,1608,0,1299b45b377e351257f93184002c1b42_cf768a751b1f5e355c2fd39a9ed91f3ffc0.jpg?1787222720,Crystal,24,0,GNB
Falaris Whitemoon,39272552,120,111,Carbuncle,Elemental,1602,0,ba7f541c520a57e21fce1321218d73b3_9eb3c19866f7ae0eeeffac7bf770aba5fc0.jpg?1787221736,Crystal,58,0,MNK
Hakuen Sinonome,10757391,121,112,Asura,Mana,1601,0,6660ba18e406e22fbec52d7b8d1ac332_53f1445a9f28799a32ea55f046319fc3fc0.jpg?1787220539,Crystal,28,0,NIN
Aristel Brown,3214595,122,113,Typhon,Elemental,1599,0,edba68904ef1184c5563cdd263603a74_32d8c9c7cd5f62d62da2d31b6750a680fc0.jpg?1787222064,Crystal,366,13,MCH
Planet Exploration,30755276,123,114,Ixion,Mana,1595,0,b2df099dea56680a53bbc8588e28444f_7126768d768f6c6c7fed3eaee98c3a8afc0.jpg?1787222369,Crystal,60,0,SGE
Akki Noc,2298162,124,115,Alexander,Gaia,1594,0,4a145f36c7316e0d32845d32af5e92bd_b7a71d8799cf6dd75b711a7f52de6675fc0.jpg?1787222138,Crystal,87,7,SGE
Pero Noir,27109057,125,116,Ultima,Gaia,1593,0,889b0b13f93f702d3df91ec97e272102_9df1b3cb0da35db33c17ef11ddf12adafc0.jpg?1787220186,Crystal,48,2,PLD
Fennel Earltea,21886406,126,117,Typhon,Elemental,1591,0,4e8f23f97ca17b02271d5d67829e204d_32d8c9c7cd5f62d62da2d31b6750a680fc0.jpg?1787221636,Crystal,100,0,SCH
Tomomomo Momomo,25830708,127,164,Ramuh,Meteor,1589,197,d1b6359fffbcc60e8bddc1120dc05d55_410ddb5a66a2fcacf538bec5ea5d0291fc0.jpg?1787220451,Crystal,39,3,SCH
Katuo Bushi,48894263,128,119,Garuda,Elemental,1588,0,8b92a347d66765b2b2d24c1ad40d5afa_fcb1f5b0249d1069e5bdc66d0796f26afc0.jpg?1787220875,Crystal,128,4,NIN
Tamago Crab,1576417,129,122,Chocobo,Mana,1586,0,0bce11216fe6e4e1cecfe7c969a1460f_781d6b3603312f6be41670afa37282e0fc0.jpg?1787220484,Crystal,74,7,SMN
Gogant Gogant,24052697,130,124,Atomos,Elemental,1582,0,9b2637d94cc0b341ddad961722026fdf_cf768a751b1f5e355c2fd39a9ed91f3ffc0.jpg?1787223110,Crystal,96,0,RPR
Zwei Kreuz,14516450,131,147,Bahamut,Gaia,1577,99,367ea315b18ce50bb6f34a9ea77f3222_86da943caa70c8694707ab2ff74e68c9fc0.jpg?1787222932,Crystal,32,1,UNK
Hina Narumi,36489169,132,126,Masamune,Mana,1575,0,b92b3bffbe6d8e1f5f53a1f3735c1387_134930215abb8a90ec37d6cc05b05e08fc0.jpg?1787222919,Crystal,59,0,DRG
Kana Drouv,37418772,133,149,Mandragora,Meteor,1574,98,556bea70c6c70acf776be4041d191d92_ee738654add55c3d07ea92d8e108074cfc0.jpg?1787221414,Crystal,29,4,AST
Douglas Ward,32519646,134,127,Asura,Mana,1573,0,5902010d301aa95176126fcdef0dc7c7_53f1445a9f28799a32ea55f046319fc3fc0.jpg?1787223133,Crystal,299,5,RDM
Honey Cat,51251838,135,128,Ultima,Gaia,1565,0,c89504a579493fe83a6003536b5fcfdf_9df1b3cb0da35db33c17ef11ddf12adafc0.jpg?1787221036,Crystal,122,0,MCH
Deisia Touna,31397456,136,129,Mandragora,Meteor,1528,0,f9bdcbbd105a361017ee7dd26bde2ea6_ee738654add55c3d07ea92d8e108074cfc0.jpg?1787221611,Crystal,189,9,AST
Kine Uffelmann,20050491,137,130,Kujata,Elemental,1515,0,3411a0b34b7e20b7f4516cd81c87ae01_72c48f093f2278ac3243962d3eb6a8d7fc0.jpg?1787222310,Crystal,90,0,FSH
Erik Bural,20508529,138,131,Hades,Mana,1511,0,2ca5bed0ca0e49f68c7ca14062e0bacc_a4730651230dd43cb129562a30d531aefc0.jpg?1787222637,Crystal,277,0,AST
Aruku Babyun,7383311,139,132,Unicorn,Meteor,1509,0,c2fa4e98c1f4638d053218fa4c127b4c_393eb74047bb90c8d80dea54218430eefc0.jpg?1787222826,Crystal,152,1,DRK
Notttz Imbrium,50270248,140,133,Titan,Mana,1509,0,58a87ecc9a18820b07646a481a8154a4_e2bb3f9679fec6d4836fcf8abcc3eeacfc0.jpg?1787220677,Crystal,50,0,SGE
Now Tarako,25271680,141,137,Belias,Meteor,1504,6,238a3ddced202809c65eaecd03eda2d1_894c4bd0beab2e2beb44b74f4c4bd206fc0.jpg?1787220801,Crystal,63,3,WAR
Lily Skywaker,6792620,142,134,Ixion,Mana,1503,0,2a199e9346f375c2f2e814be59d0cf09_7126768d768f6c6c7fed3eaee98c3a8afc0.jpg?1787220616,Crystal,151,0,MCH
Comachi Dj,13425678,143,135,Hades,Mana,1503,0,4983bf5b31ed2764865b5fd4a01a64a5_a4730651230dd43cb129562a30d531aefc0.jpg?1787222369,Crystal,121,0,VPR
Nacreous Snowmelt,55586649,144,136,Asura,Mana,1500,0,2927bf8e620ad06dc8e1e74d7e3c071f_53f1445a9f28799a32ea55f046319fc3fc0.jpg?1787220833,Crystal,23,0,NIN
Ririca Rica,22451341,145,162,Valefor,Meteor,1495,102,b82d75152d14ebf44db2622ef433b4f4_485f4777c38002871591fb54f27edc65fc0.jpg?1787222953,Crystal,178,6,MNK
Nov Noa,56271994,146,159,Tiamat,Gaia,1495,100,0711a53e252756264a473f2b53d53cad_9f10d335198e90990f3437c5733468e7fc0.jpg?1787223052,Crystal,26,1,SCH
Jack O'brian,12218514,147,138,Valefor,Meteor,1493,0,c75b51feaef2edd8ae7e838fdfef63ae_485f4777c38002871591fb54f27edc65fc0.jpg?1787221472,Crystal,33,0,MNK
Shamia Lafihna,19352479,148,139,Hades,Mana,1492,0,d0039c35e86ce2926331c5c708ef39f6_a4730651230dd43cb129562a30d531aefc0.jpg?1787220348,Crystal,63,0,VPR
Boku Hide,61259881,149,141,Chocobo,Mana,1490,0,2405cc4b75108a1384180ce7bafc3b98_781d6b3603312f6be41670afa37282e0fc0.jpg?1787222341,Crystal,58,0,UNK
Shinra Arasaka,24734269,150,142,Tiamat,Gaia,1490,0,2d735fa31b5cfcc7eabaae1839d0b731_9f10d335198e90990f3437c5733468e7fc0.jpg?1787222405,Crystal,41,0,MNK
Happy Gigapanda,29631468,151,143,Belias,Meteor,1488,0,d689aa402e0869833ed03b58aa3396a8_894c4bd0beab2e2beb44b74f4c4bd206fc0.jpg?1787220228,Crystal,107,0,PLD
Ursula Hackenschmidt,42648090,152,167,Fenrir,Gaia,1487,96,a665d50be7723b1660e54e045bb7a2fe_d384cf5ad7db803f29799f36ebbc3eadfc0.jpg?1787222315,Crystal,25,3,PLD
Luna Nana,41082381,153,144,Typhon,Elemental,1485,0,35d0842e516aa886b3d925659c693234_32d8c9c7cd5f62d62da2d31b6750a680fc0.jpg?1787220099,Crystal,119,4,BRD
Blari Taraba,29682913,154,145,Ultima,Gaia,1481,0,8715585bf23b1871520e0b6c478fa049_9df1b3cb0da35db33c17ef11ddf12adafc0.jpg?1787221211,Crystal,78,0,RPR
Ardlan Vorlesh,45102526,155,146,Asura,Mana,1481,0,04bfc027079d355fc717e8ec9a4b5f9e_53f1445a9f28799a32ea55f046319fc3fc0.jpg?1787221858,Crystal,75,2,DRG
Kur Age,27916663,156,148,Ifrit,Gaia,1478,0,b6c15539902ac3615580d0c358a2ce3a_f9f796348bc43067c7242ec4551cde69fc0.jpg?1787220819,Crystal,29,0,SGE
Aries San,12460047,157,151,Tiamat,Gaia,1462,0,00a39e6a3c0cb6e9529ffdf15a10dadb_9f10d335198e90990f3437c5733468e7fc0.jpg?1787220051,Crystal,85,0,FSH
Lala Ruru,23370112,158,152,Hades,Mana,1442,0,52987a3ea9f860f9522e49f36a51fcdf_a4730651230dd43cb129562a30d531aefc0.jpg?1787219627,Crystal,170,0,SMN
Rip Rill,726210,159,153,Gungnir,Elemental,1417,0,1ed2cf8fd8dc78c1ec061d9bb9c45462_8f82f937943b6baf4c565020d5eba0ccfc0.jpg?1787221592,Crystal,182,5,WHM
Kenta Kinta,54649892,160,154,Hades,Mana,1410,0,034a59cd1d3c2627f2c2324aca8056b2_a4730651230dd43cb129562a30d531aefc0.jpg?1787221269,Crystal,85,6,UNK
Diao Tiandi,56776774,161,155,Ixion,Mana,1408,0,d3f8787a245e6cabd6ee8065c6eeefb5_7126768d768f6c6c7fed3eaee98c3a8afc0.jpg?1787219631,Crystal,84,7,SCH
Aria Canon,1030539,162,156,Pandaemonium,Mana,1399,0,c643f10c86a1dec8fe0358a24454dab6_470db1bf2e865f9130531fea40b61ee4fc0.jpg?1787220799,Crystal,136,6,AST
Nocturne Midnightblue,55368101,163,157,Asura,Mana,1397,0,e9f7726a264875c782e0384932dbf161_53f1445a9f28799a32ea55f046319fc3fc0.jpg?1787220504,Crystal,50,0,SMN
Aeritte Ravel,41831914,164,158,Carbuncle,Elemental,1396,0,56a646fd4b2eb086bf8c9d712567e62f_9eb3c19866f7ae0eeeffac7bf770aba5fc0.jpg?1787222932,Crystal,110,15,BLU
Sylphiette Luglia,13255770,165,160,Ultima,Gaia,1394,0,50ff78ae7a4200bc288765aa81af5849_9df1b3cb0da35db33c17ef11ddf12adafc0.jpg?1787220946,Crystal,140,0,MNK
Ria Esta,46580024,166,225,Typhon,Elemental,1394,196,537b652a83e9ead35e927e93170f46f0_32d8c9c7cd5f62d62da2d31b6750a680fc0.jpg?1787222458,Crystal,37,4,MCH
Yi Xiangfeng,57320880,167,161,Titan,Mana,1394,0,a98e604367a6e3fd017185877e3a9227_e2bb3f9679fec6d4836fcf8abcc3eeacfc0.jpg?1787221075,Crystal,31,0,PCT
Evariste Galois,58660135,168,163,Chocobo,Mana,1392,0,7f835ad51f7703d8c7d073fc750b8987_781d6b3603312f6be41670afa37282e0fc0.jpg?1787223027,Crystal,72,0,UNK
Okome Justice,58734775,169,165,Durandal,Gaia,1392,0,3589d26a22faffebd4c39812822aab8a_806ea5b45071d5cd6bf393e38462ee71fc0.jpg?1787221624,Crystal,34,0,WAR
In Darkness,58974244,170,166,Chocobo,Mana,1391,0,d7230442a7c392d7ef8e729a84ab3182_781d6b3603312f6be41670afa37282e0fc0.jpg?1787220713,Crystal,332,19,RDM
Syake Dog-nyan,1616788,171,168,Bahamut,Gaia,1390,0,39b434160e1c215835c854cb7a564018_86da943caa70c8694707ab2ff74e68c9fc0.jpg?1787221192,Crystal,65,4,DRK
Maito Melek,26875635,172,169,Hades,Mana,1388,0,f46d534bca38450ba9b70bb608411c3e_a4730651230dd43cb129562a30d531aefc0.jpg?1787222508,Crystal,15,0,UNK
Avaron Ninesisters,1584314,173,170,Tiamat,Gaia,1387,0,5c1970240f5e1f80ffabdd3988080f5e_9f10d335198e90990f3437c5733468e7fc0.jpg?1787220959,Crystal,133,0,WHM
Nina Vailu,50599787,174,171,Yojimbo,Meteor,1387,0,0a657d81c5b867d2f49d51382bc7b94c_4a92c619bde4f34cfa77e05fef21ad85fc0.jpg?1787222004,Crystal,111,0,DNC
Oracle Trezavejo,15712017,175,207,Bahamut,Gaia,1386,100,b4aa7ecb29192073338a2cc53603b062_86da943caa70c8694707ab2ff74e68c9fc0.jpg?1787221256,Crystal,93,4,MCH
Mily Sara,23911809,176,172,Aegis,Elemental,1385,0,19086b376708852503d1ac9c2b293b8c_3ea38e723c590aabf186367e1eb7e6a1fc0.jpg?1787220783,Crystal,136,4,DRG
Sana Papa,44925625,177,173,Ramuh,Meteor,1384,0,6a2d4e251458356b738142d6b0653c03_410ddb5a66a2fcacf538bec5ea5d0291fc0.jpg?1787222221,Crystal,40,0,MCH
Dodopita Pittan,3558680,178,174,Tiamat,Gaia,1383,0,0c4178029dae08c0fcbe267d46034e76_9f10d335198e90990f3437c5733468e7fc0.jpg?1787220656,Crystal,79,4,SAM
Momikucha Ocojo,51451812,178,202,Ixion,Mana,1383,93,52ebf8cad8e1a025e1469ada4534a0f2_7126768d768f6c6c7fed3eaee98c3a8afc0.jpg?1787222959,Crystal,79,9,UNK
Kageto Magatsuki,36052369,180,175,Ultima,Gaia,1381,0,c99eebd98f0729313042324985a6fc9a_9df1b3cb0da35db33c17ef11ddf12adafc0.jpg?1787221144,Crystal,42,0,BLM
San Sowa,35604125,181,176,Ridill,Gaia,1379,0,c5fbf3709fd6b4c8fba74f67e0820609_138751880f18161a907d7cf0faa43f07fc0.jpg?1787219823,Crystal,192,0,UNK
Ui Thrix,39291749,182,177,Chocobo,Mana,1379,0,08b70654c7812f561afc700e0756319a_781d6b3603312f6be41670afa37282e0fc0.jpg?1787221516,Crystal,35,0,VPR
Seraki Matsushima,43566777,183,178,Ixion,Mana,1378,0,1e4675de3ee8e4d8e053dede59297104_7126768d768f6c6c7fed3eaee98c3a8afc0.jpg?1787220982,Crystal,34,0,PCT
Inu- Pe-,42153397,184,179,Anima,Mana,1375,0,40c3101dfff66955ad4d9b06fda6e3a8_2f698530a28d671d20278c8518c804c9fc0.jpg?1787221756,Crystal,191,13,MNK
Elisa Wolframite,18964939,185,238,Hades,Mana,1368,197,5582934bb6b94d50874d7d241225aa74_a4730651230dd43cb129562a30d531aefc0.jpg?1787221145,Crystal,116,2,SMN
Lhei Tayun,55776060,186,180,Chocobo,Mana,1366,0,d1e1c509f0fac227ceada972ddb424d4_781d6b3603312f6be41670afa37282e0fc0.jpg?1787219634,Crystal,60,0,BLM
Shi Syou,5023543,187,181,Atomos,Elemental,1364,0,d930c67636980aa5cc10bd814bdc2dbd_cf768a751b1f5e355c2fd39a9ed91f3ffc0.jpg?1787220802,Crystal,107,3,MCH
Hateful Past,26237856,188,182,Asura,Mana,1359,0,ed0c8f5d7b00b4c718fd834e96efdd7e_53f1445a9f28799a32ea55f046319fc3fc0.jpg?1787221069,Crystal,54,0,WAR
Rariboy Xx,4660025,189,183,Garuda,Elemental,1356,0,80b036f210d47467413b630ce1537551_fcb1f5b0249d1069e5bdc66d0796f26afc0.jpg?1787220361,Crystal,72,0,WAR
Zukasa Yatoh,8768354,190,184,Typhon,Elemental,1342,0,4b9242a67c4aa4390facfa8e2028de4b_32d8c9c7cd5f62d62da2d31b6750a680fc0.jpg?1787220671,Crystal,157,0,DRG
Karma Strife,3816037,191,185,Chocobo,Mana,1325,0,7a25293b17ff84c0c64a519d1fc09720_781d6b3603312f6be41670afa37282e0fc0.jpg?1787222457,Crystal,82,0,NIN
Chrono Meter,4807361,192,186,Zeromus,Meteor,1320,0,b74f258cbaba5cb680ca0095a0758cbb_c76848359d0b4d2f37aefbb9903ed97bfc0.jpg?1787220646,Crystal,213,2,UNK
Nyaruga Kyuruga,4962287,193,240,Atomos,Elemental,1319,196,fb555ad539f0f8689a39c65513b388b2_cf768a751b1f5e355c2fd39a9ed91f3ffc0.jpg?1787220853,Crystal,108,15,WAR
Yan Yan,3182501,194,198,Alexander,Gaia,1311,19,5cd079575de2bd01f87a188c93738695_b7a71d8799cf6dd75b711a7f52de6675fc0.jpg?1787221441,Crystal,65,6,NIN
Mochi Dooooon,51161467,195,244,Hades,Mana,1311,202,fe8f2f3f207480dac3f25ca746d11cf4_a4730651230dd43cb129562a30d531aefc0.jpg?1787222742,Crystal,31,2,SGE
Khelby Trickster,1496735,196,187,Gungnir,Elemental,1310,0,fde8b59fda65550661c58e15a9026a06_8f82f937943b6baf4c565020d5eba0ccfc0.jpg?1787220859,Crystal,69,12,PLD
Ichigo Jasmine,57027122,197,188,Shinryu,Meteor,1309,0,17fae3561e1e77d262d93652dbd0bdc4_87b7d447f40b06dfc7228caf195f7dcffc0.jpg?1787220713,Crystal,42,4,RDM
Maru Fleur,39475833,198,189,Hades,Mana,1304,0,7a1bf315cc0f4ac30d41db1ed80d9048_a4730651230dd43cb129562a30d531aefc0.jpg?1787221796,Crystal,134,21,BRD
Ame Ame,53697484,199,190,Titan,Mana,1304,0,93d3d9e0c4003776bb652473d623797e_e2bb3f9679fec6d4836fcf8abcc3eeacfc0.jpg?1787222531,Crystal,40,0,UNK
Atai Ikuyo,4875570,200,191,Titan,Mana,1304,0,12a0ba7f14e1c5c5942f18c9c8e760b2_e2bb3f9679fec6d4836fcf8abcc3eeacfc0.jpg?1787220430,Crystal,33,0,AST
Konegai Konegai,3277232,201,192,Masamune,Mana,1301,0,3a445dba3d4d2882c60b55a59669971b_134930215abb8a90ec37d6cc05b05e08fc0.jpg?1787220604,Crystal,102,0,BLM
Elu Acknowless,58699844,202,193,Mandragora,Meteor,1300,0,60c2649fe79faac79d3e7ac948084121_ee738654add55c3d07ea92d8e108074cfc0.jpg?1787221917,Crystal,260,14,RDM
Nicku Nicku,18939474,203,194,Tonberry,Elemental,1299,0,c713d7a775bba8adf5d47b2630f63674_7bb6b1e488f0e4f01c5314d010b60f31fc0.jpg?1787222627,Crystal,14,0,UNK
Super Gal,52139020,204,195,Bahamut,Gaia,1296,0,2a20ce1a576737898f3290324b402cd6_86da943caa70c8694707ab2ff74e68c9fc0.jpg?1787222620,Crystal,219,6,DRG
Jios Quartar,3179754,205,0,Tiamat,Gaia,1296,600,e4a3c15118c1258c3c33b152cbada545_9f10d335198e90990f3437c5733468e7fc0.jpg?1787221272,Crystal,116,14,ALC
Go Mee,19423327,206,196,Ifrit,Gaia,1294,0,a075edbb8331e7e875aae500a9e7a435_f9f796348bc43067c7242ec4551cde69fc0.jpg?1787220389,Crystal,59,5,SGE
Chiaki Nanami,43953309,207,197,Titan,Mana,1293,0,82751b490967f6572406e72b39592925_e2bb3f9679fec6d4836fcf8abcc3eeacfc0.jpg?1787220829,Crystal,21,0,VPR
Momo Hito,39797602,208,198,Yojimbo,Meteor,1292,0,8d799e9e2471cc9ce1eb0d9ee9e83ee6_4a92c619bde4f34cfa77e05fef21ad85fc0.jpg?1787222777,Crystal,59,0,RPR
Nana Degu,42551273,209,200,Asura,Mana,1292,0,f0ca36e4824faa31992738bb368e803c_53f1445a9f28799a32ea55f046319fc3fc0.jpg?1787221637,Crystal,33,0,DRG
Sura Imo,25164389,210,201,Shinryu,Meteor,1291,0,d2cd07ab0f766e9dd870046dcc7fae97_87b7d447f40b06dfc7228caf195f7dcffc0.jpg?1787222517,Crystal,31,0,MCH
Neku Xyst,23660389,211,203,Ifrit,Gaia,1289,0,fb1f5fe2519e579c50b2b5aa89992706_f9f796348bc43067c7242ec4551cde69fc0.jpg?1787221685,Crystal,41,0,VPR
Gobou Mekara,16295932,212,204,Chocobo,Mana,1288,0,b0b05a15f0e0132f73d76efb146bb255_781d6b3603312f6be41670afa37282e0fc0.jpg?1787222055,Crystal,93,0,BSM
Teka Etoile,25627481,213,205,Durandal,Gaia,1287,0,20c4e02c3b7c11c6ceb68582c409ceb9_806ea5b45071d5cd6bf393e38462ee71fc0.jpg?1787222113,Crystal,121,2,WHM
Ezorisu Kawaii,51560730,214,206,Titan,Mana,1286,0,7675cffdccbd9f4ab08148da1ec78753_e2bb3f9679fec6d4836fcf8abcc3eeacfc0.jpg?1787222479,Crystal,157,3,UNK
Oriental Art,1070191,215,208,Chocobo,Mana,1284,0,d31830cb71830b425529f231f39e776b_781d6b3603312f6be41670afa37282e0fc0.jpg?1787222268,Crystal,265,0,DRG
Extra Mage,26831533,216,209,Garuda,Elemental,1283,0,aed9bb13f4dad6a80690e4d58ee69af3_fcb1f5b0249d1069e5bdc66d0796f26afc0.jpg?1787220381,Crystal,21,0,PLD
Mitui Aset,29908583,217,210,Zeromus,Meteor,1276,0,03c5c419a0ed40508b02b7656c3bc1e1_c76848359d0b4d2f37aefbb9903ed97bfc0.jpg?1787221656,Crystal,330,0,NIN
Crystalline Conflict,56094564,218,211,Kujata,Elemental,1276,0,dcae5be360cd5ac359780dd998fbbf57_72c48f093f2278ac3243962d3eb6a8d7fc0.jpg?1787222031,Crystal,97,7,UNK
Rocket Chan,50900360,219,212,Ixion,Mana,1232,0,d2030f1358523e62231fffc0004f1ae9_7126768d768f6c6c7fed3eaee98c3a8afc0.jpg?1787223010,Crystal,49,0,UNK
Kinq-of- Platinum,48727904,220,213,Gungnir,Elemental,1226,0,3c8d43a875a038c5fbf54250da8a5442_8f82f937943b6baf4c565020d5eba0ccfc0.jpg?1787221180,Crystal,98,5,DRG
Endless Summer,36558820,221,214,Tiamat,Gaia,1224,0,0079a66433e68b1f473c7487944a4d3d_9f10d335198e90990f3437c5733468e7fc0.jpg?1787222404,Crystal,124,0,PCT
Hoshino Ai,47933529,222,215,Titan,Mana,1220,0,82bad71f761726aa0a737f36447d9f50_e2bb3f9679fec6d4836fcf8abcc3eeacfc0.jpg?1787219637,Crystal,33,0,MNK
Iz Levmel,17594950,223,216,Garuda,Elemental,1215,0,9e457ec4068931e92288544db8499aae_fcb1f5b0249d1069e5bdc66d0796f26afc0.jpg?1787222807,Crystal,94,6,AST
Lucie Blanc,4813641,224,217,Anima,Mana,1213,0,9c05760085153887cf9c52f28861be7c_2f698530a28d671d20278c8518c804c9fc0.jpg?1787221923,Crystal,73,6,VPR
Teeteena Teena,50846425,225,218,Kujata,Elemental,1212,0,cf3af51a3535bb934dc9fab3e2db7e3a_72c48f093f2278ac3243962d3eb6a8d7fc0.jpg?1787220762,Crystal,205,0,BRD
Envy Lua,43034484,226,219,Valefor,Meteor,1212,0,e7cd2d55788c0aa6cbc5b71284096360_485f4777c38002871591fb54f27edc65fc0.jpg?1787221627,Crystal,51,0,AST
Odwit Vendisch,42078574,227,221,Aegis,Elemental,1209,0,16b22e919d37aaeda97dfa361cf8659d_3ea38e723c590aabf186367e1eb7e6a1fc0.jpg?1787221691,Crystal,252,14,UNK
Creed Arks,30577704,228,222,Zeromus,Meteor,1207,0,2aae48156b8dfc008ca2584c7d0e8752_c76848359d0b4d2f37aefbb9903ed97bfc0.jpg?1787219685,Crystal,50,0,VPR
Rohesa Morgan,10586618,229,223,Ramuh,Meteor,1201,0,1b6623c84e2fcee5c1d726a691ab88ba_410ddb5a66a2fcacf538bec5ea5d0291fc0.jpg?1787220390,Crystal,147,6,WVR
Cardinal Shiten,32020696,230,224,Asura,Mana,1199,0,22c6fdca1c107eb07233d098b04cf126_53f1445a9f28799a32ea55f046319fc3fc0.jpg?1787220183,Crystal,140,8,DRK
Pekemi Vs,34522615,231,245,Carbuncle,Elemental,1197,94,9fa0d9dd5f5841a202fb4f9e517211e7_9eb3c19866f7ae0eeeffac7bf770aba5fc0.jpg?1787221606,Crystal,314,21,PLD
Miki Triode,8299904,232,226,Pandaemonium,Mana,1196,0,c1667dda66d9bf6140e1aa1c18277ece_470db1bf2e865f9130531fea40b61ee4fc0.jpg?1787221960,Crystal,90,1,RDM
Chisato Laetitia,56099994,233,227,Bahamut,Gaia,1196,0,1ba731eb7e63c6a087133132bbb51418_86da943caa70c8694707ab2ff74e68c9fc0.jpg?1787221345,Crystal,82,0,UNK
Yo Na,52935364,234,228,Fenrir,Gaia,1196,0,2517fd5dbad75617e546949761815db9_d384cf5ad7db803f29799f36ebbc3eadfc0.jpg?1787220303,Crystal,54,0,NIN
Bikkuri Donkey,59256942,235,252,Belias,Meteor,1195,99,96f62f47670d9d1c85e1a464d6f4da65_894c4bd0beab2e2beb44b74f4c4bd206fc0.jpg?1787221653,Crystal,51,6,PCT
Momochi Thunder,9048595,236,229,Bahamut,Gaia,1194,0,3ce0fcc40e818a0d134a6c043d2c09f5_86da943caa70c8694707ab2ff74e68c9fc0.jpg?1787222449,Crystal,37,0,SMN
Fall Leaves,22881570,237,230,Masamune,Mana,1192,0,23540a672824a88d3fc727e33d7f3254_134930215abb8a90ec37d6cc05b05e08fc0.jpg?1787220177,Crystal,134,0,NIN
Ame Azarashi,23141823,238,248,Durandal,Gaia,1192,93,3169ff74c51973a08f1b5c47026339a9_806ea5b45071d5cd6bf393e38462ee71fc0.jpg?1787220593,Crystal,25,4,GNB
Jin Walker,25662452,239,231,Hades,Mana,1187,0,f3ff10f6b027a5423c3b035a420aad0e_a4730651230dd43cb129562a30d531aefc0.jpg?1787222390,Crystal,91,0,PLD
Lufefe Lufe,8829146,240,259,Mandragora,Meteor,1187,98,91e252cc1edf40cc72e7912c50fbfde7_ee738654add55c3d07ea92d8e108074cfc0.jpg?1787220286,Crystal,80,3,NIN
Asth Galleria,5330266,241,232,Pandaemonium,Mana,1185,0,69f14cfe9aed20abab40d9c371b581d9_470db1bf2e865f9130531fea40b61ee4fc0.jpg?1787221520,Crystal,88,9,MCH
Takesiba Musasino,29225556,242,233,Durandal,Gaia,1182,0,5cacf8dd1a9dae9427de92b387913396_806ea5b45071d5cd6bf393e38462ee71fc0.jpg?1787221509,Crystal,152,7,NIN
Merlin Emryss,51163079,243,234,Titan,Mana,1182,0,6c3a26e8ea52d6775ebbad30debb56a9_e2bb3f9679fec6d4836fcf8abcc3eeacfc0.jpg?1787221052,Crystal,23,0,PCT
Liken Liekun,24806613,244,236,Shinryu,Meteor,1180,0,5aa5d27e0f5d07d19980648d6a9c2ba5_87b7d447f40b06dfc7228caf195f7dcffc0.jpg?1787221519,Crystal,149,8,DRK
Dion Magnus,1559686,245,237,Durandal,Gaia,1179,0,91593ad4939f54221e1d28f542192cc4_806ea5b45071d5cd6bf393e38462ee71fc0.jpg?1787222195,Crystal,104,2,DRG
Monica Bryant,34559458,246,239,Garuda,Elemental,1167,0,40cd2c4ca4c17623d5c27dfb19831017_fcb1f5b0249d1069e5bdc66d0796f26afc0.jpg?1787222992,Crystal,201,0,WVR
Rokka Gallete,23609500,247,241,Kujata,Elemental,1118,0,6cb05d39414f85c9977ed746371b9289_72c48f093f2278ac3243962d3eb6a8d7fc0.jpg?1787222228,Crystal,33,0,GNB
Hei Meiling,1856397,248,242,Anima,Mana,1118,0,4629fe3ae75d216d2429582d28bd3a7b_2f698530a28d671d20278c8518c804c9fc0.jpg?1787220188,Crystal,14,0,SAM
Hoshikuz Siina,1173407,249,243,Tiamat,Gaia,1115,0,f966bf2277aea0b0af7b96dbbca7abc1_9f10d335198e90990f3437c5733468e7fc0.jpg?1787220119,Crystal,48,0,SAM
Battoh Nuko,1022118,250,0,Durandal,Gaia,1110,203,bdbb91b8d6d4eaa2d99a4a18d13153cb_806ea5b45071d5cd6bf393e38462ee71fc0.jpg?1787221390,Crystal,30,10,DRG
Itiban'shibori K'irin,13611420,251,253,Pandaemonium,Mana,1108,497,f9d90367d5f9b5e6b829cac00cdb9431_470db1bf2e865f9130531fea40b61ee4fc0.jpg?1787221416,Crystal,51,10,BLM
Ga Nadi,61801184,252,0,Titan,Mana,1107,424,6d775dc29259442bd6ad12437fe3339b_e2bb3f9679fec6d4836fcf8abcc3eeacfc0.jpg?1787220224,Crystal,175,19,AST
Gotail Tayuun,55601162,253,0,Asura,Mana,1105,706,086bca05ed8ce4d77d93a8ecc053170a_53f1445a9f28799a32ea55f046319fc3fc0.jpg?1787220128,Crystal,58,14,BLM
Link Ring,55955379,254,246,Durandal,Gaia,1101,0,cd57a4705e19ebab4b3922b039f3a7b7_806ea5b45071d5cd6bf393e38462ee71fc0.jpg?1787220305,Crystal,75,0,BLM
Iyuga Fushimi,32792531,255,257,Mandragora,Meteor,1100,7,6ee4fccb5c3189ef27ade8cad61ecbfd_ee738654add55c3d07ea92d8e108074cfc0.jpg?1787220788,Crystal,108,3,SAM
Aquamarine Freyja,30360317,256,247,Titan,Mana,1099,0,0dfd1b818fb45dff90b6c17b14b71318_e2bb3f9679fec6d4836fcf8abcc3eeacfc0.jpg?1787220869,Crystal,31,0,MNK
Yagi San,51169718,257,291,Pandaemonium,Mana,1099,305,5c2aa18cba3910e6bcd393aabddfe674_470db1bf2e865f9130531fea40b61ee4fc0.jpg?1787221092,Crystal,12,4,SAM
Anoma Loris,44038350,258,249,Valefor,Meteor,1098,0,57b0094511d082e7e7e8203d850b4159_485f4777c38002871591fb54f27edc65fc0.jpg?1787221498,Crystal,49,6,AST
Pokeball Bahamut,42274942,259,250,Valefor,Meteor,1096,0,fdf4bab958d2fbf65e0c07739622a1f7_485f4777c38002871591fb54f27edc65fc0.jpg?1787220647,Crystal,515,28,GNB
He Ro,57048881,260,251,Ultima,Gaia,1096,0,1988e9fc4df817df742388c245715b40_9df1b3cb0da35db33c17ef11ddf12adafc0.jpg?1787221612,Crystal,445,6,UNK
Lucy Fortress,40591757,261,254,Yojimbo,Meteor,1095,0,6a8471ce8f811950fa73ff799371ba9d_4a92c619bde4f34cfa77e05fef21ad85fc0.jpg?1787219898,Crystal,113,6,UNK
Saza Nami,28815785,262,255,Valefor,Meteor,1094,0,b7132de4e22a14984e00a5a4feabfdc1_485f4777c38002871591fb54f27edc65fc0.jpg?1787219841,Crystal,71,13,SAM
Haine Balantin,25261749,263,256,Ifrit,Gaia,1093,0,95d742d2775dc4ae64696462b68ee21f_f9f796348bc43067c7242ec4551cde69fc0.jpg?1787222146,Crystal,156,6,DRK
Neneco Neko,60257588,264,258,Ultima,Gaia,1092,0,d410b53bdce1036d1d4331de5dd4f44e_9df1b3cb0da35db33c17ef11ddf12adafc0.jpg?1787221877,Crystal,48,0,BLM
Potato Taylor,33472337,265,0,Pandaemonium,Mana,1090,490,5505eedc1be058336fcf5870330a637e_470db1bf2e865f9130531fea40b61ee4fc0.jpg?1787222666,Crystal,84,7,SAM
Shiki Hime,30001957,266,0,Kujata,Elemental,1090,797,b06fdd560338ca779e896af5187d8c0f_72c48f093f2278ac3243962d3eb6a8d7fc0.jpg?1787220637,Crystal,23,13,MNK
Tomako Nanakusa,28099035,267,260,Alexander,Gaia,1088,0,33c328cb042802fb4ddc287b21165e26_b7a71d8799cf6dd75b711a7f52de6675fc0.jpg?1787220699,Crystal,185,0,MCH
Reeki Veo,17619704,268,261,Tonberry,Elemental,1088,0,1c9005e54e77bfe231e5bdebc829854c_7bb6b1e488f0e4f01c5314d010b60f31fc0.jpg?1787221963,Crystal,145,0,DRG
Dumb Catgirl,49931257,269,262,Ultima,Gaia,1087,0,6fc4eb8844117360fb2f23f75b38a18b_9df1b3cb0da35db33c17ef11ddf12adafc0.jpg?1787220002,Crystal,30,0,RDM
Jake Emethart,30406074,270,263,Alexander,Gaia,1086,0,0bb538c469f634e7e8b6453518a8df60_b7a71d8799cf6dd75b711a7f52de6675fc0.jpg?1787220538,Crystal,72,5,AST
R'mike Yellow,30277049,271,0,Unicorn,Meteor,1086,300,4dab4d39c0358465c2eebc7f4b6c6e13_393eb74047bb90c8d80dea54218430eefc0.jpg?1787220061,Crystal,53,5,PCT
Mundane Mann,42589754,272,264,Asura,Mana,1082,0,605c543ad4053338807ead77553c263b_53f1445a9f28799a32ea55f046319fc3fc0.jpg?1787221470,Crystal,19,0,SAM
Wolten Rema,17758406,273,265,Yojimbo,Meteor,1080,0,7f56f4547e5e3e1528ebc681d9618464_4a92c619bde4f34cfa77e05fef21ad85fc0.jpg?1787220061,Crystal,35,0,PLD
Vir Sanctus,38437893,274,266,Asura,Mana,1079,0,e0afc9c178de541c5ba8a1afafa4bb02_53f1445a9f28799a32ea55f046319fc3fc0.jpg?1787219670,Crystal,42,0,SMN
Mame Poporu,22836070,275,0,Ixion,Mana,1079,196,a886d90317b0e4205db7046757e57e53_7126768d768f6c6c7fed3eaee98c3a8afc0.jpg?1787221679,Crystal,34,2,VPR
Umai Okawari,28809423,276,267,Zeromus,Meteor,1078,0,603544c81055f8085a950feb781bee2a_c76848359d0b4d2f37aefbb9903ed97bfc0.jpg?1787222333,Crystal,46,1,WHM
Aran Tyler,47478713,277,268,Zeromus,Meteor,1077,0,601da8267e6037e1adc37928f1ab982b_c76848359d0b4d2f37aefbb9903ed97bfc0.jpg?1787221842,Crystal,79,0,SAM
Maplesyrup Hunnyhunt,5036291,278,269,Unicorn,Meteor,1072,0,30c7709ed0a59cb5eb0c9201d62deb82_393eb74047bb90c8d80dea54218430eefc0.jpg?1787222579,Crystal,77,3,MNK
Minato Haruka,57459700,279,270,Asura,Mana,1067,0,5f7508268722022e26bb9950825f7dea_53f1445a9f28799a32ea55f046319fc3fc0.jpg?1787222683,Crystal,51,0,DRG
Stardust Emilia,25988007,280,271,Hades,Mana,1026,0,b805b54635a07b2d9710df33b9a946aa_a4730651230dd43cb129562a30d531aefc0.jpg?1787222261,Crystal,59,0,UNK
Lil Latte,55025559,281,272,Anima,Mana,1022,0,2d01c7e9c74b9faebdd6d9ece7c9eb4a_2f698530a28d671d20278c8518c804c9fc0.jpg?1787220440,Crystal,183,0,UNK
Blono Bucciarati,1032560,282,0,Masamune,Mana,1021,618,09c6f1afaf7cadf0758ca2863eb9a192_134930215abb8a90ec37d6cc05b05e08fc0.jpg?1787222174,Crystal,376,15,SAM
Kamio Hoshi,51915197,283,273,Gungnir,Elemental,1021,0,6b5003e9f40b5f1a448a1ba748afc9e5_8f82f937943b6baf4c565020d5eba0ccfc0.jpg?1787220862,Crystal,204,7,MNK
Hak Elak,35740519,284,0,Ramuh,Meteor,1020,102,b86c5618a66aa9349d3190d9ad84491f_410ddb5a66a2fcacf538bec5ea5d0291fc0.jpg?1787222037,Crystal,228,9,SGE
Ryuu Nanmei,51950007,285,274,Alexander,Gaia,1020,0,73df97379b8a82a83c16a8b38c83134e_b7a71d8799cf6dd75b711a7f52de6675fc0.jpg?1787220840,Crystal,163,0,UNK
Kaheo Milde,30278970,286,275,Ultima,Gaia,1016,0,b92bf3d51d1bfabde325071eedf3d3e0_9df1b3cb0da35db33c17ef11ddf12adafc0.jpg?1787221337,Crystal,176,0,VPR
Azunyan Suta,3609752,287,276,Kujata,Elemental,1012,0,6eb87d1db5778a022b84283d0be6d5af_72c48f093f2278ac3243962d3eb6a8d7fc0.jpg?1787222011,Crystal,90,0,DRG
Nicole Alto,29493765,288,277,Masamune,Mana,1008,0,a2498d373544544a03c04cf423aad336_134930215abb8a90ec37d6cc05b05e08fc0.jpg?1787221614,Crystal,46,0,UNK
Sea La,57022789,289,278,Ifrit,Gaia,1008,0,58efbce0cede48dc626c7a56f201647c_f9f796348bc43067c7242ec4551cde69fc0.jpg?1787222612,Crystal,27,0,SAM
Ange Ciliegio,1686962,290,279,Atomos,Elemental,1007,0,59e7fb02c5fc2af8111364635f319ae2_cf768a751b1f5e355c2fd39a9ed91f3ffc0.jpg?1787220305,Crystal,53,0,UNK
Chiaki Gypsophila,3224896,291,280,Anima,Mana,1007,0,0c1c9b9742117c64cf36776db0d75c97_2f698530a28d671d20278c8518c804c9fc0.jpg?1787221006,Crystal,26,0,DRG
Elfmum Saintrelmaux,47797645,292,0,Alexander,Gaia,1006,306,4be3fea60d75388e0a0edd868bfb2eca_b7a71d8799cf6dd75b711a7f52de6675fc0.jpg?1787221599,Crystal,23,4,WAR
Hashiwo Hashimov,18926265,293,281,Belias,Meteor,1005,0,63c08b5de92b37aae2433a5abc1e5d20_894c4bd0beab2e2beb44b74f4c4bd206fc0.jpg?1787222824,Crystal,66,5,VPR
Errer Errant,28706539,294,282,Asura,Mana,1003,0,14833bd371ac70e05cffe6a03634bb61_53f1445a9f28799a32ea55f046319fc3fc0.jpg?1787222136,Crystal,11,0,MCH
Zill Eleutheria,29923965,295,283,Zeromus,Meteor,1001,0,a65d1152cafb72e2a518225f9347a73f_c76848359d0b4d2f37aefbb9903ed97bfc0.jpg?1787222343,Crystal,91,0,AST
Chanel-lonua Vuarnet,14003613,296,284,Unicorn,Meteor,1001,0,233358d5fdef79b0bdd20cbf96f5d3a1_393eb74047bb90c8d80dea54218430eefc0.jpg?1787219802,Crystal,80,0,RDM
Raiden Thorne,60267443,297,285,Tiamat,Gaia,1001,0,d973da1a88fef8b53bb1c5cad4ee7a1f_9f10d335198e90990f3437c5733468e7fc0.jpg?1787223024,Crystal,33,0,MNK
Sol Perfect,13175986,298,0,Hades,Mana,999,99,09b81422623fbfed2cbc5f5650d41a6f_a4730651230dd43cb129562a30d531aefc0.jpg?1787221508,Crystal,40,2,SAM
Gelgel Llin,36131481,299,286,Ridill,Gaia,997,0,2a90eea47454447b3ae0d4df4fbfdc5e_138751880f18161a907d7cf0faa43f07fc0.jpg?1787222921,Crystal,48,0,DNC
Kirad Tia,52085181,300,287,Fenrir,Gaia,994,0,d3f59510dedf1f64397d736361862a6d_d384cf5ad7db803f29799f36ebbc3eadfc0.jpg?1787221008,Crystal,176,0,PCT
Miyu Moon,14522179,1,0,Mateus,Crystal,3544,294,3562f4cf44aad7d526acbf8fae3937b0_f0c52cc66e124fc2e641d7c21ab2ce79fc0.jpg?1787222856,Ultima,84,5,SAM
Pekora Meow,37421725,2,3,Leviathan,Primal,3298,286,dc85502f9baa330d5a15d3c0a6f002a0_a91aae52cff9ef65932db06b150ffd47fc0.jpg?1787220090,Ultima,221,4,DRG
Ahri Meow,42604315,3,6,Leviathan,Primal,3135,448,99498e3de5cc49aacddccc855d4ee19d_a91aae52cff9ef65932db06b150ffd47fc0.jpg?1787221125,Ultima,120,22,RDM
Legendary Ash,10855248,4,2,Faerie,Aether,3092,0,6fd699132806b61c9dcb8613c3ae11a3_0e336ff6ad415f47233f0aaf127feac0fc0.jpg?1787222462,Ultima,109,0,PCT
Hollow Bastion,56455630,5,0,Rafflesia,Dynamis,2884,194,1f48f716d376c4c54dbbeedac9f01255_2783886613347a4db0bed7524de1298ffc0.jpg?1787220332,Omega,70,2,UNK
Sanahi Keto,57330112,6,4,Hyperion,Primal,2819,0,6531a5f5216bf8e7efcdcf26e24615cb_57ae9ee5592123dd79c8912bf768cf99fc0.jpg?1787221824,Omega,228,4,VPR
Azure Balmung,17864089,7,0,Gilgamesh,Aether,2680,0,5456a33c0abb12eab1bf88281486246e_b937560c841465f7c4bc8eb47ea7948afc0.jpg?1787220576,Omega,54,0,SCH
Kairi Rune,28236760,8,0,Hyperion,Primal,2664,0,ce129fc5d83b1472a349e0e1053aee02_57ae9ee5592123dd79c8912bf768cf99fc0.jpg?1787221942,Omega,171,13,MNK
Azar Kaveh,16748899,9,0,Mateus,Crystal,2584,0,1d25f3d1883510d8fd010504471516b8_f0c52cc66e124fc2e641d7c21ab2ce79fc0.jpg?1787221800,Omega,384,26,SCH
Barock Obama,52411158,10,0,Siren,Aether,2534,0,05a5459925b46dd9d074e273b24d5d27_58a84e851e55175d22158ca97af58a1ffc0.jpg?1787222285,Omega,292,0,PLD
Tomo Kote,38176817,11,0,Gilgamesh,Aether,2484,0,e5d7502ad7f21874552a4fc21553ee9e_b937560c841465f7c4bc8eb47ea7948afc0.jpg?1787220610,Omega,162,16,GNB
Pvp Badboy,38919488,12,0,Sargatanas,Aether,2421,0,8833f678967938d2e79b8d993021ce3f_ba22853447012a24cee115315d6a5bebfc0.jpg?1787222618,Omega,154,1,NIN
Ham Baga,28276994,13,0,Balmung,Crystal,2389,0,80672270fca68b3d3fa2f4c0b220427a_7a573cbc0cda3a3dfc1795cb3d9f7b23fc0.jpg?1787222494,Omega,134,7,BRD
Cyphos Ultimus,2288366,14,23,Balmung,Crystal,2389,394,b980cc0ff24da63437a59ef78df763c0_7a573cbc0cda3a3dfc1795cb3d9f7b23fc0.jpg?1787220853,Omega,116,12,DRG
Rin Ruki,59858100,15,19,Exodus,Primal,2297,203,7ec8676537a0b3fff644be3f10ee7741_0cdf051c93865faa15cbc5cd3d2b69fbfc0.jpg?1787223018,Omega,87,6,UNK
Fulheart Grit,38212551,16,27,Balmung,Crystal,2273,405,4a4d99f967c37bf42bd739857921e360_7a573cbc0cda3a3dfc1795cb3d9f7b23fc0.jpg?1787222996,Omega,91,9,WHM
Size Difference,33536390,17,14,Sargatanas,Aether,2271,0,770b5bd32a40e292765490f8e46eaf60_ba22853447012a24cee115315d6a5bebfc0.jpg?1787222489,Omega,178,0,SMN
Vittorio Moretti,61421815,18,15,Diabolos,Crystal,2263,0,8c11f65c791a4f39ba7c716aeb6bc8d9_7b33d33ae3ecb996f778a5f67a6a0af6fc0.jpg?1787222426,Omega,132,0,RDM
Terro Beoulve,45682109,19,16,Coeurl,Crystal,2208,0,5c8262e03844a30a89d0d2374247f03c_284358f8eb4efc9095914e46798c6ab3fc0.jpg?1787219979,Omega,108,2,VPR
Rae Rea,58956664,20,17,Adamantoise,Aether,2194,0,72766cccd8c79e6afd3055accfc559fa_1f5fd239b885860b7c2bfc72ad1d97effc0.jpg?1787220712,Omega,34,0,WAR
Fye Alanyk,48751064,21,18,Diabolos,Crystal,2158,0,d605d68b88b347dfdb8a9b9e6c3539d6_7b33d33ae3ecb996f778a5f67a6a0af6fc0.jpg?1787222997,Omega,227,7,BLM
Merlin Emryss,9605720,22,20,Faerie,Aether,2090,3,87179f28ae17956a4d43567dadf6ea60_0e336ff6ad415f47233f0aaf127feac0fc0.jpg?1787220964,Omega,143,2,NIN
Sanguinius Smolblood,33489157,23,21,Kraken,Dynamis,2078,0,461663ac9dfac06c5d61bc05d26ae652_049a956dfeb0eb2e19c417a1dde4d680fc0.jpg?1787219623,Omega,120,6,DRK
Gongsun Qerel,38059779,24,22,Mateus,Crystal,2063,64,015ef2d1ef8f18b0cf7fa0e646fa2d12_f0c52cc66e124fc2e641d7c21ab2ce79fc0.jpg?1787221657,Omega,161,9,VPR
Clara Green,44437004,25,24,Gilgamesh,Aether,1982,0,9fdf7ee98ab3c5eb9220a6d31f045135_b937560c841465f7c4bc8eb47ea7948afc0.jpg?1787221714,Omega,109,0,DRK
Meteor Moon,29693876,26,25,Rafflesia,Dynamis,1942,0,7f262df9422aa27c9dd850d004812561_2783886613347a4db0bed7524de1298ffc0.jpg?1787221736,Omega,207,0,SGE
Emi Meow,44729199,27,33,Siren,Aether,1896,202,39fec9b8eaf71c699797cd15ef87009b_58a84e851e55175d22158ca97af58a1ffc0.jpg?1787220913,Omega,33,5,MNK
Suhr Zarek,8876676,28,26,Balmung,Crystal,1883,0,c09e4087ccb76545f31b81fa5ca01485_7a573cbc0cda3a3dfc1795cb3d9f7b23fc0.jpg?1787219738,Omega,233,21,PLD
Artesia Saeyrs,2957946,29,35,Sargatanas,Aether,1880,196,e1a9c389a8110feceacc91a730bfc558_ba22853447012a24cee115315d6a5bebfc0.jpg?1787222004,Omega,27,4,DRK
Sylvie Chan,48678953,30,28,Brynhildr,Crystal,1846,0,14580705b6124b25ef19217300b4891f_d0a0f515a62457570c9b44997063e3c1fc0.jpg?1787221012,Omega,178,0,DNC
Kahlil Immortalis,22812670,31,44,Diabolos,Crystal,1789,204,0451aa29bd529c5d15b718b74c287dd2_7b33d33ae3ecb996f778a5f67a6a0af6fc0.jpg?1787222334,Omega,87,6,UNK
Xiao Longbao,31670807,32,29,Excalibur,Primal,1787,0,b9d8562547d5b9d8e86054d9061c6a23_745baffc465480ed372e274d50318290fc0.jpg?1787219792,Omega,210,28,MIN
Olivia Lugria,15149290,33,30,Sargatanas,Aether,1770,0,c230658574a9dc12a4eb6fae2e16ceb4_ba22853447012a24cee115315d6a5bebfc0.jpg?1787221590,Omega,214,0,NIN
Crow Meow,54328117,34,47,Jenova,Aether,1759,182,7eded062751a7f80f7f3d9fbe0ab8e34_ce736afe35e2ded4e46c4fd0659aef7efc0.jpg?1787222806,Omega,46,6,AST
Bepsi Kola,41348459,35,31,Adamantoise,Aether,1707,0,cc3717bc9d9d5c90534918043bb3ba56_1f5fd239b885860b7c2bfc72ad1d97effc0.jpg?1787221802,Omega,133,17,DRK
Myu Meow,9691497,36,54,Leviathan,Primal,1703,202,d925a41776719d761c94e8e32e5e7a0f_a91aae52cff9ef65932db06b150ffd47fc0.jpg?1787220441,Omega,111,8,WHM
Show Maker,61843104,37,32,Kraken,Dynamis,1699,0,a2da8d9d3d95080eac0c8ad1975a70ac_049a956dfeb0eb2e19c417a1dde4d680fc0.jpg?1787221045,Omega,107,0,SMN
Kylis Pendragon,36050245,38,34,Balmung,Crystal,1685,0,6d0f4e4d3e36c9a4dd7fccd76f9effc3_7a573cbc0cda3a3dfc1795cb3d9f7b23fc0.jpg?1787223093,Omega,227,2,BRD
Marci Meow,54739620,39,36,Balmung,Crystal,1683,0,4ebc98a9ae6cf756ec75bc3db97f87f6_7a573cbc0cda3a3dfc1795cb3d9f7b23fc0.jpg?1787222860,Omega,74,12,DRG
Rubedo Ginshi,15639088,40,37,Lamia,Primal,1662,0,bbc5b3eb96e1a1691fb9abb344fc3217_4d9be17b5e1edc617052b4dbf4007875fc0.jpg?1787221842,Omega,126,0,DRK
Lucio Harundo,4012099,41,48,Leviathan,Primal,1615,85,d042eff245eaa56c0b6989df68a99564_a91aae52cff9ef65932db06b150ffd47fc0.jpg?1787222355,Omega,280,9,DRK
Kris Lhea,39204335,42,38,Mateus,Crystal,1602,0,982639accd39a2021d8f112bb5e763df_f0c52cc66e124fc2e641d7c21ab2ce79fc0.jpg?1787223138,Omega,59,0,MNK
Death Reaps,8773483,43,39,Balmung,Crystal,1598,0,265183f487ab7e0a5a5b3128ec29a82a_7a573cbc0cda3a3dfc1795cb3d9f7b23fc0.jpg?1787222890,Omega,129,6,SAM
Josh Trigiani,6965228,44,40,Lamia,Primal,1595,0,22f547722b0454bc3b30d7f6a8ac5b0a_4d9be17b5e1edc617052b4dbf4007875fc0.jpg?1787222144,Omega,42,0,FSH
The Feast,46586541,45,41,Behemoth,Primal,1592,0,db9e7409cc816f51307405b49c8b5713_be20385e18333edb329d4574f364a1f0fc0.jpg?1787220665,Omega,71,0,UNK
Saraliah Dawnbringer,21371539,46,42,Coeurl,Crystal,1588,0,6cef2d612818607782b7fbc356526664_284358f8eb4efc9095914e46798c6ab3fc0.jpg?1787219990,Omega,39,0,SAM
Sovereign Phil,14314725,47,43,Goblin,Crystal,1586,0,acf642268567c66b82aaf11114198670_8e81e2940511f7152ba4462fe53e35b8fc0.jpg?1787222046,Omega,31,0,SGE
Mavis Enyo,14769968,48,45,Excalibur,Primal,1578,0,00bced457c7cea8ae968197c61367bed_745baffc465480ed372e274d50318290fc0.jpg?1787221765,Omega,37,0,AST
Lyra Evelyn,52292388,49,46,Lamia,Primal,1577,0,297469abea049ff5cfb98af6fe45176f_4d9be17b5e1edc617052b4dbf4007875fc0.jpg?1787223034,Omega,77,0,RPR
Hrothmar Blackburns,28757856,50,49,Adamantoise,Aether,1516,0,ba6405bac0d5b1fb489962984f0d9fb9_1f5fd239b885860b7c2bfc72ad1d97effc0.jpg?1787221559,Omega,264,23,BLM
Azureal Grandeur,20448737,51,60,Marilith,Dynamis,1516,209,fa989d1d00d58fc1b4171abefb5e22b7_bbfb28d5a9059cd0c768daf77ab29982fc0.jpg?1787221076,Omega,189,11,MCH
Momo Meow,50898775,52,50,Siren,Aether,1513,0,6abf63b1f0755aa211bfd1dadc66e3b9_58a84e851e55175d22158ca97af58a1ffc0.jpg?1787220340,Omega,25,0,WHM
Navori Valois,48622291,53,51,Adamantoise,Aether,1504,0,4facdc408c9ad771bc52001d3c82fa9f_1f5fd239b885860b7c2bfc72ad1d97effc0.jpg?1787219607,Omega,81,6,UNK
P'roto Idola,35374628,54,52,Brynhildr,Crystal,1503,0,a91ad9e8c6c6ddb0905cd9aa6cede8e3_d0a0f515a62457570c9b44997063e3c1fc0.jpg?1787222456,Omega,77,0,WAR
Mac Arena,45492392,55,53,Halicarnassus,Dynamis,1502,0,727c03e055fd72360cd347e8a6365e3a_f2d324d722b28bbe681b2898bcdca8bffc0.jpg?1787221333,Omega,45,0,GNB
Fire Strike,52397705,56,55,Kraken,Dynamis,1480,4,b9c1021d4aa2ae66682e7904857161ed_049a956dfeb0eb2e19c417a1dde4d680fc0.jpg?1787222301,Crystal,55,2,RDM
Zeta Salazar,44375733,57,56,Midgardsormr,Aether,1405,0,4be3c205f3892cdbc09e8417ad6dbb68_5c8ecfbc673e1287a9b5e85423fe1657fc0.jpg?1787222385,Crystal,176,4,SAM
Fortune Days,44283538,58,57,Zalera,Crystal,1395,0,044cf6044387105edf58d48a910b1ae4_8106f857613f8fb994b0be37b26ff4bafc0.jpg?1787221084,Crystal,45,0,PLD
Gidding Mimid,9835761,59,58,Exodus,Primal,1394,0,97296d489ec3afb5d7c65e3c6fa7fc05_0cdf051c93865faa15cbc5cd3d2b69fbfc0.jpg?1787221213,Crystal,150,18,NIN
Micro Uryade,37487800,60,59,Sargatanas,Aether,1320,0,d9df4db31e4d391c99006db3caa4b5f9_ba22853447012a24cee115315d6a5bebfc0.jpg?1787223141,Crystal,168,9,RPR
Air Azure,41482862,61,63,Rafflesia,Dynamis,1308,29,a32fc7c37974e2629ce594c455ff54a7_2783886613347a4db0bed7524de1298ffc0.jpg?1787222221,Crystal,91,8,SCH
Lazy Bear,39566180,62,61,Faerie,Aether,1298,0,a07cf0c35d5a78a5a1b9ca16d6f41803_0e336ff6ad415f47233f0aaf127feac0fc0.jpg?1787221276,Crystal,165,0,SAM
Sparrow Hawk,50867063,63,81,Seraph,Dynamis,1294,284,1253b18a592d2d3c5133e9b86ab20c5a_07fb0511053f398d1f2d6831e6a6b4c8fc0.jpg?1787219746,Crystal,61,10,DRG
Kuina Kagetsu,36802695,64,62,Ultros,Primal,1286,0,dd8ffbe11c53ea988c605c9c24157c59_c514cdcdb619439df97d906d4434ccc6fc0.jpg?1787222692,Crystal,86,0,AST
Zypris Allsbane,13616095,65,78,Leviathan,Primal,1272,196,8194751bb802fcd9691a7ee558040836_a91aae52cff9ef65932db06b150ffd47fc0.jpg?1787221702,Crystal,71,10,RPR
Crew Mate,58619876,66,64,Rafflesia,Dynamis,1212,0,8fabef2de621b0cab9b478c17a74d44f_2783886613347a4db0bed7524de1298ffc0.jpg?1787222086,Crystal,40,0,UNK
La Bubu,26625120,67,65,Diabolos,Crystal,1207,0,733d34df72366760c6f44581681c9088_7b33d33ae3ecb996f778a5f67a6a0af6fc0.jpg?1787221917,Crystal,71,3,WHM
Neo Dymium,33030676,68,66,Seraph,Dynamis,1201,0,24be6098cf7acc2de169d92917d3299f_07fb0511053f398d1f2d6831e6a6b4c8fc0.jpg?1787219694,Crystal,49,0,WAR
Silanah Sylphrena,45709349,69,67,Faerie,Aether,1199,0,353d000e66ebf6b7715ff5998504f784_0e336ff6ad415f47233f0aaf127feac0fc0.jpg?1787222504,Crystal,25,0,AST
Nemx Eisenhorn,2244246,70,68,Excalibur,Primal,1195,0,8d22c9821683049e16868ac1de65df41_745baffc465480ed372e274d50318290fc0.jpg?1787221090,Crystal,56,4,NIN
Aerika Meow,27836279,71,69,Faerie,Aether,1192,2,cefa16e18644e0b625a0d52d2df514b9_0e336ff6ad415f47233f0aaf127feac0fc0.jpg?1787222856,Crystal,29,4,DNC
Big Three,47754584,72,70,Zalera,Crystal,1183,0,ef1725c11b5e975338a0b9d2fccdabfe_8106f857613f8fb994b0be37b26ff4bafc0.jpg?1787220931,Crystal,74,12,WAR
Karl Rex,48615049,73,71,Siren,Aether,1179,0,a7f2129699ecb71e801871425b8cbc52_58a84e851e55175d22158ca97af58a1ffc0.jpg?1787219999,Crystal,250,7,WAR
Yuseong Regilis,60222350,74,101,Exodus,Primal,1134,312,1c96ea3b1132f01c102abfff5ab289ec_0cdf051c93865faa15cbc5cd3d2b69fbfc0.jpg?1787220039,Crystal,82,14,UNK
Bisukito Neko,32261082,75,72,Zalera,Crystal,1120,0,3462c7ee2de7556ca86498dc5214a7fb_8106f857613f8fb994b0be37b26ff4bafc0.jpg?1787222279,Crystal,46,0,UNK
Labrys Roux,31449732,76,157,Ultros,Primal,1106,609,b78d649d03beba97a36fa9eebc98afc4_c514cdcdb619439df97d906d4434ccc6fc0.jpg?1787221016,Crystal,106,18,AST
Shionne Ripley,21758358,77,73,Exodus,Primal,1101,0,bb79dff7e2cdc4dfc99c188be01080ba_0cdf051c93865faa15cbc5cd3d2b69fbfc0.jpg?1787220687,Crystal,80,0,DRG
Deadrise Mutambo,49340180,78,74,Diabolos,Crystal,1101,0,05829ade005fe971a894d48d18963c4f_7b33d33ae3ecb996f778a5f67a6a0af6fc0.jpg?1787219990,Crystal,62,0,DRG
Yui Fins,46861659,79,75,Adamantoise,Aether,1096,0,477904411f28cfd029518422146e02f0_1f5fd239b885860b7c2bfc72ad1d97effc0.jpg?1787219998,Crystal,361,23,PLD
Unit Chan,37998953,80,76,Jenova,Aether,1089,0,edbb6ab0cdf4eefcc524df286e3ff034_ce736afe35e2ded4e46c4fd0659aef7efc0.jpg?1787222030,Crystal,117,5,MNK
Aibertain Mando,32541700,81,77,Jenova,Aether,1076,0,8dec967ad48c9a703018a7445740a7f3_ce736afe35e2ded4e46c4fd0659aef7efc0.jpg?1787220845,Crystal,201,3,MCH
Haha Unless,35825889,82,80,Faerie,Aether,1035,20,3c249691791cbe0f2fb3ccc230c9a4e4_0e336ff6ad415f47233f0aaf127feac0fc0.jpg?1787221367,Crystal,43,12,DNC
Doomballoon Dapingus,19169037,83,79,Diabolos,Crystal,1017,0,e43cef91ca38a14de0e5bea2295ba9c0_7b33d33ae3ecb996f778a5f67a6a0af6fc0.jpg?1787222126,Crystal,54,0,GNB
Unknown O'juan,20213719,84,82,Maduin,Dynamis,1005,0,27df6ef8a3aa80b9f976110e12831743_7ff236346f6151d8a2c08fd0b4a0b806fc0.jpg?1787222778,Crystal,28,0,AST
Zithiel Bihrul,44613484,85,83,Faerie,Aether,1003,0,4abc29f0f384c794c1f6c7e7e60b8ed8_0e336ff6ad415f47233f0aaf127feac0fc0.jpg?1787222702,Crystal,125,0,BRD
Nero Cor,51685882,86,84,Cactuar,Aether,1001,0,a53a1a6499997a089c36337bcc3ae46d_96ab1df8877c1f8ba6a89a39cccfd437fc0.jpg?1787222150,Crystal,96,0,RDM
F'ool Pr'oof,27802292,87,85,Behemoth,Primal,1001,0,07756f3cccf4cada3f3d40b5d44ef841_be20385e18333edb329d4574f364a1f0fc0.jpg?1787220408,Crystal,76,0,DNC
Kirishoto Azphina,7859003,88,86,Excalibur,Primal,999,0,c9689b4fc4af55f8366432b02c0ce55f_745baffc465480ed372e274d50318290fc0.jpg?1787221520,Crystal,60,0,PLD
Baka Bao,48974722,89,87,Gilgamesh,Aether,997,0,ef2247fb5724315ecd96d1ac9c5804b1_b937560c841465f7c4bc8eb47ea7948afc0.jpg?1787222513,Crystal,138,6,SAM
Suhr Zarek,41651606,90,88,Goblin,Crystal,994,0,9a55a7c2b29a7a0b7de33b2fcc5a0411_8e81e2940511f7152ba4462fe53e35b8fc0.jpg?1787222159,Crystal,21,0,WAR
Dandy Lyon,9088850,91,89,Leviathan,Primal,991,0,5e652518b4930ff5cb411a5818760318_a91aae52cff9ef65932db06b150ffd47fc0.jpg?1787220916,Crystal,57,0,NIN
Raiden Meow,60049984,92,90,Halicarnassus,Dynamis,990,0,82a7874a19aee552f4a0f8ff2b663dff_f2d324d722b28bbe681b2898bcdca8bffc0.jpg?1787221180,Crystal,29,0,MNK
Tiny Sosig,16648383,93,91,Balmung,Crystal,911,0,47661dc0b135d6c15fadc46a3fa85816_7a573cbc0cda3a3dfc1795cb3d9f7b23fc0.jpg?1787222071,Crystal,153,4,NIN
Raphtalia Solari,8126326,94,105,Adamantoise,Aether,908,109,baeca36f0f50dbb796496ea18e58ee30_1f5fd239b885860b7c2bfc72ad1d97effc0.jpg?1787222000,Crystal,80,13,SGE
Ash Ymir,50182260,95,92,Gilgamesh,Aether,906,0,571648c27d0568207bb3ebea02244e4e_b937560c841465f7c4bc8eb47ea7948afc0.jpg?1787220997,Crystal,36,2,UNK
Celesse Archon,5403993,96,93,Midgardsormr,Aether,902,0,46c05696a375eb66cab3503bea79e4e4_5c8ecfbc673e1287a9b5e85423fe1657fc0.jpg?1787220829,Crystal,32,0,AST
Limit Less,48764071,97,94,Jenova,Aether,902,0,cfaa3805c7a62fc99a75b9c68da57b17_ce736afe35e2ded4e46c4fd0659aef7efc0.jpg?1787222877,Crystal,10,0,VPR
Somnidemn Serdorm,37031558,98,96,Goblin,Crystal,901,0,6147ca113912ee7b9ac321313bbf5863_8e81e2940511f7152ba4462fe53e35b8fc0.jpg?1787220352,Crystal,72,10,SCH
No Buts,2234245,99,95,Zalera,Crystal,901,0,0d8b9ae74f55ea0ba374fa7b38b48862_8106f857613f8fb994b0be37b26ff4bafc0.jpg?1787222761,Crystal,64,0,BRD
Nia Yukumo,22530343,100,97,Lamia,Primal,893,0,41fe576462de4cc12ab76d6d29ef58e4_4d9be17b5e1edc617052b4dbf4007875fc0.jpg?1787222291,Crystal,109,11,BRD
Ice Mage,56719413,101,98,Golem,Dynamis,893,0,20eb207dbce003e2fb1842e0c47aacc7_dd61c3dc259e5c43722e89409499b669fc0.jpg?1787222855,Crystal,62,0,BLM
Nanamie Namie,54007603,102,99,Seraph,Dynamis,884,0,0a2ba3a431605dbe05215a75dffd70e7_07fb0511053f398d1f2d6831e6a6b4c8fc0.jpg?1787223113,Crystal,92,0,MNK
Uki Yo,50106047,103,100,Adamantoise,Aether,879,0,75e9983a4dd07e7e5de0ed1ac11a23fb_1f5fd239b885860b7c2bfc72ad1d97effc0.jpg?1787222858,Crystal,19,0,MNK
Kiitla Hundar,21600585,104,102,Brynhildr,Crystal,821,0,acff83df95bca2189584bd6af72e84ce_d0a0f515a62457570c9b44997063e3c1fc0.jpg?1787219743,Crystal,102,2,UNK
Horan Lou,38248988,105,145,Brynhildr,Crystal,817,298,3c88d2c3502bacefa5eb1e223a75217b_d0a0f515a62457570c9b44997063e3c1fc0.jpg?1787221673,Crystal,94,8,RDM
Anti Luminosity,53824427,106,103,Marilith,Dynamis,811,0,345441c3ea324bf07484e7e6f1031ccc_bbfb28d5a9059cd0c768daf77ab29982fc0.jpg?1787222093,Crystal,141,9,RPR
Silah Zetsku,53965328,107,104,Marilith,Dynamis,804,0,d2b4042f092dccb0d381fdc61afe74c3_bbfb28d5a9059cd0c768daf77ab29982fc0.jpg?1787221974,Crystal,40,0,WAR
Naomi Hakoma,13697124,108,139,Halicarnassus,Dynamis,801,208,a6732f9cc34509a6761d618186e745fd_f2d324d722b28bbe681b2898bcdca8bffc0.jpg?1787222402,Crystal,54,5,CUL
Ryan Hoshiko,10323495,109,118,Lamia,Primal,799,97,b8f720f05e5314618bc7341f856d075d_4d9be17b5e1edc617052b4dbf4007875fc0.jpg?1787222686,Crystal,53,2,GNB
Seto Mimyho,20943977,110,106,Behemoth,Primal,798,0,e0110a23ddcddf11cb8bf1e895c56d75_be20385e18333edb329d4574f364a1f0fc0.jpg?1787222097,Crystal,46,0,FSH
Satoshi Itaori,52546108,111,107,Golem,Dynamis,798,0,1ecf4d8479fa0e8c3c4b6fe005108b6d_dd61c3dc259e5c43722e89409499b669fc0.jpg?1787220476,Crystal,32,0,MCH
Shimori Bunihara,50186185,112,108,Kraken,Dynamis,793,0,c7cd2842a29701e0963bf6d156392014_049a956dfeb0eb2e19c417a1dde4d680fc0.jpg?1787221849,Crystal,40,0,MCH
Skyanar Tyrunas,42486942,113,110,Siren,Aether,791,2,ba17697df023a58dbdba8be74f3894f2_58a84e851e55175d22158ca97af58a1ffc0.jpg?1787221110,Crystal,105,6,WAR
Banana Skye,48159675,114,109,Faerie,Aether,790,0,37d6f3f177181cc95ef2e697d25b0c85_0e336ff6ad415f47233f0aaf127feac0fc0.jpg?1787221688,Crystal,62,0,WHM
Im Dead,44727021,115,111,Balmung,Crystal,789,0,382bb5e8fe23a4e04750cfd29fa9f46c_7a573cbc0cda3a3dfc1795cb3d9f7b23fc0.jpg?1787221326,Crystal,38,0,MNK
Garu Kettle,7054871,116,112,Behemoth,Primal,779,0,e03f1b46663ddb8c150315a88c79c9f1_be20385e18333edb329d4574f364a1f0fc0.jpg?1787220923,Crystal,99,0,UNK
Gio Vanna,33440191,117,113,Adamantoise,Aether,743,0,7d1d14338474ce900c0581dbd778d321_1f5fd239b885860b7c2bfc72ad1d97effc0.jpg?1787221558,Crystal,47,0,SGE
S'tille Fhey,8693680,118,114,Midgardsormr,Aether,709,0,d02ff61e52c6b3e4eadaf1f6172fe557_5c8ecfbc673e1287a9b5e85423fe1657fc0.jpg?1787221088,Crystal,79,0,GNB
Judas Demaio,7957583,119,115,Balmung,Crystal,709,0,802e8b947615ba3fa10ac8d8e4fb1ebf_7a573cbc0cda3a3dfc1795cb3d9f7b23fc0.jpg?1787219939,Crystal,37,2,UNK
Ellie Titis,36865882,120,116,Midgardsormr,Aether,707,0,71601f63eddfe2db7e4ec2213790102c_5c8ecfbc673e1287a9b5e85423fe1657fc0.jpg?1787219986,Crystal,30,0,PLD
Scythe Horrorblade,32713598,121,117,Mateus,Crystal,702,0,43c41a5aa8d981f109e6d76f3347bd93_f0c52cc66e124fc2e641d7c21ab2ce79fc0.jpg?1787220158,Crystal,316,13,MNK
Rusheel Vasscus,2314921,122,119,Adamantoise,Aether,702,0,a4248cc27f1d518fee3b2b12da021669_1f5fd239b885860b7c2bfc72ad1d97effc0.jpg?1787222525,Crystal,15,0,MNK
Noel Bunny,5201676,123,120,Behemoth,Primal,697,0,c7f99603b6e09c43470bbabaed203add_be20385e18333edb329d4574f364a1f0fc0.jpg?1787222598,Crystal,141,1,UNK
Aesa Iys,59631795,124,121,Kraken,Dynamis,696,0,60f73c621a5b6dec56728cc5466268c2_049a956dfeb0eb2e19c417a1dde4d680fc0.jpg?1787220583,Crystal,164,2,UNK
Io Isana,33563057,125,122,Coeurl,Crystal,695,0,bb1bccc46bef2876072e2e7fa326fa12_284358f8eb4efc9095914e46798c6ab3fc0.jpg?1787220631,Crystal,17,0,SAM
Alex Rider,61850079,126,123,Hyperion,Primal,694,0,d221a7b6c00ffa393c988249ed242d9a_57ae9ee5592123dd79c8912bf768cf99fc0.jpg?1787221091,Crystal,70,0,DRG
Master Zoknik,48144446,127,124,Balmung,Crystal,692,0,3c54e73f2ad7023aa3b173793f95c070_7a573cbc0cda3a3dfc1795cb3d9f7b23fc0.jpg?1787222756,Crystal,29,0,SMN
Alana Mystranquil,38447772,128,125,Coeurl,Crystal,690,0,a3b4e0628a97b6c3941d78fd1af36b81_284358f8eb4efc9095914e46798c6ab3fc0.jpg?1787220227,Crystal,29,0,AST
Zot Meow,34168568,129,172,Sargatanas,Aether,690,289,857170879bee95fc8f3f62ae264a46ce_ba22853447012a24cee115315d6a5bebfc0.jpg?1787219831,Crystal,28,4,SGE
Lolly Pops,11573609,130,146,Leviathan,Primal,685,176,a38b4d4cbcfc624c56b5db6efb627dd2_a91aae52cff9ef65932db06b150ffd47fc0.jpg?1787220412,Crystal,208,9,RPR
Kasai Kage,21886030,131,126,Adamantoise,Aether,618,0,6835735c490425c8a49d6889308a3484_1f5fd239b885860b7c2bfc72ad1d97effc0.jpg?1787221839,Crystal,16,0,NIN
Phrosticus Maximus,51732834,132,127,Kraken,Dynamis,608,0,36921233b0c05085a501c86bb51f5633_049a956dfeb0eb2e19c417a1dde4d680fc0.jpg?1787222114,Crystal,202,21,NIN
Akari Tsuki,46655701,133,128,Adamantoise,Aether,608,0,08f7ffe45c1b134f99ea040b39ee2bdd_1f5fd239b885860b7c2bfc72ad1d97effc0.jpg?1787222796,Crystal,24,0,SMN
No Bee,37102144,134,129,Lamia,Primal,606,0,5c741048df2befeb7f80a2b03bb02aee_4d9be17b5e1edc617052b4dbf4007875fc0.jpg?1787222279,Crystal,67,3,DRG
Hilto Feltre,55076328,135,130,Sargatanas,Aether,605,0,4a850e1dbb7f6f3aeff5b21df6166f3f_ba22853447012a24cee115315d6a5bebfc0.jpg?1787221974,Crystal,45,0,RPR
Ivy Storm,61727582,136,131,Zalera,Crystal,604,0,27a648f77de0ff7a1a44539cbd062203_8106f857613f8fb994b0be37b26ff4bafc0.jpg?1787222087,Crystal,81,0,MCH
Shum One,31246227,137,132,Midgardsormr,Aether,602,0,6a9ab1154c9d9a712cc039f45837db6d_5c8ecfbc673e1287a9b5e85423fe1657fc0.jpg?1787222357,Crystal,93,0,VPR
Alma Braver,729037,138,133,Goblin,Crystal,602,0,1d50d402d833734bf7f0d1fe6b3af5e8_8e81e2940511f7152ba4462fe53e35b8fc0.jpg?1787220304,Crystal,43,1,PCT
Nikau Milkdud,30842976,139,134,Lamia,Primal,601,0,2ffee265e9fb9491997d30306dc67cc3_4d9be17b5e1edc617052b4dbf4007875fc0.jpg?1787219740,Crystal,20,0,MNK
Hunie Pop,37396085,140,136,Ultros,Primal,599,0,8a72b357002474c02d597d6e8bc94cee_c514cdcdb619439df97d906d4434ccc6fc0.jpg?1787220403,Crystal,105,8,WHM
Ethan Dumas,2337003,141,135,Zalera,Crystal,599,0,4363afb6aeff95a15293cf3907560f7b_8106f857613f8fb994b0be37b26ff4bafc0.jpg?1787220319,Crystal,104,1,RDM
Silvy Kaenbyou,45504540,142,137,Goblin,Crystal,598,0,3a856bd5c7e35d95f6afcc57be4321a1_8e81e2940511f7152ba4462fe53e35b8fc0.jpg?1787220055,Crystal,168,17,SMN
June Buggy,39873640,143,138,Brynhildr,Crystal,595,0,929fb7f3958e6f1fbc9e559d731c0108_d0a0f515a62457570c9b44997063e3c1fc0.jpg?1787222154,Crystal,43,0,SCH
Eyre Stahl,32745572,144,140,Maduin,Dynamis,593,0,0d24cf6e8f53fc59a993fd5e5311d4e0_7ff236346f6151d8a2c08fd0b4a0b806fc0.jpg?1787222783,Crystal,25,8,MNK
Adrianne Lehman,335503,145,141,Jenova,Aether,591,0,9487d4bc6332e7a22c323a4ee321ffa1_ce736afe35e2ded4e46c4fd0659aef7efc0.jpg?1787220772,Crystal,251,10,SCH
Teysa Montgomery,6201712,146,142,Cactuar,Aether,591,0,eb51f53fb1f2b23ee171b4e92895e9b4_96ab1df8877c1f8ba6a89a39cccfd437fc0.jpg?1787219643,Crystal,165,14,DRG
Sarantsatsral Kha,26082962,147,143,Behemoth,Primal,586,0,f8735f190504d139ee16ec1a623371dc_be20385e18333edb329d4574f364a1f0fc0.jpg?1787222814,Crystal,26,0,BLM
Finch Curador,30712387,148,144,Leviathan,Primal,581,0,a7767d35320b852f509e7dd68b0151d4_a91aae52cff9ef65932db06b150ffd47fc0.jpg?1787222198,Crystal,11,0,BRD
Rasan Sena,13544028,149,147,Kraken,Dynamis,508,0,70d1ba94bcbeff8a384f1e364b2ee863_049a956dfeb0eb2e19c417a1dde4d680fc0.jpg?1787220234,Crystal,63,0,MNK
Rachna's Kitten,60414129,150,163,Diabolos,Crystal,508,103,5a2079c26296ecf9252da83453669ee7_7b33d33ae3ecb996f778a5f67a6a0af6fc0.jpg?1787222566,Crystal,34,6,UNK
Cassian Syndriel,52998476,151,148,Ultros,Primal,507,0,db812378f708097c17610e9e6817f749_c514cdcdb619439df97d906d4434ccc6fc0.jpg?1787222037,Crystal,82,0,SAM
Cain Molkoh,57323197,152,189,Goblin,Crystal,506,109,889deea7b0b76edd744a2b6fb24a09a1_8e81e2940511f7152ba4462fe53e35b8fc0.jpg?1787222444,Crystal,111,5,AST
Naeng Myeon,35393894,153,149,Jenova,Aether,506,0,e834ee8ccde5fd99424275ed75278f5b_ce736afe35e2ded4e46c4fd0659aef7efc0.jpg?1787222414,Crystal,69,9,MNK
Mori Sumire,22629786,154,150,Zalera,Crystal,504,0,9d1372da41637e0a1cee75add0cdab3e_8106f857613f8fb994b0be37b26ff4bafc0.jpg?1787222345,Crystal,65,0,UNK
Airi Aogane,46241895,155,251,Sargatanas,Aether,503,403,11367baad718b56f9682513d9430146d_ba22853447012a24cee115315d6a5bebfc0.jpg?1787220585,Crystal,116,5,SGE
Rin Denma,33178809,156,151,Gilgamesh,Aether,501,0,6c5bab6678d3c44b6e646bc8726eb9f9_b937560c841465f7c4bc8eb47ea7948afc0.jpg?1787222567,Crystal,11,2,UNK
Oni Akuma,7300790,157,152,Gilgamesh,Aether,500,0,e8e098720e245711114b4614110261b5_b937560c841465f7c4bc8eb47ea7948afc0.jpg?1787220674,Crystal,177,1,MNK
Minato Maki,53819658,158,153,Excalibur,Primal,500,0,03c1d1dc5b9a30317518ec9a30c301ab_745baffc465480ed372e274d50318290fc0.jpg?1787222222,Crystal,30,0,VPR
Aelara Nightelm,2908362,159,154,Maduin,Dynamis,499,0,f40ea9e3404cbab02b92f9bc1d80cdcd_7ff236346f6151d8a2c08fd0b4a0b806fc0.jpg?1787220749,Crystal,136,0,RDM
Lelouch Masamune,12543299,160,155,Malboro,Crystal,499,0,711457fd66b589fb422ba4640a4826f0_2e97c13fdd593d15d543093f8a37b6f0fc0.jpg?1787220906,Crystal,76,0,SCH
Shinra Tatsuya,8648762,161,156,Gilgamesh,Aether,498,0,7dccb5e520b149afd2b044279fa8694e_b937560c841465f7c4bc8eb47ea7948afc0.jpg?1787220299,Crystal,83,1,SAM
Xale Solace,52728205,162,158,Adamantoise,Aether,497,0,5272a5d5dea9738bb4a6638ac3f083d2_1f5fd239b885860b7c2bfc72ad1d97effc0.jpg?1787223191,Crystal,55,0,DRG
High Five,40416979,163,159,Brynhildr,Crystal,493,0,f6eae218fa6037625ae22a8c800d935d_d0a0f515a62457570c9b44997063e3c1fc0.jpg?1787220527,Crystal,21,0,BRD
Norma Jeannie,28105106,164,160,Jenova,Aether,491,0,bff6f64f1e9dd700a962c74db4bf4812_ce736afe35e2ded4e46c4fd0659aef7efc0.jpg?1787221175,Crystal,51,0,AST
Vaal Hazak,26534863,165,161,Zalera,Crystal,408,0,7c44a75a2f3d57a9cd3b86235340939b_8106f857613f8fb994b0be37b26ff4bafc0.jpg?1787219962,Crystal,114,17,DRK
Bigg Succ,14228989,166,210,Coeurl,Crystal,408,110,d833225ff74a6d00fc89b134cc155262_284358f8eb4efc9095914e46798c6ab3fc0.jpg?1787222700,Crystal,7,5,MCH
Bean Waters,34305264,167,195,Famfrit,Primal,406,97,bcdcd97b24d4dfc6b3e643c8670b6f7c_fce4949e615393e574f2d57134b31fc1fc0.jpg?1787221451,Crystal,47,1,SCH
Lowan Gleview,48863675,168,162,Gilgamesh,Aether,406,0,3ed0770e9633fa9630af57f595f1d68d_b937560c841465f7c4bc8eb47ea7948afc0.jpg?1787221422,Crystal,35,0,NIN
Roland Montpensier,27408688,169,164,Mateus,Crystal,402,0,f999e29fa2ab10f6ba02338f493e886b_f0c52cc66e124fc2e641d7c21ab2ce79fc0.jpg?1787221188,Crystal,26,0,DRG
Tio Tot,32427648,170,165,Jenova,Aether,402,0,b6b5f99e0b2c9878499873fdbe82cda3_ce736afe35e2ded4e46c4fd0659aef7efc0.jpg?1787221643,Crystal,25,0,WAR
Larxis Themage,9284703,171,166,Mateus,Crystal,401,0,f1440421e273892659981868cbc99f9b_f0c52cc66e124fc2e641d7c21ab2ce79fc0.jpg?1787221450,Crystal,143,0,MCH
Von Columbine,58381347,172,167,Gilgamesh,Aether,401,0,616328e702b2b2e8d452581d53ec9f88_b937560c841465f7c4bc8eb47ea7948afc0.jpg?1787221864,Crystal,102,3,GNB
O'naeas Du'faigh,39414113,173,168,Ultros,Primal,401,0,7994a259bec436115a0081b11babf4f8_c514cdcdb619439df97d906d4434ccc6fc0.jpg?1787221734,Crystal,75,0,WAR
Jin Mercer,31096690,174,170,Marilith,Dynamis,401,0,708b770d30658bbff6a84015d913b518_bbfb28d5a9059cd0c768daf77ab29982fc0.jpg?1787222375,Crystal,60,4,SMN
Very Shooooooooooort,49384501,174,169,Hyperion,Primal,401,0,084259a7b0d5cdac112faebe64bac849_57ae9ee5592123dd79c8912bf768cf99fc0.jpg?1787221991,Crystal,60,0,UNK
Vicious Nouzen,42001229,176,171,Jenova,Aether,401,0,94ccc3f4ceffc2356f1ddd47d85ca9f7_ce736afe35e2ded4e46c4fd0659aef7efc0.jpg?1787222196,Crystal,51,0,VPR
Senka Kyo,40405843,177,173,Adamantoise,Aether,401,0,57edcac1396cccc62373cfaa1109ab06_1f5fd239b885860b7c2bfc72ad1d97effc0.jpg?1787220196,Crystal,3,0,CUL
Rail Ying,33252892,178,174,Famfrit,Primal,400,0,e9ae8b691e418ccccf35ebe11804f497_fce4949e615393e574f2d57134b31fc1fc0.jpg?1787220131,Crystal,336,0,RPR
Coffee Dawg,17085073,179,175,Famfrit,Primal,400,0,3f73984ff31eed30a16eba5ac017bdda_fce4949e615393e574f2d57134b31fc1fc0.jpg?1787220800,Crystal,62,0,DRK
Nero K'ten,6155374,180,176,Lamia,Primal,400,0,457604f04300faac0e52a053884e2bb7_4d9be17b5e1edc617052b4dbf4007875fc0.jpg?1787221393,Crystal,53,0,AST
Freelili Baylili,41088797,181,177,Famfrit,Primal,400,0,2fd0edea93f7f1b96bfa59c24d04a2af_fce4949e615393e574f2d57134b31fc1fc0.jpg?1787222588,Crystal,49,0,DRK
Cj Deux,23394493,182,178,Lamia,Primal,399,0,64702aeefa55d2931c531ddadd7964ea_4d9be17b5e1edc617052b4dbf4007875fc0.jpg?1787220359,Crystal,203,0,WHM
Shiroi Kijo,44769088,183,179,Ultros,Primal,399,0,2bc8c14bed99e41cc16db823a37e5295_c514cdcdb619439df97d906d4434ccc6fc0.jpg?1787220276,Crystal,108,0,SMN
Pvp Wintrader,55633250,184,180,Rafflesia,Dynamis,399,0,a95c4512f0f35cf564aac910d19b00e2_2783886613347a4db0bed7524de1298ffc0.jpg?1787219677,Crystal,41,0,BRD
Yos Sy,23664999,185,262,Jenova,Aether,398,298,01f58e6e2269085746fd0a5b6fe0e7f2_ce736afe35e2ded4e46c4fd0659aef7efc0.jpg?1787221552,Crystal,71,15,DRG
Johnny Rotten,60584717,186,181,Balmung,Crystal,398,0,16dd0eb6be877814ca22fed24fe6191d_7a573cbc0cda3a3dfc1795cb3d9f7b23fc0.jpg?1787221002,Crystal,56,0,MCH
Kaede Obinata,32151196,187,182,Marilith,Dynamis,398,0,460d631b298c83b035fb70ac5669658d_bbfb28d5a9059cd0c768daf77ab29982fc0.jpg?1787220701,Crystal,46,0,NIN
Honey Toast,57307408,188,183,Exodus,Primal,398,0,f4ce05067fa4042fad64931eb5015841_0cdf051c93865faa15cbc5cd3d2b69fbfc0.jpg?1787221736,Crystal,33,0,UNK
Ava Falafell,7835301,189,184,Cactuar,Aether,398,0,037dd67f6ab82aadfe3e7b3e4973d525_96ab1df8877c1f8ba6a89a39cccfd437fc0.jpg?1787221475,Crystal,32,0,WHM
Unagi Box,34773273,190,185,Cuchulainn,Dynamis,398,0,05a513d02b60c767bfb83440ab2d406b_b4a106e4893fd452df0001eaeecf9d7efc0.jpg?1787223035,Crystal,26,0,GNB
Milly Mina,37964161,191,186,Cuchulainn,Dynamis,398,0,f3300c3e28b3c5b4a3767a587341831e_b4a106e4893fd452df0001eaeecf9d7efc0.jpg?1787222528,Crystal,17,3,FSH
Mtn Boop,36509633,192,187,Brynhildr,Crystal,398,0,175f521a1de707cbfb345e95df5e588c_d0a0f515a62457570c9b44997063e3c1fc0.jpg?1787220458,Crystal,8,0,VPR
Mirae Malaguld,50148809,193,239,Famfrit,Primal,398,201,6eb6ea3365a1160e9537ec75ff91463a_fce4949e615393e574f2d57134b31fc1fc0.jpg?1787221916,Crystal,4,3,GNB
Shoujo Hime,18340055,194,188,Leviathan,Primal,397,0,c341075038058a45ef549f7bac1b9d25_a91aae52cff9ef65932db06b150ffd47fc0.jpg?1787220721,Crystal,210,13,WHM
Mash Buttons,12470854,195,190,Ultros,Primal,394,0,eec5508ec2ce3844fd62caa5b87a24d8_c514cdcdb619439df97d906d4434ccc6fc0.jpg?1787220491,Crystal,35,0,BRD
Thamiel Blade,11845109,196,191,Malboro,Crystal,393,0,80ba6f7aa26a72c98ebf41b210be27be_2e97c13fdd593d15d543093f8a37b6f0fc0.jpg?1787220914,Crystal,70,0,PLD
Aurora Aura,51466191,197,192,Coeurl,Crystal,392,0,6bf65747d41f881881af0d8d8ee83bb9_284358f8eb4efc9095914e46798c6ab3fc0.jpg?1787222201,Crystal,109,0,DRG
Gracidea Blossom,4573171,198,193,Lamia,Primal,392,0,12afdfb12aebd14365b3149875fee65f_4d9be17b5e1edc617052b4dbf4007875fc0.jpg?1787222302,Crystal,47,0,WHM
Tc Sola,43984930,199,197,Zalera,Crystal,390,88,1bde011c1056c258b5456fb7d0f6283f_8106f857613f8fb994b0be37b26ff4bafc0.jpg?1787222373,Crystal,77,5,RDM
Cynthia Noir,25307713,200,248,Leviathan,Primal,388,288,5b4f8d78ae6dd18586116fe673617384_a91aae52cff9ef65932db06b150ffd47fc0.jpg?1787222060,Crystal,235,10,BLM
Boulder Beholder,10981587,201,194,Faerie,Aether,310,0,9de7d0362a3a832a7171bfe262bb5d94_0e336ff6ad415f47233f0aaf127feac0fc0.jpg?1787222828,Crystal,6,0,RDM
Dank Lollington,37820692,202,196,Exodus,Primal,304,0,2b6faafd9620689cd5e4222c96529aa5_0cdf051c93865faa15cbc5cd3d2b69fbfc0.jpg?1787222300,Crystal,21,0,GNB
Azura Skye,61832185,203,198,Goblin,Crystal,302,0,06833163f0059227fbc31ba3c8c36610_8e81e2940511f7152ba4462fe53e35b8fc0.jpg?1787222843,Crystal,56,0,PLD
Fyoriah Aliapoh,44734635,204,236,Faerie,Aether,301,104,298901c71b421faa4612e0bbd9420820_0e336ff6ad415f47233f0aaf127feac0fc0.jpg?1787220464,Crystal,66,7,WHM
Tarex Youva,34244171,205,199,Behemoth,Primal,301,0,f62a1a6593a19abc7f2ade2191e57159_be20385e18333edb329d4574f364a1f0fc0.jpg?1787220677,Crystal,55,0,PCT
Denmo Mcstronghuge,1150717,206,200,Excalibur,Primal,301,0,bb33b9be77e28ab26ee6367ad6ba7cac_745baffc465480ed372e274d50318290fc0.jpg?1787221432,Crystal,20,0,MNK
Ciel Sorrel,22647977,207,201,Zalera,Crystal,300,0,4feb2b2835b10561864f50a075fa571c_8106f857613f8fb994b0be37b26ff4bafc0.jpg?1787220666,Crystal,48,7,UNK
Onion Little,37583983,208,202,Zalera,Crystal,300,0,59533d6fd2d0a8b58595bf860ae3f36a_8106f857613f8fb994b0be37b26ff4bafc0.jpg?1787221699,Crystal,13,0,AST
W'kepaga M'ankhad,51943168,209,0,Midgardsormr,Aether,299,299,2731864a3bfbb890bb0d554a4dbb55cc_5c8ecfbc673e1287a9b5e85423fe1657fc0.jpg?1787223108,Crystal,160,9,SMN
Novical Astrea,42979170,210,203,Exodus,Primal,299,0,b638930bbe9987be79fa698126728549_0cdf051c93865faa15cbc5cd3d2b69fbfc0.jpg?1787221886,Crystal,65,0,BRD
Lux Mas,23065843,211,204,Sargatanas,Aether,298,0,88a2ca0abf69b95b8d6893d740e04615_ba22853447012a24cee115315d6a5bebfc0.jpg?1787221653,Crystal,88,0,RDM
Rathais Gunnach,32955444,212,205,Brynhildr,Crystal,298,0,2a434eda7d82f52a4a70d056b83f2c27_d0a0f515a62457570c9b44997063e3c1fc0.jpg?1787222308,Crystal,53,4,SMN
Yulia Lunaria,82714,213,206,Coeurl,Crystal,298,0,30d19e29baad4dfe064001a80a4466e1_284358f8eb4efc9095914e46798c6ab3fc0.jpg?1787220447,Crystal,12,0,DRG
Vann Healsing,6572,214,207,Coeurl,Crystal,298,0,e19ce452168669ef7abba0e26cc8ee4c_284358f8eb4efc9095914e46798c6ab3fc0.jpg?1787221615,Crystal,7,0,WAR
Kemono Friends,9960513,215,208,Balmung,Crystal,298,0,32976001d45735dc6eed07706ce7c1aa_7a573cbc0cda3a3dfc1795cb3d9f7b23fc0.jpg?1787221244,Crystal,6,0,WHM
Aesa Reign,35916991,216,209,Behemoth,Primal,298,0,41b39fb2112c54e35953a1e9bca43b2b_be20385e18333edb329d4574f364a1f0fc0.jpg?1787221778,Crystal,3,0,SAM
Reed Diamond,7237831,217,211,Ultros,Primal,297,0,132bb33f336f4f3ae42c3cf9a96a11ad_c514cdcdb619439df97d906d4434ccc6fc0.jpg?1787222171,Crystal,98,6,MNK
Zolzayaa Noykin,34804380,218,212,Balmung,Crystal,297,0,ff773bbf0388cc8a61ac7c87e78f978f_7a573cbc0cda3a3dfc1795cb3d9f7b23fc0.jpg?1787220853,Crystal,61,4,BLM
Asteroth Rayet,34556987,219,0,Coeurl,Crystal,297,297,074f19c1dfdaef751b93ed3b29eeb320_284358f8eb4efc9095914e46798c6ab3fc0.jpg?1787220852,Crystal,22,7,SMN
Mo Azure,47140618,220,213,Lamia,Primal,297,0,8e6a4b8b298b5523d1f99888dd9f36cf_4d9be17b5e1edc617052b4dbf4007875fc0.jpg?1787222219,Crystal,13,0,GNB
Sitri Belladonna,44271644,221,214,Maduin,Dynamis,296,0,d5fba1e5169b57a308fb1ea60e3553cf_7ff236346f6151d8a2c08fd0b4a0b806fc0.jpg?1787221744,Crystal,58,8,VPR
Nika Arwing,12407061,222,215,Behemoth,Primal,294,0,f0ebfd95e843addaab2471d3cb028eb6_be20385e18333edb329d4574f364a1f0fc0.jpg?1787221765,Crystal,8,0,DRK
Eroison Chren,42575447,223,216,Ultros,Primal,293,0,d66c862181da18eea3335d6667510dc6_c514cdcdb619439df97d906d4434ccc6fc0.jpg?1787221796,Crystal,46,0,VPR
Marika Mjolnir,38212348,224,217,Malboro,Crystal,292,0,969a50dcb0d9777a00aae149894ab7f5_2e97c13fdd593d15d543093f8a37b6f0fc0.jpg?1787220225,Crystal,181,0,WAR
Theory Ai,55206021,225,218,Leviathan,Primal,204,0,018be547248466158b1d0f9de4315340_a91aae52cff9ef65932db06b150ffd47fc0.jpg?1787221888,Crystal,198,0,VPR
Lumiel Alstreim,6929457,226,219,Balmung,Crystal,204,0,6004c4e57250b544ed36bf6b310e878a_7a573cbc0cda3a3dfc1795cb3d9f7b23fc0.jpg?1787220572,Crystal,46,0,PCT
Abel Catallus,20632128,227,220,Hyperion,Primal,203,0,a753917cbe6dc89a0ba41f10003a621d_57ae9ee5592123dd79c8912bf768cf99fc0.jpg?1787220152,Crystal,72,0,SMN
Apple Thief,43679241,228,221,Balmung,Crystal,200,0,746256d82b3652ef93bbd475defb85ac_7a573cbc0cda3a3dfc1795cb3d9f7b23fc0.jpg?1787220200,Crystal,369,2,WHM
Nixacu Murubra,24114126,229,0,Lamia,Primal,200,200,68206034a86cf63bd8aecd714ae17955_4d9be17b5e1edc617052b4dbf4007875fc0.jpg?1787222900,Crystal,63,8,DNC
Aiberaint Mando,58601227,230,222,Faerie,Aether,200,0,b7621f9e3f9c7a33ce4acd4a392c3a41_0e336ff6ad415f47233f0aaf127feac0fc0.jpg?1787220080,Crystal,33,0,RPR
Nonoha Noha,32959229,231,223,Balmung,Crystal,200,0,d9c4977477ddfaebc0c2204729f692f9_7a573cbc0cda3a3dfc1795cb3d9f7b23fc0.jpg?1787219994,Crystal,22,0,MCH
Joe Biden',48592929,232,224,Seraph,Dynamis,200,0,c06fd69e6b294b74118f1a8ad5727f56_07fb0511053f398d1f2d6831e6a6b4c8fc0.jpg?1787220461,Crystal,2,0,UNK
Giselle Aureillien,29155636,233,225,Coeurl,Crystal,200,0,0864f26f62e17d3942c765f8a16665d2_284358f8eb4efc9095914e46798c6ab3fc0.jpg?1787221844,Crystal,1,0,NIN
Eloza Ketsch,8667845,234,226,Malboro,Crystal,199,0,4414bb689fd8033d67e6821653f9a232_2e97c13fdd593d15d543093f8a37b6f0fc0.jpg?1787222526,Crystal,146,7,WAR
Vayce Lilacspark,4565408,235,227,Balmung,Crystal,199,0,e9f3928d81a9f68a9cfae3a6a414feb8_7a573cbc0cda3a3dfc1795cb3d9f7b23fc0.jpg?1787221133,Crystal,137,0,DRK
V'linh Tia,35736983,236,252,Hyperion,Primal,199,99,760e31f96b4d3b3534fcdc43c9564fab_57ae9ee5592123dd79c8912bf768cf99fc0.jpg?1787220368,Crystal,96,1,SMN
Chronochaos Asura,1230012,237,228,Excalibur,Primal,199,0,16f01a0a9404158e87254af5dbe09328_745baffc465480ed372e274d50318290fc0.jpg?1787223037,Crystal,75,0,WAR
Nickon Malek,36659706,238,0,Zalera,Crystal,199,199,d4f6bca99d38c68180883a3bd35b4647_8106f857613f8fb994b0be37b26ff4bafc0.jpg?1787221157,Crystal,37,6,AST
Orpheus Laine,29851207,239,229,Gilgamesh,Aether,199,0,5939235fbb052c79392d334cce14ca00_b937560c841465f7c4bc8eb47ea7948afc0.jpg?1787221169,Crystal,27,0,DRK
Wmmmmmmmmm Wmmmmmmmmm,56778920,240,0,Halicarnassus,Dynamis,199,199,9e294822ea14ed4084dfe667478bc6e5_f2d324d722b28bbe681b2898bcdca8bffc0.jpg?1787220436,Crystal,18,17,AST
Virtus Giruvegan,3183831,241,230,Gilgamesh,Aether,199,0,e8050cdd79efaaf143d74f9ae4cdcfb1_b937560c841465f7c4bc8eb47ea7948afc0.jpg?1787222926,Crystal,13,0,UNK
Mits Suki,33204212,242,231,Famfrit,Primal,199,0,5bb063598970951b9c8c586bd4f0db1f_fce4949e615393e574f2d57134b31fc1fc0.jpg?1787219767,Crystal,3,0,MCH
Fain Doncel'aram,18921518,243,232,Jenova,Aether,199,0,99d5d58c7b97e260ff83d3d4b87a7103_ce736afe35e2ded4e46c4fd0659aef7efc0.jpg?1787221808,Crystal,2,0,VPR
Sandoz Nakao,10931721,244,233,Sargatanas,Aether,198,0,dbfb04dfbbe3ea56cd066152b1c185fb_ba22853447012a24cee115315d6a5bebfc0.jpg?1787222598,Crystal,178,5,RDM
Cassian Aten,49727028,245,234,Ultros,Primal,198,0,beba5702725b35f7f383e56d8c6eeb6c_c514cdcdb619439df97d906d4434ccc6fc0.jpg?1787223007,Crystal,68,0,UNK
Radanis Luminacht,16920977,246,235,Sargatanas,Aether,198,0,b371d311f8b15d14c5d5b08dda36ab7f_ba22853447012a24cee115315d6a5bebfc0.jpg?1787222071,Crystal,1,0,WAR
Bento Manjusaka,8342791,247,237,Famfrit,Primal,197,0,6ad6165e804ca5f8a6e46061f7c359ec_fce4949e615393e574f2d57134b31fc1fc0.jpg?1787219900,Crystal,33,0,BRD
Tree Cat,26335365,248,238,Jenova,Aether,197,0,33c88618a561b4c9a812b3fe8cb0ba15_ce736afe35e2ded4e46c4fd0659aef7efc0.jpg?1787220883,Crystal,2,0,AST
Onigiri Bunny,7352884,249,239,Behemoth,Primal,197,0,382f2b7a0b15514c38a6e2d5af3d8014_be20385e18333edb329d4574f364a1f0fc0.jpg?1787222158,Crystal,1,0,UNK
Ailbhe Costa,24483224,250,241,Golem,Dynamis,196,0,d2a07a324d29f192eabbae6adeb2462b_dd61c3dc259e5c43722e89409499b669fc0.jpg?1787220866,Crystal,1,0,UNK
Sensus Meow,3918158,250,241,Gilgamesh,Aether,196,0,c830651186889d4902ef13cefd58a832_b937560c841465f7c4bc8eb47ea7948afc0.jpg?1787222148,Crystal,1,0,MCH
Unit Two,9241194,252,243,Ultros,Primal,195,0,641de9f4edfaf7fe05a95460092c87ef_c514cdcdb619439df97d906d4434ccc6fc0.jpg?1787221370,Crystal,147,0,WHM
Flipped Hellcat,21788780,253,244,Brynhildr,Crystal,105,0,2ae61210380d605b7b52e1b3372b5079_d0a0f515a62457570c9b44997063e3c1fc0.jpg?1787221456,Crystal,20,1,UNK
Kanae Meow,36806118,254,245,Ultros,Primal,104,0,8969e8a0b518902a3996525f822b4701_c514cdcdb619439df97d906d4434ccc6fc0.jpg?1787223184,Crystal,103,0,DNC
Yuki Yozora,32275648,255,246,Faerie,Aether,103,0,bed164ee9535c02b6ea7cc8b5000c845_0e336ff6ad415f47233f0aaf127feac0fc0.jpg?1787220123,Crystal,153,1,GNB
Erik Jormungandr,21053207,256,247,Balmung,Crystal,102,0,d279bad4f9c048ee2cb4310b2dabb453_7a573cbc0cda3a3dfc1795cb3d9f7b23fc0.jpg?1787221006,Crystal,10,0,DRK
Deep-fried Shrimp,39013955,257,249,Halicarnassus,Dynamis,100,0,8c854c8dde07c11059f113329f369709_f2d324d722b28bbe681b2898bcdca8bffc0.jpg?1787220087,Crystal,187,0,DRK
Celeste Aeternum,38129090,258,250,Adamantoise,Aether,100,0,76510814c4215ff9bd016e9313ee6e2c_1f5fd239b885860b7c2bfc72ad1d97effc0.jpg?1787221415,Crystal,121,0,SCH
Saber Moon,21231710,259,253,Hyperion,Primal,100,0,f476acb444c0e146dd44d5351357e426_57ae9ee5592123dd79c8912bf768cf99fc0.jpg?1787221234,Crystal,92,0,VPR
Kalatia Silverscale,52796419,260,254,Hyperion,Primal,100,0,1a27aed774a0a73e8c95467c7bf6e956_57ae9ee5592123dd79c8912bf768cf99fc0.jpg?1787220759,Crystal,91,0,UNK
Haley Comet,27668347,261,255,Cactuar,Aether,100,0,2b237658ff580795f602f2f1b6069a76_96ab1df8877c1f8ba6a89a39cccfd437fc0.jpg?1787221698,Crystal,89,0,BRD
John Darksouls,32702843,262,257,Adamantoise,Aether,100,0,f1fbda91f49b5975e8a2cb80a74e40ad_1f5fd239b885860b7c2bfc72ad1d97effc0.jpg?1787222233,Crystal,70,2,PLD
Leifon Altugle,8395678,263,256,Gilgamesh,Aether,100,0,3e2aacdbdd9e8d035f4294a4a24ef84d_b937560c841465f7c4bc8eb47ea7948afc0.jpg?1787220108,Crystal,69,0,VPR
Rouge Sunwing,50315022,264,258,Excalibur,Primal,100,0,e083dde5de8a5564f1aa8b12e6add888_745baffc465480ed372e274d50318290fc0.jpg?1787220252,Crystal,63,0,LTW
Abare Horo,12853954,265,259,Cuchulainn,Dynamis,100,0,b007ad11da1613038b2e8acb70f76ea6_b4a106e4893fd452df0001eaeecf9d7efc0.jpg?1787219813,Crystal,61,0,AST
Fenrir Mani,46990212,266,260,Siren,Aether,100,0,9d52f579ab24f21101afab7ee04fd086_58a84e851e55175d22158ca97af58a1ffc0.jpg?1787221474,Crystal,60,3,SMN
Beef Testoserone,31210622,267,260,Lamia,Primal,100,0,8722cb428122ce685cf8b96a844468f3_4d9be17b5e1edc617052b4dbf4007875fc0.jpg?1787221490,Crystal,57,0,DRG
Stephanie Dolla,28812314,268,262,Zalera,Crystal,100,0,d9051d9ee54d0e9f8178549cfed7d8cf_8106f857613f8fb994b0be37b26ff4bafc0.jpg?1787221796,Crystal,56,0,SMN
Kale Crow,57973655,269,0,Excalibur,Primal,100,100,39e30189265e5cf770bddc1b87bdb349_745baffc465480ed372e274d50318290fc0.jpg?1787220433,Crystal,54,15,UNK
Zaneko Yuneko,61640151,270,264,Goblin,Crystal,100,0,e90101e9d13d827fb83b96932b2de05b_8e81e2940511f7152ba4462fe53e35b8fc0.jpg?1787222638,Crystal,51,0,SMN
Zerth Voldrin,14915863,271,265,Cactuar,Aether,100,0,81a8fef4d9feb3b13352e547c9dcf7d5_96ab1df8877c1f8ba6a89a39cccfd437fc0.jpg?1787219879,Crystal,48,0,DRK
Misdes Lightborn,15985822,272,266,Excalibur,Primal,100,0,b5a720db92fc3ecb59bb12c0885b2648_745baffc465480ed372e274d50318290fc0.jpg?1787222078,Crystal,47,0,RDM
Elphen Gura,2247953,273,267,Gilgamesh,Aether,100,0,292e135e4f46290be61b4699e8236363_b937560c841465f7c4bc8eb47ea7948afc0.jpg?1787222348,Crystal,45,0,DNC
Cecils Lunas,39054438,274,268,Brynhildr,Crystal,100,0,4f553dbd79cfae0460c3d43b82171d15_d0a0f515a62457570c9b44997063e3c1fc0.jpg?1787222468,Crystal,42,0,SGE
Haru Ymir,52781467,275,269,Coeurl,Crystal,100,0,5b0c97a3958f165ea8d2566964423df5_284358f8eb4efc9095914e46798c6ab3fc0.jpg?1787221306,Crystal,41,0,DRG
Sirkitten Wrath,24932332,276,270,Coeurl,Crystal,100,0,248a1e6798b3538fe783585b1686cadd_284358f8eb4efc9095914e46798c6ab3fc0.jpg?1787221957,Crystal,38,0,MCH
Clyde Valentine,47896182,277,0,Faerie,Aether,100,100,7643a89a2b062b2c4613ed6226d9ca00_0e336ff6ad415f47233f0aaf127feac0fc0.jpg?1787220970,Crystal,35,9,UNK
Kiro Storm,2229937,278,271,Zalera,Crystal,100,0,80b8683df1ad9172d59a3f29dba5f221_8106f857613f8fb994b0be37b26ff4bafc0.jpg?1787221740,Crystal,31,0,MCH
Neco-arc Myuri,1364925,279,272,Balmung,Crystal,100,0,45595754292a6e60dac91dc40349a619_7a573cbc0cda3a3dfc1795cb3d9f7b23fc0.jpg?1787221569,Crystal,30,0,UNK
Stark Yaksha,37508817,279,272,Excalibur,Primal,100,0,e4e46dcca7ba886c463380686ec8fa70_745baffc465480ed372e274d50318290fc0.jpg?1787221908,Crystal,30,0,RDM
Minome Meisuri,39947262,281,274,Sargatanas,Aether,100,0,ce2ec1dde05d4468145ef246155ea290_ba22853447012a24cee115315d6a5bebfc0.jpg?1787221871,Crystal,29,0,RPR
Brian Ricardo,9364090,282,275,Adamantoise,Aether,100,0,c00688b4ac9b567c1a4de9d648fbbff4_1f5fd239b885860b7c2bfc72ad1d97effc0.jpg?1787222810,Crystal,26,0,WHM
Peregrine Lofte,21726171,282,275,Leviathan,Primal,100,0,351c30387c9048190075024c6b344ead_a91aae52cff9ef65932db06b150ffd47fc0.jpg?1787220902,Crystal,26,0,DRG
Deez Crits,37202007,284,277,Excalibur,Primal,100,0,71f51af3126f0c7f7c30ffe8aee550f9_745baffc465480ed372e274d50318290fc0.jpg?1787220725,Crystal,25,0,PCT
Snowsteps Frozenheart,25431273,284,277,Siren,Aether,100,0,3e9412aba214d5dab23b4cdfc8b81294_58a84e851e55175d22158ca97af58a1ffc0.jpg?1787219734,Crystal,25,0,DNC
Sanctified Meiyi,17664808,286,279,Exodus,Primal,100,0,97897e3416901b29df2a39b2d1b02741_0cdf051c93865faa15cbc5cd3d2b69fbfc0.jpg?1787222309,Crystal,24,0,SAM
A'kena Themis,30488636,287,280,Cuchulainn,Dynamis,100,0,0dfbdcebc19679eb813e05521b4bc587_b4a106e4893fd452df0001eaeecf9d7efc0.jpg?1787220211,Crystal,23,0,DNC
Jon Jitsu,3287137,287,280,Exodus,Primal,100,0,40995ea7a6a7bd4a2bf41fe663bdcd2a_0cdf051c93865faa15cbc5cd3d2b69fbfc0.jpg?1787220452,Crystal,23,0,PLD
Vaeltis Nyght,16404977,289,282,Famfrit,Primal,100,0,0caba4911a7521943ad38550f8faec63_fce4949e615393e574f2d57134b31fc1fc0.jpg?1787222410,Crystal,21,0,FSH
Rhynnian Embersong,25760441,290,283,Mateus,Crystal,100,0,871ea245000038e6ec3461df23e3688f_f0c52cc66e124fc2e641d7c21ab2ce79fc0.jpg?1787222598,Crystal,20,0,BLM
Tegridy Weed,3469679,291,284,Midgardsormr,Aether,100,0,96f7b1ca58cffc2cdcbb1df90d116807_5c8ecfbc673e1287a9b5e85423fe1657fc0.jpg?1787221050,Crystal,18,0,BLM
Belle Quicksilver,2897739,292,285,Balmung,Crystal,100,0,4f386af86d2c8049f58f4baaeeb4a3a3_7a573cbc0cda3a3dfc1795cb3d9f7b23fc0.jpg?1787222838,Crystal,17,0,UNK
Reina Crowley,19324150,293,286,Malboro,Crystal,100,0,d8624175065ad845c6d16c7f8638cc12_2e97c13fdd593d15d543093f8a37b6f0fc0.jpg?1787221396,Crystal,16,0,UNK
Ren Meow,50978506,294,287,Midgardsormr,Aether,100,0,7b0d37527fbf80936d64911e4e02726d_5c8ecfbc673e1287a9b5e85423fe1657fc0.jpg?1787222627,Crystal,15,0,DRK
Maley Seven,44133393,295,288,Brynhildr,Crystal,100,0,9e4efda1836be2a8875ea1ffd7413a95_d0a0f515a62457570c9b44997063e3c1fc0.jpg?1787222172,Crystal,10,0,DRK
Rhvne Astra,46438558,296,289,Siren,Aether,100,0,a5fdc69f66a286924acd8aa86369a602_58a84e851e55175d22158ca97af58a1ffc0.jpg?1787222531,Crystal,9,0,VPR
Akam Mizuna,11803947,297,290,Leviathan,Primal,100,0,8c8c482c7a3d1c6cf89407e6cf103b32_a91aae52cff9ef65932db06b150ffd47fc0.jpg?1787221946,Crystal,3,0,SGE
Sabo Meow,47436757,298,291,Excalibur,Primal,100,0,4ff61177c11b1139f75c6170368337b9_745baffc465480ed372e274d50318290fc0.jpg?1787222874,Crystal,2,0,WAR
Aoi Kami,40024501,299,292,Gilgamesh,Aether,100,0,fa9503916a97f3312ed499ca2c78b1a7_b937560c841465f7c4bc8eb47ea7948afc0.jpg?1787221275,Crystal,0,0,UNK
Haley Autouria,105933,299,292,Coeurl,Crystal,100,0,8e6b9b10fc2e31af21e24fdaae151c61_284358f8eb4efc9095914e46798c6ab3fc0.jpg?1787221953,Crystal,0,0,UNK
Ash Kitamura,26629771,1,0,Ravana,Materia,0,0,33c0c99f7649a707ea0e8e4da0340efb_2f53b2675d3eea360f0b48d74d30af15fc0.jpg?1787220870,Diamond,81,0,AST
Enrei Mihata,49665542,2,0,Ravana,Materia,0,0,9df67e19d234830f2d797bb6efbad836_2f53b2675d3eea360f0b48d74d30af15fc0.jpg?1787222367,Diamond,37,0,DRG
Fatahh Wizardcat,60429758,3,0,Zurvan,Materia,0,0,0a04508a6feea55f3b4227e7d574212a_1fa3a1b3845481a1b67b46854a3cc49afc0.jpg?1787219825,Platinum,52,0,BLM
Queue Up,44283543,4,0,Ravana,Materia,0,0,341e0565d728c5334b58960edfc1c897_2f53b2675d3eea360f0b48d74d30af15fc0.jpg?1787220918,Platinum,42,0,PLD
Shiki Hime,41619079,5,0,Sophia,Materia,0,0,e0f33871fdd9bcb0012cace0f140b504_ba15a18cd3a8fb567e39053022515eb6fc0.jpg?1787219723,Platinum,39,0,MNK
Sora Teppelin,7487042,6,0,Sophia,Materia,0,0,3d849e783499c238b2f4d439e3a8c2a7_ba15a18cd3a8fb567e39053022515eb6fc0.jpg?1787219744,Platinum,35,0,VPR
Shiny Jirachi,51220221,7,0,Sophia,Materia,0,0,f1b04aa626472a08642b4f93d911f87c_ba15a18cd3a8fb567e39053022515eb6fc0.jpg?1787223000,Platinum,11,0,SAM
Raiosu Eucliffe,45249258,8,0,Ravana,Materia,0,0,a21442f92d53ab89cab416d41fe9132d_2f53b2675d3eea360f0b48d74d30af15fc0.jpg?1787219957,Platinum,53,0,BRD
Nyanyanyanya Nyanyan,48648775,9,0,Ravana,Materia,0,0,ec08e9f45b8d4335b412f3e39f4458e2_2f53b2675d3eea360f0b48d74d30af15fc0.jpg?1787222436,Platinum,29,0,WHM
Ku Ku,58267971,10,0,Sophia,Materia,0,0,77db43d75ac5ffe3d585318a47534ab9_ba15a18cd3a8fb567e39053022515eb6fc0.jpg?1787220597,Platinum,52,0,BRD
Master Zoknik,61010055,11,0,Zurvan,Materia,0,0,bfa135b89b0fb27fe708b3a427bd667f_1fa3a1b3845481a1b67b46854a3cc49afc0.jpg?1787223170,Platinum,88,0,SMN
Jiraiya Sannin,47974804,12,0,Ravana,Materia,0,0,6a5cc312529bc78b7d0bbbf5f41983af_2f53b2675d3eea360f0b48d74d30af15fc0.jpg?1787220958,Platinum,45,0,WAR
Esperance Lightbound,16103781,13,0,Ravana,Materia,0,0,0d3ff648d49892a8fc3bd67490985032_2f53b2675d3eea360f0b48d74d30af15fc0.jpg?1787221639,Platinum,40,0,AST
Syth Isi,14766898,14,0,Sephirot,Materia,0,0,4eef23c58ccbdfd054240b7a6afee3df_30a5f9eadea6e0cb684a5265362d0d59fc0.jpg?1787221975,Platinum,31,0,PLD
Lil Wu,39781651,15,0,Ravana,Materia,0,0,883868199332c12050d61887025475bc_2f53b2675d3eea360f0b48d74d30af15fc0.jpg?1787220442,Platinum,38,0,PLD
Monkey Rat,28956529,16,0,Zurvan,Materia,0,0,bd13db4ebaa363278dd269b5941ae816_1fa3a1b3845481a1b67b46854a3cc49afc0.jpg?1787220750,Platinum,75,0,BLM
Unshao Theruun,36386941,17,0,Sephirot,Materia,0,0,ec8f93abdc73eddcd17e0450db1cb572_30a5f9eadea6e0cb684a5265362d0d59fc0.jpg?1787222469,Platinum,28,0,WAR
Aleksei Veldoch,39931654,18,0,Ravana,Materia,0,0,ef0923b785702de5a588b383a0d1bcea_2f53b2675d3eea360f0b48d74d30af15fc0.jpg?1787220800,Platinum,47,0,MNK
Noelle Frost,59496366,19,0,Zurvan,Materia,0,0,5e03b95700bb3e6556a80cb9336a41d2_1fa3a1b3845481a1b67b46854a3cc49afc0.jpg?1787222948,Platinum,40,0,DRG
Boz Ulceros,32280980,20,0,Ravana,Materia,0,0,269b081d650bf5598fd5a3f9419b8b43_2f53b2675d3eea360f0b48d74d30af15fc0.jpg?1787221593,Platinum,72,0,SAM
Funeral Pyre,29286073,21,0,Zurvan,Materia,0,0,48d5de4023484583f2225a2026548284_1fa3a1b3845481a1b67b46854a3cc49afc0.jpg?1787220214,Platinum,61,0,SMN
Mars Bars,41756039,22,0,Sophia,Materia,0,0,87af5886ec3b52e7e582ccc7755f6a9b_ba15a18cd3a8fb567e39053022515eb6fc0.jpg?1787220856,Platinum,49,0,DRG
Chs Crane,37655547,23,0,Sophia,Materia,0,0,7cd2d4b420716bf684bdd41ef37d9319_ba15a18cd3a8fb567e39053022515eb6fc0.jpg?1787221836,Platinum,30,0,DRG
Simetras Sol,38726083,24,0,Ravana,Materia,0,0,fc54c458f2e80d3680f50e6026011ab7_2f53b2675d3eea360f0b48d74d30af15fc0.jpg?1787221845,Gold,131,0,DRK
Lillian Melikai,42502039,25,0,Ravana,Materia,0,0,6c5f22e96162240c2bb96702fcbe123b_2f53b2675d3eea360f0b48d74d30af15fc0.jpg?1787222696,Gold,47,0,GNB
Coffee Lover,50333621,26,0,Sophia,Materia,0,0,3c4552eb56bfb14f36d9b512873eac0d_ba15a18cd3a8fb567e39053022515eb6fc0.jpg?1787220767,Gold,42,0,UNK
Twitch Pvpash,58310287,27,0,Sephirot,Materia,0,0,825390c1ecfa92c4ed45d4ff7a91e39e_30a5f9eadea6e0cb684a5265362d0d59fc0.jpg?1787222009,Gold,35,0,PLD
Disco Knees,36101852,28,0,Sophia,Materia,0,0,48d0a8dae7efe9ad10780f28920a969b_ba15a18cd3a8fb567e39053022515eb6fc0.jpg?1787222690,Gold,33,0,DRG
Seth Nier,10650761,29,0,Sophia,Materia,0,0,64bba40966450747199bec23184e47a3_ba15a18cd3a8fb567e39053022515eb6fc0.jpg?1787219879,Gold,26,0,DRK
Stupid Puzzle,57160120,30,0,Ravana,Materia,0,0,7af9b543418115db5c1299f1abb4e123_2f53b2675d3eea360f0b48d74d30af15fc0.jpg?1787220929,Gold,45,0,DRG
Stu Vermillion,45923134,31,0,Sephirot,Materia,0,0,542be51b9ba1f8c4c217e94d2b96e3aa_30a5f9eadea6e0cb684a5265362d0d59fc0.jpg?1787220276,Gold,34,0,DRK
Jena Kuwahara,28003546,32,0,Ravana,Materia,0,0,5bacb190ffd91b392df04923b13fa29a_2f53b2675d3eea360f0b48d74d30af15fc0.jpg?1787221085,Gold,92,0,WHM
Izaray Wintergray,40906176,33,0,Sophia,Materia,0,0,be2f5b4e324fa72cd4ef19d0c29f10da_ba15a18cd3a8fb567e39053022515eb6fc0.jpg?1787221036,Gold,36,0,SAM
Brian Ricardo,41560139,34,0,Sophia,Materia,0,0,678ed14a243387459872b7217f75e382_ba15a18cd3a8fb567e39053022515eb6fc0.jpg?1787220862,Gold,26,0,SGE
Noah Marlowe,16149159,35,0,Ravana,Materia,0,0,ec4ee34b34397ee883bd89175e1f15df_2f53b2675d3eea360f0b48d74d30af15fc0.jpg?1787220131,Gold,15,0,RDM
Scarlette Harlette,51206657,36,0,Sephirot,Materia,0,0,2f63ccbdc329fa14480887bf4c0dfa0e_30a5f9eadea6e0cb684a5265362d0d59fc0.jpg?1787222109,Gold,64,0,NIN
Berogi Avarous,37261319,37,0,Sophia,Materia,0,0,5fbe574c31dc7541b2bb18753fed8278_ba15a18cd3a8fb567e39053022515eb6fc0.jpg?1787222198,Gold,25,0,MNK
Han Liu,44640291,38,0,Ravana,Materia,0,0,55233b520f90487f51f380e2add5fc3d_2f53b2675d3eea360f0b48d74d30af15fc0.jpg?1787220575,Gold,80,0,SGE
Lion Lord,60332724,39,0,Ravana,Materia,0,0,72fbb269e357d68127cd61715f152bc8_2f53b2675d3eea360f0b48d74d30af15fc0.jpg?1787221006,Gold,57,0,BRD
Lupercal Aurelian,37936946,40,0,Ravana,Materia,0,0,93674d47ae679f2b2191e0d82e33123f_2f53b2675d3eea360f0b48d74d30af15fc0.jpg?1787222628,Gold,25,0,MNK
Arvus Lake,60370728,41,0,Bismarck,Materia,0,0,3491a10775fcbbb5a0c1329925f30f4f_36f0570990ac5402b2ef514d36b0435cfc0.jpg?1787222019,Gold,17,0,MNK
Aislinn Rose,47395507,42,0,Ravana,Materia,0,0,920c56af8cba5363c65e0c83dbbcac71_2f53b2675d3eea360f0b48d74d30af15fc0.jpg?1787221720,Gold,60,0,MNK
Nirki Yukumo,41663432,43,0,Zurvan,Materia,0,0,c950234c9a872ae2ab8476f696fcb74f_1fa3a1b3845481a1b67b46854a3cc49afc0.jpg?1787219739,Gold,20,0,NIN
Neo Zee,58982637,44,0,Ravana,Materia,0,0,c042f71fe47095dad35d5764027056d1_2f53b2675d3eea360f0b48d74d30af15fc0.jpg?1787222254,Gold,38,0,BRD
Juru'a Mihrulh,48704606,45,0,Zurvan,Materia,0,0,80aa9b34947750aa356810124a11ba19_1fa3a1b3845481a1b67b46854a3cc49afc0.jpg?1787221751,Gold,63,0,WHM
Zervish Vanht,21659747,46,0,Ravana,Materia,0,0,ff2403388bd597c0b3fb62c30e9bff67_2f53b2675d3eea360f0b48d74d30af15fc0.jpg?1787220802,Gold,23,0,SMN
Byakko Moon,10831175,47,0,Sephirot,Materia,0,0,7d8049ebe32efa74e5107944b1e43d15_30a5f9eadea6e0cb684a5265362d0d59fc0.jpg?1787221847,Gold,3,0,PCT
Vielle Drillemont,52770027,48,0,Ravana,Materia,0,0,6c212c0698d00b38fb5cb7d51dcf91bf_2f53b2675d3eea360f0b48d74d30af15fc0.jpg?1787221817,Gold,66,0,BLM
Wierd Dude,58113414,49,0,Sephirot,Materia,0,0,c887fa7d587b2205b349abb82627a0d1_30a5f9eadea6e0cb684a5265362d0d59fc0.jpg?1787221534,Gold,63,0,GNB
Sukoshi Ninjin,57860048,50,0,Sophia,Materia,0,0,b41a0bd7b5958d56cec5f84314a28f3a_ba15a18cd3a8fb567e39053022515eb6fc0.jpg?1787220139,Gold,32,0,UNK
Aurum Blaiddyd,10794239,51,0,Sophia,Materia,0,0,8b76648a8cb1cbbd4f1c870189433f3a_ba15a18cd3a8fb567e39053022515eb6fc0.jpg?1787222103,Gold,13,0,FSH
Clars Lester,951178,52,0,Sephirot,Materia,0,0,46727c8d445323c9e5b8140d37027050_30a5f9eadea6e0cb684a5265362d0d59fc0.jpg?1787223001,Silver,61,0,LTW
Sebastian Michaelis,42038341,53,0,Sephirot,Materia,0,0,17f4346a95c45541b337263d60106b3f_30a5f9eadea6e0cb684a5265362d0d59fc0.jpg?1787221117,Silver,59,0,BTN
Sana Miyata,34196273,54,0,Ravana,Materia,0,0,4a94c0f8b59e635e8748a32f11cc42f8_2f53b2675d3eea360f0b48d74d30af15fc0.jpg?1787220339,Silver,31,0,SCH
Birdy Lou,40000398,55,0,Sophia,Materia,0,0,a8894121a60bc81621d47edf1ee0577b_ba15a18cd3a8fb567e39053022515eb6fc0.jpg?1787220486,Silver,29,0,UNK
J'mo H',10666399,56,0,Sephirot,Materia,0,0,53873e717cbf7baeb168205935077671_30a5f9eadea6e0cb684a5265362d0d59fc0.jpg?1787221490,Silver,17,0,AST
Cwenhild Reid,41763782,57,0,Sophia,Materia,0,0,c9d176025665cc1528a984e82a81fd64_ba15a18cd3a8fb567e39053022515eb6fc0.jpg?1787222837,Silver,24,0,PLD
Pollux Renault,45246168,58,0,Ravana,Materia,0,0,af456258cb5d3ca7c42bb950f92247de_2f53b2675d3eea360f0b48d74d30af15fc0.jpg?1787220805,Silver,13,0,RPR
Ranko Riselle,47223883,59,0,Sophia,Materia,0,0,301cb977b468ead36aa13c049b17f861_ba15a18cd3a8fb567e39053022515eb6fc0.jpg?1787221208,Silver,11,0,UNK
Anzac Fenrir,10988408,60,0,Ravana,Materia,0,0,6c7b02f93e5250249333e13f236fc545_2f53b2675d3eea360f0b48d74d30af15fc0.jpg?1787220392,Silver,31,0,PCT
Kensuke Sugimori,59626210,60,0,Zurvan,Materia,0,0,b8c23a3c5466f6621fe9629c20c0b897_1fa3a1b3845481a1b67b46854a3cc49afc0.jpg?1787220637,Silver,31,0,DRK
Eustace Madao,44593837,62,0,Ravana,Materia,0,0,687914339d33024fe783e72eb5a1929f_2f53b2675d3eea360f0b48d74d30af15fc0.jpg?1787221913,Silver,22,0,RPR
Elto Malto,55670275,63,0,Zurvan,Materia,0,0,6625d7f60a549d4e764bdbbb6315b573_1fa3a1b3845481a1b67b46854a3cc49afc0.jpg?1787222154,Silver,17,0,UNK
Peaceful Serenity,44576253,64,0,Sephirot,Materia,0,0,ae7fb16a93fad97a522145bf683d894f_30a5f9eadea6e0cb684a5265362d0d59fc0.jpg?1787221564,Silver,0,0,RDM
Cucu Cucumber,43336963,65,0,Sophia,Materia,0,0,d0bedba76c1744686e4fafd9d31eeb08_ba15a18cd3a8fb567e39053022515eb6fc0.jpg?1787220061,Silver,40,0,BLM
Frierens Feet,18696306,66,0,Bismarck,Materia,0,0,55c56c5779dac3caf6a9e915a44a972d_36f0570990ac5402b2ef514d36b0435cfc0.jpg?1787220701,Silver,29,0,SMN
Persona Non-grata,59997612,66,0,Ravana,Materia,0,0,817d96e78e710beff47ca2d76caa6b30_2f53b2675d3eea360f0b48d74d30af15fc0.jpg?1787219670,Silver,29,0,PLD
C'ranmaia Lizha,60465549,68,0,Bismarck,Materia,0,0,f41736abfa17637ee6e1f020f2787726_36f0570990ac5402b2ef514d36b0435cfc0.jpg?1787220852,Silver,18,0,UNK
Shiny Garchomp,44081260,69,0,Ravana,Materia,0,0,a9aeaf4658d90c68d46e7086d323e456_2f53b2675d3eea360f0b48d74d30af15fc0.jpg?1787222774,Silver,17,0,MCH
Minty Dew,11254788,70,0,Sephirot,Materia,0,0,afdf4d4e1f96c8e17ed8dbbb09ea4e01_30a5f9eadea6e0cb684a5265362d0d59fc0.jpg?1787221258,Silver,12,0,DNC
Pompitous Litchous,28520377,71,0,Sephirot,Materia,0,0,ab4abed9c2f0b5369480818f95581f87_30a5f9eadea6e0cb684a5265362d0d59fc0.jpg?1787221799,Silver,10,0,MCH
Red Pocket,57790009,72,0,Zurvan,Materia,0,0,9ee6578b70ebe2412c9a6a3b9539d845_1fa3a1b3845481a1b67b46854a3cc49afc0.jpg?1787221001,Silver,1,0,UNK
Magnolia Moonsong,39932795,73,0,Sephirot,Materia,0,0,a9e5b8f87ce0e4e7d236eef2abfe90e0_30a5f9eadea6e0cb684a5265362d0d59fc0.jpg?1787221911,Silver,19,0,BLU
Sil Vanht,3592400,74,0,Ravana,Materia,0,0,7557bb5d8d4d13b13e750b30dbd34093_2f53b2675d3eea360f0b48d74d30af15fc0.jpg?1787220074,Silver,9,0,SMN
Re- G',41760350,75,0,Sophia,Materia,0,0,b5e032ba04147a101b5a91d07703c313_ba15a18cd3a8fb567e39053022515eb6fc0.jpg?1787221424,Silver,0,0,UNK
Tiny Seda,43818296,76,0,Ravana,Materia,0,0,21e2b2de9125d9cf1b99748fa9eef0e2_2f53b2675d3eea360f0b48d74d30af15fc0.jpg?1787222025,Silver,37,0,RDM
Venase Tym,61779775,77,0,Sophia,Materia,0,0,24aac6d5abd68d4dc957bd7c98ba27f2_ba15a18cd3a8fb567e39053022515eb6fc0.jpg?1787222028,Silver,18,0,UNK
Zero Alexander,18446688,78,0,Sophia,Materia,0,0,f2e26342d51255236baa45461f41bf5b_ba15a18cd3a8fb567e39053022515eb6fc0.jpg?1787221123,Silver,14,0,RDM
Temp Arie,41750566,79,0,Zurvan,Materia,0,0,73bdd493fc471827004a90a5745ff400_1fa3a1b3845481a1b67b46854a3cc49afc0.jpg?1787219977,Silver,13,0,WAR
Awayi Soleil,40986096,80,0,Zurvan,Materia,0,0,c84676ef434b75aec3260707fcad3d8a_1fa3a1b3845481a1b67b46854a3cc49afc0.jpg?1787220393,Silver,12,0,BLM
Swhe Swoo,28568079,81,0,Sephirot,Materia,0,0,fbccbe709d21605c6f47dec5052b1238_30a5f9eadea6e0cb684a5265362d0d59fc0.jpg?1787222982,Silver,9,0,DRK
Levinia Lumina,25634480,82,0,Ravana,Materia,0,0,9ba79c01085813db00f74aa9a46fd0c8_2f53b2675d3eea360f0b48d74d30af15fc0.jpg?1787221031,Silver,12,0,MCH
Liachen Thrope,29127861,83,0,Sophia,Materia,0,0,b0722934ed1329725ff744f9ae52c7ba_ba15a18cd3a8fb567e39053022515eb6fc0.jpg?1787219915,Silver,9,0,CRP
Goober Gooberm,48887220,84,0,Ravana,Materia,0,0,4523e0b4a5f923b67e31f18f801210af_2f53b2675d3eea360f0b48d74d30af15fc0.jpg?1787221635,Silver,18,0,ALC
Athena' Aria,29939277,85,0,Ravana,Materia,0,0,c678c1cf7f9d7de3e80882588e7606e8_2f53b2675d3eea360f0b48d74d30af15fc0.jpg?1787223101,Silver,6,0,AST
Turuturu Mennmenn,51356780,86,0,Sephirot,Materia,0,0,501dec1a7db9bac050ecbd4f8028e6e6_30a5f9eadea6e0cb684a5265362d0d59fc0.jpg?1787222058,Bronze,19,0,MNK
Hotsingles Inyourarea,43275845,87,0,Sephirot,Materia,0,0,08be8dec8891190a5227c50c7650dd29_30a5f9eadea6e0cb684a5265362d0d59fc0.jpg?1787222633,Bronze,15,0,PCT
Makh'a Zruhn,42193944,88,0,Ravana,Materia,0,0,323be164f5593618bf1111ae4538ad96_2f53b2675d3eea360f0b48d74d30af15fc0.jpg?1787222377,Bronze,6,0,SAM
Ashmi Rae,18364101,89,0,Bismarck,Materia,0,0,2b3a41d227e2937852d5c1e031d5aba0_36f0570990ac5402b2ef514d36b0435cfc0.jpg?1787222805,Bronze,5,0,BRD
Tiny Wrath,25583557,90,0,Zurvan,Materia,0,0,2c82c1a404fc646361cabcf478aed323_1fa3a1b3845481a1b67b46854a3cc49afc0.jpg?1787221425,Bronze,24,0,WHM
Fio Vanetti,41633033,91,0,Ravana,Materia,0,0,f237b05eb696b7fe8e05b757513a1ca2_2f53b2675d3eea360f0b48d74d30af15fc0.jpg?1787223038,Bronze,12,0,DRG
Ashe Elven,60375475,92,0,Ravana,Materia,0,0,d4a5d51981aa859d5ce41248e280c696_2f53b2675d3eea360f0b48d74d30af15fc0.jpg?1787220759,Bronze,10,0,PLD
Vistra Vistra,37543108,93,0,Sophia,Materia,0,0,b46ab5b00ca34214d4593336a0f112ed_ba15a18cd3a8fb567e39053022515eb6fc0.jpg?1787223086,Bronze,4,0,WAR
Zepherii Sui,43963552,94,0,Sophia,Materia,0,0,31b395238c6120dc114964c652dc393b_ba15a18cd3a8fb567e39053022515eb6fc0.jpg?1787220529,Bronze,13,0,BRD
Inconspicuous Miqo'te,3493859,95,0,Sophia,Materia,0,0,0b6b4d2c312f136911f9717c83c17997_ba15a18cd3a8fb567e39053022515eb6fc0.jpg?1787221875,Bronze,11,0,VPR
Aethon Shaan,60332336,96,0,Zurvan,Materia,0,0,2c608a6ec9ff59b0783f70b9c665a4b2_1fa3a1b3845481a1b67b46854a3cc49afc0.jpg?1787221669,Bronze,9,0,VPR
Therise Yld'amore,41754598,97,0,Bismarck,Materia,0,0,dea40bb49832c184ff5941cee3006818_36f0570990ac5402b2ef514d36b0435cfc0.jpg?1787220487,Bronze,7,0,BTN
Daeneris Stormborn,17816677,98,0,Zurvan,Materia,0,0,dd3c1f830e92ca4f902d42575517a37d_1fa3a1b3845481a1b67b46854a3cc49afc0.jpg?1787222938,Bronze,4,0,WHM
Samara Glazghotwyn,40818042,99,0,Sephirot,Materia,0,0,d89bdc111b4127d9f80e3d6a0ed3a55b_30a5f9eadea6e0cb684a5265362d0d59fc0.jpg?1787221450,Bronze,0,0,BLM
Jaliqai Bairon,49027736,100,0,Sophia,Materia,0,0,bb5b2ab907893aa971f0d78c6164de8c_ba15a18cd3a8fb567e39053022515eb6fc0.jpg?1787220136,Bronze,19,0,SMN
