name,id,cur_rank,prev_rank,world,dc,points,points_delta,portrait,tier,wins,wins_delta,job
Cliffe Zanza,36074329,1,0,Spriggan,Chaos,3420,0,d8d2fa78adb447ec4b6d5d747f5d5f84_feaf0a2e88ff164813fbc9b85876fa48fc0.jpg?1787861864,Ultima,188,0,MNK
Loty Coldwind,36521588,2,4,Twintania,Light,3204,119,3632cf6d20598f5c4c7b748be7e19153_c33f640c0cdd35f7def85b8aa31a0007fc0.jpg?1787861818,Ultima,343,13,WHM
Scarlet Rose,26616217,3,2,Spriggan,Chaos,3126,0,96ad88f23a708e8d6e391f669986d57c_feaf0a2e88ff164813fbc9b85876fa48fc0.jpg?1787862756,Ultima,439,0,PLD
Miyu Moon,58918526,4,3,Moogle,Chaos,3093,0,1abf5ce3756f6fa0d1c5be2cd39491bc_d7a9d5f85a29d6278ec1c7adc2c8d242fc0.jpg?1787860335,Ultima,101,0,SAM
Mamiyama Kamimama,37371304,5,10,Spriggan,Chaos,3089,101,3c6fd6569d3dce40308c9a2a1f3c3bfa_feaf0a2e88ff164813fbc9b85876fa48fc0.jpg?1787862587,Ultima,405,14,PCT
Crow Kaien,44749262,6,20,Zodiark,Light,3069,694,54e5719ccbdb45c6de28f017b4365207_c274370774c6bc3483cc8740805f41bcfc0.jpg?1787861371,Ultima,55,9,RDM
Auelin Fae,18291844,7,5,Zodiark,Light,3057,0,2d6204db02c5efce86aca234fd6f1ce1_c274370774c6bc3483cc8740805f41bcfc0.jpg?1787859557,Ultima,130,0,NIN
Saboree Catboy,36051653,8,6,Spriggan,Chaos,3039,0,b61ec1080d608b5a83f30baef219dc02_feaf0a2e88ff164813fbc9b85876fa48fc0.jpg?1787860113,Ultima,326,12,MCH
Shino Yaru,38308969,9,7,Phoenix,Light,3026,0,0662727bb913ed7fe3009f3542ea1e64_5047bc596a4bab2dc7f7c120bb22dec5fc0.jpg?1787863004,Ultima,270,25,UNK
Tia Tomoe,41293767,10,8,Phoenix,Light,3011,0,7dc31b9a880ba3f36a3ef1208e0c5909_5047bc596a4bab2dc7f7c120bb22dec5fc0.jpg?1787862984,Ultima,167,0,MNK
Tsukuyo Ritlas,37800185,11,9,Odin,Light,3005,0,eca30840fe0bed8e80f620b5f57c49de_644311b63b607133c989d7c1188467dafc0.jpg?1787860588,Ultima,113,0,RDM
Elohim Meth,60682611,12,11,Raiden,Light,2982,0,0b14f1751b014118eca06236e1fdf2bf_a370664d98f658f4ed4e620f378f73cdfc0.jpg?1787861976,Omega,193,23,UNK
Totsu Geki,60147602,13,12,Spriggan,Chaos,2826,0,1b45188bdbf3dd4afe9a37a646eaa4b9_feaf0a2e88ff164813fbc9b85876fa48fc0.jpg?1787862575,Omega,489,20,PLD
Akari Tsuki,31005286,14,15,Louisoix,Chaos,2700,197,28e1cfaecfbf911dc3621f5de74642aa_0a122616f3718d3f45cab10fd8fc1604fc0.jpg?1787862577,Omega,74,2,MNK
Tarutella Goldfish,4235488,15,13,Phoenix,Light,2651,0,f269741c27ca22c02db955557e7283fa_5047bc596a4bab2dc7f7c120bb22dec5fc0.jpg?1787861084,Omega,114,9,SGE
Maarato Cookie,20349526,16,14,Twintania,Light,2588,0,dbab16598b86bb31b2eb96070f723572_c33f640c0cdd35f7def85b8aa31a0007fc0.jpg?1787860757,Omega,214,4,VPR
Miyu Edelfelt,21335430,17,29,Phoenix,Light,2522,490,ba690d74246b4d07f543f0d9516feec2_5047bc596a4bab2dc7f7c120bb22dec5fc0.jpg?1787863003,Omega,229,5,DNC
Sice Seven,15008161,18,16,Moogle,Chaos,2479,0,23657ac0d29f4bc5667ef1e00cf528f8_d7a9d5f85a29d6278ec1c7adc2c8d242fc0.jpg?1787861309,Omega,103,0,BRD
Yasuki San,61688064,19,17,Phantom,Chaos,2477,0,37dbf9b8936faaf9c75f598c38dcac11_f0a43d6e5eea19af337a176e9836acddfc0.jpg?1787862689,Omega,436,17,UNK
Ange Melrose,50267939,20,18,Omega,Chaos,2432,0,f2fb3057962bf3d28bcce976076f5368_39e25ac3d737c46452305eefe324372cfc0.jpg?1787861798,Omega,308,19,SAM
Tei Tei,36611700,21,19,Odin,Light,2382,0,21c224545e3d3af775a3d377c8e444bf_644311b63b607133c989d7c1188467dafc0.jpg?1787861156,Omega,161,7,MNK
Aura Sphere,30657353,22,21,Zodiark,Light,2355,0,6cc4a373eafbcbf88a340a52d95f133e_c274370774c6bc3483cc8740805f41bcfc0.jpg?1787862517,Omega,113,0,BLM
Prisma Tic,38791879,23,22,Cerberus,Chaos,2350,0,5220c35172bb26154c862a6d485e37b8_777c57311d510ca65dac3c1077dee435fc0.jpg?1787860741,Omega,260,0,SAM
Ase Dora,42603487,24,23,Alpha,Light,2340,0,78626e6cf6f07875d5ac9527a5bd0c4d_6132295fcf5570fb8b0a944ef322a598fc0.jpg?1787862724,Omega,469,11,MCH
Ivaious Zol,38270926,25,24,Odin,Light,2300,0,2e78b44195db83336b1acbe75927a864_644311b63b607133c989d7c1188467dafc0.jpg?1787860124,Omega,150,2,RDM
Lex'ander Wayfarer,18009481,26,25,Odin,Light,2295,0,0adfa03fe11940a91e3b6a2ed08ddb88_644311b63b607133c989d7c1188467dafc0.jpg?1787862576,Omega,72,0,VPR
Resilla Frostflow,14658770,27,26,Cerberus,Chaos,2294,0,00a4e6250beb98b5644c87cffe8b7f4f_777c57311d510ca65dac3c1077dee435fc0.jpg?1787860265,Omega,146,0,WAR
Lhei Tayun,25191408,28,27,Zodiark,Light,2179,0,6ee93960f16da0ea5150fe1b7590dfa4_c274370774c6bc3483cc8740805f41bcfc0.jpg?1787862888,Omega,263,0,BLM
Ame Ame,20722816,29,28,Ragnarok,Chaos,2087,0,84eea0fa24e8d91df6e02312644e4c94_40d57ba713628f3f1ef5ef204b6d76d2fc0.jpg?1787860139,Omega,76,0,UNK
Leedo Dale,25033597,30,0,Zodiark,Light,1983,0,9e122691e98bda2ea6abe86ed7b81a63_c274370774c6bc3483cc8740805f41bcfc0.jpg?1787859958,Omega,471,9,RDM
Deadrise Mutombo,31730694,31,0,Ragnarok,Chaos,1928,0,a382acb94313f23d966dd6d39d909bea_40d57ba713628f3f1ef5ef204b6d76d2fc0.jpg?1787862907,Omega,165,10,NIN
Arale Il,15406803,32,0,Ragnarok,Chaos,1919,0,e5c2a19e43a1edb9b276827163b36a1b_40d57ba713628f3f1ef5ef204b6d76d2fc0.jpg?1787862883,Omega,142,0,SCH
Ten Gil,17217146,33,52,Louisoix,Chaos,1916,410,884fcae1e61228d09798c630a2c827fb_0a122616f3718d3f45cab10fd8fc1604fc0.jpg?1787862136,Omega,83,16,SMN
Xen Thique,40172078,34,33,Odin,Light,1894,0,8930228f4df0c18feea28ebbb1c451f2_644311b63b607133c989d7c1188467dafc0.jpg?1787861592,Omega,125,0,WHM
Marci Sidekick,41408431,35,34,Zodiark,Light,1887,0,a9c3b41a05dec1fd191fe80f38009aa5_c274370774c6bc3483cc8740805f41bcfc0.jpg?1787860096,Omega,64,0,DRG
Delzor Waka,40194085,36,47,Odin,Light,1837,174,bde30c4caff355f65cf9761727b12725_644311b63b607133c989d7c1188467dafc0.jpg?1787860429,Omega,177,4,DRK
Misora Kaiatsa,25126040,37,35,Moogle,Chaos,1817,0,80fa199452585ab77d14128509576300_d7a9d5f85a29d6278ec1c7adc2c8d242fc0.jpg?1787862586,Omega,134,0,RDM
Magna Shanoa,22946172,38,36,Omega,Chaos,1798,0,fa3b3fe187b1dcbf8c4a5af5b2c5d507_39e25ac3d737c46452305eefe324372cfc0.jpg?1787861623,Omega,88,0,WAR
Jun Moxiao,40533777,39,37,Odin,Light,1737,0,9f41b7adf0a59849ae35b17cdace2b32_644311b63b607133c989d7c1188467dafc0.jpg?1787859947,Omega,150,2,VPR
Maggot Maggot,61703768,40,38,Omega,Chaos,1709,0,3657d57f4a20a5d901d7f4537f1b7307_39e25ac3d737c46452305eefe324372cfc0.jpg?1787860113,Omega,235,0,WAR
Myst Freyja,33906213,41,39,Omega,Chaos,1696,0,240b879fd403fc16c04022b6075077ae_39e25ac3d737c46452305eefe324372cfc0.jpg?1787861971,Omega,80,0,RPR
Two Koma,51508003,42,40,Zodiark,Light,1695,0,15a666f8d7bb67401300fae763ce4d32_c274370774c6bc3483cc8740805f41bcfc0.jpg?1787860931,Omega,126,0,VPR
Meryll Enetari,24681550,43,62,Cerberus,Chaos,1694,396,f4fe16c70d7023e2101e19421c5abf1e_777c57311d510ca65dac3c1077dee435fc0.jpg?1787860591,Omega,347,10,DNC
Dalik Mathis,9537863,44,41,Ragnarok,Chaos,1694,0,fd4dde44208527cc20e58ba589d51f01_40d57ba713628f3f1ef5ef204b6d76d2fc0.jpg?1787859671,Omega,163,0,BLM
Yhren Vhal,56948558,45,42,Odin,Light,1693,0,3f62ad2093c1016540ef936a5563823b_644311b63b607133c989d7c1188467dafc0.jpg?1787862130,Omega,248,0,UNK
Kimbi Aoe,24693270,46,43,Shiva,Light,1692,0,67e0ddfb70faf5725a971d086cfdce61_3fbff0e6b620e4d259dc427abc6574dafc0.jpg?1787861996,Omega,80,0,NIN
Sweet Light,41777815,47,44,Spriggan,Chaos,1679,0,2e6808627bd2b8f0f5f0377d20cbbbc5_feaf0a2e88ff164813fbc9b85876fa48fc0.jpg?1787860621,Omega,126,6,BLM
Fygqhzr Zhgfjhh,49000606,48,45,Phantom,Chaos,1679,0,ed46d70a9c354991698a796aac7c462e_f0a43d6e5eea19af337a176e9836acddfc0.jpg?1787861090,Omega,46,0,DRG
Shia Sun,1754600,49,46,Odin,Light,1678,0,7550981ba488e5ebe919aa3cb39efbfa_644311b63b607133c989d7c1188467dafc0.jpg?1787861625,Omega,189,5,BRD
Pan Ther,47356852,50,48,Twintania,Light,1651,0,fc9492796dbee9f84ae010350ec7759c_c33f640c0cdd35f7def85b8aa31a0007fc0.jpg?1787862342,Omega,148,0,WHM
Yun' Yun,11341467,51,49,Cerberus,Chaos,1592,0,df098ceed6d9cf14cf61cc4110cd6cb5_777c57311d510ca65dac3c1077dee435fc0.jpg?1787860514,Omega,160,0,WHM
Cat Wife,21099767,52,50,Zodiark,Light,1584,0,76d1664265ae631c957cfab6c72cfba9_c274370774c6bc3483cc8740805f41bcfc0.jpg?1787859969,Omega,25,0,RDM
Yamizura Kumozuma,19652230,53,57,Twintania,Light,1579,100,24bbc9cebf09eb83efcbc272c3085fd1_c33f640c0cdd35f7def85b8aa31a0007fc0.jpg?1787860809,Omega,21,1,MCH
Yi Ma,60448295,54,51,Phoenix,Light,1564,0,bb3af62117cae7488d9b02007f341c7b_5047bc596a4bab2dc7f7c120bb22dec5fc0.jpg?1787862226,Omega,130,1,GNB
Chise Hatori',9182735,55,53,Ragnarok,Chaos,1500,0,236f29f4984f26e6b197da380f104a63_40d57ba713628f3f1ef5ef204b6d76d2fc0.jpg?1787860846,Omega,169,0,RDM
Yuripa Arashi,37731658,56,54,Shiva,Light,1498,0,73ff0d0b3cc5f92ec79dabffa2bedf80_3fbff0e6b620e4d259dc427abc6574dafc0.jpg?1787862360,Crystal,62,0,WAR
Memento Mo'ri,1641495,57,55,Ragnarok,Chaos,1495,0,86323bce84189061b1d71ff1dc25266a_40d57ba713628f3f1ef5ef204b6d76d2fc0.jpg?1787860505,Crystal,120,0,WHM
A'dyalani Sato,10026278,58,56,Odin,Light,1487,0,d072994a22af88090aecf6e5a3b85c36_644311b63b607133c989d7c1188467dafc0.jpg?1787861787,Crystal,223,0,NIN
Shimori Bunihara,35166011,59,58,Raiden,Light,1461,0,c44c8fc68c230b1051ec35a527afe9ed_a370664d98f658f4ed4e620f378f73cdfc0.jpg?1787859481,Crystal,134,0,RPR
Imy Pure,24943089,60,68,Cerberus,Chaos,1406,300,2e46879ac1baf7fc77ec2de872a0461c_777c57311d510ca65dac3c1077dee435fc0.jpg?1787861579,Crystal,52,18,SCH
Aurora Maou,26517539,61,59,Louisoix,Chaos,1388,0,433a49b5cc43b35afac03d97c50262f9_0a122616f3718d3f45cab10fd8fc1604fc0.jpg?1787862608,Crystal,106,0,PLD
Baby Starz,27999014,62,60,Omega,Chaos,1381,0,e8cb7daea22ff306dcc9397ecad5a4a2_39e25ac3d737c46452305eefe324372cfc0.jpg?1787861881,Crystal,167,0,MNK
Sunie Mochi,12728791,63,61,Twintania,Light,1374,0,4760f9b45bd6f71f83adbd97ab87eae3_c33f640c0cdd35f7def85b8aa31a0007fc0.jpg?1787861413,Crystal,215,8,DNC
Raiden Thorne,27238016,64,69,Zodiark,Light,1299,201,96a909af8d24d60f6d8173f8cc16facb_c274370774c6bc3483cc8740805f41bcfc0.jpg?1787862227,Crystal,29,5,PCT
Lsi Lsi,47353875,65,63,Lich,Light,1209,0,792b3235fe2fbd35d956e856c210194f_7206469080400ed57a5373d0a9c55c59fc0.jpg?1787860919,Crystal,163,3,MNK
Endorel Soro,12949151,66,64,Alpha,Light,1192,0,038b9a835f84a3b80a8a467605d3dd8c_6132295fcf5570fb8b0a944ef322a598fc0.jpg?1787860286,Crystal,48,0,UNK
Based Miqote,46487952,67,65,Twintania,Light,1190,0,5e2bb42e554586a20b050b7fd3f88e26_c33f640c0cdd35f7def85b8aa31a0007fc0.jpg?1787861828,Crystal,127,6,UNK
Kyouko Owo,25629243,68,66,Louisoix,Chaos,1157,0,4fbeb17208a00397ad05eebfc2d20d2f_0a122616f3718d3f45cab10fd8fc1604fc0.jpg?1787861595,Crystal,68,0,WHM
Mitsuki Mirai,18435457,69,67,Louisoix,Chaos,1142,0,365f1772f387bd280bdbfc16afbd5e4e_0a122616f3718d3f45cab10fd8fc1604fc0.jpg?1787860680,Crystal,64,4,WAR
Farnese Shieldmaiden,24419493,70,71,Cerberus,Chaos,1109,86,dcec016c4a6cd9a2bd3a2b73183f5a65_777c57311d510ca65dac3c1077dee435fc0.jpg?1787862896,Crystal,52,3,DRK
Snap Ringer,18714030,71,70,Omega,Chaos,1093,0,77577ce781d587b133c9c53da0974817_39e25ac3d737c46452305eefe324372cfc0.jpg?1787861526,Crystal,22,0,CUL
Spedah Sashihai,46717230,72,87,Phantom,Chaos,1088,291,916aa42d41d9cb06784f26d21d850c5a_f0a43d6e5eea19af337a176e9836acddfc0.jpg?1787862564,Crystal,174,13,SGE
Holos Ymir,35299241,73,82,Cerberus,Chaos,1066,190,f8029ed36fad032333305dfa455cddec_777c57311d510ca65dac3c1077dee435fc0.jpg?1787862380,Crystal,91,7,MCH
Phaey Yeon,58326616,74,72,Moogle,Chaos,1006,0,6497d439e55c80c0156c198e7f135c78_d7a9d5f85a29d6278ec1c7adc2c8d242fc0.jpg?1787861572,Crystal,112,0,UNK
Kyra Nshakha,56831314,75,73,Alpha,Light,1000,0,b27d76c3fbe312d06184fd92f8aebc55_6132295fcf5570fb8b0a944ef322a598fc0.jpg?1787859726,Crystal,171,14,AST
Tay Talenath,45740169,76,74,Raiden,Light,995,0,b2fa0c7222f7e3ebe117f24a200e11d8_a370664d98f658f4ed4e620f378f73cdfc0.jpg?1787862490,Crystal,172,0,BRD
Elyndra Mayhn,27143285,77,75,Twintania,Light,937,0,e4b30c11c8c987996e50ee4c5899c037_c33f640c0cdd35f7def85b8aa31a0007fc0.jpg?1787860436,Crystal,124,0,RPR
Tyra Kett,26531277,78,76,Spriggan,Chaos,926,0,101b7ec48bba5c5e5b34fda1316c57bc_feaf0a2e88ff164813fbc9b85876fa48fc0.jpg?1787862985,Crystal,126,0,DRG
Terro Beoulevard,51148631,79,77,Sagittarius,Chaos,917,0,758b534f47542287e0b99c648590b2ac_44ca0844398b2d010d8cd4a31ddb023dfc0.jpg?1787861838,Crystal,75,0,RPR
Wwwwwwwwww Wwwwwwwwww,22934838,80,78,Odin,Light,910,0,44b50a04ce7aed4e2c4699753f5b83bc_644311b63b607133c989d7c1188467dafc0.jpg?1787859552,Crystal,63,0,SMN
Sin Mirrorslave,43994621,81,79,Raiden,Light,908,0,3f8e3345c252d3f9b50e27c481f91100_a370664d98f658f4ed4e620f378f73cdfc0.jpg?1787860920,Crystal,59,0,UNK
Magic Beans,43732030,82,80,Phoenix,Light,905,0,4a7e75e2be4f70e389e8807cc1d2b885_5047bc596a4bab2dc7f7c120bb22dec5fc0.jpg?1787860364,Crystal,148,0,DRK
Xanthe Hati,28239197,83,81,Sagittarius,Chaos,891,0,9bf816bfcd7f963908af59458b5500c9_44ca0844398b2d010d8cd4a31ddb023dfc0.jpg?1787859766,Crystal,72,0,VPR
Khorasan Ataraxia,47289604,84,83,Shiva,Light,811,0,721a6c9c723209b16696818df4cf0c93_3fbff0e6b620e4d259dc427abc6574dafc0.jpg?1787862710,Crystal,285,10,UNK
Lybel Alyborias,25836089,85,84,Louisoix,Chaos,807,0,a86b680e6c4e5e23befaaaf535a158de_0a122616f3718d3f45cab10fd8fc1604fc0.jpg?1787862333,Crystal,67,0,RDM
Baka Bao,30345026,86,85,Phantom,Chaos,801,0,57df7efcbcdf8f1aca84c4f1435c36ba_f0a43d6e5eea19af337a176e9836acddfc0.jpg?1787861160,Crystal,513,23,GNB
Rin Tanaka,24116937,87,130,Phoenix,Light,801,403,05caa52c69a69c31a889325a1f319530_5047bc596a4bab2dc7f7c120bb22dec5fc0.jpg?1787862273,Crystal,143,12,ARC
Brian Ricardo,23607238,88,86,Zodiark,Light,801,0,9c9d045f5f22c579ce5c24faa2b9b303_c274370774c6bc3483cc8740805f41bcfc0.jpg?1787862253,Crystal,67,0,AST
Drop Dead,61865612,89,88,Raiden,Light,796,0,8b4d73c68bf61dbad86bb051105da5ec_a370664d98f658f4ed4e620f378f73cdfc0.jpg?1787859838,Crystal,61,0,DRG
Acacia Strain,43137076,90,89,Raiden,Light,794,0,8678948c8fea34b563980d4a6da37e32_a370664d98f658f4ed4e620f378f73cdfc0.jpg?1787860896,Crystal,331,0,VPR
Sal Ren,40787945,91,90,Phoenix,Light,793,0,9613f7a8c0a759977b8a3fe787fed7e0_5047bc596a4bab2dc7f7c120bb22dec5fc0.jpg?1787860827,Crystal,112,0,DRG
Hyzenthlay Efrafa,1817919,92,91,Ragnarok,Chaos,790,0,f61f49f2ed95a3709fa034686da0eb63_40d57ba713628f3f1ef5ef204b6d76d2fc0.jpg?1787861162,Crystal,59,0,RPR
Skillpade Skyr,37019657,93,92,Lich,Light,782,0,e520a31662bd7030c96e4951a4f2d301_7206469080400ed57a5373d0a9c55c59fc0.jpg?1787862362,Crystal,146,0,DRK
Life Enjoyer,28145650,94,93,Raiden,Light,704,0,1f163924ab5a124c00b3684fe37e6e58_a370664d98f658f4ed4e620f378f73cdfc0.jpg?1787860325,Crystal,104,0,DRG
Alex Rider,18844824,95,94,Raiden,Light,702,0,88e1d370b1f9d1b22933e6476449b463_a370664d98f658f4ed4e620f378f73cdfc0.jpg?1787861316,Crystal,57,0,DRG
Red Aura,58355527,96,95,Spriggan,Chaos,700,0,24685b07d940d962953f7111d4144e46_feaf0a2e88ff164813fbc9b85876fa48fc0.jpg?1787860440,Crystal,49,0,MNK
Diarmuidia Ua-dibhne,60435376,97,96,Cerberus,Chaos,699,0,5d9b7dcb4848e335ad4a88c0dc644669_777c57311d510ca65dac3c1077dee435fc0.jpg?1787862071,Crystal,100,1,DRG
Feri De,32873333,98,97,Twintania,Light,698,0,04fae792c920333e5bdc3287c0df72e4_c33f640c0cdd35f7def85b8aa31a0007fc0.jpg?1787862107,Crystal,185,12,SGE
Shadow Aya,54551815,99,134,Zodiark,Light,698,302,5ca13f39db9eefc50e8e57be73e7254e_c274370774c6bc3483cc8740805f41bcfc0.jpg?1787862727,Crystal,75,5,DRK
Lost Signal,56186869,100,98,Odin,Light,695,0,b36972ee34bfd25f82ce348b32b6f5da_644311b63b607133c989d7c1188467dafc0.jpg?1787860669,Crystal,126,5,VPR
Gabriel Zephyrus,11099535,101,99,Zodiark,Light,690,0,fb5c6913d0c275952def0841ab82887f_c274370774c6bc3483cc8740805f41bcfc0.jpg?1787861885,Crystal,199,0,RPR
Laela Hyun,59589734,102,100,Phantom,Chaos,684,0,a377ba040d4300db7c8df4efc92acd53_f0a43d6e5eea19af337a176e9836acddfc0.jpg?1787861659,Crystal,55,0,UNK
Magidolce Magileine,39132419,103,101,Twintania,Light,614,0,088bd05d5a98251023ecb7e28a638b68_c33f640c0cdd35f7def85b8aa31a0007fc0.jpg?1787862834,Crystal,265,0,SMN
Aris Oz,41983172,104,102,Zodiark,Light,605,0,abbd4cf51609bf59977c5b4850c4c351_c274370774c6bc3483cc8740805f41bcfc0.jpg?1787860654,Crystal,57,0,WAR
Sophia Ariadne,11431073,105,103,Odin,Light,600,0,f4329ddf82a418a6e12f1ba978bc1523_644311b63b607133c989d7c1188467dafc0.jpg?1787862177,Crystal,57,0,WHM
Roy Dimgao,29524655,106,104,Omega,Chaos,597,0,320af7149c63c337e5826c2c2cc1bf37_39e25ac3d737c46452305eefe324372cfc0.jpg?1787860334,Crystal,187,0,RDM
Feral Jorex,21749898,107,105,Odin,Light,594,0,f9027c778862384a6ae4224efd2fe7c3_644311b63b607133c989d7c1188467dafc0.jpg?1787860492,Crystal,329,16,SMN
Purr It,40913226,108,106,Zodiark,Light,592,0,9adf9c1689ff6761673da6e25b839b7b_c274370774c6bc3483cc8740805f41bcfc0.jpg?1787861553,Crystal,159,6,VPR
Zot To,18725302,109,107,Cerberus,Chaos,590,0,852c16bac4fe7f528a8653c65704e818_777c57311d510ca65dac3c1077dee435fc0.jpg?1787859465,Crystal,5,0,DRG
General Aardvark,48423100,110,108,Twintania,Light,514,0,cf88029724167c1d18ed8c536a862900_c33f640c0cdd35f7def85b8aa31a0007fc0.jpg?1787862141,Crystal,198,12,BLM
Neclord Drakan,34358772,111,109,Phoenix,Light,510,0,7e002012c8fc4f9e493cd5879573e088_5047bc596a4bab2dc7f7c120bb22dec5fc0.jpg?1787861381,Crystal,41,0,SGE
Shiroko Momo,39619880,112,110,Odin,Light,504,0,83b4a27fbdf8dfdce9a7e095cc14bf41_644311b63b607133c989d7c1188467dafc0.jpg?1787859970,Crystal,150,0,MCH
Cipher Strife,7955322,113,124,Ragnarok,Chaos,501,98,fd0f2644fe22871d381e6bae8798c484_40d57ba713628f3f1ef5ef204b6d76d2fc0.jpg?1787860431,Crystal,314,16,SCH
Aru Chiikawa,53173199,114,271,Raiden,Light,499,499,e04a223356da8c93c18581feda55b5bf_a370664d98f658f4ed4e620f378f73cdfc0.jpg?1787862425,Crystal,172,7,BLM
Dacien Darlett,3339751,115,173,Odin,Light,498,397,0311b8a0924e142c3f1da4b81f645156_644311b63b607133c989d7c1188467dafc0.jpg?1787862425,Crystal,162,7,SCH
Master Zoknik,47233914,116,111,Omega,Chaos,498,0,47b7a0d3c4816d6dc7cb85c85a3685f7_39e25ac3d737c46452305eefe324372cfc0.jpg?1787861475,Crystal,69,0,DRK
Yellow Blue,58488618,117,112,Spriggan,Chaos,497,0,51731f8a93c1d8b59b5c3ded4ffb5a64_feaf0a2e88ff164813fbc9b85876fa48fc0.jpg?1787860868,Crystal,80,0,DRG
Jou Bright,26172504,118,113,Shiva,Light,496,0,80f6d86c4118e80a4c51ba20920a1384_3fbff0e6b620e4d259dc427abc6574dafc0.jpg?1787860729,Crystal,187,3,SMN
Lolorei Lalarei,3686155,119,114,Omega,Chaos,496,0,da6ff12e4effc4cbacfe1b954f1c3bf5_39e25ac3d737c46452305eefe324372cfc0.jpg?1787859784,Crystal,149,0,GNB
Thor Strom,35911315,120,115,Cerberus,Chaos,496,0,3826da79ed71141aec290f69127b5c79_777c57311d510ca65dac3c1077dee435fc0.jpg?1787862671,Crystal,5,0,SCH
Reireiko Reiko,51402233,121,116,Alpha,Light,491,0,6bb627130b2067e09c7110eb74707745_6132295fcf5570fb8b0a944ef322a598fc0.jpg?1787863009,Crystal,38,1,RDM
Aeo We,10437907,122,133,Ragnarok,Chaos,489,92,2cc33bbd6e1f29b872030a98ed37c0fc_40d57ba713628f3f1ef5ef204b6d76d2fc0.jpg?1787862594,Crystal,35,4,UNK
Bing Bing,50857849,123,117,Odin,Light,424,0,1a2b77cf04680b9bfe1c19f07f9f1f44_644311b63b607133c989d7c1188467dafc0.jpg?1787860570,Crystal,74,0,MCH
Zecht Bradamant,31785474,124,118,Omega,Chaos,415,0,b0b8438e6682f2931a1a930121d0ab43_39e25ac3d737c46452305eefe324372cfc0.jpg?1787861701,Crystal,103,0,MCH
Yinwea Levai,36476322,125,119,Shiva,Light,412,0,944bf3a8e93fcc8f15f3f521462d11b5_3fbff0e6b620e4d259dc427abc6574dafc0.jpg?1787862401,Crystal,154,0,MCH
Sotek Scherwil,486374,126,120,Twintania,Light,407,0,c881840c18d6c9fc415801f5f8240174_c33f640c0cdd35f7def85b8aa31a0007fc0.jpg?1787860445,Crystal,67,12,RDM
Frankie Urien,32323176,127,121,Odin,Light,405,0,ffae33588fe71f102672b7defdb50a30_644311b63b607133c989d7c1188467dafc0.jpg?1787859484,Crystal,212,0,DNC
Blunt Man,35300195,128,122,Louisoix,Chaos,404,0,bfddeb1fd8c57b9259f8bb179dd8158b_0a122616f3718d3f45cab10fd8fc1604fc0.jpg?1787861965,Crystal,157,0,SAM
Pat Olehouse,17156873,129,123,Lich,Light,404,0,54c944c62ef7bd68e95a2a558d856482_7206469080400ed57a5373d0a9c55c59fc0.jpg?1787859564,Crystal,92,1,PLD
Ul Unhu,9592278,130,125,Phoenix,Light,403,0,d703e404c81140848dbcd200abc4ef7e_5047bc596a4bab2dc7f7c120bb22dec5fc0.jpg?1787861574,Crystal,139,0,DRK
Queenie Skyfrost,34868775,131,126,Odin,Light,403,0,4c0182a4bd02a557a3e29b795c1e0b9c_644311b63b607133c989d7c1188467dafc0.jpg?1787862774,Crystal,82,2,PLD
Sho'zhirr Shizahi-jo,28092848,132,127,Phoenix,Light,403,0,c6923f91c3f9e08d53d38488a3040788_5047bc596a4bab2dc7f7c120bb22dec5fc0.jpg?1787862596,Crystal,72,0,UNK
Seraban Mistodisushi,25116690,133,128,Omega,Chaos,402,0,9ab6f5d4307a747e8378402c6070b2a7_39e25ac3d737c46452305eefe324372cfc0.jpg?1787861797,Crystal,160,18,UNK
Lawr Hawk,28248881,134,129,Odin,Light,401,0,e241b26df61ea0e201b637a7ae6c4cd4_644311b63b607133c989d7c1188467dafc0.jpg?1787860594,Crystal,63,0,BRD
Lion Lad,60548427,135,131,Phantom,Chaos,398,0,69af2e062eb7ba4549c964e1fbc8b79e_f0a43d6e5eea19af337a176e9836acddfc0.jpg?1787859667,Crystal,29,0,BRD
Firas Xll,61570305,136,132,Alpha,Light,397,0,180935d91342970858d2044d5c23d436_6132295fcf5570fb8b0a944ef322a598fc0.jpg?1787861922,Crystal,68,0,PLD
Sekai Eri,41303117,137,153,Raiden,Light,305,104,cb1ac59e3c66b2050bc4ee7e3368c36c_a370664d98f658f4ed4e620f378f73cdfc0.jpg?1787861554,Crystal,132,4,UNK
Victoria Nyala,43751055,138,135,Phoenix,Light,304,0,d41ca298e2f03ee2273aca61640ebce0_5047bc596a4bab2dc7f7c120bb22dec5fc0.jpg?1787860926,Crystal,59,0,MCH
Yoe Lleufyn,28631681,139,136,Phoenix,Light,302,0,9584dd8fac44ba749b0855105a0e29e9_5047bc596a4bab2dc7f7c120bb22dec5fc0.jpg?1787861229,Crystal,113,7,BLM
Neo Saladin,60195724,140,137,Alpha,Light,299,0,d61ef205c9700150e78797546d2ac263_6132295fcf5570fb8b0a944ef322a598fc0.jpg?1787860658,Crystal,90,0,NIN
Medicine Melancholy,25525676,141,138,Raiden,Light,299,0,8a3aaef7e82e665cdb12f15457700593_a370664d98f658f4ed4e620f378f73cdfc0.jpg?1787860608,Crystal,71,0,SAM
Madelynn Veil,49771412,142,139,Omega,Chaos,299,0,92f91d9225bb816c6562fb117814681e_39e25ac3d737c46452305eefe324372cfc0.jpg?1787859485,Crystal,57,0,PLD
Wimp Lo,37793632,143,163,Zodiark,Light,298,99,45ed053d252c3a44eabe55329426aa37_c274370774c6bc3483cc8740805f41bcfc0.jpg?1787860930,Crystal,144,1,SGE
Kihn Shirudo,43951482,144,140,Spriggan,Chaos,298,0,2e619166d10daa6082c54563a5af17ff_feaf0a2e88ff164813fbc9b85876fa48fc0.jpg?1787862060,Crystal,74,1,DRK
Miimo Xa'ra,11362808,145,141,Shiva,Light,298,0,ce9814c05102c51abc5834316927fd0c_3fbff0e6b620e4d259dc427abc6574dafc0.jpg?1787860591,Crystal,63,2,BTN
Lunaelumen Heartless,3344766,146,142,Phoenix,Light,298,0,442c49c53db78614043ce10aa9733411_5047bc596a4bab2dc7f7c120bb22dec5fc0.jpg?1787862725,Crystal,48,0,DNC
Riseon Misha,26343965,147,143,Zodiark,Light,297,0,d883dcfcee6650b3e6e1691bf6838f6c_c274370774c6bc3483cc8740805f41bcfc0.jpg?1787860715,Crystal,128,2,WHM
Ultimo Tower,13765195,148,144,Odin,Light,297,0,f3f293a7802e54bc6d3f5c2ceb6f4902_644311b63b607133c989d7c1188467dafc0.jpg?1787859465,Crystal,102,0,DRK
Dundee Nic'hpisfa,35976824,149,145,Odin,Light,296,0,8eda92b5ce2e258786d149b7cb349e09_644311b63b607133c989d7c1188467dafc0.jpg?1787860714,Crystal,196,0,SGE
Night Siren,46140840,150,146,Alpha,Light,221,0,5b2c854dc9360523ee7fcd5bfee41621_6132295fcf5570fb8b0a944ef322a598fc0.jpg?1787861363,Crystal,168,0,GNB
Erion Hein,39135014,151,147,Twintania,Light,216,0,ba6bc1e1e70e5f3402d91ecfcf7d01e8_c33f640c0cdd35f7def85b8aa31a0007fc0.jpg?1787859626,Crystal,144,0,MIN
Renna Vorak,25421061,152,149,Raiden,Light,210,4,c2dc94bad32c136ebcdcb42ec56ba1c3_a370664d98f658f4ed4e620f378f73cdfc0.jpg?1787862724,Crystal,74,1,MIN
Ayrelinia Saelinire,41821402,153,148,Spriggan,Chaos,207,0,8604bb768bf59461e5f44eef46ee9961_feaf0a2e88ff164813fbc9b85876fa48fc0.jpg?1787862286,Crystal,22,0,SMN
Keylinda Heliopsis,44659154,154,150,Moogle,Chaos,204,0,aae227ec83063cc479b9c5f6fb803e66_d7a9d5f85a29d6278ec1c7adc2c8d242fc0.jpg?1787861054,Crystal,125,0,SCH
Arima Sui,61051327,155,171,Alpha,Light,203,102,a616749d9bdfd00b6659f83dbb1c8a7f_6132295fcf5570fb8b0a944ef322a598fc0.jpg?1787862846,Crystal,430,30,SMN
Brutal Killer,8885117,156,151,Ragnarok,Chaos,203,0,30c6a6207c7e93d407784888a7f29c97_40d57ba713628f3f1ef5ef204b6d76d2fc0.jpg?1787861605,Crystal,3,0,DRK
Strife Duskblade,34142903,157,152,Omega,Chaos,202,0,e8d7518889e9dd65f6114527334ca66a_39e25ac3d737c46452305eefe324372cfc0.jpg?1787859804,Crystal,82,0,DRK
Lu Ni,58272624,158,249,Cerberus,Chaos,202,202,ab167867f3aa425b82e05a081df98df4_777c57311d510ca65dac3c1077dee435fc0.jpg?1787861401,Crystal,70,4,BLM
Gaspard Deguingoix,11032081,159,154,Moogle,Chaos,201,0,b9283e6a6be9cd219ee0afea98546775_d7a9d5f85a29d6278ec1c7adc2c8d242fc0.jpg?1787861542,Crystal,79,0,BLU
Sayuri Maeshima,33888798,160,155,Omega,Chaos,201,0,9543e703e2409901a4e4c51fcd72a0bd_39e25ac3d737c46452305eefe324372cfc0.jpg?1787861307,Crystal,57,0,FSH
Tiranna Reinford,12390793,161,156,Moogle,Chaos,201,0,287223c7dac01617ab03a9e54406de0e_d7a9d5f85a29d6278ec1c7adc2c8d242fc0.jpg?1787860508,Crystal,31,0,WAR
Mizu Shimizu,41402391,162,157,Twintania,Light,200,0,b745f1d87ccd905d96d6b6ca49092222_c33f640c0cdd35f7def85b8aa31a0007fc0.jpg?1787862631,Crystal,74,0,UNK
Ash Dreadsaint,16641514,163,158,Alpha,Light,200,0,35babc8a56d97c1de09ffbf594068bd0_6132295fcf5570fb8b0a944ef322a598fc0.jpg?1787861608,Crystal,67,0,GNB
Eve Naeuri,43290162,164,159,Sagittarius,Chaos,200,0,c143c5d5e461ba9e3f51c07a3de23e21_44ca0844398b2d010d8cd4a31ddb023dfc0.jpg?1787862510,Crystal,45,0,MCH
Krek Balflear,48912824,165,160,Sagittarius,Chaos,200,0,3ddedc4fdcf35465d04f99e2b4737a9f_44ca0844398b2d010d8cd4a31ddb023dfc0.jpg?1787861159,Crystal,42,0,RPR
Neppie Nen,38644421,166,161,Phoenix,Light,200,0,6744f6c777bfc017ed7318054ef44f3d_5047bc596a4bab2dc7f7c120bb22dec5fc0.jpg?1787861370,Crystal,31,0,BLU
Selin Naari,16360751,167,162,Cerberus,Chaos,200,0,fb2c3681e2cb33bdcd7894d5aad0b9ec_777c57311d510ca65dac3c1077dee435fc0.jpg?1787859766,Crystal,21,0,PLD
Lina Sunstar,52075433,168,183,Spriggan,Chaos,199,99,d60c4576e74acfcd0ed77a6ea5d48800_feaf0a2e88ff164813fbc9b85876fa48fc0.jpg?1787862319,Crystal,148,1,WHM
Hegel Gil,25438753,169,164,Omega,Chaos,199,0,5ed500fc1dd1d9cbbc95000a80326ff7_39e25ac3d737c46452305eefe324372cfc0.jpg?1787860002,Crystal,117,0,DRG
Airi Rhitik,2286171,170,165,Moogle,Chaos,197,0,0e7c747879926e0f575c8444323c478f_d7a9d5f85a29d6278ec1c7adc2c8d242fc0.jpg?1787861923,Crystal,127,1,WHM
Guimiko Miko,54285624,171,181,Moogle,Chaos,197,97,610c37aeb64c6149d7c6d5ea93a8114e_d7a9d5f85a29d6278ec1c7adc2c8d242fc0.jpg?1787860022,Crystal,51,1,PLD
Vyn Silvair,21908199,172,166,Shiva,Light,196,0,05a4597e1e8ad1e87cfc4aab88be286c_3fbff0e6b620e4d259dc427abc6574dafc0.jpg?1787861371,Crystal,87,0,WHM
Mats Luxed,36390152,173,167,Twintania,Light,196,0,4d98b4ef01ccfc9df166d83a5771a4ea_c33f640c0cdd35f7def85b8aa31a0007fc0.jpg?1787862348,Crystal,32,0,SGE
Luca Natura,26126798,174,168,Omega,Chaos,196,0,aee9a8f332f96a4c5a45923c0e82782a_39e25ac3d737c46452305eefe324372cfc0.jpg?1787861968,Crystal,24,0,GSM
Wieg Wiggles,35061622,175,169,Lich,Light,192,0,61256a3e6c4f0c3dcc05469f5550d102_7206469080400ed57a5373d0a9c55c59fc0.jpg?1787859954,Crystal,186,15,WAR
Limit Cat,37849108,176,170,Lich,Light,191,0,5b03795e0323d8633451ea410c4aeced_7206469080400ed57a5373d0a9c55c59fc0.jpg?1787860846,Crystal,18,0,RDM
Deltimor Offerentis,53216923,177,172,Ragnarok,Chaos,101,0,b1f3b3bcc24281f671ac2ced6960431a_40d57ba713628f3f1ef5ef204b6d76d2fc0.jpg?1787861716,Crystal,292,0,BLM
Freya Highwind,37533969,178,174,Spriggan,Chaos,100,0,de376c51fd21ccbb1018c1c3fb40734b_feaf0a2e88ff164813fbc9b85876fa48fc0.jpg?1787861945,Crystal,204,0,WAR
Sonnas Dedede,37860927,179,175,Twintania,Light,100,0,25b1bad7226a0841ef265c7dc5b0eba9_c33f640c0cdd35f7def85b8aa31a0007fc0.jpg?1787862344,Crystal,202,0,SAM
Laville Burns,44676490,180,176,Alpha,Light,100,0,1999bb362905ab6ad44fa2e8931ef3dc_6132295fcf5570fb8b0a944ef322a598fc0.jpg?1787859475,Crystal,200,0,BRD
Arienai Nashi,47596567,181,177,Zodiark,Light,100,0,ccbc05e41375849179a5f554d78d7ae1_c274370774c6bc3483cc8740805f41bcfc0.jpg?1787860924,Crystal,184,0,PCT
Rose Nashi'rah,5586423,182,178,Moogle,Chaos,100,0,eabb33d9d4a68beb623fdbad8de0ccd2_d7a9d5f85a29d6278ec1c7adc2c8d242fc0.jpg?1787861796,Crystal,179,0,AST
Keraunos Greywolfe,31183458,183,179,Alpha,Light,100,0,3431088cd9f33e5f20e30162c35286fd_6132295fcf5570fb8b0a944ef322a598fc0.jpg?1787861485,Crystal,177,0,DRK
Eeva Lightwood,34867115,184,230,Phoenix,Light,100,100,029a994eac70f6897fab7cb241b4204b_5047bc596a4bab2dc7f7c120bb22dec5fc0.jpg?1787862276,Crystal,174,8,CUL
Bagel Egg,18929023,185,229,Omega,Chaos,100,100,f655117235b1c0d199ca39849579a631_39e25ac3d737c46452305eefe324372cfc0.jpg?1787862164,Crystal,173,6,BLM
Staz Hellcat,8016319,186,180,Cerberus,Chaos,100,0,c7e860ceda35e35e41bca47bf02624be_777c57311d510ca65dac3c1077dee435fc0.jpg?1787861559,Crystal,155,0,PLD
Lumine Heartseeker,37169102,187,182,Lich,Light,100,0,bef41e353f9709f6c26365adcd129410_7206469080400ed57a5373d0a9c55c59fc0.jpg?1787860274,Crystal,148,0,PCT
Magnus Skorweg,14288959,188,184,Cerberus,Chaos,100,0,36b3ca5cc0c3fa7edd1b5b276f54a6fc_777c57311d510ca65dac3c1077dee435fc0.jpg?1787862521,Crystal,145,0,SMN
Sir Azmuth,21784845,189,185,Lich,Light,100,0,aaa9e4ee439eaa5d584760975605186f_7206469080400ed57a5373d0a9c55c59fc0.jpg?1787861239,Crystal,124,0,SAM
Deme Tayuun,14832348,190,186,Lich,Light,100,0,ae2fb7b7ac8ad3f92247efdd9fade6e7_7206469080400ed57a5373d0a9c55c59fc0.jpg?1787861639,Crystal,108,0,DRG
Haadin Maero,25649806,190,186,Cerberus,Chaos,100,0,ab3efb60a6f01134129c732e6e60c255_777c57311d510ca65dac3c1077dee435fc0.jpg?1787861010,Crystal,108,0,RDM
Lilia Sunvale,59323692,192,188,Phoenix,Light,100,0,01173bfd4d3bd682b07d6e9ac6dafd16_5047bc596a4bab2dc7f7c120bb22dec5fc0.jpg?1787860538,Crystal,105,0,BRD
Blaine Skyler,37236741,193,189,Louisoix,Chaos,100,0,f892c4691642e8efdead7c502a5d01f0_0a122616f3718d3f45cab10fd8fc1604fc0.jpg?1787862751,Crystal,101,0,WHM
Saku Rozen,1622070,193,189,Odin,Light,100,0,76d32a46909474e4b590ee6476bfabce_644311b63b607133c989d7c1188467dafc0.jpg?1787861969,Crystal,101,0,UNK
Aragorn Pendragon,9019127,195,191,Ragnarok,Chaos,100,0,87aef8a41356f31d322683bdf3e6103b_40d57ba713628f3f1ef5ef204b6d76d2fc0.jpg?1787862525,Crystal,100,0,WHM
Hope Carmine,31931991,195,191,Odin,Light,100,0,4d5e5c176cb534aaf44e67236bf6c171_644311b63b607133c989d7c1188467dafc0.jpg?1787861080,Crystal,100,0,RDM
Rain Hoshino,6160241,197,193,Moogle,Chaos,100,0,fc4a751ebc0402023f56f7934007c9ef_d7a9d5f85a29d6278ec1c7adc2c8d242fc0.jpg?1787859747,Crystal,99,0,PLD
Pave Zen,51542459,198,194,Zodiark,Light,100,0,c62f2300698b05a5ff2e27ea4ec74914_c274370774c6bc3483cc8740805f41bcfc0.jpg?1787862283,Crystal,96,0,PCT
Haki Haki,8290724,199,195,Ragnarok,Chaos,100,0,3fc43df6da1c629c59b5cdae63dee7a7_40d57ba713628f3f1ef5ef204b6d76d2fc0.jpg?1787860524,Crystal,94,0,WAR
Ray Croft,29659793,200,196,Shiva,Light,100,0,56ebf33c0c49fd7529d32303d4b7c8d9_3fbff0e6b620e4d259dc427abc6574dafc0.jpg?1787862191,Crystal,89,0,RDM
Glyceri Chosuti,30338174,201,197,Moogle,Chaos,100,0,6d93c9241424e92e6f0351d35d8b6eaa_d7a9d5f85a29d6278ec1c7adc2c8d242fc0.jpg?1787862835,Crystal,88,0,SGE
Ark Kekko,50821807,202,198,Omega,Chaos,100,0,b81b1c241e98f7a5f9b9c81665be1243_39e25ac3d737c46452305eefe324372cfc0.jpg?1787862379,Crystal,86,0,BRD
Gun Grave,39069917,203,199,Alpha,Light,100,0,89afa1641c5d0fb3c37ff5b905d4b26a_6132295fcf5570fb8b0a944ef322a598fc0.jpg?1787861942,Crystal,77,0,UNK
Sahamaru Kamijo,13566032,204,200,Lich,Light,100,0,ab5bb27991a2037ddd8e8b0aef304406_7206469080400ed57a5373d0a9c55c59fc0.jpg?1787859823,Crystal,75,0,MCH
Akito Kotomine,14113084,205,201,Cerberus,Chaos,100,0,6535eaee5701ca6c10beffbfc70273c9_777c57311d510ca65dac3c1077dee435fc0.jpg?1787860356,Crystal,70,0,RPR
Rei Dassario,24597443,206,202,Raiden,Light,100,0,a51ce0a687a31ff3b67287e80ea30aed_a370664d98f658f4ed4e620f378f73cdfc0.jpg?1787859675,Crystal,67,0,VPR
Lolarita Rorry,39677497,207,203,Odin,Light,100,0,3c990f7c55a34985fb496735b20a6b10_644311b63b607133c989d7c1188467dafc0.jpg?1787861068,Crystal,65,0,SGE
Tisha Adori,32551351,207,203,Zodiark,Light,100,0,a1f13f2decf7933275b7ce63051dc06f_c274370774c6bc3483cc8740805f41bcfc0.jpg?1787860017,Crystal,65,0,MCH
Core Flare,44609138,209,205,Raiden,Light,100,0,4d277108d876101c6b97212a26f6bc97_a370664d98f658f4ed4e620f378f73cdfc0.jpg?1787862854,Crystal,64,0,WAR
Magisa Vale,43527083,210,206,Phoenix,Light,100,0,50d54724458e52e82fcfc6d537b9e001_5047bc596a4bab2dc7f7c120bb22dec5fc0.jpg?1787859530,Crystal,55,0,DRG
Fandrix Shadowsong,36051326,211,207,Louisoix,Chaos,100,0,e8515941184b5c25f2622f1899a0969a_0a122616f3718d3f45cab10fd8fc1604fc0.jpg?1787860856,Crystal,50,0,RPR
Ino Based,41531397,212,208,Alpha,Light,100,0,ae8562754d31616305226909752bc4fd_6132295fcf5570fb8b0a944ef322a598fc0.jpg?1787862812,Crystal,49,0,WAR
Const Mar,17323909,213,209,Phoenix,Light,100,0,9b3b80b05e36ff71934a612327c91867_5047bc596a4bab2dc7f7c120bb22dec5fc0.jpg?1787861802,Crystal,47,0,VPR
Veritan Indaerus,21877909,214,210,Odin,Light,100,0,978a128ddf080c55e3afc742274d0c9f_644311b63b607133c989d7c1188467dafc0.jpg?1787861007,Crystal,46,2,DRG
Onox Farbane,43799244,215,210,Zodiark,Light,100,0,c322e9dd886e64c0365244e0b587448f_c274370774c6bc3483cc8740805f41bcfc0.jpg?1787859791,Crystal,44,0,WAR
Pattinger Kersel,8183392,215,210,Raiden,Light,100,0,4fec5839fc0fc0bba3a80fc4e1910660_a370664d98f658f4ed4e620f378f73cdfc0.jpg?1787862662,Crystal,44,0,MCH
Sarah Swordmoon,15666675,217,213,Ragnarok,Chaos,100,0,f4dc48a690259d750cc95afaff6386b8_40d57ba713628f3f1ef5ef204b6d76d2fc0.jpg?1787862324,Crystal,42,0,AST
Tomo Kote,55321667,218,214,Zodiark,Light,100,0,5955a289356783d4701df9a9c192d2b8_c274370774c6bc3483cc8740805f41bcfc0.jpg?1787860629,Crystal,41,0,WAR
Maya White,9385038,219,215,Twintania,Light,100,0,1ab5adfc5d7d400ad0f8b4d181e6d2f0_c33f640c0cdd35f7def85b8aa31a0007fc0.jpg?1787859727,Crystal,40,0,WAR
Gwen Farron,10011051,220,216,Ragnarok,Chaos,100,0,3348ff23f3315e0457aa0694f655e953_40d57ba713628f3f1ef5ef204b6d76d2fc0.jpg?1787859941,Crystal,35,0,WAR
Athena Sol,50536957,221,217,Shiva,Light,100,0,a48751f04a5919018a07933f39c07e7c_3fbff0e6b620e4d259dc427abc6574dafc0.jpg?1787862791,Crystal,33,0,NIN
Sakurane Zero'yuurai,13075529,222,218,Ragnarok,Chaos,100,0,b65369d4b043831749f5fa45d2428e30_40d57ba713628f3f1ef5ef204b6d76d2fc0.jpg?1787859624,Crystal,31,0,PLD
Ka La,18103622,223,219,Ragnarok,Chaos,100,0,79cb69a4d9a7535c8ee4e2bbfc9b2a1d_40d57ba713628f3f1ef5ef204b6d76d2fc0.jpg?1787859804,Crystal,28,0,PLD
Kaixer Almasy,24721919,223,234,Ragnarok,Chaos,100,100,16b404151182dfe17ac302129a023750_40d57ba713628f3f1ef5ef204b6d76d2fc0.jpg?1787862809,Crystal,28,7,UNK
Mhia Mewrilah,26716262,225,220,Omega,Chaos,100,0,6b70c463b87dca3437d37504f74aad3b_39e25ac3d737c46452305eefe324372cfc0.jpg?1787861019,Crystal,27,0,WAR
Thesa Sergearis,47267643,226,285,Raiden,Light,100,100,09dba50da69ae23c7f77aa5135356ea2_a370664d98f658f4ed4e620f378f73cdfc0.jpg?1787862732,Crystal,25,7,RPR
Ebin Almsivi,35310847,227,221,Shiva,Light,100,0,0c72e527d2d86c2ee8f4698832e880b5_3fbff0e6b620e4d259dc427abc6574dafc0.jpg?1787862729,Crystal,23,0,PLD
Vanilla Blossom,41496807,227,221,Moogle,Chaos,100,0,b0e7d1b464d155d8791692fe2e47299d_d7a9d5f85a29d6278ec1c7adc2c8d242fc0.jpg?1787862561,Crystal,23,0,CRP
Yuumi Fish,25707217,229,223,Cerberus,Chaos,100,0,1a7ebbda26c28eb61f262b9fb37e8c6e_777c57311d510ca65dac3c1077dee435fc0.jpg?1787860293,Crystal,18,0,DNC
Autuas Au,37357840,230,224,Phantom,Chaos,100,0,5c8929453beb42fb1a167e93eca11abf_f0a43d6e5eea19af337a176e9836acddfc0.jpg?1787862654,Crystal,13,0,UNK
Moki Moki,14235486,231,225,Odin,Light,100,0,82d3ef8d03fa7a6ddf4429f15fd296a2_644311b63b607133c989d7c1188467dafc0.jpg?1787861148,Crystal,1,0,MNK
Lylia Venis,13391767,232,226,Moogle,Chaos,100,0,79af70239d663a69f312f0788f3cf927_d7a9d5f85a29d6278ec1c7adc2c8d242fc0.jpg?1787861578,Crystal,0,0,CUL
Athena Olympe,44680885,233,227,Sagittarius,Chaos,0,0,7e7afe9e9cebc29cee3220c1e0530540_44ca0844398b2d010d8cd4a31ddb023dfc0.jpg?1787861418,Diamond,203,0,WAR
Rem Minase,15335467,234,228,Ragnarok,Chaos,0,0,6f4b9532213e5ed122fcac3e5c3b4cc5_40d57ba713628f3f1ef5ef204b6d76d2fc0.jpg?1787862549,Diamond,195,0,MCH
Lu Mi,47806406,235,231,Raiden,Light,0,0,c8d19bad38e9523a4db779b2bf514973_a370664d98f658f4ed4e620f378f73cdfc0.jpg?1787860909,Diamond,83,0,VPR
Rave Bae,47220633,236,232,Alpha,Light,0,0,e640b0d43fa0078b032cbecc50b4e94c_6132295fcf5570fb8b0a944ef322a598fc0.jpg?1787862240,Diamond,73,0,WHM
Tsuguri Tempest,8093380,237,233,Moogle,Chaos,0,0,673dd69d52b7f7c210bb231091fd1922_d7a9d5f85a29d6278ec1c7adc2c8d242fc0.jpg?1787859679,Diamond,60,7,SAM
Paper Planes,59055005,238,234,Raiden,Light,0,0,1b7fc8e62eb37ebc10e0b203856e161c_a370664d98f658f4ed4e620f378f73cdfc0.jpg?1787859501,Diamond,21,0,DRG
Xiex Xie,40733160,239,0,Zodiark,Light,0,0,f253e0943a65dac103a6dfd764a01f52_c274370774c6bc3483cc8740805f41bcfc0.jpg?1787862735,Diamond,20,17,DRG
Naralis A'roihan,35460975,240,236,Odin,Light,0,0,39833ac3dfdbb3ea64ab911763fea294_644311b63b607133c989d7c1188467dafc0.jpg?1787862734,Diamond,325,2,SCH
Vesper Lux,39986527,241,237,Phoenix,Light,0,0,3ffa8cf173ca00c6bd21dc61c1a7850f_5047bc596a4bab2dc7f7c120bb22dec5fc0.jpg?1787859865,Diamond,191,0,RDM
Tsu Kee,47596814,242,238,Zodiark,Light,0,0,df5063d6db141a1bc921d4623e08a366_c274370774c6bc3483cc8740805f41bcfc0.jpg?1787862872,Diamond,185,0,BRD
Vic Strider,53817077,243,239,Raiden,Light,0,0,64d68250fabd33e4972dcba2d2638d6c_a370664d98f658f4ed4e620f378f73cdfc0.jpg?1787861806,Diamond,144,7,WAR
Sangon Yukihoshi,11533024,244,240,Raiden,Light,0,0,d5814159d4f4b2afaa562891375a7b01_a370664d98f658f4ed4e620f378f73cdfc0.jpg?1787862120,Diamond,55,0,GNB
Uraraka Lunae,19968499,244,240,Louisoix,Chaos,0,0,87178981b631653f4905b195c6c49583_0a122616f3718d3f45cab10fd8fc1604fc0.jpg?1787860056,Diamond,55,0,SAM
Kaomi Silver's,31290391,246,242,Phantom,Chaos,0,0,239fcc464702423d7f9ce8c7854a4fc3_f0a43d6e5eea19af337a176e9836acddfc0.jpg?1787861654,Diamond,30,0,WHM
Irmele Elandris,13301011,247,243,Odin,Light,0,0,545d79c172c687ee4ac495ceca89d9dd_644311b63b607133c989d7c1188467dafc0.jpg?1787860410,Diamond,28,0,WHM
Littlebard Crits,44849524,248,244,Lich,Light,0,0,85155be3d7c3c8936c428085496b1e8d_7206469080400ed57a5373d0a9c55c59fc0.jpg?1787859674,Diamond,9,0,UNK
Manji Haq,30381529,249,245,Shiva,Light,0,0,1840291846e97e46d3053d2cb9351608_3fbff0e6b620e4d259dc427abc6574dafc0.jpg?1787862328,Diamond,197,8,MCH
Alabaster Arcadia,39618537,250,257,Phoenix,Light,0,0,04f03f1ffd5a39f931966123f856ea6c_5047bc596a4bab2dc7f7c120bb22dec5fc0.jpg?1787861447,Diamond,131,12,BRD
Merily Marlin,52216084,251,246,Louisoix,Chaos,0,0,1b485637d5f1df89d363a45b95cba49c_0a122616f3718d3f45cab10fd8fc1604fc0.jpg?1787859972,Diamond,113,0,DRK
Lavender Yumori,47189865,252,247,Phoenix,Light,0,0,c0a56a85a3c082e0dd3b96359531f30f_5047bc596a4bab2dc7f7c120bb22dec5fc0.jpg?1787860273,Diamond,87,0,DNC
Vincent God,14069867,253,248,Phoenix,Light,0,0,7d8e17eab1b900c1741204dbf199eb48_5047bc596a4bab2dc7f7c120bb22dec5fc0.jpg?1787861843,Diamond,75,0,BRD
Catlisaie Leveilleur,38928587,254,0,Sagittarius,Chaos,0,0,b49cedcc9313e5b78f3c3e17f3a3b68c_44ca0844398b2d010d8cd4a31ddb023dfc0.jpg?1787862478,Diamond,68,5,GNB
Princess Emi,5884527,255,250,Twintania,Light,0,0,4ab2080550ab1fb15ca76fbfe8e8d512_c33f640c0cdd35f7def85b8aa31a0007fc0.jpg?1787859933,Diamond,57,0,PLD
Alex Bean,24788739,256,251,Zodiark,Light,0,0,6aa5d269d2362413ba9a055f7c8f6704_c274370774c6bc3483cc8740805f41bcfc0.jpg?1787862281,Diamond,55,0,SMN
Shiva Dorys,36432577,257,252,Phoenix,Light,0,0,df6ee6331f96148f2b97966d8a3e2a5a_5047bc596a4bab2dc7f7c120bb22dec5fc0.jpg?1787861097,Diamond,54,0,WHM
Doctor Zoidberg,9214410,258,253,Cerberus,Chaos,0,0,40bc630c90e57d0ca265dd7fc809d5c8_777c57311d510ca65dac3c1077dee435fc0.jpg?1787862378,Diamond,18,0,PCT
Mer Lin,50434149,259,254,Spriggan,Chaos,0,0,52a13256ecf71bc72e25a6b211b196c8_feaf0a2e88ff164813fbc9b85876fa48fc0.jpg?1787860168,Diamond,15,0,DRK
Altrios Alrun,37280856,260,0,Odin,Light,0,0,eed006603ff3859a7471671dcb9c221c_644311b63b607133c989d7c1188467dafc0.jpg?1787860838,Diamond,10,7,RDM
Katarina Kittycat,24355925,261,255,Twintania,Light,0,0,488decc103448e79430a7f4ffa3674c5_c33f640c0cdd35f7def85b8aa31a0007fc0.jpg?1787861440,Diamond,144,1,UNK
Aiva Ibusaki,11039086,262,256,Shiva,Light,0,0,39b96ee63110c8909c27318f222d3695_3fbff0e6b620e4d259dc427abc6574dafc0.jpg?1787859870,Diamond,123,3,MCH
Benedikta Cucumber,55428569,263,257,Sagittarius,Chaos,0,0,1091166e96bfe839d8a067a8fc27848a_44ca0844398b2d010d8cd4a31ddb023dfc0.jpg?1787862560,Diamond,119,0,GNB
Charon Tesar,2860491,264,259,Shiva,Light,0,0,71fb4ffe6d15608a77682afdbdef53d7_3fbff0e6b620e4d259dc427abc6574dafc0.jpg?1787861160,Diamond,110,0,WHM
Protos Heis,34597162,265,260,Spriggan,Chaos,0,0,1227bb2a621e4455479d060e840ff145_feaf0a2e88ff164813fbc9b85876fa48fc0.jpg?1787861545,Diamond,93,0,MCH
Lu' Bu',21757305,266,261,Odin,Light,0,0,20b9e744e2190850310da72ffaf5c5d4_644311b63b607133c989d7c1188467dafc0.jpg?1787861017,Diamond,88,0,VPR
Zerith Ars,7801227,267,262,Zodiark,Light,0,0,d9b23bac7d7203e071be18c6932a61a8_c274370774c6bc3483cc8740805f41bcfc0.jpg?1787862336,Diamond,76,0,DRG
Yuki Shinryu,18457903,268,263,Omega,Chaos,0,0,7c3380880e156cefcc0afc85574b6091_39e25ac3d737c46452305eefe324372cfc0.jpg?1787860970,Diamond,59,0,WHM
Leenar Raim,45005021,269,264,Raiden,Light,0,0,cd15b6146d9e895f605fe9d8aa6e46d2_a370664d98f658f4ed4e620f378f73cdfc0.jpg?1787859827,Diamond,57,4,SGE
Decha Kirk,32806624,270,265,Moogle,Chaos,0,0,e50b415f85b832de8463247f434991ce_d7a9d5f85a29d6278ec1c7adc2c8d242fc0.jpg?1787861007,Diamond,37,0,BLM
Red Fluffy,41965323,271,266,Shiva,Light,0,0,6e4c702e77f55eff42d4c42a07f242db_3fbff0e6b620e4d259dc427abc6574dafc0.jpg?1787860556,Diamond,27,0,GNB
Certin Ferocia,26600453,272,267,Spriggan,Chaos,0,0,528919b4d45df00513ad6c80440fc2f4_feaf0a2e88ff164813fbc9b85876fa48fc0.jpg?1787859786,Diamond,15,0,DNC
Lia Lothje,30611623,273,268,Odin,Light,0,0,12f34ee0f0d0404c9b47a7fea301f068_644311b63b607133c989d7c1188467dafc0.jpg?1787861553,Diamond,12,0,VPR
Luna Everlight,11876492,274,269,Phantom,Chaos,0,0,87daed323422dd94882b0079ba9f6b3d_f0a43d6e5eea19af337a176e9836acddfc0.jpg?1787860742,Diamond,8,0,RDM
Hiyuki Korikawa,55814095,275,270,Alpha,Light,0,0,74afa7e4138c1508f5559cba8b88f0c4_6132295fcf5570fb8b0a944ef322a598fc0.jpg?1787860257,Diamond,178,4,SAM
Wilson D'ball,48646138,276,0,Phantom,Chaos,0,0,c7a54b3f5006e7e5afdef2d9e10421ad_f0a43d6e5eea19af337a176e9836acddfc0.jpg?1787861827,Diamond,99,15,DRG
Chrome Hearts',48963270,277,272,Raiden,Light,0,0,71e7f9df828e655c1c9fe64893dfdf9c_a370664d98f658f4ed4e620f378f73cdfc0.jpg?1787859488,Diamond,68,0,UNK
Saki Aiko,58256956,278,273,Zodiark,Light,0,0,f65bf40d95342ebe3141def95c5232bc_c274370774c6bc3483cc8740805f41bcfc0.jpg?1787862069,Diamond,43,0,SMN
Sheidyn Windsor,30282791,279,274,Omega,Chaos,0,0,e3eaa192d0e2b6192580f940474cd0b5_39e25ac3d737c46452305eefe324372cfc0.jpg?1787862349,Diamond,33,0,WAR
Erika Avellana,45153856,280,275,Alpha,Light,0,0,d52954932b2c20e3d303cb8cf101f3eb_6132295fcf5570fb8b0a944ef322a598fc0.jpg?1787862776,Diamond,325,2,DRK
Duessa Fidessa,47722925,281,276,Louisoix,Chaos,0,0,3e992addf0aaeeda98883cfe0443f4c4_0a122616f3718d3f45cab10fd8fc1604fc0.jpg?1787860997,Diamond,262,6,SMN
Ash Zero,49368748,282,277,Shiva,Light,0,0,8c69f041cca72fdc1059bfc9f2f8ecc9_3fbff0e6b620e4d259dc427abc6574dafc0.jpg?1787859553,Diamond,125,0,PLD
Lo Enha,27971408,283,278,Moogle,Chaos,0,0,5236c7cc585f6b9213e6d33f05e78c61_d7a9d5f85a29d6278ec1c7adc2c8d242fc0.jpg?1787862091,Diamond,119,0,BLM
Flynn Cethlenne,35848614,284,279,Zodiark,Light,0,0,2543efc6def84f10fb27cc68c29b1460_c274370774c6bc3483cc8740805f41bcfc0.jpg?1787861483,Diamond,99,0,PLD
Yorda Dormin,35730883,285,280,Phantom,Chaos,0,0,37968b7968327b583f23e52d999337f9_f0a43d6e5eea19af337a176e9836acddfc0.jpg?1787860916,Diamond,83,0,UNK
Tung Kniv,36744544,286,281,Spriggan,Chaos,0,0,63aabeb5204c3ae5d2f0295a0f4a8e22_feaf0a2e88ff164813fbc9b85876fa48fc0.jpg?1787862305,Diamond,79,2,VPR
Nana Usui,34696904,287,282,Moogle,Chaos,0,0,abd9e807ccb2486ea89e3deab9cc56d2_d7a9d5f85a29d6278ec1c7adc2c8d242fc0.jpg?1787859886,Diamond,76,0,PCT
Arenne Cine,24108313,288,0,Zodiark,Light,0,0,b2833a2b4e618072a6309f375128e34b_c274370774c6bc3483cc8740805f41bcfc0.jpg?1787862164,Diamond,48,10,PCT
Stephanie Dolla,28876458,289,283,Lich,Light,0,0,753eeef7260d5b48fedb9d189d2b51ca_7206469080400ed57a5373d0a9c55c59fc0.jpg?1787859691,Diamond,42,0,MNK
Durinta Borlaaq,37706432,290,284,Twintania,Light,0,0,5f122a4f83176fe089d903a59809e108_c33f640c0cdd35f7def85b8aa31a0007fc0.jpg?1787860367,Diamond,37,0,PLD
Ryssrael Niunaglwyn,33315027,291,286,Omega,Chaos,0,0,33b521784d0398ac0bb6736f1c6d0a15_39e25ac3d737c46452305eefe324372cfc0.jpg?1787861491,Diamond,222,0,MCH
Caelvyr Corvayn,37557023,292,287,Odin,Light,0,0,ed18601452ec3c3b1def16f37ba89988_644311b63b607133c989d7c1188467dafc0.jpg?1787861071,Diamond,175,9,UNK
May Bloom,20580663,293,288,Twintania,Light,0,0,c24fd8278a4825a56c81ac07e6f2f43d_c33f640c0cdd35f7def85b8aa31a0007fc0.jpg?1787861992,Diamond,148,9,SMN
Altair Nightveil,37899651,294,289,Odin,Light,0,0,66c10a4203ea077f0a752e4bf561ff53_644311b63b607133c989d7c1188467dafc0.jpg?1787860527,Diamond,100,5,WAR
Aelin Jules,51609568,295,290,Alpha,Light,0,0,8a02014e6ec7a7fb938b61c29b83b641_6132295fcf5570fb8b0a944ef322a598fc0.jpg?1787861976,Diamond,64,0,SGE
Aleyna Vhitus,41296618,296,291,Louisoix,Chaos,0,0,a882a70cb8027a9ee08cb952986e2c5e_0a122616f3718d3f45cab10fd8fc1604fc0.jpg?1787862582,Diamond,52,0,UNK
Akurei Amotanius,36595921,297,292,Odin,Light,0,0,ca5d9f24b62995e3bcb5d25cc576fc70_644311b63b607133c989d7c1188467dafc0.jpg?1787862712,Diamond,49,0,MNK
Nicco Sushi,42846008,298,293,Alpha,Light,0,0,ffcb0ee6f92ba9224ade0ee2b0e9917b_6132295fcf5570fb8b0a944ef322a598fc0.jpg?1787862107,Diamond,36,0,GNB
Isca Mog,32212471,299,294,Zodiark,Light,0,0,e47f3ccc4bd8599193929766ab0abd2c_c274370774c6bc3483cc8740805f41bcfc0.jpg?1787860106,Diamond,19,0,AST
Ego Baby,50543888,300,295,Raiden,Light,0,0,712f53c2b6ed3bc9fa9cc0b0b60a16d7_a370664d98f658f4ed4e620f378f73cdfc0.jpg?1787862896,Diamond,17,0,DRK
Sensei Jyutusi,20995129,1,0,Chocobo,Mana,4090,0,218ddf1e9e095da9f0b9d5866f9f2d80_781d6b3603312f6be41670afa37282e0fc0.jpg?1787861770,Ultima,163,0,WHM
Kim Shin,2354630,2,0,Masamune,Mana,4076,0,9d6bba308f1c44ad24883a9717b4d480_134930215abb8a90ec37d6cc05b05e08fc0.jpg?1787862543,Ultima,89,0,SAM
Yurugi Koyurugi,29769522,3,0,Belias,Meteor,3856,0,ce65dfc48d522a7a126208d94cdc2852_894c4bd0beab2e2beb44b74f4c4bd206fc0.jpg?1787862770,Omega,87,0,PLD
Happo Hapo,59173770,4,0,Pandaemonium,Mana,3695,0,8d06d5697fa5f35516e08e77ecb4eff8_470db1bf2e865f9130531fea40b61ee4fc0.jpg?1787859841,Omega,90,10,VPR
Paker Zuka,35106373,5,0,Bahamut,Gaia,3295,0,1dfba22310e23cd21bd3a7481bf928e1_86da943caa70c8694707ab2ff74e68c9fc0.jpg?1787862706,Omega,106,5,UNK
Makina Belg,23683223,6,23,Belias,Meteor,3250,521,ffed281791b6f91e5a2000e4917cfeeb_894c4bd0beab2e2beb44b74f4c4bd206fc0.jpg?1787862927,Omega,170,17,DRK
Sorin Maki,53900927,7,6,Durandal,Gaia,3247,0,b0d4570e39585eb6b5ba7458ff8781a7_806ea5b45071d5cd6bf393e38462ee71fc0.jpg?1787860875,Omega,103,0,MCH
Hatozo Ito,39455624,8,7,Typhon,Elemental,3232,0,a2de1cbebb1230e8f11f0fa765df7d0f_32d8c9c7cd5f62d62da2d31b6750a680fc0.jpg?1787862993,Omega,119,6,RDM
K' R',8489348,9,8,Chocobo,Mana,3197,0,38834b79bf39846f80b605b4a592c2eb_781d6b3603312f6be41670afa37282e0fc0.jpg?1787862752,Omega,132,0,AST
Vivi Ann,4766157,10,11,Kujata,Elemental,3082,104,9543e197b2faf03aa21058f9deedc408_72c48f093f2278ac3243962d3eb6a8d7fc0.jpg?1787862523,Omega,152,7,WHM
Ciel Cocco,27192023,11,10,Anima,Mana,3081,16,05df3829299dc9e3c4ba0bceb512525a_2f698530a28d671d20278c8518c804c9fc0.jpg?1787860697,Omega,193,11,WAR
Merry Scrald,11886780,12,9,Belias,Meteor,3078,0,7bfbd82582fd003bc514339935d874a7_894c4bd0beab2e2beb44b74f4c4bd206fc0.jpg?1787862327,Omega,89,0,WAR
Wonton Starlight,27496660,13,16,Chocobo,Mana,3077,192,8d6c3f0a6f695cdc94b9234b6c28be22_781d6b3603312f6be41670afa37282e0fc0.jpg?1787859656,Omega,241,9,SAM
Seraki Matsushima,43566777,14,33,Ixion,Mana,3028,483,1e4675de3ee8e4d8e053dede59297104_7126768d768f6c6c7fed3eaee98c3a8afc0.jpg?1787862666,Omega,84,16,PCT
Kite Free,28865954,15,12,Kujata,Elemental,2973,0,b602646591e3d050094503c65590ee4c_72c48f093f2278ac3243962d3eb6a8d7fc0.jpg?1787860359,Omega,39,0,MNK
Bakeke Bake,40527195,16,13,Asura,Mana,2953,0,2df47416611081755cf9e0cd7c586afa_53f1445a9f28799a32ea55f046319fc3fc0.jpg?1787862938,Omega,146,0,VPR
Dome Violet,45179152,17,14,Masamune,Mana,2918,0,a95c15ebd393e5497d6641d375ec02b1_134930215abb8a90ec37d6cc05b05e08fc0.jpg?1787861687,Omega,198,0,BRD
Naku Cha,51398763,18,15,Zeromus,Meteor,2897,0,d1f355424cec05811e0f15dc0a707de5_c76848359d0b4d2f37aefbb9903ed97bfc0.jpg?1787861961,Omega,65,0,NIN
Aizen Sosuke,46625154,19,0,Asura,Mana,2888,97,084fe9c7ee753ba32657d9e49b4edde5_53f1445a9f28799a32ea55f046319fc3fc0.jpg?1787861684,Omega,140,1,UNK
Emil Sarasun,7191072,20,17,Asura,Mana,2832,0,052a2527c0dee23533f8162c40d66898_53f1445a9f28799a32ea55f046319fc3fc0.jpg?1787862291,Omega,96,0,GNB
Djinn Piston,44999217,21,18,Durandal,Gaia,2831,0,f34e66517ae3b26262c9b4f09835c5a0_806ea5b45071d5cd6bf393e38462ee71fc0.jpg?1787862246,Omega,76,12,RDM
Piccolo Saaaaann,23336998,22,20,Asura,Mana,2789,0,efa27fc6ea5fa0a09f429159c3346a0f_53f1445a9f28799a32ea55f046319fc3fc0.jpg?1787859570,Omega,306,6,WAR
Tarex Youva,26374295,23,21,Tonberry,Elemental,2780,0,7dad78de32b2e7e31077d03f095a81ac_7bb6b1e488f0e4f01c5314d010b60f31fc0.jpg?1787862096,Omega,193,4,PLD
Atsu Bow,47953241,24,22,Mandragora,Meteor,2753,0,a397b9893231105b4549ed9a8721c60a_ee738654add55c3d07ea92d8e108074cfc0.jpg?1787862816,Omega,287,30,DRG
Kappi Scarlet,11922639,25,24,Asura,Mana,2698,0,820f32c739a02029fdacf6c96cbf1fa4_53f1445a9f28799a32ea55f046319fc3fc0.jpg?1787862365,Omega,155,3,RPR
Grey Book,51082088,26,25,Alexander,Gaia,2695,0,2b2e5a5f068a7529dabfbbf6c918d473_b7a71d8799cf6dd75b711a7f52de6675fc0.jpg?1787859914,Omega,87,0,VPR
Ame Ame,53697484,27,26,Titan,Mana,2694,0,93d3d9e0c4003776bb652473d623797e_e2bb3f9679fec6d4836fcf8abcc3eeacfc0.jpg?1787861376,Omega,63,0,UNK
Imlink Rr,46726473,28,27,Bahamut,Gaia,2636,0,6c9ffcd32b7d78e8b7e09c63d130ef2a_86da943caa70c8694707ab2ff74e68c9fc0.jpg?1787859908,Omega,281,7,MCH
Tango Ngo,47753273,29,28,Alexander,Gaia,2629,0,c8ff6406f324ec51842e0a491ba1e4fa_b7a71d8799cf6dd75b711a7f52de6675fc0.jpg?1787861848,Omega,208,0,VPR
Sura Imo,25164389,30,29,Shinryu,Meteor,2584,0,d2cd07ab0f766e9dd870046dcc7fae97_87b7d447f40b06dfc7228caf195f7dcffc0.jpg?1787861333,Omega,48,0,WHM
Mun- Mutyo,18063500,31,30,Bahamut,Gaia,2580,0,870df3b6a4306c3c3de44d72fc9a577d_86da943caa70c8694707ab2ff74e68c9fc0.jpg?1787861588,Omega,185,0,PCT
Sono Ta,49701933,32,31,Shinryu,Meteor,2574,0,c5fbe5dc524e8f9d2eb8b7c350df2a00_87b7d447f40b06dfc7228caf195f7dcffc0.jpg?1787860399,Omega,48,0,DRK
Fania Eckert,2837251,33,32,Titan,Mana,2568,0,7177d6fdd5036eebc72834f8376cd1cf_e2bb3f9679fec6d4836fcf8abcc3eeacfc0.jpg?1787861006,Omega,192,3,PCT
Aman Kaharmine,37434311,34,0,Belias,Meteor,2538,0,7fa9aa672753e286a5710cf338755727_894c4bd0beab2e2beb44b74f4c4bd206fc0.jpg?1787862194,Omega,324,4,UNK
Peng In,60228501,35,0,Bahamut,Gaia,2538,0,871397d65bde709b44c83fca4e18a1b3_86da943caa70c8694707ab2ff74e68c9fc0.jpg?1787862846,Omega,140,13,SMN
Jay Eins,3930926,36,0,Chocobo,Mana,2499,0,31d212c5602873cad51c02ca3a1707f4_781d6b3603312f6be41670afa37282e0fc0.jpg?1787860062,Omega,66,0,NIN
Robs Wiz,47501636,37,0,Aegis,Elemental,2491,0,24b0e4e155ae76da2a553003980ac156_3ea38e723c590aabf186367e1eb7e6a1fc0.jpg?1787862472,Omega,205,5,DRG
Tsuchi Tsuki,39089046,38,0,Bahamut,Gaia,2481,0,032858264c706c6341f57dbef9e86da1_86da943caa70c8694707ab2ff74e68c9fc0.jpg?1787861371,Omega,66,0,DRK
Xignas Schwalbe,2577287,39,55,Anima,Mana,2457,195,726f737868161a35f25fb4e06bccf08e_2f698530a28d671d20278c8518c804c9fc0.jpg?1787861753,Omega,178,2,VPR
Shiman Chu,38475144,40,39,Yojimbo,Meteor,2455,0,4cb93a24c937da83418345140d361e9b_4a92c619bde4f34cfa77e05fef21ad85fc0.jpg?1787862342,Omega,120,0,SAM
Zsika Mu',18898369,41,40,Ridill,Gaia,2396,0,ed7f8569bf4537dfd9f2ea953ad59e8a_138751880f18161a907d7cf0faa43f07fc0.jpg?1787861608,Omega,56,0,UNK
Neneco Neko,60257588,42,41,Ultima,Gaia,2392,0,d410b53bdce1036d1d4331de5dd4f44e_9df1b3cb0da35db33c17ef11ddf12adafc0.jpg?1787861727,Omega,69,0,ALC
Lucy Tave,5530448,43,42,Durandal,Gaia,2382,0,fd7ea485d2ba7644c76c49d7b00fce24_806ea5b45071d5cd6bf393e38462ee71fc0.jpg?1787861902,Omega,615,10,WAR
Pero Noir,27109057,44,43,Ultima,Gaia,2381,0,889b0b13f93f702d3df91ec97e272102_9df1b3cb0da35db33c17ef11ddf12adafc0.jpg?1787862748,Omega,59,0,PCT
Furanzeska Sumeragi,8414050,45,44,Tonberry,Elemental,2376,0,7300d72d23103eb5494b3e21bf99b3b6_7bb6b1e488f0e4f01c5314d010b60f31fc0.jpg?1787861349,Omega,88,0,SMN
Yoochan Fantasy,30892468,46,85,Anima,Mana,2371,288,179b316106d60bb1488917ac1c45548c_2f698530a28d671d20278c8518c804c9fc0.jpg?1787862263,Omega,71,5,DRG
Taroe Kobuta,8734523,47,45,Kujata,Elemental,2367,0,821347c202f7d7d6b676bd393bcdfdae_72c48f093f2278ac3243962d3eb6a8d7fc0.jpg?1787859828,Omega,368,0,RPR
Minisuta Blood,24769179,48,46,Atomos,Elemental,2360,0,851ddd354ea9b3a8e623078a0f4d8a05_cf768a751b1f5e355c2fd39a9ed91f3ffc0.jpg?1787861024,Omega,39,0,DRG
Lancer Yan,18545180,49,47,Fenrir,Gaia,2354,0,b5d95c2f29f83c258c8ed96425acd32b_d384cf5ad7db803f29799f36ebbc3eadfc0.jpg?1787860732,Omega,63,0,SAM
Aurora Duskveil,14659861,50,48,Carbuncle,Elemental,2347,0,8d51113f06ccc3227a4928f8ab5ddee6_9eb3c19866f7ae0eeeffac7bf770aba5fc0.jpg?1787861817,Omega,160,9,SMN
Lan Dame-celot,31839759,51,49,Ifrit,Gaia,2338,0,c278e5b98fa396fbc950aeafdb5aaee8_f9f796348bc43067c7242ec4551cde69fc0.jpg?1787862432,Omega,69,0,DRK
Snow Albarn,25263326,52,50,Fenrir,Gaia,2336,0,fa179c06d46acce251bb94d22a05e931_d384cf5ad7db803f29799f36ebbc3eadfc0.jpg?1787860055,Omega,151,0,SMN
Lil Latte,55025559,53,69,Anima,Mana,2329,187,2d01c7e9c74b9faebdd6d9ece7c9eb4a_2f698530a28d671d20278c8518c804c9fc0.jpg?1787859814,Omega,222,3,UNK
Basta Reno,31797927,54,51,Carbuncle,Elemental,2305,0,22b32c1986bb9c2732e5f877f7cbdbd6_9eb3c19866f7ae0eeeffac7bf770aba5fc0.jpg?1787861701,Omega,70,0,RDM
Aeritte Ravel,41831914,55,52,Carbuncle,Elemental,2275,0,56a646fd4b2eb086bf8c9d712567e62f_9eb3c19866f7ae0eeeffac7bf770aba5fc0.jpg?1787861737,Omega,174,4,SAM
Akki Noc,2298162,56,53,Alexander,Gaia,2265,0,4a145f36c7316e0d32845d32af5e92bd_b7a71d8799cf6dd75b711a7f52de6675fc0.jpg?1787862830,Omega,135,10,SGE
Lupinus Lily,33777966,57,54,Ultima,Gaia,2263,0,6f019b443ab48375b1bcc5e5aa0debf9_9df1b3cb0da35db33c17ef11ddf12adafc0.jpg?1787861425,Omega,92,0,GNB
Kuno Cadenzavnaeve,42178142,58,56,Ifrit,Gaia,2260,0,85baa25ca299e93ef56226f40814f03b_f9f796348bc43067c7242ec4551cde69fc0.jpg?1787861462,Omega,98,0,MNK
Tomato Mato,54649869,59,215,Ixion,Mana,2257,777,e417d4ddd5bd7df8155005f15bd1ab53_7126768d768f6c6c7fed3eaee98c3a8afc0.jpg?1787862917,Omega,65,16,UNK
Sukoya Mihirogi,42042279,60,57,Anima,Mana,2249,0,58dacb01c0c75e38125f892840beb026_2f698530a28d671d20278c8518c804c9fc0.jpg?1787859452,Omega,134,0,PLD
Velvet Shilky,15655369,61,58,Anima,Mana,2244,0,988a0ec11e3b6bbbfc5478b0eab4b03f_2f698530a28d671d20278c8518c804c9fc0.jpg?1787859815,Omega,313,0,RPR
Ciao' Chu-ru,46227731,62,59,Asura,Mana,2243,0,4407462a62eb8cb31cec691e9f214c86_53f1445a9f28799a32ea55f046319fc3fc0.jpg?1787860869,Omega,88,0,UNK
Death-by Glamour,50007656,63,60,Fenrir,Gaia,2236,0,73746aab8b21d5917fab43f4db6f35aa_d384cf5ad7db803f29799f36ebbc3eadfc0.jpg?1787860578,Omega,57,0,UNK
Mialulu Sabotage,33714151,64,61,Tiamat,Gaia,2191,0,ed107570ce5fd9ee695034c45ef4d395_9f10d335198e90990f3437c5733468e7fc0.jpg?1787860233,Omega,50,0,SAM
Hosi Lumier,20014623,65,62,Ridill,Gaia,2190,0,126e42d301322000c4e965281e8f7098_138751880f18161a907d7cf0faa43f07fc0.jpg?1787862477,Omega,168,0,BRD
Noin Kurial,23981966,66,63,Asura,Mana,2177,0,83830f722858537d3bbdd6afabacaa3d_53f1445a9f28799a32ea55f046319fc3fc0.jpg?1787862006,Omega,49,0,BLM
Tige Noir,13429005,67,64,Ridill,Gaia,2170,0,92cf71f8edc971b0656a49db62280b09_138751880f18161a907d7cf0faa43f07fc0.jpg?1787859743,Omega,240,0,DNC
Regret Weise,15486920,68,96,Fenrir,Gaia,2167,101,13172be4a1ad05d87f2b3a6e43f14d31_d384cf5ad7db803f29799f36ebbc3eadfc0.jpg?1787860118,Omega,81,9,DRK
Gogant Gogant,24052697,69,65,Atomos,Elemental,2163,0,9b2637d94cc0b341ddad961722026fdf_cf768a751b1f5e355c2fd39a9ed91f3ffc0.jpg?1787859432,Omega,115,0,SAM
Tam Sin,26754914,70,66,Ultima,Gaia,2157,0,4e875947aa4b95d1be857096f32d4ae8_9df1b3cb0da35db33c17ef11ddf12adafc0.jpg?1787862797,Omega,82,6,SAM
Coffee Mint,29415966,71,67,Titan,Mana,2154,0,e5a147803c62c81952bc0c786dcfc3cb_e2bb3f9679fec6d4836fcf8abcc3eeacfc0.jpg?1787862396,Omega,692,19,BLM
Soujirou Seta,4110224,72,68,Tonberry,Elemental,2153,0,7453a7542d76520abe9dd8dcc3572b78_7bb6b1e488f0e4f01c5314d010b60f31fc0.jpg?1787860131,Omega,141,11,WAR
Akatuki Re,22410327,73,100,Carbuncle,Elemental,2151,100,b3e601fbc493d7bc642faec11f3c05fb_9eb3c19866f7ae0eeeffac7bf770aba5fc0.jpg?1787860749,Omega,135,13,RDM
Aslan Miller,42003071,74,70,Ixion,Mana,2142,0,091d6880c471f9f4c412b704f952af81_7126768d768f6c6c7fed3eaee98c3a8afc0.jpg?1787862514,Omega,228,12,PCT
Sidurgu Obsidian,17768556,75,71,Garuda,Elemental,2139,0,19277f9e0fcd9432fb16b0e1cbad47a7_fcb1f5b0249d1069e5bdc66d0796f26afc0.jpg?1787860141,Omega,83,0,WHM
Yuki Yui,25457703,76,72,Ultima,Gaia,2105,0,53e27d2153b5d4878ef23b1326589ff5_9df1b3cb0da35db33c17ef11ddf12adafc0.jpg?1787860389,Omega,130,2,UNK
Walter Winston,3431710,77,73,Fenrir,Gaia,2104,0,bee8390354426d2c1d42d687a0de29d5_d384cf5ad7db803f29799f36ebbc3eadfc0.jpg?1787862611,Omega,76,1,WAR
Kaede Felis,33728274,78,108,Typhon,Elemental,2098,96,40686a32bf2ab631ff7e7677fc614cb3_32d8c9c7cd5f62d62da2d31b6750a680fc0.jpg?1787859745,Omega,128,1,DRG
Hso Gkd,39936541,79,149,Asura,Mana,2096,394,4f7b0c3e146a0735f571292dfccd0adb_53f1445a9f28799a32ea55f046319fc3fc0.jpg?1787861104,Omega,76,10,SAM
Fuki Non,51302585,80,74,Titan,Mana,2096,0,99d46e5dfaf54e3a630e700cbd41968b_e2bb3f9679fec6d4836fcf8abcc3eeacfc0.jpg?1787861657,Omega,67,0,WHM
Fury Halone,31201226,81,75,Chocobo,Mana,2095,0,391e22872f5bc92045c105b0c7778c1b_781d6b3603312f6be41670afa37282e0fc0.jpg?1787861730,Omega,51,0,SAM
Kotori Angel,11433233,82,76,Alexander,Gaia,2094,0,249a60efd4f3f03c25a40a0c3c35d33f_b7a71d8799cf6dd75b711a7f52de6675fc0.jpg?1787862727,Omega,60,0,DRG
Ed Xii,61003934,83,186,Zeromus,Meteor,2093,507,abe7e4f5eb6a0af4b416d2bf4f34ef4d_c76848359d0b4d2f37aefbb9903ed97bfc0.jpg?1787862819,Omega,47,11,PLD
Flavia Saurva,29364722,84,77,Chocobo,Mana,2089,0,4a9b8d9e5f338a0c28625b5656567941_781d6b3603312f6be41670afa37282e0fc0.jpg?1787862936,Omega,52,0,RPR
Elosie Ue,46030616,85,78,Bahamut,Gaia,2087,0,cdd278ec7274c3a04f790d4954079c53_86da943caa70c8694707ab2ff74e68c9fc0.jpg?1787861695,Omega,79,0,SGE
Yuki Macaron-vanille,37997737,86,79,Ridill,Gaia,2087,0,87df14febf49ad8a24a323b239fb3250_138751880f18161a907d7cf0faa43f07fc0.jpg?1787862311,Omega,66,0,RDM
Kikiru Kiru,32877503,87,80,Pandaemonium,Mana,2086,0,e7b80247dc6473f7ec0cd4127f78efb3_470db1bf2e865f9130531fea40b61ee4fc0.jpg?1787859705,Omega,35,0,RDM
Alt Sanktgallen,2143482,88,130,Mandragora,Meteor,2085,197,5c873dda3f483d96a474d6049544be77_ee738654add55c3d07ea92d8e108074cfc0.jpg?1787860595,Omega,107,6,VPR
Avail Tec,46450631,89,81,Garuda,Elemental,2085,0,174c8b1a79d654754078bef6b8c51067_fcb1f5b0249d1069e5bdc66d0796f26afc0.jpg?1787861175,Omega,78,0,SAM
Ardbert Hylfyst,31584604,90,82,Belias,Meteor,2085,0,964952d6da8636ab55a5b87a925f0d4c_894c4bd0beab2e2beb44b74f4c4bd206fc0.jpg?1787862227,Omega,31,0,UNK
Rip Rill,726210,91,83,Gungnir,Elemental,2084,0,1ed2cf8fd8dc78c1ec061d9bb9c45462_8f82f937943b6baf4c565020d5eba0ccfc0.jpg?1787862392,Omega,240,17,WHM
Inori Chan,54439983,92,84,Asura,Mana,2084,0,924e00538b2fef48f1ddd6b463e8f7ef_53f1445a9f28799a32ea55f046319fc3fc0.jpg?1787861909,Omega,24,0,NIN
Muutyo Ganajai,35379364,93,86,Ridill,Gaia,2082,0,5435163c8ed77079a8f6bdb50b7b4da2_138751880f18161a907d7cf0faa43f07fc0.jpg?1787862823,Omega,69,0,SGE
Tomomomo Momomo,25830708,94,87,Ramuh,Meteor,2080,0,d1b6359fffbcc60e8bddc1120dc05d55_410ddb5a66a2fcacf538bec5ea5d0291fc0.jpg?1787860498,Omega,46,0,SCH
Ura Ururu,59087727,95,88,Chocobo,Mana,2080,0,cbc6fb7e99cc3d57226a4684079c139c_781d6b3603312f6be41670afa37282e0fc0.jpg?1787861802,Omega,40,0,BRD
Douglas Ward,32519646,96,89,Asura,Mana,2077,0,5902010d301aa95176126fcdef0dc7c7_53f1445a9f28799a32ea55f046319fc3fc0.jpg?1787860523,Omega,322,0,RDM
Shion Amber,26147773,97,90,Unicorn,Meteor,2075,0,e2ecf01d14ce449e8393bc3f5dfc57f4_393eb74047bb90c8d80dea54218430eefc0.jpg?1787860295,Omega,33,0,DRG
Ria Esta,46580024,98,91,Typhon,Elemental,2071,0,537b652a83e9ead35e927e93170f46f0_32d8c9c7cd5f62d62da2d31b6750a680fc0.jpg?1787862790,Omega,67,0,MCH
Elisa Wolframite,18964939,99,92,Hades,Mana,2069,0,5582934bb6b94d50874d7d241225aa74_a4730651230dd43cb129562a30d531aefc0.jpg?1787861907,Omega,152,15,NIN
Lain Wired,1578110,100,93,Chocobo,Mana,2068,0,51b29015827612eb3c28c2c8dd0f43ef_781d6b3603312f6be41670afa37282e0fc0.jpg?1787862852,Omega,222,0,PCT
Sha Moji,19121169,101,94,Carbuncle,Elemental,2068,0,eb82915777eea0c952b2885bf59641d9_9eb3c19866f7ae0eeeffac7bf770aba5fc0.jpg?1787862821,Omega,160,6,MCH
Kana Drouv,37418772,102,95,Mandragora,Meteor,2068,0,556bea70c6c70acf776be4041d191d92_ee738654add55c3d07ea92d8e108074cfc0.jpg?1787859755,Omega,40,0,SAM
Suteiki Niku,21443132,103,97,Ixion,Mana,2065,0,2f186f805d4bb29abd9458d61593b81a_7126768d768f6c6c7fed3eaee98c3a8afc0.jpg?1787859990,Omega,204,0,PLD
Jawa San,3768644,104,98,Titan,Mana,2065,0,6dc7f48778a077c0339870e942a79f2e_e2bb3f9679fec6d4836fcf8abcc3eeacfc0.jpg?1787862542,Omega,138,0,NIN
Tamago Crab,1576417,105,116,Chocobo,Mana,2063,92,0bce11216fe6e4e1cecfe7c969a1460f_781d6b3603312f6be41670afa37282e0fc0.jpg?1787859459,Omega,125,2,MNK
Scarlet Liora,50450849,106,99,Ridill,Gaia,2056,0,823b2552238fefce05d1a2e39630911f_138751880f18161a907d7cf0faa43f07fc0.jpg?1787863014,Omega,75,0,PCT
Kupfdoen Mynaikoensyn,2336564,107,248,Garuda,Elemental,2051,681,89679647ba7b815cb23d73ae2d6050eb_fcb1f5b0249d1069e5bdc66d0796f26afc0.jpg?1787862354,Omega,152,9,BLM
Beatrice Rosenkreuz,31285042,108,101,Tiamat,Gaia,2050,0,1972bc9fb243d5cb03ad68af2779564d_9f10d335198e90990f3437c5733468e7fc0.jpg?1787861564,Omega,60,4,SCH
Creya Oaks,20662074,109,102,Tonberry,Elemental,2037,0,0fb57385ff1c90e3ea26edc53722b78c_7bb6b1e488f0e4f01c5314d010b60f31fc0.jpg?1787860790,Omega,262,5,BRD
Inx Chrono,21920611,110,103,Yojimbo,Meteor,2024,0,83c01df24231dda93176c28e69768459_4a92c619bde4f34cfa77e05fef21ad85fc0.jpg?1787859744,Omega,231,0,WAR
Ren Chamx,43411675,111,104,Chocobo,Mana,2023,0,d14faf3557b40f62c1fd8e9103ff0ca1_781d6b3603312f6be41670afa37282e0fc0.jpg?1787860687,Omega,163,0,PLD
Sakura Nemutai,55109399,112,105,Titan,Mana,2021,0,efa9ef6672998c8a9c860e5e104d6b3e_e2bb3f9679fec6d4836fcf8abcc3eeacfc0.jpg?1787860320,Omega,151,0,SGE
Devil May'cry,43140387,113,106,Chocobo,Mana,2015,0,bc38e75d4332eb0a661f158200cedb80_781d6b3603312f6be41670afa37282e0fc0.jpg?1787862354,Omega,44,0,UNK
Hibarii Maiden,2220475,114,0,Garuda,Elemental,2013,908,46a565a07005b1224b7facd2223d54b9_fcb1f5b0249d1069e5bdc66d0796f26afc0.jpg?1787862052,Omega,77,14,RPR
Yan Yan,3182501,115,107,Alexander,Gaia,2012,0,5cd079575de2bd01f87a188c93738695_b7a71d8799cf6dd75b711a7f52de6675fc0.jpg?1787860910,Omega,78,2,NIN
Yoruki Hiroran,56925172,116,109,Typhon,Elemental,2001,0,68df19c82415e8fed5592345fb9acbd3_32d8c9c7cd5f62d62da2d31b6750a680fc0.jpg?1787860937,Omega,43,0,RDM
Neku Xyst,23660389,117,110,Ifrit,Gaia,1991,0,fb1f5fe2519e579c50b2b5aa89992706_f9f796348bc43067c7242ec4551cde69fc0.jpg?1787862485,Crystal,64,0,VPR
He Ro,57048881,118,111,Ultima,Gaia,1988,0,1988e9fc4df817df742388c245715b40_9df1b3cb0da35db33c17ef11ddf12adafc0.jpg?1787860209,Crystal,570,18,UNK
Ku Chan,35624538,119,112,Shinryu,Meteor,1986,0,c563ef5b623babbcbf7d852a7e64c31e_87b7d447f40b06dfc7228caf195f7dcffc0.jpg?1787862467,Crystal,76,0,WHM
Uta Tubame,12421333,120,113,Zeromus,Meteor,1983,0,4c1c1810ab77c61696ca66b0716fd309_c76848359d0b4d2f37aefbb9903ed97bfc0.jpg?1787862918,Crystal,100,3,PCT
Iroha Date,6961136,121,114,Aegis,Elemental,1973,0,554b38366a6696fd4ca04583ad727660_3ea38e723c590aabf186367e1eb7e6a1fc0.jpg?1787862590,Crystal,129,0,SCH
Kirakira Akira,55531034,122,115,Typhon,Elemental,1973,0,5934f798f998575286709c767ba05f59_32d8c9c7cd5f62d62da2d31b6750a680fc0.jpg?1787862711,Crystal,35,0,PCT
Amarl Malaguld,27652092,123,117,Masamune,Mana,1966,0,92f5a8f587b00180a706bf0adc6692cb_134930215abb8a90ec37d6cc05b05e08fc0.jpg?1787859467,Crystal,65,0,RPR
Ajika Rajika,6811285,124,118,Tiamat,Gaia,1916,0,97621d00c96124d00a3c01cec2dde5f8_9f10d335198e90990f3437c5733468e7fc0.jpg?1787859498,Crystal,104,0,UNK
Che'rie Amiri,60682859,125,119,Zeromus,Meteor,1913,0,74b40d795da2cd26657f9838869b63da_c76848359d0b4d2f37aefbb9903ed97bfc0.jpg?1787859599,Crystal,113,0,UNK
Crystalline Conflict,56094564,126,137,Kujata,Elemental,1911,59,dcae5be360cd5ac359780dd998fbbf57_72c48f093f2278ac3243962d3eb6a8d7fc0.jpg?1787862831,Crystal,148,7,UNK
Baked Potapota,42031891,127,120,Ramuh,Meteor,1908,0,1b1e5ff45bcbd6a80c94ee1c0c8bddcf_410ddb5a66a2fcacf538bec5ea5d0291fc0.jpg?1787861706,Crystal,112,4,AST
Meilkea Inori,40934425,128,121,Aegis,Elemental,1904,0,4c256b756b0f4f43b209ec71728dc0e2_3ea38e723c590aabf186367e1eb7e6a1fc0.jpg?1787861438,Crystal,305,9,UNK
Wuruwuru Yaya,19903532,129,122,Asura,Mana,1904,0,c4dcc6326814217e41a2636e5dd8eea3_53f1445a9f28799a32ea55f046319fc3fc0.jpg?1787859799,Crystal,152,9,NIN
Corvus Gradior,27132837,130,0,Titan,Mana,1901,1106,7d80ef18f8183b40dd80776987e971f6_e2bb3f9679fec6d4836fcf8abcc3eeacfc0.jpg?1787862778,Crystal,61,35,AST
Ririca Rica,22451341,131,123,Valefor,Meteor,1900,0,b82d75152d14ebf44db2622ef433b4f4_485f4777c38002871591fb54f27edc65fc0.jpg?1787860927,Crystal,196,0,RPR
Link Ring,55955379,132,124,Durandal,Gaia,1899,0,cd57a4705e19ebab4b3922b039f3a7b7_806ea5b45071d5cd6bf393e38462ee71fc0.jpg?1787861105,Crystal,100,0,BLM
Nao Fu,41247403,133,125,Shinryu,Meteor,1897,0,cfc231e11fac22b1fb8d9d27cee48586_87b7d447f40b06dfc7228caf195f7dcffc0.jpg?1787859554,Crystal,114,8,SGE
Roric Thorne,59323169,134,126,Pandaemonium,Mana,1895,0,4ff669632484c5fdf241ea2b9f955435_470db1bf2e865f9130531fea40b61ee4fc0.jpg?1787861526,Crystal,24,0,PCT
Hana'ni Narou,55619969,135,127,Bahamut,Gaia,1890,0,6fed23863620c8b715cbb8ea2b38180f_86da943caa70c8694707ab2ff74e68c9fc0.jpg?1787860313,Crystal,85,9,SAM
Okome Justice,58734775,136,128,Durandal,Gaia,1889,0,3589d26a22faffebd4c39812822aab8a_806ea5b45071d5cd6bf393e38462ee71fc0.jpg?1787862731,Crystal,41,0,BRD
Sead Slendisch,27788989,137,129,Asura,Mana,1888,0,c9bd1276c77cf644ce955ce68575aa37_53f1445a9f28799a32ea55f046319fc3fc0.jpg?1787862130,Crystal,140,0,SGE
Ai Shironuko,19976423,138,210,Kujata,Elemental,1886,399,7036fde037e0136275a64cfa690a558c_72c48f093f2278ac3243962d3eb6a8d7fc0.jpg?1787862185,Crystal,35,11,RDM
Rohesa Morgan,10586618,139,131,Ramuh,Meteor,1884,0,1b6623c84e2fcee5c1d726a691ab88ba_410ddb5a66a2fcacf538bec5ea5d0291fc0.jpg?1787862538,Crystal,206,5,BSM
Cait Sith,1574936,140,132,Tiamat,Gaia,1883,0,fc4156170aa1fca8004a80238705e5cf_9f10d335198e90990f3437c5733468e7fc0.jpg?1787862219,Crystal,120,0,AST
Hollow Crown,59144034,141,133,Chocobo,Mana,1880,0,b91b6512544e8803d649622f67e53eab_781d6b3603312f6be41670afa37282e0fc0.jpg?1787860361,Crystal,31,0,MNK
Kur Age,27916663,142,134,Ifrit,Gaia,1872,0,b6c15539902ac3615580d0c358a2ce3a_f9f796348bc43067c7242ec4551cde69fc0.jpg?1787861619,Crystal,46,0,SGE
U-ta Rona,33778140,143,135,Ifrit,Gaia,1862,0,5364399662a84913de2dc736c1cdcfc6_f9f796348bc43067c7242ec4551cde69fc0.jpg?1787862221,Crystal,96,2,SCH
Wabi Suke,1601102,144,136,Asura,Mana,1855,0,355b0ae1cb512875c96e88afa06d36a7_53f1445a9f28799a32ea55f046319fc3fc0.jpg?1787862932,Crystal,493,16,NIN
Fuuga Reinfeldt,29495648,145,138,Unicorn,Meteor,1844,0,4441cdfb6f60085397a6647656e86646_393eb74047bb90c8d80dea54218430eefc0.jpg?1787859535,Crystal,129,0,WAR
Ruru Rururun,41786182,146,139,Ifrit,Gaia,1812,0,3fd0ff0d0e58f6a761a54eebd33b7bc6_f9f796348bc43067c7242ec4551cde69fc0.jpg?1787863026,Crystal,394,9,UNK
Nicku Nicku,18939474,147,140,Tonberry,Elemental,1804,0,c713d7a775bba8adf5d47b2630f63674_7bb6b1e488f0e4f01c5314d010b60f31fc0.jpg?1787861203,Crystal,20,0,UNK
Black' Cat,27132360,148,141,Ifrit,Gaia,1800,0,25f0dd65be1cf71e9e26e0bcc0dc271f_f9f796348bc43067c7242ec4551cde69fc0.jpg?1787859459,Crystal,156,11,WHM
Hakuen Sinonome,10757391,149,177,Asura,Mana,1800,199,6660ba18e406e22fbec52d7b8d1ac332_53f1445a9f28799a32ea55f046319fc3fc0.jpg?1787860492,Crystal,38,6,DRG
Nocturne Midnightblue,55368101,150,142,Asura,Mana,1798,0,e9f7726a264875c782e0384932dbf161_53f1445a9f28799a32ea55f046319fc3fc0.jpg?1787860303,Crystal,68,0,WHM
Cey Noqed,56239764,151,143,Anima,Mana,1783,0,05a455503c1b9dc0712f50ad519d9d21_2f698530a28d671d20278c8518c804c9fc0.jpg?1787859975,Crystal,100,0,BLM
Yo Na,52935364,152,144,Fenrir,Gaia,1783,0,2517fd5dbad75617e546949761815db9_d384cf5ad7db803f29799f36ebbc3eadfc0.jpg?1787861103,Crystal,67,0,NIN
Momikucha Ocojo,51451812,153,159,Ixion,Mana,1780,99,52ebf8cad8e1a025e1469ada4534a0f2_7126768d768f6c6c7fed3eaee98c3a8afc0.jpg?1787862604,Crystal,110,1,UNK
Dodopita Pittan,3558680,154,190,Tiamat,Gaia,1772,198,0c4178029dae08c0fcbe267d46034e76_9f10d335198e90990f3437c5733468e7fc0.jpg?1787861456,Crystal,113,21,SAM
Korone Yubi,38334943,155,145,Yojimbo,Meteor,1768,0,f96e46a75ff8692aefd4bf0841f4e177_4a92c619bde4f34cfa77e05fef21ad85fc0.jpg?1787859429,Crystal,115,0,SGE
Khelby Trickster,1496735,156,172,Gungnir,Elemental,1717,98,fde8b59fda65550661c58e15a9026a06_8f82f937943b6baf4c565020d5eba0ccfc0.jpg?1787859925,Crystal,109,7,PCT
Yuuki Swallowtail,32886185,157,146,Kujata,Elemental,1714,0,712840b89db68c0862aff570eefb28c6_72c48f093f2278ac3243962d3eb6a8d7fc0.jpg?1787860987,Crystal,131,2,MCH
Cinzia Castagnone,42223337,158,147,Ultima,Gaia,1713,0,f04869081ccf9229ca06746e399b2740_9df1b3cb0da35db33c17ef11ddf12adafc0.jpg?1787861973,Crystal,113,2,AST
Rex Cold,46340519,159,148,Bahamut,Gaia,1709,0,5a590acfa6bbe6cddd1eb5143c7070f2_86da943caa70c8694707ab2ff74e68c9fc0.jpg?1787860679,Crystal,86,17,UNK
Orpheus Jongleur,3414846,160,150,Bahamut,Gaia,1702,0,091f84408fe996c55b0d18af8fc1d9d6_86da943caa70c8694707ab2ff74e68c9fc0.jpg?1787861728,Crystal,64,0,GNB
Nov Noa,56271994,161,151,Tiamat,Gaia,1698,0,0711a53e252756264a473f2b53d53cad_9f10d335198e90990f3437c5733468e7fc0.jpg?1787862357,Crystal,53,12,AST
Inu- Pe-,42153397,162,152,Anima,Mana,1697,0,40c3101dfff66955ad4d9b06fda6e3a8_2f698530a28d671d20278c8518c804c9fc0.jpg?1787862154,Crystal,261,0,SAM
Sol Perfect,13175986,163,153,Hades,Mana,1697,0,09b81422623fbfed2cbc5f5650d41a6f_a4730651230dd43cb129562a30d531aefc0.jpg?1787861783,Crystal,59,3,SMN
Jios Quartar,3179754,164,154,Tiamat,Gaia,1695,0,e4a3c15118c1258c3c33b152cbada545_9f10d335198e90990f3437c5733468e7fc0.jpg?1787860310,Crystal,138,4,WHM
Ml Tei,47822875,165,155,Alexander,Gaia,1695,0,259bd72e639c252e3e6ab819661c07a6_b7a71d8799cf6dd75b711a7f52de6675fc0.jpg?1787862226,Crystal,25,0,DRK
Lufefe Lufe,8829146,166,156,Mandragora,Meteor,1691,0,91e252cc1edf40cc72e7912c50fbfde7_ee738654add55c3d07ea92d8e108074cfc0.jpg?1787861577,Crystal,98,2,VPR
Jack O'brian,12218514,167,157,Valefor,Meteor,1689,0,c75b51feaef2edd8ae7e838fdfef63ae_485f4777c38002871591fb54f27edc65fc0.jpg?1787862272,Crystal,39,0,MNK
Laru Gucchi,4772544,168,158,Durandal,Gaia,1686,0,766e8af080f3aa6e38ee510dee4807b8_806ea5b45071d5cd6bf393e38462ee71fc0.jpg?1787861757,Crystal,90,0,DRG
O'dette Noelle,26231391,169,225,Kujata,Elemental,1686,289,e4d0424de154feb08b3839c7806f9266_72c48f093f2278ac3243962d3eb6a8d7fc0.jpg?1787862784,Crystal,66,10,WAR
Maito Melek,26875635,170,160,Hades,Mana,1680,0,f46d534bca38450ba9b70bb608411c3e_a4730651230dd43cb129562a30d531aefc0.jpg?1787862940,Crystal,30,3,UNK
Lilica Astadir,3503219,171,161,Valefor,Meteor,1677,0,5af5f880cbf4a0fb2fc785912a217eae_485f4777c38002871591fb54f27edc65fc0.jpg?1787859465,Crystal,92,3,DRG
Citrullus Lanatus,44400335,172,162,Yojimbo,Meteor,1677,0,13ea310de2d8cda4dccc636dbfe2e046_4a92c619bde4f34cfa77e05fef21ad85fc0.jpg?1787861757,Crystal,44,0,SAM
Mao Caprice,32793338,173,163,Titan,Mana,1675,0,101c8c73de660221dc8ad95fafa4ad3c_e2bb3f9679fec6d4836fcf8abcc3eeacfc0.jpg?1787859635,Crystal,77,0,SGE
Aurelia Stratosfera,26527089,174,164,Unicorn,Meteor,1675,0,0ed689683555a9555b96a5599288d4a1_393eb74047bb90c8d80dea54218430eefc0.jpg?1787860271,Crystal,64,0,SAM
Liken Liekun,24806613,175,165,Shinryu,Meteor,1673,0,5aa5d27e0f5d07d19980648d6a9c2ba5_87b7d447f40b06dfc7228caf195f7dcffc0.jpg?1787862768,Crystal,193,0,DRK
Zwei Kreuz,14516450,176,166,Bahamut,Gaia,1673,0,367ea315b18ce50bb6f34a9ea77f3222_86da943caa70c8694707ab2ff74e68c9fc0.jpg?1787859817,Crystal,37,1,UNK
Moi Pomme,56383677,177,167,Anima,Mana,1672,0,df195b6c463065fc5c6cf34724d6875c_2f698530a28d671d20278c8518c804c9fc0.jpg?1787862447,Crystal,76,0,SMN
Aries San,12460047,178,168,Tiamat,Gaia,1668,0,00a39e6a3c0cb6e9529ffdf15a10dadb_9f10d335198e90990f3437c5733468e7fc0.jpg?1787861079,Crystal,102,2,SGE
Envy Lua,43034484,179,169,Valefor,Meteor,1632,0,e7cd2d55788c0aa6cbc5b71284096360_485f4777c38002871591fb54f27edc65fc0.jpg?1787862427,Crystal,86,0,AST
Chrono Meter,4807361,180,170,Zeromus,Meteor,1622,0,b74f258cbaba5cb680ca0095a0758cbb_c76848359d0b4d2f37aefbb9903ed97bfc0.jpg?1787860302,Crystal,366,15,UNK
Shattered Onyx,61529398,181,171,Mandragora,Meteor,1621,0,4507237b3154f0500f368c8975cd596c_ee738654add55c3d07ea92d8e108074cfc0.jpg?1787862157,Crystal,135,8,UNK
Piggy Walk,49739992,182,173,Alexander,Gaia,1618,0,3e967d228a864beca527f7f9e1561cb0_b7a71d8799cf6dd75b711a7f52de6675fc0.jpg?1787862116,Crystal,57,0,WAR
Tiger Rutata,23825437,183,0,Asura,Mana,1615,505,a69a7fd0c20bbbd51ddf7cc27af7921e_53f1445a9f28799a32ea55f046319fc3fc0.jpg?1787862595,Crystal,119,11,RDM
Teena Lewis,2553070,184,224,Bahamut,Gaia,1608,211,53366246b477a6a74d51a27aa7146532_86da943caa70c8694707ab2ff74e68c9fc0.jpg?1787861680,Crystal,82,7,BRD
Mochi Dooooon,51161467,185,174,Hades,Mana,1607,0,fe8f2f3f207480dac3f25ca746d11cf4_a4730651230dd43cb129562a30d531aefc0.jpg?1787859942,Crystal,38,0,SGE
Ena Lucida,46120110,186,175,Valefor,Meteor,1602,0,0d22e7ccb96b881d94b2eaac8c63f55c_485f4777c38002871591fb54f27edc65fc0.jpg?1787860373,Crystal,134,10,UNK
Falaris Whitemoon,39272552,187,176,Carbuncle,Elemental,1602,0,ba7f541c520a57e21fce1321218d73b3_9eb3c19866f7ae0eeeffac7bf770aba5fc0.jpg?1787862536,Crystal,58,0,MNK
Aquamarine Freyja,30360317,188,178,Titan,Mana,1600,0,0dfd1b818fb45dff90b6c17b14b71318_e2bb3f9679fec6d4836fcf8abcc3eeacfc0.jpg?1787862403,Crystal,86,23,MNK
Aristel Brown,3214595,189,179,Typhon,Elemental,1599,0,edba68904ef1184c5563cdd263603a74_32d8c9c7cd5f62d62da2d31b6750a680fc0.jpg?1787861337,Crystal,402,0,MCH
Planet Exploration,30755276,190,180,Ixion,Mana,1595,0,b2df099dea56680a53bbc8588e28444f_7126768d768f6c6c7fed3eaee98c3a8afc0.jpg?1787859569,Crystal,60,0,SGE
Fennel Earltea,21886406,191,181,Typhon,Elemental,1591,0,4e8f23f97ca17b02271d5d67829e204d_32d8c9c7cd5f62d62da2d31b6750a680fc0.jpg?1787860660,Crystal,100,0,WAR
Shinra Arasaka,24734269,192,182,Tiamat,Gaia,1589,0,2d735fa31b5cfcc7eabaae1839d0b731_9f10d335198e90990f3437c5733468e7fc0.jpg?1787862727,Crystal,44,0,WAR
Katuo Bushi,48894263,193,183,Garuda,Elemental,1588,0,8b92a347d66765b2b2d24c1ad40d5afa_fcb1f5b0249d1069e5bdc66d0796f26afc0.jpg?1787861268,Crystal,185,4,SAM
Rinfia Rint,24291060,194,184,Durandal,Gaia,1586,0,a0d48d9035ce8cb65db8d80e6f885428_806ea5b45071d5cd6bf393e38462ee71fc0.jpg?1787860927,Crystal,199,12,WHM
Shamia Lafihna,19352479,195,185,Hades,Mana,1586,0,d0039c35e86ce2926331c5c708ef39f6_a4730651230dd43cb129562a30d531aefc0.jpg?1787860500,Crystal,71,0,VPR
Sweetbleed Viras,56084804,196,187,Ridill,Gaia,1585,0,98404495f2c5b2af87b2eb9ff9b3aaf0_138751880f18161a907d7cf0faa43f07fc0.jpg?1787859836,Crystal,151,0,RPR
Ursula Hackenschmidt,42648090,197,188,Fenrir,Gaia,1584,0,a665d50be7723b1660e54e045bb7a2fe_d384cf5ad7db803f29799f36ebbc3eadfc0.jpg?1787862959,Crystal,34,0,PLD
Kageto Magatsuki,36052369,198,241,Ultima,Gaia,1580,199,c99eebd98f0729313042324985a6fc9a_9df1b3cb0da35db33c17ef11ddf12adafc0.jpg?1787862416,Crystal,46,4,VPR
Hina Narumi,36489169,199,189,Masamune,Mana,1575,0,b92b3bffbe6d8e1f5f53a1f3735c1387_134930215abb8a90ec37d6cc05b05e08fc0.jpg?1787860119,Crystal,59,0,DRG
Honey Cat,51251838,200,191,Ultima,Gaia,1565,0,c89504a579493fe83a6003536b5fcfdf_9df1b3cb0da35db33c17ef11ddf12adafc0.jpg?1787861836,Crystal,122,0,MCH
Hateful Past,26237856,201,192,Asura,Mana,1560,0,ed0c8f5d7b00b4c718fd834e96efdd7e_53f1445a9f28799a32ea55f046319fc3fc0.jpg?1787861882,Crystal,61,0,PLD
Aruku Babyun,7383311,202,193,Unicorn,Meteor,1558,0,c2fa4e98c1f4638d053218fa4c127b4c_393eb74047bb90c8d80dea54218430eefc0.jpg?1787860870,Crystal,199,9,WAR
Mitui Aset,29908583,203,194,Zeromus,Meteor,1554,0,03c5c419a0ed40508b02b7656c3bc1e1_c76848359d0b4d2f37aefbb9903ed97bfc0.jpg?1787862923,Crystal,383,12,NIN
Zukasa Yatoh,8768354,204,195,Typhon,Elemental,1547,0,4b9242a67c4aa4390facfa8e2028de4b_32d8c9c7cd5f62d62da2d31b6750a680fc0.jpg?1787862378,Crystal,161,0,DRG
Deisia Touna,31397456,205,196,Mandragora,Meteor,1528,0,f9bdcbbd105a361017ee7dd26bde2ea6_ee738654add55c3d07ea92d8e108074cfc0.jpg?1787862535,Crystal,231,0,RDM
Hoshino Ai,47933529,206,197,Titan,Mana,1528,0,82bad71f761726aa0a737f36447d9f50_e2bb3f9679fec6d4836fcf8abcc3eeacfc0.jpg?1787860480,Crystal,55,0,DRG
Erik Bural,20508529,207,198,Hades,Mana,1512,0,2ca5bed0ca0e49f68c7ca14062e0bacc_a4730651230dd43cb129562a30d531aefc0.jpg?1787860472,Crystal,363,0,WHM
Notttz Imbrium,50270248,208,199,Titan,Mana,1509,0,58a87ecc9a18820b07646a481a8154a4_e2bb3f9679fec6d4836fcf8abcc3eeacfc0.jpg?1787862732,Crystal,57,0,SMN
Karewa Kare,53675376,209,200,Durandal,Gaia,1508,0,cbdbee91e564af7bf540b273708c9d13_806ea5b45071d5cd6bf393e38462ee71fc0.jpg?1787861885,Crystal,75,0,WHM
Hyunsik Lee,59757026,210,201,Typhon,Elemental,1506,0,d171f47402375bca99a35c72ebcb7e48_32d8c9c7cd5f62d62da2d31b6750a680fc0.jpg?1787860235,Crystal,77,19,DNC
Now Tarako,25271680,211,202,Belias,Meteor,1504,0,238a3ddced202809c65eaecd03eda2d1_894c4bd0beab2e2beb44b74f4c4bd206fc0.jpg?1787860418,Crystal,73,0,AST
Lily Skywaker,6792620,212,203,Ixion,Mana,1503,0,2a199e9346f375c2f2e814be59d0cf09_7126768d768f6c6c7fed3eaee98c3a8afc0.jpg?1787861104,Crystal,171,5,VPR
Comachi Dj,13425678,213,204,Hades,Mana,1503,0,4983bf5b31ed2764865b5fd4a01a64a5_a4730651230dd43cb129562a30d531aefc0.jpg?1787859569,Crystal,121,0,VPR
Noi Mini,43301677,214,0,Alexander,Gaia,1503,709,20f564ddd53bd362683edef0d0a11a4e_b7a71d8799cf6dd75b711a7f52de6675fc0.jpg?1787861286,Crystal,88,15,SAM
Nacreous Snowmelt,55586649,215,205,Asura,Mana,1500,0,2927bf8e620ad06dc8e1e74d7e3c071f_53f1445a9f28799a32ea55f046319fc3fc0.jpg?1787862826,Crystal,23,0,WAR
Taru Taro,25668590,216,0,Tiamat,Gaia,1498,804,b541a0a2f56c87b841eddbd08ea324d6_9f10d335198e90990f3437c5733468e7fc0.jpg?1787862450,Crystal,39,12,PLD
Yi Xiangfeng,57320880,217,228,Titan,Mana,1497,103,a98e604367a6e3fd017185877e3a9227_e2bb3f9679fec6d4836fcf8abcc3eeacfc0.jpg?1787860378,Crystal,36,3,MNK
In Darkness,58974244,218,206,Chocobo,Mana,1493,0,d7230442a7c392d7ef8e729a84ab3182_781d6b3603312f6be41670afa37282e0fc0.jpg?1787862346,Crystal,382,0,DRK
Boku Hide,61259881,219,207,Chocobo,Mana,1490,0,2405cc4b75108a1384180ce7bafc3b98_781d6b3603312f6be41670afa37282e0fc0.jpg?1787861259,Crystal,59,0,UNK
Ame Azarashi,23141823,220,208,Durandal,Gaia,1490,0,3169ff74c51973a08f1b5c47026339a9_806ea5b45071d5cd6bf393e38462ee71fc0.jpg?1787861250,Crystal,32,0,GNB
Happy Gigapanda,29631468,221,209,Belias,Meteor,1488,0,d689aa402e0869833ed03b58aa3396a8_894c4bd0beab2e2beb44b74f4c4bd206fc0.jpg?1787862016,Crystal,107,0,SAM
Tur Vi,29441650,222,211,Ixion,Mana,1486,0,c25db65c8bbbbc541970e309edde5c7b_7126768d768f6c6c7fed3eaee98c3a8afc0.jpg?1787861966,Crystal,23,0,MNK
Luna Nana,41082381,223,212,Typhon,Elemental,1485,0,35d0842e516aa886b3d925659c693234_32d8c9c7cd5f62d62da2d31b6750a680fc0.jpg?1787860899,Crystal,119,0,BRD
Ardlan Vorlesh,45102526,224,213,Asura,Mana,1481,0,04bfc027079d355fc717e8ec9a4b5f9e_53f1445a9f28799a32ea55f046319fc3fc0.jpg?1787862658,Crystal,92,2,DRG
Blari Taraba,29682913,225,214,Ultima,Gaia,1481,0,8715585bf23b1871520e0b6c478fa049_9df1b3cb0da35db33c17ef11ddf12adafc0.jpg?1787859630,Crystal,86,0,ALC
Ui Thrix,39291749,226,243,Chocobo,Mana,1475,94,08b70654c7812f561afc700e0756319a_781d6b3603312f6be41670afa37282e0fc0.jpg?1787859493,Crystal,44,5,WAR
Vir Sanctus,38437893,227,216,Asura,Mana,1469,0,e0afc9c178de541c5ba8a1afafa4bb02_53f1445a9f28799a32ea55f046319fc3fc0.jpg?1787859474,Crystal,54,0,MCH
Smol Despair,46030499,228,252,Kujata,Elemental,1453,113,fa02f92ff876436157f679735d22c53c_72c48f093f2278ac3243962d3eb6a8d7fc0.jpg?1787860661,Crystal,120,6,AST
Lala Ruru,23370112,229,217,Hades,Mana,1442,0,52987a3ea9f860f9522e49f36a51fcdf_a4730651230dd43cb129562a30d531aefc0.jpg?1787861949,Crystal,212,0,WHM
Mao Niang,52828242,230,218,Ramuh,Meteor,1418,0,8d9afe0653c54c1b87570b3e2bbd4aad_410ddb5a66a2fcacf538bec5ea5d0291fc0.jpg?1787861383,Crystal,85,0,DRG
Battoh Nuko,1022118,231,290,Durandal,Gaia,1417,211,bdbb91b8d6d4eaa2d99a4a18d13153cb_806ea5b45071d5cd6bf393e38462ee71fc0.jpg?1787862190,Crystal,51,7,DRG
Diao Tiandi,56776774,232,219,Ixion,Mana,1408,0,d3f8787a245e6cabd6ee8065c6eeefb5_7126768d768f6c6c7fed3eaee98c3a8afc0.jpg?1787859559,Crystal,97,13,AST
Maplesyrup Hunnyhunt,5036291,233,220,Unicorn,Meteor,1401,0,30c7709ed0a59cb5eb0c9201d62deb82_393eb74047bb90c8d80dea54218430eefc0.jpg?1787859450,Crystal,104,1,MNK
Anoma Loris,44038350,234,221,Valefor,Meteor,1401,0,57b0094511d082e7e7e8203d850b4159_485f4777c38002871591fb54f27edc65fc0.jpg?1787862127,Crystal,86,6,SGE
Syaharu Rau,42277277,235,0,Ultima,Gaia,1400,406,2fc2311e22f50bf5f2604260eee05be9_9df1b3cb0da35db33c17ef11ddf12adafc0.jpg?1787861959,Crystal,40,7,DRG
Aria Canon,1030539,236,222,Pandaemonium,Mana,1399,0,c643f10c86a1dec8fe0358a24454dab6_470db1bf2e865f9130531fea40b61ee4fc0.jpg?1787861379,Crystal,195,4,SMN
En Avant,46371551,237,223,Belias,Meteor,1399,0,d6c3784f3b06c119ae16dd725e2a2b6e_894c4bd0beab2e2beb44b74f4c4bd206fc0.jpg?1787861472,Crystal,119,1,GNB
Super Gal,52139020,238,226,Bahamut,Gaia,1396,0,2a20ce1a576737898f3290324b402cd6_86da943caa70c8694707ab2ff74e68c9fc0.jpg?1787861740,Crystal,288,6,RDM
Sylphiette Luglia,13255770,239,227,Ultima,Gaia,1394,0,50ff78ae7a4200bc288765aa81af5849_9df1b3cb0da35db33c17ef11ddf12adafc0.jpg?1787861746,Crystal,140,0,MNK
Evariste Galois,58660135,240,229,Chocobo,Mana,1392,0,7f835ad51f7703d8c7d073fc750b8987_781d6b3603312f6be41670afa37282e0fc0.jpg?1787861399,Crystal,72,0,UNK
Go Mee,19423327,241,230,Ifrit,Gaia,1391,0,a075edbb8331e7e875aae500a9e7a435_f9f796348bc43067c7242ec4551cde69fc0.jpg?1787861330,Crystal,68,0,GNB
Nina Vailu,50599787,242,231,Yojimbo,Meteor,1390,0,0a657d81c5b867d2f49d51382bc7b94c_4a92c619bde4f34cfa77e05fef21ad85fc0.jpg?1787861920,Crystal,116,0,DNC
Syake Dog-nyan,1616788,243,232,Bahamut,Gaia,1390,0,39b434160e1c215835c854cb7a564018_86da943caa70c8694707ab2ff74e68c9fc0.jpg?1787860976,Crystal,76,0,DRK
Aster Sion,3717138,244,233,Valefor,Meteor,1389,0,bb0aa6be216055a36aa59e813ca0ebdb_485f4777c38002871591fb54f27edc65fc0.jpg?1787859813,Crystal,41,0,DRK
Avaron Ninesisters,1584314,245,234,Tiamat,Gaia,1387,0,5c1970240f5e1f80ffabdd3988080f5e_9f10d335198e90990f3437c5733468e7fc0.jpg?1787861759,Crystal,172,5,WHM
Royce Farrell,16260248,246,235,Tiamat,Gaia,1387,0,dc9ad81c6df424c2b17bd56da6b0cc85_9f10d335198e90990f3437c5733468e7fc0.jpg?1787862800,Crystal,59,0,RPR
Oracle Trezavejo,15712017,247,236,Bahamut,Gaia,1386,0,b4aa7ecb29192073338a2cc53603b062_86da943caa70c8694707ab2ff74e68c9fc0.jpg?1787859737,Crystal,93,0,SMN
Mily Sara,23911809,248,237,Aegis,Elemental,1385,0,19086b376708852503d1ac9c2b293b8c_3ea38e723c590aabf186367e1eb7e6a1fc0.jpg?1787861277,Crystal,219,35,MCH
Sana Papa,44925625,249,238,Ramuh,Meteor,1384,0,6a2d4e251458356b738142d6b0653c03_410ddb5a66a2fcacf538bec5ea5d0291fc0.jpg?1787863021,Crystal,40,0,MCH
Surt Albert,36791487,250,0,Carbuncle,Elemental,1384,293,8a235875533c6a7a42c502326fca8981_9eb3c19866f7ae0eeeffac7bf770aba5fc0.jpg?1787862923,Crystal,28,9,SGE
Save Metaru,4884743,251,239,Titan,Mana,1383,0,9a955c2a6fd15f44207aa0dbedbb58f0_e2bb3f9679fec6d4836fcf8abcc3eeacfc0.jpg?1787862934,Crystal,31,0,SGE
Konegai Konegai,3277232,252,240,Masamune,Mana,1382,0,3a445dba3d4d2882c60b55a59669971b_134930215abb8a90ec37d6cc05b05e08fc0.jpg?1787862327,Crystal,164,0,MCH
Zero No'name,24180515,253,241,Titan,Mana,1381,0,3f2ec2a99605ed4d05ef0e5bc0f3b8d4_e2bb3f9679fec6d4836fcf8abcc3eeacfc0.jpg?1787861603,Crystal,42,0,PLD
San Sowa,35604125,254,244,Ridill,Gaia,1379,0,c5fbf3709fd6b4c8fba74f67e0820609_138751880f18161a907d7cf0faa43f07fc0.jpg?1787861398,Crystal,241,0,UNK
Jake Emethart,30406074,255,245,Alexander,Gaia,1378,0,0bb538c469f634e7e8b6453518a8df60_b7a71d8799cf6dd75b711a7f52de6675fc0.jpg?1787859955,Crystal,86,0,RPR
Odwit Vendisch,42078574,256,246,Aegis,Elemental,1376,0,16b22e919d37aaeda97dfa361cf8659d_3ea38e723c590aabf186367e1eb7e6a1fc0.jpg?1787859882,Crystal,355,0,UNK
Star Chaserrrr,60248723,257,247,Ultima,Gaia,1375,0,7ea1d361c68c068f551d54d771f334dc_9df1b3cb0da35db33c17ef11ddf12adafc0.jpg?1787862459,Crystal,99,26,UNK
Lhei Tayun,55776060,258,249,Chocobo,Mana,1366,0,d1e1c509f0fac227ceada972ddb424d4_781d6b3603312f6be41670afa37282e0fc0.jpg?1787860434,Crystal,66,0,BLM
Shi Syou,5023543,259,250,Atomos,Elemental,1364,0,d930c67636980aa5cc10bd814bdc2dbd_cf768a751b1f5e355c2fd39a9ed91f3ffc0.jpg?1787860686,Crystal,121,1,MCH
Rariboy Xx,4660025,260,251,Garuda,Elemental,1356,0,80b036f210d47467413b630ce1537551_fcb1f5b0249d1069e5bdc66d0796f26afc0.jpg?1787861778,Crystal,94,12,MCH
Iz Levmel,17594950,261,281,Garuda,Elemental,1339,117,9e457ec4068931e92288544db8499aae_fcb1f5b0249d1069e5bdc66d0796f26afc0.jpg?1787860661,Crystal,148,9,AST
Kid Whew,62106062,262,0,Aegis,Elemental,1336,228,798e57e3e43ece4b4a8d6028b89dcfe3_3ea38e723c590aabf186367e1eb7e6a1fc0.jpg?1787860133,Crystal,105,22,SAM
Nyaruga Kyuruga,4962287,263,255,Atomos,Elemental,1331,12,fb555ad539f0f8689a39c65513b388b2_cf768a751b1f5e355c2fd39a9ed91f3ffc0.jpg?1787861653,Crystal,123,5,WAR
Rius Celma,2593636,264,253,Gungnir,Elemental,1325,0,0cd92976f9846763acada5649dcee812_8f82f937943b6baf4c565020d5eba0ccfc0.jpg?1787859965,Crystal,146,8,RDM
Karma Strife,3816037,265,254,Chocobo,Mana,1325,0,7a25293b17ff84c0c64a519d1fc09720_781d6b3603312f6be41670afa37282e0fc0.jpg?1787859462,Crystal,82,0,MNK
Choi Choi,21476713,266,282,Ridill,Gaia,1318,100,eb5761358ba215960780a48c39d26cbf_138751880f18161a907d7cf0faa43f07fc0.jpg?1787861941,Crystal,163,14,VPR
Ichigo Jasmine,57027122,267,256,Shinryu,Meteor,1309,0,17fae3561e1e77d262d93652dbd0bdc4_87b7d447f40b06dfc7228caf195f7dcffc0.jpg?1787861044,Crystal,45,0,DNC
Hal Mooncalf,1608068,268,0,Pandaemonium,Mana,1305,297,1442db9b14570e549c8f8dd3c9652403_470db1bf2e865f9130531fea40b61ee4fc0.jpg?1787861354,Crystal,25,3,RDM
Maru Fleur,39475833,269,257,Hades,Mana,1304,0,7a1bf315cc0f4ac30d41db1ed80d9048_a4730651230dd43cb129562a30d531aefc0.jpg?1787862596,Crystal,159,0,BRD
Atai Ikuyo,4875570,270,258,Titan,Mana,1304,0,12a0ba7f14e1c5c5942f18c9c8e760b2_e2bb3f9679fec6d4836fcf8abcc3eeacfc0.jpg?1787861417,Crystal,60,1,VPR
Lili Lehua,27944338,271,259,Masamune,Mana,1301,0,056c488a78bcafadc030f4e9c9592b5a_134930215abb8a90ec37d6cc05b05e08fc0.jpg?1787859685,Crystal,111,2,SGE
Elu Acknowless,58699844,272,260,Mandragora,Meteor,1300,0,60c2649fe79faac79d3e7ac948084121_ee738654add55c3d07ea92d8e108074cfc0.jpg?1787862130,Crystal,278,0,RDM
Alqa Mar,39507968,273,0,Ramuh,Meteor,1298,197,8aca13da51dbc7d45ed47e52f57fb53e_410ddb5a66a2fcacf538bec5ea5d0291fc0.jpg?1787860178,Crystal,34,4,WAR
Primlock Griffyn,37385266,274,261,Tonberry,Elemental,1297,0,89c0dfc59ff658981baaccf8c8d2b22b_7bb6b1e488f0e4f01c5314d010b60f31fc0.jpg?1787860692,Crystal,100,10,VPR
Amelia Italdesign,51410766,275,262,Ifrit,Gaia,1296,0,428f40c7e5828cf142dc63f199dc177c_f9f796348bc43067c7242ec4551cde69fc0.jpg?1787861518,Crystal,42,6,WAR
Lilium Arihi,28259742,276,263,Bahamut,Gaia,1294,0,fa8d96ac3ef3a5f3b2fcd65c0f5508c0_86da943caa70c8694707ab2ff74e68c9fc0.jpg?1787860542,Crystal,116,3,DNC
Chiaki Nanami,43953309,277,264,Titan,Mana,1293,0,82751b490967f6572406e72b39592925_e2bb3f9679fec6d4836fcf8abcc3eeacfc0.jpg?1787860226,Crystal,21,0,PCT
Ruglia Obrien,1099057,278,266,Masamune,Mana,1292,0,9fd45de12b0555b6eec1eda137762381_134930215abb8a90ec37d6cc05b05e08fc0.jpg?1787860778,Crystal,153,15,DRG
Rebecca Miyamoto,1030969,279,265,Masamune,Mana,1292,0,256a66f24613cb496dae31eb2270d226_134930215abb8a90ec37d6cc05b05e08fc0.jpg?1787861198,Crystal,151,0,MCH
Momo Hito,39797602,280,267,Yojimbo,Meteor,1292,0,8d799e9e2471cc9ce1eb0d9ee9e83ee6_4a92c619bde4f34cfa77e05fef21ad85fc0.jpg?1787859429,Crystal,64,0,DNC
Nana Degu,42551273,281,268,Asura,Mana,1292,0,f0ca36e4824faa31992738bb368e803c_53f1445a9f28799a32ea55f046319fc3fc0.jpg?1787862334,Crystal,33,0,CUL
Teka Etoile,25627481,282,269,Durandal,Gaia,1288,0,20c4e02c3b7c11c6ceb68582c409ceb9_806ea5b45071d5cd6bf393e38462ee71fc0.jpg?1787859461,Crystal,155,1,WHM
Gobou Mekara,16295932,283,270,Chocobo,Mana,1288,0,b0b05a15f0e0132f73d76efb146bb255_781d6b3603312f6be41670afa37282e0fc0.jpg?1787861941,Crystal,121,0,CUL
Kyo Twilight,30343517,284,271,Ifrit,Gaia,1288,0,6defc9436b918d5f2bdbfb72c3e4d06e_f9f796348bc43067c7242ec4551cde69fc0.jpg?1787861216,Crystal,41,0,BRD
Ezorisu Kawaii,51560730,285,272,Titan,Mana,1286,0,7675cffdccbd9f4ab08148da1ec78753_e2bb3f9679fec6d4836fcf8abcc3eeacfc0.jpg?1787861146,Crystal,157,0,UNK
Pina Mini,51164343,286,273,Chocobo,Mana,1286,0,7258ed0d45dcb9d06d0fa94dcbfa778b_781d6b3603312f6be41670afa37282e0fc0.jpg?1787859432,Crystal,123,1,UNK
Oriental Art,1070191,287,274,Chocobo,Mana,1284,0,d31830cb71830b425529f231f39e776b_781d6b3603312f6be41670afa37282e0fc0.jpg?1787859451,Crystal,335,0,DRG
Extra Mage,26831533,288,275,Garuda,Elemental,1283,0,aed9bb13f4dad6a80690e4d58ee69af3_fcb1f5b0249d1069e5bdc66d0796f26afc0.jpg?1787862854,Crystal,23,0,PLD
Mame Poporu,22836070,289,0,Ixion,Mana,1282,202,a886d90317b0e4205db7046757e57e53_7126768d768f6c6c7fed3eaee98c3a8afc0.jpg?1787862865,Crystal,40,5,MCH
Yunaneko Supira,25194794,290,0,Ultima,Gaia,1277,97,c0bc711bf1246d0da5eda5edf888392b_9df1b3cb0da35db33c17ef11ddf12adafc0.jpg?1787859548,Crystal,74,8,UNK
Hyde Suta,3129505,291,276,Carbuncle,Elemental,1273,0,4535742390448a5e3b926ce9d7f18056_9eb3c19866f7ae0eeeffac7bf770aba5fc0.jpg?1787859511,Crystal,109,2,AST
Aran Tyler,47478713,292,277,Zeromus,Meteor,1269,0,601da8267e6037e1adc37928f1ab982b_c76848359d0b4d2f37aefbb9903ed97bfc0.jpg?1787862765,Crystal,90,0,SAM
Rocket Chan,50900360,293,278,Ixion,Mana,1232,0,d2030f1358523e62231fffc0004f1ae9_7126768d768f6c6c7fed3eaee98c3a8afc0.jpg?1787861063,Crystal,59,0,UNK
Kinq-of- Platinum,48727904,294,279,Gungnir,Elemental,1226,0,3c8d43a875a038c5fbf54250da8a5442_8f82f937943b6baf4c565020d5eba0ccfc0.jpg?1787861980,Crystal,153,3,DRG
Endless Summer,36558820,295,280,Tiamat,Gaia,1224,0,0079a66433e68b1f473c7487944a4d3d_9f10d335198e90990f3437c5733468e7fc0.jpg?1787861547,Crystal,136,12,SCH
On Mang,62019472,296,283,Durandal,Gaia,1215,1,d13ff55b4a5b4f170a918c2d098e7840_806ea5b45071d5cd6bf393e38462ee71fc0.jpg?1787859694,Crystal,174,12,DRK
Alisha A'lisha,22587475,297,284,Valefor,Meteor,1214,0,8d066e8b8c9ac4ac15470748192e4e8f_485f4777c38002871591fb54f27edc65fc0.jpg?1787859887,Crystal,124,5,WHM
Lucie Blanc,4813641,298,285,Anima,Mana,1213,0,9c05760085153887cf9c52f28861be7c_2f698530a28d671d20278c8518c804c9fc0.jpg?1787861440,Crystal,98,0,AST
Teeteena Teena,50846425,299,286,Kujata,Elemental,1212,0,cf3af51a3535bb934dc9fab3e2db7e3a_72c48f093f2278ac3243962d3eb6a8d7fc0.jpg?1787861400,Crystal,207,0,DRG
Ritsu Nikuno,23932877,300,287,Alexander,Gaia,1209,0,5ce857706fb6e7f76dd30d1ef38e16f7_b7a71d8799cf6dd75b711a7f52de6675fc0.jpg?1787862280,Crystal,30,0,WAR
Miyu Moon,14522179,1,0,Mateus,Crystal,3756,0,3562f4cf44aad7d526acbf8fae3937b0_f0c52cc66e124fc2e641d7c21ab2ce79fc0.jpg?1787859869,Ultima,92,0,SAM
Pekora Meow,37421725,2,0,Leviathan,Primal,3385,0,dc85502f9baa330d5a15d3c0a6f002a0_a91aae52cff9ef65932db06b150ffd47fc0.jpg?1787859471,Ultima,232,0,MNK
Ahri Meow,42604315,3,0,Leviathan,Primal,3334,0,99498e3de5cc49aacddccc855d4ee19d_a91aae52cff9ef65932db06b150ffd47fc0.jpg?1787860604,Ultima,136,0,RDM
Legendary Ash,10855248,4,0,Faerie,Aether,3294,0,6fd699132806b61c9dcb8613c3ae11a3_0e336ff6ad415f47233f0aaf127feac0fc0.jpg?1787860886,Ultima,117,0,PCT
Azure Balmung,17864089,5,0,Gilgamesh,Aether,3079,0,5456a33c0abb12eab1bf88281486246e_b937560c841465f7c4bc8eb47ea7948afc0.jpg?1787861370,Ultima,59,0,RPR
Tomo Kote,38176817,6,0,Gilgamesh,Aether,3074,0,e5d7502ad7f21874552a4fc21553ee9e_b937560c841465f7c4bc8eb47ea7948afc0.jpg?1787861647,Ultima,243,0,MNK
Meteor Moon,29693876,7,0,Rafflesia,Dynamis,3072,0,7f262df9422aa27c9dd850d004812561_2783886613347a4db0bed7524de1298ffc0.jpg?1787862866,Ultima,279,0,SGE
Artesia Saeyrs,2957946,8,0,Sargatanas,Aether,3061,0,e1a9c389a8110feceacc91a730bfc558_ba22853447012a24cee115315d6a5bebfc0.jpg?1787862944,Ultima,58,0,MIN
Hollow Bastion,56455630,9,0,Rafflesia,Dynamis,3057,0,1f48f716d376c4c54dbbeedac9f01255_2783886613347a4db0bed7524de1298ffc0.jpg?1787859999,Ultima,78,0,UNK
Crow Meow,54328117,10,16,Jenova,Aether,3055,397,7eded062751a7f80f7f3d9fbe0ab8e34_ce736afe35e2ded4e46c4fd0659aef7efc0.jpg?1787861513,Ultima,80,6,WHM
Emi Meow,44729199,11,13,Siren,Aether,2996,289,39fec9b8eaf71c699797cd15ef87009b_58a84e851e55175d22158ca97af58a1ffc0.jpg?1787861265,Omega,74,14,MNK
Cyphos Ultimus,2288366,12,10,Balmung,Crystal,2896,0,b980cc0ff24da63437a59ef78df763c0_7a573cbc0cda3a3dfc1795cb3d9f7b23fc0.jpg?1787862170,Omega,144,0,RPR
Sanahi Keto,57330112,13,11,Hyperion,Primal,2819,0,6531a5f5216bf8e7efcdcf26e24615cb_57ae9ee5592123dd79c8912bf768cf99fc0.jpg?1787862465,Omega,280,8,AST
Barock Obama,52411158,14,12,Siren,Aether,2787,0,05a5459925b46dd9d074e273b24d5d27_58a84e851e55175d22158ca97af58a1ffc0.jpg?1787859561,Omega,381,25,MNK
Merlin Emryss,9605720,15,14,Faerie,Aether,2684,0,87179f28ae17956a4d43567dadf6ea60_0e336ff6ad415f47233f0aaf127feac0fc0.jpg?1787861336,Omega,165,0,MNK
Mac Arena,21560395,16,49,Adamantoise,Aether,2675,979,30fa962580974874808d1a8b67407ebb_1f5fd239b885860b7c2bfc72ad1d97effc0.jpg?1787861483,Omega,44,15,PLD
Kairi Rune,28236760,17,15,Hyperion,Primal,2664,0,ce129fc5d83b1472a349e0e1053aee02_57ae9ee5592123dd79c8912bf768cf99fc0.jpg?1787861345,Omega,272,10,WAR
Local-area Network,28168413,18,19,Cactuar,Aether,2606,96,5181fed39656c5cf1dc247fe1bf97832_96ab1df8877c1f8ba6a89a39cccfd437fc0.jpg?1787859733,Omega,53,2,SAM
Azar Kaveh,16748899,19,17,Mateus,Crystal,2584,0,1d25f3d1883510d8fd010504471516b8_f0c52cc66e124fc2e641d7c21ab2ce79fc0.jpg?1787862412,Omega,511,15,SAM
Fye Alanyk,48751064,20,18,Diabolos,Crystal,2517,0,d605d68b88b347dfdb8a9b9e6c3539d6_7b33d33ae3ecb996f778a5f67a6a0af6fc0.jpg?1787862912,Omega,332,10,AST
Lucio Harundo,4012099,21,31,Leviathan,Primal,2515,396,d042eff245eaa56c0b6989df68a99564_a91aae52cff9ef65932db06b150ffd47fc0.jpg?1787862355,Omega,371,8,WAR
Hrothmar Blackburns,28757856,22,34,Adamantoise,Aether,2425,402,ba6405bac0d5b1fb489962984f0d9fb9_1f5fd239b885860b7c2bfc72ad1d97effc0.jpg?1787860829,Omega,332,18,BLM
Pvp Badboy,38919488,23,20,Sargatanas,Aether,2421,0,8833f678967938d2e79b8d993021ce3f_ba22853447012a24cee115315d6a5bebfc0.jpg?1787860669,Omega,175,11,NIN
Ham Baga,28276994,24,21,Balmung,Crystal,2389,0,80672270fca68b3d3fa2f4c0b220427a_7a573cbc0cda3a3dfc1795cb3d9f7b23fc0.jpg?1787862378,Omega,221,23,SAM
Zypris Allsbane,13616095,25,22,Leviathan,Primal,2364,0,8194751bb802fcd9691a7ee558040836_a91aae52cff9ef65932db06b150ffd47fc0.jpg?1787859502,Omega,111,0,RPR
Rin Ruki,59858100,26,23,Exodus,Primal,2297,0,7ec8676537a0b3fff644be3f10ee7741_0cdf051c93865faa15cbc5cd3d2b69fbfc0.jpg?1787862885,Omega,94,0,UNK
Fulheart Grit,38212551,27,24,Balmung,Crystal,2273,0,4a4d99f967c37bf42bd739857921e360_7a573cbc0cda3a3dfc1795cb3d9f7b23fc0.jpg?1787862137,Omega,105,1,MCH
Size Difference,33536390,28,25,Sargatanas,Aether,2271,0,770b5bd32a40e292765490f8e46eaf60_ba22853447012a24cee115315d6a5bebfc0.jpg?1787862986,Omega,190,0,MNK
Olivia Lugria,15149290,29,26,Sargatanas,Aether,2264,0,c230658574a9dc12a4eb6fae2e16ceb4_ba22853447012a24cee115315d6a5bebfc0.jpg?1787861327,Omega,236,3,NIN
Vittorio Moretti,61421815,30,27,Diabolos,Crystal,2263,0,8c11f65c791a4f39ba7c716aeb6bc8d9_7b33d33ae3ecb996f778a5f67a6a0af6fc0.jpg?1787862666,Omega,148,0,RDM
Terro Beoulve,45682109,31,28,Coeurl,Crystal,2211,0,5c8262e03844a30a89d0d2374247f03c_284358f8eb4efc9095914e46798c6ab3fc0.jpg?1787861396,Omega,153,0,VPR
Rae Rea,58956664,32,29,Adamantoise,Aether,2194,0,72766cccd8c79e6afd3055accfc559fa_1f5fd239b885860b7c2bfc72ad1d97effc0.jpg?1787862478,Omega,36,0,DNC
Suhr Zarek,8876676,33,30,Balmung,Crystal,2129,0,c09e4087ccb76545f31b81fa5ca01485_7a573cbc0cda3a3dfc1795cb3d9f7b23fc0.jpg?1787860845,Omega,353,24,PLD
Sanguinius Smolblood,33489157,34,32,Kraken,Dynamis,2078,0,461663ac9dfac06c5d61bc05d26ae652_049a956dfeb0eb2e19c417a1dde4d680fc0.jpg?1787861735,Omega,180,0,DRK
Gongsun Qerel,38059779,35,33,Mateus,Crystal,2063,0,015ef2d1ef8f18b0cf7fa0e646fa2d12_f0c52cc66e124fc2e641d7c21ab2ce79fc0.jpg?1787861114,Omega,181,8,VPR
Yua Churu,57865436,36,35,Goblin,Crystal,2002,0,f101295546bd5a2b87478407b6d55ffd_8e81e2940511f7152ba4462fe53e35b8fc0.jpg?1787859634,Omega,101,9,AST
Clara Green,44437004,37,36,Gilgamesh,Aether,1982,0,9fdf7ee98ab3c5eb9220a6d31f045135_b937560c841465f7c4bc8eb47ea7948afc0.jpg?1787860221,Omega,113,0,AST
Momo Meow,50898775,38,69,Siren,Aether,1909,396,6abf63b1f0755aa211bfd1dadc66e3b9_58a84e851e55175d22158ca97af58a1ffc0.jpg?1787859910,Omega,34,9,AST
J'heero Eshe,47050578,39,52,Lamia,Primal,1906,394,138c64290a6a358316c3dc27a53343ee_4d9be17b5e1edc617052b4dbf4007875fc0.jpg?1787861616,Omega,124,17,RPR
Air Azure,41482862,40,46,Rafflesia,Dynamis,1899,196,a32fc7c37974e2629ce594c455ff54a7_2783886613347a4db0bed7524de1298ffc0.jpg?1787859740,Omega,134,8,WHM
Kahlil Immortalis,22812670,41,37,Diabolos,Crystal,1890,0,0451aa29bd529c5d15b718b74c287dd2_7b33d33ae3ecb996f778a5f67a6a0af6fc0.jpg?1787862337,Omega,136,11,UNK
Bepsi Kola,41348459,42,38,Adamantoise,Aether,1879,0,cc3717bc9d9d5c90534918043bb3ba56_1f5fd239b885860b7c2bfc72ad1d97effc0.jpg?1787859725,Omega,185,0,DNC
Sylvie Chan,48678953,43,39,Brynhildr,Crystal,1846,0,14580705b6124b25ef19217300b4891f_d0a0f515a62457570c9b44997063e3c1fc0.jpg?1787862412,Omega,213,4,SGE
Yuseong Regilis,60222350,44,53,Exodus,Primal,1827,204,1c96ea3b1132f01c102abfff5ab289ec_0cdf051c93865faa15cbc5cd3d2b69fbfc0.jpg?1787860662,Omega,111,4,UNK
Fortune Days,44283538,45,40,Zalera,Crystal,1807,0,044cf6044387105edf58d48a910b1ae4_8106f857613f8fb994b0be37b26ff4bafc0.jpg?1787861994,Omega,78,0,MCH
Sparrow Hawk,50867063,46,41,Seraph,Dynamis,1790,0,1253b18a592d2d3c5133e9b86ab20c5a_07fb0511053f398d1f2d6831e6a6b4c8fc0.jpg?1787861017,Omega,71,0,SCH
Xiao Longbao,31670807,47,42,Excalibur,Primal,1787,0,b9d8562547d5b9d8e86054d9061c6a23_745baffc465480ed372e274d50318290fc0.jpg?1787860565,Omega,368,19,MIN
Suhr Zarek,41651606,48,43,Goblin,Crystal,1781,0,9a55a7c2b29a7a0b7de33b2fcc5a0411_8e81e2940511f7152ba4462fe53e35b8fc0.jpg?1787859751,Omega,64,0,MNK
Death Reaps,8773483,49,44,Balmung,Crystal,1771,0,265183f487ab7e0a5a5b3128ec29a82a_7a573cbc0cda3a3dfc1795cb3d9f7b23fc0.jpg?1787862107,Omega,157,2,BRD
Naomi Hakoma,13697124,50,45,Halicarnassus,Dynamis,1710,0,a6732f9cc34509a6761d618186e745fd_f2d324d722b28bbe681b2898bcdca8bffc0.jpg?1787860632,Omega,83,0,AST
Myu Meow,9691497,51,47,Leviathan,Primal,1703,0,d925a41776719d761c94e8e32e5e7a0f_a91aae52cff9ef65932db06b150ffd47fc0.jpg?1787860885,Omega,113,1,WHM
Show Maker,61843104,52,48,Kraken,Dynamis,1699,0,a2da8d9d3d95080eac0c8ad1975a70ac_049a956dfeb0eb2e19c417a1dde4d680fc0.jpg?1787861845,Omega,113,0,SMN
Kylis Pendragon,36050245,53,50,Balmung,Crystal,1685,0,6d0f4e4d3e36c9a4dd7fccd76f9effc3_7a573cbc0cda3a3dfc1795cb3d9f7b23fc0.jpg?1787862846,Omega,238,0,MNK
Marci Meow,54739620,54,51,Balmung,Crystal,1683,0,4ebc98a9ae6cf756ec75bc3db97f87f6_7a573cbc0cda3a3dfc1795cb3d9f7b23fc0.jpg?1787860060,Omega,78,0,DRG
Micro Uryade,37487800,55,54,Sargatanas,Aether,1622,0,d9df4db31e4d391c99006db3caa4b5f9_ba22853447012a24cee115315d6a5bebfc0.jpg?1787861878,Omega,189,0,DRK
Azureal Grandeur,20448737,56,55,Marilith,Dynamis,1615,0,fa989d1d00d58fc1b4171abefb5e22b7_bbfb28d5a9059cd0c768daf77ab29982fc0.jpg?1787861298,Omega,191,0,PCT
Labrys Roux,31449732,57,56,Ultros,Primal,1609,0,b78d649d03beba97a36fa9eebc98afc4_c514cdcdb619439df97d906d4434ccc6fc0.jpg?1787861816,Omega,125,0,AST
Raphtalia Solari,8126326,58,57,Adamantoise,Aether,1602,0,baeca36f0f50dbb796496ea18e58ee30_1f5fd239b885860b7c2bfc72ad1d97effc0.jpg?1787859903,Omega,105,0,SGE
Kris Lhea,39204335,59,58,Mateus,Crystal,1602,0,982639accd39a2021d8f112bb5e763df_f0c52cc66e124fc2e641d7c21ab2ce79fc0.jpg?1787862384,Omega,59,0,BRD
Josh Trigiani,6965228,60,59,Lamia,Primal,1595,0,22f547722b0454bc3b30d7f6a8ac5b0a_4d9be17b5e1edc617052b4dbf4007875fc0.jpg?1787862277,Omega,42,0,WHM
The Feast,46586541,61,60,Behemoth,Primal,1592,0,db9e7409cc816f51307405b49c8b5713_be20385e18333edb329d4574f364a1f0fc0.jpg?1787861465,Omega,81,0,UNK
Orpheus Laine,29851207,62,102,Gilgamesh,Aether,1591,502,5939235fbb052c79392d334cce14ca00_b937560c841465f7c4bc8eb47ea7948afc0.jpg?1787862081,Omega,69,12,BLM
Saraliah Dawnbringer,21371539,63,61,Coeurl,Crystal,1588,0,6cef2d612818607782b7fbc356526664_284358f8eb4efc9095914e46798c6ab3fc0.jpg?1787862298,Omega,39,0,SAM
Sovereign Phil,14314725,64,62,Goblin,Crystal,1586,0,acf642268567c66b82aaf11114198670_8e81e2940511f7152ba4462fe53e35b8fc0.jpg?1787860942,Omega,31,0,SGE
Mavis Enyo,14769968,65,63,Excalibur,Primal,1578,0,00bced457c7cea8ae968197c61367bed_745baffc465480ed372e274d50318290fc0.jpg?1787861015,Omega,37,0,RDM
Lia Kiri,52292388,66,64,Lamia,Primal,1577,0,297469abea049ff5cfb98af6fe45176f_4d9be17b5e1edc617052b4dbf4007875fc0.jpg?1787860462,Omega,77,0,MNK
Air Weaver,12424525,67,65,Coeurl,Crystal,1564,0,06474f472310d759766363e8e8f53b3f_284358f8eb4efc9095914e46798c6ab3fc0.jpg?1787859827,Omega,62,0,PLD
Gio Vanna,33440191,68,66,Adamantoise,Aether,1546,0,7d1d14338474ce900c0581dbd778d321_1f5fd239b885860b7c2bfc72ad1d97effc0.jpg?1787862358,Omega,77,0,SGE
Bisukito Neko,32261082,69,67,Zalera,Crystal,1522,0,3462c7ee2de7556ca86498dc5214a7fb_8106f857613f8fb994b0be37b26ff4bafc0.jpg?1787860133,Omega,56,0,UNK
Zeta Salazar,44375733,70,68,Midgardsormr,Aether,1520,0,4be3c205f3892cdbc09e8417ad6dbb68_5c8ecfbc673e1287a9b5e85423fe1657fc0.jpg?1787861127,Omega,204,0,NIN
Nemx Eisenhorn,2244246,71,70,Excalibur,Primal,1512,0,8d22c9821683049e16868ac1de65df41_745baffc465480ed372e274d50318290fc0.jpg?1787860736,Omega,104,0,RDM
Navori Valois,48622291,72,71,Adamantoise,Aether,1504,0,4facdc408c9ad771bc52001d3c82fa9f_1f5fd239b885860b7c2bfc72ad1d97effc0.jpg?1787860147,Omega,91,10,UNK
P'roto Idola,35374628,73,72,Brynhildr,Crystal,1503,0,a91ad9e8c6c6ddb0905cd9aa6cede8e3_d0a0f515a62457570c9b44997063e3c1fc0.jpg?1787861590,Omega,95,7,SGE
Fire Strike,52397705,74,73,Kraken,Dynamis,1480,0,b9c1021d4aa2ae66682e7904857161ed_049a956dfeb0eb2e19c417a1dde4d680fc0.jpg?1787859501,Crystal,66,0,RDM
Kasai Kage,21886030,75,74,Adamantoise,Aether,1398,0,6835735c490425c8a49d6889308a3484_1f5fd239b885860b7c2bfc72ad1d97effc0.jpg?1787862407,Crystal,39,0,NIN
Gidding Mimid,9835761,76,75,Exodus,Primal,1394,0,97296d489ec3afb5d7c65e3c6fa7fc05_0cdf051c93865faa15cbc5cd3d2b69fbfc0.jpg?1787862013,Crystal,231,0,NIN
Norma Jeannie,28105106,77,76,Jenova,Aether,1390,0,bff6f64f1e9dd700a962c74db4bf4812_ce736afe35e2ded4e46c4fd0659aef7efc0.jpg?1787862330,Crystal,69,0,WAR
Dandy Lyon,9088850,78,77,Leviathan,Primal,1379,0,5e652518b4930ff5cb411a5818760318_a91aae52cff9ef65932db06b150ffd47fc0.jpg?1787859945,Crystal,75,0,NIN
Ninety-nine Agility,43878532,79,78,Famfrit,Primal,1367,0,07309ebd18b321f5df47f9ab79049d40_fce4949e615393e574f2d57134b31fc1fc0.jpg?1787861931,Crystal,42,0,RPR
Haha Unless,35825889,80,79,Faerie,Aether,1355,0,3c249691791cbe0f2fb3ccc230c9a4e4_0e336ff6ad415f47233f0aaf127feac0fc0.jpg?1787862167,Crystal,95,14,DNC
Big Three,47754584,81,87,Zalera,Crystal,1351,97,ef1725c11b5e975338a0b9d2fccdabfe_8106f857613f8fb994b0be37b26ff4bafc0.jpg?1787861731,Crystal,113,1,WAR
Rhiki Nelhah,29582811,82,80,Balmung,Crystal,1309,0,0ad8b0bcd2e47e8bf6c0716959820415_7a573cbc0cda3a3dfc1795cb3d9f7b23fc0.jpg?1787861220,Crystal,113,9,UNK
Lazy Bear,39566180,83,81,Faerie,Aether,1298,0,a07cf0c35d5a78a5a1b9ca16d6f41803_0e336ff6ad415f47233f0aaf127feac0fc0.jpg?1787861198,Crystal,172,3,MNK
Shimori Bunihara,50186185,84,82,Kraken,Dynamis,1298,0,c7cd2842a29701e0963bf6d156392014_049a956dfeb0eb2e19c417a1dde4d680fc0.jpg?1787861394,Crystal,58,0,PLD
Kuina Kagetsu,36802695,85,83,Ultros,Primal,1286,0,dd8ffbe11c53ea988c605c9c24157c59_c514cdcdb619439df97d906d4434ccc6fc0.jpg?1787859892,Crystal,86,0,AST
Aerika Meow,27836279,86,84,Faerie,Aether,1285,0,cefa16e18644e0b625a0d52d2df514b9_0e336ff6ad415f47233f0aaf127feac0fc0.jpg?1787860056,Crystal,32,0,DNC
Finch Curador,30712387,86,84,Leviathan,Primal,1285,0,a7767d35320b852f509e7dd68b0151d4_a91aae52cff9ef65932db06b150ffd47fc0.jpg?1787859685,Crystal,32,0,BLM
Skyanar Tyrunas,42486942,88,86,Siren,Aether,1278,0,ba17697df023a58dbdba8be74f3894f2_58a84e851e55175d22158ca97af58a1ffc0.jpg?1787862781,Crystal,159,13,PLD
La Bubu,26625120,89,88,Diabolos,Crystal,1207,0,733d34df72366760c6f44581681c9088_7b33d33ae3ecb996f778a5f67a6a0af6fc0.jpg?1787862324,Crystal,115,0,DRG
Fyoriah Aliapoh,44734635,90,89,Faerie,Aether,1204,0,298901c71b421faa4612e0bbd9420820_0e336ff6ad415f47233f0aaf127feac0fc0.jpg?1787860856,Crystal,121,3,PCT
Neo Dymium,33030676,91,90,Seraph,Dynamis,1201,0,24be6098cf7acc2de169d92917d3299f_07fb0511053f398d1f2d6831e6a6b4c8fc0.jpg?1787861528,Crystal,52,0,WAR
Silanah Sylphrena,45709349,92,91,Faerie,Aether,1199,0,353d000e66ebf6b7715ff5998504f784_0e336ff6ad415f47233f0aaf127feac0fc0.jpg?1787862154,Crystal,36,0,RPR
Cain Molkoh,57323197,93,92,Goblin,Crystal,1189,0,889deea7b0b76edd744a2b6fb24a09a1_8e81e2940511f7152ba4462fe53e35b8fc0.jpg?1787860531,Crystal,146,0,MCH
Zaneko Yuneko,61640151,94,93,Goblin,Crystal,1182,0,e90101e9d13d827fb83b96932b2de05b_8e81e2940511f7152ba4462fe53e35b8fc0.jpg?1787860357,Crystal,78,0,SMN
Karl Rex,48615049,95,94,Siren,Aether,1179,0,a7f2129699ecb71e801871425b8cbc52_58a84e851e55175d22158ca97af58a1ffc0.jpg?1787862299,Crystal,259,0,FSH
Aesa Iys,59631795,96,95,Kraken,Dynamis,1168,0,60f73c621a5b6dec56728cc5466268c2_049a956dfeb0eb2e19c417a1dde4d680fc0.jpg?1787861257,Crystal,270,4,UNK
Yui Fins,46861659,97,96,Adamantoise,Aether,1122,0,477904411f28cfd029518422146e02f0_1f5fd239b885860b7c2bfc72ad1d97effc0.jpg?1787862699,Crystal,490,13,PLD
Velvet Mordio,11975584,98,97,Exodus,Primal,1116,0,78d6cff1cf5b31e96125819d9688bb5a_0cdf051c93865faa15cbc5cd3d2b69fbfc0.jpg?1787861051,Crystal,26,0,DRG
Anti Luminosity,53824427,99,98,Marilith,Dynamis,1107,0,345441c3ea324bf07484e7e6f1031ccc_bbfb28d5a9059cd0c768daf77ab29982fc0.jpg?1787862893,Crystal,209,10,RPR
Deadrise Mutambo,49340180,100,99,Diabolos,Crystal,1101,0,05829ade005fe971a894d48d18963c4f_7b33d33ae3ecb996f778a5f67a6a0af6fc0.jpg?1787860185,Crystal,76,0,NIN
Unit Chan,37998953,101,0,Jenova,Aether,1089,0,edbb6ab0cdf4eefcc524df286e3ff034_ce736afe35e2ded4e46c4fd0659aef7efc0.jpg?1787861450,Crystal,121,0,BRD
Aibertain Mando,32541700,102,103,Jenova,Aether,1076,0,8dec967ad48c9a703018a7445740a7f3_ce736afe35e2ded4e46c4fd0659aef7efc0.jpg?1787861598,Crystal,241,6,MCH
Vaal Hazak,26534863,103,104,Zalera,Crystal,1022,0,7c44a75a2f3d57a9cd3b86235340939b_8106f857613f8fb994b0be37b26ff4bafc0.jpg?1787860402,Crystal,160,2,GNB
Ryan Hoshiko,10323495,104,115,Lamia,Primal,1017,100,b8f720f05e5314618bc7341f856d075d_4d9be17b5e1edc617052b4dbf4007875fc0.jpg?1787861852,Crystal,58,1,PCT
Doomballoon Dapingus,19169037,105,0,Diabolos,Crystal,1017,0,e43cef91ca38a14de0e5bea2295ba9c0_7b33d33ae3ecb996f778a5f67a6a0af6fc0.jpg?1787861339,Crystal,55,0,BRD
Zithiel Bihrul,44613484,106,0,Faerie,Aether,1003,0,4abc29f0f384c794c1f6c7e7e60b8ed8_0e336ff6ad415f47233f0aaf127feac0fc0.jpg?1787861822,Crystal,168,0,ALC
No Buts,2234245,107,0,Zalera,Crystal,1003,0,0d8b9ae74f55ea0ba374fa7b38b48862_8106f857613f8fb994b0be37b26ff4bafc0.jpg?1787861967,Crystal,71,0,BRD
Nero Cor,51685882,108,0,Cactuar,Aether,1001,0,a53a1a6499997a089c36337bcc3ae46d_96ab1df8877c1f8ba6a89a39cccfd437fc0.jpg?1787862950,Crystal,96,0,RDM
F'ool Pr'oof,27802292,109,0,Behemoth,Primal,1001,0,07756f3cccf4cada3f3d40b5d44ef841_be20385e18333edb329d4574f364a1f0fc0.jpg?1787861201,Crystal,83,6,SMN
Kirishoto Azphina,7859003,110,0,Excalibur,Primal,999,0,c9689b4fc4af55f8366432b02c0ce55f_745baffc465480ed372e274d50318290fc0.jpg?1787861966,Crystal,60,0,WHM
Baka Bao,48974722,111,0,Gilgamesh,Aether,997,0,ef2247fb5724315ecd96d1ac9c5804b1_b937560c841465f7c4bc8eb47ea7948afc0.jpg?1787862700,Crystal,193,10,SAM
Adrianne Lehman,335503,112,0,Jenova,Aether,996,0,9487d4bc6332e7a22c323a4ee321ffa1_ce736afe35e2ded4e46c4fd0659aef7efc0.jpg?1787861858,Crystal,298,3,MNK
Raiden Meow,60049984,113,0,Halicarnassus,Dynamis,990,0,82a7874a19aee552f4a0f8ff2b663dff_f2d324d722b28bbe681b2898bcdca8bffc0.jpg?1787860997,Crystal,29,0,BRD
Keyleth Creed,45772844,114,0,Ultros,Primal,987,0,fafdc7854669343158328c3adeb0a3ae_c514cdcdb619439df97d906d4434ccc6fc0.jpg?1787860607,Crystal,29,0,UNK
Uki Yo,50106047,115,130,Adamantoise,Aether,983,104,75e9983a4dd07e7e5de0ed1ac11a23fb_1f5fd239b885860b7c2bfc72ad1d97effc0.jpg?1787860265,Crystal,29,4,MNK
Silah Zetsku,53965328,116,134,Marilith,Dynamis,914,105,d2b4042f092dccb0d381fdc61afe74c3_bbfb28d5a9059cd0c768daf77ab29982fc0.jpg?1787861195,Crystal,57,4,WAR
Tiny Sosig,16648383,117,116,Balmung,Crystal,911,0,47661dc0b135d6c15fadc46a3fa85816_7a573cbc0cda3a3dfc1795cb3d9f7b23fc0.jpg?1787861618,Crystal,179,0,MNK
Rathais Gunnach,32955444,118,117,Brynhildr,Crystal,910,0,2a434eda7d82f52a4a70d056b83f2c27_d0a0f515a62457570c9b44997063e3c1fc0.jpg?1787860613,Crystal,62,0,VPR
Ash Ymir,50182260,119,118,Gilgamesh,Aether,906,0,571648c27d0568207bb3ebea02244e4e_b937560c841465f7c4bc8eb47ea7948afc0.jpg?1787862251,Crystal,56,6,UNK
Xianra Bryne,4015592,120,119,Excalibur,Primal,905,0,770b7228e5d013ae3146fc6330b9b756_745baffc465480ed372e274d50318290fc0.jpg?1787862394,Crystal,17,0,WHM
Minato Maki,53819658,121,120,Excalibur,Primal,904,0,03c1d1dc5b9a30317518ec9a30c301ab_745baffc465480ed372e274d50318290fc0.jpg?1787861513,Crystal,38,0,VPR
Celesse Archon,5403993,122,121,Midgardsormr,Aether,902,0,46c05696a375eb66cab3503bea79e4e4_5c8ecfbc673e1287a9b5e85423fe1657fc0.jpg?1787861629,Crystal,32,0,AST
Silvy Kaenbyou,45504540,123,122,Goblin,Crystal,901,0,3a856bd5c7e35d95f6afcc57be4321a1_8e81e2940511f7152ba4462fe53e35b8fc0.jpg?1787862962,Crystal,247,9,BRD
Somnidemn Serdorm,37031558,124,123,Goblin,Crystal,901,0,6147ca113912ee7b9ac321313bbf5863_8e81e2940511f7152ba4462fe53e35b8fc0.jpg?1787861161,Crystal,72,0,FSH
Mtn Boop,36509633,125,124,Brynhildr,Crystal,901,0,175f521a1de707cbfb345e95df5e588c_d0a0f515a62457570c9b44997063e3c1fc0.jpg?1787862008,Crystal,20,0,VPR
Seto Mimyho,20943977,126,125,Behemoth,Primal,899,0,e0110a23ddcddf11cb8bf1e895c56d75_be20385e18333edb329d4574f364a1f0fc0.jpg?1787860447,Crystal,48,0,SGE
Wmmmmmmmmm Wmmmmmmmmm,56778920,127,140,Halicarnassus,Dynamis,896,101,9e294822ea14ed4084dfe667478bc6e5_f2d324d722b28bbe681b2898bcdca8bffc0.jpg?1787861236,Crystal,29,3,AST
Nia Yukumo,22530343,128,126,Lamia,Primal,893,0,41fe576462de4cc12ab76d6d29ef58e4_4d9be17b5e1edc617052b4dbf4007875fc0.jpg?1787859598,Crystal,109,0,FSH
Ice Mage,56719413,129,127,Golem,Dynamis,893,0,20eb207dbce003e2fb1842e0c47aacc7_dd61c3dc259e5c43722e89409499b669fc0.jpg?1787860055,Crystal,62,0,BLM
Garu Kettle,7054871,130,128,Behemoth,Primal,887,0,e03f1b46663ddb8c150315a88c79c9f1_be20385e18333edb329d4574f364a1f0fc0.jpg?1787862224,Crystal,156,4,UNK
Nanamie Namie,54007603,131,129,Seraph,Dynamis,884,0,0a2ba3a431605dbe05215a75dffd70e7_07fb0511053f398d1f2d6831e6a6b4c8fc0.jpg?1787861352,Crystal,92,0,MNK
Phrosticus Maximus,51732834,132,131,Kraken,Dynamis,831,0,36921233b0c05085a501c86bb51f5633_049a956dfeb0eb2e19c417a1dde4d680fc0.jpg?1787862914,Crystal,267,0,NIN
Kiitla Hundar,21600585,133,132,Brynhildr,Crystal,821,0,acff83df95bca2189584bd6af72e84ce_d0a0f515a62457570c9b44997063e3c1fc0.jpg?1787861172,Crystal,112,1,UNK
Horan Lou,38248988,134,133,Brynhildr,Crystal,817,0,3c88d2c3502bacefa5eb1e223a75217b_d0a0f515a62457570c9b44997063e3c1fc0.jpg?1787860074,Crystal,100,0,RDM
Mirae Malaguld,50148809,135,0,Famfrit,Primal,803,0,6eb6ea3365a1160e9537ec75ff91463a_fce4949e615393e574f2d57134b31fc1fc0.jpg?1787862463,Crystal,16,0,WHM
Judas Demaio,7957583,136,0,Balmung,Crystal,800,0,802e8b947615ba3fa10ac8d8e4fb1ebf_7a573cbc0cda3a3dfc1795cb3d9f7b23fc0.jpg?1787861029,Crystal,48,0,UNK
Satoshi Itaori,52546108,137,0,Golem,Dynamis,798,0,1ecf4d8479fa0e8c3c4b6fe005108b6d_dd61c3dc259e5c43722e89409499b669fc0.jpg?1787861276,Crystal,32,0,MCH
Fryar Vagrant,27459700,138,0,Jenova,Aether,797,0,5f83a04d01483896e3082832a5e6a7f0_ce736afe35e2ded4e46c4fd0659aef7efc0.jpg?1787862419,Crystal,78,0,MNK
Io Isana,33563057,139,0,Coeurl,Crystal,796,0,bb1bccc46bef2876072e2e7fa326fa12_284358f8eb4efc9095914e46798c6ab3fc0.jpg?1787860196,Crystal,24,0,SGE
Theory Ai,55206021,140,233,Leviathan,Primal,793,494,018be547248466158b1d0f9de4315340_a91aae52cff9ef65932db06b150ffd47fc0.jpg?1787861027,Crystal,218,6,BTN
Im Dead,44727021,141,0,Balmung,Crystal,789,0,382bb5e8fe23a4e04750cfd29fa9f46c_7a573cbc0cda3a3dfc1795cb3d9f7b23fc0.jpg?1787862126,Crystal,38,0,MNK
Alana Mystranquil,38447772,142,0,Coeurl,Crystal,787,0,a3b4e0628a97b6c3941d78fd1af36b81_284358f8eb4efc9095914e46798c6ab3fc0.jpg?1787861742,Crystal,33,0,SCH
S'tille Fhey,8693680,143,0,Midgardsormr,Aether,709,0,d02ff61e52c6b3e4eadaf1f6172fe557_5c8ecfbc673e1287a9b5e85423fe1657fc0.jpg?1787861899,Crystal,79,0,MCH
Ellie Titis,36865882,144,0,Midgardsormr,Aether,707,0,71601f63eddfe2db7e4ec2213790102c_5c8ecfbc673e1287a9b5e85423fe1657fc0.jpg?1787861894,Crystal,30,0,WAR
Scythe Horrorblade,32713598,145,0,Mateus,Crystal,702,0,43c41a5aa8d981f109e6d76f3347bd93_f0c52cc66e124fc2e641d7c21ab2ce79fc0.jpg?1787860818,Crystal,319,0,DRG
Rusheel Vasscus,2314921,146,0,Adamantoise,Aether,702,0,a4248cc27f1d518fee3b2b12da021669_1f5fd239b885860b7c2bfc72ad1d97effc0.jpg?1787861715,Crystal,15,0,MNK
Noel Bunny,5201676,147,0,Behemoth,Primal,697,0,c7f99603b6e09c43470bbabaed203add_be20385e18333edb329d4574f364a1f0fc0.jpg?1787862128,Crystal,154,1,UNK
Alex Rider,61850079,148,0,Hyperion,Primal,694,0,d221a7b6c00ffa393c988249ed242d9a_57ae9ee5592123dd79c8912bf768cf99fc0.jpg?1787861891,Crystal,90,0,DRG
Mori Sumire,22629786,149,0,Zalera,Crystal,694,0,9d1372da41637e0a1cee75add0cdab3e_8106f857613f8fb994b0be37b26ff4bafc0.jpg?1787861331,Crystal,84,1,UNK
Mo Azure,47140618,150,0,Lamia,Primal,694,0,8e6a4b8b298b5523d1f99888dd9f36cf_4d9be17b5e1edc617052b4dbf4007875fc0.jpg?1787861553,Crystal,19,0,GNB
Master Zoknik,48144446,151,0,Balmung,Crystal,692,0,3c54e73f2ad7023aa3b173793f95c070_7a573cbc0cda3a3dfc1795cb3d9f7b23fc0.jpg?1787862724,Crystal,29,0,RDM
Zot Meow,34168568,152,0,Sargatanas,Aether,690,0,857170879bee95fc8f3f62ae264a46ce_ba22853447012a24cee115315d6a5bebfc0.jpg?1787860631,Crystal,28,0,SGE
Lolly Pops,11573609,153,0,Leviathan,Primal,685,0,a38b4d4cbcfc624c56b5db6efb627dd2_a91aae52cff9ef65932db06b150ffd47fc0.jpg?1787862920,Crystal,311,5,MCH
Ethan Dumas,2337003,154,0,Zalera,Crystal,612,0,4363afb6aeff95a15293cf3907560f7b_8106f857613f8fb994b0be37b26ff4bafc0.jpg?1787861119,Crystal,114,2,RDM
Tc Sola,43984930,155,167,Zalera,Crystal,608,8,1bde011c1056c258b5456fb7d0f6283f_8106f857613f8fb994b0be37b26ff4bafc0.jpg?1787861248,Crystal,88,3,RDM
Akari Tsuki,46655701,156,155,Adamantoise,Aether,608,0,08f7ffe45c1b134f99ea040b39ee2bdd_1f5fd239b885860b7c2bfc72ad1d97effc0.jpg?1787859996,Crystal,24,0,SMN
Kyda Oriana,7676781,157,156,Balmung,Crystal,607,0,5a1ffcf9ec98159ee3f6c3727943f30f_7a573cbc0cda3a3dfc1795cb3d9f7b23fc0.jpg?1787861330,Crystal,40,4,AST
No Bee,37102144,158,157,Lamia,Primal,606,0,5c741048df2befeb7f80a2b03bb02aee_4d9be17b5e1edc617052b4dbf4007875fc0.jpg?1787862756,Crystal,101,2,ARM
Hilto Feltre,55076328,159,158,Sargatanas,Aether,605,0,4a850e1dbb7f6f3aeff5b21df6166f3f_ba22853447012a24cee115315d6a5bebfc0.jpg?1787859910,Crystal,45,0,RPR
Ivy Storm,61727582,160,159,Zalera,Crystal,604,0,27a648f77de0ff7a1a44539cbd062203_8106f857613f8fb994b0be37b26ff4bafc0.jpg?1787862887,Crystal,81,0,MCH
Aahaha Hahahahaha,31743716,161,160,Exodus,Primal,603,0,77935bdcfdbdbcd8404ce28584023170_0cdf051c93865faa15cbc5cd3d2b69fbfc0.jpg?1787862202,Crystal,59,1,BLM
Eloza Ketsch,8667845,162,161,Malboro,Crystal,602,0,4414bb689fd8033d67e6821653f9a232_2e97c13fdd593d15d543093f8a37b6f0fc0.jpg?1787860119,Crystal,214,4,MNK
Shiroi Kijo,44769088,163,162,Ultros,Primal,602,0,2bc8c14bed99e41cc16db823a37e5295_c514cdcdb619439df97d906d4434ccc6fc0.jpg?1787859630,Crystal,156,8,SMN
Shum One,31246227,164,163,Midgardsormr,Aether,602,0,6a9ab1154c9d9a712cc039f45837db6d_5c8ecfbc673e1287a9b5e85423fe1657fc0.jpg?1787859557,Crystal,93,0,VPR
Alma Braver,729037,165,164,Goblin,Crystal,602,0,1d50d402d833734bf7f0d1fe6b3af5e8_8e81e2940511f7152ba4462fe53e35b8fc0.jpg?1787861782,Crystal,61,0,BLM
Apple Thief,43679241,166,165,Balmung,Crystal,601,0,746256d82b3652ef93bbd475defb85ac_7a573cbc0cda3a3dfc1795cb3d9f7b23fc0.jpg?1787860958,Crystal,431,6,VPR
Nikau Milkdud,30842976,167,166,Lamia,Primal,601,0,2ffee265e9fb9491997d30306dc67cc3_4d9be17b5e1edc617052b4dbf4007875fc0.jpg?1787861161,Crystal,20,0,MNK
Hunie Pop,37396085,168,0,Ultros,Primal,599,0,8a72b357002474c02d597d6e8bc94cee_c514cdcdb619439df97d906d4434ccc6fc0.jpg?1787861736,Crystal,134,3,WHM
June Buggy,39873640,169,0,Brynhildr,Crystal,595,0,929fb7f3958e6f1fbc9e559d731c0108_d0a0f515a62457570c9b44997063e3c1fc0.jpg?1787860522,Crystal,43,0,RDM
Unagi Box,34773273,170,0,Cuchulainn,Dynamis,595,0,05a513d02b60c767bfb83440ab2d406b_b4a106e4893fd452df0001eaeecf9d7efc0.jpg?1787862003,Crystal,28,0,GNB
Eyre Stahl,32745572,171,0,Maduin,Dynamis,593,0,0d24cf6e8f53fc59a993fd5e5311d4e0_7ff236346f6151d8a2c08fd0b4a0b806fc0.jpg?1787861679,Crystal,52,0,MNK
Teysa Montgomery,6201712,172,0,Cactuar,Aether,591,0,eb51f53fb1f2b23ee171b4e92895e9b4_96ab1df8877c1f8ba6a89a39cccfd437fc0.jpg?1787860747,Crystal,223,15,DRG
Vann Healsing,6572,173,0,Coeurl,Crystal,589,0,e19ce452168669ef7abba0e26cc8ee4c_284358f8eb4efc9095914e46798c6ab3fc0.jpg?1787862645,Crystal,13,0,DRG
Sarantsatsral Kha,26082962,174,0,Behemoth,Primal,586,0,f8735f190504d139ee16ec1a623371dc_be20385e18333edb329d4574f364a1f0fc0.jpg?1787859666,Crystal,26,0,AST
Rasan Sena,13544028,175,0,Kraken,Dynamis,508,0,70d1ba94bcbeff8a384f1e364b2ee863_049a956dfeb0eb2e19c417a1dde4d680fc0.jpg?1787860709,Crystal,63,0,WAR
Rachna's Kitten,60414129,176,0,Diabolos,Crystal,508,0,5a2079c26296ecf9252da83453669ee7_7b33d33ae3ecb996f778a5f67a6a0af6fc0.jpg?1787859664,Crystal,44,0,UNK
Cassian Syndriel,52998476,177,0,Ultros,Primal,507,0,db812378f708097c17610e9e6817f749_c514cdcdb619439df97d906d4434ccc6fc0.jpg?1787860354,Crystal,82,0,SAM
Naeng Myeon,35393894,178,0,Jenova,Aether,506,0,e834ee8ccde5fd99424275ed75278f5b_ce736afe35e2ded4e46c4fd0659aef7efc0.jpg?1787861834,Crystal,110,5,PLD
Airi Aogane,46241895,179,0,Sargatanas,Aether,503,0,11367baad718b56f9682513d9430146d_ba22853447012a24cee115315d6a5bebfc0.jpg?1787859897,Crystal,117,0,ALC
Yos Sy,23664999,180,0,Jenova,Aether,501,0,01f58e6e2269085746fd0a5b6fe0e7f2_ce736afe35e2ded4e46c4fd0659aef7efc0.jpg?1787861614,Crystal,133,6,DRG
Rin Denma,33178809,181,0,Gilgamesh,Aether,501,0,6c5bab6678d3c44b6e646bc8726eb9f9_b937560c841465f7c4bc8eb47ea7948afc0.jpg?1787861783,Crystal,13,1,UNK
Oni Akuma,7300790,182,0,Gilgamesh,Aether,500,0,e8e098720e245711114b4614110261b5_b937560c841465f7c4bc8eb47ea7948afc0.jpg?1787862589,Crystal,188,0,NIN
Aelara Nightelm,2908362,183,0,Maduin,Dynamis,499,0,f40ea9e3404cbab02b92f9bc1d80cdcd_7ff236346f6151d8a2c08fd0b4a0b806fc0.jpg?1787860411,Crystal,136,0,AST
Lelouch Masamune,12543299,184,0,Malboro,Crystal,499,0,711457fd66b589fb422ba4640a4826f0_2e97c13fdd593d15d543093f8a37b6f0fc0.jpg?1787861706,Crystal,76,0,SCH
M' Twelve,36885704,185,0,Halicarnassus,Dynamis,499,0,0f10ff80520b725264b0aed8ac62d609_f2d324d722b28bbe681b2898bcdca8bffc0.jpg?1787859517,Crystal,75,0,UNK
Brian Ricardo,9364090,186,0,Adamantoise,Aether,499,399,c00688b4ac9b567c1a4de9d648fbbff4_1f5fd239b885860b7c2bfc72ad1d97effc0.jpg?1787861588,Crystal,37,11,AST
Shinra Tatsuya,8648762,187,186,Gilgamesh,Aether,498,0,7dccb5e520b149afd2b044279fa8694e_b937560c841465f7c4bc8eb47ea7948afc0.jpg?1787859897,Crystal,99,0,DRK
Xale Solace,52728205,188,187,Adamantoise,Aether,497,0,5272a5d5dea9738bb4a6638ac3f083d2_1f5fd239b885860b7c2bfc72ad1d97effc0.jpg?1787859509,Crystal,113,13,DRG
High Five,40416979,189,188,Brynhildr,Crystal,493,0,f6eae218fa6037625ae22a8c800d935d_d0a0f515a62457570c9b44997063e3c1fc0.jpg?1787861327,Crystal,21,0,BRD
Onigiri Bunny,7352884,190,189,Behemoth,Primal,485,0,382f2b7a0b15514c38a6e2d5af3d8014_be20385e18333edb329d4574f364a1f0fc0.jpg?1787861572,Crystal,9,0,UNK
Gracidea Blossom,4573171,191,190,Lamia,Primal,416,0,12afdfb12aebd14365b3149875fee65f_4d9be17b5e1edc617052b4dbf4007875fc0.jpg?1787859502,Crystal,75,0,WHM
Azura Skye,61832185,192,191,Goblin,Crystal,408,0,06833163f0059227fbc31ba3c8c36610_8e81e2940511f7152ba4462fe53e35b8fc0.jpg?1787861135,Crystal,71,0,PLD
Bigg Succ,14228989,193,192,Coeurl,Crystal,408,0,d833225ff74a6d00fc89b134cc155262_284358f8eb4efc9095914e46798c6ab3fc0.jpg?1787859900,Crystal,7,0,MCH
Bean Waters,34305264,194,193,Famfrit,Primal,406,0,bcdcd97b24d4dfc6b3e643c8670b6f7c_fce4949e615393e574f2d57134b31fc1fc0.jpg?1787862588,Crystal,47,0,SAM
Lowan Gleview,48863675,195,194,Gilgamesh,Aether,406,0,3ed0770e9633fa9630af57f595f1d68d_b937560c841465f7c4bc8eb47ea7948afc0.jpg?1787862222,Crystal,35,0,NIN
Khione Ruhewann,46320064,196,195,Famfrit,Primal,403,0,7f4213b80626d593c297255cb1c55698_fce4949e615393e574f2d57134b31fc1fc0.jpg?1787859510,Crystal,127,0,RPR
Roland Montpensier,27408688,197,196,Mateus,Crystal,402,0,f999e29fa2ab10f6ba02338f493e886b_f0c52cc66e124fc2e641d7c21ab2ce79fc0.jpg?1787861988,Crystal,26,0,DRG
Tio Tot,32427648,198,197,Jenova,Aether,402,0,b6b5f99e0b2c9878499873fdbe82cda3_ce736afe35e2ded4e46c4fd0659aef7efc0.jpg?1787859462,Crystal,25,0,PLD
Larxis Themage,9284703,199,198,Mateus,Crystal,401,0,f1440421e273892659981868cbc99f9b_f0c52cc66e124fc2e641d7c21ab2ce79fc0.jpg?1787860735,Crystal,189,2,BRD
Jin Mercer,31096690,200,199,Marilith,Dynamis,401,0,708b770d30658bbff6a84015d913b518_bbfb28d5a9059cd0c768daf77ab29982fc0.jpg?1787862234,Crystal,111,9,DRG
Von Columbine,58381347,201,199,Gilgamesh,Aether,401,0,616328e702b2b2e8d452581d53ec9f88_b937560c841465f7c4bc8eb47ea7948afc0.jpg?1787859493,Crystal,102,0,GNB
O'naeas Du'faigh,39414113,202,201,Ultros,Primal,401,0,7994a259bec436115a0081b11babf4f8_c514cdcdb619439df97d906d4434ccc6fc0.jpg?1787859535,Crystal,75,0,GNB
Very Shooooooooooort,49384501,203,202,Hyperion,Primal,401,0,084259a7b0d5cdac112faebe64bac849_57ae9ee5592123dd79c8912bf768cf99fc0.jpg?1787862791,Crystal,63,0,UNK
Vicious Nouzen,42001229,204,203,Jenova,Aether,401,0,94ccc3f4ceffc2356f1ddd47d85ca9f7_ce736afe35e2ded4e46c4fd0659aef7efc0.jpg?1787862599,Crystal,51,0,MNK
Cayen Cen,13893282,205,0,Cactuar,Aether,401,301,736a684af24050d9faf2a50c1a5ea0b6_96ab1df8877c1f8ba6a89a39cccfd437fc0.jpg?1787861271,Crystal,49,10,UNK
Virtus Giruvegan,3183831,206,204,Gilgamesh,Aether,401,0,e8050cdd79efaaf143d74f9ae4cdcfb1_b937560c841465f7c4bc8eb47ea7948afc0.jpg?1787859732,Crystal,23,0,UNK
Yulia Lunaria,82714,207,205,Coeurl,Crystal,401,0,30d19e29baad4dfe064001a80a4466e1_284358f8eb4efc9095914e46798c6ab3fc0.jpg?1787862370,Crystal,20,2,WHM
Senka Kyo,40405843,208,206,Adamantoise,Aether,401,0,57edcac1396cccc62373cfaa1109ab06_1f5fd239b885860b7c2bfc72ad1d97effc0.jpg?1787861724,Crystal,3,0,CUL
Rail Ying,33252892,209,207,Famfrit,Primal,400,0,e9ae8b691e418ccccf35ebe11804f497_fce4949e615393e574f2d57134b31fc1fc0.jpg?1787860931,Crystal,341,0,RPR
Coffee Dawg,17085073,210,208,Famfrit,Primal,400,0,3f73984ff31eed30a16eba5ac017bdda_fce4949e615393e574f2d57134b31fc1fc0.jpg?1787859437,Crystal,69,0,WHM
Nero K'ten,6155374,211,209,Lamia,Primal,400,0,457604f04300faac0e52a053884e2bb7_4d9be17b5e1edc617052b4dbf4007875fc0.jpg?1787862256,Crystal,53,0,VPR
Cj Deux,23394493,212,210,Lamia,Primal,399,0,64702aeefa55d2931c531ddadd7964ea_4d9be17b5e1edc617052b4dbf4007875fc0.jpg?1787862465,Crystal,249,9,RDM
Mash Buttons,12470854,213,211,Ultros,Primal,399,0,eec5508ec2ce3844fd62caa5b87a24d8_c514cdcdb619439df97d906d4434ccc6fc0.jpg?1787859706,Crystal,53,1,BRD
Pvp Wintrader,55633250,214,212,Rafflesia,Dynamis,399,0,a95c4512f0f35cf564aac910d19b00e2_2783886613347a4db0bed7524de1298ffc0.jpg?1787860477,Crystal,41,0,BRD
Johnny Rotten,60584717,215,213,Balmung,Crystal,398,0,16dd0eb6be877814ca22fed24fe6191d_7a573cbc0cda3a3dfc1795cb3d9f7b23fc0.jpg?1787862984,Crystal,70,1,MCH
Kaede Obinata,32151196,216,214,Marilith,Dynamis,398,0,460d631b298c83b035fb70ac5669658d_bbfb28d5a9059cd0c768daf77ab29982fc0.jpg?1787860025,Crystal,46,0,NIN
Honey Toast,57307408,217,215,Exodus,Primal,398,0,f4ce05067fa4042fad64931eb5015841_0cdf051c93865faa15cbc5cd3d2b69fbfc0.jpg?1787861310,Crystal,36,0,UNK
Ava Falafell,7835301,218,216,Cactuar,Aether,398,0,037dd67f6ab82aadfe3e7b3e4973d525_96ab1df8877c1f8ba6a89a39cccfd437fc0.jpg?1787860556,Crystal,32,0,WHM
Milly Mina,37964161,219,217,Cuchulainn,Dynamis,398,0,f3300c3e28b3c5b4a3767a587341831e_b4a106e4893fd452df0001eaeecf9d7efc0.jpg?1787859500,Crystal,24,0,FSH
Shoujo Hime,18340055,220,218,Leviathan,Primal,397,0,c341075038058a45ef549f7bac1b9d25_a91aae52cff9ef65932db06b150ffd47fc0.jpg?1787861828,Crystal,211,0,WHM
Kale Crow,57973655,221,219,Excalibur,Primal,396,0,39e30189265e5cf770bddc1b87bdb349_745baffc465480ed372e274d50318290fc0.jpg?1787859967,Crystal,66,0,UNK
Thamiel Blade,11845109,222,220,Malboro,Crystal,393,0,80ba6f7aa26a72c98ebf41b210be27be_2e97c13fdd593d15d543093f8a37b6f0fc0.jpg?1787861263,Crystal,84,0,PLD
Aurora Aura,51466191,223,221,Coeurl,Crystal,392,0,6bf65747d41f881881af0d8d8ee83bb9_284358f8eb4efc9095914e46798c6ab3fc0.jpg?1787862777,Crystal,111,2,NIN
Cynthia Noir,25307713,224,222,Leviathan,Primal,388,0,5b4f8d78ae6dd18586116fe673617384_a91aae52cff9ef65932db06b150ffd47fc0.jpg?1787861817,Crystal,279,0,BLM
Boulder Beholder,10981587,225,223,Faerie,Aether,310,0,9de7d0362a3a832a7171bfe262bb5d94_0e336ff6ad415f47233f0aaf127feac0fc0.jpg?1787861269,Crystal,6,0,GNB
Dank Lollington,37820692,226,224,Exodus,Primal,304,0,2b6faafd9620689cd5e4222c96529aa5_0cdf051c93865faa15cbc5cd3d2b69fbfc0.jpg?1787861275,Crystal,21,0,MCH
Celeste Aeternum,38129090,227,225,Adamantoise,Aether,301,0,76510814c4215ff9bd016e9313ee6e2c_1f5fd239b885860b7c2bfc72ad1d97effc0.jpg?1787861171,Crystal,143,1,AST
V'linh Tia,35736983,228,229,Hyperion,Primal,301,1,760e31f96b4d3b3534fcdc43c9564fab_57ae9ee5592123dd79c8912bf768cf99fc0.jpg?1787861671,Crystal,106,4,BRD
Tarex Youva,34244171,229,226,Behemoth,Primal,301,0,f62a1a6593a19abc7f2ade2191e57159_be20385e18333edb329d4574f364a1f0fc0.jpg?1787861007,Crystal,75,0,AST
Denmo Mcstronghuge,1150717,230,227,Excalibur,Primal,301,0,bb33b9be77e28ab26ee6367ad6ba7cac_745baffc465480ed372e274d50318290fc0.jpg?1787861788,Crystal,20,0,BLM
Erdrick Than'talas,35169837,231,228,Behemoth,Primal,300,0,bcdde4e2fbfba10f901006ffbc7723cc_be20385e18333edb329d4574f364a1f0fc0.jpg?1787860091,Crystal,283,0,WAR
Ciel Sorrel,22647977,232,230,Zalera,Crystal,300,0,4feb2b2835b10561864f50a075fa571c_8106f857613f8fb994b0be37b26ff4bafc0.jpg?1787862419,Crystal,72,0,UNK
Eternal Slumber,25903660,233,231,Hyperion,Primal,300,0,e04969696b7e202db5371bd7c0b62231_57ae9ee5592123dd79c8912bf768cf99fc0.jpg?1787860078,Crystal,68,0,NIN
Onion Little,37583983,234,232,Zalera,Crystal,300,0,59533d6fd2d0a8b58595bf860ae3f36a_8106f857613f8fb994b0be37b26ff4bafc0.jpg?1787860708,Crystal,13,0,AST
W'kepaga M'ankhad,51943168,235,234,Midgardsormr,Aether,299,0,2731864a3bfbb890bb0d554a4dbb55cc_5c8ecfbc673e1287a9b5e85423fe1657fc0.jpg?1787862308,Crystal,184,6,SMN
Lux Mas,23065843,236,235,Sargatanas,Aether,299,0,88a2ca0abf69b95b8d6893d740e04615_ba22853447012a24cee115315d6a5bebfc0.jpg?1787860295,Crystal,124,0,RDM
Nava Savitra,11866965,237,236,Behemoth,Primal,299,0,192dd5e055cc8be6175a56a286c32203_be20385e18333edb329d4574f364a1f0fc0.jpg?1787862568,Crystal,94,1,BLM
Novical Astrea,42979170,238,237,Exodus,Primal,299,0,b638930bbe9987be79fa698126728549_0cdf051c93865faa15cbc5cd3d2b69fbfc0.jpg?1787861360,Crystal,74,0,SCH
Kanae Meow,36806118,239,273,Ultros,Primal,298,194,8969e8a0b518902a3996525f822b4701_c514cdcdb619439df97d906d4434ccc6fc0.jpg?1787861153,Crystal,208,22,WHM
Medori Tenosu,31992476,240,246,Jenova,Aether,298,4,2d7230bf79f29d3570cfdc7390506985_ce736afe35e2ded4e46c4fd0659aef7efc0.jpg?1787862381,Crystal,106,20,BLM
Sophia Sol,50636657,241,261,Diabolos,Crystal,298,99,f2e548487adc8d24ba4ee5ae891d1fca_7b33d33ae3ecb996f778a5f67a6a0af6fc0.jpg?1787860941,Crystal,51,1,AST
Bento Manjusaka,8342791,242,238,Famfrit,Primal,298,0,6ad6165e804ca5f8a6e46061f7c359ec_fce4949e615393e574f2d57134b31fc1fc0.jpg?1787860348,Crystal,41,0,BRD
Lean Bean,27288162,243,0,Leviathan,Primal,298,198,10eb9c645841623c4f9edb8e24e49d0e_a91aae52cff9ef65932db06b150ffd47fc0.jpg?1787862756,Crystal,16,2,RDM
Kemono Friends,9960513,244,239,Balmung,Crystal,298,0,32976001d45735dc6eed07706ce7c1aa_7a573cbc0cda3a3dfc1795cb3d9f7b23fc0.jpg?1787862044,Crystal,6,0,WHM
Ailbhe Costa,24483224,245,240,Golem,Dynamis,298,0,d2a07a324d29f192eabbae6adeb2462b_dd61c3dc259e5c43722e89409499b669fc0.jpg?1787862554,Crystal,5,0,UNK
Aesa Reign,35916991,246,241,Behemoth,Primal,298,0,41b39fb2112c54e35953a1e9bca43b2b_be20385e18333edb329d4574f364a1f0fc0.jpg?1787859768,Crystal,3,0,SAM
Reed Diamond,7237831,247,242,Ultros,Primal,297,0,132bb33f336f4f3ae42c3cf9a96a11ad_c514cdcdb619439df97d906d4434ccc6fc0.jpg?1787860527,Crystal,117,2,SCH
Zolzayaa Noykin,34804380,248,243,Balmung,Crystal,297,0,ff773bbf0388cc8a61ac7c87e78f978f_7a573cbc0cda3a3dfc1795cb3d9f7b23fc0.jpg?1787859431,Crystal,68,0,VPR
Asteroth Rayet,34556987,249,244,Coeurl,Crystal,297,0,074f19c1dfdaef751b93ed3b29eeb320_284358f8eb4efc9095914e46798c6ab3fc0.jpg?1787862863,Crystal,28,0,GNB
Sitri Belladonna,44271644,250,245,Maduin,Dynamis,296,0,d5fba1e5169b57a308fb1ea60e3553cf_7ff236346f6151d8a2c08fd0b4a0b806fc0.jpg?1787861137,Crystal,58,0,RDM
Nika Arwing,12407061,251,247,Behemoth,Primal,294,0,f0ebfd95e843addaab2471d3cb028eb6_be20385e18333edb329d4574f364a1f0fc0.jpg?1787862094,Crystal,8,0,WAR
Eroison Chren,42575447,252,248,Ultros,Primal,293,0,d66c862181da18eea3335d6667510dc6_c514cdcdb619439df97d906d4434ccc6fc0.jpg?1787860387,Crystal,46,0,SCH
Marika Mjolnir,38212348,253,249,Malboro,Crystal,292,0,969a50dcb0d9777a00aae149894ab7f5_2e97c13fdd593d15d543093f8a37b6f0fc0.jpg?1787859677,Crystal,181,0,WAR
Nixacu Murubra,24114126,254,250,Lamia,Primal,205,0,68206034a86cf63bd8aecd714ae17955_4d9be17b5e1edc617052b4dbf4007875fc0.jpg?1787862281,Crystal,78,0,SMN
Lumiel Alstreim,6929457,255,251,Balmung,Crystal,204,0,6004c4e57250b544ed36bf6b310e878a_7a573cbc0cda3a3dfc1795cb3d9f7b23fc0.jpg?1787861372,Crystal,46,0,PCT
Abel Catallus,20632128,256,252,Hyperion,Primal,203,0,a753917cbe6dc89a0ba41f10003a621d_57ae9ee5592123dd79c8912bf768cf99fc0.jpg?1787860952,Crystal,72,0,SMN
Lenpao Victus,30455513,257,253,Midgardsormr,Aether,201,0,6067c0a6b77debbd9a03665d4d13dd52_5c8ecfbc673e1287a9b5e85423fe1657fc0.jpg?1787861899,Crystal,72,0,UNK
Caius Dreemurr,16334190,258,0,Behemoth,Primal,200,200,15755bc10e106a8c901afd96c5ef39c3_be20385e18333edb329d4574f364a1f0fc0.jpg?1787861741,Crystal,51,9,SCH
Aiberaint Mando,58601227,259,254,Faerie,Aether,200,0,b7621f9e3f9c7a33ce4acd4a392c3a41_0e336ff6ad415f47233f0aaf127feac0fc0.jpg?1787860880,Crystal,33,0,RPR
Nonoha Noha,32959229,260,255,Balmung,Crystal,200,0,d9c4977477ddfaebc0c2204729f692f9_7a573cbc0cda3a3dfc1795cb3d9f7b23fc0.jpg?1787862210,Crystal,22,0,UNK
Bellatrix Solara,20445342,261,256,Leviathan,Primal,200,0,89d7b355539e181e2d0c9cd890f6f062_a91aae52cff9ef65932db06b150ffd47fc0.jpg?1787859660,Crystal,11,0,UNK
Joe Biden',48592929,262,257,Seraph,Dynamis,200,0,c06fd69e6b294b74118f1a8ad5727f56_07fb0511053f398d1f2d6831e6a6b4c8fc0.jpg?1787861261,Crystal,2,0,UNK
Giselle Aureillien,29155636,263,258,Coeurl,Crystal,200,0,0864f26f62e17d3942c765f8a16665d2_284358f8eb4efc9095914e46798c6ab3fc0.jpg?1787861261,Crystal,1,0,NIN
Vayce Lilacspark,4565408,264,259,Balmung,Crystal,199,0,e9f3928d81a9f68a9cfae3a6a414feb8_7a573cbc0cda3a3dfc1795cb3d9f7b23fc0.jpg?1787861933,Crystal,137,0,DRK
Chronochaos Asura,1230012,265,260,Excalibur,Primal,199,0,16f01a0a9404158e87254af5dbe09328_745baffc465480ed372e274d50318290fc0.jpg?1787860856,Crystal,75,0,WAR
Cleo Kaisuri,49507760,266,262,Hyperion,Primal,199,0,b3c346a088e9876c531a3dcecd6b78db_57ae9ee5592123dd79c8912bf768cf99fc0.jpg?1787860352,Crystal,43,0,SGE
Nickon Malek,36659706,267,263,Zalera,Crystal,199,0,d4f6bca99d38c68180883a3bd35b4647_8106f857613f8fb994b0be37b26ff4bafc0.jpg?1787860227,Crystal,37,0,VPR
Mits Suki,33204212,268,264,Famfrit,Primal,199,0,5bb063598970951b9c8c586bd4f0db1f_fce4949e615393e574f2d57134b31fc1fc0.jpg?1787862308,Crystal,5,0,MNK
Pravik Rhati,30628415,269,281,Zalera,Crystal,198,98,6f338ced5bbbd90812f4a17468f53684_8106f857613f8fb994b0be37b26ff4bafc0.jpg?1787862460,Crystal,260,7,SMN
Sandoz Nakao,10931721,270,265,Sargatanas,Aether,198,0,dbfb04dfbbe3ea56cd066152b1c185fb_ba22853447012a24cee115315d6a5bebfc0.jpg?1787862852,Crystal,179,0,GNB
Cassian Aten,49727028,271,266,Ultros,Primal,198,0,beba5702725b35f7f383e56d8c6eeb6c_c514cdcdb619439df97d906d4434ccc6fc0.jpg?1787860207,Crystal,68,0,UNK
Glamour Police,42569529,272,267,Faerie,Aether,198,0,628a713ff9a3e9604964fec89696bc80_0e336ff6ad415f47233f0aaf127feac0fc0.jpg?1787862381,Crystal,54,0,MCH
Radanis Luminacht,16920977,273,268,Sargatanas,Aether,198,0,b371d311f8b15d14c5d5b08dda36ab7f_ba22853447012a24cee115315d6a5bebfc0.jpg?1787862777,Crystal,1,0,PLD
Tree Cat,26335365,274,269,Jenova,Aether,197,0,33c88618a561b4c9a812b3fe8cb0ba15_ce736afe35e2ded4e46c4fd0659aef7efc0.jpg?1787861032,Crystal,2,0,NIN
Sensus Meow,3918158,275,270,Gilgamesh,Aether,196,0,c830651186889d4902ef13cefd58a832_b937560c841465f7c4bc8eb47ea7948afc0.jpg?1787860953,Crystal,1,0,BRD
Unit Two,9241194,276,271,Ultros,Primal,195,0,641de9f4edfaf7fe05a95460092c87ef_c514cdcdb619439df97d906d4434ccc6fc0.jpg?1787860201,Crystal,147,0,SCH
Flipped Hellcat,21788780,277,272,Brynhildr,Crystal,105,0,2ae61210380d605b7b52e1b3372b5079_d0a0f515a62457570c9b44997063e3c1fc0.jpg?1787861754,Crystal,34,0,UNK
Yuki Yozora,32275648,278,274,Faerie,Aether,103,0,bed164ee9535c02b6ea7cc8b5000c845_0e336ff6ad415f47233f0aaf127feac0fc0.jpg?1787860464,Crystal,203,2,SAM
Renzo Jinwoo,34732404,279,275,Seraph,Dynamis,102,0,5661b5945f2e3c2ffb7cc17ead7445b0_07fb0511053f398d1f2d6831e6a6b4c8fc0.jpg?1787862274,Crystal,174,15,MCH
Erik Jormungandr,21053207,280,276,Balmung,Crystal,102,0,d279bad4f9c048ee2cb4310b2dabb453_7a573cbc0cda3a3dfc1795cb3d9f7b23fc0.jpg?1787859476,Crystal,15,0,DRK
Agreed Indeed,35442337,281,277,Cactuar,Aether,102,0,420d1175f93ad013aa9ab84ae2d42209_96ab1df8877c1f8ba6a89a39cccfd437fc0.jpg?1787859736,Crystal,11,0,BLM
Gidson Brand,28304013,282,278,Goblin,Crystal,101,0,876c2dd63c77339205c6fe96b4bd3d82_8e81e2940511f7152ba4462fe53e35b8fc0.jpg?1787861549,Crystal,40,0,WAR
Tegridy Weed,3469679,283,279,Midgardsormr,Aether,101,0,96f7b1ca58cffc2cdcbb1df90d116807_5c8ecfbc673e1287a9b5e85423fe1657fc0.jpg?1787862674,Crystal,28,0,SGE
Ace Dorayaki,34266163,284,280,Mateus,Crystal,100,0,2a9eb696c40033fe1c17e7506f93392e_f0c52cc66e124fc2e641d7c21ab2ce79fc0.jpg?1787860788,Crystal,271,0,SAM
June Freyja,10894711,285,282,Brynhildr,Crystal,100,0,a53a85398b567470f54962e592f2684d_d0a0f515a62457570c9b44997063e3c1fc0.jpg?1787862036,Crystal,191,0,SAM
Deep-fried Shrimp,39013955,286,283,Halicarnassus,Dynamis,100,0,8c854c8dde07c11059f113329f369709_f2d324d722b28bbe681b2898bcdca8bffc0.jpg?1787861080,Crystal,187,0,MCH
Dewdrop Ex'nivis,42142474,287,284,Coeurl,Crystal,100,0,4d866401d0e56d8747b77e186b624f24_284358f8eb4efc9095914e46798c6ab3fc0.jpg?1787862781,Crystal,154,0,WAR
Fawa Gyoji,37307350,288,285,Famfrit,Primal,100,0,e22002145961150a9fd58c297601d8b8_fce4949e615393e574f2d57134b31fc1fc0.jpg?1787861688,Crystal,118,0,SMN
Saber Moon,21231710,289,286,Hyperion,Primal,100,0,f476acb444c0e146dd44d5351357e426_57ae9ee5592123dd79c8912bf768cf99fc0.jpg?1787860527,Crystal,92,0,SGE
Kalatia Silverscale,52796419,290,287,Hyperion,Primal,100,0,1a27aed774a0a73e8c95467c7bf6e956_57ae9ee5592123dd79c8912bf768cf99fc0.jpg?1787861171,Crystal,91,0,UNK
Haley Comet,27668347,291,288,Cactuar,Aether,100,0,2b237658ff580795f602f2f1b6069a76_96ab1df8877c1f8ba6a89a39cccfd437fc0.jpg?1787862777,Crystal,89,0,BRD
Rouge Sunwing,50315022,292,289,Excalibur,Primal,100,0,e083dde5de8a5564f1aa8b12e6add888_745baffc465480ed372e274d50318290fc0.jpg?1787860396,Crystal,81,1,DRG
John Darksouls,32702843,293,290,Adamantoise,Aether,100,0,f1fbda91f49b5975e8a2cb80a74e40ad_1f5fd239b885860b7c2bfc72ad1d97effc0.jpg?1787859433,Crystal,72,0,PLD
Leifon Altugle,8395678,294,291,Gilgamesh,Aether,100,0,3e2aacdbdd9e8d035f4294a4a24ef84d_b937560c841465f7c4bc8eb47ea7948afc0.jpg?1787861465,Crystal,69,0,PCT
Mutilated Remains,15274725,295,292,Adamantoise,Aether,100,0,8f629073b22cd80f608068b9cfd406f3_1f5fd239b885860b7c2bfc72ad1d97effc0.jpg?1787860463,Crystal,64,0,DRG
Tilly Fischer,50755461,295,292,Mateus,Crystal,100,0,8d9ea9fa34ef69de99164fca236c11dd_f0c52cc66e124fc2e641d7c21ab2ce79fc0.jpg?1787861435,Crystal,64,0,SMN
Levy Scarlett,35085988,297,294,Coeurl,Crystal,100,0,74fe88584bdffbcc051a81a168ff958f_284358f8eb4efc9095914e46798c6ab3fc0.jpg?1787861712,Crystal,63,0,MIN
Abare Horo,12853954,298,295,Cuchulainn,Dynamis,100,0,b007ad11da1613038b2e8acb70f76ea6_b4a106e4893fd452df0001eaeecf9d7efc0.jpg?1787862780,Crystal,61,0,WHM
Fenrir Mani,46990212,299,296,Siren,Aether,100,0,9d52f579ab24f21101afab7ee04fd086_58a84e851e55175d22158ca97af58a1ffc0.jpg?1787862552,Crystal,60,0,SMN
Haru Tari,31406841,299,296,Jenova,Aether,100,0,0d66019ab16a3e25cd23869e80641a82_ce736afe35e2ded4e46c4fd0659aef7efc0.jpg?1787862393,Crystal,60,0,NIN
Ash Kitamura,26629771,1,0,Ravana,Materia,0,0,33c0c99f7649a707ea0e8e4da0340efb_2f53b2675d3eea360f0b48d74d30af15fc0.jpg?1787861670,Diamond,81,0,AST
Enrei Mihata,49665542,2,0,Ravana,Materia,0,0,9df67e19d234830f2d797bb6efbad836_2f53b2675d3eea360f0b48d74d30af15fc0.jpg?1787859567,Diamond,37,0,DRG
Fatahh Wizardcat,60429758,3,0,Zurvan,Materia,0,0,0a04508a6feea55f3b4227e7d574212a_1fa3a1b3845481a1b67b46854a3cc49afc0.jpg?1787860625,Platinum,52,0,BLM
Queue Up,44283543,4,0,Ravana,Materia,0,0,341e0565d728c5334b58960edfc1c897_2f53b2675d3eea360f0b48d74d30af15fc0.jpg?1787861718,Platinum,42,0,PLD
Shiki Hime,41619079,5,0,Sophia,Materia,0,0,e0f33871fdd9bcb0012cace0f140b504_ba15a18cd3a8fb567e39053022515eb6fc0.jpg?1787859875,Platinum,39,0,DNC
Sora Teppelin,7487042,6,0,Sophia,Materia,0,0,3d849e783499c238b2f4d439e3a8c2a7_ba15a18cd3a8fb567e39053022515eb6fc0.jpg?1787860544,Platinum,35,0,VPR
Shiny Jirachi,51220221,7,0,Sophia,Materia,0,0,f1b04aa626472a08642b4f93d911f87c_ba15a18cd3a8fb567e39053022515eb6fc0.jpg?1787860200,Platinum,11,0,SAM
Raiosu Eucliffe,45249258,8,0,Ravana,Materia,0,0,a21442f92d53ab89cab416d41fe9132d_2f53b2675d3eea360f0b48d74d30af15fc0.jpg?1787860757,Platinum,53,0,BRD
Nyanyanyanya Nyanyan,48648775,9,0,Ravana,Materia,0,0,ec08e9f45b8d4335b412f3e39f4458e2_2f53b2675d3eea360f0b48d74d30af15fc0.jpg?1787859636,Platinum,29,0,WHM
Ku Ku,58267971,10,0,Sophia,Materia,0,0,77db43d75ac5ffe3d585318a47534ab9_ba15a18cd3a8fb567e39053022515eb6fc0.jpg?1787861397,Platinum,52,0,BRD
Master Zoknik,61010055,11,0,Zurvan,Materia,0,0,bfa135b89b0fb27fe708b3a427bd667f_1fa3a1b3845481a1b67b46854a3cc49afc0.jpg?1787860370,Platinum,88,0,SMN
Jiraiya Sannin,47974804,12,0,Ravana,Materia,0,0,6a5cc312529bc78b7d0bbbf5f41983af_2f53b2675d3eea360f0b48d74d30af15fc0.jpg?1787861758,Platinum,45,0,WAR
Esperance Lightbound,16103781,13,0,Ravana,Materia,0,0,0d3ff648d49892a8fc3bd67490985032_2f53b2675d3eea360f0b48d74d30af15fc0.jpg?1787862393,Platinum,40,0,PLD
Syth Isi,14766898,14,0,Sephirot,Materia,0,0,4eef23c58ccbdfd054240b7a6afee3df_30a5f9eadea6e0cb684a5265362d0d59fc0.jpg?1787861724,Platinum,31,0,SGE
Lil Wu,39781651,15,0,Ravana,Materia,0,0,883868199332c12050d61887025475bc_2f53b2675d3eea360f0b48d74d30af15fc0.jpg?1787861242,Platinum,38,0,PLD
Monkey Rat,28956529,16,0,Zurvan,Materia,0,0,bd13db4ebaa363278dd269b5941ae816_1fa3a1b3845481a1b67b46854a3cc49afc0.jpg?1787861550,Platinum,75,0,BLM
Unshao Theruun,36386941,17,0,Sephirot,Materia,0,0,ec8f93abdc73eddcd17e0450db1cb572_30a5f9eadea6e0cb684a5265362d0d59fc0.jpg?1787862894,Platinum,28,0,WAR
Aleksei Veldoch,39931654,18,0,Ravana,Materia,0,0,ef0923b785702de5a588b383a0d1bcea_2f53b2675d3eea360f0b48d74d30af15fc0.jpg?1787861518,Platinum,47,0,VPR
Noelle Frost,59496366,19,0,Zurvan,Materia,0,0,5e03b95700bb3e6556a80cb9336a41d2_1fa3a1b3845481a1b67b46854a3cc49afc0.jpg?1787860819,Platinum,40,0,WHM
Boz Ulceros,32280980,20,0,Ravana,Materia,0,0,269b081d650bf5598fd5a3f9419b8b43_2f53b2675d3eea360f0b48d74d30af15fc0.jpg?1787862393,Platinum,72,0,SAM
Funeral Pyre,29286073,21,0,Zurvan,Materia,0,0,48d5de4023484583f2225a2026548284_1fa3a1b3845481a1b67b46854a3cc49afc0.jpg?1787861014,Platinum,61,0,SMN
Mars Bars,41756039,22,0,Sophia,Materia,0,0,87af5886ec3b52e7e582ccc7755f6a9b_ba15a18cd3a8fb567e39053022515eb6fc0.jpg?1787861656,Platinum,49,0,DRG
Chs Crane,37655547,23,0,Sophia,Materia,0,0,7cd2d4b420716bf684bdd41ef37d9319_ba15a18cd3a8fb567e39053022515eb6fc0.jpg?1787860791,Platinum,30,0,VPR
Simetras Sol,38726083,24,0,Ravana,Materia,0,0,fc54c458f2e80d3680f50e6026011ab7_2f53b2675d3eea360f0b48d74d30af15fc0.jpg?1787859859,Gold,131,0,WAR
Lillian Melikai,42502039,25,0,Ravana,Materia,0,0,6c5f22e96162240c2bb96702fcbe123b_2f53b2675d3eea360f0b48d74d30af15fc0.jpg?1787860791,Gold,47,0,MNK
Coffee Lover,50333621,26,0,Sophia,Materia,0,0,3c4552eb56bfb14f36d9b512873eac0d_ba15a18cd3a8fb567e39053022515eb6fc0.jpg?1787861567,Gold,42,0,UNK
Twitch Pvpash,58310287,27,0,Sephirot,Materia,0,0,825390c1ecfa92c4ed45d4ff7a91e39e_30a5f9eadea6e0cb684a5265362d0d59fc0.jpg?1787862809,Gold,35,0,PLD
Disco Knees,36101852,28,0,Sophia,Materia,0,0,48d0a8dae7efe9ad10780f28920a969b_ba15a18cd3a8fb567e39053022515eb6fc0.jpg?1787859890,Gold,33,0,DRG
Seth Nier,10650761,29,0,Sophia,Materia,0,0,64bba40966450747199bec23184e47a3_ba15a18cd3a8fb567e39053022515eb6fc0.jpg?1787862910,Gold,26,0,DRK
Izaray Wintergray,40906176,30,0,Sophia,Materia,0,0,be2f5b4e324fa72cd4ef19d0c29f10da_ba15a18cd3a8fb567e39053022515eb6fc0.jpg?1787860532,Gold,37,0,DRK
Stupid Puzzle,57160120,31,0,Ravana,Materia,0,0,7af9b543418115db5c1299f1abb4e123_2f53b2675d3eea360f0b48d74d30af15fc0.jpg?1787861729,Gold,45,0,DRG
Stu Vermillion,45923134,32,0,Sephirot,Materia,0,0,542be51b9ba1f8c4c217e94d2b96e3aa_30a5f9eadea6e0cb684a5265362d0d59fc0.jpg?1787861693,Gold,35,0,DRK
Jena Kuwahara,28003546,33,0,Ravana,Materia,0,0,5bacb190ffd91b392df04923b13fa29a_2f53b2675d3eea360f0b48d74d30af15fc0.jpg?1787860020,Gold,98,0,WAR
Vielle Drillemont,52770027,34,0,Ravana,Materia,0,0,6c212c0698d00b38fb5cb7d51dcf91bf_2f53b2675d3eea360f0b48d74d30af15fc0.jpg?1787862927,Gold,74,0,WAR
Aislinn Rose,47395507,35,0,Ravana,Materia,0,0,920c56af8cba5363c65e0c83dbbcac71_2f53b2675d3eea360f0b48d74d30af15fc0.jpg?1787862096,Gold,68,0,BRD
Brian Ricardo,41560139,36,0,Sophia,Materia,0,0,678ed14a243387459872b7217f75e382_ba15a18cd3a8fb567e39053022515eb6fc0.jpg?1787861662,Gold,26,0,SGE
Noah Marlowe,16149159,37,0,Ravana,Materia,0,0,ec4ee34b34397ee883bd89175e1f15df_2f53b2675d3eea360f0b48d74d30af15fc0.jpg?1787860931,Gold,15,0,RDM
Scarlette Harlette,51206657,38,0,Sephirot,Materia,0,0,2f63ccbdc329fa14480887bf4c0dfa0e_30a5f9eadea6e0cb684a5265362d0d59fc0.jpg?1787860763,Gold,64,0,PCT
Berogi Avarous,37261319,39,0,Sophia,Materia,0,0,5fbe574c31dc7541b2bb18753fed8278_ba15a18cd3a8fb567e39053022515eb6fc0.jpg?1787861844,Gold,25,0,RPR
Han Liu,44640291,40,0,Ravana,Materia,0,0,55233b520f90487f51f380e2add5fc3d_2f53b2675d3eea360f0b48d74d30af15fc0.jpg?1787861593,Gold,87,0,DNC
Lion Lord,60332724,41,0,Ravana,Materia,0,0,72fbb269e357d68127cd61715f152bc8_2f53b2675d3eea360f0b48d74d30af15fc0.jpg?1787861806,Gold,57,0,BRD
Lupercal Aurelian,37936946,42,0,Ravana,Materia,0,0,93674d47ae679f2b2191e0d82e33123f_2f53b2675d3eea360f0b48d74d30af15fc0.jpg?1787860166,Gold,25,0,MCH
Arvus Lake,60370728,43,0,Bismarck,Materia,0,0,3491a10775fcbbb5a0c1329925f30f4f_36f0570990ac5402b2ef514d36b0435cfc0.jpg?1787862819,Gold,17,0,MNK
Nirki Yukumo,41663432,44,0,Zurvan,Materia,0,0,c950234c9a872ae2ab8476f696fcb74f_1fa3a1b3845481a1b67b46854a3cc49afc0.jpg?1787860519,Gold,20,0,MIN
Neo Zee,58982637,45,0,Ravana,Materia,0,0,c042f71fe47095dad35d5764027056d1_2f53b2675d3eea360f0b48d74d30af15fc0.jpg?1787859454,Gold,38,0,BRD
Juru'a Mihrulh,48704606,46,0,Zurvan,Materia,0,0,80aa9b34947750aa356810124a11ba19_1fa3a1b3845481a1b67b46854a3cc49afc0.jpg?1787861500,Gold,63,0,NIN
Zervish Vanht,21659747,47,0,Ravana,Materia,0,0,ff2403388bd597c0b3fb62c30e9bff67_2f53b2675d3eea360f0b48d74d30af15fc0.jpg?1787862926,Gold,23,0,GNB
Byakko Moon,10831175,48,0,Sephirot,Materia,0,0,7d8049ebe32efa74e5107944b1e43d15_30a5f9eadea6e0cb684a5265362d0d59fc0.jpg?1787861600,Gold,3,0,WHM
Wierd Dude,58113414,49,0,Sephirot,Materia,0,0,c887fa7d587b2205b349abb82627a0d1_30a5f9eadea6e0cb684a5265362d0d59fc0.jpg?1787862012,Gold,63,0,WHM
Sukoshi Ninjin,57860048,50,0,Sophia,Materia,0,0,b41a0bd7b5958d56cec5f84314a28f3a_ba15a18cd3a8fb567e39053022515eb6fc0.jpg?1787862620,Gold,32,0,UNK
Aurum Blaiddyd,10794239,51,0,Sophia,Materia,0,0,8b76648a8cb1cbbd4f1c870189433f3a_ba15a18cd3a8fb567e39053022515eb6fc0.jpg?1787861215,Gold,13,0,SAM
Clars Lester,951178,52,0,Sephirot,Materia,0,0,46727c8d445323c9e5b8140d37027050_30a5f9eadea6e0cb684a5265362d0d59fc0.jpg?1787860055,Silver,62,0,WAR
Sebastian Michaelis,42038341,53,0,Sephirot,Materia,0,0,17f4346a95c45541b337263d60106b3f_30a5f9eadea6e0cb684a5265362d0d59fc0.jpg?1787862820,Silver,59,0,CUL
Sana Miyata,34196273,54,0,Ravana,Materia,0,0,4a94c0f8b59e635e8748a32f11cc42f8_2f53b2675d3eea360f0b48d74d30af15fc0.jpg?1787861139,Silver,31,0,SCH
Birdy Lou,40000398,55,0,Sophia,Materia,0,0,a8894121a60bc81621d47edf1ee0577b_ba15a18cd3a8fb567e39053022515eb6fc0.jpg?1787862599,Silver,29,0,DRK
J'mo H',10666399,56,0,Sephirot,Materia,0,0,53873e717cbf7baeb168205935077671_30a5f9eadea6e0cb684a5265362d0d59fc0.jpg?1787861706,Silver,17,0,AST
Cwenhild Reid,41763782,57,0,Sophia,Materia,0,0,c9d176025665cc1528a984e82a81fd64_ba15a18cd3a8fb567e39053022515eb6fc0.jpg?1787862211,Silver,24,0,SAM
Pollux Renault,45246168,58,0,Ravana,Materia,0,0,af456258cb5d3ca7c42bb950f92247de_2f53b2675d3eea360f0b48d74d30af15fc0.jpg?1787860307,Silver,13,0,WAR
Ranko Riselle,47223883,59,0,Sophia,Materia,0,0,301cb977b468ead36aa13c049b17f861_ba15a18cd3a8fb567e39053022515eb6fc0.jpg?1787862008,Silver,11,0,UNK
Anzac Fenrir,10988408,60,0,Ravana,Materia,0,0,6c7b02f93e5250249333e13f236fc545_2f53b2675d3eea360f0b48d74d30af15fc0.jpg?1787862775,Silver,31,0,MNK
Kensuke Sugimori,59626210,60,0,Zurvan,Materia,0,0,b8c23a3c5466f6621fe9629c20c0b897_1fa3a1b3845481a1b67b46854a3cc49afc0.jpg?1787862596,Silver,31,0,NIN
Eustace Madao,44593837,62,0,Ravana,Materia,0,0,687914339d33024fe783e72eb5a1929f_2f53b2675d3eea360f0b48d74d30af15fc0.jpg?1787860505,Silver,22,0,RPR
Elto Malto,55670275,63,0,Zurvan,Materia,0,0,6625d7f60a549d4e764bdbbb6315b573_1fa3a1b3845481a1b67b46854a3cc49afc0.jpg?1787862954,Silver,17,0,UNK
Peaceful Serenity,44576253,64,0,Sephirot,Materia,0,0,ae7fb16a93fad97a522145bf683d894f_30a5f9eadea6e0cb684a5265362d0d59fc0.jpg?1787862364,Silver,0,0,RDM
Cucu Cucumber,43336963,65,0,Sophia,Materia,0,0,d0bedba76c1744686e4fafd9d31eeb08_ba15a18cd3a8fb567e39053022515eb6fc0.jpg?1787860861,Silver,40,0,BLM
Frierens Feet,18696306,66,0,Bismarck,Materia,0,0,55c56c5779dac3caf6a9e915a44a972d_36f0570990ac5402b2ef514d36b0435cfc0.jpg?1787861501,Silver,29,0,SMN
Persona Non-grata,59997612,66,0,Ravana,Materia,0,0,817d96e78e710beff47ca2d76caa6b30_2f53b2675d3eea360f0b48d74d30af15fc0.jpg?1787860470,Silver,29,0,PLD
C'ranmaia Lizha,60465549,68,0,Bismarck,Materia,0,0,f41736abfa17637ee6e1f020f2787726_36f0570990ac5402b2ef514d36b0435cfc0.jpg?1787861652,Silver,18,0,UNK
Shiny Garchomp,44081260,69,0,Ravana,Materia,0,0,a9aeaf4658d90c68d46e7086d323e456_2f53b2675d3eea360f0b48d74d30af15fc0.jpg?1787859974,Silver,17,0,MCH
Minty Dew,11254788,70,0,Sephirot,Materia,0,0,afdf4d4e1f96c8e17ed8dbbb09ea4e01_30a5f9eadea6e0cb684a5265362d0d59fc0.jpg?1787862231,Silver,12,0,SAM
Pompitous Litchous,28520377,71,0,Sephirot,Materia,0,0,ab4abed9c2f0b5369480818f95581f87_30a5f9eadea6e0cb684a5265362d0d59fc0.jpg?1787862867,Silver,10,0,RPR
Red Pocket,57790009,72,0,Zurvan,Materia,0,0,9ee6578b70ebe2412c9a6a3b9539d845_1fa3a1b3845481a1b67b46854a3cc49afc0.jpg?1787861801,Silver,1,0,UNK
Magnolia Moonsong,39932795,73,0,Sephirot,Materia,0,0,a9e5b8f87ce0e4e7d236eef2abfe90e0_30a5f9eadea6e0cb684a5265362d0d59fc0.jpg?1787861505,Silver,19,0,RDM
Sil Vanht,3592400,74,0,Ravana,Materia,0,0,7557bb5d8d4d13b13e750b30dbd34093_2f53b2675d3eea360f0b48d74d30af15fc0.jpg?1787862926,Silver,9,0,PLD
Re- G',41760350,75,0,Sophia,Materia,0,0,b5e032ba04147a101b5a91d07703c313_ba15a18cd3a8fb567e39053022515eb6fc0.jpg?1787862224,Silver,0,0,UNK
Tiny Seda,43818296,76,0,Ravana,Materia,0,0,21e2b2de9125d9cf1b99748fa9eef0e2_2f53b2675d3eea360f0b48d74d30af15fc0.jpg?1787860708,Silver,37,0,WHM
Venase Tym,61779775,77,0,Sophia,Materia,0,0,24aac6d5abd68d4dc957bd7c98ba27f2_ba15a18cd3a8fb567e39053022515eb6fc0.jpg?1787862828,Silver,18,0,UNK
Zero Alexander,18446688,78,0,Sophia,Materia,0,0,f2e26342d51255236baa45461f41bf5b_ba15a18cd3a8fb567e39053022515eb6fc0.jpg?1787862810,Silver,14,0,MNK
Temp Arie,41750566,79,0,Zurvan,Materia,0,0,73bdd493fc471827004a90a5745ff400_1fa3a1b3845481a1b67b46854a3cc49afc0.jpg?1787859736,Silver,13,0,PLD
Awayi Soleil,40986096,80,0,Zurvan,Materia,0,0,c84676ef434b75aec3260707fcad3d8a_1fa3a1b3845481a1b67b46854a3cc49afc0.jpg?1787861193,Silver,12,0,BLM
Swhe Swoo,28568079,81,0,Sephirot,Materia,0,0,fbccbe709d21605c6f47dec5052b1238_30a5f9eadea6e0cb684a5265362d0d59fc0.jpg?1787859573,Silver,9,0,DRK
Levinia Lumina,25634480,82,0,Ravana,Materia,0,0,9ba79c01085813db00f74aa9a46fd0c8_2f53b2675d3eea360f0b48d74d30af15fc0.jpg?1787861831,Silver,12,0,MCH
Liachen Thrope,29127861,83,0,Sophia,Materia,0,0,b0722934ed1329725ff744f9ae52c7ba_ba15a18cd3a8fb567e39053022515eb6fc0.jpg?1787862660,Silver,9,0,CUL
Goober Gooberm,48887220,84,0,Ravana,Materia,0,0,4523e0b4a5f923b67e31f18f801210af_2f53b2675d3eea360f0b48d74d30af15fc0.jpg?1787862435,Silver,18,0,ALC
Zepherii Sui,43963552,85,0,Sophia,Materia,0,0,31b395238c6120dc114964c652dc393b_ba15a18cd3a8fb567e39053022515eb6fc0.jpg?1787861717,Silver,16,0,MCH
Athena' Aria,29939277,86,0,Ravana,Materia,0,0,c678c1cf7f9d7de3e80882588e7606e8_2f53b2675d3eea360f0b48d74d30af15fc0.jpg?1787860301,Silver,6,0,AST
Turuturu Mennmenn,51356780,87,0,Sephirot,Materia,0,0,501dec1a7db9bac050ecbd4f8028e6e6_30a5f9eadea6e0cb684a5265362d0d59fc0.jpg?1787862858,Bronze,19,0,MNK
Hotsingles Inyourarea,43275845,88,0,Sephirot,Materia,0,0,08be8dec8891190a5227c50c7650dd29_30a5f9eadea6e0cb684a5265362d0d59fc0.jpg?1787859833,Bronze,15,0,PCT
Makh'a Zruhn,42193944,89,0,Ravana,Materia,0,0,323be164f5593618bf1111ae4538ad96_2f53b2675d3eea360f0b48d74d30af15fc0.jpg?1787862050,Bronze,6,0,SAM
Ashmi Rae,18364101,90,0,Bismarck,Materia,0,0,2b3a41d227e2937852d5c1e031d5aba0_36f0570990ac5402b2ef514d36b0435cfc0.jpg?1787861951,Bronze,5,0,BRD
Tiny Wrath,25583557,91,0,Zurvan,Materia,0,0,2c82c1a404fc646361cabcf478aed323_1fa3a1b3845481a1b67b46854a3cc49afc0.jpg?1787859586,Bronze,24,0,WAR
Fio Vanetti,41633033,92,0,Ravana,Materia,0,0,f237b05eb696b7fe8e05b757513a1ca2_2f53b2675d3eea360f0b48d74d30af15fc0.jpg?1787860238,Bronze,12,0,DRG
Esuna Me,41693115,93,0,Sophia,Materia,0,0,a228e053489ecc9e042fda80c30c0c67_ba15a18cd3a8fb567e39053022515eb6fc0.jpg?1787862115,Bronze,11,0,SMN
Ashe Elven,60375475,94,0,Ravana,Materia,0,0,d4a5d51981aa859d5ce41248e280c696_2f53b2675d3eea360f0b48d74d30af15fc0.jpg?1787861559,Bronze,10,0,PLD
Mandakavaa Malaguld,37955863,95,0,Bismarck,Materia,0,0,28368cf0fe654896ddafdbaa7c7a6a56_36f0570990ac5402b2ef514d36b0435cfc0.jpg?1787862547,Bronze,8,0,FSH
Vistra Vistra,37543108,96,0,Sophia,Materia,0,0,b46ab5b00ca34214d4593336a0f112ed_ba15a18cd3a8fb567e39053022515eb6fc0.jpg?1787861355,Bronze,4,0,RPR
Inconspicuous Miqo'te,3493859,97,0,Sophia,Materia,0,0,0b6b4d2c312f136911f9717c83c17997_ba15a18cd3a8fb567e39053022515eb6fc0.jpg?1787862675,Bronze,11,0,VPR
Aethon Shaan,60332336,98,0,Zurvan,Materia,0,0,2c608a6ec9ff59b0783f70b9c665a4b2_1fa3a1b3845481a1b67b46854a3cc49afc0.jpg?1787862469,Bronze,9,0,VPR
Therise Yld'amore,41754598,99,0,Bismarck,Materia,0,0,dea40bb49832c184ff5941cee3006818_36f0570990ac5402b2ef514d36b0435cfc0.jpg?1787861648,Bronze,7,0,PCT
Daeneris Stormborn,17816677,100,0,Zurvan,Materia,0,0,dd3c1f830e92ca4f902d42575517a37d_1fa3a1b3845481a1b67b46854a3cc49afc0.jpg?1787861625,Bronze,4,0,WHM
