name,id,cur_rank,prev_rank,world,dc,points,points_delta,portrait,tier,wins,wins_delta,job
Scarlet Rose,26616217,1,0,Spriggan,Chaos,2614,0,96ad88f23a708e8d6e391f669986d57c_feaf0a2e88ff164813fbc9b85876fa48fc0.jpg?1786270870,Omega,200,28,PLD
Aura Sphere,30657353,2,0,Zodiark,Light,2169,0,6cc4a373eafbcbf88a340a52d95f133e_c274370774c6bc3483cc8740805f41bcfc0.jpg?1786270877,Omega,79,16,PLD
Resilla Frostflow,14658770,3,0,Cerberus,Chaos,2004,0,00a4e6250beb98b5644c87cffe8b7f4f_777c57311d510ca65dac3c1077dee435fc0.jpg?1786270570,Omega,107,0,PLD
Sice Seven,15008161,4,5,Moogle,Chaos,2004,194,23657ac0d29f4bc5667ef1e00cf528f8_d7a9d5f85a29d6278ec1c7adc2c8d242fc0.jpg?1786269876,Omega,47,9,BRD
Totsu Geki,60147602,5,4,Spriggan,Chaos,1935,0,1b45188bdbf3dd4afe9a37a646eaa4b9_feaf0a2e88ff164813fbc9b85876fa48fc0.jpg?1786270744,Omega,226,32,RPR
Miyu Moon,58918526,6,13,Moogle,Chaos,1894,408,1abf5ce3756f6fa0d1c5be2cd39491bc_d7a9d5f85a29d6278ec1c7adc2c8d242fc0.jpg?1786272343,Omega,48,18,SAM
Ciel Melrose,58478493,7,6,Raiden,Light,1806,0,2c7b597e2437a00ad9f0fc0439c68531_a370664d98f658f4ed4e620f378f73cdfc0.jpg?1786272670,Omega,40,0,DRG
Miyu Edelfelt,21335430,8,7,Phoenix,Light,1785,0,ba690d74246b4d07f543f0d9516feec2_5047bc596a4bab2dc7f7c120bb22dec5fc0.jpg?1786272635,Omega,128,0,AST
Saboree Catboy,36051653,9,10,Spriggan,Chaos,1761,206,b61ec1080d608b5a83f30baef219dc02_feaf0a2e88ff164813fbc9b85876fa48fc0.jpg?1786272420,Omega,122,4,MNK
Lhei Tayun,25191408,10,12,Zodiark,Light,1703,199,6ee93960f16da0ea5150fe1b7590dfa4_c274370774c6bc3483cc8740805f41bcfc0.jpg?1786272971,Omega,112,2,BLM
Pan Ther,47356852,11,8,Twintania,Light,1651,0,fc9492796dbee9f84ae010350ec7759c_c33f640c0cdd35f7def85b8aa31a0007fc0.jpg?1786272768,Omega,148,3,WHM
Marci Sidekick,41408431,12,27,Zodiark,Light,1586,596,a9c3b41a05dec1fd191fe80f38009aa5_c274370774c6bc3483cc8740805f41bcfc0.jpg?1786270600,Omega,60,12,DRG
Elohim Meth,60682611,13,20,Raiden,Light,1584,295,0b14f1751b014118eca06236e1fdf2bf_a370664d98f658f4ed4e620f378f73cdfc0.jpg?1786272283,Omega,51,3,UNK
Auelin Fae,18291844,14,9,Zodiark,Light,1577,0,2d6204db02c5efce86aca234fd6f1ce1_c274370774c6bc3483cc8740805f41bcfc0.jpg?1786270460,Omega,68,0,DRG
Prisma Tic,38791879,15,22,Cerberus,Chaos,1573,397,5220c35172bb26154c862a6d485e37b8_777c57311d510ca65dac3c1077dee435fc0.jpg?1786270102,Omega,149,16,AST
Yasuki San,61688064,16,23,Phantom,Chaos,1535,390,37dbf9b8936faaf9c75f598c38dcac11_f0a43d6e5eea19af337a176e9836acddfc0.jpg?1786271290,Omega,176,20,UNK
Tsukuyo Ritlas,37800185,17,11,Odin,Light,1510,0,eca30840fe0bed8e80f620b5f57c49de_644311b63b607133c989d7c1188467dafc0.jpg?1786270597,Omega,60,11,RDM
Crow Kaien,44749262,18,16,Zodiark,Light,1476,100,54e5719ccbdb45c6de28f017b4365207_c274370774c6bc3483cc8740805f41bcfc0.jpg?1786270125,Crystal,29,2,SCH
Akari Tsuki,31005286,19,14,Louisoix,Chaos,1398,0,28e1cfaecfbf911dc3621f5de74642aa_0a122616f3718d3f45cab10fd8fc1604fc0.jpg?1786272357,Crystal,23,5,WAR
Loty Coldwind,36521588,20,15,Twintania,Light,1379,0,3632cf6d20598f5c4c7b748be7e19153_c33f640c0cdd35f7def85b8aa31a0007fc0.jpg?1786269563,Crystal,119,16,WAR
Leedo Dale,25033597,21,29,Zodiark,Light,1367,386,9e122691e98bda2ea6abe86ed7b81a63_c274370774c6bc3483cc8740805f41bcfc0.jpg?1786270998,Crystal,228,21,DNC
Shimori Bunihara,35166011,22,30,Raiden,Light,1362,387,c44c8fc68c230b1051ec35a527afe9ed_a370664d98f658f4ed4e620f378f73cdfc0.jpg?1786269775,Crystal,88,15,RPR
Maarato Cookie,20349526,23,17,Twintania,Light,1321,0,dbab16598b86bb31b2eb96070f723572_c33f640c0cdd35f7def85b8aa31a0007fc0.jpg?1786271153,Crystal,82,5,NIN
Tia Tomoe,41293767,24,18,Phoenix,Light,1308,0,7dc31b9a880ba3f36a3ef1208e0c5909_5047bc596a4bab2dc7f7c120bb22dec5fc0.jpg?1786270542,Crystal,42,0,MNK
Mamiyama Kamimama,37371304,25,19,Spriggan,Chaos,1300,0,3c6fd6569d3dce40308c9a2a1f3c3bfa_feaf0a2e88ff164813fbc9b85876fa48fc0.jpg?1786270763,Crystal,186,2,SCH
Xen Thique,40172078,26,21,Odin,Light,1185,0,8930228f4df0c18feea28ebbb1c451f2_644311b63b607133c989d7c1188467dafc0.jpg?1786271302,Crystal,41,0,WHM
Ase Dora,42603487,27,24,Alpha,Light,1114,0,78626e6cf6f07875d5ac9527a5bd0c4d_6132295fcf5570fb8b0a944ef322a598fc0.jpg?1786271308,Crystal,169,21,DRG
Based Miqote,46487952,28,25,Twintania,Light,1102,0,5e2bb42e554586a20b050b7fd3f88e26_c33f640c0cdd35f7def85b8aa31a0007fc0.jpg?1786271756,Crystal,91,0,UNK
Shino Yaru,38308969,29,26,Phoenix,Light,1100,0,0662727bb913ed7fe3009f3542ea1e64_5047bc596a4bab2dc7f7c120bb22dec5fc0.jpg?1786272383,Crystal,105,39,UNK
Tei Tei,36611700,30,34,Odin,Light,989,100,21c224545e3d3af775a3d377c8e444bf_644311b63b607133c989d7c1188467dafc0.jpg?1786271413,Crystal,82,8,AST
Sweet Light,41777815,31,28,Spriggan,Chaos,986,0,2e6808627bd2b8f0f5f0377d20cbbbc5_feaf0a2e88ff164813fbc9b85876fa48fc0.jpg?1786272571,Crystal,29,0,FSH
Lex'ander Wayfarer,18009481,32,31,Odin,Light,904,0,0adfa03fe11940a91e3b6a2ed08ddb88_644311b63b607133c989d7c1188467dafc0.jpg?1786270340,Crystal,32,0,DRK
Yun' Yun,11341467,33,32,Cerberus,Chaos,896,0,df098ceed6d9cf14cf61cc4110cd6cb5_777c57311d510ca65dac3c1077dee435fc0.jpg?1786272419,Crystal,115,11,WHM
Meryll Enetari,24681550,34,37,Cerberus,Chaos,895,95,f4fe16c70d7023e2101e19421c5abf1e_777c57311d510ca65dac3c1077dee435fc0.jpg?1786269542,Crystal,179,14,DNC
Tyra Kett,26531277,35,33,Spriggan,Chaos,893,0,101b7ec48bba5c5e5b34fda1316c57bc_feaf0a2e88ff164813fbc9b85876fa48fc0.jpg?1786271633,Crystal,82,0,BRD
Maggot Maggot,61703768,36,40,Omega,Chaos,892,100,3657d57f4a20a5d901d7f4537f1b7307_39e25ac3d737c46452305eefe324372cfc0.jpg?1786270743,Crystal,130,33,WAR
Lybel Alyborias,25836089,37,35,Louisoix,Chaos,807,0,a86b680e6c4e5e23befaaaf535a158de_0a122616f3718d3f45cab10fd8fc1604fc0.jpg?1786272763,Crystal,66,0,RDM
Deadrise Mutombo,31730694,38,36,Ragnarok,Chaos,803,0,a382acb94313f23d966dd6d39d909bea_40d57ba713628f3f1ef5ef204b6d76d2fc0.jpg?1786270837,Crystal,41,0,DRG
Misora Kaiatsa,25126040,39,38,Moogle,Chaos,796,0,80fa199452585ab77d14128509576300_d7a9d5f85a29d6278ec1c7adc2c8d242fc0.jpg?1786272808,Crystal,66,0,RDM
Dragonlife Saijax,29449285,40,39,Moogle,Chaos,794,0,3c08546d3793d12f77cc0b00d3a3af5b_d7a9d5f85a29d6278ec1c7adc2c8d242fc0.jpg?1786271897,Crystal,26,0,GNB
Two Koma,51508003,41,78,Zodiark,Light,785,585,15a666f8d7bb67401300fae763ce4d32_c274370774c6bc3483cc8740805f41bcfc0.jpg?1786269733,Crystal,83,15,SAM
Myst Freyja,33906213,42,52,Omega,Chaos,711,199,240b879fd403fc16c04022b6075077ae_39e25ac3d737c46452305eefe324372cfc0.jpg?1786270163,Crystal,60,6,RPR
Cliffe Zanza,36074329,43,0,Spriggan,Chaos,709,0,d8d2fa78adb447ec4b6d5d747f5d5f84_feaf0a2e88ff164813fbc9b85876fa48fc0.jpg?1786271157,Crystal,11,0,MNK
Holos Ymir,35299241,44,41,Cerberus,Chaos,704,0,f8029ed36fad032333305dfa455cddec_777c57311d510ca65dac3c1077dee435fc0.jpg?1786270999,Crystal,33,5,AST
Ivaious Zol,38270926,45,42,Odin,Light,703,0,2e78b44195db83336b1acbe75927a864_644311b63b607133c989d7c1188467dafc0.jpg?1786270884,Crystal,41,1,RDM
Red Aura,58355527,46,61,Spriggan,Chaos,700,290,24685b07d940d962953f7111d4144e46_feaf0a2e88ff164813fbc9b85876fa48fc0.jpg?1786272840,Crystal,45,17,MNK
Ten Gil,17217146,47,0,Louisoix,Chaos,698,0,884fcae1e61228d09798c630a2c827fb_0a122616f3718d3f45cab10fd8fc1604fc0.jpg?1786269690,Crystal,10,0,SMN
Kimbi Aoe,24693270,48,43,Shiva,Light,697,0,67e0ddfb70faf5725a971d086cfdce61_3fbff0e6b620e4d259dc427abc6574dafc0.jpg?1786271411,Crystal,61,5,MCH
Lost Signal,56186869,49,44,Odin,Light,695,0,b36972ee34bfd25f82ce348b32b6f5da_644311b63b607133c989d7c1188467dafc0.jpg?1786270732,Crystal,50,14,MNK
Dalik Mathis,9537863,50,45,Ragnarok,Chaos,694,0,fd4dde44208527cc20e58ba589d51f01_40d57ba713628f3f1ef5ef204b6d76d2fc0.jpg?1786269532,Crystal,75,3,SGE
A'dyalani Sato,10026278,51,46,Odin,Light,693,0,d072994a22af88090aecf6e5a3b85c36_644311b63b607133c989d7c1188467dafc0.jpg?1786270260,Crystal,62,0,NIN
Baka Bao,30345026,52,51,Phantom,Chaos,692,98,57df7efcbcdf8f1aca84c4f1435c36ba_f0a43d6e5eea19af337a176e9836acddfc0.jpg?1786270255,Crystal,181,26,MCH
Sophia Ariadne,11431073,53,47,Odin,Light,600,0,f4329ddf82a418a6e12f1ba978bc1523_644311b63b607133c989d7c1188467dafc0.jpg?1786271615,Crystal,45,0,WHM
Farnese Shieldmaiden,24419493,54,55,Cerberus,Chaos,600,100,dcec016c4a6cd9a2bd3a2b73183f5a65_777c57311d510ca65dac3c1077dee435fc0.jpg?1786271381,Crystal,18,1,DRK
Shia Sun,1754600,55,48,Odin,Light,599,0,7550981ba488e5ebe919aa3cb39efbfa_644311b63b607133c989d7c1188467dafc0.jpg?1786270428,Crystal,86,10,WHM
Spedah Sashihai,46717230,56,49,Phantom,Chaos,598,0,916aa42d41d9cb06784f26d21d850c5a_f0a43d6e5eea19af337a176e9836acddfc0.jpg?1786270178,Crystal,57,3,SGE
Memento Mo'ri,1641495,57,50,Ragnarok,Chaos,595,0,86323bce84189061b1d71ff1dc25266a_40d57ba713628f3f1ef5ef204b6d76d2fc0.jpg?1786272969,Crystal,65,0,WHM
Neclord Drakan,34358772,58,53,Phoenix,Light,510,0,7e002012c8fc4f9e493cd5879573e088_5047bc596a4bab2dc7f7c120bb22dec5fc0.jpg?1786272608,Crystal,41,3,SMN
Tay Talenath,45740169,59,54,Raiden,Light,501,0,b2fa0c7222f7e3ebe117f24a200e11d8_a370664d98f658f4ed4e620f378f73cdfc0.jpg?1786271625,Crystal,131,0,VPR
Master Zoknik,47233914,60,56,Omega,Chaos,498,0,47b7a0d3c4816d6dc7cb85c85a3685f7_39e25ac3d737c46452305eefe324372cfc0.jpg?1786271947,Crystal,69,0,WAR
Sunie Mochi,12728791,61,66,Twintania,Light,497,99,4760f9b45bd6f71f83adbd97ab87eae3_c33f640c0cdd35f7def85b8aa31a0007fc0.jpg?1786270635,Crystal,106,14,DNC
Aurora Maou,26517539,62,0,Louisoix,Chaos,496,0,433a49b5cc43b35afac03d97c50262f9_0a122616f3718d3f45cab10fd8fc1604fc0.jpg?1786272567,Crystal,17,0,SMN
Thor Strom,35911315,63,57,Cerberus,Chaos,496,0,3826da79ed71141aec290f69127b5c79_777c57311d510ca65dac3c1077dee435fc0.jpg?1786271471,Crystal,5,0,SCH
Delzor Waka,40194085,64,58,Odin,Light,492,0,bde30c4caff355f65cf9761727b12725_644311b63b607133c989d7c1188467dafc0.jpg?1786269975,Crystal,111,0,VPR
Yellow Blue,58488618,65,59,Spriggan,Chaos,491,0,51731f8a93c1d8b59b5c3ded4ffb5a64_feaf0a2e88ff164813fbc9b85876fa48fc0.jpg?1786271295,Crystal,66,1,RPR
Yinwea Levai,36476322,66,60,Shiva,Light,412,0,944bf3a8e93fcc8f15f3f521462d11b5_3fbff0e6b620e4d259dc427abc6574dafc0.jpg?1786271490,Crystal,154,0,WHM
Ul Unhu,9592278,67,62,Phoenix,Light,403,0,d703e404c81140848dbcd200abc4ef7e_5047bc596a4bab2dc7f7c120bb22dec5fc0.jpg?1786272628,Crystal,130,0,DRK
Seraban Mistodisushi,25116690,68,63,Omega,Chaos,402,0,9ab6f5d4307a747e8378402c6070b2a7_39e25ac3d737c46452305eefe324372cfc0.jpg?1786272039,Crystal,98,8,UNK
Yhren Vhal,56948558,69,79,Odin,Light,399,199,3f62ad2093c1016540ef936a5563823b_644311b63b607133c989d7c1188467dafc0.jpg?1786270226,Crystal,59,22,UNK
Yi Ma,60448295,70,64,Phoenix,Light,399,0,bb3af62117cae7488d9b02007f341c7b_5047bc596a4bab2dc7f7c120bb22dec5fc0.jpg?1786271291,Crystal,25,10,DNC
Raiden Thorne,27238016,71,65,Zodiark,Light,399,0,96a909af8d24d60f6d8173f8cc16facb_c274370774c6bc3483cc8740805f41bcfc0.jpg?1786272920,Crystal,10,2,MNK
General Aardvark,48423100,72,98,Twintania,Light,398,298,cf88029724167c1d18ed8c536a862900_c33f640c0cdd35f7def85b8aa31a0007fc0.jpg?1786272037,Crystal,74,18,DRG
Yamizura Kumozuma,19652230,73,67,Twintania,Light,392,0,24bbc9cebf09eb83efcbc272c3085fd1_c33f640c0cdd35f7def85b8aa31a0007fc0.jpg?1786272618,Crystal,6,0,SCH
Mitsuki Mirai,18435457,74,68,Louisoix,Chaos,384,0,365f1772f387bd280bdbfc16afbd5e4e_0a122616f3718d3f45cab10fd8fc1604fc0.jpg?1786271361,Crystal,7,0,WAR
Reireiko Reiko,51402233,75,69,Alpha,Light,301,0,6bb627130b2067e09c7110eb74707745_6132295fcf5570fb8b0a944ef322a598fc0.jpg?1786271237,Crystal,17,0,DRG
Wwwwwwwwww Wwwwwwwwww,22934838,76,155,Odin,Light,300,300,44b50a04ce7aed4e2c4699753f5b83bc_644311b63b607133c989d7c1188467dafc0.jpg?1786271310,Crystal,37,9,FSH
Neo Saladin,60195724,77,70,Alpha,Light,299,0,d61ef205c9700150e78797546d2ac263_6132295fcf5570fb8b0a944ef322a598fc0.jpg?1786272191,Crystal,90,0,MCH
Hyzenthlay Efrafa,1817919,78,82,Ragnarok,Chaos,296,99,f61f49f2ed95a3709fa034686da0eb63_40d57ba713628f3f1ef5ef204b6d76d2fc0.jpg?1786270139,Crystal,27,6,WHM
Sal Ren,40787945,79,122,Phoenix,Light,295,295,9613f7a8c0a759977b8a3fe787fed7e0_5047bc596a4bab2dc7f7c120bb22dec5fc0.jpg?1786272425,Crystal,40,5,DRK
Tarutella Goldfish,4235488,80,71,Phoenix,Light,295,0,f269741c27ca22c02db955557e7283fa_5047bc596a4bab2dc7f7c120bb22dec5fc0.jpg?1786270756,Crystal,2,0,SCH
Phaey Yeon,58326616,81,72,Moogle,Chaos,287,0,6497d439e55c80c0156c198e7f135c78_d7a9d5f85a29d6278ec1c7adc2c8d242fc0.jpg?1786270821,Crystal,41,0,UNK
Zecht Bradamant,31785474,82,73,Omega,Chaos,214,0,b0b8438e6682f2931a1a930121d0ab43_39e25ac3d737c46452305eefe324372cfc0.jpg?1786269708,Crystal,99,1,PLD
Shiroko Momo,39619880,83,74,Odin,Light,207,0,83b4a27fbdf8dfdce9a7e095cc14bf41_644311b63b607133c989d7c1188467dafc0.jpg?1786269712,Crystal,115,21,BRD
Brian Ricardo,23607238,84,75,Zodiark,Light,203,0,9c9d045f5f22c579ce5c24faa2b9b303_c274370774c6bc3483cc8740805f41bcfc0.jpg?1786272204,Crystal,49,0,AST
Brutal Killer,8885117,85,76,Ragnarok,Chaos,203,0,30c6a6207c7e93d407784888a7f29c97_40d57ba713628f3f1ef5ef204b6d76d2fc0.jpg?1786271404,Crystal,3,0,GNB
Sayuri Maeshima,33888798,86,77,Omega,Chaos,201,0,9543e703e2409901a4e4c51fcd72a0bd_39e25ac3d737c46452305eefe324372cfc0.jpg?1786269690,Crystal,44,9,SMN
Elyndra Mayhn,27143285,87,94,Twintania,Light,200,100,e4b30c11c8c987996e50ee4c5899c037_c33f640c0cdd35f7def85b8aa31a0007fc0.jpg?1786271514,Crystal,70,2,ARC
Riseon Misha,26343965,88,107,Zodiark,Light,200,100,d883dcfcee6650b3e6e1691bf6838f6c_c274370774c6bc3483cc8740805f41bcfc0.jpg?1786269790,Crystal,31,7,WHM
Selin Naari,16360751,89,80,Cerberus,Chaos,200,0,fb2c3681e2cb33bdcd7894d5aad0b9ec_777c57311d510ca65dac3c1077dee435fc0.jpg?1786271804,Crystal,20,0,SGE
Cipher Strife,7955322,90,81,Ragnarok,Chaos,199,0,fd0f2644fe22871d381e6bae8798c484_40d57ba713628f3f1ef5ef204b6d76d2fc0.jpg?1786272982,Crystal,154,16,GNB
Frankie Urien,32323176,91,207,Odin,Light,199,199,ffae33588fe71f102672b7defdb50a30_644311b63b607133c989d7c1188467dafc0.jpg?1786272227,Crystal,151,23,WHM
Mats Luxed,36390152,92,83,Twintania,Light,196,0,4d98b4ef01ccfc9df166d83a5771a4ea_c33f640c0cdd35f7def85b8aa31a0007fc0.jpg?1786271855,Crystal,32,0,RDM
Zot To,18725302,93,84,Cerberus,Chaos,196,0,852c16bac4fe7f528a8653c65704e818_777c57311d510ca65dac3c1077dee435fc0.jpg?1786271725,Crystal,1,0,DRG
Lunaelumen Heartless,3344766,94,134,Phoenix,Light,104,104,442c49c53db78614043ce10aa9733411_5047bc596a4bab2dc7f7c120bb22dec5fc0.jpg?1786272414,Crystal,36,6,BLU
Chise Hatori',9182735,95,85,Ragnarok,Chaos,103,0,236f29f4984f26e6b197da380f104a63_40d57ba713628f3f1ef5ef204b6d76d2fc0.jpg?1786270537,Crystal,85,5,VPR
Freya Highwind,37533969,96,167,Spriggan,Chaos,100,100,de376c51fd21ccbb1018c1c3fb40734b_feaf0a2e88ff164813fbc9b85876fa48fc0.jpg?1786271382,Crystal,204,17,RDM
Keraunos Greywolfe,31183458,97,86,Alpha,Light,100,0,3431088cd9f33e5f20e30162c35286fd_6132295fcf5570fb8b0a944ef322a598fc0.jpg?1786271169,Crystal,177,0,DRK
Lumine Heartseeker,37169102,98,118,Lich,Light,100,100,bef41e353f9709f6c26365adcd129410_7206469080400ed57a5373d0a9c55c59fc0.jpg?1786272806,Crystal,148,25,RDM
Magnus Skorweg,14288959,99,87,Cerberus,Chaos,100,0,36b3ca5cc0c3fa7edd1b5b276f54a6fc_777c57311d510ca65dac3c1077dee435fc0.jpg?1786270834,Crystal,132,5,DRK
Skillpade Skyr,37019657,100,88,Lich,Light,100,0,e520a31662bd7030c96e4951a4f2d301_7206469080400ed57a5373d0a9c55c59fc0.jpg?1786270529,Crystal,118,0,DRK
Wieg Wiggles,35061622,101,119,Lich,Light,100,100,61256a3e6c4f0c3dcc05469f5550d102_7206469080400ed57a5373d0a9c55c59fc0.jpg?1786272061,Crystal,116,7,WAR
Haadin Maero,25649806,102,120,Cerberus,Chaos,100,100,ab3efb60a6f01134129c732e6e60c255_777c57311d510ca65dac3c1077dee435fc0.jpg?1786269810,Crystal,108,11,RDM
Lilia Sunvale,59323692,103,89,Phoenix,Light,100,0,01173bfd4d3bd682b07d6e9ac6dafd16_5047bc596a4bab2dc7f7c120bb22dec5fc0.jpg?1786272938,Crystal,105,0,BRD
Rain Hoshino,6160241,104,90,Moogle,Chaos,100,0,fc4a751ebc0402023f56f7934007c9ef_d7a9d5f85a29d6278ec1c7adc2c8d242fc0.jpg?1786272147,Crystal,99,0,PLD
Saku Rozen,1622070,105,144,Odin,Light,100,100,76d32a46909474e4b590ee6476bfabce_644311b63b607133c989d7c1188467dafc0.jpg?1786270971,Crystal,98,17,UNK
Haki Haki,8290724,106,91,Ragnarok,Chaos,100,0,3fc43df6da1c629c59b5cdae63dee7a7_40d57ba713628f3f1ef5ef204b6d76d2fc0.jpg?1786270312,Crystal,94,0,SCH
Pat Olehouse,17156873,107,92,Lich,Light,100,0,54c944c62ef7bd68e95a2a558d856482_7206469080400ed57a5373d0a9c55c59fc0.jpg?1786271719,Crystal,78,0,PLD
Sahamaru Kamijo,13566032,108,182,Lich,Light,100,100,ab5bb27991a2037ddd8e8b0aef304406_7206469080400ed57a5373d0a9c55c59fc0.jpg?1786272989,Crystal,75,22,MCH
Akito Kotomine,14113084,109,93,Cerberus,Chaos,100,0,6535eaee5701ca6c10beffbfc70273c9_777c57311d510ca65dac3c1077dee435fc0.jpg?1786272756,Crystal,70,0,RPR
Feri De,32873333,109,96,Twintania,Light,100,0,04fae792c920333e5bdc3287c0df72e4_c33f640c0cdd35f7def85b8aa31a0007fc0.jpg?1786271715,Crystal,70,12,WHM
Magic Beans,43732030,111,137,Phoenix,Light,100,100,4a7e75e2be4f70e389e8807cc1d2b885_5047bc596a4bab2dc7f7c120bb22dec5fc0.jpg?1786269563,Crystal,68,8,BLM
Gaspard Deguingoix,11032081,112,95,Moogle,Chaos,100,0,b9283e6a6be9cd219ee0afea98546775_d7a9d5f85a29d6278ec1c7adc2c8d242fc0.jpg?1786269789,Crystal,65,0,RDM
Lsi Lsi,47353875,113,96,Lich,Light,100,0,792b3235fe2fbd35d956e856c210194f_7206469080400ed57a5373d0a9c55c59fc0.jpg?1786270577,Crystal,58,0,PCT
Baby Starz,27999014,114,126,Omega,Chaos,100,100,e8cb7daea22ff306dcc9397ecad5a4a2_39e25ac3d737c46452305eefe324372cfc0.jpg?1786271078,Crystal,56,12,DRG
Bing Bing,50857849,114,132,Odin,Light,100,100,1a2b77cf04680b9bfe1c19f07f9f1f44_644311b63b607133c989d7c1188467dafc0.jpg?1786270597,Crystal,56,12,RPR
Madelynn Veil,49771412,116,99,Omega,Chaos,100,0,92f91d9225bb816c6562fb117814681e_39e25ac3d737c46452305eefe324372cfc0.jpg?1786270819,Crystal,55,0,RDM
Guimiko Miko,54285624,117,100,Moogle,Chaos,100,0,610c37aeb64c6149d7c6d5ea93a8114e_d7a9d5f85a29d6278ec1c7adc2c8d242fc0.jpg?1786271113,Crystal,50,0,PCT
Alex Rider,18844824,118,101,Raiden,Light,100,0,88e1d370b1f9d1b22933e6476449b463_a370664d98f658f4ed4e620f378f73cdfc0.jpg?1786272109,Crystal,47,0,SMN
Pattinger Kersel,8183392,119,102,Raiden,Light,100,0,4fec5839fc0fc0bba3a80fc4e1910660_a370664d98f658f4ed4e620f378f73cdfc0.jpg?1786272345,Crystal,44,0,BLM
Wimp Lo,37793632,120,104,Zodiark,Light,100,0,45ed053d252c3a44eabe55329426aa37_c274370774c6bc3483cc8740805f41bcfc0.jpg?1786270926,Crystal,42,11,WAR
Sotek Scherwil,486374,121,103,Twintania,Light,100,0,c881840c18d6c9fc415801f5f8240174_c33f640c0cdd35f7def85b8aa31a0007fc0.jpg?1786272401,Crystal,37,0,DRK
Sakurane Zero'yuurai,13075529,122,104,Ragnarok,Chaos,100,0,b65369d4b043831749f5fa45d2428e30_40d57ba713628f3f1ef5ef204b6d76d2fc0.jpg?1786269930,Crystal,31,0,GNB
Shadow Aya,54551815,123,106,Zodiark,Light,100,0,5ca13f39db9eefc50e8e57be73e7254e_c274370774c6bc3483cc8740805f41bcfc0.jpg?1786273085,Crystal,30,0,DRK
Ebin Almsivi,35310847,124,108,Shiva,Light,100,0,0c72e527d2d86c2ee8f4698832e880b5_3fbff0e6b620e4d259dc427abc6574dafc0.jpg?1786270496,Crystal,23,0,PLD
Luca Natura,26126798,124,108,Omega,Chaos,100,0,aee9a8f332f96a4c5a45923c0e82782a_39e25ac3d737c46452305eefe324372cfc0.jpg?1786270823,Crystal,23,0,GSM
Vanilla Blossom,41496807,124,108,Moogle,Chaos,100,0,b0e7d1b464d155d8791692fe2e47299d_d7a9d5f85a29d6278ec1c7adc2c8d242fc0.jpg?1786271536,Crystal,23,0,MCH
Yuripa Arashi,37731658,124,108,Shiva,Light,100,0,73ff0d0b3cc5f92ec79dabffa2bedf80_3fbff0e6b620e4d259dc427abc6574dafc0.jpg?1786271085,Crystal,23,0,WAR
Eve Naeuri,43290162,128,112,Sagittarius,Chaos,100,0,c143c5d5e461ba9e3f51c07a3de23e21_44ca0844398b2d010d8cd4a31ddb023dfc0.jpg?1786271314,Crystal,19,0,WHM
Yuumi Fish,25707217,129,113,Cerberus,Chaos,100,0,1a7ebbda26c28eb61f262b9fb37e8c6e_777c57311d510ca65dac3c1077dee435fc0.jpg?1786270356,Crystal,18,0,DRK
Moki Moki,14235486,130,114,Odin,Light,100,0,82d3ef8d03fa7a6ddf4429f15fd296a2_644311b63b607133c989d7c1188467dafc0.jpg?1786270471,Crystal,1,0,WAR
Snap Ringer,18714030,130,114,Omega,Chaos,100,0,77577ce781d587b133c9c53da0974817_39e25ac3d737c46452305eefe324372cfc0.jpg?1786270507,Crystal,1,0,BTN
Limit Cat,37849108,132,116,Lich,Light,100,0,5b03795e0323d8633451ea410c4aeced_7206469080400ed57a5373d0a9c55c59fc0.jpg?1786269690,Crystal,0,0,RDM
Khorasan Ataraxia,47289604,133,117,Shiva,Light,0,0,721a6c9c723209b16696818df4cf0c93_3fbff0e6b620e4d259dc427abc6574dafc0.jpg?1786271300,Diamond,147,6,UNK
Glyceri Chosuti,30338174,134,124,Moogle,Chaos,0,0,6d93c9241424e92e6f0351d35d8b6eaa_d7a9d5f85a29d6278ec1c7adc2c8d242fc0.jpg?1786271212,Diamond,68,4,DNC
Rave Bae,47220633,135,121,Alpha,Light,0,0,e640b0d43fa0078b032cbecc50b4e94c_6132295fcf5570fb8b0a944ef322a598fc0.jpg?1786270839,Diamond,61,0,SGE
Laela Hyun,59589734,136,153,Phantom,Chaos,0,0,a377ba040d4300db7c8df4efc92acd53_f0a43d6e5eea19af337a176e9836acddfc0.jpg?1786270494,Diamond,17,0,UNK
Arienai Nashi,47596567,137,123,Zodiark,Light,0,0,ccbc05e41375849179a5f554d78d7ae1_c274370774c6bc3483cc8740805f41bcfc0.jpg?1786269842,Diamond,166,5,SGE
Ark Kekko,50821807,138,125,Omega,Chaos,0,0,b81b1c241e98f7a5f9b9c81665be1243_39e25ac3d737c46452305eefe324372cfc0.jpg?1786271288,Diamond,59,0,BRD
Sangon Yukihoshi,11533024,139,157,Raiden,Light,0,0,d5814159d4f4b2afaa562891375a7b01_a370664d98f658f4ed4e620f378f73cdfc0.jpg?1786272798,Diamond,38,17,GNB
Aris Oz,41983172,140,127,Zodiark,Light,0,0,abbd4cf51609bf59977c5b4850c4c351_c274370774c6bc3483cc8740805f41bcfc0.jpg?1786270838,Diamond,28,1,DRK
Littlebard Crits,44849524,141,128,Lich,Light,0,0,85155be3d7c3c8936c428085496b1e8d_7206469080400ed57a5373d0a9c55c59fc0.jpg?1786271473,Diamond,9,0,UNK
Aragorn Pendragon,9019127,142,129,Ragnarok,Chaos,0,0,87aef8a41356f31d322683bdf3e6103b_40d57ba713628f3f1ef5ef204b6d76d2fc0.jpg?1786270095,Diamond,71,0,MNK
Magidolce Magileine,39132419,143,152,Twintania,Light,0,0,088bd05d5a98251023ecb7e28a638b68_c33f640c0cdd35f7def85b8aa31a0007fc0.jpg?1786272981,Diamond,70,14,SMN
Lavender Yumori,47189865,144,130,Phoenix,Light,0,0,c0a56a85a3c082e0dd3b96359531f30f_5047bc596a4bab2dc7f7c120bb22dec5fc0.jpg?1786269692,Diamond,66,0,DNC
Princess Emi,5884527,145,131,Twintania,Light,0,0,4ab2080550ab1fb15ca76fbfe8e8d512_c33f640c0cdd35f7def85b8aa31a0007fc0.jpg?1786269866,Diamond,57,0,PLD
Ino Based,41531397,146,133,Alpha,Light,0,0,ae8562754d31616305226909752bc4fd_6132295fcf5570fb8b0a944ef322a598fc0.jpg?1786269799,Diamond,39,0,VPR
Kyouko Owo,25629243,147,158,Louisoix,Chaos,0,0,4fbeb17208a00397ad05eebfc2d20d2f_0a122616f3718d3f45cab10fd8fc1604fc0.jpg?1786271930,Diamond,12,2,WHM
Benedikta Cucumber,55428569,148,135,Sagittarius,Chaos,0,0,1091166e96bfe839d8a067a8fc27848a_44ca0844398b2d010d8cd4a31ddb023dfc0.jpg?1786271696,Diamond,100,3,SCH
Roy Dimgao,29524655,149,136,Omega,Chaos,0,0,320af7149c63c337e5826c2c2cc1bf37_39e25ac3d737c46452305eefe324372cfc0.jpg?1786269534,Diamond,88,18,WHM
Lu' Bu',21757305,150,138,Odin,Light,0,0,20b9e744e2190850310da72ffaf5c5d4_644311b63b607133c989d7c1188467dafc0.jpg?1786270978,Diamond,60,6,WAR
Leenar Raim,45005021,151,139,Raiden,Light,0,0,cd15b6146d9e895f605fe9d8aa6e46d2_a370664d98f658f4ed4e620f378f73cdfc0.jpg?1786272831,Diamond,43,0,DNC
Keylinda Heliopsis,44659154,152,140,Moogle,Chaos,0,0,aae227ec83063cc479b9c5f6fb803e66_d7a9d5f85a29d6278ec1c7adc2c8d242fc0.jpg?1786271802,Diamond,36,9,WHM
Magisa Vale,43527083,153,142,Phoenix,Light,0,0,50d54724458e52e82fcfc6d537b9e001_5047bc596a4bab2dc7f7c120bb22dec5fc0.jpg?1786272634,Diamond,23,13,SGE
Lia Lothje,30611623,154,141,Odin,Light,0,0,12f34ee0f0d0404c9b47a7fea301f068_644311b63b607133c989d7c1188467dafc0.jpg?1786272910,Diamond,12,0,WAR
Staz Hellcat,8016319,155,159,Cerberus,Chaos,0,0,c7e860ceda35e35e41bca47bf02624be_777c57311d510ca65dac3c1077dee435fc0.jpg?1786271065,Diamond,119,8,RDM
Erion Hein,39135014,156,143,Twintania,Light,0,0,ba6bc1e1e70e5f3402d91ecfcf7d01e8_c33f640c0cdd35f7def85b8aa31a0007fc0.jpg?1786272265,Diamond,110,10,MIN
Blunt Man,35300195,157,145,Louisoix,Chaos,0,0,bfddeb1fd8c57b9259f8bb179dd8158b_0a122616f3718d3f45cab10fd8fc1604fc0.jpg?1786272980,Diamond,67,0,SAM
Sheidyn Windsor,30282791,158,146,Omega,Chaos,0,0,e3eaa192d0e2b6192580f940474cd0b5_39e25ac3d737c46452305eefe324372cfc0.jpg?1786271243,Diamond,33,0,WAR
Fandrix Shadowsong,36051326,159,147,Louisoix,Chaos,0,0,e8515941184b5c25f2622f1899a0969a_0a122616f3718d3f45cab10fd8fc1604fc0.jpg?1786269946,Diamond,21,1,RPR
Gwen Farron,10011051,160,148,Ragnarok,Chaos,0,0,3348ff23f3315e0457aa0694f655e953_40d57ba713628f3f1ef5ef204b6d76d2fc0.jpg?1786270648,Diamond,16,0,VPR
Erika Avellana,45153856,161,149,Alpha,Light,0,0,d52954932b2c20e3d303cb8cf101f3eb_6132295fcf5570fb8b0a944ef322a598fc0.jpg?1786272525,Diamond,248,0,MNK
Hegel Gil,25438753,162,150,Omega,Chaos,0,0,5ed500fc1dd1d9cbbc95000a80326ff7_39e25ac3d737c46452305eefe324372cfc0.jpg?1786270119,Diamond,96,0,WAR
Deme Tayuun,14832348,163,292,Lich,Light,0,0,ae2fb7b7ac8ad3f92247efdd9fade6e7_7206469080400ed57a5373d0a9c55c59fc0.jpg?1786271511,Diamond,82,9,NIN
Nana Usui,34696904,164,151,Moogle,Chaos,0,0,abd9e807ccb2486ea89e3deab9cc56d2_d7a9d5f85a29d6278ec1c7adc2c8d242fc0.jpg?1786271519,Diamond,71,3,BLM
Durinta Borlaaq,37706432,165,154,Twintania,Light,0,0,5f122a4f83176fe089d903a59809e108_c33f640c0cdd35f7def85b8aa31a0007fc0.jpg?1786270102,Diamond,37,0,SCH
Yoe Lleufyn,28631681,166,155,Phoenix,Light,0,0,9584dd8fac44ba749b0855105a0e29e9_5047bc596a4bab2dc7f7c120bb22dec5fc0.jpg?1786270044,Diamond,28,0,PCT
Mhia Mewrilah,26716262,167,165,Omega,Chaos,0,0,6b70c463b87dca3437d37504f74aad3b_39e25ac3d737c46452305eefe324372cfc0.jpg?1786270212,Diamond,20,9,WHM
Lina Sunstar,52075433,168,179,Spriggan,Chaos,0,0,d60c4576e74acfcd0ed77a6ea5d48800_feaf0a2e88ff164813fbc9b85876fa48fc0.jpg?1786272621,Diamond,114,9,WHM
Jou Bright,26172504,169,212,Shiva,Light,0,0,80f6d86c4118e80a4c51ba20920a1384_3fbff0e6b620e4d259dc427abc6574dafc0.jpg?1786269848,Diamond,79,24,BRD
Renna Vorak,25421061,170,160,Raiden,Light,0,0,c2dc94bad32c136ebcdcb42ec56ba1c3_a370664d98f658f4ed4e620f378f73cdfc0.jpg?1786270491,Diamond,55,3,PLD
Vyn Silvair,21908199,171,198,Shiva,Light,0,0,05a4597e1e8ad1e87cfc4aab88be286c_3fbff0e6b620e4d259dc427abc6574dafc0.jpg?1786271649,Diamond,53,9,GNB
Nicco Sushi,42846008,172,161,Alpha,Light,0,0,ffcb0ee6f92ba9224ade0ee2b0e9917b_6132295fcf5570fb8b0a944ef322a598fc0.jpg?1786270917,Diamond,36,0,SGE
Neppie Nen,38644421,173,162,Phoenix,Light,0,0,6744f6c777bfc017ed7318054ef44f3d_5047bc596a4bab2dc7f7c120bb22dec5fc0.jpg?1786271307,Diamond,25,0,MCH
Isca Mog,32212471,174,163,Zodiark,Light,0,0,e47f3ccc4bd8599193929766ab0abd2c_c274370774c6bc3483cc8740805f41bcfc0.jpg?1786271788,Diamond,19,0,BLM
Sin Mirrorslave,43994621,175,164,Raiden,Light,0,0,3f8e3345c252d3f9b50e27c481f91100_a370664d98f658f4ed4e620f378f73cdfc0.jpg?1786271319,Diamond,15,0,UNK
Tsuguri Tempest,8093380,176,166,Moogle,Chaos,0,0,673dd69d52b7f7c210bb231091fd1922_d7a9d5f85a29d6278ec1c7adc2c8d242fc0.jpg?1786271697,Diamond,5,0,DRK
Acacia Strain,43137076,177,178,Raiden,Light,0,0,8678948c8fea34b563980d4a6da37e32_a370664d98f658f4ed4e620f378f73cdfc0.jpg?1786272929,Diamond,180,24,SMN
Naralis A'roihan,35460975,178,168,Odin,Light,0,0,39833ac3dfdbb3ea64ab911763fea294_644311b63b607133c989d7c1188467dafc0.jpg?1786271843,Diamond,128,15,SCH
Minmo Dev,7902844,179,169,Zodiark,Light,0,0,782214fa536a78747ce926bd4967671f_c274370774c6bc3483cc8740805f41bcfc0.jpg?1786272365,Diamond,108,0,SAM
Feral Jorex,21749898,180,170,Odin,Light,0,0,f9027c778862384a6ae4224efd2fe7c3_644311b63b607133c989d7c1188467dafc0.jpg?1786270556,Diamond,70,0,RDM
Dundee Nic'hpisfa,35976824,181,171,Odin,Light,0,0,8eda92b5ce2e258786d149b7cb349e09_644311b63b607133c989d7c1188467dafc0.jpg?1786272681,Diamond,62,0,BRD
Leia Leia,61767715,182,172,Twintania,Light,0,0,da1bea022b3ca64e80681b4a30a9d7e1_c33f640c0cdd35f7def85b8aa31a0007fc0.jpg?1786272093,Diamond,58,2,UNK
Rin Tanaka,24116937,183,215,Phoenix,Light,0,0,05caa52c69a69c31a889325a1f319530_5047bc596a4bab2dc7f7c120bb22dec5fc0.jpg?1786271087,Diamond,50,11,WHM
Zaiko Kazer,29649679,184,173,Lich,Light,0,0,ab5b87afe7d1d53f8a61b85e0c0d0e8d_7206469080400ed57a5373d0a9c55c59fc0.jpg?1786272677,Diamond,48,0,DRK
Sho'zhirr Shizahi-jo,28092848,185,174,Phoenix,Light,0,0,c6923f91c3f9e08d53d38488a3040788_5047bc596a4bab2dc7f7c120bb22dec5fc0.jpg?1786271069,Diamond,40,0,UNK
Tisha Adori,32551351,186,185,Zodiark,Light,0,0,a1f13f2decf7933275b7ce63051dc06f_c274370774c6bc3483cc8740805f41bcfc0.jpg?1786270813,Diamond,32,10,SCH
Decha Kirk,32806624,187,175,Moogle,Chaos,0,0,e50b415f85b832de8463247f434991ce_d7a9d5f85a29d6278ec1c7adc2c8d242fc0.jpg?1786272279,Diamond,23,0,BLM
Yuki Shinryu,18457903,188,205,Omega,Chaos,0,0,7c3380880e156cefcc0afc85574b6091_39e25ac3d737c46452305eefe324372cfc0.jpg?1786270185,Diamond,9,6,WHM
Roomi Mae,47248743,189,176,Raiden,Light,0,0,770a624522dc3f95ef75247a554dceb7_a370664d98f658f4ed4e620f378f73cdfc0.jpg?1786272267,Diamond,5,0,RDM
Crystalia Aguilau'ra,51094995,190,177,Phantom,Chaos,0,0,e8e576c74bb3b06299949b7258aa8c6b_f0a43d6e5eea19af337a176e9836acddfc0.jpg?1786272978,Diamond,257,13,UNK
Riku Yamamoto,50962515,191,180,Raiden,Light,0,0,2737e3393944ab82a3eec48071df16a8_a370664d98f658f4ed4e620f378f73cdfc0.jpg?1786270178,Diamond,100,7,DRK
Ye Jin,49057312,192,181,Alpha,Light,0,0,c230435310db6e112e461dbdcafe4cf0_6132295fcf5570fb8b0a944ef322a598fc0.jpg?1786272210,Diamond,77,0,UNK
Monoplof Stormbringer,25662739,193,183,Raiden,Light,0,0,8d6ac074a075b30c794a796a54a7b6dc_a370664d98f658f4ed4e620f378f73cdfc0.jpg?1786270906,Diamond,42,0,WAR
Victoria Nyala,43751055,194,184,Phoenix,Light,0,0,d41ca298e2f03ee2273aca61640ebce0_5047bc596a4bab2dc7f7c120bb22dec5fc0.jpg?1786270009,Diamond,25,1,WAR
Lawr Hawk,28248881,195,186,Odin,Light,0,0,e241b26df61ea0e201b637a7ae6c4cd4_644311b63b607133c989d7c1188467dafc0.jpg?1786270522,Diamond,20,0,RDM
Sir Azmuth,21784845,196,187,Lich,Light,0,0,aaa9e4ee439eaa5d584760975605186f_7206469080400ed57a5373d0a9c55c59fc0.jpg?1786271774,Diamond,14,0,SAM
Ayrelinia Saelinire,41821402,197,279,Spriggan,Chaos,0,0,8604bb768bf59461e5f44eef46ee9961_feaf0a2e88ff164813fbc9b85876fa48fc0.jpg?1786270278,Diamond,11,7,PLD
Remy Galleu,52837552,198,188,Alpha,Light,0,0,1c98cde60dda0890554eff5601f7b441_6132295fcf5570fb8b0a944ef322a598fc0.jpg?1786269541,Diamond,7,0,UNK
Tsu Kee,47596814,199,189,Zodiark,Light,0,0,df5063d6db141a1bc921d4623e08a366_c274370774c6bc3483cc8740805f41bcfc0.jpg?1786272264,Diamond,150,6,PLD
Rem Minase,15335467,200,190,Ragnarok,Chaos,0,0,6f4b9532213e5ed122fcac3e5c3b4cc5_40d57ba713628f3f1ef5ef204b6d76d2fc0.jpg?1786271383,Diamond,119,0,SMN
Duessa Fidessa,47722925,201,291,Louisoix,Chaos,0,0,3e992addf0aaeeda98883cfe0443f4c4_0a122616f3718d3f45cab10fd8fc1604fc0.jpg?1786270890,Diamond,100,20,SAM
Vic Strider,53817077,202,191,Raiden,Light,0,0,64d68250fabd33e4972dcba2d2638d6c_a370664d98f658f4ed4e620f378f73cdfc0.jpg?1786272673,Diamond,71,0,WAR
Vincent God,14069867,203,236,Phoenix,Light,0,0,7d8e17eab1b900c1741204dbf199eb48_5047bc596a4bab2dc7f7c120bb22dec5fc0.jpg?1786269702,Diamond,67,4,MCH
Mizu Shimizu,41402391,204,192,Twintania,Light,0,0,b745f1d87ccd905d96d6b6ca49092222_c33f640c0cdd35f7def85b8aa31a0007fc0.jpg?1786269951,Diamond,55,0,UNK
Queenie Skyfrost,34868775,205,193,Odin,Light,0,0,4c0182a4bd02a557a3e29b795c1e0b9c_644311b63b607133c989d7c1188467dafc0.jpg?1786271389,Diamond,53,0,SMN
Lolarita Rorry,39677497,206,194,Odin,Light,0,0,3c990f7c55a34985fb496735b20a6b10_644311b63b607133c989d7c1188467dafc0.jpg?1786272905,Diamond,46,0,DNC
Ultimo Tower,13765195,207,195,Odin,Light,0,0,f3f293a7802e54bc6d3f5c2ceb6f4902_644311b63b607133c989d7c1188467dafc0.jpg?1786270453,Diamond,33,0,WAR
Krek Balflear,48912824,208,196,Sagittarius,Chaos,0,0,3ddedc4fdcf35465d04f99e2b4737a9f_44ca0844398b2d010d8cd4a31ddb023dfc0.jpg?1786270141,Diamond,29,0,RPR
Ka La,18103622,209,0,Ragnarok,Chaos,0,0,79cb69a4d9a7535c8ee4e2bbfc9b2a1d_40d57ba713628f3f1ef5ef204b6d76d2fc0.jpg?1786273061,Diamond,14,0,GNB
Themis Sol,47563479,210,242,Shiva,Light,0,0,6640d69e3c987c86a5b702d852d86325_3fbff0e6b620e4d259dc427abc6574dafc0.jpg?1786270229,Diamond,8,0,RPR
Charon Tesar,2860491,211,197,Shiva,Light,0,0,71fb4ffe6d15608a77682afdbdef53d7_3fbff0e6b620e4d259dc427abc6574dafc0.jpg?1786269937,Diamond,80,2,SAM
Zerith Ars,7801227,212,0,Zodiark,Light,0,0,d9b23bac7d7203e071be18c6932a61a8_c274370774c6bc3483cc8740805f41bcfc0.jpg?1786269880,Diamond,53,43,RDM
Akurei Amotanius,36595921,213,229,Odin,Light,0,0,ca5d9f24b62995e3bcb5d25cc576fc70_644311b63b607133c989d7c1188467dafc0.jpg?1786270404,Diamond,42,14,MNK
Core Flare,44609138,214,199,Raiden,Light,0,0,4d277108d876101c6b97212a26f6bc97_a370664d98f658f4ed4e620f378f73cdfc0.jpg?1786271497,Diamond,41,0,GNB
Stephanie Dolla,28876458,215,200,Lich,Light,0,0,753eeef7260d5b48fedb9d189d2b51ca_7206469080400ed57a5373d0a9c55c59fc0.jpg?1786270792,Diamond,33,0,MNK
Brindacier Alomon,26055030,216,201,Phoenix,Light,0,0,fbefc8262b34e93b398aa2dde0c2e4b8_5047bc596a4bab2dc7f7c120bb22dec5fc0.jpg?1786270593,Diamond,15,0,DRK
Catlisaie Leveilleur,38928587,216,201,Sagittarius,Chaos,0,0,b49cedcc9313e5b78f3c3e17f3a3b68c_44ca0844398b2d010d8cd4a31ddb023dfc0.jpg?1786272100,Diamond,15,0,WHM
Mina Ha,50543888,218,203,Raiden,Light,0,0,712f53c2b6ed3bc9fa9cc0b0b60a16d7_a370664d98f658f4ed4e620f378f73cdfc0.jpg?1786270063,Diamond,12,0,SCH
Taivas L'tulta,46948666,219,204,Odin,Light,0,0,30ba088e17b99c9f748bd47b4ff33fb4_644311b63b607133c989d7c1188467dafc0.jpg?1786270585,Diamond,10,0,WHM
Astral Highwind,29689702,220,205,Omega,Chaos,0,0,97af63b900951c4e5b86b87e21f0d233_39e25ac3d737c46452305eefe324372cfc0.jpg?1786271314,Diamond,3,0,SAM
Dacien Darlett,3339751,221,209,Odin,Light,0,0,0311b8a0924e142c3f1da4b81f645156_644311b63b607133c989d7c1188467dafc0.jpg?1786270339,Diamond,117,10,AST
Gabriel Zephyrus,11099535,222,208,Zodiark,Light,0,0,fb5c6913d0c275952def0841ab82887f_c274370774c6bc3483cc8740805f41bcfc0.jpg?1786272446,Diamond,109,0,RPR
Bagel Egg,18929023,223,210,Omega,Chaos,0,0,f655117235b1c0d199ca39849579a631_39e25ac3d737c46452305eefe324372cfc0.jpg?1786270478,Diamond,98,1,BLM
Merily Marlin,52216084,224,211,Louisoix,Chaos,0,0,1b485637d5f1df89d363a45b95cba49c_0a122616f3718d3f45cab10fd8fc1604fc0.jpg?1786270661,Diamond,83,0,BLM
Lolorei Lalarei,3686155,225,213,Omega,Chaos,0,0,da6ff12e4effc4cbacfe1b954f1c3bf5_39e25ac3d737c46452305eefe324372cfc0.jpg?1786273018,Diamond,47,0,GNB
Dessy Moonwalker,30980737,226,214,Zodiark,Light,0,0,e34bce9409ca557af54cb198e3aec31b_c274370774c6bc3483cc8740805f41bcfc0.jpg?1786270826,Diamond,43,0,RDM
Smoothie Sour,42056621,227,216,Zodiark,Light,0,0,247388cdfc4db1451cf9df83cce7b3a1_c274370774c6bc3483cc8740805f41bcfc0.jpg?1786271085,Diamond,36,0,MCH
Rei Dassario,24597443,228,217,Raiden,Light,0,0,a51ce0a687a31ff3b67287e80ea30aed_a370664d98f658f4ed4e620f378f73cdfc0.jpg?1786270484,Diamond,31,1,SAM
Kihn Shirudo,43951482,229,218,Spriggan,Chaos,0,0,2e619166d10daa6082c54563a5af17ff_feaf0a2e88ff164813fbc9b85876fa48fc0.jpg?1786270637,Diamond,18,0,SCH
Mestari Kalastaja,38441307,230,219,Omega,Chaos,0,0,52dc7dc38ddeaaedbae9f2b43a6ca546_39e25ac3d737c46452305eefe324372cfc0.jpg?1786272063,Diamond,17,0,WHM
Izuma Knox,48747330,231,220,Spriggan,Chaos,0,0,e4ecfd700fe3f6df45f6409e46a09d8b_feaf0a2e88ff164813fbc9b85876fa48fc0.jpg?1786271644,Diamond,9,0,DNC
Lion Lad,60548427,231,246,Phantom,Chaos,0,0,69af2e062eb7ba4549c964e1fbc8b79e_f0a43d6e5eea19af337a176e9836acddfc0.jpg?1786271354,Diamond,9,2,GNB
Endorel Soro,12949151,233,221,Alpha,Light,0,0,038b9a835f84a3b80a8a467605d3dd8c_6132295fcf5570fb8b0a944ef322a598fc0.jpg?1786272298,Diamond,6,0,UNK
Mirajane Hylian,24248886,233,222,Omega,Chaos,0,0,32bbb40f8ae6e32a1317f2919c7a1a42_39e25ac3d737c46452305eefe324372cfc0.jpg?1786272274,Diamond,6,2,RDM
Altrios Alrun,37280856,235,223,Odin,Light,0,0,eed006603ff3859a7471671dcb9c221c_644311b63b607133c989d7c1188467dafc0.jpg?1786270569,Diamond,3,0,VPR
Manji Haq,30381529,236,225,Shiva,Light,0,0,1840291846e97e46d3053d2cb9351608_3fbff0e6b620e4d259dc427abc6574dafc0.jpg?1786270169,Diamond,91,14,MCH
Jalsket Pirated,40728416,237,224,Zodiark,Light,0,0,18ffb968d4a5a0c03d5e251516a2c3aa_c274370774c6bc3483cc8740805f41bcfc0.jpg?1786270012,Diamond,89,1,NIN
Lu Mi,47806406,238,226,Raiden,Light,0,0,c8d19bad38e9523a4db779b2bf514973_a370664d98f658f4ed4e620f378f73cdfc0.jpg?1786270473,Diamond,51,0,VPR
Airi Rhitik,2286171,239,227,Moogle,Chaos,0,0,0e7c747879926e0f575c8444323c478f_d7a9d5f85a29d6278ec1c7adc2c8d242fc0.jpg?1786272423,Diamond,43,0,WHM
Shiva Dorys,36432577,240,228,Phoenix,Light,0,0,df6ee6331f96148f2b97966d8a3e2a5a_5047bc596a4bab2dc7f7c120bb22dec5fc0.jpg?1786270572,Diamond,33,0,RDM
Ny Aa,49048302,241,230,Zodiark,Light,0,0,a75fda4dbe97ffbaf98a55c7ea86fa64_c274370774c6bc3483cc8740805f41bcfc0.jpg?1786272211,Diamond,4,0,RDM
Certin Ferocia,26600453,242,0,Spriggan,Chaos,0,0,528919b4d45df00513ad6c80440fc2f4_feaf0a2e88ff164813fbc9b85876fa48fc0.jpg?1786271372,Diamond,2,0,WHM
Dopa Mine,44403027,242,231,Phantom,Chaos,0,0,8d27501fd3361cf138655132263db4b5_f0a43d6e5eea19af337a176e9836acddfc0.jpg?1786271614,Diamond,2,0,BLM
Maru Tani,58799026,242,231,Alpha,Light,0,0,b632027978294d1f77f2347d48fc3704_6132295fcf5570fb8b0a944ef322a598fc0.jpg?1786271110,Diamond,2,0,SCH
Athena Olympe,44680885,245,234,Sagittarius,Chaos,0,0,7e7afe9e9cebc29cee3220c1e0530540_44ca0844398b2d010d8cd4a31ddb023dfc0.jpg?1786270851,Diamond,82,9,BLM
Fay Fury,13801627,246,233,Alpha,Light,0,0,c8bf2d24d3b66a91e8891eb6b4043bd8_6132295fcf5570fb8b0a944ef322a598fc0.jpg?1786270817,Diamond,80,6,UNK
Dramatic Khau,56426818,247,0,Lich,Light,0,0,bc3412b0b30a77b483f87b253d84d78f_7206469080400ed57a5373d0a9c55c59fc0.jpg?1786270744,Diamond,78,10,WAR
Rinne Arryn,28659392,248,235,Lich,Light,0,0,ccaa6881b10221d6509a436bc761d3c5_7206469080400ed57a5373d0a9c55c59fc0.jpg?1786271536,Diamond,64,0,UNK
Yorda Dormin,35730883,249,238,Phantom,Chaos,0,0,37968b7968327b583f23e52d999337f9_f0a43d6e5eea19af337a176e9836acddfc0.jpg?1786270247,Diamond,44,6,UNK
Vermilion Rose,4596210,250,237,Phantom,Chaos,0,0,6eeb39ac8e979b57130040ff257bf772_f0a43d6e5eea19af337a176e9836acddfc0.jpg?1786272982,Diamond,43,0,DRK
Leizi Doomie,47973424,251,239,Omega,Chaos,0,0,35e6c296ac2a3e1f720238508a30d7a5_39e25ac3d737c46452305eefe324372cfc0.jpg?1786270974,Diamond,35,0,WHM
Saki Aiko,58256956,252,240,Zodiark,Light,0,0,f65bf40d95342ebe3141def95c5232bc_c274370774c6bc3483cc8740805f41bcfc0.jpg?1786270669,Diamond,34,0,WHM
Mono Lith,59519255,253,241,Omega,Chaos,0,0,2d12a270aa7b3b097c78dcc93127e881_39e25ac3d737c46452305eefe324372cfc0.jpg?1786272765,Diamond,29,0,RPR
Melili Nalili,60720700,254,243,Twintania,Light,0,0,24a7b96fbc052a40de9c6f7809fe72fe_c33f640c0cdd35f7def85b8aa31a0007fc0.jpg?1786272103,Diamond,25,0,DRK
Kai Usami,51704875,255,244,Raiden,Light,0,0,de98603cf09d40c4587c720f86e73817_a370664d98f658f4ed4e620f378f73cdfc0.jpg?1786272737,Diamond,19,0,UNK
Diggoo Jumalxtenlavis,21389976,256,245,Zodiark,Light,0,0,ae5b9d280ccfc178e7b74cd839ec5e43_c274370774c6bc3483cc8740805f41bcfc0.jpg?1786271809,Diamond,12,0,VPR
Mer Lin,50434149,257,246,Spriggan,Chaos,0,0,52a13256ecf71bc72e25a6b211b196c8_feaf0a2e88ff164813fbc9b85876fa48fc0.jpg?1786271233,Diamond,7,0,BRD
Laurie Adorable,48647813,258,248,Spriggan,Chaos,0,0,cae3f1cbe01c3d143b588c054809c02b_feaf0a2e88ff164813fbc9b85876fa48fc0.jpg?1786272819,Diamond,4,0,RDM
Red Fluffy,41965323,259,249,Shiva,Light,0,0,6e4c702e77f55eff42d4c42a07f242db_3fbff0e6b620e4d259dc427abc6574dafc0.jpg?1786272971,Diamond,3,0,RPR
Xiex Xie,40733160,259,249,Zodiark,Light,0,0,f253e0943a65dac103a6dfd764a01f52_c274370774c6bc3483cc8740805f41bcfc0.jpg?1786271066,Diamond,3,0,CUL
Ash Dreadsaint,16641514,261,251,Alpha,Light,0,0,35babc8a56d97c1de09ffbf594068bd0_6132295fcf5570fb8b0a944ef322a598fc0.jpg?1786269554,Diamond,1,0,BLM
Faly Linh,32024155,261,251,Spriggan,Chaos,0,0,2c0bc07b4ce467f3fb61eed172593a41_feaf0a2e88ff164813fbc9b85876fa48fc0.jpg?1786270139,Diamond,1,0,UNK
Jean Eclair,2900310,261,251,Louisoix,Chaos,0,0,7adf7a428285818f2884e78fe04bd4d8_0a122616f3718d3f45cab10fd8fc1604fc0.jpg?1786271654,Diamond,1,0,WHM
Rifula Ruivre,2224873,261,251,Alpha,Light,0,0,47995b925a7f5c18a76967fce75b8bb9_6132295fcf5570fb8b0a944ef322a598fc0.jpg?1786269531,Diamond,1,0,UNK
Roostar Luna,8325105,261,251,Moogle,Chaos,0,0,68034435c8a0a8835a6400d6edf49f9c_d7a9d5f85a29d6278ec1c7adc2c8d242fc0.jpg?1786272733,Diamond,1,0,SCH
Slayn Lockmeier,43624360,261,251,Ragnarok,Chaos,0,0,6e8ed130575c22a15b32af255b35348b_40d57ba713628f3f1ef5ef204b6d76d2fc0.jpg?1786270723,Diamond,1,0,PLD
Laville Burns,44676490,267,0,Alpha,Light,0,0,1999bb362905ab6ad44fa2e8931ef3dc_6132295fcf5570fb8b0a944ef322a598fc0.jpg?1786273083,Diamond,101,28,RDM
Arale Il,15406803,268,0,Ragnarok,Chaos,0,0,e5c2a19e43a1edb9b276827163b36a1b_40d57ba713628f3f1ef5ef204b6d76d2fc0.jpg?1786270048,Diamond,84,7,DRG
Ardias Wolfsherz,11752815,269,257,Lich,Light,0,0,8f0a84278162ee56f0f65bac956cc32c_7206469080400ed57a5373d0a9c55c59fc0.jpg?1786272162,Diamond,79,0,WAR
Mowgar Nightslade,40238415,270,258,Shiva,Light,0,0,caf06ef1481275eaf26d0edc97985aa1_3fbff0e6b620e4d259dc427abc6574dafc0.jpg?1786273072,Diamond,57,0,BLM
Norai Tempest,38251436,271,259,Zodiark,Light,0,0,b7018360f2380ddb9010a48d596309f2_c274370774c6bc3483cc8740805f41bcfc0.jpg?1786272487,Diamond,55,0,AST
Kiara Anima,33528154,272,260,Raiden,Light,0,0,f1bb383b8594f615718c3d7f602fc10c_a370664d98f658f4ed4e620f378f73cdfc0.jpg?1786272746,Diamond,53,0,MNK
Lise-hoi Pipeloi,29719212,273,261,Cerberus,Chaos,0,0,57c5498cda4f5b24c975d5c6ad1dad53_777c57311d510ca65dac3c1077dee435fc0.jpg?1786270185,Diamond,52,0,SCH
Error Message,13464395,274,262,Odin,Light,0,0,37584823c6898787a88ec74ca750c2b7_644311b63b607133c989d7c1188467dafc0.jpg?1786269851,Diamond,45,0,MCH
Celeste Starblade,57129516,275,263,Phoenix,Light,0,0,f658a7c187303ff40c92c131f45b6f67_5047bc596a4bab2dc7f7c120bb22dec5fc0.jpg?1786272259,Diamond,42,0,MNK
Leo Wolfram,55309464,276,264,Twintania,Light,0,0,137bda326a93315b803aa0d477a79942_c33f640c0cdd35f7def85b8aa31a0007fc0.jpg?1786270912,Diamond,41,0,GNB
Bubble Nebula,59834747,277,265,Sagittarius,Chaos,0,0,df2ae90ea247ab18117d32d9808317e8_44ca0844398b2d010d8cd4a31ddb023dfc0.jpg?1786273098,Diamond,37,0,PLD
Niku Diaz,8249417,277,0,Odin,Light,0,0,e88ba43630f5d0c828dbcf4b479a82b4_644311b63b607133c989d7c1188467dafc0.jpg?1786269876,Diamond,37,2,PCT
Jektiss Shishiza,28449147,279,267,Odin,Light,0,0,ba4e836ce41c5f87fc85491f43336934_644311b63b607133c989d7c1188467dafc0.jpg?1786269679,Diamond,36,4,BRD
Creamy Succubus,36293366,280,266,Spriggan,Chaos,0,0,15e9207c6ceb24b3818eabab978be8f3_feaf0a2e88ff164813fbc9b85876fa48fc0.jpg?1786272764,Diamond,33,0,SGE
Feru Gray,23862847,280,0,Phoenix,Light,0,0,92d6f7ccce171db148f573ffecc8e15d_5047bc596a4bab2dc7f7c120bb22dec5fc0.jpg?1786272526,Diamond,33,6,GNB
Uraraka Lunae,19968499,282,268,Louisoix,Chaos,0,0,87178981b631653f4905b195c6c49583_0a122616f3718d3f45cab10fd8fc1604fc0.jpg?1786270195,Diamond,27,0,SAM
Ossim Numine,26339671,283,269,Spriggan,Chaos,0,0,c5d164dd5b0090daf2749023d8296214_feaf0a2e88ff164813fbc9b85876fa48fc0.jpg?1786272353,Diamond,25,0,GNB
Nihan Hex,53453486,284,270,Cerberus,Chaos,0,0,15de173462fb012d8bb6ffee6c41a2a1_777c57311d510ca65dac3c1077dee435fc0.jpg?1786272011,Diamond,24,0,NIN
Eden Sight,26795634,285,271,Zodiark,Light,0,0,0082848ea437238b52e2fc002e546579_c274370774c6bc3483cc8740805f41bcfc0.jpg?1786270345,Diamond,22,0,DRG
Rain Nox,60193350,286,272,Lich,Light,0,0,c063b7c34350713be1ce7beabd8e946e_7206469080400ed57a5373d0a9c55c59fc0.jpg?1786270703,Diamond,21,0,SGE
Lauressen Ornedwesfv,49280645,287,273,Louisoix,Chaos,0,0,36b2248a22465d5d00bf7ed02491ae4b_0a122616f3718d3f45cab10fd8fc1604fc0.jpg?1786272742,Diamond,16,0,SMN
Serphe Dot,52263876,288,274,Moogle,Chaos,0,0,9650655e67fd2c317b6785da99b8da48_d7a9d5f85a29d6278ec1c7adc2c8d242fc0.jpg?1786272572,Diamond,14,0,DRK
Gella Zenhat,16553524,289,275,Cerberus,Chaos,0,0,34542c2a2fe5b9a690d00a5565e15c1b_777c57311d510ca65dac3c1077dee435fc0.jpg?1786271153,Diamond,9,0,WHM
Sentika Thiel,31702916,290,276,Zodiark,Light,0,0,50ae19a11ef85e68cde6a1c26ccaf1d1_c274370774c6bc3483cc8740805f41bcfc0.jpg?1786272934,Diamond,7,0,NIN
Nilfel Hahayon,21378833,291,277,Cerberus,Chaos,0,0,d7e947c02816c8a10c0773fc4c97e71e_777c57311d510ca65dac3c1077dee435fc0.jpg?1786269925,Diamond,6,0,PLD
Kaede Amamiya,25944628,292,278,Cerberus,Chaos,0,0,13e03898baafa9786d351bd06a0000a8_777c57311d510ca65dac3c1077dee435fc0.jpg?1786271114,Diamond,5,0,MIN
Doctor Zoidberg,9214410,293,280,Cerberus,Chaos,0,0,40bc630c90e57d0ca265dd7fc809d5c8_777c57311d510ca65dac3c1077dee435fc0.jpg?1786273085,Diamond,3,0,WAR
Strom Valentine,19009916,293,280,Cerberus,Chaos,0,0,a8dc2ae24adfae999c388093e3e213e8_777c57311d510ca65dac3c1077dee435fc0.jpg?1786271345,Diamond,3,0,VPR
Tensei Kaiten,46690911,295,282,Raiden,Light,0,0,d68fe2cd8b67b36a7f9904682b1aad12_a370664d98f658f4ed4e620f378f73cdfc0.jpg?1786271596,Diamond,1,0,DRK
Alterion Vinea,12652045,296,283,Spriggan,Chaos,0,0,9bffaa652b4614ee6c33fdd6e07fdea8_feaf0a2e88ff164813fbc9b85876fa48fc0.jpg?1786270729,Diamond,0,0,DRK
Amarth Vual,37220642,296,283,Lich,Light,0,0,64bdc4017f196c6ab4c813692496b5f6_7206469080400ed57a5373d0a9c55c59fc0.jpg?1786271452,Diamond,0,0,PLD
Death Fury,9386074,296,283,Ragnarok,Chaos,0,0,f334633b7adb1af69b68d26c3dc12e81_40d57ba713628f3f1ef5ef204b6d76d2fc0.jpg?1786270749,Diamond,0,0,SMN
Deimos Irithyll,48638475,296,0,Spriggan,Chaos,0,0,7ea6bae8453e328b80cc3f5a481cbbce_feaf0a2e88ff164813fbc9b85876fa48fc0.jpg?1786270671,Diamond,0,0,DRK
Ermengile Vual,8777256,296,283,Lich,Light,0,0,bc75cd759974dafbe7693c4d8e62a079_7206469080400ed57a5373d0a9c55c59fc0.jpg?1786271560,Diamond,0,0,AST
Sensei Jyutusi,20995129,1,28,Chocobo,Mana,2340,664,218ddf1e9e095da9f0b9d5866f9f2d80_781d6b3603312f6be41670afa37282e0fc0.jpg?1786271105,Omega,93,11,WHM
Jay Eins,3930926,2,1,Chocobo,Mana,2098,0,31d212c5602873cad51c02ca3a1707f4_781d6b3603312f6be41670afa37282e0fc0.jpg?1786272402,Omega,61,0,WAR
Ciel Cocco,27192023,3,2,Anima,Mana,2086,0,05df3829299dc9e3c4ba0bceb512525a_2f698530a28d671d20278c8518c804c9fc0.jpg?1786272208,Omega,78,6,WAR
Happo Hapo,59173770,4,3,Pandaemonium,Mana,2084,0,8d06d5697fa5f35516e08e77ecb4eff8_470db1bf2e865f9130531fea40b61ee4fc0.jpg?1786272241,Omega,24,0,VPR
Vivi Ann,4766157,5,4,Kujata,Elemental,2080,0,9543e197b2faf03aa21058f9deedc408_72c48f093f2278ac3243962d3eb6a8d7fc0.jpg?1786273013,Omega,55,0,NIN
Hatozo Ito,39455624,6,5,Typhon,Elemental,2077,0,a2de1cbebb1230e8f11f0fa765df7d0f_32d8c9c7cd5f62d62da2d31b6750a680fc0.jpg?1786271828,Omega,26,0,RDM
Shion Amber,26147773,7,6,Unicorn,Meteor,2075,0,e2ecf01d14ce449e8393bc3f5dfc57f4_393eb74047bb90c8d80dea54218430eefc0.jpg?1786271251,Omega,32,0,AST
Imlink Rr,46726473,8,7,Bahamut,Gaia,2063,0,6c9ffcd32b7d78e8b7e09c63d130ef2a_86da943caa70c8694707ab2ff74e68c9fc0.jpg?1786272865,Omega,157,0,MCH
Sorin Maki,53900927,9,8,Durandal,Gaia,2055,0,b0d4570e39585eb6b5ba7458ff8781a7_806ea5b45071d5cd6bf393e38462ee71fc0.jpg?1786272214,Omega,84,0,WAR
Paker Zuka,35106373,10,9,Bahamut,Gaia,2044,0,1dfba22310e23cd21bd3a7481bf928e1_86da943caa70c8694707ab2ff74e68c9fc0.jpg?1786271252,Omega,69,0,UNK
Ciao' Chu-ru,46227731,11,10,Asura,Mana,2042,0,4407462a62eb8cb31cec691e9f214c86_53f1445a9f28799a32ea55f046319fc3fc0.jpg?1786271503,Omega,62,0,UNK
Death-by Glamour,50007656,12,11,Fenrir,Gaia,2038,0,73746aab8b21d5917fab43f4db6f35aa_d384cf5ad7db803f29799f36ebbc3eadfc0.jpg?1786272978,Omega,54,0,UNK
Makina Belg,23683223,13,12,Belias,Meteor,2037,0,ffed281791b6f91e5a2000e4917cfeeb_894c4bd0beab2e2beb44b74f4c4bd206fc0.jpg?1786272357,Omega,94,0,MNK
Emil Sarasun,7191072,14,13,Asura,Mana,2035,0,052a2527c0dee23533f8162c40d66898_53f1445a9f28799a32ea55f046319fc3fc0.jpg?1786271718,Omega,69,0,AST
K' R',8489348,15,14,Chocobo,Mana,2021,0,38834b79bf39846f80b605b4a592c2eb_781d6b3603312f6be41670afa37282e0fc0.jpg?1786269560,Omega,62,5,AST
Kappi Scarlet,11922639,16,15,Asura,Mana,2017,0,820f32c739a02029fdacf6c96cbf1fa4_53f1445a9f28799a32ea55f046319fc3fc0.jpg?1786269937,Omega,86,0,RPR
Devil May'cry,43140387,17,24,Chocobo,Mana,2015,315,bc38e75d4332eb0a661f158200cedb80_781d6b3603312f6be41670afa37282e0fc0.jpg?1786272012,Omega,44,16,UNK
Bakeke Bake,40527195,18,16,Asura,Mana,2007,0,2df47416611081755cf9e0cd7c586afa_53f1445a9f28799a32ea55f046319fc3fc0.jpg?1786272015,Omega,87,0,MCH
Naku Cha,51398763,19,23,Zeromus,Meteor,2005,297,d1f355424cec05811e0f15dc0a707de5_c76848359d0b4d2f37aefbb9903ed97bfc0.jpg?1786270940,Omega,33,3,NIN
Robs Wiz,47501636,20,79,Aegis,Elemental,2001,910,24b0e4e155ae76da2a553003980ac156_3ea38e723c590aabf186367e1eb7e6a1fc0.jpg?1786269858,Omega,138,30,AST
Yuki Macaron-vanille,37997737,21,50,Ridill,Gaia,1994,706,87df14febf49ad8a24a323b239fb3250_138751880f18161a907d7cf0faa43f07fc0.jpg?1786271505,Crystal,59,15,RDM
Ajika Rajika,6811285,22,17,Tiamat,Gaia,1916,0,97621d00c96124d00a3c01cec2dde5f8_9f10d335198e90990f3437c5733468e7fc0.jpg?1786271898,Crystal,83,0,UNK
Snow Albarn,25263326,23,37,Fenrir,Gaia,1875,392,fa179c06d46acce251bb94d22a05e931_d384cf5ad7db803f29799f36ebbc3eadfc0.jpg?1786273056,Crystal,55,15,DNC
Aman Kaharmine,37434311,24,18,Belias,Meteor,1869,0,7fa9aa672753e286a5710cf338755727_894c4bd0beab2e2beb44b74f4c4bd206fc0.jpg?1786271503,Crystal,111,13,UNK
Basta Reno,31797927,25,19,Carbuncle,Elemental,1807,0,22b32c1986bb9c2732e5f877f7cbdbd6_9eb3c19866f7ae0eeeffac7bf770aba5fc0.jpg?1786271440,Crystal,53,2,VPR
Tsuchi Tsuki,39089046,26,20,Bahamut,Gaia,1786,1,032858264c706c6341f57dbef9e86da1_86da943caa70c8694707ab2ff74e68c9fc0.jpg?1786271325,Crystal,24,3,DRK
Noin Kurial,23981966,27,21,Asura,Mana,1780,0,83830f722858537d3bbdd6afabacaa3d_53f1445a9f28799a32ea55f046319fc3fc0.jpg?1786272909,Crystal,44,0,PLD
Rex Cold,46340519,28,22,Bahamut,Gaia,1709,0,5a590acfa6bbe6cddd1eb5143c7070f2_86da943caa70c8694707ab2ff74e68c9fc0.jpg?1786273079,Crystal,55,0,UNK
Rya Myosotisy,44244496,29,25,Asura,Mana,1698,0,d39af5863481d80b66f4fe05bf80d003_53f1445a9f28799a32ea55f046319fc3fc0.jpg?1786270886,Crystal,54,12,PCT
Ml Tei,47822875,30,26,Alexander,Gaia,1695,0,259bd72e639c252e3e6ab819661c07a6_b7a71d8799cf6dd75b711a7f52de6675fc0.jpg?1786270309,Crystal,20,0,DRG
Tango Ngo,47753273,31,36,Alexander,Gaia,1687,195,c8ff6406f324ec51842e0a491ba1e4fa_b7a71d8799cf6dd75b711a7f52de6675fc0.jpg?1786271775,Crystal,54,5,VPR
Avail Tec,46450631,32,27,Garuda,Elemental,1685,0,174c8b1a79d654754078bef6b8c51067_fcb1f5b0249d1069e5bdc66d0796f26afc0.jpg?1786269975,Crystal,70,0,SAM
Kawlo Wilhelm,53079906,33,29,Ixion,Mana,1610,0,c9dcb47fbd9f0b8b6bf1b3ac91b2e802_7126768d768f6c6c7fed3eaee98c3a8afc0.jpg?1786271888,Crystal,28,0,UNK
Falaris Whitemoon,39272552,34,0,Carbuncle,Elemental,1602,1305,ba7f541c520a57e21fce1321218d73b3_9eb3c19866f7ae0eeeffac7bf770aba5fc0.jpg?1786271336,Crystal,53,25,MNK
Meilkea Inori,40934425,35,30,Aegis,Elemental,1586,0,4c256b756b0f4f43b209ec71728dc0e2_3ea38e723c590aabf186367e1eb7e6a1fc0.jpg?1786272408,Crystal,161,10,UNK
Aurelia Stratosfera,26527089,36,32,Unicorn,Meteor,1580,0,0ed689683555a9555b96a5599288d4a1_393eb74047bb90c8d80dea54218430eefc0.jpg?1786269992,Crystal,63,12,BLM
Sha Moji,19121169,36,31,Carbuncle,Elemental,1580,0,eb82915777eea0c952b2885bf59641d9_9eb3c19866f7ae0eeeffac7bf770aba5fc0.jpg?1786271294,Crystal,63,5,MCH
Wonton Starlight,27496660,38,33,Chocobo,Mana,1574,0,8d6c3f0a6f695cdc94b9234b6c28be22_781d6b3603312f6be41670afa37282e0fc0.jpg?1786270733,Crystal,105,6,NIN
Kuno Cadenzavnaeve,42178142,39,84,Ifrit,Gaia,1569,487,85baa25ca299e93ef56226f40814f03b_f9f796348bc43067c7242ec4551cde69fc0.jpg?1786272120,Crystal,56,11,VPR
Honey Cat,51251838,40,34,Ultima,Gaia,1565,0,c89504a579493fe83a6003536b5fcfdf_9df1b3cb0da35db33c17ef11ddf12adafc0.jpg?1786271828,Crystal,115,32,MNK
Flavia Saurva,29364722,41,72,Chocobo,Mana,1508,403,4a9b8d9e5f338a0c28625b5656567941_781d6b3603312f6be41670afa37282e0fc0.jpg?1786271501,Crystal,35,16,MNK
Furanzeska Sumeragi,8414050,42,41,Tonberry,Elemental,1504,105,7300d72d23103eb5494b3e21bf99b3b6_7bb6b1e488f0e4f01c5314d010b60f31fc0.jpg?1786270293,Crystal,45,5,SMN
Comachi Dj,13425678,43,35,Hades,Mana,1503,0,4983bf5b31ed2764865b5fd4a01a64a5_a4730651230dd43cb129562a30d531aefc0.jpg?1786270871,Crystal,96,9,NIN
Creya Oaks,20662074,44,38,Tonberry,Elemental,1456,0,0fb57385ff1c90e3ea26edc53722b78c_7bb6b1e488f0e4f01c5314d010b60f31fc0.jpg?1786269696,Crystal,108,8,BRD
Fuki Non,51302585,45,39,Titan,Mana,1413,0,99d46e5dfaf54e3a630e700cbd41968b_e2bb3f9679fec6d4836fcf8abcc3eeacfc0.jpg?1786270457,Crystal,47,0,WHM
Fania Eckert,2837251,46,58,Titan,Mana,1411,195,7177d6fdd5036eebc72834f8376cd1cf_e2bb3f9679fec6d4836fcf8abcc3eeacfc0.jpg?1786270378,Crystal,146,19,PCT
Wuruwuru Yaya,19903532,47,40,Asura,Mana,1406,0,c4dcc6326814217e41a2636e5dd8eea3_53f1445a9f28799a32ea55f046319fc3fc0.jpg?1786272199,Crystal,46,0,NIN
Kine Uffelmann,20050491,48,141,Kujata,Elemental,1401,596,3411a0b34b7e20b7f4516cd81c87ae01_72c48f093f2278ac3243962d3eb6a8d7fc0.jpg?1786272351,Crystal,32,16,PCT
Black' Cat,27132360,49,52,Ifrit,Gaia,1398,111,25f0dd65be1cf71e9e26e0bcc0dc271f_f9f796348bc43067c7242ec4551cde69fc0.jpg?1786269925,Crystal,40,13,DRK
Soujirou Seta,4110224,50,127,Tonberry,Elemental,1387,495,7453a7542d76520abe9dd8dcc3572b78_7bb6b1e488f0e4f01c5314d010b60f31fc0.jpg?1786271675,Crystal,41,10,BLM
Taroe Kobuta,8734523,51,91,Kujata,Elemental,1384,384,821347c202f7d7d6b676bd393bcdfdae_72c48f093f2278ac3243962d3eb6a8d7fc0.jpg?1786272400,Crystal,137,18,RPR
Sana Papa,44925625,52,176,Ramuh,Meteor,1384,1185,6a2d4e251458356b738142d6b0653c03_410ddb5a66a2fcacf538bec5ea5d0291fc0.jpg?1786271821,Crystal,40,18,MCH
Ura Ururu,59087727,53,74,Chocobo,Mana,1383,285,cbc6fb7e99cc3d57226a4684079c139c_781d6b3603312f6be41670afa37282e0fc0.jpg?1786272767,Crystal,24,5,SMN
San Sowa,35604125,54,42,Ridill,Gaia,1379,0,c5fbf3709fd6b4c8fba74f67e0820609_138751880f18161a907d7cf0faa43f07fc0.jpg?1786269877,Crystal,116,12,UNK
Seraki Matsushima,43566777,55,43,Ixion,Mana,1378,0,1e4675de3ee8e4d8e053dede59297104_7126768d768f6c6c7fed3eaee98c3a8afc0.jpg?1786270869,Crystal,23,0,PLD
Aries San,12460047,56,44,Tiamat,Gaia,1375,0,00a39e6a3c0cb6e9529ffdf15a10dadb_9f10d335198e90990f3437c5733468e7fc0.jpg?1786270469,Crystal,48,0,SAM
Ruru Rururun,41786182,57,45,Ifrit,Gaia,1374,0,3fd0ff0d0e58f6a761a54eebd33b7bc6_f9f796348bc43067c7242ec4551cde69fc0.jpg?1786271408,Crystal,111,23,UNK
Dome Violet,45179152,58,46,Masamune,Mana,1373,0,a95c15ebd393e5497d6641d375ec02b1_134930215abb8a90ec37d6cc05b05e08fc0.jpg?1786272120,Crystal,78,8,BRD
Hina Narumi,36489169,59,66,Masamune,Mana,1373,183,b92b3bffbe6d8e1f5f53a1f3735c1387_134930215abb8a90ec37d6cc05b05e08fc0.jpg?1786270970,Crystal,27,8,SAM
Lan Dame-celot,31839759,60,204,Ifrit,Gaia,1371,690,c278e5b98fa396fbc950aeafdb5aaee8_f9f796348bc43067c7242ec4551cde69fc0.jpg?1786273059,Crystal,26,10,MNK
Karma Strife,3816037,61,56,Chocobo,Mana,1325,102,7a25293b17ff84c0c64a519d1fc09720_781d6b3603312f6be41670afa37282e0fc0.jpg?1786272011,Crystal,63,10,DRG
Erik Bural,20508529,62,70,Hades,Mana,1316,206,2ca5bed0ca0e49f68c7ca14062e0bacc_a4730651230dd43cb129562a30d531aefc0.jpg?1786271499,Crystal,145,27,SGE
Piccolo Saaaaann,23336998,63,47,Asura,Mana,1314,0,efa27fc6ea5fa0a09f429159c3346a0f_53f1445a9f28799a32ea55f046319fc3fc0.jpg?1786270705,Crystal,94,19,SAM
Deisia Touna,31397456,64,48,Mandragora,Meteor,1311,3,f9bdcbbd105a361017ee7dd26bde2ea6_ee738654add55c3d07ea92d8e108074cfc0.jpg?1786271015,Crystal,60,25,WHM
Nao Fu,41247403,65,59,Shinryu,Meteor,1300,97,cfc231e11fac22b1fb8d9d27cee48586_87b7d447f40b06dfc7228caf195f7dcffc0.jpg?1786271390,Crystal,32,2,AST
Lain Wired,1578110,66,49,Chocobo,Mana,1295,0,51b29015827612eb3c28c2c8dd0f43ef_781d6b3603312f6be41670afa37282e0fc0.jpg?1786271642,Crystal,58,12,NIN
Cey Noqed,56239764,67,65,Anima,Mana,1292,99,05a455503c1b9dc0712f50ad519d9d21_2f698530a28d671d20278c8518c804c9fc0.jpg?1786272551,Crystal,44,2,BLM
Merry Scrald,11886780,68,182,Belias,Meteor,1291,590,7bfbd82582fd003bc514339935d874a7_894c4bd0beab2e2beb44b74f4c4bd206fc0.jpg?1786272166,Crystal,22,8,WAR
Gobou Mekara,16295932,69,51,Chocobo,Mana,1288,0,b0b05a15f0e0132f73d76efb146bb255_781d6b3603312f6be41670afa37282e0fc0.jpg?1786270302,Crystal,41,0,NIN
Tarex Youva,26374295,70,53,Tonberry,Elemental,1285,0,7dad78de32b2e7e31077d03f095a81ac_7bb6b1e488f0e4f01c5314d010b60f31fc0.jpg?1786270130,Crystal,88,5,VPR
Mao Caprice,32793338,71,134,Titan,Mana,1279,397,101c8c73de660221dc8ad95fafa4ad3c_e2bb3f9679fec6d4836fcf8abcc3eeacfc0.jpg?1786270634,Crystal,65,6,WAR
Xignas Schwalbe,2577287,72,54,Anima,Mana,1274,0,726f737868161a35f25fb4e06bccf08e_2f698530a28d671d20278c8518c804c9fc0.jpg?1786272188,Crystal,87,15,VPR
Hateful Past,26237856,73,55,Asura,Mana,1263,0,ed0c8f5d7b00b4c718fd834e96efdd7e_53f1445a9f28799a32ea55f046319fc3fc0.jpg?1786270749,Crystal,50,0,MCH
Coffee Mint,29415966,74,108,Titan,Mana,1237,300,e5a147803c62c81952bc0c786dcfc3cb_e2bb3f9679fec6d4836fcf8abcc3eeacfc0.jpg?1786270193,Crystal,334,37,BLM
Hoshino Ai,47933529,75,57,Titan,Mana,1220,0,82bad71f761726aa0a737f36447d9f50_e2bb3f9679fec6d4836fcf8abcc3eeacfc0.jpg?1786272837,Crystal,33,0,MNK
Mily Sara,23911809,76,71,Aegis,Elemental,1208,100,19086b376708852503d1ac9c2b293b8c_3ea38e723c590aabf186367e1eb7e6a1fc0.jpg?1786272208,Crystal,92,17,SGE
Akki Noc,2298162,77,60,Alexander,Gaia,1200,0,4a145f36c7316e0d32845d32af5e92bd_b7a71d8799cf6dd75b711a7f52de6675fc0.jpg?1786271055,Crystal,52,0,SGE
Mialu Ebisuki,46975926,78,61,Masamune,Mana,1200,0,1d423fc6e7ae66c277f02b6bd29f5f15_134930215abb8a90ec37d6cc05b05e08fc0.jpg?1786271916,Crystal,25,0,MNK
Cardinal Shiten,32020696,79,0,Asura,Mana,1199,1199,22c6fdca1c107eb07233d098b04cf126_53f1445a9f28799a32ea55f046319fc3fc0.jpg?1786272659,Crystal,79,26,SAM
Yo Na,52935364,80,62,Fenrir,Gaia,1196,0,2517fd5dbad75617e546949761815db9_d384cf5ad7db803f29799f36ebbc3eadfc0.jpg?1786269903,Crystal,54,0,NIN
Nemu Nenemu,58833619,81,63,Anima,Mana,1195,0,4cdac6083f665767750f3c7804d18a24_2f698530a28d671d20278c8518c804c9fc0.jpg?1786271644,Crystal,70,0,RDM
Aeritte Ravel,41831914,82,64,Carbuncle,Elemental,1193,0,56a646fd4b2eb086bf8c9d712567e62f_9eb3c19866f7ae0eeeffac7bf770aba5fc0.jpg?1786271495,Crystal,69,0,PLD
Tamago Crab,1576417,83,94,Chocobo,Mana,1193,196,0bce11216fe6e4e1cecfe7c969a1460f_781d6b3603312f6be41670afa37282e0fc0.jpg?1786270294,Crystal,25,4,MNK
Kageto Magatsuki,36052369,84,67,Ultima,Gaia,1187,0,c99eebd98f0729313042324985a6fc9a_9df1b3cb0da35db33c17ef11ddf12adafc0.jpg?1786271239,Crystal,33,0,VPR
Zwei Kreuz,14516450,85,80,Bahamut,Gaia,1187,98,367ea315b18ce50bb6f34a9ea77f3222_86da943caa70c8694707ab2ff74e68c9fc0.jpg?1786269817,Crystal,25,1,UNK
Aizen Sosuke,46625154,86,68,Asura,Mana,1179,0,084fe9c7ee753ba32657d9e49b4edde5_53f1445a9f28799a32ea55f046319fc3fc0.jpg?1786271903,Crystal,58,0,UNK
Wabi Suke,1601102,87,69,Asura,Mana,1129,9,355b0ae1cb512875c96e88afa06d36a7_53f1445a9f28799a32ea55f046319fc3fc0.jpg?1786273090,Crystal,116,41,NIN
Sakura Nemutai,55109399,88,73,Titan,Mana,1100,0,efa9ef6672998c8a9c860e5e104d6b3e_e2bb3f9679fec6d4836fcf8abcc3eeacfc0.jpg?1786272720,Crystal,84,10,SGE
Tam Sin,26754914,89,0,Ultima,Gaia,1099,890,4e875947aa4b95d1be857096f32d4ae8_9df1b3cb0da35db33c17ef11ddf12adafc0.jpg?1786271597,Crystal,27,21,SAM
Pokeball Bahamut,42274942,90,75,Valefor,Meteor,1096,0,fdf4bab958d2fbf65e0c07739622a1f7_485f4777c38002871591fb54f27edc65fc0.jpg?1786271659,Crystal,201,49,BRD
He Ro,57048881,91,76,Ultima,Gaia,1096,0,1988e9fc4df817df742388c245715b40_9df1b3cb0da35db33c17ef11ddf12adafc0.jpg?1786271832,Crystal,130,21,UNK
Unchou Kan,1575311,92,77,Aegis,Elemental,1096,0,43eef415e4c92f6ff93b1d4dae6b7ab8_3ea38e723c590aabf186367e1eb7e6a1fc0.jpg?1786271105,Crystal,14,0,GNB
Monica Bryant,34559458,93,155,Garuda,Elemental,1095,299,40cd2c4ca4c17623d5c27dfb19831017_fcb1f5b0249d1069e5bdc66d0796f26afc0.jpg?1786272772,Crystal,133,12,BLM
Yi Xiangfeng,57320880,94,78,Titan,Mana,1095,0,a98e604367a6e3fd017185877e3a9227_e2bb3f9679fec6d4836fcf8abcc3eeacfc0.jpg?1786270507,Crystal,25,0,MNK
Chiaki Nanami,43953309,95,122,Titan,Mana,1087,190,82751b490967f6572406e72b39592925_e2bb3f9679fec6d4836fcf8abcc3eeacfc0.jpg?1786272496,Crystal,17,3,BRD
Dee Jack,60388425,96,245,Ifrit,Gaia,1085,496,a2c1d34590941ade3ad6e25cd2926cb5_f9f796348bc43067c7242ec4551cde69fc0.jpg?1786271509,Crystal,63,9,SAM
Dodopita Pittan,3558680,97,81,Tiamat,Gaia,1085,0,0c4178029dae08c0fcbe267d46034e76_9f10d335198e90990f3437c5733468e7fc0.jpg?1786270364,Crystal,28,0,SAM
Takesiba Musasino,29225556,98,105,Durandal,Gaia,1084,100,5cacf8dd1a9dae9427de92b387913396_806ea5b45071d5cd6bf393e38462ee71fc0.jpg?1786271407,Crystal,98,3,NIN
Sidurgu Obsidian,17768556,99,82,Garuda,Elemental,1083,0,19277f9e0fcd9432fb16b0e1cbad47a7_fcb1f5b0249d1069e5bdc66d0796f26afc0.jpg?1786269690,Crystal,39,8,WHM
Rariboy Xx,4660025,100,83,Garuda,Elemental,1083,0,80b036f210d47467413b630ce1537551_fcb1f5b0249d1069e5bdc66d0796f26afc0.jpg?1786272687,Crystal,37,16,WAR
Mundane Mann,42589754,101,85,Asura,Mana,1082,0,605c543ad4053338807ead77553c263b_53f1445a9f28799a32ea55f046319fc3fc0.jpg?1786271814,Crystal,19,0,MNK
Crystalline Conflict,56094564,102,86,Kujata,Elemental,1080,0,dcae5be360cd5ac359780dd998fbbf57_72c48f093f2278ac3243962d3eb6a8d7fc0.jpg?1786271631,Crystal,34,0,UNK
Vir Sanctus,38437893,103,87,Asura,Mana,1079,0,e0afc9c178de541c5ba8a1afafa4bb02_53f1445a9f28799a32ea55f046319fc3fc0.jpg?1786271931,Crystal,31,0,SMN
Velvet Shilky,15655369,104,107,Anima,Mana,1066,99,988a0ec11e3b6bbbfc5478b0eab4b03f_2f698530a28d671d20278c8518c804c9fc0.jpg?1786270066,Crystal,132,42,PLD
Yuki Yui,25457703,105,111,Ultima,Gaia,1030,111,53e27d2153b5d4878ef23b1326589ff5_9df1b3cb0da35db33c17ef11ddf12adafc0.jpg?1786271514,Crystal,94,3,PLD
Kamio Hoshi,51915197,106,88,Gungnir,Elemental,1021,9,6b5003e9f40b5f1a448a1ba748afc9e5_8f82f937943b6baf4c565020d5eba0ccfc0.jpg?1786272012,Crystal,120,21,MNK
Notttz Imbrium,50270248,107,140,Titan,Mana,1010,204,58a87ecc9a18820b07646a481a8154a4_e2bb3f9679fec6d4836fcf8abcc3eeacfc0.jpg?1786269657,Crystal,37,6,PLD
Yurugi Koyurugi,29769522,108,153,Belias,Meteor,1008,210,ce65dfc48d522a7a126208d94cdc2852_894c4bd0beab2e2beb44b74f4c4bd206fc0.jpg?1786271493,Crystal,20,4,SGE
Ririca Rica,22451341,109,172,Valefor,Meteor,1004,301,b82d75152d14ebf44db2622ef433b4f4_485f4777c38002871591fb54f27edc65fc0.jpg?1786271804,Crystal,78,4,RDM
Akatuki Re,22410327,110,89,Carbuncle,Elemental,1003,0,b3e601fbc493d7bc642faec11f3c05fb_9eb3c19866f7ae0eeeffac7bf770aba5fc0.jpg?1786271585,Crystal,47,27,RDM
Raiden Thorne,60267443,111,90,Tiamat,Gaia,1001,0,d973da1a88fef8b53bb1c5cad4ee7a1f_9f10d335198e90990f3437c5733468e7fc0.jpg?1786272624,Crystal,33,0,MNK
Iz Levmel,17594950,112,269,Garuda,Elemental,1000,499,9e457ec4068931e92288544db8499aae_fcb1f5b0249d1069e5bdc66d0796f26afc0.jpg?1786272844,Crystal,30,10,PLD
Nacreous Snowmelt,55586649,113,0,Asura,Mana,1000,801,2927bf8e620ad06dc8e1e74d7e3c071f_53f1445a9f28799a32ea55f046319fc3fc0.jpg?1786269911,Crystal,17,14,DRG
Mashumaro Tsurugi,50222807,114,92,Durandal,Gaia,999,0,31fd330df465ff1080752e19d6bc9eb7_806ea5b45071d5cd6bf393e38462ee71fc0.jpg?1786269515,Crystal,15,0,MNK
Lhei Tayun,55776060,115,93,Chocobo,Mana,998,0,d1e1c509f0fac227ceada972ddb424d4_781d6b3603312f6be41670afa37282e0fc0.jpg?1786272834,Crystal,26,0,BLM
Bikkuri Donkey,59256942,116,94,Belias,Meteor,997,0,96f62f47670d9d1c85e1a464d6f4da65_894c4bd0beab2e2beb44b74f4c4bd206fc0.jpg?1786272016,Crystal,25,4,MCH
Nov Noa,56271994,117,96,Tiamat,Gaia,997,0,0711a53e252756264a473f2b53d53cad_9f10d335198e90990f3437c5733468e7fc0.jpg?1786271520,Crystal,18,0,AST
Roric Thorne,59323169,118,97,Pandaemonium,Mana,997,0,4ff669632484c5fdf241ea2b9f955435_470db1bf2e865f9130531fea40b61ee4fc0.jpg?1786271510,Crystal,12,0,VPR
Shinra Arasaka,24734269,119,101,Tiamat,Gaia,995,4,2d735fa31b5cfcc7eabaae1839d0b731_9f10d335198e90990f3437c5733468e7fc0.jpg?1786271343,Crystal,30,2,WAR
Okome Justice,58734775,120,98,Durandal,Gaia,995,0,3589d26a22faffebd4c39812822aab8a_806ea5b45071d5cd6bf393e38462ee71fc0.jpg?1786269826,Crystal,28,0,MCH
Momojiri Kakure,18051279,121,99,Anima,Mana,994,0,17f5cab570f2898b55037a8db7b1c871_2f698530a28d671d20278c8518c804c9fc0.jpg?1786271326,Crystal,48,0,RDM
Gelgel Llin,36131481,122,100,Ridill,Gaia,992,0,2a90eea47454447b3ae0d4df4fbfdc5e_138751880f18161a907d7cf0faa43f07fc0.jpg?1786272767,Crystal,36,3,MNK
Lazuli Wing,40955023,123,102,Asura,Mana,991,0,9a25b0d5f7c6a97caeb2e0047aaeded8_53f1445a9f28799a32ea55f046319fc3fc0.jpg?1786271931,Crystal,15,0,UNK
Elu Acknowless,58699844,124,103,Mandragora,Meteor,989,0,60c2649fe79faac79d3e7ac948084121_ee738654add55c3d07ea92d8e108074cfc0.jpg?1786270568,Crystal,133,0,RDM
Hattori Kaze,57332259,125,104,Alexander,Gaia,989,0,2ec48d7f5caadae4f62dc2d1cdc75610_b7a71d8799cf6dd75b711a7f52de6675fc0.jpg?1786273079,Crystal,20,4,UNK
Inu- Pe-,42153397,126,0,Anima,Mana,988,888,40c3101dfff66955ad4d9b06fda6e3a8_2f698530a28d671d20278c8518c804c9fc0.jpg?1786270689,Crystal,28,16,SAM
Inx Chrono,21920611,127,229,Yojimbo,Meteor,984,385,83c01df24231dda93176c28e69768459_4a92c619bde4f34cfa77e05fef21ad85fc0.jpg?1786272332,Crystal,42,5,NIN
Beatrice Rosenkreuz,31285042,128,162,Tiamat,Gaia,984,197,1972bc9fb243d5cb03ad68af2779564d_9f10d335198e90990f3437c5733468e7fc0.jpg?1786272110,Crystal,35,5,BRD
Zero No'name,24180515,129,106,Titan,Mana,984,0,3f2ec2a99605ed4d05ef0e5bc0f3b8d4_e2bb3f9679fec6d4836fcf8abcc3eeacfc0.jpg?1786272587,Crystal,33,0,PLD
Atsu Bow,47953241,130,137,Mandragora,Meteor,983,170,a397b9893231105b4549ed9a8721c60a_ee738654add55c3d07ea92d8e108074cfc0.jpg?1786270541,Crystal,93,10,DRG
Azuma Seren,26759645,131,0,Pandaemonium,Mana,977,671,a4c01bac3729f4096c6bba2011b6431e_470db1bf2e865f9130531fea40b61ee4fc0.jpg?1786270013,Crystal,48,25,BRD
Rip Rill,726210,132,109,Gungnir,Elemental,923,0,1ed2cf8fd8dc78c1ec061d9bb9c45462_8f82f937943b6baf4c565020d5eba0ccfc0.jpg?1786270301,Crystal,100,2,WHM
Tige Noir,13429005,133,110,Ridill,Gaia,920,0,92cf71f8edc971b0656a49db62280b09_138751880f18161a907d7cf0faa43f07fc0.jpg?1786272960,Crystal,78,16,DNC
Revi Kola,39228750,134,112,Ultima,Gaia,914,0,385da10c7487a4af698c3fe738df5488_9df1b3cb0da35db33c17ef11ddf12adafc0.jpg?1786271683,Crystal,73,6,WAR
Seiran Kinu,21860725,135,0,Garuda,Elemental,909,0,9f56e5ce6724c71b09720cc28df7a0dc_fcb1f5b0249d1069e5bdc66d0796f26afc0.jpg?1786270369,Crystal,11,0,DNC
Zsika Mu',18898369,136,113,Ridill,Gaia,907,0,ed7f8569bf4537dfd9f2ea953ad59e8a_138751880f18161a907d7cf0faa43f07fc0.jpg?1786270884,Crystal,21,1,UNK
Suteiki Niku,21443132,137,114,Ixion,Mana,906,0,2f186f805d4bb29abd9458d61593b81a_7126768d768f6c6c7fed3eaee98c3a8afc0.jpg?1786270628,Crystal,100,0,PLD
Lycoris Read,35000546,138,115,Garuda,Elemental,905,0,01b7ec3219b5992bd6418e7f58d96f03_fcb1f5b0249d1069e5bdc66d0796f26afc0.jpg?1786271582,Crystal,99,0,WHM
Ritsu Nikuno,23932877,139,116,Alexander,Gaia,905,0,5ce857706fb6e7f76dd30d1ef38e16f7_b7a71d8799cf6dd75b711a7f52de6675fc0.jpg?1786270263,Crystal,13,0,SMN
Sukoya Mihirogi,42042279,140,117,Anima,Mana,904,0,58dacb01c0c75e38125f892840beb026_2f698530a28d671d20278c8518c804c9fc0.jpg?1786270815,Crystal,74,1,MCH
Amaoto Amane,53619927,141,151,Durandal,Gaia,901,102,11fe39a3b3f0f6fd7e6600ee68e590c6_806ea5b45071d5cd6bf393e38462ee71fc0.jpg?1786271499,Crystal,36,2,WHM
Holala Vvn,53437527,142,118,Durandal,Gaia,901,0,60894d30cd8e7f556c8f877555a9e623_806ea5b45071d5cd6bf393e38462ee71fc0.jpg?1786269914,Crystal,22,0,UNK
White Lycoris,25503606,143,119,Ixion,Mana,900,0,1fd05d6baab5439d2c33292c473844fe_7126768d768f6c6c7fed3eaee98c3a8afc0.jpg?1786271487,Crystal,114,23,PLD
Tatsumi Berserk,19183868,144,120,Ifrit,Gaia,899,0,54a616ddbe0b20dbfc773ec735961a62_f9f796348bc43067c7242ec4551cde69fc0.jpg?1786270375,Crystal,153,7,DRG
Aruku Babyun,7383311,145,121,Unicorn,Meteor,897,0,c2fa4e98c1f4638d053218fa4c127b4c_393eb74047bb90c8d80dea54218430eefc0.jpg?1786270190,Crystal,86,9,DRK
Haine Balantin,25261749,146,221,Ifrit,Gaia,897,296,95d742d2775dc4ae64696462b68ee21f_f9f796348bc43067c7242ec4551cde69fc0.jpg?1786270332,Crystal,85,5,DRK
Fennel Earltea,21886406,147,123,Typhon,Elemental,896,0,4e8f23f97ca17b02271d5d67829e204d_32d8c9c7cd5f62d62da2d31b6750a680fc0.jpg?1786271547,Crystal,80,3,WAR
Momochi Thunder,9048595,148,124,Bahamut,Gaia,895,0,3ce0fcc40e818a0d134a6c043d2c09f5_86da943caa70c8694707ab2ff74e68c9fc0.jpg?1786270739,Crystal,34,0,ALC
Mar Lenka,41124823,149,0,Titan,Mana,894,794,17ded7cc07efaeffdb7d5035983dc7e4_e2bb3f9679fec6d4836fcf8abcc3eeacfc0.jpg?1786273046,Crystal,25,10,UNK
Jaeger Lecoultre,12503010,150,125,Carbuncle,Elemental,894,0,18c881fcad647894e4d32c9bf33662e3_9eb3c19866f7ae0eeeffac7bf770aba5fc0.jpg?1786271416,Crystal,10,0,WAR
Cait Sith,1574936,151,126,Tiamat,Gaia,893,0,fc4156170aa1fca8004a80238705e5cf_9f10d335198e90990f3437c5733468e7fc0.jpg?1786269562,Crystal,66,7,SMN
Amani Taru,13062779,152,128,Mandragora,Meteor,892,0,37294ee1ef2528b65e45560a5afed880_ee738654add55c3d07ea92d8e108074cfc0.jpg?1786272454,Crystal,15,0,AST
Elisa Wolframite,18964939,153,159,Hades,Mana,891,102,5582934bb6b94d50874d7d241225aa74_a4730651230dd43cb129562a30d531aefc0.jpg?1786271508,Crystal,76,17,NIN
Kana Drouv,37418772,154,158,Mandragora,Meteor,890,98,556bea70c6c70acf776be4041d191d92_ee738654add55c3d07ea92d8e108074cfc0.jpg?1786270198,Crystal,15,1,NIN
Mitui Aset,29908583,155,129,Zeromus,Meteor,886,0,03c5c419a0ed40508b02b7656c3bc1e1_c76848359d0b4d2f37aefbb9903ed97bfc0.jpg?1786270823,Crystal,170,40,NIN
Rebecca Miyamoto,1030969,156,130,Masamune,Mana,886,0,256a66f24613cb496dae31eb2270d226_134930215abb8a90ec37d6cc05b05e08fc0.jpg?1786270895,Crystal,79,11,MCH
Ursula Hackenschmidt,42648090,157,131,Fenrir,Gaia,885,0,a665d50be7723b1660e54e045bb7a2fe_d384cf5ad7db803f29799f36ebbc3eadfc0.jpg?1786271915,Crystal,10,0,PLD
Zero Nox,2468417,158,132,Alexander,Gaia,885,0,d402005d8e26ea9d6b72ff80a5a60b9e_b7a71d8799cf6dd75b711a7f52de6675fc0.jpg?1786270361,Crystal,8,0,BRD
Lupinus Lily,33777966,159,133,Ultima,Gaia,883,0,6f019b443ab48375b1bcc5e5aa0debf9_9df1b3cb0da35db33c17ef11ddf12adafc0.jpg?1786270225,Crystal,42,9,GNB
Pitty What,32924935,160,135,Durandal,Gaia,880,0,1ca1a6b980542985bc7d7cf818520e1f_806ea5b45071d5cd6bf393e38462ee71fc0.jpg?1786272908,Crystal,41,0,NIN
Stardust Emilia,25988007,161,136,Hades,Mana,823,0,b805b54635a07b2d9710df33b9a946aa_a4730651230dd43cb129562a30d531aefc0.jpg?1786272961,Crystal,52,0,UNK
Nyaruga Kyuruga,4962287,162,138,Atomos,Elemental,811,0,fb555ad539f0f8689a39c65513b388b2_cf768a751b1f5e355c2fd39a9ed91f3ffc0.jpg?1786271136,Crystal,64,8,BRD
Now Tarako,25271680,163,139,Belias,Meteor,809,0,238a3ddced202809c65eaecd03eda2d1_894c4bd0beab2e2beb44b74f4c4bd206fc0.jpg?1786273046,Crystal,36,0,MCH
Lucy Tave,5530448,164,253,Durandal,Gaia,808,301,fd7ea485d2ba7644c76c49d7b00fce24_806ea5b45071d5cd6bf393e38462ee71fc0.jpg?1786272536,Crystal,202,25,WAR
Aslan Miller,42003071,165,142,Ixion,Mana,804,0,091d6880c471f9f4c412b704f952af81_7126768d768f6c6c7fed3eaee98c3a8afc0.jpg?1786271622,Crystal,26,0,MCH
Avaron Ninesisters,1584314,166,171,Tiamat,Gaia,803,99,5c1970240f5e1f80ffabdd3988080f5e_9f10d335198e90990f3437c5733468e7fc0.jpg?1786272101,Crystal,64,10,WHM
Miru Polo,34988923,167,143,Durandal,Gaia,803,0,59d4898ce75bbcb5a6e6e1bd5a42efa5_806ea5b45071d5cd6bf393e38462ee71fc0.jpg?1786270813,Crystal,38,7,AST
Hakuen Sinonome,10757391,168,0,Asura,Mana,803,601,6660ba18e406e22fbec52d7b8d1ac332_53f1445a9f28799a32ea55f046319fc3fc0.jpg?1786271028,Crystal,11,9,VPR
Flame Lieutenant,27336347,169,144,Carbuncle,Elemental,802,0,d0817be17ae2ce45486a2e26ae5d06d6_9eb3c19866f7ae0eeeffac7bf770aba5fc0.jpg?1786272076,Crystal,54,0,AST
Uta Tubame,12421333,170,145,Zeromus,Meteor,802,0,4c1c1810ab77c61696ca66b0716fd309_c76848359d0b4d2f37aefbb9903ed97bfc0.jpg?1786271725,Crystal,33,2,PCT
Edward Samo,31678496,171,175,Asura,Mana,802,99,f8a852f1de974337bcb13e843be90dad_53f1445a9f28799a32ea55f046319fc3fc0.jpg?1786269902,Crystal,27,2,MNK
Minato Haruka,57459700,172,146,Asura,Mana,802,0,5f7508268722022e26bb9950825f7dea_53f1445a9f28799a32ea55f046319fc3fc0.jpg?1786271489,Crystal,17,4,WAR
Woll Pack,20744019,173,147,Ridill,Gaia,800,0,6c86e91fb15223c9e2f8c16040f1064f_138751880f18161a907d7cf0faa43f07fc0.jpg?1786270611,Crystal,65,1,VPR
Silanah Oh-mana,45502933,174,148,Titan,Mana,800,0,98f79f7d5e45485839d2a83be2a5ec49_e2bb3f9679fec6d4836fcf8abcc3eeacfc0.jpg?1786271249,Crystal,58,0,SCH
Hu Chu,30263341,175,149,Tonberry,Elemental,799,0,1101e6802231a590d6e9cd6d77e6116f_7bb6b1e488f0e4f01c5314d010b60f31fc0.jpg?1786272152,Crystal,100,0,UNK
Zill Eleutheria,29944686,176,150,Bahamut,Gaia,799,0,5bfa3b1f24c51ccdffb53034db0ebae8_86da943caa70c8694707ab2ff74e68c9fc0.jpg?1786271439,Crystal,58,1,SMN
Mio Youmu,57323733,177,152,Ixion,Mana,799,0,9507babebf0a85031aca059da299a6fa_7126768d768f6c6c7fed3eaee98c3a8afc0.jpg?1786271598,Crystal,22,0,SCH
Evariste Galois,58660135,178,232,Chocobo,Mana,798,200,7f835ad51f7703d8c7d073fc750b8987_781d6b3603312f6be41670afa37282e0fc0.jpg?1786270083,Crystal,65,2,UNK
Yu Haru,31526046,179,154,Hades,Mana,797,0,d1d463d935a459f76da24079cf48b932_a4730651230dd43cb129562a30d531aefc0.jpg?1786270377,Crystal,25,0,UNK
Fall Leaves,22881570,180,0,Masamune,Mana,795,695,23540a672824a88d3fc727e33d7f3254_134930215abb8a90ec37d6cc05b05e08fc0.jpg?1786272489,Crystal,60,7,SAM
Momikucha Ocojo,51451812,181,184,Ixion,Mana,795,98,52ebf8cad8e1a025e1469ada4534a0f2_7126768d768f6c6c7fed3eaee98c3a8afc0.jpg?1786272561,Crystal,49,3,UNK
Momo Hito,39797602,182,0,Yojimbo,Meteor,795,596,8d799e9e2471cc9ce1eb0d9ee9e83ee6_4a92c619bde4f34cfa77e05fef21ad85fc0.jpg?1786270479,Crystal,38,8,DNC
Bug Cut,48066025,183,156,Alexander,Gaia,794,0,eb099ae5ed67142ac0888bf755079790_b7a71d8799cf6dd75b711a7f52de6675fc0.jpg?1786271755,Crystal,12,0,BRD
Rev Raven,8795859,184,157,Masamune,Mana,792,0,abddc6e80b0f6cbbb92006b7baab7d97_134930215abb8a90ec37d6cc05b05e08fc0.jpg?1786269763,Crystal,72,7,UNK
En Avant,46371551,185,199,Belias,Meteor,791,102,d6c3784f3b06c119ae16dd725e2a2b6e_894c4bd0beab2e2beb44b74f4c4bd206fc0.jpg?1786272083,Crystal,54,6,GNB
Syake Dog-nyan,1616788,186,238,Bahamut,Gaia,791,197,39b434160e1c215835c854cb7a564018_86da943caa70c8694707ab2ff74e68c9fc0.jpg?1786270780,Crystal,31,3,WHM
Gin Osakeman,16794566,187,0,Typhon,Elemental,790,402,bb18420be9e67f66c80e5cf8f2d167e0_32d8c9c7cd5f62d62da2d31b6750a680fc0.jpg?1786271523,Crystal,73,8,BRD
Gogant Gogant,24052697,188,160,Atomos,Elemental,788,0,9b2637d94cc0b341ddad961722026fdf_cf768a751b1f5e355c2fd39a9ed91f3ffc0.jpg?1786270584,Crystal,62,0,DRG
Eke Davis,29845306,189,161,Anima,Mana,787,0,e8727b43f9f5e480ba6cabe0e39a7a4a_2f698530a28d671d20278c8518c804c9fc0.jpg?1786270889,Crystal,62,0,DRG
Shi Syou,5023543,190,163,Atomos,Elemental,787,0,d930c67636980aa5cc10bd814bdc2dbd_cf768a751b1f5e355c2fd39a9ed91f3ffc0.jpg?1786269833,Crystal,30,1,WHM
Oriental Art,1070191,191,164,Chocobo,Mana,783,0,d31830cb71830b425529f231f39e776b_781d6b3603312f6be41670afa37282e0fc0.jpg?1786272001,Crystal,147,28,DRG
Lil Latte,55025559,192,165,Anima,Mana,782,0,2d01c7e9c74b9faebdd6d9ece7c9eb4a_2f698530a28d671d20278c8518c804c9fc0.jpg?1786272345,Crystal,120,0,UNK
Umai Okawari,28809423,193,166,Zeromus,Meteor,778,0,603544c81055f8085a950feb781bee2a_c76848359d0b4d2f37aefbb9903ed97bfc0.jpg?1786270030,Crystal,17,1,SMN
Kotatu Mikan,22566283,194,196,Ifrit,Gaia,768,78,89896b33aefae0916b7c6eb21c27641e_f9f796348bc43067c7242ec4551cde69fc0.jpg?1786272364,Crystal,46,7,DRG
Lucie Blanc,4813641,195,167,Anima,Mana,721,0,9c05760085153887cf9c52f28861be7c_2f698530a28d671d20278c8518c804c9fc0.jpg?1786271740,Crystal,21,0,VPR
Ichigo Jasmine,57027122,196,168,Shinryu,Meteor,714,0,17fae3561e1e77d262d93652dbd0bdc4_87b7d447f40b06dfc7228caf195f7dcffc0.jpg?1786270333,Crystal,22,0,PCT
Bronze Warrior,33944385,197,169,Alexander,Gaia,711,0,3a8559d847a626b7d8a2760ec13a73b5_b7a71d8799cf6dd75b711a7f52de6675fc0.jpg?1786271036,Crystal,42,0,WAR
Rai Ashley,22492099,198,170,Ridill,Gaia,709,0,657a8b330b76d0887673be1e90642143_138751880f18161a907d7cf0faa43f07fc0.jpg?1786269546,Crystal,106,0,BSM
Douglas Ward,32519646,199,177,Asura,Mana,705,3,5902010d301aa95176126fcdef0dc7c7_53f1445a9f28799a32ea55f046319fc3fc0.jpg?1786272779,Crystal,53,31,RDM
Chiaki Gypsophila,3224896,200,275,Anima,Mana,704,204,0c1c9b9742117c64cf36776db0d75c97_2f698530a28d671d20278c8518c804c9fc0.jpg?1786269762,Crystal,13,5,RPR
Melvien Granier,15127168,201,270,Mandragora,Meteor,703,202,f8b276b7da694e66d7a8c0e702a77495_ee738654add55c3d07ea92d8e108074cfc0.jpg?1786270924,Crystal,41,22,DRK
Shara Mura,40394634,202,173,Garuda,Elemental,703,0,00ee76cc1f13c8d3891aee16b0a97d91_fcb1f5b0249d1069e5bdc66d0796f26afc0.jpg?1786272409,Crystal,30,0,RDM
Kotori Angel,11433233,203,174,Alexander,Gaia,703,0,249a60efd4f3f03c25a40a0c3c35d33f_b7a71d8799cf6dd75b711a7f52de6675fc0.jpg?1786270364,Crystal,28,2,DRG
Mask M',42359546,204,294,Valefor,Meteor,702,213,66ed292059b674baf55529d85527214c_485f4777c38002871591fb54f27edc65fc0.jpg?1786270626,Crystal,99,30,MNK
Errer Errant,28706539,205,218,Asura,Mana,702,100,14833bd371ac70e05cffe6a03634bb61_53f1445a9f28799a32ea55f046319fc3fc0.jpg?1786270054,Crystal,6,1,DRG
Aristel Brown,3214595,206,178,Typhon,Elemental,701,0,edba68904ef1184c5563cdd263603a74_32d8c9c7cd5f62d62da2d31b6750a680fc0.jpg?1786271004,Crystal,148,52,SGE
Shiro Yozora,25997255,207,0,Titan,Mana,701,505,4fb271416b8be97cbd977dc4cd9a7c1b_e2bb3f9679fec6d4836fcf8abcc3eeacfc0.jpg?1786271620,Crystal,50,9,BLM
Shonan Gold,51360481,208,179,Gungnir,Elemental,701,0,106e5f909e34a4cdc6f05735c607687b_8f82f937943b6baf4c565020d5eba0ccfc0.jpg?1786270167,Crystal,29,0,WAR
Sead Slendisch,27788989,209,180,Asura,Mana,701,0,c9bd1276c77cf644ce955ce68575aa37_53f1445a9f28799a32ea55f046319fc3fc0.jpg?1786271995,Crystal,27,0,SGE
Coo Yanky,32078480,210,181,Aegis,Elemental,701,0,a8d9117ca1289e0dd2db80714170a84e_3ea38e723c590aabf186367e1eb7e6a1fc0.jpg?1786270720,Crystal,17,0,SAM
Nana Degu,42551273,211,183,Asura,Mana,701,0,f0ca36e4824faa31992738bb368e803c_53f1445a9f28799a32ea55f046319fc3fc0.jpg?1786271134,Crystal,13,2,DRG
In Darkness,58974244,212,262,Chocobo,Mana,698,297,d7230442a7c392d7ef8e729a84ab3182_781d6b3603312f6be41670afa37282e0fc0.jpg?1786271913,Crystal,121,12,SMN
Pero Noir,27109057,213,233,Ultima,Gaia,698,101,889b0b13f93f702d3df91ec97e272102_9df1b3cb0da35db33c17ef11ddf12adafc0.jpg?1786271238,Crystal,15,2,PCT
Katuo Bushi,48894263,214,0,Garuda,Elemental,697,597,8b92a347d66765b2b2d24c1ad40d5afa_fcb1f5b0249d1069e5bdc66d0796f26afc0.jpg?1786270906,Crystal,81,8,RDM
Jios Quartar,3179754,215,185,Tiamat,Gaia,696,0,e4a3c15118c1258c3c33b152cbada545_9f10d335198e90990f3437c5733468e7fc0.jpg?1786271474,Crystal,68,5,MCH
Omnigo Mnigo,49392372,216,186,Shinryu,Meteor,696,0,4ce1cddbe18eb8585879c43e5173c877_87b7d447f40b06dfc7228caf195f7dcffc0.jpg?1786272481,Crystal,39,3,VPR
Ardlan Vorlesh,45102526,217,187,Asura,Mana,696,0,04bfc027079d355fc717e8ec9a4b5f9e_53f1445a9f28799a32ea55f046319fc3fc0.jpg?1786270705,Crystal,27,8,DRG
Patricia Frankene,18106523,218,188,Ultima,Gaia,695,0,c545da9cb222915531dc1fa18623cb41_9df1b3cb0da35db33c17ef11ddf12adafc0.jpg?1786270879,Crystal,43,11,RDM
Yuki Amamiya,31666386,219,189,Asura,Mana,694,0,be0f5c48cd51ee52ae9fb5fbd908b45a_53f1445a9f28799a32ea55f046319fc3fc0.jpg?1786272976,Crystal,90,0,SGE
Saibi Wasabi,59415917,220,190,Garuda,Elemental,693,0,019ca60037f45abcd6d16fb450204162_fcb1f5b0249d1069e5bdc66d0796f26afc0.jpg?1786270099,Crystal,22,0,MCH
Lon Ron,18022042,221,191,Ixion,Mana,693,0,6f6a04c69339b65f6603faea5df0b1a6_7126768d768f6c6c7fed3eaee98c3a8afc0.jpg?1786270189,Crystal,19,0,MCH
Super Gal,52139020,222,267,Bahamut,Gaia,692,191,2a20ce1a576737898f3290324b402cd6_86da943caa70c8694707ab2ff74e68c9fc0.jpg?1786272444,Crystal,174,5,DRG
Asth Galleria,5330266,223,192,Pandaemonium,Mana,692,0,69f14cfe9aed20abab40d9c371b581d9_470db1bf2e865f9130531fea40b61ee4fc0.jpg?1786271120,Crystal,47,5,MCH
Zitnn Alexand,10097624,224,0,Belias,Meteor,692,491,9ba803d5e4d6d11746adc55721fd0c6e_894c4bd0beab2e2beb44b74f4c4bd206fc0.jpg?1786270342,Crystal,23,18,MCH
Kur Age,27916663,225,0,Ifrit,Gaia,692,493,b6c15539902ac3615580d0c358a2ce3a_f9f796348bc43067c7242ec4551cde69fc0.jpg?1786272352,Crystal,16,11,RPR
Totoka Toka,40704377,226,193,Chocobo,Mana,691,0,3aafbe2ed09507936a8a2aa2a03e2207_781d6b3603312f6be41670afa37282e0fc0.jpg?1786270117,Crystal,120,25,BLM
Aina The-end,44020286,227,194,Tiamat,Gaia,691,0,5de9f2cc82562b167fe84c1fcb425b92_9f10d335198e90990f3437c5733468e7fc0.jpg?1786271601,Crystal,41,6,BLU
Wolten Rema,17758406,228,281,Yojimbo,Meteor,691,192,7f56f4547e5e3e1528ebc681d9618464_4a92c619bde4f34cfa77e05fef21ad85fc0.jpg?1786270154,Crystal,27,5,PLD
Zach Woden,41904788,229,244,Alexander,Gaia,691,100,1c6025b83802002c372d550ea00c4b3f_b7a71d8799cf6dd75b711a7f52de6675fc0.jpg?1786269914,Crystal,21,1,MCH
Kuros Mu,61049213,230,195,Pandaemonium,Mana,691,0,9e807a625f663b98bc3f5699b41c95e5_470db1bf2e865f9130531fea40b61ee4fc0.jpg?1786271756,Crystal,17,0,UNK
Roud Mahu,3355785,231,197,Ixion,Mana,690,0,5ec00ff4b6711e2a189db7843e6ec84a_7126768d768f6c6c7fed3eaee98c3a8afc0.jpg?1786271513,Crystal,26,0,PLD
Crosner Agathe,1685660,232,198,Mandragora,Meteor,689,0,61a52bbd914b0c7f0b9af4110a19e6f0_ee738654add55c3d07ea92d8e108074cfc0.jpg?1786273064,Crystal,133,25,DNC
Shink Twitch,28515950,233,200,Chocobo,Mana,688,0,dbfc9e759a59380a06162fe11769fcc7_781d6b3603312f6be41670afa37282e0fc0.jpg?1786270303,Crystal,233,12,PLD
Mame Poporu,22836070,234,247,Ixion,Mana,686,100,a886d90317b0e4205db7046757e57e53_7126768d768f6c6c7fed3eaee98c3a8afc0.jpg?1786270779,Crystal,26,1,WAR
Rinfia Rint,24291060,235,201,Durandal,Gaia,685,0,a0d48d9035ce8cb65db8d80e6f885428_806ea5b45071d5cd6bf393e38462ee71fc0.jpg?1786271169,Crystal,123,15,WHM
Amarl Malaguld,27652092,236,0,Masamune,Mana,685,386,92f5a8f587b00180a706bf0adc6692cb_134930215abb8a90ec37d6cc05b05e08fc0.jpg?1786271507,Crystal,15,13,DRK
Ga Nadi,61801184,237,202,Titan,Mana,683,0,6d775dc29259442bd6ad12437fe3339b_e2bb3f9679fec6d4836fcf8abcc3eeacfc0.jpg?1786271928,Crystal,95,0,SMN
Korone Yubi,38334943,238,203,Yojimbo,Meteor,682,0,f96e46a75ff8692aefd4bf0841f4e177_4a92c619bde4f34cfa77e05fef21ad85fc0.jpg?1786270548,Crystal,57,8,VPR
Pekemi Vs,34522615,239,219,Carbuncle,Elemental,679,78,9fa0d9dd5f5841a202fb4f9e517211e7_9eb3c19866f7ae0eeeffac7bf770aba5fc0.jpg?1786271435,Crystal,128,24,PLD
Aran Tyler,47478713,240,250,Zeromus,Meteor,670,100,601da8267e6037e1adc37928f1ab982b_c76848359d0b4d2f37aefbb9903ed97bfc0.jpg?1786272345,Crystal,46,1,WHM
Mirage Viola,18473819,241,205,Belias,Meteor,620,0,afc0d8cb4d58a03698011df8d6137cac_894c4bd0beab2e2beb44b74f4c4bd206fc0.jpg?1786271370,Crystal,94,10,BLM
Geko Gety,29826106,242,0,Ramuh,Meteor,611,507,69f260926584b3f926dc8135f14fa22a_410ddb5a66a2fcacf538bec5ea5d0291fc0.jpg?1786270160,Crystal,14,13,MNK
Repipi Belchic,18138156,243,206,Garuda,Elemental,609,0,ff031764203bb8392345f0d02074ce7c_fcb1f5b0249d1069e5bdc66d0796f26afc0.jpg?1786269911,Crystal,82,0,SMN
Inari Oinari,33784273,244,207,Ultima,Gaia,608,0,df3ffb012c3d0b69a69801e3be00b23e_9df1b3cb0da35db33c17ef11ddf12adafc0.jpg?1786269561,Crystal,95,14,SGE
Crossford Fujita,54640917,245,208,Ridill,Gaia,607,0,6b6cf4c9612aa405a226b2c93f74e2b6_138751880f18161a907d7cf0faa43f07fc0.jpg?1786269610,Crystal,52,0,UNK
Royce Farrell,16260248,246,209,Tiamat,Gaia,607,0,dc9ad81c6df424c2b17bd56da6b0cc85_9f10d335198e90990f3437c5733468e7fc0.jpg?1786271600,Crystal,43,0,RPR
Rokka Gallete,23609500,247,255,Kujata,Elemental,607,100,6cb05d39414f85c9977ed746371b9289_72c48f093f2278ac3243962d3eb6a8d7fc0.jpg?1786272261,Crystal,9,1,GNB
Amelia Noin,10857008,248,210,Shinryu,Meteor,606,0,e3b9588cb22fca69d27a06b6b3f7f74b_87b7d447f40b06dfc7228caf195f7dcffc0.jpg?1786269518,Crystal,136,22,PLD
Zukasa Yatoh,8768354,249,211,Typhon,Elemental,605,0,4b9242a67c4aa4390facfa8e2028de4b_32d8c9c7cd5f62d62da2d31b6750a680fc0.jpg?1786273044,Crystal,43,15,DRG
Yuuki Swallowtail,32886185,250,212,Kujata,Elemental,604,0,712840b89db68c0862aff570eefb28c6_72c48f093f2278ac3243962d3eb6a8d7fc0.jpg?1786270624,Crystal,54,0,MCH
Walter Winston,3431710,251,213,Fenrir,Gaia,604,0,bee8390354426d2c1d42d687a0de29d5_d384cf5ad7db803f29799f36ebbc3eadfc0.jpg?1786270273,Crystal,46,6,WAR
Hoshikuz Siina,1173407,252,216,Tiamat,Gaia,604,1,f966bf2277aea0b0af7b96dbbca7abc1_9f10d335198e90990f3437c5733468e7fc0.jpg?1786272458,Crystal,27,1,SAM
Laru Gucchi,4772544,253,0,Durandal,Gaia,604,301,766e8af080f3aa6e38ee510dee4807b8_806ea5b45071d5cd6bf393e38462ee71fc0.jpg?1786270612,Crystal,12,8,BLM
Nocturne Midnightblue,55368101,253,214,Asura,Mana,604,0,e9f7726a264875c782e0384932dbf161_53f1445a9f28799a32ea55f046319fc3fc0.jpg?1786271379,Crystal,12,1,NIN
Rech Leys,13839764,255,215,Asura,Mana,603,0,7bc422589ea337ab644d4bc829ed74bd_53f1445a9f28799a32ea55f046319fc3fc0.jpg?1786271500,Crystal,82,16,UNK
Noir Eclair,2642862,256,217,Ultima,Gaia,602,0,18e63e62d7219f7b588f8c22739fa1ff_9df1b3cb0da35db33c17ef11ddf12adafc0.jpg?1786271999,Crystal,45,2,VPR
Zero Vanettius,31180421,257,220,Tonberry,Elemental,601,0,dcc2410aaf3a239966f3c0881c2419fc_7bb6b1e488f0e4f01c5314d010b60f31fc0.jpg?1786272835,Crystal,83,0,VPR
Khelby Trickster,1496735,258,222,Gungnir,Elemental,601,0,fde8b59fda65550661c58e15a9026a06_8f82f937943b6baf4c565020d5eba0ccfc0.jpg?1786270483,Crystal,40,0,PLD
Felious Nature,29878382,259,223,Garuda,Elemental,601,0,1fb8f30013241119bd3ec89439f23c39_fcb1f5b0249d1069e5bdc66d0796f26afc0.jpg?1786271258,Crystal,20,0,SAM
Kirakira Akira,55531034,260,224,Typhon,Elemental,601,0,5934f798f998575286709c767ba05f59_32d8c9c7cd5f62d62da2d31b6750a680fc0.jpg?1786272033,Crystal,10,0,SGE
Rohesa Morgan,10586618,261,225,Ramuh,Meteor,600,0,1b6623c84e2fcee5c1d726a691ab88ba_410ddb5a66a2fcacf538bec5ea5d0291fc0.jpg?1786272875,Crystal,59,2,BSM
A'' Leodela,1348434,262,0,Fenrir,Gaia,600,200,e94ac2a12b37ee5b5cbdfec8350d8bb6_d384cf5ad7db803f29799f36ebbc3eadfc0.jpg?1786270169,Crystal,44,14,UNK
Zumu Elect,11364414,263,226,Shinryu,Meteor,600,0,bd0b65a51fad6bef1e3c413041784da0_87b7d447f40b06dfc7228caf195f7dcffc0.jpg?1786271335,Crystal,27,0,VPR
Laviera Rose,60788095,264,227,Masamune,Mana,600,0,137281dbfd05a8698e1b5b46cb1d6d03_134930215abb8a90ec37d6cc05b05e08fc0.jpg?1786270613,Crystal,8,1,MCH
Fio Waldstein,15536952,265,228,Chocobo,Mana,599,0,cad62c88f360d5d6d4f48b42b2e493d0_781d6b3603312f6be41670afa37282e0fc0.jpg?1786269915,Crystal,66,0,BLM
Hisui Yakumo,32307151,266,230,Anima,Mana,599,0,a17a433489499f7247bcab0b749c1710_2f698530a28d671d20278c8518c804c9fc0.jpg?1786273071,Crystal,29,0,SMN
Boku Hide,61259881,267,231,Chocobo,Mana,599,0,2405cc4b75108a1384180ce7bafc3b98_781d6b3603312f6be41670afa37282e0fc0.jpg?1786272231,Crystal,24,0,MNK
Lazulim Langheim,1644495,268,234,Ultima,Gaia,597,0,997660bb7160cf32fb6806926222d151_9df1b3cb0da35db33c17ef11ddf12adafc0.jpg?1786271320,Crystal,5,0,MNK
Muutyo Ganajai,35379364,269,235,Ridill,Gaia,596,0,5435163c8ed77079a8f6bdb50b7b4da2_138751880f18161a907d7cf0faa43f07fc0.jpg?1786272509,Crystal,34,0,SAM
Anoma Loris,44038350,270,236,Valefor,Meteor,596,0,57b0094511d082e7e7e8203d850b4159_485f4777c38002871591fb54f27edc65fc0.jpg?1786271214,Crystal,19,0,BRD
Satosan Fiftysix,26440218,270,0,Typhon,Elemental,596,197,0b17719ebd757aaebd8ff00d5d1bd6f5_32d8c9c7cd5f62d62da2d31b6750a680fc0.jpg?1786271280,Crystal,19,3,DRG
Ame Azarashi,23141823,272,237,Durandal,Gaia,596,0,3169ff74c51973a08f1b5c47026339a9_806ea5b45071d5cd6bf393e38462ee71fc0.jpg?1786271685,Crystal,8,0,MCH
Orpheus Jongleur,3414846,273,0,Bahamut,Gaia,595,595,091f84408fe996c55b0d18af8fc1d9d6_86da943caa70c8694707ab2ff74e68c9fc0.jpg?1786272971,Crystal,29,17,GNB
Aquamarine Freyja,30360317,274,0,Titan,Mana,595,396,0dfd1b818fb45dff90b6c17b14b71318_e2bb3f9679fec6d4836fcf8abcc3eeacfc0.jpg?1786272285,Crystal,11,10,PCT
Blari Taraba,29682913,275,286,Ultima,Gaia,594,97,8715585bf23b1871520e0b6c478fa049_9df1b3cb0da35db33c17ef11ddf12adafc0.jpg?1786271442,Crystal,48,1,RPR
Tomomomo Momomo,25830708,276,239,Ramuh,Meteor,594,0,d1b6359fffbcc60e8bddc1120dc05d55_410ddb5a66a2fcacf538bec5ea5d0291fc0.jpg?1786273037,Crystal,11,0,DNC
M'asane Tyaka,30573102,277,240,Ridill,Gaia,593,0,0128dca44b4f2004c300bb0be68c3602_138751880f18161a907d7cf0faa43f07fc0.jpg?1786272556,Crystal,45,0,UNK
Maito Melek,26875635,278,0,Hades,Mana,593,295,f46d534bca38450ba9b70bb608411c3e_a4730651230dd43cb129562a30d531aefc0.jpg?1786271603,Crystal,6,4,UNK
Oracle Trezavejo,15712017,279,241,Bahamut,Gaia,592,0,b4aa7ecb29192073338a2cc53603b062_86da943caa70c8694707ab2ff74e68c9fc0.jpg?1786272554,Crystal,41,0,SMN
Mikall Nikall,27338323,280,243,Carbuncle,Elemental,592,1,e60a512b2d60c224cfd9c74b6449dffd_9eb3c19866f7ae0eeeffac7bf770aba5fc0.jpg?1786270624,Crystal,38,15,PLD
Regret Weise,15486920,281,242,Fenrir,Gaia,592,0,13172be4a1ad05d87f2b3a6e43f14d31_d384cf5ad7db803f29799f36ebbc3eadfc0.jpg?1786271237,Crystal,22,0,DRK
Mino Tia,17248473,282,246,Anima,Mana,587,0,04cf8f57d123e5dd3ff034bd6ab6124e_2f698530a28d671d20278c8518c804c9fc0.jpg?1786271093,Crystal,93,16,WAR
Envy Lua,43034484,283,275,Valefor,Meteor,586,95,e7cd2d55788c0aa6cbc5b71284096360_485f4777c38002871591fb54f27edc65fc0.jpg?1786272494,Crystal,22,15,AST
Zana'tan Stratos,7600570,284,248,Shinryu,Meteor,582,0,e3525c189345468c5a9b4b37cf4fcd3e_87b7d447f40b06dfc7228caf195f7dcffc0.jpg?1786270969,Crystal,7,0,AST
Ui Thrix,39291749,285,249,Chocobo,Mana,581,0,08b70654c7812f561afc700e0756319a_781d6b3603312f6be41670afa37282e0fc0.jpg?1786270879,Crystal,26,0,VPR
Hyunsik Lee,59757026,286,251,Typhon,Elemental,511,0,d171f47402375bca99a35c72ebcb7e48_32d8c9c7cd5f62d62da2d31b6750a680fc0.jpg?1786272635,Crystal,7,0,DNC
Yome Ex,58310901,287,252,Mandragora,Meteor,509,0,9c7e35fcf04992a0507f3e6cd8da7aa7_ee738654add55c3d07ea92d8e108074cfc0.jpg?1786271086,Crystal,120,3,SMN
Azunyan Suta,3609752,288,254,Kujata,Elemental,507,0,6eb87d1db5778a022b84283d0be6d5af_72c48f093f2278ac3243962d3eb6a8d7fc0.jpg?1786269885,Crystal,53,3,DRG
Suika Suika,52343269,289,256,Gungnir,Elemental,506,0,1200bb92b17a23c163af77a61ab59372_8f82f937943b6baf4c565020d5eba0ccfc0.jpg?1786269803,Crystal,83,0,RDM
Hosi Lumier,20014623,290,257,Ridill,Gaia,505,0,126e42d301322000c4e965281e8f7098_138751880f18161a907d7cf0faa43f07fc0.jpg?1786271032,Crystal,62,0,SMN
Lateralus Lyzetta,25642266,291,258,Ridill,Gaia,505,0,df87cf08231d6dd51b9d24a8c158dbaa_138751880f18161a907d7cf0faa43f07fc0.jpg?1786270219,Crystal,61,0,RPR
Lily Skywaker,6792620,292,0,Ixion,Mana,503,306,2a199e9346f375c2f2e814be59d0cf09_7126768d768f6c6c7fed3eaee98c3a8afc0.jpg?1786272813,Crystal,68,11,VPR
Endless Summer,36558820,293,259,Tiamat,Gaia,503,0,0079a66433e68b1f473c7487944a4d3d_9f10d335198e90990f3437c5733468e7fc0.jpg?1786269953,Crystal,63,1,PCT
Ato Ruderala,36258604,294,0,Ramuh,Meteor,503,199,584e9807025c7704e71e1e296efa1644_410ddb5a66a2fcacf538bec5ea5d0291fc0.jpg?1786270899,Crystal,44,3,VPR
Chisato Laetitia,56099994,295,260,Bahamut,Gaia,503,0,1ba731eb7e63c6a087133132bbb51418_86da943caa70c8694707ab2ff74e68c9fc0.jpg?1786269555,Crystal,28,0,UNK
Cururu Kulu,19143846,296,261,Masamune,Mana,503,0,33e1917fe6f5a5bf6f37e0da2fcdf5b9_134930215abb8a90ec37d6cc05b05e08fc0.jpg?1786270646,Crystal,6,0,SMN
Taro North,51784709,297,263,Durandal,Gaia,502,0,651dc89f9a8c4eebbec02f2488686ef7_806ea5b45071d5cd6bf393e38462ee71fc0.jpg?1786271987,Crystal,64,10,RPR
Quina Quale,22357925,298,273,Chocobo,Mana,502,2,8e04161822614b18e307be12f4aecf1e_781d6b3603312f6be41670afa37282e0fc0.jpg?1786271092,Crystal,24,2,SAM
Konegai Konegai,3277232,299,264,Masamune,Mana,502,0,3a445dba3d4d2882c60b55a59669971b_134930215abb8a90ec37d6cc05b05e08fc0.jpg?1786269668,Crystal,13,0,BLM
Nanna Shamash,29824400,300,265,Unicorn,Meteor,502,0,480461b43403f674360bd1de18eef8ba_393eb74047bb90c8d80dea54218430eefc0.jpg?1786269911,Crystal,9,0,PLD
Miyu Moon,14522179,1,2,Mateus,Crystal,2672,575,3562f4cf44aad7d526acbf8fae3937b0_f0c52cc66e124fc2e641d7c21ab2ce79fc0.jpg?1786271257,Omega,54,14,SAM
Azar Kaveh,16748899,2,1,Mateus,Crystal,2584,0,1d25f3d1883510d8fd010504471516b8_f0c52cc66e124fc2e641d7c21ab2ce79fc0.jpg?1786271746,Omega,159,31,WVR
Pekora Meow,37421725,3,4,Leviathan,Primal,2170,102,dc85502f9baa330d5a15d3c0a6f002a0_a91aae52cff9ef65932db06b150ffd47fc0.jpg?1786271596,Omega,135,4,RDM
Legendary Ash,10855248,4,5,Faerie,Aether,2164,100,6fd699132806b61c9dcb8613c3ae11a3_0e336ff6ad415f47233f0aaf127feac0fc0.jpg?1786272934,Omega,41,8,BRD
Sanahi Keto,57330112,5,3,Hyperion,Primal,2077,0,6531a5f5216bf8e7efcdcf26e24615cb_57ae9ee5592123dd79c8912bf768cf99fc0.jpg?1786271525,Omega,76,7,WAR
Barock Obama,52411158,6,0,Siren,Aether,2054,0,05a5459925b46dd9d074e273b24d5d27_58a84e851e55175d22158ca97af58a1ffc0.jpg?1786272885,Omega,151,18,PLD
Meteor Moon,29693876,7,8,Rafflesia,Dynamis,1942,68,7f262df9422aa27c9dd850d004812561_2783886613347a4db0bed7524de1298ffc0.jpg?1786272391,Omega,139,21,SGE
Vittorio Moretti,61421815,8,7,Diabolos,Crystal,1879,0,8c11f65c791a4f39ba7c716aeb6bc8d9_7b33d33ae3ecb996f778a5f67a6a0af6fc0.jpg?1786272884,Omega,98,0,RDM
Suhr Zarek,8876676,9,0,Balmung,Crystal,1806,0,c09e4087ccb76545f31b81fa5ca01485_7a573cbc0cda3a3dfc1795cb3d9f7b23fc0.jpg?1786271424,Omega,106,24,PLD
Size Difference,33536390,10,33,Sargatanas,Aether,1774,686,770b5bd32a40e292765490f8e46eaf60_ba22853447012a24cee115315d6a5bebfc0.jpg?1786270504,Omega,121,43,SMN
Sylvie Chan,48678953,11,10,Brynhildr,Crystal,1715,0,14580705b6124b25ef19217300b4891f_d0a0f515a62457570c9b44997063e3c1fc0.jpg?1786270660,Omega,102,12,MNK
Show Maker,61843104,12,11,Kraken,Dynamis,1699,0,a2da8d9d3d95080eac0c8ad1975a70ac_049a956dfeb0eb2e19c417a1dde4d680fc0.jpg?1786270645,Omega,107,5,SMN
Gongsun Qerel,38059779,13,12,Mateus,Crystal,1693,0,015ef2d1ef8f18b0cf7fa0e646fa2d12_f0c52cc66e124fc2e641d7c21ab2ce79fc0.jpg?1786272066,Omega,87,0,VPR
Marci Meow,54739620,14,31,Balmung,Crystal,1683,587,4ebc98a9ae6cf756ec75bc3db97f87f6_7a573cbc0cda3a3dfc1795cb3d9f7b23fc0.jpg?1786269538,Omega,42,8,DRG
Kris Lhea,39204335,15,13,Mateus,Crystal,1602,0,982639accd39a2021d8f112bb5e763df_f0c52cc66e124fc2e641d7c21ab2ce79fc0.jpg?1786272080,Omega,59,0,BRD
Tomo Kote,38176817,16,17,Gilgamesh,Aether,1594,100,e5d7502ad7f21874552a4fc21553ee9e_b937560c841465f7c4bc8eb47ea7948afc0.jpg?1786272395,Omega,86,2,SAM
Sanguinius Smolblood,33489157,17,32,Kraken,Dynamis,1585,490,461663ac9dfac06c5d61bc05d26ae652_049a956dfeb0eb2e19c417a1dde4d680fc0.jpg?1786269908,Omega,60,15,AST
Mavis Enyo,14769968,18,14,Excalibur,Primal,1578,0,00bced457c7cea8ae968197c61367bed_745baffc465480ed372e274d50318290fc0.jpg?1786269703,Omega,37,0,BRD
Crow Meow,54328117,19,15,Jenova,Aether,1577,0,7eded062751a7f80f7f3d9fbe0ab8e34_ce736afe35e2ded4e46c4fd0659aef7efc0.jpg?1786270503,Omega,33,0,VPR
Fye Alanyk,48751064,20,16,Diabolos,Crystal,1575,0,d605d68b88b347dfdb8a9b9e6c3539d6_7b33d33ae3ecb996f778a5f67a6a0af6fc0.jpg?1786270582,Omega,112,12,VPR
Lillian Floresca,58646686,21,18,Diabolos,Crystal,1324,0,4855e798f71f9426ff66aa8bcfc65aed_7b33d33ae3ecb996f778a5f67a6a0af6fc0.jpg?1786272475,Crystal,51,0,UNK
Olivia Lugria,15149290,22,19,Sargatanas,Aether,1304,0,c230658574a9dc12a4eb6fae2e16ceb4_ba22853447012a24cee115315d6a5bebfc0.jpg?1786272031,Crystal,163,31,GNB
Death Reaps,8773483,23,0,Balmung,Crystal,1302,97,265183f487ab7e0a5a5b3128ec29a82a_7a573cbc0cda3a3dfc1795cb3d9f7b23fc0.jpg?1786269900,Crystal,94,7,PCT
Jay Vermillion,20310837,24,34,Adamantoise,Aether,1299,401,ae2f157d9c523947744b038a73f77be6_1f5fd239b885860b7c2bfc72ad1d97effc0.jpg?1786270359,Crystal,61,14,PLD
Terro Mctwisp,49469934,25,20,Leviathan,Primal,1291,0,4f22d821591ca7181ba2027974b77e2f_a91aae52cff9ef65932db06b150ffd47fc0.jpg?1786273033,Crystal,15,0,VPR
Kuina Kagetsu,36802695,26,21,Ultros,Primal,1286,2,dd8ffbe11c53ea988c605c9c24157c59_c514cdcdb619439df97d906d4434ccc6fc0.jpg?1786272806,Crystal,67,3,AST
Air Azure,41482862,27,25,Rafflesia,Dynamis,1279,94,a32fc7c37974e2629ce594c455ff54a7_2783886613347a4db0bed7524de1298ffc0.jpg?1786269581,Crystal,44,11,PCT
Rubedo Ginshi,15639088,28,22,Lamia,Primal,1263,0,bbc5b3eb96e1a1691fb9abb344fc3217_4d9be17b5e1edc617052b4dbf4007875fc0.jpg?1786272788,Crystal,62,0,MCH
Myu Meow,9691497,29,24,Leviathan,Primal,1201,0,d925a41776719d761c94e8e32e5e7a0f_a91aae52cff9ef65932db06b150ffd47fc0.jpg?1786269965,Crystal,39,4,MCH
Xiao Longbao,31670807,30,47,Excalibur,Primal,1198,297,b9d8562547d5b9d8e86054d9061c6a23_745baffc465480ed372e274d50318290fc0.jpg?1786269856,Crystal,38,3,MIN
Fulheart Grit,38212551,31,26,Balmung,Crystal,1184,0,4a4d99f967c37bf42bd739857921e360_7a573cbc0cda3a3dfc1795cb3d9f7b23fc0.jpg?1786269685,Crystal,41,7,WHM
Lucio Harundo,4012099,32,27,Leviathan,Primal,1132,6,d042eff245eaa56c0b6989df68a99564_a91aae52cff9ef65932db06b150ffd47fc0.jpg?1786272707,Crystal,143,6,VPR
Hrothmar Blackburns,28757856,33,28,Adamantoise,Aether,1118,0,ba6405bac0d5b1fb489962984f0d9fb9_1f5fd239b885860b7c2bfc72ad1d97effc0.jpg?1786270039,Crystal,173,6,BLM
Pvp Badboy,38919488,34,29,Sargatanas,Aether,1116,3,8833f678967938d2e79b8d993021ce3f_ba22853447012a24cee115315d6a5bebfc0.jpg?1786271331,Crystal,63,14,NIN
Azure Balmung,17864089,35,0,Gilgamesh,Aether,1107,0,5456a33c0abb12eab1bf88281486246e_b937560c841465f7c4bc8eb47ea7948afc0.jpg?1786269842,Crystal,19,0,RPR
Deadrise Mutambo,49340180,36,60,Diabolos,Crystal,1101,404,05829ade005fe971a894d48d18963c4f_7b33d33ae3ecb996f778a5f67a6a0af6fc0.jpg?1786272359,Crystal,48,5,NIN
Bisukito Neko,32261082,37,30,Zalera,Crystal,1097,0,3462c7ee2de7556ca86498dc5214a7fb_8106f857613f8fb994b0be37b26ff4bafc0.jpg?1786270759,Crystal,38,0,UNK
Clara Green,44437004,38,84,Gilgamesh,Aether,1096,600,9fdf7ee98ab3c5eb9220a6d31f045135_b937560c841465f7c4bc8eb47ea7948afc0.jpg?1786271583,Crystal,72,7,AST
Saraliah Dawnbringer,21371539,39,139,Coeurl,Crystal,1096,897,6cef2d612818607782b7fbc356526664_284358f8eb4efc9095914e46798c6ab3fc0.jpg?1786272463,Crystal,31,10,PCT
Aibertain Mando,32541700,40,35,Jenova,Aether,1076,0,8dec967ad48c9a703018a7445740a7f3_ce736afe35e2ded4e46c4fd0659aef7efc0.jpg?1786270035,Crystal,132,32,VPR
Momo Meow,50898775,41,36,Siren,Aether,1013,0,6abf63b1f0755aa211bfd1dadc66e3b9_58a84e851e55175d22158ca97af58a1ffc0.jpg?1786272489,Crystal,14,0,AST
Azureal Grandeur,20448737,42,37,Marilith,Dynamis,1002,0,fa989d1d00d58fc1b4171abefb5e22b7_bbfb28d5a9059cd0c768daf77ab29982fc0.jpg?1786272630,Crystal,74,4,MCH
Nero Cor,51685882,43,38,Cactuar,Aether,1001,0,a53a1a6499997a089c36337bcc3ae46d_96ab1df8877c1f8ba6a89a39cccfd437fc0.jpg?1786270321,Crystal,92,0,SAM
F'ool Pr'oof,27802292,44,39,Behemoth,Primal,1001,0,07756f3cccf4cada3f3d40b5d44ef841_be20385e18333edb329d4574f364a1f0fc0.jpg?1786271200,Crystal,70,5,SMN
Rae Rea,58956664,45,40,Adamantoise,Aether,998,0,72766cccd8c79e6afd3055accfc559fa_1f5fd239b885860b7c2bfc72ad1d97effc0.jpg?1786270391,Crystal,13,0,DNC
Raiden Meow,60049984,46,41,Halicarnassus,Dynamis,990,0,82a7874a19aee552f4a0f8ff2b663dff_f2d324d722b28bbe681b2898bcdca8bffc0.jpg?1786272623,Crystal,28,1,BRD
Haha Unless,35825889,47,42,Faerie,Aether,908,0,3c249691791cbe0f2fb3ccc230c9a4e4_0e336ff6ad415f47233f0aaf127feac0fc0.jpg?1786270555,Crystal,21,0,VPR
La Bubu,26625120,48,43,Diabolos,Crystal,906,0,733d34df72366760c6f44581681c9088_7b33d33ae3ecb996f778a5f67a6a0af6fc0.jpg?1786271838,Crystal,22,2,MCH
Celesse Archon,5403993,49,44,Midgardsormr,Aether,902,0,46c05696a375eb66cab3503bea79e4e4_5c8ecfbc673e1287a9b5e85423fe1657fc0.jpg?1786270429,Crystal,32,0,AST
No Buts,2234245,50,45,Zalera,Crystal,901,0,0d8b9ae74f55ea0ba374fa7b38b48862_8106f857613f8fb994b0be37b26ff4bafc0.jpg?1786272631,Crystal,64,0,BRD
The Feast,46586541,51,46,Behemoth,Primal,901,0,db9e7409cc816f51307405b49c8b5713_be20385e18333edb329d4574f364a1f0fc0.jpg?1786272876,Crystal,41,0,UNK
Nemx Eisenhorn,2244246,52,48,Excalibur,Primal,895,0,8d22c9821683049e16868ac1de65df41_745baffc465480ed372e274d50318290fc0.jpg?1786270066,Crystal,16,0,SGE
Ice Mage,56719413,53,49,Golem,Dynamis,893,0,20eb207dbce003e2fb1842e0c47aacc7_dd61c3dc259e5c43722e89409499b669fc0.jpg?1786272455,Crystal,62,4,BLM
Uki Yo,50106047,54,50,Adamantoise,Aether,879,0,75e9983a4dd07e7e5de0ed1ac11a23fb_1f5fd239b885860b7c2bfc72ad1d97effc0.jpg?1786272148,Crystal,19,0,MNK
Merlin Emryss,9605720,55,51,Faerie,Aether,809,0,87179f28ae17956a4d43567dadf6ea60_0e336ff6ad415f47233f0aaf127feac0fc0.jpg?1786270213,Crystal,65,0,GNB
Dandy Lyon,9088850,56,98,Leviathan,Primal,797,400,5e652518b4930ff5cb411a5818760318_a91aae52cff9ef65932db06b150ffd47fc0.jpg?1786270458,Crystal,37,8,DRG
Ahri Meow,42604315,57,52,Leviathan,Primal,794,0,99498e3de5cc49aacddccc855d4ee19d_a91aae52cff9ef65932db06b150ffd47fc0.jpg?1786273027,Crystal,13,0,RDM
Doomballoon Dapingus,19169037,58,53,Diabolos,Crystal,714,0,e43cef91ca38a14de0e5bea2295ba9c0_7b33d33ae3ecb996f778a5f67a6a0af6fc0.jpg?1786272874,Crystal,48,0,RDM
Ellie Titis,36865882,59,54,Midgardsormr,Aether,707,0,71601f63eddfe2db7e4ec2213790102c_5c8ecfbc673e1287a9b5e85423fe1657fc0.jpg?1786271650,Crystal,30,4,DRG
Big Three,47754584,60,61,Zalera,Crystal,705,8,ef1725c11b5e975338a0b9d2fccdabfe_8106f857613f8fb994b0be37b26ff4bafc0.jpg?1786270531,Crystal,36,16,WAR
Gojo San,48764071,61,55,Jenova,Aether,705,0,cfaa3805c7a62fc99a75b9c68da57b17_ce736afe35e2ded4e46c4fd0659aef7efc0.jpg?1786271850,Crystal,8,0,VPR
Noraliza Aubyrn,32094068,62,56,Goblin,Crystal,701,0,8a18cbebe3a2fc2c4bc70809fec01623_8e81e2940511f7152ba4462fe53e35b8fc0.jpg?1786269511,Crystal,55,1,DNC
Satoshi Itaori,52546108,63,81,Golem,Dynamis,699,198,1ecf4d8479fa0e8c3c4b6fe005108b6d_dd61c3dc259e5c43722e89409499b669fc0.jpg?1786273081,Crystal,25,4,DRG
Silanah Sylphrena,45709349,64,57,Faerie,Aether,699,0,353d000e66ebf6b7715ff5998504f784_0e336ff6ad415f47233f0aaf127feac0fc0.jpg?1786271404,Crystal,14,0,NIN
Seto Mimyho,20943977,65,58,Behemoth,Primal,698,0,e0110a23ddcddf11cb8bf1e895c56d75_be20385e18333edb329d4574f364a1f0fc0.jpg?1786271413,Crystal,39,0,FSH
Zeta Salazar,44375733,66,59,Midgardsormr,Aether,697,0,4be3c205f3892cdbc09e8417ad6dbb68_5c8ecfbc673e1287a9b5e85423fe1657fc0.jpg?1786271009,Crystal,106,2,SAM
Aesa Iys,59631795,67,62,Kraken,Dynamis,696,0,60f73c621a5b6dec56728cc5466268c2_049a956dfeb0eb2e19c417a1dde4d680fc0.jpg?1786272899,Crystal,88,15,UNK
Kairi Rune,28236760,68,133,Hyperion,Primal,693,493,ce129fc5d83b1472a349e0e1053aee02_57ae9ee5592123dd79c8912bf768cf99fc0.jpg?1786269993,Crystal,12,8,WAR
Aerika Meow,27836279,69,63,Faerie,Aether,692,0,cefa16e18644e0b625a0d52d2df514b9_0e336ff6ad415f47233f0aaf127feac0fc0.jpg?1786272266,Crystal,8,0,DNC
Micro Uryade,37487800,70,64,Sargatanas,Aether,690,0,d9df4db31e4d391c99006db3caa4b5f9_ba22853447012a24cee115315d6a5bebfc0.jpg?1786270854,Crystal,71,25,DRK
Kasai Kage,21886030,71,65,Adamantoise,Aether,618,0,6835735c490425c8a49d6889308a3484_1f5fd239b885860b7c2bfc72ad1d97effc0.jpg?1786271674,Crystal,14,0,NIN
Kiitla Hundar,21600585,72,66,Brynhildr,Crystal,614,0,acff83df95bca2189584bd6af72e84ce_d0a0f515a62457570c9b44997063e3c1fc0.jpg?1786271594,Crystal,39,0,UNK
Akari Tsuki,46655701,73,67,Adamantoise,Aether,608,0,08f7ffe45c1b134f99ea040b39ee2bdd_1f5fd239b885860b7c2bfc72ad1d97effc0.jpg?1786272396,Crystal,17,0,SMN
Hilto Feltre,55076328,74,68,Sargatanas,Aether,605,0,4a850e1dbb7f6f3aeff5b21df6166f3f_ba22853447012a24cee115315d6a5bebfc0.jpg?1786270900,Crystal,45,0,RPR
Ivy Storm,61727582,75,69,Zalera,Crystal,604,0,27a648f77de0ff7a1a44539cbd062203_8106f857613f8fb994b0be37b26ff4bafc0.jpg?1786271687,Crystal,81,0,MCH
Judas Demaio,7957583,76,70,Balmung,Crystal,604,0,802e8b947615ba3fa10ac8d8e4fb1ebf_7a573cbc0cda3a3dfc1795cb3d9f7b23fc0.jpg?1786270265,Crystal,10,0,UNK
Alma Braver,729037,77,71,Goblin,Crystal,602,0,1d50d402d833734bf7f0d1fe6b3af5e8_8e81e2940511f7152ba4462fe53e35b8fc0.jpg?1786271752,Crystal,25,0,WHM
Crew Mate,58619876,78,114,Rafflesia,Dynamis,601,301,8fabef2de621b0cab9b478c17a74d44f_2783886613347a4db0bed7524de1298ffc0.jpg?1786271923,Crystal,19,7,UNK
Ham Baga,28276994,79,72,Balmung,Crystal,601,0,80672270fca68b3d3fa2f4c0b220427a_7a573cbc0cda3a3dfc1795cb3d9f7b23fc0.jpg?1786270320,Crystal,15,0,BRD
Yui Fins,46861659,80,73,Adamantoise,Aether,600,0,477904411f28cfd029518422146e02f0_1f5fd239b885860b7c2bfc72ad1d97effc0.jpg?1786269856,Crystal,167,9,PLD
Ash Ymir,58885179,81,74,Goblin,Crystal,599,0,9326f044cdbd54d081c76d88de6310e0_8e81e2940511f7152ba4462fe53e35b8fc0.jpg?1786272412,Crystal,57,0,SMN
Silvy Kaenbyou,45504540,82,75,Goblin,Crystal,598,0,3a856bd5c7e35d95f6afcc57be4321a1_8e81e2940511f7152ba4462fe53e35b8fc0.jpg?1786270687,Crystal,66,13,BLM
Yozen Ballistar,24434537,83,76,Hyperion,Primal,597,0,087acc31d84823e50be37be0af3a3640_57ae9ee5592123dd79c8912bf768cf99fc0.jpg?1786271724,Crystal,5,0,WHM
Phrosticus Maximus,51732834,84,77,Kraken,Dynamis,594,0,36921233b0c05085a501c86bb51f5633_049a956dfeb0eb2e19c417a1dde4d680fc0.jpg?1786271247,Crystal,92,0,NIN
Adrianne Lehman,335503,85,78,Jenova,Aether,591,0,9487d4bc6332e7a22c323a4ee321ffa1_ce736afe35e2ded4e46c4fd0659aef7efc0.jpg?1786269720,Crystal,136,18,PCT
Ryan Hoshiko,10323495,86,79,Lamia,Primal,591,0,b8f720f05e5314618bc7341f856d075d_4d9be17b5e1edc617052b4dbf4007875fc0.jpg?1786272157,Crystal,38,0,GNB
P'roto Idola,35374628,87,80,Brynhildr,Crystal,502,0,a91ad9e8c6c6ddb0905cd9aa6cede8e3_d0a0f515a62457570c9b44997063e3c1fc0.jpg?1786270034,Crystal,36,10,PLD
Sparrow Hawk,50867063,88,82,Seraph,Dynamis,501,0,1253b18a592d2d3c5133e9b86ab20c5a_07fb0511053f398d1f2d6831e6a6b4c8fc0.jpg?1786271641,Crystal,16,0,DRG
Lelouch Masamune,12543299,89,83,Malboro,Crystal,498,0,711457fd66b589fb422ba4640a4826f0_2e97c13fdd593d15d543093f8a37b6f0fc0.jpg?1786270342,Crystal,74,0,DRK
Emi Meow,44729199,90,0,Siren,Aether,497,0,39fec9b8eaf71c699797cd15ef87009b_58a84e851e55175d22158ca97af58a1ffc0.jpg?1786270107,Crystal,4,0,DRK
Im Dead,44727021,91,85,Balmung,Crystal,494,0,382bb5e8fe23a4e04750cfd29fa9f46c_7a573cbc0cda3a3dfc1795cb3d9f7b23fc0.jpg?1786270254,Crystal,21,1,SMN
Suhr Zarek,41651606,92,0,Goblin,Crystal,494,0,9a55a7c2b29a7a0b7de33b2fcc5a0411_8e81e2940511f7152ba4462fe53e35b8fc0.jpg?1786272058,Crystal,13,0,MNK
Anti Luminosity,53824427,93,86,Marilith,Dynamis,490,0,345441c3ea324bf07484e7e6f1031ccc_bbfb28d5a9059cd0c768daf77ab29982fc0.jpg?1786270929,Crystal,90,0,RPR
Kylis Pendragon,36050245,94,87,Balmung,Crystal,413,0,6d0f4e4d3e36c9a4dd7fccd76f9effc3_7a573cbc0cda3a3dfc1795cb3d9f7b23fc0.jpg?1786270772,Crystal,116,13,RPR
Nikau Milkdud,30842976,95,88,Lamia,Primal,404,0,2ffee265e9fb9491997d30306dc67cc3_4d9be17b5e1edc617052b4dbf4007875fc0.jpg?1786272548,Crystal,4,0,MNK
Xale Solace,52728205,96,89,Adamantoise,Aether,401,0,5272a5d5dea9738bb4a6638ac3f083d2_1f5fd239b885860b7c2bfc72ad1d97effc0.jpg?1786270421,Crystal,41,0,NIN
Nero K'ten,6155374,97,90,Lamia,Primal,400,0,457604f04300faac0e52a053884e2bb7_4d9be17b5e1edc617052b4dbf4007875fc0.jpg?1786270993,Crystal,51,0,AST
Vicious Nouzen,42001229,98,232,Jenova,Aether,400,400,94ccc3f4ceffc2356f1ddd47d85ca9f7_ce736afe35e2ded4e46c4fd0659aef7efc0.jpg?1786272231,Crystal,47,12,GNB
Rin Denma,33178809,99,91,Gilgamesh,Aether,400,0,6c5bab6678d3c44b6e646bc8726eb9f9_b937560c841465f7c4bc8eb47ea7948afc0.jpg?1786271132,Crystal,4,0,UNK
Cj Deux,23394493,100,200,Lamia,Primal,399,399,64702aeefa55d2931c531ddadd7964ea_4d9be17b5e1edc617052b4dbf4007875fc0.jpg?1786272735,Crystal,111,12,SMN
Pvp Wintrader,55633250,101,127,Rafflesia,Dynamis,399,198,a95c4512f0f35cf564aac910d19b00e2_2783886613347a4db0bed7524de1298ffc0.jpg?1786272877,Crystal,41,9,BRD
June Buggy,39873640,102,92,Brynhildr,Crystal,399,0,929fb7f3958e6f1fbc9e559d731c0108_d0a0f515a62457570c9b44997063e3c1fc0.jpg?1786272921,Crystal,34,0,RDM
Velvet Mordio,11975584,103,93,Exodus,Primal,399,0,78d6cff1cf5b31e96125819d9688bb5a_0cdf051c93865faa15cbc5cd3d2b69fbfc0.jpg?1786269851,Crystal,7,0,DRG
Karl Rex,48615049,104,94,Siren,Aether,398,0,a7f2129699ecb71e801871425b8cbc52_58a84e851e55175d22158ca97af58a1ffc0.jpg?1786271203,Crystal,187,3,PLD
Gidding Mimid,9835761,105,95,Exodus,Primal,398,0,97296d489ec3afb5d7c65e3c6fa7fc05_0cdf051c93865faa15cbc5cd3d2b69fbfc0.jpg?1786271194,Crystal,76,4,NIN
Kaede Obinata,32151196,106,214,Marilith,Dynamis,398,398,460d631b298c83b035fb70ac5669658d_bbfb28d5a9059cd0c768daf77ab29982fc0.jpg?1786272720,Crystal,46,11,SGE
Ava Falafell,7835301,107,96,Cactuar,Aether,398,0,037dd67f6ab82aadfe3e7b3e4973d525_96ab1df8877c1f8ba6a89a39cccfd437fc0.jpg?1786271436,Crystal,32,0,WHM
Roland Montpensier,27408688,108,97,Mateus,Crystal,398,0,f999e29fa2ab10f6ba02338f493e886b_f0c52cc66e124fc2e641d7c21ab2ce79fc0.jpg?1786271145,Crystal,10,1,DRG
Lazy Bear,39566180,109,110,Faerie,Aether,397,97,a07cf0c35d5a78a5a1b9ca16d6f41803_0e336ff6ad415f47233f0aaf127feac0fc0.jpg?1786272231,Crystal,92,1,MNK
Jin Mercer,31096690,110,99,Marilith,Dynamis,396,0,708b770d30658bbff6a84015d913b518_bbfb28d5a9059cd0c768daf77ab29982fc0.jpg?1786271755,Crystal,31,0,RDM
Eyre Stahl,32745572,111,100,Maduin,Dynamis,396,0,0d24cf6e8f53fc59a993fd5e5311d4e0_7ff236346f6151d8a2c08fd0b4a0b806fc0.jpg?1786271333,Crystal,3,0,SGE
Thamiel Blade,11845109,112,101,Malboro,Crystal,393,0,80ba6f7aa26a72c98ebf41b210be27be_2e97c13fdd593d15d543093f8a37b6f0fc0.jpg?1786272170,Crystal,51,1,RDM
Aurora Aura,51466191,113,102,Coeurl,Crystal,392,0,6bf65747d41f881881af0d8d8ee83bb9_284358f8eb4efc9095914e46798c6ab3fc0.jpg?1786272501,Crystal,92,6,WHM
Nanamie Namie,54007603,114,153,Seraph,Dynamis,389,200,0a2ba3a431605dbe05215a75dffd70e7_07fb0511053f398d1f2d6831e6a6b4c8fc0.jpg?1786272401,Crystal,82,3,PLD
Boulder Beholder,10981587,115,103,Faerie,Aether,310,0,9de7d0362a3a832a7171bfe262bb5d94_0e336ff6ad415f47233f0aaf127feac0fc0.jpg?1786272428,Crystal,6,0,RDM
Josh Trigiani,6965228,116,104,Lamia,Primal,307,0,22f547722b0454bc3b30d7f6a8ac5b0a_4d9be17b5e1edc617052b4dbf4007875fc0.jpg?1786270006,Crystal,12,0,BLM
Naeng Myeon,35393894,117,170,Jenova,Aether,305,205,e834ee8ccde5fd99424275ed75278f5b_ce736afe35e2ded4e46c4fd0659aef7efc0.jpg?1786272132,Crystal,32,4,PLD
Larxis Themage,9284703,118,105,Mateus,Crystal,304,0,f1440421e273892659981868cbc99f9b_f0c52cc66e124fc2e641d7c21ab2ce79fc0.jpg?1786271585,Crystal,87,6,BLM
Dank Lollington,37820692,119,106,Exodus,Primal,304,0,2b6faafd9620689cd5e4222c96529aa5_0cdf051c93865faa15cbc5cd3d2b69fbfc0.jpg?1786270621,Crystal,21,0,MCH
Ethan Dumas,2337003,120,107,Zalera,Crystal,303,0,4363afb6aeff95a15293cf3907560f7b_8106f857613f8fb994b0be37b26ff4bafc0.jpg?1786269919,Crystal,88,23,RDM
Garu Kettle,7054871,121,108,Behemoth,Primal,301,0,e03f1b46663ddb8c150315a88c79c9f1_be20385e18333edb329d4574f364a1f0fc0.jpg?1786270641,Crystal,65,0,UNK
Tarex Youva,34244171,122,109,Behemoth,Primal,301,0,f62a1a6593a19abc7f2ade2191e57159_be20385e18333edb329d4574f364a1f0fc0.jpg?1786272548,Crystal,44,0,DNC
Banana Skye,48159675,123,111,Faerie,Aether,300,0,37d6f3f177181cc95ef2e697d25b0c85_0e336ff6ad415f47233f0aaf127feac0fc0.jpg?1786271288,Crystal,49,0,WHM
Freelili Baylili,41088797,124,112,Famfrit,Primal,300,0,2fd0edea93f7f1b96bfa59c24d04a2af_fce4949e615393e574f2d57134b31fc1fc0.jpg?1786270206,Crystal,46,0,WAR
Onion Little,37583983,125,113,Zalera,Crystal,300,0,59533d6fd2d0a8b58595bf860ae3f36a_8106f857613f8fb994b0be37b26ff4bafc0.jpg?1786271046,Crystal,13,0,ALC
Fortune Days,44283538,126,0,Zalera,Crystal,298,298,044cf6044387105edf58d48a910b1ae4_8106f857613f8fb994b0be37b26ff4bafc0.jpg?1786272993,Crystal,25,21,DRG
Yulia Lunaria,82714,127,115,Coeurl,Crystal,298,0,30d19e29baad4dfe064001a80a4466e1_284358f8eb4efc9095914e46798c6ab3fc0.jpg?1786271617,Crystal,9,0,WAR
Vann Healsing,6572,128,116,Coeurl,Crystal,298,0,e19ce452168669ef7abba0e26cc8ee4c_284358f8eb4efc9095914e46798c6ab3fc0.jpg?1786271678,Crystal,4,0,GNB
Bigg Succ,14228989,129,117,Coeurl,Crystal,298,0,d833225ff74a6d00fc89b134cc155262_284358f8eb4efc9095914e46798c6ab3fc0.jpg?1786271380,Crystal,2,0,MCH
Sitri Belladonna,44271644,130,118,Maduin,Dynamis,296,0,d5fba1e5169b57a308fb1ea60e3553cf_7ff236346f6151d8a2c08fd0b4a0b806fc0.jpg?1786270967,Crystal,44,0,GNB
Sarantsatsral Kha,26082962,131,119,Behemoth,Primal,294,0,f8735f190504d139ee16ec1a623371dc_be20385e18333edb329d4574f364a1f0fc0.jpg?1786271479,Crystal,14,5,PLD
Nika Arwing,12407061,132,120,Behemoth,Primal,294,0,f0ebfd95e843addaab2471d3cb028eb6_be20385e18333edb329d4574f364a1f0fc0.jpg?1786271064,Crystal,8,0,WAR
Teysa Montgomery,6201712,133,160,Cactuar,Aether,292,192,eb51f53fb1f2b23ee171b4e92895e9b4_96ab1df8877c1f8ba6a89a39cccfd437fc0.jpg?1786272217,Crystal,68,9,DRG
Koifucius Dao-master,37165464,134,121,Exodus,Primal,292,0,030277d5215f88056127d2b9e88474e4_0cdf051c93865faa15cbc5cd3d2b69fbfc0.jpg?1786270410,Crystal,6,0,WHM
Minato Maki,53819658,135,122,Excalibur,Primal,204,0,03c1d1dc5b9a30317518ec9a30c301ab_745baffc465480ed372e274d50318290fc0.jpg?1786270639,Crystal,26,0,RDM
No Bee,37102144,136,168,Lamia,Primal,203,103,5c741048df2befeb7f80a2b03bb02aee_4d9be17b5e1edc617052b4dbf4007875fc0.jpg?1786269726,Crystal,35,5,NIN
Noel Bunny,5201676,137,123,Behemoth,Primal,202,0,c7f99603b6e09c43470bbabaed203add_be20385e18333edb329d4574f364a1f0fc0.jpg?1786271410,Crystal,68,17,UNK
Fire Strike,52397705,138,124,Kraken,Dynamis,202,0,b9c1021d4aa2ae66682e7904857161ed_049a956dfeb0eb2e19c417a1dde4d680fc0.jpg?1786270073,Crystal,12,0,RDM
Mtn Boop,36509633,139,125,Brynhildr,Crystal,202,0,175f521a1de707cbfb345e95df5e588c_d0a0f515a62457570c9b44997063e3c1fc0.jpg?1786270234,Crystal,1,0,VPR
Cain Molkoh,57323197,140,126,Goblin,Crystal,201,0,889deea7b0b76edd744a2b6fb24a09a1_8e81e2940511f7152ba4462fe53e35b8fc0.jpg?1786271822,Crystal,96,2,AST
Io Isana,33563057,141,146,Coeurl,Crystal,201,3,bb1bccc46bef2876072e2e7fa326fa12_284358f8eb4efc9095914e46798c6ab3fc0.jpg?1786270093,Crystal,5,1,PCT
Rusheel Vasscus,2314921,142,128,Adamantoise,Aether,201,0,a4248cc27f1d518fee3b2b12da021669_1f5fd239b885860b7c2bfc72ad1d97effc0.jpg?1786270627,Crystal,1,0,MNK
Zolzayaa Noykin,34804380,143,129,Balmung,Crystal,200,0,ff773bbf0388cc8a61ac7c87e78f978f_7a573cbc0cda3a3dfc1795cb3d9f7b23fc0.jpg?1786270614,Crystal,34,0,VPR
Aiberaint Mando,58601227,144,130,Faerie,Aether,200,0,b7621f9e3f9c7a33ce4acd4a392c3a41_0e336ff6ad415f47233f0aaf127feac0fc0.jpg?1786269680,Crystal,33,0,RPR
Mash Buttons,12470854,145,131,Ultros,Primal,200,0,eec5508ec2ce3844fd62caa5b87a24d8_c514cdcdb619439df97d906d4434ccc6fc0.jpg?1786270091,Crystal,24,0,BRD
Nonoha Noha,32959229,146,132,Balmung,Crystal,200,0,d9c4977477ddfaebc0c2204729f692f9_7a573cbc0cda3a3dfc1795cb3d9f7b23fc0.jpg?1786270767,Crystal,22,0,SAM
Joe Biden',48592929,147,134,Seraph,Dynamis,200,0,c06fd69e6b294b74118f1a8ad5727f56_07fb0511053f398d1f2d6831e6a6b4c8fc0.jpg?1786270061,Crystal,2,0,UNK
Giselle Aureillien,29155636,148,135,Coeurl,Crystal,200,0,0864f26f62e17d3942c765f8a16665d2_284358f8eb4efc9095914e46798c6ab3fc0.jpg?1786270129,Crystal,1,0,NIN
Somnidemn Serdorm,37031558,148,135,Goblin,Crystal,200,0,6147ca113912ee7b9ac321313bbf5863_8e81e2940511f7152ba4462fe53e35b8fc0.jpg?1786272231,Crystal,1,0,SCH
Vayce Lilacspark,4565408,150,188,Balmung,Crystal,199,199,e9f3928d81a9f68a9cfae3a6a414feb8_7a573cbc0cda3a3dfc1795cb3d9f7b23fc0.jpg?1786270645,Crystal,109,15,SGE
Novical Astrea,42979170,151,137,Exodus,Primal,199,0,b638930bbe9987be79fa698126728549_0cdf051c93865faa15cbc5cd3d2b69fbfc0.jpg?1786270951,Crystal,53,0,BRD
Silah Zetsku,53965328,152,197,Marilith,Dynamis,199,199,d2b4042f092dccb0d381fdc61afe74c3_bbfb28d5a9059cd0c768daf77ab29982fc0.jpg?1786272951,Crystal,30,7,MCH
Unagi Box,34773273,153,138,Cuchulainn,Dynamis,199,0,05a513d02b60c767bfb83440ab2d406b_b4a106e4893fd452df0001eaeecf9d7efc0.jpg?1786271303,Crystal,22,0,FSH
Raphtalia Solari,8126326,154,140,Adamantoise,Aether,199,0,baeca36f0f50dbb796496ea18e58ee30_1f5fd239b885860b7c2bfc72ad1d97effc0.jpg?1786270065,Crystal,6,0,SGE
Milly Mina,37964161,155,141,Cuchulainn,Dynamis,199,0,f3300c3e28b3c5b4a3767a587341831e_b4a106e4893fd452df0001eaeecf9d7efc0.jpg?1786271511,Crystal,5,0,FSH
Mits Suki,33204212,156,142,Famfrit,Primal,199,0,5bb063598970951b9c8c586bd4f0db1f_fce4949e615393e574f2d57134b31fc1fc0.jpg?1786270266,Crystal,3,0,MNK
Fain Doncel'aram,18921518,157,143,Jenova,Aether,199,0,99d5d58c7b97e260ff83d3d4b87a7103_ce736afe35e2ded4e46c4fd0659aef7efc0.jpg?1786270722,Crystal,2,0,MNK
Navori Valois,48622291,158,144,Adamantoise,Aether,198,0,4facdc408c9ad771bc52001d3c82fa9f_1f5fd239b885860b7c2bfc72ad1d97effc0.jpg?1786271744,Crystal,19,0,RPR
Katka Kogoro,44461194,159,145,Behemoth,Primal,198,0,550a289a6fa63b9cd57149e22c1dbc72_be20385e18333edb329d4574f364a1f0fc0.jpg?1786270210,Crystal,11,0,UNK
Radanis Luminacht,16920977,160,147,Sargatanas,Aether,198,0,b371d311f8b15d14c5d5b08dda36ab7f_ba22853447012a24cee115315d6a5bebfc0.jpg?1786270929,Crystal,1,0,WAR
Fyoriah Aliapoh,44734635,161,148,Faerie,Aether,197,0,298901c71b421faa4612e0bbd9420820_0e336ff6ad415f47233f0aaf127feac0fc0.jpg?1786271741,Crystal,41,11,MNK
Onigiri Bunny,7352884,162,149,Behemoth,Primal,197,0,382f2b7a0b15514c38a6e2d5af3d8014_be20385e18333edb329d4574f364a1f0fc0.jpg?1786273056,Crystal,1,0,UNK
Ailbhe Costa,24483224,163,150,Golem,Dynamis,196,0,d2a07a324d29f192eabbae6adeb2462b_dd61c3dc259e5c43722e89409499b669fc0.jpg?1786270774,Crystal,1,0,UNK
Sensus Meow,3918158,163,150,Gilgamesh,Aether,196,0,c830651186889d4902ef13cefd58a832_b937560c841465f7c4bc8eb47ea7948afc0.jpg?1786270497,Crystal,1,0,DRG
Unit Two,9241194,165,152,Ultros,Primal,195,0,641de9f4edfaf7fe05a95460092c87ef_c514cdcdb619439df97d906d4434ccc6fc0.jpg?1786269787,Crystal,147,0,PLD
Lux Mas,23065843,166,154,Sargatanas,Aether,105,0,88a2ca0abf69b95b8d6893d740e04615_ba22853447012a24cee115315d6a5bebfc0.jpg?1786272157,Crystal,61,0,PCT
Labrys Roux,31449732,167,155,Ultros,Primal,103,0,b78d649d03beba97a36fa9eebc98afc4_c514cdcdb619439df97d906d4434ccc6fc0.jpg?1786271423,Crystal,30,0,AST
Erik Jormungandr,21053207,168,156,Balmung,Crystal,102,0,d279bad4f9c048ee2cb4310b2dabb453_7a573cbc0cda3a3dfc1795cb3d9f7b23fc0.jpg?1786272984,Crystal,10,5,MIN
Rail Ying,33252892,169,157,Famfrit,Primal,100,0,e9ae8b691e418ccccf35ebe11804f497_fce4949e615393e574f2d57134b31fc1fc0.jpg?1786272176,Crystal,195,12,ARC
Scythe Horrorblade,32713598,170,190,Mateus,Crystal,100,100,43c41a5aa8d981f109e6d76f3347bd93_f0c52cc66e124fc2e641d7c21ab2ce79fc0.jpg?1786272431,Crystal,172,18,DRG
Theory Ai,55206021,171,158,Leviathan,Primal,100,0,018be547248466158b1d0f9de4315340_a91aae52cff9ef65932db06b150ffd47fc0.jpg?1786269654,Crystal,160,0,NIN
Gozen Brutus,61597290,172,159,Maduin,Dynamis,100,0,3a730b628fc5d3ebc929cd7499755059_7ff236346f6151d8a2c08fd0b4a0b806fc0.jpg?1786272520,Crystal,87,0,MNK
Beef Testoserone,31210622,173,161,Lamia,Primal,100,0,8722cb428122ce685cf8b96a844468f3_4d9be17b5e1edc617052b4dbf4007875fc0.jpg?1786271228,Crystal,57,0,DRG
Fritz Wolaritz,44896203,174,162,Balmung,Crystal,100,0,6b6c8d51bbceef62ae7fdc2ac8df1756_7a573cbc0cda3a3dfc1795cb3d9f7b23fc0.jpg?1786271220,Crystal,56,0,SGE
Zaneko Yuneko,61640151,175,0,Goblin,Crystal,100,100,e90101e9d13d827fb83b96932b2de05b_8e81e2940511f7152ba4462fe53e35b8fc0.jpg?1786272761,Crystal,51,10,SCH
Shiroi Kijo,44769088,176,246,Ultros,Primal,100,100,2bc8c14bed99e41cc16db823a37e5295_c514cdcdb619439df97d906d4434ccc6fc0.jpg?1786270631,Crystal,48,16,SMN
Zerth Voldrin,14915863,176,163,Cactuar,Aether,100,0,81a8fef4d9feb3b13352e547c9dcf7d5_96ab1df8877c1f8ba6a89a39cccfd437fc0.jpg?1786269716,Crystal,48,0,DRK
Elphen Gura,2247953,178,164,Gilgamesh,Aether,100,0,292e135e4f46290be61b4699e8236363_b937560c841465f7c4bc8eb47ea7948afc0.jpg?1786270191,Crystal,45,0,WAR
Shinra Tatsuya,8648762,179,213,Gilgamesh,Aether,100,100,7dccb5e520b149afd2b044279fa8694e_b937560c841465f7c4bc8eb47ea7948afc0.jpg?1786270231,Crystal,42,5,SAM
Von Columbine,58381347,179,165,Gilgamesh,Aether,100,0,616328e702b2b2e8d452581d53ec9f88_b937560c841465f7c4bc8eb47ea7948afc0.jpg?1786272580,Crystal,42,0,GNB
Vaal Hazak,26534863,181,202,Zalera,Crystal,100,100,7c44a75a2f3d57a9cd3b86235340939b_8106f857613f8fb994b0be37b26ff4bafc0.jpg?1786270286,Crystal,41,1,PLD
Sirkitten Wrath,24932332,182,166,Coeurl,Crystal,100,0,248a1e6798b3538fe783585b1686cadd_284358f8eb4efc9095914e46798c6ab3fc0.jpg?1786271557,Crystal,38,0,MCH
Fenrir Mani,46990212,183,167,Siren,Aether,100,0,9d52f579ab24f21101afab7ee04fd086_58a84e851e55175d22158ca97af58a1ffc0.jpg?1786271143,Crystal,34,0,VPR
Zypris Allsbane,13616095,184,219,Leviathan,Primal,100,100,8194751bb802fcd9691a7ee558040836_a91aae52cff9ef65932db06b150ffd47fc0.jpg?1786269758,Crystal,32,2,RPR
Minome Meisuri,39947262,185,169,Sargatanas,Aether,100,0,ce2ec1dde05d4468145ef246155ea290_ba22853447012a24cee115315d6a5bebfc0.jpg?1786271886,Crystal,29,0,RDM
Neco-arc Myuri,1364925,186,197,Balmung,Crystal,100,100,45595754292a6e60dac91dc40349a619_7a573cbc0cda3a3dfc1795cb3d9f7b23fc0.jpg?1786269730,Crystal,27,4,UNK
Brian Ricardo,9364090,187,221,Adamantoise,Aether,100,100,c00688b4ac9b567c1a4de9d648fbbff4_1f5fd239b885860b7c2bfc72ad1d97effc0.jpg?1786270788,Crystal,26,6,AST
Peregrine Lofte,21726171,187,171,Leviathan,Primal,100,0,351c30387c9048190075024c6b344ead_a91aae52cff9ef65932db06b150ffd47fc0.jpg?1786270502,Crystal,26,0,DRG
Ciel Sorrel,22647977,189,234,Zalera,Crystal,100,100,4feb2b2835b10561864f50a075fa571c_8106f857613f8fb994b0be37b26ff4bafc0.jpg?1786271593,Crystal,25,3,WHM
Snowsteps Frozenheart,25431273,189,172,Siren,Aether,100,0,3e9412aba214d5dab23b4cdfc8b81294_58a84e851e55175d22158ca97af58a1ffc0.jpg?1786270288,Crystal,25,0,SGE
Orpheus Laine,29851207,191,173,Gilgamesh,Aether,100,0,5939235fbb052c79392d334cce14ca00_b937560c841465f7c4bc8eb47ea7948afc0.jpg?1786270859,Crystal,24,0,DRG
Sanctified Meiyi,17664808,191,266,Exodus,Primal,100,100,97897e3416901b29df2a39b2d1b02741_0cdf051c93865faa15cbc5cd3d2b69fbfc0.jpg?1786271607,Crystal,24,5,SAM
Naomi Hakoma,13697124,193,176,Halicarnassus,Dynamis,100,0,a6732f9cc34509a6761d618186e745fd_f2d324d722b28bbe681b2898bcdca8bffc0.jpg?1786271320,Crystal,22,2,RDM
Rasan Sena,13544028,193,174,Kraken,Dynamis,100,0,70d1ba94bcbeff8a384f1e364b2ee863_049a956dfeb0eb2e19c417a1dde4d680fc0.jpg?1786270105,Crystal,22,0,UNK
Vaeltis Nyght,16404977,195,175,Famfrit,Primal,100,0,0caba4911a7521943ad38550f8faec63_fce4949e615393e574f2d57134b31fc1fc0.jpg?1786270372,Crystal,21,0,GNB
Lowan Gleview,48863675,196,239,Gilgamesh,Aether,100,100,3ed0770e9633fa9630af57f595f1d68d_b937560c841465f7c4bc8eb47ea7948afc0.jpg?1786271022,Crystal,19,5,NIN
Neo Dymium,33030676,196,177,Seraph,Dynamis,100,0,24be6098cf7acc2de169d92917d3299f_07fb0511053f398d1f2d6831e6a6b4c8fc0.jpg?1786272364,Crystal,19,0,DRG
A'kena Themis,30488636,198,179,Cuchulainn,Dynamis,100,0,0dfbdcebc19679eb813e05521b4bc587_b4a106e4893fd452df0001eaeecf9d7efc0.jpg?1786272701,Crystal,18,1,AST
Tegridy Weed,3469679,198,178,Midgardsormr,Aether,100,0,96f7b1ca58cffc2cdcbb1df90d116807_5c8ecfbc673e1287a9b5e85423fe1657fc0.jpg?1786271818,Crystal,18,0,AST
Hand Wringer,44393087,200,192,Maduin,Dynamis,100,100,77880f5c34b658327b5107443cfb361d_7ff236346f6151d8a2c08fd0b4a0b806fc0.jpg?1786271410,Crystal,16,6,MNK
Reina Crowley,19324150,200,180,Malboro,Crystal,100,0,d8624175065ad845c6d16c7f8638cc12_2e97c13fdd593d15d543093f8a37b6f0fc0.jpg?1786270996,Crystal,16,0,UNK
Gracidea Blossom,4573171,202,253,Lamia,Primal,100,100,12afdfb12aebd14365b3149875fee65f_4d9be17b5e1edc617052b4dbf4007875fc0.jpg?1786271902,Crystal,14,7,WHM
Master Zoknik,48144446,203,181,Balmung,Crystal,100,0,3c54e73f2ad7023aa3b173793f95c070_7a573cbc0cda3a3dfc1795cb3d9f7b23fc0.jpg?1786270453,Crystal,11,0,WAR
Tio Tot,32427648,204,182,Jenova,Aether,100,0,b6b5f99e0b2c9878499873fdbe82cda3_ce736afe35e2ded4e46c4fd0659aef7efc0.jpg?1786270269,Crystal,7,0,VPR
Rachna's Kitten,60414129,205,183,Diabolos,Crystal,100,0,5a2079c26296ecf9252da83453669ee7_7b33d33ae3ecb996f778a5f67a6a0af6fc0.jpg?1786271075,Crystal,4,0,UNK
Akam Mizuna,11803947,206,184,Leviathan,Primal,100,0,8c8c482c7a3d1c6cf89407e6cf103b32_a91aae52cff9ef65932db06b150ffd47fc0.jpg?1786269520,Crystal,1,0,VPR
Haley Autouria,105933,207,185,Coeurl,Crystal,100,0,8e6b9b10fc2e31af21e24fdaae151c61_284358f8eb4efc9095914e46798c6ab3fc0.jpg?1786271553,Crystal,0,0,UNK
Pinky Meow,59213242,207,185,Halicarnassus,Dynamis,100,0,9ac8bffaba88f1f4c7fe1238e6a7dcb0_f2d324d722b28bbe681b2898bcdca8bffc0.jpg?1786270149,Crystal,0,0,UNK
Lolly Pops,11573609,209,217,Leviathan,Primal,0,0,a38b4d4cbcfc624c56b5db6efb627dd2_a91aae52cff9ef65932db06b150ffd47fc0.jpg?1786271562,Diamond,112,20,MCH
Tiny Sosig,16648383,210,187,Balmung,Crystal,0,0,47661dc0b135d6c15fadc46a3fa85816_7a573cbc0cda3a3dfc1795cb3d9f7b23fc0.jpg?1786271583,Diamond,99,0,MCH
Dread Ross,4916315,211,189,Exodus,Primal,0,0,dafd63f0b3ce97e8283a4d153f0acd06_0cdf051c93865faa15cbc5cd3d2b69fbfc0.jpg?1786270998,Diamond,61,0,WAR
Bam Pepo,22678638,212,190,Adamantoise,Aether,0,0,8533b0fce359fe75fd8f831869cf110d_1f5fd239b885860b7c2bfc72ad1d97effc0.jpg?1786271004,Diamond,56,0,MNK
Levy Scarlett,35085988,213,289,Coeurl,Crystal,0,0,74fe88584bdffbcc051a81a168ff958f_284358f8eb4efc9095914e46798c6ab3fc0.jpg?1786271460,Diamond,46,10,SAM
Johnny Rotten,60584717,214,193,Balmung,Crystal,0,0,16dd0eb6be877814ca22fed24fe6191d_7a573cbc0cda3a3dfc1795cb3d9f7b23fc0.jpg?1786272723,Diamond,33,0,DRG
Tc Sola,43984930,214,196,Zalera,Crystal,0,0,1bde011c1056c258b5456fb7d0f6283f_8106f857613f8fb994b0be37b26ff4bafc0.jpg?1786272491,Diamond,33,8,RDM
Aster Minyu,54375843,216,194,Lamia,Primal,0,0,380928b9020a6bb0bcfa44d88b6df112_4d9be17b5e1edc617052b4dbf4007875fc0.jpg?1786271312,Diamond,30,0,BLM
Haru Ymir,52781467,216,279,Coeurl,Crystal,0,0,5b0c97a3958f165ea8d2566964423df5_284358f8eb4efc9095914e46798c6ab3fc0.jpg?1786271153,Diamond,30,7,SMN
Neo Zee',28714097,218,195,Balmung,Crystal,0,0,ecd9a08521dcc0c1872ac990f3a534b9_7a573cbc0cda3a3dfc1795cb3d9f7b23fc0.jpg?1786272795,Diamond,29,0,BRD
Erdrick Than'talas,35169837,219,199,Behemoth,Primal,0,0,bcdde4e2fbfba10f901006ffbc7723cc_be20385e18333edb329d4574f364a1f0fc0.jpg?1786272849,Diamond,122,6,PLD
Pu'erh Da'yeh,32091528,220,227,Cactuar,Aether,0,0,5e7e03f636b640c83b460f61eed7ed35_96ab1df8877c1f8ba6a89a39cccfd437fc0.jpg?1786269699,Diamond,86,22,BRD
Kayin Fenrir,3137688,221,209,Faerie,Aether,0,0,a8e94b088cd60ef0124b965aedec3772_0e336ff6ad415f47233f0aaf127feac0fc0.jpg?1786271574,Diamond,69,15,MNK
Fitzwilliam Darcy,1762059,222,201,Ultros,Primal,0,0,cc022b0932ebd420f837539b13158866_c514cdcdb619439df97d906d4434ccc6fc0.jpg?1786271418,Diamond,57,0,RDM
M' Twelve,36885704,223,203,Halicarnassus,Dynamis,0,0,0f10ff80520b725264b0aed8ac62d609_f2d324d722b28bbe681b2898bcdca8bffc0.jpg?1786271264,Diamond,47,9,UNK
Abel Catallus,20632128,224,204,Hyperion,Primal,0,0,a753917cbe6dc89a0ba41f10003a621d_57ae9ee5592123dd79c8912bf768cf99fc0.jpg?1786270429,Diamond,38,8,BLM
Eroison Chren,42575447,225,204,Ultros,Primal,0,0,d66c862181da18eea3335d6667510dc6_c514cdcdb619439df97d906d4434ccc6fc0.jpg?1786272416,Diamond,33,3,FSH
Aavlen Zo,32887243,226,206,Brynhildr,Crystal,0,0,2a3e3ea4d262cfdf8a2ee034b379b099_d0a0f515a62457570c9b44997063e3c1fc0.jpg?1786269740,Diamond,17,0,WAR
Denmo Mcstronghuge,1150717,227,207,Excalibur,Primal,0,0,bb33b9be77e28ab26ee6367ad6ba7cac_745baffc465480ed372e274d50318290fc0.jpg?1786269824,Diamond,16,0,BLM
Marika Mjolnir,38212348,228,0,Malboro,Crystal,0,0,969a50dcb0d9777a00aae149894ab7f5_2e97c13fdd593d15d543093f8a37b6f0fc0.jpg?1786270732,Diamond,151,21,WAR
Pravik Rhati,30628415,229,208,Zalera,Crystal,0,0,6f338ced5bbbd90812f4a17468f53684_8106f857613f8fb994b0be37b26ff4bafc0.jpg?1786272047,Diamond,144,25,DRK
Haley Comet,27668347,230,226,Cactuar,Aether,0,0,2b237658ff580795f602f2f1b6069a76_96ab1df8877c1f8ba6a89a39cccfd437fc0.jpg?1786272857,Diamond,74,8,BRD
Draiser Montblanc,32398472,231,209,Lamia,Primal,0,0,7815697ae034669b4e9620865400c384_4d9be17b5e1edc617052b4dbf4007875fc0.jpg?1786272316,Diamond,64,10,WAR
Savard Qerel,20600432,232,209,Diabolos,Crystal,0,0,db0af86bd2eb90f70c42b9e65658aff2_7b33d33ae3ecb996f778a5f67a6a0af6fc0.jpg?1786269513,Diamond,54,0,DRK
Stephanie Dolla,28812314,233,212,Zalera,Crystal,0,0,d9051d9ee54d0e9f8178549cfed7d8cf_8106f857613f8fb994b0be37b26ff4bafc0.jpg?1786270655,Diamond,45,7,SMN
Riki Gandrake,1558233,234,281,Balmung,Crystal,0,0,442f4df63f0df0c75d240ab042e3fcdb_7a573cbc0cda3a3dfc1795cb3d9f7b23fc0.jpg?1786272284,Diamond,38,18,BRD
Lumiel Alstreim,6929457,235,215,Balmung,Crystal,0,0,6004c4e57250b544ed36bf6b310e878a_7a573cbc0cda3a3dfc1795cb3d9f7b23fc0.jpg?1786271336,Diamond,34,0,AST
Cecils Lunas,39054438,236,216,Brynhildr,Crystal,0,0,4f553dbd79cfae0460c3d43b82171d15_d0a0f515a62457570c9b44997063e3c1fc0.jpg?1786269846,Diamond,22,0,SMN
June Freyja,10894711,237,286,Brynhildr,Crystal,0,0,a53a85398b567470f54962e592f2684d_d0a0f515a62457570c9b44997063e3c1fc0.jpg?1786272925,Diamond,83,17,SAM
Nixacu Murubra,24114126,238,218,Lamia,Primal,0,0,68206034a86cf63bd8aecd714ae17955_4d9be17b5e1edc617052b4dbf4007875fc0.jpg?1786269528,Diamond,55,0,SCH
Cleo Kaisuri,49507760,239,220,Hyperion,Primal,0,0,b3c346a088e9876c531a3dcecd6b78db_57ae9ee5592123dd79c8912bf768cf99fc0.jpg?1786271293,Diamond,26,0,BRD
Ajisai Sorano,7779796,240,222,Lamia,Primal,0,0,742c314aec62f1bf6c7c525c9cd64e78_4d9be17b5e1edc617052b4dbf4007875fc0.jpg?1786271803,Diamond,11,0,RDM
First Name,39082032,241,223,Gilgamesh,Aether,0,0,f61b7a515f332494dbc997024a22504d_b937560c841465f7c4bc8eb47ea7948afc0.jpg?1786272641,Diamond,141,0,UNK
Claire Lamont,974282,242,224,Hyperion,Primal,0,0,4522bd271ee8879920f36521c2512945_57ae9ee5592123dd79c8912bf768cf99fc0.jpg?1786273081,Diamond,84,0,DRG
Celeste Aeternum,38129090,243,244,Adamantoise,Aether,0,0,76510814c4215ff9bd016e9313ee6e2c_1f5fd239b885860b7c2bfc72ad1d97effc0.jpg?1786270577,Diamond,74,7,SCH
Saria Desolita,7318698,244,225,Exodus,Primal,0,0,b9d47f2d43e0c5bf6c608abae563f12e_0cdf051c93865faa15cbc5cd3d2b69fbfc0.jpg?1786270952,Diamond,68,0,BLM
Chronochaos Asura,1230012,245,299,Excalibur,Primal,0,0,16f01a0a9404158e87254af5dbe09328_745baffc465480ed372e274d50318290fc0.jpg?1786272267,Diamond,63,4,NIN
Yuki Yozora,32275648,246,228,Faerie,Aether,0,0,bed164ee9535c02b6ea7cc8b5000c845_0e336ff6ad415f47233f0aaf127feac0fc0.jpg?1786272379,Diamond,58,0,RDM
John Darksouls,32702843,247,259,Adamantoise,Aether,0,0,f1fbda91f49b5975e8a2cb80a74e40ad_1f5fd239b885860b7c2bfc72ad1d97effc0.jpg?1786272143,Diamond,50,2,PLD
Kanae Meow,36806118,248,229,Ultros,Primal,0,0,8969e8a0b518902a3996525f822b4701_c514cdcdb619439df97d906d4434ccc6fc0.jpg?1786272288,Diamond,47,0,WHM
Mika Makura,43900321,249,230,Sargatanas,Aether,0,0,08bc6e0e70d7337801784f174c698620_ba22853447012a24cee115315d6a5bebfc0.jpg?1786272990,Diamond,43,0,NIN
Shiba Kotohime,43864312,249,260,Balmung,Crystal,0,0,03f0a4821e97ef1e04b4bc44363c30e3_7a573cbc0cda3a3dfc1795cb3d9f7b23fc0.jpg?1786271000,Diamond,43,3,UNK
Rin Ruki,59858100,251,231,Exodus,Primal,0,0,7ec8676537a0b3fff644be3f10ee7741_0cdf051c93865faa15cbc5cd3d2b69fbfc0.jpg?1786270471,Diamond,41,0,UNK
Null Scapes,59976938,252,236,Midgardsormr,Aether,0,0,15e6a7125c017437361f0bcc34cb84af_5c8ecfbc673e1287a9b5e85423fe1657fc0.jpg?1786271167,Diamond,38,17,DRK
Mori Sumire,22629786,253,233,Zalera,Crystal,0,0,9d1372da41637e0a1cee75add0cdab3e_8106f857613f8fb994b0be37b26ff4bafc0.jpg?1786271593,Diamond,32,0,UNK
Nha-uwu John,47196895,254,234,Ultros,Primal,0,0,c74c6ed5858d763368f6267a128abb62_c514cdcdb619439df97d906d4434ccc6fc0.jpg?1786271951,Diamond,22,0,WHM
Gidson Brand,28304013,255,236,Goblin,Crystal,0,0,876c2dd63c77339205c6fe96b4bd3d82_8e81e2940511f7152ba4462fe53e35b8fc0.jpg?1786272388,Diamond,21,0,BLM
Very Shooooooooooort,49384501,256,266,Hyperion,Primal,0,0,084259a7b0d5cdac112faebe64bac849_57ae9ee5592123dd79c8912bf768cf99fc0.jpg?1786269813,Diamond,20,1,UNK
Mocha Sun,31799604,257,238,Coeurl,Crystal,0,0,3929588579c8d6631b5fe6a13edbb3dd_284358f8eb4efc9095914e46798c6ab3fc0.jpg?1786272924,Diamond,15,0,MCH
So What,33785359,258,239,Ultros,Primal,0,0,b0f894a94041f0bd4b241723ce815801_c514cdcdb619439df97d906d4434ccc6fc0.jpg?1786270598,Diamond,14,0,RDM
Madelynn Winterbliss,59174631,259,252,Lamia,Primal,0,0,99dacb207c1f7b71a22617fb8b8ca195_4d9be17b5e1edc617052b4dbf4007875fc0.jpg?1786270803,Diamond,13,5,RDM
Belle Quicksilver,2897739,260,241,Balmung,Crystal,0,0,4f386af86d2c8049f58f4baaeeb4a3a3_7a573cbc0cda3a3dfc1795cb3d9f7b23fc0.jpg?1786271657,Diamond,9,0,UNK
Lasaire Noluix,50446213,261,242,Kraken,Dynamis,0,0,150df0a9f35922b09ef77041463c8c88_049a956dfeb0eb2e19c417a1dde4d680fc0.jpg?1786270449,Diamond,87,4,RDM
Oni Akuma,7300790,262,243,Gilgamesh,Aether,0,0,e8e098720e245711114b4614110261b5_b937560c841465f7c4bc8eb47ea7948afc0.jpg?1786269892,Diamond,86,8,MNK
Horan Lou,38248988,263,245,Brynhildr,Crystal,0,0,3c88d2c3502bacefa5eb1e223a75217b_d0a0f515a62457570c9b44997063e3c1fc0.jpg?1786270019,Diamond,38,0,RDM
Asera Albright,24908256,264,263,Siren,Aether,0,0,288dc7742b9eb8ec890c2b164e884a7b_58a84e851e55175d22158ca97af58a1ffc0.jpg?1786269551,Diamond,32,3,GNB
Isabeau Yuki,56519813,265,247,Balmung,Crystal,0,0,f89033dd8180df3efc68a5b0f142cf25_7a573cbc0cda3a3dfc1795cb3d9f7b23fc0.jpg?1786271667,Diamond,24,0,SMN
Jenova Catgirl,56356925,266,248,Balmung,Crystal,0,0,fdd023d68fd7a60dd9109a3f33c74fb1_7a573cbc0cda3a3dfc1795cb3d9f7b23fc0.jpg?1786271272,Diamond,23,0,PCT
Maz Hana,57951142,267,251,Brynhildr,Crystal,0,0,e287bc66dce0e20c44d2437e0ed71b93_d0a0f515a62457570c9b44997063e3c1fc0.jpg?1786272712,Diamond,19,5,UNK
Eris Valens,29017252,268,249,Ultros,Primal,0,0,843039b57a19bafbdba3c5235b6bb73b_c514cdcdb619439df97d906d4434ccc6fc0.jpg?1786270202,Diamond,16,0,DRK
Na In,32505635,268,249,Goblin,Crystal,0,0,6ad54caac94f2e89fe9d5acd94c2c145_8e81e2940511f7152ba4462fe53e35b8fc0.jpg?1786272869,Diamond,16,0,GNB
Saber Moon,21231710,270,254,Hyperion,Primal,0,0,f476acb444c0e146dd44d5351357e426_57ae9ee5592123dd79c8912bf768cf99fc0.jpg?1786270118,Diamond,83,5,DRK
Shoujo Hime,18340055,270,256,Leviathan,Primal,0,0,c341075038058a45ef549f7bac1b9d25_a91aae52cff9ef65932db06b150ffd47fc0.jpg?1786270682,Diamond,83,18,AST
Kahram Ramses,38869479,272,257,Sargatanas,Aether,0,0,e0151847f1fbf8f013cad87949b4272c_ba22853447012a24cee115315d6a5bebfc0.jpg?1786270792,Diamond,72,8,SAM
Nana Shirogane,27492589,273,255,Lamia,Primal,0,0,3cda69c8242e3525a60690e884546ccd_4d9be17b5e1edc617052b4dbf4007875fc0.jpg?1786271925,Diamond,70,4,UNK
Zithiel Bihrul,44613484,274,258,Faerie,Aether,0,0,4abc29f0f384c794c1f6c7e7e60b8ed8_0e336ff6ad415f47233f0aaf127feac0fc0.jpg?1786271653,Diamond,63,0,BRD
Mutilated Remains,15274725,275,0,Adamantoise,Aether,0,0,8f629073b22cd80f608068b9cfd406f3_1f5fd239b885860b7c2bfc72ad1d97effc0.jpg?1786271521,Diamond,48,6,DRG
Amelia Snowy,57212337,276,261,Sargatanas,Aether,0,0,3201ddb4acea86a57af9b79aaa1252d9_ba22853447012a24cee115315d6a5bebfc0.jpg?1786271246,Diamond,34,0,SAM
Kale Crow,57973655,277,268,Excalibur,Primal,0,0,39e30189265e5cf770bddc1b87bdb349_745baffc465480ed372e274d50318290fc0.jpg?1786272372,Diamond,31,14,UNK
Malachi Lights,12672217,277,262,Kraken,Dynamis,0,0,78c8b470bdf08206e10dc0aea773bc7c_049a956dfeb0eb2e19c417a1dde4d680fc0.jpg?1786271038,Diamond,31,0,DNC
Suziki Saiko,37802627,279,291,Zalera,Crystal,0,0,038df37d7a656c22a90167737f3a2ce9_8106f857613f8fb994b0be37b26ff4bafc0.jpg?1786270316,Diamond,29,7,MCH
Glowing Orchid,38774047,280,264,Siren,Aether,0,0,88f633924891d0f1c7e70d8b2684e821_58a84e851e55175d22158ca97af58a1ffc0.jpg?1786269727,Diamond,27,0,SGE
Xion Fleur,45111165,280,264,Leviathan,Primal,0,0,91cc4c8c334d9404f523f324d4439d0a_a91aae52cff9ef65932db06b150ffd47fc0.jpg?1786272750,Diamond,27,0,AST
Glamour Police,42569529,282,0,Faerie,Aether,0,0,628a713ff9a3e9604964fec89696bc80_0e336ff6ad415f47233f0aaf127feac0fc0.jpg?1786270659,Diamond,16,3,PLD
Diddly Gyatt,47133213,283,269,Excalibur,Primal,0,0,ccc0c02fa7582879eaf0559bd61758ec_745baffc465480ed372e274d50318290fc0.jpg?1786272771,Diamond,7,0,SAM
Eloza Ketsch,8667845,284,270,Malboro,Crystal,0,0,4414bb689fd8033d67e6821653f9a232_2e97c13fdd593d15d543093f8a37b6f0fc0.jpg?1786272612,Diamond,106,15,VPR
W'kepaga M'ankhad,51943168,285,0,Midgardsormr,Aether,0,0,2731864a3bfbb890bb0d554a4dbb55cc_5c8ecfbc673e1287a9b5e85423fe1657fc0.jpg?1786269612,Diamond,78,15,SMN
V'linh Tia,35736983,286,285,Hyperion,Primal,0,0,760e31f96b4d3b3534fcdc43c9564fab_57ae9ee5592123dd79c8912bf768cf99fc0.jpg?1786270348,Diamond,72,4,BRD
Virgil Acedia,61017952,287,271,Rafflesia,Dynamis,0,0,4e48ed51c8357d2676ed249b2a73c444_2783886613347a4db0bed7524de1298ffc0.jpg?1786272209,Diamond,66,3,PLD
Jen Helstrom,25258759,288,272,Coeurl,Crystal,0,0,04eae21709a39e9beb00eaf137a9c920_284358f8eb4efc9095914e46798c6ab3fc0.jpg?1786271647,Diamond,52,0,NIN
Hunie Pop,37396085,289,273,Ultros,Primal,0,0,8a72b357002474c02d597d6e8bc94cee_c514cdcdb619439df97d906d4434ccc6fc0.jpg?1786271409,Diamond,45,0,WHM
Kabocha Micron,45961732,290,274,Hyperion,Primal,0,0,9499201d892ed8a591efd63a4c0c30e8_57ae9ee5592123dd79c8912bf768cf99fc0.jpg?1786271018,Diamond,44,0,WHM
Eternal Slumber,25903660,291,276,Hyperion,Primal,0,0,e04969696b7e202db5371bd7c0b62231_57ae9ee5592123dd79c8912bf768cf99fc0.jpg?1786271605,Diamond,40,0,NIN
Baka Bao,48974722,292,278,Gilgamesh,Aether,0,0,ef2247fb5724315ecd96d1ac9c5804b1_b937560c841465f7c4bc8eb47ea7948afc0.jpg?1786270765,Diamond,38,9,MCH
Barlon Rein,16870082,293,277,Diabolos,Crystal,0,0,fab268f2b7a6cbacaac04bb24c18b3dd_7b33d33ae3ecb996f778a5f67a6a0af6fc0.jpg?1786272803,Diamond,30,0,ALC
Lenpao Victus,30455513,294,279,Midgardsormr,Aether,0,0,6067c0a6b77debbd9a03665d4d13dd52_5c8ecfbc673e1287a9b5e85423fe1657fc0.jpg?1786272101,Diamond,23,0,UNK
Bean Waters,34305264,295,283,Famfrit,Primal,0,0,bcdcd97b24d4dfc6b3e643c8670b6f7c_fce4949e615393e574f2d57134b31fc1fc0.jpg?1786270556,Diamond,21,4,SAM
Kirishoto Azphina,7859003,296,282,Excalibur,Primal,0,0,c9689b4fc4af55f8366432b02c0ce55f_745baffc465480ed372e274d50318290fc0.jpg?1786271423,Diamond,19,0,PLD
Yos Sy,23664999,297,284,Jenova,Aether,0,0,01f58e6e2269085746fd0a5b6fe0e7f2_ce736afe35e2ded4e46c4fd0659aef7efc0.jpg?1786270537,Diamond,12,0,GNB
Caelestis Miserere,27413401,298,0,Gilgamesh,Aether,0,0,6648878dcffafd1735712db597d195f2_b937560c841465f7c4bc8eb47ea7948afc0.jpg?1786272391,Diamond,6,2,BRD
Lynnessa Embersong,39641790,299,0,Balmung,Crystal,0,0,87aa7f9263b214c3e93eeb0e7937bc56_7a573cbc0cda3a3dfc1795cb3d9f7b23fc0.jpg?1786271483,Diamond,5,0,DRK
Qubit Kitty,47261264,300,0,Seraph,Dynamis,0,0,a5189f981ad71ad46ee98427ef56fe9f_07fb0511053f398d1f2d6831e6a6b4c8fc0.jpg?1786272352,Diamond,65,12,SMN
Ash Kitamura,26629771,1,13,Ravana,Materia,0,0,33c0c99f7649a707ea0e8e4da0340efb_2f53b2675d3eea360f0b48d74d30af15fc0.jpg?1786270470,Diamond,81,12,AST
Enrei Mihata,49665542,2,1,Ravana,Materia,0,0,9df67e19d234830f2d797bb6efbad836_2f53b2675d3eea360f0b48d74d30af15fc0.jpg?1786271967,Diamond,37,0,DRG
Fatahh Wizardcat,60429758,3,5,Zurvan,Materia,0,0,0a04508a6feea55f3b4227e7d574212a_1fa3a1b3845481a1b67b46854a3cc49afc0.jpg?1786272180,Platinum,52,4,DNC
Queue Up,44283543,4,2,Ravana,Materia,0,0,341e0565d728c5334b58960edfc1c897_2f53b2675d3eea360f0b48d74d30af15fc0.jpg?1786270518,Platinum,42,0,PLD
Shiki Hime,41619079,5,3,Sophia,Materia,0,0,e0f33871fdd9bcb0012cace0f140b504_ba15a18cd3a8fb567e39053022515eb6fc0.jpg?1786272923,Platinum,39,0,MNK
Sora Teppelin,7487042,6,7,Sophia,Materia,0,0,3d849e783499c238b2f4d439e3a8c2a7_ba15a18cd3a8fb567e39053022515eb6fc0.jpg?1786272944,Platinum,35,1,VPR
Shiny Jirachi,51220221,7,4,Sophia,Materia,0,0,f1b04aa626472a08642b4f93d911f87c_ba15a18cd3a8fb567e39053022515eb6fc0.jpg?1786272600,Platinum,11,0,SAM
Raiosu Eucliffe,45249258,8,6,Ravana,Materia,0,0,a21442f92d53ab89cab416d41fe9132d_2f53b2675d3eea360f0b48d74d30af15fc0.jpg?1786269557,Platinum,53,8,BRD
Nyanyanyanya Nyanyan,48648775,9,8,Ravana,Materia,0,0,ec08e9f45b8d4335b412f3e39f4458e2_2f53b2675d3eea360f0b48d74d30af15fc0.jpg?1786272036,Platinum,29,0,WHM
Ku Ku,58267971,10,9,Sophia,Materia,0,0,77db43d75ac5ffe3d585318a47534ab9_ba15a18cd3a8fb567e39053022515eb6fc0.jpg?1786270197,Platinum,52,0,BRD
Master Zoknik,61010055,11,10,Zurvan,Materia,0,0,bfa135b89b0fb27fe708b3a427bd667f_1fa3a1b3845481a1b67b46854a3cc49afc0.jpg?1786272770,Platinum,88,2,SMN
Jiraiya Sannin,47974804,12,17,Ravana,Materia,0,0,6a5cc312529bc78b7d0bbbf5f41983af_2f53b2675d3eea360f0b48d74d30af15fc0.jpg?1786270558,Platinum,45,4,WAR
Esperance Lightbound,16103781,13,14,Ravana,Materia,0,0,0d3ff648d49892a8fc3bd67490985032_2f53b2675d3eea360f0b48d74d30af15fc0.jpg?1786270442,Platinum,40,3,SMN
Syth Isi,14766898,14,11,Sephirot,Materia,0,0,4eef23c58ccbdfd054240b7a6afee3df_30a5f9eadea6e0cb684a5265362d0d59fc0.jpg?1786269841,Platinum,31,0,AST
Lil Wu,39781651,15,12,Ravana,Materia,0,0,883868199332c12050d61887025475bc_2f53b2675d3eea360f0b48d74d30af15fc0.jpg?1786270281,Platinum,38,5,SGE
Monkey Rat,28956529,16,24,Zurvan,Materia,0,0,bd13db4ebaa363278dd269b5941ae816_1fa3a1b3845481a1b67b46854a3cc49afc0.jpg?1786271574,Platinum,75,7,BLM
Unshao Theruun,36386941,17,15,Sephirot,Materia,0,0,ec8f93abdc73eddcd17e0450db1cb572_30a5f9eadea6e0cb684a5265362d0d59fc0.jpg?1786269590,Platinum,28,0,WAR
Aleksei Veldoch,39931654,18,16,Ravana,Materia,0,0,ef0923b785702de5a588b383a0d1bcea_2f53b2675d3eea360f0b48d74d30af15fc0.jpg?1786271955,Platinum,47,0,RPR
Noelle Frost,59496366,19,20,Zurvan,Materia,0,0,5e03b95700bb3e6556a80cb9336a41d2_1fa3a1b3845481a1b67b46854a3cc49afc0.jpg?1786272872,Platinum,40,4,WHM
Mars Bars,41756039,20,34,Sophia,Materia,0,0,87af5886ec3b52e7e582ccc7755f6a9b_ba15a18cd3a8fb567e39053022515eb6fc0.jpg?1786270456,Platinum,49,11,DRG
Chs Crane,37655547,21,18,Sophia,Materia,0,0,7cd2d4b420716bf684bdd41ef37d9319_ba15a18cd3a8fb567e39053022515eb6fc0.jpg?1786269603,Platinum,30,0,DRG
Boz Ulceros,32280980,22,19,Ravana,Materia,0,0,269b081d650bf5598fd5a3f9419b8b43_2f53b2675d3eea360f0b48d74d30af15fc0.jpg?1786270467,Gold,61,11,DRG
Twitch Pvpash,58310287,23,21,Sephirot,Materia,0,0,825390c1ecfa92c4ed45d4ff7a91e39e_30a5f9eadea6e0cb684a5265362d0d59fc0.jpg?1786271609,Gold,34,0,PLD
Disco Knees,36101852,24,22,Sophia,Materia,0,0,48d0a8dae7efe9ad10780f28920a969b_ba15a18cd3a8fb567e39053022515eb6fc0.jpg?1786270221,Gold,33,3,PLD
Seth Nier,10650761,25,23,Sophia,Materia,0,0,64bba40966450747199bec23184e47a3_ba15a18cd3a8fb567e39053022515eb6fc0.jpg?1786272664,Gold,26,0,WAR
Stupid Puzzle,57160120,26,25,Ravana,Materia,0,0,7af9b543418115db5c1299f1abb4e123_2f53b2675d3eea360f0b48d74d30af15fc0.jpg?1786270529,Gold,45,0,DRG
Stu Vermillion,45923134,27,26,Sephirot,Materia,0,0,542be51b9ba1f8c4c217e94d2b96e3aa_30a5f9eadea6e0cb684a5265362d0d59fc0.jpg?1786272156,Gold,34,0,PCT
Jena Kuwahara,28003546,28,27,Ravana,Materia,0,0,5bacb190ffd91b392df04923b13fa29a_2f53b2675d3eea360f0b48d74d30af15fc0.jpg?1786271924,Gold,74,0,WAR
Izaray Wintergray,40906176,29,35,Sophia,Materia,0,0,be2f5b4e324fa72cd4ef19d0c29f10da_ba15a18cd3a8fb567e39053022515eb6fc0.jpg?1786272460,Gold,36,5,AST
Noah Marlowe,16149159,30,0,Ravana,Materia,0,0,ec4ee34b34397ee883bd89175e1f15df_2f53b2675d3eea360f0b48d74d30af15fc0.jpg?1786271314,Gold,15,0,DNC
Scarlette Harlette,51206657,31,28,Sephirot,Materia,0,0,2f63ccbdc329fa14480887bf4c0dfa0e_30a5f9eadea6e0cb684a5265362d0d59fc0.jpg?1786272052,Gold,58,0,NIN
Berogi Avarous,37261319,32,29,Sophia,Materia,0,0,5fbe574c31dc7541b2bb18753fed8278_ba15a18cd3a8fb567e39053022515eb6fc0.jpg?1786271779,Gold,25,0,MNK
Han Liu,44640291,33,30,Ravana,Materia,0,0,55233b520f90487f51f380e2add5fc3d_2f53b2675d3eea360f0b48d74d30af15fc0.jpg?1786270583,Gold,74,0,DNC
Lion Lord,60332724,34,31,Ravana,Materia,0,0,72fbb269e357d68127cd61715f152bc8_2f53b2675d3eea360f0b48d74d30af15fc0.jpg?1786270498,Gold,42,0,RDM
Brian Ricardo,41560139,35,32,Sophia,Materia,0,0,678ed14a243387459872b7217f75e382_ba15a18cd3a8fb567e39053022515eb6fc0.jpg?1786270462,Gold,18,0,SGE
Aislinn Rose,47395507,36,33,Ravana,Materia,0,0,920c56af8cba5363c65e0c83dbbcac71_2f53b2675d3eea360f0b48d74d30af15fc0.jpg?1786269511,Gold,52,4,WAR
Nirki Yukumo,41663432,37,36,Zurvan,Materia,0,0,c950234c9a872ae2ab8476f696fcb74f_1fa3a1b3845481a1b67b46854a3cc49afc0.jpg?1786271195,Gold,20,0,NIN
Neo Zee,58982637,38,37,Ravana,Materia,0,0,c042f71fe47095dad35d5764027056d1_2f53b2675d3eea360f0b48d74d30af15fc0.jpg?1786271854,Gold,38,0,BRD
Lupercal Aurelian,37936946,39,42,Ravana,Materia,0,0,93674d47ae679f2b2191e0d82e33123f_2f53b2675d3eea360f0b48d74d30af15fc0.jpg?1786270439,Gold,20,5,DRG
Lillian Melikai,42502039,40,38,Ravana,Materia,0,0,6c5f22e96162240c2bb96702fcbe123b_2f53b2675d3eea360f0b48d74d30af15fc0.jpg?1786272373,Gold,39,7,GNB
Zervish Vanht,21659747,41,39,Ravana,Materia,0,0,ff2403388bd597c0b3fb62c30e9bff67_2f53b2675d3eea360f0b48d74d30af15fc0.jpg?1786272404,Gold,23,0,GNB
Simetras Sol,38726083,42,60,Ravana,Materia,0,0,fc54c458f2e80d3680f50e6026011ab7_2f53b2675d3eea360f0b48d74d30af15fc0.jpg?1786271671,Gold,108,9,SCH
Wierd Dude,58113414,43,40,Sephirot,Materia,0,0,c887fa7d587b2205b349abb82627a0d1_30a5f9eadea6e0cb684a5265362d0d59fc0.jpg?1786270518,Gold,54,7,GNB
Sukoshi Ninjin,57860048,44,41,Sophia,Materia,0,0,b41a0bd7b5958d56cec5f84314a28f3a_ba15a18cd3a8fb567e39053022515eb6fc0.jpg?1786270104,Gold,32,0,UNK
Byakko Moon,10831175,45,43,Sephirot,Materia,0,0,7d8049ebe32efa74e5107944b1e43d15_30a5f9eadea6e0cb684a5265362d0d59fc0.jpg?1786270222,Gold,2,0,MNK
Aurum Blaiddyd,10794239,46,44,Sophia,Materia,0,0,8b76648a8cb1cbbd4f1c870189433f3a_ba15a18cd3a8fb567e39053022515eb6fc0.jpg?1786272667,Gold,13,0,PCT
Sebastian Michaelis,42038341,47,45,Sephirot,Materia,0,0,17f4346a95c45541b337263d60106b3f_30a5f9eadea6e0cb684a5265362d0d59fc0.jpg?1786271112,Silver,59,0,DRG
Clars Lester,951178,48,46,Sephirot,Materia,0,0,46727c8d445323c9e5b8140d37027050_30a5f9eadea6e0cb684a5265362d0d59fc0.jpg?1786270918,Silver,54,3,DRK
Sana Miyata,34196273,49,47,Ravana,Materia,0,0,4a94c0f8b59e635e8748a32f11cc42f8_2f53b2675d3eea360f0b48d74d30af15fc0.jpg?1786269939,Silver,31,0,SCH
Birdy Lou,40000398,50,48,Sophia,Materia,0,0,a8894121a60bc81621d47edf1ee0577b_ba15a18cd3a8fb567e39053022515eb6fc0.jpg?1786272412,Silver,29,0,UNK
J'mo H',10666399,51,49,Sephirot,Materia,0,0,53873e717cbf7baeb168205935077671_30a5f9eadea6e0cb684a5265362d0d59fc0.jpg?1786270442,Silver,13,0,AST
Cwenhild Reid,41763782,52,50,Sophia,Materia,0,0,c9d176025665cc1528a984e82a81fd64_ba15a18cd3a8fb567e39053022515eb6fc0.jpg?1786271117,Silver,24,0,SAM
Ranko Riselle,47223883,53,51,Sophia,Materia,0,0,301cb977b468ead36aa13c049b17f861_ba15a18cd3a8fb567e39053022515eb6fc0.jpg?1786272285,Silver,11,0,UNK
Vielle Drillemont,52770027,54,52,Ravana,Materia,0,0,6c212c0698d00b38fb5cb7d51dcf91bf_2f53b2675d3eea360f0b48d74d30af15fc0.jpg?1786270443,Silver,58,0,BLM
Juru'a Mihrulh,48704606,55,54,Zurvan,Materia,0,0,80aa9b34947750aa356810124a11ba19_1fa3a1b3845481a1b67b46854a3cc49afc0.jpg?1786270524,Silver,53,9,WHM
Funeral Pyre,29286073,56,53,Zurvan,Materia,0,0,48d5de4023484583f2225a2026548284_1fa3a1b3845481a1b67b46854a3cc49afc0.jpg?1786271100,Silver,45,0,WHM
Coffee Lover,50333621,57,55,Sophia,Materia,0,0,3c4552eb56bfb14f36d9b512873eac0d_ba15a18cd3a8fb567e39053022515eb6fc0.jpg?1786270367,Silver,32,0,UNK
Anzac Fenrir,10988408,58,56,Ravana,Materia,0,0,6c7b02f93e5250249333e13f236fc545_2f53b2675d3eea360f0b48d74d30af15fc0.jpg?1786272016,Silver,31,0,SGE
Kensuke Sugimori,59626210,59,63,Zurvan,Materia,0,0,b8c23a3c5466f6621fe9629c20c0b897_1fa3a1b3845481a1b67b46854a3cc49afc0.jpg?1786270642,Silver,29,2,VPR
Eustace Madao,44593837,60,57,Ravana,Materia,0,0,687914339d33024fe783e72eb5a1929f_2f53b2675d3eea360f0b48d74d30af15fc0.jpg?1786272650,Silver,22,0,RPR
Elto Malto,55670275,61,58,Zurvan,Materia,0,0,6625d7f60a549d4e764bdbbb6315b573_1fa3a1b3845481a1b67b46854a3cc49afc0.jpg?1786270927,Silver,17,0,UNK
Peaceful Serenity,44576253,62,59,Sephirot,Materia,0,0,ae7fb16a93fad97a522145bf683d894f_30a5f9eadea6e0cb684a5265362d0d59fc0.jpg?1786271164,Silver,0,0,RDM
Cucu Cucumber,43336963,63,61,Sophia,Materia,0,0,d0bedba76c1744686e4fafd9d31eeb08_ba15a18cd3a8fb567e39053022515eb6fc0.jpg?1786269661,Silver,40,5,BLM
Frierens Feet,18696306,64,0,Bismarck,Materia,0,0,55c56c5779dac3caf6a9e915a44a972d_36f0570990ac5402b2ef514d36b0435cfc0.jpg?1786270301,Silver,29,3,SMN
Persona Non-grata,59997612,64,62,Ravana,Materia,0,0,817d96e78e710beff47ca2d76caa6b30_2f53b2675d3eea360f0b48d74d30af15fc0.jpg?1786272870,Silver,29,0,PLD
C'ranmaia Lizha,60465549,66,65,Bismarck,Materia,0,0,f41736abfa17637ee6e1f020f2787726_36f0570990ac5402b2ef514d36b0435cfc0.jpg?1786272878,Silver,18,0,UNK
Shiny Garchomp,44081260,67,66,Ravana,Materia,0,0,a9aeaf4658d90c68d46e7086d323e456_2f53b2675d3eea360f0b48d74d30af15fc0.jpg?1786272374,Silver,17,0,MCH
Minty Dew,11254788,68,67,Sephirot,Materia,0,0,afdf4d4e1f96c8e17ed8dbbb09ea4e01_30a5f9eadea6e0cb684a5265362d0d59fc0.jpg?1786272679,Silver,12,0,PLD
Pompitous Litchous,28520377,69,68,Sephirot,Materia,0,0,ab4abed9c2f0b5369480818f95581f87_30a5f9eadea6e0cb684a5265362d0d59fc0.jpg?1786273079,Silver,10,0,MCH
Red Pocket,57790009,70,69,Zurvan,Materia,0,0,9ee6578b70ebe2412c9a6a3b9539d845_1fa3a1b3845481a1b67b46854a3cc49afc0.jpg?1786270601,Silver,1,0,UNK
Magnolia Moonsong,39932795,71,70,Ravana,Materia,0,0,a9e5b8f87ce0e4e7d236eef2abfe90e0_2f53b2675d3eea360f0b48d74d30af15fc0.jpg?1786270743,Silver,19,0,WAR
Sil Vanht,3592400,72,71,Ravana,Materia,0,0,7557bb5d8d4d13b13e750b30dbd34093_2f53b2675d3eea360f0b48d74d30af15fc0.jpg?1786270080,Silver,9,0,PLD
Re- G',41760350,73,0,Sophia,Materia,0,0,b5e032ba04147a101b5a91d07703c313_ba15a18cd3a8fb567e39053022515eb6fc0.jpg?1786270741,Silver,0,0,UNK
Tiny Seda,43818296,74,72,Ravana,Materia,0,0,21e2b2de9125d9cf1b99748fa9eef0e2_2f53b2675d3eea360f0b48d74d30af15fc0.jpg?1786271913,Silver,36,0,BLM
Venase Tym,61779775,75,73,Sophia,Materia,0,0,24aac6d5abd68d4dc957bd7c98ba27f2_ba15a18cd3a8fb567e39053022515eb6fc0.jpg?1786271525,Silver,18,0,UNK
Zero Alexander,18446688,76,74,Sophia,Materia,0,0,f2e26342d51255236baa45461f41bf5b_ba15a18cd3a8fb567e39053022515eb6fc0.jpg?1786269529,Silver,14,0,WHM
Temp Arie,41750566,77,75,Zurvan,Materia,0,0,73bdd493fc471827004a90a5745ff400_1fa3a1b3845481a1b67b46854a3cc49afc0.jpg?1786271324,Silver,13,0,DRG
Awayi Soleil,40986096,78,76,Zurvan,Materia,0,0,c84676ef434b75aec3260707fcad3d8a_1fa3a1b3845481a1b67b46854a3cc49afc0.jpg?1786270470,Silver,12,0,DNC
Swhe Swoo,28568079,79,77,Sephirot,Materia,0,0,fbccbe709d21605c6f47dec5052b1238_30a5f9eadea6e0cb684a5265362d0d59fc0.jpg?1786271194,Silver,9,0,SCH
Liachen Thrope,29127861,80,78,Sophia,Materia,0,0,b0722934ed1329725ff744f9ae52c7ba_ba15a18cd3a8fb567e39053022515eb6fc0.jpg?1786271301,Silver,9,0,MCH
Goober Gooberm,48887220,81,79,Ravana,Materia,0,0,4523e0b4a5f923b67e31f18f801210af_2f53b2675d3eea360f0b48d74d30af15fc0.jpg?1786270702,Silver,18,0,BLM
Athena' Aria,29939277,82,80,Ravana,Materia,0,0,c678c1cf7f9d7de3e80882588e7606e8_2f53b2675d3eea360f0b48d74d30af15fc0.jpg?1786272701,Silver,6,0,AST
Turuturu Mennmenn,51356780,83,81,Sephirot,Materia,0,0,501dec1a7db9bac050ecbd4f8028e6e6_30a5f9eadea6e0cb684a5265362d0d59fc0.jpg?1786272433,Bronze,19,0,MNK
Hotsingles Inyourarea,43275845,84,82,Sephirot,Materia,0,0,08be8dec8891190a5227c50c7650dd29_30a5f9eadea6e0cb684a5265362d0d59fc0.jpg?1786272233,Bronze,15,0,PCT
Makh'a Zruhn,42193944,85,83,Ravana,Materia,0,0,323be164f5593618bf1111ae4538ad96_2f53b2675d3eea360f0b48d74d30af15fc0.jpg?1786272164,Bronze,6,0,WAR
Pollux Renault,45246168,85,0,Sophia,Materia,0,0,af456258cb5d3ca7c42bb950f92247de_ba15a18cd3a8fb567e39053022515eb6fc0.jpg?1786269998,Bronze,6,2,MNK
Ashmi Rae,18364101,87,84,Bismarck,Materia,0,0,2b3a41d227e2937852d5c1e031d5aba0_36f0570990ac5402b2ef514d36b0435cfc0.jpg?1786272405,Bronze,5,0,BRD
Tiny Wrath,25583557,88,85,Zurvan,Materia,0,0,2c82c1a404fc646361cabcf478aed323_1fa3a1b3845481a1b67b46854a3cc49afc0.jpg?1786270807,Bronze,21,6,DRG
Fio Vanetti,41633033,89,86,Ravana,Materia,0,0,f237b05eb696b7fe8e05b757513a1ca2_2f53b2675d3eea360f0b48d74d30af15fc0.jpg?1786272638,Bronze,12,0,DRG
Ashe Elven,60375475,90,87,Ravana,Materia,0,0,d4a5d51981aa859d5ce41248e280c696_2f53b2675d3eea360f0b48d74d30af15fc0.jpg?1786270359,Bronze,5,0,PLD
Vistra Vistra,37543108,91,88,Sophia,Materia,0,0,b46ab5b00ca34214d4593336a0f112ed_ba15a18cd3a8fb567e39053022515eb6fc0.jpg?1786271984,Bronze,4,0,RPR
Inconspicuous Miqo'te,3493859,92,89,Sophia,Materia,0,0,0b6b4d2c312f136911f9717c83c17997_ba15a18cd3a8fb567e39053022515eb6fc0.jpg?1786271475,Bronze,11,0,VPR
Zepherii Sui,43963552,92,89,Sophia,Materia,0,0,31b395238c6120dc114964c652dc393b_ba15a18cd3a8fb567e39053022515eb6fc0.jpg?1786270633,Bronze,11,0,MCH
Aethon Shaan,60332336,94,91,Zurvan,Materia,0,0,2c608a6ec9ff59b0783f70b9c665a4b2_1fa3a1b3845481a1b67b46854a3cc49afc0.jpg?1786269562,Bronze,9,0,RDM
Therise Yld'amore,41754598,95,92,Bismarck,Materia,0,0,dea40bb49832c184ff5941cee3006818_36f0570990ac5402b2ef514d36b0435cfc0.jpg?1786270313,Bronze,7,0,DNC
Daeneris Stormborn,17816677,96,93,Zurvan,Materia,0,0,dd3c1f830e92ca4f902d42575517a37d_1fa3a1b3845481a1b67b46854a3cc49afc0.jpg?1786272664,Bronze,4,0,VPR
Samara Glazghotwyn,40818042,97,94,Sephirot,Materia,0,0,d89bdc111b4127d9f80e3d6a0ed3a55b_30a5f9eadea6e0cb684a5265362d0d59fc0.jpg?1786271196,Bronze,0,0,SAM
Jaliqai Bairon,49027736,98,95,Sophia,Materia,0,0,bb5b2ab907893aa971f0d78c6164de8c_ba15a18cd3a8fb567e39053022515eb6fc0.jpg?1786269736,Bronze,19,0,SMN
Lilith Sanguine,36164895,99,96,Sephirot,Materia,0,0,b5a3ec57fa0658672b263f583c34b618_30a5f9eadea6e0cb684a5265362d0d59fc0.jpg?1786273079,Bronze,18,0,SAM
Nina Galbraith,57618831,100,97,Sophia,Materia,0,0,2bfdb6895b850ccac8277687e617569b_ba15a18cd3a8fb567e39053022515eb6fc0.jpg?1786271098,Bronze,9,3,BLM
