name,id,cur_rank,prev_rank,world,dc,points,points_delta,portrait,tier,wins,wins_delta,job
Totsu Geki,60147602,1,0,Spriggan,Chaos,2826,97,1b45188bdbf3dd4afe9a37a646eaa4b9_feaf0a2e88ff164813fbc9b85876fa48fc0.jpg?1786444798,Omega,278,15,RPR
Scarlet Rose,26616217,2,0,Spriggan,Chaos,2614,0,96ad88f23a708e8d6e391f669986d57c_feaf0a2e88ff164813fbc9b85876fa48fc0.jpg?1786443670,Omega,237,14,PLD
Tsukuyo Ritlas,37800185,3,8,Odin,Light,2383,488,eca30840fe0bed8e80f620b5f57c49de_644311b63b607133c989d7c1188467dafc0.jpg?1786443397,Omega,74,7,RDM
Saboree Catboy,36051653,4,0,Spriggan,Chaos,2342,82,b61ec1080d608b5a83f30baef219dc02_feaf0a2e88ff164813fbc9b85876fa48fc0.jpg?1786445801,Omega,149,16,DRK
Resilla Frostflow,14658770,5,3,Cerberus,Chaos,2294,0,00a4e6250beb98b5644c87cffe8b7f4f_777c57311d510ca65dac3c1077dee435fc0.jpg?1786443588,Omega,122,1,RDM
Aura Sphere,30657353,6,5,Zodiark,Light,2169,0,6cc4a373eafbcbf88a340a52d95f133e_c274370774c6bc3483cc8740805f41bcfc0.jpg?1786444552,Omega,84,4,PLD
Mamiyama Kamimama,37371304,7,0,Spriggan,Chaos,2168,188,3c6fd6569d3dce40308c9a2a1f3c3bfa_feaf0a2e88ff164813fbc9b85876fa48fc0.jpg?1786443563,Omega,218,14,SCH
Sice Seven,15008161,8,6,Moogle,Chaos,2104,0,23657ac0d29f4bc5667ef1e00cf528f8_d7a9d5f85a29d6278ec1c7adc2c8d242fc0.jpg?1786446276,Omega,65,16,BRD
Cliffe Zanza,36074329,9,29,Spriggan,Chaos,2077,873,d8d2fa78adb447ec4b6d5d747f5d5f84_feaf0a2e88ff164813fbc9b85876fa48fc0.jpg?1786446076,Omega,66,25,BLM
Prisma Tic,38791879,10,18,Cerberus,Chaos,1975,402,5220c35172bb26154c862a6d485e37b8_777c57311d510ca65dac3c1077dee435fc0.jpg?1786446502,Omega,156,7,AST
Lhei Tayun,25191408,11,0,Zodiark,Light,1896,93,6ee93960f16da0ea5150fe1b7590dfa4_c274370774c6bc3483cc8740805f41bcfc0.jpg?1786445771,Omega,126,13,BLM
Miyu Moon,58918526,12,9,Moogle,Chaos,1894,0,1abf5ce3756f6fa0d1c5be2cd39491bc_d7a9d5f85a29d6278ec1c7adc2c8d242fc0.jpg?1786445143,Omega,48,0,SAM
Not Marci,51672179,13,17,Louisoix,Chaos,1828,314,b6c4338b1daa8161914134b74ee784f0_0a122616f3718d3f45cab10fd8fc1604fc0.jpg?1786446584,Omega,104,17,DRG
Ciel Melrose,58478493,14,10,Raiden,Light,1806,0,2c7b597e2437a00ad9f0fc0439c68531_a370664d98f658f4ed4e620f378f73cdfc0.jpg?1786446088,Omega,43,0,SAM
Miyu Edelfelt,21335430,15,12,Phoenix,Light,1785,0,ba690d74246b4d07f543f0d9516feec2_5047bc596a4bab2dc7f7c120bb22dec5fc0.jpg?1786445395,Omega,128,0,DRG
Elohim Meth,60682611,16,13,Raiden,Light,1781,0,0b14f1751b014118eca06236e1fdf2bf_a370664d98f658f4ed4e620f378f73cdfc0.jpg?1786445213,Omega,60,7,UNK
Auelin Fae,18291844,17,14,Zodiark,Light,1775,0,2d6204db02c5efce86aca234fd6f1ce1_c274370774c6bc3483cc8740805f41bcfc0.jpg?1786444413,Omega,92,8,RDM
Crow Kaien,44749262,18,19,Zodiark,Light,1773,297,54e5719ccbdb45c6de28f017b4365207_c274370774c6bc3483cc8740805f41bcfc0.jpg?1786444099,Omega,33,4,SCH
Pan Ther,47356852,19,15,Twintania,Light,1651,0,fc9492796dbee9f84ae010350ec7759c_c33f640c0cdd35f7def85b8aa31a0007fc0.jpg?1786445568,Omega,148,0,WHM
Yasuki San,61688064,20,16,Phantom,Chaos,1627,0,37dbf9b8936faaf9c75f598c38dcac11_f0a43d6e5eea19af337a176e9836acddfc0.jpg?1786443055,Omega,219,18,UNK
Maarato Cookie,20349526,21,26,Twintania,Light,1603,282,dbab16598b86bb31b2eb96070f723572_c33f640c0cdd35f7def85b8aa31a0007fc0.jpg?1786446041,Omega,105,14,DRG
Kimbi Aoe,24693270,22,53,Shiva,Light,1593,896,67e0ddfb70faf5725a971d086cfdce61_3fbff0e6b620e4d259dc427abc6574dafc0.jpg?1786444211,Omega,79,18,MCH
Arale Il,15406803,23,81,Ragnarok,Chaos,1517,1218,e5c2a19e43a1edb9b276827163b36a1b_40d57ba713628f3f1ef5ef204b6d76d2fc0.jpg?1786445179,Omega,122,20,PLD
Ase Dora,42603487,24,20,Alpha,Light,1413,0,78626e6cf6f07875d5ac9527a5bd0c4d_6132295fcf5570fb8b0a944ef322a598fc0.jpg?1786444508,Crystal,221,26,GNB
Akari Tsuki,31005286,25,21,Louisoix,Chaos,1398,0,28e1cfaecfbf911dc3621f5de74642aa_0a122616f3718d3f45cab10fd8fc1604fc0.jpg?1786445779,Crystal,28,2,PLD
Xen Thique,40172078,26,22,Odin,Light,1391,0,8930228f4df0c18feea28ebbb1c451f2_644311b63b607133c989d7c1188467dafc0.jpg?1786443371,Crystal,56,0,PCT
Aurora Maou,26517539,27,68,Louisoix,Chaos,1388,892,433a49b5cc43b35afac03d97c50262f9_0a122616f3718d3f45cab10fd8fc1604fc0.jpg?1786443955,Crystal,44,27,SMN
Shia Sun,1754600,28,31,Odin,Light,1382,212,7550981ba488e5ebe919aa3cb39efbfa_644311b63b607133c989d7c1188467dafc0.jpg?1786443256,Crystal,117,10,WHM
Loty Coldwind,36521588,29,23,Twintania,Light,1379,0,3632cf6d20598f5c4c7b748be7e19153_c33f640c0cdd35f7def85b8aa31a0007fc0.jpg?1786445963,Crystal,124,0,WAR
Leedo Dale,25033597,30,24,Zodiark,Light,1367,0,9e122691e98bda2ea6abe86ed7b81a63_c274370774c6bc3483cc8740805f41bcfc0.jpg?1786445771,Crystal,269,21,BLM
Shimori Bunihara,35166011,31,25,Raiden,Light,1362,0,c44c8fc68c230b1051ec35a527afe9ed_a370664d98f658f4ed4e620f378f73cdfc0.jpg?1786443844,Crystal,96,8,RPR
Tia Tomoe,41293767,32,27,Phoenix,Light,1308,0,7dc31b9a880ba3f36a3ef1208e0c5909_5047bc596a4bab2dc7f7c120bb22dec5fc0.jpg?1786444746,Crystal,42,0,BRD
Meryll Enetari,24681550,33,28,Cerberus,Chaos,1293,0,f4fe16c70d7023e2101e19421c5abf1e_777c57311d510ca65dac3c1077dee435fc0.jpg?1786445246,Crystal,205,16,SMN
Sweet Light,41777815,34,30,Spriggan,Chaos,1185,0,2e6808627bd2b8f0f5f0377d20cbbbc5_feaf0a2e88ff164813fbc9b85876fa48fc0.jpg?1786443215,Crystal,34,3,PLD
Based Miqote,46487952,35,32,Twintania,Light,1102,0,5e2bb42e554586a20b050b7fd3f88e26_c33f640c0cdd35f7def85b8aa31a0007fc0.jpg?1786444556,Crystal,91,0,UNK
Shino Yaru,38308969,36,33,Phoenix,Light,1100,0,0662727bb913ed7fe3009f3542ea1e64_5047bc596a4bab2dc7f7c120bb22dec5fc0.jpg?1786445183,Crystal,105,0,UNK
Maggot Maggot,61703768,37,41,Omega,Chaos,1096,204,3657d57f4a20a5d901d7f4537f1b7307_39e25ac3d737c46452305eefe324372cfc0.jpg?1786446205,Crystal,158,15,DRK
Tei Tei,36611700,38,34,Odin,Light,1087,0,21c224545e3d3af775a3d377c8e444bf_644311b63b607133c989d7c1188467dafc0.jpg?1786444930,Crystal,84,0,AST
Deadrise Mutombo,31730694,39,35,Ragnarok,Chaos,1015,0,a382acb94313f23d966dd6d39d909bea_40d57ba713628f3f1ef5ef204b6d76d2fc0.jpg?1786444027,Crystal,51,1,DRG
Delzor Waka,40194085,40,60,Odin,Light,992,306,bde30c4caff355f65cf9761727b12725_644311b63b607133c989d7c1188467dafc0.jpg?1786444304,Crystal,121,7,MCH
Ten Gil,17217146,41,52,Louisoix,Chaos,985,287,884fcae1e61228d09798c630a2c827fb_0a122616f3718d3f45cab10fd8fc1604fc0.jpg?1786445285,Crystal,23,13,SMN
Myst Freyja,33906213,42,36,Omega,Chaos,912,0,240b879fd403fc16c04022b6075077ae_39e25ac3d737c46452305eefe324372cfc0.jpg?1786446563,Crystal,64,0,RPR
Two Koma,51508003,43,37,Zodiark,Light,906,0,15a666f8d7bb67401300fae763ce4d32_c274370774c6bc3483cc8740805f41bcfc0.jpg?1786443215,Crystal,102,0,SMN
Lex'ander Wayfarer,18009481,44,38,Odin,Light,904,0,0adfa03fe11940a91e3b6a2ed08ddb88_644311b63b607133c989d7c1188467dafc0.jpg?1786443140,Crystal,32,0,DRK
Yun' Yun,11341467,45,39,Cerberus,Chaos,896,0,df098ceed6d9cf14cf61cc4110cd6cb5_777c57311d510ca65dac3c1077dee435fc0.jpg?1786446121,Crystal,120,1,SAM
Tyra Kett,26531277,46,40,Spriggan,Chaos,893,0,101b7ec48bba5c5e5b34fda1316c57bc_feaf0a2e88ff164813fbc9b85876fa48fc0.jpg?1786444547,Crystal,96,8,DNC
Lybel Alyborias,25836089,47,42,Louisoix,Chaos,807,0,a86b680e6c4e5e23befaaaf535a158de_0a122616f3718d3f45cab10fd8fc1604fc0.jpg?1786443440,Crystal,67,0,RDM
Sunie Mochi,12728791,48,43,Twintania,Light,796,0,4760f9b45bd6f71f83adbd97ab87eae3_c33f640c0cdd35f7def85b8aa31a0007fc0.jpg?1786446363,Crystal,115,0,DNC
Misora Kaiatsa,25126040,49,44,Moogle,Chaos,796,0,80fa199452585ab77d14128509576300_d7a9d5f85a29d6278ec1c7adc2c8d242fc0.jpg?1786443078,Crystal,70,4,RPR
Yhren Vhal,56948558,50,45,Odin,Light,795,0,3f62ad2093c1016540ef936a5563823b_644311b63b607133c989d7c1188467dafc0.jpg?1786445949,Crystal,78,13,UNK
Dragonlife Saijax,29449285,51,46,Moogle,Chaos,794,0,3c08546d3793d12f77cc0b00d3a3af5b_d7a9d5f85a29d6278ec1c7adc2c8d242fc0.jpg?1786444697,Crystal,26,0,GNB
Yi Ma,60448295,52,61,Phoenix,Light,791,190,bb3af62117cae7488d9b02007f341c7b_5047bc596a4bab2dc7f7c120bb22dec5fc0.jpg?1786443581,Crystal,50,14,DNC
Elyndra Mayhn,27143285,53,77,Twintania,Light,722,417,e4b30c11c8c987996e50ee4c5899c037_c33f640c0cdd35f7def85b8aa31a0007fc0.jpg?1786446266,Crystal,85,10,ARC
Memento Mo'ri,1641495,54,47,Ragnarok,Chaos,706,0,86323bce84189061b1d71ff1dc25266a_40d57ba713628f3f1ef5ef204b6d76d2fc0.jpg?1786443395,Crystal,73,2,WHM
Holos Ymir,35299241,55,48,Cerberus,Chaos,704,0,f8029ed36fad032333305dfa455cddec_777c57311d510ca65dac3c1077dee435fc0.jpg?1786444267,Crystal,36,3,SMN
Ivaious Zol,38270926,56,49,Odin,Light,703,0,2e78b44195db83336b1acbe75927a864_644311b63b607133c989d7c1188467dafc0.jpg?1786443425,Crystal,51,4,RDM
Farnese Shieldmaiden,24419493,57,50,Cerberus,Chaos,701,0,dcec016c4a6cd9a2bd3a2b73183f5a65_777c57311d510ca65dac3c1077dee435fc0.jpg?1786445784,Crystal,20,1,AST
Red Aura,58355527,58,51,Spriggan,Chaos,700,0,24685b07d940d962953f7111d4144e46_feaf0a2e88ff164813fbc9b85876fa48fc0.jpg?1786445640,Crystal,49,4,MNK
Spedah Sashihai,46717230,59,54,Phantom,Chaos,697,0,916aa42d41d9cb06784f26d21d850c5a_f0a43d6e5eea19af337a176e9836acddfc0.jpg?1786446266,Crystal,69,9,SGE
Hyzenthlay Efrafa,1817919,60,84,Ragnarok,Chaos,697,401,f61f49f2ed95a3709fa034686da0eb63_40d57ba713628f3f1ef5ef204b6d76d2fc0.jpg?1786444126,Crystal,40,13,RPR
Lost Signal,56186869,61,55,Odin,Light,695,0,b36972ee34bfd25f82ce348b32b6f5da_644311b63b607133c989d7c1188467dafc0.jpg?1786444477,Crystal,73,7,SAM
Wwwwwwwwww Wwwwwwwwww,22934838,62,56,Odin,Light,695,0,44b50a04ce7aed4e2c4699753f5b83bc_644311b63b607133c989d7c1188467dafc0.jpg?1786444014,Crystal,41,0,FSH
Dalik Mathis,9537863,63,57,Ragnarok,Chaos,694,0,fd4dde44208527cc20e58ba589d51f01_40d57ba713628f3f1ef5ef204b6d76d2fc0.jpg?1786446427,Crystal,76,1,GNB
A'dyalani Sato,10026278,64,58,Odin,Light,693,0,d072994a22af88090aecf6e5a3b85c36_644311b63b607133c989d7c1188467dafc0.jpg?1786444753,Crystal,86,11,NIN
Baka Bao,30345026,65,59,Phantom,Chaos,692,0,57df7efcbcdf8f1aca84c4f1435c36ba_f0a43d6e5eea19af337a176e9836acddfc0.jpg?1786446294,Crystal,232,25,MCH
Tarutella Goldfish,4235488,66,86,Phoenix,Light,606,311,f269741c27ca22c02db955557e7283fa_5047bc596a4bab2dc7f7c120bb22dec5fc0.jpg?1786444388,Crystal,13,11,SGE
Sophia Ariadne,11431073,67,62,Odin,Light,600,0,f4329ddf82a418a6e12f1ba978bc1523_644311b63b607133c989d7c1188467dafc0.jpg?1786446399,Crystal,45,0,WHM
General Aardvark,48423100,68,63,Twintania,Light,514,0,cf88029724167c1d18ed8c536a862900_c33f640c0cdd35f7def85b8aa31a0007fc0.jpg?1786444025,Crystal,99,15,DRG
Phaey Yeon,58326616,69,87,Moogle,Chaos,514,227,6497d439e55c80c0156c198e7f135c78_d7a9d5f85a29d6278ec1c7adc2c8d242fc0.jpg?1786445398,Crystal,54,12,UNK
Neclord Drakan,34358772,70,64,Phoenix,Light,510,0,7e002012c8fc4f9e493cd5879573e088_5047bc596a4bab2dc7f7c120bb22dec5fc0.jpg?1786446581,Crystal,41,0,SGE
Brian Ricardo,23607238,71,65,Zodiark,Light,506,0,9c9d045f5f22c579ce5c24faa2b9b303_c274370774c6bc3483cc8740805f41bcfc0.jpg?1786445004,Crystal,55,0,AST
Tay Talenath,45740169,72,66,Raiden,Light,501,0,b2fa0c7222f7e3ebe117f24a200e11d8_a370664d98f658f4ed4e620f378f73cdfc0.jpg?1786445256,Crystal,144,13,SCH
Master Zoknik,47233914,73,67,Omega,Chaos,498,0,47b7a0d3c4816d6dc7cb85c85a3685f7_39e25ac3d737c46452305eefe324372cfc0.jpg?1786445131,Crystal,69,0,BLM
Yellow Blue,58488618,74,70,Spriggan,Chaos,497,6,51731f8a93c1d8b59b5c3ded4ffb5a64_feaf0a2e88ff164813fbc9b85876fa48fc0.jpg?1786446292,Crystal,78,12,VPR
Thor Strom,35911315,75,69,Cerberus,Chaos,496,0,3826da79ed71141aec290f69127b5c79_777c57311d510ca65dac3c1077dee435fc0.jpg?1786444271,Crystal,5,0,SCH
Yamizura Kumozuma,19652230,76,75,Twintania,Light,493,101,24bbc9cebf09eb83efcbc272c3085fd1_c33f640c0cdd35f7def85b8aa31a0007fc0.jpg?1786444508,Crystal,7,1,SCH
Zecht Bradamant,31785474,77,88,Omega,Chaos,415,201,b0b8438e6682f2931a1a930121d0ab43_39e25ac3d737c46452305eefe324372cfc0.jpg?1786446480,Crystal,103,4,RDM
Yinwea Levai,36476322,78,71,Shiva,Light,412,0,944bf3a8e93fcc8f15f3f521462d11b5_3fbff0e6b620e4d259dc427abc6574dafc0.jpg?1786443365,Crystal,154,0,WHM
Ul Unhu,9592278,79,72,Phoenix,Light,403,0,d703e404c81140848dbcd200abc4ef7e_5047bc596a4bab2dc7f7c120bb22dec5fc0.jpg?1786443474,Crystal,130,0,BRD
Seraban Mistodisushi,25116690,80,73,Omega,Chaos,402,0,9ab6f5d4307a747e8378402c6070b2a7_39e25ac3d737c46452305eefe324372cfc0.jpg?1786444839,Crystal,98,0,UNK
Raiden Thorne,27238016,81,74,Zodiark,Light,399,0,96a909af8d24d60f6d8173f8cc16facb_c274370774c6bc3483cc8740805f41bcfc0.jpg?1786443668,Crystal,10,0,RDM
Laela Hyun,59589734,82,97,Phantom,Chaos,397,198,a377ba040d4300db7c8df4efc92acd53_f0a43d6e5eea19af337a176e9836acddfc0.jpg?1786443259,Crystal,41,4,UNK
Kyouko Owo,25629243,83,141,Louisoix,Chaos,395,295,4fbeb17208a00397ad05eebfc2d20d2f_0a122616f3718d3f45cab10fd8fc1604fc0.jpg?1786443501,Crystal,19,4,AST
Mitsuki Mirai,18435457,84,76,Louisoix,Chaos,384,0,365f1772f387bd280bdbfc16afbd5e4e_0a122616f3718d3f45cab10fd8fc1604fc0.jpg?1786445151,Crystal,9,0,SMN
Imy Pure,24943089,85,78,Cerberus,Chaos,302,0,2e46879ac1baf7fc77ec2de872a0461c_777c57311d510ca65dac3c1077dee435fc0.jpg?1786445941,Crystal,2,0,SMN
Lsi Lsi,47353875,86,79,Lich,Light,301,0,792b3235fe2fbd35d956e856c210194f_7206469080400ed57a5373d0a9c55c59fc0.jpg?1786443377,Crystal,60,0,PCT
Reireiko Reiko,51402233,87,80,Alpha,Light,301,0,6bb627130b2067e09c7110eb74707745_6132295fcf5570fb8b0a944ef322a598fc0.jpg?1786445433,Crystal,17,0,WAR
Neo Saladin,60195724,88,82,Alpha,Light,299,0,d61ef205c9700150e78797546d2ac263_6132295fcf5570fb8b0a944ef322a598fc0.jpg?1786445144,Crystal,90,0,SAM
Madelynn Veil,49771412,89,83,Omega,Chaos,299,0,92f91d9225bb816c6562fb117814681e_39e25ac3d737c46452305eefe324372cfc0.jpg?1786444215,Crystal,57,0,RDM
Ultimo Tower,13765195,90,129,Odin,Light,297,197,f3f293a7802e54bc6d3f5c2ceb6f4902_644311b63b607133c989d7c1188467dafc0.jpg?1786446200,Crystal,59,13,SMN
Sal Ren,40787945,91,85,Phoenix,Light,295,0,9613f7a8c0a759977b8a3fe787fed7e0_5047bc596a4bab2dc7f7c120bb22dec5fc0.jpg?1786445225,Crystal,40,0,DRK
Shiroko Momo,39619880,92,89,Odin,Light,207,0,83b4a27fbdf8dfdce9a7e095cc14bf41_644311b63b607133c989d7c1188467dafc0.jpg?1786446269,Crystal,127,5,BRD
Brutal Killer,8885117,93,90,Ragnarok,Chaos,203,0,30c6a6207c7e93d407784888a7f29c97_40d57ba713628f3f1ef5ef204b6d76d2fc0.jpg?1786443096,Crystal,3,0,GNB
Sayuri Maeshima,33888798,94,91,Omega,Chaos,201,0,9543e703e2409901a4e4c51fcd72a0bd_39e25ac3d737c46452305eefe324372cfc0.jpg?1786445487,Crystal,44,0,SMN
Riseon Misha,26343965,95,92,Zodiark,Light,200,0,d883dcfcee6650b3e6e1691bf6838f6c_c274370774c6bc3483cc8740805f41bcfc0.jpg?1786443038,Crystal,51,8,SGE
Neppie Nen,38644421,96,189,Phoenix,Light,200,200,6744f6c777bfc017ed7318054ef44f3d_5047bc596a4bab2dc7f7c120bb22dec5fc0.jpg?1786443440,Crystal,31,6,AST
Eve Naeuri,43290162,97,93,Sagittarius,Chaos,200,0,c143c5d5e461ba9e3f51c07a3de23e21_44ca0844398b2d010d8cd4a31ddb023dfc0.jpg?1786445963,Crystal,20,0,RDM
Selin Naari,16360751,97,93,Cerberus,Chaos,200,0,fb2c3681e2cb33bdcd7894d5aad0b9ec_777c57311d510ca65dac3c1077dee435fc0.jpg?1786445800,Crystal,20,0,DNC
Cipher Strife,7955322,99,95,Ragnarok,Chaos,199,0,fd0f2644fe22871d381e6bae8798c484_40d57ba713628f3f1ef5ef204b6d76d2fc0.jpg?1786445782,Crystal,183,12,GNB
Frankie Urien,32323176,100,96,Odin,Light,199,0,ffae33588fe71f102672b7defdb50a30_644311b63b607133c989d7c1188467dafc0.jpg?1786443571,Crystal,172,2,DNC
Pat Olehouse,17156873,101,117,Lich,Light,199,99,54c944c62ef7bd68e95a2a558d856482_7206469080400ed57a5373d0a9c55c59fc0.jpg?1786445493,Crystal,81,3,PLD
Mats Luxed,36390152,102,98,Twintania,Light,196,0,4d98b4ef01ccfc9df166d83a5771a4ea_c33f640c0cdd35f7def85b8aa31a0007fc0.jpg?1786444655,Crystal,32,0,RDM
Zot To,18725302,103,99,Cerberus,Chaos,196,0,852c16bac4fe7f528a8653c65704e818_777c57311d510ca65dac3c1077dee435fc0.jpg?1786444223,Crystal,1,0,DRG
Lunaelumen Heartless,3344766,104,100,Phoenix,Light,104,0,442c49c53db78614043ce10aa9733411_5047bc596a4bab2dc7f7c120bb22dec5fc0.jpg?1786446591,Crystal,43,7,BLU
Chise Hatori',9182735,105,101,Ragnarok,Chaos,103,0,236f29f4984f26e6b197da380f104a63_40d57ba713628f3f1ef5ef204b6d76d2fc0.jpg?1786443337,Crystal,87,2,VPR
Deltimor Offerentis,53216923,106,102,Ragnarok,Chaos,101,0,b1f3b3bcc24281f671ac2ced6960431a_40d57ba713628f3f1ef5ef204b6d76d2fc0.jpg?1786445450,Crystal,163,2,RDM
Freya Highwind,37533969,107,103,Spriggan,Chaos,100,0,de376c51fd21ccbb1018c1c3fb40734b_feaf0a2e88ff164813fbc9b85876fa48fc0.jpg?1786446114,Crystal,204,0,MCH
Arienai Nashi,47596567,108,104,Zodiark,Light,100,0,ccbc05e41375849179a5f554d78d7ae1_c274370774c6bc3483cc8740805f41bcfc0.jpg?1786445867,Crystal,184,0,MCH
Keraunos Greywolfe,31183458,109,105,Alpha,Light,100,0,3431088cd9f33e5f20e30162c35286fd_6132295fcf5570fb8b0a944ef322a598fc0.jpg?1786445963,Crystal,177,0,DRK
Lumine Heartseeker,37169102,110,106,Lich,Light,100,0,bef41e353f9709f6c26365adcd129410_7206469080400ed57a5373d0a9c55c59fc0.jpg?1786443797,Crystal,148,0,RDM
Magnus Skorweg,14288959,111,107,Cerberus,Chaos,100,0,36b3ca5cc0c3fa7edd1b5b276f54a6fc_777c57311d510ca65dac3c1077dee435fc0.jpg?1786443713,Crystal,139,0,SAM
Skillpade Skyr,37019657,112,108,Lich,Light,100,0,e520a31662bd7030c96e4951a4f2d301_7206469080400ed57a5373d0a9c55c59fc0.jpg?1786443329,Crystal,125,6,DRK
Wieg Wiggles,35061622,113,109,Lich,Light,100,0,61256a3e6c4f0c3dcc05469f5550d102_7206469080400ed57a5373d0a9c55c59fc0.jpg?1786444861,Crystal,116,0,WAR
Deme Tayuun,14832348,114,170,Lich,Light,100,100,ae2fb7b7ac8ad3f92247efdd9fade6e7_7206469080400ed57a5373d0a9c55c59fc0.jpg?1786444226,Crystal,108,16,WAR
Haadin Maero,25649806,114,110,Cerberus,Chaos,100,0,ab3efb60a6f01134129c732e6e60c255_777c57311d510ca65dac3c1077dee435fc0.jpg?1786446210,Crystal,108,0,RDM
Lilia Sunvale,59323692,116,111,Phoenix,Light,100,0,01173bfd4d3bd682b07d6e9ac6dafd16_5047bc596a4bab2dc7f7c120bb22dec5fc0.jpg?1786445738,Crystal,105,0,BRD
Saku Rozen,1622070,117,112,Odin,Light,100,0,76d32a46909474e4b590ee6476bfabce_644311b63b607133c989d7c1188467dafc0.jpg?1786445396,Crystal,101,0,UNK
Rain Hoshino,6160241,118,113,Moogle,Chaos,100,0,fc4a751ebc0402023f56f7934007c9ef_d7a9d5f85a29d6278ec1c7adc2c8d242fc0.jpg?1786444947,Crystal,99,0,PLD
Magidolce Magileine,39132419,119,115,Twintania,Light,100,0,088bd05d5a98251023ecb7e28a638b68_c33f640c0cdd35f7def85b8aa31a0007fc0.jpg?1786445785,Crystal,97,8,PCT
Haki Haki,8290724,120,114,Ragnarok,Chaos,100,0,3fc43df6da1c629c59b5cdae63dee7a7_40d57ba713628f3f1ef5ef204b6d76d2fc0.jpg?1786443164,Crystal,94,0,DRG
Glyceri Chosuti,30338174,121,116,Moogle,Chaos,100,0,6d93c9241424e92e6f0351d35d8b6eaa_d7a9d5f85a29d6278ec1c7adc2c8d242fc0.jpg?1786445556,Crystal,88,0,DNC
Ark Kekko,50821807,122,150,Omega,Chaos,100,100,b81b1c241e98f7a5f9b9c81665be1243_39e25ac3d737c46452305eefe324372cfc0.jpg?1786444199,Crystal,86,16,SGE
Baby Starz,27999014,123,118,Omega,Chaos,100,0,e8cb7daea22ff306dcc9397ecad5a4a2_39e25ac3d737c46452305eefe324372cfc0.jpg?1786444436,Crystal,85,10,MNK
Aragorn Pendragon,9019127,124,155,Ragnarok,Chaos,100,100,87aef8a41356f31d322683bdf3e6103b_40d57ba713628f3f1ef5ef204b6d76d2fc0.jpg?1786443811,Crystal,83,11,MCH
Sahamaru Kamijo,13566032,125,118,Lich,Light,100,0,ab5bb27991a2037ddd8e8b0aef304406_7206469080400ed57a5373d0a9c55c59fc0.jpg?1786445789,Crystal,75,0,MCH
Feri De,32873333,126,121,Twintania,Light,100,0,04fae792c920333e5bdc3287c0df72e4_c33f640c0cdd35f7def85b8aa31a0007fc0.jpg?1786444901,Crystal,73,3,AST
Magic Beans,43732030,126,123,Phoenix,Light,100,0,4a7e75e2be4f70e389e8807cc1d2b885_5047bc596a4bab2dc7f7c120bb22dec5fc0.jpg?1786445063,Crystal,73,5,PCT
Renna Vorak,25421061,128,120,Raiden,Light,100,0,c2dc94bad32c136ebcdcb42ec56ba1c3_a370664d98f658f4ed4e620f378f73cdfc0.jpg?1786444821,Crystal,72,0,ALC
Akito Kotomine,14113084,129,121,Cerberus,Chaos,100,0,6535eaee5701ca6c10beffbfc70273c9_777c57311d510ca65dac3c1077dee435fc0.jpg?1786445556,Crystal,70,0,RPR
Gaspard Deguingoix,11032081,130,123,Moogle,Chaos,100,0,b9283e6a6be9cd219ee0afea98546775_d7a9d5f85a29d6278ec1c7adc2c8d242fc0.jpg?1786444278,Crystal,68,0,RDM
Bing Bing,50857849,131,125,Odin,Light,100,0,1a2b77cf04680b9bfe1c19f07f9f1f44_644311b63b607133c989d7c1188467dafc0.jpg?1786445684,Crystal,56,0,MNK
Wimp Lo,37793632,132,126,Zodiark,Light,100,0,45ed053d252c3a44eabe55329426aa37_c274370774c6bc3483cc8740805f41bcfc0.jpg?1786444591,Crystal,53,1,MIN
Guimiko Miko,54285624,133,127,Moogle,Chaos,100,0,610c37aeb64c6149d7c6d5ea93a8114e_d7a9d5f85a29d6278ec1c7adc2c8d242fc0.jpg?1786446000,Crystal,50,0,PCT
Victoria Nyala,43751055,133,207,Phoenix,Light,100,100,d41ca298e2f03ee2273aca61640ebce0_5047bc596a4bab2dc7f7c120bb22dec5fc0.jpg?1786443550,Crystal,50,24,WAR
Alex Rider,18844824,135,128,Raiden,Light,100,0,88e1d370b1f9d1b22933e6476449b463_a370664d98f658f4ed4e620f378f73cdfc0.jpg?1786444909,Crystal,47,0,SMN
Pattinger Kersel,8183392,136,130,Raiden,Light,100,0,4fec5839fc0fc0bba3a80fc4e1910660_a370664d98f658f4ed4e620f378f73cdfc0.jpg?1786443371,Crystal,44,0,NIN
Sotek Scherwil,486374,137,131,Twintania,Light,100,0,c881840c18d6c9fc415801f5f8240174_c33f640c0cdd35f7def85b8aa31a0007fc0.jpg?1786445395,Crystal,37,0,DRK
Sakurane Zero'yuurai,13075529,138,132,Ragnarok,Chaos,100,0,b65369d4b043831749f5fa45d2428e30_40d57ba713628f3f1ef5ef204b6d76d2fc0.jpg?1786446591,Crystal,31,0,GNB
Shadow Aya,54551815,139,133,Zodiark,Light,100,0,5ca13f39db9eefc50e8e57be73e7254e_c274370774c6bc3483cc8740805f41bcfc0.jpg?1786445885,Crystal,30,0,DRK
Ka La,18103622,140,134,Ragnarok,Chaos,100,0,79cb69a4d9a7535c8ee4e2bbfc9b2a1d_40d57ba713628f3f1ef5ef204b6d76d2fc0.jpg?1786443070,Crystal,28,0,WAR
Mhia Mewrilah,26716262,141,182,Omega,Chaos,100,100,6b70c463b87dca3437d37504f74aad3b_39e25ac3d737c46452305eefe324372cfc0.jpg?1786445939,Crystal,27,7,WAR
Ebin Almsivi,35310847,142,135,Shiva,Light,100,0,0c72e527d2d86c2ee8f4698832e880b5_3fbff0e6b620e4d259dc427abc6574dafc0.jpg?1786443296,Crystal,23,0,PLD
Luca Natura,26126798,142,135,Omega,Chaos,100,0,aee9a8f332f96a4c5a45923c0e82782a_39e25ac3d737c46452305eefe324372cfc0.jpg?1786443623,Crystal,23,0,GSM
Vanilla Blossom,41496807,142,135,Moogle,Chaos,100,0,b0e7d1b464d155d8791692fe2e47299d_d7a9d5f85a29d6278ec1c7adc2c8d242fc0.jpg?1786445784,Crystal,23,0,WHM
Yuripa Arashi,37731658,142,135,Shiva,Light,100,0,73ff0d0b3cc5f92ec79dabffa2bedf80_3fbff0e6b620e4d259dc427abc6574dafc0.jpg?1786444754,Crystal,23,0,WAR
Ayrelinia Saelinire,41821402,146,139,Spriggan,Chaos,100,0,8604bb768bf59461e5f44eef46ee9961_feaf0a2e88ff164813fbc9b85876fa48fc0.jpg?1786443536,Crystal,20,0,GNB
Yuumi Fish,25707217,147,140,Cerberus,Chaos,100,0,1a7ebbda26c28eb61f262b9fb37e8c6e_777c57311d510ca65dac3c1077dee435fc0.jpg?1786444505,Crystal,18,0,BTN
Themis Sol,47563479,148,142,Shiva,Light,100,0,6640d69e3c987c86a5b702d852d86325_3fbff0e6b620e4d259dc427abc6574dafc0.jpg?1786444662,Crystal,13,0,MNK
Moki Moki,14235486,149,143,Odin,Light,100,0,82d3ef8d03fa7a6ddf4429f15fd296a2_644311b63b607133c989d7c1188467dafc0.jpg?1786443271,Crystal,1,0,WAR
Snap Ringer,18714030,149,143,Omega,Chaos,100,0,77577ce781d587b133c9c53da0974817_39e25ac3d737c46452305eefe324372cfc0.jpg?1786443154,Crystal,1,0,FSH
Limit Cat,37849108,151,145,Lich,Light,100,0,5b03795e0323d8633451ea410c4aeced_7206469080400ed57a5373d0a9c55c59fc0.jpg?1786444402,Crystal,0,0,RDM
Khorasan Ataraxia,47289604,152,146,Shiva,Light,0,0,721a6c9c723209b16696818df4cf0c93_3fbff0e6b620e4d259dc427abc6574dafc0.jpg?1786444236,Diamond,161,5,UNK
Jou Bright,26172504,153,147,Shiva,Light,0,0,80f6d86c4118e80a4c51ba20920a1384_3fbff0e6b620e4d259dc427abc6574dafc0.jpg?1786445061,Diamond,125,23,BRD
Rave Bae,47220633,154,148,Alpha,Light,0,0,e640b0d43fa0078b032cbecc50b4e94c_6132295fcf5570fb8b0a944ef322a598fc0.jpg?1786445244,Diamond,61,0,SAM
Sin Mirrorslave,43994621,155,149,Raiden,Light,0,0,3f8e3345c252d3f9b50e27c481f91100_a370664d98f658f4ed4e620f378f73cdfc0.jpg?1786444225,Diamond,31,0,UNK
Tsu Kee,47596814,156,192,Zodiark,Light,0,0,df5063d6db141a1bc921d4623e08a366_c274370774c6bc3483cc8740805f41bcfc0.jpg?1786445095,Diamond,169,11,WAR
Erion Hein,39135014,157,169,Twintania,Light,0,0,ba6bc1e1e70e5f3402d91ecfcf7d01e8_c33f640c0cdd35f7def85b8aa31a0007fc0.jpg?1786445243,Diamond,125,9,CRP
Lina Sunstar,52075433,158,184,Spriggan,Chaos,0,0,d60c4576e74acfcd0ed77a6ea5d48800_feaf0a2e88ff164813fbc9b85876fa48fc0.jpg?1786445421,Diamond,123,9,WHM
Sangon Yukihoshi,11533024,159,151,Raiden,Light,0,0,d5814159d4f4b2afaa562891375a7b01_a370664d98f658f4ed4e620f378f73cdfc0.jpg?1786444619,Diamond,44,1,PLD
Aris Oz,41983172,160,152,Zodiark,Light,0,0,abbd4cf51609bf59977c5b4850c4c351_c274370774c6bc3483cc8740805f41bcfc0.jpg?1786444500,Diamond,33,5,WAR
Irmele Elandris,13301011,161,152,Odin,Light,0,0,545d79c172c687ee4ac495ceca89d9dd_644311b63b607133c989d7c1188467dafc0.jpg?1786444472,Diamond,28,0,MIN
Littlebard Crits,44849524,162,154,Lich,Light,0,0,85155be3d7c3c8936c428085496b1e8d_7206469080400ed57a5373d0a9c55c59fc0.jpg?1786444273,Diamond,9,0,UNK
Lavender Yumori,47189865,163,156,Phoenix,Light,0,0,c0a56a85a3c082e0dd3b96359531f30f_5047bc596a4bab2dc7f7c120bb22dec5fc0.jpg?1786444073,Diamond,69,3,DNC
Purr It,40913226,164,0,Zodiark,Light,0,0,9adf9c1689ff6761673da6e25b839b7b_c274370774c6bc3483cc8740805f41bcfc0.jpg?1786444316,Diamond,58,22,RPR
Princess Emi,5884527,165,157,Twintania,Light,0,0,4ab2080550ab1fb15ca76fbfe8e8d512_c33f640c0cdd35f7def85b8aa31a0007fc0.jpg?1786446603,Diamond,57,0,MNK
Ino Based,41531397,166,158,Alpha,Light,0,0,ae8562754d31616305226909752bc4fd_6132295fcf5570fb8b0a944ef322a598fc0.jpg?1786446199,Diamond,39,0,VPR
Lawr Hawk,28248881,167,188,Odin,Light,0,0,e241b26df61ea0e201b637a7ae6c4cd4_644311b63b607133c989d7c1188467dafc0.jpg?1786444271,Diamond,36,9,PLD
Acacia Strain,43137076,168,159,Raiden,Light,0,0,8678948c8fea34b563980d4a6da37e32_a370664d98f658f4ed4e620f378f73cdfc0.jpg?1786445729,Diamond,202,7,SMN
Staz Hellcat,8016319,169,160,Cerberus,Chaos,0,0,c7e860ceda35e35e41bca47bf02624be_777c57311d510ca65dac3c1077dee435fc0.jpg?1786445997,Diamond,141,7,RDM
Roy Dimgao,29524655,170,161,Omega,Chaos,0,0,320af7149c63c337e5826c2c2cc1bf37_39e25ac3d737c46452305eefe324372cfc0.jpg?1786445934,Diamond,125,21,WHM
Benedikta Cucumber,55428569,171,162,Sagittarius,Chaos,0,0,1091166e96bfe839d8a067a8fc27848a_44ca0844398b2d010d8cd4a31ddb023dfc0.jpg?1786443557,Diamond,100,0,SAM
Zerith Ars,7801227,172,221,Zodiark,Light,0,0,d9b23bac7d7203e071be18c6932a61a8_c274370774c6bc3483cc8740805f41bcfc0.jpg?1786443609,Diamond,76,23,RDM
Lu' Bu',21757305,173,163,Odin,Light,0,0,20b9e744e2190850310da72ffaf5c5d4_644311b63b607133c989d7c1188467dafc0.jpg?1786445482,Diamond,72,0,VPR
Keylinda Heliopsis,44659154,174,164,Moogle,Chaos,0,0,aae227ec83063cc479b9c5f6fb803e66_d7a9d5f85a29d6278ec1c7adc2c8d242fc0.jpg?1786445154,Diamond,56,7,WHM
Leenar Raim,45005021,175,165,Raiden,Light,0,0,cd15b6146d9e895f605fe9d8aa6e46d2_a370664d98f658f4ed4e620f378f73cdfc0.jpg?1786444533,Diamond,43,0,BRD
Magisa Vale,43527083,176,166,Phoenix,Light,0,0,50d54724458e52e82fcfc6d537b9e001_5047bc596a4bab2dc7f7c120bb22dec5fc0.jpg?1786446608,Diamond,35,2,RDM
Decha Kirk,32806624,177,174,Moogle,Chaos,0,0,e50b415f85b832de8463247f434991ce_d7a9d5f85a29d6278ec1c7adc2c8d242fc0.jpg?1786446291,Diamond,29,2,BLM
Yuki Shinryu,18457903,178,167,Omega,Chaos,0,0,7c3380880e156cefcc0afc85574b6091_39e25ac3d737c46452305eefe324372cfc0.jpg?1786446585,Diamond,20,0,WHM
Xanthe Hati,28239197,179,0,Sagittarius,Chaos,0,0,9bf816bfcd7f963908af59458b5500c9_44ca0844398b2d010d8cd4a31ddb023dfc0.jpg?1786444159,Diamond,14,0,VPR
Lia Lothje,30611623,180,168,Odin,Light,0,0,12f34ee0f0d0404c9b47a7fea301f068_644311b63b607133c989d7c1188467dafc0.jpg?1786446596,Diamond,12,0,VPR
Blunt Man,35300195,181,171,Louisoix,Chaos,0,0,bfddeb1fd8c57b9259f8bb179dd8158b_0a122616f3718d3f45cab10fd8fc1604fc0.jpg?1786444598,Diamond,67,0,GNB
Yoe Lleufyn,28631681,182,173,Phoenix,Light,0,0,9584dd8fac44ba749b0855105a0e29e9_5047bc596a4bab2dc7f7c120bb22dec5fc0.jpg?1786445214,Diamond,40,9,BLM
Sheidyn Windsor,30282791,183,172,Omega,Chaos,0,0,e3eaa192d0e2b6192580f940474cd0b5_39e25ac3d737c46452305eefe324372cfc0.jpg?1786445269,Diamond,33,0,SAM
Fandrix Shadowsong,36051326,184,175,Louisoix,Chaos,0,0,e8515941184b5c25f2622f1899a0969a_0a122616f3718d3f45cab10fd8fc1604fc0.jpg?1786443254,Diamond,21,0,SAM
Gwen Farron,10011051,185,176,Ragnarok,Chaos,0,0,3348ff23f3315e0457aa0694f655e953_40d57ba713628f3f1ef5ef204b6d76d2fc0.jpg?1786446420,Diamond,16,0,VPR
Tsuguri Tempest,8093380,186,191,Moogle,Chaos,0,0,673dd69d52b7f7c210bb231091fd1922_d7a9d5f85a29d6278ec1c7adc2c8d242fc0.jpg?1786444827,Diamond,8,3,VPR
Erika Avellana,45153856,187,177,Alpha,Light,0,0,d52954932b2c20e3d303cb8cf101f3eb_6132295fcf5570fb8b0a944ef322a598fc0.jpg?1786445246,Diamond,267,18,AST
Gabriel Zephyrus,11099535,188,232,Zodiark,Light,0,0,fb5c6913d0c275952def0841ab82887f_c274370774c6bc3483cc8740805f41bcfc0.jpg?1786445137,Diamond,131,19,DRG
Duessa Fidessa,47722925,189,178,Louisoix,Chaos,0,0,3e992addf0aaeeda98883cfe0443f4c4_0a122616f3718d3f45cab10fd8fc1604fc0.jpg?1786445399,Diamond,112,8,SAM
Bagel Egg,18929023,190,212,Omega,Chaos,0,0,f655117235b1c0d199ca39849579a631_39e25ac3d737c46452305eefe324372cfc0.jpg?1786443761,Diamond,107,4,BLM
Hegel Gil,25438753,191,179,Omega,Chaos,0,0,5ed500fc1dd1d9cbbc95000a80326ff7_39e25ac3d737c46452305eefe324372cfc0.jpg?1786444639,Diamond,96,0,WAR
Nana Usui,34696904,192,180,Moogle,Chaos,0,0,abd9e807ccb2486ea89e3deab9cc56d2_d7a9d5f85a29d6278ec1c7adc2c8d242fc0.jpg?1786445490,Diamond,74,0,WAR
Durinta Borlaaq,37706432,193,181,Twintania,Light,0,0,5f122a4f83176fe089d903a59809e108_c33f640c0cdd35f7def85b8aa31a0007fc0.jpg?1786446502,Diamond,37,0,SCH
Kihn Shirudo,43951482,194,208,Spriggan,Chaos,0,0,2e619166d10daa6082c54563a5af17ff_feaf0a2e88ff164813fbc9b85876fa48fc0.jpg?1786443471,Diamond,36,13,DRK
Lion Lad,60548427,195,244,Phantom,Chaos,0,0,69af2e062eb7ba4549c964e1fbc8b79e_f0a43d6e5eea19af337a176e9836acddfc0.jpg?1786444867,Diamond,20,11,BRD
Autuas Au,37357840,196,183,Phantom,Chaos,0,0,5c8929453beb42fb1a167e93eca11abf_f0a43d6e5eea19af337a176e9836acddfc0.jpg?1786444304,Diamond,7,0,UNK
Vyn Silvair,21908199,197,185,Shiva,Light,0,0,05a4597e1e8ad1e87cfc4aab88be286c_3fbff0e6b620e4d259dc427abc6574dafc0.jpg?1786445496,Diamond,60,6,GNB
Sho'zhirr Shizahi-jo,28092848,198,186,Phoenix,Light,0,0,c6923f91c3f9e08d53d38488a3040788_5047bc596a4bab2dc7f7c120bb22dec5fc0.jpg?1786443110,Diamond,41,0,UNK
Nicco Sushi,42846008,199,187,Alpha,Light,0,0,ffcb0ee6f92ba9224ade0ee2b0e9917b_6132295fcf5570fb8b0a944ef322a598fc0.jpg?1786444266,Diamond,36,0,GNB
Isca Mog,32212471,200,190,Zodiark,Light,0,0,e47f3ccc4bd8599193929766ab0abd2c_c274370774c6bc3483cc8740805f41bcfc0.jpg?1786445967,Diamond,19,0,PCT
Naralis A'roihan,35460975,201,193,Odin,Light,0,0,39833ac3dfdbb3ea64ab911763fea294_644311b63b607133c989d7c1188467dafc0.jpg?1786445131,Diamond,141,13,SCH
Minmo Dev,7902844,202,194,Zodiark,Light,0,0,782214fa536a78747ce926bd4967671f_c274370774c6bc3483cc8740805f41bcfc0.jpg?1786444984,Diamond,108,0,BRD
Feral Jorex,21749898,203,195,Odin,Light,0,0,f9027c778862384a6ae4224efd2fe7c3_644311b63b607133c989d7c1188467dafc0.jpg?1786445620,Diamond,101,22,SMN
Dundee Nic'hpisfa,35976824,204,196,Odin,Light,0,0,8eda92b5ce2e258786d149b7cb349e09_644311b63b607133c989d7c1188467dafc0.jpg?1786444613,Diamond,72,10,SGE
Lu Mi,47806406,205,0,Raiden,Light,0,0,c8d19bad38e9523a4db779b2bf514973_a370664d98f658f4ed4e620f378f73cdfc0.jpg?1786444138,Diamond,64,5,RDM
Leia Leia,61767715,206,197,Twintania,Light,0,0,da1bea022b3ca64e80681b4a30a9d7e1_c33f640c0cdd35f7def85b8aa31a0007fc0.jpg?1786444893,Diamond,58,0,UNK
Rin Tanaka,24116937,207,198,Phoenix,Light,0,0,05caa52c69a69c31a889325a1f319530_5047bc596a4bab2dc7f7c120bb22dec5fc0.jpg?1786443887,Diamond,50,0,WHM
Zaiko Kazer,29649679,208,199,Lich,Light,0,0,ab5b87afe7d1d53f8a61b85e0c0d0e8d_7206469080400ed57a5373d0a9c55c59fc0.jpg?1786446548,Diamond,48,0,DRK
Tisha Adori,32551351,209,200,Zodiark,Light,0,0,a1f13f2decf7933275b7ce63051dc06f_c274370774c6bc3483cc8740805f41bcfc0.jpg?1786444925,Diamond,32,0,MCH
Roomi Mae,47248743,210,201,Raiden,Light,0,0,770a624522dc3f95ef75247a554dceb7_a370664d98f658f4ed4e620f378f73cdfc0.jpg?1786445559,Diamond,5,0,BTN
Crystalia Aguilau'ra,51094995,211,202,Phantom,Chaos,0,0,e8e576c74bb3b06299949b7258aa8c6b_f0a43d6e5eea19af337a176e9836acddfc0.jpg?1786444389,Diamond,269,0,UNK
Laville Burns,44676490,212,233,Alpha,Light,0,0,1999bb362905ab6ad44fa2e8931ef3dc_6132295fcf5570fb8b0a944ef322a598fc0.jpg?1786445867,Diamond,123,15,RDM
Riku Yamamoto,50962515,213,203,Raiden,Light,0,0,2737e3393944ab82a3eec48071df16a8_a370664d98f658f4ed4e620f378f73cdfc0.jpg?1786446578,Diamond,109,4,DRK
Ye Jin,49057312,214,204,Alpha,Light,0,0,c230435310db6e112e461dbdcafe4cf0_6132295fcf5570fb8b0a944ef322a598fc0.jpg?1786444182,Diamond,79,0,UNK
Monoplof Stormbringer,25662739,215,206,Raiden,Light,0,0,8d6ac074a075b30c794a796a54a7b6dc_a370664d98f658f4ed4e620f378f73cdfc0.jpg?1786443706,Diamond,42,0,WAR
Sir Azmuth,21784845,216,209,Lich,Light,0,0,aaa9e4ee439eaa5d584760975605186f_7206469080400ed57a5373d0a9c55c59fc0.jpg?1786443317,Diamond,26,5,SAM
Remy Galleu,52837552,217,210,Alpha,Light,0,0,1c98cde60dda0890554eff5601f7b441_6132295fcf5570fb8b0a944ef322a598fc0.jpg?1786443142,Diamond,7,0,UNK
Rem Minase,15335467,218,211,Ragnarok,Chaos,0,0,6f4b9532213e5ed122fcac3e5c3b4cc5_40d57ba713628f3f1ef5ef204b6d76d2fc0.jpg?1786443631,Diamond,121,0,RPR
Vic Strider,53817077,219,213,Raiden,Light,0,0,64d68250fabd33e4972dcba2d2638d6c_a370664d98f658f4ed4e620f378f73cdfc0.jpg?1786443073,Diamond,75,4,RDM
Lolorei Lalarei,3686155,220,237,Omega,Chaos,0,0,da6ff12e4effc4cbacfe1b954f1c3bf5_39e25ac3d737c46452305eefe324372cfc0.jpg?1786446341,Diamond,71,7,GNB
Vincent God,14069867,221,214,Phoenix,Light,0,0,7d8e17eab1b900c1741204dbf199eb48_5047bc596a4bab2dc7f7c120bb22dec5fc0.jpg?1786443494,Diamond,67,0,MCH
Mizu Shimizu,41402391,222,215,Twintania,Light,0,0,b745f1d87ccd905d96d6b6ca49092222_c33f640c0cdd35f7def85b8aa31a0007fc0.jpg?1786445062,Diamond,56,1,UNK
Queenie Skyfrost,34868775,223,216,Odin,Light,0,0,4c0182a4bd02a557a3e29b795c1e0b9c_644311b63b607133c989d7c1188467dafc0.jpg?1786444189,Diamond,53,0,SMN
Airi Rhitik,2286171,224,252,Moogle,Chaos,0,0,0e7c747879926e0f575c8444323c478f_d7a9d5f85a29d6278ec1c7adc2c8d242fc0.jpg?1786445115,Diamond,52,7,WHM
Core Flare,44609138,225,217,Raiden,Light,0,0,4d277108d876101c6b97212a26f6bc97_a370664d98f658f4ed4e620f378f73cdfc0.jpg?1786444829,Diamond,47,0,VPR
Lolarita Rorry,39677497,226,218,Odin,Light,0,0,3c990f7c55a34985fb496735b20a6b10_644311b63b607133c989d7c1188467dafc0.jpg?1786445705,Diamond,46,0,DNC
Shiva Dorys,36432577,227,253,Phoenix,Light,0,0,df6ee6331f96148f2b97966d8a3e2a5a_5047bc596a4bab2dc7f7c120bb22dec5fc0.jpg?1786446297,Diamond,44,11,WHM
Feru Gray,23862847,228,239,Phoenix,Light,0,0,92d6f7ccce171db148f573ffecc8e15d_5047bc596a4bab2dc7f7c120bb22dec5fc0.jpg?1786444121,Diamond,42,6,GNB
Krek Balflear,48912824,229,219,Sagittarius,Chaos,0,0,3ddedc4fdcf35465d04f99e2b4737a9f_44ca0844398b2d010d8cd4a31ddb023dfc0.jpg?1786443881,Diamond,29,0,RPR
Charon Tesar,2860491,230,220,Shiva,Light,0,0,71fb4ffe6d15608a77682afdbdef53d7_3fbff0e6b620e4d259dc427abc6574dafc0.jpg?1786446459,Diamond,82,2,PCT
Hope Carmine,31931991,231,284,Odin,Light,0,0,4d5e5c176cb534aaf44e67236bf6c171_644311b63b607133c989d7c1188467dafc0.jpg?1786444022,Diamond,56,11,RDM
Akurei Amotanius,36595921,232,222,Odin,Light,0,0,ca5d9f24b62995e3bcb5d25cc576fc70_644311b63b607133c989d7c1188467dafc0.jpg?1786445884,Diamond,42,0,SGE
Stephanie Dolla,28876458,233,223,Lich,Light,0,0,753eeef7260d5b48fedb9d189d2b51ca_7206469080400ed57a5373d0a9c55c59fc0.jpg?1786446186,Diamond,33,0,GNB
Catlisaie Leveilleur,38928587,234,224,Sagittarius,Chaos,0,0,b49cedcc9313e5b78f3c3e17f3a3b68c_44ca0844398b2d010d8cd4a31ddb023dfc0.jpg?1786445962,Diamond,19,0,PLD
Dopa Mine,44403027,234,226,Phantom,Chaos,0,0,8d27501fd3361cf138655132263db4b5_f0a43d6e5eea19af337a176e9836acddfc0.jpg?1786446252,Diamond,19,7,AST
Brindacier Alomon,26055030,236,225,Phoenix,Light,0,0,fbefc8262b34e93b398aa2dde0c2e4b8_5047bc596a4bab2dc7f7c120bb22dec5fc0.jpg?1786444461,Diamond,15,0,PLD
Mina Ha,50543888,237,226,Raiden,Light,0,0,712f53c2b6ed3bc9fa9cc0b0b60a16d7_a370664d98f658f4ed4e620f378f73cdfc0.jpg?1786445489,Diamond,12,0,DRG
Endorel Soro,12949151,238,247,Alpha,Light,0,0,038b9a835f84a3b80a8a467605d3dd8c_6132295fcf5570fb8b0a944ef322a598fc0.jpg?1786443651,Diamond,10,4,UNK
Taivas L'tulta,46948666,238,228,Odin,Light,0,0,30ba088e17b99c9f748bd47b4ff33fb4_644311b63b607133c989d7c1188467dafc0.jpg?1786443385,Diamond,10,0,WHM
Astral Highwind,29689702,240,229,Omega,Chaos,0,0,97af63b900951c4e5b86b87e21f0d233_39e25ac3d737c46452305eefe324372cfc0.jpg?1786445254,Diamond,3,0,SMN
Yamakaji Edo'sen,22194618,240,229,Moogle,Chaos,0,0,d7972041e4c6c98f2e38ec21d2bc56c2_d7a9d5f85a29d6278ec1c7adc2c8d242fc0.jpg?1786445097,Diamond,3,0,UNK
Dacien Darlett,3339751,242,231,Odin,Light,0,0,0311b8a0924e142c3f1da4b81f645156_644311b63b607133c989d7c1188467dafc0.jpg?1786445800,Diamond,127,10,VPR
Night Siren,46140840,243,0,Alpha,Light,0,0,5b2c854dc9360523ee7fcd5bfee41621_6132295fcf5570fb8b0a944ef322a598fc0.jpg?1786443531,Diamond,120,23,GNB
Ash Zero,49368748,244,0,Shiva,Light,0,0,8c69f041cca72fdc1059bfc9f2f8ecc9_3fbff0e6b620e4d259dc427abc6574dafc0.jpg?1786444125,Diamond,112,9,PCT
Athena Olympe,44680885,245,234,Sagittarius,Chaos,0,0,7e7afe9e9cebc29cee3220c1e0530540_44ca0844398b2d010d8cd4a31ddb023dfc0.jpg?1786446589,Diamond,91,0,BLM
Rose Nashi'rah,5586423,246,278,Moogle,Chaos,0,0,eabb33d9d4a68beb623fdbad8de0ccd2_d7a9d5f85a29d6278ec1c7adc2c8d242fc0.jpg?1786445059,Diamond,88,7,SAM
Merily Marlin,52216084,247,235,Louisoix,Chaos,0,0,1b485637d5f1df89d363a45b95cba49c_0a122616f3718d3f45cab10fd8fc1604fc0.jpg?1786445685,Diamond,83,0,FSH
Aru Chiikawa,53173199,248,0,Raiden,Light,0,0,e04a223356da8c93c18581feda55b5bf_a370664d98f658f4ed4e620f378f73cdfc0.jpg?1786446589,Diamond,66,21,NIN
Rinne Arryn,28659392,249,236,Lich,Light,0,0,ccaa6881b10221d6509a436bc761d3c5_7206469080400ed57a5373d0a9c55c59fc0.jpg?1786444975,Diamond,65,0,UNK
Dessy Moonwalker,30980737,250,238,Zodiark,Light,0,0,e34bce9409ca557af54cb198e3aec31b_c274370774c6bc3483cc8740805f41bcfc0.jpg?1786443626,Diamond,43,0,RDM
Smoothie Sour,42056621,251,239,Zodiark,Light,0,0,247388cdfc4db1451cf9df83cce7b3a1_c274370774c6bc3483cc8740805f41bcfc0.jpg?1786446311,Diamond,36,0,WAR
Rei Dassario,24597443,252,241,Raiden,Light,0,0,a51ce0a687a31ff3b67287e80ea30aed_a370664d98f658f4ed4e620f378f73cdfc0.jpg?1786445037,Diamond,32,0,VPR
Diarmuidia Ua-dibhne,60435376,253,242,Cerberus,Chaos,0,0,5d9b7dcb4848e335ad4a88c0dc644669_777c57311d510ca65dac3c1077dee435fc0.jpg?1786446047,Diamond,29,0,VPR
Veritan Indaerus,21877909,254,297,Odin,Light,0,0,978a128ddf080c55e3afc742274d0c9f_644311b63b607133c989d7c1188467dafc0.jpg?1786445387,Diamond,18,3,DRG
Mestari Kalastaja,38441307,255,243,Omega,Chaos,0,0,52dc7dc38ddeaaedbae9f2b43a6ca546_39e25ac3d737c46452305eefe324372cfc0.jpg?1786443659,Diamond,17,0,WHM
Izuma Knox,48747330,256,244,Spriggan,Chaos,0,0,e4ecfd700fe3f6df45f6409e46a09d8b_feaf0a2e88ff164813fbc9b85876fa48fc0.jpg?1786444385,Diamond,9,0,SCH
Wept Sama,51306317,257,246,Louisoix,Chaos,0,0,26258172f2f7d8adbd729f60cdc1b12d_0a122616f3718d3f45cab10fd8fc1604fc0.jpg?1786445094,Diamond,7,0,NIN
Mirajane Hylian,24248886,258,247,Omega,Chaos,0,0,32bbb40f8ae6e32a1317f2919c7a1a42_39e25ac3d737c46452305eefe324372cfc0.jpg?1786446353,Diamond,6,0,RPR
Altrios Alrun,37280856,259,249,Odin,Light,0,0,eed006603ff3859a7471671dcb9c221c_644311b63b607133c989d7c1188467dafc0.jpg?1786446533,Diamond,3,0,VPR
Manji Haq,30381529,260,250,Shiva,Light,0,0,1840291846e97e46d3053d2cb9351608_3fbff0e6b620e4d259dc427abc6574dafc0.jpg?1786443909,Diamond,101,0,SMN
Jalsket Pirated,40728416,261,251,Zodiark,Light,0,0,18ffb968d4a5a0c03d5e251516a2c3aa_c274370774c6bc3483cc8740805f41bcfc0.jpg?1786445219,Diamond,94,3,NIN
Alex Bean,24788739,262,0,Zodiark,Light,0,0,6aa5d269d2362413ba9a055f7c8f6704_c274370774c6bc3483cc8740805f41bcfc0.jpg?1786445603,Diamond,41,9,SCH
Ossim Numine,26339671,263,254,Spriggan,Chaos,0,0,c5d164dd5b0090daf2749023d8296214_feaf0a2e88ff164813fbc9b85876fa48fc0.jpg?1786443428,Diamond,26,0,DRK
Ny Aa,49048302,264,255,Zodiark,Light,0,0,a75fda4dbe97ffbaf98a55c7ea86fa64_c274370774c6bc3483cc8740805f41bcfc0.jpg?1786445011,Diamond,4,0,RDM
Certin Ferocia,26600453,265,256,Spriggan,Chaos,0,0,528919b4d45df00513ad6c80440fc2f4_feaf0a2e88ff164813fbc9b85876fa48fc0.jpg?1786445864,Diamond,2,0,FSH
Maru Tani,58799026,265,256,Alpha,Light,0,0,b632027978294d1f77f2347d48fc3704_6132295fcf5570fb8b0a944ef322a598fc0.jpg?1786443910,Diamond,2,0,SCH
Slayn Lockmeier,43624360,265,272,Ragnarok,Chaos,0,0,6e8ed130575c22a15b32af255b35348b_40d57ba713628f3f1ef5ef204b6d76d2fc0.jpg?1786443317,Diamond,2,1,PCT
Ryssrael Niunaglwyn,33315027,268,0,Omega,Chaos,0,0,33b521784d0398ac0bb6736f1c6d0a15_39e25ac3d737c46452305eefe324372cfc0.jpg?1786443359,Diamond,160,7,MCH
Fay Fury,13801627,269,258,Alpha,Light,0,0,c8bf2d24d3b66a91e8891eb6b4043bd8_6132295fcf5570fb8b0a944ef322a598fc0.jpg?1786444672,Diamond,87,0,UNK
Dramatic Khau,56426818,270,259,Lich,Light,0,0,bc3412b0b30a77b483f87b253d84d78f_7206469080400ed57a5373d0a9c55c59fc0.jpg?1786443297,Diamond,79,0,MCH
K'too Cr'too,41878191,271,0,Raiden,Light,0,0,819cffdba090932f449a2600b7201615_a370664d98f658f4ed4e620f378f73cdfc0.jpg?1786446366,Diamond,77,11,PLD
Lo Enha,27971408,272,0,Moogle,Chaos,0,0,5236c7cc585f6b9213e6d33f05e78c61_d7a9d5f85a29d6278ec1c7adc2c8d242fc0.jpg?1786446587,Diamond,63,9,BLM
Yorda Dormin,35730883,273,260,Phantom,Chaos,0,0,37968b7968327b583f23e52d999337f9_f0a43d6e5eea19af337a176e9836acddfc0.jpg?1786445564,Diamond,59,7,UNK
Vermilion Rose,4596210,274,261,Phantom,Chaos,0,0,6eeb39ac8e979b57130040ff257bf772_f0a43d6e5eea19af337a176e9836acddfc0.jpg?1786445782,Diamond,43,0,DRK
Leizi Doomie,47973424,275,262,Omega,Chaos,0,0,35e6c296ac2a3e1f720238508a30d7a5_39e25ac3d737c46452305eefe324372cfc0.jpg?1786446274,Diamond,35,0,WHM
Saki Aiko,58256956,276,263,Zodiark,Light,0,0,f65bf40d95342ebe3141def95c5232bc_c274370774c6bc3483cc8740805f41bcfc0.jpg?1786444972,Diamond,34,0,WHM
Melili Nalili,60720700,277,265,Twintania,Light,0,0,24a7b96fbc052a40de9c6f7809fe72fe_c33f640c0cdd35f7def85b8aa31a0007fc0.jpg?1786444205,Diamond,30,2,DRK
Mono Lith,59519255,278,264,Omega,Chaos,0,0,2d12a270aa7b3b097c78dcc93127e881_39e25ac3d737c46452305eefe324372cfc0.jpg?1786445040,Diamond,29,0,RDM
Kai Usami,51704875,279,266,Raiden,Light,0,0,de98603cf09d40c4587c720f86e73817_a370664d98f658f4ed4e620f378f73cdfc0.jpg?1786444423,Diamond,19,0,UNK
Diggoo Jumalxtenlavis,21389976,280,267,Zodiark,Light,0,0,ae5b9d280ccfc178e7b74cd839ec5e43_c274370774c6bc3483cc8740805f41bcfc0.jpg?1786444577,Diamond,12,0,VPR
Mer Lin,50434149,281,268,Spriggan,Chaos,0,0,52a13256ecf71bc72e25a6b211b196c8_feaf0a2e88ff164813fbc9b85876fa48fc0.jpg?1786444033,Diamond,7,0,BRD
Red Fluffy,41965323,282,269,Shiva,Light,0,0,6e4c702e77f55eff42d4c42a07f242db_3fbff0e6b620e4d259dc427abc6574dafc0.jpg?1786446349,Diamond,5,0,SGE
Laurie Adorable,48647813,283,270,Spriggan,Chaos,0,0,cae3f1cbe01c3d143b588c054809c02b_feaf0a2e88ff164813fbc9b85876fa48fc0.jpg?1786445632,Diamond,4,0,WHM
Xiex Xie,40733160,284,271,Zodiark,Light,0,0,f253e0943a65dac103a6dfd764a01f52_c274370774c6bc3483cc8740805f41bcfc0.jpg?1786443754,Diamond,3,0,CUL
Ash Dreadsaint,16641514,285,272,Alpha,Light,0,0,35babc8a56d97c1de09ffbf594068bd0_6132295fcf5570fb8b0a944ef322a598fc0.jpg?1786444605,Diamond,1,0,DRK
Faly Linh,32024155,285,272,Spriggan,Chaos,0,0,2c0bc07b4ce467f3fb61eed172593a41_feaf0a2e88ff164813fbc9b85876fa48fc0.jpg?1786444259,Diamond,1,0,UNK
Jean Eclair,2900310,285,272,Louisoix,Chaos,0,0,7adf7a428285818f2884e78fe04bd4d8_0a122616f3718d3f45cab10fd8fc1604fc0.jpg?1786444874,Diamond,1,0,DNC
Rifula Ruivre,2224873,285,272,Alpha,Light,0,0,47995b925a7f5c18a76967fce75b8bb9_6132295fcf5570fb8b0a944ef322a598fc0.jpg?1786445477,Diamond,1,0,UNK
Roostar Luna,8325105,285,272,Moogle,Chaos,0,0,68034435c8a0a8835a6400d6edf49f9c_d7a9d5f85a29d6278ec1c7adc2c8d242fc0.jpg?1786445533,Diamond,1,0,SCH
Ardias Wolfsherz,11752815,290,279,Lich,Light,0,0,8f0a84278162ee56f0f65bac956cc32c_7206469080400ed57a5373d0a9c55c59fc0.jpg?1786444943,Diamond,79,0,AST
Eeva Lightwood,34867115,290,0,Phoenix,Light,0,0,029a994eac70f6897fab7cb241b4204b_5047bc596a4bab2dc7f7c120bb22dec5fc0.jpg?1786443834,Diamond,79,9,VPR
Mowgar Nightslade,40238415,292,280,Shiva,Light,0,0,caf06ef1481275eaf26d0edc97985aa1_3fbff0e6b620e4d259dc427abc6574dafc0.jpg?1786445536,Diamond,69,4,SGE
Norai Tempest,38251436,293,281,Zodiark,Light,0,0,b7018360f2380ddb9010a48d596309f2_c274370774c6bc3483cc8740805f41bcfc0.jpg?1786443547,Diamond,55,0,NIN
Kiara Anima,33528154,294,282,Raiden,Light,0,0,f1bb383b8594f615718c3d7f602fc10c_a370664d98f658f4ed4e620f378f73cdfc0.jpg?1786445546,Diamond,53,0,MNK
Lise-hoi Pipeloi,29719212,295,283,Cerberus,Chaos,0,0,57c5498cda4f5b24c975d5c6ad1dad53_777c57311d510ca65dac3c1077dee435fc0.jpg?1786445073,Diamond,52,0,DNC
Alice Kittimo,34781171,296,0,Cerberus,Chaos,0,0,ec971a9e6eba1c32ecd2e88bec8f2c49_777c57311d510ca65dac3c1077dee435fc0.jpg?1786443138,Diamond,51,3,WHM
Error Message,13464395,297,284,Odin,Light,0,0,37584823c6898787a88ec74ca750c2b7_644311b63b607133c989d7c1188467dafc0.jpg?1786446251,Diamond,45,0,MCH
Celeste Starblade,57129516,298,286,Phoenix,Light,0,0,f658a7c187303ff40c92c131f45b6f67_5047bc596a4bab2dc7f7c120bb22dec5fc0.jpg?1786446531,Diamond,42,0,SAM
Leo Wolfram,55309464,299,287,Twintania,Light,0,0,137bda326a93315b803aa0d477a79942_c33f640c0cdd35f7def85b8aa31a0007fc0.jpg?1786446460,Diamond,41,0,DRK
Niku Diaz,8249417,300,288,Odin,Light,0,0,e88ba43630f5d0c828dbcf4b479a82b4_644311b63b607133c989d7c1188467dafc0.jpg?1786444284,Diamond,40,0,MNK
Sensei Jyutusi,20995129,1,0,Chocobo,Mana,2340,0,218ddf1e9e095da9f0b9d5866f9f2d80_781d6b3603312f6be41670afa37282e0fc0.jpg?1786444334,Omega,93,0,MNK
Stella Rufus,32981376,2,21,Fenrir,Gaia,2099,500,6d3c31365dff1bc61d57eeec218ae79c_d384cf5ad7db803f29799f36ebbc3eadfc0.jpg?1786443340,Omega,66,6,DRK
Jay Eins,3930926,3,2,Chocobo,Mana,2098,0,31d212c5602873cad51c02ca3a1707f4_781d6b3603312f6be41670afa37282e0fc0.jpg?1786444664,Omega,61,0,BRD
Yuki Macaron-vanille,37997737,4,3,Ridill,Gaia,2087,0,87df14febf49ad8a24a323b239fb3250_138751880f18161a907d7cf0faa43f07fc0.jpg?1786444305,Omega,66,0,RDM
Ciel Cocco,27192023,5,4,Anima,Mana,2086,0,05df3829299dc9e3c4ba0bceb512525a_2f698530a28d671d20278c8518c804c9fc0.jpg?1786445623,Omega,78,0,SMN
Avail Tec,46450631,6,5,Garuda,Elemental,2085,0,174c8b1a79d654754078bef6b8c51067_fcb1f5b0249d1069e5bdc66d0796f26afc0.jpg?1786446375,Omega,78,0,SAM
Happo Hapo,59173770,7,6,Pandaemonium,Mana,2084,0,8d06d5697fa5f35516e08e77ecb4eff8_470db1bf2e865f9130531fea40b61ee4fc0.jpg?1786445041,Omega,24,0,VPR
Vivi Ann,4766157,8,7,Kujata,Elemental,2080,0,9543e197b2faf03aa21058f9deedc408_72c48f093f2278ac3243962d3eb6a8d7fc0.jpg?1786445735,Omega,55,0,AST
Muri Puri,48472062,9,8,Ramuh,Meteor,2080,0,fcc01230b112ceb73d1f33197394d5c6_410ddb5a66a2fcacf538bec5ea5d0291fc0.jpg?1786446593,Omega,32,0,SAM
Tsuchi Tsuki,39089046,10,9,Bahamut,Gaia,2077,0,032858264c706c6341f57dbef9e86da1_86da943caa70c8694707ab2ff74e68c9fc0.jpg?1786445829,Omega,39,0,BRD
Hatozo Ito,39455624,11,10,Typhon,Elemental,2077,0,a2de1cbebb1230e8f11f0fa765df7d0f_32d8c9c7cd5f62d62da2d31b6750a680fc0.jpg?1786444783,Omega,26,0,RDM
Fania Eckert,2837251,12,54,Titan,Mana,2076,565,7177d6fdd5036eebc72834f8376cd1cf_e2bb3f9679fec6d4836fcf8abcc3eeacfc0.jpg?1786443178,Omega,180,14,PCT
Taroe Kobuta,8734523,13,11,Kujata,Elemental,2075,0,821347c202f7d7d6b676bd393bcdfdae_72c48f093f2278ac3243962d3eb6a8d7fc0.jpg?1786443110,Omega,160,0,RPR
Shion Amber,26147773,14,12,Unicorn,Meteor,2075,0,e2ecf01d14ce449e8393bc3f5dfc57f4_393eb74047bb90c8d80dea54218430eefc0.jpg?1786446169,Omega,32,0,AST
Imlink Rr,46726473,15,13,Bahamut,Gaia,2063,0,6c9ffcd32b7d78e8b7e09c63d130ef2a_86da943caa70c8694707ab2ff74e68c9fc0.jpg?1786445665,Omega,157,0,MCH
Sorin Maki,53900927,16,14,Durandal,Gaia,2055,0,b0d4570e39585eb6b5ba7458ff8781a7_806ea5b45071d5cd6bf393e38462ee71fc0.jpg?1786446382,Omega,84,0,VPR
Velvet Shilky,15655369,17,124,Anima,Mana,2046,980,988a0ec11e3b6bbbfc5478b0eab4b03f_2f698530a28d671d20278c8518c804c9fc0.jpg?1786444006,Omega,165,21,PLD
Paker Zuka,35106373,18,15,Bahamut,Gaia,2044,0,1dfba22310e23cd21bd3a7481bf928e1_86da943caa70c8694707ab2ff74e68c9fc0.jpg?1786444476,Omega,69,0,UNK
Ciao' Chu-ru,46227731,19,16,Asura,Mana,2042,0,4407462a62eb8cb31cec691e9f214c86_53f1445a9f28799a32ea55f046319fc3fc0.jpg?1786446163,Omega,62,0,UNK
Death-by Glamour,50007656,20,17,Fenrir,Gaia,2038,0,73746aab8b21d5917fab43f4db6f35aa_d384cf5ad7db803f29799f36ebbc3eadfc0.jpg?1786445778,Omega,54,0,UNK
Makina Belg,23683223,21,18,Belias,Meteor,2037,0,ffed281791b6f91e5a2000e4917cfeeb_894c4bd0beab2e2beb44b74f4c4bd206fc0.jpg?1786444398,Omega,94,0,MNK
Emil Sarasun,7191072,22,19,Asura,Mana,2035,0,052a2527c0dee23533f8162c40d66898_53f1445a9f28799a32ea55f046319fc3fc0.jpg?1786444768,Omega,69,0,VPR
K' R',8489348,23,20,Chocobo,Mana,2021,0,38834b79bf39846f80b605b4a592c2eb_781d6b3603312f6be41670afa37282e0fc0.jpg?1786445960,Omega,62,0,AST
Devil May'cry,43140387,24,22,Chocobo,Mana,2015,0,bc38e75d4332eb0a661f158200cedb80_781d6b3603312f6be41670afa37282e0fc0.jpg?1786444812,Omega,44,0,UNK
Bakeke Bake,40527195,25,23,Asura,Mana,2007,0,2df47416611081755cf9e0cd7c586afa_53f1445a9f28799a32ea55f046319fc3fc0.jpg?1786445292,Omega,87,0,MCH
Basta Reno,31797927,26,24,Carbuncle,Elemental,2007,0,22b32c1986bb9c2732e5f877f7cbdbd6_9eb3c19866f7ae0eeeffac7bf770aba5fc0.jpg?1786445768,Omega,59,0,VPR
Naku Cha,51398763,27,25,Zeromus,Meteor,2005,0,d1f355424cec05811e0f15dc0a707de5_c76848359d0b4d2f37aefbb9903ed97bfc0.jpg?1786443740,Omega,33,0,NIN
Robs Wiz,47501636,28,26,Aegis,Elemental,2001,0,24b0e4e155ae76da2a553003980ac156_3ea38e723c590aabf186367e1eb7e6a1fc0.jpg?1786444185,Omega,138,0,DRG
Ura Ururu,59087727,29,31,Chocobo,Mana,1982,197,cbc6fb7e99cc3d57226a4684079c139c_781d6b3603312f6be41670afa37282e0fc0.jpg?1786443402,Crystal,38,3,BRD
Rya Myosotisy,44244496,30,33,Asura,Mana,1976,278,d39af5863481d80b66f4fe05bf80d003_53f1445a9f28799a32ea55f046319fc3fc0.jpg?1786443446,Crystal,73,10,PCT
Snow Albarn,25263326,31,29,Fenrir,Gaia,1944,69,fa179c06d46acce251bb94d22a05e931_d384cf5ad7db803f29799f36ebbc3eadfc0.jpg?1786446385,Crystal,68,4,BLM
Ajika Rajika,6811285,32,27,Tiamat,Gaia,1916,0,97621d00c96124d00a3c01cec2dde5f8_9f10d335198e90990f3437c5733468e7fc0.jpg?1786444698,Crystal,83,0,UNK
Tango Ngo,47753273,33,28,Alexander,Gaia,1885,0,c8ff6406f324ec51842e0a491ba1e4fa_b7a71d8799cf6dd75b711a7f52de6675fc0.jpg?1786444575,Crystal,101,0,VPR
Inx Chrono,21920611,34,38,Yojimbo,Meteor,1870,200,83c01df24231dda93176c28e69768459_4a92c619bde4f34cfa77e05fef21ad85fc0.jpg?1786446535,Crystal,68,13,BLU
Aman Kaharmine,37434311,35,30,Belias,Meteor,1869,0,7fa9aa672753e286a5710cf338755727_894c4bd0beab2e2beb44b74f4c4bd206fc0.jpg?1786444699,Crystal,156,15,UNK
Coffee Mint,29415966,36,74,Titan,Mana,1828,481,e5a147803c62c81952bc0c786dcfc3cb_e2bb3f9679fec6d4836fcf8abcc3eeacfc0.jpg?1786445017,Crystal,422,51,GNB
Sidurgu Obsidian,17768556,37,88,Garuda,Elemental,1784,507,19277f9e0fcd9432fb16b0e1cbad47a7_fcb1f5b0249d1069e5bdc66d0796f26afc0.jpg?1786443407,Crystal,60,12,WHM
Lucy Tave,5530448,38,184,Durandal,Gaia,1774,966,fd7ea485d2ba7644c76c49d7b00fce24_806ea5b45071d5cd6bf393e38462ee71fc0.jpg?1786445824,Crystal,254,20,WAR
Rex Cold,46340519,39,32,Bahamut,Gaia,1709,0,5a590acfa6bbe6cddd1eb5143c7070f2_86da943caa70c8694707ab2ff74e68c9fc0.jpg?1786445879,Crystal,55,0,UNK
Lain Wired,1578110,40,56,Chocobo,Mana,1708,201,51b29015827612eb3c28c2c8dd0f43ef_781d6b3603312f6be41670afa37282e0fc0.jpg?1786446154,Crystal,67,3,SGE
Ml Tei,47822875,41,34,Alexander,Gaia,1695,0,259bd72e639c252e3e6ab819661c07a6_b7a71d8799cf6dd75b711a7f52de6675fc0.jpg?1786443109,Crystal,20,0,DRG
Black' Cat,27132360,42,35,Ifrit,Gaia,1692,0,25f0dd65be1cf71e9e26e0bcc0dc271f_f9f796348bc43067c7242ec4551cde69fc0.jpg?1786445556,Crystal,48,1,PLD
Aizen Sosuke,46625154,43,47,Asura,Mana,1686,100,084fe9c7ee753ba32657d9e49b4edde5_53f1445a9f28799a32ea55f046319fc3fc0.jpg?1786446492,Crystal,79,5,UNK
Mao Caprice,32793338,44,36,Titan,Mana,1675,0,101c8c73de660221dc8ad95fafa4ad3c_e2bb3f9679fec6d4836fcf8abcc3eeacfc0.jpg?1786445264,Crystal,75,2,DRG
Aurelia Stratosfera,26527089,45,37,Unicorn,Meteor,1675,0,0ed689683555a9555b96a5599288d4a1_393eb74047bb90c8d80dea54218430eefc0.jpg?1786443521,Crystal,64,0,SAM
Lan Dame-celot,31839759,46,39,Ifrit,Gaia,1670,0,c278e5b98fa396fbc950aeafdb5aaee8_f9f796348bc43067c7242ec4551cde69fc0.jpg?1786444517,Crystal,34,2,PLD
Xignas Schwalbe,2577287,47,40,Anima,Mana,1663,0,726f737868161a35f25fb4e06bccf08e_2f698530a28d671d20278c8518c804c9fc0.jpg?1786446135,Crystal,113,12,VPR
Dome Violet,45179152,48,73,Masamune,Mana,1658,284,a95c15ebd393e5497d6641d375ec02b1_134930215abb8a90ec37d6cc05b05e08fc0.jpg?1786445859,Crystal,101,14,BRD
Kawlo Wilhelm,53079906,49,41,Ixion,Mana,1610,0,c9dcb47fbd9f0b8b6bf1b3ac91b2e802_7126768d768f6c6c7fed3eaee98c3a8afc0.jpg?1786444688,Crystal,28,0,UNK
Furanzeska Sumeragi,8414050,50,42,Tonberry,Elemental,1604,0,7300d72d23103eb5494b3e21bf99b3b6_7bb6b1e488f0e4f01c5314d010b60f31fc0.jpg?1786443093,Crystal,46,0,SMN
Falaris Whitemoon,39272552,51,43,Carbuncle,Elemental,1602,0,ba7f541c520a57e21fce1321218d73b3_9eb3c19866f7ae0eeeffac7bf770aba5fc0.jpg?1786444136,Crystal,58,0,MNK
Orpheus Jongleur,3414846,52,81,Bahamut,Gaia,1599,300,091f84408fe996c55b0d18af8fc1d9d6_86da943caa70c8694707ab2ff74e68c9fc0.jpg?1786445449,Crystal,52,7,GNB
Roric Thorne,59323169,53,44,Pandaemonium,Mana,1594,0,4ff669632484c5fdf241ea2b9f955435_470db1bf2e865f9130531fea40b61ee4fc0.jpg?1786444310,Crystal,18,0,VPR
Soujirou Seta,4110224,54,45,Tonberry,Elemental,1587,0,7453a7542d76520abe9dd8dcc3572b78_7bb6b1e488f0e4f01c5314d010b60f31fc0.jpg?1786445349,Crystal,65,4,SAM
Meilkea Inori,40934425,55,46,Aegis,Elemental,1586,0,4c256b756b0f4f43b209ec71728dc0e2_3ea38e723c590aabf186367e1eb7e6a1fc0.jpg?1786446330,Crystal,202,25,UNK
Merry Scrald,11886780,56,48,Belias,Meteor,1582,0,7bfbd82582fd003bc514339935d874a7_894c4bd0beab2e2beb44b74f4c4bd206fc0.jpg?1786445502,Crystal,32,0,AST
Sha Moji,19121169,57,49,Carbuncle,Elemental,1580,0,eb82915777eea0c952b2885bf59641d9_9eb3c19866f7ae0eeeffac7bf770aba5fc0.jpg?1786443234,Crystal,71,0,GNB
Wonton Starlight,27496660,58,50,Chocobo,Mana,1575,1,8d6c3f0a6f695cdc94b9234b6c28be22_781d6b3603312f6be41670afa37282e0fc0.jpg?1786444512,Crystal,158,37,RPR
Kuno Cadenzavnaeve,42178142,59,51,Ifrit,Gaia,1569,0,85baa25ca299e93ef56226f40814f03b_f9f796348bc43067c7242ec4551cde69fc0.jpg?1786443614,Crystal,60,4,MNK
Honey Cat,51251838,60,52,Ultima,Gaia,1565,0,c89504a579493fe83a6003536b5fcfdf_9df1b3cb0da35db33c17ef11ddf12adafc0.jpg?1786443436,Crystal,122,7,MCH
Tarex Youva,26374295,61,60,Tonberry,Elemental,1555,93,7dad78de32b2e7e31077d03f095a81ac_7bb6b1e488f0e4f01c5314d010b60f31fc0.jpg?1786443575,Crystal,123,14,CRP
Creya Oaks,20662074,62,53,Tonberry,Elemental,1552,3,0fb57385ff1c90e3ea26edc53722b78c_7bb6b1e488f0e4f01c5314d010b60f31fc0.jpg?1786445379,Crystal,124,13,BRD
Kine Uffelmann,20050491,63,64,Kujata,Elemental,1515,112,3411a0b34b7e20b7f4516cd81c87ae01_72c48f093f2278ac3243962d3eb6a8d7fc0.jpg?1786443334,Crystal,59,14,PCT
Flavia Saurva,29364722,64,55,Chocobo,Mana,1508,0,4a9b8d9e5f338a0c28625b5656567941_781d6b3603312f6be41670afa37282e0fc0.jpg?1786444301,Crystal,35,0,MNK
Lily Skywaker,6792620,65,0,Ixion,Mana,1503,998,2a199e9346f375c2f2e814be59d0cf09_7126768d768f6c6c7fed3eaee98c3a8afc0.jpg?1786444414,Crystal,110,33,MCH
Comachi Dj,13425678,66,57,Hades,Mana,1503,0,4983bf5b31ed2764865b5fd4a01a64a5_a4730651230dd43cb129562a30d531aefc0.jpg?1786444371,Crystal,109,11,NIN
Nacreous Snowmelt,55586649,67,58,Asura,Mana,1500,0,2927bf8e620ad06dc8e1e74d7e3c071f_53f1445a9f28799a32ea55f046319fc3fc0.jpg?1786445827,Crystal,23,0,WAR
Boku Hide,61259881,68,65,Chocobo,Mana,1490,90,2405cc4b75108a1384180ce7bafc3b98_781d6b3603312f6be41670afa37282e0fc0.jpg?1786443849,Crystal,58,14,UNK
Hina Narumi,36489169,69,59,Masamune,Mana,1472,0,b92b3bffbe6d8e1f5f53a1f3735c1387_134930215abb8a90ec37d6cc05b05e08fc0.jpg?1786444000,Crystal,39,0,NIN
Akatuki Re,22410327,70,61,Carbuncle,Elemental,1459,0,b3e601fbc493d7bc642faec11f3c05fb_9eb3c19866f7ae0eeeffac7bf770aba5fc0.jpg?1786444398,Crystal,57,0,SCH
Wuruwuru Yaya,19903532,71,62,Asura,Mana,1413,0,c4dcc6326814217e41a2636e5dd8eea3_53f1445a9f28799a32ea55f046319fc3fc0.jpg?1786444999,Crystal,55,5,NIN
Fuki Non,51302585,72,63,Titan,Mana,1413,0,99d46e5dfaf54e3a630e700cbd41968b_e2bb3f9679fec6d4836fcf8abcc3eeacfc0.jpg?1786443257,Crystal,47,0,WHM
Aeritte Ravel,41831914,73,66,Carbuncle,Elemental,1396,0,56a646fd4b2eb086bf8c9d712567e62f_9eb3c19866f7ae0eeeffac7bf770aba5fc0.jpg?1786445917,Crystal,81,0,DRK
Mialu Ebisuki,46975926,74,93,Masamune,Mana,1394,194,1d423fc6e7ae66c277f02b6bd29f5f15_134930215abb8a90ec37d6cc05b05e08fc0.jpg?1786444716,Crystal,33,8,MNK
Fennel Earltea,21886406,75,170,Typhon,Elemental,1392,496,4e8f23f97ca17b02271d5d67829e204d_32d8c9c7cd5f62d62da2d31b6750a680fc0.jpg?1786444133,Crystal,97,13,SCH
Okome Justice,58734775,76,67,Durandal,Gaia,1392,0,3589d26a22faffebd4c39812822aab8a_806ea5b45071d5cd6bf393e38462ee71fc0.jpg?1786446113,Crystal,34,0,WAR
Sana Papa,44925625,77,68,Ramuh,Meteor,1384,0,6a2d4e251458356b738142d6b0653c03_410ddb5a66a2fcacf538bec5ea5d0291fc0.jpg?1786444621,Crystal,40,0,MCH
San Sowa,35604125,78,69,Ridill,Gaia,1379,0,c5fbf3709fd6b4c8fba74f67e0820609_138751880f18161a907d7cf0faa43f07fc0.jpg?1786445028,Crystal,134,7,UNK
Seraki Matsushima,43566777,79,70,Ixion,Mana,1378,0,1e4675de3ee8e4d8e053dede59297104_7126768d768f6c6c7fed3eaee98c3a8afc0.jpg?1786443669,Crystal,23,0,PLD
Beatrice Rosenkreuz,31285042,80,120,Tiamat,Gaia,1377,295,1972bc9fb243d5cb03ad68af2779564d_9f10d335198e90990f3437c5733468e7fc0.jpg?1786444951,Crystal,39,3,BLM
Aries San,12460047,81,71,Tiamat,Gaia,1375,0,00a39e6a3c0cb6e9529ffdf15a10dadb_9f10d335198e90990f3437c5733468e7fc0.jpg?1786443194,Crystal,48,0,FSH
Ruru Rururun,41786182,82,72,Ifrit,Gaia,1374,0,3fd0ff0d0e58f6a761a54eebd33b7bc6_f9f796348bc43067c7242ec4551cde69fc0.jpg?1786445894,Crystal,144,16,UNK
Dee Jack,60388425,83,118,Ifrit,Gaia,1369,284,a2c1d34590941ade3ad6e25cd2926cb5_f9f796348bc43067c7242ec4551cde69fc0.jpg?1786445842,Crystal,86,9,SAM
Shi Syou,5023543,84,103,Atomos,Elemental,1364,193,d930c67636980aa5cc10bd814bdc2dbd_cf768a751b1f5e355c2fd39a9ed91f3ffc0.jpg?1786444362,Crystal,46,8,WAR
Tige Noir,13429005,85,90,Ridill,Gaia,1340,99,92cf71f8edc971b0656a49db62280b09_138751880f18161a907d7cf0faa43f07fc0.jpg?1786445760,Crystal,100,6,DNC
Karma Strife,3816037,86,75,Chocobo,Mana,1325,0,7a25293b17ff84c0c64a519d1fc09720_781d6b3603312f6be41670afa37282e0fc0.jpg?1786445382,Crystal,81,0,PCT
Sakura Nemutai,55109399,87,106,Titan,Mana,1320,220,efa9ef6672998c8a9c860e5e104d6b3e_e2bb3f9679fec6d4836fcf8abcc3eeacfc0.jpg?1786445520,Crystal,102,9,SGE
Erik Bural,20508529,88,76,Hades,Mana,1316,0,2ca5bed0ca0e49f68c7ca14062e0bacc_a4730651230dd43cb129562a30d531aefc0.jpg?1786446137,Crystal,175,15,SGE
Piccolo Saaaaann,23336998,89,77,Asura,Mana,1314,0,efa27fc6ea5fa0a09f429159c3346a0f_53f1445a9f28799a32ea55f046319fc3fc0.jpg?1786445571,Crystal,109,9,NIN
Deisia Touna,31397456,90,78,Mandragora,Meteor,1311,0,f9bdcbbd105a361017ee7dd26bde2ea6_ee738654add55c3d07ea92d8e108074cfc0.jpg?1786444385,Crystal,65,3,WHM
Ichigo Jasmine,57027122,91,223,Shinryu,Meteor,1307,593,17fae3561e1e77d262d93652dbd0bdc4_87b7d447f40b06dfc7228caf195f7dcffc0.jpg?1786445474,Crystal,29,7,SGE
Akki Noc,2298162,92,79,Alexander,Gaia,1305,0,4a145f36c7316e0d32845d32af5e92bd_b7a71d8799cf6dd75b711a7f52de6675fc0.jpg?1786445931,Crystal,62,0,SGE
Nao Fu,41247403,93,80,Shinryu,Meteor,1300,0,cfc231e11fac22b1fb8d9d27cee48586_87b7d447f40b06dfc7228caf195f7dcffc0.jpg?1786444660,Crystal,34,1,AST
Shiman Chu,38475144,94,136,Yojimbo,Meteor,1294,298,4cb93a24c937da83418345140d361e9b_4a92c619bde4f34cfa77e05fef21ad85fc0.jpg?1786444773,Crystal,45,8,SAM
Mily Sara,23911809,95,82,Aegis,Elemental,1293,0,19086b376708852503d1ac9c2b293b8c_3ea38e723c590aabf186367e1eb7e6a1fc0.jpg?1786445462,Crystal,97,0,SGE
Tam Sin,26754914,96,83,Ultima,Gaia,1293,0,4e875947aa4b95d1be857096f32d4ae8_9df1b3cb0da35db33c17ef11ddf12adafc0.jpg?1786444397,Crystal,43,3,SAM
Shinra Arasaka,24734269,97,0,Tiamat,Gaia,1293,99,2d735fa31b5cfcc7eabaae1839d0b731_9f10d335198e90990f3437c5733468e7fc0.jpg?1786444965,Crystal,34,1,DRG
Cey Noqed,56239764,98,84,Anima,Mana,1292,0,05a455503c1b9dc0712f50ad519d9d21_2f698530a28d671d20278c8518c804c9fc0.jpg?1786445351,Crystal,46,0,BLM
Nana Degu,42551273,99,182,Asura,Mana,1292,478,f0ca36e4824faa31992738bb368e803c_53f1445a9f28799a32ea55f046319fc3fc0.jpg?1786444601,Crystal,33,13,DRG
Momo Hito,39797602,100,205,Yojimbo,Meteor,1291,496,8d799e9e2471cc9ce1eb0d9ee9e83ee6_4a92c619bde4f34cfa77e05fef21ad85fc0.jpg?1786444341,Crystal,46,7,DNC
Neku Xyst,23660389,101,0,Ifrit,Gaia,1289,0,fb1f5fe2519e579c50b2b5aa89992706_f9f796348bc43067c7242ec4551cde69fc0.jpg?1786443491,Crystal,41,0,VPR
Gobou Mekara,16295932,102,85,Chocobo,Mana,1288,0,b0b05a15f0e0132f73d76efb146bb255_781d6b3603312f6be41670afa37282e0fc0.jpg?1786446203,Crystal,54,10,NIN
Zwei Kreuz,14516450,103,86,Bahamut,Gaia,1287,0,367ea315b18ce50bb6f34a9ea77f3222_86da943caa70c8694707ab2ff74e68c9fc0.jpg?1786445737,Crystal,26,0,UNK
Lhei Tayun,55776060,104,87,Chocobo,Mana,1286,0,d1e1c509f0fac227ceada972ddb424d4_781d6b3603312f6be41670afa37282e0fc0.jpg?1786445634,Crystal,35,0,BLM
Dodopita Pittan,3558680,105,101,Tiamat,Gaia,1284,100,0c4178029dae08c0fcbe267d46034e76_9f10d335198e90990f3437c5733468e7fc0.jpg?1786443164,Crystal,35,1,SAM
Douglas Ward,32519646,106,145,Asura,Mana,1282,293,5902010d301aa95176126fcdef0dc7c7_53f1445a9f28799a32ea55f046319fc3fc0.jpg?1786443755,Crystal,78,19,RDM
Atsu Bow,47953241,107,117,Mandragora,Meteor,1279,193,a397b9893231105b4549ed9a8721c60a_ee738654add55c3d07ea92d8e108074cfc0.jpg?1786445145,Crystal,104,5,DRG
Hateful Past,26237856,108,89,Asura,Mana,1263,0,ed0c8f5d7b00b4c718fd834e96efdd7e_53f1445a9f28799a32ea55f046319fc3fc0.jpg?1786443549,Crystal,50,0,MCH
Rariboy Xx,4660025,109,119,Garuda,Elemental,1260,177,80b036f210d47467413b630ce1537551_fcb1f5b0249d1069e5bdc66d0796f26afc0.jpg?1786444942,Crystal,45,8,MCH
Hoshino Ai,47933529,110,91,Titan,Mana,1220,0,82bad71f761726aa0a737f36447d9f50_e2bb3f9679fec6d4836fcf8abcc3eeacfc0.jpg?1786445637,Crystal,33,0,MNK
Khelby Trickster,1496735,111,281,Gungnir,Elemental,1210,609,fde8b59fda65550661c58e15a9026a06_8f82f937943b6baf4c565020d5eba0ccfc0.jpg?1786445689,Crystal,49,9,PLD
Odwit Vendisch,42078574,112,92,Aegis,Elemental,1209,0,16b22e919d37aaeda97dfa361cf8659d_3ea38e723c590aabf186367e1eb7e6a1fc0.jpg?1786444222,Crystal,135,13,UNK
Cardinal Shiten,32020696,113,94,Asura,Mana,1199,0,22c6fdca1c107eb07233d098b04cf126_53f1445a9f28799a32ea55f046319fc3fc0.jpg?1786443049,Crystal,92,4,DRK
Yo Na,52935364,114,95,Fenrir,Gaia,1196,0,2517fd5dbad75617e546949761815db9_d384cf5ad7db803f29799f36ebbc3eadfc0.jpg?1786446303,Crystal,54,0,NIN
Nemu Nenemu,58833619,115,96,Anima,Mana,1195,0,4cdac6083f665767750f3c7804d18a24_2f698530a28d671d20278c8518c804c9fc0.jpg?1786444444,Crystal,70,0,RDM
Tamago Crab,1576417,116,98,Chocobo,Mana,1193,0,0bce11216fe6e4e1cecfe7c969a1460f_781d6b3603312f6be41670afa37282e0fc0.jpg?1786444048,Crystal,25,0,SMN
Fall Leaves,22881570,117,203,Masamune,Mana,1192,397,23540a672824a88d3fc727e33d7f3254_134930215abb8a90ec37d6cc05b05e08fc0.jpg?1786446484,Crystal,69,9,NIN
Syake Dog-nyan,1616788,118,146,Bahamut,Gaia,1190,201,39b434160e1c215835c854cb7a564018_86da943caa70c8694707ab2ff74e68c9fc0.jpg?1786444418,Crystal,38,2,WHM
Mitui Aset,29908583,119,99,Zeromus,Meteor,1187,0,03c5c419a0ed40508b02b7656c3bc1e1_c76848359d0b4d2f37aefbb9903ed97bfc0.jpg?1786443623,Crystal,198,0,NIN
Kageto Magatsuki,36052369,120,100,Ultima,Gaia,1187,0,c99eebd98f0729313042324985a6fc9a_9df1b3cb0da35db33c17ef11ddf12adafc0.jpg?1786444039,Crystal,33,0,VPR
Takesiba Musasino,29225556,121,102,Durandal,Gaia,1182,0,5cacf8dd1a9dae9427de92b387913396_806ea5b45071d5cd6bf393e38462ee71fc0.jpg?1786444284,Crystal,105,6,NIN
Wabi Suke,1601102,122,104,Asura,Mana,1129,0,355b0ae1cb512875c96e88afa06d36a7_53f1445a9f28799a32ea55f046319fc3fc0.jpg?1786443449,Crystal,132,5,NIN
Avaron Ninesisters,1584314,123,155,Tiamat,Gaia,1114,201,5c1970240f5e1f80ffabdd3988080f5e_9f10d335198e90990f3437c5733468e7fc0.jpg?1786444901,Crystal,87,12,WHM
Holala Vvn,53437527,124,105,Durandal,Gaia,1105,0,60894d30cd8e7f556c8f877555a9e623_806ea5b45071d5cd6bf393e38462ee71fc0.jpg?1786445241,Crystal,34,8,UNK
Jawa San,3768644,125,196,Titan,Mana,1101,302,6dc7f48778a077c0339870e942a79f2e_e2bb3f9679fec6d4836fcf8abcc3eeacfc0.jpg?1786444142,Crystal,43,8,NIN
Sukoya Mihirogi,42042279,126,132,Anima,Mana,1097,98,58dacb01c0c75e38125f892840beb026_2f698530a28d671d20278c8518c804c9fc0.jpg?1786444298,Crystal,94,14,GNB
Nov Noa,56271994,127,107,Tiamat,Gaia,1097,0,0711a53e252756264a473f2b53d53cad_9f10d335198e90990f3437c5733468e7fc0.jpg?1786446255,Crystal,21,0,NIN
Pokeball Bahamut,42274942,128,108,Valefor,Meteor,1096,0,fdf4bab958d2fbf65e0c07739622a1f7_485f4777c38002871591fb54f27edc65fc0.jpg?1786446011,Crystal,251,25,GNB
He Ro,57048881,129,109,Ultima,Gaia,1096,0,1988e9fc4df817df742388c245715b40_9df1b3cb0da35db33c17ef11ddf12adafc0.jpg?1786443826,Crystal,181,35,UNK
Unchou Kan,1575311,130,110,Aegis,Elemental,1096,0,43eef415e4c92f6ff93b1d4dae6b7ab8_3ea38e723c590aabf186367e1eb7e6a1fc0.jpg?1786443905,Crystal,14,0,GNB
Monica Bryant,34559458,131,111,Garuda,Elemental,1095,0,40cd2c4ca4c17623d5c27dfb19831017_fcb1f5b0249d1069e5bdc66d0796f26afc0.jpg?1786446446,Crystal,173,13,BRD
Katuo Bushi,48894263,132,112,Garuda,Elemental,1095,0,8b92a347d66765b2b2d24c1ad40d5afa_fcb1f5b0249d1069e5bdc66d0796f26afc0.jpg?1786446134,Crystal,89,0,SAM
Yi Xiangfeng,57320880,133,113,Titan,Mana,1095,0,a98e604367a6e3fd017185877e3a9227_e2bb3f9679fec6d4836fcf8abcc3eeacfc0.jpg?1786443307,Crystal,25,0,MNK
Liken Liekun,24806613,134,114,Shinryu,Meteor,1091,0,5aa5d27e0f5d07d19980648d6a9c2ba5_87b7d447f40b06dfc7228caf195f7dcffc0.jpg?1786444173,Crystal,62,9,DRK
Kana Drouv,37418772,135,148,Mandragora,Meteor,1090,101,556bea70c6c70acf776be4041d191d92_ee738654add55c3d07ea92d8e108074cfc0.jpg?1786443789,Crystal,17,1,NIN
Ursula Hackenschmidt,42648090,136,115,Fenrir,Gaia,1089,0,a665d50be7723b1660e54e045bb7a2fe_d384cf5ad7db803f29799f36ebbc3eadfc0.jpg?1786444715,Crystal,16,0,PLD
Chiaki Nanami,43953309,137,116,Titan,Mana,1087,0,82751b490967f6572406e72b39592925_e2bb3f9679fec6d4836fcf8abcc3eeacfc0.jpg?1786445296,Crystal,17,0,BRD
Mundane Mann,42589754,138,121,Asura,Mana,1082,0,605c543ad4053338807ead77553c263b_53f1445a9f28799a32ea55f046319fc3fc0.jpg?1786444614,Crystal,19,0,MNK
Crystalline Conflict,56094564,139,122,Kujata,Elemental,1080,0,dcae5be360cd5ac359780dd998fbbf57_72c48f093f2278ac3243962d3eb6a8d7fc0.jpg?1786444431,Crystal,34,0,UNK
Vir Sanctus,38437893,140,123,Asura,Mana,1079,0,e0afc9c178de541c5ba8a1afafa4bb02_53f1445a9f28799a32ea55f046319fc3fc0.jpg?1786444731,Crystal,31,0,SMN
Yuki Yui,25457703,141,125,Ultima,Gaia,1030,0,53e27d2153b5d4878ef23b1326589ff5_9df1b3cb0da35db33c17ef11ddf12adafc0.jpg?1786444204,Crystal,94,0,PCT
Kamio Hoshi,51915197,142,126,Gungnir,Elemental,1021,0,6b5003e9f40b5f1a448a1ba748afc9e5_8f82f937943b6baf4c565020d5eba0ccfc0.jpg?1786443334,Crystal,144,4,MCH
Notttz Imbrium,50270248,143,127,Titan,Mana,1010,0,58a87ecc9a18820b07646a481a8154a4_e2bb3f9679fec6d4836fcf8abcc3eeacfc0.jpg?1786445351,Crystal,37,0,NIN
Ririca Rica,22451341,144,128,Valefor,Meteor,1008,0,b82d75152d14ebf44db2622ef433b4f4_485f4777c38002871591fb54f27edc65fc0.jpg?1786444782,Crystal,85,1,RPR
Yurugi Koyurugi,29769522,145,129,Belias,Meteor,1008,0,ce65dfc48d522a7a126208d94cdc2852_894c4bd0beab2e2beb44b74f4c4bd206fc0.jpg?1786444410,Crystal,20,0,PLD
Zsika Mu',18898369,146,159,Ridill,Gaia,1006,99,ed7f8569bf4537dfd9f2ea953ad59e8a_138751880f18161a907d7cf0faa43f07fc0.jpg?1786443351,Crystal,30,4,UNK
Iz Levmel,17594950,147,130,Garuda,Elemental,1004,0,9e457ec4068931e92288544db8499aae_fcb1f5b0249d1069e5bdc66d0796f26afc0.jpg?1786444367,Crystal,32,0,SAM
Errer Errant,28706539,148,164,Asura,Mana,1003,100,14833bd371ac70e05cffe6a03634bb61_53f1445a9f28799a32ea55f046319fc3fc0.jpg?1786444536,Crystal,11,1,MCH
Zill Eleutheria,29923965,149,195,Zeromus,Meteor,1001,297,a65d1152cafb72e2a518225f9347a73f_c76848359d0b4d2f37aefbb9903ed97bfc0.jpg?1786443850,Crystal,88,4,SCH
Raiden Thorne,60267443,150,131,Tiamat,Gaia,1001,0,d973da1a88fef8b53bb1c5cad4ee7a1f_9f10d335198e90990f3437c5733468e7fc0.jpg?1786445424,Crystal,33,0,MNK
Tomako Nanakusa,28099035,151,0,Alexander,Gaia,1000,501,33c328cb042802fb4ddc287b21165e26_b7a71d8799cf6dd75b711a7f52de6675fc0.jpg?1786445681,Crystal,68,24,MCH
Mashumaro Tsurugi,50222807,152,133,Durandal,Gaia,999,0,31fd330df465ff1080752e19d6bc9eb7_806ea5b45071d5cd6bf393e38462ee71fc0.jpg?1786445915,Crystal,15,0,MNK
Gelgel Llin,36131481,153,134,Ridill,Gaia,997,0,2a90eea47454447b3ae0d4df4fbfdc5e_138751880f18161a907d7cf0faa43f07fc0.jpg?1786446034,Crystal,45,0,SAM
Bikkuri Donkey,59256942,154,135,Belias,Meteor,997,0,96f62f47670d9d1c85e1a464d6f4da65_894c4bd0beab2e2beb44b74f4c4bd206fc0.jpg?1786443176,Crystal,25,0,PCT
Planet Exploration,30755276,155,137,Ixion,Mana,995,0,b2df099dea56680a53bbc8588e28444f_7126768d768f6c6c7fed3eaee98c3a8afc0.jpg?1786444635,Crystal,49,0,PLD
Kite Free,28865954,156,138,Kujata,Elemental,995,0,b602646591e3d050094503c65590ee4c_72c48f093f2278ac3243962d3eb6a8d7fc0.jpg?1786445210,Crystal,13,0,NIN
Momojiri Kakure,18051279,157,139,Anima,Mana,994,0,17f5cab570f2898b55037a8db7b1c871_2f698530a28d671d20278c8518c804c9fc0.jpg?1786444126,Crystal,48,0,RDM
Momochi Thunder,9048595,158,140,Bahamut,Gaia,994,0,3ce0fcc40e818a0d134a6c043d2c09f5_86da943caa70c8694707ab2ff74e68c9fc0.jpg?1786444437,Crystal,35,0,ALC
Teka Etoile,25627481,159,294,Durandal,Gaia,992,396,20c4e02c3b7c11c6ceb68582c409ceb9_806ea5b45071d5cd6bf393e38462ee71fc0.jpg?1786445341,Crystal,89,4,PLD
Lucy Fortress,40591757,160,141,Yojimbo,Meteor,991,0,6a8471ce8f811950fa73ff799371ba9d_4a92c619bde4f34cfa77e05fef21ad85fc0.jpg?1786445968,Crystal,77,0,UNK
Mar Lenka,41124823,161,142,Titan,Mana,991,0,17ded7cc07efaeffdb7d5035983dc7e4_e2bb3f9679fec6d4836fcf8abcc3eeacfc0.jpg?1786445592,Crystal,51,7,UNK
Lazuli Wing,40955023,162,143,Asura,Mana,991,0,9a25b0d5f7c6a97caeb2e0047aaeded8_53f1445a9f28799a32ea55f046319fc3fc0.jpg?1786444460,Crystal,18,3,UNK
Kaede Felis,33728274,163,243,Typhon,Elemental,990,295,40686a32bf2ab631ff7e7677fc614cb3_32d8c9c7cd5f62d62da2d31b6750a680fc0.jpg?1786445024,Crystal,53,3,DRG
Elu Acknowless,58699844,164,144,Mandragora,Meteor,989,0,60c2649fe79faac79d3e7ac948084121_ee738654add55c3d07ea92d8e108074cfc0.jpg?1786443368,Crystal,157,24,RDM
Hattori Kaze,57332259,165,147,Alexander,Gaia,989,0,2ec48d7f5caadae4f62dc2d1cdc75610_b7a71d8799cf6dd75b711a7f52de6675fc0.jpg?1786445879,Crystal,20,0,UNK
Inu- Pe-,42153397,166,149,Anima,Mana,988,0,40c3101dfff66955ad4d9b06fda6e3a8_2f698530a28d671d20278c8518c804c9fc0.jpg?1786445486,Crystal,51,2,SAM
Zero No'name,24180515,167,150,Titan,Mana,984,0,3f2ec2a99605ed4d05ef0e5bc0f3b8d4_e2bb3f9679fec6d4836fcf8abcc3eeacfc0.jpg?1786445387,Crystal,33,0,PLD
Azuma Seren,26759645,168,151,Pandaemonium,Mana,977,0,a4c01bac3729f4096c6bba2011b6431e_470db1bf2e865f9130531fea40b61ee4fc0.jpg?1786446413,Crystal,48,0,BRD
Rip Rill,726210,169,152,Gungnir,Elemental,923,0,1ed2cf8fd8dc78c1ec061d9bb9c45462_8f82f937943b6baf4c565020d5eba0ccfc0.jpg?1786444657,Crystal,111,5,WHM
Walter Winston,3431710,170,153,Fenrir,Gaia,918,0,bee8390354426d2c1d42d687a0de29d5_d384cf5ad7db803f29799f36ebbc3eadfc0.jpg?1786443073,Crystal,53,0,WAR
Revi Kola,39228750,171,154,Ultima,Gaia,914,0,385da10c7487a4af698c3fe738df5488_9df1b3cb0da35db33c17ef11ddf12adafc0.jpg?1786444483,Crystal,73,0,WAR
Now Tarako,25271680,172,156,Belias,Meteor,909,0,238a3ddced202809c65eaecd03eda2d1_894c4bd0beab2e2beb44b74f4c4bd206fc0.jpg?1786444528,Crystal,39,0,SMN
Seiran Kinu,21860725,173,157,Garuda,Elemental,909,0,9f56e5ce6724c71b09720cc28df7a0dc_fcb1f5b0249d1069e5bdc66d0796f26afc0.jpg?1786443565,Crystal,11,0,PCT
Chisato Laetitia,56099994,174,158,Bahamut,Gaia,908,0,1ba731eb7e63c6a087133132bbb51418_86da943caa70c8694707ab2ff74e68c9fc0.jpg?1786445855,Crystal,45,6,UNK
Suteiki Niku,21443132,175,160,Ixion,Mana,906,0,2f186f805d4bb29abd9458d61593b81a_7126768d768f6c6c7fed3eaee98c3a8afc0.jpg?1786443750,Crystal,100,0,VPR
Lycoris Read,35000546,176,161,Garuda,Elemental,905,0,01b7ec3219b5992bd6418e7f58d96f03_fcb1f5b0249d1069e5bdc66d0796f26afc0.jpg?1786444382,Crystal,99,0,WHM
Ritsu Nikuno,23932877,177,162,Alexander,Gaia,905,0,5ce857706fb6e7f76dd30d1ef38e16f7_b7a71d8799cf6dd75b711a7f52de6675fc0.jpg?1786444169,Crystal,13,0,DRG
Sead Slendisch,27788989,178,236,Asura,Mana,903,202,c9bd1276c77cf644ce955ce68575aa37_53f1445a9f28799a32ea55f046319fc3fc0.jpg?1786444600,Crystal,46,19,SGE
Edward Samo,31678496,179,163,Asura,Mana,903,0,f8a852f1de974337bcb13e843be90dad_53f1445a9f28799a32ea55f046319fc3fc0.jpg?1786443752,Crystal,30,0,VPR
Laru Gucchi,4772544,180,185,Durandal,Gaia,903,98,766e8af080f3aa6e38ee510dee4807b8_806ea5b45071d5cd6bf393e38462ee71fc0.jpg?1786445894,Crystal,16,2,AST
Amaoto Amane,53619927,181,165,Durandal,Gaia,901,0,11fe39a3b3f0f6fd7e6600ee68e590c6_806ea5b45071d5cd6bf393e38462ee71fc0.jpg?1786444299,Crystal,36,0,WHM
White Lycoris,25503606,182,166,Ixion,Mana,900,0,1fd05d6baab5439d2c33292c473844fe_7126768d768f6c6c7fed3eaee98c3a8afc0.jpg?1786443611,Crystal,130,13,DRG
Tatsumi Berserk,19183868,183,167,Ifrit,Gaia,899,0,54a616ddbe0b20dbfc773ec735961a62_f9f796348bc43067c7242ec4551cde69fc0.jpg?1786443557,Crystal,182,14,MCH
Aruku Babyun,7383311,184,168,Unicorn,Meteor,897,0,c2fa4e98c1f4638d053218fa4c127b4c_393eb74047bb90c8d80dea54218430eefc0.jpg?1786444284,Crystal,106,12,NIN
Haine Balantin,25261749,185,169,Ifrit,Gaia,897,0,95d742d2775dc4ae64696462b68ee21f_f9f796348bc43067c7242ec4551cde69fc0.jpg?1786444673,Crystal,87,2,DRK
Super Gal,52139020,186,201,Bahamut,Gaia,896,100,2a20ce1a576737898f3290324b402cd6_86da943caa70c8694707ab2ff74e68c9fc0.jpg?1786443657,Crystal,179,3,RDM
Momikucha Ocojo,51451812,187,204,Ixion,Mana,894,99,52ebf8cad8e1a025e1469ada4534a0f2_7126768d768f6c6c7fed3eaee98c3a8afc0.jpg?1786443101,Crystal,50,1,UNK
Jaeger Lecoultre,12503010,188,171,Carbuncle,Elemental,894,0,18c881fcad647894e4d32c9bf33662e3_9eb3c19866f7ae0eeeffac7bf770aba5fc0.jpg?1786444216,Crystal,10,0,WAR
Cait Sith,1574936,189,172,Tiamat,Gaia,893,0,fc4156170aa1fca8004a80238705e5cf_9f10d335198e90990f3437c5733468e7fc0.jpg?1786443510,Crystal,77,0,SMN
Amani Taru,13062779,190,173,Mandragora,Meteor,892,0,37294ee1ef2528b65e45560a5afed880_ee738654add55c3d07ea92d8e108074cfc0.jpg?1786445254,Crystal,15,0,AST
Elisa Wolframite,18964939,191,174,Hades,Mana,891,0,5582934bb6b94d50874d7d241225aa74_a4730651230dd43cb129562a30d531aefc0.jpg?1786444308,Crystal,76,0,NIN
Ardlan Vorlesh,45102526,192,242,Asura,Mana,890,194,04bfc027079d355fc717e8ec9a4b5f9e_53f1445a9f28799a32ea55f046319fc3fc0.jpg?1786443446,Crystal,34,4,BRD
Rebecca Miyamoto,1030969,193,175,Masamune,Mana,886,0,256a66f24613cb496dae31eb2270d226_134930215abb8a90ec37d6cc05b05e08fc0.jpg?1786443695,Crystal,94,0,MCH
Zero Nox,2468417,194,176,Alexander,Gaia,885,0,d402005d8e26ea9d6b72ff80a5a60b9e_b7a71d8799cf6dd75b711a7f52de6675fc0.jpg?1786444655,Crystal,8,0,SCH
Lupinus Lily,33777966,195,177,Ultima,Gaia,883,0,6f019b443ab48375b1bcc5e5aa0debf9_9df1b3cb0da35db33c17ef11ddf12adafc0.jpg?1786446625,Crystal,42,0,GNB
Ui Thrix,39291749,196,178,Chocobo,Mana,882,0,08b70654c7812f561afc700e0756319a_781d6b3603312f6be41670afa37282e0fc0.jpg?1786444668,Crystal,30,0,AST
Pitty What,32924935,197,179,Durandal,Gaia,880,0,1ca1a6b980542985bc7d7cf818520e1f_806ea5b45071d5cd6bf393e38462ee71fc0.jpg?1786445708,Crystal,41,0,NIN
Korone Yubi,38334943,198,180,Yojimbo,Meteor,873,3,f96e46a75ff8692aefd4bf0841f4e177_4a92c619bde4f34cfa77e05fef21ad85fc0.jpg?1786444964,Crystal,75,5,RDM
Regret Weise,15486920,199,215,Fenrir,Gaia,868,81,13172be4a1ad05d87f2b3a6e43f14d31_d384cf5ad7db803f29799f36ebbc3eadfc0.jpg?1786444523,Crystal,35,10,DRK
Stardust Emilia,25988007,200,181,Hades,Mana,827,0,b805b54635a07b2d9710df33b9a946aa_a4730651230dd43cb129562a30d531aefc0.jpg?1786446108,Crystal,54,0,UNK
Nyaruga Kyuruga,4962287,201,183,Atomos,Elemental,811,0,fb555ad539f0f8689a39c65513b388b2_cf768a751b1f5e355c2fd39a9ed91f3ffc0.jpg?1786443936,Crystal,64,0,BRD
Aslan Miller,42003071,202,186,Ixion,Mana,804,0,091d6880c471f9f4c412b704f952af81_7126768d768f6c6c7fed3eaee98c3a8afc0.jpg?1786446115,Crystal,32,0,WAR
Miru Polo,34988923,203,187,Durandal,Gaia,803,0,59d4898ce75bbcb5a6e6e1bd5a42efa5_806ea5b45071d5cd6bf393e38462ee71fc0.jpg?1786443613,Crystal,38,0,AST
Hakuen Sinonome,10757391,204,188,Asura,Mana,803,0,6660ba18e406e22fbec52d7b8d1ac332_53f1445a9f28799a32ea55f046319fc3fc0.jpg?1786443904,Crystal,11,0,WAR
Flame Lieutenant,27336347,205,189,Carbuncle,Elemental,802,0,d0817be17ae2ce45486a2e26ae5d06d6_9eb3c19866f7ae0eeeffac7bf770aba5fc0.jpg?1786444876,Crystal,54,0,AST
Uta Tubame,12421333,206,190,Zeromus,Meteor,802,0,4c1c1810ab77c61696ca66b0716fd309_c76848359d0b4d2f37aefbb9903ed97bfc0.jpg?1786444722,Crystal,34,0,PCT
Minato Haruka,57459700,207,191,Asura,Mana,802,0,5f7508268722022e26bb9950825f7dea_53f1445a9f28799a32ea55f046319fc3fc0.jpg?1786444289,Crystal,17,0,WAR
Woll Pack,20744019,208,192,Ridill,Gaia,800,0,6c86e91fb15223c9e2f8c16040f1064f_138751880f18161a907d7cf0faa43f07fc0.jpg?1786443411,Crystal,65,0,VPR
Silanah Oh-mana,45502933,209,193,Titan,Mana,800,0,98f79f7d5e45485839d2a83be2a5ec49_e2bb3f9679fec6d4836fcf8abcc3eeacfc0.jpg?1786444049,Crystal,58,0,SCH
Hu Chu,30263341,210,194,Tonberry,Elemental,799,0,1101e6802231a590d6e9cd6d77e6116f_7bb6b1e488f0e4f01c5314d010b60f31fc0.jpg?1786444714,Crystal,112,12,UNK
Mio Youmu,57323733,211,197,Ixion,Mana,799,0,9507babebf0a85031aca059da299a6fa_7126768d768f6c6c7fed3eaee98c3a8afc0.jpg?1786444398,Crystal,22,0,SCH
Evariste Galois,58660135,212,198,Chocobo,Mana,798,0,7f835ad51f7703d8c7d073fc750b8987_781d6b3603312f6be41670afa37282e0fc0.jpg?1786446483,Crystal,65,0,UNK
Yu Haru,31526046,213,199,Hades,Mana,797,0,d1d463d935a459f76da24079cf48b932_a4730651230dd43cb129562a30d531aefc0.jpg?1786443177,Crystal,25,0,UNK
Pero Noir,27109057,214,200,Ultima,Gaia,797,0,889b0b13f93f702d3df91ec97e272102_9df1b3cb0da35db33c17ef11ddf12adafc0.jpg?1786444065,Crystal,16,0,RPR
In Darkness,58974244,215,202,Chocobo,Mana,795,0,d7230442a7c392d7ef8e729a84ab3182_781d6b3603312f6be41670afa37282e0fc0.jpg?1786443972,Crystal,181,32,PLD
Kirad Tia,52085181,216,0,Fenrir,Gaia,794,600,d3f59510dedf1f64397d736361862a6d_d384cf5ad7db803f29799f36ebbc3eadfc0.jpg?1786444994,Crystal,99,23,NIN
Cinzia Castagnone,42223337,217,240,Ultima,Gaia,794,98,f04869081ccf9229ca06746e399b2740_9df1b3cb0da35db33c17ef11ddf12adafc0.jpg?1786443573,Crystal,67,8,AST
Bug Cut,48066025,218,206,Alexander,Gaia,794,0,eb099ae5ed67142ac0888bf755079790_b7a71d8799cf6dd75b711a7f52de6675fc0.jpg?1786444555,Crystal,12,0,BRD
Rev Raven,8795859,219,207,Masamune,Mana,792,0,abddc6e80b0f6cbbb92006b7baab7d97_134930215abb8a90ec37d6cc05b05e08fc0.jpg?1786446163,Crystal,72,0,UNK
Gentleman Vivikazu,387488,220,208,Durandal,Gaia,791,0,13ffee3a79f20a01faf5e0a91bd6c4ac_806ea5b45071d5cd6bf393e38462ee71fc0.jpg?1786443575,Crystal,282,44,MCH
Eke Davis,29845306,221,209,Anima,Mana,791,0,e8727b43f9f5e480ba6cabe0e39a7a4a_2f698530a28d671d20278c8518c804c9fc0.jpg?1786443689,Crystal,91,11,DRG
En Avant,46371551,222,210,Belias,Meteor,791,0,d6c3784f3b06c119ae16dd725e2a2b6e_894c4bd0beab2e2beb44b74f4c4bd206fc0.jpg?1786445907,Crystal,71,12,GNB
Yan Yan,3182501,223,0,Alexander,Gaia,791,292,5cd079575de2bd01f87a188c93738695_b7a71d8799cf6dd75b711a7f52de6675fc0.jpg?1786444771,Crystal,33,8,NIN
Zach Woden,41904788,224,211,Alexander,Gaia,791,0,1c6025b83802002c372d550ea00c4b3f_b7a71d8799cf6dd75b711a7f52de6675fc0.jpg?1786446368,Crystal,25,3,WAR
Borte Dotharl,35505954,225,0,Zeromus,Meteor,790,299,e175f0657f3ded77a0e8fde1c1ceeff2_c76848359d0b4d2f37aefbb9903ed97bfc0.jpg?1786444470,Crystal,106,13,SAM
Gin Osakeman,16794566,226,212,Typhon,Elemental,790,0,bb18420be9e67f66c80e5cf8f2d167e0_32d8c9c7cd5f62d62da2d31b6750a680fc0.jpg?1786444323,Crystal,84,8,BRD
Merlin Emryss,51163079,227,0,Titan,Mana,790,394,6c3a26e8ea52d6775ebbad30debb56a9_e2bb3f9679fec6d4836fcf8abcc3eeacfc0.jpg?1786444402,Crystal,16,10,PLD
Fifilu Filu,47425468,228,213,Shinryu,Meteor,789,0,6b8508e1ab612df9026ac86df5a64bd6_87b7d447f40b06dfc7228caf195f7dcffc0.jpg?1786446273,Crystal,116,8,DRK
Dion Magnus,1559686,229,0,Durandal,Gaia,788,194,91593ad4939f54221e1d28f542192cc4_806ea5b45071d5cd6bf393e38462ee71fc0.jpg?1786444376,Crystal,69,3,DRG
Gogant Gogant,24052697,230,214,Atomos,Elemental,788,0,9b2637d94cc0b341ddad961722026fdf_cf768a751b1f5e355c2fd39a9ed91f3ffc0.jpg?1786444913,Crystal,63,0,PCT
Brie Eilwenys,56321107,231,0,Kujata,Elemental,787,787,0f703ad8635efd214c6e20d8d730abb0_72c48f093f2278ac3243962d3eb6a8d7fc0.jpg?1786443559,Crystal,71,23,MCH
Oriental Art,1070191,232,216,Chocobo,Mana,783,0,d31830cb71830b425529f231f39e776b_781d6b3603312f6be41670afa37282e0fc0.jpg?1786444801,Crystal,183,13,DRG
Lil Latte,55025559,233,217,Anima,Mana,782,0,2d01c7e9c74b9faebdd6d9ece7c9eb4a_2f698530a28d671d20278c8518c804c9fc0.jpg?1786444504,Crystal,120,0,UNK
Umai Okawari,28809423,234,218,Zeromus,Meteor,778,0,603544c81055f8085a950feb781bee2a_c76848359d0b4d2f37aefbb9903ed97bfc0.jpg?1786446542,Crystal,17,0,SCH
Aran Tyler,47478713,235,219,Zeromus,Meteor,769,0,601da8267e6037e1adc37928f1ab982b_c76848359d0b4d2f37aefbb9903ed97bfc0.jpg?1786445758,Crystal,52,5,SAM
Kotatu Mikan,22566283,236,220,Ifrit,Gaia,768,0,89896b33aefae0916b7c6eb21c27641e_f9f796348bc43067c7242ec4551cde69fc0.jpg?1786445164,Crystal,54,0,DRG
Konegai Konegai,3277232,237,221,Masamune,Mana,729,0,3a445dba3d4d2882c60b55a59669971b_134930215abb8a90ec37d6cc05b05e08fc0.jpg?1786443532,Crystal,32,0,MCH
Lucie Blanc,4813641,238,222,Anima,Mana,721,0,9c05760085153887cf9c52f28861be7c_2f698530a28d671d20278c8518c804c9fc0.jpg?1786443276,Crystal,21,0,WAR
Bronze Warrior,33944385,239,224,Alexander,Gaia,711,0,3a8559d847a626b7d8a2760ec13a73b5_b7a71d8799cf6dd75b711a7f52de6675fc0.jpg?1786444398,Crystal,45,0,WAR
Rai Ashley,22492099,240,225,Ridill,Gaia,709,0,657a8b330b76d0887673be1e90642143_138751880f18161a907d7cf0faa43f07fc0.jpg?1786445590,Crystal,110,4,SAM
Oto Fille,23303467,241,0,Alexander,Gaia,708,510,6214b825e1ceaec460e508a95aa8b013_b7a71d8799cf6dd75b711a7f52de6675fc0.jpg?1786443085,Crystal,107,17,BLM
Azunyan Suta,3609752,242,226,Kujata,Elemental,708,0,6eb87d1db5778a022b84283d0be6d5af_72c48f093f2278ac3243962d3eb6a8d7fc0.jpg?1786445293,Crystal,57,0,WAR
Chiaki Gypsophila,3224896,243,227,Anima,Mana,707,2,0c1c9b9742117c64cf36776db0d75c97_2f698530a28d671d20278c8518c804c9fc0.jpg?1786445502,Crystal,17,3,SGE
Endless Summer,36558820,244,0,Tiamat,Gaia,706,203,0079a66433e68b1f473c7487944a4d3d_9f10d335198e90990f3437c5733468e7fc0.jpg?1786446353,Crystal,76,6,PCT
Melvien Granier,15127168,245,228,Mandragora,Meteor,703,0,f8b276b7da694e66d7a8c0e702a77495_ee738654add55c3d07ea92d8e108074cfc0.jpg?1786444578,Crystal,41,0,DRK
Shara Mura,40394634,246,229,Garuda,Elemental,703,0,00ee76cc1f13c8d3891aee16b0a97d91_fcb1f5b0249d1069e5bdc66d0796f26afc0.jpg?1786445209,Crystal,30,0,RDM
Kotori Angel,11433233,247,230,Alexander,Gaia,703,0,249a60efd4f3f03c25a40a0c3c35d33f_b7a71d8799cf6dd75b711a7f52de6675fc0.jpg?1786445674,Crystal,28,0,DRG
Nicole Alto,29493765,248,299,Masamune,Mana,703,107,a2498d373544544a03c04cf423aad336_134930215abb8a90ec37d6cc05b05e08fc0.jpg?1786445582,Crystal,17,7,UNK
Mask M',42359546,249,231,Valefor,Meteor,702,0,66ed292059b674baf55529d85527214c_485f4777c38002871591fb54f27edc65fc0.jpg?1786444382,Crystal,99,0,PLD
Rokka Gallete,23609500,250,232,Kujata,Elemental,702,0,6cb05d39414f85c9977ed746371b9289_72c48f093f2278ac3243962d3eb6a8d7fc0.jpg?1786444950,Crystal,10,0,GNB
Aristel Brown,3214595,251,233,Typhon,Elemental,701,0,edba68904ef1184c5563cdd263603a74_32d8c9c7cd5f62d62da2d31b6750a680fc0.jpg?1786443125,Crystal,200,48,GNB
Shiro Yozora,25997255,252,234,Titan,Mana,701,0,4fb271416b8be97cbd977dc4cd9a7c1b_e2bb3f9679fec6d4836fcf8abcc3eeacfc0.jpg?1786444420,Crystal,50,0,BLM
Shonan Gold,51360481,253,235,Gungnir,Elemental,701,0,106e5f909e34a4cdc6f05735c607687b_8f82f937943b6baf4c565020d5eba0ccfc0.jpg?1786444226,Crystal,39,0,BLM
Coo Yanky,32078480,254,237,Aegis,Elemental,701,0,a8d9117ca1289e0dd2db80714170a84e_3ea38e723c590aabf186367e1eb7e6a1fc0.jpg?1786444067,Crystal,17,0,SAM
Diao Tiandi,56776774,255,0,Ixion,Mana,697,395,d3f8787a245e6cabd6ee8065c6eeefb5_7126768d768f6c6c7fed3eaee98c3a8afc0.jpg?1786443563,Crystal,34,5,SGE
Chokobi Liagnar,21253698,256,238,Bahamut,Gaia,697,0,5c76fed1bbd8e72090d538c4dfcaf96b_86da943caa70c8694707ab2ff74e68c9fc0.jpg?1786444219,Crystal,16,0,NIN
Ame Azarashi,23141823,257,298,Durandal,Gaia,697,101,3169ff74c51973a08f1b5c47026339a9_806ea5b45071d5cd6bf393e38462ee71fc0.jpg?1786444125,Crystal,13,2,GNB
Jios Quartar,3179754,258,239,Tiamat,Gaia,696,0,e4a3c15118c1258c3c33b152cbada545_9f10d335198e90990f3437c5733468e7fc0.jpg?1786443355,Crystal,86,0,MCH
Omnigo Mnigo,49392372,259,241,Shinryu,Meteor,696,0,4ce1cddbe18eb8585879c43e5173c877_87b7d447f40b06dfc7228caf195f7dcffc0.jpg?1786444539,Crystal,41,2,VPR
Patricia Frankene,18106523,260,244,Ultima,Gaia,695,0,c545da9cb222915531dc1fa18623cb41_9df1b3cb0da35db33c17ef11ddf12adafc0.jpg?1786444045,Crystal,43,0,BLM
Yuki Amamiya,31666386,261,245,Asura,Mana,694,0,be0f5c48cd51ee52ae9fb5fbd908b45a_53f1445a9f28799a32ea55f046319fc3fc0.jpg?1786445776,Crystal,90,0,SGE
Hijos D'villa,52510192,262,0,Carbuncle,Elemental,694,493,b77152cceb326aab73825521eb415e7e_9eb3c19866f7ae0eeeffac7bf770aba5fc0.jpg?1786444712,Crystal,89,15,SAM
A'' Leodela,1348434,263,286,Fenrir,Gaia,694,94,e94ac2a12b37ee5b5cbdfec8350d8bb6_d384cf5ad7db803f29799f36ebbc3eadfc0.jpg?1786443675,Crystal,62,3,UNK
Saibi Wasabi,59415917,264,246,Garuda,Elemental,693,0,019ca60037f45abcd6d16fb450204162_fcb1f5b0249d1069e5bdc66d0796f26afc0.jpg?1786446499,Crystal,22,0,MCH
Lon Ron,18022042,265,247,Ixion,Mana,693,0,6f6a04c69339b65f6603faea5df0b1a6_7126768d768f6c6c7fed3eaee98c3a8afc0.jpg?1786446589,Crystal,19,0,MCH
Asth Galleria,5330266,266,248,Pandaemonium,Mana,692,0,69f14cfe9aed20abab40d9c371b581d9_470db1bf2e865f9130531fea40b61ee4fc0.jpg?1786443920,Crystal,52,0,MCH
Zitnn Alexand,10097624,267,249,Belias,Meteor,692,0,9ba803d5e4d6d11746adc55721fd0c6e_894c4bd0beab2e2beb44b74f4c4bd206fc0.jpg?1786443131,Crystal,23,0,SAM
Kur Age,27916663,268,250,Ifrit,Gaia,692,0,b6c15539902ac3615580d0c358a2ce3a_f9f796348bc43067c7242ec4551cde69fc0.jpg?1786445152,Crystal,16,0,RPR
Totoka Toka,40704377,269,251,Chocobo,Mana,691,0,3aafbe2ed09507936a8a2aa2a03e2207_781d6b3603312f6be41670afa37282e0fc0.jpg?1786446517,Crystal,132,1,BLM
Aina The-end,44020286,270,252,Tiamat,Gaia,691,0,5de9f2cc82562b167fe84c1fcb425b92_9f10d335198e90990f3437c5733468e7fc0.jpg?1786444838,Crystal,50,1,PLD
Ruby Rosenquarz,59478807,271,300,Unicorn,Meteor,691,293,57a987191fadc2104cf8686dc7a7d9c9_393eb74047bb90c8d80dea54218430eefc0.jpg?1786444821,Crystal,43,6,UNK
Gaelle Green,6689086,272,253,Durandal,Gaia,691,0,8fd9b0a2971011504ea89c22ce063dd4_806ea5b45071d5cd6bf393e38462ee71fc0.jpg?1786444931,Crystal,29,0,DRK
Wolten Rema,17758406,273,254,Yojimbo,Meteor,691,0,7f56f4547e5e3e1528ebc681d9618464_4a92c619bde4f34cfa77e05fef21ad85fc0.jpg?1786443250,Crystal,27,0,PLD
Kuros Mu,61049213,274,255,Pandaemonium,Mana,691,0,9e807a625f663b98bc3f5699b41c95e5_470db1bf2e865f9130531fea40b61ee4fc0.jpg?1786444556,Crystal,17,0,UNK
Ezorisu Kawaii,51560730,275,0,Titan,Mana,690,293,7675cffdccbd9f4ab08148da1ec78753_e2bb3f9679fec6d4836fcf8abcc3eeacfc0.jpg?1786445595,Crystal,102,24,UNK
Roud Mahu,3355785,276,256,Ixion,Mana,690,0,5ec00ff4b6711e2a189db7843e6ec84a_7126768d768f6c6c7fed3eaee98c3a8afc0.jpg?1786444313,Crystal,28,1,PLD
Crosner Agathe,1685660,277,257,Mandragora,Meteor,689,0,61a52bbd914b0c7f0b9af4110a19e6f0_ee738654add55c3d07ea92d8e108074cfc0.jpg?1786443808,Crystal,177,31,MNK
Shink Twitch,28515950,278,258,Chocobo,Mana,688,0,dbfc9e759a59380a06162fe11769fcc7_781d6b3603312f6be41670afa37282e0fc0.jpg?1786443401,Crystal,273,10,PLD
Mame Poporu,22836070,279,259,Ixion,Mana,686,0,a886d90317b0e4205db7046757e57e53_7126768d768f6c6c7fed3eaee98c3a8afc0.jpg?1786444543,Crystal,26,0,WAR
Rinfia Rint,24291060,280,260,Durandal,Gaia,685,0,a0d48d9035ce8cb65db8d80e6f885428_806ea5b45071d5cd6bf393e38462ee71fc0.jpg?1786443851,Crystal,125,1,WHM
Amarl Malaguld,27652092,281,261,Masamune,Mana,685,0,92f5a8f587b00180a706bf0adc6692cb_134930215abb8a90ec37d6cc05b05e08fc0.jpg?1786444777,Crystal,15,0,PLD
Ga Nadi,61801184,282,262,Titan,Mana,683,0,6d775dc29259442bd6ad12437fe3339b_e2bb3f9679fec6d4836fcf8abcc3eeacfc0.jpg?1786444994,Crystal,126,0,AST
Mister Alpheratz,34950496,283,263,Ixion,Mana,680,0,fdba356c4be03c92ffecec87e607f037_7126768d768f6c6c7fed3eaee98c3a8afc0.jpg?1786445302,Crystal,46,0,PLD
Pekemi Vs,34522615,284,264,Carbuncle,Elemental,679,0,9fa0d9dd5f5841a202fb4f9e517211e7_9eb3c19866f7ae0eeeffac7bf770aba5fc0.jpg?1786444375,Crystal,163,21,PLD
Mirage Viola,18473819,285,265,Belias,Meteor,620,0,afc0d8cb4d58a03698011df8d6137cac_894c4bd0beab2e2beb44b74f4c4bd206fc0.jpg?1786444182,Crystal,141,35,DRK
Mikall Nikall,27338323,286,266,Carbuncle,Elemental,612,0,e60a512b2d60c224cfd9c74b6449dffd_9eb3c19866f7ae0eeeffac7bf770aba5fc0.jpg?1786446267,Crystal,50,0,FSH
Geko Gety,29826106,287,267,Ramuh,Meteor,611,0,69f260926584b3f926dc8135f14fa22a_410ddb5a66a2fcacf538bec5ea5d0291fc0.jpg?1786446560,Crystal,14,0,MNK
Repipi Belchic,18138156,288,268,Garuda,Elemental,609,0,ff031764203bb8392345f0d02074ce7c_fcb1f5b0249d1069e5bdc66d0796f26afc0.jpg?1786445364,Crystal,84,0,SMN
Inari Oinari,33784273,289,269,Ultima,Gaia,608,0,df3ffb012c3d0b69a69801e3be00b23e_9df1b3cb0da35db33c17ef11ddf12adafc0.jpg?1786444238,Crystal,113,2,SCH
Crossford Fujita,54640917,290,270,Ridill,Gaia,607,0,6b6cf4c9612aa405a226b2c93f74e2b6_138751880f18161a907d7cf0faa43f07fc0.jpg?1786446010,Crystal,52,0,UNK
Royce Farrell,16260248,291,271,Tiamat,Gaia,607,0,dc9ad81c6df424c2b17bd56da6b0cc85_9f10d335198e90990f3437c5733468e7fc0.jpg?1786444400,Crystal,43,0,RPR
Amelia Noin,10857008,292,272,Shinryu,Meteor,606,0,e3b9588cb22fca69d27a06b6b3f7f74b_87b7d447f40b06dfc7228caf195f7dcffc0.jpg?1786445299,Crystal,155,10,WAR
Zukasa Yatoh,8768354,293,273,Typhon,Elemental,605,0,4b9242a67c4aa4390facfa8e2028de4b_32d8c9c7cd5f62d62da2d31b6750a680fc0.jpg?1786444507,Crystal,80,25,DRG
Yuuki Swallowtail,32886185,294,274,Kujata,Elemental,604,0,712840b89db68c0862aff570eefb28c6_72c48f093f2278ac3243962d3eb6a8d7fc0.jpg?1786444156,Crystal,54,0,MCH
Hoshikuz Siina,1173407,295,275,Tiamat,Gaia,604,0,f966bf2277aea0b0af7b96dbbca7abc1_9f10d335198e90990f3437c5733468e7fc0.jpg?1786445562,Crystal,28,0,SAM
Nocturne Midnightblue,55368101,296,276,Asura,Mana,604,0,e9f7726a264875c782e0384932dbf161_53f1445a9f28799a32ea55f046319fc3fc0.jpg?1786444179,Crystal,12,0,NIN
Rech Leys,13839764,297,277,Asura,Mana,603,0,7bc422589ea337ab644d4bc829ed74bd_53f1445a9f28799a32ea55f046319fc3fc0.jpg?1786444716,Crystal,117,0,UNK
Noir Eclair,2642862,298,278,Ultima,Gaia,602,0,18e63e62d7219f7b588f8c22739fa1ff_9df1b3cb0da35db33c17ef11ddf12adafc0.jpg?1786443483,Crystal,58,13,DRK
Envy Lua,43034484,299,279,Valefor,Meteor,602,0,e7cd2d55788c0aa6cbc5b71284096360_485f4777c38002871591fb54f27edc65fc0.jpg?1786443116,Crystal,26,0,AST
Teeteena Teena,50846425,300,0,Kujata,Elemental,601,202,cf3af51a3535bb934dc9fab3e2db7e3a_72c48f093f2278ac3243962d3eb6a8d7fc0.jpg?1786443570,Crystal,84,28,DRG
Miyu Moon,14522179,1,0,Mateus,Crystal,2672,0,3562f4cf44aad7d526acbf8fae3937b0_f0c52cc66e124fc2e641d7c21ab2ce79fc0.jpg?1786446268,Omega,59,4,SAM
Azar Kaveh,16748899,2,0,Mateus,Crystal,2584,0,1d25f3d1883510d8fd010504471516b8_f0c52cc66e124fc2e641d7c21ab2ce79fc0.jpg?1786445744,Omega,202,16,VPR
Pekora Meow,37421725,3,0,Leviathan,Primal,2551,90,dc85502f9baa330d5a15d3c0a6f002a0_a91aae52cff9ef65932db06b150ffd47fc0.jpg?1786444396,Omega,164,13,RDM
Legendary Ash,10855248,4,0,Faerie,Aether,2337,0,6fd699132806b61c9dcb8613c3ae11a3_0e336ff6ad415f47233f0aaf127feac0fc0.jpg?1786445843,Omega,72,0,RDM
Sanahi Keto,57330112,5,0,Hyperion,Primal,2175,98,6531a5f5216bf8e7efcdcf26e24615cb_57ae9ee5592123dd79c8912bf768cf99fc0.jpg?1786443056,Omega,116,16,VPR
Barock Obama,52411158,6,0,Siren,Aether,2054,0,05a5459925b46dd9d074e273b24d5d27_58a84e851e55175d22158ca97af58a1ffc0.jpg?1786445592,Omega,174,16,PLD
Azure Balmung,17864089,7,0,Gilgamesh,Aether,1998,0,5456a33c0abb12eab1bf88281486246e_b937560c841465f7c4bc8eb47ea7948afc0.jpg?1786444493,Omega,37,4,RPR
Vittorio Moretti,61421815,8,9,Diabolos,Crystal,1957,78,8c11f65c791a4f39ba7c716aeb6bc8d9_7b33d33ae3ecb996f778a5f67a6a0af6fc0.jpg?1786446049,Omega,110,6,RDM
Meteor Moon,29693876,9,8,Rafflesia,Dynamis,1942,0,7f262df9422aa27c9dd850d004812561_2783886613347a4db0bed7524de1298ffc0.jpg?1786445191,Omega,161,0,SGE
Gongsun Qerel,38059779,10,15,Mateus,Crystal,1892,199,015ef2d1ef8f18b0cf7fa0e646fa2d12_f0c52cc66e124fc2e641d7c21ab2ce79fc0.jpg?1786444944,Omega,90,3,VPR
Terro Beoulve,45682109,11,21,Coeurl,Crystal,1888,303,5c8262e03844a30a89d0d2374247f03c_284358f8eb4efc9095914e46798c6ab3fc0.jpg?1786443264,Omega,69,10,VPR
Tomo Kote,38176817,12,0,Gilgamesh,Aether,1887,96,e5d7502ad7f21874552a4fc21553ee9e_b937560c841465f7c4bc8eb47ea7948afc0.jpg?1786446394,Omega,92,3,RDM
Sylvie Chan,48678953,13,10,Brynhildr,Crystal,1846,0,14580705b6124b25ef19217300b4891f_d0a0f515a62457570c9b44997063e3c1fc0.jpg?1786443397,Omega,119,5,BRD
Suhr Zarek,8876676,14,11,Balmung,Crystal,1806,0,c09e4087ccb76545f31b81fa5ca01485_7a573cbc0cda3a3dfc1795cb3d9f7b23fc0.jpg?1786443134,Omega,146,14,PLD
Size Difference,33536390,15,13,Sargatanas,Aether,1774,0,770b5bd32a40e292765490f8e46eaf60_ba22853447012a24cee115315d6a5bebfc0.jpg?1786443304,Omega,140,0,SMN
Show Maker,61843104,16,14,Kraken,Dynamis,1699,0,a2da8d9d3d95080eac0c8ad1975a70ac_049a956dfeb0eb2e19c417a1dde4d680fc0.jpg?1786443445,Omega,107,0,SMN
Xiao Longbao,31670807,17,28,Excalibur,Primal,1689,193,b9d8562547d5b9d8e86054d9061c6a23_745baffc465480ed372e274d50318290fc0.jpg?1786445100,Omega,46,2,MIN
Marci Meow,54739620,18,16,Balmung,Crystal,1683,0,4ebc98a9ae6cf756ec75bc3db97f87f6_7a573cbc0cda3a3dfc1795cb3d9f7b23fc0.jpg?1786445260,Omega,55,13,DRG
Kris Lhea,39204335,19,17,Mateus,Crystal,1602,0,982639accd39a2021d8f112bb5e763df_f0c52cc66e124fc2e641d7c21ab2ce79fc0.jpg?1786444744,Omega,59,0,BRD
Death Reaps,8773483,20,18,Balmung,Crystal,1598,0,265183f487ab7e0a5a5b3128ec29a82a_7a573cbc0cda3a3dfc1795cb3d9f7b23fc0.jpg?1786443565,Omega,103,2,MNK
Clara Green,44437004,21,33,Gilgamesh,Aether,1590,297,9fdf7ee98ab3c5eb9220a6d31f045135_b937560c841465f7c4bc8eb47ea7948afc0.jpg?1786443243,Omega,83,3,AST
Saraliah Dawnbringer,21371539,22,19,Coeurl,Crystal,1588,0,6cef2d612818607782b7fbc356526664_284358f8eb4efc9095914e46798c6ab3fc0.jpg?1786444168,Omega,39,0,SAM
Sanguinius Smolblood,33489157,23,20,Kraken,Dynamis,1585,0,461663ac9dfac06c5d61bc05d26ae652_049a956dfeb0eb2e19c417a1dde4d680fc0.jpg?1786446261,Omega,71,5,DRK
Mavis Enyo,14769968,24,22,Excalibur,Primal,1578,0,00bced457c7cea8ae968197c61367bed_745baffc465480ed372e274d50318290fc0.jpg?1786445152,Omega,37,0,MCH
Crow Meow,54328117,25,23,Jenova,Aether,1577,0,7eded062751a7f80f7f3d9fbe0ab8e34_ce736afe35e2ded4e46c4fd0659aef7efc0.jpg?1786443905,Omega,33,0,AST
Kairi Rune,28236760,26,38,Hyperion,Primal,1576,388,ce129fc5d83b1472a349e0e1053aee02_57ae9ee5592123dd79c8912bf768cf99fc0.jpg?1786445510,Omega,40,9,RDM
Fye Alanyk,48751064,27,24,Diabolos,Crystal,1575,0,d605d68b88b347dfdb8a9b9e6c3539d6_7b33d33ae3ecb996f778a5f67a6a0af6fc0.jpg?1786443382,Omega,126,2,VPR
Fulheart Grit,38212551,28,25,Balmung,Crystal,1565,0,4a4d99f967c37bf42bd739857921e360_7a573cbc0cda3a3dfc1795cb3d9f7b23fc0.jpg?1786443635,Omega,70,0,PLD
Lucio Harundo,4012099,29,26,Leviathan,Primal,1524,0,d042eff245eaa56c0b6989df68a99564_a91aae52cff9ef65932db06b150ffd47fc0.jpg?1786444162,Omega,175,18,WAR
Jay Vermillion,20310837,30,27,Adamantoise,Aether,1506,0,ae2f157d9c523947744b038a73f77be6_1f5fd239b885860b7c2bfc72ad1d97effc0.jpg?1786444351,Omega,80,3,WHM
Lillian Floresca,58646686,31,29,Diabolos,Crystal,1413,0,4855e798f71f9426ff66aa8bcfc65aed_7b33d33ae3ecb996f778a5f67a6a0af6fc0.jpg?1786444779,Crystal,60,3,UNK
Fortune Days,44283538,32,30,Zalera,Crystal,1395,0,044cf6044387105edf58d48a910b1ae4_8106f857613f8fb994b0be37b26ff4bafc0.jpg?1786443914,Crystal,41,1,AST
Micro Uryade,37487800,33,31,Sargatanas,Aether,1305,0,d9df4db31e4d391c99006db3caa4b5f9_ba22853447012a24cee115315d6a5bebfc0.jpg?1786443351,Crystal,100,13,NIN
Olivia Lugria,15149290,34,32,Sargatanas,Aether,1304,0,c230658574a9dc12a4eb6fae2e16ceb4_ba22853447012a24cee115315d6a5bebfc0.jpg?1786444942,Crystal,197,7,BRD
Kuina Kagetsu,36802695,35,34,Ultros,Primal,1286,0,dd8ffbe11c53ea988c605c9c24157c59_c514cdcdb619439df97d906d4434ccc6fc0.jpg?1786445092,Crystal,73,5,AST
Air Azure,41482862,36,35,Rafflesia,Dynamis,1279,0,a32fc7c37974e2629ce594c455ff54a7_2783886613347a4db0bed7524de1298ffc0.jpg?1786443973,Crystal,56,0,SCH
Rubedo Ginshi,15639088,37,36,Lamia,Primal,1263,0,bbc5b3eb96e1a1691fb9abb344fc3217_4d9be17b5e1edc617052b4dbf4007875fc0.jpg?1786446444,Crystal,70,0,DRK
The Feast,46586541,38,59,Behemoth,Primal,1204,303,db9e7409cc816f51307405b49c8b5713_be20385e18333edb329d4574f364a1f0fc0.jpg?1786445676,Crystal,54,13,UNK
Myu Meow,9691497,39,37,Leviathan,Primal,1201,0,d925a41776719d761c94e8e32e5e7a0f_a91aae52cff9ef65932db06b150ffd47fc0.jpg?1786445119,Crystal,39,0,MIN
Hrothmar Blackburns,28757856,40,39,Adamantoise,Aether,1118,0,ba6405bac0d5b1fb489962984f0d9fb9_1f5fd239b885860b7c2bfc72ad1d97effc0.jpg?1786446439,Crystal,187,4,BLM
Pvp Badboy,38919488,41,40,Sargatanas,Aether,1116,0,8833f678967938d2e79b8d993021ce3f_ba22853447012a24cee115315d6a5bebfc0.jpg?1786444131,Crystal,68,5,NIN
La Bubu,26625120,42,47,Diabolos,Crystal,1108,97,733d34df72366760c6f44581681c9088_7b33d33ae3ecb996f778a5f67a6a0af6fc0.jpg?1786445038,Crystal,30,2,DRG
Deadrise Mutambo,49340180,43,41,Diabolos,Crystal,1101,0,05829ade005fe971a894d48d18963c4f_7b33d33ae3ecb996f778a5f67a6a0af6fc0.jpg?1786445990,Crystal,58,0,DRG
Josh Trigiani,6965228,44,74,Lamia,Primal,1098,395,22f547722b0454bc3b30d7f6a8ac5b0a_4d9be17b5e1edc617052b4dbf4007875fc0.jpg?1786446042,Crystal,37,8,WAR
Merlin Emryss,9605720,45,56,Faerie,Aether,1097,192,87179f28ae17956a4d43567dadf6ea60_0e336ff6ad415f47233f0aaf127feac0fc0.jpg?1786444865,Crystal,93,18,AST
Bisukito Neko,32261082,46,42,Zalera,Crystal,1097,0,3462c7ee2de7556ca86498dc5214a7fb_8106f857613f8fb994b0be37b26ff4bafc0.jpg?1786443348,Crystal,38,0,UNK
Nemx Eisenhorn,2244246,47,43,Excalibur,Primal,1095,0,8d22c9821683049e16868ac1de65df41_745baffc465480ed372e274d50318290fc0.jpg?1786445192,Crystal,19,0,SGE
Aibertain Mando,32541700,48,44,Jenova,Aether,1076,0,8dec967ad48c9a703018a7445740a7f3_ce736afe35e2ded4e46c4fd0659aef7efc0.jpg?1786445075,Crystal,146,0,MCH
Doomballoon Dapingus,19169037,49,45,Diabolos,Crystal,1017,0,e43cef91ca38a14de0e5bea2295ba9c0_7b33d33ae3ecb996f778a5f67a6a0af6fc0.jpg?1786446171,Crystal,54,0,SMN
Momo Meow,50898775,50,46,Siren,Aether,1013,0,6abf63b1f0755aa211bfd1dadc66e3b9_58a84e851e55175d22158ca97af58a1ffc0.jpg?1786445289,Crystal,14,0,AST
Azureal Grandeur,20448737,51,48,Marilith,Dynamis,1002,0,fa989d1d00d58fc1b4171abefb5e22b7_bbfb28d5a9059cd0c768daf77ab29982fc0.jpg?1786446600,Crystal,105,3,BLM
Nero Cor,51685882,52,49,Cactuar,Aether,1001,0,a53a1a6499997a089c36337bcc3ae46d_96ab1df8877c1f8ba6a89a39cccfd437fc0.jpg?1786444550,Crystal,96,4,RDM
F'ool Pr'oof,27802292,53,50,Behemoth,Primal,1001,0,07756f3cccf4cada3f3d40b5d44ef841_be20385e18333edb329d4574f364a1f0fc0.jpg?1786443416,Crystal,70,0,DNC
Kirishoto Azphina,7859003,54,65,Excalibur,Primal,999,202,c9689b4fc4af55f8366432b02c0ce55f_745baffc465480ed372e274d50318290fc0.jpg?1786446439,Crystal,53,11,MCH
Rae Rea,58956664,55,51,Adamantoise,Aether,998,0,72766cccd8c79e6afd3055accfc559fa_1f5fd239b885860b7c2bfc72ad1d97effc0.jpg?1786443180,Crystal,15,0,DNC
Sparrow Hawk,50867063,56,52,Seraph,Dynamis,995,0,1253b18a592d2d3c5133e9b86ab20c5a_07fb0511053f398d1f2d6831e6a6b4c8fc0.jpg?1786445746,Crystal,33,3,DRG
Suhr Zarek,41651606,57,53,Goblin,Crystal,994,0,9a55a7c2b29a7a0b7de33b2fcc5a0411_8e81e2940511f7152ba4462fe53e35b8fc0.jpg?1786444858,Crystal,21,0,MNK
Raiden Meow,60049984,58,54,Halicarnassus,Dynamis,990,0,82a7874a19aee552f4a0f8ff2b663dff_f2d324d722b28bbe681b2898bcdca8bffc0.jpg?1786445423,Crystal,28,0,BRD
Haha Unless,35825889,59,55,Faerie,Aether,908,0,3c249691791cbe0f2fb3ccc230c9a4e4_0e336ff6ad415f47233f0aaf127feac0fc0.jpg?1786445018,Crystal,21,0,RDM
Celesse Archon,5403993,60,57,Midgardsormr,Aether,902,0,46c05696a375eb66cab3503bea79e4e4_5c8ecfbc673e1287a9b5e85423fe1657fc0.jpg?1786443229,Crystal,32,0,AST
No Buts,2234245,61,58,Zalera,Crystal,901,0,0d8b9ae74f55ea0ba374fa7b38b48862_8106f857613f8fb994b0be37b26ff4bafc0.jpg?1786445161,Crystal,64,0,BRD
Yui Fins,46861659,62,89,Adamantoise,Aether,894,294,477904411f28cfd029518422146e02f0_1f5fd239b885860b7c2bfc72ad1d97effc0.jpg?1786443639,Crystal,213,19,PLD
Ice Mage,56719413,63,60,Golem,Dynamis,893,0,20eb207dbce003e2fb1842e0c47aacc7_dd61c3dc259e5c43722e89409499b669fc0.jpg?1786445255,Crystal,62,0,BLM
Aerika Meow,27836279,64,61,Faerie,Aether,891,0,cefa16e18644e0b625a0d52d2df514b9_0e336ff6ad415f47233f0aaf127feac0fc0.jpg?1786445256,Crystal,14,0,DNC
Uki Yo,50106047,65,62,Adamantoise,Aether,879,0,75e9983a4dd07e7e5de0ed1ac11a23fb_1f5fd239b885860b7c2bfc72ad1d97effc0.jpg?1786445927,Crystal,19,0,RPR
Kiitla Hundar,21600585,66,63,Brynhildr,Crystal,821,0,acff83df95bca2189584bd6af72e84ce_d0a0f515a62457570c9b44997063e3c1fc0.jpg?1786446324,Crystal,46,1,UNK
Silanah Sylphrena,45709349,67,64,Faerie,Aether,802,2,353d000e66ebf6b7715ff5998504f784_0e336ff6ad415f47233f0aaf127feac0fc0.jpg?1786443043,Crystal,18,3,AST
Navori Valois,48622291,68,131,Adamantoise,Aether,801,498,4facdc408c9ad771bc52001d3c82fa9f_1f5fd239b885860b7c2bfc72ad1d97effc0.jpg?1786445676,Crystal,45,9,VPR
Raphtalia Solari,8126326,69,90,Adamantoise,Aether,799,199,baeca36f0f50dbb796496ea18e58ee30_1f5fd239b885860b7c2bfc72ad1d97effc0.jpg?1786444242,Crystal,20,4,PLD
Emi Meow,44729199,70,81,Siren,Aether,798,102,39fec9b8eaf71c699797cd15ef87009b_58a84e851e55175d22158ca97af58a1ffc0.jpg?1786446484,Crystal,8,2,BLM
Dandy Lyon,9088850,71,66,Leviathan,Primal,797,0,5e652518b4930ff5cb411a5818760318_a91aae52cff9ef65932db06b150ffd47fc0.jpg?1786444138,Crystal,38,1,NIN
Ahri Meow,42604315,72,67,Leviathan,Primal,794,0,99498e3de5cc49aacddccc855d4ee19d_a91aae52cff9ef65932db06b150ffd47fc0.jpg?1786445498,Crystal,27,10,MNK
Fire Strike,52397705,73,152,Kraken,Dynamis,792,590,b9c1021d4aa2ae66682e7904857161ed_049a956dfeb0eb2e19c417a1dde4d680fc0.jpg?1786446473,Crystal,25,13,RDM
Im Dead,44727021,74,68,Balmung,Crystal,789,0,382bb5e8fe23a4e04750cfd29fa9f46c_7a573cbc0cda3a3dfc1795cb3d9f7b23fc0.jpg?1786443726,Crystal,38,0,MNK
Nanamie Namie,54007603,75,69,Seraph,Dynamis,785,0,0a2ba3a431605dbe05215a75dffd70e7_07fb0511053f398d1f2d6831e6a6b4c8fc0.jpg?1786446479,Crystal,91,0,PLD
Crew Mate,58619876,76,70,Rafflesia,Dynamis,713,0,8fabef2de621b0cab9b478c17a74d44f_2783886613347a4db0bed7524de1298ffc0.jpg?1786443151,Crystal,30,0,UNK
Ellie Titis,36865882,77,71,Midgardsormr,Aether,707,0,71601f63eddfe2db7e4ec2213790102c_5c8ecfbc673e1287a9b5e85423fe1657fc0.jpg?1786445306,Crystal,30,0,NIN
Big Three,47754584,78,72,Zalera,Crystal,705,0,ef1725c11b5e975338a0b9d2fccdabfe_8106f857613f8fb994b0be37b26ff4bafc0.jpg?1786443331,Crystal,46,1,WAR
Gojo San,48764071,79,73,Jenova,Aether,705,0,cfaa3805c7a62fc99a75b9c68da57b17_ce736afe35e2ded4e46c4fd0659aef7efc0.jpg?1786446439,Crystal,8,0,DRK
Noraliza Aubyrn,32094068,80,75,Goblin,Crystal,701,0,8a18cbebe3a2fc2c4bc70809fec01623_8e81e2940511f7152ba4462fe53e35b8fc0.jpg?1786445170,Crystal,63,0,WAR
Gidding Mimid,9835761,81,115,Exodus,Primal,700,302,97296d489ec3afb5d7c65e3c6fa7fc05_0cdf051c93865faa15cbc5cd3d2b69fbfc0.jpg?1786443994,Crystal,100,15,NIN
Kylis Pendragon,36050245,82,76,Balmung,Crystal,699,0,6d0f4e4d3e36c9a4dd7fccd76f9effc3_7a573cbc0cda3a3dfc1795cb3d9f7b23fc0.jpg?1786443397,Crystal,148,21,BTN
Satoshi Itaori,52546108,83,77,Golem,Dynamis,699,0,1ecf4d8479fa0e8c3c4b6fe005108b6d_dd61c3dc259e5c43722e89409499b669fc0.jpg?1786445881,Crystal,25,0,DRG
Seto Mimyho,20943977,84,78,Behemoth,Primal,698,0,e0110a23ddcddf11cb8bf1e895c56d75_be20385e18333edb329d4574f364a1f0fc0.jpg?1786445848,Crystal,39,0,FSH
Zeta Salazar,44375733,85,79,Midgardsormr,Aether,697,0,4be3c205f3892cdbc09e8417ad6dbb68_5c8ecfbc673e1287a9b5e85423fe1657fc0.jpg?1786443871,Crystal,116,3,SAM
Aesa Iys,59631795,86,80,Kraken,Dynamis,696,0,60f73c621a5b6dec56728cc5466268c2_049a956dfeb0eb2e19c417a1dde4d680fc0.jpg?1786445328,Crystal,131,24,UNK
Zypris Allsbane,13616095,87,93,Leviathan,Primal,696,98,8194751bb802fcd9691a7ee558040836_a91aae52cff9ef65932db06b150ffd47fc0.jpg?1786445506,Crystal,44,3,RPR
Kasai Kage,21886030,88,82,Adamantoise,Aether,618,0,6835735c490425c8a49d6889308a3484_1f5fd239b885860b7c2bfc72ad1d97effc0.jpg?1786444474,Crystal,14,0,NIN
Akari Tsuki,46655701,89,83,Adamantoise,Aether,608,0,08f7ffe45c1b134f99ea040b39ee2bdd_1f5fd239b885860b7c2bfc72ad1d97effc0.jpg?1786445196,Crystal,20,3,SMN
Karl Rex,48615049,90,114,Siren,Aether,606,208,a7f2129699ecb71e801871425b8cbc52_58a84e851e55175d22158ca97af58a1ffc0.jpg?1786444194,Crystal,207,7,AST
Hilto Feltre,55076328,91,84,Sargatanas,Aether,605,0,4a850e1dbb7f6f3aeff5b21df6166f3f_ba22853447012a24cee115315d6a5bebfc0.jpg?1786446362,Crystal,45,0,RPR
Tiny Sosig,16648383,92,98,Balmung,Crystal,604,99,47661dc0b135d6c15fadc46a3fa85816_7a573cbc0cda3a3dfc1795cb3d9f7b23fc0.jpg?1786443117,Crystal,117,4,MNK
Ivy Storm,61727582,93,85,Zalera,Crystal,604,0,27a648f77de0ff7a1a44539cbd062203_8106f857613f8fb994b0be37b26ff4bafc0.jpg?1786444487,Crystal,81,0,MCH
Judas Demaio,7957583,94,86,Balmung,Crystal,604,0,802e8b947615ba3fa10ac8d8e4fb1ebf_7a573cbc0cda3a3dfc1795cb3d9f7b23fc0.jpg?1786443302,Crystal,13,2,UNK
Alma Braver,729037,95,87,Goblin,Crystal,602,0,1d50d402d833734bf7f0d1fe6b3af5e8_8e81e2940511f7152ba4462fe53e35b8fc0.jpg?1786443396,Crystal,37,3,WHM
Ham Baga,28276994,96,88,Balmung,Crystal,601,0,80672270fca68b3d3fa2f4c0b220427a_7a573cbc0cda3a3dfc1795cb3d9f7b23fc0.jpg?1786443120,Crystal,15,0,BRD
Baka Bao,48974722,97,273,Gilgamesh,Aether,599,599,ef2247fb5724315ecd96d1ac9c5804b1_b937560c841465f7c4bc8eb47ea7948afc0.jpg?1786444753,Crystal,67,19,MNK
Ash Ymir,58885179,98,91,Goblin,Crystal,599,0,9326f044cdbd54d081c76d88de6310e0_8e81e2940511f7152ba4462fe53e35b8fc0.jpg?1786445212,Crystal,57,0,SMN
Silvy Kaenbyou,45504540,99,92,Goblin,Crystal,598,0,3a856bd5c7e35d95f6afcc57be4321a1_8e81e2940511f7152ba4462fe53e35b8fc0.jpg?1786445177,Crystal,86,8,SCH
Yozen Ballistar,24434537,100,94,Hyperion,Primal,597,0,087acc31d84823e50be37be0af3a3640_57ae9ee5592123dd79c8912bf768cf99fc0.jpg?1786444524,Crystal,5,0,WHM
Phrosticus Maximus,51732834,101,95,Kraken,Dynamis,594,0,36921233b0c05085a501c86bb51f5633_049a956dfeb0eb2e19c417a1dde4d680fc0.jpg?1786444514,Crystal,104,5,NIN
Adrianne Lehman,335503,102,96,Jenova,Aether,591,0,9487d4bc6332e7a22c323a4ee321ffa1_ce736afe35e2ded4e46c4fd0659aef7efc0.jpg?1786444112,Crystal,165,14,BLM
Teysa Montgomery,6201712,103,147,Cactuar,Aether,591,299,eb51f53fb1f2b23ee171b4e92895e9b4_96ab1df8877c1f8ba6a89a39cccfd437fc0.jpg?1786445017,Crystal,78,10,DRG
Ryan Hoshiko,10323495,104,97,Lamia,Primal,591,0,b8f720f05e5314618bc7341f856d075d_4d9be17b5e1edc617052b4dbf4007875fc0.jpg?1786445447,Crystal,38,0,GNB
Shionne Ripley,21758358,105,99,Exodus,Primal,502,0,bb79dff7e2cdc4dfc99c188be01080ba_0cdf051c93865faa15cbc5cd3d2b69fbfc0.jpg?1786444167,Crystal,60,0,DRG
P'roto Idola,35374628,106,100,Brynhildr,Crystal,502,0,a91ad9e8c6c6ddb0905cd9aa6cede8e3_d0a0f515a62457570c9b44997063e3c1fc0.jpg?1786445115,Crystal,38,2,SMN
Rin Denma,33178809,107,101,Gilgamesh,Aether,501,0,6c5bab6678d3c44b6e646bc8726eb9f9_b937560c841465f7c4bc8eb47ea7948afc0.jpg?1786446299,Crystal,5,0,UNK
Banana Skye,48159675,108,136,Faerie,Aether,500,200,37d6f3f177181cc95ef2e697d25b0c85_0e336ff6ad415f47233f0aaf127feac0fc0.jpg?1786444088,Crystal,56,7,WHM
Sarantsatsral Kha,26082962,109,139,Behemoth,Primal,500,201,f8735f190504d139ee16ec1a623371dc_be20385e18333edb329d4574f364a1f0fc0.jpg?1786444325,Crystal,20,3,PLD
Lelouch Masamune,12543299,110,102,Malboro,Crystal,498,0,711457fd66b589fb422ba4640a4826f0_2e97c13fdd593d15d543093f8a37b6f0fc0.jpg?1786443306,Crystal,74,0,SCH
Rin Ruki,59858100,111,262,Exodus,Primal,492,492,7ec8676537a0b3fff644be3f10ee7741_0cdf051c93865faa15cbc5cd3d2b69fbfc0.jpg?1786444072,Crystal,50,9,UNK
High Five,40416979,112,148,Brynhildr,Crystal,492,202,f6eae218fa6037625ae22a8c800d935d_d0a0f515a62457570c9b44997063e3c1fc0.jpg?1786445174,Crystal,16,4,MCH
Anti Luminosity,53824427,113,103,Marilith,Dynamis,490,0,345441c3ea324bf07484e7e6f1031ccc_bbfb28d5a9059cd0c768daf77ab29982fc0.jpg?1786443729,Crystal,90,0,RPR
Finch Curador,30712387,114,104,Leviathan,Primal,487,0,a7767d35320b852f509e7dd68b0151d4_a91aae52cff9ef65932db06b150ffd47fc0.jpg?1786444912,Crystal,10,1,LNC
Nikau Milkdud,30842976,115,105,Lamia,Primal,404,0,2ffee265e9fb9491997d30306dc67cc3_4d9be17b5e1edc617052b4dbf4007875fc0.jpg?1786445500,Crystal,4,0,MNK
Von Columbine,58381347,116,106,Gilgamesh,Aether,401,0,616328e702b2b2e8d452581d53ec9f88_b937560c841465f7c4bc8eb47ea7948afc0.jpg?1786445684,Crystal,57,4,GNB
Vicious Nouzen,42001229,117,107,Jenova,Aether,401,0,94ccc3f4ceffc2356f1ddd47d85ca9f7_ce736afe35e2ded4e46c4fd0659aef7efc0.jpg?1786445854,Crystal,50,0,MNK
Xale Solace,52728205,117,107,Adamantoise,Aether,401,0,5272a5d5dea9738bb4a6638ac3f083d2_1f5fd239b885860b7c2bfc72ad1d97effc0.jpg?1786445925,Crystal,50,0,RDM
Nero K'ten,6155374,119,109,Lamia,Primal,400,0,457604f04300faac0e52a053884e2bb7_4d9be17b5e1edc617052b4dbf4007875fc0.jpg?1786443793,Crystal,53,0,AST
Freelili Baylili,41088797,120,110,Famfrit,Primal,400,0,2fd0edea93f7f1b96bfa59c24d04a2af_fce4949e615393e574f2d57134b31fc1fc0.jpg?1786445001,Crystal,49,1,MCH
Cj Deux,23394493,121,111,Lamia,Primal,399,0,64702aeefa55d2931c531ddadd7964ea_4d9be17b5e1edc617052b4dbf4007875fc0.jpg?1786445942,Crystal,157,7,MCH
Pvp Wintrader,55633250,122,112,Rafflesia,Dynamis,399,0,a95c4512f0f35cf564aac910d19b00e2_2783886613347a4db0bed7524de1298ffc0.jpg?1786445677,Crystal,41,0,BRD
June Buggy,39873640,123,113,Brynhildr,Crystal,399,0,929fb7f3958e6f1fbc9e559d731c0108_d0a0f515a62457570c9b44997063e3c1fc0.jpg?1786446091,Crystal,34,0,SGE
Kaede Obinata,32151196,124,116,Marilith,Dynamis,398,0,460d631b298c83b035fb70ac5669658d_bbfb28d5a9059cd0c768daf77ab29982fc0.jpg?1786446282,Crystal,46,0,NIN
Ava Falafell,7835301,125,117,Cactuar,Aether,398,0,037dd67f6ab82aadfe3e7b3e4973d525_96ab1df8877c1f8ba6a89a39cccfd437fc0.jpg?1786445085,Crystal,32,0,WHM
Roland Montpensier,27408688,126,118,Mateus,Crystal,398,0,f999e29fa2ab10f6ba02338f493e886b_f0c52cc66e124fc2e641d7c21ab2ce79fc0.jpg?1786444856,Crystal,14,0,DRK
Io Isana,33563057,127,134,Coeurl,Crystal,398,97,bb1bccc46bef2876072e2e7fa326fa12_284358f8eb4efc9095914e46798c6ab3fc0.jpg?1786444397,Crystal,8,2,PCT
Mtn Boop,36509633,127,153,Brynhildr,Crystal,398,196,175f521a1de707cbfb345e95df5e588c_d0a0f515a62457570c9b44997063e3c1fc0.jpg?1786446461,Crystal,8,7,VPR
Honey Toast,57307408,129,119,Exodus,Primal,398,0,f4ce05067fa4042fad64931eb5015841_0cdf051c93865faa15cbc5cd3d2b69fbfc0.jpg?1786444117,Crystal,5,0,UNK
Lazy Bear,39566180,130,120,Faerie,Aether,397,0,a07cf0c35d5a78a5a1b9ca16d6f41803_0e336ff6ad415f47233f0aaf127feac0fc0.jpg?1786443901,Crystal,114,11,RDM
Jin Mercer,31096690,131,121,Marilith,Dynamis,396,0,708b770d30658bbff6a84015d913b518_bbfb28d5a9059cd0c768daf77ab29982fc0.jpg?1786446517,Crystal,36,5,DRG
Eyre Stahl,32745572,132,122,Maduin,Dynamis,396,0,0d24cf6e8f53fc59a993fd5e5311d4e0_7ff236346f6151d8a2c08fd0b4a0b806fc0.jpg?1786446029,Crystal,3,0,MNK
Thamiel Blade,11845109,133,123,Malboro,Crystal,393,0,80ba6f7aa26a72c98ebf41b210be27be_2e97c13fdd593d15d543093f8a37b6f0fc0.jpg?1786446335,Crystal,59,0,RDM
Aurora Aura,51466191,134,124,Coeurl,Crystal,392,0,6bf65747d41f881881af0d8d8ee83bb9_284358f8eb4efc9095914e46798c6ab3fc0.jpg?1786444845,Crystal,99,1,WHM
Boulder Beholder,10981587,135,125,Faerie,Aether,310,0,9de7d0362a3a832a7171bfe262bb5d94_0e336ff6ad415f47233f0aaf127feac0fc0.jpg?1786445228,Crystal,6,0,RDM
Shimori Bunihara,50186185,136,0,Kraken,Dynamis,308,308,c7cd2842a29701e0963bf6d156392014_049a956dfeb0eb2e19c417a1dde4d680fc0.jpg?1786446026,Crystal,17,9,PLD
Naeng Myeon,35393894,137,126,Jenova,Aether,305,0,e834ee8ccde5fd99424275ed75278f5b_ce736afe35e2ded4e46c4fd0659aef7efc0.jpg?1786444263,Crystal,32,0,BLM
Larxis Themage,9284703,138,127,Mateus,Crystal,304,0,f1440421e273892659981868cbc99f9b_f0c52cc66e124fc2e641d7c21ab2ce79fc0.jpg?1786444042,Crystal,89,0,WHM
Dank Lollington,37820692,139,128,Exodus,Primal,304,0,2b6faafd9620689cd5e4222c96529aa5_0cdf051c93865faa15cbc5cd3d2b69fbfc0.jpg?1786444096,Crystal,21,0,MNK
Ethan Dumas,2337003,140,129,Zalera,Crystal,303,0,4363afb6aeff95a15293cf3907560f7b_8106f857613f8fb994b0be37b26ff4bafc0.jpg?1786446319,Crystal,88,0,RDM
Noel Bunny,5201676,141,130,Behemoth,Primal,303,0,c7f99603b6e09c43470bbabaed203add_be20385e18333edb329d4574f364a1f0fc0.jpg?1786445003,Crystal,84,0,UNK
Garu Kettle,7054871,142,132,Behemoth,Primal,301,0,e03f1b46663ddb8c150315a88c79c9f1_be20385e18333edb329d4574f364a1f0fc0.jpg?1786444745,Crystal,65,0,UNK
Tarex Youva,34244171,143,133,Behemoth,Primal,301,0,f62a1a6593a19abc7f2ade2191e57159_be20385e18333edb329d4574f364a1f0fc0.jpg?1786445348,Crystal,44,0,DNC
Lolly Pops,11573609,144,135,Leviathan,Primal,300,0,a38b4d4cbcfc624c56b5db6efb627dd2_a91aae52cff9ef65932db06b150ffd47fc0.jpg?1786444362,Crystal,126,0,MCH
Onion Little,37583983,145,137,Zalera,Crystal,300,0,59533d6fd2d0a8b58595bf860ae3f36a_8106f857613f8fb994b0be37b26ff4bafc0.jpg?1786446307,Crystal,13,0,ALC
Novical Astrea,42979170,146,138,Exodus,Primal,299,0,b638930bbe9987be79fa698126728549_0cdf051c93865faa15cbc5cd3d2b69fbfc0.jpg?1786443200,Crystal,65,0,RDM
Cain Molkoh,57323197,147,140,Goblin,Crystal,298,0,889deea7b0b76edd744a2b6fb24a09a1_8e81e2940511f7152ba4462fe53e35b8fc0.jpg?1786445138,Crystal,103,0,AST
Lux Mas,23065843,148,176,Sargatanas,Aether,298,193,88a2ca0abf69b95b8d6893d740e04615_ba22853447012a24cee115315d6a5bebfc0.jpg?1786444706,Crystal,75,8,RDM
Yulia Lunaria,82714,149,141,Coeurl,Crystal,298,0,30d19e29baad4dfe064001a80a4466e1_284358f8eb4efc9095914e46798c6ab3fc0.jpg?1786445775,Crystal,12,3,DRG
Vann Healsing,6572,150,142,Coeurl,Crystal,298,0,e19ce452168669ef7abba0e26cc8ee4c_284358f8eb4efc9095914e46798c6ab3fc0.jpg?1786445114,Crystal,4,0,SGE
Aesa Reign,35916991,151,0,Behemoth,Primal,298,0,41b39fb2112c54e35953a1e9bca43b2b_be20385e18333edb329d4574f364a1f0fc0.jpg?1786446414,Crystal,3,0,BLM
Bigg Succ,14228989,152,143,Coeurl,Crystal,298,0,d833225ff74a6d00fc89b134cc155262_284358f8eb4efc9095914e46798c6ab3fc0.jpg?1786446425,Crystal,2,0,MCH
Reed Diamond,7237831,153,144,Ultros,Primal,297,0,132bb33f336f4f3ae42c3cf9a96a11ad_c514cdcdb619439df97d906d4434ccc6fc0.jpg?1786444571,Crystal,60,1,MNK
Sitri Belladonna,44271644,154,145,Maduin,Dynamis,296,0,d5fba1e5169b57a308fb1ea60e3553cf_7ff236346f6151d8a2c08fd0b4a0b806fc0.jpg?1786445336,Crystal,44,0,RPR
Nika Arwing,12407061,155,146,Behemoth,Primal,294,0,f0ebfd95e843addaab2471d3cb028eb6_be20385e18333edb329d4574f364a1f0fc0.jpg?1786445125,Crystal,8,0,NIN
Marika Mjolnir,38212348,156,181,Malboro,Crystal,292,192,969a50dcb0d9777a00aae149894ab7f5_2e97c13fdd593d15d543093f8a37b6f0fc0.jpg?1786446048,Crystal,179,5,WAR
Minato Maki,53819658,157,149,Excalibur,Primal,204,0,03c1d1dc5b9a30317518ec9a30c301ab_745baffc465480ed372e274d50318290fc0.jpg?1786443439,Crystal,26,0,RDM
No Bee,37102144,158,150,Lamia,Primal,203,0,5c741048df2befeb7f80a2b03bb02aee_4d9be17b5e1edc617052b4dbf4007875fc0.jpg?1786443526,Crystal,35,0,DRG
Denmo Mcstronghuge,1150717,159,151,Excalibur,Primal,202,0,bb33b9be77e28ab26ee6367ad6ba7cac_745baffc465480ed372e274d50318290fc0.jpg?1786446152,Crystal,18,0,BLM
Gracidea Blossom,4573171,160,159,Lamia,Primal,201,1,12afdfb12aebd14365b3149875fee65f_4d9be17b5e1edc617052b4dbf4007875fc0.jpg?1786444702,Crystal,22,6,WHM
Rusheel Vasscus,2314921,161,154,Adamantoise,Aether,201,0,a4248cc27f1d518fee3b2b12da021669_1f5fd239b885860b7c2bfc72ad1d97effc0.jpg?1786443427,Crystal,1,0,MNK
Zolzayaa Noykin,34804380,162,155,Balmung,Crystal,200,0,ff773bbf0388cc8a61ac7c87e78f978f_7a573cbc0cda3a3dfc1795cb3d9f7b23fc0.jpg?1786444855,Crystal,34,0,VPR
Aiberaint Mando,58601227,163,156,Faerie,Aether,200,0,b7621f9e3f9c7a33ce4acd4a392c3a41_0e336ff6ad415f47233f0aaf127feac0fc0.jpg?1786446080,Crystal,33,0,RPR
Mash Buttons,12470854,164,157,Ultros,Primal,200,0,eec5508ec2ce3844fd62caa5b87a24d8_c514cdcdb619439df97d906d4434ccc6fc0.jpg?1786446491,Crystal,26,2,BRD
Nonoha Noha,32959229,165,158,Balmung,Crystal,200,0,d9c4977477ddfaebc0c2204729f692f9_7a573cbc0cda3a3dfc1795cb3d9f7b23fc0.jpg?1786444536,Crystal,22,0,DRK
Joe Biden',48592929,166,160,Seraph,Dynamis,200,0,c06fd69e6b294b74118f1a8ad5727f56_07fb0511053f398d1f2d6831e6a6b4c8fc0.jpg?1786446461,Crystal,2,0,UNK
Giselle Aureillien,29155636,167,161,Coeurl,Crystal,200,0,0864f26f62e17d3942c765f8a16665d2_284358f8eb4efc9095914e46798c6ab3fc0.jpg?1786443345,Crystal,1,0,NIN
Somnidemn Serdorm,37031558,167,161,Goblin,Crystal,200,0,6147ca113912ee7b9ac321313bbf5863_8e81e2940511f7152ba4462fe53e35b8fc0.jpg?1786444858,Crystal,1,0,GNB
Vayce Lilacspark,4565408,169,163,Balmung,Crystal,199,0,e9f3928d81a9f68a9cfae3a6a414feb8_7a573cbc0cda3a3dfc1795cb3d9f7b23fc0.jpg?1786443649,Crystal,132,16,WHM
Hijiri Sagoonja,61517900,170,183,Marilith,Dynamis,199,99,490b8d7e00e9479812f4686618ba59ec_bbfb28d5a9059cd0c768daf77ab29982fc0.jpg?1786446159,Crystal,69,1,SCH
Abel Catallus,20632128,171,238,Hyperion,Primal,199,199,a753917cbe6dc89a0ba41f10003a621d_57ae9ee5592123dd79c8912bf768cf99fc0.jpg?1786444034,Crystal,49,11,SMN
Silah Zetsku,53965328,172,164,Marilith,Dynamis,199,0,d2b4042f092dccb0d381fdc61afe74c3_bbfb28d5a9059cd0c768daf77ab29982fc0.jpg?1786446265,Crystal,30,0,WAR
Orpheus Laine,29851207,173,203,Gilgamesh,Aether,199,99,5939235fbb052c79392d334cce14ca00_b937560c841465f7c4bc8eb47ea7948afc0.jpg?1786445988,Crystal,27,3,WAR
Unagi Box,34773273,174,165,Cuchulainn,Dynamis,199,0,05a513d02b60c767bfb83440ab2d406b_b4a106e4893fd452df0001eaeecf9d7efc0.jpg?1786445938,Crystal,22,0,GNB
Milly Mina,37964161,175,166,Cuchulainn,Dynamis,199,0,f3300c3e28b3c5b4a3767a587341831e_b4a106e4893fd452df0001eaeecf9d7efc0.jpg?1786443659,Crystal,5,0,FSH
Mits Suki,33204212,176,167,Famfrit,Primal,199,0,5bb063598970951b9c8c586bd4f0db1f_fce4949e615393e574f2d57134b31fc1fc0.jpg?1786445767,Crystal,3,0,MCH
Fain Doncel'aram,18921518,177,168,Jenova,Aether,199,0,99d5d58c7b97e260ff83d3d4b87a7103_ce736afe35e2ded4e46c4fd0659aef7efc0.jpg?1786443522,Crystal,2,0,MNK
Lowan Gleview,48863675,178,203,Gilgamesh,Aether,198,98,3ed0770e9633fa9630af57f595f1d68d_b937560c841465f7c4bc8eb47ea7948afc0.jpg?1786443822,Crystal,28,4,NIN
Radanis Luminacht,16920977,179,169,Sargatanas,Aether,198,0,b371d311f8b15d14c5d5b08dda36ab7f_ba22853447012a24cee115315d6a5bebfc0.jpg?1786444936,Crystal,1,0,WAR
Fyoriah Aliapoh,44734635,180,170,Faerie,Aether,197,0,298901c71b421faa4612e0bbd9420820_0e336ff6ad415f47233f0aaf127feac0fc0.jpg?1786446300,Crystal,41,0,NIN
Very Shooooooooooort,49384501,181,171,Hyperion,Primal,197,0,084259a7b0d5cdac112faebe64bac849_57ae9ee5592123dd79c8912bf768cf99fc0.jpg?1786444391,Crystal,33,0,UNK
Mirae Malaguld,50148809,182,0,Famfrit,Primal,197,0,6eb6ea3365a1160e9537ec75ff91463a_fce4949e615393e574f2d57134b31fc1fc0.jpg?1786444105,Crystal,1,0,DRK
Onigiri Bunny,7352884,182,172,Behemoth,Primal,197,0,382f2b7a0b15514c38a6e2d5af3d8014_be20385e18333edb329d4574f364a1f0fc0.jpg?1786443286,Crystal,1,0,UNK
Ailbhe Costa,24483224,184,173,Golem,Dynamis,196,0,d2a07a324d29f192eabbae6adeb2462b_dd61c3dc259e5c43722e89409499b669fc0.jpg?1786443266,Crystal,1,0,UNK
Sensus Meow,3918158,184,173,Gilgamesh,Aether,196,0,c830651186889d4902ef13cefd58a832_b937560c841465f7c4bc8eb47ea7948afc0.jpg?1786445304,Crystal,1,0,DRG
Unit Two,9241194,186,175,Ultros,Primal,195,0,641de9f4edfaf7fe05a95460092c87ef_c514cdcdb619439df97d906d4434ccc6fc0.jpg?1786446187,Crystal,147,0,PLD
Kanae Meow,36806118,187,185,Ultros,Primal,104,4,8969e8a0b518902a3996525f822b4701_c514cdcdb619439df97d906d4434ccc6fc0.jpg?1786445088,Crystal,71,5,WHM
Labrys Roux,31449732,188,177,Ultros,Primal,103,0,b78d649d03beba97a36fa9eebc98afc4_c514cdcdb619439df97d906d4434ccc6fc0.jpg?1786444223,Crystal,30,0,AST
Erik Jormungandr,21053207,189,178,Balmung,Crystal,102,0,d279bad4f9c048ee2cb4310b2dabb453_7a573cbc0cda3a3dfc1795cb3d9f7b23fc0.jpg?1786445929,Crystal,10,0,DRK
Alex Rider,61850079,190,0,Hyperion,Primal,101,101,d221a7b6c00ffa393c988249ed242d9a_57ae9ee5592123dd79c8912bf768cf99fc0.jpg?1786445478,Crystal,62,10,DRG
Rail Ying,33252892,191,179,Famfrit,Primal,100,0,e9ae8b691e418ccccf35ebe11804f497_fce4949e615393e574f2d57134b31fc1fc0.jpg?1786444596,Crystal,249,25,BRD
Scythe Horrorblade,32713598,192,180,Mateus,Crystal,100,0,43c41a5aa8d981f109e6d76f3347bd93_f0c52cc66e124fc2e641d7c21ab2ce79fc0.jpg?1786445360,Crystal,195,15,GNB
Theory Ai,55206021,193,181,Leviathan,Primal,100,0,018be547248466158b1d0f9de4315340_a91aae52cff9ef65932db06b150ffd47fc0.jpg?1786443630,Crystal,179,5,SGE
Cynthia Noir,25307713,194,232,Leviathan,Primal,100,100,5b4f8d78ae6dd18586116fe673617384_a91aae52cff9ef65932db06b150ffd47fc0.jpg?1786443793,Crystal,139,29,BLM
Haley Comet,27668347,195,220,Cactuar,Aether,100,100,2b237658ff580795f602f2f1b6069a76_96ab1df8877c1f8ba6a89a39cccfd437fc0.jpg?1786445657,Crystal,89,7,BRD
Celeste Aeternum,38129090,196,183,Adamantoise,Aether,100,0,76510814c4215ff9bd016e9313ee6e2c_1f5fd239b885860b7c2bfc72ad1d97effc0.jpg?1786444349,Crystal,87,0,SCH
Shum One,31246227,197,0,Midgardsormr,Aether,100,100,6a9ab1154c9d9a712cc039f45837db6d_5c8ecfbc673e1287a9b5e85423fe1657fc0.jpg?1786445683,Crystal,76,23,VPR
Beef Testoserone,31210622,198,186,Lamia,Primal,100,0,8722cb428122ce685cf8b96a844468f3_4d9be17b5e1edc617052b4dbf4007875fc0.jpg?1786443890,Crystal,57,0,DRG
Shinra Tatsuya,8648762,198,190,Gilgamesh,Aether,100,0,7dccb5e520b149afd2b044279fa8694e_b937560c841465f7c4bc8eb47ea7948afc0.jpg?1786445506,Crystal,57,7,MCH
Fritz Wolaritz,44896203,200,187,Balmung,Crystal,100,0,6b6c8d51bbceef62ae7fdc2ac8df1756_7a573cbc0cda3a3dfc1795cb3d9f7b23fc0.jpg?1786444020,Crystal,56,0,SGE
Shiroi Kijo,44769088,200,187,Ultros,Primal,100,0,2bc8c14bed99e41cc16db823a37e5295_c514cdcdb619439df97d906d4434ccc6fc0.jpg?1786446077,Crystal,56,0,SMN
Zaneko Yuneko,61640151,202,189,Goblin,Crystal,100,0,e90101e9d13d827fb83b96932b2de05b_8e81e2940511f7152ba4462fe53e35b8fc0.jpg?1786445561,Crystal,51,0,SCH
Vaal Hazak,26534863,203,191,Zalera,Crystal,100,0,7c44a75a2f3d57a9cd3b86235340939b_8106f857613f8fb994b0be37b26ff4bafc0.jpg?1786446128,Crystal,50,1,WAR
Zerth Voldrin,14915863,204,192,Cactuar,Aether,100,0,81a8fef4d9feb3b13352e547c9dcf7d5_96ab1df8877c1f8ba6a89a39cccfd437fc0.jpg?1786444227,Crystal,48,0,DRK
Elphen Gura,2247953,205,193,Gilgamesh,Aether,100,0,292e135e4f46290be61b4699e8236363_b937560c841465f7c4bc8eb47ea7948afc0.jpg?1786446127,Crystal,45,0,SMN
Cecils Lunas,39054438,206,248,Brynhildr,Crystal,100,100,4f553dbd79cfae0460c3d43b82171d15_d0a0f515a62457570c9b44997063e3c1fc0.jpg?1786444868,Crystal,42,7,SGE
Haru Ymir,52781467,207,227,Coeurl,Crystal,100,100,5b0c97a3958f165ea8d2566964423df5_284358f8eb4efc9095914e46798c6ab3fc0.jpg?1786443953,Crystal,41,4,SMN
Sirkitten Wrath,24932332,208,194,Coeurl,Crystal,100,0,248a1e6798b3538fe783585b1686cadd_284358f8eb4efc9095914e46798c6ab3fc0.jpg?1786444357,Crystal,38,0,MCH
Fenrir Mani,46990212,209,195,Siren,Aether,100,0,9d52f579ab24f21101afab7ee04fd086_58a84e851e55175d22158ca97af58a1ffc0.jpg?1786444921,Crystal,34,0,MNK
Neco-arc Myuri,1364925,210,196,Balmung,Crystal,100,0,45595754292a6e60dac91dc40349a619_7a573cbc0cda3a3dfc1795cb3d9f7b23fc0.jpg?1786446130,Crystal,30,0,UNK
Minome Meisuri,39947262,211,197,Sargatanas,Aether,100,0,ce2ec1dde05d4468145ef246155ea290_ba22853447012a24cee115315d6a5bebfc0.jpg?1786446236,Crystal,29,0,RDM
Brian Ricardo,9364090,212,198,Adamantoise,Aether,100,0,c00688b4ac9b567c1a4de9d648fbbff4_1f5fd239b885860b7c2bfc72ad1d97effc0.jpg?1786444851,Crystal,26,0,SGE
Neo Dymium,33030676,212,198,Seraph,Dynamis,100,0,24be6098cf7acc2de169d92917d3299f_07fb0511053f398d1f2d6831e6a6b4c8fc0.jpg?1786445625,Crystal,26,0,RDM
Peregrine Lofte,21726171,212,198,Leviathan,Primal,100,0,351c30387c9048190075024c6b344ead_a91aae52cff9ef65932db06b150ffd47fc0.jpg?1786443302,Crystal,26,0,DRG
Ciel Sorrel,22647977,215,201,Zalera,Crystal,100,0,4feb2b2835b10561864f50a075fa571c_8106f857613f8fb994b0be37b26ff4bafc0.jpg?1786445133,Crystal,25,0,SGE
Snowsteps Frozenheart,25431273,215,201,Siren,Aether,100,0,3e9412aba214d5dab23b4cdfc8b81294_58a84e851e55175d22158ca97af58a1ffc0.jpg?1786446142,Crystal,25,0,DNC
Sanctified Meiyi,17664808,217,203,Exodus,Primal,100,0,97897e3416901b29df2a39b2d1b02741_0cdf051c93865faa15cbc5cd3d2b69fbfc0.jpg?1786444597,Crystal,24,0,PLD
Jon Jitsu,3287137,218,206,Exodus,Primal,100,0,40995ea7a6a7bd4a2bf41fe663bdcd2a_0cdf051c93865faa15cbc5cd3d2b69fbfc0.jpg?1786445818,Crystal,23,0,RPR
Naomi Hakoma,13697124,219,207,Halicarnassus,Dynamis,100,0,a6732f9cc34509a6761d618186e745fd_f2d324d722b28bbe681b2898bcdca8bffc0.jpg?1786445751,Crystal,22,0,LTW
Rasan Sena,13544028,219,207,Kraken,Dynamis,100,0,70d1ba94bcbeff8a384f1e364b2ee863_049a956dfeb0eb2e19c417a1dde4d680fc0.jpg?1786445395,Crystal,22,0,UNK
Vaeltis Nyght,16404977,221,209,Famfrit,Primal,100,0,0caba4911a7521943ad38550f8faec63_fce4949e615393e574f2d57134b31fc1fc0.jpg?1786446536,Crystal,21,0,FSH
A'kena Themis,30488636,222,210,Cuchulainn,Dynamis,100,0,0dfbdcebc19679eb813e05521b4bc587_b4a106e4893fd452df0001eaeecf9d7efc0.jpg?1786446211,Crystal,19,0,DNC
Tegridy Weed,3469679,223,211,Midgardsormr,Aether,100,0,96f7b1ca58cffc2cdcbb1df90d116807_5c8ecfbc673e1287a9b5e85423fe1657fc0.jpg?1786446042,Crystal,18,0,DRK
Belle Quicksilver,2897739,224,212,Balmung,Crystal,100,0,4f386af86d2c8049f58f4baaeeb4a3a3_7a573cbc0cda3a3dfc1795cb3d9f7b23fc0.jpg?1786443524,Crystal,17,0,UNK
Reina Crowley,19324150,225,213,Malboro,Crystal,100,0,d8624175065ad845c6d16c7f8638cc12_2e97c13fdd593d15d543093f8a37b6f0fc0.jpg?1786443796,Crystal,16,0,UNK
Master Zoknik,48144446,226,214,Balmung,Crystal,100,0,3c54e73f2ad7023aa3b173793f95c070_7a573cbc0cda3a3dfc1795cb3d9f7b23fc0.jpg?1786443253,Crystal,11,0,WAR
Tio Tot,32427648,227,215,Jenova,Aether,100,0,b6b5f99e0b2c9878499873fdbe82cda3_ce736afe35e2ded4e46c4fd0659aef7efc0.jpg?1786443626,Crystal,7,0,DRG
Rachna's Kitten,60414129,228,216,Diabolos,Crystal,100,0,5a2079c26296ecf9252da83453669ee7_7b33d33ae3ecb996f778a5f67a6a0af6fc0.jpg?1786443875,Crystal,4,0,UNK
Akam Mizuna,11803947,229,217,Leviathan,Primal,100,0,8c8c482c7a3d1c6cf89407e6cf103b32_a91aae52cff9ef65932db06b150ffd47fc0.jpg?1786446059,Crystal,3,2,RPR
Haley Autouria,105933,230,218,Coeurl,Crystal,100,0,8e6b9b10fc2e31af21e24fdaae151c61_284358f8eb4efc9095914e46798c6ab3fc0.jpg?1786444353,Crystal,0,0,UNK
Pinky Meow,59213242,230,218,Halicarnassus,Dynamis,100,0,9ac8bffaba88f1f4c7fe1238e6a7dcb0_f2d324d722b28bbe681b2898bcdca8bffc0.jpg?1786446549,Crystal,0,0,UNK
Yuki Yozora,32275648,232,221,Faerie,Aether,0,0,bed164ee9535c02b6ea7cc8b5000c845_0e336ff6ad415f47233f0aaf127feac0fc0.jpg?1786446072,Diamond,76,1,WAR
Dread Ross,4916315,233,222,Exodus,Primal,0,0,dafd63f0b3ce97e8283a4d153f0acd06_0cdf051c93865faa15cbc5cd3d2b69fbfc0.jpg?1786443798,Diamond,61,0,WAR
Bam Pepo,22678638,234,223,Adamantoise,Aether,0,0,8533b0fce359fe75fd8f831869cf110d_1f5fd239b885860b7c2bfc72ad1d97effc0.jpg?1786443610,Diamond,57,0,DRG
Tc Sola,43984930,234,224,Zalera,Crystal,0,0,1bde011c1056c258b5456fb7d0f6283f_8106f857613f8fb994b0be37b26ff4bafc0.jpg?1786444287,Diamond,57,9,RDM
Levy Scarlett,35085988,236,224,Coeurl,Crystal,0,0,74fe88584bdffbcc051a81a168ff958f_284358f8eb4efc9095914e46798c6ab3fc0.jpg?1786444260,Diamond,49,1,SAM
Skyanar Tyrunas,42486942,237,226,Siren,Aether,0,0,ba17697df023a58dbdba8be74f3894f2_58a84e851e55175d22158ca97af58a1ffc0.jpg?1786445124,Diamond,48,9,MCH
Johnny Rotten,60584717,238,228,Balmung,Crystal,0,0,16dd0eb6be877814ca22fed24fe6191d_7a573cbc0cda3a3dfc1795cb3d9f7b23fc0.jpg?1786443222,Diamond,35,0,SMN
Aster Minyu,54375843,239,229,Lamia,Primal,0,0,380928b9020a6bb0bcfa44d88b6df112_4d9be17b5e1edc617052b4dbf4007875fc0.jpg?1786443476,Diamond,30,0,RDM
Neo Zee',28714097,240,230,Balmung,Crystal,0,0,ecd9a08521dcc0c1872ac990f3a534b9_7a573cbc0cda3a3dfc1795cb3d9f7b23fc0.jpg?1786445595,Diamond,29,0,BRD
Erdrick Than'talas,35169837,241,231,Behemoth,Primal,0,0,bcdde4e2fbfba10f901006ffbc7723cc_be20385e18333edb329d4574f364a1f0fc0.jpg?1786445649,Diamond,157,9,PLD
Pu'erh Da'yeh,32091528,242,233,Cactuar,Aether,0,0,5e7e03f636b640c83b460f61eed7ed35_96ab1df8877c1f8ba6a89a39cccfd437fc0.jpg?1786443526,Diamond,105,4,WHM
Kayin Fenrir,3137688,243,234,Faerie,Aether,0,0,a8e94b088cd60ef0124b965aedec3772_0e336ff6ad415f47233f0aaf127feac0fc0.jpg?1786445062,Diamond,80,0,MNK
Zithiel Bihrul,44613484,244,235,Faerie,Aether,0,0,4abc29f0f384c794c1f6c7e7e60b8ed8_0e336ff6ad415f47233f0aaf127feac0fc0.jpg?1786445891,Diamond,73,3,BRD
Fitzwilliam Darcy,1762059,245,236,Ultros,Primal,0,0,cc022b0932ebd420f837539b13158866_c514cdcdb619439df97d906d4434ccc6fc0.jpg?1786444218,Diamond,57,0,RDM
M' Twelve,36885704,246,237,Halicarnassus,Dynamis,0,0,0f10ff80520b725264b0aed8ac62d609_f2d324d722b28bbe681b2898bcdca8bffc0.jpg?1786444064,Diamond,51,4,UNK
Lyra Evelyn,52292388,247,0,Lamia,Primal,0,0,297469abea049ff5cfb98af6fe45176f_4d9be17b5e1edc617052b4dbf4007875fc0.jpg?1786445196,Diamond,47,0,PCT
Eroison Chren,42575447,248,239,Ultros,Primal,0,0,d66c862181da18eea3335d6667510dc6_c514cdcdb619439df97d906d4434ccc6fc0.jpg?1786444697,Diamond,33,0,SAM
So What,33785359,249,240,Ultros,Primal,0,0,b0f894a94041f0bd4b241723ce815801_c514cdcdb619439df97d906d4434ccc6fc0.jpg?1786443791,Diamond,22,2,RDM
Aavlen Zo,32887243,250,241,Brynhildr,Crystal,0,0,2a3e3ea4d262cfdf8a2ee034b379b099_d0a0f515a62457570c9b44997063e3c1fc0.jpg?1786445672,Diamond,17,0,WAR
Pravik Rhati,30628415,251,242,Zalera,Crystal,0,0,6f338ced5bbbd90812f4a17468f53684_8106f857613f8fb994b0be37b26ff4bafc0.jpg?1786444847,Diamond,155,11,DRK
Draiser Montblanc,32398472,252,243,Lamia,Primal,0,0,7815697ae034669b4e9620865400c384_4d9be17b5e1edc617052b4dbf4007875fc0.jpg?1786446008,Diamond,77,11,SMN
Savard Qerel,20600432,253,244,Diabolos,Crystal,0,0,db0af86bd2eb90f70c42b9e65658aff2_7b33d33ae3ecb996f778a5f67a6a0af6fc0.jpg?1786445778,Diamond,72,8,WAR
Jasper Leclaire,2908362,254,300,Maduin,Dynamis,0,0,f40ea9e3404cbab02b92f9bc1d80cdcd_7ff236346f6151d8a2c08fd0b4a0b806fc0.jpg?1786444153,Diamond,63,16,BRD
Stephanie Dolla,28812314,255,245,Zalera,Crystal,0,0,d9051d9ee54d0e9f8178549cfed7d8cf_8106f857613f8fb994b0be37b26ff4bafc0.jpg?1786443455,Diamond,52,0,SMN
Snow Villiers,4012879,256,246,Exodus,Primal,0,0,f7bcd8d10229610a06160664e0fe796c_0cdf051c93865faa15cbc5cd3d2b69fbfc0.jpg?1786444213,Diamond,44,0,SCH
Riki Gandrake,1558233,257,247,Balmung,Crystal,0,0,442f4df63f0df0c75d240ab042e3fcdb_7a573cbc0cda3a3dfc1795cb3d9f7b23fc0.jpg?1786445084,Diamond,38,0,BRD
Lumiel Alstreim,6929457,258,249,Balmung,Crystal,0,0,6004c4e57250b544ed36bf6b310e878a_7a573cbc0cda3a3dfc1795cb3d9f7b23fc0.jpg?1786444136,Diamond,34,0,AST
Deep-fried Shrimp,39013955,259,250,Halicarnassus,Dynamis,0,0,8c854c8dde07c11059f113329f369709_f2d324d722b28bbe681b2898bcdca8bffc0.jpg?1786443512,Diamond,135,12,MCH
June Freyja,10894711,260,251,Brynhildr,Crystal,0,0,a53a85398b567470f54962e592f2684d_d0a0f515a62457570c9b44997063e3c1fc0.jpg?1786445825,Diamond,95,7,MCH
John Darksouls,32702843,261,252,Adamantoise,Aether,0,0,f1fbda91f49b5975e8a2cb80a74e40ad_1f5fd239b885860b7c2bfc72ad1d97effc0.jpg?1786444943,Diamond,57,0,PLD
Nixacu Murubra,24114126,262,253,Lamia,Primal,0,0,68206034a86cf63bd8aecd714ae17955_4d9be17b5e1edc617052b4dbf4007875fc0.jpg?1786445550,Diamond,55,0,RDM
Gidson Brand,28304013,263,266,Goblin,Crystal,0,0,876c2dd63c77339205c6fe96b4bd3d82_8e81e2940511f7152ba4462fe53e35b8fc0.jpg?1786445578,Diamond,30,9,WAR
Cleo Kaisuri,49507760,264,254,Hyperion,Primal,0,0,b3c346a088e9876c531a3dcecd6b78db_57ae9ee5592123dd79c8912bf768cf99fc0.jpg?1786444093,Diamond,26,0,BRD
Ajisai Sorano,7779796,265,255,Lamia,Primal,0,0,742c314aec62f1bf6c7c525c9cd64e78_4d9be17b5e1edc617052b4dbf4007875fc0.jpg?1786444253,Diamond,11,0,RDM
First Name,39082032,266,256,Gilgamesh,Aether,0,0,f61b7a515f332494dbc997024a22504d_b937560c841465f7c4bc8eb47ea7948afc0.jpg?1786446116,Diamond,141,0,UNK
Shoujo Hime,18340055,267,281,Leviathan,Primal,0,0,c341075038058a45ef549f7bac1b9d25_a91aae52cff9ef65932db06b150ffd47fc0.jpg?1786445149,Diamond,112,15,AST
Saria Desolita,7318698,268,257,Exodus,Primal,0,0,b9d47f2d43e0c5bf6c608abae563f12e_0cdf051c93865faa15cbc5cd3d2b69fbfc0.jpg?1786445355,Diamond,95,10,AST
Claire Lamont,974282,269,258,Hyperion,Primal,0,0,4522bd271ee8879920f36521c2512945_57ae9ee5592123dd79c8912bf768cf99fc0.jpg?1786445881,Diamond,84,0,DRG
Dewdrop Ex'nivis,42142474,270,272,Coeurl,Crystal,0,0,4d866401d0e56d8747b77e186b624f24_284358f8eb4efc9095914e46798c6ab3fc0.jpg?1786446040,Diamond,66,4,MCH
Chronochaos Asura,1230012,271,259,Excalibur,Primal,0,0,16f01a0a9404158e87254af5dbe09328_745baffc465480ed372e274d50318290fc0.jpg?1786445754,Diamond,63,0,SGE
Mika Makura,43900321,272,260,Sargatanas,Aether,0,0,08bc6e0e70d7337801784f174c698620_ba22853447012a24cee115315d6a5bebfc0.jpg?1786445790,Diamond,43,0,NIN
Shiba Kotohime,43864312,272,260,Balmung,Crystal,0,0,03f0a4821e97ef1e04b4bc44363c30e3_7a573cbc0cda3a3dfc1795cb3d9f7b23fc0.jpg?1786446069,Diamond,43,0,UNK
Null Scapes,59976938,274,263,Midgardsormr,Aether,0,0,15e6a7125c017437361f0bcc34cb84af_5c8ecfbc673e1287a9b5e85423fe1657fc0.jpg?1786443967,Diamond,38,0,DRK
Mori Sumire,22629786,275,264,Zalera,Crystal,0,0,9d1372da41637e0a1cee75add0cdab3e_8106f857613f8fb994b0be37b26ff4bafc0.jpg?1786445222,Diamond,32,0,UNK
Nha-uwu John,47196895,276,265,Ultros,Primal,0,0,c74c6ed5858d763368f6267a128abb62_c514cdcdb619439df97d906d4434ccc6fc0.jpg?1786443982,Diamond,22,0,MCH
Misdes Lightborn,15985822,277,0,Excalibur,Primal,0,0,b5a720db92fc3ecb59bb12c0885b2648_745baffc465480ed372e274d50318290fc0.jpg?1786445325,Diamond,18,9,SGE
Mocha Sun,31799604,278,267,Coeurl,Crystal,0,0,3929588579c8d6631b5fe6a13edbb3dd_284358f8eb4efc9095914e46798c6ab3fc0.jpg?1786444580,Diamond,15,0,FSH
Caelestis Miserere,27413401,279,280,Gilgamesh,Aether,0,0,6648878dcffafd1735712db597d195f2_b937560c841465f7c4bc8eb47ea7948afc0.jpg?1786443390,Diamond,13,2,SCH
Madelynn Winterbliss,59174631,279,268,Lamia,Primal,0,0,99dacb207c1f7b71a22617fb8b8ca195_4d9be17b5e1edc617052b4dbf4007875fc0.jpg?1786443603,Diamond,13,0,RDM
Oni Akuma,7300790,281,269,Gilgamesh,Aether,0,0,e8e098720e245711114b4614110261b5_b937560c841465f7c4bc8eb47ea7948afc0.jpg?1786443984,Diamond,101,6,MNK
Lasaire Noluix,50446213,282,270,Kraken,Dynamis,0,0,150df0a9f35922b09ef77041463c8c88_049a956dfeb0eb2e19c417a1dde4d680fc0.jpg?1786444242,Diamond,91,2,VPR
V'linh Tia,35736983,283,271,Hyperion,Primal,0,0,760e31f96b4d3b3534fcdc43c9564fab_57ae9ee5592123dd79c8912bf768cf99fc0.jpg?1786445441,Diamond,74,0,SCH
Zan Getsu,1734370,284,0,Midgardsormr,Aether,0,0,1a3f73f80346df104177ddc2a3f7596b_5c8ecfbc673e1287a9b5e85423fe1657fc0.jpg?1786443611,Diamond,42,4,MNK
Horan Lou,38248988,285,0,Brynhildr,Crystal,0,0,3c88d2c3502bacefa5eb1e223a75217b_d0a0f515a62457570c9b44997063e3c1fc0.jpg?1786444536,Diamond,38,0,RDM
Asera Albright,24908256,286,274,Siren,Aether,0,0,288dc7742b9eb8ec890c2b164e884a7b_58a84e851e55175d22158ca97af58a1ffc0.jpg?1786445422,Diamond,32,0,SGE
Sabe Kryze,21508368,287,0,Coeurl,Crystal,0,0,a0a944e1f5230b8ce9389d528bf274af_284358f8eb4efc9095914e46798c6ab3fc0.jpg?1786445599,Diamond,31,4,WHM
Isabeau Yuki,56519813,288,275,Balmung,Crystal,0,0,f89033dd8180df3efc68a5b0f142cf25_7a573cbc0cda3a3dfc1795cb3d9f7b23fc0.jpg?1786444467,Diamond,24,0,SMN
Maz Hana,57951142,288,277,Brynhildr,Crystal,0,0,e287bc66dce0e20c44d2437e0ed71b93_d0a0f515a62457570c9b44997063e3c1fc0.jpg?1786445200,Diamond,24,2,UNK
Jenova Catgirl,56356925,290,276,Balmung,Crystal,0,0,fdd023d68fd7a60dd9109a3f33c74fb1_7a573cbc0cda3a3dfc1795cb3d9f7b23fc0.jpg?1786444072,Diamond,23,0,PCT
Eris Valens,29017252,291,278,Ultros,Primal,0,0,843039b57a19bafbdba3c5235b6bb73b_c514cdcdb619439df97d906d4434ccc6fc0.jpg?1786443137,Diamond,16,0,BRD
Na In,32505635,291,278,Goblin,Crystal,0,0,6ad54caac94f2e89fe9d5acd94c2c145_8e81e2940511f7152ba4462fe53e35b8fc0.jpg?1786445810,Diamond,16,0,MNK
Severa Dusk,13863840,293,0,Jenova,Aether,0,0,ef7af6415e3d4ca938b715c7f955ae8b_ce736afe35e2ded4e46c4fd0659aef7efc0.jpg?1786443736,Diamond,6,0,RDM
Airi Aogane,46241895,294,0,Sargatanas,Aether,0,0,11367baad718b56f9682513d9430146d_ba22853447012a24cee115315d6a5bebfc0.jpg?1786443097,Diamond,93,5,SGE
Saber Moon,21231710,295,282,Hyperion,Primal,0,0,f476acb444c0e146dd44d5351357e426_57ae9ee5592123dd79c8912bf768cf99fc0.jpg?1786445558,Diamond,83,0,SGE
Kahram Ramses,38869479,296,283,Sargatanas,Aether,0,0,e0151847f1fbf8f013cad87949b4272c_ba22853447012a24cee115315d6a5bebfc0.jpg?1786443260,Diamond,78,0,VPR
Nana Shirogane,27492589,297,284,Lamia,Primal,0,0,3cda69c8242e3525a60690e884546ccd_4d9be17b5e1edc617052b4dbf4007875fc0.jpg?1786444448,Diamond,75,1,UNK
Mutilated Remains,15274725,298,285,Adamantoise,Aether,0,0,8f629073b22cd80f608068b9cfd406f3_1f5fd239b885860b7c2bfc72ad1d97effc0.jpg?1786444321,Diamond,48,0,DRG
Shoji Takamura,61762635,298,285,Jenova,Aether,0,0,d5049e0803da1f5700919b28fc756498_ce736afe35e2ded4e46c4fd0659aef7efc0.jpg?1786444933,Diamond,48,0,DRG
Amelia Snowy,57212337,300,287,Sargatanas,Aether,0,0,3201ddb4acea86a57af9b79aaa1252d9_ba22853447012a24cee115315d6a5bebfc0.jpg?1786443724,Diamond,34,0,BRD
Ash Kitamura,26629771,1,0,Ravana,Materia,0,0,33c0c99f7649a707ea0e8e4da0340efb_2f53b2675d3eea360f0b48d74d30af15fc0.jpg?1786443270,Diamond,81,0,AST
Enrei Mihata,49665542,2,0,Ravana,Materia,0,0,9df67e19d234830f2d797bb6efbad836_2f53b2675d3eea360f0b48d74d30af15fc0.jpg?1786444767,Diamond,37,0,DRG
Fatahh Wizardcat,60429758,3,0,Zurvan,Materia,0,0,0a04508a6feea55f3b4227e7d574212a_1fa3a1b3845481a1b67b46854a3cc49afc0.jpg?1786445825,Platinum,52,0,BLM
Queue Up,44283543,4,0,Ravana,Materia,0,0,341e0565d728c5334b58960edfc1c897_2f53b2675d3eea360f0b48d74d30af15fc0.jpg?1786443318,Platinum,42,0,PLD
Shiki Hime,41619079,5,0,Sophia,Materia,0,0,e0f33871fdd9bcb0012cace0f140b504_ba15a18cd3a8fb567e39053022515eb6fc0.jpg?1786445723,Platinum,39,0,MNK
Sora Teppelin,7487042,6,0,Sophia,Materia,0,0,3d849e783499c238b2f4d439e3a8c2a7_ba15a18cd3a8fb567e39053022515eb6fc0.jpg?1786445744,Platinum,35,0,VPR
Shiny Jirachi,51220221,7,0,Sophia,Materia,0,0,f1b04aa626472a08642b4f93d911f87c_ba15a18cd3a8fb567e39053022515eb6fc0.jpg?1786445400,Platinum,11,0,SAM
Raiosu Eucliffe,45249258,8,0,Ravana,Materia,0,0,a21442f92d53ab89cab416d41fe9132d_2f53b2675d3eea360f0b48d74d30af15fc0.jpg?1786445957,Platinum,53,0,BRD
Nyanyanyanya Nyanyan,48648775,9,0,Ravana,Materia,0,0,ec08e9f45b8d4335b412f3e39f4458e2_2f53b2675d3eea360f0b48d74d30af15fc0.jpg?1786444836,Platinum,29,0,WHM
Ku Ku,58267971,10,0,Sophia,Materia,0,0,77db43d75ac5ffe3d585318a47534ab9_ba15a18cd3a8fb567e39053022515eb6fc0.jpg?1786446597,Platinum,52,0,BRD
Master Zoknik,61010055,11,0,Zurvan,Materia,0,0,bfa135b89b0fb27fe708b3a427bd667f_1fa3a1b3845481a1b67b46854a3cc49afc0.jpg?1786445570,Platinum,88,0,SMN
Jiraiya Sannin,47974804,12,0,Ravana,Materia,0,0,6a5cc312529bc78b7d0bbbf5f41983af_2f53b2675d3eea360f0b48d74d30af15fc0.jpg?1786443358,Platinum,45,0,WAR
Esperance Lightbound,16103781,13,0,Ravana,Materia,0,0,0d3ff648d49892a8fc3bd67490985032_2f53b2675d3eea360f0b48d74d30af15fc0.jpg?1786443056,Platinum,40,0,SGE
Syth Isi,14766898,14,0,Sephirot,Materia,0,0,4eef23c58ccbdfd054240b7a6afee3df_30a5f9eadea6e0cb684a5265362d0d59fc0.jpg?1786446241,Platinum,31,0,AST
Lil Wu,39781651,15,0,Ravana,Materia,0,0,883868199332c12050d61887025475bc_2f53b2675d3eea360f0b48d74d30af15fc0.jpg?1786443081,Platinum,38,0,SGE
Monkey Rat,28956529,16,0,Zurvan,Materia,0,0,bd13db4ebaa363278dd269b5941ae816_1fa3a1b3845481a1b67b46854a3cc49afc0.jpg?1786445294,Platinum,75,0,GNB
Unshao Theruun,36386941,17,0,Sephirot,Materia,0,0,ec8f93abdc73eddcd17e0450db1cb572_30a5f9eadea6e0cb684a5265362d0d59fc0.jpg?1786445990,Platinum,28,0,WAR
Aleksei Veldoch,39931654,18,0,Ravana,Materia,0,0,ef0923b785702de5a588b383a0d1bcea_2f53b2675d3eea360f0b48d74d30af15fc0.jpg?1786446096,Platinum,47,0,RPR
Noelle Frost,59496366,19,0,Zurvan,Materia,0,0,5e03b95700bb3e6556a80cb9336a41d2_1fa3a1b3845481a1b67b46854a3cc49afc0.jpg?1786445672,Platinum,40,0,WHM
Boz Ulceros,32280980,20,0,Ravana,Materia,0,0,269b081d650bf5598fd5a3f9419b8b43_2f53b2675d3eea360f0b48d74d30af15fc0.jpg?1786446393,Platinum,72,0,NIN
Mars Bars,41756039,21,0,Sophia,Materia,0,0,87af5886ec3b52e7e582ccc7755f6a9b_ba15a18cd3a8fb567e39053022515eb6fc0.jpg?1786443256,Platinum,49,0,DRG
Chs Crane,37655547,22,0,Sophia,Materia,0,0,7cd2d4b420716bf684bdd41ef37d9319_ba15a18cd3a8fb567e39053022515eb6fc0.jpg?1786444972,Platinum,30,0,CUL
Coffee Lover,50333621,23,0,Sophia,Materia,0,0,3c4552eb56bfb14f36d9b512873eac0d_ba15a18cd3a8fb567e39053022515eb6fc0.jpg?1786443167,Gold,42,0,UNK
Twitch Pvpash,58310287,24,0,Sephirot,Materia,0,0,825390c1ecfa92c4ed45d4ff7a91e39e_30a5f9eadea6e0cb684a5265362d0d59fc0.jpg?1786444409,Gold,35,0,PLD
Disco Knees,36101852,25,0,Sophia,Materia,0,0,48d0a8dae7efe9ad10780f28920a969b_ba15a18cd3a8fb567e39053022515eb6fc0.jpg?1786445090,Gold,33,0,DRG
Seth Nier,10650761,26,0,Sophia,Materia,0,0,64bba40966450747199bec23184e47a3_ba15a18cd3a8fb567e39053022515eb6fc0.jpg?1786445354,Gold,26,0,WAR
Simetras Sol,38726083,27,0,Ravana,Materia,0,0,fc54c458f2e80d3680f50e6026011ab7_2f53b2675d3eea360f0b48d74d30af15fc0.jpg?1786445815,Gold,123,0,AST
Stupid Puzzle,57160120,28,0,Ravana,Materia,0,0,7af9b543418115db5c1299f1abb4e123_2f53b2675d3eea360f0b48d74d30af15fc0.jpg?1786443329,Gold,45,0,DRG
Stu Vermillion,45923134,29,0,Sephirot,Materia,0,0,542be51b9ba1f8c4c217e94d2b96e3aa_30a5f9eadea6e0cb684a5265362d0d59fc0.jpg?1786445703,Gold,34,0,DRK
Jena Kuwahara,28003546,30,0,Ravana,Materia,0,0,5bacb190ffd91b392df04923b13fa29a_2f53b2675d3eea360f0b48d74d30af15fc0.jpg?1786446069,Gold,85,0,WHM
Funeral Pyre,29286073,31,0,Zurvan,Materia,0,0,48d5de4023484583f2225a2026548284_1fa3a1b3845481a1b67b46854a3cc49afc0.jpg?1786446214,Gold,59,0,SMN
Izaray Wintergray,40906176,32,0,Sophia,Materia,0,0,be2f5b4e324fa72cd4ef19d0c29f10da_ba15a18cd3a8fb567e39053022515eb6fc0.jpg?1786446297,Gold,36,0,AST
Noah Marlowe,16149159,33,0,Ravana,Materia,0,0,ec4ee34b34397ee883bd89175e1f15df_2f53b2675d3eea360f0b48d74d30af15fc0.jpg?1786444114,Gold,15,0,DNC
Scarlette Harlette,51206657,34,0,Sephirot,Materia,0,0,2f63ccbdc329fa14480887bf4c0dfa0e_30a5f9eadea6e0cb684a5265362d0d59fc0.jpg?1786443960,Gold,60,0,NIN
Berogi Avarous,37261319,35,0,Sophia,Materia,0,0,5fbe574c31dc7541b2bb18753fed8278_ba15a18cd3a8fb567e39053022515eb6fc0.jpg?1786445101,Gold,25,0,MNK
Han Liu,44640291,36,0,Ravana,Materia,0,0,55233b520f90487f51f380e2add5fc3d_2f53b2675d3eea360f0b48d74d30af15fc0.jpg?1786444602,Gold,80,0,NIN
Lion Lord,60332724,37,0,Ravana,Materia,0,0,72fbb269e357d68127cd61715f152bc8_2f53b2675d3eea360f0b48d74d30af15fc0.jpg?1786443298,Gold,42,0,RDM
Lupercal Aurelian,37936946,38,0,Ravana,Materia,0,0,93674d47ae679f2b2191e0d82e33123f_2f53b2675d3eea360f0b48d74d30af15fc0.jpg?1786443551,Gold,23,0,VPR
Brian Ricardo,41560139,39,0,Sophia,Materia,0,0,678ed14a243387459872b7217f75e382_ba15a18cd3a8fb567e39053022515eb6fc0.jpg?1786443262,Gold,18,0,SGE
Arvus Lake,60370728,40,0,Bismarck,Materia,0,0,3491a10775fcbbb5a0c1329925f30f4f_36f0570990ac5402b2ef514d36b0435cfc0.jpg?1786444419,Gold,17,0,MNK
Aislinn Rose,47395507,41,0,Ravana,Materia,0,0,920c56af8cba5363c65e0c83dbbcac71_2f53b2675d3eea360f0b48d74d30af15fc0.jpg?1786444968,Gold,60,0,BRD
Nirki Yukumo,41663432,42,0,Zurvan,Materia,0,0,c950234c9a872ae2ab8476f696fcb74f_1fa3a1b3845481a1b67b46854a3cc49afc0.jpg?1786443587,Gold,20,0,NIN
Neo Zee,58982637,43,0,Ravana,Materia,0,0,c042f71fe47095dad35d5764027056d1_2f53b2675d3eea360f0b48d74d30af15fc0.jpg?1786444654,Gold,38,0,BRD
Lillian Melikai,42502039,44,0,Ravana,Materia,0,0,6c5f22e96162240c2bb96702fcbe123b_2f53b2675d3eea360f0b48d74d30af15fc0.jpg?1786443045,Gold,39,0,GNB
Zervish Vanht,21659747,45,0,Ravana,Materia,0,0,ff2403388bd597c0b3fb62c30e9bff67_2f53b2675d3eea360f0b48d74d30af15fc0.jpg?1786443326,Gold,23,0,SCH
Vielle Drillemont,52770027,46,0,Ravana,Materia,0,0,6c212c0698d00b38fb5cb7d51dcf91bf_2f53b2675d3eea360f0b48d74d30af15fc0.jpg?1786444856,Gold,66,0,BLM
Juru'a Mihrulh,48704606,47,0,Zurvan,Materia,0,0,80aa9b34947750aa356810124a11ba19_1fa3a1b3845481a1b67b46854a3cc49afc0.jpg?1786445288,Gold,62,0,PCT
Wierd Dude,58113414,48,0,Sephirot,Materia,0,0,c887fa7d587b2205b349abb82627a0d1_30a5f9eadea6e0cb684a5265362d0d59fc0.jpg?1786446199,Gold,59,0,MNK
Sukoshi Ninjin,57860048,49,0,Sophia,Materia,0,0,b41a0bd7b5958d56cec5f84314a28f3a_ba15a18cd3a8fb567e39053022515eb6fc0.jpg?1786445597,Gold,32,0,UNK
Byakko Moon,10831175,50,0,Sephirot,Materia,0,0,7d8049ebe32efa74e5107944b1e43d15_30a5f9eadea6e0cb684a5265362d0d59fc0.jpg?1786445355,Gold,2,0,SMN
Aurum Blaiddyd,10794239,51,0,Sophia,Materia,0,0,8b76648a8cb1cbbd4f1c870189433f3a_ba15a18cd3a8fb567e39053022515eb6fc0.jpg?1786443802,Gold,13,0,PLD
Clars Lester,951178,52,0,Sephirot,Materia,0,0,46727c8d445323c9e5b8140d37027050_30a5f9eadea6e0cb684a5265362d0d59fc0.jpg?1786444398,Silver,61,0,DRK
Sebastian Michaelis,42038341,53,0,Sephirot,Materia,0,0,17f4346a95c45541b337263d60106b3f_30a5f9eadea6e0cb684a5265362d0d59fc0.jpg?1786446569,Silver,59,0,BTN
Sana Miyata,34196273,54,0,Ravana,Materia,0,0,4a94c0f8b59e635e8748a32f11cc42f8_2f53b2675d3eea360f0b48d74d30af15fc0.jpg?1786446339,Silver,31,0,SCH
Birdy Lou,40000398,55,0,Sophia,Materia,0,0,a8894121a60bc81621d47edf1ee0577b_ba15a18cd3a8fb567e39053022515eb6fc0.jpg?1786444341,Silver,29,0,UNK
J'mo H',10666399,56,0,Sephirot,Materia,0,0,53873e717cbf7baeb168205935077671_30a5f9eadea6e0cb684a5265362d0d59fc0.jpg?1786444134,Silver,17,0,AST
Cwenhild Reid,41763782,57,0,Sophia,Materia,0,0,c9d176025665cc1528a984e82a81fd64_ba15a18cd3a8fb567e39053022515eb6fc0.jpg?1786445539,Silver,24,0,PLD
Pollux Renault,45246168,58,0,Sophia,Materia,0,0,af456258cb5d3ca7c42bb950f92247de_ba15a18cd3a8fb567e39053022515eb6fc0.jpg?1786444006,Silver,13,0,MCH
Ranko Riselle,47223883,59,0,Sophia,Materia,0,0,301cb977b468ead36aa13c049b17f861_ba15a18cd3a8fb567e39053022515eb6fc0.jpg?1786445085,Silver,11,0,UNK
Anzac Fenrir,10988408,60,0,Ravana,Materia,0,0,6c7b02f93e5250249333e13f236fc545_2f53b2675d3eea360f0b48d74d30af15fc0.jpg?1786446300,Silver,31,0,SCH
Kensuke Sugimori,59626210,61,0,Zurvan,Materia,0,0,b8c23a3c5466f6621fe9629c20c0b897_1fa3a1b3845481a1b67b46854a3cc49afc0.jpg?1786446259,Silver,29,0,NIN
Eustace Madao,44593837,62,0,Ravana,Materia,0,0,687914339d33024fe783e72eb5a1929f_2f53b2675d3eea360f0b48d74d30af15fc0.jpg?1786445903,Silver,22,0,RPR
Elto Malto,55670275,63,0,Zurvan,Materia,0,0,6625d7f60a549d4e764bdbbb6315b573_1fa3a1b3845481a1b67b46854a3cc49afc0.jpg?1786444554,Silver,17,0,UNK
Peaceful Serenity,44576253,64,0,Sephirot,Materia,0,0,ae7fb16a93fad97a522145bf683d894f_30a5f9eadea6e0cb684a5265362d0d59fc0.jpg?1786443964,Silver,0,0,RDM
Cucu Cucumber,43336963,65,0,Sophia,Materia,0,0,d0bedba76c1744686e4fafd9d31eeb08_ba15a18cd3a8fb567e39053022515eb6fc0.jpg?1786446061,Silver,40,0,BLM
Frierens Feet,18696306,66,0,Bismarck,Materia,0,0,55c56c5779dac3caf6a9e915a44a972d_36f0570990ac5402b2ef514d36b0435cfc0.jpg?1786443101,Silver,29,0,SMN
Persona Non-grata,59997612,66,0,Ravana,Materia,0,0,817d96e78e710beff47ca2d76caa6b30_2f53b2675d3eea360f0b48d74d30af15fc0.jpg?1786445670,Silver,29,0,PLD
C'ranmaia Lizha,60465549,68,0,Bismarck,Materia,0,0,f41736abfa17637ee6e1f020f2787726_36f0570990ac5402b2ef514d36b0435cfc0.jpg?1786445678,Silver,18,0,UNK
Shiny Garchomp,44081260,69,0,Ravana,Materia,0,0,a9aeaf4658d90c68d46e7086d323e456_2f53b2675d3eea360f0b48d74d30af15fc0.jpg?1786445174,Silver,17,0,MCH
Minty Dew,11254788,70,0,Sephirot,Materia,0,0,afdf4d4e1f96c8e17ed8dbbb09ea4e01_30a5f9eadea6e0cb684a5265362d0d59fc0.jpg?1786445807,Silver,12,0,MCH
Pompitous Litchous,28520377,71,0,Sephirot,Materia,0,0,ab4abed9c2f0b5369480818f95581f87_30a5f9eadea6e0cb684a5265362d0d59fc0.jpg?1786444199,Silver,10,0,MCH
Red Pocket,57790009,72,0,Zurvan,Materia,0,0,9ee6578b70ebe2412c9a6a3b9539d845_1fa3a1b3845481a1b67b46854a3cc49afc0.jpg?1786443401,Silver,1,0,UNK
Magnolia Moonsong,39932795,73,0,Sephirot,Materia,0,0,a9e5b8f87ce0e4e7d236eef2abfe90e0_30a5f9eadea6e0cb684a5265362d0d59fc0.jpg?1786444266,Silver,19,0,DNC
Sil Vanht,3592400,74,0,Ravana,Materia,0,0,7557bb5d8d4d13b13e750b30dbd34093_2f53b2675d3eea360f0b48d74d30af15fc0.jpg?1786443809,Silver,9,0,PLD
Re- G',41760350,75,0,Sophia,Materia,0,0,b5e032ba04147a101b5a91d07703c313_ba15a18cd3a8fb567e39053022515eb6fc0.jpg?1786443541,Silver,0,0,UNK
Tiny Seda,43818296,76,0,Ravana,Materia,0,0,21e2b2de9125d9cf1b99748fa9eef0e2_2f53b2675d3eea360f0b48d74d30af15fc0.jpg?1786443869,Silver,37,0,BLM
Venase Tym,61779775,77,0,Sophia,Materia,0,0,24aac6d5abd68d4dc957bd7c98ba27f2_ba15a18cd3a8fb567e39053022515eb6fc0.jpg?1786444325,Silver,18,0,UNK
Zero Alexander,18446688,78,0,Sophia,Materia,0,0,f2e26342d51255236baa45461f41bf5b_ba15a18cd3a8fb567e39053022515eb6fc0.jpg?1786445804,Silver,14,0,AST
Temp Arie,41750566,79,0,Zurvan,Materia,0,0,73bdd493fc471827004a90a5745ff400_1fa3a1b3845481a1b67b46854a3cc49afc0.jpg?1786444764,Silver,13,0,BSM
Awayi Soleil,40986096,80,0,Zurvan,Materia,0,0,c84676ef434b75aec3260707fcad3d8a_1fa3a1b3845481a1b67b46854a3cc49afc0.jpg?1786443270,Silver,12,0,DNC
Swhe Swoo,28568079,81,0,Sephirot,Materia,0,0,fbccbe709d21605c6f47dec5052b1238_30a5f9eadea6e0cb684a5265362d0d59fc0.jpg?1786444641,Silver,9,0,GNB
Liachen Thrope,29127861,82,0,Sophia,Materia,0,0,b0722934ed1329725ff744f9ae52c7ba_ba15a18cd3a8fb567e39053022515eb6fc0.jpg?1786444308,Silver,9,0,MCH
Goober Gooberm,48887220,83,0,Ravana,Materia,0,0,4523e0b4a5f923b67e31f18f801210af_2f53b2675d3eea360f0b48d74d30af15fc0.jpg?1786443502,Silver,18,0,BLM
Athena' Aria,29939277,84,0,Ravana,Materia,0,0,c678c1cf7f9d7de3e80882588e7606e8_2f53b2675d3eea360f0b48d74d30af15fc0.jpg?1786445501,Silver,6,0,AST
Turuturu Mennmenn,51356780,85,0,Sephirot,Materia,0,0,501dec1a7db9bac050ecbd4f8028e6e6_30a5f9eadea6e0cb684a5265362d0d59fc0.jpg?1786445233,Bronze,19,0,MNK
Hotsingles Inyourarea,43275845,86,0,Sephirot,Materia,0,0,08be8dec8891190a5227c50c7650dd29_30a5f9eadea6e0cb684a5265362d0d59fc0.jpg?1786445033,Bronze,15,0,PCT
Makh'a Zruhn,42193944,87,0,Ravana,Materia,0,0,323be164f5593618bf1111ae4538ad96_2f53b2675d3eea360f0b48d74d30af15fc0.jpg?1786445796,Bronze,6,0,SAM
Ashmi Rae,18364101,88,0,Bismarck,Materia,0,0,2b3a41d227e2937852d5c1e031d5aba0_36f0570990ac5402b2ef514d36b0435cfc0.jpg?1786445205,Bronze,5,0,BRD
Tiny Wrath,25583557,89,0,Zurvan,Materia,0,0,2c82c1a404fc646361cabcf478aed323_1fa3a1b3845481a1b67b46854a3cc49afc0.jpg?1786443169,Bronze,24,0,WHM
Fio Vanetti,41633033,90,0,Ravana,Materia,0,0,f237b05eb696b7fe8e05b757513a1ca2_2f53b2675d3eea360f0b48d74d30af15fc0.jpg?1786445438,Bronze,12,0,DRG
Ashe Elven,60375475,91,0,Ravana,Materia,0,0,d4a5d51981aa859d5ce41248e280c696_2f53b2675d3eea360f0b48d74d30af15fc0.jpg?1786443159,Bronze,5,0,PLD
Vistra Vistra,37543108,92,0,Sophia,Materia,0,0,b46ab5b00ca34214d4593336a0f112ed_ba15a18cd3a8fb567e39053022515eb6fc0.jpg?1786444784,Bronze,4,0,RPR
Zepherii Sui,43963552,93,0,Sophia,Materia,0,0,31b395238c6120dc114964c652dc393b_ba15a18cd3a8fb567e39053022515eb6fc0.jpg?1786446298,Bronze,13,0,VPR
Inconspicuous Miqo'te,3493859,94,0,Sophia,Materia,0,0,0b6b4d2c312f136911f9717c83c17997_ba15a18cd3a8fb567e39053022515eb6fc0.jpg?1786444275,Bronze,11,0,VPR
Aethon Shaan,60332336,95,0,Zurvan,Materia,0,0,2c608a6ec9ff59b0783f70b9c665a4b2_1fa3a1b3845481a1b67b46854a3cc49afc0.jpg?1786444479,Bronze,9,0,BLM
Therise Yld'amore,41754598,96,0,Bismarck,Materia,0,0,dea40bb49832c184ff5941cee3006818_36f0570990ac5402b2ef514d36b0435cfc0.jpg?1786443555,Bronze,7,0,DNC
Daeneris Stormborn,17816677,97,0,Zurvan,Materia,0,0,dd3c1f830e92ca4f902d42575517a37d_1fa3a1b3845481a1b67b46854a3cc49afc0.jpg?1786446358,Bronze,4,0,WHM
Samara Glazghotwyn,40818042,98,0,Sephirot,Materia,0,0,d89bdc111b4127d9f80e3d6a0ed3a55b_30a5f9eadea6e0cb684a5265362d0d59fc0.jpg?1786444207,Bronze,0,0,SAM
Jaliqai Bairon,49027736,99,0,Sophia,Materia,0,0,bb5b2ab907893aa971f0d78c6164de8c_ba15a18cd3a8fb567e39053022515eb6fc0.jpg?1786446136,Bronze,19,0,SMN
Lilith Sanguine,36164895,100,0,Sephirot,Materia,0,0,b5a3ec57fa0658672b263f583c34b618_30a5f9eadea6e0cb684a5265362d0d59fc0.jpg?1786445011,Bronze,18,0,GLA
