name,id,cur_rank,prev_rank,world,dc,points,points_delta,portrait,tier,wins,wins_delta,job
Cliffe Zanza,36074329,1,0,Spriggan,Chaos,3130,0,d8d2fa78adb447ec4b6d5d747f5d5f84_feaf0a2e88ff164813fbc9b85876fa48fc0.jpg?1786963415,Ultima,173,0,BLM
Totsu Geki,60147602,2,0,Spriggan,Chaos,2826,0,1b45188bdbf3dd4afe9a37a646eaa4b9_feaf0a2e88ff164813fbc9b85876fa48fc0.jpg?1786962788,Omega,323,0,SAM
Mamiyama Kamimama,37371304,3,0,Spriggan,Chaos,2744,0,3c6fd6569d3dce40308c9a2a1f3c3bfa_feaf0a2e88ff164813fbc9b85876fa48fc0.jpg?1786963725,Omega,319,0,DNC
Scarlet Rose,26616217,4,0,Spriggan,Chaos,2614,0,96ad88f23a708e8d6e391f669986d57c_feaf0a2e88ff164813fbc9b85876fa48fc0.jpg?1786962070,Omega,306,3,PLD
Saboree Catboy,36051653,5,0,Spriggan,Chaos,2548,0,b61ec1080d608b5a83f30baef219dc02_feaf0a2e88ff164813fbc9b85876fa48fc0.jpg?1786960691,Omega,186,0,MNK
Tsukuyo Ritlas,37800185,6,7,Odin,Light,2484,98,eca30840fe0bed8e80f620b5f57c49de_644311b63b607133c989d7c1188467dafc0.jpg?1786961797,Omega,94,4,RDM
Ange Melrose,50267939,7,6,Omega,Chaos,2432,0,f2fb3057962bf3d28bcce976076f5368_39e25ac3d737c46452305eefe324372cfc0.jpg?1786960959,Omega,121,13,SAM
Crow Kaien,44749262,8,0,Zodiark,Light,2375,0,54e5719ccbdb45c6de28f017b4365207_c274370774c6bc3483cc8740805f41bcfc0.jpg?1786961823,Omega,43,0,SCH
Aura Sphere,30657353,9,0,Zodiark,Light,2355,0,6cc4a373eafbcbf88a340a52d95f133e_c274370774c6bc3483cc8740805f41bcfc0.jpg?1786961688,Omega,102,0,DRG
Resilla Frostflow,14658770,10,0,Cerberus,Chaos,2294,0,00a4e6250beb98b5644c87cffe8b7f4f_777c57311d510ca65dac3c1077dee435fc0.jpg?1786962864,Omega,138,0,DRG
Auelin Fae,18291844,11,0,Zodiark,Light,2271,0,2d6204db02c5efce86aca234fd6f1ce1_c274370774c6bc3483cc8740805f41bcfc0.jpg?1786963249,Omega,112,0,NIN
Prisma Tic,38791879,12,0,Cerberus,Chaos,2245,0,5220c35172bb26154c862a6d485e37b8_777c57311d510ca65dac3c1077dee435fc0.jpg?1786960677,Omega,224,0,SMN
Lhei Tayun,25191408,13,0,Zodiark,Light,2179,0,6ee93960f16da0ea5150fe1b7590dfa4_c274370774c6bc3483cc8740805f41bcfc0.jpg?1786960571,Omega,195,12,BLM
Sice Seven,15008161,14,0,Moogle,Chaos,2104,0,23657ac0d29f4bc5667ef1e00cf528f8_d7a9d5f85a29d6278ec1c7adc2c8d242fc0.jpg?1786961309,Omega,81,0,BRD
Loty Coldwind,36521588,15,21,Twintania,Light,2076,185,3632cf6d20598f5c4c7b748be7e19153_c33f640c0cdd35f7def85b8aa31a0007fc0.jpg?1786961698,Omega,227,14,MNK
Yasuki San,61688064,16,15,Phantom,Chaos,2009,0,37dbf9b8936faaf9c75f598c38dcac11_f0a43d6e5eea19af337a176e9836acddfc0.jpg?1786962662,Omega,317,17,UNK
Maarato Cookie,20349526,17,16,Twintania,Light,2002,0,dbab16598b86bb31b2eb96070f723572_c33f640c0cdd35f7def85b8aa31a0007fc0.jpg?1786962585,Omega,124,9,DRG
Elohim Meth,60682611,18,23,Raiden,Light,1930,100,0b14f1751b014118eca06236e1fdf2bf_a370664d98f658f4ed4e620f378f73cdfc0.jpg?1786961182,Omega,141,5,UNK
Deadrise Mutombo,31730694,19,17,Ragnarok,Chaos,1928,0,a382acb94313f23d966dd6d39d909bea_40d57ba713628f3f1ef5ef204b6d76d2fc0.jpg?1786962321,Omega,110,10,WHM
Ase Dora,42603487,20,18,Alpha,Light,1927,0,78626e6cf6f07875d5ac9527a5bd0c4d_6132295fcf5570fb8b0a944ef322a598fc0.jpg?1786962490,Omega,331,16,DRK
Arale Il,15406803,21,19,Ragnarok,Chaos,1919,0,e5c2a19e43a1edb9b276827163b36a1b_40d57ba713628f3f1ef5ef204b6d76d2fc0.jpg?1786963708,Omega,142,0,PLD
Miyu Moon,58918526,22,20,Moogle,Chaos,1894,0,1abf5ce3756f6fa0d1c5be2cd39491bc_d7a9d5f85a29d6278ec1c7adc2c8d242fc0.jpg?1786963543,Omega,59,1,SAM
Tarutella Goldfish,4235488,23,22,Phoenix,Light,1891,0,f269741c27ca22c02db955557e7283fa_5047bc596a4bab2dc7f7c120bb22dec5fc0.jpg?1786962042,Omega,56,0,SGE
Not Marci,51672179,24,0,Louisoix,Chaos,1828,0,b6c4338b1daa8161914134b74ee784f0_0a122616f3718d3f45cab10fd8fc1604fc0.jpg?1786961384,Omega,104,0,DRG
Misora Kaiatsa,25126040,25,26,Moogle,Chaos,1804,98,80fa199452585ab77d14128509576300_d7a9d5f85a29d6278ec1c7adc2c8d242fc0.jpg?1786963914,Omega,105,8,RPR
Miyu Edelfelt,21335430,26,25,Phoenix,Light,1785,0,ba690d74246b4d07f543f0d9516feec2_5047bc596a4bab2dc7f7c120bb22dec5fc0.jpg?1786963168,Omega,144,0,GNB
Dalik Mathis,9537863,27,36,Ragnarok,Chaos,1694,108,fd4dde44208527cc20e58ba589d51f01_40d57ba713628f3f1ef5ef204b6d76d2fc0.jpg?1786963675,Omega,121,10,BLM
Leedo Dale,25033597,28,46,Zodiark,Light,1687,302,9e122691e98bda2ea6abe86ed7b81a63_c274370774c6bc3483cc8740805f41bcfc0.jpg?1786961841,Omega,358,5,NIN
Fygqhzr Zhgfjhh,49000606,29,27,Phantom,Chaos,1679,0,ed46d70a9c354991698a796aac7c462e_f0a43d6e5eea19af337a176e9836acddfc0.jpg?1786961090,Omega,46,0,DRG
Shia Sun,1754600,30,28,Odin,Light,1678,0,7550981ba488e5ebe919aa3cb39efbfa_644311b63b607133c989d7c1188467dafc0.jpg?1786961528,Omega,161,2,WHM
Delzor Waka,40194085,31,29,Odin,Light,1663,0,bde30c4caff355f65cf9761727b12725_644311b63b607133c989d7c1188467dafc0.jpg?1786963551,Omega,144,0,MCH
Pan Ther,47356852,32,30,Twintania,Light,1651,0,fc9492796dbee9f84ae010350ec7759c_c33f640c0cdd35f7def85b8aa31a0007fc0.jpg?1786962756,Omega,148,0,RPR
Maggot Maggot,61703768,33,38,Omega,Chaos,1610,115,3657d57f4a20a5d901d7f4537f1b7307_39e25ac3d737c46452305eefe324372cfc0.jpg?1786963141,Omega,230,17,DRK
Tia Tomoe,41293767,34,31,Phoenix,Light,1609,0,7dc31b9a880ba3f36a3ef1208e0c5909_5047bc596a4bab2dc7f7c120bb22dec5fc0.jpg?1786962309,Omega,58,4,SMN
Shino Yaru,38308969,35,32,Phoenix,Light,1606,0,0662727bb913ed7fe3009f3542ea1e64_5047bc596a4bab2dc7f7c120bb22dec5fc0.jpg?1786963531,Omega,157,22,UNK
Tei Tei,36611700,36,37,Odin,Light,1603,100,21c224545e3d3af775a3d377c8e444bf_644311b63b607133c989d7c1188467dafc0.jpg?1786961232,Omega,106,3,MNK
Two Koma,51508003,37,33,Zodiark,Light,1595,0,15a666f8d7bb67401300fae763ce4d32_c274370774c6bc3483cc8740805f41bcfc0.jpg?1786961536,Omega,125,0,VPR
Kimbi Aoe,24693270,38,34,Shiva,Light,1593,0,67e0ddfb70faf5725a971d086cfdce61_3fbff0e6b620e4d259dc427abc6574dafc0.jpg?1786963377,Omega,79,0,MCH
Xen Thique,40172078,39,35,Odin,Light,1592,0,8930228f4df0c18feea28ebbb1c451f2_644311b63b607133c989d7c1188467dafc0.jpg?1786961126,Omega,98,0,SGE
Cat Wife,21099767,40,44,Zodiark,Light,1584,190,76d1664265ae631c957cfab6c72cfba9_c274370774c6bc3483cc8740805f41bcfc0.jpg?1786961285,Omega,25,5,RDM
Yi Ma,60448295,41,0,Phoenix,Light,1564,99,bb3af62117cae7488d9b02007f341c7b_5047bc596a4bab2dc7f7c120bb22dec5fc0.jpg?1786961803,Omega,121,5,DNC
Memento Mo'ri,1641495,42,47,Ragnarok,Chaos,1495,201,86323bce84189061b1d71ff1dc25266a_40d57ba713628f3f1ef5ef204b6d76d2fc0.jpg?1786961049,Crystal,93,8,MCH
Sweet Light,41777815,43,39,Spriggan,Chaos,1489,0,2e6808627bd2b8f0f5f0377d20cbbbc5_feaf0a2e88ff164813fbc9b85876fa48fc0.jpg?1786961640,Crystal,75,5,MCH
Ten Gil,17217146,44,40,Louisoix,Chaos,1486,0,884fcae1e61228d09798c630a2c827fb_0a122616f3718d3f45cab10fd8fc1604fc0.jpg?1786961808,Crystal,42,0,SMN
Shimori Bunihara,35166011,45,42,Raiden,Light,1461,0,c44c8fc68c230b1051ec35a527afe9ed_a370664d98f658f4ed4e620f378f73cdfc0.jpg?1786961174,Crystal,133,0,RPR
Akari Tsuki,31005286,46,43,Louisoix,Chaos,1398,0,28e1cfaecfbf911dc3621f5de74642aa_0a122616f3718d3f45cab10fd8fc1604fc0.jpg?1786961786,Crystal,49,0,GSM
Aurora Maou,26517539,47,45,Louisoix,Chaos,1388,0,433a49b5cc43b35afac03d97c50262f9_0a122616f3718d3f45cab10fd8fc1604fc0.jpg?1786962184,Crystal,106,0,WAR
Ivaious Zol,38270926,48,67,Odin,Light,1312,609,2e78b44195db83336b1acbe75927a864_644311b63b607133c989d7c1188467dafc0.jpg?1786962268,Crystal,77,13,RDM
Meryll Enetari,24681550,49,48,Cerberus,Chaos,1293,0,f4fe16c70d7023e2101e19421c5abf1e_777c57311d510ca65dac3c1077dee435fc0.jpg?1786962899,Crystal,246,7,RDM
Lex'ander Wayfarer,18009481,50,49,Odin,Light,1211,0,0adfa03fe11940a91e3b6a2ed08ddb88_644311b63b607133c989d7c1188467dafc0.jpg?1786960841,Crystal,53,0,SAM
Based Miqote,46487952,51,50,Twintania,Light,1102,0,5e2bb42e554586a20b050b7fd3f88e26_c33f640c0cdd35f7def85b8aa31a0007fc0.jpg?1786963954,Crystal,99,0,UNK
Myst Freyja,33906213,52,55,Omega,Chaos,1102,190,240b879fd403fc16c04022b6075077ae_39e25ac3d737c46452305eefe324372cfc0.jpg?1786963316,Crystal,69,5,RDM
Phaey Yeon,58326616,53,51,Moogle,Chaos,1006,0,6497d439e55c80c0156c198e7f135c78_d7a9d5f85a29d6278ec1c7adc2c8d242fc0.jpg?1786960896,Crystal,110,3,UNK
Elyndra Mayhn,27143285,54,52,Twintania,Light,937,0,e4b30c11c8c987996e50ee4c5899c037_c33f640c0cdd35f7def85b8aa31a0007fc0.jpg?1786961647,Crystal,122,7,BLM
Tyra Kett,26531277,55,53,Spriggan,Chaos,926,0,101b7ec48bba5c5e5b34fda1316c57bc_feaf0a2e88ff164813fbc9b85876fa48fc0.jpg?1786962985,Crystal,126,0,DRG
Yhren Vhal,56948558,56,54,Odin,Light,912,0,3f62ad2093c1016540ef936a5563823b_644311b63b607133c989d7c1188467dafc0.jpg?1786963489,Crystal,159,10,UNK
Imy Pure,24943089,57,61,Cerberus,Chaos,909,108,2e46879ac1baf7fc77ec2de872a0461c_777c57311d510ca65dac3c1077dee435fc0.jpg?1786963929,Crystal,22,10,RDM
Yun' Yun,11341467,58,56,Cerberus,Chaos,896,0,df098ceed6d9cf14cf61cc4110cd6cb5_777c57311d510ca65dac3c1077dee435fc0.jpg?1786963082,Crystal,145,4,WHM
Holos Ymir,35299241,59,57,Cerberus,Chaos,876,0,f8029ed36fad032333305dfa455cddec_777c57311d510ca65dac3c1077dee435fc0.jpg?1786961955,Crystal,72,8,PLD
Khorasan Ataraxia,47289604,60,58,Shiva,Light,811,0,721a6c9c723209b16696818df4cf0c93_3fbff0e6b620e4d259dc427abc6574dafc0.jpg?1786961692,Crystal,209,6,UNK
Lybel Alyborias,25836089,61,59,Louisoix,Chaos,807,0,a86b680e6c4e5e23befaaaf535a158de_0a122616f3718d3f45cab10fd8fc1604fc0.jpg?1786961840,Crystal,67,0,RDM
Sin Mirrorslave,43994621,62,60,Raiden,Light,807,0,3f8e3345c252d3f9b50e27c481f91100_a370664d98f658f4ed4e620f378f73cdfc0.jpg?1786962858,Crystal,54,0,UNK
Tay Talenath,45740169,63,62,Raiden,Light,799,0,b2fa0c7222f7e3ebe117f24a200e11d8_a370664d98f658f4ed4e620f378f73cdfc0.jpg?1786962624,Crystal,168,0,AST
Sunie Mochi,12728791,64,63,Twintania,Light,796,0,4760f9b45bd6f71f83adbd97ab87eae3_c33f640c0cdd35f7def85b8aa31a0007fc0.jpg?1786963843,Crystal,158,4,DNC
Acacia Strain,43137076,65,114,Raiden,Light,794,583,8678948c8fea34b563980d4a6da37e32_a370664d98f658f4ed4e620f378f73cdfc0.jpg?1786962729,Crystal,295,17,SMN
Hyzenthlay Efrafa,1817919,66,64,Ragnarok,Chaos,790,0,f61f49f2ed95a3709fa034686da0eb63_40d57ba713628f3f1ef5ef204b6d76d2fc0.jpg?1786963342,Crystal,47,0,SMN
Yamizura Kumozuma,19652230,67,65,Twintania,Light,787,0,24bbc9cebf09eb83efcbc272c3085fd1_c33f640c0cdd35f7def85b8aa31a0007fc0.jpg?1786961002,Crystal,11,0,SCH
Skillpade Skyr,37019657,68,66,Lich,Light,782,0,e520a31662bd7030c96e4951a4f2d301_7206469080400ed57a5373d0a9c55c59fc0.jpg?1786962156,Crystal,143,4,BLM
Farnese Shieldmaiden,24419493,69,68,Cerberus,Chaos,701,0,dcec016c4a6cd9a2bd3a2b73183f5a65_777c57311d510ca65dac3c1077dee435fc0.jpg?1786962667,Crystal,20,0,PLD
Red Aura,58355527,70,69,Spriggan,Chaos,700,0,24685b07d940d962953f7111d4144e46_feaf0a2e88ff164813fbc9b85876fa48fc0.jpg?1786960440,Crystal,49,0,MNK
A'dyalani Sato,10026278,71,73,Odin,Light,698,5,d072994a22af88090aecf6e5a3b85c36_644311b63b607133c989d7c1188467dafc0.jpg?1786963599,Crystal,137,11,MCH
Spedah Sashihai,46717230,72,70,Phantom,Chaos,697,0,916aa42d41d9cb06784f26d21d850c5a_f0a43d6e5eea19af337a176e9836acddfc0.jpg?1786960947,Crystal,77,0,SCH
Lost Signal,56186869,73,71,Odin,Light,695,0,b36972ee34bfd25f82ce348b32b6f5da_644311b63b607133c989d7c1188467dafc0.jpg?1786961613,Crystal,107,1,MNK
Wwwwwwwwww Wwwwwwwwww,22934838,74,72,Odin,Light,695,0,44b50a04ce7aed4e2c4699753f5b83bc_644311b63b607133c989d7c1188467dafc0.jpg?1786960898,Crystal,41,0,SMN
Baka Bao,30345026,75,74,Phantom,Chaos,692,0,57df7efcbcdf8f1aca84c4f1435c36ba_f0a43d6e5eea19af337a176e9836acddfc0.jpg?1786962273,Crystal,345,25,SAM
Gabriel Zephyrus,11099535,76,75,Zodiark,Light,690,0,fb5c6913d0c275952def0841ab82887f_c274370774c6bc3483cc8740805f41bcfc0.jpg?1786962032,Crystal,189,10,SMN
Laela Hyun,59589734,77,76,Phantom,Chaos,684,0,a377ba040d4300db7c8df4efc92acd53_f0a43d6e5eea19af337a176e9836acddfc0.jpg?1786961659,Crystal,55,0,UNK
Kyouko Owo,25629243,78,92,Louisoix,Chaos,672,181,4fbeb17208a00397ad05eebfc2d20d2f_0a122616f3718d3f45cab10fd8fc1604fc0.jpg?1786962930,Crystal,40,4,WHM
Magidolce Magileine,39132419,79,77,Twintania,Light,614,0,088bd05d5a98251023ecb7e28a638b68_c33f640c0cdd35f7def85b8aa31a0007fc0.jpg?1786960947,Crystal,136,2,SMN
Magic Beans,43732030,80,78,Phoenix,Light,602,0,4a7e75e2be4f70e389e8807cc1d2b885_5047bc596a4bab2dc7f7c120bb22dec5fc0.jpg?1786961550,Crystal,97,5,WAR
Feri De,32873333,81,154,Twintania,Light,600,500,04fae792c920333e5bdc3287c0df72e4_c33f640c0cdd35f7def85b8aa31a0007fc0.jpg?1786963284,Crystal,96,18,WHM
Sophia Ariadne,11431073,82,79,Odin,Light,600,0,f4329ddf82a418a6e12f1ba978bc1523_644311b63b607133c989d7c1188467dafc0.jpg?1786960939,Crystal,45,0,BLM
Roy Dimgao,29524655,83,80,Omega,Chaos,597,0,320af7149c63c337e5826c2c2cc1bf37_39e25ac3d737c46452305eefe324372cfc0.jpg?1786962394,Crystal,187,0,RDM
Raiden Thorne,27238016,84,81,Zodiark,Light,597,0,96a909af8d24d60f6d8173f8cc16facb_c274370774c6bc3483cc8740805f41bcfc0.jpg?1786963211,Crystal,12,0,RDM
Feral Jorex,21749898,85,82,Odin,Light,594,0,f9027c778862384a6ae4224efd2fe7c3_644311b63b607133c989d7c1188467dafc0.jpg?1786962012,Crystal,213,9,MIN
General Aardvark,48423100,86,83,Twintania,Light,514,0,cf88029724167c1d18ed8c536a862900_c33f640c0cdd35f7def85b8aa31a0007fc0.jpg?1786961394,Crystal,141,2,SAM
Lsi Lsi,47353875,87,84,Lich,Light,513,0,792b3235fe2fbd35d956e856c210194f_7206469080400ed57a5373d0a9c55c59fc0.jpg?1786961777,Crystal,62,0,PCT
Neclord Drakan,34358772,88,85,Phoenix,Light,510,0,7e002012c8fc4f9e493cd5879573e088_5047bc596a4bab2dc7f7c120bb22dec5fc0.jpg?1786961381,Crystal,41,0,SGE
Brian Ricardo,23607238,89,86,Zodiark,Light,506,0,9c9d045f5f22c579ce5c24faa2b9b303_c274370774c6bc3483cc8740805f41bcfc0.jpg?1786963404,Crystal,56,0,AST
Shiroko Momo,39619880,90,87,Odin,Light,504,2,83b4a27fbdf8dfdce9a7e095cc14bf41_644311b63b607133c989d7c1188467dafc0.jpg?1786962644,Crystal,147,3,PCT
Master Zoknik,47233914,91,88,Omega,Chaos,498,0,47b7a0d3c4816d6dc7cb85c85a3685f7_39e25ac3d737c46452305eefe324372cfc0.jpg?1786962928,Crystal,69,0,RDM
Yellow Blue,58488618,92,89,Spriggan,Chaos,497,0,51731f8a93c1d8b59b5c3ded4ffb5a64_feaf0a2e88ff164813fbc9b85876fa48fc0.jpg?1786960868,Crystal,80,0,DRG
Thor Strom,35911315,93,90,Cerberus,Chaos,496,0,3826da79ed71141aec290f69127b5c79_777c57311d510ca65dac3c1077dee435fc0.jpg?1786962671,Crystal,5,0,SCH
Sal Ren,40787945,94,91,Phoenix,Light,491,0,9613f7a8c0a759977b8a3fe787fed7e0_5047bc596a4bab2dc7f7c120bb22dec5fc0.jpg?1786961645,Crystal,51,0,MNK
Jun Moxiao,40533777,95,129,Odin,Light,488,291,9f41b7adf0a59849ae35b17cdace2b32_644311b63b607133c989d7c1188467dafc0.jpg?1786963005,Crystal,88,12,VPR
Zecht Bradamant,31785474,96,93,Omega,Chaos,415,0,b0b8438e6682f2931a1a930121d0ab43_39e25ac3d737c46452305eefe324372cfc0.jpg?1786961261,Crystal,103,0,VPR
Yinwea Levai,36476322,97,94,Shiva,Light,412,0,944bf3a8e93fcc8f15f3f521462d11b5_3fbff0e6b620e4d259dc427abc6574dafc0.jpg?1786962212,Crystal,154,0,BLM
Frankie Urien,32323176,98,95,Odin,Light,405,0,ffae33588fe71f102672b7defdb50a30_644311b63b607133c989d7c1188467dafc0.jpg?1786963702,Crystal,204,4,WHM
Bing Bing,50857849,99,96,Odin,Light,404,0,1a2b77cf04680b9bfe1c19f07f9f1f44_644311b63b607133c989d7c1188467dafc0.jpg?1786962577,Crystal,60,0,DRG
Ul Unhu,9592278,100,97,Phoenix,Light,403,0,d703e404c81140848dbcd200abc4ef7e_5047bc596a4bab2dc7f7c120bb22dec5fc0.jpg?1786962039,Crystal,132,0,DRG
Seraban Mistodisushi,25116690,101,98,Omega,Chaos,402,0,9ab6f5d4307a747e8378402c6070b2a7_39e25ac3d737c46452305eefe324372cfc0.jpg?1786963239,Crystal,98,0,UNK
Aris Oz,41983172,102,105,Zodiark,Light,401,100,abbd4cf51609bf59977c5b4850c4c351_c274370774c6bc3483cc8740805f41bcfc0.jpg?1786962760,Crystal,44,1,MNK
Lawr Hawk,28248881,103,99,Odin,Light,398,0,e241b26df61ea0e201b637a7ae6c4cd4_644311b63b607133c989d7c1188467dafc0.jpg?1786960749,Crystal,56,0,SMN
Lion Lad,60548427,104,100,Phantom,Chaos,398,0,69af2e062eb7ba4549c964e1fbc8b79e_f0a43d6e5eea19af337a176e9836acddfc0.jpg?1786963267,Crystal,29,0,BRD
Diarmuidia Ua-dibhne,60435376,105,101,Cerberus,Chaos,397,0,5d9b7dcb4848e335ad4a88c0dc644669_777c57311d510ca65dac3c1077dee435fc0.jpg?1786962071,Crystal,93,5,DRG
Firas Xll,61570305,106,102,Alpha,Light,397,0,180935d91342970858d2044d5c23d436_6132295fcf5570fb8b0a944ef322a598fc0.jpg?1786961718,Crystal,68,0,GNB
Mitsuki Mirai,18435457,107,103,Louisoix,Chaos,384,0,365f1772f387bd280bdbfc16afbd5e4e_0a122616f3718d3f45cab10fd8fc1604fc0.jpg?1786963283,Crystal,20,0,WAR
Victoria Nyala,43751055,108,104,Phoenix,Light,304,0,d41ca298e2f03ee2273aca61640ebce0_5047bc596a4bab2dc7f7c120bb22dec5fc0.jpg?1786960724,Crystal,59,0,MCH
Terro Beoulevard,51148631,109,0,Sagittarius,Chaos,301,301,758b534f47542287e0b99c648590b2ac_44ca0844398b2d010d8cd4a31ddb023dfc0.jpg?1786963643,Crystal,48,19,VPR
Reireiko Reiko,51402233,110,106,Alpha,Light,301,0,6bb627130b2067e09c7110eb74707745_6132295fcf5570fb8b0a944ef322a598fc0.jpg?1786963472,Crystal,19,1,GNB
Neo Saladin,60195724,111,107,Alpha,Light,299,0,d61ef205c9700150e78797546d2ac263_6132295fcf5570fb8b0a944ef322a598fc0.jpg?1786962072,Crystal,90,0,SAM
Madelynn Veil,49771412,112,108,Omega,Chaos,299,0,92f91d9225bb816c6562fb117814681e_39e25ac3d737c46452305eefe324372cfc0.jpg?1786962615,Crystal,57,0,RDM
Lunaelumen Heartless,3344766,113,109,Phoenix,Light,298,0,442c49c53db78614043ce10aa9733411_5047bc596a4bab2dc7f7c120bb22dec5fc0.jpg?1786961703,Crystal,48,0,BLU
Ultimo Tower,13765195,114,110,Odin,Light,297,0,f3f293a7802e54bc6d3f5c2ceb6f4902_644311b63b607133c989d7c1188467dafc0.jpg?1786962585,Crystal,87,0,SMN
Zot To,18725302,115,111,Cerberus,Chaos,293,0,852c16bac4fe7f528a8653c65704e818_777c57311d510ca65dac3c1077dee435fc0.jpg?1786961532,Crystal,2,0,SAM
Night Siren,46140840,116,112,Alpha,Light,221,0,5b2c854dc9360523ee7fcd5bfee41621_6132295fcf5570fb8b0a944ef322a598fc0.jpg?1786961363,Crystal,162,1,GNB
Erion Hein,39135014,117,113,Twintania,Light,216,0,ba6bc1e1e70e5f3402d91ecfcf7d01e8_c33f640c0cdd35f7def85b8aa31a0007fc0.jpg?1786961224,Crystal,144,0,CRP
Chise Hatori',9182735,118,115,Ragnarok,Chaos,205,0,236f29f4984f26e6b197da380f104a63_40d57ba713628f3f1ef5ef204b6d76d2fc0.jpg?1786961737,Crystal,112,0,VPR
Brutal Killer,8885117,119,116,Ragnarok,Chaos,203,0,30c6a6207c7e93d407784888a7f29c97_40d57ba713628f3f1ef5ef204b6d76d2fc0.jpg?1786961851,Crystal,3,0,WAR
Rin Tanaka,24116937,120,117,Phoenix,Light,202,0,05caa52c69a69c31a889325a1f319530_5047bc596a4bab2dc7f7c120bb22dec5fc0.jpg?1786960938,Crystal,69,0,DRG
Cipher Strife,7955322,121,118,Ragnarok,Chaos,201,0,fd0f2644fe22871d381e6bae8798c484_40d57ba713628f3f1ef5ef204b6d76d2fc0.jpg?1786961631,Crystal,199,0,DRK
Gaspard Deguingoix,11032081,122,119,Moogle,Chaos,201,0,b9283e6a6be9cd219ee0afea98546775_d7a9d5f85a29d6278ec1c7adc2c8d242fc0.jpg?1786963176,Crystal,78,2,GNB
Sayuri Maeshima,33888798,123,120,Omega,Chaos,201,0,9543e703e2409901a4e4c51fcd72a0bd_39e25ac3d737c46452305eefe324372cfc0.jpg?1786963425,Crystal,55,0,SCH
Purr It,40913226,124,121,Zodiark,Light,200,0,9adf9c1689ff6761673da6e25b839b7b_c274370774c6bc3483cc8740805f41bcfc0.jpg?1786962837,Crystal,82,7,RPR
Riseon Misha,26343965,125,122,Zodiark,Light,200,0,d883dcfcee6650b3e6e1691bf6838f6c_c274370774c6bc3483cc8740805f41bcfc0.jpg?1786961404,Crystal,71,0,SGE
Krek Balflear,48912824,126,123,Sagittarius,Chaos,200,0,3ddedc4fdcf35465d04f99e2b4737a9f_44ca0844398b2d010d8cd4a31ddb023dfc0.jpg?1786963077,Crystal,42,0,DRK
Shadow Aya,54551815,127,124,Zodiark,Light,200,0,5ca13f39db9eefc50e8e57be73e7254e_c274370774c6bc3483cc8740805f41bcfc0.jpg?1786961553,Crystal,36,0,DRK
Neppie Nen,38644421,128,125,Phoenix,Light,200,0,6744f6c777bfc017ed7318054ef44f3d_5047bc596a4bab2dc7f7c120bb22dec5fc0.jpg?1786960445,Crystal,31,0,GNB
Eve Naeuri,43290162,129,127,Sagittarius,Chaos,200,0,c143c5d5e461ba9e3f51c07a3de23e21_44ca0844398b2d010d8cd4a31ddb023dfc0.jpg?1786961638,Crystal,21,1,WHM
Selin Naari,16360751,129,126,Cerberus,Chaos,200,0,fb2c3681e2cb33bdcd7894d5aad0b9ec_777c57311d510ca65dac3c1077dee435fc0.jpg?1786962997,Crystal,21,0,SAM
Pat Olehouse,17156873,131,128,Lich,Light,199,0,54c944c62ef7bd68e95a2a558d856482_7206469080400ed57a5373d0a9c55c59fc0.jpg?1786963893,Crystal,81,0,PLD
Medicine Melancholy,25525676,132,232,Raiden,Light,199,199,8a3aaef7e82e665cdb12f15457700593_a370664d98f658f4ed4e620f378f73cdfc0.jpg?1786961223,Crystal,70,12,ALC
Blunt Man,35300195,133,0,Louisoix,Chaos,196,3,bfddeb1fd8c57b9259f8bb179dd8158b_0a122616f3718d3f45cab10fd8fc1604fc0.jpg?1786961054,Crystal,119,10,SAM
Vyn Silvair,21908199,134,130,Shiva,Light,196,0,05a4597e1e8ad1e87cfc4aab88be286c_3fbff0e6b620e4d259dc427abc6574dafc0.jpg?1786963252,Crystal,87,0,GNB
Mats Luxed,36390152,135,131,Twintania,Light,196,0,4d98b4ef01ccfc9df166d83a5771a4ea_c33f640c0cdd35f7def85b8aa31a0007fc0.jpg?1786963931,Crystal,32,0,RDM
Luca Natura,26126798,136,132,Omega,Chaos,196,0,aee9a8f332f96a4c5a45923c0e82782a_39e25ac3d737c46452305eefe324372cfc0.jpg?1786961443,Crystal,24,0,WAR
Wieg Wiggles,35061622,137,134,Lich,Light,192,0,61256a3e6c4f0c3dcc05469f5550d102_7206469080400ed57a5373d0a9c55c59fc0.jpg?1786963460,Crystal,144,5,WAR
Deltimor Offerentis,53216923,138,135,Ragnarok,Chaos,101,0,b1f3b3bcc24281f671ac2ced6960431a_40d57ba713628f3f1ef5ef204b6d76d2fc0.jpg?1786963376,Crystal,274,5,GNB
Freya Highwind,37533969,139,136,Spriggan,Chaos,100,0,de376c51fd21ccbb1018c1c3fb40734b_feaf0a2e88ff164813fbc9b85876fa48fc0.jpg?1786963291,Crystal,204,0,RDM
Arienai Nashi,47596567,140,137,Zodiark,Light,100,0,ccbc05e41375849179a5f554d78d7ae1_c274370774c6bc3483cc8740805f41bcfc0.jpg?1786961434,Crystal,184,0,SMN
Keraunos Greywolfe,31183458,141,138,Alpha,Light,100,0,3431088cd9f33e5f20e30162c35286fd_6132295fcf5570fb8b0a944ef322a598fc0.jpg?1786962707,Crystal,177,0,DRK
Staz Hellcat,8016319,142,139,Cerberus,Chaos,100,0,c7e860ceda35e35e41bca47bf02624be_777c57311d510ca65dac3c1077dee435fc0.jpg?1786961611,Crystal,155,0,PLD
Dacien Darlett,3339751,143,140,Odin,Light,100,0,0311b8a0924e142c3f1da4b81f645156_644311b63b607133c989d7c1188467dafc0.jpg?1786962753,Crystal,152,0,SCH
Lumine Heartseeker,37169102,144,141,Lich,Light,100,0,bef41e353f9709f6c26365adcd129410_7206469080400ed57a5373d0a9c55c59fc0.jpg?1786960417,Crystal,148,0,BLU
Lina Sunstar,52075433,145,142,Spriggan,Chaos,100,0,d60c4576e74acfcd0ed77a6ea5d48800_feaf0a2e88ff164813fbc9b85876fa48fc0.jpg?1786962512,Crystal,147,0,WHM
Magnus Skorweg,14288959,146,143,Cerberus,Chaos,100,0,36b3ca5cc0c3fa7edd1b5b276f54a6fc_777c57311d510ca65dac3c1077dee435fc0.jpg?1786963542,Crystal,145,0,SMN
Baby Starz,27999014,147,0,Omega,Chaos,100,0,e8cb7daea22ff306dcc9397ecad5a4a2_39e25ac3d737c46452305eefe324372cfc0.jpg?1786963417,Crystal,110,9,SMN
Deme Tayuun,14832348,148,144,Lich,Light,100,0,ae2fb7b7ac8ad3f92247efdd9fade6e7_7206469080400ed57a5373d0a9c55c59fc0.jpg?1786961635,Crystal,108,0,NIN
Haadin Maero,25649806,148,144,Cerberus,Chaos,100,0,ab3efb60a6f01134129c732e6e60c255_777c57311d510ca65dac3c1077dee435fc0.jpg?1786961010,Crystal,108,0,RDM
Lilia Sunvale,59323692,150,146,Phoenix,Light,100,0,01173bfd4d3bd682b07d6e9ac6dafd16_5047bc596a4bab2dc7f7c120bb22dec5fc0.jpg?1786960538,Crystal,105,0,BRD
Saku Rozen,1622070,151,147,Odin,Light,100,0,76d32a46909474e4b590ee6476bfabce_644311b63b607133c989d7c1188467dafc0.jpg?1786962430,Crystal,101,0,UNK
Rain Hoshino,6160241,152,149,Moogle,Chaos,100,0,fc4a751ebc0402023f56f7934007c9ef_d7a9d5f85a29d6278ec1c7adc2c8d242fc0.jpg?1786963347,Crystal,99,0,PLD
Haki Haki,8290724,153,150,Ragnarok,Chaos,100,0,3fc43df6da1c629c59b5cdae63dee7a7_40d57ba713628f3f1ef5ef204b6d76d2fc0.jpg?1786961316,Crystal,94,0,RPR
Aragorn Pendragon,9019127,154,151,Ragnarok,Chaos,100,0,87aef8a41356f31d322683bdf3e6103b_40d57ba713628f3f1ef5ef204b6d76d2fc0.jpg?1786962880,Crystal,91,0,WHM
Glyceri Chosuti,30338174,155,152,Moogle,Chaos,100,0,6d93c9241424e92e6f0351d35d8b6eaa_d7a9d5f85a29d6278ec1c7adc2c8d242fc0.jpg?1786962414,Crystal,88,0,WHM
Keylinda Heliopsis,44659154,156,198,Moogle,Chaos,100,100,aae227ec83063cc479b9c5f6fb803e66_d7a9d5f85a29d6278ec1c7adc2c8d242fc0.jpg?1786962994,Crystal,87,3,WHM
Ark Kekko,50821807,157,153,Omega,Chaos,100,0,b81b1c241e98f7a5f9b9c81665be1243_39e25ac3d737c46452305eefe324372cfc0.jpg?1786960578,Crystal,86,0,RDM
Wimp Lo,37793632,158,157,Zodiark,Light,100,0,45ed053d252c3a44eabe55329426aa37_c274370774c6bc3483cc8740805f41bcfc0.jpg?1786963942,Crystal,78,5,RPR
Gun Grave,39069917,159,155,Alpha,Light,100,0,89afa1641c5d0fb3c37ff5b905d4b26a_6132295fcf5570fb8b0a944ef322a598fc0.jpg?1786961399,Crystal,77,0,UNK
Sahamaru Kamijo,13566032,160,156,Lich,Light,100,0,ab5bb27991a2037ddd8e8b0aef304406_7206469080400ed57a5373d0a9c55c59fc0.jpg?1786962457,Crystal,75,0,DRK
Mizu Shimizu,41402391,161,245,Twintania,Light,100,100,b745f1d87ccd905d96d6b6ca49092222_c33f640c0cdd35f7def85b8aa31a0007fc0.jpg?1786963632,Crystal,73,10,UNK
Renna Vorak,25421061,162,158,Raiden,Light,100,0,c2dc94bad32c136ebcdcb42ec56ba1c3_a370664d98f658f4ed4e620f378f73cdfc0.jpg?1786963776,Crystal,72,0,PLD
Akito Kotomine,14113084,163,159,Cerberus,Chaos,100,0,6535eaee5701ca6c10beffbfc70273c9_777c57311d510ca65dac3c1077dee435fc0.jpg?1786963956,Crystal,70,0,RPR
Kyra Nshakha,56831314,164,0,Alpha,Light,100,100,b27d76c3fbe312d06184fd92f8aebc55_6132295fcf5570fb8b0a944ef322a598fc0.jpg?1786963837,Crystal,54,19,PLD
Guimiko Miko,54285624,165,160,Moogle,Chaos,100,0,610c37aeb64c6149d7c6d5ea93a8114e_d7a9d5f85a29d6278ec1c7adc2c8d242fc0.jpg?1786963131,Crystal,50,0,NIN
Tisha Adori,32551351,165,248,Zodiark,Light,100,100,a1f13f2decf7933275b7ce63051dc06f_c274370774c6bc3483cc8740805f41bcfc0.jpg?1786961559,Crystal,50,9,MCH
Ino Based,41531397,167,161,Alpha,Light,100,0,ae8562754d31616305226909752bc4fd_6132295fcf5570fb8b0a944ef322a598fc0.jpg?1786960752,Crystal,49,0,SGE
Sho'zhirr Shizahi-jo,28092848,167,200,Phoenix,Light,100,100,c6923f91c3f9e08d53d38488a3040788_5047bc596a4bab2dc7f7c120bb22dec5fc0.jpg?1786960598,Crystal,49,6,UNK
Alex Rider,18844824,169,162,Raiden,Light,100,0,88e1d370b1f9d1b22933e6476449b463_a370664d98f658f4ed4e620f378f73cdfc0.jpg?1786963309,Crystal,47,0,SMN
Const Mar,17323909,169,162,Phoenix,Light,100,0,9b3b80b05e36ff71934a612327c91867_5047bc596a4bab2dc7f7c120bb22dec5fc0.jpg?1786963835,Crystal,47,0,PLD
Drop Dead,61865612,169,162,Raiden,Light,100,0,8b4d73c68bf61dbad86bb051105da5ec_a370664d98f658f4ed4e620f378f73cdfc0.jpg?1786961074,Crystal,47,0,WAR
Onox Farbane,43799244,172,165,Zodiark,Light,100,0,c322e9dd886e64c0365244e0b587448f_c274370774c6bc3483cc8740805f41bcfc0.jpg?1786963913,Crystal,44,0,WAR
Pattinger Kersel,8183392,172,165,Raiden,Light,100,0,4fec5839fc0fc0bba3a80fc4e1910660_a370664d98f658f4ed4e620f378f73cdfc0.jpg?1786962886,Crystal,44,0,SCH
Sotek Scherwil,486374,174,167,Twintania,Light,100,0,c881840c18d6c9fc415801f5f8240174_c33f640c0cdd35f7def85b8aa31a0007fc0.jpg?1786963458,Crystal,37,0,DRK
Gwen Farron,10011051,175,168,Ragnarok,Chaos,100,0,3348ff23f3315e0457aa0694f655e953_40d57ba713628f3f1ef5ef204b6d76d2fc0.jpg?1786962293,Crystal,35,0,DRK
Sakurane Zero'yuurai,13075529,176,169,Ragnarok,Chaos,100,0,b65369d4b043831749f5fa45d2428e30_40d57ba713628f3f1ef5ef204b6d76d2fc0.jpg?1786960798,Crystal,31,0,NIN
Ka La,18103622,177,170,Ragnarok,Chaos,100,0,79cb69a4d9a7535c8ee4e2bbfc9b2a1d_40d57ba713628f3f1ef5ef204b6d76d2fc0.jpg?1786963393,Crystal,28,0,VPR
Mhia Mewrilah,26716262,178,171,Omega,Chaos,100,0,6b70c463b87dca3437d37504f74aad3b_39e25ac3d737c46452305eefe324372cfc0.jpg?1786963353,Crystal,27,0,WHM
Yuripa Arashi,37731658,179,172,Shiva,Light,100,0,73ff0d0b3cc5f92ec79dabffa2bedf80_3fbff0e6b620e4d259dc427abc6574dafc0.jpg?1786962589,Crystal,24,0,WAR
Ebin Almsivi,35310847,180,173,Shiva,Light,100,0,0c72e527d2d86c2ee8f4698832e880b5_3fbff0e6b620e4d259dc427abc6574dafc0.jpg?1786962729,Crystal,23,0,PLD
Vanilla Blossom,41496807,180,173,Moogle,Chaos,100,0,b0e7d1b464d155d8791692fe2e47299d_d7a9d5f85a29d6278ec1c7adc2c8d242fc0.jpg?1786961774,Crystal,23,0,GNB
Ayrelinia Saelinire,41821402,182,175,Spriggan,Chaos,100,0,8604bb768bf59461e5f44eef46ee9961_feaf0a2e88ff164813fbc9b85876fa48fc0.jpg?1786962502,Crystal,20,0,DNC
Yuumi Fish,25707217,183,176,Cerberus,Chaos,100,0,1a7ebbda26c28eb61f262b9fb37e8c6e_777c57311d510ca65dac3c1077dee435fc0.jpg?1786961583,Crystal,18,0,DNC
Aeo We,10437907,184,177,Ragnarok,Chaos,100,0,2cc33bbd6e1f29b872030a98ed37c0fc_40d57ba713628f3f1ef5ef204b6d76d2fc0.jpg?1786963721,Crystal,16,0,UNK
Themis Sol,47563479,185,178,Shiva,Light,100,0,6640d69e3c987c86a5b702d852d86325_3fbff0e6b620e4d259dc427abc6574dafc0.jpg?1786963366,Crystal,13,0,PLD
Limit Cat,37849108,186,181,Lich,Light,100,0,5b03795e0323d8633451ea410c4aeced_7206469080400ed57a5373d0a9c55c59fc0.jpg?1786960833,Crystal,3,3,MNK
Moki Moki,14235486,187,179,Odin,Light,100,0,82d3ef8d03fa7a6ddf4429f15fd296a2_644311b63b607133c989d7c1188467dafc0.jpg?1786962734,Crystal,1,0,MNK
Snap Ringer,18714030,187,179,Omega,Chaos,100,0,77577ce781d587b133c9c53da0974817_39e25ac3d737c46452305eefe324372cfc0.jpg?1786961704,Crystal,1,0,VPR
Lylia Venis,13391767,189,181,Moogle,Chaos,100,0,79af70239d663a69f312f0788f3cf927_d7a9d5f85a29d6278ec1c7adc2c8d242fc0.jpg?1786960547,Crystal,0,0,BRD
Athena Olympe,44680885,190,183,Sagittarius,Chaos,0,0,7e7afe9e9cebc29cee3220c1e0530540_44ca0844398b2d010d8cd4a31ddb023dfc0.jpg?1786962328,Diamond,172,10,BLM
Jou Bright,26172504,191,184,Shiva,Light,0,0,80f6d86c4118e80a4c51ba20920a1384_3fbff0e6b620e4d259dc427abc6574dafc0.jpg?1786963017,Diamond,157,0,DRK
Bagel Egg,18929023,192,185,Omega,Chaos,0,0,f655117235b1c0d199ca39849579a631_39e25ac3d737c46452305eefe324372cfc0.jpg?1786962727,Diamond,138,0,BLM
Lolorei Lalarei,3686155,193,186,Omega,Chaos,0,0,da6ff12e4effc4cbacfe1b954f1c3bf5_39e25ac3d737c46452305eefe324372cfc0.jpg?1786961597,Diamond,117,9,WHM
Lu Mi,47806406,194,187,Raiden,Light,0,0,c8d19bad38e9523a4db779b2bf514973_a370664d98f658f4ed4e620f378f73cdfc0.jpg?1786961067,Diamond,83,0,PLD
Rave Bae,47220633,195,188,Alpha,Light,0,0,e640b0d43fa0078b032cbecc50b4e94c_6132295fcf5570fb8b0a944ef322a598fc0.jpg?1786963140,Diamond,61,0,SMN
Tsuguri Tempest,8093380,196,189,Moogle,Chaos,0,0,673dd69d52b7f7c210bb231091fd1922_d7a9d5f85a29d6278ec1c7adc2c8d242fc0.jpg?1786962435,Diamond,21,4,VPR
Tsu Kee,47596814,197,190,Zodiark,Light,0,0,df5063d6db141a1bc921d4623e08a366_c274370774c6bc3483cc8740805f41bcfc0.jpg?1786962872,Diamond,185,2,BRD
Vic Strider,53817077,198,191,Raiden,Light,0,0,64d68250fabd33e4972dcba2d2638d6c_a370664d98f658f4ed4e620f378f73cdfc0.jpg?1786961883,Diamond,113,0,WHM
Hope Carmine,31931991,199,226,Odin,Light,0,0,4d5e5c176cb534aaf44e67236bf6c171_644311b63b607133c989d7c1188467dafc0.jpg?1786963062,Diamond,90,11,RDM
Sir Azmuth,21784845,200,192,Lich,Light,0,0,aaa9e4ee439eaa5d584760975605186f_7206469080400ed57a5373d0a9c55c59fc0.jpg?1786960443,Diamond,68,0,SAM
Sangon Yukihoshi,11533024,201,193,Raiden,Light,0,0,d5814159d4f4b2afaa562891375a7b01_a370664d98f658f4ed4e620f378f73cdfc0.jpg?1786963329,Diamond,44,0,PLD
Kihn Shirudo,43951482,202,194,Spriggan,Chaos,0,0,2e619166d10daa6082c54563a5af17ff_feaf0a2e88ff164813fbc9b85876fa48fc0.jpg?1786962987,Diamond,41,0,FSH
Irmele Elandris,13301011,203,195,Odin,Light,0,0,545d79c172c687ee4ac495ceca89d9dd_644311b63b607133c989d7c1188467dafc0.jpg?1786962053,Diamond,28,0,AST
Littlebard Crits,44849524,204,196,Lich,Light,0,0,85155be3d7c3c8936c428085496b1e8d_7206469080400ed57a5373d0a9c55c59fc0.jpg?1786961779,Diamond,9,0,UNK
Manji Haq,30381529,205,241,Shiva,Light,0,0,1840291846e97e46d3053d2cb9351608_3fbff0e6b620e4d259dc427abc6574dafc0.jpg?1786962970,Diamond,142,9,VPR
Lavender Yumori,47189865,206,197,Phoenix,Light,0,0,c0a56a85a3c082e0dd3b96359531f30f_5047bc596a4bab2dc7f7c120bb22dec5fc0.jpg?1786963873,Diamond,87,0,DNC
Princess Emi,5884527,207,199,Twintania,Light,0,0,4ab2080550ab1fb15ca76fbfe8e8d512_c33f640c0cdd35f7def85b8aa31a0007fc0.jpg?1786961179,Diamond,57,0,PLD
Shiva Dorys,36432577,208,272,Phoenix,Light,0,0,df6ee6331f96148f2b97966d8a3e2a5a_5047bc596a4bab2dc7f7c120bb22dec5fc0.jpg?1786961097,Diamond,54,10,WHM
Veritan Indaerus,21877909,209,201,Odin,Light,0,0,978a128ddf080c55e3afc742274d0c9f_644311b63b607133c989d7c1188467dafc0.jpg?1786963051,Diamond,32,0,DRG
Tiranna Reinford,12390793,210,0,Moogle,Chaos,0,0,287223c7dac01617ab03a9e54406de0e_d7a9d5f85a29d6278ec1c7adc2c8d242fc0.jpg?1786960809,Diamond,22,0,SMN
Doctor Zoidberg,9214410,211,202,Cerberus,Chaos,0,0,40bc630c90e57d0ca265dd7fc809d5c8_777c57311d510ca65dac3c1077dee435fc0.jpg?1786963912,Diamond,18,0,WAR
Laville Burns,44676490,212,221,Alpha,Light,0,0,1999bb362905ab6ad44fa2e8931ef3dc_6132295fcf5570fb8b0a944ef322a598fc0.jpg?1786962671,Diamond,189,13,ACN
Benedikta Cucumber,55428569,213,203,Sagittarius,Chaos,0,0,1091166e96bfe839d8a067a8fc27848a_44ca0844398b2d010d8cd4a31ddb023dfc0.jpg?1786962560,Diamond,119,0,GNB
Lu' Bu',21757305,214,204,Odin,Light,0,0,20b9e744e2190850310da72ffaf5c5d4_644311b63b607133c989d7c1188467dafc0.jpg?1786961017,Diamond,88,0,VPR
Zerith Ars,7801227,215,205,Zodiark,Light,0,0,d9b23bac7d7203e071be18c6932a61a8_c274370774c6bc3483cc8740805f41bcfc0.jpg?1786962336,Diamond,76,0,DRG
Leenar Raim,45005021,216,206,Raiden,Light,0,0,cd15b6146d9e895f605fe9d8aa6e46d2_a370664d98f658f4ed4e620f378f73cdfc0.jpg?1786961640,Diamond,53,0,DNC
Magisa Vale,43527083,217,207,Phoenix,Light,0,0,50d54724458e52e82fcfc6d537b9e001_5047bc596a4bab2dc7f7c120bb22dec5fc0.jpg?1786963455,Diamond,52,8,RDM
Yuki Shinryu,18457903,218,208,Omega,Chaos,0,0,7c3380880e156cefcc0afc85574b6091_39e25ac3d737c46452305eefe324372cfc0.jpg?1786962267,Diamond,36,5,SCH
Decha Kirk,32806624,219,209,Moogle,Chaos,0,0,e50b415f85b832de8463247f434991ce_d7a9d5f85a29d6278ec1c7adc2c8d242fc0.jpg?1786963062,Diamond,29,0,DNC
Red Fluffy,41965323,220,218,Shiva,Light,0,0,6e4c702e77f55eff42d4c42a07f242db_3fbff0e6b620e4d259dc427abc6574dafc0.jpg?1786962429,Diamond,26,3,SCH
Xanthe Hati,28239197,221,210,Sagittarius,Chaos,0,0,9bf816bfcd7f963908af59458b5500c9_44ca0844398b2d010d8cd4a31ddb023dfc0.jpg?1786962055,Diamond,19,0,DRG
Lia Lothje,30611623,222,211,Odin,Light,0,0,12f34ee0f0d0404c9b47a7fea301f068_644311b63b607133c989d7c1188467dafc0.jpg?1786961371,Diamond,12,0,WHM
Luna Everlight,11876492,223,0,Phantom,Chaos,0,0,87daed323422dd94882b0079ba9f6b3d_f0a43d6e5eea19af337a176e9836acddfc0.jpg?1786960742,Diamond,8,6,RDM
Arima Sui,61051327,224,287,Alpha,Light,0,0,a616749d9bdfd00b6659f83dbb1c8a7f_6132295fcf5570fb8b0a944ef322a598fc0.jpg?1786963877,Diamond,231,21,WAR
Dundee Nic'hpisfa,35976824,225,239,Odin,Light,0,0,8eda92b5ce2e258786d149b7cb349e09_644311b63b607133c989d7c1188467dafc0.jpg?1786961556,Diamond,158,17,SGE
Aru Chiikawa,53173199,226,257,Raiden,Light,0,0,e04a223356da8c93c18581feda55b5bf_a370664d98f658f4ed4e620f378f73cdfc0.jpg?1786963607,Diamond,117,19,NIN
Katarina Kittycat,24355925,227,0,Twintania,Light,0,0,488decc103448e79430a7f4ffa3674c5_c33f640c0cdd35f7def85b8aa31a0007fc0.jpg?1786962320,Diamond,116,12,UNK
Sekai Eri,41303117,228,259,Raiden,Light,0,0,cb1ac59e3c66b2050bc4ee7e3368c36c_a370664d98f658f4ed4e620f378f73cdfc0.jpg?1786961226,Diamond,86,5,UNK
Airi Rhitik,2286171,229,212,Moogle,Chaos,0,0,0e7c747879926e0f575c8444323c478f_d7a9d5f85a29d6278ec1c7adc2c8d242fc0.jpg?1786963458,Diamond,84,3,WHM
Yoe Lleufyn,28631681,230,213,Phoenix,Light,0,0,9584dd8fac44ba749b0855105a0e29e9_5047bc596a4bab2dc7f7c120bb22dec5fc0.jpg?1786963711,Diamond,56,0,PCT
Saki Aiko,58256956,231,214,Zodiark,Light,0,0,f65bf40d95342ebe3141def95c5232bc_c274370774c6bc3483cc8740805f41bcfc0.jpg?1786962129,Diamond,43,0,WHM
Rei Dassario,24597443,232,215,Raiden,Light,0,0,a51ce0a687a31ff3b67287e80ea30aed_a370664d98f658f4ed4e620f378f73cdfc0.jpg?1786963460,Diamond,42,0,VPR
Sheidyn Windsor,30282791,233,216,Omega,Chaos,0,0,e3eaa192d0e2b6192580f940474cd0b5_39e25ac3d737c46452305eefe324372cfc0.jpg?1786963669,Diamond,33,0,SAM
Tomo Kote,55321667,234,217,Zodiark,Light,0,0,5955a289356783d4701df9a9c192d2b8_c274370774c6bc3483cc8740805f41bcfc0.jpg?1786962811,Diamond,32,0,WAR
Fandrix Shadowsong,36051326,235,219,Louisoix,Chaos,0,0,e8515941184b5c25f2622f1899a0969a_0a122616f3718d3f45cab10fd8fc1604fc0.jpg?1786962581,Diamond,21,0,SMN
Erika Avellana,45153856,236,220,Alpha,Light,0,0,d52954932b2c20e3d303cb8cf101f3eb_6132295fcf5570fb8b0a944ef322a598fc0.jpg?1786962117,Diamond,312,12,DRK
Duessa Fidessa,47722925,237,221,Louisoix,Chaos,0,0,3e992addf0aaeeda98883cfe0443f4c4_0a122616f3718d3f45cab10fd8fc1604fc0.jpg?1786960980,Diamond,190,14,SAM
Rem Minase,15335467,238,254,Ragnarok,Chaos,0,0,6f4b9532213e5ed122fcac3e5c3b4cc5_40d57ba713628f3f1ef5ef204b6d76d2fc0.jpg?1786963793,Diamond,171,11,RPR
Ash Zero,49368748,239,223,Shiva,Light,0,0,8c69f041cca72fdc1059bfc9f2f8ecc9_3fbff0e6b620e4d259dc427abc6574dafc0.jpg?1786961250,Diamond,122,1,DNC
Hegel Gil,25438753,240,224,Omega,Chaos,0,0,5ed500fc1dd1d9cbbc95000a80326ff7_39e25ac3d737c46452305eefe324372cfc0.jpg?1786962251,Diamond,102,0,CUL
Flynn Cethlenne,35848614,241,225,Zodiark,Light,0,0,2543efc6def84f10fb27cc68c29b1460_c274370774c6bc3483cc8740805f41bcfc0.jpg?1786960488,Diamond,85,0,SMN
Nana Usui,34696904,242,227,Moogle,Chaos,0,0,abd9e807ccb2486ea89e3deab9cc56d2_d7a9d5f85a29d6278ec1c7adc2c8d242fc0.jpg?1786963794,Diamond,76,0,BLM
Life Enjoyer,28145650,243,0,Raiden,Light,0,0,1f163924ab5a124c00b3684fe37e6e58_a370664d98f658f4ed4e620f378f73cdfc0.jpg?1786963185,Diamond,68,38,DRG
Tung Kniv,36744544,244,228,Spriggan,Chaos,0,0,63aabeb5204c3ae5d2f0295a0f4a8e22_feaf0a2e88ff164813fbc9b85876fa48fc0.jpg?1786962198,Diamond,58,4,GNB
Stephanie Dolla,28876458,245,229,Lich,Light,0,0,753eeef7260d5b48fedb9d189d2b51ca_7206469080400ed57a5373d0a9c55c59fc0.jpg?1786963291,Diamond,42,0,MNK
Durinta Borlaaq,37706432,246,230,Twintania,Light,0,0,5f122a4f83176fe089d903a59809e108_c33f640c0cdd35f7def85b8aa31a0007fc0.jpg?1786961302,Diamond,37,0,SCH
Autuas Au,37357840,247,231,Phantom,Chaos,0,0,5c8929453beb42fb1a167e93eca11abf_f0a43d6e5eea19af337a176e9836acddfc0.jpg?1786962704,Diamond,7,0,UNK
Ryssrael Niunaglwyn,33315027,248,253,Omega,Chaos,0,0,33b521784d0398ac0bb6736f1c6d0a15_39e25ac3d737c46452305eefe324372cfc0.jpg?1786961050,Diamond,208,4,MCH
Jinu Saja,37557023,249,0,Louisoix,Chaos,0,0,ed18601452ec3c3b1def16f37ba89988_0a122616f3718d3f45cab10fd8fc1604fc0.jpg?1786963371,Diamond,111,13,UNK
Lo Enha,27971408,250,243,Moogle,Chaos,0,0,5236c7cc585f6b9213e6d33f05e78c61_d7a9d5f85a29d6278ec1c7adc2c8d242fc0.jpg?1786960753,Diamond,88,3,BLM
Akurei Amotanius,36595921,251,233,Odin,Light,0,0,ca5d9f24b62995e3bcb5d25cc576fc70_644311b63b607133c989d7c1188467dafc0.jpg?1786961642,Diamond,49,0,MNK
Nicco Sushi,42846008,252,234,Alpha,Light,0,0,ffcb0ee6f92ba9224ade0ee2b0e9917b_6132295fcf5570fb8b0a944ef322a598fc0.jpg?1786961606,Diamond,36,0,DNC
Isca Mog,32212471,253,235,Zodiark,Light,0,0,e47f3ccc4bd8599193929766ab0abd2c_c274370774c6bc3483cc8740805f41bcfc0.jpg?1786962149,Diamond,19,0,BLM
Mina Ha,50543888,254,236,Raiden,Light,0,0,712f53c2b6ed3bc9fa9cc0b0b60a16d7_a370664d98f658f4ed4e620f378f73cdfc0.jpg?1786962656,Diamond,16,0,PLD
Certin Ferocia,26600453,255,0,Spriggan,Chaos,0,0,528919b4d45df00513ad6c80440fc2f4_feaf0a2e88ff164813fbc9b85876fa48fc0.jpg?1786960895,Diamond,9,3,SGE
Zhinna Maya,8219011,256,237,Odin,Light,0,0,b96bc839d3db0d26e61bf4b24282c925_644311b63b607133c989d7c1188467dafc0.jpg?1786963452,Diamond,7,0,WAR
Naralis A'roihan,35460975,257,238,Odin,Light,0,0,39833ac3dfdbb3ea64ab911763fea294_644311b63b607133c989d7c1188467dafc0.jpg?1786960826,Diamond,234,14,SCH
Rose Nashi'rah,5586423,258,240,Moogle,Chaos,0,0,eabb33d9d4a68beb623fdbad8de0ccd2_d7a9d5f85a29d6278ec1c7adc2c8d242fc0.jpg?1786963350,Diamond,144,4,SMN
Minmo Dev,7902844,259,242,Zodiark,Light,0,0,782214fa536a78747ce926bd4967671f_c274370774c6bc3483cc8740805f41bcfc0.jpg?1786961994,Diamond,108,0,WHM
Yorda Dormin,35730883,260,244,Phantom,Chaos,0,0,37968b7968327b583f23e52d999337f9_f0a43d6e5eea19af337a176e9836acddfc0.jpg?1786963964,Diamond,75,0,UNK
Leia Leia,61767715,261,246,Twintania,Light,0,0,da1bea022b3ca64e80681b4a30a9d7e1_c33f640c0cdd35f7def85b8aa31a0007fc0.jpg?1786963293,Diamond,58,0,UNK
Zaiko Kazer,29649679,262,247,Lich,Light,0,0,ab5b87afe7d1d53f8a61b85e0c0d0e8d_7206469080400ed57a5373d0a9c55c59fc0.jpg?1786961234,Diamond,48,0,DRK
Dopa Mine,44403027,263,249,Phantom,Chaos,0,0,8d27501fd3361cf138655132263db4b5_f0a43d6e5eea19af337a176e9836acddfc0.jpg?1786961218,Diamond,30,0,AST
Zylith Everis,28966943,263,249,Twintania,Light,0,0,7026f5dd5e5e7bb5563ceb3c506856ee_c33f640c0cdd35f7def85b8aa31a0007fc0.jpg?1786962094,Diamond,30,0,MCH
Roomi Mae,47248743,265,251,Raiden,Light,0,0,770a624522dc3f95ef75247a554dceb7_a370664d98f658f4ed4e620f378f73cdfc0.jpg?1786961349,Diamond,5,0,RDM
Crystalia Aguilau'ra,51094995,266,252,Phantom,Chaos,0,0,e8e576c74bb3b06299949b7258aa8c6b_f0a43d6e5eea19af337a176e9836acddfc0.jpg?1786960946,Diamond,327,7,UNK
Cleave Swayne,32152099,267,255,Spriggan,Chaos,0,0,6e24d9e414ab0c7f3318dd753ec84764_feaf0a2e88ff164813fbc9b85876fa48fc0.jpg?1786962194,Diamond,153,1,DRK
Riku Yamamoto,50962515,268,256,Raiden,Light,0,0,2737e3393944ab82a3eec48071df16a8_a370664d98f658f4ed4e620f378f73cdfc0.jpg?1786961987,Diamond,120,5,MCH
Blaine Skyler,37236741,269,0,Louisoix,Chaos,0,0,f892c4691642e8efdead7c502a5d01f0_0a122616f3718d3f45cab10fd8fc1604fc0.jpg?1786962023,Diamond,93,3,MCH
Ye Jin,49057312,270,258,Alpha,Light,0,0,c230435310db6e112e461dbdcafe4cf0_6132295fcf5570fb8b0a944ef322a598fc0.jpg?1786963638,Diamond,85,0,UNK
Losifara Murubra,60831841,271,260,Spriggan,Chaos,0,0,8213c4db91e45c0cc6a39282273c0a37_feaf0a2e88ff164813fbc9b85876fa48fc0.jpg?1786963302,Diamond,74,0,DNC
Core Flare,44609138,272,261,Raiden,Light,0,0,4d277108d876101c6b97212a26f6bc97_a370664d98f658f4ed4e620f378f73cdfc0.jpg?1786962786,Diamond,52,0,SAM
Ray Croft,29659793,273,262,Shiva,Light,0,0,56ebf33c0c49fd7529d32303d4b7c8d9_3fbff0e6b620e4d259dc427abc6574dafc0.jpg?1786962607,Diamond,50,0,GNB
Monoplof Stormbringer,25662739,274,263,Raiden,Light,0,0,8d6ac074a075b30c794a796a54a7b6dc_a370664d98f658f4ed4e620f378f73cdfc0.jpg?1786962106,Diamond,42,0,WAR
Kaede Amamiya,25944628,275,0,Cerberus,Chaos,0,0,13e03898baafa9786d351bd06a0000a8_777c57311d510ca65dac3c1077dee435fc0.jpg?1786961318,Diamond,11,6,SMN
Yamakaji Edo'sen,22194618,276,264,Moogle,Chaos,0,0,d7972041e4c6c98f2e38ec21d2bc56c2_d7a9d5f85a29d6278ec1c7adc2c8d242fc0.jpg?1786961159,Diamond,8,0,UNK
Remy Galleu,52837552,277,265,Alpha,Light,0,0,1c98cde60dda0890554eff5601f7b441_6132295fcf5570fb8b0a944ef322a598fc0.jpg?1786960666,Diamond,7,0,UNK
William Sharpeye,31183782,277,265,Moogle,Chaos,0,0,f90b7bfd929ec716aa63dc03d0533a18_d7a9d5f85a29d6278ec1c7adc2c8d242fc0.jpg?1786962776,Diamond,7,0,FSH
Joshu Allagyn,27728519,279,267,Odin,Light,0,0,f798676d84c6f5f85c2bb9f1b6c5e18b_644311b63b607133c989d7c1188467dafc0.jpg?1786960864,Diamond,116,7,VPR
Alice Kittimo,34781171,280,268,Cerberus,Chaos,0,0,ec971a9e6eba1c32ecd2e88bec8f2c49_777c57311d510ca65dac3c1077dee435fc0.jpg?1786960750,Diamond,85,4,SMN
Alabaster Arcadia,39618537,281,0,Phoenix,Light,0,0,04f03f1ffd5a39f931966123f856ea6c_5047bc596a4bab2dc7f7c120bb22dec5fc0.jpg?1786963923,Diamond,73,14,BRD
Vincent God,14069867,282,269,Phoenix,Light,0,0,7d8e17eab1b900c1741204dbf199eb48_5047bc596a4bab2dc7f7c120bb22dec5fc0.jpg?1786963788,Diamond,68,0,CUL
Queenie Skyfrost,34868775,283,270,Odin,Light,0,0,4c0182a4bd02a557a3e29b795c1e0b9c_644311b63b607133c989d7c1188467dafc0.jpg?1786962589,Diamond,53,0,SMN
Lolarita Rorry,39677497,284,271,Odin,Light,0,0,3c990f7c55a34985fb496735b20a6b10_644311b63b607133c989d7c1188467dafc0.jpg?1786960505,Diamond,46,0,DNC
Feru Gray,23862847,285,274,Phoenix,Light,0,0,92d6f7ccce171db148f573ffecc8e15d_5047bc596a4bab2dc7f7c120bb22dec5fc0.jpg?1786962921,Diamond,43,1,GNB
Smoothie Sour,42056621,285,273,Zodiark,Light,0,0,247388cdfc4db1451cf9df83cce7b3a1_c274370774c6bc3483cc8740805f41bcfc0.jpg?1786963005,Diamond,43,0,MCH
Astral Highwind,29689702,287,275,Omega,Chaos,0,0,97af63b900951c4e5b86b87e21f0d233_39e25ac3d737c46452305eefe324372cfc0.jpg?1786963713,Diamond,8,0,WHM
Mirajane Hylian,24248886,288,276,Omega,Chaos,0,0,32bbb40f8ae6e32a1317f2919c7a1a42_39e25ac3d737c46452305eefe324372cfc0.jpg?1786960762,Diamond,7,0,MNK
Naja Hena,47023573,289,277,Phantom,Chaos,0,0,b5a2b24e4a5514b38ac2cb02bb3fdd7f_f0a43d6e5eea19af337a176e9836acddfc0.jpg?1786963415,Diamond,4,0,WAR
Sonnas Dedede,37860927,290,278,Twintania,Light,0,0,25b1bad7226a0841ef265c7dc5b0eba9_c33f640c0cdd35f7def85b8aa31a0007fc0.jpg?1786962589,Diamond,152,5,DRK
Eeva Lightwood,34867115,291,279,Phoenix,Light,0,0,029a994eac70f6897fab7cb241b4204b_5047bc596a4bab2dc7f7c120bb22dec5fc0.jpg?1786961803,Diamond,118,3,SGE
Charon Tesar,2860491,292,280,Shiva,Light,0,0,71fb4ffe6d15608a77682afdbdef53d7_3fbff0e6b620e4d259dc427abc6574dafc0.jpg?1786963147,Diamond,104,0,PCT
Pave Zen,51542459,293,281,Zodiark,Light,0,0,c62f2300698b05a5ff2e27ea4ec74914_c274370774c6bc3483cc8740805f41bcfc0.jpg?1786963727,Diamond,79,0,MRD
Indrxon Darkdrake,39417099,294,0,Zodiark,Light,0,0,ad54d57c1df432e3d1125b26e7a70c69_c274370774c6bc3483cc8740805f41bcfc0.jpg?1786961192,Diamond,47,14,SGE
Uraraka Lunae,19968499,295,282,Louisoix,Chaos,0,0,87178981b631653f4905b195c6c49583_0a122616f3718d3f45cab10fd8fc1604fc0.jpg?1786963609,Diamond,38,0,MNK
Catlisaie Leveilleur,38928587,296,283,Sagittarius,Chaos,0,0,b49cedcc9313e5b78f3c3e17f3a3b68c_44ca0844398b2d010d8cd4a31ddb023dfc0.jpg?1786962024,Diamond,23,3,WAR
Brindacier Alomon,26055030,297,284,Phoenix,Light,0,0,fbefc8262b34e93b398aa2dde0c2e4b8_5047bc596a4bab2dc7f7c120bb22dec5fc0.jpg?1786962018,Diamond,15,0,SCH
Endorel Soro,12949151,298,285,Alpha,Light,0,0,038b9a835f84a3b80a8a467605d3dd8c_6132295fcf5570fb8b0a944ef322a598fc0.jpg?1786960940,Diamond,10,0,UNK
Taivas L'tulta,46948666,298,285,Odin,Light,0,0,30ba088e17b99c9f748bd47b4ff33fb4_644311b63b607133c989d7c1188467dafc0.jpg?1786962074,Diamond,10,0,SCH
T'syl Mitnu,35875855,300,288,Twintania,Light,0,0,20f1860def433fa504db9aefe1d56299_c33f640c0cdd35f7def85b8aa31a0007fc0.jpg?1786963389,Diamond,98,0,MNK
Sensei Jyutusi,20995129,1,0,Chocobo,Mana,3731,0,218ddf1e9e095da9f0b9d5866f9f2d80_781d6b3603312f6be41670afa37282e0fc0.jpg?1786961490,Omega,129,5,MCH
Sorin Maki,53900927,2,8,Durandal,Gaia,3247,599,b0d4570e39585eb6b5ba7458ff8781a7_806ea5b45071d5cd6bf393e38462ee71fc0.jpg?1786963427,Omega,101,7,WHM
K' R',8489348,3,2,Chocobo,Mana,3197,0,38834b79bf39846f80b605b4a592c2eb_781d6b3603312f6be41670afa37282e0fc0.jpg?1786961470,Omega,114,0,WAR
Yurugi Koyurugi,29769522,4,3,Belias,Meteor,3177,0,ce65dfc48d522a7a126208d94cdc2852_894c4bd0beab2e2beb44b74f4c4bd206fc0.jpg?1786962825,Omega,70,0,PLD
Happo Hapo,59173770,5,4,Pandaemonium,Mana,2976,95,8d06d5697fa5f35516e08e77ecb4eff8_470db1bf2e865f9130531fea40b61ee4fc0.jpg?1786963441,Omega,47,1,VPR
Dome Violet,45179152,6,5,Masamune,Mana,2918,100,a95c15ebd393e5497d6641d375ec02b1_134930215abb8a90ec37d6cc05b05e08fc0.jpg?1786961225,Omega,161,10,BRD
Bakeke Bake,40527195,7,6,Asura,Mana,2695,0,2df47416611081755cf9e0cd7c586afa_53f1445a9f28799a32ea55f046319fc3fc0.jpg?1786962596,Omega,104,6,MCH
Vivi Ann,4766157,8,7,Kujata,Elemental,2694,0,9543e197b2faf03aa21058f9deedc408_72c48f093f2278ac3243962d3eb6a8d7fc0.jpg?1786962755,Omega,106,8,AST
Paker Zuka,35106373,9,0,Bahamut,Gaia,2618,0,1dfba22310e23cd21bd3a7481bf928e1_86da943caa70c8694707ab2ff74e68c9fc0.jpg?1786961560,Omega,79,0,UNK
Kim Shin,2354630,10,57,Masamune,Mana,2617,615,9d6bba308f1c44ad24883a9717b4d480_134930215abb8a90ec37d6cc05b05e08fc0.jpg?1786961527,Omega,51,14,NIN
Naku Cha,51398763,11,0,Zeromus,Meteor,2598,98,d1f355424cec05811e0f15dc0a707de5_c76848359d0b4d2f37aefbb9903ed97bfc0.jpg?1786961359,Omega,42,3,DRG
Ciel Cocco,27192023,12,10,Anima,Mana,2586,0,05df3829299dc9e3c4ba0bceb512525a_2f698530a28d671d20278c8518c804c9fc0.jpg?1786962347,Omega,117,10,WAR
Wonton Starlight,27496660,13,18,Chocobo,Mana,2571,201,8d6c3f0a6f695cdc94b9234b6c28be22_781d6b3603312f6be41670afa37282e0fc0.jpg?1786962816,Omega,177,10,RPR
Jay Eins,3930926,14,12,Chocobo,Mana,2499,0,31d212c5602873cad51c02ca3a1707f4_781d6b3603312f6be41670afa37282e0fc0.jpg?1786961262,Omega,66,0,DRG
Robs Wiz,47501636,15,17,Aegis,Elemental,2491,102,24b0e4e155ae76da2a553003980ac156_3ea38e723c590aabf186367e1eb7e6a1fc0.jpg?1786961359,Omega,170,4,RDM
Aizen Sosuke,46625154,16,13,Asura,Mana,2486,0,084fe9c7ee753ba32657d9e49b4edde5_53f1445a9f28799a32ea55f046319fc3fc0.jpg?1786962237,Omega,121,4,UNK
Hatozo Ito,39455624,17,14,Typhon,Elemental,2471,0,a2de1cbebb1230e8f11f0fa765df7d0f_32d8c9c7cd5f62d62da2d31b6750a680fc0.jpg?1786960964,Omega,38,3,RDM
Tsuchi Tsuki,39089046,18,15,Bahamut,Gaia,2465,0,032858264c706c6341f57dbef9e86da1_86da943caa70c8694707ab2ff74e68c9fc0.jpg?1786962732,Omega,48,4,DRK
Makina Belg,23683223,19,16,Belias,Meteor,2431,0,ffed281791b6f91e5a2000e4917cfeeb_894c4bd0beab2e2beb44b74f4c4bd206fc0.jpg?1786962486,Omega,138,0,MNK
Atsu Bow,47953241,20,19,Mandragora,Meteor,2370,0,a397b9893231105b4549ed9a8721c60a_ee738654add55c3d07ea92d8e108074cfc0.jpg?1786961674,Omega,167,19,DRG
Taroe Kobuta,8734523,21,20,Kujata,Elemental,2367,0,821347c202f7d7d6b676bd393bcdfdae_72c48f093f2278ac3243962d3eb6a8d7fc0.jpg?1786961510,Omega,261,21,RPR
Aurora Duskveil,14659861,22,63,Carbuncle,Elemental,2347,447,8d51113f06ccc3227a4928f8ab5ddee6_9eb3c19866f7ae0eeeffac7bf770aba5fc0.jpg?1786961298,Omega,119,18,AST
Snow Albarn,25263326,23,21,Fenrir,Gaia,2336,0,fa179c06d46acce251bb94d22a05e931_d384cf5ad7db803f29799f36ebbc3eadfc0.jpg?1786963037,Omega,110,13,PCT
Kappi Scarlet,11922639,24,22,Asura,Mana,2324,0,820f32c739a02029fdacf6c96cbf1fa4_53f1445a9f28799a32ea55f046319fc3fc0.jpg?1786962720,Omega,110,1,RPR
Basta Reno,31797927,25,23,Carbuncle,Elemental,2305,0,22b32c1986bb9c2732e5f877f7cbdbd6_9eb3c19866f7ae0eeeffac7bf770aba5fc0.jpg?1786963429,Omega,66,0,VPR
Zsika Mu',18898369,26,24,Ridill,Gaia,2297,0,ed7f8569bf4537dfd9f2ea953ad59e8a_138751880f18161a907d7cf0faa43f07fc0.jpg?1786961970,Omega,54,0,UNK
Shiman Chu,38475144,27,29,Yojimbo,Meteor,2281,95,4cb93a24c937da83418345140d361e9b_4a92c619bde4f34cfa77e05fef21ad85fc0.jpg?1786963425,Omega,69,5,SAM
Djinn Piston,44999217,28,67,Durandal,Gaia,2277,404,f34e66517ae3b26262c9b4f09835c5a0_806ea5b45071d5cd6bf393e38462ee71fc0.jpg?1786961147,Omega,41,14,MNK
Sono Ta,49701933,29,42,Shinryu,Meteor,2276,199,c5fbe5dc524e8f9d2eb8b7c350df2a00_87b7d447f40b06dfc7228caf195f7dcffc0.jpg?1786963936,Omega,45,2,MNK
Merry Scrald,11886780,30,45,Belias,Meteor,2267,198,7bfbd82582fd003bc514339935d874a7_894c4bd0beab2e2beb44b74f4c4bd206fc0.jpg?1786961143,Omega,50,6,AST
Lupinus Lily,33777966,31,47,Ultima,Gaia,2263,198,6f019b443ab48375b1bcc5e5aa0debf9_9df1b3cb0da35db33c17ef11ddf12adafc0.jpg?1786961425,Omega,85,2,GNB
Kuno Cadenzavnaeve,42178142,32,25,Ifrit,Gaia,2260,0,85baa25ca299e93ef56226f40814f03b_f9f796348bc43067c7242ec4551cde69fc0.jpg?1786963179,Omega,84,0,PCT
Imlink Rr,46726473,33,26,Bahamut,Gaia,2245,0,6c9ffcd32b7d78e8b7e09c63d130ef2a_86da943caa70c8694707ab2ff74e68c9fc0.jpg?1786962075,Omega,217,15,MCH
Velvet Shilky,15655369,34,27,Anima,Mana,2244,0,988a0ec11e3b6bbbfc5478b0eab4b03f_2f698530a28d671d20278c8518c804c9fc0.jpg?1786962465,Omega,188,13,DRG
Lan Dame-celot,31839759,35,32,Ifrit,Gaia,2238,98,c278e5b98fa396fbc950aeafdb5aaee8_f9f796348bc43067c7242ec4551cde69fc0.jpg?1786962933,Omega,57,4,MCH
Death-by Glamour,50007656,36,28,Fenrir,Gaia,2236,0,73746aab8b21d5917fab43f4db6f35aa_d384cf5ad7db803f29799f36ebbc3eadfc0.jpg?1786960578,Omega,56,0,UNK
Rya Myosotisy,44244496,37,30,Asura,Mana,2182,0,d39af5863481d80b66f4fe05bf80d003_53f1445a9f28799a32ea55f046319fc3fc0.jpg?1786961615,Omega,117,4,SCH
Tarex Youva,26374295,38,31,Tonberry,Elemental,2154,0,7dad78de32b2e7e31077d03f095a81ac_7bb6b1e488f0e4f01c5314d010b60f31fc0.jpg?1786961657,Omega,157,0,RDM
Sukoya Mihirogi,42042279,39,50,Anima,Mana,2150,100,58dacb01c0c75e38125f892840beb026_2f698530a28d671d20278c8518c804c9fc0.jpg?1786963741,Omega,132,1,NIN
Sidurgu Obsidian,17768556,40,33,Garuda,Elemental,2139,0,19277f9e0fcd9432fb16b0e1cbad47a7_fcb1f5b0249d1069e5bdc66d0796f26afc0.jpg?1786960787,Omega,83,0,AST
Emil Sarasun,7191072,41,54,Asura,Mana,2138,103,052a2527c0dee23533f8162c40d66898_53f1445a9f28799a32ea55f046319fc3fc0.jpg?1786961714,Omega,74,5,SMN
Flavia Saurva,29364722,42,34,Chocobo,Mana,2089,0,4a9b8d9e5f338a0c28625b5656567941_781d6b3603312f6be41670afa37282e0fc0.jpg?1786962936,Omega,52,0,RPR
Yuki Macaron-vanille,37997737,43,35,Ridill,Gaia,2087,0,87df14febf49ad8a24a323b239fb3250_138751880f18161a907d7cf0faa43f07fc0.jpg?1786963715,Omega,66,0,RDM
Kikiru Kiru,32877503,44,36,Pandaemonium,Mana,2086,0,e7b80247dc6473f7ec0cd4127f78efb3_470db1bf2e865f9130531fea40b61ee4fc0.jpg?1786963305,Omega,35,0,RDM
Avail Tec,46450631,45,37,Garuda,Elemental,2085,0,174c8b1a79d654754078bef6b8c51067_fcb1f5b0249d1069e5bdc66d0796f26afc0.jpg?1786961175,Omega,78,0,SAM
Ardbert Hylfyst,31584604,46,38,Belias,Meteor,2085,0,964952d6da8636ab55a5b87a925f0d4c_894c4bd0beab2e2beb44b74f4c4bd206fc0.jpg?1786960533,Omega,31,0,UNK
Kite Free,28865954,47,39,Kujata,Elemental,2083,0,b602646591e3d050094503c65590ee4c_72c48f093f2278ac3243962d3eb6a8d7fc0.jpg?1786963114,Omega,26,0,DRK
Ura Ururu,59087727,48,40,Chocobo,Mana,2080,0,cbc6fb7e99cc3d57226a4684079c139c_781d6b3603312f6be41670afa37282e0fc0.jpg?1786961802,Omega,40,0,BRD
Muri Puri,48472062,49,41,Ramuh,Meteor,2080,0,fcc01230b112ceb73d1f33197394d5c6_410ddb5a66a2fcacf538bec5ea5d0291fc0.jpg?1786961574,Omega,32,0,PLD
Fania Eckert,2837251,50,43,Titan,Mana,2076,0,7177d6fdd5036eebc72834f8376cd1cf_e2bb3f9679fec6d4836fcf8abcc3eeacfc0.jpg?1786963550,Omega,180,0,WHM
Shion Amber,26147773,51,44,Unicorn,Meteor,2075,0,e2ecf01d14ce449e8393bc3f5dfc57f4_393eb74047bb90c8d80dea54218430eefc0.jpg?1786963948,Omega,32,0,WAR
Sha Moji,19121169,52,46,Carbuncle,Elemental,2068,0,eb82915777eea0c952b2885bf59641d9_9eb3c19866f7ae0eeeffac7bf770aba5fc0.jpg?1786961201,Omega,120,1,GNB
Lancer Yan,18545180,53,48,Fenrir,Gaia,2059,0,b5d95c2f29f83c258c8ed96425acd32b_d384cf5ad7db803f29799f36ebbc3eadfc0.jpg?1786961510,Omega,59,0,NIN
Scarlet Liora,50450849,54,49,Ridill,Gaia,2056,0,823b2552238fefce05d1a2e39630911f_138751880f18161a907d7cf0faa43f07fc0.jpg?1786963014,Omega,75,0,PCT
Akatuki Re,22410327,55,120,Carbuncle,Elemental,2051,592,b3e601fbc493d7bc642faec11f3c05fb_9eb3c19866f7ae0eeeffac7bf770aba5fc0.jpg?1786963114,Omega,71,9,SCH
Tango Ngo,47753273,56,51,Alexander,Gaia,2047,0,c8ff6406f324ec51842e0a491ba1e4fa_b7a71d8799cf6dd75b711a7f52de6675fc0.jpg?1786962975,Omega,140,0,VPR
Ciao' Chu-ru,46227731,57,52,Asura,Mana,2042,0,4407462a62eb8cb31cec691e9f214c86_53f1445a9f28799a32ea55f046319fc3fc0.jpg?1786963846,Omega,62,0,UNK
Creya Oaks,20662074,58,53,Tonberry,Elemental,2037,0,0fb57385ff1c90e3ea26edc53722b78c_7bb6b1e488f0e4f01c5314d010b60f31fc0.jpg?1786960600,Omega,200,19,BRD
Sakura Nemutai,55109399,59,55,Titan,Mana,2021,0,efa9ef6672998c8a9c860e5e104d6b3e_e2bb3f9679fec6d4836fcf8abcc3eeacfc0.jpg?1786963920,Omega,137,3,SGE
Devil May'cry,43140387,60,56,Chocobo,Mana,2015,0,bc38e75d4332eb0a661f158200cedb80_781d6b3603312f6be41670afa37282e0fc0.jpg?1786962354,Omega,44,0,UNK
Yoruki Hiroran,56925172,61,58,Typhon,Elemental,2001,0,68df19c82415e8fed5592345fb9acbd3_32d8c9c7cd5f62d62da2d31b6750a680fc0.jpg?1786960960,Omega,43,0,SGE
Furanzeska Sumeragi,8414050,62,74,Tonberry,Elemental,1977,198,7300d72d23103eb5494b3e21bf99b3b6_7bb6b1e488f0e4f01c5314d010b60f31fc0.jpg?1786961824,Crystal,68,3,RDM
Kirakira Akira,55531034,63,117,Typhon,Elemental,1973,492,5934f798f998575286709c767ba05f59_32d8c9c7cd5f62d62da2d31b6750a680fc0.jpg?1786962814,Crystal,35,13,WAR
Iroha Date,6961136,64,75,Aegis,Elemental,1968,192,554b38366a6696fd4ca04583ad727660_3ea38e723c590aabf186367e1eb7e6a1fc0.jpg?1786961423,Crystal,101,10,SCH
Ajika Rajika,6811285,65,60,Tiamat,Gaia,1916,0,97621d00c96124d00a3c01cec2dde5f8_9f10d335198e90990f3437c5733468e7fc0.jpg?1786963098,Crystal,94,0,UNK
Jawa San,3768644,66,61,Titan,Mana,1912,0,6dc7f48778a077c0339870e942a79f2e_e2bb3f9679fec6d4836fcf8abcc3eeacfc0.jpg?1786962542,Crystal,96,12,NIN
Meilkea Inori,40934425,67,99,Aegis,Elemental,1904,318,4c256b756b0f4f43b209ec71728dc0e2_3ea38e723c590aabf186367e1eb7e6a1fc0.jpg?1786960908,Crystal,253,9,UNK
Wuruwuru Yaya,19903532,68,62,Asura,Mana,1904,0,c4dcc6326814217e41a2636e5dd8eea3_53f1445a9f28799a32ea55f046319fc3fc0.jpg?1786963399,Crystal,103,9,NIN
Roric Thorne,59323169,69,64,Pandaemonium,Mana,1892,0,4ff669632484c5fdf241ea2b9f955435_470db1bf2e865f9130531fea40b61ee4fc0.jpg?1786963180,Crystal,22,0,BLM
Lain Wired,1578110,70,65,Chocobo,Mana,1881,0,51b29015827612eb3c28c2c8dd0f43ef_781d6b3603312f6be41670afa37282e0fc0.jpg?1786960894,Crystal,116,0,SGE
Minisuta Blood,24769179,71,112,Atomos,Elemental,1880,389,851ddd354ea9b3a8e623078a0f4d8a05_cf768a751b1f5e355c2fd39a9ed91f3ffc0.jpg?1786962723,Crystal,30,7,DRG
Xignas Schwalbe,2577287,72,88,Anima,Mana,1877,214,726f737868161a35f25fb4e06bccf08e_2f698530a28d671d20278c8518c804c9fc0.jpg?1786961719,Crystal,162,5,VPR
Inx Chrono,21920611,73,66,Yojimbo,Meteor,1875,0,83c01df24231dda93176c28e69768459_4a92c619bde4f34cfa77e05fef21ad85fc0.jpg?1786960969,Crystal,169,26,MCH
Aman Kaharmine,37434311,74,68,Belias,Meteor,1869,0,7fa9aa672753e286a5710cf338755727_894c4bd0beab2e2beb44b74f4c4bd206fc0.jpg?1786961751,Crystal,248,18,UNK
U-ta Rona,33778140,75,69,Ifrit,Gaia,1862,0,5364399662a84913de2dc736c1cdcfc6_f9f796348bc43067c7242ec4551cde69fc0.jpg?1786963134,Crystal,70,5,AST
Coffee Mint,29415966,76,70,Titan,Mana,1828,0,e5a147803c62c81952bc0c786dcfc3cb_e2bb3f9679fec6d4836fcf8abcc3eeacfc0.jpg?1786961725,Crystal,550,1,DRG
Ruru Rururun,41786182,77,104,Ifrit,Gaia,1812,284,3fd0ff0d0e58f6a761a54eebd33b7bc6_f9f796348bc43067c7242ec4551cde69fc0.jpg?1786961384,Crystal,264,36,UNK
Black' Cat,27132360,78,71,Ifrit,Gaia,1800,0,25f0dd65be1cf71e9e26e0bcc0dc271f_f9f796348bc43067c7242ec4551cde69fc0.jpg?1786963570,Crystal,79,11,PLD
Fukino- Tou,41897292,79,72,Atomos,Elemental,1795,0,00e4fa0363ae4aa7ef50ce8aa15dbd81_cf768a751b1f5e355c2fd39a9ed91f3ffc0.jpg?1786962071,Crystal,85,0,MCH
Suteiki Niku,21443132,80,83,Ixion,Mana,1786,99,2f186f805d4bb29abd9458d61593b81a_7126768d768f6c6c7fed3eaee98c3a8afc0.jpg?1786960821,Crystal,162,18,VPR
Cey Noqed,56239764,81,73,Anima,Mana,1783,0,05a455503c1b9dc0712f50ad519d9d21_2f698530a28d671d20278c8518c804c9fc0.jpg?1786963751,Crystal,77,1,BLM
Lucy Tave,5530448,82,76,Durandal,Gaia,1774,0,fd7ea485d2ba7644c76c49d7b00fce24_806ea5b45071d5cd6bf393e38462ee71fc0.jpg?1786960624,Crystal,407,21,WAR
Piccolo Saaaaann,23336998,83,77,Asura,Mana,1770,0,efa27fc6ea5fa0a09f429159c3346a0f_53f1445a9f28799a32ea55f046319fc3fc0.jpg?1786960387,Crystal,185,1,WAR
Korone Yubi,38334943,84,78,Yojimbo,Meteor,1768,6,f96e46a75ff8692aefd4bf0841f4e177_4a92c619bde4f34cfa77e05fef21ad85fc0.jpg?1786960706,Crystal,111,12,SGE
Yuuki Swallowtail,32886185,85,79,Kujata,Elemental,1714,0,712840b89db68c0862aff570eefb28c6_72c48f093f2278ac3243962d3eb6a8d7fc0.jpg?1786962730,Crystal,97,0,SMN
Cinzia Castagnone,42223337,86,153,Ultima,Gaia,1713,407,f04869081ccf9229ca06746e399b2740_9df1b3cb0da35db33c17ef11ddf12adafc0.jpg?1786961973,Crystal,91,14,AST
Kaede Felis,33728274,87,113,Typhon,Elemental,1710,220,40686a32bf2ab631ff7e7677fc614cb3_32d8c9c7cd5f62d62da2d31b6750a680fc0.jpg?1786962814,Crystal,116,10,DRG
Rex Cold,46340519,88,80,Bahamut,Gaia,1709,0,5a590acfa6bbe6cddd1eb5143c7070f2_86da943caa70c8694707ab2ff74e68c9fc0.jpg?1786960679,Crystal,55,0,UNK
Orpheus Jongleur,3414846,89,81,Bahamut,Gaia,1702,0,091f84408fe996c55b0d18af8fc1d9d6_86da943caa70c8694707ab2ff74e68c9fc0.jpg?1786961875,Crystal,64,0,BRD
Mialulu Sabotage,33714151,90,111,Tiamat,Gaia,1701,206,ed107570ce5fd9ee695034c45ef4d395_9f10d335198e90990f3437c5733468e7fc0.jpg?1786962541,Crystal,43,6,BRD
Ml Tei,47822875,91,82,Alexander,Gaia,1695,0,259bd72e639c252e3e6ab819661c07a6_b7a71d8799cf6dd75b711a7f52de6675fc0.jpg?1786963740,Crystal,24,0,BRD
Sead Slendisch,27788989,92,240,Asura,Mana,1683,683,c9bd1276c77cf644ce955ce68575aa37_53f1445a9f28799a32ea55f046319fc3fc0.jpg?1786963839,Crystal,80,20,SGE
Nao Fu,41247403,93,98,Shinryu,Meteor,1682,95,cfc231e11fac22b1fb8d9d27cee48586_87b7d447f40b06dfc7228caf195f7dcffc0.jpg?1786963313,Crystal,61,2,AST
Mao Caprice,32793338,94,84,Titan,Mana,1675,0,101c8c73de660221dc8ad95fafa4ad3c_e2bb3f9679fec6d4836fcf8abcc3eeacfc0.jpg?1786963143,Crystal,77,0,MNK
Aurelia Stratosfera,26527089,95,85,Unicorn,Meteor,1675,0,0ed689683555a9555b96a5599288d4a1_393eb74047bb90c8d80dea54218430eefc0.jpg?1786963871,Crystal,64,0,SAM
Wabi Suke,1601102,96,86,Asura,Mana,1674,0,355b0ae1cb512875c96e88afa06d36a7_53f1445a9f28799a32ea55f046319fc3fc0.jpg?1786962707,Crystal,281,21,NIN
Moi Pomme,56383677,97,87,Anima,Mana,1672,5,df195b6c463065fc5c6cf34724d6875c_2f698530a28d671d20278c8518c804c9fc0.jpg?1786962447,Crystal,76,21,SMN
Yuki Yui,25457703,98,89,Ultima,Gaia,1622,0,53e27d2153b5d4878ef23b1326589ff5_9df1b3cb0da35db33c17ef11ddf12adafc0.jpg?1786962157,Crystal,114,10,UNK
Scrambledegg Man,49825055,99,90,Atomos,Elemental,1608,0,1299b45b377e351257f93184002c1b42_cf768a751b1f5e355c2fd39a9ed91f3ffc0.jpg?1786963520,Crystal,24,0,GNB
Falaris Whitemoon,39272552,100,91,Carbuncle,Elemental,1602,0,ba7f541c520a57e21fce1321218d73b3_9eb3c19866f7ae0eeeffac7bf770aba5fc0.jpg?1786962536,Crystal,58,0,MNK
Hakuen Sinonome,10757391,101,92,Asura,Mana,1601,0,6660ba18e406e22fbec52d7b8d1ac332_53f1445a9f28799a32ea55f046319fc3fc0.jpg?1786961965,Crystal,28,9,WAR
Aristel Brown,3214595,102,93,Typhon,Elemental,1599,0,edba68904ef1184c5563cdd263603a74_32d8c9c7cd5f62d62da2d31b6750a680fc0.jpg?1786962864,Crystal,353,0,MCH
Pero Noir,27109057,103,182,Ultima,Gaia,1593,396,889b0b13f93f702d3df91ec97e272102_9df1b3cb0da35db33c17ef11ddf12adafc0.jpg?1786961538,Crystal,42,7,VPR
Fennel Earltea,21886406,104,94,Typhon,Elemental,1591,0,4e8f23f97ca17b02271d5d67829e204d_32d8c9c7cd5f62d62da2d31b6750a680fc0.jpg?1786960620,Crystal,100,0,MCH
Inori Chan,54439983,105,0,Asura,Mana,1591,802,924e00538b2fef48f1ddd6b463e8f7ef_53f1445a9f28799a32ea55f046319fc3fc0.jpg?1786962513,Crystal,17,9,NIN
Muutyo Ganajai,35379364,106,95,Ridill,Gaia,1589,0,5435163c8ed77079a8f6bdb50b7b4da2_138751880f18161a907d7cf0faa43f07fc0.jpg?1786962724,Crystal,58,0,SGE
Katuo Bushi,48894263,107,96,Garuda,Elemental,1588,0,8b92a347d66765b2b2d24c1ad40d5afa_fcb1f5b0249d1069e5bdc66d0796f26afc0.jpg?1786962551,Crystal,120,3,SAM
Soujirou Seta,4110224,108,97,Tonberry,Elemental,1587,0,7453a7542d76520abe9dd8dcc3572b78_7bb6b1e488f0e4f01c5314d010b60f31fc0.jpg?1786960702,Crystal,86,2,SAM
Ren Chamx,43411675,109,0,Chocobo,Mana,1586,1379,d14faf3557b40f62c1fd8e9103ff0ca1_781d6b3603312f6be41670afa37282e0fc0.jpg?1786962812,Crystal,56,28,MCH
Tamago Crab,1576417,110,100,Chocobo,Mana,1586,0,0bce11216fe6e4e1cecfe7c969a1460f_781d6b3603312f6be41670afa37282e0fc0.jpg?1786962730,Crystal,49,5,MNK
Hina Narumi,36489169,111,118,Masamune,Mana,1575,103,b92b3bffbe6d8e1f5f53a1f3735c1387_134930215abb8a90ec37d6cc05b05e08fc0.jpg?1786963918,Crystal,54,15,SAM
Douglas Ward,32519646,112,101,Asura,Mana,1573,0,5902010d301aa95176126fcdef0dc7c7_53f1445a9f28799a32ea55f046319fc3fc0.jpg?1786963574,Crystal,273,18,SCH
Honey Cat,51251838,113,102,Ultima,Gaia,1565,0,c89504a579493fe83a6003536b5fcfdf_9df1b3cb0da35db33c17ef11ddf12adafc0.jpg?1786961836,Crystal,122,0,MCH
Aslan Miller,42003071,114,103,Ixion,Mana,1555,0,091d6880c471f9f4c412b704f952af81_7126768d768f6c6c7fed3eaee98c3a8afc0.jpg?1786963426,Crystal,91,0,MCH
Deisia Touna,31397456,115,123,Mandragora,Meteor,1528,113,f9bdcbbd105a361017ee7dd26bde2ea6_ee738654add55c3d07ea92d8e108074cfc0.jpg?1786962716,Crystal,171,28,PCT
Kine Uffelmann,20050491,116,105,Kujata,Elemental,1515,0,3411a0b34b7e20b7f4516cd81c87ae01_72c48f093f2278ac3243962d3eb6a8d7fc0.jpg?1786962088,Crystal,87,0,FSH
Erik Bural,20508529,117,150,Hades,Mana,1511,195,2ca5bed0ca0e49f68c7ca14062e0bacc_a4730651230dd43cb129562a30d531aefc0.jpg?1786962816,Crystal,269,17,AST
Aruku Babyun,7383311,118,106,Unicorn,Meteor,1509,0,c2fa4e98c1f4638d053218fa4c127b4c_393eb74047bb90c8d80dea54218430eefc0.jpg?1786961581,Crystal,149,0,DRK
Notttz Imbrium,50270248,119,107,Titan,Mana,1509,0,58a87ecc9a18820b07646a481a8154a4_e2bb3f9679fec6d4836fcf8abcc3eeacfc0.jpg?1786963256,Crystal,50,0,BLM
Lily Skywaker,6792620,120,108,Ixion,Mana,1503,0,2a199e9346f375c2f2e814be59d0cf09_7126768d768f6c6c7fed3eaee98c3a8afc0.jpg?1786960468,Crystal,140,11,VPR
Comachi Dj,13425678,121,109,Hades,Mana,1503,0,4983bf5b31ed2764865b5fd4a01a64a5_a4730651230dd43cb129562a30d531aefc0.jpg?1786963169,Crystal,121,0,VPR
Nacreous Snowmelt,55586649,122,110,Asura,Mana,1500,0,2927bf8e620ad06dc8e1e74d7e3c071f_53f1445a9f28799a32ea55f046319fc3fc0.jpg?1786961633,Crystal,23,0,NIN
Shamia Lafihna,19352479,123,128,Hades,Mana,1492,96,d0039c35e86ce2926331c5c708ef39f6_a4730651230dd43cb129562a30d531aefc0.jpg?1786961148,Crystal,60,7,VPR
Alt Sanktgallen,2143482,124,242,Mandragora,Meteor,1492,494,5c873dda3f483d96a474d6049544be77_ee738654add55c3d07ea92d8e108074cfc0.jpg?1786962754,Crystal,51,5,WAR
Boku Hide,61259881,125,114,Chocobo,Mana,1490,0,2405cc4b75108a1384180ce7bafc3b98_781d6b3603312f6be41670afa37282e0fc0.jpg?1786963413,Crystal,58,0,UNK
Happy Gigapanda,29631468,126,115,Belias,Meteor,1488,0,d689aa402e0869833ed03b58aa3396a8_894c4bd0beab2e2beb44b74f4c4bd206fc0.jpg?1786963593,Crystal,107,0,SAM
Luna Nana,41082381,127,166,Typhon,Elemental,1485,197,35d0842e516aa886b3d925659c693234_32d8c9c7cd5f62d62da2d31b6750a680fc0.jpg?1786962418,Crystal,112,9,SMN
Gogant Gogant,24052697,128,116,Atomos,Elemental,1483,0,9b2637d94cc0b341ddad961722026fdf_cf768a751b1f5e355c2fd39a9ed91f3ffc0.jpg?1786963406,Crystal,88,0,VPR
Zwei Kreuz,14516450,129,168,Bahamut,Gaia,1478,191,367ea315b18ce50bb6f34a9ea77f3222_86da943caa70c8694707ab2ff74e68c9fc0.jpg?1786962709,Crystal,31,4,UNK
Kur Age,27916663,130,142,Ifrit,Gaia,1478,99,b6c15539902ac3615580d0c358a2ce3a_f9f796348bc43067c7242ec4551cde69fc0.jpg?1786961619,Crystal,29,3,SGE
Aries San,12460047,131,119,Tiamat,Gaia,1462,0,00a39e6a3c0cb6e9529ffdf15a10dadb_9f10d335198e90990f3437c5733468e7fc0.jpg?1786963806,Crystal,85,8,PCT
Tige Noir,13429005,132,121,Ridill,Gaia,1432,0,92cf71f8edc971b0656a49db62280b09_138751880f18161a907d7cf0faa43f07fc0.jpg?1786963343,Crystal,170,7,DNC
Rip Rill,726210,133,122,Gungnir,Elemental,1417,0,1ed2cf8fd8dc78c1ec061d9bb9c45462_8f82f937943b6baf4c565020d5eba0ccfc0.jpg?1786962392,Crystal,156,11,WHM
Che'rie Amiri,60682859,134,124,Zeromus,Meteor,1413,3,74b40d795da2cd26657f9838869b63da_c76848359d0b4d2f37aefbb9903ed97bfc0.jpg?1786961162,Crystal,79,30,UNK
Diao Tiandi,56776774,135,125,Ixion,Mana,1408,0,d3f8787a245e6cabd6ee8065c6eeefb5_7126768d768f6c6c7fed3eaee98c3a8afc0.jpg?1786961991,Crystal,76,0,DRG
Aria Canon,1030539,136,207,Pandaemonium,Mana,1399,303,c643f10c86a1dec8fe0358a24454dab6_470db1bf2e865f9130531fea40b61ee4fc0.jpg?1786963410,Crystal,123,6,SGE
Peng In,60228501,137,0,Bahamut,Gaia,1398,1398,871397d65bde709b44c83fca4e18a1b3_86da943caa70c8694707ab2ff74e68c9fc0.jpg?1786962846,Crystal,43,26,SMN
Nocturne Midnightblue,55368101,138,213,Asura,Mana,1397,306,e9f7726a264875c782e0384932dbf161_53f1445a9f28799a32ea55f046319fc3fc0.jpg?1786961304,Crystal,50,19,SMN
Laru Gucchi,4772544,139,126,Durandal,Gaia,1397,0,766e8af080f3aa6e38ee510dee4807b8_806ea5b45071d5cd6bf393e38462ee71fc0.jpg?1786960694,Crystal,27,0,AST
Aeritte Ravel,41831914,140,127,Carbuncle,Elemental,1396,0,56a646fd4b2eb086bf8c9d712567e62f_9eb3c19866f7ae0eeeffac7bf770aba5fc0.jpg?1786963331,Crystal,95,0,SGE
Sylphiette Luglia,13255770,141,129,Ultima,Gaia,1394,0,50ff78ae7a4200bc288765aa81af5849_9df1b3cb0da35db33c17ef11ddf12adafc0.jpg?1786961746,Crystal,131,2,MNK
Yi Xiangfeng,57320880,142,130,Titan,Mana,1394,0,a98e604367a6e3fd017185877e3a9227_e2bb3f9679fec6d4836fcf8abcc3eeacfc0.jpg?1786961023,Crystal,31,0,DRG
Uta Tubame,12421333,143,131,Zeromus,Meteor,1393,0,4c1c1810ab77c61696ca66b0716fd309_c76848359d0b4d2f37aefbb9903ed97bfc0.jpg?1786962724,Crystal,68,1,PCT
Evariste Galois,58660135,144,132,Chocobo,Mana,1392,0,7f835ad51f7703d8c7d073fc750b8987_781d6b3603312f6be41670afa37282e0fc0.jpg?1786962414,Crystal,72,0,UNK
Okome Justice,58734775,145,133,Durandal,Gaia,1392,0,3589d26a22faffebd4c39812822aab8a_806ea5b45071d5cd6bf393e38462ee71fc0.jpg?1786963357,Crystal,34,0,MNK
Ursula Hackenschmidt,42648090,146,134,Fenrir,Gaia,1391,0,a665d50be7723b1660e54e045bb7a2fe_d384cf5ad7db803f29799f36ebbc3eadfc0.jpg?1786963115,Crystal,22,0,PLD
Syake Dog-nyan,1616788,147,135,Bahamut,Gaia,1390,0,39b434160e1c215835c854cb7a564018_86da943caa70c8694707ab2ff74e68c9fc0.jpg?1786961467,Crystal,58,1,WHM
Kana Drouv,37418772,148,165,Mandragora,Meteor,1388,99,556bea70c6c70acf776be4041d191d92_ee738654add55c3d07ea92d8e108074cfc0.jpg?1786962189,Crystal,21,1,NIN
Avaron Ninesisters,1584314,149,136,Tiamat,Gaia,1387,0,5c1970240f5e1f80ffabdd3988080f5e_9f10d335198e90990f3437c5733468e7fc0.jpg?1786961759,Crystal,130,3,WHM
Nina Vailu,50599787,150,137,Yojimbo,Meteor,1387,0,0a657d81c5b867d2f49d51382bc7b94c_4a92c619bde4f34cfa77e05fef21ad85fc0.jpg?1786962804,Crystal,111,0,DNC
Mily Sara,23911809,151,138,Aegis,Elemental,1385,0,19086b376708852503d1ac9c2b293b8c_3ea38e723c590aabf186367e1eb7e6a1fc0.jpg?1786961583,Crystal,132,4,DRG
Sana Papa,44925625,152,139,Ramuh,Meteor,1384,0,6a2d4e251458356b738142d6b0653c03_410ddb5a66a2fcacf538bec5ea5d0291fc0.jpg?1786963021,Crystal,40,0,MCH
Dodopita Pittan,3558680,153,140,Tiamat,Gaia,1383,0,0c4178029dae08c0fcbe267d46034e76_9f10d335198e90990f3437c5733468e7fc0.jpg?1786961456,Crystal,65,14,SAM
San Sowa,35604125,154,141,Ridill,Gaia,1379,0,c5fbf3709fd6b4c8fba74f67e0820609_138751880f18161a907d7cf0faa43f07fc0.jpg?1786962737,Crystal,175,14,UNK
Seraki Matsushima,43566777,155,143,Ixion,Mana,1378,0,1e4675de3ee8e4d8e053dede59297104_7126768d768f6c6c7fed3eaee98c3a8afc0.jpg?1786962069,Crystal,34,0,PLD
Beatrice Rosenkreuz,31285042,156,144,Tiamat,Gaia,1377,0,1972bc9fb243d5cb03ad68af2779564d_9f10d335198e90990f3437c5733468e7fc0.jpg?1786961120,Crystal,41,2,BRD
Lhei Tayun,55776060,157,169,Chocobo,Mana,1366,80,d1e1c509f0fac227ceada972ddb424d4_781d6b3603312f6be41670afa37282e0fc0.jpg?1786960434,Crystal,56,10,BLM
Shi Syou,5023543,158,145,Atomos,Elemental,1364,0,d930c67636980aa5cc10bd814bdc2dbd_cf768a751b1f5e355c2fd39a9ed91f3ffc0.jpg?1786961833,Crystal,95,2,MCH
Hateful Past,26237856,159,146,Asura,Mana,1359,0,ed0c8f5d7b00b4c718fd834e96efdd7e_53f1445a9f28799a32ea55f046319fc3fc0.jpg?1786961008,Crystal,54,0,PLD
Rariboy Xx,4660025,160,147,Garuda,Elemental,1356,0,80b036f210d47467413b630ce1537551_fcb1f5b0249d1069e5bdc66d0796f26afc0.jpg?1786963490,Crystal,64,0,WAR
Zukasa Yatoh,8768354,161,197,Typhon,Elemental,1342,198,4b9242a67c4aa4390facfa8e2028de4b_32d8c9c7cd5f62d62da2d31b6750a680fc0.jpg?1786963503,Crystal,157,2,DRG
Karma Strife,3816037,162,148,Chocobo,Mana,1325,0,7a25293b17ff84c0c64a519d1fc09720_781d6b3603312f6be41670afa37282e0fc0.jpg?1786962457,Crystal,82,0,NIN
Chrono Meter,4807361,163,149,Zeromus,Meteor,1320,0,b74f258cbaba5cb680ca0095a0758cbb_c76848359d0b4d2f37aefbb9903ed97bfc0.jpg?1786961206,Crystal,211,0,UNK
Khelby Trickster,1496735,164,151,Gungnir,Elemental,1310,0,fde8b59fda65550661c58e15a9026a06_8f82f937943b6baf4c565020d5eba0ccfc0.jpg?1786961326,Crystal,54,0,PLD
Ichigo Jasmine,57027122,165,152,Shinryu,Meteor,1309,0,17fae3561e1e77d262d93652dbd0bdc4_87b7d447f40b06dfc7228caf195f7dcffc0.jpg?1786962709,Crystal,38,0,PCT
Akki Noc,2298162,166,154,Alexander,Gaia,1305,0,4a145f36c7316e0d32845d32af5e92bd_b7a71d8799cf6dd75b711a7f52de6675fc0.jpg?1786961149,Crystal,73,5,SGE
Now Tarako,25271680,167,179,Belias,Meteor,1305,97,238a3ddced202809c65eaecd03eda2d1_894c4bd0beab2e2beb44b74f4c4bd206fc0.jpg?1786961075,Crystal,54,6,AST
Maru Fleur,39475833,168,155,Hades,Mana,1304,0,7a1bf315cc0f4ac30d41db1ed80d9048_a4730651230dd43cb129562a30d531aefc0.jpg?1786962509,Crystal,87,14,SMN
Konegai Konegai,3277232,169,226,Masamune,Mana,1301,275,3a445dba3d4d2882c60b55a59669971b_134930215abb8a90ec37d6cc05b05e08fc0.jpg?1786960408,Crystal,102,23,BLM
Elu Acknowless,58699844,170,254,Mandragora,Meteor,1300,311,60c2649fe79faac79d3e7ac948084121_ee738654add55c3d07ea92d8e108074cfc0.jpg?1786962717,Crystal,223,25,RDM
Nicku Nicku,18939474,171,202,Tonberry,Elemental,1299,199,c713d7a775bba8adf5d47b2630f63674_7bb6b1e488f0e4f01c5314d010b60f31fc0.jpg?1786963427,Crystal,14,3,UNK
Tomomomo Momomo,25830708,172,201,Ramuh,Meteor,1296,194,d1b6359fffbcc60e8bddc1120dc05d55_410ddb5a66a2fcacf538bec5ea5d0291fc0.jpg?1786962756,Crystal,35,8,SCH
Nov Noa,56271994,173,156,Tiamat,Gaia,1295,0,0711a53e252756264a473f2b53d53cad_9f10d335198e90990f3437c5733468e7fc0.jpg?1786963658,Crystal,24,0,VPR
Go Mee,19423327,174,157,Ifrit,Gaia,1294,0,a075edbb8331e7e875aae500a9e7a435_f9f796348bc43067c7242ec4551cde69fc0.jpg?1786961605,Crystal,50,7,GNB
Tam Sin,26754914,175,158,Ultima,Gaia,1293,0,4e875947aa4b95d1be857096f32d4ae8_9df1b3cb0da35db33c17ef11ddf12adafc0.jpg?1786962797,Crystal,43,0,SAM
Shinra Arasaka,24734269,176,159,Tiamat,Gaia,1293,0,2d735fa31b5cfcc7eabaae1839d0b731_9f10d335198e90990f3437c5733468e7fc0.jpg?1786963904,Crystal,37,0,WAR
Momo Hito,39797602,177,160,Yojimbo,Meteor,1292,0,8d799e9e2471cc9ce1eb0d9ee9e83ee6_4a92c619bde4f34cfa77e05fef21ad85fc0.jpg?1786960603,Crystal,59,0,SMN
Yan Yan,3182501,178,161,Alexander,Gaia,1292,0,5cd079575de2bd01f87a188c93738695_b7a71d8799cf6dd75b711a7f52de6675fc0.jpg?1786961747,Crystal,58,6,NIN
Nana Degu,42551273,179,162,Asura,Mana,1292,0,f0ca36e4824faa31992738bb368e803c_53f1445a9f28799a32ea55f046319fc3fc0.jpg?1786963001,Crystal,33,0,DRG
Sura Imo,25164389,180,163,Shinryu,Meteor,1291,0,d2cd07ab0f766e9dd870046dcc7fae97_87b7d447f40b06dfc7228caf195f7dcffc0.jpg?1786963382,Crystal,31,10,MNK
Neku Xyst,23660389,181,164,Ifrit,Gaia,1289,0,fb1f5fe2519e579c50b2b5aa89992706_f9f796348bc43067c7242ec4551cde69fc0.jpg?1786962485,Crystal,41,0,VPR
Gobou Mekara,16295932,182,167,Chocobo,Mana,1288,0,b0b05a15f0e0132f73d76efb146bb255_781d6b3603312f6be41670afa37282e0fc0.jpg?1786962716,Crystal,93,9,NIN
Ezorisu Kawaii,51560730,183,219,Titan,Mana,1286,202,7675cffdccbd9f4ab08148da1ec78753_e2bb3f9679fec6d4836fcf8abcc3eeacfc0.jpg?1786963511,Crystal,152,13,UNK
Oriental Art,1070191,184,170,Chocobo,Mana,1284,0,d31830cb71830b425529f231f39e776b_781d6b3603312f6be41670afa37282e0fc0.jpg?1786963068,Crystal,252,18,DRG
Extra Mage,26831533,185,0,Garuda,Elemental,1283,486,aed9bb13f4dad6a80690e4d58ee69af3_fcb1f5b0249d1069e5bdc66d0796f26afc0.jpg?1786961181,Crystal,21,7,PLD
Kageto Magatsuki,36052369,186,190,Ultima,Gaia,1281,94,c99eebd98f0729313042324985a6fc9a_9df1b3cb0da35db33c17ef11ddf12adafc0.jpg?1786962724,Crystal,40,5,VPR
Mitui Aset,29908583,187,189,Zeromus,Meteor,1276,86,03c5c419a0ed40508b02b7656c3bc1e1_c76848359d0b4d2f37aefbb9903ed97bfc0.jpg?1786962456,Crystal,330,22,NIN
Lala Ruru,23370112,188,171,Hades,Mana,1276,0,52987a3ea9f860f9522e49f36a51fcdf_a4730651230dd43cb129562a30d531aefc0.jpg?1786963369,Crystal,151,3,WHM
Crystalline Conflict,56094564,189,172,Kujata,Elemental,1276,0,dcae5be360cd5ac359780dd998fbbf57_72c48f093f2278ac3243962d3eb6a8d7fc0.jpg?1786962831,Crystal,83,0,UNK
Rocket Chan,50900360,190,198,Ixion,Mana,1232,100,d2030f1358523e62231fffc0004f1ae9_7126768d768f6c6c7fed3eaee98c3a8afc0.jpg?1786962777,Crystal,48,2,UNK
Endless Summer,36558820,191,173,Tiamat,Gaia,1224,0,0079a66433e68b1f473c7487944a4d3d_9f10d335198e90990f3437c5733468e7fc0.jpg?1786963204,Crystal,124,6,PCT
Hoshino Ai,47933529,192,174,Titan,Mana,1220,0,82bad71f761726aa0a737f36447d9f50_e2bb3f9679fec6d4836fcf8abcc3eeacfc0.jpg?1786960437,Crystal,33,0,MNK
Walter Winston,3431710,193,175,Fenrir,Gaia,1216,0,bee8390354426d2c1d42d687a0de29d5_d384cf5ad7db803f29799f36ebbc3eadfc0.jpg?1786961473,Crystal,63,6,WAR
Lucie Blanc,4813641,194,232,Anima,Mana,1213,201,9c05760085153887cf9c52f28861be7c_2f698530a28d671d20278c8518c804c9fc0.jpg?1786962484,Crystal,61,9,BLM
Envy Lua,43034484,195,176,Valefor,Meteor,1212,0,e7cd2d55788c0aa6cbc5b71284096360_485f4777c38002871591fb54f27edc65fc0.jpg?1786961851,Crystal,51,0,AST
Odwit Vendisch,42078574,196,177,Aegis,Elemental,1209,0,16b22e919d37aaeda97dfa361cf8659d_3ea38e723c590aabf186367e1eb7e6a1fc0.jpg?1786962448,Crystal,232,26,UNK
Iz Levmel,17594950,197,178,Garuda,Elemental,1208,0,9e457ec4068931e92288544db8499aae_fcb1f5b0249d1069e5bdc66d0796f26afc0.jpg?1786962365,Crystal,79,0,BLM
Creed Arks,30577704,198,0,Zeromus,Meteor,1207,506,2aae48156b8dfc008ca2584c7d0e8752_c76848359d0b4d2f37aefbb9903ed97bfc0.jpg?1786960485,Crystal,50,11,VPR
Ririca Rica,22451341,199,180,Valefor,Meteor,1202,0,b82d75152d14ebf44db2622ef433b4f4_485f4777c38002871591fb54f27edc65fc0.jpg?1786962484,Crystal,153,2,RPR
Cardinal Shiten,32020696,200,181,Asura,Mana,1199,0,22c6fdca1c107eb07233d098b04cf126_53f1445a9f28799a32ea55f046319fc3fc0.jpg?1786962339,Crystal,123,9,AST
Chisato Laetitia,56099994,201,183,Bahamut,Gaia,1196,0,1ba731eb7e63c6a087133132bbb51418_86da943caa70c8694707ab2ff74e68c9fc0.jpg?1786961042,Crystal,82,0,UNK
Yo Na,52935364,202,184,Fenrir,Gaia,1196,0,2517fd5dbad75617e546949761815db9_d384cf5ad7db803f29799f36ebbc3eadfc0.jpg?1786961103,Crystal,54,0,NIN
Nemu Nenemu,58833619,203,185,Anima,Mana,1195,0,4cdac6083f665767750f3c7804d18a24_2f698530a28d671d20278c8518c804c9fc0.jpg?1786962844,Crystal,70,0,RDM
Momochi Thunder,9048595,204,211,Bahamut,Gaia,1194,100,3ce0fcc40e818a0d134a6c043d2c09f5_86da943caa70c8694707ab2ff74e68c9fc0.jpg?1786960510,Crystal,37,1,SMN
Mun- Mutyo,18063500,205,186,Bahamut,Gaia,1193,0,870df3b6a4306c3c3de44d72fc9a577d_86da943caa70c8694707ab2ff74e68c9fc0.jpg?1786962278,Crystal,118,5,NIN
Fall Leaves,22881570,206,187,Masamune,Mana,1192,0,23540a672824a88d3fc727e33d7f3254_134930215abb8a90ec37d6cc05b05e08fc0.jpg?1786960977,Crystal,130,4,NIN
Momikucha Ocojo,51451812,207,188,Ixion,Mana,1192,0,52ebf8cad8e1a025e1469ada4534a0f2_7126768d768f6c6c7fed3eaee98c3a8afc0.jpg?1786961018,Crystal,67,0,UNK
Maito Melek,26875635,208,214,Hades,Mana,1189,100,f46d534bca38450ba9b70bb608411c3e_a4730651230dd43cb129562a30d531aefc0.jpg?1786961281,Crystal,13,1,UNK
Oracle Trezavejo,15712017,209,294,Bahamut,Gaia,1188,297,b4aa7ecb29192073338a2cc53603b062_86da943caa70c8694707ab2ff74e68c9fc0.jpg?1786963823,Crystal,83,3,SMN
Jin Walker,25662452,210,0,Hades,Mana,1187,491,f3ff10f6b027a5423c3b035a420aad0e_a4730651230dd43cb129562a30d531aefc0.jpg?1786960814,Crystal,91,24,AST
Ardlan Vorlesh,45102526,211,295,Asura,Mana,1184,294,04bfc027079d355fc717e8ec9a4b5f9e_53f1445a9f28799a32ea55f046319fc3fc0.jpg?1786962802,Crystal,65,4,DRG
Takesiba Musasino,29225556,212,191,Durandal,Gaia,1182,0,5cacf8dd1a9dae9427de92b387913396_806ea5b45071d5cd6bf393e38462ee71fc0.jpg?1786963680,Crystal,138,3,NIN
Merlin Emryss,51163079,213,192,Titan,Mana,1182,0,6c3a26e8ea52d6775ebbad30debb56a9_e2bb3f9679fec6d4836fcf8abcc3eeacfc0.jpg?1786961852,Crystal,23,0,PCT
Ui Thrix,39291749,214,193,Chocobo,Mana,1181,0,08b70654c7812f561afc700e0756319a_781d6b3603312f6be41670afa37282e0fc0.jpg?1786961949,Crystal,33,0,AST
Liken Liekun,24806613,215,194,Shinryu,Meteor,1180,0,5aa5d27e0f5d07d19980648d6a9c2ba5_87b7d447f40b06dfc7228caf195f7dcffc0.jpg?1786963917,Crystal,137,16,SMN
Blari Taraba,29682913,216,0,Ultima,Gaia,1180,495,8715585bf23b1871520e0b6c478fa049_9df1b3cb0da35db33c17ef11ddf12adafc0.jpg?1786962011,Crystal,72,8,RPR
Dion Magnus,1559686,217,195,Durandal,Gaia,1179,0,91593ad4939f54221e1d28f542192cc4_806ea5b45071d5cd6bf393e38462ee71fc0.jpg?1786962625,Crystal,96,8,WAR
Monica Bryant,34559458,218,196,Garuda,Elemental,1167,0,40cd2c4ca4c17623d5c27dfb19831017_fcb1f5b0249d1069e5bdc66d0796f26afc0.jpg?1786960977,Crystal,201,0,WVR
Nyaruga Kyuruga,4962287,219,0,Atomos,Elemental,1123,312,fb555ad539f0f8689a39c65513b388b2_cf768a751b1f5e355c2fd39a9ed91f3ffc0.jpg?1786961653,Crystal,93,16,WAR
Hoshikuz Siina,1173407,220,199,Tiamat,Gaia,1115,0,f966bf2277aea0b0af7b96dbbca7abc1_9f10d335198e90990f3437c5733468e7fc0.jpg?1786962154,Crystal,48,0,SAM
Kinq-of- Platinum,48727904,221,231,Gungnir,Elemental,1114,101,3c8d43a875a038c5fbf54250da8a5442_8f82f937943b6baf4c565020d5eba0ccfc0.jpg?1786961980,Crystal,79,8,DRG
Mochi Dooooon,51161467,222,200,Hades,Mana,1109,0,fe8f2f3f207480dac3f25ca746d11cf4_a4730651230dd43cb129562a30d531aefc0.jpg?1786960961,Crystal,29,0,SGE
Super Gal,52139020,223,234,Bahamut,Gaia,1101,97,2a20ce1a576737898f3290324b402cd6_86da943caa70c8694707ab2ff74e68c9fc0.jpg?1786960963,Crystal,211,2,RDM
Link Ring,55955379,224,0,Durandal,Gaia,1101,406,cd57a4705e19ebab4b3922b039f3a7b7_806ea5b45071d5cd6bf393e38462ee71fc0.jpg?1786961105,Crystal,75,17,BLM
Rohesa Morgan,10586618,225,206,Ramuh,Meteor,1100,4,1b6623c84e2fcee5c1d726a691ab88ba_410ddb5a66a2fcacf538bec5ea5d0291fc0.jpg?1786963945,Crystal,130,9,LTW
Aquamarine Freyja,30360317,226,203,Titan,Mana,1099,0,0dfd1b818fb45dff90b6c17b14b71318_e2bb3f9679fec6d4836fcf8abcc3eeacfc0.jpg?1786961669,Crystal,31,2,MNK
Teka Etoile,25627481,227,250,Durandal,Gaia,1098,106,20c4e02c3b7c11c6ceb68582c409ceb9_806ea5b45071d5cd6bf393e38462ee71fc0.jpg?1786961436,Crystal,107,3,DRG
Ame Azarashi,23141823,228,241,Durandal,Gaia,1098,99,3169ff74c51973a08f1b5c47026339a9_806ea5b45071d5cd6bf393e38462ee71fc0.jpg?1786963187,Crystal,18,1,GNB
Pokeball Bahamut,42274942,229,204,Valefor,Meteor,1096,0,fdf4bab958d2fbf65e0c07739622a1f7_485f4777c38002871591fb54f27edc65fc0.jpg?1786961822,Crystal,435,46,MCH
He Ro,57048881,230,205,Ultima,Gaia,1096,0,1988e9fc4df817df742388c245715b40_9df1b3cb0da35db33c17ef11ddf12adafc0.jpg?1786962109,Crystal,396,41,UNK
Unchou Kan,1575311,231,208,Aegis,Elemental,1096,0,43eef415e4c92f6ff93b1d4dae6b7ab8_3ea38e723c590aabf186367e1eb7e6a1fc0.jpg?1786962305,Crystal,14,0,GNB
In Darkness,58974244,232,0,Chocobo,Mana,1095,300,d7230442a7c392d7ef8e729a84ab3182_781d6b3603312f6be41670afa37282e0fc0.jpg?1786961661,Crystal,298,38,AST
Lucy Fortress,40591757,233,209,Yojimbo,Meteor,1095,0,6a8471ce8f811950fa73ff799371ba9d_4a92c619bde4f34cfa77e05fef21ad85fc0.jpg?1786960938,Crystal,90,0,UNK
Saza Nami,28815785,234,210,Valefor,Meteor,1094,0,b7132de4e22a14984e00a5a4feabfdc1_485f4777c38002871591fb54f27edc65fc0.jpg?1786960641,Crystal,50,4,SAM
Haine Balantin,25261749,235,212,Ifrit,Gaia,1093,0,95d742d2775dc4ae64696462b68ee21f_f9f796348bc43067c7242ec4551cde69fc0.jpg?1786962735,Crystal,132,0,DRK
Miki Triode,8299904,236,0,Pandaemonium,Mana,1093,496,c1667dda66d9bf6140e1aa1c18277ece_470db1bf2e865f9130531fea40b61ee4fc0.jpg?1786962760,Crystal,83,6,RDM
Inu- Pe-,42153397,237,256,Anima,Mana,1092,104,40c3101dfff66955ad4d9b06fda6e3a8_2f698530a28d671d20278c8518c804c9fc0.jpg?1786961697,Crystal,156,17,SAM
Neneco Neko,60257588,238,0,Ultima,Gaia,1092,488,d410b53bdce1036d1d4331de5dd4f44e_9df1b3cb0da35db33c17ef11ddf12adafc0.jpg?1786962677,Crystal,48,19,BLM
Tomako Nanakusa,28099035,239,215,Alexander,Gaia,1088,0,33c328cb042802fb4ddc287b21165e26_b7a71d8799cf6dd75b711a7f52de6675fc0.jpg?1786961499,Crystal,174,7,MCH
Reeki Veo,17619704,240,216,Tonberry,Elemental,1088,0,1c9005e54e77bfe231e5bdebc829854c_7bb6b1e488f0e4f01c5314d010b60f31fc0.jpg?1786962763,Crystal,145,0,DRG
Chiaki Nanami,43953309,241,217,Titan,Mana,1088,0,82751b490967f6572406e72b39592925_e2bb3f9679fec6d4836fcf8abcc3eeacfc0.jpg?1786961629,Crystal,18,0,VPR
Dumb Catgirl,49931257,242,218,Ultima,Gaia,1087,0,6fc4eb8844117360fb2f23f75b38a18b_9df1b3cb0da35db33c17ef11ddf12adafc0.jpg?1786960802,Crystal,30,0,RDM
Jake Emethart,30406074,243,292,Alexander,Gaia,1086,194,0bb538c469f634e7e8b6453518a8df60_b7a71d8799cf6dd75b711a7f52de6675fc0.jpg?1786963429,Crystal,67,9,SMN
Lufefe Lufe,8829146,244,0,Mandragora,Meteor,1085,297,91e252cc1edf40cc72e7912c50fbfde7_ee738654add55c3d07ea92d8e108074cfc0.jpg?1786961020,Crystal,67,18,NIN
Elisa Wolframite,18964939,245,220,Hades,Mana,1084,0,5582934bb6b94d50874d7d241225aa74_a4730651230dd43cb129562a30d531aefc0.jpg?1786961132,Crystal,104,0,NIN
Amarl Malaguld,27652092,246,221,Masamune,Mana,1083,0,92f5a8f587b00180a706bf0adc6692cb_134930215abb8a90ec37d6cc05b05e08fc0.jpg?1786963847,Crystal,26,0,AST
Mundane Mann,42589754,247,222,Asura,Mana,1082,0,605c543ad4053338807ead77553c263b_53f1445a9f28799a32ea55f046319fc3fc0.jpg?1786962270,Crystal,19,0,SAM
Vir Sanctus,38437893,248,223,Asura,Mana,1079,0,e0afc9c178de541c5ba8a1afafa4bb02_53f1445a9f28799a32ea55f046319fc3fc0.jpg?1786960470,Crystal,42,4,SMN
Umai Okawari,28809423,249,0,Zeromus,Meteor,1078,195,603544c81055f8085a950feb781bee2a_c76848359d0b4d2f37aefbb9903ed97bfc0.jpg?1786961939,Crystal,42,5,WHM
Maplesyrup Hunnyhunt,5036291,250,224,Unicorn,Meteor,1072,0,30c7709ed0a59cb5eb0c9201d62deb82_393eb74047bb90c8d80dea54218430eefc0.jpg?1786962299,Crystal,70,13,DRG
Regret Weise,15486920,251,225,Fenrir,Gaia,1070,0,13172be4a1ad05d87f2b3a6e43f14d31_d384cf5ad7db803f29799f36ebbc3eadfc0.jpg?1786962725,Crystal,48,0,SCH
Minato Haruka,57459700,252,259,Asura,Mana,1067,81,5f7508268722022e26bb9950825f7dea_53f1445a9f28799a32ea55f046319fc3fc0.jpg?1786963367,Crystal,48,5,MNK
Stardust Emilia,25988007,253,0,Hades,Mana,1026,199,b805b54635a07b2d9710df33b9a946aa_a4730651230dd43cb129562a30d531aefc0.jpg?1786960705,Crystal,59,5,UNK
Lil Latte,55025559,254,227,Anima,Mana,1022,0,2d01c7e9c74b9faebdd6d9ece7c9eb4a_2f698530a28d671d20278c8518c804c9fc0.jpg?1786961733,Crystal,183,0,UNK
Kamio Hoshi,51915197,255,228,Gungnir,Elemental,1021,0,6b5003e9f40b5f1a448a1ba748afc9e5_8f82f937943b6baf4c565020d5eba0ccfc0.jpg?1786961662,Crystal,184,5,MNK
Ryuu Nanmei,51950007,256,229,Alexander,Gaia,1020,0,73df97379b8a82a83c16a8b38c83134e_b7a71d8799cf6dd75b711a7f52de6675fc0.jpg?1786961640,Crystal,163,6,UNK
Rokka Gallete,23609500,257,275,Kujata,Elemental,1018,114,6cb05d39414f85c9977ed746371b9289_72c48f093f2278ac3243962d3eb6a8d7fc0.jpg?1786961858,Crystal,22,9,GNB
Kaheo Milde,30278970,258,230,Ultima,Gaia,1016,0,b92bf3d51d1bfabde325071eedf3d3e0_9df1b3cb0da35db33c17ef11ddf12adafc0.jpg?1786962137,Crystal,152,21,VPR
Nicole Alto,29493765,259,235,Masamune,Mana,1008,5,a2498d373544544a03c04cf423aad336_134930215abb8a90ec37d6cc05b05e08fc0.jpg?1786961480,Crystal,46,4,UNK
Chiaki Gypsophila,3224896,260,233,Anima,Mana,1007,0,0c1c9b9742117c64cf36776db0d75c97_2f698530a28d671d20278c8518c804c9fc0.jpg?1786962528,Crystal,26,0,DRG
Errer Errant,28706539,261,236,Asura,Mana,1003,0,14833bd371ac70e05cffe6a03634bb61_53f1445a9f28799a32ea55f046319fc3fc0.jpg?1786962936,Crystal,11,0,MCH
Zill Eleutheria,29923965,262,237,Zeromus,Meteor,1001,0,a65d1152cafb72e2a518225f9347a73f_c76848359d0b4d2f37aefbb9903ed97bfc0.jpg?1786962894,Crystal,91,0,SCH
Chanel-lonua Vuarnet,14003613,263,238,Unicorn,Meteor,1001,0,233358d5fdef79b0bdd20cbf96f5d3a1_393eb74047bb90c8d80dea54218430eefc0.jpg?1786960602,Crystal,75,0,RDM
Raiden Thorne,60267443,264,239,Tiamat,Gaia,1001,0,d973da1a88fef8b53bb1c5cad4ee7a1f_9f10d335198e90990f3437c5733468e7fc0.jpg?1786963824,Crystal,33,0,MNK
Gelgel Llin,36131481,265,243,Ridill,Gaia,997,0,2a90eea47454447b3ae0d4df4fbfdc5e_138751880f18161a907d7cf0faa43f07fc0.jpg?1786961080,Crystal,45,0,BLM
Bikkuri Donkey,59256942,266,244,Belias,Meteor,997,0,96f62f47670d9d1c85e1a464d6f4da65_894c4bd0beab2e2beb44b74f4c4bd206fc0.jpg?1786962733,Crystal,27,1,PCT
Planet Exploration,30755276,267,245,Ixion,Mana,996,1,b2df099dea56680a53bbc8588e28444f_7126768d768f6c6c7fed3eaee98c3a8afc0.jpg?1786963035,Crystal,50,1,PLD
Kirad Tia,52085181,268,246,Fenrir,Gaia,994,0,d3f59510dedf1f64397d736361862a6d_d384cf5ad7db803f29799f36ebbc3eadfc0.jpg?1786962597,Crystal,146,5,SGE
Iyuga Fushimi,32792531,269,282,Mandragora,Meteor,994,96,6ee4fccb5c3189ef27ade8cad61ecbfd_ee738654add55c3d07ea92d8e108074cfc0.jpg?1786960961,Crystal,101,2,SGE
Zitnn Alexand,10097624,270,247,Belias,Meteor,994,0,9ba803d5e4d6d11746adc55721fd0c6e_894c4bd0beab2e2beb44b74f4c4bd206fc0.jpg?1786960457,Crystal,53,0,DNC
Momojiri Kakure,18051279,271,248,Anima,Mana,994,0,17f5cab570f2898b55037a8db7b1c871_2f698530a28d671d20278c8518c804c9fc0.jpg?1786962526,Crystal,48,0,RDM
O'dette Noelle,26231391,272,249,Kujata,Elemental,994,0,e4d0424de154feb08b3839c7806f9266_72c48f093f2278ac3243962d3eb6a8d7fc0.jpg?1786961747,Crystal,41,0,WAR
Mar Lenka,41124823,273,251,Titan,Mana,991,0,17ded7cc07efaeffdb7d5035983dc7e4_e2bb3f9679fec6d4836fcf8abcc3eeacfc0.jpg?1786960405,Crystal,52,0,UNK
Lazuli Wing,40955023,274,252,Asura,Mana,991,0,9a25b0d5f7c6a97caeb2e0047aaeded8_53f1445a9f28799a32ea55f046319fc3fc0.jpg?1786963509,Crystal,19,1,UNK
M'imawari Akhita,45963674,275,253,Ixion,Mana,990,0,0fbed422b8a4192861c7db4580ff2a3d_7126768d768f6c6c7fed3eaee98c3a8afc0.jpg?1786960576,Crystal,108,11,WHM
Hattori Kaze,57332259,276,255,Alexander,Gaia,989,0,2ec48d7f5caadae4f62dc2d1cdc75610_b7a71d8799cf6dd75b711a7f52de6675fc0.jpg?1786961381,Crystal,22,0,UNK
Smol Despair,46030499,277,297,Kujata,Elemental,988,99,fa02f92ff876436157f679735d22c53c_72c48f093f2278ac3243962d3eb6a8d7fc0.jpg?1786962449,Crystal,66,1,AST
Mimi Lilac,34297778,278,257,Chocobo,Mana,987,0,85d714107184fc9726edcd5c95b5aa6e_781d6b3603312f6be41670afa37282e0fc0.jpg?1786962610,Crystal,122,7,UNK
Brie Eilwenys,56321107,279,258,Kujata,Elemental,987,0,0f703ad8635efd214c6e20d8d730abb0_72c48f093f2278ac3243962d3eb6a8d7fc0.jpg?1786962644,Crystal,73,0,SGE
Yulia Argyll,12282717,280,260,Ixion,Mana,985,0,9e8379380afef978f6888a4261fde3da_7126768d768f6c6c7fed3eaee98c3a8afc0.jpg?1786960712,Crystal,148,0,AST
Zero No'name,24180515,281,261,Titan,Mana,984,0,3f2ec2a99605ed4d05ef0e5bc0f3b8d4_e2bb3f9679fec6d4836fcf8abcc3eeacfc0.jpg?1786962761,Crystal,35,0,VPR
Sylvandre Valenholt,43771964,282,262,Kujata,Elemental,983,0,944d1322d9f84d9f44c76549c8fdca79_72c48f093f2278ac3243962d3eb6a8d7fc0.jpg?1786963911,Crystal,162,12,BLM
Ayano Wraith,25168048,283,0,Anima,Mana,982,200,00c17a14e654d3f5c4240fa1a76b61e5_2f698530a28d671d20278c8518c804c9fc0.jpg?1786962216,Crystal,40,5,SCH
Azuma Seren,26759645,284,263,Pandaemonium,Mana,977,0,a4c01bac3729f4096c6bba2011b6431e_470db1bf2e865f9130531fea40b61ee4fc0.jpg?1786961213,Crystal,48,0,BRD
Gentleman Vivikazu,387488,285,264,Durandal,Gaia,975,0,13ffee3a79f20a01faf5e0a91bd6c4ac_806ea5b45071d5cd6bf393e38462ee71fc0.jpg?1786963810,Crystal,394,22,MCH
Aran Tyler,47478713,286,0,Zeromus,Meteor,968,98,601da8267e6037e1adc37928f1ab982b_c76848359d0b4d2f37aefbb9903ed97bfc0.jpg?1786963467,Crystal,68,9,WHM
Choi Choi,21476713,287,265,Ridill,Gaia,917,0,eb5761358ba215960780a48c39d26cbf_138751880f18161a907d7cf0faa43f07fc0.jpg?1786961941,Crystal,141,0,VPR
Piggy Walk,49739992,288,266,Alexander,Gaia,916,0,3e967d228a864beca527f7f9e1561cb0_b7a71d8799cf6dd75b711a7f52de6675fc0.jpg?1786962117,Crystal,22,0,WAR
Revi Kola,39228750,289,267,Ultima,Gaia,914,0,385da10c7487a4af698c3fe738df5488_9df1b3cb0da35db33c17ef11ddf12adafc0.jpg?1786962883,Crystal,73,0,WAR
Nagisa Ronie,13153895,290,268,Valefor,Meteor,914,0,3873a6871eabe50155d9e95b98a66906_485f4777c38002871591fb54f27edc65fc0.jpg?1786963083,Crystal,54,0,WAR
Azunyan Suta,3609752,291,269,Kujata,Elemental,911,0,6eb87d1db5778a022b84283d0be6d5af_72c48f093f2278ac3243962d3eb6a8d7fc0.jpg?1786962811,Crystal,83,9,DRG
Mao Niang,52828242,292,270,Ramuh,Meteor,907,0,8d9afe0653c54c1b87570b3e2bbd4aad_410ddb5a66a2fcacf538bec5ea5d0291fc0.jpg?1786960534,Crystal,58,9,SCH
Priscus Nox,14520043,293,271,Carbuncle,Elemental,906,0,ab599df2a57275d15bc8674ee2f2ea67_9eb3c19866f7ae0eeeffac7bf770aba5fc0.jpg?1786962955,Crystal,67,0,RDM
Lycoris Read,35000546,294,272,Garuda,Elemental,905,0,01b7ec3219b5992bd6418e7f58d96f03_fcb1f5b0249d1069e5bdc66d0796f26afc0.jpg?1786960787,Crystal,100,1,SGE
Ritsu Nikuno,23932877,295,273,Alexander,Gaia,905,0,5ce857706fb6e7f76dd30d1ef38e16f7_b7a71d8799cf6dd75b711a7f52de6675fc0.jpg?1786962752,Crystal,13,0,DRG
Sweetbleed Viras,56084804,296,274,Ridill,Gaia,904,0,98404495f2c5b2af87b2eb9ff9b3aaf0_138751880f18161a907d7cf0faa43f07fc0.jpg?1786963139,Crystal,102,4,RPR
Edward Samo,31678496,297,276,Asura,Mana,903,0,f8a852f1de974337bcb13e843be90dad_53f1445a9f28799a32ea55f046319fc3fc0.jpg?1786962508,Crystal,51,3,VPR
Shiro Yozora,25997255,298,277,Titan,Mana,901,0,4fb271416b8be97cbd977dc4cd9a7c1b_e2bb3f9679fec6d4836fcf8abcc3eeacfc0.jpg?1786962820,Crystal,55,0,BLM
Amaoto Amane,53619927,299,278,Durandal,Gaia,901,0,11fe39a3b3f0f6fd7e6600ee68e590c6_806ea5b45071d5cd6bf393e38462ee71fc0.jpg?1786962699,Crystal,36,0,WHM
White Lycoris,25503606,300,279,Ixion,Mana,900,0,1fd05d6baab5439d2c33292c473844fe_7126768d768f6c6c7fed3eaee98c3a8afc0.jpg?1786961553,Crystal,191,2,DRG
Pekora Meow,37421725,1,6,Leviathan,Primal,3012,461,dc85502f9baa330d5a15d3c0a6f002a0_a91aae52cff9ef65932db06b150ffd47fc0.jpg?1786962796,Ultima,215,19,RDM
Sanahi Keto,57330112,2,4,Hyperion,Primal,2819,191,6531a5f5216bf8e7efcdcf26e24615cb_57ae9ee5592123dd79c8912bf768cf99fc0.jpg?1786961970,Omega,199,16,AST
Azure Balmung,17864089,3,1,Gilgamesh,Aether,2680,0,5456a33c0abb12eab1bf88281486246e_b937560c841465f7c4bc8eb47ea7948afc0.jpg?1786963491,Omega,54,0,SMN
Miyu Moon,14522179,4,2,Mateus,Crystal,2672,0,3562f4cf44aad7d526acbf8fae3937b0_f0c52cc66e124fc2e641d7c21ab2ce79fc0.jpg?1786961128,Omega,63,0,SAM
Kairi Rune,28236760,5,3,Hyperion,Primal,2664,0,ce129fc5d83b1472a349e0e1053aee02_57ae9ee5592123dd79c8912bf768cf99fc0.jpg?1786962695,Omega,121,13,WAR
Azar Kaveh,16748899,6,5,Mateus,Crystal,2584,0,1d25f3d1883510d8fd010504471516b8_f0c52cc66e124fc2e641d7c21ab2ce79fc0.jpg?1786963600,Omega,324,23,SCH
Legendary Ash,10855248,7,8,Faerie,Aether,2541,204,6fd699132806b61c9dcb8613c3ae11a3_0e336ff6ad415f47233f0aaf127feac0fc0.jpg?1786961657,Omega,82,10,AST
Ham Baga,28276994,8,7,Balmung,Crystal,2389,0,80672270fca68b3d3fa2f4c0b220427a_7a573cbc0cda3a3dfc1795cb3d9f7b23fc0.jpg?1786963223,Omega,97,11,MCH
Barock Obama,52411158,9,11,Siren,Aether,2339,205,05a5459925b46dd9d074e273b24d5d27_58a84e851e55175d22158ca97af58a1ffc0.jpg?1786960392,Omega,261,22,PLD
Size Difference,33536390,10,9,Sargatanas,Aether,2271,0,770b5bd32a40e292765490f8e46eaf60_ba22853447012a24cee115315d6a5bebfc0.jpg?1786962342,Omega,178,0,RPR
Vittorio Moretti,61421815,11,10,Diabolos,Crystal,2262,0,8c11f65c791a4f39ba7c716aeb6bc8d9_7b33d33ae3ecb996f778a5f67a6a0af6fc0.jpg?1786963226,Omega,123,4,RDM
Terro Beoulve,45682109,12,18,Coeurl,Crystal,2208,297,5c8262e03844a30a89d0d2374247f03c_284358f8eb4efc9095914e46798c6ab3fc0.jpg?1786960779,Omega,101,12,VPR
Rae Rea,58956664,13,42,Adamantoise,Aether,2194,696,72766cccd8c79e6afd3055accfc559fa_1f5fd239b885860b7c2bfc72ad1d97effc0.jpg?1786962030,Omega,34,10,MNK
Fye Alanyk,48751064,14,16,Diabolos,Crystal,2158,200,d605d68b88b347dfdb8a9b9e6c3539d6_7b33d33ae3ecb996f778a5f67a6a0af6fc0.jpg?1786963844,Omega,196,16,VPR
Pvp Badboy,38919488,15,59,Sargatanas,Aether,2119,994,8833f678967938d2e79b8d993021ce3f_ba22853447012a24cee115315d6a5bebfc0.jpg?1786963203,Omega,127,32,NIN
Tomo Kote,38176817,16,12,Gilgamesh,Aether,2078,1,e5d7502ad7f21874552a4fc21553ee9e_b937560c841465f7c4bc8eb47ea7948afc0.jpg?1786962731,Omega,118,19,SAM
Sanguinius Smolblood,33489157,17,19,Kraken,Dynamis,2078,192,461663ac9dfac06c5d61bc05d26ae652_049a956dfeb0eb2e19c417a1dde4d680fc0.jpg?1786963058,Omega,109,7,RPR
Gongsun Qerel,38059779,18,13,Mateus,Crystal,1999,0,015ef2d1ef8f18b0cf7fa0e646fa2d12_f0c52cc66e124fc2e641d7c21ab2ce79fc0.jpg?1786962457,Omega,145,6,VPR
Rin Ruki,59858100,19,14,Exodus,Primal,1992,0,7ec8676537a0b3fff644be3f10ee7741_0cdf051c93865faa15cbc5cd3d2b69fbfc0.jpg?1786961229,Omega,79,0,UNK
Ahri Meow,42604315,20,65,Leviathan,Primal,1985,896,99498e3de5cc49aacddccc855d4ee19d_a91aae52cff9ef65932db06b150ffd47fc0.jpg?1786960698,Omega,67,24,RDM
Clara Green,44437004,21,15,Gilgamesh,Aether,1982,0,9fdf7ee98ab3c5eb9220a6d31f045135_b937560c841465f7c4bc8eb47ea7948afc0.jpg?1786961176,Omega,104,11,SCH
Meteor Moon,29693876,22,17,Rafflesia,Dynamis,1942,0,7f262df9422aa27c9dd850d004812561_2783886613347a4db0bed7524de1298ffc0.jpg?1786963437,Omega,199,12,SGE
Suhr Zarek,8876676,23,20,Balmung,Crystal,1883,0,c09e4087ccb76545f31b81fa5ca01485_7a573cbc0cda3a3dfc1795cb3d9f7b23fc0.jpg?1786963703,Omega,176,0,PLD
Sylvie Chan,48678953,24,21,Brynhildr,Crystal,1846,0,14580705b6124b25ef19217300b4891f_d0a0f515a62457570c9b44997063e3c1fc0.jpg?1786962540,Omega,163,0,DRG
Xiao Longbao,31670807,25,22,Excalibur,Primal,1787,0,b9d8562547d5b9d8e86054d9061c6a23_745baffc465480ed372e274d50318290fc0.jpg?1786960933,Omega,144,18,MIN
Olivia Lugria,15149290,26,23,Sargatanas,Aether,1770,0,c230658574a9dc12a4eb6fae2e16ceb4_ba22853447012a24cee115315d6a5bebfc0.jpg?1786962738,Omega,214,0,DRG
Jay Vermillion,20310837,27,38,Adamantoise,Aether,1736,196,ae2f157d9c523947744b038a73f77be6_1f5fd239b885860b7c2bfc72ad1d97effc0.jpg?1786961570,Omega,118,12,SCH
Bepsi Kola,41348459,28,27,Adamantoise,Aether,1707,91,cc3717bc9d9d5c90534918043bb3ba56_1f5fd239b885860b7c2bfc72ad1d97effc0.jpg?1786963653,Omega,95,18,DNC
Cyphos Ultimus,2288366,29,24,Balmung,Crystal,1700,0,b980cc0ff24da63437a59ef78df763c0_7a573cbc0cda3a3dfc1795cb3d9f7b23fc0.jpg?1786962860,Omega,88,8,SCH
Show Maker,61843104,30,25,Kraken,Dynamis,1699,0,a2da8d9d3d95080eac0c8ad1975a70ac_049a956dfeb0eb2e19c417a1dde4d680fc0.jpg?1786961845,Omega,107,0,SMN
Kylis Pendragon,36050245,31,62,Balmung,Crystal,1685,588,6d0f4e4d3e36c9a4dd7fccd76f9effc3_7a573cbc0cda3a3dfc1795cb3d9f7b23fc0.jpg?1786962802,Omega,214,14,RPR
Marci Meow,54739620,32,26,Balmung,Crystal,1683,0,4ebc98a9ae6cf756ec75bc3db97f87f6_7a573cbc0cda3a3dfc1795cb3d9f7b23fc0.jpg?1786963660,Omega,62,0,DRG
Fulheart Grit,38212551,33,37,Balmung,Crystal,1668,103,4a4d99f967c37bf42bd739857921e360_7a573cbc0cda3a3dfc1795cb3d9f7b23fc0.jpg?1786961796,Omega,75,5,BLM
Kris Lhea,39204335,34,28,Mateus,Crystal,1602,0,982639accd39a2021d8f112bb5e763df_f0c52cc66e124fc2e641d7c21ab2ce79fc0.jpg?1786963189,Omega,59,0,BRD
Death Reaps,8773483,35,29,Balmung,Crystal,1598,0,265183f487ab7e0a5a5b3128ec29a82a_7a573cbc0cda3a3dfc1795cb3d9f7b23fc0.jpg?1786963967,Omega,121,0,SAM
Josh Trigiani,6965228,36,30,Lamia,Primal,1595,0,22f547722b0454bc3b30d7f6a8ac5b0a_4d9be17b5e1edc617052b4dbf4007875fc0.jpg?1786963720,Omega,42,0,SAM
The Feast,46586541,37,31,Behemoth,Primal,1592,0,db9e7409cc816f51307405b49c8b5713_be20385e18333edb329d4574f364a1f0fc0.jpg?1786960476,Omega,71,0,UNK
Emi Meow,44729199,38,64,Siren,Aether,1590,494,39fec9b8eaf71c699797cd15ef87009b_58a84e851e55175d22158ca97af58a1ffc0.jpg?1786960790,Omega,26,11,MNK
Saraliah Dawnbringer,21371539,39,32,Coeurl,Crystal,1588,0,6cef2d612818607782b7fbc356526664_284358f8eb4efc9095914e46798c6ab3fc0.jpg?1786962846,Omega,39,0,RDM
Sovereign Phil,14314725,40,33,Goblin,Crystal,1586,0,acf642268567c66b82aaf11114198670_8e81e2940511f7152ba4462fe53e35b8fc0.jpg?1786963726,Omega,31,0,WAR
Mavis Enyo,14769968,41,34,Excalibur,Primal,1578,0,00bced457c7cea8ae968197c61367bed_745baffc465480ed372e274d50318290fc0.jpg?1786962565,Omega,37,0,AST
Lyra Evelyn,52292388,42,35,Lamia,Primal,1577,0,297469abea049ff5cfb98af6fe45176f_4d9be17b5e1edc617052b4dbf4007875fc0.jpg?1786961722,Omega,77,0,VPR
Crow Meow,54328117,43,36,Jenova,Aether,1577,0,7eded062751a7f80f7f3d9fbe0ab8e34_ce736afe35e2ded4e46c4fd0659aef7efc0.jpg?1786961636,Omega,38,0,SCH
Lucio Harundo,4012099,44,39,Leviathan,Primal,1530,0,d042eff245eaa56c0b6989df68a99564_a91aae52cff9ef65932db06b150ffd47fc0.jpg?1786962452,Omega,247,10,DRK
Momo Meow,50898775,45,40,Siren,Aether,1513,1,6abf63b1f0755aa211bfd1dadc66e3b9_58a84e851e55175d22158ca97af58a1ffc0.jpg?1786962208,Omega,25,6,MNK
Navori Valois,48622291,46,41,Adamantoise,Aether,1504,0,4facdc408c9ad771bc52001d3c82fa9f_1f5fd239b885860b7c2bfc72ad1d97effc0.jpg?1786963376,Omega,62,0,UNK
P'roto Idola,35374628,47,46,Brynhildr,Crystal,1503,99,a91ad9e8c6c6ddb0905cd9aa6cede8e3_d0a0f515a62457570c9b44997063e3c1fc0.jpg?1786962085,Omega,77,1,WAR
Rubedo Ginshi,15639088,48,43,Lamia,Primal,1458,4,bbc5b3eb96e1a1691fb9abb344fc3217_4d9be17b5e1edc617052b4dbf4007875fc0.jpg?1786963749,Crystal,105,12,RPR
Lillian Floresca,58646686,49,44,Diabolos,Crystal,1413,0,4855e798f71f9426ff66aa8bcfc65aed_7b33d33ae3ecb996f778a5f67a6a0af6fc0.jpg?1786963382,Crystal,60,0,UNK
Zeta Salazar,44375733,50,45,Midgardsormr,Aether,1405,0,4be3c205f3892cdbc09e8417ad6dbb68_5c8ecfbc673e1287a9b5e85423fe1657fc0.jpg?1786963185,Crystal,172,15,SAM
Merlin Emryss,9605720,51,47,Faerie,Aether,1398,0,87179f28ae17956a4d43567dadf6ea60_0e336ff6ad415f47233f0aaf127feac0fc0.jpg?1786962513,Crystal,120,7,DRG
Fortune Days,44283538,52,48,Zalera,Crystal,1395,0,044cf6044387105edf58d48a910b1ae4_8106f857613f8fb994b0be37b26ff4bafc0.jpg?1786961884,Crystal,45,0,PLD
Gidding Mimid,9835761,53,49,Exodus,Primal,1394,0,97296d489ec3afb5d7c65e3c6fa7fc05_0cdf051c93865faa15cbc5cd3d2b69fbfc0.jpg?1786963102,Crystal,126,5,NIN
Micro Uryade,37487800,54,50,Sargatanas,Aether,1320,0,d9df4db31e4d391c99006db3caa4b5f9_ba22853447012a24cee115315d6a5bebfc0.jpg?1786962956,Crystal,148,2,DRK
Myu Meow,9691497,55,51,Leviathan,Primal,1306,0,d925a41776719d761c94e8e32e5e7a0f_a91aae52cff9ef65932db06b150ffd47fc0.jpg?1786963221,Crystal,89,17,MCH
Lazy Bear,39566180,56,69,Faerie,Aether,1298,291,a07cf0c35d5a78a5a1b9ca16d6f41803_0e336ff6ad415f47233f0aaf127feac0fc0.jpg?1786961161,Crystal,162,13,SMN
Hrothmar Blackburns,28757856,57,52,Adamantoise,Aether,1296,0,ba6405bac0d5b1fb489962984f0d9fb9_1f5fd239b885860b7c2bfc72ad1d97effc0.jpg?1786961239,Crystal,213,16,BLM
Azureal Grandeur,20448737,58,71,Marilith,Dynamis,1292,290,fa989d1d00d58fc1b4171abefb5e22b7_bbfb28d5a9059cd0c768daf77ab29982fc0.jpg?1786962247,Crystal,159,10,MCH
Kuina Kagetsu,36802695,59,53,Ultros,Primal,1286,0,dd8ffbe11c53ea988c605c9c24157c59_c514cdcdb619439df97d906d4434ccc6fc0.jpg?1786963492,Crystal,86,0,AST
Air Azure,41482862,60,54,Rafflesia,Dynamis,1279,0,a32fc7c37974e2629ce594c455ff54a7_2783886613347a4db0bed7524de1298ffc0.jpg?1786961232,Crystal,78,5,AST
La Bubu,26625120,61,55,Diabolos,Crystal,1207,0,733d34df72366760c6f44581681c9088_7b33d33ae3ecb996f778a5f67a6a0af6fc0.jpg?1786961573,Crystal,59,12,BRD
Artesia Saeyrs,2957946,62,127,Sargatanas,Aether,1207,700,e1a9c389a8110feceacc91a730bfc558_ba22853447012a24cee115315d6a5bebfc0.jpg?1786961186,Crystal,14,8,VPR
Neo Dymium,33030676,63,56,Seraph,Dynamis,1201,0,24be6098cf7acc2de169d92917d3299f_07fb0511053f398d1f2d6831e6a6b4c8fc0.jpg?1786961674,Crystal,42,0,RDM
Silanah Sylphrena,45709349,64,61,Faerie,Aether,1199,99,353d000e66ebf6b7715ff5998504f784_0e336ff6ad415f47233f0aaf127feac0fc0.jpg?1786963304,Crystal,25,1,AST
Nemx Eisenhorn,2244246,65,57,Excalibur,Primal,1195,0,8d22c9821683049e16868ac1de65df41_745baffc465480ed372e274d50318290fc0.jpg?1786962632,Crystal,34,7,MCH
Big Three,47754584,66,58,Zalera,Crystal,1183,0,ef1725c11b5e975338a0b9d2fccdabfe_8106f857613f8fb994b0be37b26ff4bafc0.jpg?1786961731,Crystal,57,0,WAR
Crew Mate,58619876,67,66,Rafflesia,Dynamis,1111,302,8fabef2de621b0cab9b478c17a74d44f_2783886613347a4db0bed7524de1298ffc0.jpg?1786960618,Crystal,36,4,UNK
Deadrise Mutambo,49340180,68,60,Diabolos,Crystal,1101,0,05829ade005fe971a894d48d18963c4f_7b33d33ae3ecb996f778a5f67a6a0af6fc0.jpg?1786960790,Crystal,62,4,DRG
Bisukito Neko,32261082,69,63,Zalera,Crystal,1097,0,3462c7ee2de7556ca86498dc5214a7fb_8106f857613f8fb994b0be37b26ff4bafc0.jpg?1786963649,Crystal,42,0,UNK
Yui Fins,46861659,70,72,Adamantoise,Aether,1096,95,477904411f28cfd029518422146e02f0_1f5fd239b885860b7c2bfc72ad1d97effc0.jpg?1786961623,Crystal,302,12,PLD
Aibertain Mando,32541700,71,67,Jenova,Aether,1076,0,8dec967ad48c9a703018a7445740a7f3_ce736afe35e2ded4e46c4fd0659aef7efc0.jpg?1786961999,Crystal,190,16,RPR
Doomballoon Dapingus,19169037,72,68,Diabolos,Crystal,1017,0,e43cef91ca38a14de0e5bea2295ba9c0_7b33d33ae3ecb996f778a5f67a6a0af6fc0.jpg?1786963026,Crystal,54,0,DRK
Shionne Ripley,21758358,73,129,Exodus,Primal,1007,504,bb79dff7e2cdc4dfc99c188be01080ba_0cdf051c93865faa15cbc5cd3d2b69fbfc0.jpg?1786962084,Crystal,74,12,DRG
Unknown O'juan,20213719,74,70,Maduin,Dynamis,1005,0,27df6ef8a3aa80b9f976110e12831743_7ff236346f6151d8a2c08fd0b4a0b806fc0.jpg?1786963203,Crystal,12,1,PLD
Nero Cor,51685882,75,73,Cactuar,Aether,1001,0,a53a1a6499997a089c36337bcc3ae46d_96ab1df8877c1f8ba6a89a39cccfd437fc0.jpg?1786962950,Crystal,96,0,RDM
F'ool Pr'oof,27802292,76,74,Behemoth,Primal,1001,0,07756f3cccf4cada3f3d40b5d44ef841_be20385e18333edb329d4574f364a1f0fc0.jpg?1786961208,Crystal,76,0,DNC
Kirishoto Azphina,7859003,77,75,Excalibur,Primal,999,0,c9689b4fc4af55f8366432b02c0ce55f_745baffc465480ed372e274d50318290fc0.jpg?1786962320,Crystal,60,0,PLD
Sparrow Hawk,50867063,78,76,Seraph,Dynamis,995,0,1253b18a592d2d3c5133e9b86ab20c5a_07fb0511053f398d1f2d6831e6a6b4c8fc0.jpg?1786960546,Crystal,44,1,DRG
Suhr Zarek,41651606,79,77,Goblin,Crystal,994,0,9a55a7c2b29a7a0b7de33b2fcc5a0411_8e81e2940511f7152ba4462fe53e35b8fc0.jpg?1786963258,Crystal,21,0,MNK
Dandy Lyon,9088850,80,78,Leviathan,Primal,991,0,5e652518b4930ff5cb411a5818760318_a91aae52cff9ef65932db06b150ffd47fc0.jpg?1786961716,Crystal,57,0,NIN
Raiden Meow,60049984,81,79,Halicarnassus,Dynamis,990,0,82a7874a19aee552f4a0f8ff2b663dff_f2d324d722b28bbe681b2898bcdca8bffc0.jpg?1786961016,Crystal,29,1,BRD
Aerika Meow,27836279,82,80,Faerie,Aether,988,0,cefa16e18644e0b625a0d52d2df514b9_0e336ff6ad415f47233f0aaf127feac0fc0.jpg?1786963656,Crystal,17,0,DNC
Haha Unless,35825889,83,81,Faerie,Aether,908,0,3c249691791cbe0f2fb3ccc230c9a4e4_0e336ff6ad415f47233f0aaf127feac0fc0.jpg?1786962506,Crystal,21,0,SMN
Ash Ymir,50182260,84,82,Gilgamesh,Aether,906,0,571648c27d0568207bb3ebea02244e4e_b937560c841465f7c4bc8eb47ea7948afc0.jpg?1786963968,Crystal,32,2,UNK
Celesse Archon,5403993,85,83,Midgardsormr,Aether,902,0,46c05696a375eb66cab3503bea79e4e4_5c8ecfbc673e1287a9b5e85423fe1657fc0.jpg?1786961629,Crystal,32,0,AST
Gojo San,48764071,86,84,Jenova,Aether,902,0,cfaa3805c7a62fc99a75b9c68da57b17_ce736afe35e2ded4e46c4fd0659aef7efc0.jpg?1786960413,Crystal,10,0,VPR
No Buts,2234245,87,85,Zalera,Crystal,901,0,0d8b9ae74f55ea0ba374fa7b38b48862_8106f857613f8fb994b0be37b26ff4bafc0.jpg?1786963561,Crystal,64,0,BRD
Somnidemn Serdorm,37031558,88,86,Goblin,Crystal,901,0,6147ca113912ee7b9ac321313bbf5863_8e81e2940511f7152ba4462fe53e35b8fc0.jpg?1786961207,Crystal,61,14,FSH
Ice Mage,56719413,89,87,Golem,Dynamis,893,0,20eb207dbce003e2fb1842e0c47aacc7_dd61c3dc259e5c43722e89409499b669fc0.jpg?1786963655,Crystal,62,0,BLM
Sea Jae,24245597,90,88,Sargatanas,Aether,893,0,e896e8ff7d9b55dbc92cd30362aecf3a_ba22853447012a24cee115315d6a5bebfc0.jpg?1786962708,Crystal,33,0,MNK
Uki Yo,50106047,91,89,Adamantoise,Aether,879,0,75e9983a4dd07e7e5de0ed1ac11a23fb_1f5fd239b885860b7c2bfc72ad1d97effc0.jpg?1786963658,Crystal,19,0,MNK
Kiitla Hundar,21600585,92,90,Brynhildr,Crystal,821,0,acff83df95bca2189584bd6af72e84ce_d0a0f515a62457570c9b44997063e3c1fc0.jpg?1786962732,Crystal,86,18,UNK
Gin Grimes,53824427,93,91,Marilith,Dynamis,811,0,345441c3ea324bf07484e7e6f1031ccc_bbfb28d5a9059cd0c768daf77ab29982fc0.jpg?1786961198,Crystal,119,4,RPR
Tiny Sosig,16648383,94,111,Balmung,Crystal,805,200,47661dc0b135d6c15fadc46a3fa85816_7a573cbc0cda3a3dfc1795cb3d9f7b23fc0.jpg?1786961328,Crystal,141,6,SMN
Silah Zetsku,53965328,95,92,Marilith,Dynamis,804,0,d2b4042f092dccb0d381fdc61afe74c3_bbfb28d5a9059cd0c768daf77ab29982fc0.jpg?1786962889,Crystal,40,2,PCT
Raphtalia Solari,8126326,96,93,Adamantoise,Aether,799,0,baeca36f0f50dbb796496ea18e58ee30_1f5fd239b885860b7c2bfc72ad1d97effc0.jpg?1786962800,Crystal,61,14,SGE
Satoshi Itaori,52546108,97,94,Golem,Dynamis,798,0,1ecf4d8479fa0e8c3c4b6fe005108b6d_dd61c3dc259e5c43722e89409499b669fc0.jpg?1786961276,Crystal,32,3,MCH
Shimori Bunihara,50186185,98,95,Kraken,Dynamis,793,0,c7cd2842a29701e0963bf6d156392014_049a956dfeb0eb2e19c417a1dde4d680fc0.jpg?1786960877,Crystal,40,7,SAM
Banana Skye,48159675,99,96,Faerie,Aether,790,0,37d6f3f177181cc95ef2e697d25b0c85_0e336ff6ad415f47233f0aaf127feac0fc0.jpg?1786962488,Crystal,62,0,WHM
Im Dead,44727021,100,97,Balmung,Crystal,789,0,382bb5e8fe23a4e04750cfd29fa9f46c_7a573cbc0cda3a3dfc1795cb3d9f7b23fc0.jpg?1786962126,Crystal,38,0,MNK
Nanamie Namie,54007603,101,98,Seraph,Dynamis,785,0,0a2ba3a431605dbe05215a75dffd70e7_07fb0511053f398d1f2d6831e6a6b4c8fc0.jpg?1786961323,Crystal,91,0,GNB
S'tille Fhey,8693680,102,247,Midgardsormr,Aether,709,609,d02ff61e52c6b3e4eadaf1f6172fe557_5c8ecfbc673e1287a9b5e85423fe1657fc0.jpg?1786962267,Crystal,60,14,MCH
Ellie Titis,36865882,103,99,Midgardsormr,Aether,707,0,71601f63eddfe2db7e4ec2213790102c_5c8ecfbc673e1287a9b5e85423fe1657fc0.jpg?1786962485,Crystal,30,0,DRG
Ryan Hoshiko,10323495,104,100,Lamia,Primal,702,0,b8f720f05e5314618bc7341f856d075d_4d9be17b5e1edc617052b4dbf4007875fc0.jpg?1786963432,Crystal,51,0,GNB
Rusheel Vasscus,2314921,105,199,Adamantoise,Aether,702,501,a4248cc27f1d518fee3b2b12da021669_1f5fd239b885860b7c2bfc72ad1d97effc0.jpg?1786963896,Crystal,15,14,WHM
Seto Mimyho,20943977,106,101,Behemoth,Primal,698,0,e0110a23ddcddf11cb8bf1e895c56d75_be20385e18333edb329d4574f364a1f0fc0.jpg?1786963711,Crystal,39,0,CRP
Aesa Iys,59631795,107,102,Kraken,Dynamis,696,0,60f73c621a5b6dec56728cc5466268c2_049a956dfeb0eb2e19c417a1dde4d680fc0.jpg?1786963322,Crystal,162,17,UNK
Noel Bunny,5201676,108,173,Behemoth,Primal,696,390,c7f99603b6e09c43470bbabaed203add_be20385e18333edb329d4574f364a1f0fc0.jpg?1786962092,Crystal,135,20,UNK
Zypris Allsbane,13616095,109,103,Leviathan,Primal,696,0,8194751bb802fcd9691a7ee558040836_a91aae52cff9ef65932db06b150ffd47fc0.jpg?1786963039,Crystal,47,3,RPR
Io Isana,33563057,110,104,Coeurl,Crystal,695,0,bb1bccc46bef2876072e2e7fa326fa12_284358f8eb4efc9095914e46798c6ab3fc0.jpg?1786961051,Crystal,17,0,PCT
Alex Rider,61850079,111,105,Hyperion,Primal,694,0,d221a7b6c00ffa393c988249ed242d9a_57ae9ee5592123dd79c8912bf768cf99fc0.jpg?1786963266,Crystal,70,0,DRG
Master Zoknik,48144446,112,106,Balmung,Crystal,692,0,3c54e73f2ad7023aa3b173793f95c070_7a573cbc0cda3a3dfc1795cb3d9f7b23fc0.jpg?1786963556,Crystal,29,0,SMN
Alana Mystranquil,38447772,113,107,Coeurl,Crystal,690,2,a3b4e0628a97b6c3941d78fd1af36b81_284358f8eb4efc9095914e46798c6ab3fc0.jpg?1786961027,Crystal,29,3,AST
Nia Yukumo,22530343,114,166,Lamia,Primal,688,292,41fe576462de4cc12ab76d6d29ef58e4_4d9be17b5e1edc617052b4dbf4007875fc0.jpg?1786961035,Crystal,44,12,SMN
Karl Rex,48615049,115,108,Siren,Aether,687,0,a7f2129699ecb71e801871425b8cbc52_58a84e851e55175d22158ca97af58a1ffc0.jpg?1786963259,Crystal,232,0,BRD
Kasai Kage,21886030,116,109,Adamantoise,Aether,618,0,6835735c490425c8a49d6889308a3484_1f5fd239b885860b7c2bfc72ad1d97effc0.jpg?1786962651,Crystal,16,2,NIN
Akari Tsuki,46655701,117,110,Adamantoise,Aether,608,0,08f7ffe45c1b134f99ea040b39ee2bdd_1f5fd239b885860b7c2bfc72ad1d97effc0.jpg?1786963596,Crystal,24,0,SMN
Hilto Feltre,55076328,118,112,Sargatanas,Aether,605,0,4a850e1dbb7f6f3aeff5b21df6166f3f_ba22853447012a24cee115315d6a5bebfc0.jpg?1786960846,Crystal,45,0,RPR
Ivy Storm,61727582,119,113,Zalera,Crystal,604,0,27a648f77de0ff7a1a44539cbd062203_8106f857613f8fb994b0be37b26ff4bafc0.jpg?1786962887,Crystal,81,0,MCH
Judas Demaio,7957583,120,114,Balmung,Crystal,604,0,802e8b947615ba3fa10ac8d8e4fb1ebf_7a573cbc0cda3a3dfc1795cb3d9f7b23fc0.jpg?1786962842,Crystal,19,0,UNK
Shum One,31246227,121,115,Midgardsormr,Aether,602,0,6a9ab1154c9d9a712cc039f45837db6d_5c8ecfbc673e1287a9b5e85423fe1657fc0.jpg?1786963157,Crystal,93,0,VPR
Alma Braver,729037,122,116,Goblin,Crystal,602,0,1d50d402d833734bf7f0d1fe6b3af5e8_8e81e2940511f7152ba4462fe53e35b8fc0.jpg?1786963575,Crystal,37,0,WHM
Nikau Milkdud,30842976,123,140,Lamia,Primal,601,197,2ffee265e9fb9491997d30306dc67cc3_4d9be17b5e1edc617052b4dbf4007875fc0.jpg?1786962943,Crystal,16,12,DNC
Ethan Dumas,2337003,124,117,Zalera,Crystal,599,0,4363afb6aeff95a15293cf3907560f7b_8106f857613f8fb994b0be37b26ff4bafc0.jpg?1786961119,Crystal,103,0,RDM
Baka Bao,48974722,125,118,Gilgamesh,Aether,599,0,ef2247fb5724315ecd96d1ac9c5804b1_b937560c841465f7c4bc8eb47ea7948afc0.jpg?1786963313,Crystal,94,12,SAM
Hunie Pop,37396085,126,119,Ultros,Primal,599,0,8a72b357002474c02d597d6e8bc94cee_c514cdcdb619439df97d906d4434ccc6fc0.jpg?1786962840,Crystal,69,4,WHM
Silvy Kaenbyou,45504540,127,120,Goblin,Crystal,598,0,3a856bd5c7e35d95f6afcc57be4321a1_8e81e2940511f7152ba4462fe53e35b8fc0.jpg?1786962922,Crystal,151,20,DRG
Phrosticus Maximus,51732834,128,121,Kraken,Dynamis,594,0,36921233b0c05085a501c86bb51f5633_049a956dfeb0eb2e19c417a1dde4d680fc0.jpg?1786962914,Crystal,151,0,NIN
Eyre Stahl,32745572,129,167,Maduin,Dynamis,593,197,0d24cf6e8f53fc59a993fd5e5311d4e0_7ff236346f6151d8a2c08fd0b4a0b806fc0.jpg?1786962591,Crystal,12,9,MNK
Adrianne Lehman,335503,130,122,Jenova,Aether,591,0,9487d4bc6332e7a22c323a4ee321ffa1_ce736afe35e2ded4e46c4fd0659aef7efc0.jpg?1786963819,Crystal,224,11,MCH
Teysa Montgomery,6201712,131,123,Cactuar,Aether,591,0,eb51f53fb1f2b23ee171b4e92895e9b4_96ab1df8877c1f8ba6a89a39cccfd437fc0.jpg?1786960401,Crystal,111,2,DRG
Sarantsatsral Kha,26082962,132,124,Behemoth,Primal,586,0,f8735f190504d139ee16ec1a623371dc_be20385e18333edb329d4574f364a1f0fc0.jpg?1786962168,Crystal,26,0,PLD
Finch Curador,30712387,133,125,Leviathan,Primal,581,0,a7767d35320b852f509e7dd68b0151d4_a91aae52cff9ef65932db06b150ffd47fc0.jpg?1786962998,Crystal,11,0,BRD
Gio Vanna,33440191,134,139,Adamantoise,Aether,528,124,7d1d14338474ce900c0581dbd778d321_1f5fd239b885860b7c2bfc72ad1d97effc0.jpg?1786962358,Crystal,38,14,SGE
Lolly Pops,11573609,135,126,Leviathan,Primal,509,0,a38b4d4cbcfc624c56b5db6efb627dd2_a91aae52cff9ef65932db06b150ffd47fc0.jpg?1786961175,Crystal,199,25,MCH
Cassian Syndriel,52998476,136,128,Ultros,Primal,507,1,db812378f708097c17610e9e6817f749_c514cdcdb619439df97d906d4434ccc6fc0.jpg?1786960705,Crystal,82,9,DNC
Mac Arena,45492392,137,276,Halicarnassus,Dynamis,504,404,727c03e055fd72360cd347e8a6365e3a_f2d324d722b28bbe681b2898bcdca8bffc0.jpg?1786962133,Crystal,26,26,GNB
No Bee,37102144,138,130,Lamia,Primal,501,0,5c741048df2befeb7f80a2b03bb02aee_4d9be17b5e1edc617052b4dbf4007875fc0.jpg?1786963107,Crystal,53,1,BLM
Rin Denma,33178809,139,131,Gilgamesh,Aether,501,0,6c5bab6678d3c44b6e646bc8726eb9f9_b937560c841465f7c4bc8eb47ea7948afc0.jpg?1786962134,Crystal,9,0,UNK
Oni Akuma,7300790,140,132,Gilgamesh,Aether,500,0,e8e098720e245711114b4614110261b5_b937560c841465f7c4bc8eb47ea7948afc0.jpg?1786961474,Crystal,162,5,MNK
Lelouch Masamune,12543299,141,133,Malboro,Crystal,499,0,711457fd66b589fb422ba4640a4826f0_2e97c13fdd593d15d543093f8a37b6f0fc0.jpg?1786961706,Crystal,76,0,SCH
Shinra Tatsuya,8648762,142,134,Gilgamesh,Aether,498,0,7dccb5e520b149afd2b044279fa8694e_b937560c841465f7c4bc8eb47ea7948afc0.jpg?1786961252,Crystal,77,11,DRK
Labrys Roux,31449732,143,141,Ultros,Primal,497,95,b78d649d03beba97a36fa9eebc98afc4_c514cdcdb619439df97d906d4434ccc6fc0.jpg?1786961816,Crystal,74,22,AST
Xale Solace,52728205,144,135,Adamantoise,Aether,497,0,5272a5d5dea9738bb4a6638ac3f083d2_1f5fd239b885860b7c2bfc72ad1d97effc0.jpg?1786963380,Crystal,54,0,VPR
High Five,40416979,145,136,Brynhildr,Crystal,493,0,f6eae218fa6037625ae22a8c800d935d_d0a0f515a62457570c9b44997063e3c1fc0.jpg?1786961327,Crystal,21,0,BRD
Vaal Hazak,26534863,146,198,Zalera,Crystal,408,207,7c44a75a2f3d57a9cd3b86235340939b_8106f857613f8fb994b0be37b26ff4bafc0.jpg?1786962804,Crystal,90,8,DRK
Zithiel Bihrul,44613484,147,163,Faerie,Aether,407,10,4abc29f0f384c794c1f6c7e7e60b8ed8_0e336ff6ad415f47233f0aaf127feac0fc0.jpg?1786961291,Crystal,114,3,BRD
Unit Chan,37998953,148,137,Jenova,Aether,406,0,edbb6ab0cdf4eefcc524df286e3ff034_ce736afe35e2ded4e46c4fd0659aef7efc0.jpg?1786960612,Crystal,96,8,DRG
Lowan Gleview,48863675,149,138,Gilgamesh,Aether,406,0,3ed0770e9633fa9630af57f595f1d68d_b937560c841465f7c4bc8eb47ea7948afc0.jpg?1786962222,Crystal,35,0,NIN
Rasan Sena,13544028,150,255,Kraken,Dynamis,402,302,70d1ba94bcbeff8a384f1e364b2ee863_049a956dfeb0eb2e19c417a1dde4d680fc0.jpg?1786961481,Crystal,53,21,UNK
Naeng Myeon,35393894,151,142,Jenova,Aether,402,0,e834ee8ccde5fd99424275ed75278f5b_ce736afe35e2ded4e46c4fd0659aef7efc0.jpg?1786963448,Crystal,46,4,WHM
Tio Tot,32427648,152,143,Jenova,Aether,402,0,b6b5f99e0b2c9878499873fdbe82cda3_ce736afe35e2ded4e46c4fd0659aef7efc0.jpg?1786962798,Crystal,25,0,PLD
Roland Montpensier,27408688,153,144,Mateus,Crystal,402,0,f999e29fa2ab10f6ba02338f493e886b_f0c52cc66e124fc2e641d7c21ab2ce79fc0.jpg?1786962383,Crystal,23,2,DRK
Scythe Horrorblade,32713598,154,231,Mateus,Crystal,401,301,43c41a5aa8d981f109e6d76f3347bd93_f0c52cc66e124fc2e641d7c21ab2ce79fc0.jpg?1786962518,Crystal,270,30,MNK
Von Columbine,58381347,155,145,Gilgamesh,Aether,401,0,616328e702b2b2e8d452581d53ec9f88_b937560c841465f7c4bc8eb47ea7948afc0.jpg?1786960770,Crystal,83,12,DRG
O'naeas Du'faigh,39414113,156,151,Ultros,Primal,401,1,7994a259bec436115a0081b11babf4f8_c514cdcdb619439df97d906d4434ccc6fc0.jpg?1786960913,Crystal,75,2,WAR
Very Shooooooooooort,49384501,157,146,Hyperion,Primal,401,0,084259a7b0d5cdac112faebe64bac849_57ae9ee5592123dd79c8912bf768cf99fc0.jpg?1786962791,Crystal,60,0,UNK
Jin Mercer,31096690,158,147,Marilith,Dynamis,401,0,708b770d30658bbff6a84015d913b518_bbfb28d5a9059cd0c768daf77ab29982fc0.jpg?1786961988,Crystal,56,3,MNK
Vicious Nouzen,42001229,159,148,Jenova,Aether,401,0,94ccc3f4ceffc2356f1ddd47d85ca9f7_ce736afe35e2ded4e46c4fd0659aef7efc0.jpg?1786960858,Crystal,51,0,MNK
Zot Meow,34168568,160,149,Sargatanas,Aether,401,0,857170879bee95fc8f3f62ae264a46ce_ba22853447012a24cee115315d6a5bebfc0.jpg?1786963601,Crystal,24,0,SCH
Rail Ying,33252892,161,150,Famfrit,Primal,400,0,e9ae8b691e418ccccf35ebe11804f497_fce4949e615393e574f2d57134b31fc1fc0.jpg?1786963881,Crystal,336,1,BRD
Coffee Dawg,17085073,162,170,Famfrit,Primal,400,9,3f73984ff31eed30a16eba5ac017bdda_fce4949e615393e574f2d57134b31fc1fc0.jpg?1786961918,Crystal,57,11,MNK
Nero K'ten,6155374,163,152,Lamia,Primal,400,0,457604f04300faac0e52a053884e2bb7_4d9be17b5e1edc617052b4dbf4007875fc0.jpg?1786962193,Crystal,53,0,AST
Freelili Baylili,41088797,164,153,Famfrit,Primal,400,0,2fd0edea93f7f1b96bfa59c24d04a2af_fce4949e615393e574f2d57134b31fc1fc0.jpg?1786962337,Crystal,49,0,RPR
Rachna Rindou,54825028,165,154,Brynhildr,Crystal,400,0,782b01c1201a9b4642438d41202796f6_d0a0f515a62457570c9b44997063e3c1fc0.jpg?1786963288,Crystal,12,0,MNK
Cj Deux,23394493,166,155,Lamia,Primal,399,0,64702aeefa55d2931c531ddadd7964ea_4d9be17b5e1edc617052b4dbf4007875fc0.jpg?1786963843,Crystal,195,3,RDM
Shiroi Kijo,44769088,167,156,Ultros,Primal,399,0,2bc8c14bed99e41cc16db823a37e5295_c514cdcdb619439df97d906d4434ccc6fc0.jpg?1786961076,Crystal,106,0,SMN
Pvp Wintrader,55633250,168,157,Rafflesia,Dynamis,399,0,a95c4512f0f35cf564aac910d19b00e2_2783886613347a4db0bed7524de1298ffc0.jpg?1786960477,Crystal,41,0,BRD
June Buggy,39873640,169,158,Brynhildr,Crystal,399,0,929fb7f3958e6f1fbc9e559d731c0108_d0a0f515a62457570c9b44997063e3c1fc0.jpg?1786963237,Crystal,34,0,RDM
Johnny Rotten,60584717,170,176,Balmung,Crystal,398,198,16dd0eb6be877814ca22fed24fe6191d_7a573cbc0cda3a3dfc1795cb3d9f7b23fc0.jpg?1786960903,Crystal,51,5,MCH
Kaede Obinata,32151196,171,159,Marilith,Dynamis,398,0,460d631b298c83b035fb70ac5669658d_bbfb28d5a9059cd0c768daf77ab29982fc0.jpg?1786960608,Crystal,46,0,NIN
Honey Toast,57307408,172,161,Exodus,Primal,398,0,f4ce05067fa4042fad64931eb5015841_0cdf051c93865faa15cbc5cd3d2b69fbfc0.jpg?1786962536,Crystal,33,11,UNK
Ava Falafell,7835301,173,160,Cactuar,Aether,398,0,037dd67f6ab82aadfe3e7b3e4973d525_96ab1df8877c1f8ba6a89a39cccfd437fc0.jpg?1786962961,Crystal,32,0,WHM
Mtn Boop,36509633,174,162,Brynhildr,Crystal,398,0,175f521a1de707cbfb345e95df5e588c_d0a0f515a62457570c9b44997063e3c1fc0.jpg?1786961258,Crystal,8,0,VPR
Shoujo Hime,18340055,175,281,Leviathan,Primal,397,397,c341075038058a45ef549f7bac1b9d25_a91aae52cff9ef65932db06b150ffd47fc0.jpg?1786962672,Crystal,170,13,AST
Cain Molkoh,57323197,176,164,Goblin,Crystal,397,0,889deea7b0b76edd744a2b6fb24a09a1_8e81e2940511f7152ba4462fe53e35b8fc0.jpg?1786962908,Crystal,106,0,AST
Garu Kettle,7054871,177,165,Behemoth,Primal,397,0,e03f1b46663ddb8c150315a88c79c9f1_be20385e18333edb329d4574f364a1f0fc0.jpg?1786962010,Crystal,81,2,UNK
Mash Buttons,12470854,178,180,Ultros,Primal,394,94,eec5508ec2ce3844fd62caa5b87a24d8_c514cdcdb619439df97d906d4434ccc6fc0.jpg?1786961291,Crystal,31,2,BRD
Thamiel Blade,11845109,179,168,Malboro,Crystal,393,0,80ba6f7aa26a72c98ebf41b210be27be_2e97c13fdd593d15d543093f8a37b6f0fc0.jpg?1786962563,Crystal,62,0,RDM
Aurora Aura,51466191,180,169,Coeurl,Crystal,392,0,6bf65747d41f881881af0d8d8ee83bb9_284358f8eb4efc9095914e46798c6ab3fc0.jpg?1786962846,Crystal,108,1,NIN
Gracidea Blossom,4573171,181,171,Lamia,Primal,392,2,12afdfb12aebd14365b3149875fee65f_4d9be17b5e1edc617052b4dbf4007875fc0.jpg?1786963102,Crystal,41,7,WHM
Boulder Beholder,10981587,182,172,Faerie,Aether,310,0,9de7d0362a3a832a7171bfe262bb5d94_0e336ff6ad415f47233f0aaf127feac0fc0.jpg?1786963628,Crystal,6,0,RDM
Larxis Themage,9284703,183,174,Mateus,Crystal,304,0,f1440421e273892659981868cbc99f9b_f0c52cc66e124fc2e641d7c21ab2ce79fc0.jpg?1786960763,Crystal,137,12,SMN
Dank Lollington,37820692,184,175,Exodus,Primal,304,0,2b6faafd9620689cd5e4222c96529aa5_0cdf051c93865faa15cbc5cd3d2b69fbfc0.jpg?1786960945,Crystal,21,0,MCH
Senka Kyo,40405843,185,177,Adamantoise,Aether,302,0,57edcac1396cccc62373cfaa1109ab06_1f5fd239b885860b7c2bfc72ad1d97effc0.jpg?1786962826,Crystal,2,0,BLM
Tarex Youva,34244171,186,178,Behemoth,Primal,301,0,f62a1a6593a19abc7f2ade2191e57159_be20385e18333edb329d4574f364a1f0fc0.jpg?1786961477,Crystal,55,0,PCT
Unagi Box,34773273,187,210,Cuchulainn,Dynamis,301,102,05a513d02b60c767bfb83440ab2d406b_b4a106e4893fd452df0001eaeecf9d7efc0.jpg?1786963342,Crystal,24,2,GNB
Denmo Mcstronghuge,1150717,188,179,Excalibur,Primal,301,0,bb33b9be77e28ab26ee6367ad6ba7cac_745baffc465480ed372e274d50318290fc0.jpg?1786962318,Crystal,20,0,BLM
Naomi Hakoma,13697124,189,253,Halicarnassus,Dynamis,300,200,a6732f9cc34509a6761d618186e745fd_f2d324d722b28bbe681b2898bcdca8bffc0.jpg?1786961153,Crystal,42,8,FSH
Ciel Sorrel,22647977,190,259,Zalera,Crystal,300,200,4feb2b2835b10561864f50a075fa571c_8106f857613f8fb994b0be37b26ff4bafc0.jpg?1786961862,Crystal,33,7,DRK
Onion Little,37583983,191,181,Zalera,Crystal,300,0,59533d6fd2d0a8b58595bf860ae3f36a_8106f857613f8fb994b0be37b26ff4bafc0.jpg?1786960583,Crystal,13,0,AST
Novical Astrea,42979170,192,182,Exodus,Primal,299,0,b638930bbe9987be79fa698126728549_0cdf051c93865faa15cbc5cd3d2b69fbfc0.jpg?1786961198,Crystal,65,0,BRD
Aelara Nightelm,2908362,193,0,Maduin,Dynamis,298,298,f40ea9e3404cbab02b92f9bc1d80cdcd_7ff236346f6151d8a2c08fd0b4a0b806fc0.jpg?1786962398,Crystal,131,12,BRD
Lux Mas,23065843,194,183,Sargatanas,Aether,298,0,88a2ca0abf69b95b8d6893d740e04615_ba22853447012a24cee115315d6a5bebfc0.jpg?1786962453,Crystal,88,6,RDM
Rathais Gunnach,32955444,195,184,Brynhildr,Crystal,298,0,2a434eda7d82f52a4a70d056b83f2c27_d0a0f515a62457570c9b44997063e3c1fc0.jpg?1786962965,Crystal,49,0,SAM
Yulia Lunaria,82714,196,185,Coeurl,Crystal,298,0,30d19e29baad4dfe064001a80a4466e1_284358f8eb4efc9095914e46798c6ab3fc0.jpg?1786961235,Crystal,12,0,SGE
Vann Healsing,6572,197,186,Coeurl,Crystal,298,0,e19ce452168669ef7abba0e26cc8ee4c_284358f8eb4efc9095914e46798c6ab3fc0.jpg?1786961322,Crystal,7,0,PLD
Aesa Reign,35916991,198,187,Behemoth,Primal,298,0,41b39fb2112c54e35953a1e9bca43b2b_be20385e18333edb329d4574f364a1f0fc0.jpg?1786963323,Crystal,3,0,BLM
Bigg Succ,14228989,199,188,Coeurl,Crystal,298,0,d833225ff74a6d00fc89b134cc155262_284358f8eb4efc9095914e46798c6ab3fc0.jpg?1786962144,Crystal,2,0,MNK
Reed Diamond,7237831,200,189,Ultros,Primal,297,0,132bb33f336f4f3ae42c3cf9a96a11ad_c514cdcdb619439df97d906d4434ccc6fc0.jpg?1786962971,Crystal,89,0,MNK
Tc Sola,43984930,201,219,Zalera,Crystal,297,100,1bde011c1056c258b5456fb7d0f6283f_8106f857613f8fb994b0be37b26ff4bafc0.jpg?1786963651,Crystal,67,3,MNK
Mo Azure,47140618,202,273,Lamia,Primal,297,197,8e6a4b8b298b5523d1f99888dd9f36cf_4d9be17b5e1edc617052b4dbf4007875fc0.jpg?1786962634,Crystal,13,3,WHM
Sitri Belladonna,44271644,203,190,Maduin,Dynamis,296,0,d5fba1e5169b57a308fb1ea60e3553cf_7ff236346f6151d8a2c08fd0b4a0b806fc0.jpg?1786963732,Crystal,50,0,RDM
Nika Arwing,12407061,204,191,Behemoth,Primal,294,0,f0ebfd95e843addaab2471d3cb028eb6_be20385e18333edb329d4574f364a1f0fc0.jpg?1786961542,Crystal,8,0,MNK
Marika Mjolnir,38212348,205,192,Malboro,Crystal,292,0,969a50dcb0d9777a00aae149894ab7f5_2e97c13fdd593d15d543093f8a37b6f0fc0.jpg?1786962949,Crystal,181,0,WAR
Theory Ai,55206021,206,193,Leviathan,Primal,204,0,018be547248466158b1d0f9de4315340_a91aae52cff9ef65932db06b150ffd47fc0.jpg?1786961312,Crystal,195,1,SAM
Lumiel Alstreim,6929457,207,194,Balmung,Crystal,204,0,6004c4e57250b544ed36bf6b310e878a_7a573cbc0cda3a3dfc1795cb3d9f7b23fc0.jpg?1786961372,Crystal,46,0,PCT
Minato Maki,53819658,208,195,Excalibur,Primal,204,0,03c1d1dc5b9a30317518ec9a30c301ab_745baffc465480ed372e274d50318290fc0.jpg?1786961839,Crystal,26,0,RDM
Abel Catallus,20632128,209,196,Hyperion,Primal,202,0,a753917cbe6dc89a0ba41f10003a621d_57ae9ee5592123dd79c8912bf768cf99fc0.jpg?1786963678,Crystal,67,0,VPR
Bean Waters,34305264,210,197,Famfrit,Primal,202,0,bcdcd97b24d4dfc6b3e643c8670b6f7c_fce4949e615393e574f2d57134b31fc1fc0.jpg?1786961758,Crystal,45,0,GNB
Mori Sumire,22629786,211,217,Zalera,Crystal,201,3,9d1372da41637e0a1cee75add0cdab3e_8106f857613f8fb994b0be37b26ff4bafc0.jpg?1786961862,Crystal,55,6,UNK
Zolzayaa Noykin,34804380,212,200,Balmung,Crystal,200,0,ff773bbf0388cc8a61ac7c87e78f978f_7a573cbc0cda3a3dfc1795cb3d9f7b23fc0.jpg?1786960751,Crystal,50,3,VPR
Aiberaint Mando,58601227,213,201,Faerie,Aether,200,0,b7621f9e3f9c7a33ce4acd4a392c3a41_0e336ff6ad415f47233f0aaf127feac0fc0.jpg?1786960880,Crystal,33,0,RPR
Nonoha Noha,32959229,214,202,Balmung,Crystal,200,0,d9c4977477ddfaebc0c2204729f692f9_7a573cbc0cda3a3dfc1795cb3d9f7b23fc0.jpg?1786960794,Crystal,22,0,MCH
Joe Biden',48592929,215,203,Seraph,Dynamis,200,0,c06fd69e6b294b74118f1a8ad5727f56_07fb0511053f398d1f2d6831e6a6b4c8fc0.jpg?1786961261,Crystal,2,0,UNK
Giselle Aureillien,29155636,216,204,Coeurl,Crystal,200,0,0864f26f62e17d3942c765f8a16665d2_284358f8eb4efc9095914e46798c6ab3fc0.jpg?1786960964,Crystal,1,0,NIN
Vayce Lilacspark,4565408,217,205,Balmung,Crystal,199,0,e9f3928d81a9f68a9cfae3a6a414feb8_7a573cbc0cda3a3dfc1795cb3d9f7b23fc0.jpg?1786961933,Crystal,137,0,DRK
Chronochaos Asura,1230012,218,206,Excalibur,Primal,199,0,16f01a0a9404158e87254af5dbe09328_745baffc465480ed372e274d50318290fc0.jpg?1786960901,Crystal,75,0,NIN
Hijiri Sagoonja,61517900,219,207,Marilith,Dynamis,199,0,490b8d7e00e9479812f4686618ba59ec_bbfb28d5a9059cd0c768daf77ab29982fc0.jpg?1786960937,Crystal,71,0,PCT
Azura Skye,61832185,220,208,Goblin,Crystal,199,0,06833163f0059227fbc31ba3c8c36610_8e81e2940511f7152ba4462fe53e35b8fc0.jpg?1786962945,Crystal,53,0,PGL
Orpheus Laine,29851207,221,209,Gilgamesh,Aether,199,0,5939235fbb052c79392d334cce14ca00_b937560c841465f7c4bc8eb47ea7948afc0.jpg?1786961131,Crystal,27,0,DRK
Virtus Giruvegan,3183831,222,211,Gilgamesh,Aether,199,0,e8050cdd79efaaf143d74f9ae4cdcfb1_b937560c841465f7c4bc8eb47ea7948afc0.jpg?1786962561,Crystal,13,0,UNK
Milly Mina,37964161,223,212,Cuchulainn,Dynamis,199,0,f3300c3e28b3c5b4a3767a587341831e_b4a106e4893fd452df0001eaeecf9d7efc0.jpg?1786962507,Crystal,7,2,DNC
Mits Suki,33204212,224,213,Famfrit,Primal,199,0,5bb063598970951b9c8c586bd4f0db1f_fce4949e615393e574f2d57134b31fc1fc0.jpg?1786960567,Crystal,3,0,MCH
Fain Doncel'aram,18921518,225,214,Jenova,Aether,199,0,99d5d58c7b97e260ff83d3d4b87a7103_ce736afe35e2ded4e46c4fd0659aef7efc0.jpg?1786961830,Crystal,2,0,MNK
Sandoz Nakao,10931721,226,215,Sargatanas,Aether,198,0,dbfb04dfbbe3ea56cd066152b1c185fb_ba22853447012a24cee115315d6a5bebfc0.jpg?1786960907,Crystal,162,2,SCH
Cassian Aten,49727028,227,216,Ultros,Primal,198,0,beba5702725b35f7f383e56d8c6eeb6c_c514cdcdb619439df97d906d4434ccc6fc0.jpg?1786963807,Crystal,68,0,UNK
Radanis Luminacht,16920977,228,218,Sargatanas,Aether,198,0,b371d311f8b15d14c5d5b08dda36ab7f_ba22853447012a24cee115315d6a5bebfc0.jpg?1786961512,Crystal,1,0,DRK
Fyoriah Aliapoh,44734635,229,220,Faerie,Aether,197,0,298901c71b421faa4612e0bbd9420820_0e336ff6ad415f47233f0aaf127feac0fc0.jpg?1786963654,Crystal,41,0,PLD
Bento Manjusaka,8342791,230,221,Famfrit,Primal,197,0,6ad6165e804ca5f8a6e46061f7c359ec_fce4949e615393e574f2d57134b31fc1fc0.jpg?1786962670,Crystal,33,0,BRD
Mirae Malaguld,50148809,231,222,Famfrit,Primal,197,0,6eb6ea3365a1160e9537ec75ff91463a_fce4949e615393e574f2d57134b31fc1fc0.jpg?1786961309,Crystal,1,0,NIN
Onigiri Bunny,7352884,231,222,Behemoth,Primal,197,0,382f2b7a0b15514c38a6e2d5af3d8014_be20385e18333edb329d4574f364a1f0fc0.jpg?1786963512,Crystal,1,0,UNK
Tree Cat,26335365,231,0,Jenova,Aether,197,0,33c88618a561b4c9a812b3fe8cb0ba15_ce736afe35e2ded4e46c4fd0659aef7efc0.jpg?1786963504,Crystal,1,0,WHM
Ailbhe Costa,24483224,234,224,Golem,Dynamis,196,0,d2a07a324d29f192eabbae6adeb2462b_dd61c3dc259e5c43722e89409499b669fc0.jpg?1786961666,Crystal,1,0,UNK
Sensus Meow,3918158,234,224,Gilgamesh,Aether,196,0,c830651186889d4902ef13cefd58a832_b937560c841465f7c4bc8eb47ea7948afc0.jpg?1786963575,Crystal,1,0,NIN
Unit Two,9241194,236,226,Ultros,Primal,195,0,641de9f4edfaf7fe05a95460092c87ef_c514cdcdb619439df97d906d4434ccc6fc0.jpg?1786962170,Crystal,147,0,WHM
Kanae Meow,36806118,237,227,Ultros,Primal,104,0,8969e8a0b518902a3996525f822b4701_c514cdcdb619439df97d906d4434ccc6fc0.jpg?1786960775,Crystal,103,0,WHM
Yuki Yozora,32275648,238,228,Faerie,Aether,103,0,bed164ee9535c02b6ea7cc8b5000c845_0e336ff6ad415f47233f0aaf127feac0fc0.jpg?1786960939,Crystal,149,0,GNB
Erik Jormungandr,21053207,239,229,Balmung,Crystal,102,0,d279bad4f9c048ee2cb4310b2dabb453_7a573cbc0cda3a3dfc1795cb3d9f7b23fc0.jpg?1786962809,Crystal,10,0,DRK
Apple Thief,43679241,240,230,Balmung,Crystal,100,0,746256d82b3652ef93bbd475defb85ac_7a573cbc0cda3a3dfc1795cb3d9f7b23fc0.jpg?1786960666,Crystal,346,18,DRK
Cynthia Noir,25307713,241,232,Leviathan,Primal,100,0,5b4f8d78ae6dd18586116fe673617384_a91aae52cff9ef65932db06b150ffd47fc0.jpg?1786962759,Crystal,225,0,BLM
Deep-fried Shrimp,39013955,242,233,Halicarnassus,Dynamis,100,0,8c854c8dde07c11059f113329f369709_f2d324d722b28bbe681b2898bcdca8bffc0.jpg?1786963853,Crystal,187,0,GNB
Airi Aogane,46241895,243,295,Sargatanas,Aether,100,100,11367baad718b56f9682513d9430146d_ba22853447012a24cee115315d6a5bebfc0.jpg?1786961865,Crystal,111,6,WHM
Celeste Aeternum,38129090,244,234,Adamantoise,Aether,100,0,76510814c4215ff9bd016e9313ee6e2c_1f5fd239b885860b7c2bfc72ad1d97effc0.jpg?1786963569,Crystal,103,11,SGE
Saber Moon,21231710,245,234,Hyperion,Primal,100,0,f476acb444c0e146dd44d5351357e426_57ae9ee5592123dd79c8912bf768cf99fc0.jpg?1786962527,Crystal,92,0,SGE
Kalatia Silverscale,52796419,246,236,Hyperion,Primal,100,0,1a27aed774a0a73e8c95467c7bf6e956_57ae9ee5592123dd79c8912bf768cf99fc0.jpg?1786962617,Crystal,91,0,UNK
Haley Comet,27668347,247,237,Cactuar,Aether,100,0,2b237658ff580795f602f2f1b6069a76_96ab1df8877c1f8ba6a89a39cccfd437fc0.jpg?1786962422,Crystal,89,0,BRD
Skyanar Tyrunas,42486942,248,238,Siren,Aether,100,0,ba17697df023a58dbdba8be74f3894f2_58a84e851e55175d22158ca97af58a1ffc0.jpg?1786962800,Crystal,87,0,BLM
Leifon Altugle,8395678,249,239,Gilgamesh,Aether,100,0,3e2aacdbdd9e8d035f4294a4a24ef84d_b937560c841465f7c4bc8eb47ea7948afc0.jpg?1786963077,Crystal,69,0,PLD
John Darksouls,32702843,250,240,Adamantoise,Aether,100,0,f1fbda91f49b5975e8a2cb80a74e40ad_1f5fd239b885860b7c2bfc72ad1d97effc0.jpg?1786963033,Crystal,67,1,PLD
Rouge Sunwing,50315022,251,241,Excalibur,Primal,100,0,e083dde5de8a5564f1aa8b12e6add888_745baffc465480ed372e274d50318290fc0.jpg?1786961183,Crystal,63,3,DRG
Beef Testoserone,31210622,252,242,Lamia,Primal,100,0,8722cb428122ce685cf8b96a844468f3_4d9be17b5e1edc617052b4dbf4007875fc0.jpg?1786962290,Crystal,57,0,DRG
Stephanie Dolla,28812314,253,243,Zalera,Crystal,100,0,d9051d9ee54d0e9f8178549cfed7d8cf_8106f857613f8fb994b0be37b26ff4bafc0.jpg?1786962300,Crystal,56,0,MNK
Yos Sy,23664999,253,286,Jenova,Aether,100,100,01f58e6e2269085746fd0a5b6fe0e7f2_ce736afe35e2ded4e46c4fd0659aef7efc0.jpg?1786963032,Crystal,56,1,DRG
Zaneko Yuneko,61640151,255,244,Goblin,Crystal,100,0,e90101e9d13d827fb83b96932b2de05b_8e81e2940511f7152ba4462fe53e35b8fc0.jpg?1786963438,Crystal,51,0,SMN
Zerth Voldrin,14915863,256,245,Cactuar,Aether,100,0,81a8fef4d9feb3b13352e547c9dcf7d5_96ab1df8877c1f8ba6a89a39cccfd437fc0.jpg?1786962507,Crystal,48,0,DRK
Misdes Lightborn,15985822,257,246,Excalibur,Primal,100,0,b5a720db92fc3ecb59bb12c0885b2648_745baffc465480ed372e274d50318290fc0.jpg?1786961497,Crystal,47,0,SGE
Elphen Gura,2247953,258,248,Gilgamesh,Aether,100,0,292e135e4f46290be61b4699e8236363_b937560c841465f7c4bc8eb47ea7948afc0.jpg?1786961867,Crystal,45,0,DNC
Norma Jeannie,28105106,259,0,Jenova,Aether,100,100,bff6f64f1e9dd700a962c74db4bf4812_ce736afe35e2ded4e46c4fd0659aef7efc0.jpg?1786962114,Crystal,43,8,MNK
Cecils Lunas,39054438,260,249,Brynhildr,Crystal,100,0,4f553dbd79cfae0460c3d43b82171d15_d0a0f515a62457570c9b44997063e3c1fc0.jpg?1786963268,Crystal,42,0,SGE
Eroison Chren,42575447,261,250,Ultros,Primal,100,0,d66c862181da18eea3335d6667510dc6_c514cdcdb619439df97d906d4434ccc6fc0.jpg?1786961946,Crystal,41,0,SCH
Haru Ymir,52781467,261,250,Coeurl,Crystal,100,0,5b0c97a3958f165ea8d2566964423df5_284358f8eb4efc9095914e46798c6ab3fc0.jpg?1786962910,Crystal,41,0,MIN
Fenrir Mani,46990212,263,253,Siren,Aether,100,0,9d52f579ab24f21101afab7ee04fd086_58a84e851e55175d22158ca97af58a1ffc0.jpg?1786963107,Crystal,39,5,RDM
Sirkitten Wrath,24932332,264,252,Coeurl,Crystal,100,0,248a1e6798b3538fe783585b1686cadd_284358f8eb4efc9095914e46798c6ab3fc0.jpg?1786962757,Crystal,38,0,MCH
Neco-arc Myuri,1364925,265,256,Balmung,Crystal,100,0,45595754292a6e60dac91dc40349a619_7a573cbc0cda3a3dfc1795cb3d9f7b23fc0.jpg?1786962282,Crystal,30,0,UNK
Stark Yaksha,37508817,265,256,Excalibur,Primal,100,0,e4e46dcca7ba886c463380686ec8fa70_745baffc465480ed372e274d50318290fc0.jpg?1786962134,Crystal,30,0,RDM
Minome Meisuri,39947262,267,258,Sargatanas,Aether,100,0,ce2ec1dde05d4468145ef246155ea290_ba22853447012a24cee115315d6a5bebfc0.jpg?1786963210,Crystal,29,0,DNC
Brian Ricardo,9364090,268,259,Adamantoise,Aether,100,0,c00688b4ac9b567c1a4de9d648fbbff4_1f5fd239b885860b7c2bfc72ad1d97effc0.jpg?1786962826,Crystal,26,0,SGE
Peregrine Lofte,21726171,268,259,Leviathan,Primal,100,0,351c30387c9048190075024c6b344ead_a91aae52cff9ef65932db06b150ffd47fc0.jpg?1786961702,Crystal,26,0,DRG
Deez Crits,37202007,270,262,Excalibur,Primal,100,0,71f51af3126f0c7f7c30ffe8aee550f9_745baffc465480ed372e274d50318290fc0.jpg?1786961224,Crystal,25,0,FSH
Snowsteps Frozenheart,25431273,270,262,Siren,Aether,100,0,3e9412aba214d5dab23b4cdfc8b81294_58a84e851e55175d22158ca97af58a1ffc0.jpg?1786962771,Crystal,25,0,DNC
Sanctified Meiyi,17664808,272,264,Exodus,Primal,100,0,97897e3416901b29df2a39b2d1b02741_0cdf051c93865faa15cbc5cd3d2b69fbfc0.jpg?1786963109,Crystal,24,0,SAM
Jon Jitsu,3287137,273,265,Exodus,Primal,100,0,40995ea7a6a7bd4a2bf41fe663bdcd2a_0cdf051c93865faa15cbc5cd3d2b69fbfc0.jpg?1786961252,Crystal,23,0,PLD
Vaeltis Nyght,16404977,274,266,Famfrit,Primal,100,0,0caba4911a7521943ad38550f8faec63_fce4949e615393e574f2d57134b31fc1fc0.jpg?1786963945,Crystal,21,0,BRD
Rhynnian Embersong,25760441,275,267,Mateus,Crystal,100,0,871ea245000038e6ec3461df23e3688f_f0c52cc66e124fc2e641d7c21ab2ce79fc0.jpg?1786963398,Crystal,20,0,BLM
A'kena Themis,30488636,276,268,Cuchulainn,Dynamis,100,0,0dfbdcebc19679eb813e05521b4bc587_b4a106e4893fd452df0001eaeecf9d7efc0.jpg?1786961011,Crystal,19,0,DNC
Flipped Hellcat,21788780,277,0,Brynhildr,Crystal,100,0,2ae61210380d605b7b52e1b3372b5079_d0a0f515a62457570c9b44997063e3c1fc0.jpg?1786963805,Crystal,18,0,UNK
Tegridy Weed,3469679,277,269,Midgardsormr,Aether,100,0,96f7b1ca58cffc2cdcbb1df90d116807_5c8ecfbc673e1287a9b5e85423fe1657fc0.jpg?1786963172,Crystal,18,0,DRK
Belle Quicksilver,2897739,279,270,Balmung,Crystal,100,0,4f386af86d2c8049f58f4baaeeb4a3a3_7a573cbc0cda3a3dfc1795cb3d9f7b23fc0.jpg?1786963638,Crystal,17,0,UNK
Reina Crowley,19324150,280,271,Malboro,Crystal,100,0,d8624175065ad845c6d16c7f8638cc12_2e97c13fdd593d15d543093f8a37b6f0fc0.jpg?1786962196,Crystal,16,0,UNK
Ren Meow,50978506,281,272,Midgardsormr,Aether,100,0,7b0d37527fbf80936d64911e4e02726d_5c8ecfbc673e1287a9b5e85423fe1657fc0.jpg?1786963240,Crystal,15,0,MNK
Maley Seven,44133393,282,273,Brynhildr,Crystal,100,0,9e4efda1836be2a8875ea1ffd7413a95_d0a0f515a62457570c9b44997063e3c1fc0.jpg?1786962757,Crystal,10,0,DRK
Akam Mizuna,11803947,283,275,Leviathan,Primal,100,0,8c8c482c7a3d1c6cf89407e6cf103b32_a91aae52cff9ef65932db06b150ffd47fc0.jpg?1786962868,Crystal,3,0,VPR
Aoi Kami,40024501,284,276,Gilgamesh,Aether,100,0,fa9503916a97f3312ed499ca2c78b1a7_b937560c841465f7c4bc8eb47ea7948afc0.jpg?1786962075,Crystal,0,0,UNK
Haley Autouria,105933,284,276,Coeurl,Crystal,100,0,8e6b9b10fc2e31af21e24fdaae151c61_284358f8eb4efc9095914e46798c6ab3fc0.jpg?1786962753,Crystal,0,0,UNK
Pinky Meow,59213242,284,276,Halicarnassus,Dynamis,100,0,9ac8bffaba88f1f4c7fe1238e6a7dcb0_f2d324d722b28bbe681b2898bcdca8bffc0.jpg?1786963649,Crystal,0,0,UNK
Xeyr Aea,10478615,284,276,Diabolos,Crystal,100,0,afc00073149550ad623df3280d05956f_7b33d33ae3ecb996f778a5f67a6a0af6fc0.jpg?1786963481,Crystal,0,0,BLM
Deimus Holden,13275823,288,282,Behemoth,Primal,0,0,5974f9a64fc213565d8fd6d3df91e58f_be20385e18333edb329d4574f364a1f0fc0.jpg?1786961366,Diamond,89,10,SMN
V'linh Tia,35736983,289,283,Hyperion,Primal,0,0,760e31f96b4d3b3534fcdc43c9564fab_57ae9ee5592123dd79c8912bf768cf99fc0.jpg?1786963603,Diamond,88,11,BRD
Bam Pepo,22678638,290,284,Adamantoise,Aether,0,0,8533b0fce359fe75fd8f831869cf110d_1f5fd239b885860b7c2bfc72ad1d97effc0.jpg?1786961524,Diamond,68,0,VPR
Dread Ross,4916315,291,285,Exodus,Primal,0,0,dafd63f0b3ce97e8283a4d153f0acd06_0cdf051c93865faa15cbc5cd3d2b69fbfc0.jpg?1786962075,Diamond,61,0,AST
Lief Eksil,20195744,292,289,Jenova,Aether,0,0,33906bd77a7d2eb73c8c22b2225fae2d_ce736afe35e2ded4e46c4fd0659aef7efc0.jpg?1786962787,Diamond,60,21,RPR
Levy Scarlett,35085988,293,287,Coeurl,Crystal,0,0,74fe88584bdffbcc051a81a168ff958f_284358f8eb4efc9095914e46798c6ab3fc0.jpg?1786960780,Diamond,51,0,MNK
Sophia Sol,50636657,294,288,Diabolos,Crystal,0,0,f2e548487adc8d24ba4ee5ae891d1fca_7b33d33ae3ecb996f778a5f67a6a0af6fc0.jpg?1786961998,Diamond,42,0,DNC
Aster Minyu,54375843,295,290,Lamia,Primal,0,0,380928b9020a6bb0bcfa44d88b6df112_4d9be17b5e1edc617052b4dbf4007875fc0.jpg?1786962597,Diamond,35,0,SMN
Dragoon Scythe,10999336,295,0,Behemoth,Primal,0,0,d52656b2d2093f0be3bc97df2097958f_be20385e18333edb329d4574f364a1f0fc0.jpg?1786961569,Diamond,35,14,MCH
Neo Zee',28714097,297,291,Balmung,Crystal,0,0,ecd9a08521dcc0c1872ac990f3a534b9_7a573cbc0cda3a3dfc1795cb3d9f7b23fc0.jpg?1786960395,Diamond,29,0,BRD
Sean Codyy,31747614,298,0,Gilgamesh,Aether,0,0,538df73f9c8163cabf8eafd3da508c19_b937560c841465f7c4bc8eb47ea7948afc0.jpg?1786963317,Diamond,17,5,SAM
Erdrick Than'talas,35169837,299,292,Behemoth,Primal,0,0,bcdde4e2fbfba10f901006ffbc7723cc_be20385e18333edb329d4574f364a1f0fc0.jpg?1786961179,Diamond,223,10,PLD
Pu'erh Da'yeh,32091528,300,293,Cactuar,Aether,0,0,5e7e03f636b640c83b460f61eed7ed35_96ab1df8877c1f8ba6a89a39cccfd437fc0.jpg?1786962822,Diamond,143,11,AST
Ash Kitamura,26629771,1,0,Ravana,Materia,0,0,33c0c99f7649a707ea0e8e4da0340efb_2f53b2675d3eea360f0b48d74d30af15fc0.jpg?1786961670,Diamond,81,0,AST
Enrei Mihata,49665542,2,0,Ravana,Materia,0,0,9df67e19d234830f2d797bb6efbad836_2f53b2675d3eea360f0b48d74d30af15fc0.jpg?1786963167,Diamond,37,0,DRG
Fatahh Wizardcat,60429758,3,0,Zurvan,Materia,0,0,0a04508a6feea55f3b4227e7d574212a_1fa3a1b3845481a1b67b46854a3cc49afc0.jpg?1786960625,Platinum,52,0,BLM
Queue Up,44283543,4,0,Ravana,Materia,0,0,341e0565d728c5334b58960edfc1c897_2f53b2675d3eea360f0b48d74d30af15fc0.jpg?1786961718,Platinum,42,0,PLD
Shiki Hime,41619079,5,0,Sophia,Materia,0,0,e0f33871fdd9bcb0012cace0f140b504_ba15a18cd3a8fb567e39053022515eb6fc0.jpg?1786960523,Platinum,39,0,MNK
Sora Teppelin,7487042,6,0,Sophia,Materia,0,0,3d849e783499c238b2f4d439e3a8c2a7_ba15a18cd3a8fb567e39053022515eb6fc0.jpg?1786960544,Platinum,35,0,VPR
Shiny Jirachi,51220221,7,0,Sophia,Materia,0,0,f1b04aa626472a08642b4f93d911f87c_ba15a18cd3a8fb567e39053022515eb6fc0.jpg?1786963800,Platinum,11,0,SAM
Raiosu Eucliffe,45249258,8,0,Ravana,Materia,0,0,a21442f92d53ab89cab416d41fe9132d_2f53b2675d3eea360f0b48d74d30af15fc0.jpg?1786960757,Platinum,53,0,BRD
Nyanyanyanya Nyanyan,48648775,9,0,Ravana,Materia,0,0,ec08e9f45b8d4335b412f3e39f4458e2_2f53b2675d3eea360f0b48d74d30af15fc0.jpg?1786963236,Platinum,29,0,WHM
Ku Ku,58267971,10,0,Sophia,Materia,0,0,77db43d75ac5ffe3d585318a47534ab9_ba15a18cd3a8fb567e39053022515eb6fc0.jpg?1786961397,Platinum,52,0,BRD
Master Zoknik,61010055,11,0,Zurvan,Materia,0,0,bfa135b89b0fb27fe708b3a427bd667f_1fa3a1b3845481a1b67b46854a3cc49afc0.jpg?1786963970,Platinum,88,0,SMN
Jiraiya Sannin,47974804,12,0,Ravana,Materia,0,0,6a5cc312529bc78b7d0bbbf5f41983af_2f53b2675d3eea360f0b48d74d30af15fc0.jpg?1786961758,Platinum,45,0,WAR
Esperance Lightbound,16103781,13,0,Ravana,Materia,0,0,0d3ff648d49892a8fc3bd67490985032_2f53b2675d3eea360f0b48d74d30af15fc0.jpg?1786961681,Platinum,40,0,WAR
Syth Isi,14766898,14,0,Sephirot,Materia,0,0,4eef23c58ccbdfd054240b7a6afee3df_30a5f9eadea6e0cb684a5265362d0d59fc0.jpg?1786963049,Platinum,31,0,MCH
Lil Wu,39781651,15,0,Ravana,Materia,0,0,883868199332c12050d61887025475bc_2f53b2675d3eea360f0b48d74d30af15fc0.jpg?1786961242,Platinum,38,0,PLD
Monkey Rat,28956529,16,0,Zurvan,Materia,0,0,bd13db4ebaa363278dd269b5941ae816_1fa3a1b3845481a1b67b46854a3cc49afc0.jpg?1786962713,Platinum,75,0,SGE
Unshao Theruun,36386941,17,0,Sephirot,Materia,0,0,ec8f93abdc73eddcd17e0450db1cb572_30a5f9eadea6e0cb684a5265362d0d59fc0.jpg?1786962913,Platinum,28,0,WAR
Aleksei Veldoch,39931654,18,0,Ravana,Materia,0,0,ef0923b785702de5a588b383a0d1bcea_2f53b2675d3eea360f0b48d74d30af15fc0.jpg?1786962788,Platinum,47,0,RPR
Noelle Frost,59496366,19,0,Zurvan,Materia,0,0,5e03b95700bb3e6556a80cb9336a41d2_1fa3a1b3845481a1b67b46854a3cc49afc0.jpg?1786963748,Platinum,40,0,DRG
Boz Ulceros,32280980,20,0,Ravana,Materia,0,0,269b081d650bf5598fd5a3f9419b8b43_2f53b2675d3eea360f0b48d74d30af15fc0.jpg?1786962710,Platinum,72,0,NIN
Funeral Pyre,29286073,21,0,Zurvan,Materia,0,0,48d5de4023484583f2225a2026548284_1fa3a1b3845481a1b67b46854a3cc49afc0.jpg?1786961014,Platinum,61,0,SMN
Mars Bars,41756039,22,0,Sophia,Materia,0,0,87af5886ec3b52e7e582ccc7755f6a9b_ba15a18cd3a8fb567e39053022515eb6fc0.jpg?1786961656,Platinum,49,0,DRG
Chs Crane,37655547,23,0,Sophia,Materia,0,0,7cd2d4b420716bf684bdd41ef37d9319_ba15a18cd3a8fb567e39053022515eb6fc0.jpg?1786960516,Platinum,30,0,DRG
Simetras Sol,38726083,24,0,Ravana,Materia,0,0,fc54c458f2e80d3680f50e6026011ab7_2f53b2675d3eea360f0b48d74d30af15fc0.jpg?1786960683,Gold,131,0,VPR
Lillian Melikai,42502039,25,0,Ravana,Materia,0,0,6c5f22e96162240c2bb96702fcbe123b_2f53b2675d3eea360f0b48d74d30af15fc0.jpg?1786963897,Gold,47,0,GNB
Coffee Lover,50333621,26,0,Sophia,Materia,0,0,3c4552eb56bfb14f36d9b512873eac0d_ba15a18cd3a8fb567e39053022515eb6fc0.jpg?1786961567,Gold,42,0,UNK
Twitch Pvpash,58310287,27,0,Sephirot,Materia,0,0,825390c1ecfa92c4ed45d4ff7a91e39e_30a5f9eadea6e0cb684a5265362d0d59fc0.jpg?1786962809,Gold,35,0,PLD
Disco Knees,36101852,28,0,Sophia,Materia,0,0,48d0a8dae7efe9ad10780f28920a969b_ba15a18cd3a8fb567e39053022515eb6fc0.jpg?1786963490,Gold,33,0,DRG
Seth Nier,10650761,29,0,Sophia,Materia,0,0,64bba40966450747199bec23184e47a3_ba15a18cd3a8fb567e39053022515eb6fc0.jpg?1786960679,Gold,26,0,DRK
Stupid Puzzle,57160120,30,0,Ravana,Materia,0,0,7af9b543418115db5c1299f1abb4e123_2f53b2675d3eea360f0b48d74d30af15fc0.jpg?1786961729,Gold,45,0,DRG
Stu Vermillion,45923134,31,0,Sephirot,Materia,0,0,542be51b9ba1f8c4c217e94d2b96e3aa_30a5f9eadea6e0cb684a5265362d0d59fc0.jpg?1786961696,Gold,34,0,PLD
Jena Kuwahara,28003546,32,0,Ravana,Materia,0,0,5bacb190ffd91b392df04923b13fa29a_2f53b2675d3eea360f0b48d74d30af15fc0.jpg?1786960682,Gold,92,0,DRK
Izaray Wintergray,40906176,33,0,Sophia,Materia,0,0,be2f5b4e324fa72cd4ef19d0c29f10da_ba15a18cd3a8fb567e39053022515eb6fc0.jpg?1786962794,Gold,36,0,AST
Brian Ricardo,41560139,34,0,Sophia,Materia,0,0,678ed14a243387459872b7217f75e382_ba15a18cd3a8fb567e39053022515eb6fc0.jpg?1786961662,Gold,26,0,SGE
Noah Marlowe,16149159,35,0,Ravana,Materia,0,0,ec4ee34b34397ee883bd89175e1f15df_2f53b2675d3eea360f0b48d74d30af15fc0.jpg?1786960931,Gold,15,0,RDM
Scarlette Harlette,51206657,36,0,Sephirot,Materia,0,0,2f63ccbdc329fa14480887bf4c0dfa0e_30a5f9eadea6e0cb684a5265362d0d59fc0.jpg?1786963156,Gold,64,0,NIN
Berogi Avarous,37261319,37,0,Sophia,Materia,0,0,5fbe574c31dc7541b2bb18753fed8278_ba15a18cd3a8fb567e39053022515eb6fc0.jpg?1786961832,Gold,25,0,MNK
Han Liu,44640291,38,0,Ravana,Materia,0,0,55233b520f90487f51f380e2add5fc3d_2f53b2675d3eea360f0b48d74d30af15fc0.jpg?1786961375,Gold,80,0,SGE
Lion Lord,60332724,39,0,Ravana,Materia,0,0,72fbb269e357d68127cd61715f152bc8_2f53b2675d3eea360f0b48d74d30af15fc0.jpg?1786961806,Gold,57,0,BRD
Lupercal Aurelian,37936946,40,0,Ravana,Materia,0,0,93674d47ae679f2b2191e0d82e33123f_2f53b2675d3eea360f0b48d74d30af15fc0.jpg?1786961853,Gold,25,0,MCH
Arvus Lake,60370728,41,0,Bismarck,Materia,0,0,3491a10775fcbbb5a0c1329925f30f4f_36f0570990ac5402b2ef514d36b0435cfc0.jpg?1786962819,Gold,17,0,MNK
Aislinn Rose,47395507,42,0,Ravana,Materia,0,0,920c56af8cba5363c65e0c83dbbcac71_2f53b2675d3eea360f0b48d74d30af15fc0.jpg?1786961742,Gold,60,0,MNK
Nirki Yukumo,41663432,43,0,Zurvan,Materia,0,0,c950234c9a872ae2ab8476f696fcb74f_1fa3a1b3845481a1b67b46854a3cc49afc0.jpg?1786960685,Gold,20,0,WVR
Neo Zee,58982637,44,0,Ravana,Materia,0,0,c042f71fe47095dad35d5764027056d1_2f53b2675d3eea360f0b48d74d30af15fc0.jpg?1786963054,Gold,38,0,BRD
Juru'a Mihrulh,48704606,45,0,Zurvan,Materia,0,0,80aa9b34947750aa356810124a11ba19_1fa3a1b3845481a1b67b46854a3cc49afc0.jpg?1786962297,Gold,63,0,PCT
Zervish Vanht,21659747,46,0,Ravana,Materia,0,0,ff2403388bd597c0b3fb62c30e9bff67_2f53b2675d3eea360f0b48d74d30af15fc0.jpg?1786962974,Gold,23,0,SMN
Byakko Moon,10831175,47,0,Sephirot,Materia,0,0,7d8049ebe32efa74e5107944b1e43d15_30a5f9eadea6e0cb684a5265362d0d59fc0.jpg?1786962654,Gold,3,0,PLD
Vielle Drillemont,52770027,48,0,Ravana,Materia,0,0,6c212c0698d00b38fb5cb7d51dcf91bf_2f53b2675d3eea360f0b48d74d30af15fc0.jpg?1786963661,Gold,66,0,BLM
Wierd Dude,58113414,49,0,Sephirot,Materia,0,0,c887fa7d587b2205b349abb82627a0d1_30a5f9eadea6e0cb684a5265362d0d59fc0.jpg?1786960397,Gold,63,0,MCH
Sukoshi Ninjin,57860048,50,0,Sophia,Materia,0,0,b41a0bd7b5958d56cec5f84314a28f3a_ba15a18cd3a8fb567e39053022515eb6fc0.jpg?1786962420,Gold,32,0,UNK
Aurum Blaiddyd,10794239,51,0,Sophia,Materia,0,0,8b76648a8cb1cbbd4f1c870189433f3a_ba15a18cd3a8fb567e39053022515eb6fc0.jpg?1786963343,Gold,13,0,SGE
Clars Lester,951178,52,0,Sephirot,Materia,0,0,46727c8d445323c9e5b8140d37027050_30a5f9eadea6e0cb684a5265362d0d59fc0.jpg?1786963436,Silver,61,0,WAR
Sebastian Michaelis,42038341,53,0,Sephirot,Materia,0,0,17f4346a95c45541b337263d60106b3f_30a5f9eadea6e0cb684a5265362d0d59fc0.jpg?1786962050,Silver,59,0,MIN
Sana Miyata,34196273,54,0,Ravana,Materia,0,0,4a94c0f8b59e635e8748a32f11cc42f8_2f53b2675d3eea360f0b48d74d30af15fc0.jpg?1786961139,Silver,31,0,SCH
Birdy Lou,40000398,55,0,Sophia,Materia,0,0,a8894121a60bc81621d47edf1ee0577b_ba15a18cd3a8fb567e39053022515eb6fc0.jpg?1786961221,Silver,29,0,UNK
J'mo H',10666399,56,0,Sephirot,Materia,0,0,53873e717cbf7baeb168205935077671_30a5f9eadea6e0cb684a5265362d0d59fc0.jpg?1786963524,Silver,17,0,AST
Cwenhild Reid,41763782,57,0,Sophia,Materia,0,0,c9d176025665cc1528a984e82a81fd64_ba15a18cd3a8fb567e39053022515eb6fc0.jpg?1786963496,Silver,24,0,SAM
Pollux Renault,45246168,58,0,Ravana,Materia,0,0,af456258cb5d3ca7c42bb950f92247de_2f53b2675d3eea360f0b48d74d30af15fc0.jpg?1786960398,Silver,13,0,MNK
Ranko Riselle,47223883,59,0,Sophia,Materia,0,0,301cb977b468ead36aa13c049b17f861_ba15a18cd3a8fb567e39053022515eb6fc0.jpg?1786962008,Silver,11,0,UNK
Anzac Fenrir,10988408,60,0,Ravana,Materia,0,0,6c7b02f93e5250249333e13f236fc545_2f53b2675d3eea360f0b48d74d30af15fc0.jpg?1786962614,Silver,31,0,SGE
Kensuke Sugimori,59626210,60,0,Zurvan,Materia,0,0,b8c23a3c5466f6621fe9629c20c0b897_1fa3a1b3845481a1b67b46854a3cc49afc0.jpg?1786962718,Silver,31,0,NIN
Eustace Madao,44593837,62,0,Ravana,Materia,0,0,687914339d33024fe783e72eb5a1929f_2f53b2675d3eea360f0b48d74d30af15fc0.jpg?1786962801,Silver,22,0,CUL
Elto Malto,55670275,63,0,Zurvan,Materia,0,0,6625d7f60a549d4e764bdbbb6315b573_1fa3a1b3845481a1b67b46854a3cc49afc0.jpg?1786962954,Silver,17,0,UNK
Peaceful Serenity,44576253,64,0,Sephirot,Materia,0,0,ae7fb16a93fad97a522145bf683d894f_30a5f9eadea6e0cb684a5265362d0d59fc0.jpg?1786962364,Silver,0,0,RDM
Cucu Cucumber,43336963,65,0,Sophia,Materia,0,0,d0bedba76c1744686e4fafd9d31eeb08_ba15a18cd3a8fb567e39053022515eb6fc0.jpg?1786960861,Silver,40,0,BLM
Frierens Feet,18696306,66,0,Bismarck,Materia,0,0,55c56c5779dac3caf6a9e915a44a972d_36f0570990ac5402b2ef514d36b0435cfc0.jpg?1786961501,Silver,29,0,SMN
Persona Non-grata,59997612,66,0,Ravana,Materia,0,0,817d96e78e710beff47ca2d76caa6b30_2f53b2675d3eea360f0b48d74d30af15fc0.jpg?1786960470,Silver,29,0,PLD
C'ranmaia Lizha,60465549,68,0,Bismarck,Materia,0,0,f41736abfa17637ee6e1f020f2787726_36f0570990ac5402b2ef514d36b0435cfc0.jpg?1786961652,Silver,18,0,UNK
Shiny Garchomp,44081260,69,0,Ravana,Materia,0,0,a9aeaf4658d90c68d46e7086d323e456_2f53b2675d3eea360f0b48d74d30af15fc0.jpg?1786963574,Silver,17,0,MCH
Minty Dew,11254788,70,0,Sephirot,Materia,0,0,afdf4d4e1f96c8e17ed8dbbb09ea4e01_30a5f9eadea6e0cb684a5265362d0d59fc0.jpg?1786963496,Silver,12,0,PLD
Pompitous Litchous,28520377,71,0,Sephirot,Materia,0,0,ab4abed9c2f0b5369480818f95581f87_30a5f9eadea6e0cb684a5265362d0d59fc0.jpg?1786962599,Silver,10,0,MCH
Red Pocket,57790009,72,0,Zurvan,Materia,0,0,9ee6578b70ebe2412c9a6a3b9539d845_1fa3a1b3845481a1b67b46854a3cc49afc0.jpg?1786961801,Silver,1,0,UNK
Magnolia Moonsong,39932795,73,0,Sephirot,Materia,0,0,a9e5b8f87ce0e4e7d236eef2abfe90e0_30a5f9eadea6e0cb684a5265362d0d59fc0.jpg?1786961760,Silver,19,0,RDM
Sil Vanht,3592400,74,0,Ravana,Materia,0,0,7557bb5d8d4d13b13e750b30dbd34093_2f53b2675d3eea360f0b48d74d30af15fc0.jpg?1786962250,Silver,9,0,SMN
Re- G',41760350,75,0,Sophia,Materia,0,0,b5e032ba04147a101b5a91d07703c313_ba15a18cd3a8fb567e39053022515eb6fc0.jpg?1786962224,Silver,0,0,UNK
Tiny Seda,43818296,76,0,Ravana,Materia,0,0,21e2b2de9125d9cf1b99748fa9eef0e2_2f53b2675d3eea360f0b48d74d30af15fc0.jpg?1786961204,Silver,37,0,BLM
Venase Tym,61779775,77,0,Sophia,Materia,0,0,24aac6d5abd68d4dc957bd7c98ba27f2_ba15a18cd3a8fb567e39053022515eb6fc0.jpg?1786962828,Silver,18,0,UNK
Zero Alexander,18446688,78,0,Sophia,Materia,0,0,f2e26342d51255236baa45461f41bf5b_ba15a18cd3a8fb567e39053022515eb6fc0.jpg?1786962440,Silver,14,0,SGE
Temp Arie,41750566,79,0,Zurvan,Materia,0,0,73bdd493fc471827004a90a5745ff400_1fa3a1b3845481a1b67b46854a3cc49afc0.jpg?1786961206,Silver,13,0,RDM
Awayi Soleil,40986096,80,0,Zurvan,Materia,0,0,c84676ef434b75aec3260707fcad3d8a_1fa3a1b3845481a1b67b46854a3cc49afc0.jpg?1786961193,Silver,12,0,BLM
Swhe Swoo,28568079,81,0,Sephirot,Materia,0,0,fbccbe709d21605c6f47dec5052b1238_30a5f9eadea6e0cb684a5265362d0d59fc0.jpg?1786962511,Silver,9,0,VPR
Levinia Lumina,25634480,82,0,Ravana,Materia,0,0,9ba79c01085813db00f74aa9a46fd0c8_2f53b2675d3eea360f0b48d74d30af15fc0.jpg?1786961831,Silver,12,0,MCH
Liachen Thrope,29127861,83,0,Sophia,Materia,0,0,b0722934ed1329725ff744f9ae52c7ba_ba15a18cd3a8fb567e39053022515eb6fc0.jpg?1786962726,Silver,9,0,WVR
Goober Gooberm,48887220,84,0,Ravana,Materia,0,0,4523e0b4a5f923b67e31f18f801210af_2f53b2675d3eea360f0b48d74d30af15fc0.jpg?1786962435,Silver,18,0,ALC
Athena' Aria,29939277,85,0,Ravana,Materia,0,0,c678c1cf7f9d7de3e80882588e7606e8_2f53b2675d3eea360f0b48d74d30af15fc0.jpg?1786963901,Silver,6,0,AST
Turuturu Mennmenn,51356780,86,0,Sephirot,Materia,0,0,501dec1a7db9bac050ecbd4f8028e6e6_30a5f9eadea6e0cb684a5265362d0d59fc0.jpg?1786962858,Bronze,19,0,MNK
Hotsingles Inyourarea,43275845,87,0,Sephirot,Materia,0,0,08be8dec8891190a5227c50c7650dd29_30a5f9eadea6e0cb684a5265362d0d59fc0.jpg?1786963433,Bronze,15,0,PCT
Makh'a Zruhn,42193944,88,0,Ravana,Materia,0,0,323be164f5593618bf1111ae4538ad96_2f53b2675d3eea360f0b48d74d30af15fc0.jpg?1786962755,Bronze,6,0,PCT
Ashmi Rae,18364101,89,0,Bismarck,Materia,0,0,2b3a41d227e2937852d5c1e031d5aba0_36f0570990ac5402b2ef514d36b0435cfc0.jpg?1786963605,Bronze,5,0,BRD
Tiny Wrath,25583557,90,0,Zurvan,Materia,0,0,2c82c1a404fc646361cabcf478aed323_1fa3a1b3845481a1b67b46854a3cc49afc0.jpg?1786962225,Bronze,24,0,WHM
Fio Vanetti,41633033,91,0,Ravana,Materia,0,0,f237b05eb696b7fe8e05b757513a1ca2_2f53b2675d3eea360f0b48d74d30af15fc0.jpg?1786963838,Bronze,12,0,DRG
Ashe Elven,60375475,92,0,Ravana,Materia,0,0,d4a5d51981aa859d5ce41248e280c696_2f53b2675d3eea360f0b48d74d30af15fc0.jpg?1786961559,Bronze,10,0,PLD
Vistra Vistra,37543108,93,0,Sophia,Materia,0,0,b46ab5b00ca34214d4593336a0f112ed_ba15a18cd3a8fb567e39053022515eb6fc0.jpg?1786962111,Bronze,4,0,WAR
Zepherii Sui,43963552,94,0,Sophia,Materia,0,0,31b395238c6120dc114964c652dc393b_ba15a18cd3a8fb567e39053022515eb6fc0.jpg?1786960937,Bronze,13,0,GNB
Inconspicuous Miqo'te,3493859,95,0,Sophia,Materia,0,0,0b6b4d2c312f136911f9717c83c17997_ba15a18cd3a8fb567e39053022515eb6fc0.jpg?1786962675,Bronze,11,0,VPR
Aethon Shaan,60332336,96,0,Zurvan,Materia,0,0,2c608a6ec9ff59b0783f70b9c665a4b2_1fa3a1b3845481a1b67b46854a3cc49afc0.jpg?1786962469,Bronze,9,0,VPR
Therise Yld'amore,41754598,97,0,Bismarck,Materia,0,0,dea40bb49832c184ff5941cee3006818_36f0570990ac5402b2ef514d36b0435cfc0.jpg?1786962439,Bronze,7,0,DNC
Daeneris Stormborn,17816677,98,0,Zurvan,Materia,0,0,dd3c1f830e92ca4f902d42575517a37d_1fa3a1b3845481a1b67b46854a3cc49afc0.jpg?1786962119,Bronze,4,0,PCT
Samara Glazghotwyn,40818042,99,0,Sephirot,Materia,0,0,d89bdc111b4127d9f80e3d6a0ed3a55b_30a5f9eadea6e0cb684a5265362d0d59fc0.jpg?1786962250,Bronze,0,0,BLM
Jaliqai Bairon,49027736,100,0,Sophia,Materia,0,0,bb5b2ab907893aa971f0d78c6164de8c_ba15a18cd3a8fb567e39053022515eb6fc0.jpg?1786960936,Bronze,19,0,SMN
