name,id,cur_rank,prev_rank,world,dc,points,points_delta,portrait,tier,wins,wins_delta,job
Cliffe Zanza,36074329,1,0,Spriggan,Chaos,3130,0,d8d2fa78adb447ec4b6d5d747f5d5f84_feaf0a2e88ff164813fbc9b85876fa48fc0.jpg?1787046948,Ultima,173,0,RDM
Totsu Geki,60147602,2,0,Spriggan,Chaos,2826,0,1b45188bdbf3dd4afe9a37a646eaa4b9_feaf0a2e88ff164813fbc9b85876fa48fc0.jpg?1787049188,Omega,323,0,SAM
Mamiyama Kamimama,37371304,3,0,Spriggan,Chaos,2744,0,3c6fd6569d3dce40308c9a2a1f3c3bfa_feaf0a2e88ff164813fbc9b85876fa48fc0.jpg?1787050125,Omega,319,0,DNC
Scarlet Rose,26616217,4,0,Spriggan,Chaos,2614,0,96ad88f23a708e8d6e391f669986d57c_feaf0a2e88ff164813fbc9b85876fa48fc0.jpg?1787048470,Omega,319,13,PLD
Saboree Catboy,36051653,5,0,Spriggan,Chaos,2548,0,b61ec1080d608b5a83f30baef219dc02_feaf0a2e88ff164813fbc9b85876fa48fc0.jpg?1787047091,Omega,186,0,MNK
Tsukuyo Ritlas,37800185,6,0,Odin,Light,2484,0,eca30840fe0bed8e80f620b5f57c49de_644311b63b607133c989d7c1188467dafc0.jpg?1787048197,Omega,94,0,RDM
Ange Melrose,50267939,7,0,Omega,Chaos,2432,0,f2fb3057962bf3d28bcce976076f5368_39e25ac3d737c46452305eefe324372cfc0.jpg?1787050013,Omega,141,20,SAM
Crow Kaien,44749262,8,0,Zodiark,Light,2375,0,54e5719ccbdb45c6de28f017b4365207_c274370774c6bc3483cc8740805f41bcfc0.jpg?1787047770,Omega,43,0,FSH
Aura Sphere,30657353,9,0,Zodiark,Light,2355,0,6cc4a373eafbcbf88a340a52d95f133e_c274370774c6bc3483cc8740805f41bcfc0.jpg?1787048088,Omega,102,0,DRG
Resilla Frostflow,14658770,10,0,Cerberus,Chaos,2294,0,00a4e6250beb98b5644c87cffe8b7f4f_777c57311d510ca65dac3c1077dee435fc0.jpg?1787049264,Omega,138,0,DRG
Auelin Fae,18291844,11,0,Zodiark,Light,2271,0,2d6204db02c5efce86aca234fd6f1ce1_c274370774c6bc3483cc8740805f41bcfc0.jpg?1787047947,Omega,112,0,NIN
Prisma Tic,38791879,12,0,Cerberus,Chaos,2245,0,5220c35172bb26154c862a6d485e37b8_777c57311d510ca65dac3c1077dee435fc0.jpg?1787049721,Omega,230,6,PCT
Lhei Tayun,25191408,13,0,Zodiark,Light,2179,0,6ee93960f16da0ea5150fe1b7590dfa4_c274370774c6bc3483cc8740805f41bcfc0.jpg?1787046971,Omega,196,1,BLM
Ivaious Zol,38270926,14,48,Odin,Light,2118,806,2e78b44195db83336b1acbe75927a864_644311b63b607133c989d7c1188467dafc0.jpg?1787049323,Omega,87,10,RDM
Sice Seven,15008161,15,14,Moogle,Chaos,2104,0,23657ac0d29f4bc5667ef1e00cf528f8_d7a9d5f85a29d6278ec1c7adc2c8d242fc0.jpg?1787047709,Omega,83,2,BRD
Loty Coldwind,36521588,16,15,Twintania,Light,2082,6,3632cf6d20598f5c4c7b748be7e19153_c33f640c0cdd35f7def85b8aa31a0007fc0.jpg?1787048098,Omega,234,7,MNK
Yasuki San,61688064,17,16,Phantom,Chaos,2009,0,37dbf9b8936faaf9c75f598c38dcac11_f0a43d6e5eea19af337a176e9836acddfc0.jpg?1787049765,Omega,322,5,UNK
Maarato Cookie,20349526,18,17,Twintania,Light,2002,0,dbab16598b86bb31b2eb96070f723572_c33f640c0cdd35f7def85b8aa31a0007fc0.jpg?1787048985,Omega,126,2,DRG
Elohim Meth,60682611,19,18,Raiden,Light,1930,0,0b14f1751b014118eca06236e1fdf2bf_a370664d98f658f4ed4e620f378f73cdfc0.jpg?1787047582,Omega,141,0,UNK
Deadrise Mutombo,31730694,20,19,Ragnarok,Chaos,1928,0,a382acb94313f23d966dd6d39d909bea_40d57ba713628f3f1ef5ef204b6d76d2fc0.jpg?1787047773,Omega,114,4,GNB
Ase Dora,42603487,21,20,Alpha,Light,1927,0,78626e6cf6f07875d5ac9527a5bd0c4d_6132295fcf5570fb8b0a944ef322a598fc0.jpg?1787047681,Omega,337,6,DRG
Arale Il,15406803,22,21,Ragnarok,Chaos,1919,0,e5c2a19e43a1edb9b276827163b36a1b_40d57ba713628f3f1ef5ef204b6d76d2fc0.jpg?1787047770,Omega,142,0,WHM
Miyu Moon,58918526,23,22,Moogle,Chaos,1894,0,1abf5ce3756f6fa0d1c5be2cd39491bc_d7a9d5f85a29d6278ec1c7adc2c8d242fc0.jpg?1787049943,Omega,59,0,SAM
Tarutella Goldfish,4235488,24,23,Phoenix,Light,1891,0,f269741c27ca22c02db955557e7283fa_5047bc596a4bab2dc7f7c120bb22dec5fc0.jpg?1787048442,Omega,56,0,SGE
Not Marci,51672179,25,24,Louisoix,Chaos,1828,0,b6c4338b1daa8161914134b74ee784f0_0a122616f3718d3f45cab10fd8fc1604fc0.jpg?1787047784,Omega,104,0,DRG
Misora Kaiatsa,25126040,26,25,Moogle,Chaos,1804,0,80fa199452585ab77d14128509576300_d7a9d5f85a29d6278ec1c7adc2c8d242fc0.jpg?1787048234,Omega,105,0,RDM
Miyu Edelfelt,21335430,27,26,Phoenix,Light,1785,0,ba690d74246b4d07f543f0d9516feec2_5047bc596a4bab2dc7f7c120bb22dec5fc0.jpg?1787048922,Omega,145,1,SCH
Shino Yaru,38308969,28,35,Phoenix,Light,1783,177,0662727bb913ed7fe3009f3542ea1e64_5047bc596a4bab2dc7f7c120bb22dec5fc0.jpg?1787049931,Omega,172,15,UNK
Dalik Mathis,9537863,29,27,Ragnarok,Chaos,1694,0,fd4dde44208527cc20e58ba589d51f01_40d57ba713628f3f1ef5ef204b6d76d2fc0.jpg?1787047237,Omega,126,5,GNB
Leedo Dale,25033597,30,28,Zodiark,Light,1687,0,9e122691e98bda2ea6abe86ed7b81a63_c274370774c6bc3483cc8740805f41bcfc0.jpg?1787049228,Omega,358,0,NIN
Sweet Light,41777815,31,43,Spriggan,Chaos,1679,190,2e6808627bd2b8f0f5f0377d20cbbbc5_feaf0a2e88ff164813fbc9b85876fa48fc0.jpg?1787050220,Omega,81,6,FSH
Fygqhzr Zhgfjhh,49000606,32,29,Phantom,Chaos,1679,0,ed46d70a9c354991698a796aac7c462e_f0a43d6e5eea19af337a176e9836acddfc0.jpg?1787047490,Omega,46,0,DRG
Shia Sun,1754600,33,30,Odin,Light,1678,0,7550981ba488e5ebe919aa3cb39efbfa_644311b63b607133c989d7c1188467dafc0.jpg?1787047627,Omega,161,0,BTN
Delzor Waka,40194085,34,31,Odin,Light,1663,0,bde30c4caff355f65cf9761727b12725_644311b63b607133c989d7c1188467dafc0.jpg?1787049951,Omega,144,0,MCH
Pan Ther,47356852,35,32,Twintania,Light,1651,0,fc9492796dbee9f84ae010350ec7759c_c33f640c0cdd35f7def85b8aa31a0007fc0.jpg?1787049156,Omega,148,0,RPR
Maggot Maggot,61703768,36,33,Omega,Chaos,1610,0,3657d57f4a20a5d901d7f4537f1b7307_39e25ac3d737c46452305eefe324372cfc0.jpg?1787049541,Omega,230,0,DRK
Tia Tomoe,41293767,37,34,Phoenix,Light,1609,0,7dc31b9a880ba3f36a3ef1208e0c5909_5047bc596a4bab2dc7f7c120bb22dec5fc0.jpg?1787047975,Omega,58,0,MNK
Tei Tei,36611700,38,36,Odin,Light,1603,0,21c224545e3d3af775a3d377c8e444bf_644311b63b607133c989d7c1188467dafc0.jpg?1787049142,Omega,114,8,MNK
Two Koma,51508003,39,37,Zodiark,Light,1595,0,15a666f8d7bb67401300fae763ce4d32_c274370774c6bc3483cc8740805f41bcfc0.jpg?1787047936,Omega,125,0,VPR
Kimbi Aoe,24693270,40,38,Shiva,Light,1593,0,67e0ddfb70faf5725a971d086cfdce61_3fbff0e6b620e4d259dc427abc6574dafc0.jpg?1787049777,Omega,79,0,MCH
Xen Thique,40172078,41,39,Odin,Light,1592,0,8930228f4df0c18feea28ebbb1c451f2_644311b63b607133c989d7c1188467dafc0.jpg?1787047075,Omega,98,0,SGE
Cat Wife,21099767,42,40,Zodiark,Light,1584,0,76d1664265ae631c957cfab6c72cfba9_c274370774c6bc3483cc8740805f41bcfc0.jpg?1787047892,Omega,25,0,DRG
Yi Ma,60448295,43,41,Phoenix,Light,1564,0,bb3af62117cae7488d9b02007f341c7b_5047bc596a4bab2dc7f7c120bb22dec5fc0.jpg?1787048515,Omega,121,0,SMN
Memento Mo'ri,1641495,44,42,Ragnarok,Chaos,1495,0,86323bce84189061b1d71ff1dc25266a_40d57ba713628f3f1ef5ef204b6d76d2fc0.jpg?1787047060,Crystal,93,0,SGE
Ten Gil,17217146,45,44,Louisoix,Chaos,1486,0,884fcae1e61228d09798c630a2c827fb_0a122616f3718d3f45cab10fd8fc1604fc0.jpg?1787048393,Crystal,45,3,GNB
Shimori Bunihara,35166011,46,45,Raiden,Light,1461,0,c44c8fc68c230b1051ec35a527afe9ed_a370664d98f658f4ed4e620f378f73cdfc0.jpg?1787047316,Crystal,134,1,RPR
Akari Tsuki,31005286,47,46,Louisoix,Chaos,1398,0,28e1cfaecfbf911dc3621f5de74642aa_0a122616f3718d3f45cab10fd8fc1604fc0.jpg?1787046793,Crystal,52,3,MNK
Aurora Maou,26517539,48,47,Louisoix,Chaos,1388,0,433a49b5cc43b35afac03d97c50262f9_0a122616f3718d3f45cab10fd8fc1604fc0.jpg?1787049866,Crystal,106,0,PLD
Meryll Enetari,24681550,49,0,Cerberus,Chaos,1293,0,f4fe16c70d7023e2101e19421c5abf1e_777c57311d510ca65dac3c1077dee435fc0.jpg?1787047529,Crystal,253,7,RDM
Jun Moxiao,40533777,50,95,Odin,Light,1279,791,9f41b7adf0a59849ae35b17cdace2b32_644311b63b607133c989d7c1188467dafc0.jpg?1787047811,Crystal,103,15,VPR
Sunie Mochi,12728791,51,64,Twintania,Light,1259,463,4760f9b45bd6f71f83adbd97ab87eae3_c33f640c0cdd35f7def85b8aa31a0007fc0.jpg?1787048542,Crystal,173,15,DNC
Lex'ander Wayfarer,18009481,52,50,Odin,Light,1211,0,0adfa03fe11940a91e3b6a2ed08ddb88_644311b63b607133c989d7c1188467dafc0.jpg?1787047241,Crystal,53,0,SAM
Based Miqote,46487952,53,51,Twintania,Light,1102,0,5e2bb42e554586a20b050b7fd3f88e26_c33f640c0cdd35f7def85b8aa31a0007fc0.jpg?1787046754,Crystal,99,0,UNK
Myst Freyja,33906213,54,52,Omega,Chaos,1102,0,240b879fd403fc16c04022b6075077ae_39e25ac3d737c46452305eefe324372cfc0.jpg?1787049716,Crystal,69,0,RDM
Phaey Yeon,58326616,55,53,Moogle,Chaos,1006,0,6497d439e55c80c0156c198e7f135c78_d7a9d5f85a29d6278ec1c7adc2c8d242fc0.jpg?1787047972,Crystal,112,2,UNK
Imy Pure,24943089,56,57,Cerberus,Chaos,1006,97,2e46879ac1baf7fc77ec2de872a0461c_777c57311d510ca65dac3c1077dee435fc0.jpg?1787047220,Crystal,24,2,SCH
Elyndra Mayhn,27143285,57,54,Twintania,Light,937,0,e4b30c11c8c987996e50ee4c5899c037_c33f640c0cdd35f7def85b8aa31a0007fc0.jpg?1787047579,Crystal,122,0,ARC
Tyra Kett,26531277,58,55,Spriggan,Chaos,926,0,101b7ec48bba5c5e5b34fda1316c57bc_feaf0a2e88ff164813fbc9b85876fa48fc0.jpg?1787049385,Crystal,126,0,DRG
Yhren Vhal,56948558,59,56,Odin,Light,912,0,3f62ad2093c1016540ef936a5563823b_644311b63b607133c989d7c1188467dafc0.jpg?1787047228,Crystal,173,14,UNK
Yun' Yun,11341467,60,58,Cerberus,Chaos,896,0,df098ceed6d9cf14cf61cc4110cd6cb5_777c57311d510ca65dac3c1077dee435fc0.jpg?1787049482,Crystal,145,0,WHM
Yamizura Kumozuma,19652230,61,67,Twintania,Light,886,99,24bbc9cebf09eb83efcbc272c3085fd1_c33f640c0cdd35f7def85b8aa31a0007fc0.jpg?1787048010,Crystal,12,1,SCH
Holos Ymir,35299241,62,59,Cerberus,Chaos,876,0,f8029ed36fad032333305dfa455cddec_777c57311d510ca65dac3c1077dee435fc0.jpg?1787048968,Crystal,72,0,BRD
Khorasan Ataraxia,47289604,63,60,Shiva,Light,811,0,721a6c9c723209b16696818df4cf0c93_3fbff0e6b620e4d259dc427abc6574dafc0.jpg?1787050062,Crystal,213,4,UNK
Lybel Alyborias,25836089,64,61,Louisoix,Chaos,807,0,a86b680e6c4e5e23befaaaf535a158de_0a122616f3718d3f45cab10fd8fc1604fc0.jpg?1787048240,Crystal,67,0,RDM
Sin Mirrorslave,43994621,65,62,Raiden,Light,807,0,3f8e3345c252d3f9b50e27c481f91100_a370664d98f658f4ed4e620f378f73cdfc0.jpg?1787048835,Crystal,54,0,UNK
Tay Talenath,45740169,66,63,Raiden,Light,799,0,b2fa0c7222f7e3ebe117f24a200e11d8_a370664d98f658f4ed4e620f378f73cdfc0.jpg?1787046960,Crystal,168,0,SCH
Acacia Strain,43137076,67,65,Raiden,Light,794,0,8678948c8fea34b563980d4a6da37e32_a370664d98f658f4ed4e620f378f73cdfc0.jpg?1787049308,Crystal,304,9,SMN
Hyzenthlay Efrafa,1817919,68,66,Ragnarok,Chaos,790,0,f61f49f2ed95a3709fa034686da0eb63_40d57ba713628f3f1ef5ef204b6d76d2fc0.jpg?1787050252,Crystal,47,0,RPR
Skillpade Skyr,37019657,69,68,Lich,Light,782,0,e520a31662bd7030c96e4951a4f2d301_7206469080400ed57a5373d0a9c55c59fc0.jpg?1787050025,Crystal,146,3,BLM
Farnese Shieldmaiden,24419493,70,69,Cerberus,Chaos,701,0,dcec016c4a6cd9a2bd3a2b73183f5a65_777c57311d510ca65dac3c1077dee435fc0.jpg?1787048290,Crystal,20,0,VPR
Red Aura,58355527,71,70,Spriggan,Chaos,700,0,24685b07d940d962953f7111d4144e46_feaf0a2e88ff164813fbc9b85876fa48fc0.jpg?1787046840,Crystal,49,0,MNK
Diarmuidia Ua-dibhne,60435376,72,105,Cerberus,Chaos,699,302,5d9b7dcb4848e335ad4a88c0dc644669_777c57311d510ca65dac3c1077dee435fc0.jpg?1787048471,Crystal,99,6,DRG
Life Enjoyer,28145650,73,243,Raiden,Light,699,699,1f163924ab5a124c00b3684fe37e6e58_a370664d98f658f4ed4e620f378f73cdfc0.jpg?1787047713,Crystal,94,26,DRG
A'dyalani Sato,10026278,74,71,Odin,Light,698,0,d072994a22af88090aecf6e5a3b85c36_644311b63b607133c989d7c1188467dafc0.jpg?1787049999,Crystal,137,0,MCH
Feri De,32873333,75,81,Twintania,Light,698,98,04fae792c920333e5bdc3287c0df72e4_c33f640c0cdd35f7def85b8aa31a0007fc0.jpg?1787048336,Crystal,101,5,SGE
Spedah Sashihai,46717230,76,72,Phantom,Chaos,697,0,916aa42d41d9cb06784f26d21d850c5a_f0a43d6e5eea19af337a176e9836acddfc0.jpg?1787049869,Crystal,77,0,SGE
Kyra Nshakha,56831314,77,164,Alpha,Light,697,597,b27d76c3fbe312d06184fd92f8aebc55_6132295fcf5570fb8b0a944ef322a598fc0.jpg?1787048261,Crystal,63,9,PLD
Lost Signal,56186869,78,73,Odin,Light,695,0,b36972ee34bfd25f82ce348b32b6f5da_644311b63b607133c989d7c1188467dafc0.jpg?1787047911,Crystal,108,1,MNK
Wwwwwwwwww Wwwwwwwwww,22934838,79,74,Odin,Light,695,0,44b50a04ce7aed4e2c4699753f5b83bc_644311b63b607133c989d7c1188467dafc0.jpg?1787049480,Crystal,42,1,SMN
Baka Bao,30345026,80,75,Phantom,Chaos,692,0,57df7efcbcdf8f1aca84c4f1435c36ba_f0a43d6e5eea19af337a176e9836acddfc0.jpg?1787048673,Crystal,363,18,SAM
Gabriel Zephyrus,11099535,81,76,Zodiark,Light,690,0,fb5c6913d0c275952def0841ab82887f_c274370774c6bc3483cc8740805f41bcfc0.jpg?1787050052,Crystal,196,7,RPR
Laela Hyun,59589734,82,77,Phantom,Chaos,684,0,a377ba040d4300db7c8df4efc92acd53_f0a43d6e5eea19af337a176e9836acddfc0.jpg?1787048059,Crystal,55,0,UNK
Kyouko Owo,25629243,83,78,Louisoix,Chaos,672,0,4fbeb17208a00397ad05eebfc2d20d2f_0a122616f3718d3f45cab10fd8fc1604fc0.jpg?1787046940,Crystal,44,4,PLD
Magidolce Magileine,39132419,84,79,Twintania,Light,614,0,088bd05d5a98251023ecb7e28a638b68_c33f640c0cdd35f7def85b8aa31a0007fc0.jpg?1787050176,Crystal,147,11,SMN
Magic Beans,43732030,85,80,Phoenix,Light,602,0,4a7e75e2be4f70e389e8807cc1d2b885_5047bc596a4bab2dc7f7c120bb22dec5fc0.jpg?1787049536,Crystal,103,6,DRK
Endorel Soro,12949151,86,298,Alpha,Light,601,601,038b9a835f84a3b80a8a467605d3dd8c_6132295fcf5570fb8b0a944ef322a598fc0.jpg?1787047076,Crystal,32,22,UNK
Sophia Ariadne,11431073,87,82,Odin,Light,600,0,f4329ddf82a418a6e12f1ba978bc1523_644311b63b607133c989d7c1188467dafc0.jpg?1787048836,Crystal,45,0,BTN
Roy Dimgao,29524655,88,83,Omega,Chaos,597,0,320af7149c63c337e5826c2c2cc1bf37_39e25ac3d737c46452305eefe324372cfc0.jpg?1787048739,Crystal,187,0,RDM
Raiden Thorne,27238016,89,84,Zodiark,Light,597,0,96a909af8d24d60f6d8173f8cc16facb_c274370774c6bc3483cc8740805f41bcfc0.jpg?1787047993,Crystal,12,0,RDM
Feral Jorex,21749898,90,85,Odin,Light,594,0,f9027c778862384a6ae4224efd2fe7c3_644311b63b607133c989d7c1188467dafc0.jpg?1787048412,Crystal,213,0,MIN
General Aardvark,48423100,91,86,Twintania,Light,514,0,cf88029724167c1d18ed8c536a862900_c33f640c0cdd35f7def85b8aa31a0007fc0.jpg?1787048336,Crystal,141,0,WAR
Lsi Lsi,47353875,92,87,Lich,Light,513,0,792b3235fe2fbd35d956e856c210194f_7206469080400ed57a5373d0a9c55c59fc0.jpg?1787048177,Crystal,62,0,PCT
Neclord Drakan,34358772,93,88,Phoenix,Light,510,0,7e002012c8fc4f9e493cd5879573e088_5047bc596a4bab2dc7f7c120bb22dec5fc0.jpg?1787047781,Crystal,41,0,SGE
Brian Ricardo,23607238,94,89,Zodiark,Light,506,0,9c9d045f5f22c579ce5c24faa2b9b303_c274370774c6bc3483cc8740805f41bcfc0.jpg?1787049804,Crystal,56,0,AST
Shiroko Momo,39619880,95,90,Odin,Light,504,0,83b4a27fbdf8dfdce9a7e095cc14bf41_644311b63b607133c989d7c1188467dafc0.jpg?1787049044,Crystal,147,0,PCT
Master Zoknik,47233914,96,91,Omega,Chaos,498,0,47b7a0d3c4816d6dc7cb85c85a3685f7_39e25ac3d737c46452305eefe324372cfc0.jpg?1787049328,Crystal,69,0,RDM
Drop Dead,61865612,97,169,Raiden,Light,498,398,8b4d73c68bf61dbad86bb051105da5ec_a370664d98f658f4ed4e620f378f73cdfc0.jpg?1787049153,Crystal,54,7,MNK
Yellow Blue,58488618,98,92,Spriggan,Chaos,497,0,51731f8a93c1d8b59b5c3ded4ffb5a64_feaf0a2e88ff164813fbc9b85876fa48fc0.jpg?1787047268,Crystal,80,0,DRG
Thor Strom,35911315,99,93,Cerberus,Chaos,496,0,3826da79ed71141aec290f69127b5c79_777c57311d510ca65dac3c1077dee435fc0.jpg?1787049071,Crystal,5,0,SCH
Sal Ren,40787945,100,94,Phoenix,Light,491,0,9613f7a8c0a759977b8a3fe787fed7e0_5047bc596a4bab2dc7f7c120bb22dec5fc0.jpg?1787048045,Crystal,51,0,MNK
Zecht Bradamant,31785474,101,96,Omega,Chaos,415,0,b0b8438e6682f2931a1a930121d0ab43_39e25ac3d737c46452305eefe324372cfc0.jpg?1787047661,Crystal,103,0,VPR
Yinwea Levai,36476322,102,97,Shiva,Light,412,0,944bf3a8e93fcc8f15f3f521462d11b5_3fbff0e6b620e4d259dc427abc6574dafc0.jpg?1787050281,Crystal,154,0,BLM
Frankie Urien,32323176,103,98,Odin,Light,405,0,ffae33588fe71f102672b7defdb50a30_644311b63b607133c989d7c1188467dafc0.jpg?1787050110,Crystal,204,0,SGE
Bing Bing,50857849,104,99,Odin,Light,404,0,1a2b77cf04680b9bfe1c19f07f9f1f44_644311b63b607133c989d7c1188467dafc0.jpg?1787047732,Crystal,64,4,VPR
Ul Unhu,9592278,105,100,Phoenix,Light,403,0,d703e404c81140848dbcd200abc4ef7e_5047bc596a4bab2dc7f7c120bb22dec5fc0.jpg?1787048439,Crystal,132,0,DRG
Seraban Mistodisushi,25116690,106,101,Omega,Chaos,402,0,9ab6f5d4307a747e8378402c6070b2a7_39e25ac3d737c46452305eefe324372cfc0.jpg?1787049639,Crystal,98,0,UNK
Terro Beoulevard,51148631,107,109,Sagittarius,Chaos,402,101,758b534f47542287e0b99c648590b2ac_44ca0844398b2d010d8cd4a31ddb023dfc0.jpg?1787050043,Crystal,50,2,VPR
Lawr Hawk,28248881,108,103,Odin,Light,401,3,e241b26df61ea0e201b637a7ae6c4cd4_644311b63b607133c989d7c1188467dafc0.jpg?1787048475,Crystal,63,7,MCH
Aris Oz,41983172,109,102,Zodiark,Light,401,0,abbd4cf51609bf59977c5b4850c4c351_c274370774c6bc3483cc8740805f41bcfc0.jpg?1787048137,Crystal,44,0,WAR
Lion Lad,60548427,110,104,Phantom,Chaos,398,0,69af2e062eb7ba4549c964e1fbc8b79e_f0a43d6e5eea19af337a176e9836acddfc0.jpg?1787049667,Crystal,29,0,BRD
Firas Xll,61570305,111,106,Alpha,Light,397,0,180935d91342970858d2044d5c23d436_6132295fcf5570fb8b0a944ef322a598fc0.jpg?1787049612,Crystal,68,0,RDM
Mitsuki Mirai,18435457,112,107,Louisoix,Chaos,384,0,365f1772f387bd280bdbfc16afbd5e4e_0a122616f3718d3f45cab10fd8fc1604fc0.jpg?1787049683,Crystal,20,0,WAR
Rin Tanaka,24116937,113,120,Phoenix,Light,304,102,05caa52c69a69c31a889325a1f319530_5047bc596a4bab2dc7f7c120bb22dec5fc0.jpg?1787048508,Crystal,76,7,PCT
Victoria Nyala,43751055,114,108,Phoenix,Light,304,0,d41ca298e2f03ee2273aca61640ebce0_5047bc596a4bab2dc7f7c120bb22dec5fc0.jpg?1787047124,Crystal,59,0,MCH
Reireiko Reiko,51402233,115,110,Alpha,Light,301,0,6bb627130b2067e09c7110eb74707745_6132295fcf5570fb8b0a944ef322a598fc0.jpg?1787050108,Crystal,23,4,GNB
Neo Saladin,60195724,116,111,Alpha,Light,299,0,d61ef205c9700150e78797546d2ac263_6132295fcf5570fb8b0a944ef322a598fc0.jpg?1787047211,Crystal,90,0,SAM
Madelynn Veil,49771412,117,112,Omega,Chaos,299,0,92f91d9225bb816c6562fb117814681e_39e25ac3d737c46452305eefe324372cfc0.jpg?1787049015,Crystal,57,0,RDM
Lunaelumen Heartless,3344766,118,113,Phoenix,Light,298,0,442c49c53db78614043ce10aa9733411_5047bc596a4bab2dc7f7c120bb22dec5fc0.jpg?1787048747,Crystal,48,0,BLU
Ultimo Tower,13765195,119,114,Odin,Light,297,0,f3f293a7802e54bc6d3f5c2ceb6f4902_644311b63b607133c989d7c1188467dafc0.jpg?1787047287,Crystal,97,10,MNK
Zot To,18725302,120,115,Cerberus,Chaos,293,0,852c16bac4fe7f528a8653c65704e818_777c57311d510ca65dac3c1077dee435fc0.jpg?1787049690,Crystal,2,0,WAR
Night Siren,46140840,121,116,Alpha,Light,221,0,5b2c854dc9360523ee7fcd5bfee41621_6132295fcf5570fb8b0a944ef322a598fc0.jpg?1787047763,Crystal,166,4,GNB
Erion Hein,39135014,122,117,Twintania,Light,216,0,ba6bc1e1e70e5f3402d91ecfcf7d01e8_c33f640c0cdd35f7def85b8aa31a0007fc0.jpg?1787049284,Crystal,144,0,MIN
Chise Hatori',9182735,123,118,Ragnarok,Chaos,205,0,236f29f4984f26e6b197da380f104a63_40d57ba713628f3f1ef5ef204b6d76d2fc0.jpg?1787048137,Crystal,112,0,VPR
Brutal Killer,8885117,124,119,Ragnarok,Chaos,203,0,30c6a6207c7e93d407784888a7f29c97_40d57ba713628f3f1ef5ef204b6d76d2fc0.jpg?1787048251,Crystal,3,0,WAR
Cipher Strife,7955322,125,121,Ragnarok,Chaos,201,0,fd0f2644fe22871d381e6bae8798c484_40d57ba713628f3f1ef5ef204b6d76d2fc0.jpg?1787048800,Crystal,203,4,DRK
Gaspard Deguingoix,11032081,126,122,Moogle,Chaos,201,0,b9283e6a6be9cd219ee0afea98546775_d7a9d5f85a29d6278ec1c7adc2c8d242fc0.jpg?1787047696,Crystal,78,0,RDM
Sayuri Maeshima,33888798,127,123,Omega,Chaos,201,0,9543e703e2409901a4e4c51fcd72a0bd_39e25ac3d737c46452305eefe324372cfc0.jpg?1787048887,Crystal,55,0,SCH
Tiranna Reinford,12390793,128,210,Moogle,Chaos,201,201,287223c7dac01617ab03a9e54406de0e_d7a9d5f85a29d6278ec1c7adc2c8d242fc0.jpg?1787048858,Crystal,31,9,WAR
Purr It,40913226,129,124,Zodiark,Light,200,0,9adf9c1689ff6761673da6e25b839b7b_c274370774c6bc3483cc8740805f41bcfc0.jpg?1787048453,Crystal,92,10,BLM
Mizu Shimizu,41402391,130,161,Twintania,Light,200,100,b745f1d87ccd905d96d6b6ca49092222_c33f640c0cdd35f7def85b8aa31a0007fc0.jpg?1787049031,Crystal,74,1,UNK
Riseon Misha,26343965,131,125,Zodiark,Light,200,0,d883dcfcee6650b3e6e1691bf6838f6c_c274370774c6bc3483cc8740805f41bcfc0.jpg?1787047804,Crystal,71,0,SGE
Krek Balflear,48912824,132,126,Sagittarius,Chaos,200,0,3ddedc4fdcf35465d04f99e2b4737a9f_44ca0844398b2d010d8cd4a31ddb023dfc0.jpg?1787048331,Crystal,42,0,SMN
Shadow Aya,54551815,133,127,Zodiark,Light,200,0,5ca13f39db9eefc50e8e57be73e7254e_c274370774c6bc3483cc8740805f41bcfc0.jpg?1787049416,Crystal,38,2,DRK
Neppie Nen,38644421,134,128,Phoenix,Light,200,0,6744f6c777bfc017ed7318054ef44f3d_5047bc596a4bab2dc7f7c120bb22dec5fc0.jpg?1787046845,Crystal,31,0,GNB
Eve Naeuri,43290162,135,129,Sagittarius,Chaos,200,0,c143c5d5e461ba9e3f51c07a3de23e21_44ca0844398b2d010d8cd4a31ddb023dfc0.jpg?1787047613,Crystal,23,2,BSM
Selin Naari,16360751,136,129,Cerberus,Chaos,200,0,fb2c3681e2cb33bdcd7894d5aad0b9ec_777c57311d510ca65dac3c1077dee435fc0.jpg?1787048582,Crystal,21,0,SAM
Dundee Nic'hpisfa,35976824,137,225,Odin,Light,199,199,8eda92b5ce2e258786d149b7cb349e09_644311b63b607133c989d7c1188467dafc0.jpg?1787047956,Crystal,167,9,SGE
Pat Olehouse,17156873,138,131,Lich,Light,199,0,54c944c62ef7bd68e95a2a558d856482_7206469080400ed57a5373d0a9c55c59fc0.jpg?1787050293,Crystal,81,0,PLD
Medicine Melancholy,25525676,139,132,Raiden,Light,199,0,8a3aaef7e82e665cdb12f15457700593_a370664d98f658f4ed4e620f378f73cdfc0.jpg?1787048196,Crystal,70,0,RDM
Blunt Man,35300195,140,133,Louisoix,Chaos,196,0,bfddeb1fd8c57b9259f8bb179dd8158b_0a122616f3718d3f45cab10fd8fc1604fc0.jpg?1787047810,Crystal,119,0,SAM
Vyn Silvair,21908199,141,134,Shiva,Light,196,0,05a4597e1e8ad1e87cfc4aab88be286c_3fbff0e6b620e4d259dc427abc6574dafc0.jpg?1787049652,Crystal,87,0,GNB
Mats Luxed,36390152,142,135,Twintania,Light,196,0,4d98b4ef01ccfc9df166d83a5771a4ea_c33f640c0cdd35f7def85b8aa31a0007fc0.jpg?1787046731,Crystal,32,0,RDM
Luca Natura,26126798,143,136,Omega,Chaos,196,0,aee9a8f332f96a4c5a45923c0e82782a_39e25ac3d737c46452305eefe324372cfc0.jpg?1787047843,Crystal,24,0,WAR
Wieg Wiggles,35061622,144,137,Lich,Light,192,0,61256a3e6c4f0c3dcc05469f5550d102_7206469080400ed57a5373d0a9c55c59fc0.jpg?1787049860,Crystal,159,15,WAR
Deltimor Offerentis,53216923,145,138,Ragnarok,Chaos,101,0,b1f3b3bcc24281f671ac2ced6960431a_40d57ba713628f3f1ef5ef204b6d76d2fc0.jpg?1787049936,Crystal,277,3,RDM
Sho'zhirr Shizahi-jo,28092848,146,167,Phoenix,Light,101,1,c6923f91c3f9e08d53d38488a3040788_5047bc596a4bab2dc7f7c120bb22dec5fc0.jpg?1787048722,Crystal,53,4,UNK
Freya Highwind,37533969,147,139,Spriggan,Chaos,100,0,de376c51fd21ccbb1018c1c3fb40734b_feaf0a2e88ff164813fbc9b85876fa48fc0.jpg?1787047773,Crystal,204,0,RDM
Arienai Nashi,47596567,148,140,Zodiark,Light,100,0,ccbc05e41375849179a5f554d78d7ae1_c274370774c6bc3483cc8740805f41bcfc0.jpg?1787049517,Crystal,184,0,SMN
Keraunos Greywolfe,31183458,149,141,Alpha,Light,100,0,3431088cd9f33e5f20e30162c35286fd_6132295fcf5570fb8b0a944ef322a598fc0.jpg?1787049107,Crystal,177,0,DRK
Staz Hellcat,8016319,150,142,Cerberus,Chaos,100,0,c7e860ceda35e35e41bca47bf02624be_777c57311d510ca65dac3c1077dee435fc0.jpg?1787047695,Crystal,155,0,RDM
Dacien Darlett,3339751,151,143,Odin,Light,100,0,0311b8a0924e142c3f1da4b81f645156_644311b63b607133c989d7c1188467dafc0.jpg?1787047525,Crystal,152,0,SCH
Lumine Heartseeker,37169102,152,144,Lich,Light,100,0,bef41e353f9709f6c26365adcd129410_7206469080400ed57a5373d0a9c55c59fc0.jpg?1787046817,Crystal,148,0,BLU
Lina Sunstar,52075433,153,145,Spriggan,Chaos,100,0,d60c4576e74acfcd0ed77a6ea5d48800_feaf0a2e88ff164813fbc9b85876fa48fc0.jpg?1787047077,Crystal,147,0,DNC
Magnus Skorweg,14288959,154,146,Cerberus,Chaos,100,0,36b3ca5cc0c3fa7edd1b5b276f54a6fc_777c57311d510ca65dac3c1077dee435fc0.jpg?1787046935,Crystal,145,0,DRK
Baby Starz,27999014,155,147,Omega,Chaos,100,0,e8cb7daea22ff306dcc9397ecad5a4a2_39e25ac3d737c46452305eefe324372cfc0.jpg?1787049545,Crystal,122,12,SMN
Deme Tayuun,14832348,156,148,Lich,Light,100,0,ae2fb7b7ac8ad3f92247efdd9fade6e7_7206469080400ed57a5373d0a9c55c59fc0.jpg?1787049940,Crystal,108,0,NIN
Haadin Maero,25649806,156,148,Cerberus,Chaos,100,0,ab3efb60a6f01134129c732e6e60c255_777c57311d510ca65dac3c1077dee435fc0.jpg?1787047410,Crystal,108,0,RDM
Lilia Sunvale,59323692,158,150,Phoenix,Light,100,0,01173bfd4d3bd682b07d6e9ac6dafd16_5047bc596a4bab2dc7f7c120bb22dec5fc0.jpg?1787046938,Crystal,105,0,BRD
Saku Rozen,1622070,159,151,Odin,Light,100,0,76d32a46909474e4b590ee6476bfabce_644311b63b607133c989d7c1188467dafc0.jpg?1787048830,Crystal,101,0,UNK
Aragorn Pendragon,9019127,160,154,Ragnarok,Chaos,100,0,87aef8a41356f31d322683bdf3e6103b_40d57ba713628f3f1ef5ef204b6d76d2fc0.jpg?1787049934,Crystal,100,9,MCH
Rain Hoshino,6160241,161,152,Moogle,Chaos,100,0,fc4a751ebc0402023f56f7934007c9ef_d7a9d5f85a29d6278ec1c7adc2c8d242fc0.jpg?1787049747,Crystal,99,0,PLD
Hope Carmine,31931991,162,199,Odin,Light,100,100,4d5e5c176cb534aaf44e67236bf6c171_644311b63b607133c989d7c1188467dafc0.jpg?1787046801,Crystal,97,7,MNK
Haki Haki,8290724,163,153,Ragnarok,Chaos,100,0,3fc43df6da1c629c59b5cdae63dee7a7_40d57ba713628f3f1ef5ef204b6d76d2fc0.jpg?1787048085,Crystal,94,0,SGE
Keylinda Heliopsis,44659154,164,156,Moogle,Chaos,100,0,aae227ec83063cc479b9c5f6fb803e66_d7a9d5f85a29d6278ec1c7adc2c8d242fc0.jpg?1787049492,Crystal,93,6,SMN
Glyceri Chosuti,30338174,165,155,Moogle,Chaos,100,0,6d93c9241424e92e6f0351d35d8b6eaa_d7a9d5f85a29d6278ec1c7adc2c8d242fc0.jpg?1787048905,Crystal,88,0,RPR
Ark Kekko,50821807,166,157,Omega,Chaos,100,0,b81b1c241e98f7a5f9b9c81665be1243_39e25ac3d737c46452305eefe324372cfc0.jpg?1787048291,Crystal,86,0,AST
Wimp Lo,37793632,167,158,Zodiark,Light,100,0,45ed053d252c3a44eabe55329426aa37_c274370774c6bc3483cc8740805f41bcfc0.jpg?1787046871,Crystal,82,4,RPR
Gun Grave,39069917,168,159,Alpha,Light,100,0,89afa1641c5d0fb3c37ff5b905d4b26a_6132295fcf5570fb8b0a944ef322a598fc0.jpg?1787046929,Crystal,77,0,UNK
Sahamaru Kamijo,13566032,169,160,Lich,Light,100,0,ab5bb27991a2037ddd8e8b0aef304406_7206469080400ed57a5373d0a9c55c59fc0.jpg?1787048857,Crystal,75,0,DRK
Renna Vorak,25421061,170,162,Raiden,Light,100,0,c2dc94bad32c136ebcdcb42ec56ba1c3_a370664d98f658f4ed4e620f378f73cdfc0.jpg?1787047169,Crystal,72,0,PLD
Akito Kotomine,14113084,171,163,Cerberus,Chaos,100,0,6535eaee5701ca6c10beffbfc70273c9_777c57311d510ca65dac3c1077dee435fc0.jpg?1787046756,Crystal,70,0,RPR
Guimiko Miko,54285624,172,165,Moogle,Chaos,100,0,610c37aeb64c6149d7c6d5ea93a8114e_d7a9d5f85a29d6278ec1c7adc2c8d242fc0.jpg?1787049531,Crystal,50,0,NIN
Tisha Adori,32551351,172,165,Zodiark,Light,100,0,a1f13f2decf7933275b7ce63051dc06f_c274370774c6bc3483cc8740805f41bcfc0.jpg?1787047959,Crystal,50,0,MCH
Ino Based,41531397,174,167,Alpha,Light,100,0,ae8562754d31616305226909752bc4fd_6132295fcf5570fb8b0a944ef322a598fc0.jpg?1787047989,Crystal,49,0,GNB
Alex Rider,18844824,175,169,Raiden,Light,100,0,88e1d370b1f9d1b22933e6476449b463_a370664d98f658f4ed4e620f378f73cdfc0.jpg?1787049709,Crystal,47,0,SMN
Const Mar,17323909,175,169,Phoenix,Light,100,0,9b3b80b05e36ff71934a612327c91867_5047bc596a4bab2dc7f7c120bb22dec5fc0.jpg?1787049744,Crystal,47,0,PLD
Onox Farbane,43799244,177,172,Zodiark,Light,100,0,c322e9dd886e64c0365244e0b587448f_c274370774c6bc3483cc8740805f41bcfc0.jpg?1787046713,Crystal,44,0,WAR
Pattinger Kersel,8183392,177,172,Raiden,Light,100,0,4fec5839fc0fc0bba3a80fc4e1910660_a370664d98f658f4ed4e620f378f73cdfc0.jpg?1787049286,Crystal,44,0,SCH
Sotek Scherwil,486374,179,174,Twintania,Light,100,0,c881840c18d6c9fc415801f5f8240174_c33f640c0cdd35f7def85b8aa31a0007fc0.jpg?1787048297,Crystal,37,0,DRK
Gwen Farron,10011051,180,175,Ragnarok,Chaos,100,0,3348ff23f3315e0457aa0694f655e953_40d57ba713628f3f1ef5ef204b6d76d2fc0.jpg?1787048693,Crystal,35,0,DRK
Sakurane Zero'yuurai,13075529,181,176,Ragnarok,Chaos,100,0,b65369d4b043831749f5fa45d2428e30_40d57ba713628f3f1ef5ef204b6d76d2fc0.jpg?1787048265,Crystal,31,0,NIN
Ka La,18103622,182,177,Ragnarok,Chaos,100,0,79cb69a4d9a7535c8ee4e2bbfc9b2a1d_40d57ba713628f3f1ef5ef204b6d76d2fc0.jpg?1787049793,Crystal,28,0,VPR
Yuripa Arashi,37731658,182,179,Shiva,Light,100,0,73ff0d0b3cc5f92ec79dabffa2bedf80_3fbff0e6b620e4d259dc427abc6574dafc0.jpg?1787048503,Crystal,28,4,SGE
Mhia Mewrilah,26716262,184,178,Omega,Chaos,100,0,6b70c463b87dca3437d37504f74aad3b_39e25ac3d737c46452305eefe324372cfc0.jpg?1787048929,Crystal,27,0,WHM
Ebin Almsivi,35310847,185,180,Shiva,Light,100,0,0c72e527d2d86c2ee8f4698832e880b5_3fbff0e6b620e4d259dc427abc6574dafc0.jpg?1787049129,Crystal,23,0,PLD
Vanilla Blossom,41496807,185,180,Moogle,Chaos,100,0,b0e7d1b464d155d8791692fe2e47299d_d7a9d5f85a29d6278ec1c7adc2c8d242fc0.jpg?1787048174,Crystal,23,0,GNB
Ayrelinia Saelinire,41821402,187,182,Spriggan,Chaos,100,0,8604bb768bf59461e5f44eef46ee9961_feaf0a2e88ff164813fbc9b85876fa48fc0.jpg?1787047249,Crystal,20,0,BTN
Yuumi Fish,25707217,188,183,Cerberus,Chaos,100,0,1a7ebbda26c28eb61f262b9fb37e8c6e_777c57311d510ca65dac3c1077dee435fc0.jpg?1787047983,Crystal,18,0,DNC
Aeo We,10437907,189,184,Ragnarok,Chaos,100,0,2cc33bbd6e1f29b872030a98ed37c0fc_40d57ba713628f3f1ef5ef204b6d76d2fc0.jpg?1787050121,Crystal,16,0,UNK
Themis Sol,47563479,190,185,Shiva,Light,100,0,6640d69e3c987c86a5b702d852d86325_3fbff0e6b620e4d259dc427abc6574dafc0.jpg?1787049135,Crystal,13,0,BLU
Limit Cat,37849108,191,186,Lich,Light,100,0,5b03795e0323d8633451ea410c4aeced_7206469080400ed57a5373d0a9c55c59fc0.jpg?1787047620,Crystal,3,0,MNK
Moki Moki,14235486,192,187,Odin,Light,100,0,82d3ef8d03fa7a6ddf4429f15fd296a2_644311b63b607133c989d7c1188467dafc0.jpg?1787047211,Crystal,1,0,MNK
Snap Ringer,18714030,192,187,Omega,Chaos,100,0,77577ce781d587b133c9c53da0974817_39e25ac3d737c46452305eefe324372cfc0.jpg?1787048104,Crystal,1,0,VPR
Lylia Venis,13391767,194,189,Moogle,Chaos,100,0,79af70239d663a69f312f0788f3cf927_d7a9d5f85a29d6278ec1c7adc2c8d242fc0.jpg?1787048808,Crystal,0,0,BRD
Athena Olympe,44680885,195,190,Sagittarius,Chaos,0,0,7e7afe9e9cebc29cee3220c1e0530540_44ca0844398b2d010d8cd4a31ddb023dfc0.jpg?1787050177,Diamond,172,0,WAR
Jou Bright,26172504,196,191,Shiva,Light,0,0,80f6d86c4118e80a4c51ba20920a1384_3fbff0e6b620e4d259dc427abc6574dafc0.jpg?1787048851,Diamond,161,4,SMN
Bagel Egg,18929023,197,192,Omega,Chaos,0,0,f655117235b1c0d199ca39849579a631_39e25ac3d737c46452305eefe324372cfc0.jpg?1787047068,Diamond,138,0,DRK
Lolorei Lalarei,3686155,198,193,Omega,Chaos,0,0,da6ff12e4effc4cbacfe1b954f1c3bf5_39e25ac3d737c46452305eefe324372cfc0.jpg?1787049657,Diamond,117,0,WHM
Lu Mi,47806406,199,194,Raiden,Light,0,0,c8d19bad38e9523a4db779b2bf514973_a370664d98f658f4ed4e620f378f73cdfc0.jpg?1787048999,Diamond,83,0,AST
Rave Bae,47220633,200,195,Alpha,Light,0,0,e640b0d43fa0078b032cbecc50b4e94c_6132295fcf5570fb8b0a944ef322a598fc0.jpg?1787047945,Diamond,61,0,WHM
Tsuguri Tempest,8093380,201,196,Moogle,Chaos,0,0,673dd69d52b7f7c210bb231091fd1922_d7a9d5f85a29d6278ec1c7adc2c8d242fc0.jpg?1787048835,Diamond,21,0,VPR
Tsu Kee,47596814,202,197,Zodiark,Light,0,0,df5063d6db141a1bc921d4623e08a366_c274370774c6bc3483cc8740805f41bcfc0.jpg?1787049272,Diamond,185,0,BRD
Rem Minase,15335467,203,238,Ragnarok,Chaos,0,0,6f4b9532213e5ed122fcac3e5c3b4cc5_40d57ba713628f3f1ef5ef204b6d76d2fc0.jpg?1787049082,Diamond,175,4,RPR
Vic Strider,53817077,204,198,Raiden,Light,0,0,64d68250fabd33e4972dcba2d2638d6c_a370664d98f658f4ed4e620f378f73cdfc0.jpg?1787048283,Diamond,115,2,WHM
Sir Azmuth,21784845,205,200,Lich,Light,0,0,aaa9e4ee439eaa5d584760975605186f_7206469080400ed57a5373d0a9c55c59fc0.jpg?1787046843,Diamond,77,9,SAM
Sangon Yukihoshi,11533024,206,201,Raiden,Light,0,0,d5814159d4f4b2afaa562891375a7b01_a370664d98f658f4ed4e620f378f73cdfc0.jpg?1787047712,Diamond,44,0,PLD
Kihn Shirudo,43951482,207,202,Spriggan,Chaos,0,0,2e619166d10daa6082c54563a5af17ff_feaf0a2e88ff164813fbc9b85876fa48fc0.jpg?1787048511,Diamond,41,0,DRK
Irmele Elandris,13301011,208,203,Odin,Light,0,0,545d79c172c687ee4ac495ceca89d9dd_644311b63b607133c989d7c1188467dafc0.jpg?1787048453,Diamond,28,0,AST
Littlebard Crits,44849524,209,204,Lich,Light,0,0,85155be3d7c3c8936c428085496b1e8d_7206469080400ed57a5373d0a9c55c59fc0.jpg?1787048179,Diamond,9,0,UNK
Manji Haq,30381529,210,205,Shiva,Light,0,0,1840291846e97e46d3053d2cb9351608_3fbff0e6b620e4d259dc427abc6574dafc0.jpg?1787049370,Diamond,142,0,VPR
Lavender Yumori,47189865,211,206,Phoenix,Light,0,0,c0a56a85a3c082e0dd3b96359531f30f_5047bc596a4bab2dc7f7c120bb22dec5fc0.jpg?1787050273,Diamond,87,0,DNC
Princess Emi,5884527,212,207,Twintania,Light,0,0,4ab2080550ab1fb15ca76fbfe8e8d512_c33f640c0cdd35f7def85b8aa31a0007fc0.jpg?1787047579,Diamond,57,0,PLD
Shiva Dorys,36432577,213,208,Phoenix,Light,0,0,df6ee6331f96148f2b97966d8a3e2a5a_5047bc596a4bab2dc7f7c120bb22dec5fc0.jpg?1787047497,Diamond,54,0,WHM
Veritan Indaerus,21877909,214,209,Odin,Light,0,0,978a128ddf080c55e3afc742274d0c9f_644311b63b607133c989d7c1188467dafc0.jpg?1787049614,Diamond,32,0,DRG
Doctor Zoidberg,9214410,215,211,Cerberus,Chaos,0,0,40bc630c90e57d0ca265dd7fc809d5c8_777c57311d510ca65dac3c1077dee435fc0.jpg?1787049905,Diamond,18,0,WAR
Laville Burns,44676490,216,212,Alpha,Light,0,0,1999bb362905ab6ad44fa2e8931ef3dc_6132295fcf5570fb8b0a944ef322a598fc0.jpg?1787048657,Diamond,191,2,SAM
Katarina Kittycat,24355925,217,227,Twintania,Light,0,0,488decc103448e79430a7f4ffa3674c5_c33f640c0cdd35f7def85b8aa31a0007fc0.jpg?1787048678,Diamond,120,4,UNK
Benedikta Cucumber,55428569,218,213,Sagittarius,Chaos,0,0,1091166e96bfe839d8a067a8fc27848a_44ca0844398b2d010d8cd4a31ddb023dfc0.jpg?1787048960,Diamond,119,0,GNB
Lu' Bu',21757305,219,214,Odin,Light,0,0,20b9e744e2190850310da72ffaf5c5d4_644311b63b607133c989d7c1188467dafc0.jpg?1787047417,Diamond,88,0,VPR
Zerith Ars,7801227,220,215,Zodiark,Light,0,0,d9b23bac7d7203e071be18c6932a61a8_c274370774c6bc3483cc8740805f41bcfc0.jpg?1787048736,Diamond,76,0,DRG
Yoe Lleufyn,28631681,221,230,Phoenix,Light,0,0,9584dd8fac44ba749b0855105a0e29e9_5047bc596a4bab2dc7f7c120bb22dec5fc0.jpg?1787050111,Diamond,63,7,PCT
Leenar Raim,45005021,222,216,Raiden,Light,0,0,cd15b6146d9e895f605fe9d8aa6e46d2_a370664d98f658f4ed4e620f378f73cdfc0.jpg?1787049351,Diamond,53,0,DRK
Magisa Vale,43527083,223,217,Phoenix,Light,0,0,50d54724458e52e82fcfc6d537b9e001_5047bc596a4bab2dc7f7c120bb22dec5fc0.jpg?1787048138,Diamond,52,0,DRG
Yuki Shinryu,18457903,224,218,Omega,Chaos,0,0,7c3380880e156cefcc0afc85574b6091_39e25ac3d737c46452305eefe324372cfc0.jpg?1787048667,Diamond,36,0,SCH
Decha Kirk,32806624,225,219,Moogle,Chaos,0,0,e50b415f85b832de8463247f434991ce_d7a9d5f85a29d6278ec1c7adc2c8d242fc0.jpg?1787047388,Diamond,34,5,BLM
Red Fluffy,41965323,226,220,Shiva,Light,0,0,6e4c702e77f55eff42d4c42a07f242db_3fbff0e6b620e4d259dc427abc6574dafc0.jpg?1787048475,Diamond,26,0,SGE
Xanthe Hati,28239197,227,221,Sagittarius,Chaos,0,0,9bf816bfcd7f963908af59458b5500c9_44ca0844398b2d010d8cd4a31ddb023dfc0.jpg?1787048455,Diamond,19,0,DRG
Lia Lothje,30611623,228,222,Odin,Light,0,0,12f34ee0f0d0404c9b47a7fea301f068_644311b63b607133c989d7c1188467dafc0.jpg?1787049297,Diamond,12,0,SGE
Luna Everlight,11876492,229,223,Phantom,Chaos,0,0,87daed323422dd94882b0079ba9f6b3d_f0a43d6e5eea19af337a176e9836acddfc0.jpg?1787047142,Diamond,8,0,RDM
Arima Sui,61051327,230,224,Alpha,Light,0,0,a616749d9bdfd00b6659f83dbb1c8a7f_6132295fcf5570fb8b0a944ef322a598fc0.jpg?1787049288,Diamond,251,20,MCH
Aru Chiikawa,53173199,231,226,Raiden,Light,0,0,e04a223356da8c93c18581feda55b5bf_a370664d98f658f4ed4e620f378f73cdfc0.jpg?1787047831,Diamond,126,9,MCH
Sekai Eri,41303117,232,228,Raiden,Light,0,0,cb1ac59e3c66b2050bc4ee7e3368c36c_a370664d98f658f4ed4e620f378f73cdfc0.jpg?1787046903,Diamond,105,19,UNK
Airi Rhitik,2286171,233,229,Moogle,Chaos,0,0,0e7c747879926e0f575c8444323c478f_d7a9d5f85a29d6278ec1c7adc2c8d242fc0.jpg?1787049858,Diamond,91,7,WHM
Alabaster Arcadia,39618537,234,281,Phoenix,Light,0,0,04f03f1ffd5a39f931966123f856ea6c_5047bc596a4bab2dc7f7c120bb22dec5fc0.jpg?1787049384,Diamond,79,6,RDM
Saki Aiko,58256956,235,231,Zodiark,Light,0,0,f65bf40d95342ebe3141def95c5232bc_c274370774c6bc3483cc8740805f41bcfc0.jpg?1787048529,Diamond,43,0,WHM
Rei Dassario,24597443,236,232,Raiden,Light,0,0,a51ce0a687a31ff3b67287e80ea30aed_a370664d98f658f4ed4e620f378f73cdfc0.jpg?1787049557,Diamond,42,0,VPR
Sheidyn Windsor,30282791,237,233,Omega,Chaos,0,0,e3eaa192d0e2b6192580f940474cd0b5_39e25ac3d737c46452305eefe324372cfc0.jpg?1787050069,Diamond,33,0,SAM
Tomo Kote,55321667,238,234,Zodiark,Light,0,0,5955a289356783d4701df9a9c192d2b8_c274370774c6bc3483cc8740805f41bcfc0.jpg?1787049211,Diamond,32,0,WAR
Fandrix Shadowsong,36051326,239,235,Louisoix,Chaos,0,0,e8515941184b5c25f2622f1899a0969a_0a122616f3718d3f45cab10fd8fc1604fc0.jpg?1787048490,Diamond,21,0,DRK
Erika Avellana,45153856,240,236,Alpha,Light,0,0,d52954932b2c20e3d303cb8cf101f3eb_6132295fcf5570fb8b0a944ef322a598fc0.jpg?1787048041,Diamond,317,5,DRK
Duessa Fidessa,47722925,241,237,Louisoix,Chaos,0,0,3e992addf0aaeeda98883cfe0443f4c4_0a122616f3718d3f45cab10fd8fc1604fc0.jpg?1787047380,Diamond,197,7,SAM
Ash Zero,49368748,242,239,Shiva,Light,0,0,8c69f041cca72fdc1059bfc9f2f8ecc9_3fbff0e6b620e4d259dc427abc6574dafc0.jpg?1787049553,Diamond,125,3,PLD
Hegel Gil,25438753,243,240,Omega,Chaos,0,0,5ed500fc1dd1d9cbbc95000a80326ff7_39e25ac3d737c46452305eefe324372cfc0.jpg?1787047769,Diamond,102,0,WAR
Flynn Cethlenne,35848614,244,241,Zodiark,Light,0,0,2543efc6def84f10fb27cc68c29b1460_c274370774c6bc3483cc8740805f41bcfc0.jpg?1787049273,Diamond,94,9,SMN
Yorda Dormin,35730883,245,260,Phantom,Chaos,0,0,37968b7968327b583f23e52d999337f9_f0a43d6e5eea19af337a176e9836acddfc0.jpg?1787047316,Diamond,83,8,UNK
Nana Usui,34696904,246,242,Moogle,Chaos,0,0,abd9e807ccb2486ea89e3deab9cc56d2_d7a9d5f85a29d6278ec1c7adc2c8d242fc0.jpg?1787050025,Diamond,76,0,WHM
Tung Kniv,36744544,247,244,Spriggan,Chaos,0,0,63aabeb5204c3ae5d2f0295a0f4a8e22_feaf0a2e88ff164813fbc9b85876fa48fc0.jpg?1787049765,Diamond,61,3,RDM
Stephanie Dolla,28876458,248,245,Lich,Light,0,0,753eeef7260d5b48fedb9d189d2b51ca_7206469080400ed57a5373d0a9c55c59fc0.jpg?1787049691,Diamond,42,0,MNK
Durinta Borlaaq,37706432,249,246,Twintania,Light,0,0,5f122a4f83176fe089d903a59809e108_c33f640c0cdd35f7def85b8aa31a0007fc0.jpg?1787047702,Diamond,37,0,SCH
Autuas Au,37357840,250,247,Phantom,Chaos,0,0,5c8929453beb42fb1a167e93eca11abf_f0a43d6e5eea19af337a176e9836acddfc0.jpg?1787049104,Diamond,7,0,UNK
Ryssrael Niunaglwyn,33315027,251,248,Omega,Chaos,0,0,33b521784d0398ac0bb6736f1c6d0a15_39e25ac3d737c46452305eefe324372cfc0.jpg?1787047419,Diamond,209,1,MCH
Caelvyr Corvayn,37557023,252,249,Louisoix,Chaos,0,0,ed18601452ec3c3b1def16f37ba89988_0a122616f3718d3f45cab10fd8fc1604fc0.jpg?1787048169,Diamond,121,10,UNK
Lo Enha,27971408,253,250,Moogle,Chaos,0,0,5236c7cc585f6b9213e6d33f05e78c61_d7a9d5f85a29d6278ec1c7adc2c8d242fc0.jpg?1787048128,Diamond,88,0,BLM
Akurei Amotanius,36595921,254,251,Odin,Light,0,0,ca5d9f24b62995e3bcb5d25cc576fc70_644311b63b607133c989d7c1188467dafc0.jpg?1787049180,Diamond,49,0,MNK
Nicco Sushi,42846008,255,252,Alpha,Light,0,0,ffcb0ee6f92ba9224ade0ee2b0e9917b_6132295fcf5570fb8b0a944ef322a598fc0.jpg?1787046942,Diamond,36,0,WHM
Isca Mog,32212471,256,253,Zodiark,Light,0,0,e47f3ccc4bd8599193929766ab0abd2c_c274370774c6bc3483cc8740805f41bcfc0.jpg?1787047553,Diamond,19,0,AST
Mina Ha,50543888,257,254,Raiden,Light,0,0,712f53c2b6ed3bc9fa9cc0b0b60a16d7_a370664d98f658f4ed4e620f378f73cdfc0.jpg?1787049056,Diamond,16,0,PLD
Certin Ferocia,26600453,258,255,Spriggan,Chaos,0,0,528919b4d45df00513ad6c80440fc2f4_feaf0a2e88ff164813fbc9b85876fa48fc0.jpg?1787048936,Diamond,9,0,FSH
Zhinna Maya,8219011,259,256,Odin,Light,0,0,b96bc839d3db0d26e61bf4b24282c925_644311b63b607133c989d7c1188467dafc0.jpg?1787049852,Diamond,7,0,WAR
Naralis A'roihan,35460975,260,257,Odin,Light,0,0,39833ac3dfdbb3ea64ab911763fea294_644311b63b607133c989d7c1188467dafc0.jpg?1787048679,Diamond,248,14,SCH
Rose Nashi'rah,5586423,261,258,Moogle,Chaos,0,0,eabb33d9d4a68beb623fdbad8de0ccd2_d7a9d5f85a29d6278ec1c7adc2c8d242fc0.jpg?1787049750,Diamond,144,0,SMN
Minmo Dev,7902844,262,259,Zodiark,Light,0,0,782214fa536a78747ce926bd4967671f_c274370774c6bc3483cc8740805f41bcfc0.jpg?1787049823,Diamond,108,0,BLM
Pave Zen,51542459,263,293,Zodiark,Light,0,0,c62f2300698b05a5ff2e27ea4ec74914_c274370774c6bc3483cc8740805f41bcfc0.jpg?1787047711,Diamond,81,2,NIN
Leia Leia,61767715,264,261,Twintania,Light,0,0,da1bea022b3ca64e80681b4a30a9d7e1_c33f640c0cdd35f7def85b8aa31a0007fc0.jpg?1787049693,Diamond,58,0,UNK
Lolarita Rorry,39677497,265,284,Odin,Light,0,0,3c990f7c55a34985fb496735b20a6b10_644311b63b607133c989d7c1188467dafc0.jpg?1787046921,Diamond,55,9,DNC
Zaiko Kazer,29649679,266,262,Lich,Light,0,0,ab5b87afe7d1d53f8a61b85e0c0d0e8d_7206469080400ed57a5373d0a9c55c59fc0.jpg?1787047634,Diamond,48,0,DRK
Hikari Iroaseta,40065818,267,0,Lich,Light,0,0,69d4a6d73b4cec60f92f1c27efd88471_7206469080400ed57a5373d0a9c55c59fc0.jpg?1787046774,Diamond,42,7,SGE
Dopa Mine,44403027,268,263,Phantom,Chaos,0,0,8d27501fd3361cf138655132263db4b5_f0a43d6e5eea19af337a176e9836acddfc0.jpg?1787047618,Diamond,30,0,AST
Zylith Everis,28966943,268,263,Twintania,Light,0,0,7026f5dd5e5e7bb5563ceb3c506856ee_c33f640c0cdd35f7def85b8aa31a0007fc0.jpg?1787046725,Diamond,30,0,WHM
Ash Dreadsaint,16641514,270,0,Alpha,Light,0,0,35babc8a56d97c1de09ffbf594068bd0_6132295fcf5570fb8b0a944ef322a598fc0.jpg?1787048784,Diamond,16,15,GNB
Roomi Mae,47248743,271,265,Raiden,Light,0,0,770a624522dc3f95ef75247a554dceb7_a370664d98f658f4ed4e620f378f73cdfc0.jpg?1787050271,Diamond,5,0,FSH
Crystalia Aguilau'ra,51094995,272,266,Phantom,Chaos,0,0,e8e576c74bb3b06299949b7258aa8c6b_f0a43d6e5eea19af337a176e9836acddfc0.jpg?1787049597,Diamond,337,10,UNK
Riku Yamamoto,50962515,273,268,Raiden,Light,0,0,2737e3393944ab82a3eec48071df16a8_a370664d98f658f4ed4e620f378f73cdfc0.jpg?1787048676,Diamond,120,0,DRK
Blaine Skyler,37236741,274,269,Louisoix,Chaos,0,0,f892c4691642e8efdead7c502a5d01f0_0a122616f3718d3f45cab10fd8fc1604fc0.jpg?1787049155,Diamond,93,0,GNB
Ye Jin,49057312,275,270,Alpha,Light,0,0,c230435310db6e112e461dbdcafe4cf0_6132295fcf5570fb8b0a944ef322a598fc0.jpg?1787049748,Diamond,85,0,UNK
Losifara Murubra,60831841,276,271,Spriggan,Chaos,0,0,8213c4db91e45c0cc6a39282273c0a37_feaf0a2e88ff164813fbc9b85876fa48fc0.jpg?1787049702,Diamond,74,0,DNC
Core Flare,44609138,277,272,Raiden,Light,0,0,4d277108d876101c6b97212a26f6bc97_a370664d98f658f4ed4e620f378f73cdfc0.jpg?1787047816,Diamond,52,0,WAR
Ray Croft,29659793,278,273,Shiva,Light,0,0,56ebf33c0c49fd7529d32303d4b7c8d9_3fbff0e6b620e4d259dc427abc6574dafc0.jpg?1787049007,Diamond,50,0,GNB
Monoplof Stormbringer,25662739,279,274,Raiden,Light,0,0,8d6ac074a075b30c794a796a54a7b6dc_a370664d98f658f4ed4e620f378f73cdfc0.jpg?1787048506,Diamond,42,0,WAR
Kaede Amamiya,25944628,280,275,Cerberus,Chaos,0,0,13e03898baafa9786d351bd06a0000a8_777c57311d510ca65dac3c1077dee435fc0.jpg?1787047779,Diamond,11,0,MIN
Yamakaji Edo'sen,22194618,281,276,Moogle,Chaos,0,0,d7972041e4c6c98f2e38ec21d2bc56c2_d7a9d5f85a29d6278ec1c7adc2c8d242fc0.jpg?1787047559,Diamond,8,0,UNK
Remy Galleu,52837552,282,277,Alpha,Light,0,0,1c98cde60dda0890554eff5601f7b441_6132295fcf5570fb8b0a944ef322a598fc0.jpg?1787047066,Diamond,7,0,UNK
William Sharpeye,31183782,282,277,Moogle,Chaos,0,0,f90b7bfd929ec716aa63dc03d0533a18_d7a9d5f85a29d6278ec1c7adc2c8d242fc0.jpg?1787047776,Diamond,7,0,FSH
Joshu Allagyn,27728519,284,279,Odin,Light,0,0,f798676d84c6f5f85c2bb9f1b6c5e18b_644311b63b607133c989d7c1188467dafc0.jpg?1787046843,Diamond,124,8,VPR
Alice Kittimo,34781171,285,280,Cerberus,Chaos,0,0,ec971a9e6eba1c32ecd2e88bec8f2c49_777c57311d510ca65dac3c1077dee435fc0.jpg?1787047426,Diamond,89,4,AST
Bounty Dreams,55288091,286,0,Sagittarius,Chaos,0,0,9d04b873df58e33b4ad1594b740d63c9_44ca0844398b2d010d8cd4a31ddb023dfc0.jpg?1787048489,Diamond,70,13,AST
Vincent God,14069867,287,282,Phoenix,Light,0,0,7d8e17eab1b900c1741204dbf199eb48_5047bc596a4bab2dc7f7c120bb22dec5fc0.jpg?1787050172,Diamond,68,0,MIN
Queenie Skyfrost,34868775,288,283,Odin,Light,0,0,4c0182a4bd02a557a3e29b795c1e0b9c_644311b63b607133c989d7c1188467dafc0.jpg?1787048989,Diamond,53,0,SMN
Melili Nalili,60720700,289,0,Twintania,Light,0,0,24a7b96fbc052a40de9c6f7809fe72fe_c33f640c0cdd35f7def85b8aa31a0007fc0.jpg?1787048066,Diamond,52,4,RPR
Feru Gray,23862847,290,285,Phoenix,Light,0,0,92d6f7ccce171db148f573ffecc8e15d_5047bc596a4bab2dc7f7c120bb22dec5fc0.jpg?1787047457,Diamond,43,0,AST
Smoothie Sour,42056621,290,285,Zodiark,Light,0,0,247388cdfc4db1451cf9df83cce7b3a1_c274370774c6bc3483cc8740805f41bcfc0.jpg?1787049405,Diamond,43,0,MCH
Ankara Vishek,12099992,292,0,Moogle,Chaos,0,0,cf118c16a7eb33ba93666479ae0ecdcd_d7a9d5f85a29d6278ec1c7adc2c8d242fc0.jpg?1787049643,Diamond,28,4,SMN
Astral Highwind,29689702,293,287,Omega,Chaos,0,0,97af63b900951c4e5b86b87e21f0d233_39e25ac3d737c46452305eefe324372cfc0.jpg?1787048689,Diamond,8,0,NIN
Mirajane Hylian,24248886,294,288,Omega,Chaos,0,0,32bbb40f8ae6e32a1317f2919c7a1a42_39e25ac3d737c46452305eefe324372cfc0.jpg?1787047809,Diamond,7,0,MNK
Naja Hena,47023573,295,289,Phantom,Chaos,0,0,b5a2b24e4a5514b38ac2cb02bb3fdd7f_f0a43d6e5eea19af337a176e9836acddfc0.jpg?1787048933,Diamond,4,0,WAR
Sonnas Dedede,37860927,296,290,Twintania,Light,0,0,25b1bad7226a0841ef265c7dc5b0eba9_c33f640c0cdd35f7def85b8aa31a0007fc0.jpg?1787047152,Diamond,165,13,DRG
Eeva Lightwood,34867115,297,291,Phoenix,Light,0,0,029a994eac70f6897fab7cb241b4204b_5047bc596a4bab2dc7f7c120bb22dec5fc0.jpg?1787049106,Diamond,122,4,RDM
May Bloom,20580663,298,0,Twintania,Light,0,0,c24fd8278a4825a56c81ac07e6f2f43d_c33f640c0cdd35f7def85b8aa31a0007fc0.jpg?1787048586,Diamond,108,19,SMN
Charon Tesar,2860491,299,292,Shiva,Light,0,0,71fb4ffe6d15608a77682afdbdef53d7_3fbff0e6b620e4d259dc427abc6574dafc0.jpg?1787049547,Diamond,104,0,PCT
Indrxon Darkdrake,39417099,300,294,Zodiark,Light,0,0,ad54d57c1df432e3d1125b26e7a70c69_c274370774c6bc3483cc8740805f41bcfc0.jpg?1787046945,Diamond,47,0,FSH
Sensei Jyutusi,20995129,1,0,Chocobo,Mana,3731,0,218ddf1e9e095da9f0b9d5866f9f2d80_781d6b3603312f6be41670afa37282e0fc0.jpg?1787048170,Omega,133,4,WHM
Happo Hapo,59173770,2,5,Pandaemonium,Mana,3280,304,8d06d5697fa5f35516e08e77ecb4eff8_470db1bf2e865f9130531fea40b61ee4fc0.jpg?1787049841,Omega,60,13,VPR
Sorin Maki,53900927,3,2,Durandal,Gaia,3247,0,b0d4570e39585eb6b5ba7458ff8781a7_806ea5b45071d5cd6bf393e38462ee71fc0.jpg?1787049827,Omega,101,0,WHM
K' R',8489348,4,3,Chocobo,Mana,3197,0,38834b79bf39846f80b605b4a592c2eb_781d6b3603312f6be41670afa37282e0fc0.jpg?1787047870,Omega,114,0,WAR
Yurugi Koyurugi,29769522,5,4,Belias,Meteor,3177,0,ce65dfc48d522a7a126208d94cdc2852_894c4bd0beab2e2beb44b74f4c4bd206fc0.jpg?1787049042,Omega,70,0,PLD
Dome Violet,45179152,6,0,Masamune,Mana,2918,0,a95c15ebd393e5497d6641d375ec02b1_134930215abb8a90ec37d6cc05b05e08fc0.jpg?1787047625,Omega,163,2,BRD
Djinn Piston,44999217,7,28,Durandal,Gaia,2831,554,f34e66517ae3b26262c9b4f09835c5a0_806ea5b45071d5cd6bf393e38462ee71fc0.jpg?1787047547,Omega,55,14,MNK
Naku Cha,51398763,8,11,Zeromus,Meteor,2795,197,d1f355424cec05811e0f15dc0a707de5_c76848359d0b4d2f37aefbb9903ed97bfc0.jpg?1787047209,Omega,47,5,NIN
Kim Shin,2354630,9,10,Masamune,Mana,2717,100,9d6bba308f1c44ad24883a9717b4d480_134930215abb8a90ec37d6cc05b05e08fc0.jpg?1787047927,Omega,54,3,NIN
Paker Zuka,35106373,10,9,Bahamut,Gaia,2715,97,1dfba22310e23cd21bd3a7481bf928e1_86da943caa70c8694707ab2ff74e68c9fc0.jpg?1787047960,Omega,80,1,UNK
Bakeke Bake,40527195,11,7,Asura,Mana,2695,0,2df47416611081755cf9e0cd7c586afa_53f1445a9f28799a32ea55f046319fc3fc0.jpg?1787047721,Omega,111,7,SAM
Vivi Ann,4766157,12,8,Kujata,Elemental,2694,0,9543e197b2faf03aa21058f9deedc408_72c48f093f2278ac3243962d3eb6a8d7fc0.jpg?1787049261,Omega,110,4,SCH
Merry Scrald,11886780,13,30,Belias,Meteor,2673,406,7bfbd82582fd003bc514339935d874a7_894c4bd0beab2e2beb44b74f4c4bd206fc0.jpg?1787048581,Omega,59,9,AST
Ciel Cocco,27192023,14,12,Anima,Mana,2586,0,05df3829299dc9e3c4ba0bceb512525a_2f698530a28d671d20278c8518c804c9fc0.jpg?1787050145,Omega,127,10,SAM
Wonton Starlight,27496660,15,13,Chocobo,Mana,2574,3,8d6c3f0a6f695cdc94b9234b6c28be22_781d6b3603312f6be41670afa37282e0fc0.jpg?1787049216,Omega,181,4,RPR
Hatozo Ito,39455624,16,17,Typhon,Elemental,2563,92,a2de1cbebb1230e8f11f0fa765df7d0f_32d8c9c7cd5f62d62da2d31b6750a680fc0.jpg?1787047364,Omega,42,4,RDM
Jay Eins,3930926,17,14,Chocobo,Mana,2499,0,31d212c5602873cad51c02ca3a1707f4_781d6b3603312f6be41670afa37282e0fc0.jpg?1787049222,Omega,66,0,DRG
Aizen Sosuke,46625154,18,16,Asura,Mana,2498,12,084fe9c7ee753ba32657d9e49b4edde5_53f1445a9f28799a32ea55f046319fc3fc0.jpg?1787047971,Omega,129,8,UNK
Robs Wiz,47501636,19,15,Aegis,Elemental,2491,0,24b0e4e155ae76da2a553003980ac156_3ea38e723c590aabf186367e1eb7e6a1fc0.jpg?1787050152,Omega,170,0,DRG
Tsuchi Tsuki,39089046,20,18,Bahamut,Gaia,2465,0,032858264c706c6341f57dbef9e86da1_86da943caa70c8694707ab2ff74e68c9fc0.jpg?1787049132,Omega,50,2,DRK
Makina Belg,23683223,21,19,Belias,Meteor,2431,0,ffed281791b6f91e5a2000e4917cfeeb_894c4bd0beab2e2beb44b74f4c4bd206fc0.jpg?1787048886,Omega,138,0,MNK
Shiman Chu,38475144,22,27,Yojimbo,Meteor,2381,100,4cb93a24c937da83418345140d361e9b_4a92c619bde4f34cfa77e05fef21ad85fc0.jpg?1787049825,Omega,70,1,SAM
Atsu Bow,47953241,23,20,Mandragora,Meteor,2370,0,a397b9893231105b4549ed9a8721c60a_ee738654add55c3d07ea92d8e108074cfc0.jpg?1787049234,Omega,172,5,DRG
Taroe Kobuta,8734523,24,21,Kujata,Elemental,2367,0,821347c202f7d7d6b676bd393bcdfdae_72c48f093f2278ac3243962d3eb6a8d7fc0.jpg?1787047910,Omega,273,12,RPR
Aurora Duskveil,14659861,25,22,Carbuncle,Elemental,2347,0,8d51113f06ccc3227a4928f8ab5ddee6_9eb3c19866f7ae0eeeffac7bf770aba5fc0.jpg?1787049221,Omega,124,5,SMN
Snow Albarn,25263326,26,23,Fenrir,Gaia,2336,0,fa179c06d46acce251bb94d22a05e931_d384cf5ad7db803f29799f36ebbc3eadfc0.jpg?1787047264,Omega,125,15,PCT
Kappi Scarlet,11922639,27,24,Asura,Mana,2324,0,820f32c739a02029fdacf6c96cbf1fa4_53f1445a9f28799a32ea55f046319fc3fc0.jpg?1787049233,Omega,117,7,BRD
Basta Reno,31797927,28,25,Carbuncle,Elemental,2305,0,22b32c1986bb9c2732e5f877f7cbdbd6_9eb3c19866f7ae0eeeffac7bf770aba5fc0.jpg?1787049829,Omega,66,0,VPR
Zsika Mu',18898369,29,26,Ridill,Gaia,2297,0,ed7f8569bf4537dfd9f2ea953ad59e8a_138751880f18161a907d7cf0faa43f07fc0.jpg?1787048370,Omega,54,0,UNK
Sono Ta,49701933,30,29,Shinryu,Meteor,2276,0,c5fbe5dc524e8f9d2eb8b7c350df2a00_87b7d447f40b06dfc7228caf195f7dcffc0.jpg?1787046736,Omega,45,0,MNK
Imlink Rr,46726473,31,33,Bahamut,Gaia,2267,22,6c9ffcd32b7d78e8b7e09c63d130ef2a_86da943caa70c8694707ab2ff74e68c9fc0.jpg?1787048475,Omega,232,15,MCH
Lupinus Lily,33777966,32,31,Ultima,Gaia,2263,0,6f019b443ab48375b1bcc5e5aa0debf9_9df1b3cb0da35db33c17ef11ddf12adafc0.jpg?1787047825,Omega,85,0,GNB
Kuno Cadenzavnaeve,42178142,33,32,Ifrit,Gaia,2260,0,85baa25ca299e93ef56226f40814f03b_f9f796348bc43067c7242ec4551cde69fc0.jpg?1787047924,Omega,85,1,WAR
Velvet Shilky,15655369,34,0,Anima,Mana,2244,0,988a0ec11e3b6bbbfc5478b0eab4b03f_2f698530a28d671d20278c8518c804c9fc0.jpg?1787050042,Omega,205,17,PLD
Lan Dame-celot,31839759,35,0,Ifrit,Gaia,2238,0,c278e5b98fa396fbc950aeafdb5aaee8_f9f796348bc43067c7242ec4551cde69fc0.jpg?1787046902,Omega,57,0,MNK
Death-by Glamour,50007656,36,0,Fenrir,Gaia,2236,0,73746aab8b21d5917fab43f4db6f35aa_d384cf5ad7db803f29799f36ebbc3eadfc0.jpg?1787046978,Omega,57,1,UNK
Rya Myosotisy,44244496,37,0,Asura,Mana,2182,0,d39af5863481d80b66f4fe05bf80d003_53f1445a9f28799a32ea55f046319fc3fc0.jpg?1787048505,Omega,117,0,MNK
Tarex Youva,26374295,38,0,Tonberry,Elemental,2154,0,7dad78de32b2e7e31077d03f095a81ac_7bb6b1e488f0e4f01c5314d010b60f31fc0.jpg?1787050229,Omega,157,0,WHM
Sukoya Mihirogi,42042279,39,0,Anima,Mana,2150,0,58dacb01c0c75e38125f892840beb026_2f698530a28d671d20278c8518c804c9fc0.jpg?1787048886,Omega,132,0,MNK
Sidurgu Obsidian,17768556,40,0,Garuda,Elemental,2139,0,19277f9e0fcd9432fb16b0e1cbad47a7_fcb1f5b0249d1069e5bdc66d0796f26afc0.jpg?1787048450,Omega,83,0,WHM
Emil Sarasun,7191072,41,0,Asura,Mana,2138,0,052a2527c0dee23533f8162c40d66898_53f1445a9f28799a32ea55f046319fc3fc0.jpg?1787050228,Omega,75,1,VPR
Flavia Saurva,29364722,42,0,Chocobo,Mana,2089,0,4a9b8d9e5f338a0c28625b5656567941_781d6b3603312f6be41670afa37282e0fc0.jpg?1787049336,Omega,52,0,RPR
Yuki Macaron-vanille,37997737,43,0,Ridill,Gaia,2087,0,87df14febf49ad8a24a323b239fb3250_138751880f18161a907d7cf0faa43f07fc0.jpg?1787049620,Omega,66,0,RDM
Kikiru Kiru,32877503,44,0,Pandaemonium,Mana,2086,0,e7b80247dc6473f7ec0cd4127f78efb3_470db1bf2e865f9130531fea40b61ee4fc0.jpg?1787049705,Omega,35,0,RDM
Avail Tec,46450631,45,0,Garuda,Elemental,2085,0,174c8b1a79d654754078bef6b8c51067_fcb1f5b0249d1069e5bdc66d0796f26afc0.jpg?1787047575,Omega,78,0,SAM
Ardbert Hylfyst,31584604,46,0,Belias,Meteor,2085,0,964952d6da8636ab55a5b87a925f0d4c_894c4bd0beab2e2beb44b74f4c4bd206fc0.jpg?1787046933,Omega,31,0,UNK
Kite Free,28865954,47,0,Kujata,Elemental,2083,0,b602646591e3d050094503c65590ee4c_72c48f093f2278ac3243962d3eb6a8d7fc0.jpg?1787049514,Omega,26,0,DRK
Mun- Mutyo,18063500,48,205,Bahamut,Gaia,2082,889,870df3b6a4306c3c3de44d72fc9a577d_86da943caa70c8694707ab2ff74e68c9fc0.jpg?1787048701,Omega,134,16,PCT
Muutyo Ganajai,35379364,49,106,Ridill,Gaia,2082,493,5435163c8ed77079a8f6bdb50b7b4da2_138751880f18161a907d7cf0faa43f07fc0.jpg?1787049124,Omega,66,8,SGE
Ura Ururu,59087727,50,48,Chocobo,Mana,2080,0,cbc6fb7e99cc3d57226a4684079c139c_781d6b3603312f6be41670afa37282e0fc0.jpg?1787048202,Omega,40,0,BRD
Muri Puri,48472062,51,49,Ramuh,Meteor,2080,0,fcc01230b112ceb73d1f33197394d5c6_410ddb5a66a2fcacf538bec5ea5d0291fc0.jpg?1787047974,Omega,32,0,PLD
Minisuta Blood,24769179,52,71,Atomos,Elemental,2078,198,851ddd354ea9b3a8e623078a0f4d8a05_cf768a751b1f5e355c2fd39a9ed91f3ffc0.jpg?1787049885,Omega,35,5,DRG
Furanzeska Sumeragi,8414050,53,62,Tonberry,Elemental,2077,100,7300d72d23103eb5494b3e21bf99b3b6_7bb6b1e488f0e4f01c5314d010b60f31fc0.jpg?1787047819,Omega,69,1,MNK
Fania Eckert,2837251,54,50,Titan,Mana,2076,0,7177d6fdd5036eebc72834f8376cd1cf_e2bb3f9679fec6d4836fcf8abcc3eeacfc0.jpg?1787048465,Omega,180,0,SMN
Shion Amber,26147773,55,51,Unicorn,Meteor,2075,0,e2ecf01d14ce449e8393bc3f5dfc57f4_393eb74047bb90c8d80dea54218430eefc0.jpg?1787047204,Omega,32,0,AST
Xignas Schwalbe,2577287,56,72,Anima,Mana,2074,197,726f737868161a35f25fb4e06bccf08e_2f698530a28d671d20278c8518c804c9fc0.jpg?1787047180,Omega,167,5,VPR
Sha Moji,19121169,57,52,Carbuncle,Elemental,2068,0,eb82915777eea0c952b2885bf59641d9_9eb3c19866f7ae0eeeffac7bf770aba5fc0.jpg?1787049221,Omega,120,0,MCH
Suteiki Niku,21443132,58,80,Ixion,Mana,2065,279,2f186f805d4bb29abd9458d61593b81a_7126768d768f6c6c7fed3eaee98c3a8afc0.jpg?1787048269,Omega,173,11,BLM
Lancer Yan,18545180,59,53,Fenrir,Gaia,2059,0,b5d95c2f29f83c258c8ed96425acd32b_d384cf5ad7db803f29799f36ebbc3eadfc0.jpg?1787047910,Omega,59,0,NIN
Scarlet Liora,50450849,60,54,Ridill,Gaia,2056,0,823b2552238fefce05d1a2e39630911f_138751880f18161a907d7cf0faa43f07fc0.jpg?1787049414,Omega,75,0,PCT
Akatuki Re,22410327,61,55,Carbuncle,Elemental,2051,0,b3e601fbc493d7bc642faec11f3c05fb_9eb3c19866f7ae0eeeffac7bf770aba5fc0.jpg?1787048730,Omega,77,6,SCH
Tango Ngo,47753273,62,56,Alexander,Gaia,2047,0,c8ff6406f324ec51842e0a491ba1e4fa_b7a71d8799cf6dd75b711a7f52de6675fc0.jpg?1787049375,Omega,140,0,VPR
Aman Kaharmine,37434311,63,74,Belias,Meteor,2043,174,7fa9aa672753e286a5710cf338755727_894c4bd0beab2e2beb44b74f4c4bd206fc0.jpg?1787048271,Omega,255,7,UNK
Ciao' Chu-ru,46227731,64,57,Asura,Mana,2042,0,4407462a62eb8cb31cec691e9f214c86_53f1445a9f28799a32ea55f046319fc3fc0.jpg?1787050246,Omega,62,0,UNK
Creya Oaks,20662074,65,58,Tonberry,Elemental,2037,0,0fb57385ff1c90e3ea26edc53722b78c_7bb6b1e488f0e4f01c5314d010b60f31fc0.jpg?1787047000,Omega,200,0,BRD
Sakura Nemutai,55109399,66,59,Titan,Mana,2021,0,efa9ef6672998c8a9c860e5e104d6b3e_e2bb3f9679fec6d4836fcf8abcc3eeacfc0.jpg?1787046720,Omega,137,0,SGE
Devil May'cry,43140387,67,60,Chocobo,Mana,2015,0,bc38e75d4332eb0a661f158200cedb80_781d6b3603312f6be41670afa37282e0fc0.jpg?1787048754,Omega,44,0,UNK
Yoruki Hiroran,56925172,68,61,Typhon,Elemental,2001,0,68df19c82415e8fed5592345fb9acbd3_32d8c9c7cd5f62d62da2d31b6750a680fc0.jpg?1787048004,Omega,43,0,SGE
Kirakira Akira,55531034,69,63,Typhon,Elemental,1973,0,5934f798f998575286709c767ba05f59_32d8c9c7cd5f62d62da2d31b6750a680fc0.jpg?1787048237,Crystal,35,0,SGE
Iroha Date,6961136,70,64,Aegis,Elemental,1968,0,554b38366a6696fd4ca04583ad727660_3ea38e723c590aabf186367e1eb7e6a1fc0.jpg?1787047823,Crystal,101,0,SCH
Ajika Rajika,6811285,71,65,Tiamat,Gaia,1916,0,97621d00c96124d00a3c01cec2dde5f8_9f10d335198e90990f3437c5733468e7fc0.jpg?1787049498,Crystal,94,0,UNK
Che'rie Amiri,60682859,72,134,Zeromus,Meteor,1913,500,74b40d795da2cd26657f9838869b63da_c76848359d0b4d2f37aefbb9903ed97bfc0.jpg?1787048793,Crystal,101,22,UNK
Jawa San,3768644,73,66,Titan,Mana,1912,0,6dc7f48778a077c0339870e942a79f2e_e2bb3f9679fec6d4836fcf8abcc3eeacfc0.jpg?1787048942,Crystal,102,6,NIN
Meilkea Inori,40934425,74,67,Aegis,Elemental,1904,0,4c256b756b0f4f43b209ec71728dc0e2_3ea38e723c590aabf186367e1eb7e6a1fc0.jpg?1787049620,Crystal,258,5,UNK
Wuruwuru Yaya,19903532,75,68,Asura,Mana,1904,0,c4dcc6326814217e41a2636e5dd8eea3_53f1445a9f28799a32ea55f046319fc3fc0.jpg?1787049799,Crystal,108,5,NIN
Roric Thorne,59323169,76,69,Pandaemonium,Mana,1892,0,4ff669632484c5fdf241ea2b9f955435_470db1bf2e865f9130531fea40b61ee4fc0.jpg?1787049580,Crystal,22,0,BLM
Lain Wired,1578110,77,70,Chocobo,Mana,1881,0,51b29015827612eb3c28c2c8dd0f43ef_781d6b3603312f6be41670afa37282e0fc0.jpg?1787050243,Crystal,125,9,SGE
Inx Chrono,21920611,78,73,Yojimbo,Meteor,1875,0,83c01df24231dda93176c28e69768459_4a92c619bde4f34cfa77e05fef21ad85fc0.jpg?1787047369,Crystal,169,0,MCH
U-ta Rona,33778140,79,75,Ifrit,Gaia,1862,0,5364399662a84913de2dc736c1cdcfc6_f9f796348bc43067c7242ec4551cde69fc0.jpg?1787049781,Crystal,77,7,ARM
Wabi Suke,1601102,80,96,Asura,Mana,1855,181,355b0ae1cb512875c96e88afa06d36a7_53f1445a9f28799a32ea55f046319fc3fc0.jpg?1787048549,Crystal,314,33,NIN
Coffee Mint,29415966,81,76,Titan,Mana,1828,0,e5a147803c62c81952bc0c786dcfc3cb_e2bb3f9679fec6d4836fcf8abcc3eeacfc0.jpg?1787048873,Crystal,566,16,RDM
Ruru Rururun,41786182,82,77,Ifrit,Gaia,1812,0,3fd0ff0d0e58f6a761a54eebd33b7bc6_f9f796348bc43067c7242ec4551cde69fc0.jpg?1787047784,Crystal,264,0,UNK
Black' Cat,27132360,83,78,Ifrit,Gaia,1800,0,25f0dd65be1cf71e9e26e0bcc0dc271f_f9f796348bc43067c7242ec4551cde69fc0.jpg?1787047523,Crystal,88,9,DRK
Fukino- Tou,41897292,84,79,Atomos,Elemental,1795,0,00e4fa0363ae4aa7ef50ce8aa15dbd81_cf768a751b1f5e355c2fd39a9ed91f3ffc0.jpg?1787049427,Crystal,85,0,MCH
Cey Noqed,56239764,85,81,Anima,Mana,1783,0,05a455503c1b9dc0712f50ad519d9d21_2f698530a28d671d20278c8518c804c9fc0.jpg?1787050151,Crystal,78,1,BLM
Lucy Tave,5530448,86,82,Durandal,Gaia,1774,0,fd7ea485d2ba7644c76c49d7b00fce24_806ea5b45071d5cd6bf393e38462ee71fc0.jpg?1787047024,Crystal,427,20,WAR
Piccolo Saaaaann,23336998,87,83,Asura,Mana,1770,0,efa27fc6ea5fa0a09f429159c3346a0f_53f1445a9f28799a32ea55f046319fc3fc0.jpg?1787046728,Crystal,201,16,SAM
Korone Yubi,38334943,88,84,Yojimbo,Meteor,1768,0,f96e46a75ff8692aefd4bf0841f4e177_4a92c619bde4f34cfa77e05fef21ad85fc0.jpg?1787048548,Crystal,111,0,AST
Yuuki Swallowtail,32886185,89,85,Kujata,Elemental,1714,0,712840b89db68c0862aff570eefb28c6_72c48f093f2278ac3243962d3eb6a8d7fc0.jpg?1787047265,Crystal,111,14,NIN
Cinzia Castagnone,42223337,90,86,Ultima,Gaia,1713,0,f04869081ccf9229ca06746e399b2740_9df1b3cb0da35db33c17ef11ddf12adafc0.jpg?1787048373,Crystal,91,0,AST
Kaede Felis,33728274,91,87,Typhon,Elemental,1710,0,40686a32bf2ab631ff7e7677fc614cb3_32d8c9c7cd5f62d62da2d31b6750a680fc0.jpg?1787049214,Crystal,116,0,DRG
Rex Cold,46340519,92,88,Bahamut,Gaia,1709,0,5a590acfa6bbe6cddd1eb5143c7070f2_86da943caa70c8694707ab2ff74e68c9fc0.jpg?1787047079,Crystal,55,0,UNK
Orpheus Jongleur,3414846,93,89,Bahamut,Gaia,1702,0,091f84408fe996c55b0d18af8fc1d9d6_86da943caa70c8694707ab2ff74e68c9fc0.jpg?1787048630,Crystal,64,0,SCH
Mialulu Sabotage,33714151,94,90,Tiamat,Gaia,1701,0,ed107570ce5fd9ee695034c45ef4d395_9f10d335198e90990f3437c5733468e7fc0.jpg?1787048941,Crystal,43,0,BRD
Ml Tei,47822875,95,91,Alexander,Gaia,1695,0,259bd72e639c252e3e6ab819661c07a6_b7a71d8799cf6dd75b711a7f52de6675fc0.jpg?1787050140,Crystal,24,0,BRD
Sead Slendisch,27788989,96,92,Asura,Mana,1683,0,c9bd1276c77cf644ce955ce68575aa37_53f1445a9f28799a32ea55f046319fc3fc0.jpg?1787050239,Crystal,80,0,SGE
Nao Fu,41247403,97,93,Shinryu,Meteor,1682,0,cfc231e11fac22b1fb8d9d27cee48586_87b7d447f40b06dfc7228caf195f7dcffc0.jpg?1787047161,Crystal,61,0,AST
Mao Caprice,32793338,98,94,Titan,Mana,1675,0,101c8c73de660221dc8ad95fafa4ad3c_e2bb3f9679fec6d4836fcf8abcc3eeacfc0.jpg?1787047116,Crystal,77,0,MNK
Aurelia Stratosfera,26527089,99,95,Unicorn,Meteor,1675,0,0ed689683555a9555b96a5599288d4a1_393eb74047bb90c8d80dea54218430eefc0.jpg?1787050271,Crystal,64,0,SAM
Moi Pomme,56383677,100,97,Anima,Mana,1672,0,df195b6c463065fc5c6cf34724d6875c_2f698530a28d671d20278c8518c804c9fc0.jpg?1787048847,Crystal,76,0,SMN
Aslan Miller,42003071,101,114,Ixion,Mana,1647,92,091d6880c471f9f4c412b704f952af81_7126768d768f6c6c7fed3eaee98c3a8afc0.jpg?1787048862,Crystal,104,13,WHM
Yuki Yui,25457703,102,98,Ultima,Gaia,1622,0,53e27d2153b5d4878ef23b1326589ff5_9df1b3cb0da35db33c17ef11ddf12adafc0.jpg?1787048557,Crystal,114,0,UNK
Scrambledegg Man,49825055,103,99,Atomos,Elemental,1608,0,1299b45b377e351257f93184002c1b42_cf768a751b1f5e355c2fd39a9ed91f3ffc0.jpg?1787049920,Crystal,24,0,GNB
Tige Noir,13429005,104,132,Ridill,Gaia,1603,171,92cf71f8edc971b0656a49db62280b09_138751880f18161a907d7cf0faa43f07fc0.jpg?1787049743,Crystal,175,5,DNC
Falaris Whitemoon,39272552,105,100,Carbuncle,Elemental,1602,0,ba7f541c520a57e21fce1321218d73b3_9eb3c19866f7ae0eeeffac7bf770aba5fc0.jpg?1787048936,Crystal,58,0,MNK
Hakuen Sinonome,10757391,106,101,Asura,Mana,1601,0,6660ba18e406e22fbec52d7b8d1ac332_53f1445a9f28799a32ea55f046319fc3fc0.jpg?1787048365,Crystal,28,0,WAR
Aristel Brown,3214595,107,102,Typhon,Elemental,1599,0,edba68904ef1184c5563cdd263603a74_32d8c9c7cd5f62d62da2d31b6750a680fc0.jpg?1787049264,Crystal,353,0,MCH
Planet Exploration,30755276,108,267,Ixion,Mana,1595,599,b2df099dea56680a53bbc8588e28444f_7126768d768f6c6c7fed3eaee98c3a8afc0.jpg?1787049569,Crystal,60,10,SGE
Akki Noc,2298162,109,166,Alexander,Gaia,1594,289,4a145f36c7316e0d32845d32af5e92bd_b7a71d8799cf6dd75b711a7f52de6675fc0.jpg?1787047122,Crystal,80,7,SGE
Pero Noir,27109057,110,103,Ultima,Gaia,1593,0,889b0b13f93f702d3df91ec97e272102_9df1b3cb0da35db33c17ef11ddf12adafc0.jpg?1787049218,Crystal,43,1,PCT
Fennel Earltea,21886406,111,104,Typhon,Elemental,1591,0,4e8f23f97ca17b02271d5d67829e204d_32d8c9c7cd5f62d62da2d31b6750a680fc0.jpg?1787047020,Crystal,100,0,MCH
Inori Chan,54439983,112,105,Asura,Mana,1591,0,924e00538b2fef48f1ddd6b463e8f7ef_53f1445a9f28799a32ea55f046319fc3fc0.jpg?1787048315,Crystal,17,0,VPR
Katuo Bushi,48894263,113,107,Garuda,Elemental,1588,0,8b92a347d66765b2b2d24c1ad40d5afa_fcb1f5b0249d1069e5bdc66d0796f26afc0.jpg?1787048951,Crystal,124,4,SAM
Soujirou Seta,4110224,114,108,Tonberry,Elemental,1587,0,7453a7542d76520abe9dd8dcc3572b78_7bb6b1e488f0e4f01c5314d010b60f31fc0.jpg?1787048447,Crystal,89,3,FSH
Ren Chamx,43411675,115,109,Chocobo,Mana,1586,0,d14faf3557b40f62c1fd8e9103ff0ca1_781d6b3603312f6be41670afa37282e0fc0.jpg?1787050066,Crystal,64,8,BLM
Tamago Crab,1576417,116,110,Chocobo,Mana,1586,0,0bce11216fe6e4e1cecfe7c969a1460f_781d6b3603312f6be41670afa37282e0fc0.jpg?1787047684,Crystal,56,7,SMN
Gogant Gogant,24052697,117,128,Atomos,Elemental,1582,99,9b2637d94cc0b341ddad961722026fdf_cf768a751b1f5e355c2fd39a9ed91f3ffc0.jpg?1787048163,Crystal,96,8,SAM
Hina Narumi,36489169,118,111,Masamune,Mana,1575,0,b92b3bffbe6d8e1f5f53a1f3735c1387_134930215abb8a90ec37d6cc05b05e08fc0.jpg?1787046718,Crystal,54,0,SAM
Douglas Ward,32519646,119,112,Asura,Mana,1573,0,5902010d301aa95176126fcdef0dc7c7_53f1445a9f28799a32ea55f046319fc3fc0.jpg?1787049027,Crystal,285,12,RDM
Honey Cat,51251838,120,113,Ultima,Gaia,1565,0,c89504a579493fe83a6003536b5fcfdf_9df1b3cb0da35db33c17ef11ddf12adafc0.jpg?1787048236,Crystal,122,0,MCH
Deisia Touna,31397456,121,115,Mandragora,Meteor,1528,0,f9bdcbbd105a361017ee7dd26bde2ea6_ee738654add55c3d07ea92d8e108074cfc0.jpg?1787047435,Crystal,176,5,WHM
Kine Uffelmann,20050491,122,116,Kujata,Elemental,1515,0,3411a0b34b7e20b7f4516cd81c87ae01_72c48f093f2278ac3243962d3eb6a8d7fc0.jpg?1787049246,Crystal,90,3,AST
Erik Bural,20508529,123,117,Hades,Mana,1511,0,2ca5bed0ca0e49f68c7ca14062e0bacc_a4730651230dd43cb129562a30d531aefc0.jpg?1787046782,Crystal,273,4,MCH
Aruku Babyun,7383311,124,118,Unicorn,Meteor,1509,0,c2fa4e98c1f4638d053218fa4c127b4c_393eb74047bb90c8d80dea54218430eefc0.jpg?1787047981,Crystal,149,0,DRK
Notttz Imbrium,50270248,125,119,Titan,Mana,1509,0,58a87ecc9a18820b07646a481a8154a4_e2bb3f9679fec6d4836fcf8abcc3eeacfc0.jpg?1787048490,Crystal,50,0,VPR
Lily Skywaker,6792620,126,120,Ixion,Mana,1503,0,2a199e9346f375c2f2e814be59d0cf09_7126768d768f6c6c7fed3eaee98c3a8afc0.jpg?1787047816,Crystal,151,11,MCH
Comachi Dj,13425678,127,121,Hades,Mana,1503,0,4983bf5b31ed2764865b5fd4a01a64a5_a4730651230dd43cb129562a30d531aefc0.jpg?1787049569,Crystal,121,0,VPR
Nacreous Snowmelt,55586649,128,122,Asura,Mana,1500,0,2927bf8e620ad06dc8e1e74d7e3c071f_53f1445a9f28799a32ea55f046319fc3fc0.jpg?1787048033,Crystal,23,0,NIN
Shamia Lafihna,19352479,129,123,Hades,Mana,1492,0,d0039c35e86ce2926331c5c708ef39f6_a4730651230dd43cb129562a30d531aefc0.jpg?1787047548,Crystal,61,1,VPR
Alt Sanktgallen,2143482,130,124,Mandragora,Meteor,1492,0,5c873dda3f483d96a474d6049544be77_ee738654add55c3d07ea92d8e108074cfc0.jpg?1787049253,Crystal,51,0,VPR
Boku Hide,61259881,131,125,Chocobo,Mana,1490,0,2405cc4b75108a1384180ce7bafc3b98_781d6b3603312f6be41670afa37282e0fc0.jpg?1787049813,Crystal,58,0,UNK
Laru Gucchi,4772544,132,139,Durandal,Gaia,1490,93,766e8af080f3aa6e38ee510dee4807b8_806ea5b45071d5cd6bf393e38462ee71fc0.jpg?1787047094,Crystal,31,4,AST
Happy Gigapanda,29631468,133,126,Belias,Meteor,1488,0,d689aa402e0869833ed03b58aa3396a8_894c4bd0beab2e2beb44b74f4c4bd206fc0.jpg?1787049993,Crystal,107,0,SAM
Luna Nana,41082381,134,127,Typhon,Elemental,1485,0,35d0842e516aa886b3d925659c693234_32d8c9c7cd5f62d62da2d31b6750a680fc0.jpg?1787047299,Crystal,112,0,BRD
Blari Taraba,29682913,135,216,Ultima,Gaia,1481,301,8715585bf23b1871520e0b6c478fa049_9df1b3cb0da35db33c17ef11ddf12adafc0.jpg?1787048411,Crystal,77,5,RPR
Zwei Kreuz,14516450,136,129,Bahamut,Gaia,1478,0,367ea315b18ce50bb6f34a9ea77f3222_86da943caa70c8694707ab2ff74e68c9fc0.jpg?1787047084,Crystal,31,0,UNK
Kur Age,27916663,137,130,Ifrit,Gaia,1478,0,b6c15539902ac3615580d0c358a2ce3a_f9f796348bc43067c7242ec4551cde69fc0.jpg?1787048019,Crystal,29,0,SGE
Aries San,12460047,138,131,Tiamat,Gaia,1462,0,00a39e6a3c0cb6e9529ffdf15a10dadb_9f10d335198e90990f3437c5733468e7fc0.jpg?1787048187,Crystal,85,0,DRG
Lala Ruru,23370112,139,188,Hades,Mana,1442,166,52987a3ea9f860f9522e49f36a51fcdf_a4730651230dd43cb129562a30d531aefc0.jpg?1787049769,Crystal,170,19,WHM
Rip Rill,726210,140,133,Gungnir,Elemental,1417,0,1ed2cf8fd8dc78c1ec061d9bb9c45462_8f82f937943b6baf4c565020d5eba0ccfc0.jpg?1787048792,Crystal,164,8,WHM
Diao Tiandi,56776774,141,135,Ixion,Mana,1408,0,d3f8787a245e6cabd6ee8065c6eeefb5_7126768d768f6c6c7fed3eaee98c3a8afc0.jpg?1787048391,Crystal,76,0,DRG
Aria Canon,1030539,142,136,Pandaemonium,Mana,1399,0,c643f10c86a1dec8fe0358a24454dab6_470db1bf2e865f9130531fea40b61ee4fc0.jpg?1787049234,Crystal,126,3,AST
Peng In,60228501,143,137,Bahamut,Gaia,1398,0,871397d65bde709b44c83fca4e18a1b3_86da943caa70c8694707ab2ff74e68c9fc0.jpg?1787049246,Crystal,43,0,SMN
Nocturne Midnightblue,55368101,144,138,Asura,Mana,1397,0,e9f7726a264875c782e0384932dbf161_53f1445a9f28799a32ea55f046319fc3fc0.jpg?1787047704,Crystal,50,0,SMN
Aeritte Ravel,41831914,145,140,Carbuncle,Elemental,1396,0,56a646fd4b2eb086bf8c9d712567e62f_9eb3c19866f7ae0eeeffac7bf770aba5fc0.jpg?1787047995,Crystal,95,0,PLD
Nov Noa,56271994,146,173,Tiamat,Gaia,1395,100,0711a53e252756264a473f2b53d53cad_9f10d335198e90990f3437c5733468e7fc0.jpg?1787047038,Crystal,25,1,SCH
Sylphiette Luglia,13255770,147,141,Ultima,Gaia,1394,0,50ff78ae7a4200bc288765aa81af5849_9df1b3cb0da35db33c17ef11ddf12adafc0.jpg?1787048146,Crystal,140,9,MNK
Yi Xiangfeng,57320880,148,142,Titan,Mana,1394,0,a98e604367a6e3fd017185877e3a9227_e2bb3f9679fec6d4836fcf8abcc3eeacfc0.jpg?1787048275,Crystal,31,0,PCT
Uta Tubame,12421333,149,143,Zeromus,Meteor,1393,0,4c1c1810ab77c61696ca66b0716fd309_c76848359d0b4d2f37aefbb9903ed97bfc0.jpg?1787049124,Crystal,70,2,PCT
Shinra Arasaka,24734269,150,176,Tiamat,Gaia,1393,100,2d735fa31b5cfcc7eabaae1839d0b731_9f10d335198e90990f3437c5733468e7fc0.jpg?1787046704,Crystal,39,2,WAR
Evariste Galois,58660135,151,144,Chocobo,Mana,1392,0,7f835ad51f7703d8c7d073fc750b8987_781d6b3603312f6be41670afa37282e0fc0.jpg?1787046873,Crystal,72,0,UNK
Tomomomo Momomo,25830708,152,172,Ramuh,Meteor,1392,96,d1b6359fffbcc60e8bddc1120dc05d55_410ddb5a66a2fcacf538bec5ea5d0291fc0.jpg?1787047512,Crystal,36,1,SCH
Okome Justice,58734775,153,145,Durandal,Gaia,1392,0,3589d26a22faffebd4c39812822aab8a_806ea5b45071d5cd6bf393e38462ee71fc0.jpg?1787049537,Crystal,34,0,PCT
In Darkness,58974244,154,232,Chocobo,Mana,1391,296,d7230442a7c392d7ef8e729a84ab3182_781d6b3603312f6be41670afa37282e0fc0.jpg?1787048792,Crystal,302,4,NIN
Ursula Hackenschmidt,42648090,155,146,Fenrir,Gaia,1391,0,a665d50be7723b1660e54e045bb7a2fe_d384cf5ad7db803f29799f36ebbc3eadfc0.jpg?1787049515,Crystal,22,0,PLD
Syake Dog-nyan,1616788,156,147,Bahamut,Gaia,1390,0,39b434160e1c215835c854cb7a564018_86da943caa70c8694707ab2ff74e68c9fc0.jpg?1787047867,Crystal,58,0,WHM
Kana Drouv,37418772,157,148,Mandragora,Meteor,1388,0,556bea70c6c70acf776be4041d191d92_ee738654add55c3d07ea92d8e108074cfc0.jpg?1787048589,Crystal,22,1,NIN
Avaron Ninesisters,1584314,158,149,Tiamat,Gaia,1387,0,5c1970240f5e1f80ffabdd3988080f5e_9f10d335198e90990f3437c5733468e7fc0.jpg?1787048159,Crystal,133,3,WHM
Nina Vailu,50599787,159,150,Yojimbo,Meteor,1387,0,0a657d81c5b867d2f49d51382bc7b94c_4a92c619bde4f34cfa77e05fef21ad85fc0.jpg?1787049204,Crystal,111,0,DNC
Mily Sara,23911809,160,151,Aegis,Elemental,1385,0,19086b376708852503d1ac9c2b293b8c_3ea38e723c590aabf186367e1eb7e6a1fc0.jpg?1787047983,Crystal,132,0,DRG
Sana Papa,44925625,161,152,Ramuh,Meteor,1384,0,6a2d4e251458356b738142d6b0653c03_410ddb5a66a2fcacf538bec5ea5d0291fc0.jpg?1787049421,Crystal,40,0,MCH
Dodopita Pittan,3558680,162,153,Tiamat,Gaia,1383,0,0c4178029dae08c0fcbe267d46034e76_9f10d335198e90990f3437c5733468e7fc0.jpg?1787047856,Crystal,71,6,SAM
Ardlan Vorlesh,45102526,163,211,Asura,Mana,1381,197,04bfc027079d355fc717e8ec9a4b5f9e_53f1445a9f28799a32ea55f046319fc3fc0.jpg?1787048505,Crystal,71,6,DRG
San Sowa,35604125,164,154,Ridill,Gaia,1379,0,c5fbf3709fd6b4c8fba74f67e0820609_138751880f18161a907d7cf0faa43f07fc0.jpg?1787048830,Crystal,184,9,UNK
Seraki Matsushima,43566777,165,155,Ixion,Mana,1378,0,1e4675de3ee8e4d8e053dede59297104_7126768d768f6c6c7fed3eaee98c3a8afc0.jpg?1787048469,Crystal,34,0,PLD
Beatrice Rosenkreuz,31285042,166,156,Tiamat,Gaia,1377,0,1972bc9fb243d5cb03ad68af2779564d_9f10d335198e90990f3437c5733468e7fc0.jpg?1787047636,Crystal,41,0,PLD
Lhei Tayun,55776060,167,157,Chocobo,Mana,1366,0,d1e1c509f0fac227ceada972ddb424d4_781d6b3603312f6be41670afa37282e0fc0.jpg?1787046834,Crystal,56,0,BLM
Shi Syou,5023543,168,158,Atomos,Elemental,1364,0,d930c67636980aa5cc10bd814bdc2dbd_cf768a751b1f5e355c2fd39a9ed91f3ffc0.jpg?1787048175,Crystal,97,2,MCH
Hateful Past,26237856,169,159,Asura,Mana,1359,0,ed0c8f5d7b00b4c718fd834e96efdd7e_53f1445a9f28799a32ea55f046319fc3fc0.jpg?1787048269,Crystal,54,0,WAR
Rariboy Xx,4660025,170,160,Garuda,Elemental,1356,0,80b036f210d47467413b630ce1537551_fcb1f5b0249d1069e5bdc66d0796f26afc0.jpg?1787048125,Crystal,72,8,WAR
Zukasa Yatoh,8768354,171,161,Typhon,Elemental,1342,0,4b9242a67c4aa4390facfa8e2028de4b_32d8c9c7cd5f62d62da2d31b6750a680fc0.jpg?1787047871,Crystal,157,0,DRG
Karma Strife,3816037,172,162,Chocobo,Mana,1325,0,7a25293b17ff84c0c64a519d1fc09720_781d6b3603312f6be41670afa37282e0fc0.jpg?1787048539,Crystal,82,0,PCT
Chrono Meter,4807361,173,163,Zeromus,Meteor,1320,0,b74f258cbaba5cb680ca0095a0758cbb_c76848359d0b4d2f37aefbb9903ed97bfc0.jpg?1787047606,Crystal,211,0,UNK
Khelby Trickster,1496735,174,164,Gungnir,Elemental,1310,0,fde8b59fda65550661c58e15a9026a06_8f82f937943b6baf4c565020d5eba0ccfc0.jpg?1787048745,Crystal,54,0,PLD
Ichigo Jasmine,57027122,175,165,Shinryu,Meteor,1309,0,17fae3561e1e77d262d93652dbd0bdc4_87b7d447f40b06dfc7228caf195f7dcffc0.jpg?1787049109,Crystal,38,0,PCT
Now Tarako,25271680,176,167,Belias,Meteor,1305,0,238a3ddced202809c65eaecd03eda2d1_894c4bd0beab2e2beb44b74f4c4bd206fc0.jpg?1787047475,Crystal,54,0,AST
Maru Fleur,39475833,177,168,Hades,Mana,1304,0,7a1bf315cc0f4ac30d41db1ed80d9048_a4730651230dd43cb129562a30d531aefc0.jpg?1787047719,Crystal,92,5,MNK
Konegai Konegai,3277232,178,169,Masamune,Mana,1301,0,3a445dba3d4d2882c60b55a59669971b_134930215abb8a90ec37d6cc05b05e08fc0.jpg?1787047408,Crystal,102,0,MCH
Elu Acknowless,58699844,179,170,Mandragora,Meteor,1300,0,60c2649fe79faac79d3e7ac948084121_ee738654add55c3d07ea92d8e108074cfc0.jpg?1787049117,Crystal,235,12,RDM
Nicku Nicku,18939474,180,171,Tonberry,Elemental,1299,0,c713d7a775bba8adf5d47b2630f63674_7bb6b1e488f0e4f01c5314d010b60f31fc0.jpg?1787049827,Crystal,14,0,UNK
Go Mee,19423327,181,174,Ifrit,Gaia,1294,0,a075edbb8331e7e875aae500a9e7a435_f9f796348bc43067c7242ec4551cde69fc0.jpg?1787048005,Crystal,54,4,GNB
Tam Sin,26754914,182,175,Ultima,Gaia,1293,0,4e875947aa4b95d1be857096f32d4ae8_9df1b3cb0da35db33c17ef11ddf12adafc0.jpg?1787049197,Crystal,43,0,SAM
Chiaki Nanami,43953309,183,241,Titan,Mana,1293,205,82751b490967f6572406e72b39592925_e2bb3f9679fec6d4836fcf8abcc3eeacfc0.jpg?1787048029,Crystal,21,3,VPR
Momo Hito,39797602,184,177,Yojimbo,Meteor,1292,0,8d799e9e2471cc9ce1eb0d9ee9e83ee6_4a92c619bde4f34cfa77e05fef21ad85fc0.jpg?1787047655,Crystal,59,0,GNB
Yan Yan,3182501,184,178,Alexander,Gaia,1292,0,5cd079575de2bd01f87a188c93738695_b7a71d8799cf6dd75b711a7f52de6675fc0.jpg?1787048147,Crystal,59,1,NIN
Nana Degu,42551273,186,179,Asura,Mana,1292,0,f0ca36e4824faa31992738bb368e803c_53f1445a9f28799a32ea55f046319fc3fc0.jpg?1787049206,Crystal,33,0,DRG
Sura Imo,25164389,187,180,Shinryu,Meteor,1291,0,d2cd07ab0f766e9dd870046dcc7fae97_87b7d447f40b06dfc7228caf195f7dcffc0.jpg?1787050186,Crystal,31,0,AST
Momikucha Ocojo,51451812,188,207,Ixion,Mana,1290,98,52ebf8cad8e1a025e1469ada4534a0f2_7126768d768f6c6c7fed3eaee98c3a8afc0.jpg?1787049221,Crystal,68,1,UNK
Neku Xyst,23660389,189,181,Ifrit,Gaia,1289,0,fb1f5fe2519e579c50b2b5aa89992706_f9f796348bc43067c7242ec4551cde69fc0.jpg?1787048885,Crystal,41,0,VPR
Gobou Mekara,16295932,190,182,Chocobo,Mana,1288,0,b0b05a15f0e0132f73d76efb146bb255_781d6b3603312f6be41670afa37282e0fc0.jpg?1787049659,Crystal,93,0,CRP
Ezorisu Kawaii,51560730,191,183,Titan,Mana,1286,0,7675cffdccbd9f4ab08148da1ec78753_e2bb3f9679fec6d4836fcf8abcc3eeacfc0.jpg?1787048932,Crystal,152,0,UNK
Oriental Art,1070191,192,184,Chocobo,Mana,1284,0,d31830cb71830b425529f231f39e776b_781d6b3603312f6be41670afa37282e0fc0.jpg?1787049468,Crystal,252,0,DRG
Extra Mage,26831533,193,185,Garuda,Elemental,1283,0,aed9bb13f4dad6a80690e4d58ee69af3_fcb1f5b0249d1069e5bdc66d0796f26afc0.jpg?1787047581,Crystal,21,0,PLD
Kageto Magatsuki,36052369,194,186,Ultima,Gaia,1281,0,c99eebd98f0729313042324985a6fc9a_9df1b3cb0da35db33c17ef11ddf12adafc0.jpg?1787050201,Crystal,40,0,BLM
Ui Thrix,39291749,195,214,Chocobo,Mana,1279,98,08b70654c7812f561afc700e0756319a_781d6b3603312f6be41670afa37282e0fc0.jpg?1787048349,Crystal,34,1,AST
Mitui Aset,29908583,196,187,Zeromus,Meteor,1276,0,03c5c419a0ed40508b02b7656c3bc1e1_c76848359d0b4d2f37aefbb9903ed97bfc0.jpg?1787048856,Crystal,330,0,NIN
Crystalline Conflict,56094564,197,189,Kujata,Elemental,1276,0,dcae5be360cd5ac359780dd998fbbf57_72c48f093f2278ac3243962d3eb6a8d7fc0.jpg?1787049231,Crystal,83,0,UNK
Inu- Pe-,42153397,198,237,Anima,Mana,1274,182,40c3101dfff66955ad4d9b06fda6e3a8_2f698530a28d671d20278c8518c804c9fc0.jpg?1787048165,Crystal,164,8,SAM
Regret Weise,15486920,199,251,Fenrir,Gaia,1266,196,13172be4a1ad05d87f2b3a6e43f14d31_d384cf5ad7db803f29799f36ebbc3eadfc0.jpg?1787050236,Crystal,50,2,DRK
Rocket Chan,50900360,200,190,Ixion,Mana,1232,0,d2030f1358523e62231fffc0004f1ae9_7126768d768f6c6c7fed3eaee98c3a8afc0.jpg?1787050210,Crystal,49,1,UNK
Endless Summer,36558820,201,191,Tiamat,Gaia,1224,0,0079a66433e68b1f473c7487944a4d3d_9f10d335198e90990f3437c5733468e7fc0.jpg?1787049604,Crystal,124,0,PCT
Hoshino Ai,47933529,202,192,Titan,Mana,1220,0,82bad71f761726aa0a737f36447d9f50_e2bb3f9679fec6d4836fcf8abcc3eeacfc0.jpg?1787046837,Crystal,33,0,MNK
Walter Winston,3431710,203,193,Fenrir,Gaia,1216,0,bee8390354426d2c1d42d687a0de29d5_d384cf5ad7db803f29799f36ebbc3eadfc0.jpg?1787047873,Crystal,63,0,WAR
Iz Levmel,17594950,204,197,Garuda,Elemental,1215,7,9e457ec4068931e92288544db8499aae_fcb1f5b0249d1069e5bdc66d0796f26afc0.jpg?1787048560,Crystal,88,9,SAM
Lucie Blanc,4813641,205,194,Anima,Mana,1213,0,9c05760085153887cf9c52f28861be7c_2f698530a28d671d20278c8518c804c9fc0.jpg?1787048712,Crystal,67,6,VPR
Teeteena Teena,50846425,206,0,Kujata,Elemental,1212,396,cf3af51a3535bb934dc9fab3e2db7e3a_72c48f093f2278ac3243962d3eb6a8d7fc0.jpg?1787048937,Crystal,205,12,BRD
Envy Lua,43034484,207,195,Valefor,Meteor,1212,0,e7cd2d55788c0aa6cbc5b71284096360_485f4777c38002871591fb54f27edc65fc0.jpg?1787049262,Crystal,51,0,SCH
Odwit Vendisch,42078574,208,196,Aegis,Elemental,1209,0,16b22e919d37aaeda97dfa361cf8659d_3ea38e723c590aabf186367e1eb7e6a1fc0.jpg?1787048891,Crystal,238,6,UNK
Creed Arks,30577704,209,198,Zeromus,Meteor,1207,0,2aae48156b8dfc008ca2584c7d0e8752_c76848359d0b4d2f37aefbb9903ed97bfc0.jpg?1787046885,Crystal,50,0,VPR
Super Gal,52139020,210,223,Bahamut,Gaia,1202,101,2a20ce1a576737898f3290324b402cd6_86da943caa70c8694707ab2ff74e68c9fc0.jpg?1787047363,Crystal,212,1,RDM
Ririca Rica,22451341,211,199,Valefor,Meteor,1202,0,b82d75152d14ebf44db2622ef433b4f4_485f4777c38002871591fb54f27edc65fc0.jpg?1787048884,Crystal,168,15,RPR
Rohesa Morgan,10586618,212,225,Ramuh,Meteor,1201,101,1b6623c84e2fcee5c1d726a691ab88ba_410ddb5a66a2fcacf538bec5ea5d0291fc0.jpg?1787048239,Crystal,136,6,GSM
Cardinal Shiten,32020696,213,200,Asura,Mana,1199,0,22c6fdca1c107eb07233d098b04cf126_53f1445a9f28799a32ea55f046319fc3fc0.jpg?1787049317,Crystal,126,3,SAM
Chisato Laetitia,56099994,214,201,Bahamut,Gaia,1196,0,1ba731eb7e63c6a087133132bbb51418_86da943caa70c8694707ab2ff74e68c9fc0.jpg?1787048545,Crystal,82,0,UNK
Yo Na,52935364,215,202,Fenrir,Gaia,1196,0,2517fd5dbad75617e546949761815db9_d384cf5ad7db803f29799f36ebbc3eadfc0.jpg?1787047503,Crystal,54,0,NIN
Nemu Nenemu,58833619,216,203,Anima,Mana,1195,0,4cdac6083f665767750f3c7804d18a24_2f698530a28d671d20278c8518c804c9fc0.jpg?1787049244,Crystal,70,0,RDM
Momochi Thunder,9048595,217,204,Bahamut,Gaia,1194,0,3ce0fcc40e818a0d134a6c043d2c09f5_86da943caa70c8694707ab2ff74e68c9fc0.jpg?1787046910,Crystal,37,0,SMN
Fall Leaves,22881570,218,206,Masamune,Mana,1192,0,23540a672824a88d3fc727e33d7f3254_134930215abb8a90ec37d6cc05b05e08fc0.jpg?1787047377,Crystal,133,3,NIN
Maito Melek,26875635,219,208,Hades,Mana,1189,0,f46d534bca38450ba9b70bb608411c3e_a4730651230dd43cb129562a30d531aefc0.jpg?1787048763,Crystal,13,0,UNK
Oracle Trezavejo,15712017,220,209,Bahamut,Gaia,1188,0,b4aa7ecb29192073338a2cc53603b062_86da943caa70c8694707ab2ff74e68c9fc0.jpg?1787047769,Crystal,84,1,SMN
Jin Walker,25662452,221,210,Hades,Mana,1187,0,f3ff10f6b027a5423c3b035a420aad0e_a4730651230dd43cb129562a30d531aefc0.jpg?1787047878,Crystal,91,0,PLD
Takesiba Musasino,29225556,222,212,Durandal,Gaia,1182,0,5cacf8dd1a9dae9427de92b387913396_806ea5b45071d5cd6bf393e38462ee71fc0.jpg?1787047115,Crystal,142,4,NIN
Merlin Emryss,51163079,223,213,Titan,Mana,1182,0,6c3a26e8ea52d6775ebbad30debb56a9_e2bb3f9679fec6d4836fcf8abcc3eeacfc0.jpg?1787048252,Crystal,23,0,PCT
Liken Liekun,24806613,224,215,Shinryu,Meteor,1180,0,5aa5d27e0f5d07d19980648d6a9c2ba5_87b7d447f40b06dfc7228caf195f7dcffc0.jpg?1787049191,Crystal,139,2,DRK
Dion Magnus,1559686,225,217,Durandal,Gaia,1179,0,91593ad4939f54221e1d28f542192cc4_806ea5b45071d5cd6bf393e38462ee71fc0.jpg?1787049226,Crystal,99,3,DRG
Monica Bryant,34559458,226,218,Garuda,Elemental,1167,0,40cd2c4ca4c17623d5c27dfb19831017_fcb1f5b0249d1069e5bdc66d0796f26afc0.jpg?1787050102,Crystal,201,0,WVR
Nyaruga Kyuruga,4962287,227,219,Atomos,Elemental,1123,0,fb555ad539f0f8689a39c65513b388b2_cf768a751b1f5e355c2fd39a9ed91f3ffc0.jpg?1787048053,Crystal,93,0,WAR
Kinq-of- Platinum,48727904,228,221,Gungnir,Elemental,1122,8,3c8d43a875a038c5fbf54250da8a5442_8f82f937943b6baf4c565020d5eba0ccfc0.jpg?1787048380,Crystal,91,12,DRG
Rokka Gallete,23609500,229,257,Kujata,Elemental,1118,100,6cb05d39414f85c9977ed746371b9289_72c48f093f2278ac3243962d3eb6a8d7fc0.jpg?1787049428,Crystal,33,11,GNB
Hoshikuz Siina,1173407,230,220,Tiamat,Gaia,1115,0,f966bf2277aea0b0af7b96dbbca7abc1_9f10d335198e90990f3437c5733468e7fc0.jpg?1787048554,Crystal,48,0,SAM
Mochi Dooooon,51161467,231,222,Hades,Mana,1109,0,fe8f2f3f207480dac3f25ca746d11cf4_a4730651230dd43cb129562a30d531aefc0.jpg?1787047361,Crystal,29,0,SGE
Pekemi Vs,34522615,232,0,Carbuncle,Elemental,1103,304,9fa0d9dd5f5841a202fb4f9e517211e7_9eb3c19866f7ae0eeeffac7bf770aba5fc0.jpg?1787049420,Crystal,289,12,PLD
Link Ring,55955379,233,224,Durandal,Gaia,1101,0,cd57a4705e19ebab4b3922b039f3a7b7_806ea5b45071d5cd6bf393e38462ee71fc0.jpg?1787047505,Crystal,75,0,BLM
Aquamarine Freyja,30360317,234,226,Titan,Mana,1099,0,0dfd1b818fb45dff90b6c17b14b71318_e2bb3f9679fec6d4836fcf8abcc3eeacfc0.jpg?1787048069,Crystal,31,0,MNK
Ame Azarashi,23141823,235,228,Durandal,Gaia,1099,1,3169ff74c51973a08f1b5c47026339a9_806ea5b45071d5cd6bf393e38462ee71fc0.jpg?1787046874,Crystal,20,2,MCH
Teka Etoile,25627481,236,227,Durandal,Gaia,1098,0,20c4e02c3b7c11c6ceb68582c409ceb9_806ea5b45071d5cd6bf393e38462ee71fc0.jpg?1787048928,Crystal,111,4,WHM
Pokeball Bahamut,42274942,237,229,Valefor,Meteor,1096,0,fdf4bab958d2fbf65e0c07739622a1f7_485f4777c38002871591fb54f27edc65fc0.jpg?1787048522,Crystal,467,32,GNB
He Ro,57048881,238,230,Ultima,Gaia,1096,0,1988e9fc4df817df742388c245715b40_9df1b3cb0da35db33c17ef11ddf12adafc0.jpg?1787049851,Crystal,414,18,UNK
Unchou Kan,1575311,239,231,Aegis,Elemental,1096,0,43eef415e4c92f6ff93b1d4dae6b7ab8_3ea38e723c590aabf186367e1eb7e6a1fc0.jpg?1787048705,Crystal,14,0,GNB
Lucy Fortress,40591757,240,233,Yojimbo,Meteor,1095,0,6a8471ce8f811950fa73ff799371ba9d_4a92c619bde4f34cfa77e05fef21ad85fc0.jpg?1787047338,Crystal,102,12,UNK
Miki Triode,8299904,241,236,Pandaemonium,Mana,1094,1,c1667dda66d9bf6140e1aa1c18277ece_470db1bf2e865f9130531fea40b61ee4fc0.jpg?1787049160,Crystal,84,1,RDM
Saza Nami,28815785,242,234,Valefor,Meteor,1094,0,b7132de4e22a14984e00a5a4feabfdc1_485f4777c38002871591fb54f27edc65fc0.jpg?1787047041,Crystal,54,4,SAM
Haine Balantin,25261749,243,235,Ifrit,Gaia,1093,0,95d742d2775dc4ae64696462b68ee21f_f9f796348bc43067c7242ec4551cde69fc0.jpg?1787049135,Crystal,142,10,DRK
Neneco Neko,60257588,244,238,Ultima,Gaia,1092,0,d410b53bdce1036d1d4331de5dd4f44e_9df1b3cb0da35db33c17ef11ddf12adafc0.jpg?1787049077,Crystal,48,0,BLM
Tomako Nanakusa,28099035,245,239,Alexander,Gaia,1088,0,33c328cb042802fb4ddc287b21165e26_b7a71d8799cf6dd75b711a7f52de6675fc0.jpg?1787047899,Crystal,178,4,MCH
Reeki Veo,17619704,246,240,Tonberry,Elemental,1088,0,1c9005e54e77bfe231e5bdebc829854c_7bb6b1e488f0e4f01c5314d010b60f31fc0.jpg?1787049163,Crystal,145,0,DRG
Asth Galleria,5330266,247,0,Pandaemonium,Mana,1088,293,69f14cfe9aed20abab40d9c371b581d9_470db1bf2e865f9130531fea40b61ee4fc0.jpg?1787048720,Crystal,77,6,MCH
Dumb Catgirl,49931257,248,242,Ultima,Gaia,1087,0,6fc4eb8844117360fb2f23f75b38a18b_9df1b3cb0da35db33c17ef11ddf12adafc0.jpg?1787047202,Crystal,30,0,RDM
Jake Emethart,30406074,249,243,Alexander,Gaia,1086,0,0bb538c469f634e7e8b6453518a8df60_b7a71d8799cf6dd75b711a7f52de6675fc0.jpg?1787049829,Crystal,67,0,SMN
Lufefe Lufe,8829146,250,244,Mandragora,Meteor,1085,0,91e252cc1edf40cc72e7912c50fbfde7_ee738654add55c3d07ea92d8e108074cfc0.jpg?1787047420,Crystal,71,4,NIN
Elisa Wolframite,18964939,251,245,Hades,Mana,1084,0,5582934bb6b94d50874d7d241225aa74_a4730651230dd43cb129562a30d531aefc0.jpg?1787047532,Crystal,113,9,NIN
Amarl Malaguld,27652092,252,246,Masamune,Mana,1084,1,92f5a8f587b00180a706bf0adc6692cb_134930215abb8a90ec37d6cc05b05e08fc0.jpg?1787049206,Crystal,29,3,SMN
Mundane Mann,42589754,253,247,Asura,Mana,1082,0,605c543ad4053338807ead77553c263b_53f1445a9f28799a32ea55f046319fc3fc0.jpg?1787048670,Crystal,19,0,SAM
Vir Sanctus,38437893,254,248,Asura,Mana,1079,0,e0afc9c178de541c5ba8a1afafa4bb02_53f1445a9f28799a32ea55f046319fc3fc0.jpg?1787046870,Crystal,42,0,SMN
Umai Okawari,28809423,255,249,Zeromus,Meteor,1078,0,603544c81055f8085a950feb781bee2a_c76848359d0b4d2f37aefbb9903ed97bfc0.jpg?1787048505,Crystal,44,2,PCT
Maplesyrup Hunnyhunt,5036291,256,250,Unicorn,Meteor,1072,0,30c7709ed0a59cb5eb0c9201d62deb82_393eb74047bb90c8d80dea54218430eefc0.jpg?1787048699,Crystal,72,2,DRG
Minato Haruka,57459700,257,252,Asura,Mana,1067,0,5f7508268722022e26bb9950825f7dea_53f1445a9f28799a32ea55f046319fc3fc0.jpg?1787049767,Crystal,51,3,MNK
Stardust Emilia,25988007,258,253,Hades,Mana,1026,0,b805b54635a07b2d9710df33b9a946aa_a4730651230dd43cb129562a30d531aefc0.jpg?1787049461,Crystal,59,0,UNK
Lil Latte,55025559,259,254,Anima,Mana,1022,0,2d01c7e9c74b9faebdd6d9ece7c9eb4a_2f698530a28d671d20278c8518c804c9fc0.jpg?1787049492,Crystal,183,0,UNK
Kamio Hoshi,51915197,260,255,Gungnir,Elemental,1021,0,6b5003e9f40b5f1a448a1ba748afc9e5_8f82f937943b6baf4c565020d5eba0ccfc0.jpg?1787048062,Crystal,197,13,MNK
Ryuu Nanmei,51950007,261,256,Alexander,Gaia,1020,0,73df97379b8a82a83c16a8b38c83134e_b7a71d8799cf6dd75b711a7f52de6675fc0.jpg?1787048040,Crystal,163,0,UNK
Kaheo Milde,30278970,262,258,Ultima,Gaia,1016,0,b92bf3d51d1bfabde325071eedf3d3e0_9df1b3cb0da35db33c17ef11ddf12adafc0.jpg?1787048537,Crystal,152,0,VPR
Nicole Alto,29493765,263,259,Masamune,Mana,1008,0,a2498d373544544a03c04cf423aad336_134930215abb8a90ec37d6cc05b05e08fc0.jpg?1787049226,Crystal,46,0,UNK
Sea La,57022789,264,0,Ifrit,Gaia,1008,908,58efbce0cede48dc626c7a56f201647c_f9f796348bc43067c7242ec4551cde69fc0.jpg?1787049812,Crystal,27,13,SAM
Ange Ciliegio,1686962,265,0,Atomos,Elemental,1007,504,59e7fb02c5fc2af8111364635f319ae2_cf768a751b1f5e355c2fd39a9ed91f3ffc0.jpg?1787047505,Crystal,53,16,UNK
Chiaki Gypsophila,3224896,266,260,Anima,Mana,1007,0,0c1c9b9742117c64cf36776db0d75c97_2f698530a28d671d20278c8518c804c9fc0.jpg?1787048928,Crystal,26,0,DRG
Errer Errant,28706539,267,261,Asura,Mana,1003,0,14833bd371ac70e05cffe6a03634bb61_53f1445a9f28799a32ea55f046319fc3fc0.jpg?1787049336,Crystal,11,0,MCH
Zill Eleutheria,29923965,268,262,Zeromus,Meteor,1001,0,a65d1152cafb72e2a518225f9347a73f_c76848359d0b4d2f37aefbb9903ed97bfc0.jpg?1787049294,Crystal,91,0,SCH
Chanel-lonua Vuarnet,14003613,269,263,Unicorn,Meteor,1001,0,233358d5fdef79b0bdd20cbf96f5d3a1_393eb74047bb90c8d80dea54218430eefc0.jpg?1787047002,Crystal,75,0,RDM
Raiden Thorne,60267443,270,264,Tiamat,Gaia,1001,0,d973da1a88fef8b53bb1c5cad4ee7a1f_9f10d335198e90990f3437c5733468e7fc0.jpg?1787050224,Crystal,33,0,MNK
Gelgel Llin,36131481,271,265,Ridill,Gaia,997,0,2a90eea47454447b3ae0d4df4fbfdc5e_138751880f18161a907d7cf0faa43f07fc0.jpg?1787049191,Crystal,45,0,DRK
Bikkuri Donkey,59256942,272,266,Belias,Meteor,997,0,96f62f47670d9d1c85e1a464d6f4da65_894c4bd0beab2e2beb44b74f4c4bd206fc0.jpg?1787049133,Crystal,41,14,PCT
Ria Esta,46580024,273,0,Typhon,Elemental,997,400,537b652a83e9ead35e927e93170f46f0_32d8c9c7cd5f62d62da2d31b6750a680fc0.jpg?1787048236,Crystal,29,5,PCT
Kirad Tia,52085181,274,268,Fenrir,Gaia,994,0,d3f59510dedf1f64397d736361862a6d_d384cf5ad7db803f29799f36ebbc3eadfc0.jpg?1787050125,Crystal,158,12,PCT
Iyuga Fushimi,32792531,275,269,Mandragora,Meteor,994,0,6ee4fccb5c3189ef27ade8cad61ecbfd_ee738654add55c3d07ea92d8e108074cfc0.jpg?1787047361,Crystal,101,0,SGE
Zitnn Alexand,10097624,276,270,Belias,Meteor,994,0,9ba803d5e4d6d11746adc55721fd0c6e_894c4bd0beab2e2beb44b74f4c4bd206fc0.jpg?1787047922,Crystal,55,2,NIN
Momojiri Kakure,18051279,277,271,Anima,Mana,994,0,17f5cab570f2898b55037a8db7b1c871_2f698530a28d671d20278c8518c804c9fc0.jpg?1787048926,Crystal,48,0,RDM
O'dette Noelle,26231391,278,272,Kujata,Elemental,994,0,e4d0424de154feb08b3839c7806f9266_72c48f093f2278ac3243962d3eb6a8d7fc0.jpg?1787048504,Crystal,41,0,BLM
Mar Lenka,41124823,279,273,Titan,Mana,991,0,17ded7cc07efaeffdb7d5035983dc7e4_e2bb3f9679fec6d4836fcf8abcc3eeacfc0.jpg?1787046805,Crystal,52,0,UNK
Lazuli Wing,40955023,280,274,Asura,Mana,991,0,9a25b0d5f7c6a97caeb2e0047aaeded8_53f1445a9f28799a32ea55f046319fc3fc0.jpg?1787049909,Crystal,19,0,UNK
M'imawari Akhita,45963674,281,275,Ixion,Mana,990,0,0fbed422b8a4192861c7db4580ff2a3d_7126768d768f6c6c7fed3eaee98c3a8afc0.jpg?1787046976,Crystal,108,0,WHM
Hattori Kaze,57332259,282,276,Alexander,Gaia,989,0,2ec48d7f5caadae4f62dc2d1cdc75610_b7a71d8799cf6dd75b711a7f52de6675fc0.jpg?1787047781,Crystal,22,0,UNK
Smol Despair,46030499,283,277,Kujata,Elemental,988,0,fa02f92ff876436157f679735d22c53c_72c48f093f2278ac3243962d3eb6a8d7fc0.jpg?1787049667,Crystal,70,4,RPR
Mimi Lilac,34297778,284,278,Chocobo,Mana,987,0,85d714107184fc9726edcd5c95b5aa6e_781d6b3603312f6be41670afa37282e0fc0.jpg?1787049010,Crystal,122,0,UNK
Brie Eilwenys,56321107,285,279,Kujata,Elemental,987,0,0f703ad8635efd214c6e20d8d730abb0_72c48f093f2278ac3243962d3eb6a8d7fc0.jpg?1787049044,Crystal,73,0,SGE
Wolten Rema,17758406,286,0,Yojimbo,Meteor,986,96,7f56f4547e5e3e1528ebc681d9618464_4a92c619bde4f34cfa77e05fef21ad85fc0.jpg?1787047000,Crystal,34,2,PLD
Yulia Argyll,12282717,287,280,Ixion,Mana,985,0,9e8379380afef978f6888a4261fde3da_7126768d768f6c6c7fed3eaee98c3a8afc0.jpg?1787047112,Crystal,148,0,AST
Zero No'name,24180515,288,281,Titan,Mana,984,0,3f2ec2a99605ed4d05ef0e5bc0f3b8d4_e2bb3f9679fec6d4836fcf8abcc3eeacfc0.jpg?1787049161,Crystal,35,0,VPR
Sylvandre Valenholt,43771964,289,282,Kujata,Elemental,983,0,944d1322d9f84d9f44c76549c8fdca79_72c48f093f2278ac3243962d3eb6a8d7fc0.jpg?1787049708,Crystal,172,10,BRD
Ayano Wraith,25168048,290,283,Anima,Mana,982,0,00c17a14e654d3f5c4240fa1a76b61e5_2f698530a28d671d20278c8518c804c9fc0.jpg?1787049235,Crystal,40,0,RPR
Azuma Seren,26759645,291,284,Pandaemonium,Mana,977,0,a4c01bac3729f4096c6bba2011b6431e_470db1bf2e865f9130531fea40b61ee4fc0.jpg?1787047613,Crystal,48,0,BRD
Rev Raven,8795859,292,0,Ramuh,Meteor,976,184,abddc6e80b0f6cbbb92006b7baab7d97_410ddb5a66a2fcacf538bec5ea5d0291fc0.jpg?1787047806,Crystal,81,6,UNK
Gentleman Vivikazu,387488,293,285,Durandal,Gaia,975,0,13ffee3a79f20a01faf5e0a91bd6c4ac_806ea5b45071d5cd6bf393e38462ee71fc0.jpg?1787049979,Crystal,401,7,SMN
Aran Tyler,47478713,294,286,Zeromus,Meteor,968,0,601da8267e6037e1adc37928f1ab982b_c76848359d0b4d2f37aefbb9903ed97bfc0.jpg?1787049200,Crystal,74,6,SAM
Hak Elak,35740519,295,0,Ramuh,Meteor,918,103,b86c5618a66aa9349d3190d9ad84491f_410ddb5a66a2fcacf538bec5ea5d0291fc0.jpg?1787049237,Crystal,219,5,SGE
Choi Choi,21476713,296,287,Ridill,Gaia,917,0,eb5761358ba215960780a48c39d26cbf_138751880f18161a907d7cf0faa43f07fc0.jpg?1787048341,Crystal,141,0,VPR
Piggy Walk,49739992,297,288,Alexander,Gaia,916,0,3e967d228a864beca527f7f9e1561cb0_b7a71d8799cf6dd75b711a7f52de6675fc0.jpg?1787048518,Crystal,22,0,GSM
Revi Kola,39228750,298,289,Ultima,Gaia,914,0,385da10c7487a4af698c3fe738df5488_9df1b3cb0da35db33c17ef11ddf12adafc0.jpg?1787049283,Crystal,73,0,WAR
Nagisa Ronie,13153895,299,290,Valefor,Meteor,914,0,3873a6871eabe50155d9e95b98a66906_485f4777c38002871591fb54f27edc65fc0.jpg?1787049652,Crystal,59,5,NIN
Azunyan Suta,3609752,300,291,Kujata,Elemental,911,0,6eb87d1db5778a022b84283d0be6d5af_72c48f093f2278ac3243962d3eb6a8d7fc0.jpg?1787049211,Crystal,85,2,DRG
Miyu Moon,14522179,1,4,Mateus,Crystal,3250,578,3562f4cf44aad7d526acbf8fae3937b0_f0c52cc66e124fc2e641d7c21ab2ce79fc0.jpg?1787048819,Ultima,79,16,SAM
Pekora Meow,37421725,2,1,Leviathan,Primal,3012,0,dc85502f9baa330d5a15d3c0a6f002a0_a91aae52cff9ef65932db06b150ffd47fc0.jpg?1787049409,Ultima,217,2,DRG
Sanahi Keto,57330112,3,2,Hyperion,Primal,2819,0,6531a5f5216bf8e7efcdcf26e24615cb_57ae9ee5592123dd79c8912bf768cf99fc0.jpg?1787049325,Omega,215,16,WHM
Azure Balmung,17864089,4,3,Gilgamesh,Aether,2680,0,5456a33c0abb12eab1bf88281486246e_b937560c841465f7c4bc8eb47ea7948afc0.jpg?1787047481,Omega,54,0,RPR
Kairi Rune,28236760,5,0,Hyperion,Primal,2664,0,ce129fc5d83b1472a349e0e1053aee02_57ae9ee5592123dd79c8912bf768cf99fc0.jpg?1787048676,Omega,138,17,MCH
Legendary Ash,10855248,6,7,Faerie,Aether,2640,99,6fd699132806b61c9dcb8613c3ae11a3_0e336ff6ad415f47233f0aaf127feac0fc0.jpg?1787049952,Omega,90,8,PCT
Azar Kaveh,16748899,7,6,Mateus,Crystal,2584,0,1d25f3d1883510d8fd010504471516b8_f0c52cc66e124fc2e641d7c21ab2ce79fc0.jpg?1787047046,Omega,340,16,MCH
Barock Obama,52411158,8,9,Siren,Aether,2534,195,05a5459925b46dd9d074e273b24d5d27_58a84e851e55175d22158ca97af58a1ffc0.jpg?1787047728,Omega,273,12,MNK
Tomo Kote,38176817,9,16,Gilgamesh,Aether,2484,406,e5d7502ad7f21874552a4fc21553ee9e_b937560c841465f7c4bc8eb47ea7948afc0.jpg?1787050259,Omega,140,22,PLD
Pvp Badboy,38919488,10,15,Sargatanas,Aether,2421,302,8833f678967938d2e79b8d993021ce3f_ba22853447012a24cee115315d6a5bebfc0.jpg?1787049603,Omega,149,22,NIN
Hollow Bastion,56455630,11,27,Rafflesia,Dynamis,2396,1591,1f48f716d376c4c54dbbeedac9f01255_2783886613347a4db0bed7524de1298ffc0.jpg?1787047532,Omega,58,30,UNK
Ham Baga,28276994,12,8,Balmung,Crystal,2389,0,80672270fca68b3d3fa2f4c0b220427a_7a573cbc0cda3a3dfc1795cb3d9f7b23fc0.jpg?1787049623,Omega,113,16,MCH
Size Difference,33536390,13,10,Sargatanas,Aether,2271,0,770b5bd32a40e292765490f8e46eaf60_ba22853447012a24cee115315d6a5bebfc0.jpg?1787049689,Omega,178,0,SMN
Vittorio Moretti,61421815,14,11,Diabolos,Crystal,2263,1,8c11f65c791a4f39ba7c716aeb6bc8d9_7b33d33ae3ecb996f778a5f67a6a0af6fc0.jpg?1787049626,Omega,132,9,RDM
Terro Beoulve,45682109,15,12,Coeurl,Crystal,2208,0,5c8262e03844a30a89d0d2374247f03c_284358f8eb4efc9095914e46798c6ab3fc0.jpg?1787047179,Omega,106,5,VPR
Rae Rea,58956664,16,13,Adamantoise,Aether,2194,0,72766cccd8c79e6afd3055accfc559fa_1f5fd239b885860b7c2bfc72ad1d97effc0.jpg?1787048430,Omega,34,0,MNK
Fye Alanyk,48751064,17,14,Diabolos,Crystal,2158,0,d605d68b88b347dfdb8a9b9e6c3539d6_7b33d33ae3ecb996f778a5f67a6a0af6fc0.jpg?1787049844,Omega,207,11,BLM
Merlin Emryss,9605720,18,51,Faerie,Aether,2087,689,87179f28ae17956a4d43567dadf6ea60_0e336ff6ad415f47233f0aaf127feac0fc0.jpg?1787050257,Omega,141,21,DRK
Sanguinius Smolblood,33489157,19,17,Kraken,Dynamis,2078,0,461663ac9dfac06c5d61bc05d26ae652_049a956dfeb0eb2e19c417a1dde4d680fc0.jpg?1787049670,Omega,110,1,DRK
Gongsun Qerel,38059779,20,18,Mateus,Crystal,1999,0,015ef2d1ef8f18b0cf7fa0e646fa2d12_f0c52cc66e124fc2e641d7c21ab2ce79fc0.jpg?1787048857,Omega,145,0,VPR
Rin Ruki,59858100,21,19,Exodus,Primal,1992,0,7ec8676537a0b3fff644be3f10ee7741_0cdf051c93865faa15cbc5cd3d2b69fbfc0.jpg?1787047629,Omega,79,0,UNK
Ahri Meow,42604315,22,20,Leviathan,Primal,1985,0,99498e3de5cc49aacddccc855d4ee19d_a91aae52cff9ef65932db06b150ffd47fc0.jpg?1787047965,Omega,76,9,DRG
Clara Green,44437004,23,21,Gilgamesh,Aether,1982,0,9fdf7ee98ab3c5eb9220a6d31f045135_b937560c841465f7c4bc8eb47ea7948afc0.jpg?1787048914,Omega,109,5,DRK
Meteor Moon,29693876,24,22,Rafflesia,Dynamis,1942,0,7f262df9422aa27c9dd850d004812561_2783886613347a4db0bed7524de1298ffc0.jpg?1787048936,Omega,207,8,SGE
Suhr Zarek,8876676,25,23,Balmung,Crystal,1883,0,c09e4087ccb76545f31b81fa5ca01485_7a573cbc0cda3a3dfc1795cb3d9f7b23fc0.jpg?1787050103,Omega,183,7,PLD
Fulheart Grit,38212551,26,33,Balmung,Crystal,1868,200,4a4d99f967c37bf42bd739857921e360_7a573cbc0cda3a3dfc1795cb3d9f7b23fc0.jpg?1787048849,Omega,82,7,WAR
Sylvie Chan,48678953,27,24,Brynhildr,Crystal,1846,0,14580705b6124b25ef19217300b4891f_d0a0f515a62457570c9b44997063e3c1fc0.jpg?1787048057,Omega,170,7,DNC
Xiao Longbao,31670807,28,25,Excalibur,Primal,1787,0,b9d8562547d5b9d8e86054d9061c6a23_745baffc465480ed372e274d50318290fc0.jpg?1787046849,Omega,158,14,MIN
Olivia Lugria,15149290,29,26,Sargatanas,Aether,1770,0,c230658574a9dc12a4eb6fae2e16ceb4_ba22853447012a24cee115315d6a5bebfc0.jpg?1787048790,Omega,214,0,NIN
Bepsi Kola,41348459,30,28,Adamantoise,Aether,1707,0,cc3717bc9d9d5c90534918043bb3ba56_1f5fd239b885860b7c2bfc72ad1d97effc0.jpg?1787050169,Omega,105,10,GNB
Cyphos Ultimus,2288366,31,29,Balmung,Crystal,1700,0,b980cc0ff24da63437a59ef78df763c0_7a573cbc0cda3a3dfc1795cb3d9f7b23fc0.jpg?1787049345,Omega,91,3,MNK
Show Maker,61843104,32,30,Kraken,Dynamis,1699,0,a2da8d9d3d95080eac0c8ad1975a70ac_049a956dfeb0eb2e19c417a1dde4d680fc0.jpg?1787048245,Omega,107,0,SMN
Emi Meow,44729199,33,38,Siren,Aether,1694,104,39fec9b8eaf71c699797cd15ef87009b_58a84e851e55175d22158ca97af58a1ffc0.jpg?1787046875,Omega,28,2,BLM
Kylis Pendragon,36050245,34,31,Balmung,Crystal,1685,0,6d0f4e4d3e36c9a4dd7fccd76f9effc3_7a573cbc0cda3a3dfc1795cb3d9f7b23fc0.jpg?1787049797,Omega,219,5,RPR
Marci Meow,54739620,35,32,Balmung,Crystal,1683,0,4ebc98a9ae6cf756ec75bc3db97f87f6_7a573cbc0cda3a3dfc1795cb3d9f7b23fc0.jpg?1787050060,Omega,62,0,DRG
Rubedo Ginshi,15639088,36,48,Lamia,Primal,1662,204,bbc5b3eb96e1a1691fb9abb344fc3217_4d9be17b5e1edc617052b4dbf4007875fc0.jpg?1787047643,Omega,126,21,RPR
Kris Lhea,39204335,37,34,Mateus,Crystal,1602,0,982639accd39a2021d8f112bb5e763df_f0c52cc66e124fc2e641d7c21ab2ce79fc0.jpg?1787046809,Omega,59,0,BRD
Artesia Saeyrs,2957946,38,62,Sargatanas,Aether,1601,394,e1a9c389a8110feceacc91a730bfc558_ba22853447012a24cee115315d6a5bebfc0.jpg?1787047927,Omega,22,8,PCT
Death Reaps,8773483,39,35,Balmung,Crystal,1598,0,265183f487ab7e0a5a5b3128ec29a82a_7a573cbc0cda3a3dfc1795cb3d9f7b23fc0.jpg?1787046767,Omega,121,0,SAM
Josh Trigiani,6965228,40,36,Lamia,Primal,1595,0,22f547722b0454bc3b30d7f6a8ac5b0a_4d9be17b5e1edc617052b4dbf4007875fc0.jpg?1787049123,Omega,42,0,BLM
The Feast,46586541,41,37,Behemoth,Primal,1592,0,db9e7409cc816f51307405b49c8b5713_be20385e18333edb329d4574f364a1f0fc0.jpg?1787046876,Omega,71,0,UNK
Saraliah Dawnbringer,21371539,42,39,Coeurl,Crystal,1588,0,6cef2d612818607782b7fbc356526664_284358f8eb4efc9095914e46798c6ab3fc0.jpg?1787048857,Omega,39,0,SAM
Sovereign Phil,14314725,43,40,Goblin,Crystal,1586,0,acf642268567c66b82aaf11114198670_8e81e2940511f7152ba4462fe53e35b8fc0.jpg?1787049898,Omega,31,0,SGE
Mavis Enyo,14769968,44,41,Excalibur,Primal,1578,0,00bced457c7cea8ae968197c61367bed_745baffc465480ed372e274d50318290fc0.jpg?1787048965,Omega,37,0,AST
Lyra Evelyn,52292388,45,42,Lamia,Primal,1577,0,297469abea049ff5cfb98af6fe45176f_4d9be17b5e1edc617052b4dbf4007875fc0.jpg?1787050271,Omega,77,0,DRG
Crow Meow,54328117,46,43,Jenova,Aether,1577,0,7eded062751a7f80f7f3d9fbe0ab8e34_ce736afe35e2ded4e46c4fd0659aef7efc0.jpg?1787048036,Omega,38,0,SCH
Lucio Harundo,4012099,47,44,Leviathan,Primal,1530,0,d042eff245eaa56c0b6989df68a99564_a91aae52cff9ef65932db06b150ffd47fc0.jpg?1787047927,Omega,260,13,DRK
Momo Meow,50898775,48,45,Siren,Aether,1513,0,6abf63b1f0755aa211bfd1dadc66e3b9_58a84e851e55175d22158ca97af58a1ffc0.jpg?1787048608,Omega,25,0,MNK
Navori Valois,48622291,49,46,Adamantoise,Aether,1504,0,4facdc408c9ad771bc52001d3c82fa9f_1f5fd239b885860b7c2bfc72ad1d97effc0.jpg?1787047574,Omega,73,11,UNK
P'roto Idola,35374628,50,47,Brynhildr,Crystal,1503,0,a91ad9e8c6c6ddb0905cd9aa6cede8e3_d0a0f515a62457570c9b44997063e3c1fc0.jpg?1787049852,Omega,77,0,NIN
Mac Arena,45492392,51,137,Halicarnassus,Dynamis,1502,998,727c03e055fd72360cd347e8a6365e3a_f2d324d722b28bbe681b2898bcdca8bffc0.jpg?1787048533,Omega,45,19,GNB
Kahlil Immortalis,22812670,52,49,Diabolos,Crystal,1495,211,0451aa29bd529c5d15b718b74c287dd2_7b33d33ae3ecb996f778a5f67a6a0af6fc0.jpg?1787050044,Crystal,68,9,UNK
Hrothmar Blackburns,28757856,53,57,Adamantoise,Aether,1405,109,ba6405bac0d5b1fb489962984f0d9fb9_1f5fd239b885860b7c2bfc72ad1d97effc0.jpg?1787047639,Crystal,231,18,BLM
Zeta Salazar,44375733,54,50,Midgardsormr,Aether,1405,0,4be3c205f3892cdbc09e8417ad6dbb68_5c8ecfbc673e1287a9b5e85423fe1657fc0.jpg?1787049585,Crystal,172,0,SAM
Myu Meow,9691497,55,0,Leviathan,Primal,1401,95,d925a41776719d761c94e8e32e5e7a0f_a91aae52cff9ef65932db06b150ffd47fc0.jpg?1787047534,Crystal,102,13,MCH
Fortune Days,44283538,56,52,Zalera,Crystal,1395,0,044cf6044387105edf58d48a910b1ae4_8106f857613f8fb994b0be37b26ff4bafc0.jpg?1787048284,Crystal,45,0,PLD
Gidding Mimid,9835761,57,53,Exodus,Primal,1394,0,97296d489ec3afb5d7c65e3c6fa7fc05_0cdf051c93865faa15cbc5cd3d2b69fbfc0.jpg?1787046907,Crystal,130,4,NIN
Micro Uryade,37487800,58,54,Sargatanas,Aether,1320,0,d9df4db31e4d391c99006db3caa4b5f9_ba22853447012a24cee115315d6a5bebfc0.jpg?1787047406,Crystal,158,10,RPR
Azureal Grandeur,20448737,59,58,Marilith,Dynamis,1307,15,fa989d1d00d58fc1b4171abefb5e22b7_bbfb28d5a9059cd0c768daf77ab29982fc0.jpg?1787048647,Crystal,169,10,MCH
Lazy Bear,39566180,60,56,Faerie,Aether,1298,0,a07cf0c35d5a78a5a1b9ca16d6f41803_0e336ff6ad415f47233f0aaf127feac0fc0.jpg?1787048476,Crystal,165,3,SAM
Kuina Kagetsu,36802695,61,59,Ultros,Primal,1286,0,dd8ffbe11c53ea988c605c9c24157c59_c514cdcdb619439df97d906d4434ccc6fc0.jpg?1787049892,Crystal,86,0,AST
Air Azure,41482862,62,60,Rafflesia,Dynamis,1279,0,a32fc7c37974e2629ce594c455ff54a7_2783886613347a4db0bed7524de1298ffc0.jpg?1787047632,Crystal,83,5,AST
Fire Strike,52397705,63,90,Kraken,Dynamis,1275,483,b9c1021d4aa2ae66682e7904857161ed_049a956dfeb0eb2e19c417a1dde4d680fc0.jpg?1787049501,Crystal,39,12,RDM
Crew Mate,58619876,64,67,Rafflesia,Dynamis,1212,101,8fabef2de621b0cab9b478c17a74d44f_2783886613347a4db0bed7524de1298ffc0.jpg?1787047018,Crystal,39,3,UNK
La Bubu,26625120,65,61,Diabolos,Crystal,1207,0,733d34df72366760c6f44581681c9088_7b33d33ae3ecb996f778a5f67a6a0af6fc0.jpg?1787047503,Crystal,62,3,MCH
Neo Dymium,33030676,66,63,Seraph,Dynamis,1201,0,24be6098cf7acc2de169d92917d3299f_07fb0511053f398d1f2d6831e6a6b4c8fc0.jpg?1787048074,Crystal,42,0,RDM
Silanah Sylphrena,45709349,67,64,Faerie,Aether,1199,0,353d000e66ebf6b7715ff5998504f784_0e336ff6ad415f47233f0aaf127feac0fc0.jpg?1787049704,Crystal,25,0,AST
Nemx Eisenhorn,2244246,68,65,Excalibur,Primal,1195,0,8d22c9821683049e16868ac1de65df41_745baffc465480ed372e274d50318290fc0.jpg?1787048259,Crystal,44,10,SGE
Big Three,47754584,69,66,Zalera,Crystal,1183,0,ef1725c11b5e975338a0b9d2fccdabfe_8106f857613f8fb994b0be37b26ff4bafc0.jpg?1787048131,Crystal,58,1,WAR
Shionne Ripley,21758358,70,73,Exodus,Primal,1101,94,bb79dff7e2cdc4dfc99c188be01080ba_0cdf051c93865faa15cbc5cd3d2b69fbfc0.jpg?1787047887,Crystal,80,6,DRG
Deadrise Mutambo,49340180,71,68,Diabolos,Crystal,1101,0,05829ade005fe971a894d48d18963c4f_7b33d33ae3ecb996f778a5f67a6a0af6fc0.jpg?1787047190,Crystal,62,0,DRG
Bisukito Neko,32261082,72,69,Zalera,Crystal,1097,0,3462c7ee2de7556ca86498dc5214a7fb_8106f857613f8fb994b0be37b26ff4bafc0.jpg?1787048670,Crystal,42,0,UNK
Yui Fins,46861659,73,70,Adamantoise,Aether,1096,0,477904411f28cfd029518422146e02f0_1f5fd239b885860b7c2bfc72ad1d97effc0.jpg?1787049020,Crystal,317,15,PLD
Aibertain Mando,32541700,74,71,Jenova,Aether,1076,0,8dec967ad48c9a703018a7445740a7f3_ce736afe35e2ded4e46c4fd0659aef7efc0.jpg?1787049598,Crystal,192,2,VPR
Doomballoon Dapingus,19169037,75,72,Diabolos,Crystal,1017,0,e43cef91ca38a14de0e5bea2295ba9c0_7b33d33ae3ecb996f778a5f67a6a0af6fc0.jpg?1787049160,Crystal,54,0,DRK
Sparrow Hawk,50867063,76,78,Seraph,Dynamis,1010,15,1253b18a592d2d3c5133e9b86ab20c5a_07fb0511053f398d1f2d6831e6a6b4c8fc0.jpg?1787046946,Crystal,50,6,DRG
Unknown O'juan,20213719,77,74,Maduin,Dynamis,1005,0,27df6ef8a3aa80b9f976110e12831743_7ff236346f6151d8a2c08fd0b4a0b806fc0.jpg?1787049603,Crystal,12,0,PLD
Nero Cor,51685882,78,75,Cactuar,Aether,1001,0,a53a1a6499997a089c36337bcc3ae46d_96ab1df8877c1f8ba6a89a39cccfd437fc0.jpg?1787049350,Crystal,96,0,RDM
F'ool Pr'oof,27802292,79,76,Behemoth,Primal,1001,0,07756f3cccf4cada3f3d40b5d44ef841_be20385e18333edb329d4574f364a1f0fc0.jpg?1787047608,Crystal,76,0,DNC
Kirishoto Azphina,7859003,80,77,Excalibur,Primal,999,0,c9689b4fc4af55f8366432b02c0ce55f_745baffc465480ed372e274d50318290fc0.jpg?1787048720,Crystal,60,0,PLD
Suhr Zarek,41651606,81,79,Goblin,Crystal,994,0,9a55a7c2b29a7a0b7de33b2fcc5a0411_8e81e2940511f7152ba4462fe53e35b8fc0.jpg?1787049658,Crystal,21,0,MNK
Dandy Lyon,9088850,82,80,Leviathan,Primal,991,0,5e652518b4930ff5cb411a5818760318_a91aae52cff9ef65932db06b150ffd47fc0.jpg?1787048116,Crystal,57,0,NIN
Raiden Meow,60049984,83,81,Halicarnassus,Dynamis,990,0,82a7874a19aee552f4a0f8ff2b663dff_f2d324d722b28bbe681b2898bcdca8bffc0.jpg?1787048380,Crystal,29,0,MNK
Aerika Meow,27836279,84,82,Faerie,Aether,988,0,cefa16e18644e0b625a0d52d2df514b9_0e336ff6ad415f47233f0aaf127feac0fc0.jpg?1787050056,Crystal,19,2,DNC
Tiny Sosig,16648383,85,94,Balmung,Crystal,911,106,47661dc0b135d6c15fadc46a3fa85816_7a573cbc0cda3a3dfc1795cb3d9f7b23fc0.jpg?1787049994,Crystal,149,8,MNK
Haha Unless,35825889,86,83,Faerie,Aether,908,0,3c249691791cbe0f2fb3ccc230c9a4e4_0e336ff6ad415f47233f0aaf127feac0fc0.jpg?1787048906,Crystal,21,0,SMN
Ash Ymir,50182260,87,84,Gilgamesh,Aether,906,0,571648c27d0568207bb3ebea02244e4e_b937560c841465f7c4bc8eb47ea7948afc0.jpg?1787049044,Crystal,33,1,UNK
Celesse Archon,5403993,88,85,Midgardsormr,Aether,902,0,46c05696a375eb66cab3503bea79e4e4_5c8ecfbc673e1287a9b5e85423fe1657fc0.jpg?1787048029,Crystal,32,0,AST
Limit Less,48764071,89,86,Jenova,Aether,902,0,cfaa3805c7a62fc99a75b9c68da57b17_ce736afe35e2ded4e46c4fd0659aef7efc0.jpg?1787047559,Crystal,10,0,BRD
No Buts,2234245,90,87,Zalera,Crystal,901,0,0d8b9ae74f55ea0ba374fa7b38b48862_8106f857613f8fb994b0be37b26ff4bafc0.jpg?1787049961,Crystal,64,0,BRD
Somnidemn Serdorm,37031558,91,88,Goblin,Crystal,901,0,6147ca113912ee7b9ac321313bbf5863_8e81e2940511f7152ba4462fe53e35b8fc0.jpg?1787047849,Crystal,61,0,SCH
Ice Mage,56719413,92,89,Golem,Dynamis,893,0,20eb207dbce003e2fb1842e0c47aacc7_dd61c3dc259e5c43722e89409499b669fc0.jpg?1787050055,Crystal,62,0,BLM
Karl Rex,48615049,93,115,Siren,Aether,883,196,a7f2129699ecb71e801871425b8cbc52_58a84e851e55175d22158ca97af58a1ffc0.jpg?1787050167,Crystal,235,3,WAR
Uki Yo,50106047,94,91,Adamantoise,Aether,879,0,75e9983a4dd07e7e5de0ed1ac11a23fb_1f5fd239b885860b7c2bfc72ad1d97effc0.jpg?1787050058,Crystal,19,0,MNK
Kiitla Hundar,21600585,95,92,Brynhildr,Crystal,821,0,acff83df95bca2189584bd6af72e84ce_d0a0f515a62457570c9b44997063e3c1fc0.jpg?1787050258,Crystal,95,9,UNK
Gin Grimes,53824427,96,93,Marilith,Dynamis,811,0,345441c3ea324bf07484e7e6f1031ccc_bbfb28d5a9059cd0c768daf77ab29982fc0.jpg?1787047598,Crystal,124,5,RPR
Silah Zetsku,53965328,97,95,Marilith,Dynamis,804,0,d2b4042f092dccb0d381fdc61afe74c3_bbfb28d5a9059cd0c768daf77ab29982fc0.jpg?1787049289,Crystal,40,0,PCT
Raphtalia Solari,8126326,98,96,Adamantoise,Aether,799,0,baeca36f0f50dbb796496ea18e58ee30_1f5fd239b885860b7c2bfc72ad1d97effc0.jpg?1787049200,Crystal,61,0,SGE
Seto Mimyho,20943977,99,106,Behemoth,Primal,798,100,e0110a23ddcddf11cb8bf1e895c56d75_be20385e18333edb329d4574f364a1f0fc0.jpg?1787046925,Crystal,41,2,SGE
Satoshi Itaori,52546108,100,97,Golem,Dynamis,798,0,1ecf4d8479fa0e8c3c4b6fe005108b6d_dd61c3dc259e5c43722e89409499b669fc0.jpg?1787047676,Crystal,32,0,MCH
Shimori Bunihara,50186185,101,98,Kraken,Dynamis,793,0,c7cd2842a29701e0963bf6d156392014_049a956dfeb0eb2e19c417a1dde4d680fc0.jpg?1787049049,Crystal,40,0,MCH
Banana Skye,48159675,102,99,Faerie,Aether,790,0,37d6f3f177181cc95ef2e697d25b0c85_0e336ff6ad415f47233f0aaf127feac0fc0.jpg?1787048888,Crystal,62,0,WHM
Im Dead,44727021,103,100,Balmung,Crystal,789,0,382bb5e8fe23a4e04750cfd29fa9f46c_7a573cbc0cda3a3dfc1795cb3d9f7b23fc0.jpg?1787048526,Crystal,38,0,MNK
Nanamie Namie,54007603,104,101,Seraph,Dynamis,785,0,0a2ba3a431605dbe05215a75dffd70e7_07fb0511053f398d1f2d6831e6a6b4c8fc0.jpg?1787049647,Crystal,91,0,BRD
S'tille Fhey,8693680,105,102,Midgardsormr,Aether,709,0,d02ff61e52c6b3e4eadaf1f6172fe557_5c8ecfbc673e1287a9b5e85423fe1657fc0.jpg?1787048690,Crystal,65,5,WAR
Judas Demaio,7957583,106,120,Balmung,Crystal,709,105,802e8b947615ba3fa10ac8d8e4fb1ebf_7a573cbc0cda3a3dfc1795cb3d9f7b23fc0.jpg?1787049359,Crystal,34,15,UNK
Ellie Titis,36865882,107,103,Midgardsormr,Aether,707,0,71601f63eddfe2db7e4ec2213790102c_5c8ecfbc673e1287a9b5e85423fe1657fc0.jpg?1787049716,Crystal,30,0,DRG
Scythe Horrorblade,32713598,108,154,Mateus,Crystal,702,301,43c41a5aa8d981f109e6d76f3347bd93_f0c52cc66e124fc2e641d7c21ab2ce79fc0.jpg?1787048918,Crystal,285,15,MNK
Ryan Hoshiko,10323495,109,104,Lamia,Primal,702,0,b8f720f05e5314618bc7341f856d075d_4d9be17b5e1edc617052b4dbf4007875fc0.jpg?1787050255,Crystal,51,0,GNB
Rusheel Vasscus,2314921,110,105,Adamantoise,Aether,702,0,a4248cc27f1d518fee3b2b12da021669_1f5fd239b885860b7c2bfc72ad1d97effc0.jpg?1787048062,Crystal,15,0,MCH
Yuseong Regilis,60222350,111,219,Exodus,Primal,699,699,1c96ea3b1132f01c102abfff5ab289ec_0cdf051c93865faa15cbc5cd3d2b69fbfc0.jpg?1787047679,Crystal,58,12,UNK
Noel Bunny,5201676,112,108,Behemoth,Primal,697,1,c7f99603b6e09c43470bbabaed203add_be20385e18333edb329d4574f364a1f0fc0.jpg?1787049177,Crystal,137,2,UNK
Aesa Iys,59631795,113,107,Kraken,Dynamis,696,0,60f73c621a5b6dec56728cc5466268c2_049a956dfeb0eb2e19c417a1dde4d680fc0.jpg?1787049704,Crystal,162,0,UNK
Zypris Allsbane,13616095,114,109,Leviathan,Primal,696,0,8194751bb802fcd9691a7ee558040836_a91aae52cff9ef65932db06b150ffd47fc0.jpg?1787048617,Crystal,50,3,GNB
Io Isana,33563057,115,110,Coeurl,Crystal,695,0,bb1bccc46bef2876072e2e7fa326fa12_284358f8eb4efc9095914e46798c6ab3fc0.jpg?1787047451,Crystal,17,0,PCT
Alex Rider,61850079,116,111,Hyperion,Primal,694,0,d221a7b6c00ffa393c988249ed242d9a_57ae9ee5592123dd79c8912bf768cf99fc0.jpg?1787049666,Crystal,70,0,DRG
Master Zoknik,48144446,117,112,Balmung,Crystal,692,0,3c54e73f2ad7023aa3b173793f95c070_7a573cbc0cda3a3dfc1795cb3d9f7b23fc0.jpg?1787049956,Crystal,29,0,SMN
Alana Mystranquil,38447772,118,113,Coeurl,Crystal,690,0,a3b4e0628a97b6c3941d78fd1af36b81_284358f8eb4efc9095914e46798c6ab3fc0.jpg?1787047427,Crystal,29,0,AST
Nia Yukumo,22530343,119,114,Lamia,Primal,688,0,41fe576462de4cc12ab76d6d29ef58e4_4d9be17b5e1edc617052b4dbf4007875fc0.jpg?1787050072,Crystal,57,13,SMN
Garu Kettle,7054871,120,177,Behemoth,Primal,684,287,e03f1b46663ddb8c150315a88c79c9f1_be20385e18333edb329d4574f364a1f0fc0.jpg?1787048410,Crystal,90,9,UNK
Kasai Kage,21886030,121,116,Adamantoise,Aether,618,0,6835735c490425c8a49d6889308a3484_1f5fd239b885860b7c2bfc72ad1d97effc0.jpg?1787047017,Crystal,16,0,NIN
Phrosticus Maximus,51732834,122,128,Kraken,Dynamis,608,14,36921233b0c05085a501c86bb51f5633_049a956dfeb0eb2e19c417a1dde4d680fc0.jpg?1787049314,Crystal,165,14,NIN
Akari Tsuki,46655701,123,117,Adamantoise,Aether,608,0,08f7ffe45c1b134f99ea040b39ee2bdd_1f5fd239b885860b7c2bfc72ad1d97effc0.jpg?1787049996,Crystal,24,0,SMN
No Bee,37102144,124,138,Lamia,Primal,606,105,5c741048df2befeb7f80a2b03bb02aee_4d9be17b5e1edc617052b4dbf4007875fc0.jpg?1787050087,Crystal,61,8,WHM
Hilto Feltre,55076328,125,118,Sargatanas,Aether,605,0,4a850e1dbb7f6f3aeff5b21df6166f3f_ba22853447012a24cee115315d6a5bebfc0.jpg?1787049193,Crystal,45,0,RPR
Ivy Storm,61727582,126,119,Zalera,Crystal,604,0,27a648f77de0ff7a1a44539cbd062203_8106f857613f8fb994b0be37b26ff4bafc0.jpg?1787049287,Crystal,81,0,MCH
Shum One,31246227,127,121,Midgardsormr,Aether,602,0,6a9ab1154c9d9a712cc039f45837db6d_5c8ecfbc673e1287a9b5e85423fe1657fc0.jpg?1787049557,Crystal,93,0,VPR
Alma Braver,729037,128,122,Goblin,Crystal,602,0,1d50d402d833734bf7f0d1fe6b3af5e8_8e81e2940511f7152ba4462fe53e35b8fc0.jpg?1787049975,Crystal,37,0,WHM
Nikau Milkdud,30842976,129,123,Lamia,Primal,601,0,2ffee265e9fb9491997d30306dc67cc3_4d9be17b5e1edc617052b4dbf4007875fc0.jpg?1787049161,Crystal,20,4,MNK
Baka Bao,48974722,130,125,Gilgamesh,Aether,599,0,ef2247fb5724315ecd96d1ac9c5804b1_b937560c841465f7c4bc8eb47ea7948afc0.jpg?1787049713,Crystal,111,17,SAM
Ethan Dumas,2337003,131,124,Zalera,Crystal,599,0,4363afb6aeff95a15293cf3907560f7b_8106f857613f8fb994b0be37b26ff4bafc0.jpg?1787047519,Crystal,103,0,RDM
Hunie Pop,37396085,132,126,Ultros,Primal,599,0,8a72b357002474c02d597d6e8bc94cee_c514cdcdb619439df97d906d4434ccc6fc0.jpg?1787048187,Crystal,79,10,WHM
Silvy Kaenbyou,45504540,133,127,Goblin,Crystal,598,0,3a856bd5c7e35d95f6afcc57be4321a1_8e81e2940511f7152ba4462fe53e35b8fc0.jpg?1787049322,Crystal,151,0,DRG
June Buggy,39873640,134,169,Brynhildr,Crystal,595,196,929fb7f3958e6f1fbc9e559d731c0108_d0a0f515a62457570c9b44997063e3c1fc0.jpg?1787047346,Crystal,43,9,RDM
Eyre Stahl,32745572,135,129,Maduin,Dynamis,593,0,0d24cf6e8f53fc59a993fd5e5311d4e0_7ff236346f6151d8a2c08fd0b4a0b806fc0.jpg?1787048820,Crystal,12,0,SAM
Adrianne Lehman,335503,136,130,Jenova,Aether,591,0,9487d4bc6332e7a22c323a4ee321ffa1_ce736afe35e2ded4e46c4fd0659aef7efc0.jpg?1787048835,Crystal,229,5,RDM
Teysa Montgomery,6201712,137,131,Cactuar,Aether,591,0,eb51f53fb1f2b23ee171b4e92895e9b4_96ab1df8877c1f8ba6a89a39cccfd437fc0.jpg?1787050169,Crystal,122,11,DRG
Unit Chan,37998953,138,148,Jenova,Aether,588,182,edbb6ab0cdf4eefcc524df286e3ff034_ce736afe35e2ded4e46c4fd0659aef7efc0.jpg?1787047520,Crystal,101,5,MNK
Sarantsatsral Kha,26082962,139,132,Behemoth,Primal,586,0,f8735f190504d139ee16ec1a623371dc_be20385e18333edb329d4574f364a1f0fc0.jpg?1787048568,Crystal,26,0,PLD
Finch Curador,30712387,140,133,Leviathan,Primal,581,0,a7767d35320b852f509e7dd68b0151d4_a91aae52cff9ef65932db06b150ffd47fc0.jpg?1787049398,Crystal,11,0,BRD
Gio Vanna,33440191,141,134,Adamantoise,Aether,528,0,7d1d14338474ce900c0581dbd778d321_1f5fd239b885860b7c2bfc72ad1d97effc0.jpg?1787048758,Crystal,38,0,SGE
Lolly Pops,11573609,142,135,Leviathan,Primal,509,0,a38b4d4cbcfc624c56b5db6efb627dd2_a91aae52cff9ef65932db06b150ffd47fc0.jpg?1787047575,Crystal,199,0,MCH
Rasan Sena,13544028,143,150,Kraken,Dynamis,508,106,70d1ba94bcbeff8a384f1e364b2ee863_049a956dfeb0eb2e19c417a1dde4d680fc0.jpg?1787047881,Crystal,56,3,UNK
Cassian Syndriel,52998476,144,136,Ultros,Primal,507,0,db812378f708097c17610e9e6817f749_c514cdcdb619439df97d906d4434ccc6fc0.jpg?1787049237,Crystal,82,0,SAM
Mori Sumire,22629786,145,211,Zalera,Crystal,504,303,9d1372da41637e0a1cee75add0cdab3e_8106f857613f8fb994b0be37b26ff4bafc0.jpg?1787049545,Crystal,65,10,UNK
Rin Denma,33178809,146,139,Gilgamesh,Aether,501,0,6c5bab6678d3c44b6e646bc8726eb9f9_b937560c841465f7c4bc8eb47ea7948afc0.jpg?1787048630,Crystal,9,0,UNK
Oni Akuma,7300790,147,140,Gilgamesh,Aether,500,0,e8e098720e245711114b4614110261b5_b937560c841465f7c4bc8eb47ea7948afc0.jpg?1787047874,Crystal,168,6,MNK
Aelara Nightelm,2908362,148,193,Maduin,Dynamis,499,201,f40ea9e3404cbab02b92f9bc1d80cdcd_7ff236346f6151d8a2c08fd0b4a0b806fc0.jpg?1787047418,Crystal,135,4,SCH
Lelouch Masamune,12543299,149,141,Malboro,Crystal,499,0,711457fd66b589fb422ba4640a4826f0_2e97c13fdd593d15d543093f8a37b6f0fc0.jpg?1787048106,Crystal,76,0,SCH
Shinra Tatsuya,8648762,150,142,Gilgamesh,Aether,498,0,7dccb5e520b149afd2b044279fa8694e_b937560c841465f7c4bc8eb47ea7948afc0.jpg?1787049589,Crystal,82,5,MCH
Labrys Roux,31449732,151,143,Ultros,Primal,497,0,b78d649d03beba97a36fa9eebc98afc4_c514cdcdb619439df97d906d4434ccc6fc0.jpg?1787048216,Crystal,74,0,AST
Xale Solace,52728205,152,144,Adamantoise,Aether,497,0,5272a5d5dea9738bb4a6638ac3f083d2_1f5fd239b885860b7c2bfc72ad1d97effc0.jpg?1787046791,Crystal,54,0,DRG
High Five,40416979,153,145,Brynhildr,Crystal,493,0,f6eae218fa6037625ae22a8c800d935d_d0a0f515a62457570c9b44997063e3c1fc0.jpg?1787047727,Crystal,21,0,BRD
Vaal Hazak,26534863,154,146,Zalera,Crystal,408,0,7c44a75a2f3d57a9cd3b86235340939b_8106f857613f8fb994b0be37b26ff4bafc0.jpg?1787049420,Crystal,90,0,DRK
Zithiel Bihrul,44613484,155,147,Faerie,Aether,407,0,4abc29f0f384c794c1f6c7e7e60b8ed8_0e336ff6ad415f47233f0aaf127feac0fc0.jpg?1787047691,Crystal,114,0,BRD
Lowan Gleview,48863675,156,149,Gilgamesh,Aether,406,0,3ed0770e9633fa9630af57f595f1d68d_b937560c841465f7c4bc8eb47ea7948afc0.jpg?1787048622,Crystal,35,0,NIN
Rachna's Kitten,60414129,157,165,Diabolos,Crystal,405,203,5a2079c26296ecf9252da83453669ee7_7b33d33ae3ecb996f778a5f67a6a0af6fc0.jpg?1787049661,Crystal,22,7,UNK
Horan Lou,38248988,158,0,Brynhildr,Crystal,403,403,3c88d2c3502bacefa5eb1e223a75217b_d0a0f515a62457570c9b44997063e3c1fc0.jpg?1787049903,Crystal,78,14,SCH
Naeng Myeon,35393894,159,151,Jenova,Aether,402,0,e834ee8ccde5fd99424275ed75278f5b_ce736afe35e2ded4e46c4fd0659aef7efc0.jpg?1787049358,Crystal,50,4,BLM
Roland Montpensier,27408688,160,153,Mateus,Crystal,402,0,f999e29fa2ab10f6ba02338f493e886b_f0c52cc66e124fc2e641d7c21ab2ce79fc0.jpg?1787048388,Crystal,26,3,DRG
Tio Tot,32427648,161,152,Jenova,Aether,402,0,b6b5f99e0b2c9878499873fdbe82cda3_ce736afe35e2ded4e46c4fd0659aef7efc0.jpg?1787048111,Crystal,25,0,PCT
Larxis Themage,9284703,162,183,Mateus,Crystal,401,97,f1440421e273892659981868cbc99f9b_f0c52cc66e124fc2e641d7c21ab2ce79fc0.jpg?1787048650,Crystal,143,6,MCH
Von Columbine,58381347,163,155,Gilgamesh,Aether,401,0,616328e702b2b2e8d452581d53ec9f88_b937560c841465f7c4bc8eb47ea7948afc0.jpg?1787048173,Crystal,89,6,MCH
O'naeas Du'faigh,39414113,164,156,Ultros,Primal,401,0,7994a259bec436115a0081b11babf4f8_c514cdcdb619439df97d906d4434ccc6fc0.jpg?1787049503,Crystal,75,0,WAR
Very Shooooooooooort,49384501,165,157,Hyperion,Primal,401,0,084259a7b0d5cdac112faebe64bac849_57ae9ee5592123dd79c8912bf768cf99fc0.jpg?1787049191,Crystal,60,0,UNK
Jin Mercer,31096690,166,158,Marilith,Dynamis,401,0,708b770d30658bbff6a84015d913b518_bbfb28d5a9059cd0c768daf77ab29982fc0.jpg?1787048003,Crystal,56,0,DRG
Vicious Nouzen,42001229,167,159,Jenova,Aether,401,0,94ccc3f4ceffc2356f1ddd47d85ca9f7_ce736afe35e2ded4e46c4fd0659aef7efc0.jpg?1787050001,Crystal,51,0,MNK
Zot Meow,34168568,168,160,Sargatanas,Aether,401,0,857170879bee95fc8f3f62ae264a46ce_ba22853447012a24cee115315d6a5bebfc0.jpg?1787050001,Crystal,24,0,SCH
Senka Kyo,40405843,169,185,Adamantoise,Aether,401,99,57edcac1396cccc62373cfaa1109ab06_1f5fd239b885860b7c2bfc72ad1d97effc0.jpg?1787046872,Crystal,3,1,PLD
Rail Ying,33252892,170,161,Famfrit,Primal,400,0,e9ae8b691e418ccccf35ebe11804f497_fce4949e615393e574f2d57134b31fc1fc0.jpg?1787049582,Crystal,336,0,SAM
Coffee Dawg,17085073,171,162,Famfrit,Primal,400,0,3f73984ff31eed30a16eba5ac017bdda_fce4949e615393e574f2d57134b31fc1fc0.jpg?1787049574,Crystal,59,2,GNB
Nero K'ten,6155374,172,163,Lamia,Primal,400,0,457604f04300faac0e52a053884e2bb7_4d9be17b5e1edc617052b4dbf4007875fc0.jpg?1787048593,Crystal,53,0,AST
Freelili Baylili,41088797,173,164,Famfrit,Primal,400,0,2fd0edea93f7f1b96bfa59c24d04a2af_fce4949e615393e574f2d57134b31fc1fc0.jpg?1787048737,Crystal,49,0,RPR
Cj Deux,23394493,174,166,Lamia,Primal,399,0,64702aeefa55d2931c531ddadd7964ea_4d9be17b5e1edc617052b4dbf4007875fc0.jpg?1787049502,Crystal,203,8,SGE
Shiroi Kijo,44769088,175,167,Ultros,Primal,399,0,2bc8c14bed99e41cc16db823a37e5295_c514cdcdb619439df97d906d4434ccc6fc0.jpg?1787047476,Crystal,108,2,SMN
Pvp Wintrader,55633250,176,168,Rafflesia,Dynamis,399,0,a95c4512f0f35cf564aac910d19b00e2_2783886613347a4db0bed7524de1298ffc0.jpg?1787046877,Crystal,41,0,BRD
Johnny Rotten,60584717,177,170,Balmung,Crystal,398,0,16dd0eb6be877814ca22fed24fe6191d_7a573cbc0cda3a3dfc1795cb3d9f7b23fc0.jpg?1787048202,Crystal,56,5,MCH
Kaede Obinata,32151196,178,171,Marilith,Dynamis,398,0,460d631b298c83b035fb70ac5669658d_bbfb28d5a9059cd0c768daf77ab29982fc0.jpg?1787047105,Crystal,46,0,NIN
Honey Toast,57307408,179,172,Exodus,Primal,398,0,f4ce05067fa4042fad64931eb5015841_0cdf051c93865faa15cbc5cd3d2b69fbfc0.jpg?1787048936,Crystal,33,0,UNK
Ava Falafell,7835301,180,173,Cactuar,Aether,398,0,037dd67f6ab82aadfe3e7b3e4973d525_96ab1df8877c1f8ba6a89a39cccfd437fc0.jpg?1787048690,Crystal,32,0,WHM
Milly Mina,37964161,181,223,Cuchulainn,Dynamis,398,199,f3300c3e28b3c5b4a3767a587341831e_b4a106e4893fd452df0001eaeecf9d7efc0.jpg?1787046814,Crystal,14,7,AST
Mtn Boop,36509633,182,174,Brynhildr,Crystal,398,0,175f521a1de707cbfb345e95df5e588c_d0a0f515a62457570c9b44997063e3c1fc0.jpg?1787047658,Crystal,8,0,VPR
Shoujo Hime,18340055,183,175,Leviathan,Primal,397,0,c341075038058a45ef549f7bac1b9d25_a91aae52cff9ef65932db06b150ffd47fc0.jpg?1787050121,Crystal,185,15,SCH
Cain Molkoh,57323197,184,176,Goblin,Crystal,397,0,889deea7b0b76edd744a2b6fb24a09a1_8e81e2940511f7152ba4462fe53e35b8fc0.jpg?1787048751,Crystal,106,0,BLM
Mash Buttons,12470854,185,178,Ultros,Primal,394,0,eec5508ec2ce3844fd62caa5b87a24d8_c514cdcdb619439df97d906d4434ccc6fc0.jpg?1787047691,Crystal,34,3,BRD
Thamiel Blade,11845109,186,179,Malboro,Crystal,393,0,80ba6f7aa26a72c98ebf41b210be27be_2e97c13fdd593d15d543093f8a37b6f0fc0.jpg?1787048790,Crystal,70,8,SMN
Aurora Aura,51466191,187,180,Coeurl,Crystal,392,0,6bf65747d41f881881af0d8d8ee83bb9_284358f8eb4efc9095914e46798c6ab3fc0.jpg?1787049401,Crystal,108,0,DRG
Gracidea Blossom,4573171,188,181,Lamia,Primal,392,0,12afdfb12aebd14365b3149875fee65f_4d9be17b5e1edc617052b4dbf4007875fc0.jpg?1787049502,Crystal,47,6,WHM
Boulder Beholder,10981587,189,182,Faerie,Aether,310,0,9de7d0362a3a832a7171bfe262bb5d94_0e336ff6ad415f47233f0aaf127feac0fc0.jpg?1787050028,Crystal,6,0,RDM
Dank Lollington,37820692,190,184,Exodus,Primal,304,0,2b6faafd9620689cd5e4222c96529aa5_0cdf051c93865faa15cbc5cd3d2b69fbfc0.jpg?1787047345,Crystal,21,0,MCH
Tc Sola,43984930,191,201,Zalera,Crystal,302,5,1bde011c1056c258b5456fb7d0f6283f_8106f857613f8fb994b0be37b26ff4bafc0.jpg?1787047536,Crystal,72,5,RDM
Tarex Youva,34244171,192,186,Behemoth,Primal,301,0,f62a1a6593a19abc7f2ade2191e57159_be20385e18333edb329d4574f364a1f0fc0.jpg?1787047877,Crystal,55,0,PCT
Unagi Box,34773273,193,187,Cuchulainn,Dynamis,301,0,05a513d02b60c767bfb83440ab2d406b_b4a106e4893fd452df0001eaeecf9d7efc0.jpg?1787049362,Crystal,24,0,GNB
Denmo Mcstronghuge,1150717,194,188,Excalibur,Primal,301,0,bb33b9be77e28ab26ee6367ad6ba7cac_745baffc465480ed372e274d50318290fc0.jpg?1787046804,Crystal,20,0,BLM
Naomi Hakoma,13697124,195,189,Halicarnassus,Dynamis,300,0,a6732f9cc34509a6761d618186e745fd_f2d324d722b28bbe681b2898bcdca8bffc0.jpg?1787047553,Crystal,42,0,FSH
Ciel Sorrel,22647977,196,190,Zalera,Crystal,300,0,4feb2b2835b10561864f50a075fa571c_8106f857613f8fb994b0be37b26ff4bafc0.jpg?1787049819,Crystal,33,0,VPR
Onion Little,37583983,197,191,Zalera,Crystal,300,0,59533d6fd2d0a8b58595bf860ae3f36a_8106f857613f8fb994b0be37b26ff4bafc0.jpg?1787046983,Crystal,13,0,AST
Skyanar Tyrunas,42486942,198,248,Siren,Aether,299,199,ba17697df023a58dbdba8be74f3894f2_58a84e851e55175d22158ca97af58a1ffc0.jpg?1787050001,Crystal,92,5,SAM
Novical Astrea,42979170,199,192,Exodus,Primal,299,0,b638930bbe9987be79fa698126728549_0cdf051c93865faa15cbc5cd3d2b69fbfc0.jpg?1787050088,Crystal,65,0,BRD
Lux Mas,23065843,200,194,Sargatanas,Aether,298,0,88a2ca0abf69b95b8d6893d740e04615_ba22853447012a24cee115315d6a5bebfc0.jpg?1787048853,Crystal,88,0,RDM
Rathais Gunnach,32955444,201,195,Brynhildr,Crystal,298,0,2a434eda7d82f52a4a70d056b83f2c27_d0a0f515a62457570c9b44997063e3c1fc0.jpg?1787049365,Crystal,49,0,SAM
Yulia Lunaria,82714,202,196,Coeurl,Crystal,298,0,30d19e29baad4dfe064001a80a4466e1_284358f8eb4efc9095914e46798c6ab3fc0.jpg?1787047635,Crystal,12,0,SGE
Vann Healsing,6572,203,197,Coeurl,Crystal,298,0,e19ce452168669ef7abba0e26cc8ee4c_284358f8eb4efc9095914e46798c6ab3fc0.jpg?1787048815,Crystal,7,0,WAR
Kemono Friends,9960513,204,0,Balmung,Crystal,298,0,32976001d45735dc6eed07706ce7c1aa_7a573cbc0cda3a3dfc1795cb3d9f7b23fc0.jpg?1787047427,Crystal,6,0,WHM
Aesa Reign,35916991,205,198,Behemoth,Primal,298,0,41b39fb2112c54e35953a1e9bca43b2b_be20385e18333edb329d4574f364a1f0fc0.jpg?1787049723,Crystal,3,0,BLM
Bigg Succ,14228989,206,199,Coeurl,Crystal,298,0,d833225ff74a6d00fc89b134cc155262_284358f8eb4efc9095914e46798c6ab3fc0.jpg?1787048544,Crystal,2,0,MNK
Reed Diamond,7237831,207,200,Ultros,Primal,297,0,132bb33f336f4f3ae42c3cf9a96a11ad_c514cdcdb619439df97d906d4434ccc6fc0.jpg?1787049371,Crystal,89,0,MNK
Zolzayaa Noykin,34804380,208,212,Balmung,Crystal,297,97,ff773bbf0388cc8a61ac7c87e78f978f_7a573cbc0cda3a3dfc1795cb3d9f7b23fc0.jpg?1787047015,Crystal,53,3,AST
Mo Azure,47140618,209,202,Lamia,Primal,297,0,8e6a4b8b298b5523d1f99888dd9f36cf_4d9be17b5e1edc617052b4dbf4007875fc0.jpg?1787049034,Crystal,13,0,WHM
Sitri Belladonna,44271644,210,203,Maduin,Dynamis,296,0,d5fba1e5169b57a308fb1ea60e3553cf_7ff236346f6151d8a2c08fd0b4a0b806fc0.jpg?1787049891,Crystal,50,0,BLM
Nika Arwing,12407061,211,204,Behemoth,Primal,294,0,f0ebfd95e843addaab2471d3cb028eb6_be20385e18333edb329d4574f364a1f0fc0.jpg?1787049711,Crystal,8,0,NIN
Eroison Chren,42575447,212,261,Ultros,Primal,293,193,d66c862181da18eea3335d6667510dc6_c514cdcdb619439df97d906d4434ccc6fc0.jpg?1787049986,Crystal,46,5,SGE
Marika Mjolnir,38212348,213,205,Malboro,Crystal,292,0,969a50dcb0d9777a00aae149894ab7f5_2e97c13fdd593d15d543093f8a37b6f0fc0.jpg?1787049349,Crystal,181,0,WAR
Theory Ai,55206021,214,206,Leviathan,Primal,204,0,018be547248466158b1d0f9de4315340_a91aae52cff9ef65932db06b150ffd47fc0.jpg?1787047088,Crystal,195,0,SAM
Lumiel Alstreim,6929457,215,207,Balmung,Crystal,204,0,6004c4e57250b544ed36bf6b310e878a_7a573cbc0cda3a3dfc1795cb3d9f7b23fc0.jpg?1787047772,Crystal,46,0,PCT
Minato Maki,53819658,216,208,Excalibur,Primal,204,0,03c1d1dc5b9a30317518ec9a30c301ab_745baffc465480ed372e274d50318290fc0.jpg?1787049270,Crystal,26,0,DNC
Abel Catallus,20632128,217,209,Hyperion,Primal,202,0,a753917cbe6dc89a0ba41f10003a621d_57ae9ee5592123dd79c8912bf768cf99fc0.jpg?1787050078,Crystal,67,0,VPR
Bean Waters,34305264,218,210,Famfrit,Primal,202,0,bcdcd97b24d4dfc6b3e643c8670b6f7c_fce4949e615393e574f2d57134b31fc1fc0.jpg?1787048158,Crystal,45,0,GNB
Aiberaint Mando,58601227,219,213,Faerie,Aether,200,0,b7621f9e3f9c7a33ce4acd4a392c3a41_0e336ff6ad415f47233f0aaf127feac0fc0.jpg?1787047280,Crystal,33,0,RPR
Nonoha Noha,32959229,220,214,Balmung,Crystal,200,0,d9c4977477ddfaebc0c2204729f692f9_7a573cbc0cda3a3dfc1795cb3d9f7b23fc0.jpg?1787047194,Crystal,22,0,MCH
Joe Biden',48592929,221,215,Seraph,Dynamis,200,0,c06fd69e6b294b74118f1a8ad5727f56_07fb0511053f398d1f2d6831e6a6b4c8fc0.jpg?1787047661,Crystal,2,0,UNK
Giselle Aureillien,29155636,222,216,Coeurl,Crystal,200,0,0864f26f62e17d3942c765f8a16665d2_284358f8eb4efc9095914e46798c6ab3fc0.jpg?1787048692,Crystal,1,0,NIN
Vayce Lilacspark,4565408,223,217,Balmung,Crystal,199,0,e9f3928d81a9f68a9cfae3a6a414feb8_7a573cbc0cda3a3dfc1795cb3d9f7b23fc0.jpg?1787048333,Crystal,137,0,DRK
Chronochaos Asura,1230012,224,218,Excalibur,Primal,199,0,16f01a0a9404158e87254af5dbe09328_745baffc465480ed372e274d50318290fc0.jpg?1787049609,Crystal,75,0,VPR
Azura Skye,61832185,225,220,Goblin,Crystal,199,0,06833163f0059227fbc31ba3c8c36610_8e81e2940511f7152ba4462fe53e35b8fc0.jpg?1787049647,Crystal,53,0,AST
Orpheus Laine,29851207,226,221,Gilgamesh,Aether,199,0,5939235fbb052c79392d334cce14ca00_b937560c841465f7c4bc8eb47ea7948afc0.jpg?1787046766,Crystal,27,0,DRK
Virtus Giruvegan,3183831,227,222,Gilgamesh,Aether,199,0,e8050cdd79efaaf143d74f9ae4cdcfb1_b937560c841465f7c4bc8eb47ea7948afc0.jpg?1787048961,Crystal,13,0,UNK
Mits Suki,33204212,228,224,Famfrit,Primal,199,0,5bb063598970951b9c8c586bd4f0db1f_fce4949e615393e574f2d57134b31fc1fc0.jpg?1787046967,Crystal,3,0,MCH
Fain Doncel'aram,18921518,229,225,Jenova,Aether,199,0,99d5d58c7b97e260ff83d3d4b87a7103_ce736afe35e2ded4e46c4fd0659aef7efc0.jpg?1787047902,Crystal,2,0,MNK
Sandoz Nakao,10931721,230,226,Sargatanas,Aether,198,0,dbfb04dfbbe3ea56cd066152b1c185fb_ba22853447012a24cee115315d6a5bebfc0.jpg?1787048675,Crystal,168,6,RDM
Cassian Aten,49727028,231,227,Ultros,Primal,198,0,beba5702725b35f7f383e56d8c6eeb6c_c514cdcdb619439df97d906d4434ccc6fc0.jpg?1787050207,Crystal,68,0,UNK
Radanis Luminacht,16920977,232,228,Sargatanas,Aether,198,0,b371d311f8b15d14c5d5b08dda36ab7f_ba22853447012a24cee115315d6a5bebfc0.jpg?1787047031,Crystal,1,0,DRK
Fyoriah Aliapoh,44734635,233,229,Faerie,Aether,197,0,298901c71b421faa4612e0bbd9420820_0e336ff6ad415f47233f0aaf127feac0fc0.jpg?1787048628,Crystal,54,13,WAR
Bento Manjusaka,8342791,234,230,Famfrit,Primal,197,0,6ad6165e804ca5f8a6e46061f7c359ec_fce4949e615393e574f2d57134b31fc1fc0.jpg?1787049070,Crystal,33,0,BRD
Tree Cat,26335365,235,231,Jenova,Aether,197,0,33c88618a561b4c9a812b3fe8cb0ba15_ce736afe35e2ded4e46c4fd0659aef7efc0.jpg?1787048552,Crystal,2,1,BLM
Mirae Malaguld,50148809,236,231,Famfrit,Primal,197,0,6eb6ea3365a1160e9537ec75ff91463a_fce4949e615393e574f2d57134b31fc1fc0.jpg?1787047532,Crystal,1,0,WHM
Onigiri Bunny,7352884,236,231,Behemoth,Primal,197,0,382f2b7a0b15514c38a6e2d5af3d8014_be20385e18333edb329d4574f364a1f0fc0.jpg?1787048073,Crystal,1,0,UNK
Ailbhe Costa,24483224,238,234,Golem,Dynamis,196,0,d2a07a324d29f192eabbae6adeb2462b_dd61c3dc259e5c43722e89409499b669fc0.jpg?1787048066,Crystal,1,0,UNK
Sensus Meow,3918158,238,234,Gilgamesh,Aether,196,0,c830651186889d4902ef13cefd58a832_b937560c841465f7c4bc8eb47ea7948afc0.jpg?1787047147,Crystal,1,0,NIN
Unit Two,9241194,240,236,Ultros,Primal,195,0,641de9f4edfaf7fe05a95460092c87ef_c514cdcdb619439df97d906d4434ccc6fc0.jpg?1787048570,Crystal,147,0,WHM
Flipped Hellcat,21788780,241,277,Brynhildr,Crystal,105,5,2ae61210380d605b7b52e1b3372b5079_d0a0f515a62457570c9b44997063e3c1fc0.jpg?1787048065,Crystal,19,1,UNK
Kanae Meow,36806118,242,237,Ultros,Primal,104,0,8969e8a0b518902a3996525f822b4701_c514cdcdb619439df97d906d4434ccc6fc0.jpg?1787047175,Crystal,103,0,WHM
Yuki Yozora,32275648,243,238,Faerie,Aether,103,0,bed164ee9535c02b6ea7cc8b5000c845_0e336ff6ad415f47233f0aaf127feac0fc0.jpg?1787048824,Crystal,149,0,RPR
Erik Jormungandr,21053207,244,239,Balmung,Crystal,102,0,d279bad4f9c048ee2cb4310b2dabb453_7a573cbc0cda3a3dfc1795cb3d9f7b23fc0.jpg?1787049783,Crystal,10,0,DRK
Apple Thief,43679241,245,240,Balmung,Crystal,100,0,746256d82b3652ef93bbd475defb85ac_7a573cbc0cda3a3dfc1795cb3d9f7b23fc0.jpg?1787048144,Crystal,363,17,SMN
Cynthia Noir,25307713,246,241,Leviathan,Primal,100,0,5b4f8d78ae6dd18586116fe673617384_a91aae52cff9ef65932db06b150ffd47fc0.jpg?1787046990,Crystal,225,0,BRD
Deep-fried Shrimp,39013955,247,242,Halicarnassus,Dynamis,100,0,8c854c8dde07c11059f113329f369709_f2d324d722b28bbe681b2898bcdca8bffc0.jpg?1787046772,Crystal,187,0,GNB
Airi Aogane,46241895,248,243,Sargatanas,Aether,100,0,11367baad718b56f9682513d9430146d_ba22853447012a24cee115315d6a5bebfc0.jpg?1787048975,Crystal,111,0,ALC
Celeste Aeternum,38129090,249,244,Adamantoise,Aether,100,0,76510814c4215ff9bd016e9313ee6e2c_1f5fd239b885860b7c2bfc72ad1d97effc0.jpg?1787048831,Crystal,109,6,SCH
Saber Moon,21231710,250,245,Hyperion,Primal,100,0,f476acb444c0e146dd44d5351357e426_57ae9ee5592123dd79c8912bf768cf99fc0.jpg?1787049846,Crystal,92,0,DRK
Kalatia Silverscale,52796419,251,246,Hyperion,Primal,100,0,1a27aed774a0a73e8c95467c7bf6e956_57ae9ee5592123dd79c8912bf768cf99fc0.jpg?1787048941,Crystal,91,0,UNK
Haley Comet,27668347,252,247,Cactuar,Aether,100,0,2b237658ff580795f602f2f1b6069a76_96ab1df8877c1f8ba6a89a39cccfd437fc0.jpg?1787048857,Crystal,89,0,SGE
Leifon Altugle,8395678,253,249,Gilgamesh,Aether,100,0,3e2aacdbdd9e8d035f4294a4a24ef84d_b937560c841465f7c4bc8eb47ea7948afc0.jpg?1787049802,Crystal,69,0,VPR
John Darksouls,32702843,254,250,Adamantoise,Aether,100,0,f1fbda91f49b5975e8a2cb80a74e40ad_1f5fd239b885860b7c2bfc72ad1d97effc0.jpg?1787049433,Crystal,68,1,PLD
Rouge Sunwing,50315022,255,251,Excalibur,Primal,100,0,e083dde5de8a5564f1aa8b12e6add888_745baffc465480ed372e274d50318290fc0.jpg?1787047583,Crystal,63,0,DRG
Beef Testoserone,31210622,256,252,Lamia,Primal,100,0,8722cb428122ce685cf8b96a844468f3_4d9be17b5e1edc617052b4dbf4007875fc0.jpg?1787048690,Crystal,57,0,DRG
Stephanie Dolla,28812314,257,253,Zalera,Crystal,100,0,d9051d9ee54d0e9f8178549cfed7d8cf_8106f857613f8fb994b0be37b26ff4bafc0.jpg?1787048532,Crystal,56,0,NIN
Yos Sy,23664999,257,253,Jenova,Aether,100,0,01f58e6e2269085746fd0a5b6fe0e7f2_ce736afe35e2ded4e46c4fd0659aef7efc0.jpg?1787049432,Crystal,56,0,DRG
Zaneko Yuneko,61640151,259,255,Goblin,Crystal,100,0,e90101e9d13d827fb83b96932b2de05b_8e81e2940511f7152ba4462fe53e35b8fc0.jpg?1787049838,Crystal,51,0,SMN
Zerth Voldrin,14915863,260,256,Cactuar,Aether,100,0,81a8fef4d9feb3b13352e547c9dcf7d5_96ab1df8877c1f8ba6a89a39cccfd437fc0.jpg?1787049308,Crystal,48,0,DRK
Misdes Lightborn,15985822,261,257,Excalibur,Primal,100,0,b5a720db92fc3ecb59bb12c0885b2648_745baffc465480ed372e274d50318290fc0.jpg?1787050300,Crystal,47,0,BRD
Elphen Gura,2247953,262,258,Gilgamesh,Aether,100,0,292e135e4f46290be61b4699e8236363_b937560c841465f7c4bc8eb47ea7948afc0.jpg?1787047581,Crystal,45,0,RDM
Norma Jeannie,28105106,263,259,Jenova,Aether,100,0,bff6f64f1e9dd700a962c74db4bf4812_ce736afe35e2ded4e46c4fd0659aef7efc0.jpg?1787049408,Crystal,43,0,DRK
Cecils Lunas,39054438,264,260,Brynhildr,Crystal,100,0,4f553dbd79cfae0460c3d43b82171d15_d0a0f515a62457570c9b44997063e3c1fc0.jpg?1787049668,Crystal,42,0,SGE
Haru Ymir,52781467,265,261,Coeurl,Crystal,100,0,5b0c97a3958f165ea8d2566964423df5_284358f8eb4efc9095914e46798c6ab3fc0.jpg?1787047934,Crystal,41,0,MIN
Fenrir Mani,46990212,266,263,Siren,Aether,100,0,9d52f579ab24f21101afab7ee04fd086_58a84e851e55175d22158ca97af58a1ffc0.jpg?1787049074,Crystal,40,1,BRD
Sirkitten Wrath,24932332,267,264,Coeurl,Crystal,100,0,248a1e6798b3538fe783585b1686cadd_284358f8eb4efc9095914e46798c6ab3fc0.jpg?1787049157,Crystal,38,0,MCH
Kiro Storm,2229937,268,0,Zalera,Crystal,100,100,80b8683df1ad9172d59a3f29dba5f221_8106f857613f8fb994b0be37b26ff4bafc0.jpg?1787048057,Crystal,31,6,DNC
Neco-arc Myuri,1364925,269,265,Balmung,Crystal,100,0,45595754292a6e60dac91dc40349a619_7a573cbc0cda3a3dfc1795cb3d9f7b23fc0.jpg?1787046956,Crystal,30,0,UNK
Stark Yaksha,37508817,269,265,Excalibur,Primal,100,0,e4e46dcca7ba886c463380686ec8fa70_745baffc465480ed372e274d50318290fc0.jpg?1787047109,Crystal,30,0,RDM
Minome Meisuri,39947262,271,267,Sargatanas,Aether,100,0,ce2ec1dde05d4468145ef246155ea290_ba22853447012a24cee115315d6a5bebfc0.jpg?1787049071,Crystal,29,0,RPR
Brian Ricardo,9364090,272,268,Adamantoise,Aether,100,0,c00688b4ac9b567c1a4de9d648fbbff4_1f5fd239b885860b7c2bfc72ad1d97effc0.jpg?1787049226,Crystal,26,0,SGE
Peregrine Lofte,21726171,272,268,Leviathan,Primal,100,0,351c30387c9048190075024c6b344ead_a91aae52cff9ef65932db06b150ffd47fc0.jpg?1787048102,Crystal,26,0,DRG
Deez Crits,37202007,274,270,Excalibur,Primal,100,0,71f51af3126f0c7f7c30ffe8aee550f9_745baffc465480ed372e274d50318290fc0.jpg?1787049756,Crystal,25,0,DRK
Snowsteps Frozenheart,25431273,274,270,Siren,Aether,100,0,3e9412aba214d5dab23b4cdfc8b81294_58a84e851e55175d22158ca97af58a1ffc0.jpg?1787049075,Crystal,25,0,DNC
Sanctified Meiyi,17664808,276,272,Exodus,Primal,100,0,97897e3416901b29df2a39b2d1b02741_0cdf051c93865faa15cbc5cd3d2b69fbfc0.jpg?1787049509,Crystal,24,0,SAM
A'kena Themis,30488636,277,276,Cuchulainn,Dynamis,100,0,0dfbdcebc19679eb813e05521b4bc587_b4a106e4893fd452df0001eaeecf9d7efc0.jpg?1787047411,Crystal,23,4,DNC
Jon Jitsu,3287137,277,273,Exodus,Primal,100,0,40995ea7a6a7bd4a2bf41fe663bdcd2a_0cdf051c93865faa15cbc5cd3d2b69fbfc0.jpg?1787047652,Crystal,23,0,PLD
Vaeltis Nyght,16404977,279,274,Famfrit,Primal,100,0,0caba4911a7521943ad38550f8faec63_fce4949e615393e574f2d57134b31fc1fc0.jpg?1787049580,Crystal,21,0,FSH
Rhynnian Embersong,25760441,280,275,Mateus,Crystal,100,0,871ea245000038e6ec3461df23e3688f_f0c52cc66e124fc2e641d7c21ab2ce79fc0.jpg?1787049798,Crystal,20,0,BLM
Tegridy Weed,3469679,281,277,Midgardsormr,Aether,100,0,96f7b1ca58cffc2cdcbb1df90d116807_5c8ecfbc673e1287a9b5e85423fe1657fc0.jpg?1787048974,Crystal,18,0,VPR
Belle Quicksilver,2897739,282,279,Balmung,Crystal,100,0,4f386af86d2c8049f58f4baaeeb4a3a3_7a573cbc0cda3a3dfc1795cb3d9f7b23fc0.jpg?1787050038,Crystal,17,0,UNK
Reina Crowley,19324150,283,280,Malboro,Crystal,100,0,d8624175065ad845c6d16c7f8638cc12_2e97c13fdd593d15d543093f8a37b6f0fc0.jpg?1787048596,Crystal,16,0,UNK
Ren Meow,50978506,284,281,Midgardsormr,Aether,100,0,7b0d37527fbf80936d64911e4e02726d_5c8ecfbc673e1287a9b5e85423fe1657fc0.jpg?1787049640,Crystal,15,0,MNK
Maley Seven,44133393,285,282,Brynhildr,Crystal,100,0,9e4efda1836be2a8875ea1ffd7413a95_d0a0f515a62457570c9b44997063e3c1fc0.jpg?1787046816,Crystal,10,0,BLM
Akam Mizuna,11803947,286,283,Leviathan,Primal,100,0,8c8c482c7a3d1c6cf89407e6cf103b32_a91aae52cff9ef65932db06b150ffd47fc0.jpg?1787049268,Crystal,3,0,VPR
Sabo Meow,47436757,287,0,Excalibur,Primal,100,0,4ff61177c11b1139f75c6170368337b9_745baffc465480ed372e274d50318290fc0.jpg?1787049422,Crystal,1,0,WAR
Aoi Kami,40024501,288,284,Gilgamesh,Aether,100,0,fa9503916a97f3312ed499ca2c78b1a7_b937560c841465f7c4bc8eb47ea7948afc0.jpg?1787048475,Crystal,0,0,UNK
Haley Autouria,105933,288,284,Coeurl,Crystal,100,0,8e6b9b10fc2e31af21e24fdaae151c61_284358f8eb4efc9095914e46798c6ab3fc0.jpg?1787049153,Crystal,0,0,UNK
Pinky Meow,59213242,288,284,Halicarnassus,Dynamis,100,0,9ac8bffaba88f1f4c7fe1238e6a7dcb0_f2d324d722b28bbe681b2898bcdca8bffc0.jpg?1787049056,Crystal,0,0,UNK
Xeyr Aea,10478615,288,284,Diabolos,Crystal,100,0,afc00073149550ad623df3280d05956f_7b33d33ae3ecb996f778a5f67a6a0af6fc0.jpg?1787046967,Crystal,0,0,PLD
V'linh Tia,35736983,292,289,Hyperion,Primal,0,0,760e31f96b4d3b3534fcdc43c9564fab_57ae9ee5592123dd79c8912bf768cf99fc0.jpg?1787049844,Diamond,93,5,SMN
Deimus Holden,13275823,293,288,Behemoth,Primal,0,0,5974f9a64fc213565d8fd6d3df91e58f_be20385e18333edb329d4574f364a1f0fc0.jpg?1787047892,Diamond,89,0,RPR
Zed Kirimaru,28104766,294,0,Gilgamesh,Aether,0,0,9a08c73e22d960e1fb9034a9ceb619a9_b937560c841465f7c4bc8eb47ea7948afc0.jpg?1787047822,Diamond,86,8,DRG
Bam Pepo,22678638,295,290,Adamantoise,Aether,0,0,8533b0fce359fe75fd8f831869cf110d_1f5fd239b885860b7c2bfc72ad1d97effc0.jpg?1787049412,Diamond,68,0,VPR
Dread Ross,4916315,296,291,Exodus,Primal,0,0,dafd63f0b3ce97e8283a4d153f0acd06_0cdf051c93865faa15cbc5cd3d2b69fbfc0.jpg?1787048730,Diamond,61,0,AST
Lief Eksil,20195744,297,292,Jenova,Aether,0,0,33906bd77a7d2eb73c8c22b2225fae2d_ce736afe35e2ded4e46c4fd0659aef7efc0.jpg?1787049187,Diamond,60,0,RPR
Levy Scarlett,35085988,298,293,Coeurl,Crystal,0,0,74fe88584bdffbcc051a81a168ff958f_284358f8eb4efc9095914e46798c6ab3fc0.jpg?1787047180,Diamond,51,0,MNK
Sophia Sol,50636657,299,294,Diabolos,Crystal,0,0,f2e548487adc8d24ba4ee5ae891d1fca_7b33d33ae3ecb996f778a5f67a6a0af6fc0.jpg?1787048371,Diamond,42,0,BLM
Aster Minyu,54375843,300,295,Lamia,Primal,0,0,380928b9020a6bb0bcfa44d88b6df112_4d9be17b5e1edc617052b4dbf4007875fc0.jpg?1787048972,Diamond,35,0,SMN
Ash Kitamura,26629771,1,0,Ravana,Materia,0,0,33c0c99f7649a707ea0e8e4da0340efb_2f53b2675d3eea360f0b48d74d30af15fc0.jpg?1787048070,Diamond,81,0,AST
Enrei Mihata,49665542,2,0,Ravana,Materia,0,0,9df67e19d234830f2d797bb6efbad836_2f53b2675d3eea360f0b48d74d30af15fc0.jpg?1787049567,Diamond,37,0,DRG
Fatahh Wizardcat,60429758,3,0,Zurvan,Materia,0,0,0a04508a6feea55f3b4227e7d574212a_1fa3a1b3845481a1b67b46854a3cc49afc0.jpg?1787047025,Platinum,52,0,BLM
Queue Up,44283543,4,0,Ravana,Materia,0,0,341e0565d728c5334b58960edfc1c897_2f53b2675d3eea360f0b48d74d30af15fc0.jpg?1787048118,Platinum,42,0,PLD
Shiki Hime,41619079,5,0,Sophia,Materia,0,0,e0f33871fdd9bcb0012cace0f140b504_ba15a18cd3a8fb567e39053022515eb6fc0.jpg?1787046923,Platinum,39,0,MNK
Sora Teppelin,7487042,6,0,Sophia,Materia,0,0,3d849e783499c238b2f4d439e3a8c2a7_ba15a18cd3a8fb567e39053022515eb6fc0.jpg?1787046944,Platinum,35,0,VPR
Shiny Jirachi,51220221,7,0,Sophia,Materia,0,0,f1b04aa626472a08642b4f93d911f87c_ba15a18cd3a8fb567e39053022515eb6fc0.jpg?1787050200,Platinum,11,0,SAM
Raiosu Eucliffe,45249258,8,0,Ravana,Materia,0,0,a21442f92d53ab89cab416d41fe9132d_2f53b2675d3eea360f0b48d74d30af15fc0.jpg?1787047157,Platinum,53,0,BRD
Nyanyanyanya Nyanyan,48648775,9,0,Ravana,Materia,0,0,ec08e9f45b8d4335b412f3e39f4458e2_2f53b2675d3eea360f0b48d74d30af15fc0.jpg?1787049636,Platinum,29,0,WHM
Ku Ku,58267971,10,0,Sophia,Materia,0,0,77db43d75ac5ffe3d585318a47534ab9_ba15a18cd3a8fb567e39053022515eb6fc0.jpg?1787047797,Platinum,52,0,BRD
Master Zoknik,61010055,11,0,Zurvan,Materia,0,0,bfa135b89b0fb27fe708b3a427bd667f_1fa3a1b3845481a1b67b46854a3cc49afc0.jpg?1787046770,Platinum,88,0,SMN
Jiraiya Sannin,47974804,12,0,Ravana,Materia,0,0,6a5cc312529bc78b7d0bbbf5f41983af_2f53b2675d3eea360f0b48d74d30af15fc0.jpg?1787048158,Platinum,45,0,WAR
Esperance Lightbound,16103781,13,0,Ravana,Materia,0,0,0d3ff648d49892a8fc3bd67490985032_2f53b2675d3eea360f0b48d74d30af15fc0.jpg?1787048081,Platinum,40,0,WAR
Syth Isi,14766898,14,0,Sephirot,Materia,0,0,4eef23c58ccbdfd054240b7a6afee3df_30a5f9eadea6e0cb684a5265362d0d59fc0.jpg?1787049175,Platinum,31,0,PLD
Lil Wu,39781651,15,0,Ravana,Materia,0,0,883868199332c12050d61887025475bc_2f53b2675d3eea360f0b48d74d30af15fc0.jpg?1787047642,Platinum,38,0,PLD
Monkey Rat,28956529,16,0,Zurvan,Materia,0,0,bd13db4ebaa363278dd269b5941ae816_1fa3a1b3845481a1b67b46854a3cc49afc0.jpg?1787048900,Platinum,75,0,BLM
Unshao Theruun,36386941,17,0,Sephirot,Materia,0,0,ec8f93abdc73eddcd17e0450db1cb572_30a5f9eadea6e0cb684a5265362d0d59fc0.jpg?1787048355,Platinum,28,0,WAR
Aleksei Veldoch,39931654,18,0,Ravana,Materia,0,0,ef0923b785702de5a588b383a0d1bcea_2f53b2675d3eea360f0b48d74d30af15fc0.jpg?1787049417,Platinum,47,0,MNK
Noelle Frost,59496366,19,0,Zurvan,Materia,0,0,5e03b95700bb3e6556a80cb9336a41d2_1fa3a1b3845481a1b67b46854a3cc49afc0.jpg?1787050148,Platinum,40,0,DRG
Boz Ulceros,32280980,20,0,Ravana,Materia,0,0,269b081d650bf5598fd5a3f9419b8b43_2f53b2675d3eea360f0b48d74d30af15fc0.jpg?1787049110,Platinum,72,0,NIN
Funeral Pyre,29286073,21,0,Zurvan,Materia,0,0,48d5de4023484583f2225a2026548284_1fa3a1b3845481a1b67b46854a3cc49afc0.jpg?1787047414,Platinum,61,0,SMN
Mars Bars,41756039,22,0,Sophia,Materia,0,0,87af5886ec3b52e7e582ccc7755f6a9b_ba15a18cd3a8fb567e39053022515eb6fc0.jpg?1787048056,Platinum,49,0,DRG
Chs Crane,37655547,23,0,Sophia,Materia,0,0,7cd2d4b420716bf684bdd41ef37d9319_ba15a18cd3a8fb567e39053022515eb6fc0.jpg?1787049036,Platinum,30,0,DRG
Simetras Sol,38726083,24,0,Ravana,Materia,0,0,fc54c458f2e80d3680f50e6026011ab7_2f53b2675d3eea360f0b48d74d30af15fc0.jpg?1787047336,Gold,131,0,AST
Lillian Melikai,42502039,25,0,Ravana,Materia,0,0,6c5f22e96162240c2bb96702fcbe123b_2f53b2675d3eea360f0b48d74d30af15fc0.jpg?1787049974,Gold,47,0,MNK
Coffee Lover,50333621,26,0,Sophia,Materia,0,0,3c4552eb56bfb14f36d9b512873eac0d_ba15a18cd3a8fb567e39053022515eb6fc0.jpg?1787047967,Gold,42,0,UNK
Twitch Pvpash,58310287,27,0,Sephirot,Materia,0,0,825390c1ecfa92c4ed45d4ff7a91e39e_30a5f9eadea6e0cb684a5265362d0d59fc0.jpg?1787049209,Gold,35,0,PLD
Disco Knees,36101852,28,0,Sophia,Materia,0,0,48d0a8dae7efe9ad10780f28920a969b_ba15a18cd3a8fb567e39053022515eb6fc0.jpg?1787049890,Gold,33,0,DRG
Seth Nier,10650761,29,0,Sophia,Materia,0,0,64bba40966450747199bec23184e47a3_ba15a18cd3a8fb567e39053022515eb6fc0.jpg?1787047079,Gold,26,0,DRK
Stupid Puzzle,57160120,30,0,Ravana,Materia,0,0,7af9b543418115db5c1299f1abb4e123_2f53b2675d3eea360f0b48d74d30af15fc0.jpg?1787048129,Gold,45,0,DRG
Stu Vermillion,45923134,31,0,Sephirot,Materia,0,0,542be51b9ba1f8c4c217e94d2b96e3aa_30a5f9eadea6e0cb684a5265362d0d59fc0.jpg?1787047131,Gold,34,0,AST
Jena Kuwahara,28003546,32,0,Ravana,Materia,0,0,5bacb190ffd91b392df04923b13fa29a_2f53b2675d3eea360f0b48d74d30af15fc0.jpg?1787049419,Gold,92,0,WHM
Izaray Wintergray,40906176,33,0,Sophia,Materia,0,0,be2f5b4e324fa72cd4ef19d0c29f10da_ba15a18cd3a8fb567e39053022515eb6fc0.jpg?1787049206,Gold,36,0,AST
Brian Ricardo,41560139,34,0,Sophia,Materia,0,0,678ed14a243387459872b7217f75e382_ba15a18cd3a8fb567e39053022515eb6fc0.jpg?1787048062,Gold,26,0,SGE
Noah Marlowe,16149159,35,0,Ravana,Materia,0,0,ec4ee34b34397ee883bd89175e1f15df_2f53b2675d3eea360f0b48d74d30af15fc0.jpg?1787047331,Gold,15,0,RDM
Scarlette Harlette,51206657,36,0,Sephirot,Materia,0,0,2f63ccbdc329fa14480887bf4c0dfa0e_30a5f9eadea6e0cb684a5265362d0d59fc0.jpg?1787050213,Gold,64,0,DRK
Berogi Avarous,37261319,37,0,Sophia,Materia,0,0,5fbe574c31dc7541b2bb18753fed8278_ba15a18cd3a8fb567e39053022515eb6fc0.jpg?1787049586,Gold,25,0,MNK
Han Liu,44640291,38,0,Ravana,Materia,0,0,55233b520f90487f51f380e2add5fc3d_2f53b2675d3eea360f0b48d74d30af15fc0.jpg?1787047775,Gold,80,0,SGE
Lion Lord,60332724,39,0,Ravana,Materia,0,0,72fbb269e357d68127cd61715f152bc8_2f53b2675d3eea360f0b48d74d30af15fc0.jpg?1787048206,Gold,57,0,BRD
Lupercal Aurelian,37936946,40,0,Ravana,Materia,0,0,93674d47ae679f2b2191e0d82e33123f_2f53b2675d3eea360f0b48d74d30af15fc0.jpg?1787047125,Gold,25,0,MCH
Arvus Lake,60370728,41,0,Bismarck,Materia,0,0,3491a10775fcbbb5a0c1329925f30f4f_36f0570990ac5402b2ef514d36b0435cfc0.jpg?1787049219,Gold,17,0,MNK
Aislinn Rose,47395507,42,0,Ravana,Materia,0,0,920c56af8cba5363c65e0c83dbbcac71_2f53b2675d3eea360f0b48d74d30af15fc0.jpg?1787047981,Gold,60,0,BRD
Nirki Yukumo,41663432,43,0,Zurvan,Materia,0,0,c950234c9a872ae2ab8476f696fcb74f_1fa3a1b3845481a1b67b46854a3cc49afc0.jpg?1787050004,Gold,20,0,MIN
Neo Zee,58982637,44,0,Ravana,Materia,0,0,c042f71fe47095dad35d5764027056d1_2f53b2675d3eea360f0b48d74d30af15fc0.jpg?1787049454,Gold,38,0,BRD
Juru'a Mihrulh,48704606,45,0,Zurvan,Materia,0,0,80aa9b34947750aa356810124a11ba19_1fa3a1b3845481a1b67b46854a3cc49afc0.jpg?1787048779,Gold,63,0,PCT
Zervish Vanht,21659747,46,0,Ravana,Materia,0,0,ff2403388bd597c0b3fb62c30e9bff67_2f53b2675d3eea360f0b48d74d30af15fc0.jpg?1787046924,Gold,23,0,SMN
Byakko Moon,10831175,47,0,Sephirot,Materia,0,0,7d8049ebe32efa74e5107944b1e43d15_30a5f9eadea6e0cb684a5265362d0d59fc0.jpg?1787049054,Gold,3,0,PLD
Vielle Drillemont,52770027,48,0,Ravana,Materia,0,0,6c212c0698d00b38fb5cb7d51dcf91bf_2f53b2675d3eea360f0b48d74d30af15fc0.jpg?1787050061,Gold,66,0,BLM
Wierd Dude,58113414,49,0,Sephirot,Materia,0,0,c887fa7d587b2205b349abb82627a0d1_30a5f9eadea6e0cb684a5265362d0d59fc0.jpg?1787049982,Gold,63,0,DRK
Sukoshi Ninjin,57860048,50,0,Sophia,Materia,0,0,b41a0bd7b5958d56cec5f84314a28f3a_ba15a18cd3a8fb567e39053022515eb6fc0.jpg?1787048748,Gold,32,0,UNK
Aurum Blaiddyd,10794239,51,0,Sophia,Materia,0,0,8b76648a8cb1cbbd4f1c870189433f3a_ba15a18cd3a8fb567e39053022515eb6fc0.jpg?1787047910,Gold,13,0,MIN
Clars Lester,951178,52,0,Sephirot,Materia,0,0,46727c8d445323c9e5b8140d37027050_30a5f9eadea6e0cb684a5265362d0d59fc0.jpg?1787050297,Silver,61,0,MCH
Sebastian Michaelis,42038341,53,0,Sephirot,Materia,0,0,17f4346a95c45541b337263d60106b3f_30a5f9eadea6e0cb684a5265362d0d59fc0.jpg?1787049026,Silver,59,0,GNB
Sana Miyata,34196273,54,0,Ravana,Materia,0,0,4a94c0f8b59e635e8748a32f11cc42f8_2f53b2675d3eea360f0b48d74d30af15fc0.jpg?1787047539,Silver,31,0,SCH
Birdy Lou,40000398,55,0,Sophia,Materia,0,0,a8894121a60bc81621d47edf1ee0577b_ba15a18cd3a8fb567e39053022515eb6fc0.jpg?1787047100,Silver,29,0,UNK
J'mo H',10666399,56,0,Sephirot,Materia,0,0,53873e717cbf7baeb168205935077671_30a5f9eadea6e0cb684a5265362d0d59fc0.jpg?1787049520,Silver,17,0,AST
Cwenhild Reid,41763782,57,0,Sophia,Materia,0,0,c9d176025665cc1528a984e82a81fd64_ba15a18cd3a8fb567e39053022515eb6fc0.jpg?1787047912,Silver,24,0,PLD
Pollux Renault,45246168,58,0,Ravana,Materia,0,0,af456258cb5d3ca7c42bb950f92247de_2f53b2675d3eea360f0b48d74d30af15fc0.jpg?1787047496,Silver,13,0,DNC
Ranko Riselle,47223883,59,0,Sophia,Materia,0,0,301cb977b468ead36aa13c049b17f861_ba15a18cd3a8fb567e39053022515eb6fc0.jpg?1787048408,Silver,11,0,UNK
Anzac Fenrir,10988408,60,0,Ravana,Materia,0,0,6c7b02f93e5250249333e13f236fc545_2f53b2675d3eea360f0b48d74d30af15fc0.jpg?1787049418,Silver,31,0,WAR
Kensuke Sugimori,59626210,60,0,Zurvan,Materia,0,0,b8c23a3c5466f6621fe9629c20c0b897_1fa3a1b3845481a1b67b46854a3cc49afc0.jpg?1787048986,Silver,31,0,SGE
Eustace Madao,44593837,62,0,Ravana,Materia,0,0,687914339d33024fe783e72eb5a1929f_2f53b2675d3eea360f0b48d74d30af15fc0.jpg?1787050073,Silver,22,0,RPR
Elto Malto,55670275,63,0,Zurvan,Materia,0,0,6625d7f60a549d4e764bdbbb6315b573_1fa3a1b3845481a1b67b46854a3cc49afc0.jpg?1787049354,Silver,17,0,UNK
Peaceful Serenity,44576253,64,0,Sephirot,Materia,0,0,ae7fb16a93fad97a522145bf683d894f_30a5f9eadea6e0cb684a5265362d0d59fc0.jpg?1787048764,Silver,0,0,RDM
Cucu Cucumber,43336963,65,0,Sophia,Materia,0,0,d0bedba76c1744686e4fafd9d31eeb08_ba15a18cd3a8fb567e39053022515eb6fc0.jpg?1787047261,Silver,40,0,BLM
Frierens Feet,18696306,66,0,Bismarck,Materia,0,0,55c56c5779dac3caf6a9e915a44a972d_36f0570990ac5402b2ef514d36b0435cfc0.jpg?1787047901,Silver,29,0,SMN
Persona Non-grata,59997612,66,0,Ravana,Materia,0,0,817d96e78e710beff47ca2d76caa6b30_2f53b2675d3eea360f0b48d74d30af15fc0.jpg?1787046870,Silver,29,0,PLD
C'ranmaia Lizha,60465549,68,0,Bismarck,Materia,0,0,f41736abfa17637ee6e1f020f2787726_36f0570990ac5402b2ef514d36b0435cfc0.jpg?1787048052,Silver,18,0,UNK
Shiny Garchomp,44081260,69,0,Ravana,Materia,0,0,a9aeaf4658d90c68d46e7086d323e456_2f53b2675d3eea360f0b48d74d30af15fc0.jpg?1787049974,Silver,17,0,MCH
Minty Dew,11254788,70,0,Sephirot,Materia,0,0,afdf4d4e1f96c8e17ed8dbbb09ea4e01_30a5f9eadea6e0cb684a5265362d0d59fc0.jpg?1787049494,Silver,12,0,SMN
Pompitous Litchous,28520377,71,0,Sephirot,Materia,0,0,ab4abed9c2f0b5369480818f95581f87_30a5f9eadea6e0cb684a5265362d0d59fc0.jpg?1787048999,Silver,10,0,MCH
Red Pocket,57790009,72,0,Zurvan,Materia,0,0,9ee6578b70ebe2412c9a6a3b9539d845_1fa3a1b3845481a1b67b46854a3cc49afc0.jpg?1787048201,Silver,1,0,UNK
Magnolia Moonsong,39932795,73,0,Sephirot,Materia,0,0,a9e5b8f87ce0e4e7d236eef2abfe90e0_30a5f9eadea6e0cb684a5265362d0d59fc0.jpg?1787047950,Silver,19,0,RDM
Sil Vanht,3592400,74,0,Ravana,Materia,0,0,7557bb5d8d4d13b13e750b30dbd34093_2f53b2675d3eea360f0b48d74d30af15fc0.jpg?1787047127,Silver,9,0,SMN
Re- G',41760350,75,0,Sophia,Materia,0,0,b5e032ba04147a101b5a91d07703c313_ba15a18cd3a8fb567e39053022515eb6fc0.jpg?1787048624,Silver,0,0,UNK
Tiny Seda,43818296,76,0,Ravana,Materia,0,0,21e2b2de9125d9cf1b99748fa9eef0e2_2f53b2675d3eea360f0b48d74d30af15fc0.jpg?1787047197,Silver,37,0,BLM
Venase Tym,61779775,77,0,Sophia,Materia,0,0,24aac6d5abd68d4dc957bd7c98ba27f2_ba15a18cd3a8fb567e39053022515eb6fc0.jpg?1787049228,Silver,18,0,UNK
Zero Alexander,18446688,78,0,Sophia,Materia,0,0,f2e26342d51255236baa45461f41bf5b_ba15a18cd3a8fb567e39053022515eb6fc0.jpg?1787048611,Silver,14,0,BLM
Temp Arie,41750566,79,0,Zurvan,Materia,0,0,73bdd493fc471827004a90a5745ff400_1fa3a1b3845481a1b67b46854a3cc49afc0.jpg?1787047606,Silver,13,0,RDM
Awayi Soleil,40986096,80,0,Zurvan,Materia,0,0,c84676ef434b75aec3260707fcad3d8a_1fa3a1b3845481a1b67b46854a3cc49afc0.jpg?1787047593,Silver,12,0,BLM
Swhe Swoo,28568079,81,0,Sephirot,Materia,0,0,fbccbe709d21605c6f47dec5052b1238_30a5f9eadea6e0cb684a5265362d0d59fc0.jpg?1787049613,Silver,9,0,BLM
Levinia Lumina,25634480,82,0,Ravana,Materia,0,0,9ba79c01085813db00f74aa9a46fd0c8_2f53b2675d3eea360f0b48d74d30af15fc0.jpg?1787048231,Silver,12,0,MCH
Liachen Thrope,29127861,83,0,Sophia,Materia,0,0,b0722934ed1329725ff744f9ae52c7ba_ba15a18cd3a8fb567e39053022515eb6fc0.jpg?1787047584,Silver,9,0,MCH
Goober Gooberm,48887220,84,0,Ravana,Materia,0,0,4523e0b4a5f923b67e31f18f801210af_2f53b2675d3eea360f0b48d74d30af15fc0.jpg?1787048835,Silver,18,0,ALC
Athena' Aria,29939277,85,0,Ravana,Materia,0,0,c678c1cf7f9d7de3e80882588e7606e8_2f53b2675d3eea360f0b48d74d30af15fc0.jpg?1787050301,Silver,6,0,AST
Turuturu Mennmenn,51356780,86,0,Sephirot,Materia,0,0,501dec1a7db9bac050ecbd4f8028e6e6_30a5f9eadea6e0cb684a5265362d0d59fc0.jpg?1787049258,Bronze,19,0,MNK
Hotsingles Inyourarea,43275845,87,0,Sephirot,Materia,0,0,08be8dec8891190a5227c50c7650dd29_30a5f9eadea6e0cb684a5265362d0d59fc0.jpg?1787049833,Bronze,15,0,PCT
Makh'a Zruhn,42193944,88,0,Ravana,Materia,0,0,323be164f5593618bf1111ae4538ad96_2f53b2675d3eea360f0b48d74d30af15fc0.jpg?1787048095,Bronze,6,0,SAM
Ashmi Rae,18364101,89,0,Bismarck,Materia,0,0,2b3a41d227e2937852d5c1e031d5aba0_36f0570990ac5402b2ef514d36b0435cfc0.jpg?1787050005,Bronze,5,0,BRD
Tiny Wrath,25583557,90,0,Zurvan,Materia,0,0,2c82c1a404fc646361cabcf478aed323_1fa3a1b3845481a1b67b46854a3cc49afc0.jpg?1787048625,Bronze,24,0,WHM
Fio Vanetti,41633033,91,0,Ravana,Materia,0,0,f237b05eb696b7fe8e05b757513a1ca2_2f53b2675d3eea360f0b48d74d30af15fc0.jpg?1787050238,Bronze,12,0,DRG
Ashe Elven,60375475,92,0,Ravana,Materia,0,0,d4a5d51981aa859d5ce41248e280c696_2f53b2675d3eea360f0b48d74d30af15fc0.jpg?1787047959,Bronze,10,0,PLD
Vistra Vistra,37543108,93,0,Sophia,Materia,0,0,b46ab5b00ca34214d4593336a0f112ed_ba15a18cd3a8fb567e39053022515eb6fc0.jpg?1787050200,Bronze,4,0,FSH
Zepherii Sui,43963552,94,0,Sophia,Materia,0,0,31b395238c6120dc114964c652dc393b_ba15a18cd3a8fb567e39053022515eb6fc0.jpg?1787047729,Bronze,13,0,BRD
Inconspicuous Miqo'te,3493859,95,0,Sophia,Materia,0,0,0b6b4d2c312f136911f9717c83c17997_ba15a18cd3a8fb567e39053022515eb6fc0.jpg?1787049075,Bronze,11,0,VPR
Aethon Shaan,60332336,96,0,Zurvan,Materia,0,0,2c608a6ec9ff59b0783f70b9c665a4b2_1fa3a1b3845481a1b67b46854a3cc49afc0.jpg?1787048869,Bronze,9,0,VPR
Therise Yld'amore,41754598,97,0,Bismarck,Materia,0,0,dea40bb49832c184ff5941cee3006818_36f0570990ac5402b2ef514d36b0435cfc0.jpg?1787047005,Bronze,7,0,BTN
Daeneris Stormborn,17816677,98,0,Zurvan,Materia,0,0,dd3c1f830e92ca4f902d42575517a37d_1fa3a1b3845481a1b67b46854a3cc49afc0.jpg?1787048519,Bronze,4,0,PCT
Samara Glazghotwyn,40818042,99,0,Sephirot,Materia,0,0,d89bdc111b4127d9f80e3d6a0ed3a55b_30a5f9eadea6e0cb684a5265362d0d59fc0.jpg?1787048650,Bronze,0,0,BLM
Jaliqai Bairon,49027736,100,0,Sophia,Materia,0,0,bb5b2ab907893aa971f0d78c6164de8c_ba15a18cd3a8fb567e39053022515eb6fc0.jpg?1787047336,Bronze,19,0,SMN
