name,id,cur_rank,prev_rank,world,dc,points,points_delta,portrait,tier,wins,wins_delta,job
Totsu Geki,60147602,1,5,Spriggan,Chaos,2729,794,1b45188bdbf3dd4afe9a37a646eaa4b9_feaf0a2e88ff164813fbc9b85876fa48fc0.jpg?1786359274,Omega,263,37,PCT
Scarlet Rose,26616217,2,1,Spriggan,Chaos,2614,0,96ad88f23a708e8d6e391f669986d57c_feaf0a2e88ff164813fbc9b85876fa48fc0.jpg?1786360870,Omega,223,23,PLD
Resilla Frostflow,14658770,3,0,Cerberus,Chaos,2294,290,00a4e6250beb98b5644c87cffe8b7f4f_777c57311d510ca65dac3c1077dee435fc0.jpg?1786360788,Omega,121,14,RDM
Saboree Catboy,36051653,4,9,Spriggan,Chaos,2260,499,b61ec1080d608b5a83f30baef219dc02_feaf0a2e88ff164813fbc9b85876fa48fc0.jpg?1786357788,Omega,133,11,WAR
Aura Sphere,30657353,5,2,Zodiark,Light,2169,0,6cc4a373eafbcbf88a340a52d95f133e_c274370774c6bc3483cc8740805f41bcfc0.jpg?1786358903,Omega,80,1,AST
Sice Seven,15008161,6,4,Moogle,Chaos,2104,100,23657ac0d29f4bc5667ef1e00cf528f8_d7a9d5f85a29d6278ec1c7adc2c8d242fc0.jpg?1786359876,Omega,49,2,BRD
Mamiyama Kamimama,37371304,7,25,Spriggan,Chaos,1980,680,3c6fd6569d3dce40308c9a2a1f3c3bfa_feaf0a2e88ff164813fbc9b85876fa48fc0.jpg?1786360763,Omega,204,18,SCH
Tsukuyo Ritlas,37800185,8,17,Odin,Light,1895,385,eca30840fe0bed8e80f620b5f57c49de_644311b63b607133c989d7c1188467dafc0.jpg?1786360597,Omega,67,7,RDM
Miyu Moon,58918526,9,6,Moogle,Chaos,1894,0,1abf5ce3756f6fa0d1c5be2cd39491bc_d7a9d5f85a29d6278ec1c7adc2c8d242fc0.jpg?1786358743,Omega,48,0,SAM
Ciel Melrose,58478493,10,7,Raiden,Light,1806,0,2c7b597e2437a00ad9f0fc0439c68531_a370664d98f658f4ed4e620f378f73cdfc0.jpg?1786359688,Omega,43,3,SAM
Lhei Tayun,25191408,11,10,Zodiark,Light,1803,100,6ee93960f16da0ea5150fe1b7590dfa4_c274370774c6bc3483cc8740805f41bcfc0.jpg?1786359371,Omega,113,1,BLM
Miyu Edelfelt,21335430,12,8,Phoenix,Light,1785,0,ba690d74246b4d07f543f0d9516feec2_5047bc596a4bab2dc7f7c120bb22dec5fc0.jpg?1786359963,Omega,128,0,SGE
Elohim Meth,60682611,13,0,Raiden,Light,1781,197,0b14f1751b014118eca06236e1fdf2bf_a370664d98f658f4ed4e620f378f73cdfc0.jpg?1786358683,Omega,53,2,UNK
Auelin Fae,18291844,14,0,Zodiark,Light,1775,198,2d6204db02c5efce86aca234fd6f1ce1_c274370774c6bc3483cc8740805f41bcfc0.jpg?1786359244,Omega,84,16,DRG
Pan Ther,47356852,15,11,Twintania,Light,1651,0,fc9492796dbee9f84ae010350ec7759c_c33f640c0cdd35f7def85b8aa31a0007fc0.jpg?1786359168,Omega,148,0,WHM
Yasuki San,61688064,16,0,Phantom,Chaos,1627,92,37dbf9b8936faaf9c75f598c38dcac11_f0a43d6e5eea19af337a176e9836acddfc0.jpg?1786360312,Omega,201,25,UNK
Marci Sidekick,41408431,17,12,Zodiark,Light,1586,0,a9c3b41a05dec1fd191fe80f38009aa5_c274370774c6bc3483cc8740805f41bcfc0.jpg?1786360600,Omega,60,0,DRG
Prisma Tic,38791879,18,15,Cerberus,Chaos,1573,0,5220c35172bb26154c862a6d485e37b8_777c57311d510ca65dac3c1077dee435fc0.jpg?1786360102,Omega,149,0,AST
Crow Kaien,44749262,19,18,Zodiark,Light,1476,0,54e5719ccbdb45c6de28f017b4365207_c274370774c6bc3483cc8740805f41bcfc0.jpg?1786360776,Crystal,29,0,SCH
Ase Dora,42603487,20,27,Alpha,Light,1413,299,78626e6cf6f07875d5ac9527a5bd0c4d_6132295fcf5570fb8b0a944ef322a598fc0.jpg?1786357958,Crystal,195,26,DRG
Akari Tsuki,31005286,21,19,Louisoix,Chaos,1398,0,28e1cfaecfbf911dc3621f5de74642aa_0a122616f3718d3f45cab10fd8fc1604fc0.jpg?1786360011,Crystal,26,3,MIN
Xen Thique,40172078,22,26,Odin,Light,1391,206,8930228f4df0c18feea28ebbb1c451f2_644311b63b607133c989d7c1188467dafc0.jpg?1786360571,Crystal,56,15,PCT
Loty Coldwind,36521588,23,20,Twintania,Light,1379,0,3632cf6d20598f5c4c7b748be7e19153_c33f640c0cdd35f7def85b8aa31a0007fc0.jpg?1786359563,Crystal,124,5,WAR
Leedo Dale,25033597,24,21,Zodiark,Light,1367,0,9e122691e98bda2ea6abe86ed7b81a63_c274370774c6bc3483cc8740805f41bcfc0.jpg?1786359879,Crystal,248,20,NIN
Shimori Bunihara,35166011,25,22,Raiden,Light,1362,0,c44c8fc68c230b1051ec35a527afe9ed_a370664d98f658f4ed4e620f378f73cdfc0.jpg?1786359842,Crystal,88,0,RPR
Maarato Cookie,20349526,26,23,Twintania,Light,1321,0,dbab16598b86bb31b2eb96070f723572_c33f640c0cdd35f7def85b8aa31a0007fc0.jpg?1786359641,Crystal,91,9,DRG
Tia Tomoe,41293767,27,24,Phoenix,Light,1308,0,7dc31b9a880ba3f36a3ef1208e0c5909_5047bc596a4bab2dc7f7c120bb22dec5fc0.jpg?1786360097,Crystal,42,0,MNK
Meryll Enetari,24681550,28,34,Cerberus,Chaos,1293,398,f4fe16c70d7023e2101e19421c5abf1e_777c57311d510ca65dac3c1077dee435fc0.jpg?1786360339,Crystal,189,10,DNC
Cliffe Zanza,36074329,29,43,Spriggan,Chaos,1204,495,d8d2fa78adb447ec4b6d5d747f5d5f84_feaf0a2e88ff164813fbc9b85876fa48fc0.jpg?1786358250,Crystal,41,30,BLM
Sweet Light,41777815,30,31,Spriggan,Chaos,1185,199,2e6808627bd2b8f0f5f0377d20cbbbc5_feaf0a2e88ff164813fbc9b85876fa48fc0.jpg?1786359878,Crystal,31,2,AST
Shia Sun,1754600,31,55,Odin,Light,1170,571,7550981ba488e5ebe919aa3cb39efbfa_644311b63b607133c989d7c1188467dafc0.jpg?1786360260,Crystal,107,21,DRG
Based Miqote,46487952,32,28,Twintania,Light,1102,0,5e2bb42e554586a20b050b7fd3f88e26_c33f640c0cdd35f7def85b8aa31a0007fc0.jpg?1786358156,Crystal,91,0,UNK
Shino Yaru,38308969,33,29,Phoenix,Light,1100,0,0662727bb913ed7fe3009f3542ea1e64_5047bc596a4bab2dc7f7c120bb22dec5fc0.jpg?1786358783,Crystal,105,0,UNK
Tei Tei,36611700,34,30,Odin,Light,1087,98,21c224545e3d3af775a3d377c8e444bf_644311b63b607133c989d7c1188467dafc0.jpg?1786358530,Crystal,84,2,AST
Deadrise Mutombo,31730694,35,38,Ragnarok,Chaos,1015,212,a382acb94313f23d966dd6d39d909bea_40d57ba713628f3f1ef5ef204b6d76d2fc0.jpg?1786359387,Crystal,50,9,AST
Myst Freyja,33906213,36,42,Omega,Chaos,912,201,240b879fd403fc16c04022b6075077ae_39e25ac3d737c46452305eefe324372cfc0.jpg?1786360163,Crystal,64,4,RPR
Two Koma,51508003,37,41,Zodiark,Light,906,121,15a666f8d7bb67401300fae763ce4d32_c274370774c6bc3483cc8740805f41bcfc0.jpg?1786360052,Crystal,102,19,MNK
Lex'ander Wayfarer,18009481,38,32,Odin,Light,904,0,0adfa03fe11940a91e3b6a2ed08ddb88_644311b63b607133c989d7c1188467dafc0.jpg?1786360340,Crystal,32,0,DRK
Yun' Yun,11341467,39,33,Cerberus,Chaos,896,0,df098ceed6d9cf14cf61cc4110cd6cb5_777c57311d510ca65dac3c1077dee435fc0.jpg?1786359721,Crystal,119,4,SAM
Tyra Kett,26531277,40,35,Spriggan,Chaos,893,0,101b7ec48bba5c5e5b34fda1316c57bc_feaf0a2e88ff164813fbc9b85876fa48fc0.jpg?1786358033,Crystal,88,6,BRD
Maggot Maggot,61703768,41,36,Omega,Chaos,892,0,3657d57f4a20a5d901d7f4537f1b7307_39e25ac3d737c46452305eefe324372cfc0.jpg?1786360743,Crystal,143,13,WAR
Lybel Alyborias,25836089,42,37,Louisoix,Chaos,807,0,a86b680e6c4e5e23befaaaf535a158de_0a122616f3718d3f45cab10fd8fc1604fc0.jpg?1786360640,Crystal,67,1,RDM
Sunie Mochi,12728791,43,61,Twintania,Light,796,299,4760f9b45bd6f71f83adbd97ab87eae3_c33f640c0cdd35f7def85b8aa31a0007fc0.jpg?1786359963,Crystal,115,9,DNC
Misora Kaiatsa,25126040,44,39,Moogle,Chaos,796,0,80fa199452585ab77d14128509576300_d7a9d5f85a29d6278ec1c7adc2c8d242fc0.jpg?1786361000,Crystal,66,0,RPR
Yhren Vhal,56948558,45,69,Odin,Light,795,396,3f62ad2093c1016540ef936a5563823b_644311b63b607133c989d7c1188467dafc0.jpg?1786360226,Crystal,65,6,UNK
Dragonlife Saijax,29449285,46,40,Moogle,Chaos,794,0,3c08546d3793d12f77cc0b00d3a3af5b_d7a9d5f85a29d6278ec1c7adc2c8d242fc0.jpg?1786358297,Crystal,26,0,GNB
Memento Mo'ri,1641495,47,57,Ragnarok,Chaos,706,111,86323bce84189061b1d71ff1dc25266a_40d57ba713628f3f1ef5ef204b6d76d2fc0.jpg?1786359384,Crystal,71,6,BRD
Holos Ymir,35299241,48,44,Cerberus,Chaos,704,0,f8029ed36fad032333305dfa455cddec_777c57311d510ca65dac3c1077dee435fc0.jpg?1786357877,Crystal,33,0,AST
Ivaious Zol,38270926,49,45,Odin,Light,703,0,2e78b44195db83336b1acbe75927a864_644311b63b607133c989d7c1188467dafc0.jpg?1786361139,Crystal,47,6,RDM
Farnese Shieldmaiden,24419493,50,54,Cerberus,Chaos,701,101,dcec016c4a6cd9a2bd3a2b73183f5a65_777c57311d510ca65dac3c1077dee435fc0.jpg?1786359055,Crystal,19,1,PLD
Red Aura,58355527,51,46,Spriggan,Chaos,700,0,24685b07d940d962953f7111d4144e46_feaf0a2e88ff164813fbc9b85876fa48fc0.jpg?1786359240,Crystal,45,0,MNK
Ten Gil,17217146,52,47,Louisoix,Chaos,698,0,884fcae1e61228d09798c630a2c827fb_0a122616f3718d3f45cab10fd8fc1604fc0.jpg?1786359462,Crystal,10,0,GNB
Kimbi Aoe,24693270,53,48,Shiva,Light,697,0,67e0ddfb70faf5725a971d086cfdce61_3fbff0e6b620e4d259dc427abc6574dafc0.jpg?1786357811,Crystal,61,0,MCH
Spedah Sashihai,46717230,54,56,Phantom,Chaos,697,99,916aa42d41d9cb06784f26d21d850c5a_f0a43d6e5eea19af337a176e9836acddfc0.jpg?1786361205,Crystal,60,3,SGE
Lost Signal,56186869,55,49,Odin,Light,695,0,b36972ee34bfd25f82ce348b32b6f5da_644311b63b607133c989d7c1188467dafc0.jpg?1786360312,Crystal,66,16,MNK
Wwwwwwwwww Wwwwwwwwww,22934838,56,76,Odin,Light,695,395,44b50a04ce7aed4e2c4699753f5b83bc_644311b63b607133c989d7c1188467dafc0.jpg?1786359252,Crystal,41,4,FSH
Dalik Mathis,9537863,57,50,Ragnarok,Chaos,694,0,fd4dde44208527cc20e58ba589d51f01_40d57ba713628f3f1ef5ef204b6d76d2fc0.jpg?1786359540,Crystal,75,0,DRK
A'dyalani Sato,10026278,58,51,Odin,Light,693,0,d072994a22af88090aecf6e5a3b85c36_644311b63b607133c989d7c1188467dafc0.jpg?1786360968,Crystal,75,13,MCH
Baka Bao,30345026,59,52,Phantom,Chaos,692,0,57df7efcbcdf8f1aca84c4f1435c36ba_f0a43d6e5eea19af337a176e9836acddfc0.jpg?1786358508,Crystal,207,26,SAM
Delzor Waka,40194085,60,64,Odin,Light,686,194,bde30c4caff355f65cf9761727b12725_644311b63b607133c989d7c1188467dafc0.jpg?1786357904,Crystal,114,3,MCH
Yi Ma,60448295,61,70,Phoenix,Light,601,202,bb3af62117cae7488d9b02007f341c7b_5047bc596a4bab2dc7f7c120bb22dec5fc0.jpg?1786361102,Crystal,36,11,GNB
Sophia Ariadne,11431073,62,53,Odin,Light,600,0,f4329ddf82a418a6e12f1ba978bc1523_644311b63b607133c989d7c1188467dafc0.jpg?1786360420,Crystal,45,0,WHM
General Aardvark,48423100,63,72,Twintania,Light,514,116,cf88029724167c1d18ed8c536a862900_c33f640c0cdd35f7def85b8aa31a0007fc0.jpg?1786359401,Crystal,84,10,SAM
Neclord Drakan,34358772,64,58,Phoenix,Light,510,0,7e002012c8fc4f9e493cd5879573e088_5047bc596a4bab2dc7f7c120bb22dec5fc0.jpg?1786359008,Crystal,41,0,SMN
Brian Ricardo,23607238,65,84,Zodiark,Light,506,303,9c9d045f5f22c579ce5c24faa2b9b303_c274370774c6bc3483cc8740805f41bcfc0.jpg?1786358604,Crystal,55,6,AST
Tay Talenath,45740169,66,59,Raiden,Light,501,0,b2fa0c7222f7e3ebe117f24a200e11d8_a370664d98f658f4ed4e620f378f73cdfc0.jpg?1786358096,Crystal,131,0,SMN
Master Zoknik,47233914,67,60,Omega,Chaos,498,0,47b7a0d3c4816d6dc7cb85c85a3685f7_39e25ac3d737c46452305eefe324372cfc0.jpg?1786358347,Crystal,69,0,WAR
Aurora Maou,26517539,68,62,Louisoix,Chaos,496,0,433a49b5cc43b35afac03d97c50262f9_0a122616f3718d3f45cab10fd8fc1604fc0.jpg?1786359725,Crystal,17,0,NIN
Thor Strom,35911315,69,63,Cerberus,Chaos,496,0,3826da79ed71141aec290f69127b5c79_777c57311d510ca65dac3c1077dee435fc0.jpg?1786357871,Crystal,5,0,SCH
Yellow Blue,58488618,70,65,Spriggan,Chaos,491,0,51731f8a93c1d8b59b5c3ded4ffb5a64_feaf0a2e88ff164813fbc9b85876fa48fc0.jpg?1786361295,Crystal,66,0,RPR
Yinwea Levai,36476322,71,66,Shiva,Light,412,0,944bf3a8e93fcc8f15f3f521462d11b5_3fbff0e6b620e4d259dc427abc6574dafc0.jpg?1786359574,Crystal,154,0,WHM
Ul Unhu,9592278,72,67,Phoenix,Light,403,0,d703e404c81140848dbcd200abc4ef7e_5047bc596a4bab2dc7f7c120bb22dec5fc0.jpg?1786360674,Crystal,130,0,BRD
Seraban Mistodisushi,25116690,73,68,Omega,Chaos,402,0,9ab6f5d4307a747e8378402c6070b2a7_39e25ac3d737c46452305eefe324372cfc0.jpg?1786358439,Crystal,98,0,UNK
Raiden Thorne,27238016,74,71,Zodiark,Light,399,0,96a909af8d24d60f6d8173f8cc16facb_c274370774c6bc3483cc8740805f41bcfc0.jpg?1786359552,Crystal,10,0,RDM
Yamizura Kumozuma,19652230,75,73,Twintania,Light,392,0,24bbc9cebf09eb83efcbc272c3085fd1_c33f640c0cdd35f7def85b8aa31a0007fc0.jpg?1786357909,Crystal,6,0,SCH
Mitsuki Mirai,18435457,76,74,Louisoix,Chaos,384,0,365f1772f387bd280bdbfc16afbd5e4e_0a122616f3718d3f45cab10fd8fc1604fc0.jpg?1786358578,Crystal,9,2,BLM
Elyndra Mayhn,27143285,77,87,Twintania,Light,305,105,e4b30c11c8c987996e50ee4c5899c037_c33f640c0cdd35f7def85b8aa31a0007fc0.jpg?1786359281,Crystal,75,5,SMN
Imy Pure,24943089,78,0,Cerberus,Chaos,302,0,2e46879ac1baf7fc77ec2de872a0461c_777c57311d510ca65dac3c1077dee435fc0.jpg?1786360127,Crystal,2,0,SGE
Lsi Lsi,47353875,79,113,Lich,Light,301,201,792b3235fe2fbd35d956e856c210194f_7206469080400ed57a5373d0a9c55c59fc0.jpg?1786360577,Crystal,60,2,PCT
Reireiko Reiko,51402233,80,75,Alpha,Light,301,0,6bb627130b2067e09c7110eb74707745_6132295fcf5570fb8b0a944ef322a598fc0.jpg?1786360359,Crystal,17,0,WAR
Arale Il,15406803,81,268,Ragnarok,Chaos,299,299,e5c2a19e43a1edb9b276827163b36a1b_40d57ba713628f3f1ef5ef204b6d76d2fc0.jpg?1786358779,Crystal,102,18,PLD
Neo Saladin,60195724,82,77,Alpha,Light,299,0,d61ef205c9700150e78797546d2ac263_6132295fcf5570fb8b0a944ef322a598fc0.jpg?1786359544,Crystal,90,0,BRD
Madelynn Veil,49771412,83,116,Omega,Chaos,299,199,92f91d9225bb816c6562fb117814681e_39e25ac3d737c46452305eefe324372cfc0.jpg?1786357815,Crystal,57,2,RDM
Hyzenthlay Efrafa,1817919,84,78,Ragnarok,Chaos,296,0,f61f49f2ed95a3709fa034686da0eb63_40d57ba713628f3f1ef5ef204b6d76d2fc0.jpg?1786360373,Crystal,27,0,RPR
Sal Ren,40787945,85,79,Phoenix,Light,295,0,9613f7a8c0a759977b8a3fe787fed7e0_5047bc596a4bab2dc7f7c120bb22dec5fc0.jpg?1786358825,Crystal,40,0,DRK
Tarutella Goldfish,4235488,86,80,Phoenix,Light,295,0,f269741c27ca22c02db955557e7283fa_5047bc596a4bab2dc7f7c120bb22dec5fc0.jpg?1786360919,Crystal,2,0,SCH
Phaey Yeon,58326616,87,81,Moogle,Chaos,287,0,6497d439e55c80c0156c198e7f135c78_d7a9d5f85a29d6278ec1c7adc2c8d242fc0.jpg?1786360143,Crystal,42,1,UNK
Zecht Bradamant,31785474,88,82,Omega,Chaos,214,0,b0b8438e6682f2931a1a930121d0ab43_39e25ac3d737c46452305eefe324372cfc0.jpg?1786360856,Crystal,99,0,MNK
Shiroko Momo,39619880,89,83,Odin,Light,207,0,83b4a27fbdf8dfdce9a7e095cc14bf41_644311b63b607133c989d7c1188467dafc0.jpg?1786360039,Crystal,122,7,NIN
Brutal Killer,8885117,90,85,Ragnarok,Chaos,203,0,30c6a6207c7e93d407784888a7f29c97_40d57ba713628f3f1ef5ef204b6d76d2fc0.jpg?1786357804,Crystal,3,0,GNB
Sayuri Maeshima,33888798,91,86,Omega,Chaos,201,0,9543e703e2409901a4e4c51fcd72a0bd_39e25ac3d737c46452305eefe324372cfc0.jpg?1786359690,Crystal,44,0,SMN
Riseon Misha,26343965,92,88,Zodiark,Light,200,0,d883dcfcee6650b3e6e1691bf6838f6c_c274370774c6bc3483cc8740805f41bcfc0.jpg?1786360069,Crystal,43,12,SGE
Eve Naeuri,43290162,93,128,Sagittarius,Chaos,200,100,c143c5d5e461ba9e3f51c07a3de23e21_44ca0844398b2d010d8cd4a31ddb023dfc0.jpg?1786360912,Crystal,20,1,RDM
Selin Naari,16360751,93,89,Cerberus,Chaos,200,0,fb2c3681e2cb33bdcd7894d5aad0b9ec_777c57311d510ca65dac3c1077dee435fc0.jpg?1786357992,Crystal,20,0,DRG
Cipher Strife,7955322,95,90,Ragnarok,Chaos,199,0,fd0f2644fe22871d381e6bae8798c484_40d57ba713628f3f1ef5ef204b6d76d2fc0.jpg?1786359382,Crystal,171,17,GNB
Frankie Urien,32323176,96,91,Odin,Light,199,0,ffae33588fe71f102672b7defdb50a30_644311b63b607133c989d7c1188467dafc0.jpg?1786358309,Crystal,170,19,GNB
Laela Hyun,59589734,97,136,Phantom,Chaos,199,199,a377ba040d4300db7c8df4efc92acd53_f0a43d6e5eea19af337a176e9836acddfc0.jpg?1786360459,Crystal,37,20,UNK
Mats Luxed,36390152,98,92,Twintania,Light,196,0,4d98b4ef01ccfc9df166d83a5771a4ea_c33f640c0cdd35f7def85b8aa31a0007fc0.jpg?1786358255,Crystal,32,0,RDM
Zot To,18725302,99,93,Cerberus,Chaos,196,0,852c16bac4fe7f528a8653c65704e818_777c57311d510ca65dac3c1077dee435fc0.jpg?1786357823,Crystal,1,0,DRG
Lunaelumen Heartless,3344766,100,94,Phoenix,Light,104,0,442c49c53db78614043ce10aa9733411_5047bc596a4bab2dc7f7c120bb22dec5fc0.jpg?1786357871,Crystal,36,0,BLU
Chise Hatori',9182735,101,95,Ragnarok,Chaos,103,0,236f29f4984f26e6b197da380f104a63_40d57ba713628f3f1ef5ef204b6d76d2fc0.jpg?1786360537,Crystal,85,0,VPR
Deltimor Offerentis,53216923,102,0,Ragnarok,Chaos,101,101,b1f3b3bcc24281f671ac2ced6960431a_40d57ba713628f3f1ef5ef204b6d76d2fc0.jpg?1786359668,Crystal,161,25,GNB
Freya Highwind,37533969,103,96,Spriggan,Chaos,100,0,de376c51fd21ccbb1018c1c3fb40734b_feaf0a2e88ff164813fbc9b85876fa48fc0.jpg?1786358409,Crystal,204,0,RDM
Arienai Nashi,47596567,104,137,Zodiark,Light,100,100,ccbc05e41375849179a5f554d78d7ae1_c274370774c6bc3483cc8740805f41bcfc0.jpg?1786358670,Crystal,184,18,BLM
Keraunos Greywolfe,31183458,105,97,Alpha,Light,100,0,3431088cd9f33e5f20e30162c35286fd_6132295fcf5570fb8b0a944ef322a598fc0.jpg?1786360936,Crystal,177,0,DRK
Lumine Heartseeker,37169102,106,98,Lich,Light,100,0,bef41e353f9709f6c26365adcd129410_7206469080400ed57a5373d0a9c55c59fc0.jpg?1786360997,Crystal,148,0,RDM
Magnus Skorweg,14288959,107,99,Cerberus,Chaos,100,0,36b3ca5cc0c3fa7edd1b5b276f54a6fc_777c57311d510ca65dac3c1077dee435fc0.jpg?1786359640,Crystal,139,7,MCH
Skillpade Skyr,37019657,108,100,Lich,Light,100,0,e520a31662bd7030c96e4951a4f2d301_7206469080400ed57a5373d0a9c55c59fc0.jpg?1786360529,Crystal,119,1,DRK
Wieg Wiggles,35061622,109,101,Lich,Light,100,0,61256a3e6c4f0c3dcc05469f5550d102_7206469080400ed57a5373d0a9c55c59fc0.jpg?1786358461,Crystal,116,0,WAR
Haadin Maero,25649806,110,102,Cerberus,Chaos,100,0,ab3efb60a6f01134129c732e6e60c255_777c57311d510ca65dac3c1077dee435fc0.jpg?1786359810,Crystal,108,0,RDM
Lilia Sunvale,59323692,111,103,Phoenix,Light,100,0,01173bfd4d3bd682b07d6e9ac6dafd16_5047bc596a4bab2dc7f7c120bb22dec5fc0.jpg?1786359338,Crystal,105,0,BRD
Saku Rozen,1622070,112,105,Odin,Light,100,0,76d32a46909474e4b590ee6476bfabce_644311b63b607133c989d7c1188467dafc0.jpg?1786358872,Crystal,101,3,UNK
Rain Hoshino,6160241,113,104,Moogle,Chaos,100,0,fc4a751ebc0402023f56f7934007c9ef_d7a9d5f85a29d6278ec1c7adc2c8d242fc0.jpg?1786358547,Crystal,99,0,PLD
Haki Haki,8290724,114,106,Ragnarok,Chaos,100,0,3fc43df6da1c629c59b5cdae63dee7a7_40d57ba713628f3f1ef5ef204b6d76d2fc0.jpg?1786359782,Crystal,94,0,DRG
Magidolce Magileine,39132419,115,143,Twintania,Light,100,100,088bd05d5a98251023ecb7e28a638b68_c33f640c0cdd35f7def85b8aa31a0007fc0.jpg?1786359875,Crystal,89,19,MCH
Glyceri Chosuti,30338174,116,134,Moogle,Chaos,100,100,6d93c9241424e92e6f0351d35d8b6eaa_d7a9d5f85a29d6278ec1c7adc2c8d242fc0.jpg?1786361254,Crystal,88,20,DNC
Pat Olehouse,17156873,117,107,Lich,Light,100,0,54c944c62ef7bd68e95a2a558d856482_7206469080400ed57a5373d0a9c55c59fc0.jpg?1786359093,Crystal,78,0,PLD
Baby Starz,27999014,118,114,Omega,Chaos,100,0,e8cb7daea22ff306dcc9397ecad5a4a2_39e25ac3d737c46452305eefe324372cfc0.jpg?1786360101,Crystal,75,19,DRG
Sahamaru Kamijo,13566032,118,108,Lich,Light,100,0,ab5bb27991a2037ddd8e8b0aef304406_7206469080400ed57a5373d0a9c55c59fc0.jpg?1786359389,Crystal,75,0,MCH
Renna Vorak,25421061,120,170,Raiden,Light,100,100,c2dc94bad32c136ebcdcb42ec56ba1c3_a370664d98f658f4ed4e620f378f73cdfc0.jpg?1786360491,Crystal,72,17,PLD
Akito Kotomine,14113084,121,109,Cerberus,Chaos,100,0,6535eaee5701ca6c10beffbfc70273c9_777c57311d510ca65dac3c1077dee435fc0.jpg?1786359156,Crystal,70,0,RPR
Feri De,32873333,121,109,Twintania,Light,100,0,04fae792c920333e5bdc3287c0df72e4_c33f640c0cdd35f7def85b8aa31a0007fc0.jpg?1786358858,Crystal,70,0,WHM
Gaspard Deguingoix,11032081,123,112,Moogle,Chaos,100,0,b9283e6a6be9cd219ee0afea98546775_d7a9d5f85a29d6278ec1c7adc2c8d242fc0.jpg?1786359235,Crystal,68,3,RDM
Magic Beans,43732030,123,111,Phoenix,Light,100,0,4a7e75e2be4f70e389e8807cc1d2b885_5047bc596a4bab2dc7f7c120bb22dec5fc0.jpg?1786360498,Crystal,68,0,PCT
Bing Bing,50857849,125,114,Odin,Light,100,0,1a2b77cf04680b9bfe1c19f07f9f1f44_644311b63b607133c989d7c1188467dafc0.jpg?1786360272,Crystal,56,0,DRK
Wimp Lo,37793632,126,120,Zodiark,Light,100,0,45ed053d252c3a44eabe55329426aa37_c274370774c6bc3483cc8740805f41bcfc0.jpg?1786359644,Crystal,52,10,SAM
Guimiko Miko,54285624,127,117,Moogle,Chaos,100,0,610c37aeb64c6149d7c6d5ea93a8114e_d7a9d5f85a29d6278ec1c7adc2c8d242fc0.jpg?1786359600,Crystal,50,0,PCT
Alex Rider,18844824,128,118,Raiden,Light,100,0,88e1d370b1f9d1b22933e6476449b463_a370664d98f658f4ed4e620f378f73cdfc0.jpg?1786358509,Crystal,47,0,SMN
Ultimo Tower,13765195,129,207,Odin,Light,100,100,f3f293a7802e54bc6d3f5c2ceb6f4902_644311b63b607133c989d7c1188467dafc0.jpg?1786359800,Crystal,46,13,SMN
Pattinger Kersel,8183392,130,119,Raiden,Light,100,0,4fec5839fc0fc0bba3a80fc4e1910660_a370664d98f658f4ed4e620f378f73cdfc0.jpg?1786359935,Crystal,44,0,WAR
Sotek Scherwil,486374,131,121,Twintania,Light,100,0,c881840c18d6c9fc415801f5f8240174_c33f640c0cdd35f7def85b8aa31a0007fc0.jpg?1786361116,Crystal,37,0,DRK
Sakurane Zero'yuurai,13075529,132,122,Ragnarok,Chaos,100,0,b65369d4b043831749f5fa45d2428e30_40d57ba713628f3f1ef5ef204b6d76d2fc0.jpg?1786361054,Crystal,31,0,PCT
Shadow Aya,54551815,133,123,Zodiark,Light,100,0,5ca13f39db9eefc50e8e57be73e7254e_c274370774c6bc3483cc8740805f41bcfc0.jpg?1786359485,Crystal,30,0,DRK
Ka La,18103622,134,209,Ragnarok,Chaos,100,100,79cb69a4d9a7535c8ee4e2bbfc9b2a1d_40d57ba713628f3f1ef5ef204b6d76d2fc0.jpg?1786360270,Crystal,28,14,WAR
Ebin Almsivi,35310847,135,124,Shiva,Light,100,0,0c72e527d2d86c2ee8f4698832e880b5_3fbff0e6b620e4d259dc427abc6574dafc0.jpg?1786360496,Crystal,23,0,PLD
Luca Natura,26126798,135,124,Omega,Chaos,100,0,aee9a8f332f96a4c5a45923c0e82782a_39e25ac3d737c46452305eefe324372cfc0.jpg?1786360823,Crystal,23,0,GSM
Vanilla Blossom,41496807,135,124,Moogle,Chaos,100,0,b0e7d1b464d155d8791692fe2e47299d_d7a9d5f85a29d6278ec1c7adc2c8d242fc0.jpg?1786360456,Crystal,23,0,PCT
Yuripa Arashi,37731658,135,124,Shiva,Light,100,0,73ff0d0b3cc5f92ec79dabffa2bedf80_3fbff0e6b620e4d259dc427abc6574dafc0.jpg?1786358864,Crystal,23,0,WAR
Ayrelinia Saelinire,41821402,139,197,Spriggan,Chaos,100,100,8604bb768bf59461e5f44eef46ee9961_feaf0a2e88ff164813fbc9b85876fa48fc0.jpg?1786358681,Crystal,20,9,WAR
Yuumi Fish,25707217,140,129,Cerberus,Chaos,100,0,1a7ebbda26c28eb61f262b9fb37e8c6e_777c57311d510ca65dac3c1077dee435fc0.jpg?1786358105,Crystal,18,0,BTN
Kyouko Owo,25629243,141,147,Louisoix,Chaos,100,100,4fbeb17208a00397ad05eebfc2d20d2f_0a122616f3718d3f45cab10fd8fc1604fc0.jpg?1786358095,Crystal,15,3,WHM
Themis Sol,47563479,142,210,Shiva,Light,100,100,6640d69e3c987c86a5b702d852d86325_3fbff0e6b620e4d259dc427abc6574dafc0.jpg?1786357779,Crystal,13,5,AST
Moki Moki,14235486,143,130,Odin,Light,100,0,82d3ef8d03fa7a6ddf4429f15fd296a2_644311b63b607133c989d7c1188467dafc0.jpg?1786360471,Crystal,1,0,WAR
Snap Ringer,18714030,143,130,Omega,Chaos,100,0,77577ce781d587b133c9c53da0974817_39e25ac3d737c46452305eefe324372cfc0.jpg?1786360354,Crystal,1,0,FSH
Limit Cat,37849108,145,132,Lich,Light,100,0,5b03795e0323d8633451ea410c4aeced_7206469080400ed57a5373d0a9c55c59fc0.jpg?1786358027,Crystal,0,0,MNK
Khorasan Ataraxia,47289604,146,133,Shiva,Light,0,0,721a6c9c723209b16696818df4cf0c93_3fbff0e6b620e4d259dc427abc6574dafc0.jpg?1786358617,Diamond,156,9,UNK
Jou Bright,26172504,147,169,Shiva,Light,0,0,80f6d86c4118e80a4c51ba20920a1384_3fbff0e6b620e4d259dc427abc6574dafc0.jpg?1786360730,Diamond,102,23,BRD
Rave Bae,47220633,148,135,Alpha,Light,0,0,e640b0d43fa0078b032cbecc50b4e94c_6132295fcf5570fb8b0a944ef322a598fc0.jpg?1786360839,Diamond,61,0,SGE
Sin Mirrorslave,43994621,149,175,Raiden,Light,0,0,3f8e3345c252d3f9b50e27c481f91100_a370664d98f658f4ed4e620f378f73cdfc0.jpg?1786358834,Diamond,31,16,UNK
Ark Kekko,50821807,150,138,Omega,Chaos,0,0,b81b1c241e98f7a5f9b9c81665be1243_39e25ac3d737c46452305eefe324372cfc0.jpg?1786357799,Diamond,70,11,SGE
Sangon Yukihoshi,11533024,151,139,Raiden,Light,0,0,d5814159d4f4b2afaa562891375a7b01_a370664d98f658f4ed4e620f378f73cdfc0.jpg?1786358687,Diamond,43,5,GNB
Aris Oz,41983172,152,140,Zodiark,Light,0,0,abbd4cf51609bf59977c5b4850c4c351_c274370774c6bc3483cc8740805f41bcfc0.jpg?1786358100,Diamond,28,0,WAR
Irmele Elandris,13301011,152,0,Odin,Light,0,0,545d79c172c687ee4ac495ceca89d9dd_644311b63b607133c989d7c1188467dafc0.jpg?1786358072,Diamond,28,25,MIN
Littlebard Crits,44849524,154,141,Lich,Light,0,0,85155be3d7c3c8936c428085496b1e8d_7206469080400ed57a5373d0a9c55c59fc0.jpg?1786357873,Diamond,9,0,UNK
Aragorn Pendragon,9019127,155,142,Ragnarok,Chaos,0,0,87aef8a41356f31d322683bdf3e6103b_40d57ba713628f3f1ef5ef204b6d76d2fc0.jpg?1786360095,Diamond,72,1,MNK
Lavender Yumori,47189865,156,144,Phoenix,Light,0,0,c0a56a85a3c082e0dd3b96359531f30f_5047bc596a4bab2dc7f7c120bb22dec5fc0.jpg?1786357935,Diamond,66,0,DNC
Princess Emi,5884527,157,145,Twintania,Light,0,0,4ab2080550ab1fb15ca76fbfe8e8d512_c33f640c0cdd35f7def85b8aa31a0007fc0.jpg?1786358424,Diamond,57,0,WHM
Ino Based,41531397,158,146,Alpha,Light,0,0,ae8562754d31616305226909752bc4fd_6132295fcf5570fb8b0a944ef322a598fc0.jpg?1786359799,Diamond,39,0,VPR
Acacia Strain,43137076,159,177,Raiden,Light,0,0,8678948c8fea34b563980d4a6da37e32_a370664d98f658f4ed4e620f378f73cdfc0.jpg?1786359329,Diamond,195,15,SMN
Staz Hellcat,8016319,160,155,Cerberus,Chaos,0,0,c7e860ceda35e35e41bca47bf02624be_777c57311d510ca65dac3c1077dee435fc0.jpg?1786360676,Diamond,134,15,DRK
Roy Dimgao,29524655,161,149,Omega,Chaos,0,0,320af7149c63c337e5826c2c2cc1bf37_39e25ac3d737c46452305eefe324372cfc0.jpg?1786359534,Diamond,104,16,WHM
Benedikta Cucumber,55428569,162,148,Sagittarius,Chaos,0,0,1091166e96bfe839d8a067a8fc27848a_44ca0844398b2d010d8cd4a31ddb023dfc0.jpg?1786360757,Diamond,100,0,SAM
Lu' Bu',21757305,163,150,Odin,Light,0,0,20b9e744e2190850310da72ffaf5c5d4_644311b63b607133c989d7c1188467dafc0.jpg?1786359082,Diamond,72,12,VPR
Keylinda Heliopsis,44659154,164,152,Moogle,Chaos,0,0,aae227ec83063cc479b9c5f6fb803e66_d7a9d5f85a29d6278ec1c7adc2c8d242fc0.jpg?1786358280,Diamond,49,13,AST
Leenar Raim,45005021,165,151,Raiden,Light,0,0,cd15b6146d9e895f605fe9d8aa6e46d2_a370664d98f658f4ed4e620f378f73cdfc0.jpg?1786361282,Diamond,43,0,DRG
Magisa Vale,43527083,166,153,Phoenix,Light,0,0,50d54724458e52e82fcfc6d537b9e001_5047bc596a4bab2dc7f7c120bb22dec5fc0.jpg?1786359034,Diamond,33,10,SGE
Yuki Shinryu,18457903,167,188,Omega,Chaos,0,0,7c3380880e156cefcc0afc85574b6091_39e25ac3d737c46452305eefe324372cfc0.jpg?1786360185,Diamond,20,11,WHM
Lia Lothje,30611623,168,154,Odin,Light,0,0,12f34ee0f0d0404c9b47a7fea301f068_644311b63b607133c989d7c1188467dafc0.jpg?1786359333,Diamond,12,0,WAR
Erion Hein,39135014,169,156,Twintania,Light,0,0,ba6bc1e1e70e5f3402d91ecfcf7d01e8_c33f640c0cdd35f7def85b8aa31a0007fc0.jpg?1786358516,Diamond,116,6,SMN
Deme Tayuun,14832348,170,163,Lich,Light,0,0,ae2fb7b7ac8ad3f92247efdd9fade6e7_7206469080400ed57a5373d0a9c55c59fc0.jpg?1786361228,Diamond,92,10,VPR
Blunt Man,35300195,171,157,Louisoix,Chaos,0,0,bfddeb1fd8c57b9259f8bb179dd8158b_0a122616f3718d3f45cab10fd8fc1604fc0.jpg?1786358198,Diamond,67,0,GNB
Sheidyn Windsor,30282791,172,158,Omega,Chaos,0,0,e3eaa192d0e2b6192580f940474cd0b5_39e25ac3d737c46452305eefe324372cfc0.jpg?1786358869,Diamond,33,0,SAM
Yoe Lleufyn,28631681,173,166,Phoenix,Light,0,0,9584dd8fac44ba749b0855105a0e29e9_5047bc596a4bab2dc7f7c120bb22dec5fc0.jpg?1786360780,Diamond,31,3,PCT
Decha Kirk,32806624,174,187,Moogle,Chaos,0,0,e50b415f85b832de8463247f434991ce_d7a9d5f85a29d6278ec1c7adc2c8d242fc0.jpg?1786360868,Diamond,27,4,MCH
Fandrix Shadowsong,36051326,175,159,Louisoix,Chaos,0,0,e8515941184b5c25f2622f1899a0969a_0a122616f3718d3f45cab10fd8fc1604fc0.jpg?1786358105,Diamond,21,0,RPR
Gwen Farron,10011051,176,160,Ragnarok,Chaos,0,0,3348ff23f3315e0457aa0694f655e953_40d57ba713628f3f1ef5ef204b6d76d2fc0.jpg?1786360648,Diamond,16,0,VPR
Erika Avellana,45153856,177,161,Alpha,Light,0,0,d52954932b2c20e3d303cb8cf101f3eb_6132295fcf5570fb8b0a944ef322a598fc0.jpg?1786359951,Diamond,249,1,WHM
Duessa Fidessa,47722925,178,201,Louisoix,Chaos,0,0,3e992addf0aaeeda98883cfe0443f4c4_0a122616f3718d3f45cab10fd8fc1604fc0.jpg?1786358999,Diamond,104,4,SAM
Hegel Gil,25438753,179,162,Omega,Chaos,0,0,5ed500fc1dd1d9cbbc95000a80326ff7_39e25ac3d737c46452305eefe324372cfc0.jpg?1786357869,Diamond,96,0,WAR
Nana Usui,34696904,180,164,Moogle,Chaos,0,0,abd9e807ccb2486ea89e3deab9cc56d2_d7a9d5f85a29d6278ec1c7adc2c8d242fc0.jpg?1786357782,Diamond,74,3,AST
Durinta Borlaaq,37706432,181,165,Twintania,Light,0,0,5f122a4f83176fe089d903a59809e108_c33f640c0cdd35f7def85b8aa31a0007fc0.jpg?1786360102,Diamond,37,0,SCH
Mhia Mewrilah,26716262,182,167,Omega,Chaos,0,0,6b70c463b87dca3437d37504f74aad3b_39e25ac3d737c46452305eefe324372cfc0.jpg?1786361046,Diamond,20,0,WHM
Autuas Au,37357840,183,0,Phantom,Chaos,0,0,5c8929453beb42fb1a167e93eca11abf_f0a43d6e5eea19af337a176e9836acddfc0.jpg?1786357904,Diamond,7,0,UNK
Lina Sunstar,52075433,184,168,Spriggan,Chaos,0,0,d60c4576e74acfcd0ed77a6ea5d48800_feaf0a2e88ff164813fbc9b85876fa48fc0.jpg?1786359021,Diamond,114,0,WHM
Vyn Silvair,21908199,185,171,Shiva,Light,0,0,05a4597e1e8ad1e87cfc4aab88be286c_3fbff0e6b620e4d259dc427abc6574dafc0.jpg?1786358049,Diamond,54,1,GNB
Sho'zhirr Shizahi-jo,28092848,186,185,Phoenix,Light,0,0,c6923f91c3f9e08d53d38488a3040788_5047bc596a4bab2dc7f7c120bb22dec5fc0.jpg?1786360120,Diamond,41,1,UNK
Nicco Sushi,42846008,187,172,Alpha,Light,0,0,ffcb0ee6f92ba9224ade0ee2b0e9917b_6132295fcf5570fb8b0a944ef322a598fc0.jpg?1786359108,Diamond,36,0,GNB
Lawr Hawk,28248881,188,195,Odin,Light,0,0,e241b26df61ea0e201b637a7ae6c4cd4_644311b63b607133c989d7c1188467dafc0.jpg?1786358902,Diamond,27,7,MCH
Neppie Nen,38644421,189,173,Phoenix,Light,0,0,6744f6c777bfc017ed7318054ef44f3d_5047bc596a4bab2dc7f7c120bb22dec5fc0.jpg?1786360158,Diamond,25,0,MCH
Isca Mog,32212471,190,174,Zodiark,Light,0,0,e47f3ccc4bd8599193929766ab0abd2c_c274370774c6bc3483cc8740805f41bcfc0.jpg?1786358086,Diamond,19,0,RDM
Tsuguri Tempest,8093380,191,176,Moogle,Chaos,0,0,673dd69d52b7f7c210bb231091fd1922_d7a9d5f85a29d6278ec1c7adc2c8d242fc0.jpg?1786358154,Diamond,5,0,VPR
Tsu Kee,47596814,192,199,Zodiark,Light,0,0,df5063d6db141a1bc921d4623e08a366_c274370774c6bc3483cc8740805f41bcfc0.jpg?1786359956,Diamond,158,8,WAR
Naralis A'roihan,35460975,193,178,Odin,Light,0,0,39833ac3dfdbb3ea64ab911763fea294_644311b63b607133c989d7c1188467dafc0.jpg?1786358243,Diamond,128,0,SCH
Minmo Dev,7902844,194,179,Zodiark,Light,0,0,782214fa536a78747ce926bd4967671f_c274370774c6bc3483cc8740805f41bcfc0.jpg?1786361048,Diamond,108,0,SAM
Feral Jorex,21749898,195,180,Odin,Light,0,0,f9027c778862384a6ae4224efd2fe7c3_644311b63b607133c989d7c1188467dafc0.jpg?1786359459,Diamond,79,9,SMN
Dundee Nic'hpisfa,35976824,196,181,Odin,Light,0,0,8eda92b5ce2e258786d149b7cb349e09_644311b63b607133c989d7c1188467dafc0.jpg?1786359081,Diamond,62,0,BRD
Leia Leia,61767715,197,182,Twintania,Light,0,0,da1bea022b3ca64e80681b4a30a9d7e1_c33f640c0cdd35f7def85b8aa31a0007fc0.jpg?1786358493,Diamond,58,0,UNK
Rin Tanaka,24116937,198,183,Phoenix,Light,0,0,05caa52c69a69c31a889325a1f319530_5047bc596a4bab2dc7f7c120bb22dec5fc0.jpg?1786361087,Diamond,50,0,WHM
Zaiko Kazer,29649679,199,184,Lich,Light,0,0,ab5b87afe7d1d53f8a61b85e0c0d0e8d_7206469080400ed57a5373d0a9c55c59fc0.jpg?1786360227,Diamond,48,0,DRK
Tisha Adori,32551351,200,186,Zodiark,Light,0,0,a1f13f2decf7933275b7ce63051dc06f_c274370774c6bc3483cc8740805f41bcfc0.jpg?1786358525,Diamond,32,0,MCH
Roomi Mae,47248743,201,189,Raiden,Light,0,0,770a624522dc3f95ef75247a554dceb7_a370664d98f658f4ed4e620f378f73cdfc0.jpg?1786359533,Diamond,5,0,MIN
Crystalia Aguilau'ra,51094995,202,190,Phantom,Chaos,0,0,e8e576c74bb3b06299949b7258aa8c6b_f0a43d6e5eea19af337a176e9836acddfc0.jpg?1786361217,Diamond,269,12,UNK
Riku Yamamoto,50962515,203,191,Raiden,Light,0,0,2737e3393944ab82a3eec48071df16a8_a370664d98f658f4ed4e620f378f73cdfc0.jpg?1786360178,Diamond,105,5,DRK
Ye Jin,49057312,204,192,Alpha,Light,0,0,c230435310db6e112e461dbdcafe4cf0_6132295fcf5570fb8b0a944ef322a598fc0.jpg?1786358603,Diamond,79,2,UNK
Lu Mi,47806406,205,238,Raiden,Light,0,0,c8d19bad38e9523a4db779b2bf514973_a370664d98f658f4ed4e620f378f73cdfc0.jpg?1786359327,Diamond,59,8,RDM
Monoplof Stormbringer,25662739,206,193,Raiden,Light,0,0,8d6ac074a075b30c794a796a54a7b6dc_a370664d98f658f4ed4e620f378f73cdfc0.jpg?1786360906,Diamond,42,0,WAR
Victoria Nyala,43751055,207,194,Phoenix,Light,0,0,d41ca298e2f03ee2273aca61640ebce0_5047bc596a4bab2dc7f7c120bb22dec5fc0.jpg?1786360370,Diamond,26,1,WAR
Kihn Shirudo,43951482,208,229,Spriggan,Chaos,0,0,2e619166d10daa6082c54563a5af17ff_feaf0a2e88ff164813fbc9b85876fa48fc0.jpg?1786360195,Diamond,23,5,FSH
Sir Azmuth,21784845,209,196,Lich,Light,0,0,aaa9e4ee439eaa5d584760975605186f_7206469080400ed57a5373d0a9c55c59fc0.jpg?1786357788,Diamond,21,7,RDM
Remy Galleu,52837552,210,198,Alpha,Light,0,0,1c98cde60dda0890554eff5601f7b441_6132295fcf5570fb8b0a944ef322a598fc0.jpg?1786359541,Diamond,7,0,UNK
Rem Minase,15335467,211,200,Ragnarok,Chaos,0,0,6f4b9532213e5ed122fcac3e5c3b4cc5_40d57ba713628f3f1ef5ef204b6d76d2fc0.jpg?1786357783,Diamond,121,2,SMN
Bagel Egg,18929023,212,223,Omega,Chaos,0,0,f655117235b1c0d199ca39849579a631_39e25ac3d737c46452305eefe324372cfc0.jpg?1786360478,Diamond,103,5,BLM
Vic Strider,53817077,213,202,Raiden,Light,0,0,64d68250fabd33e4972dcba2d2638d6c_a370664d98f658f4ed4e620f378f73cdfc0.jpg?1786359863,Diamond,71,0,FSH
Vincent God,14069867,214,203,Phoenix,Light,0,0,7d8e17eab1b900c1741204dbf199eb48_5047bc596a4bab2dc7f7c120bb22dec5fc0.jpg?1786360694,Diamond,67,0,MCH
Mizu Shimizu,41402391,215,204,Twintania,Light,0,0,b745f1d87ccd905d96d6b6ca49092222_c33f640c0cdd35f7def85b8aa31a0007fc0.jpg?1786359951,Diamond,55,0,UNK
Queenie Skyfrost,34868775,216,205,Odin,Light,0,0,4c0182a4bd02a557a3e29b795c1e0b9c_644311b63b607133c989d7c1188467dafc0.jpg?1786357789,Diamond,53,0,SMN
Core Flare,44609138,217,214,Raiden,Light,0,0,4d277108d876101c6b97212a26f6bc97_a370664d98f658f4ed4e620f378f73cdfc0.jpg?1786359994,Diamond,47,6,VPR
Lolarita Rorry,39677497,218,206,Odin,Light,0,0,3c990f7c55a34985fb496735b20a6b10_644311b63b607133c989d7c1188467dafc0.jpg?1786359305,Diamond,46,0,DNC
Krek Balflear,48912824,219,208,Sagittarius,Chaos,0,0,3ddedc4fdcf35465d04f99e2b4737a9f_44ca0844398b2d010d8cd4a31ddb023dfc0.jpg?1786361081,Diamond,29,0,RPR
Charon Tesar,2860491,220,211,Shiva,Light,0,0,71fb4ffe6d15608a77682afdbdef53d7_3fbff0e6b620e4d259dc427abc6574dafc0.jpg?1786359937,Diamond,80,0,SAM
Zerith Ars,7801227,221,212,Zodiark,Light,0,0,d9b23bac7d7203e071be18c6932a61a8_c274370774c6bc3483cc8740805f41bcfc0.jpg?1786358939,Diamond,53,0,BLM
Akurei Amotanius,36595921,222,213,Odin,Light,0,0,ca5d9f24b62995e3bcb5d25cc576fc70_644311b63b607133c989d7c1188467dafc0.jpg?1786361076,Diamond,42,0,MNK
Stephanie Dolla,28876458,223,215,Lich,Light,0,0,753eeef7260d5b48fedb9d189d2b51ca_7206469080400ed57a5373d0a9c55c59fc0.jpg?1786359786,Diamond,33,0,GNB
Catlisaie Leveilleur,38928587,224,216,Sagittarius,Chaos,0,0,b49cedcc9313e5b78f3c3e17f3a3b68c_44ca0844398b2d010d8cd4a31ddb023dfc0.jpg?1786360911,Diamond,19,4,PLD
Brindacier Alomon,26055030,225,216,Phoenix,Light,0,0,fbefc8262b34e93b398aa2dde0c2e4b8_5047bc596a4bab2dc7f7c120bb22dec5fc0.jpg?1786360140,Diamond,15,0,PLD
Dopa Mine,44403027,226,242,Phantom,Chaos,0,0,8d27501fd3361cf138655132263db4b5_f0a43d6e5eea19af337a176e9836acddfc0.jpg?1786357856,Diamond,12,10,BLM
Mina Ha,50543888,226,218,Raiden,Light,0,0,712f53c2b6ed3bc9fa9cc0b0b60a16d7_a370664d98f658f4ed4e620f378f73cdfc0.jpg?1786358110,Diamond,12,0,SCH
Taivas L'tulta,46948666,228,219,Odin,Light,0,0,30ba088e17b99c9f748bd47b4ff33fb4_644311b63b607133c989d7c1188467dafc0.jpg?1786360585,Diamond,10,0,WHM
Astral Highwind,29689702,229,220,Omega,Chaos,0,0,97af63b900951c4e5b86b87e21f0d233_39e25ac3d737c46452305eefe324372cfc0.jpg?1786359709,Diamond,3,0,DRK
Yamakaji Edo'sen,22194618,229,0,Moogle,Chaos,0,0,d7972041e4c6c98f2e38ec21d2bc56c2_d7a9d5f85a29d6278ec1c7adc2c8d242fc0.jpg?1786358290,Diamond,3,0,UNK
Dacien Darlett,3339751,231,221,Odin,Light,0,0,0311b8a0924e142c3f1da4b81f645156_644311b63b607133c989d7c1188467dafc0.jpg?1786359302,Diamond,117,0,VPR
Gabriel Zephyrus,11099535,232,222,Zodiark,Light,0,0,fb5c6913d0c275952def0841ab82887f_c274370774c6bc3483cc8740805f41bcfc0.jpg?1786358159,Diamond,112,3,RPR
Laville Burns,44676490,233,267,Alpha,Light,0,0,1999bb362905ab6ad44fa2e8931ef3dc_6132295fcf5570fb8b0a944ef322a598fc0.jpg?1786359884,Diamond,108,7,RDM
Athena Olympe,44680885,234,245,Sagittarius,Chaos,0,0,7e7afe9e9cebc29cee3220c1e0530540_44ca0844398b2d010d8cd4a31ddb023dfc0.jpg?1786359504,Diamond,91,9,BLM
Merily Marlin,52216084,235,224,Louisoix,Chaos,0,0,1b485637d5f1df89d363a45b95cba49c_0a122616f3718d3f45cab10fd8fc1604fc0.jpg?1786359213,Diamond,83,0,RPR
Rinne Arryn,28659392,236,248,Lich,Light,0,0,ccaa6881b10221d6509a436bc761d3c5_7206469080400ed57a5373d0a9c55c59fc0.jpg?1786357936,Diamond,65,1,UNK
Lolorei Lalarei,3686155,237,225,Omega,Chaos,0,0,da6ff12e4effc4cbacfe1b954f1c3bf5_39e25ac3d737c46452305eefe324372cfc0.jpg?1786359545,Diamond,64,17,GNB
Dessy Moonwalker,30980737,238,226,Zodiark,Light,0,0,e34bce9409ca557af54cb198e3aec31b_c274370774c6bc3483cc8740805f41bcfc0.jpg?1786360826,Diamond,43,0,RDM
Feru Gray,23862847,239,280,Phoenix,Light,0,0,92d6f7ccce171db148f573ffecc8e15d_5047bc596a4bab2dc7f7c120bb22dec5fc0.jpg?1786358926,Diamond,36,3,GNB
Smoothie Sour,42056621,239,227,Zodiark,Light,0,0,247388cdfc4db1451cf9df83cce7b3a1_c274370774c6bc3483cc8740805f41bcfc0.jpg?1786358991,Diamond,36,0,MCH
Rei Dassario,24597443,241,228,Raiden,Light,0,0,a51ce0a687a31ff3b67287e80ea30aed_a370664d98f658f4ed4e620f378f73cdfc0.jpg?1786359383,Diamond,32,1,VPR
Diarmuidia Ua-dibhne,60435376,242,0,Cerberus,Chaos,0,0,5d9b7dcb4848e335ad4a88c0dc644669_777c57311d510ca65dac3c1077dee435fc0.jpg?1786359647,Diamond,29,7,VPR
Mestari Kalastaja,38441307,243,230,Omega,Chaos,0,0,52dc7dc38ddeaaedbae9f2b43a6ca546_39e25ac3d737c46452305eefe324372cfc0.jpg?1786360564,Diamond,17,0,WHM
Izuma Knox,48747330,244,231,Spriggan,Chaos,0,0,e4ecfd700fe3f6df45f6409e46a09d8b_feaf0a2e88ff164813fbc9b85876fa48fc0.jpg?1786357985,Diamond,9,0,SCH
Lion Lad,60548427,244,231,Phantom,Chaos,0,0,69af2e062eb7ba4549c964e1fbc8b79e_f0a43d6e5eea19af337a176e9836acddfc0.jpg?1786357754,Diamond,9,0,GNB
Wept Sama,51306317,246,0,Louisoix,Chaos,0,0,26258172f2f7d8adbd729f60cdc1b12d_0a122616f3718d3f45cab10fd8fc1604fc0.jpg?1786359987,Diamond,7,0,SAM
Endorel Soro,12949151,247,233,Alpha,Light,0,0,038b9a835f84a3b80a8a467605d3dd8c_6132295fcf5570fb8b0a944ef322a598fc0.jpg?1786358698,Diamond,6,0,UNK
Mirajane Hylian,24248886,247,233,Omega,Chaos,0,0,32bbb40f8ae6e32a1317f2919c7a1a42_39e25ac3d737c46452305eefe324372cfc0.jpg?1786358674,Diamond,6,0,RDM
Altrios Alrun,37280856,249,235,Odin,Light,0,0,eed006603ff3859a7471671dcb9c221c_644311b63b607133c989d7c1188467dafc0.jpg?1786359095,Diamond,3,0,GNB
Manji Haq,30381529,250,236,Shiva,Light,0,0,1840291846e97e46d3053d2cb9351608_3fbff0e6b620e4d259dc427abc6574dafc0.jpg?1786361109,Diamond,101,10,SMN
Jalsket Pirated,40728416,251,237,Zodiark,Light,0,0,18ffb968d4a5a0c03d5e251516a2c3aa_c274370774c6bc3483cc8740805f41bcfc0.jpg?1786360268,Diamond,91,2,NIN
Airi Rhitik,2286171,252,239,Moogle,Chaos,0,0,0e7c747879926e0f575c8444323c478f_d7a9d5f85a29d6278ec1c7adc2c8d242fc0.jpg?1786357954,Diamond,45,2,AST
Shiva Dorys,36432577,253,240,Phoenix,Light,0,0,df6ee6331f96148f2b97966d8a3e2a5a_5047bc596a4bab2dc7f7c120bb22dec5fc0.jpg?1786359801,Diamond,33,0,SMN
Ossim Numine,26339671,254,283,Spriggan,Chaos,0,0,c5d164dd5b0090daf2749023d8296214_feaf0a2e88ff164813fbc9b85876fa48fc0.jpg?1786359873,Diamond,26,1,DRK
Ny Aa,49048302,255,241,Zodiark,Light,0,0,a75fda4dbe97ffbaf98a55c7ea86fa64_c274370774c6bc3483cc8740805f41bcfc0.jpg?1786358611,Diamond,4,0,RDM
Certin Ferocia,26600453,256,242,Spriggan,Chaos,0,0,528919b4d45df00513ad6c80440fc2f4_feaf0a2e88ff164813fbc9b85876fa48fc0.jpg?1786360851,Diamond,2,0,WHM
Maru Tani,58799026,256,242,Alpha,Light,0,0,b632027978294d1f77f2347d48fc3704_6132295fcf5570fb8b0a944ef322a598fc0.jpg?1786361110,Diamond,2,0,SCH
Fay Fury,13801627,258,246,Alpha,Light,0,0,c8bf2d24d3b66a91e8891eb6b4043bd8_6132295fcf5570fb8b0a944ef322a598fc0.jpg?1786357857,Diamond,87,7,UNK
Dramatic Khau,56426818,259,247,Lich,Light,0,0,bc3412b0b30a77b483f87b253d84d78f_7206469080400ed57a5373d0a9c55c59fc0.jpg?1786360770,Diamond,79,1,WHM
Yorda Dormin,35730883,260,249,Phantom,Chaos,0,0,37968b7968327b583f23e52d999337f9_f0a43d6e5eea19af337a176e9836acddfc0.jpg?1786359291,Diamond,52,8,UNK
Vermilion Rose,4596210,261,250,Phantom,Chaos,0,0,6eeb39ac8e979b57130040ff257bf772_f0a43d6e5eea19af337a176e9836acddfc0.jpg?1786359382,Diamond,43,0,DRK
Leizi Doomie,47973424,262,251,Omega,Chaos,0,0,35e6c296ac2a3e1f720238508a30d7a5_39e25ac3d737c46452305eefe324372cfc0.jpg?1786361098,Diamond,35,0,MIN
Saki Aiko,58256956,263,252,Zodiark,Light,0,0,f65bf40d95342ebe3141def95c5232bc_c274370774c6bc3483cc8740805f41bcfc0.jpg?1786358572,Diamond,34,0,WHM
Mono Lith,59519255,264,253,Omega,Chaos,0,0,2d12a270aa7b3b097c78dcc93127e881_39e25ac3d737c46452305eefe324372cfc0.jpg?1786359165,Diamond,29,0,RPR
Melili Nalili,60720700,265,254,Twintania,Light,0,0,24a7b96fbc052a40de9c6f7809fe72fe_c33f640c0cdd35f7def85b8aa31a0007fc0.jpg?1786359700,Diamond,28,3,GNB
Kai Usami,51704875,266,255,Raiden,Light,0,0,de98603cf09d40c4587c720f86e73817_a370664d98f658f4ed4e620f378f73cdfc0.jpg?1786361266,Diamond,19,0,UNK
Diggoo Jumalxtenlavis,21389976,267,256,Zodiark,Light,0,0,ae5b9d280ccfc178e7b74cd839ec5e43_c274370774c6bc3483cc8740805f41bcfc0.jpg?1786358177,Diamond,12,0,VPR
Mer Lin,50434149,268,257,Spriggan,Chaos,0,0,52a13256ecf71bc72e25a6b211b196c8_feaf0a2e88ff164813fbc9b85876fa48fc0.jpg?1786361233,Diamond,7,0,BRD
Red Fluffy,41965323,269,259,Shiva,Light,0,0,6e4c702e77f55eff42d4c42a07f242db_3fbff0e6b620e4d259dc427abc6574dafc0.jpg?1786359704,Diamond,5,2,GNB
Laurie Adorable,48647813,270,258,Spriggan,Chaos,0,0,cae3f1cbe01c3d143b588c054809c02b_feaf0a2e88ff164813fbc9b85876fa48fc0.jpg?1786359119,Diamond,4,0,WHM
Xiex Xie,40733160,271,259,Zodiark,Light,0,0,f253e0943a65dac103a6dfd764a01f52_c274370774c6bc3483cc8740805f41bcfc0.jpg?1786361296,Diamond,3,0,VPR
Ash Dreadsaint,16641514,272,261,Alpha,Light,0,0,35babc8a56d97c1de09ffbf594068bd0_6132295fcf5570fb8b0a944ef322a598fc0.jpg?1786358288,Diamond,1,0,BLM
Faly Linh,32024155,272,261,Spriggan,Chaos,0,0,2c0bc07b4ce467f3fb61eed172593a41_feaf0a2e88ff164813fbc9b85876fa48fc0.jpg?1786358098,Diamond,1,0,UNK
Jean Eclair,2900310,272,261,Louisoix,Chaos,0,0,7adf7a428285818f2884e78fe04bd4d8_0a122616f3718d3f45cab10fd8fc1604fc0.jpg?1786358054,Diamond,1,0,WHM
Rifula Ruivre,2224873,272,261,Alpha,Light,0,0,47995b925a7f5c18a76967fce75b8bb9_6132295fcf5570fb8b0a944ef322a598fc0.jpg?1786359531,Diamond,1,0,UNK
Roostar Luna,8325105,272,261,Moogle,Chaos,0,0,68034435c8a0a8835a6400d6edf49f9c_d7a9d5f85a29d6278ec1c7adc2c8d242fc0.jpg?1786359133,Diamond,1,0,SCH
Slayn Lockmeier,43624360,272,261,Ragnarok,Chaos,0,0,6e8ed130575c22a15b32af255b35348b_40d57ba713628f3f1ef5ef204b6d76d2fc0.jpg?1786358655,Diamond,1,0,MNK
Rose Nashi'rah,5586423,278,0,Moogle,Chaos,0,0,eabb33d9d4a68beb623fdbad8de0ccd2_d7a9d5f85a29d6278ec1c7adc2c8d242fc0.jpg?1786360495,Diamond,81,22,SMN
Ardias Wolfsherz,11752815,279,269,Lich,Light,0,0,8f0a84278162ee56f0f65bac956cc32c_7206469080400ed57a5373d0a9c55c59fc0.jpg?1786360140,Diamond,79,0,AST
Mowgar Nightslade,40238415,280,270,Shiva,Light,0,0,caf06ef1481275eaf26d0edc97985aa1_3fbff0e6b620e4d259dc427abc6574dafc0.jpg?1786358236,Diamond,65,8,NIN
Norai Tempest,38251436,281,271,Zodiark,Light,0,0,b7018360f2380ddb9010a48d596309f2_c274370774c6bc3483cc8740805f41bcfc0.jpg?1786360747,Diamond,55,0,NIN
Kiara Anima,33528154,282,272,Raiden,Light,0,0,f1bb383b8594f615718c3d7f602fc10c_a370664d98f658f4ed4e620f378f73cdfc0.jpg?1786359146,Diamond,53,0,MNK
Lise-hoi Pipeloi,29719212,283,273,Cerberus,Chaos,0,0,57c5498cda4f5b24c975d5c6ad1dad53_777c57311d510ca65dac3c1077dee435fc0.jpg?1786360227,Diamond,52,0,AST
Error Message,13464395,284,274,Odin,Light,0,0,37584823c6898787a88ec74ca750c2b7_644311b63b607133c989d7c1188467dafc0.jpg?1786359851,Diamond,45,0,MCH
Hope Carmine,31931991,284,0,Odin,Light,0,0,4d5e5c176cb534aaf44e67236bf6c171_644311b63b607133c989d7c1188467dafc0.jpg?1786358135,Diamond,45,15,BRD
Celeste Starblade,57129516,286,275,Phoenix,Light,0,0,f658a7c187303ff40c92c131f45b6f67_5047bc596a4bab2dc7f7c120bb22dec5fc0.jpg?1786360131,Diamond,42,0,SAM
Leo Wolfram,55309464,287,276,Twintania,Light,0,0,137bda326a93315b803aa0d477a79942_c33f640c0cdd35f7def85b8aa31a0007fc0.jpg?1786360060,Diamond,41,0,DRK
Niku Diaz,8249417,288,277,Odin,Light,0,0,e88ba43630f5d0c828dbcf4b479a82b4_644311b63b607133c989d7c1188467dafc0.jpg?1786357884,Diamond,40,3,MNK
Bubble Nebula,59834747,289,277,Sagittarius,Chaos,0,0,df2ae90ea247ab18117d32d9808317e8_44ca0844398b2d010d8cd4a31ddb023dfc0.jpg?1786359498,Diamond,37,0,PLD
Jektiss Shishiza,28449147,290,279,Odin,Light,0,0,ba4e836ce41c5f87fc85491f43336934_644311b63b607133c989d7c1188467dafc0.jpg?1786360852,Diamond,36,0,BRD
Creamy Succubus,36293366,291,280,Spriggan,Chaos,0,0,15e9207c6ceb24b3818eabab978be8f3_feaf0a2e88ff164813fbc9b85876fa48fc0.jpg?1786358314,Diamond,33,0,SGE
Uraraka Lunae,19968499,292,282,Louisoix,Chaos,0,0,87178981b631653f4905b195c6c49583_0a122616f3718d3f45cab10fd8fc1604fc0.jpg?1786359653,Diamond,27,0,SAM
Nihan Hex,53453486,293,284,Cerberus,Chaos,0,0,15de173462fb012d8bb6ffee6c41a2a1_777c57311d510ca65dac3c1077dee435fc0.jpg?1786358411,Diamond,24,0,NIN
Eden Sight,26795634,294,285,Zodiark,Light,0,0,0082848ea437238b52e2fc002e546579_c274370774c6bc3483cc8740805f41bcfc0.jpg?1786360345,Diamond,22,0,DRG
Rain Nox,60193350,295,286,Lich,Light,0,0,c063b7c34350713be1ce7beabd8e946e_7206469080400ed57a5373d0a9c55c59fc0.jpg?1786359352,Diamond,21,0,MIN
Lauressen Ornedwesfv,49280645,296,287,Louisoix,Chaos,0,0,36b2248a22465d5d00bf7ed02491ae4b_0a122616f3718d3f45cab10fd8fc1604fc0.jpg?1786359142,Diamond,16,0,SMN
Veritan Indaerus,21877909,297,0,Odin,Light,0,0,978a128ddf080c55e3afc742274d0c9f_644311b63b607133c989d7c1188467dafc0.jpg?1786360717,Diamond,15,11,DRG
Serphe Dot,52263876,298,288,Moogle,Chaos,0,0,9650655e67fd2c317b6785da99b8da48_d7a9d5f85a29d6278ec1c7adc2c8d242fc0.jpg?1786358825,Diamond,14,0,BRD
Gella Zenhat,16553524,299,289,Cerberus,Chaos,0,0,34542c2a2fe5b9a690d00a5565e15c1b_777c57311d510ca65dac3c1077dee435fc0.jpg?1786361153,Diamond,9,0,WHM
Sentika Thiel,31702916,300,290,Zodiark,Light,0,0,50ae19a11ef85e68cde6a1c26ccaf1d1_c274370774c6bc3483cc8740805f41bcfc0.jpg?1786359870,Diamond,7,0,NIN
Sensei Jyutusi,20995129,1,0,Chocobo,Mana,2340,0,218ddf1e9e095da9f0b9d5866f9f2d80_781d6b3603312f6be41670afa37282e0fc0.jpg?1786361105,Omega,93,0,WHM
Jay Eins,3930926,2,0,Chocobo,Mana,2098,0,31d212c5602873cad51c02ca3a1707f4_781d6b3603312f6be41670afa37282e0fc0.jpg?1786358268,Omega,61,0,MNK
Yuki Macaron-vanille,37997737,3,21,Ridill,Gaia,2087,93,87df14febf49ad8a24a323b239fb3250_138751880f18161a907d7cf0faa43f07fc0.jpg?1786357905,Omega,66,7,RDM
Ciel Cocco,27192023,4,3,Anima,Mana,2086,0,05df3829299dc9e3c4ba0bceb512525a_2f698530a28d671d20278c8518c804c9fc0.jpg?1786358937,Omega,78,0,DRK
Avail Tec,46450631,5,32,Garuda,Elemental,2085,400,174c8b1a79d654754078bef6b8c51067_fcb1f5b0249d1069e5bdc66d0796f26afc0.jpg?1786359975,Omega,78,8,SAM
Happo Hapo,59173770,6,4,Pandaemonium,Mana,2084,0,8d06d5697fa5f35516e08e77ecb4eff8_470db1bf2e865f9130531fea40b61ee4fc0.jpg?1786358641,Omega,24,0,VPR
Vivi Ann,4766157,7,5,Kujata,Elemental,2080,0,9543e197b2faf03aa21058f9deedc408_72c48f093f2278ac3243962d3eb6a8d7fc0.jpg?1786359413,Omega,55,0,NIN
Muri Puri,48472062,8,27,Ramuh,Meteor,2080,396,fcc01230b112ceb73d1f33197394d5c6_410ddb5a66a2fcacf538bec5ea5d0291fc0.jpg?1786360193,Omega,32,4,SAM
Tsuchi Tsuki,39089046,9,26,Bahamut,Gaia,2077,291,032858264c706c6341f57dbef9e86da1_86da943caa70c8694707ab2ff74e68c9fc0.jpg?1786357725,Omega,39,15,DRK
Hatozo Ito,39455624,10,6,Typhon,Elemental,2077,0,a2de1cbebb1230e8f11f0fa765df7d0f_32d8c9c7cd5f62d62da2d31b6750a680fc0.jpg?1786357873,Omega,26,0,WAR
Taroe Kobuta,8734523,11,51,Kujata,Elemental,2075,691,821347c202f7d7d6b676bd393bcdfdae_72c48f093f2278ac3243962d3eb6a8d7fc0.jpg?1786360310,Omega,160,23,RPR
Shion Amber,26147773,12,7,Unicorn,Meteor,2075,0,e2ecf01d14ce449e8393bc3f5dfc57f4_393eb74047bb90c8d80dea54218430eefc0.jpg?1786361251,Omega,32,0,AST
Imlink Rr,46726473,13,8,Bahamut,Gaia,2063,0,6c9ffcd32b7d78e8b7e09c63d130ef2a_86da943caa70c8694707ab2ff74e68c9fc0.jpg?1786359265,Omega,157,0,MCH
Sorin Maki,53900927,14,9,Durandal,Gaia,2055,0,b0d4570e39585eb6b5ba7458ff8781a7_806ea5b45071d5cd6bf393e38462ee71fc0.jpg?1786358614,Omega,84,0,WAR
Paker Zuka,35106373,15,10,Bahamut,Gaia,2044,0,1dfba22310e23cd21bd3a7481bf928e1_86da943caa70c8694707ab2ff74e68c9fc0.jpg?1786358076,Omega,69,0,UNK
Ciao' Chu-ru,46227731,16,11,Asura,Mana,2042,0,4407462a62eb8cb31cec691e9f214c86_53f1445a9f28799a32ea55f046319fc3fc0.jpg?1786358871,Omega,62,0,UNK
Death-by Glamour,50007656,17,12,Fenrir,Gaia,2038,0,73746aab8b21d5917fab43f4db6f35aa_d384cf5ad7db803f29799f36ebbc3eadfc0.jpg?1786359378,Omega,54,0,UNK
Makina Belg,23683223,18,13,Belias,Meteor,2037,0,ffed281791b6f91e5a2000e4917cfeeb_894c4bd0beab2e2beb44b74f4c4bd206fc0.jpg?1786358971,Omega,94,0,DRG
Emil Sarasun,7191072,19,14,Asura,Mana,2035,0,052a2527c0dee23533f8162c40d66898_53f1445a9f28799a32ea55f046319fc3fc0.jpg?1786358118,Omega,69,0,AST
K' R',8489348,20,15,Chocobo,Mana,2021,0,38834b79bf39846f80b605b4a592c2eb_781d6b3603312f6be41670afa37282e0fc0.jpg?1786359560,Omega,62,0,AST
Kappi Scarlet,11922639,21,16,Asura,Mana,2017,0,820f32c739a02029fdacf6c96cbf1fa4_53f1445a9f28799a32ea55f046319fc3fc0.jpg?1786358728,Omega,86,0,RPR
Devil May'cry,43140387,22,17,Chocobo,Mana,2015,0,bc38e75d4332eb0a661f158200cedb80_781d6b3603312f6be41670afa37282e0fc0.jpg?1786358412,Omega,44,0,UNK
Bakeke Bake,40527195,23,18,Asura,Mana,2007,0,2df47416611081755cf9e0cd7c586afa_53f1445a9f28799a32ea55f046319fc3fc0.jpg?1786358415,Omega,87,0,MCH
Basta Reno,31797927,24,25,Carbuncle,Elemental,2007,200,22b32c1986bb9c2732e5f877f7cbdbd6_9eb3c19866f7ae0eeeffac7bf770aba5fc0.jpg?1786359418,Omega,59,6,DRK
Naku Cha,51398763,25,19,Zeromus,Meteor,2005,0,d1f355424cec05811e0f15dc0a707de5_c76848359d0b4d2f37aefbb9903ed97bfc0.jpg?1786360940,Omega,33,0,NIN
Robs Wiz,47501636,26,20,Aegis,Elemental,2001,0,24b0e4e155ae76da2a553003980ac156_3ea38e723c590aabf186367e1eb7e6a1fc0.jpg?1786360975,Omega,138,0,DRG
Ajika Rajika,6811285,27,22,Tiamat,Gaia,1916,0,97621d00c96124d00a3c01cec2dde5f8_9f10d335198e90990f3437c5733468e7fc0.jpg?1786358298,Crystal,83,0,UNK
Tango Ngo,47753273,28,31,Alexander,Gaia,1885,198,c8ff6406f324ec51842e0a491ba1e4fa_b7a71d8799cf6dd75b711a7f52de6675fc0.jpg?1786358175,Crystal,101,47,VPR
Snow Albarn,25263326,29,23,Fenrir,Gaia,1875,0,fa179c06d46acce251bb94d22a05e931_d384cf5ad7db803f29799f36ebbc3eadfc0.jpg?1786360116,Crystal,64,9,PCT
Aman Kaharmine,37434311,30,24,Belias,Meteor,1869,0,7fa9aa672753e286a5710cf338755727_894c4bd0beab2e2beb44b74f4c4bd206fc0.jpg?1786358799,Crystal,141,30,UNK
Ura Ururu,59087727,31,53,Chocobo,Mana,1785,402,cbc6fb7e99cc3d57226a4684079c139c_781d6b3603312f6be41670afa37282e0fc0.jpg?1786360602,Crystal,35,11,BRD
Rex Cold,46340519,32,28,Bahamut,Gaia,1709,0,5a590acfa6bbe6cddd1eb5143c7070f2_86da943caa70c8694707ab2ff74e68c9fc0.jpg?1786359479,Crystal,55,0,UNK
Rya Myosotisy,44244496,33,29,Asura,Mana,1698,0,d39af5863481d80b66f4fe05bf80d003_53f1445a9f28799a32ea55f046319fc3fc0.jpg?1786359117,Crystal,63,9,MCH
Ml Tei,47822875,34,30,Alexander,Gaia,1695,0,259bd72e639c252e3e6ab819661c07a6_b7a71d8799cf6dd75b711a7f52de6675fc0.jpg?1786360309,Crystal,20,0,DRG
Black' Cat,27132360,35,49,Ifrit,Gaia,1692,294,25f0dd65be1cf71e9e26e0bcc0dc271f_f9f796348bc43067c7242ec4551cde69fc0.jpg?1786358970,Crystal,47,7,DRG
Mao Caprice,32793338,36,71,Titan,Mana,1675,396,101c8c73de660221dc8ad95fafa4ad3c_e2bb3f9679fec6d4836fcf8abcc3eeacfc0.jpg?1786360366,Crystal,73,8,VPR
Aurelia Stratosfera,26527089,37,36,Unicorn,Meteor,1675,95,0ed689683555a9555b96a5599288d4a1_393eb74047bb90c8d80dea54218430eefc0.jpg?1786360721,Crystal,64,1,SAM
Inx Chrono,21920611,38,127,Yojimbo,Meteor,1670,686,83c01df24231dda93176c28e69768459_4a92c619bde4f34cfa77e05fef21ad85fc0.jpg?1786359256,Crystal,55,13,PLD
Lan Dame-celot,31839759,39,60,Ifrit,Gaia,1670,299,c278e5b98fa396fbc950aeafdb5aaee8_f9f796348bc43067c7242ec4551cde69fc0.jpg?1786358833,Crystal,32,6,MNK
Xignas Schwalbe,2577287,40,72,Anima,Mana,1663,389,726f737868161a35f25fb4e06bccf08e_2f698530a28d671d20278c8518c804c9fc0.jpg?1786359642,Crystal,101,14,WAR
Kawlo Wilhelm,53079906,41,33,Ixion,Mana,1610,0,c9dcb47fbd9f0b8b6bf1b3ac91b2e802_7126768d768f6c6c7fed3eaee98c3a8afc0.jpg?1786358288,Crystal,28,0,UNK
Furanzeska Sumeragi,8414050,42,0,Tonberry,Elemental,1604,100,7300d72d23103eb5494b3e21bf99b3b6_7bb6b1e488f0e4f01c5314d010b60f31fc0.jpg?1786360293,Crystal,46,1,SMN
Falaris Whitemoon,39272552,43,34,Carbuncle,Elemental,1602,0,ba7f541c520a57e21fce1321218d73b3_9eb3c19866f7ae0eeeffac7bf770aba5fc0.jpg?1786357736,Crystal,58,5,MNK
Roric Thorne,59323169,44,118,Pandaemonium,Mana,1594,597,4ff669632484c5fdf241ea2b9f955435_470db1bf2e865f9130531fea40b61ee4fc0.jpg?1786357910,Crystal,18,6,VPR
Soujirou Seta,4110224,45,50,Tonberry,Elemental,1587,200,7453a7542d76520abe9dd8dcc3572b78_7bb6b1e488f0e4f01c5314d010b60f31fc0.jpg?1786360670,Crystal,61,20,SAM
Meilkea Inori,40934425,46,35,Aegis,Elemental,1586,0,4c256b756b0f4f43b209ec71728dc0e2_3ea38e723c590aabf186367e1eb7e6a1fc0.jpg?1786360774,Crystal,177,16,UNK
Aizen Sosuke,46625154,47,86,Asura,Mana,1586,407,084fe9c7ee753ba32657d9e49b4edde5_53f1445a9f28799a32ea55f046319fc3fc0.jpg?1786359352,Crystal,74,16,UNK
Merry Scrald,11886780,48,68,Belias,Meteor,1582,291,7bfbd82582fd003bc514339935d874a7_894c4bd0beab2e2beb44b74f4c4bd206fc0.jpg?1786361275,Crystal,32,10,AST
Sha Moji,19121169,49,36,Carbuncle,Elemental,1580,0,eb82915777eea0c952b2885bf59641d9_9eb3c19866f7ae0eeeffac7bf770aba5fc0.jpg?1786359129,Crystal,71,8,MIN
Wonton Starlight,27496660,50,38,Chocobo,Mana,1574,0,8d6c3f0a6f695cdc94b9234b6c28be22_781d6b3603312f6be41670afa37282e0fc0.jpg?1786359535,Crystal,121,16,MCH
Kuno Cadenzavnaeve,42178142,51,39,Ifrit,Gaia,1569,0,85baa25ca299e93ef56226f40814f03b_f9f796348bc43067c7242ec4551cde69fc0.jpg?1786358520,Crystal,56,0,VPR
Honey Cat,51251838,52,40,Ultima,Gaia,1565,0,c89504a579493fe83a6003536b5fcfdf_9df1b3cb0da35db33c17ef11ddf12adafc0.jpg?1786358785,Crystal,115,0,ROG
Creya Oaks,20662074,53,44,Tonberry,Elemental,1549,93,0fb57385ff1c90e3ea26edc53722b78c_7bb6b1e488f0e4f01c5314d010b60f31fc0.jpg?1786358564,Crystal,111,3,MIN
Fania Eckert,2837251,54,46,Titan,Mana,1511,100,7177d6fdd5036eebc72834f8376cd1cf_e2bb3f9679fec6d4836fcf8abcc3eeacfc0.jpg?1786360378,Crystal,166,20,PCT
Flavia Saurva,29364722,55,41,Chocobo,Mana,1508,0,4a9b8d9e5f338a0c28625b5656567941_781d6b3603312f6be41670afa37282e0fc0.jpg?1786357901,Crystal,35,0,MNK
Lain Wired,1578110,56,66,Chocobo,Mana,1507,212,51b29015827612eb3c28c2c8dd0f43ef_781d6b3603312f6be41670afa37282e0fc0.jpg?1786360278,Crystal,64,6,VPR
Comachi Dj,13425678,57,43,Hades,Mana,1503,0,4983bf5b31ed2764865b5fd4a01a64a5_a4730651230dd43cb129562a30d531aefc0.jpg?1786358238,Crystal,98,2,VPR
Nacreous Snowmelt,55586649,58,113,Asura,Mana,1500,500,2927bf8e620ad06dc8e1e74d7e3c071f_53f1445a9f28799a32ea55f046319fc3fc0.jpg?1786359427,Crystal,23,6,WAR
Hina Narumi,36489169,59,0,Masamune,Mana,1472,99,b92b3bffbe6d8e1f5f53a1f3735c1387_134930215abb8a90ec37d6cc05b05e08fc0.jpg?1786361200,Crystal,39,12,NIN
Tarex Youva,26374295,60,70,Tonberry,Elemental,1462,177,7dad78de32b2e7e31077d03f095a81ac_7bb6b1e488f0e4f01c5314d010b60f31fc0.jpg?1786360130,Crystal,109,21,VPR
Akatuki Re,22410327,61,110,Carbuncle,Elemental,1459,456,b3e601fbc493d7bc642faec11f3c05fb_9eb3c19866f7ae0eeeffac7bf770aba5fc0.jpg?1786357985,Crystal,57,10,RDM
Wuruwuru Yaya,19903532,62,47,Asura,Mana,1413,7,c4dcc6326814217e41a2636e5dd8eea3_53f1445a9f28799a32ea55f046319fc3fc0.jpg?1786358599,Crystal,50,4,NIN
Fuki Non,51302585,63,45,Titan,Mana,1413,0,99d46e5dfaf54e3a630e700cbd41968b_e2bb3f9679fec6d4836fcf8abcc3eeacfc0.jpg?1786360457,Crystal,47,0,WHM
Kine Uffelmann,20050491,64,48,Kujata,Elemental,1403,2,3411a0b34b7e20b7f4516cd81c87ae01_72c48f093f2278ac3243962d3eb6a8d7fc0.jpg?1786358751,Crystal,45,13,PCT
Boku Hide,61259881,65,267,Chocobo,Mana,1400,801,2405cc4b75108a1384180ce7bafc3b98_781d6b3603312f6be41670afa37282e0fc0.jpg?1786359332,Crystal,44,20,UNK
Aeritte Ravel,41831914,66,82,Carbuncle,Elemental,1396,203,56a646fd4b2eb086bf8c9d712567e62f_9eb3c19866f7ae0eeeffac7bf770aba5fc0.jpg?1786359652,Crystal,81,12,PLD
Okome Justice,58734775,67,120,Durandal,Gaia,1392,397,3589d26a22faffebd4c39812822aab8a_806ea5b45071d5cd6bf393e38462ee71fc0.jpg?1786359826,Crystal,34,6,MCH
Sana Papa,44925625,68,52,Ramuh,Meteor,1384,0,6a2d4e251458356b738142d6b0653c03_410ddb5a66a2fcacf538bec5ea5d0291fc0.jpg?1786358221,Crystal,40,0,MCH
San Sowa,35604125,69,54,Ridill,Gaia,1379,0,c5fbf3709fd6b4c8fba74f67e0820609_138751880f18161a907d7cf0faa43f07fc0.jpg?1786358064,Crystal,127,11,UNK
Seraki Matsushima,43566777,70,55,Ixion,Mana,1378,0,1e4675de3ee8e4d8e053dede59297104_7126768d768f6c6c7fed3eaee98c3a8afc0.jpg?1786360869,Crystal,23,0,PLD
Aries San,12460047,71,56,Tiamat,Gaia,1375,0,00a39e6a3c0cb6e9529ffdf15a10dadb_9f10d335198e90990f3437c5733468e7fc0.jpg?1786360469,Crystal,48,0,SAM
Ruru Rururun,41786182,72,57,Ifrit,Gaia,1374,0,3fd0ff0d0e58f6a761a54eebd33b7bc6_f9f796348bc43067c7242ec4551cde69fc0.jpg?1786357717,Crystal,128,17,UNK
Dome Violet,45179152,73,58,Masamune,Mana,1374,1,a95c15ebd393e5497d6641d375ec02b1_134930215abb8a90ec37d6cc05b05e08fc0.jpg?1786359900,Crystal,87,9,BRD
Coffee Mint,29415966,74,0,Titan,Mana,1347,110,e5a147803c62c81952bc0c786dcfc3cb_e2bb3f9679fec6d4836fcf8abcc3eeacfc0.jpg?1786359076,Crystal,371,37,VPR
Karma Strife,3816037,75,61,Chocobo,Mana,1325,0,7a25293b17ff84c0c64a519d1fc09720_781d6b3603312f6be41670afa37282e0fc0.jpg?1786360727,Crystal,81,18,NIN
Erik Bural,20508529,76,62,Hades,Mana,1316,0,2ca5bed0ca0e49f68c7ca14062e0bacc_a4730651230dd43cb129562a30d531aefc0.jpg?1786358009,Crystal,160,15,WHM
Piccolo Saaaaann,23336998,77,63,Asura,Mana,1314,0,efa27fc6ea5fa0a09f429159c3346a0f_53f1445a9f28799a32ea55f046319fc3fc0.jpg?1786360231,Crystal,100,6,PLD
Deisia Touna,31397456,78,64,Mandragora,Meteor,1311,0,f9bdcbbd105a361017ee7dd26bde2ea6_ee738654add55c3d07ea92d8e108074cfc0.jpg?1786361015,Crystal,62,2,WHM
Akki Noc,2298162,79,77,Alexander,Gaia,1305,105,4a145f36c7316e0d32845d32af5e92bd_b7a71d8799cf6dd75b711a7f52de6675fc0.jpg?1786359531,Crystal,62,10,SGE
Nao Fu,41247403,80,65,Shinryu,Meteor,1300,0,cfc231e11fac22b1fb8d9d27cee48586_87b7d447f40b06dfc7228caf195f7dcffc0.jpg?1786358260,Crystal,33,1,AST
Orpheus Jongleur,3414846,81,273,Bahamut,Gaia,1299,704,091f84408fe996c55b0d18af8fc1d9d6_86da943caa70c8694707ab2ff74e68c9fc0.jpg?1786359049,Crystal,45,16,GNB
Mily Sara,23911809,82,76,Aegis,Elemental,1293,85,19086b376708852503d1ac9c2b293b8c_3ea38e723c590aabf186367e1eb7e6a1fc0.jpg?1786359062,Crystal,97,5,SGE
Tam Sin,26754914,83,89,Ultima,Gaia,1293,194,4e875947aa4b95d1be857096f32d4ae8_9df1b3cb0da35db33c17ef11ddf12adafc0.jpg?1786357997,Crystal,40,13,SAM
Cey Noqed,56239764,84,67,Anima,Mana,1292,0,05a455503c1b9dc0712f50ad519d9d21_2f698530a28d671d20278c8518c804c9fc0.jpg?1786358951,Crystal,46,2,BLM
Gobou Mekara,16295932,85,69,Chocobo,Mana,1288,0,b0b05a15f0e0132f73d76efb146bb255_781d6b3603312f6be41670afa37282e0fc0.jpg?1786358380,Crystal,44,3,MIN
Zwei Kreuz,14516450,86,85,Bahamut,Gaia,1287,100,367ea315b18ce50bb6f34a9ea77f3222_86da943caa70c8694707ab2ff74e68c9fc0.jpg?1786358068,Crystal,26,1,UNK
Lhei Tayun,55776060,87,115,Chocobo,Mana,1286,288,d1e1c509f0fac227ceada972ddb424d4_781d6b3603312f6be41670afa37282e0fc0.jpg?1786359234,Crystal,35,9,BLM
Sidurgu Obsidian,17768556,88,99,Garuda,Elemental,1277,194,19277f9e0fcd9432fb16b0e1cbad47a7_fcb1f5b0249d1069e5bdc66d0796f26afc0.jpg?1786359244,Crystal,48,9,WHM
Hateful Past,26237856,89,73,Asura,Mana,1263,0,ed0c8f5d7b00b4c718fd834e96efdd7e_53f1445a9f28799a32ea55f046319fc3fc0.jpg?1786360749,Crystal,50,0,MCH
Tige Noir,13429005,90,133,Ridill,Gaia,1241,321,92cf71f8edc971b0656a49db62280b09_138751880f18161a907d7cf0faa43f07fc0.jpg?1786359360,Crystal,94,16,DNC
Hoshino Ai,47933529,91,75,Titan,Mana,1220,0,82bad71f761726aa0a737f36447d9f50_e2bb3f9679fec6d4836fcf8abcc3eeacfc0.jpg?1786359237,Crystal,33,0,MNK
Odwit Vendisch,42078574,92,0,Aegis,Elemental,1209,716,16b22e919d37aaeda97dfa361cf8659d_3ea38e723c590aabf186367e1eb7e6a1fc0.jpg?1786361248,Crystal,122,44,UNK
Mialu Ebisuki,46975926,93,78,Masamune,Mana,1200,0,1d423fc6e7ae66c277f02b6bd29f5f15_134930215abb8a90ec37d6cc05b05e08fc0.jpg?1786358316,Crystal,25,0,MNK
Cardinal Shiten,32020696,94,79,Asura,Mana,1199,0,22c6fdca1c107eb07233d098b04cf126_53f1445a9f28799a32ea55f046319fc3fc0.jpg?1786359059,Crystal,88,9,SAM
Yo Na,52935364,95,80,Fenrir,Gaia,1196,0,2517fd5dbad75617e546949761815db9_d384cf5ad7db803f29799f36ebbc3eadfc0.jpg?1786359903,Crystal,54,0,NIN
Nemu Nenemu,58833619,96,81,Anima,Mana,1195,0,4cdac6083f665767750f3c7804d18a24_2f698530a28d671d20278c8518c804c9fc0.jpg?1786358044,Crystal,70,0,RDM
Shinra Arasaka,24734269,97,119,Tiamat,Gaia,1194,199,2d735fa31b5cfcc7eabaae1839d0b731_9f10d335198e90990f3437c5733468e7fc0.jpg?1786357743,Crystal,33,3,WAR
Tamago Crab,1576417,98,83,Chocobo,Mana,1193,0,0bce11216fe6e4e1cecfe7c969a1460f_781d6b3603312f6be41670afa37282e0fc0.jpg?1786360880,Crystal,25,0,SMN
Mitui Aset,29908583,99,155,Zeromus,Meteor,1187,301,03c5c419a0ed40508b02b7656c3bc1e1_c76848359d0b4d2f37aefbb9903ed97bfc0.jpg?1786360823,Crystal,198,28,NIN
Kageto Magatsuki,36052369,100,84,Ultima,Gaia,1187,0,c99eebd98f0729313042324985a6fc9a_9df1b3cb0da35db33c17ef11ddf12adafc0.jpg?1786361239,Crystal,33,0,VPR
Dodopita Pittan,3558680,101,97,Tiamat,Gaia,1184,99,0c4178029dae08c0fcbe267d46034e76_9f10d335198e90990f3437c5733468e7fc0.jpg?1786360364,Crystal,34,6,SAM
Takesiba Musasino,29225556,102,98,Durandal,Gaia,1182,98,5cacf8dd1a9dae9427de92b387913396_806ea5b45071d5cd6bf393e38462ee71fc0.jpg?1786359703,Crystal,99,1,NIN
Shi Syou,5023543,103,190,Atomos,Elemental,1171,384,d930c67636980aa5cc10bd814bdc2dbd_cf768a751b1f5e355c2fd39a9ed91f3ffc0.jpg?1786359027,Crystal,38,8,MCH
Wabi Suke,1601102,104,87,Asura,Mana,1129,0,355b0ae1cb512875c96e88afa06d36a7_53f1445a9f28799a32ea55f046319fc3fc0.jpg?1786360649,Crystal,127,11,NIN
Holala Vvn,53437527,105,142,Durandal,Gaia,1105,204,60894d30cd8e7f556c8f877555a9e623_806ea5b45071d5cd6bf393e38462ee71fc0.jpg?1786359914,Crystal,26,4,UNK
Sakura Nemutai,55109399,106,88,Titan,Mana,1100,0,efa9ef6672998c8a9c860e5e104d6b3e_e2bb3f9679fec6d4836fcf8abcc3eeacfc0.jpg?1786359120,Crystal,93,9,SGE
Nov Noa,56271994,107,117,Tiamat,Gaia,1097,100,0711a53e252756264a473f2b53d53cad_9f10d335198e90990f3437c5733468e7fc0.jpg?1786359026,Crystal,21,3,AST
Pokeball Bahamut,42274942,108,90,Valefor,Meteor,1096,0,fdf4bab958d2fbf65e0c07739622a1f7_485f4777c38002871591fb54f27edc65fc0.jpg?1786360302,Crystal,226,25,GNB
He Ro,57048881,109,91,Ultima,Gaia,1096,0,1988e9fc4df817df742388c245715b40_9df1b3cb0da35db33c17ef11ddf12adafc0.jpg?1786361026,Crystal,146,16,UNK
Unchou Kan,1575311,110,92,Aegis,Elemental,1096,0,43eef415e4c92f6ff93b1d4dae6b7ab8_3ea38e723c590aabf186367e1eb7e6a1fc0.jpg?1786361105,Crystal,14,0,GNB
Monica Bryant,34559458,111,93,Garuda,Elemental,1095,0,40cd2c4ca4c17623d5c27dfb19831017_fcb1f5b0249d1069e5bdc66d0796f26afc0.jpg?1786358476,Crystal,160,27,SMN
Katuo Bushi,48894263,112,214,Garuda,Elemental,1095,398,8b92a347d66765b2b2d24c1ad40d5afa_fcb1f5b0249d1069e5bdc66d0796f26afc0.jpg?1786359734,Crystal,89,8,SAM
Yi Xiangfeng,57320880,113,94,Titan,Mana,1095,0,a98e604367a6e3fd017185877e3a9227_e2bb3f9679fec6d4836fcf8abcc3eeacfc0.jpg?1786360507,Crystal,25,0,MNK
Liken Liekun,24806613,114,0,Shinryu,Meteor,1091,692,5aa5d27e0f5d07d19980648d6a9c2ba5_87b7d447f40b06dfc7228caf195f7dcffc0.jpg?1786357914,Crystal,53,17,SGE
Ursula Hackenschmidt,42648090,115,157,Fenrir,Gaia,1089,204,a665d50be7723b1660e54e045bb7a2fe_d384cf5ad7db803f29799f36ebbc3eadfc0.jpg?1786358315,Crystal,16,6,PLD
Chiaki Nanami,43953309,116,95,Titan,Mana,1087,0,82751b490967f6572406e72b39592925_e2bb3f9679fec6d4836fcf8abcc3eeacfc0.jpg?1786358896,Crystal,17,0,BRD
Atsu Bow,47953241,117,130,Mandragora,Meteor,1086,103,a397b9893231105b4549ed9a8721c60a_ee738654add55c3d07ea92d8e108074cfc0.jpg?1786358745,Crystal,99,6,DRG
Dee Jack,60388425,118,96,Ifrit,Gaia,1085,0,a2c1d34590941ade3ad6e25cd2926cb5_f9f796348bc43067c7242ec4551cde69fc0.jpg?1786357909,Crystal,77,14,SAM
Rariboy Xx,4660025,119,100,Garuda,Elemental,1083,0,80b036f210d47467413b630ce1537551_fcb1f5b0249d1069e5bdc66d0796f26afc0.jpg?1786359087,Crystal,37,0,WAR
Beatrice Rosenkreuz,31285042,120,128,Tiamat,Gaia,1082,98,1972bc9fb243d5cb03ad68af2779564d_9f10d335198e90990f3437c5733468e7fc0.jpg?1786359909,Crystal,36,1,PLD
Mundane Mann,42589754,121,101,Asura,Mana,1082,0,605c543ad4053338807ead77553c263b_53f1445a9f28799a32ea55f046319fc3fc0.jpg?1786358214,Crystal,19,0,MNK
Crystalline Conflict,56094564,122,102,Kujata,Elemental,1080,0,dcae5be360cd5ac359780dd998fbbf57_72c48f093f2278ac3243962d3eb6a8d7fc0.jpg?1786358031,Crystal,34,0,UNK
Vir Sanctus,38437893,123,103,Asura,Mana,1079,0,e0afc9c178de541c5ba8a1afafa4bb02_53f1445a9f28799a32ea55f046319fc3fc0.jpg?1786358331,Crystal,31,0,SMN
Velvet Shilky,15655369,124,104,Anima,Mana,1066,0,988a0ec11e3b6bbbfc5478b0eab4b03f_2f698530a28d671d20278c8518c804c9fc0.jpg?1786360702,Crystal,144,12,GNB
Yuki Yui,25457703,125,105,Ultima,Gaia,1030,0,53e27d2153b5d4878ef23b1326589ff5_9df1b3cb0da35db33c17ef11ddf12adafc0.jpg?1786357804,Crystal,94,0,PCT
Kamio Hoshi,51915197,126,106,Gungnir,Elemental,1021,0,6b5003e9f40b5f1a448a1ba748afc9e5_8f82f937943b6baf4c565020d5eba0ccfc0.jpg?1786358412,Crystal,140,20,MNK
Notttz Imbrium,50270248,127,107,Titan,Mana,1010,0,58a87ecc9a18820b07646a481a8154a4_e2bb3f9679fec6d4836fcf8abcc3eeacfc0.jpg?1786361254,Crystal,37,0,SMN
Ririca Rica,22451341,128,109,Valefor,Meteor,1008,4,b82d75152d14ebf44db2622ef433b4f4_485f4777c38002871591fb54f27edc65fc0.jpg?1786357792,Crystal,84,6,RPR
Yurugi Koyurugi,29769522,129,108,Belias,Meteor,1008,0,ce65dfc48d522a7a126208d94cdc2852_894c4bd0beab2e2beb44b74f4c4bd206fc0.jpg?1786357781,Crystal,20,0,PLD
Iz Levmel,17594950,130,112,Garuda,Elemental,1004,4,9e457ec4068931e92288544db8499aae_fcb1f5b0249d1069e5bdc66d0796f26afc0.jpg?1786357967,Crystal,32,2,SAM
Raiden Thorne,60267443,131,111,Tiamat,Gaia,1001,0,d973da1a88fef8b53bb1c5cad4ee7a1f_9f10d335198e90990f3437c5733468e7fc0.jpg?1786359024,Crystal,33,0,MNK
Sukoya Mihirogi,42042279,132,140,Anima,Mana,999,95,58dacb01c0c75e38125f892840beb026_2f698530a28d671d20278c8518c804c9fc0.jpg?1786360652,Crystal,80,6,WAR
Mashumaro Tsurugi,50222807,133,114,Durandal,Gaia,999,0,31fd330df465ff1080752e19d6bc9eb7_806ea5b45071d5cd6bf393e38462ee71fc0.jpg?1786359515,Crystal,15,0,MNK
Gelgel Llin,36131481,134,122,Ridill,Gaia,997,5,2a90eea47454447b3ae0d4df4fbfdc5e_138751880f18161a907d7cf0faa43f07fc0.jpg?1786358646,Crystal,45,9,MNK
Bikkuri Donkey,59256942,135,116,Belias,Meteor,997,0,96f62f47670d9d1c85e1a464d6f4da65_894c4bd0beab2e2beb44b74f4c4bd206fc0.jpg?1786359182,Crystal,25,0,SMN
Shiman Chu,38475144,136,0,Yojimbo,Meteor,996,495,4cb93a24c937da83418345140d361e9b_4a92c619bde4f34cfa77e05fef21ad85fc0.jpg?1786360228,Crystal,37,9,SAM
Planet Exploration,30755276,137,0,Ixion,Mana,995,692,b2df099dea56680a53bbc8588e28444f_7126768d768f6c6c7fed3eaee98c3a8afc0.jpg?1786358235,Crystal,49,24,PLD
Kite Free,28865954,138,0,Kujata,Elemental,995,0,b602646591e3d050094503c65590ee4c_72c48f093f2278ac3243962d3eb6a8d7fc0.jpg?1786358785,Crystal,13,0,MNK
Momojiri Kakure,18051279,139,121,Anima,Mana,994,0,17f5cab570f2898b55037a8db7b1c871_2f698530a28d671d20278c8518c804c9fc0.jpg?1786357726,Crystal,48,0,RDM
Momochi Thunder,9048595,140,148,Bahamut,Gaia,994,99,3ce0fcc40e818a0d134a6c043d2c09f5_86da943caa70c8694707ab2ff74e68c9fc0.jpg?1786357735,Crystal,35,1,GNB
Lucy Fortress,40591757,141,0,Yojimbo,Meteor,991,891,6a8471ce8f811950fa73ff799371ba9d_4a92c619bde4f34cfa77e05fef21ad85fc0.jpg?1786359568,Crystal,77,19,UNK
Mar Lenka,41124823,142,149,Titan,Mana,991,97,17ded7cc07efaeffdb7d5035983dc7e4_e2bb3f9679fec6d4836fcf8abcc3eeacfc0.jpg?1786358048,Crystal,44,19,UNK
Lazuli Wing,40955023,143,123,Asura,Mana,991,0,9a25b0d5f7c6a97caeb2e0047aaeded8_53f1445a9f28799a32ea55f046319fc3fc0.jpg?1786358060,Crystal,15,0,UNK
Elu Acknowless,58699844,144,124,Mandragora,Meteor,989,0,60c2649fe79faac79d3e7ac948084121_ee738654add55c3d07ea92d8e108074cfc0.jpg?1786360568,Crystal,133,0,RDM
Douglas Ward,32519646,145,199,Asura,Mana,989,284,5902010d301aa95176126fcdef0dc7c7_53f1445a9f28799a32ea55f046319fc3fc0.jpg?1786361305,Crystal,59,6,RDM
Syake Dog-nyan,1616788,146,186,Bahamut,Gaia,989,198,39b434160e1c215835c854cb7a564018_86da943caa70c8694707ab2ff74e68c9fc0.jpg?1786360683,Crystal,36,5,DRG
Hattori Kaze,57332259,147,125,Alexander,Gaia,989,0,2ec48d7f5caadae4f62dc2d1cdc75610_b7a71d8799cf6dd75b711a7f52de6675fc0.jpg?1786359479,Crystal,20,0,UNK
Kana Drouv,37418772,148,154,Mandragora,Meteor,989,99,556bea70c6c70acf776be4041d191d92_ee738654add55c3d07ea92d8e108074cfc0.jpg?1786359209,Crystal,16,1,PLD
Inu- Pe-,42153397,149,126,Anima,Mana,988,0,40c3101dfff66955ad4d9b06fda6e3a8_2f698530a28d671d20278c8518c804c9fc0.jpg?1786359331,Crystal,49,21,SAM
Zero No'name,24180515,150,129,Titan,Mana,984,0,3f2ec2a99605ed4d05ef0e5bc0f3b8d4_e2bb3f9679fec6d4836fcf8abcc3eeacfc0.jpg?1786358987,Crystal,33,0,PLD
Azuma Seren,26759645,151,131,Pandaemonium,Mana,977,0,a4c01bac3729f4096c6bba2011b6431e_470db1bf2e865f9130531fea40b61ee4fc0.jpg?1786360013,Crystal,48,0,BRD
Rip Rill,726210,152,132,Gungnir,Elemental,923,0,1ed2cf8fd8dc78c1ec061d9bb9c45462_8f82f937943b6baf4c565020d5eba0ccfc0.jpg?1786358272,Crystal,106,6,WHM
Walter Winston,3431710,153,251,Fenrir,Gaia,918,314,bee8390354426d2c1d42d687a0de29d5_d384cf5ad7db803f29799f36ebbc3eadfc0.jpg?1786360273,Crystal,53,7,WAR
Revi Kola,39228750,154,134,Ultima,Gaia,914,0,385da10c7487a4af698c3fe738df5488_9df1b3cb0da35db33c17ef11ddf12adafc0.jpg?1786358083,Crystal,73,0,WAR
Avaron Ninesisters,1584314,155,166,Tiamat,Gaia,913,110,5c1970240f5e1f80ffabdd3988080f5e_9f10d335198e90990f3437c5733468e7fc0.jpg?1786358501,Crystal,75,11,WHM
Now Tarako,25271680,156,163,Belias,Meteor,909,100,238a3ddced202809c65eaecd03eda2d1_894c4bd0beab2e2beb44b74f4c4bd206fc0.jpg?1786359446,Crystal,39,3,MCH
Seiran Kinu,21860725,157,135,Garuda,Elemental,909,0,9f56e5ce6724c71b09720cc28df7a0dc_fcb1f5b0249d1069e5bdc66d0796f26afc0.jpg?1786358265,Crystal,11,0,DRG
Chisato Laetitia,56099994,158,295,Bahamut,Gaia,908,405,1ba731eb7e63c6a087133132bbb51418_86da943caa70c8694707ab2ff74e68c9fc0.jpg?1786360137,Crystal,39,11,UNK
Zsika Mu',18898369,159,136,Ridill,Gaia,907,0,ed7f8569bf4537dfd9f2ea953ad59e8a_138751880f18161a907d7cf0faa43f07fc0.jpg?1786360551,Crystal,26,5,UNK
Suteiki Niku,21443132,160,137,Ixion,Mana,906,0,2f186f805d4bb29abd9458d61593b81a_7126768d768f6c6c7fed3eaee98c3a8afc0.jpg?1786360628,Crystal,100,0,PLD
Lycoris Read,35000546,161,138,Garuda,Elemental,905,0,01b7ec3219b5992bd6418e7f58d96f03_fcb1f5b0249d1069e5bdc66d0796f26afc0.jpg?1786357982,Crystal,99,0,WHM
Ritsu Nikuno,23932877,162,139,Alexander,Gaia,905,0,5ce857706fb6e7f76dd30d1ef38e16f7_b7a71d8799cf6dd75b711a7f52de6675fc0.jpg?1786360263,Crystal,13,0,SMN
Edward Samo,31678496,163,171,Asura,Mana,903,101,f8a852f1de974337bcb13e843be90dad_53f1445a9f28799a32ea55f046319fc3fc0.jpg?1786357733,Crystal,30,3,VPR
Errer Errant,28706539,164,205,Asura,Mana,903,201,14833bd371ac70e05cffe6a03634bb61_53f1445a9f28799a32ea55f046319fc3fc0.jpg?1786358136,Crystal,10,4,MCH
Amaoto Amane,53619927,165,141,Durandal,Gaia,901,0,11fe39a3b3f0f6fd7e6600ee68e590c6_806ea5b45071d5cd6bf393e38462ee71fc0.jpg?1786357899,Crystal,36,0,WHM
White Lycoris,25503606,166,143,Ixion,Mana,900,0,1fd05d6baab5439d2c33292c473844fe_7126768d768f6c6c7fed3eaee98c3a8afc0.jpg?1786357887,Crystal,117,3,PLD
Tatsumi Berserk,19183868,167,144,Ifrit,Gaia,899,0,54a616ddbe0b20dbfc773ec735961a62_f9f796348bc43067c7242ec4551cde69fc0.jpg?1786360375,Crystal,168,15,DRG
Aruku Babyun,7383311,168,145,Unicorn,Meteor,897,0,c2fa4e98c1f4638d053218fa4c127b4c_393eb74047bb90c8d80dea54218430eefc0.jpg?1786358151,Crystal,94,8,NIN
Haine Balantin,25261749,169,146,Ifrit,Gaia,897,0,95d742d2775dc4ae64696462b68ee21f_f9f796348bc43067c7242ec4551cde69fc0.jpg?1786358273,Crystal,85,0,DRK
Fennel Earltea,21886406,170,147,Typhon,Elemental,896,0,4e8f23f97ca17b02271d5d67829e204d_32d8c9c7cd5f62d62da2d31b6750a680fc0.jpg?1786361108,Crystal,84,4,AST
Jaeger Lecoultre,12503010,171,150,Carbuncle,Elemental,894,0,18c881fcad647894e4d32c9bf33662e3_9eb3c19866f7ae0eeeffac7bf770aba5fc0.jpg?1786357816,Crystal,10,0,WAR
Cait Sith,1574936,172,151,Tiamat,Gaia,893,0,fc4156170aa1fca8004a80238705e5cf_9f10d335198e90990f3437c5733468e7fc0.jpg?1786357962,Crystal,77,11,AST
Amani Taru,13062779,173,152,Mandragora,Meteor,892,0,37294ee1ef2528b65e45560a5afed880_ee738654add55c3d07ea92d8e108074cfc0.jpg?1786358854,Crystal,15,0,AST
Elisa Wolframite,18964939,174,153,Hades,Mana,891,0,5582934bb6b94d50874d7d241225aa74_a4730651230dd43cb129562a30d531aefc0.jpg?1786357908,Crystal,76,0,NIN
Rebecca Miyamoto,1030969,175,156,Masamune,Mana,886,0,256a66f24613cb496dae31eb2270d226_134930215abb8a90ec37d6cc05b05e08fc0.jpg?1786360895,Crystal,94,15,MCH
Zero Nox,2468417,176,158,Alexander,Gaia,885,0,d402005d8e26ea9d6b72ff80a5a60b9e_b7a71d8799cf6dd75b711a7f52de6675fc0.jpg?1786358772,Crystal,8,0,SCH
Lupinus Lily,33777966,177,159,Ultima,Gaia,883,0,6f019b443ab48375b1bcc5e5aa0debf9_9df1b3cb0da35db33c17ef11ddf12adafc0.jpg?1786360225,Crystal,42,0,GNB
Ui Thrix,39291749,178,285,Chocobo,Mana,882,301,08b70654c7812f561afc700e0756319a_781d6b3603312f6be41670afa37282e0fc0.jpg?1786358268,Crystal,30,4,AST
Pitty What,32924935,179,160,Durandal,Gaia,880,0,1ca1a6b980542985bc7d7cf818520e1f_806ea5b45071d5cd6bf393e38462ee71fc0.jpg?1786359308,Crystal,41,0,NIN
Korone Yubi,38334943,180,238,Yojimbo,Meteor,870,188,f96e46a75ff8692aefd4bf0841f4e177_4a92c619bde4f34cfa77e05fef21ad85fc0.jpg?1786359901,Crystal,70,13,RDM
Stardust Emilia,25988007,181,161,Hades,Mana,827,4,b805b54635a07b2d9710df33b9a946aa_a4730651230dd43cb129562a30d531aefc0.jpg?1786359361,Crystal,54,2,UNK
Nana Degu,42551273,182,211,Asura,Mana,814,113,f0ca36e4824faa31992738bb368e803c_53f1445a9f28799a32ea55f046319fc3fc0.jpg?1786358201,Crystal,20,7,DRG
Nyaruga Kyuruga,4962287,183,162,Atomos,Elemental,811,0,fb555ad539f0f8689a39c65513b388b2_cf768a751b1f5e355c2fd39a9ed91f3ffc0.jpg?1786361136,Crystal,64,0,BRD
Lucy Tave,5530448,184,164,Durandal,Gaia,808,0,fd7ea485d2ba7644c76c49d7b00fce24_806ea5b45071d5cd6bf393e38462ee71fc0.jpg?1786358936,Crystal,234,32,WAR
Laru Gucchi,4772544,185,253,Durandal,Gaia,805,201,766e8af080f3aa6e38ee510dee4807b8_806ea5b45071d5cd6bf393e38462ee71fc0.jpg?1786360612,Crystal,14,2,BLM
Aslan Miller,42003071,186,165,Ixion,Mana,804,0,091d6880c471f9f4c412b704f952af81_7126768d768f6c6c7fed3eaee98c3a8afc0.jpg?1786359426,Crystal,32,6,MCH
Miru Polo,34988923,187,167,Durandal,Gaia,803,0,59d4898ce75bbcb5a6e6e1bd5a42efa5_806ea5b45071d5cd6bf393e38462ee71fc0.jpg?1786360813,Crystal,38,0,AST
Hakuen Sinonome,10757391,188,168,Asura,Mana,803,0,6660ba18e406e22fbec52d7b8d1ac332_53f1445a9f28799a32ea55f046319fc3fc0.jpg?1786361104,Crystal,11,0,WAR
Flame Lieutenant,27336347,189,169,Carbuncle,Elemental,802,0,d0817be17ae2ce45486a2e26ae5d06d6_9eb3c19866f7ae0eeeffac7bf770aba5fc0.jpg?1786358476,Crystal,54,0,AST
Uta Tubame,12421333,190,170,Zeromus,Meteor,802,0,4c1c1810ab77c61696ca66b0716fd309_c76848359d0b4d2f37aefbb9903ed97bfc0.jpg?1786358125,Crystal,34,1,PCT
Minato Haruka,57459700,191,172,Asura,Mana,802,0,5f7508268722022e26bb9950825f7dea_53f1445a9f28799a32ea55f046319fc3fc0.jpg?1786357889,Crystal,17,0,WAR
Woll Pack,20744019,192,173,Ridill,Gaia,800,0,6c86e91fb15223c9e2f8c16040f1064f_138751880f18161a907d7cf0faa43f07fc0.jpg?1786360611,Crystal,65,0,VPR
Silanah Oh-mana,45502933,193,174,Titan,Mana,800,0,98f79f7d5e45485839d2a83be2a5ec49_e2bb3f9679fec6d4836fcf8abcc3eeacfc0.jpg?1786361249,Crystal,58,0,SCH
Hu Chu,30263341,194,175,Tonberry,Elemental,799,0,1101e6802231a590d6e9cd6d77e6116f_7bb6b1e488f0e4f01c5314d010b60f31fc0.jpg?1786358349,Crystal,100,0,UNK
Zill Eleutheria,29944686,195,176,Bahamut,Gaia,799,0,5bfa3b1f24c51ccdffb53034db0ebae8_86da943caa70c8694707ab2ff74e68c9fc0.jpg?1786361097,Crystal,67,9,AST
Jawa San,3768644,196,0,Titan,Mana,799,799,6dc7f48778a077c0339870e942a79f2e_e2bb3f9679fec6d4836fcf8abcc3eeacfc0.jpg?1786357742,Crystal,35,21,NIN
Mio Youmu,57323733,197,177,Ixion,Mana,799,0,9507babebf0a85031aca059da299a6fa_7126768d768f6c6c7fed3eaee98c3a8afc0.jpg?1786357998,Crystal,22,0,SCH
Evariste Galois,58660135,198,178,Chocobo,Mana,798,0,7f835ad51f7703d8c7d073fc750b8987_781d6b3603312f6be41670afa37282e0fc0.jpg?1786360083,Crystal,65,0,UNK
Yu Haru,31526046,199,179,Hades,Mana,797,0,d1d463d935a459f76da24079cf48b932_a4730651230dd43cb129562a30d531aefc0.jpg?1786360377,Crystal,25,0,UNK
Pero Noir,27109057,200,213,Ultima,Gaia,797,99,889b0b13f93f702d3df91ec97e272102_9df1b3cb0da35db33c17ef11ddf12adafc0.jpg?1786361238,Crystal,16,1,PCT
Super Gal,52139020,201,222,Bahamut,Gaia,796,104,2a20ce1a576737898f3290324b402cd6_86da943caa70c8694707ab2ff74e68c9fc0.jpg?1786360857,Crystal,176,2,RDM
In Darkness,58974244,202,212,Chocobo,Mana,795,97,d7230442a7c392d7ef8e729a84ab3182_781d6b3603312f6be41670afa37282e0fc0.jpg?1786358313,Crystal,149,28,SMN
Fall Leaves,22881570,203,180,Masamune,Mana,795,0,23540a672824a88d3fc727e33d7f3254_134930215abb8a90ec37d6cc05b05e08fc0.jpg?1786358889,Crystal,60,0,SAM
Momikucha Ocojo,51451812,204,181,Ixion,Mana,795,0,52ebf8cad8e1a025e1469ada4534a0f2_7126768d768f6c6c7fed3eaee98c3a8afc0.jpg?1786360153,Crystal,49,0,UNK
Momo Hito,39797602,205,182,Yojimbo,Meteor,795,0,8d799e9e2471cc9ce1eb0d9ee9e83ee6_4a92c619bde4f34cfa77e05fef21ad85fc0.jpg?1786360640,Crystal,39,1,WHM
Bug Cut,48066025,206,183,Alexander,Gaia,794,0,eb099ae5ed67142ac0888bf755079790_b7a71d8799cf6dd75b711a7f52de6675fc0.jpg?1786358155,Crystal,12,0,BRD
Rev Raven,8795859,207,184,Masamune,Mana,792,0,abddc6e80b0f6cbbb92006b7baab7d97_134930215abb8a90ec37d6cc05b05e08fc0.jpg?1786359763,Crystal,72,0,UNK
Gentleman Vivikazu,387488,208,0,Durandal,Gaia,791,393,13ffee3a79f20a01faf5e0a91bd6c4ac_806ea5b45071d5cd6bf393e38462ee71fc0.jpg?1786359342,Crystal,238,27,MCH
Eke Davis,29845306,209,189,Anima,Mana,791,4,e8727b43f9f5e480ba6cabe0e39a7a4a_2f698530a28d671d20278c8518c804c9fc0.jpg?1786360889,Crystal,80,18,DRG
En Avant,46371551,210,185,Belias,Meteor,791,0,d6c3784f3b06c119ae16dd725e2a2b6e_894c4bd0beab2e2beb44b74f4c4bd206fc0.jpg?1786359153,Crystal,59,5,SMN
Zach Woden,41904788,211,229,Alexander,Gaia,791,100,1c6025b83802002c372d550ea00c4b3f_b7a71d8799cf6dd75b711a7f52de6675fc0.jpg?1786358656,Crystal,22,1,WAR
Gin Osakeman,16794566,212,187,Typhon,Elemental,790,0,bb18420be9e67f66c80e5cf8f2d167e0_32d8c9c7cd5f62d62da2d31b6750a680fc0.jpg?1786357923,Crystal,76,3,BRD
Fifilu Filu,47425468,213,0,Shinryu,Meteor,789,388,6b8508e1ab612df9026ac86df5a64bd6_87b7d447f40b06dfc7228caf195f7dcffc0.jpg?1786361162,Crystal,108,18,DRK
Gogant Gogant,24052697,214,188,Atomos,Elemental,788,0,9b2637d94cc0b341ddad961722026fdf_cf768a751b1f5e355c2fd39a9ed91f3ffc0.jpg?1786359218,Crystal,63,1,DRG
Regret Weise,15486920,215,281,Fenrir,Gaia,787,195,13172be4a1ad05d87f2b3a6e43f14d31_d384cf5ad7db803f29799f36ebbc3eadfc0.jpg?1786358174,Crystal,25,3,DRK
Oriental Art,1070191,216,191,Chocobo,Mana,783,0,d31830cb71830b425529f231f39e776b_781d6b3603312f6be41670afa37282e0fc0.jpg?1786358401,Crystal,170,23,DRG
Lil Latte,55025559,217,192,Anima,Mana,782,0,2d01c7e9c74b9faebdd6d9ece7c9eb4a_2f698530a28d671d20278c8518c804c9fc0.jpg?1786359103,Crystal,120,0,UNK
Umai Okawari,28809423,218,193,Zeromus,Meteor,778,0,603544c81055f8085a950feb781bee2a_c76848359d0b4d2f37aefbb9903ed97bfc0.jpg?1786360030,Crystal,17,0,SMN
Aran Tyler,47478713,219,240,Zeromus,Meteor,769,99,601da8267e6037e1adc37928f1ab982b_c76848359d0b4d2f37aefbb9903ed97bfc0.jpg?1786359358,Crystal,47,1,SAM
Kotatu Mikan,22566283,220,194,Ifrit,Gaia,768,0,89896b33aefae0916b7c6eb21c27641e_f9f796348bc43067c7242ec4551cde69fc0.jpg?1786358764,Crystal,54,8,DRG
Konegai Konegai,3277232,221,299,Masamune,Mana,729,227,3a445dba3d4d2882c60b55a59669971b_134930215abb8a90ec37d6cc05b05e08fc0.jpg?1786360732,Crystal,32,19,MCH
Lucie Blanc,4813641,222,195,Anima,Mana,721,0,9c05760085153887cf9c52f28861be7c_2f698530a28d671d20278c8518c804c9fc0.jpg?1786359996,Crystal,21,0,DRK
Ichigo Jasmine,57027122,223,196,Shinryu,Meteor,714,0,17fae3561e1e77d262d93652dbd0bdc4_87b7d447f40b06dfc7228caf195f7dcffc0.jpg?1786360333,Crystal,22,0,PCT
Bronze Warrior,33944385,224,197,Alexander,Gaia,711,0,3a8559d847a626b7d8a2760ec13a73b5_b7a71d8799cf6dd75b711a7f52de6675fc0.jpg?1786357998,Crystal,45,3,WAR
Rai Ashley,22492099,225,198,Ridill,Gaia,709,0,657a8b330b76d0887673be1e90642143_138751880f18161a907d7cf0faa43f07fc0.jpg?1786361302,Crystal,106,0,DRK
Azunyan Suta,3609752,226,288,Kujata,Elemental,708,201,6eb87d1db5778a022b84283d0be6d5af_72c48f093f2278ac3243962d3eb6a8d7fc0.jpg?1786359885,Crystal,57,4,DRG
Chiaki Gypsophila,3224896,227,200,Anima,Mana,705,1,0c1c9b9742117c64cf36776db0d75c97_2f698530a28d671d20278c8518c804c9fc0.jpg?1786359287,Crystal,14,1,RPR
Melvien Granier,15127168,228,201,Mandragora,Meteor,703,0,f8b276b7da694e66d7a8c0e702a77495_ee738654add55c3d07ea92d8e108074cfc0.jpg?1786358608,Crystal,41,0,DRK
Shara Mura,40394634,229,202,Garuda,Elemental,703,0,00ee76cc1f13c8d3891aee16b0a97d91_fcb1f5b0249d1069e5bdc66d0796f26afc0.jpg?1786358809,Crystal,30,0,RDM
Kotori Angel,11433233,230,203,Alexander,Gaia,703,0,249a60efd4f3f03c25a40a0c3c35d33f_b7a71d8799cf6dd75b711a7f52de6675fc0.jpg?1786360364,Crystal,28,0,DRG
Mask M',42359546,231,204,Valefor,Meteor,702,0,66ed292059b674baf55529d85527214c_485f4777c38002871591fb54f27edc65fc0.jpg?1786360340,Crystal,99,0,DRK
Rokka Gallete,23609500,232,247,Kujata,Elemental,702,95,6cb05d39414f85c9977ed746371b9289_72c48f093f2278ac3243962d3eb6a8d7fc0.jpg?1786361285,Crystal,10,1,VPR
Aristel Brown,3214595,233,206,Typhon,Elemental,701,0,edba68904ef1184c5563cdd263603a74_32d8c9c7cd5f62d62da2d31b6750a680fc0.jpg?1786361004,Crystal,152,4,SGE
Shiro Yozora,25997255,234,207,Titan,Mana,701,0,4fb271416b8be97cbd977dc4cd9a7c1b_e2bb3f9679fec6d4836fcf8abcc3eeacfc0.jpg?1786358020,Crystal,50,0,BLM
Shonan Gold,51360481,235,208,Gungnir,Elemental,701,0,106e5f909e34a4cdc6f05735c607687b_8f82f937943b6baf4c565020d5eba0ccfc0.jpg?1786357826,Crystal,39,10,BLM
Sead Slendisch,27788989,236,209,Asura,Mana,701,0,c9bd1276c77cf644ce955ce68575aa37_53f1445a9f28799a32ea55f046319fc3fc0.jpg?1786358395,Crystal,27,0,SGE
Coo Yanky,32078480,237,210,Aegis,Elemental,701,0,a8d9117ca1289e0dd2db80714170a84e_3ea38e723c590aabf186367e1eb7e6a1fc0.jpg?1786358527,Crystal,17,0,VPR
Chokobi Liagnar,21253698,238,0,Bahamut,Gaia,697,496,5c76fed1bbd8e72090d538c4dfcaf96b_86da943caa70c8694707ab2ff74e68c9fc0.jpg?1786359717,Crystal,16,14,BRD
Jios Quartar,3179754,239,215,Tiamat,Gaia,696,0,e4a3c15118c1258c3c33b152cbada545_9f10d335198e90990f3437c5733468e7fc0.jpg?1786360366,Crystal,86,18,MCH
Cinzia Castagnone,42223337,240,0,Ultima,Gaia,696,206,f04869081ccf9229ca06746e399b2740_9df1b3cb0da35db33c17ef11ddf12adafc0.jpg?1786360773,Crystal,59,8,AST
Omnigo Mnigo,49392372,241,216,Shinryu,Meteor,696,0,4ce1cddbe18eb8585879c43e5173c877_87b7d447f40b06dfc7228caf195f7dcffc0.jpg?1786359354,Crystal,39,0,VPR
Ardlan Vorlesh,45102526,242,217,Asura,Mana,696,0,04bfc027079d355fc717e8ec9a4b5f9e_53f1445a9f28799a32ea55f046319fc3fc0.jpg?1786360263,Crystal,30,3,DRG
Kaede Felis,33728274,243,0,Typhon,Elemental,695,196,40686a32bf2ab631ff7e7677fc614cb3_32d8c9c7cd5f62d62da2d31b6750a680fc0.jpg?1786359085,Crystal,50,18,DRG
Patricia Frankene,18106523,244,218,Ultima,Gaia,695,0,c545da9cb222915531dc1fa18623cb41_9df1b3cb0da35db33c17ef11ddf12adafc0.jpg?1786358009,Crystal,43,0,PLD
Yuki Amamiya,31666386,245,219,Asura,Mana,694,0,be0f5c48cd51ee52ae9fb5fbd908b45a_53f1445a9f28799a32ea55f046319fc3fc0.jpg?1786359376,Crystal,90,0,SGE
Saibi Wasabi,59415917,246,220,Garuda,Elemental,693,0,019ca60037f45abcd6d16fb450204162_fcb1f5b0249d1069e5bdc66d0796f26afc0.jpg?1786360099,Crystal,22,0,MCH
Lon Ron,18022042,247,221,Ixion,Mana,693,0,6f6a04c69339b65f6603faea5df0b1a6_7126768d768f6c6c7fed3eaee98c3a8afc0.jpg?1786360189,Crystal,19,0,MCH
Asth Galleria,5330266,248,223,Pandaemonium,Mana,692,0,69f14cfe9aed20abab40d9c371b581d9_470db1bf2e865f9130531fea40b61ee4fc0.jpg?1786361120,Crystal,52,5,MCH
Zitnn Alexand,10097624,249,224,Belias,Meteor,692,0,9ba803d5e4d6d11746adc55721fd0c6e_894c4bd0beab2e2beb44b74f4c4bd206fc0.jpg?1786359040,Crystal,23,0,WAR
Kur Age,27916663,250,225,Ifrit,Gaia,692,0,b6c15539902ac3615580d0c358a2ce3a_f9f796348bc43067c7242ec4551cde69fc0.jpg?1786358752,Crystal,16,0,RPR
Totoka Toka,40704377,251,226,Chocobo,Mana,691,0,3aafbe2ed09507936a8a2aa2a03e2207_781d6b3603312f6be41670afa37282e0fc0.jpg?1786360117,Crystal,131,11,BLM
Aina The-end,44020286,252,227,Tiamat,Gaia,691,0,5de9f2cc82562b167fe84c1fcb425b92_9f10d335198e90990f3437c5733468e7fc0.jpg?1786357807,Crystal,49,8,MNK
Gaelle Green,6689086,253,0,Durandal,Gaia,691,491,8fd9b0a2971011504ea89c22ce063dd4_806ea5b45071d5cd6bf393e38462ee71fc0.jpg?1786360172,Crystal,29,18,GNB
Wolten Rema,17758406,254,228,Yojimbo,Meteor,691,0,7f56f4547e5e3e1528ebc681d9618464_4a92c619bde4f34cfa77e05fef21ad85fc0.jpg?1786358447,Crystal,27,0,SAM
Kuros Mu,61049213,255,230,Pandaemonium,Mana,691,0,9e807a625f663b98bc3f5699b41c95e5_470db1bf2e865f9130531fea40b61ee4fc0.jpg?1786358156,Crystal,17,0,UNK
Roud Mahu,3355785,256,231,Ixion,Mana,690,0,5ec00ff4b6711e2a189db7843e6ec84a_7126768d768f6c6c7fed3eaee98c3a8afc0.jpg?1786357913,Crystal,27,1,PLD
Crosner Agathe,1685660,257,232,Mandragora,Meteor,689,0,61a52bbd914b0c7f0b9af4110a19e6f0_ee738654add55c3d07ea92d8e108074cfc0.jpg?1786360864,Crystal,146,13,BRD
Shink Twitch,28515950,258,233,Chocobo,Mana,688,0,dbfc9e759a59380a06162fe11769fcc7_781d6b3603312f6be41670afa37282e0fc0.jpg?1786360521,Crystal,263,30,MIN
Mame Poporu,22836070,259,234,Ixion,Mana,686,0,a886d90317b0e4205db7046757e57e53_7126768d768f6c6c7fed3eaee98c3a8afc0.jpg?1786360779,Crystal,26,0,WAR
Rinfia Rint,24291060,260,235,Durandal,Gaia,685,0,a0d48d9035ce8cb65db8d80e6f885428_806ea5b45071d5cd6bf393e38462ee71fc0.jpg?1786359402,Crystal,124,1,WHM
Amarl Malaguld,27652092,261,236,Masamune,Mana,685,0,92f5a8f587b00180a706bf0adc6692cb_134930215abb8a90ec37d6cc05b05e08fc0.jpg?1786359738,Crystal,15,0,PLD
Ga Nadi,61801184,262,237,Titan,Mana,683,0,6d775dc29259442bd6ad12437fe3339b_e2bb3f9679fec6d4836fcf8abcc3eeacfc0.jpg?1786358594,Crystal,126,31,AST
Mister Alpheratz,34950496,263,0,Ixion,Mana,680,192,fdba356c4be03c92ffecec87e607f037_7126768d768f6c6c7fed3eaee98c3a8afc0.jpg?1786360577,Crystal,46,18,VPR
Pekemi Vs,34522615,264,239,Carbuncle,Elemental,679,0,9fa0d9dd5f5841a202fb4f9e517211e7_9eb3c19866f7ae0eeeffac7bf770aba5fc0.jpg?1786357835,Crystal,142,14,PLD
Mirage Viola,18473819,265,241,Belias,Meteor,620,0,afc0d8cb4d58a03698011df8d6137cac_894c4bd0beab2e2beb44b74f4c4bd206fc0.jpg?1786359650,Crystal,106,12,CUL
Mikall Nikall,27338323,266,280,Carbuncle,Elemental,612,20,e60a512b2d60c224cfd9c74b6449dffd_9eb3c19866f7ae0eeeffac7bf770aba5fc0.jpg?1786360861,Crystal,50,12,VPR
Geko Gety,29826106,267,242,Ramuh,Meteor,611,0,69f260926584b3f926dc8135f14fa22a_410ddb5a66a2fcacf538bec5ea5d0291fc0.jpg?1786360160,Crystal,14,0,MNK
Repipi Belchic,18138156,268,243,Garuda,Elemental,609,0,ff031764203bb8392345f0d02074ce7c_fcb1f5b0249d1069e5bdc66d0796f26afc0.jpg?1786358964,Crystal,84,2,SMN
Inari Oinari,33784273,269,244,Ultima,Gaia,608,0,df3ffb012c3d0b69a69801e3be00b23e_9df1b3cb0da35db33c17ef11ddf12adafc0.jpg?1786358207,Crystal,111,16,WHM
Crossford Fujita,54640917,270,245,Ridill,Gaia,607,0,6b6cf4c9612aa405a226b2c93f74e2b6_138751880f18161a907d7cf0faa43f07fc0.jpg?1786359610,Crystal,52,0,UNK
Royce Farrell,16260248,271,246,Tiamat,Gaia,607,0,dc9ad81c6df424c2b17bd56da6b0cc85_9f10d335198e90990f3437c5733468e7fc0.jpg?1786358000,Crystal,43,0,RPR
Amelia Noin,10857008,272,248,Shinryu,Meteor,606,0,e3b9588cb22fca69d27a06b6b3f7f74b_87b7d447f40b06dfc7228caf195f7dcffc0.jpg?1786357796,Crystal,145,9,PLD
Zukasa Yatoh,8768354,273,249,Typhon,Elemental,605,0,4b9242a67c4aa4390facfa8e2028de4b_32d8c9c7cd5f62d62da2d31b6750a680fc0.jpg?1786359444,Crystal,55,12,DRG
Yuuki Swallowtail,32886185,274,250,Kujata,Elemental,604,0,712840b89db68c0862aff570eefb28c6_72c48f093f2278ac3243962d3eb6a8d7fc0.jpg?1786358867,Crystal,54,0,BRD
Hoshikuz Siina,1173407,275,252,Tiamat,Gaia,604,0,f966bf2277aea0b0af7b96dbbca7abc1_9f10d335198e90990f3437c5733468e7fc0.jpg?1786360721,Crystal,28,1,SAM
Nocturne Midnightblue,55368101,276,253,Asura,Mana,604,0,e9f7726a264875c782e0384932dbf161_53f1445a9f28799a32ea55f046319fc3fc0.jpg?1786357779,Crystal,12,0,NIN
Rech Leys,13839764,277,255,Asura,Mana,603,0,7bc422589ea337ab644d4bc829ed74bd_53f1445a9f28799a32ea55f046319fc3fc0.jpg?1786357796,Crystal,117,35,UNK
Noir Eclair,2642862,278,256,Ultima,Gaia,602,0,18e63e62d7219f7b588f8c22739fa1ff_9df1b3cb0da35db33c17ef11ddf12adafc0.jpg?1786358399,Crystal,45,0,VPR
Envy Lua,43034484,279,283,Valefor,Meteor,602,16,e7cd2d55788c0aa6cbc5b71284096360_485f4777c38002871591fb54f27edc65fc0.jpg?1786360621,Crystal,26,4,SCH
Zero Vanettius,31180421,280,257,Tonberry,Elemental,601,0,dcc2410aaf3a239966f3c0881c2419fc_7bb6b1e488f0e4f01c5314d010b60f31fc0.jpg?1786358540,Crystal,83,0,VPR
Khelby Trickster,1496735,281,258,Gungnir,Elemental,601,0,fde8b59fda65550661c58e15a9026a06_8f82f937943b6baf4c565020d5eba0ccfc0.jpg?1786357759,Crystal,40,0,SCH
Felious Nature,29878382,282,259,Garuda,Elemental,601,0,1fb8f30013241119bd3ec89439f23c39_fcb1f5b0249d1069e5bdc66d0796f26afc0.jpg?1786361258,Crystal,20,0,SAM
Kirakira Akira,55531034,283,260,Typhon,Elemental,601,0,5934f798f998575286709c767ba05f59_32d8c9c7cd5f62d62da2d31b6750a680fc0.jpg?1786358433,Crystal,10,0,SGE
Kikiru Kiru,32877503,284,0,Pandaemonium,Mana,601,0,e7b80247dc6473f7ec0cd4127f78efb3_470db1bf2e865f9130531fea40b61ee4fc0.jpg?1786358505,Crystal,9,0,RDM
Rohesa Morgan,10586618,285,261,Ramuh,Meteor,600,0,1b6623c84e2fcee5c1d726a691ab88ba_410ddb5a66a2fcacf538bec5ea5d0291fc0.jpg?1786357953,Crystal,65,6,WVR
A'' Leodela,1348434,286,262,Fenrir,Gaia,600,0,e94ac2a12b37ee5b5cbdfec8350d8bb6_d384cf5ad7db803f29799f36ebbc3eadfc0.jpg?1786359595,Crystal,59,15,UNK
Zumu Elect,11364414,287,263,Shinryu,Meteor,600,0,bd0b65a51fad6bef1e3c413041784da0_87b7d447f40b06dfc7228caf195f7dcffc0.jpg?1786359596,Crystal,27,0,VPR
Laviera Rose,60788095,288,264,Masamune,Mana,600,0,137281dbfd05a8698e1b5b46cb1d6d03_134930215abb8a90ec37d6cc05b05e08fc0.jpg?1786358021,Crystal,11,3,DRG
Fio Waldstein,15536952,289,265,Chocobo,Mana,599,0,cad62c88f360d5d6d4f48b42b2e493d0_781d6b3603312f6be41670afa37282e0fc0.jpg?1786360533,Crystal,66,0,WAR
Torime Nico,26400369,290,0,Atomos,Elemental,599,99,dbb2fb17c00b9c7a6e6ca0a65c888ac6_cf768a751b1f5e355c2fd39a9ed91f3ffc0.jpg?1786358518,Crystal,36,1,SCH
Hisui Yakumo,32307151,291,266,Anima,Mana,599,0,a17a433489499f7247bcab0b749c1710_2f698530a28d671d20278c8518c804c9fc0.jpg?1786360426,Crystal,29,0,AST
Quar Les,50778338,292,0,Alexander,Gaia,598,300,3f3572a1932d01e7e0cc4ce4921a0e99_b7a71d8799cf6dd75b711a7f52de6675fc0.jpg?1786358967,Crystal,60,5,DRG
Lazulim Langheim,1644495,293,268,Ultima,Gaia,597,0,997660bb7160cf32fb6806926222d151_9df1b3cb0da35db33c17ef11ddf12adafc0.jpg?1786358278,Crystal,5,0,NIN
Teka Etoile,25627481,294,0,Durandal,Gaia,596,190,20c4e02c3b7c11c6ceb68582c409ceb9_806ea5b45071d5cd6bf393e38462ee71fc0.jpg?1786359787,Crystal,85,6,WHM
Muutyo Ganajai,35379364,295,269,Ridill,Gaia,596,0,5435163c8ed77079a8f6bdb50b7b4da2_138751880f18161a907d7cf0faa43f07fc0.jpg?1786358909,Crystal,34,0,SAM
Anoma Loris,44038350,296,270,Valefor,Meteor,596,0,57b0094511d082e7e7e8203d850b4159_485f4777c38002871591fb54f27edc65fc0.jpg?1786361214,Crystal,19,0,BRD
Satosan Fiftysix,26440218,296,270,Typhon,Elemental,596,0,0b17719ebd757aaebd8ff00d5d1bd6f5_32d8c9c7cd5f62d62da2d31b6750a680fc0.jpg?1786360441,Crystal,19,0,DRG
Ame Azarashi,23141823,298,272,Durandal,Gaia,596,0,3169ff74c51973a08f1b5c47026339a9_806ea5b45071d5cd6bf393e38462ee71fc0.jpg?1786358253,Crystal,11,3,GNB
Nicole Alto,29493765,299,0,Masamune,Mana,596,0,a2498d373544544a03c04cf423aad336_134930215abb8a90ec37d6cc05b05e08fc0.jpg?1786359130,Crystal,10,0,UNK
Aquamarine Freyja,30360317,300,274,Titan,Mana,595,0,0dfd1b818fb45dff90b6c17b14b71318_e2bb3f9679fec6d4836fcf8abcc3eeacfc0.jpg?1786359560,Crystal,11,0,NIN
Miyu Moon,14522179,1,0,Mateus,Crystal,2672,0,3562f4cf44aad7d526acbf8fae3937b0_f0c52cc66e124fc2e641d7c21ab2ce79fc0.jpg?1786361183,Omega,55,1,SAM
Azar Kaveh,16748899,2,0,Mateus,Crystal,2584,0,1d25f3d1883510d8fd010504471516b8_f0c52cc66e124fc2e641d7c21ab2ce79fc0.jpg?1786359164,Omega,186,27,MNK
Pekora Meow,37421725,3,0,Leviathan,Primal,2461,291,dc85502f9baa330d5a15d3c0a6f002a0_a91aae52cff9ef65932db06b150ffd47fc0.jpg?1786357996,Omega,151,16,RDM
Legendary Ash,10855248,4,0,Faerie,Aether,2337,173,6fd699132806b61c9dcb8613c3ae11a3_0e336ff6ad415f47233f0aaf127feac0fc0.jpg?1786361119,Omega,72,31,AST
Sanahi Keto,57330112,5,0,Hyperion,Primal,2077,0,6531a5f5216bf8e7efcdcf26e24615cb_57ae9ee5592123dd79c8912bf768cf99fc0.jpg?1786359512,Omega,100,24,AST
Barock Obama,52411158,6,0,Siren,Aether,2054,0,05a5459925b46dd9d074e273b24d5d27_58a84e851e55175d22158ca97af58a1ffc0.jpg?1786359192,Omega,158,7,PLD
Azure Balmung,17864089,7,35,Gilgamesh,Aether,1998,891,5456a33c0abb12eab1bf88281486246e_b937560c841465f7c4bc8eb47ea7948afc0.jpg?1786359493,Omega,33,14,DRG
Meteor Moon,29693876,8,7,Rafflesia,Dynamis,1942,0,7f262df9422aa27c9dd850d004812561_2783886613347a4db0bed7524de1298ffc0.jpg?1786358791,Omega,161,22,SGE
Vittorio Moretti,61421815,9,8,Diabolos,Crystal,1879,0,8c11f65c791a4f39ba7c716aeb6bc8d9_7b33d33ae3ecb996f778a5f67a6a0af6fc0.jpg?1786359251,Omega,104,6,SMN
Sylvie Chan,48678953,10,11,Brynhildr,Crystal,1846,131,14580705b6124b25ef19217300b4891f_d0a0f515a62457570c9b44997063e3c1fc0.jpg?1786361299,Omega,114,12,NIN
Suhr Zarek,8876676,11,9,Balmung,Crystal,1806,0,c09e4087ccb76545f31b81fa5ca01485_7a573cbc0cda3a3dfc1795cb3d9f7b23fc0.jpg?1786357824,Omega,132,26,PLD
Tomo Kote,38176817,12,16,Gilgamesh,Aether,1791,197,e5d7502ad7f21874552a4fc21553ee9e_b937560c841465f7c4bc8eb47ea7948afc0.jpg?1786360585,Omega,89,3,RDM
Size Difference,33536390,13,10,Sargatanas,Aether,1774,0,770b5bd32a40e292765490f8e46eaf60_ba22853447012a24cee115315d6a5bebfc0.jpg?1786360504,Omega,140,19,SMN
Show Maker,61843104,14,12,Kraken,Dynamis,1699,0,a2da8d9d3d95080eac0c8ad1975a70ac_049a956dfeb0eb2e19c417a1dde4d680fc0.jpg?1786360645,Omega,107,0,SMN
Gongsun Qerel,38059779,15,13,Mateus,Crystal,1693,0,015ef2d1ef8f18b0cf7fa0e646fa2d12_f0c52cc66e124fc2e641d7c21ab2ce79fc0.jpg?1786358466,Omega,87,0,VPR
Marci Meow,54739620,16,14,Balmung,Crystal,1683,0,4ebc98a9ae6cf756ec75bc3db97f87f6_7a573cbc0cda3a3dfc1795cb3d9f7b23fc0.jpg?1786359538,Omega,42,0,DRG
Kris Lhea,39204335,17,15,Mateus,Crystal,1602,0,982639accd39a2021d8f112bb5e763df_f0c52cc66e124fc2e641d7c21ab2ce79fc0.jpg?1786359870,Omega,59,0,MNK
Death Reaps,8773483,18,23,Balmung,Crystal,1598,296,265183f487ab7e0a5a5b3128ec29a82a_7a573cbc0cda3a3dfc1795cb3d9f7b23fc0.jpg?1786359784,Omega,101,7,PCT
Saraliah Dawnbringer,21371539,19,39,Coeurl,Crystal,1588,492,6cef2d612818607782b7fbc356526664_284358f8eb4efc9095914e46798c6ab3fc0.jpg?1786358219,Omega,39,8,PLD
Sanguinius Smolblood,33489157,20,17,Kraken,Dynamis,1585,0,461663ac9dfac06c5d61bc05d26ae652_049a956dfeb0eb2e19c417a1dde4d680fc0.jpg?1786359352,Omega,66,6,SGE
Terro Beoulve,45682109,21,25,Coeurl,Crystal,1585,694,5c8262e03844a30a89d0d2374247f03c_284358f8eb4efc9095914e46798c6ab3fc0.jpg?1786360464,Omega,59,20,VPR
Mavis Enyo,14769968,22,18,Excalibur,Primal,1578,0,00bced457c7cea8ae968197c61367bed_745baffc465480ed372e274d50318290fc0.jpg?1786359813,Omega,37,0,BLM
Crow Meow,54328117,23,19,Jenova,Aether,1577,0,7eded062751a7f80f7f3d9fbe0ab8e34_ce736afe35e2ded4e46c4fd0659aef7efc0.jpg?1786358008,Omega,33,0,SCH
Fye Alanyk,48751064,24,20,Diabolos,Crystal,1575,0,d605d68b88b347dfdb8a9b9e6c3539d6_7b33d33ae3ecb996f778a5f67a6a0af6fc0.jpg?1786360582,Omega,124,12,VPR
Fulheart Grit,38212551,25,31,Balmung,Crystal,1565,381,4a4d99f967c37bf42bd739857921e360_7a573cbc0cda3a3dfc1795cb3d9f7b23fc0.jpg?1786358773,Omega,70,29,SMN
Lucio Harundo,4012099,26,32,Leviathan,Primal,1524,392,d042eff245eaa56c0b6989df68a99564_a91aae52cff9ef65932db06b150ffd47fc0.jpg?1786359677,Omega,157,14,WAR
Jay Vermillion,20310837,27,24,Adamantoise,Aether,1506,207,ae2f157d9c523947744b038a73f77be6_1f5fd239b885860b7c2bfc72ad1d97effc0.jpg?1786357951,Omega,77,16,WHM
Xiao Longbao,31670807,28,30,Excalibur,Primal,1496,298,b9d8562547d5b9d8e86054d9061c6a23_745baffc465480ed372e274d50318290fc0.jpg?1786360116,Crystal,44,6,RDM
Lillian Floresca,58646686,29,21,Diabolos,Crystal,1413,89,4855e798f71f9426ff66aa8bcfc65aed_7b33d33ae3ecb996f778a5f67a6a0af6fc0.jpg?1786359543,Crystal,57,6,UNK
Fortune Days,44283538,30,126,Zalera,Crystal,1395,1097,044cf6044387105edf58d48a910b1ae4_8106f857613f8fb994b0be37b26ff4bafc0.jpg?1786361114,Crystal,40,15,AST
Micro Uryade,37487800,31,70,Sargatanas,Aether,1305,615,d9df4db31e4d391c99006db3caa4b5f9_ba22853447012a24cee115315d6a5bebfc0.jpg?1786361077,Crystal,87,16,RPR
Olivia Lugria,15149290,32,22,Sargatanas,Aether,1304,0,c230658574a9dc12a4eb6fae2e16ceb4_ba22853447012a24cee115315d6a5bebfc0.jpg?1786358340,Crystal,190,27,SAM
Clara Green,44437004,33,38,Gilgamesh,Aether,1293,197,9fdf7ee98ab3c5eb9220a6d31f045135_b937560c841465f7c4bc8eb47ea7948afc0.jpg?1786360443,Crystal,80,8,AST
Kuina Kagetsu,36802695,34,26,Ultros,Primal,1286,0,dd8ffbe11c53ea988c605c9c24157c59_c514cdcdb619439df97d906d4434ccc6fc0.jpg?1786359206,Crystal,68,1,AST
Air Azure,41482862,35,27,Rafflesia,Dynamis,1279,0,a32fc7c37974e2629ce594c455ff54a7_2783886613347a4db0bed7524de1298ffc0.jpg?1786357984,Crystal,56,12,WAR
Rubedo Ginshi,15639088,36,28,Lamia,Primal,1263,0,bbc5b3eb96e1a1691fb9abb344fc3217_4d9be17b5e1edc617052b4dbf4007875fc0.jpg?1786361228,Crystal,70,8,MCH
Myu Meow,9691497,37,29,Leviathan,Primal,1201,0,d925a41776719d761c94e8e32e5e7a0f_a91aae52cff9ef65932db06b150ffd47fc0.jpg?1786359965,Crystal,39,0,MCH
Kairi Rune,28236760,38,68,Hyperion,Primal,1188,495,ce129fc5d83b1472a349e0e1053aee02_57ae9ee5592123dd79c8912bf768cf99fc0.jpg?1786358220,Crystal,31,19,MNK
Hrothmar Blackburns,28757856,39,33,Adamantoise,Aether,1118,0,ba6405bac0d5b1fb489962984f0d9fb9_1f5fd239b885860b7c2bfc72ad1d97effc0.jpg?1786360039,Crystal,183,10,BLM
Pvp Badboy,38919488,40,34,Sargatanas,Aether,1116,0,8833f678967938d2e79b8d993021ce3f_ba22853447012a24cee115315d6a5bebfc0.jpg?1786357731,Crystal,63,0,NIN
Deadrise Mutambo,49340180,41,36,Diabolos,Crystal,1101,0,05829ade005fe971a894d48d18963c4f_7b33d33ae3ecb996f778a5f67a6a0af6fc0.jpg?1786359590,Crystal,58,10,DRG
Bisukito Neko,32261082,42,37,Zalera,Crystal,1097,0,3462c7ee2de7556ca86498dc5214a7fb_8106f857613f8fb994b0be37b26ff4bafc0.jpg?1786360702,Crystal,38,0,UNK
Nemx Eisenhorn,2244246,43,52,Excalibur,Primal,1095,200,8d22c9821683049e16868ac1de65df41_745baffc465480ed372e274d50318290fc0.jpg?1786358217,Crystal,19,3,MCH
Aibertain Mando,32541700,44,40,Jenova,Aether,1076,0,8dec967ad48c9a703018a7445740a7f3_ce736afe35e2ded4e46c4fd0659aef7efc0.jpg?1786358675,Crystal,146,14,MCH
Doomballoon Dapingus,19169037,45,58,Diabolos,Crystal,1017,303,e43cef91ca38a14de0e5bea2295ba9c0_7b33d33ae3ecb996f778a5f67a6a0af6fc0.jpg?1786360118,Crystal,54,6,RDM
Momo Meow,50898775,46,41,Siren,Aether,1013,0,6abf63b1f0755aa211bfd1dadc66e3b9_58a84e851e55175d22158ca97af58a1ffc0.jpg?1786358889,Crystal,14,0,AST
La Bubu,26625120,47,48,Diabolos,Crystal,1011,105,733d34df72366760c6f44581681c9088_7b33d33ae3ecb996f778a5f67a6a0af6fc0.jpg?1786359564,Crystal,28,6,BLM
Azureal Grandeur,20448737,48,42,Marilith,Dynamis,1002,0,fa989d1d00d58fc1b4171abefb5e22b7_bbfb28d5a9059cd0c768daf77ab29982fc0.jpg?1786360036,Crystal,102,28,AST
Nero Cor,51685882,49,43,Cactuar,Aether,1001,0,a53a1a6499997a089c36337bcc3ae46d_96ab1df8877c1f8ba6a89a39cccfd437fc0.jpg?1786360321,Crystal,92,0,SAM
F'ool Pr'oof,27802292,50,44,Behemoth,Primal,1001,0,07756f3cccf4cada3f3d40b5d44ef841_be20385e18333edb329d4574f364a1f0fc0.jpg?1786360616,Crystal,70,0,DNC
Rae Rea,58956664,51,45,Adamantoise,Aether,998,0,72766cccd8c79e6afd3055accfc559fa_1f5fd239b885860b7c2bfc72ad1d97effc0.jpg?1786359820,Crystal,15,2,DNC
Sparrow Hawk,50867063,52,88,Seraph,Dynamis,995,494,1253b18a592d2d3c5133e9b86ab20c5a_07fb0511053f398d1f2d6831e6a6b4c8fc0.jpg?1786358041,Crystal,30,14,DRG
Suhr Zarek,41651606,53,92,Goblin,Crystal,994,500,9a55a7c2b29a7a0b7de33b2fcc5a0411_8e81e2940511f7152ba4462fe53e35b8fc0.jpg?1786358458,Crystal,21,8,MNK
Raiden Meow,60049984,54,46,Halicarnassus,Dynamis,990,0,82a7874a19aee552f4a0f8ff2b663dff_f2d324d722b28bbe681b2898bcdca8bffc0.jpg?1786359023,Crystal,28,0,BRD
Haha Unless,35825889,55,47,Faerie,Aether,908,0,3c249691791cbe0f2fb3ccc230c9a4e4_0e336ff6ad415f47233f0aaf127feac0fc0.jpg?1786359765,Crystal,21,0,SMN
Merlin Emryss,9605720,56,55,Faerie,Aether,905,96,87179f28ae17956a4d43567dadf6ea60_0e336ff6ad415f47233f0aaf127feac0fc0.jpg?1786360787,Crystal,75,10,BRD
Celesse Archon,5403993,57,49,Midgardsormr,Aether,902,0,46c05696a375eb66cab3503bea79e4e4_5c8ecfbc673e1287a9b5e85423fe1657fc0.jpg?1786360429,Crystal,32,0,AST
No Buts,2234245,58,50,Zalera,Crystal,901,0,0d8b9ae74f55ea0ba374fa7b38b48862_8106f857613f8fb994b0be37b26ff4bafc0.jpg?1786359031,Crystal,64,0,BRD
The Feast,46586541,59,51,Behemoth,Primal,901,0,db9e7409cc816f51307405b49c8b5713_be20385e18333edb329d4574f364a1f0fc0.jpg?1786359276,Crystal,41,0,UNK
Ice Mage,56719413,60,53,Golem,Dynamis,893,0,20eb207dbce003e2fb1842e0c47aacc7_dd61c3dc259e5c43722e89409499b669fc0.jpg?1786358855,Crystal,62,0,BLM
Aerika Meow,27836279,61,69,Faerie,Aether,891,199,cefa16e18644e0b625a0d52d2df514b9_0e336ff6ad415f47233f0aaf127feac0fc0.jpg?1786358856,Crystal,14,6,DNC
Uki Yo,50106047,62,54,Adamantoise,Aether,879,0,75e9983a4dd07e7e5de0ed1ac11a23fb_1f5fd239b885860b7c2bfc72ad1d97effc0.jpg?1786359527,Crystal,19,0,RPR
Kiitla Hundar,21600585,63,72,Brynhildr,Crystal,821,207,acff83df95bca2189584bd6af72e84ce_d0a0f515a62457570c9b44997063e3c1fc0.jpg?1786358321,Crystal,45,6,UNK
Silanah Sylphrena,45709349,64,0,Faerie,Aether,800,101,353d000e66ebf6b7715ff5998504f784_0e336ff6ad415f47233f0aaf127feac0fc0.jpg?1786359725,Crystal,15,1,SGE
Kirishoto Azphina,7859003,65,296,Excalibur,Primal,797,797,c9689b4fc4af55f8366432b02c0ce55f_745baffc465480ed372e274d50318290fc0.jpg?1786358148,Crystal,42,23,SMN
Dandy Lyon,9088850,66,56,Leviathan,Primal,797,0,5e652518b4930ff5cb411a5818760318_a91aae52cff9ef65932db06b150ffd47fc0.jpg?1786360458,Crystal,37,0,DRG
Ahri Meow,42604315,67,57,Leviathan,Primal,794,0,99498e3de5cc49aacddccc855d4ee19d_a91aae52cff9ef65932db06b150ffd47fc0.jpg?1786358284,Crystal,17,4,DRG
Im Dead,44727021,68,91,Balmung,Crystal,789,295,382bb5e8fe23a4e04750cfd29fa9f46c_7a573cbc0cda3a3dfc1795cb3d9f7b23fc0.jpg?1786361149,Crystal,38,17,RPR
Nanamie Namie,54007603,69,114,Seraph,Dynamis,785,396,0a2ba3a431605dbe05215a75dffd70e7_07fb0511053f398d1f2d6831e6a6b4c8fc0.jpg?1786360816,Crystal,91,9,PLD
Crew Mate,58619876,70,78,Rafflesia,Dynamis,713,112,8fabef2de621b0cab9b478c17a74d44f_2783886613347a4db0bed7524de1298ffc0.jpg?1786360351,Crystal,30,11,UNK
Ellie Titis,36865882,71,59,Midgardsormr,Aether,707,0,71601f63eddfe2db7e4ec2213790102c_5c8ecfbc673e1287a9b5e85423fe1657fc0.jpg?1786359440,Crystal,30,0,GNB
Big Three,47754584,72,60,Zalera,Crystal,705,0,ef1725c11b5e975338a0b9d2fccdabfe_8106f857613f8fb994b0be37b26ff4bafc0.jpg?1786360531,Crystal,45,9,WAR
Gojo San,48764071,73,61,Jenova,Aether,705,0,cfaa3805c7a62fc99a75b9c68da57b17_ce736afe35e2ded4e46c4fd0659aef7efc0.jpg?1786360521,Crystal,8,0,VPR
Josh Trigiani,6965228,74,116,Lamia,Primal,703,396,22f547722b0454bc3b30d7f6a8ac5b0a_4d9be17b5e1edc617052b4dbf4007875fc0.jpg?1786360256,Crystal,29,17,BLM
Noraliza Aubyrn,32094068,75,62,Goblin,Crystal,701,0,8a18cbebe3a2fc2c4bc70809fec01623_8e81e2940511f7152ba4462fe53e35b8fc0.jpg?1786358770,Crystal,63,8,WAR
Kylis Pendragon,36050245,76,94,Balmung,Crystal,699,286,6d0f4e4d3e36c9a4dd7fccd76f9effc3_7a573cbc0cda3a3dfc1795cb3d9f7b23fc0.jpg?1786358771,Crystal,127,11,DNC
Satoshi Itaori,52546108,77,63,Golem,Dynamis,699,0,1ecf4d8479fa0e8c3c4b6fe005108b6d_dd61c3dc259e5c43722e89409499b669fc0.jpg?1786359481,Crystal,25,0,DRG
Seto Mimyho,20943977,78,65,Behemoth,Primal,698,0,e0110a23ddcddf11cb8bf1e895c56d75_be20385e18333edb329d4574f364a1f0fc0.jpg?1786360832,Crystal,39,0,FSH
Zeta Salazar,44375733,79,66,Midgardsormr,Aether,697,0,4be3c205f3892cdbc09e8417ad6dbb68_5c8ecfbc673e1287a9b5e85423fe1657fc0.jpg?1786359454,Crystal,113,7,SAM
Aesa Iys,59631795,80,67,Kraken,Dynamis,696,0,60f73c621a5b6dec56728cc5466268c2_049a956dfeb0eb2e19c417a1dde4d680fc0.jpg?1786359902,Crystal,107,19,UNK
Emi Meow,44729199,81,90,Siren,Aether,696,199,39fec9b8eaf71c699797cd15ef87009b_58a84e851e55175d22158ca97af58a1ffc0.jpg?1786360107,Crystal,6,2,DRK
Kasai Kage,21886030,82,71,Adamantoise,Aether,618,0,6835735c490425c8a49d6889308a3484_1f5fd239b885860b7c2bfc72ad1d97effc0.jpg?1786358074,Crystal,14,0,NIN
Akari Tsuki,46655701,83,73,Adamantoise,Aether,608,0,08f7ffe45c1b134f99ea040b39ee2bdd_1f5fd239b885860b7c2bfc72ad1d97effc0.jpg?1786358796,Crystal,17,0,SMN
Hilto Feltre,55076328,84,74,Sargatanas,Aether,605,0,4a850e1dbb7f6f3aeff5b21df6166f3f_ba22853447012a24cee115315d6a5bebfc0.jpg?1786360900,Crystal,45,0,RPR
Ivy Storm,61727582,85,75,Zalera,Crystal,604,0,27a648f77de0ff7a1a44539cbd062203_8106f857613f8fb994b0be37b26ff4bafc0.jpg?1786358087,Crystal,81,0,MCH
Judas Demaio,7957583,86,76,Balmung,Crystal,604,0,802e8b947615ba3fa10ac8d8e4fb1ebf_7a573cbc0cda3a3dfc1795cb3d9f7b23fc0.jpg?1786361051,Crystal,11,1,UNK
Alma Braver,729037,87,77,Goblin,Crystal,602,0,1d50d402d833734bf7f0d1fe6b3af5e8_8e81e2940511f7152ba4462fe53e35b8fc0.jpg?1786359015,Crystal,34,9,WHM
Ham Baga,28276994,88,79,Balmung,Crystal,601,0,80672270fca68b3d3fa2f4c0b220427a_7a573cbc0cda3a3dfc1795cb3d9f7b23fc0.jpg?1786360320,Crystal,15,0,BRD
Yui Fins,46861659,89,80,Adamantoise,Aether,600,0,477904411f28cfd029518422146e02f0_1f5fd239b885860b7c2bfc72ad1d97effc0.jpg?1786360671,Crystal,194,27,PLD
Raphtalia Solari,8126326,90,154,Adamantoise,Aether,600,401,baeca36f0f50dbb796496ea18e58ee30_1f5fd239b885860b7c2bfc72ad1d97effc0.jpg?1786357842,Crystal,16,10,PLD
Ash Ymir,58885179,91,81,Goblin,Crystal,599,0,9326f044cdbd54d081c76d88de6310e0_8e81e2940511f7152ba4462fe53e35b8fc0.jpg?1786358812,Crystal,57,0,SMN
Silvy Kaenbyou,45504540,92,82,Goblin,Crystal,598,0,3a856bd5c7e35d95f6afcc57be4321a1_8e81e2940511f7152ba4462fe53e35b8fc0.jpg?1786359378,Crystal,78,12,SCH
Zypris Allsbane,13616095,93,184,Leviathan,Primal,598,498,8194751bb802fcd9691a7ee558040836_a91aae52cff9ef65932db06b150ffd47fc0.jpg?1786358674,Crystal,41,9,RPR
Yozen Ballistar,24434537,94,83,Hyperion,Primal,597,0,087acc31d84823e50be37be0af3a3640_57ae9ee5592123dd79c8912bf768cf99fc0.jpg?1786358124,Crystal,5,0,WHM
Phrosticus Maximus,51732834,95,84,Kraken,Dynamis,594,0,36921233b0c05085a501c86bb51f5633_049a956dfeb0eb2e19c417a1dde4d680fc0.jpg?1786361247,Crystal,99,7,NIN
Adrianne Lehman,335503,96,85,Jenova,Aether,591,0,9487d4bc6332e7a22c323a4ee321ffa1_ce736afe35e2ded4e46c4fd0659aef7efc0.jpg?1786359765,Crystal,151,15,RDM
Ryan Hoshiko,10323495,97,86,Lamia,Primal,591,0,b8f720f05e5314618bc7341f856d075d_4d9be17b5e1edc617052b4dbf4007875fc0.jpg?1786358937,Crystal,38,0,GNB
Tiny Sosig,16648383,98,210,Balmung,Crystal,505,505,47661dc0b135d6c15fadc46a3fa85816_7a573cbc0cda3a3dfc1795cb3d9f7b23fc0.jpg?1786360317,Crystal,113,14,MNK
Shionne Ripley,21758358,99,103,Exodus,Primal,502,502,bb79dff7e2cdc4dfc99c188be01080ba_0cdf051c93865faa15cbc5cd3d2b69fbfc0.jpg?1786357767,Crystal,60,24,DRG
P'roto Idola,35374628,100,87,Brynhildr,Crystal,502,0,a91ad9e8c6c6ddb0905cd9aa6cede8e3_d0a0f515a62457570c9b44997063e3c1fc0.jpg?1786360838,Crystal,36,0,PLD
Rin Denma,33178809,101,99,Gilgamesh,Aether,501,101,6c5bab6678d3c44b6e646bc8726eb9f9_b937560c841465f7c4bc8eb47ea7948afc0.jpg?1786360714,Crystal,5,1,UNK
Lelouch Masamune,12543299,102,89,Malboro,Crystal,498,0,711457fd66b589fb422ba4640a4826f0_2e97c13fdd593d15d543093f8a37b6f0fc0.jpg?1786360342,Crystal,74,0,DRK
Anti Luminosity,53824427,103,93,Marilith,Dynamis,490,0,345441c3ea324bf07484e7e6f1031ccc_bbfb28d5a9059cd0c768daf77ab29982fc0.jpg?1786360929,Crystal,90,0,RPR
Finch Curador,30712387,104,0,Leviathan,Primal,487,0,a7767d35320b852f509e7dd68b0151d4_a91aae52cff9ef65932db06b150ffd47fc0.jpg?1786359055,Crystal,9,0,BLM
Nikau Milkdud,30842976,105,95,Lamia,Primal,404,0,2ffee265e9fb9491997d30306dc67cc3_4d9be17b5e1edc617052b4dbf4007875fc0.jpg?1786358948,Crystal,4,0,MNK
Von Columbine,58381347,106,179,Gilgamesh,Aether,401,301,616328e702b2b2e8d452581d53ec9f88_b937560c841465f7c4bc8eb47ea7948afc0.jpg?1786357909,Crystal,53,11,GNB
Vicious Nouzen,42001229,107,98,Jenova,Aether,401,1,94ccc3f4ceffc2356f1ddd47d85ca9f7_ce736afe35e2ded4e46c4fd0659aef7efc0.jpg?1786360052,Crystal,50,3,GNB
Xale Solace,52728205,107,96,Adamantoise,Aether,401,0,5272a5d5dea9738bb4a6638ac3f083d2_1f5fd239b885860b7c2bfc72ad1d97effc0.jpg?1786357974,Crystal,50,9,VPR
Nero K'ten,6155374,109,97,Lamia,Primal,400,0,457604f04300faac0e52a053884e2bb7_4d9be17b5e1edc617052b4dbf4007875fc0.jpg?1786360993,Crystal,53,2,AST
Freelili Baylili,41088797,110,124,Famfrit,Primal,400,100,2fd0edea93f7f1b96bfa59c24d04a2af_fce4949e615393e574f2d57134b31fc1fc0.jpg?1786357778,Crystal,48,2,SCH
Cj Deux,23394493,111,100,Lamia,Primal,399,0,64702aeefa55d2931c531ddadd7964ea_4d9be17b5e1edc617052b4dbf4007875fc0.jpg?1786359228,Crystal,150,39,BLM
Pvp Wintrader,55633250,112,101,Rafflesia,Dynamis,399,0,a95c4512f0f35cf564aac910d19b00e2_2783886613347a4db0bed7524de1298ffc0.jpg?1786359277,Crystal,41,0,BRD
June Buggy,39873640,113,102,Brynhildr,Crystal,399,0,929fb7f3958e6f1fbc9e559d731c0108_d0a0f515a62457570c9b44997063e3c1fc0.jpg?1786359691,Crystal,34,0,SGE
Karl Rex,48615049,114,104,Siren,Aether,398,0,a7f2129699ecb71e801871425b8cbc52_58a84e851e55175d22158ca97af58a1ffc0.jpg?1786358618,Crystal,200,13,WAR
Gidding Mimid,9835761,115,105,Exodus,Primal,398,0,97296d489ec3afb5d7c65e3c6fa7fc05_0cdf051c93865faa15cbc5cd3d2b69fbfc0.jpg?1786361194,Crystal,85,9,NIN
Kaede Obinata,32151196,116,106,Marilith,Dynamis,398,0,460d631b298c83b035fb70ac5669658d_bbfb28d5a9059cd0c768daf77ab29982fc0.jpg?1786360734,Crystal,46,0,NIN
Ava Falafell,7835301,117,107,Cactuar,Aether,398,0,037dd67f6ab82aadfe3e7b3e4973d525_96ab1df8877c1f8ba6a89a39cccfd437fc0.jpg?1786357836,Crystal,32,0,WHM
Roland Montpensier,27408688,118,108,Mateus,Crystal,398,0,f999e29fa2ab10f6ba02338f493e886b_f0c52cc66e124fc2e641d7c21ab2ce79fc0.jpg?1786358456,Crystal,14,4,DRK
Honey Toast,57307408,119,159,Exodus,Primal,398,0,f4ce05067fa4042fad64931eb5015841_0cdf051c93865faa15cbc5cd3d2b69fbfc0.jpg?1786357717,Crystal,5,0,UNK
Lazy Bear,39566180,120,109,Faerie,Aether,397,0,a07cf0c35d5a78a5a1b9ca16d6f41803_0e336ff6ad415f47233f0aaf127feac0fc0.jpg?1786360248,Crystal,103,11,MNK
Jin Mercer,31096690,121,110,Marilith,Dynamis,396,0,708b770d30658bbff6a84015d913b518_bbfb28d5a9059cd0c768daf77ab29982fc0.jpg?1786358578,Crystal,31,0,DRG
Eyre Stahl,32745572,122,111,Maduin,Dynamis,396,0,0d24cf6e8f53fc59a993fd5e5311d4e0_7ff236346f6151d8a2c08fd0b4a0b806fc0.jpg?1786359377,Crystal,3,0,SAM
Thamiel Blade,11845109,123,112,Malboro,Crystal,393,0,80ba6f7aa26a72c98ebf41b210be27be_2e97c13fdd593d15d543093f8a37b6f0fc0.jpg?1786359935,Crystal,59,8,RDM
Aurora Aura,51466191,124,113,Coeurl,Crystal,392,0,6bf65747d41f881881af0d8d8ee83bb9_284358f8eb4efc9095914e46798c6ab3fc0.jpg?1786359331,Crystal,98,6,WHM
Boulder Beholder,10981587,125,115,Faerie,Aether,310,0,9de7d0362a3a832a7171bfe262bb5d94_0e336ff6ad415f47233f0aaf127feac0fc0.jpg?1786358828,Crystal,6,0,RDM
Naeng Myeon,35393894,126,117,Jenova,Aether,305,0,e834ee8ccde5fd99424275ed75278f5b_ce736afe35e2ded4e46c4fd0659aef7efc0.jpg?1786360715,Crystal,32,0,PLD
Larxis Themage,9284703,127,118,Mateus,Crystal,304,0,f1440421e273892659981868cbc99f9b_f0c52cc66e124fc2e641d7c21ab2ce79fc0.jpg?1786361242,Crystal,89,2,WHM
Dank Lollington,37820692,128,119,Exodus,Primal,304,0,2b6faafd9620689cd5e4222c96529aa5_0cdf051c93865faa15cbc5cd3d2b69fbfc0.jpg?1786360698,Crystal,21,0,MCH
Ethan Dumas,2337003,129,120,Zalera,Crystal,303,0,4363afb6aeff95a15293cf3907560f7b_8106f857613f8fb994b0be37b26ff4bafc0.jpg?1786359919,Crystal,88,0,RDM
Noel Bunny,5201676,130,137,Behemoth,Primal,303,101,c7f99603b6e09c43470bbabaed203add_be20385e18333edb329d4574f364a1f0fc0.jpg?1786358603,Crystal,84,16,UNK
Navori Valois,48622291,131,158,Adamantoise,Aether,303,105,4facdc408c9ad771bc52001d3c82fa9f_1f5fd239b885860b7c2bfc72ad1d97effc0.jpg?1786360868,Crystal,36,17,VPR
Garu Kettle,7054871,132,121,Behemoth,Primal,301,0,e03f1b46663ddb8c150315a88c79c9f1_be20385e18333edb329d4574f364a1f0fc0.jpg?1786358577,Crystal,65,0,UNK
Tarex Youva,34244171,133,122,Behemoth,Primal,301,0,f62a1a6593a19abc7f2ade2191e57159_be20385e18333edb329d4574f364a1f0fc0.jpg?1786358948,Crystal,44,0,DNC
Io Isana,33563057,134,141,Coeurl,Crystal,301,100,bb1bccc46bef2876072e2e7fa326fa12_284358f8eb4efc9095914e46798c6ab3fc0.jpg?1786360093,Crystal,6,1,PCT
Lolly Pops,11573609,135,209,Leviathan,Primal,300,300,a38b4d4cbcfc624c56b5db6efb627dd2_a91aae52cff9ef65932db06b150ffd47fc0.jpg?1786357962,Crystal,126,14,MCH
Banana Skye,48159675,136,123,Faerie,Aether,300,0,37d6f3f177181cc95ef2e697d25b0c85_0e336ff6ad415f47233f0aaf127feac0fc0.jpg?1786361288,Crystal,49,0,WHM
Onion Little,37583983,137,125,Zalera,Crystal,300,0,59533d6fd2d0a8b58595bf860ae3f36a_8106f857613f8fb994b0be37b26ff4bafc0.jpg?1786361141,Crystal,13,0,CUL
Novical Astrea,42979170,138,151,Exodus,Primal,299,100,b638930bbe9987be79fa698126728549_0cdf051c93865faa15cbc5cd3d2b69fbfc0.jpg?1786359267,Crystal,65,12,RDM
Sarantsatsral Kha,26082962,139,131,Behemoth,Primal,299,5,f8735f190504d139ee16ec1a623371dc_be20385e18333edb329d4574f364a1f0fc0.jpg?1786357925,Crystal,17,3,PLD
Cain Molkoh,57323197,140,0,Goblin,Crystal,298,97,889deea7b0b76edd744a2b6fb24a09a1_8e81e2940511f7152ba4462fe53e35b8fc0.jpg?1786359037,Crystal,103,7,AST
Yulia Lunaria,82714,141,127,Coeurl,Crystal,298,0,30d19e29baad4dfe064001a80a4466e1_284358f8eb4efc9095914e46798c6ab3fc0.jpg?1786359887,Crystal,9,0,WAR
Vann Healsing,6572,142,128,Coeurl,Crystal,298,0,e19ce452168669ef7abba0e26cc8ee4c_284358f8eb4efc9095914e46798c6ab3fc0.jpg?1786358714,Crystal,4,0,SGE
Bigg Succ,14228989,143,129,Coeurl,Crystal,298,0,d833225ff74a6d00fc89b134cc155262_284358f8eb4efc9095914e46798c6ab3fc0.jpg?1786360145,Crystal,2,0,MCH
Reed Diamond,7237831,144,200,Ultros,Primal,297,297,132bb33f336f4f3ae42c3cf9a96a11ad_c514cdcdb619439df97d906d4434ccc6fc0.jpg?1786358171,Crystal,59,8,MNK
Sitri Belladonna,44271644,145,130,Maduin,Dynamis,296,0,d5fba1e5169b57a308fb1ea60e3553cf_7ff236346f6151d8a2c08fd0b4a0b806fc0.jpg?1786360357,Crystal,44,0,SAM
Nika Arwing,12407061,146,132,Behemoth,Primal,294,0,f0ebfd95e843addaab2471d3cb028eb6_be20385e18333edb329d4574f364a1f0fc0.jpg?1786357924,Crystal,8,0,VPR
Teysa Montgomery,6201712,147,133,Cactuar,Aether,292,0,eb51f53fb1f2b23ee171b4e92895e9b4_96ab1df8877c1f8ba6a89a39cccfd437fc0.jpg?1786358617,Crystal,68,0,DRG
Koifucius Dao-master,37165464,148,134,Exodus,Primal,292,0,030277d5215f88056127d2b9e88474e4_0cdf051c93865faa15cbc5cd3d2b69fbfc0.jpg?1786360410,Crystal,6,0,WHM
Minato Maki,53819658,149,135,Excalibur,Primal,204,0,03c1d1dc5b9a30317518ec9a30c301ab_745baffc465480ed372e274d50318290fc0.jpg?1786360639,Crystal,26,0,RDM
No Bee,37102144,150,136,Lamia,Primal,203,0,5c741048df2befeb7f80a2b03bb02aee_4d9be17b5e1edc617052b4dbf4007875fc0.jpg?1786358863,Crystal,35,0,SGE
Denmo Mcstronghuge,1150717,151,227,Excalibur,Primal,202,202,bb33b9be77e28ab26ee6367ad6ba7cac_745baffc465480ed372e274d50318290fc0.jpg?1786359752,Crystal,18,2,BLM
Fire Strike,52397705,152,138,Kraken,Dynamis,202,0,b9c1021d4aa2ae66682e7904857161ed_049a956dfeb0eb2e19c417a1dde4d680fc0.jpg?1786360073,Crystal,12,0,RDM
Mtn Boop,36509633,153,139,Brynhildr,Crystal,202,0,175f521a1de707cbfb345e95df5e588c_d0a0f515a62457570c9b44997063e3c1fc0.jpg?1786359080,Crystal,1,0,VPR
Rusheel Vasscus,2314921,154,142,Adamantoise,Aether,201,0,a4248cc27f1d518fee3b2b12da021669_1f5fd239b885860b7c2bfc72ad1d97effc0.jpg?1786360627,Crystal,1,0,MNK
Zolzayaa Noykin,34804380,155,143,Balmung,Crystal,200,0,ff773bbf0388cc8a61ac7c87e78f978f_7a573cbc0cda3a3dfc1795cb3d9f7b23fc0.jpg?1786359924,Crystal,34,0,BLM
Aiberaint Mando,58601227,156,144,Faerie,Aether,200,0,b7621f9e3f9c7a33ce4acd4a392c3a41_0e336ff6ad415f47233f0aaf127feac0fc0.jpg?1786359680,Crystal,33,0,RPR
Mash Buttons,12470854,157,145,Ultros,Primal,200,0,eec5508ec2ce3844fd62caa5b87a24d8_c514cdcdb619439df97d906d4434ccc6fc0.jpg?1786360091,Crystal,24,0,BRD
Nonoha Noha,32959229,158,146,Balmung,Crystal,200,0,d9c4977477ddfaebc0c2204729f692f9_7a573cbc0cda3a3dfc1795cb3d9f7b23fc0.jpg?1786360767,Crystal,22,0,SAM
Gracidea Blossom,4573171,159,202,Lamia,Primal,200,100,12afdfb12aebd14365b3149875fee65f_4d9be17b5e1edc617052b4dbf4007875fc0.jpg?1786358302,Crystal,16,2,WHM
Joe Biden',48592929,160,147,Seraph,Dynamis,200,0,c06fd69e6b294b74118f1a8ad5727f56_07fb0511053f398d1f2d6831e6a6b4c8fc0.jpg?1786360061,Crystal,2,0,UNK
Giselle Aureillien,29155636,161,148,Coeurl,Crystal,200,0,0864f26f62e17d3942c765f8a16665d2_284358f8eb4efc9095914e46798c6ab3fc0.jpg?1786360595,Crystal,1,0,NIN
Somnidemn Serdorm,37031558,161,148,Goblin,Crystal,200,0,6147ca113912ee7b9ac321313bbf5863_8e81e2940511f7152ba4462fe53e35b8fc0.jpg?1786360030,Crystal,1,0,GNB
Vayce Lilacspark,4565408,163,150,Balmung,Crystal,199,0,e9f3928d81a9f68a9cfae3a6a414feb8_7a573cbc0cda3a3dfc1795cb3d9f7b23fc0.jpg?1786360849,Crystal,116,7,WHM
Silah Zetsku,53965328,164,152,Marilith,Dynamis,199,0,d2b4042f092dccb0d381fdc61afe74c3_bbfb28d5a9059cd0c768daf77ab29982fc0.jpg?1786359865,Crystal,30,0,WAR
Unagi Box,34773273,165,153,Cuchulainn,Dynamis,199,0,05a513d02b60c767bfb83440ab2d406b_b4a106e4893fd452df0001eaeecf9d7efc0.jpg?1786359280,Crystal,22,0,GNB
Milly Mina,37964161,166,155,Cuchulainn,Dynamis,199,0,f3300c3e28b3c5b4a3767a587341831e_b4a106e4893fd452df0001eaeecf9d7efc0.jpg?1786358805,Crystal,5,0,FSH
Mits Suki,33204212,167,156,Famfrit,Primal,199,0,5bb063598970951b9c8c586bd4f0db1f_fce4949e615393e574f2d57134b31fc1fc0.jpg?1786359367,Crystal,3,0,MCH
Fain Doncel'aram,18921518,168,157,Jenova,Aether,199,0,99d5d58c7b97e260ff83d3d4b87a7103_ce736afe35e2ded4e46c4fd0659aef7efc0.jpg?1786360722,Crystal,2,0,MNK
Radanis Luminacht,16920977,169,160,Sargatanas,Aether,198,0,b371d311f8b15d14c5d5b08dda36ab7f_ba22853447012a24cee115315d6a5bebfc0.jpg?1786360433,Crystal,1,0,PLD
Fyoriah Aliapoh,44734635,170,161,Faerie,Aether,197,0,298901c71b421faa4612e0bbd9420820_0e336ff6ad415f47233f0aaf127feac0fc0.jpg?1786358141,Crystal,41,0,MNK
Very Shooooooooooort,49384501,171,256,Hyperion,Primal,197,197,084259a7b0d5cdac112faebe64bac849_57ae9ee5592123dd79c8912bf768cf99fc0.jpg?1786357991,Crystal,33,13,UNK
Onigiri Bunny,7352884,172,162,Behemoth,Primal,197,0,382f2b7a0b15514c38a6e2d5af3d8014_be20385e18333edb329d4574f364a1f0fc0.jpg?1786359972,Crystal,1,0,UNK
Ailbhe Costa,24483224,173,163,Golem,Dynamis,196,0,d2a07a324d29f192eabbae6adeb2462b_dd61c3dc259e5c43722e89409499b669fc0.jpg?1786360466,Crystal,1,0,UNK
Sensus Meow,3918158,173,163,Gilgamesh,Aether,196,0,c830651186889d4902ef13cefd58a832_b937560c841465f7c4bc8eb47ea7948afc0.jpg?1786361289,Crystal,1,0,VPR
Unit Two,9241194,175,165,Ultros,Primal,195,0,641de9f4edfaf7fe05a95460092c87ef_c514cdcdb619439df97d906d4434ccc6fc0.jpg?1786359787,Crystal,147,0,PLD
Lux Mas,23065843,176,166,Sargatanas,Aether,105,0,88a2ca0abf69b95b8d6893d740e04615_ba22853447012a24cee115315d6a5bebfc0.jpg?1786359296,Crystal,67,6,RDM
Labrys Roux,31449732,177,167,Ultros,Primal,103,0,b78d649d03beba97a36fa9eebc98afc4_c514cdcdb619439df97d906d4434ccc6fc0.jpg?1786357823,Crystal,30,0,AST
Erik Jormungandr,21053207,178,168,Balmung,Crystal,102,0,d279bad4f9c048ee2cb4310b2dabb453_7a573cbc0cda3a3dfc1795cb3d9f7b23fc0.jpg?1786359529,Crystal,10,0,DRK
Rail Ying,33252892,179,169,Famfrit,Primal,100,0,e9ae8b691e418ccccf35ebe11804f497_fce4949e615393e574f2d57134b31fc1fc0.jpg?1786357838,Crystal,224,29,RDM
Scythe Horrorblade,32713598,180,170,Mateus,Crystal,100,0,43c41a5aa8d981f109e6d76f3347bd93_f0c52cc66e124fc2e641d7c21ab2ce79fc0.jpg?1786357961,Crystal,180,8,DRG
Marika Mjolnir,38212348,181,228,Malboro,Crystal,100,100,969a50dcb0d9777a00aae149894ab7f5_2e97c13fdd593d15d543093f8a37b6f0fc0.jpg?1786360225,Crystal,174,23,WAR
Theory Ai,55206021,181,171,Leviathan,Primal,100,0,018be547248466158b1d0f9de4315340_a91aae52cff9ef65932db06b150ffd47fc0.jpg?1786357810,Crystal,174,14,PCT
Celeste Aeternum,38129090,183,243,Adamantoise,Aether,100,100,76510814c4215ff9bd016e9313ee6e2c_1f5fd239b885860b7c2bfc72ad1d97effc0.jpg?1786357973,Crystal,87,13,SCH
Gozen Brutus,61597290,183,172,Maduin,Dynamis,100,0,3a730b628fc5d3ebc929cd7499755059_7ff236346f6151d8a2c08fd0b4a0b806fc0.jpg?1786358920,Crystal,87,0,MNK
Kanae Meow,36806118,185,248,Ultros,Primal,100,100,8969e8a0b518902a3996525f822b4701_c514cdcdb619439df97d906d4434ccc6fc0.jpg?1786358688,Crystal,66,19,WHM
Beef Testoserone,31210622,186,173,Lamia,Primal,100,0,8722cb428122ce685cf8b96a844468f3_4d9be17b5e1edc617052b4dbf4007875fc0.jpg?1786361090,Crystal,57,0,DRG
Fritz Wolaritz,44896203,187,174,Balmung,Crystal,100,0,6b6c8d51bbceef62ae7fdc2ac8df1756_7a573cbc0cda3a3dfc1795cb3d9f7b23fc0.jpg?1786361220,Crystal,56,0,SGE
Shiroi Kijo,44769088,187,176,Ultros,Primal,100,0,2bc8c14bed99e41cc16db823a37e5295_c514cdcdb619439df97d906d4434ccc6fc0.jpg?1786359677,Crystal,56,8,SMN
Zaneko Yuneko,61640151,189,175,Goblin,Crystal,100,0,e90101e9d13d827fb83b96932b2de05b_8e81e2940511f7152ba4462fe53e35b8fc0.jpg?1786359161,Crystal,51,0,SCH
Shinra Tatsuya,8648762,190,179,Gilgamesh,Aether,100,0,7dccb5e520b149afd2b044279fa8694e_b937560c841465f7c4bc8eb47ea7948afc0.jpg?1786359535,Crystal,50,8,SAM
Vaal Hazak,26534863,191,181,Zalera,Crystal,100,0,7c44a75a2f3d57a9cd3b86235340939b_8106f857613f8fb994b0be37b26ff4bafc0.jpg?1786361272,Crystal,49,8,VPR
Zerth Voldrin,14915863,192,176,Cactuar,Aether,100,0,81a8fef4d9feb3b13352e547c9dcf7d5_96ab1df8877c1f8ba6a89a39cccfd437fc0.jpg?1786358970,Crystal,48,0,VPR
Elphen Gura,2247953,193,178,Gilgamesh,Aether,100,0,292e135e4f46290be61b4699e8236363_b937560c841465f7c4bc8eb47ea7948afc0.jpg?1786359910,Crystal,45,0,WAR
Sirkitten Wrath,24932332,194,182,Coeurl,Crystal,100,0,248a1e6798b3538fe783585b1686cadd_284358f8eb4efc9095914e46798c6ab3fc0.jpg?1786357957,Crystal,38,0,MCH
Fenrir Mani,46990212,195,183,Siren,Aether,100,0,9d52f579ab24f21101afab7ee04fd086_58a84e851e55175d22158ca97af58a1ffc0.jpg?1786358521,Crystal,34,0,MNK
Neco-arc Myuri,1364925,196,186,Balmung,Crystal,100,0,45595754292a6e60dac91dc40349a619_7a573cbc0cda3a3dfc1795cb3d9f7b23fc0.jpg?1786359730,Crystal,30,3,UNK
Minome Meisuri,39947262,197,185,Sargatanas,Aether,100,0,ce2ec1dde05d4468145ef246155ea290_ba22853447012a24cee115315d6a5bebfc0.jpg?1786359897,Crystal,29,0,RPR
Brian Ricardo,9364090,198,187,Adamantoise,Aether,100,0,c00688b4ac9b567c1a4de9d648fbbff4_1f5fd239b885860b7c2bfc72ad1d97effc0.jpg?1786359546,Crystal,26,0,WHM
Neo Dymium,33030676,198,196,Seraph,Dynamis,100,0,24be6098cf7acc2de169d92917d3299f_07fb0511053f398d1f2d6831e6a6b4c8fc0.jpg?1786359225,Crystal,26,7,RDM
Peregrine Lofte,21726171,198,187,Leviathan,Primal,100,0,351c30387c9048190075024c6b344ead_a91aae52cff9ef65932db06b150ffd47fc0.jpg?1786360502,Crystal,26,0,DRG
Ciel Sorrel,22647977,201,189,Zalera,Crystal,100,0,4feb2b2835b10561864f50a075fa571c_8106f857613f8fb994b0be37b26ff4bafc0.jpg?1786359682,Crystal,25,0,PLD
Snowsteps Frozenheart,25431273,201,189,Siren,Aether,100,0,3e9412aba214d5dab23b4cdfc8b81294_58a84e851e55175d22158ca97af58a1ffc0.jpg?1786358627,Crystal,25,0,DNC
Lowan Gleview,48863675,203,196,Gilgamesh,Aether,100,0,3ed0770e9633fa9630af57f595f1d68d_b937560c841465f7c4bc8eb47ea7948afc0.jpg?1786361022,Crystal,24,5,NIN
Orpheus Laine,29851207,203,191,Gilgamesh,Aether,100,0,5939235fbb052c79392d334cce14ca00_b937560c841465f7c4bc8eb47ea7948afc0.jpg?1786360859,Crystal,24,0,DRG
Sanctified Meiyi,17664808,203,191,Exodus,Primal,100,0,97897e3416901b29df2a39b2d1b02741_0cdf051c93865faa15cbc5cd3d2b69fbfc0.jpg?1786359358,Crystal,24,0,RDM
Jon Jitsu,3287137,206,0,Exodus,Primal,100,100,40995ea7a6a7bd4a2bf41fe663bdcd2a_0cdf051c93865faa15cbc5cd3d2b69fbfc0.jpg?1786358627,Crystal,23,17,RDM
Naomi Hakoma,13697124,207,193,Halicarnassus,Dynamis,100,0,a6732f9cc34509a6761d618186e745fd_f2d324d722b28bbe681b2898bcdca8bffc0.jpg?1786357720,Crystal,22,0,RDM
Rasan Sena,13544028,207,193,Kraken,Dynamis,100,0,70d1ba94bcbeff8a384f1e364b2ee863_049a956dfeb0eb2e19c417a1dde4d680fc0.jpg?1786358995,Crystal,22,0,UNK
Vaeltis Nyght,16404977,209,195,Famfrit,Primal,100,0,0caba4911a7521943ad38550f8faec63_fce4949e615393e574f2d57134b31fc1fc0.jpg?1786359455,Crystal,21,0,GNB
A'kena Themis,30488636,210,198,Cuchulainn,Dynamis,100,0,0dfbdcebc19679eb813e05521b4bc587_b4a106e4893fd452df0001eaeecf9d7efc0.jpg?1786359811,Crystal,19,1,DNC
Tegridy Weed,3469679,211,198,Midgardsormr,Aether,100,0,96f7b1ca58cffc2cdcbb1df90d116807_5c8ecfbc673e1287a9b5e85423fe1657fc0.jpg?1786358218,Crystal,18,0,AST
Belle Quicksilver,2897739,212,260,Balmung,Crystal,100,100,4f386af86d2c8049f58f4baaeeb4a3a3_7a573cbc0cda3a3dfc1795cb3d9f7b23fc0.jpg?1786361206,Crystal,17,8,UNK
Reina Crowley,19324150,213,200,Malboro,Crystal,100,0,d8624175065ad845c6d16c7f8638cc12_2e97c13fdd593d15d543093f8a37b6f0fc0.jpg?1786360996,Crystal,16,0,UNK
Master Zoknik,48144446,214,203,Balmung,Crystal,100,0,3c54e73f2ad7023aa3b173793f95c070_7a573cbc0cda3a3dfc1795cb3d9f7b23fc0.jpg?1786360453,Crystal,11,0,WAR
Tio Tot,32427648,215,204,Jenova,Aether,100,0,b6b5f99e0b2c9878499873fdbe82cda3_ce736afe35e2ded4e46c4fd0659aef7efc0.jpg?1786361122,Crystal,7,0,DRG
Rachna's Kitten,60414129,216,205,Diabolos,Crystal,100,0,5a2079c26296ecf9252da83453669ee7_7b33d33ae3ecb996f778a5f67a6a0af6fc0.jpg?1786361075,Crystal,4,0,UNK
Akam Mizuna,11803947,217,206,Leviathan,Primal,100,0,8c8c482c7a3d1c6cf89407e6cf103b32_a91aae52cff9ef65932db06b150ffd47fc0.jpg?1786358639,Crystal,1,0,SCH
Haley Autouria,105933,218,207,Coeurl,Crystal,100,0,8e6b9b10fc2e31af21e24fdaae151c61_284358f8eb4efc9095914e46798c6ab3fc0.jpg?1786357953,Crystal,0,0,UNK
Pinky Meow,59213242,218,207,Halicarnassus,Dynamis,100,0,9ac8bffaba88f1f4c7fe1238e6a7dcb0_f2d324d722b28bbe681b2898bcdca8bffc0.jpg?1786360149,Crystal,0,0,UNK
Haley Comet,27668347,220,230,Cactuar,Aether,0,0,2b237658ff580795f602f2f1b6069a76_96ab1df8877c1f8ba6a89a39cccfd437fc0.jpg?1786359257,Diamond,82,8,BRD
Yuki Yozora,32275648,221,246,Faerie,Aether,0,0,bed164ee9535c02b6ea7cc8b5000c845_0e336ff6ad415f47233f0aaf127feac0fc0.jpg?1786359634,Diamond,75,17,SAM
Dread Ross,4916315,222,211,Exodus,Primal,0,0,dafd63f0b3ce97e8283a4d153f0acd06_0cdf051c93865faa15cbc5cd3d2b69fbfc0.jpg?1786360998,Diamond,61,0,WAR
Bam Pepo,22678638,223,212,Adamantoise,Aether,0,0,8533b0fce359fe75fd8f831869cf110d_1f5fd239b885860b7c2bfc72ad1d97effc0.jpg?1786359132,Diamond,57,1,GNB
Levy Scarlett,35085988,224,213,Coeurl,Crystal,0,0,74fe88584bdffbcc051a81a168ff958f_284358f8eb4efc9095914e46798c6ab3fc0.jpg?1786357860,Diamond,48,2,SAM
Tc Sola,43984930,224,214,Zalera,Crystal,0,0,1bde011c1056c258b5456fb7d0f6283f_8106f857613f8fb994b0be37b26ff4bafc0.jpg?1786359441,Diamond,48,15,RDM
Skyanar Tyrunas,42486942,226,0,Siren,Aether,0,0,ba17697df023a58dbdba8be74f3894f2_58a84e851e55175d22158ca97af58a1ffc0.jpg?1786359743,Diamond,39,20,WAR
Haru Ymir,52781467,227,216,Coeurl,Crystal,0,0,5b0c97a3958f165ea8d2566964423df5_284358f8eb4efc9095914e46798c6ab3fc0.jpg?1786361153,Diamond,37,7,SMN
Johnny Rotten,60584717,228,214,Balmung,Crystal,0,0,16dd0eb6be877814ca22fed24fe6191d_7a573cbc0cda3a3dfc1795cb3d9f7b23fc0.jpg?1786360422,Diamond,35,2,SMN
Aster Minyu,54375843,229,216,Lamia,Primal,0,0,380928b9020a6bb0bcfa44d88b6df112_4d9be17b5e1edc617052b4dbf4007875fc0.jpg?1786358715,Diamond,30,0,VPR
Neo Zee',28714097,230,218,Balmung,Crystal,0,0,ecd9a08521dcc0c1872ac990f3a534b9_7a573cbc0cda3a3dfc1795cb3d9f7b23fc0.jpg?1786359195,Diamond,29,0,BRD
Erdrick Than'talas,35169837,231,219,Behemoth,Primal,0,0,bcdde4e2fbfba10f901006ffbc7723cc_be20385e18333edb329d4574f364a1f0fc0.jpg?1786359249,Diamond,148,26,PLD
Cynthia Noir,25307713,232,0,Leviathan,Primal,0,0,5b4f8d78ae6dd18586116fe673617384_a91aae52cff9ef65932db06b150ffd47fc0.jpg?1786361297,Diamond,110,40,BLM
Pu'erh Da'yeh,32091528,233,220,Cactuar,Aether,0,0,5e7e03f636b640c83b460f61eed7ed35_96ab1df8877c1f8ba6a89a39cccfd437fc0.jpg?1786357812,Diamond,101,15,SGE
Kayin Fenrir,3137688,234,221,Faerie,Aether,0,0,a8e94b088cd60ef0124b965aedec3772_0e336ff6ad415f47233f0aaf127feac0fc0.jpg?1786358662,Diamond,80,11,MNK
Zithiel Bihrul,44613484,235,274,Faerie,Aether,0,0,4abc29f0f384c794c1f6c7e7e60b8ed8_0e336ff6ad415f47233f0aaf127feac0fc0.jpg?1786361087,Diamond,70,7,WAR
Fitzwilliam Darcy,1762059,236,222,Ultros,Primal,0,0,cc022b0932ebd420f837539b13158866_c514cdcdb619439df97d906d4434ccc6fc0.jpg?1786357818,Diamond,57,0,RDM
M' Twelve,36885704,237,223,Halicarnassus,Dynamis,0,0,0f10ff80520b725264b0aed8ac62d609_f2d324d722b28bbe681b2898bcdca8bffc0.jpg?1786361264,Diamond,47,0,UNK
Abel Catallus,20632128,238,224,Hyperion,Primal,0,0,a753917cbe6dc89a0ba41f10003a621d_57ae9ee5592123dd79c8912bf768cf99fc0.jpg?1786360429,Diamond,38,0,BLM
Eroison Chren,42575447,239,225,Ultros,Primal,0,0,d66c862181da18eea3335d6667510dc6_c514cdcdb619439df97d906d4434ccc6fc0.jpg?1786357725,Diamond,33,0,SAM
So What,33785359,240,258,Ultros,Primal,0,0,b0f894a94041f0bd4b241723ce815801_c514cdcdb619439df97d906d4434ccc6fc0.jpg?1786358930,Diamond,20,6,RDM
Aavlen Zo,32887243,241,226,Brynhildr,Crystal,0,0,2a3e3ea4d262cfdf8a2ee034b379b099_d0a0f515a62457570c9b44997063e3c1fc0.jpg?1786359740,Diamond,17,0,WAR
Pravik Rhati,30628415,242,229,Zalera,Crystal,0,0,6f338ced5bbbd90812f4a17468f53684_8106f857613f8fb994b0be37b26ff4bafc0.jpg?1786358447,Diamond,144,0,DRK
Draiser Montblanc,32398472,243,231,Lamia,Primal,0,0,7815697ae034669b4e9620865400c384_4d9be17b5e1edc617052b4dbf4007875fc0.jpg?1786360923,Diamond,66,2,WAR
Savard Qerel,20600432,244,232,Diabolos,Crystal,0,0,db0af86bd2eb90f70c42b9e65658aff2_7b33d33ae3ecb996f778a5f67a6a0af6fc0.jpg?1786358979,Diamond,64,10,PLD
Stephanie Dolla,28812314,245,233,Zalera,Crystal,0,0,d9051d9ee54d0e9f8178549cfed7d8cf_8106f857613f8fb994b0be37b26ff4bafc0.jpg?1786360655,Diamond,52,7,SMN
Snow Villiers,4012879,246,0,Exodus,Primal,0,0,f7bcd8d10229610a06160664e0fe796c_0cdf051c93865faa15cbc5cd3d2b69fbfc0.jpg?1786358405,Diamond,44,8,DRK
Riki Gandrake,1558233,247,234,Balmung,Crystal,0,0,442f4df63f0df0c75d240ab042e3fcdb_7a573cbc0cda3a3dfc1795cb3d9f7b23fc0.jpg?1786358684,Diamond,38,0,BRD
Cecils Lunas,39054438,248,236,Brynhildr,Crystal,0,0,4f553dbd79cfae0460c3d43b82171d15_d0a0f515a62457570c9b44997063e3c1fc0.jpg?1786358468,Diamond,35,13,SGE
Lumiel Alstreim,6929457,249,235,Balmung,Crystal,0,0,6004c4e57250b544ed36bf6b310e878a_7a573cbc0cda3a3dfc1795cb3d9f7b23fc0.jpg?1786357736,Diamond,34,0,AST
Deep-fried Shrimp,39013955,250,0,Halicarnassus,Dynamis,0,0,8c854c8dde07c11059f113329f369709_f2d324d722b28bbe681b2898bcdca8bffc0.jpg?1786359724,Diamond,123,19,BRD
June Freyja,10894711,251,237,Brynhildr,Crystal,0,0,a53a85398b567470f54962e592f2684d_d0a0f515a62457570c9b44997063e3c1fc0.jpg?1786359331,Diamond,88,5,MCH
John Darksouls,32702843,252,247,Adamantoise,Aether,0,0,f1fbda91f49b5975e8a2cb80a74e40ad_1f5fd239b885860b7c2bfc72ad1d97effc0.jpg?1786358543,Diamond,57,7,PLD
Nixacu Murubra,24114126,253,238,Lamia,Primal,0,0,68206034a86cf63bd8aecd714ae17955_4d9be17b5e1edc617052b4dbf4007875fc0.jpg?1786360542,Diamond,55,0,PCT
Cleo Kaisuri,49507760,254,239,Hyperion,Primal,0,0,b3c346a088e9876c531a3dcecd6b78db_57ae9ee5592123dd79c8912bf768cf99fc0.jpg?1786361293,Diamond,26,0,BRD
Ajisai Sorano,7779796,255,240,Lamia,Primal,0,0,742c314aec62f1bf6c7c525c9cd64e78_4d9be17b5e1edc617052b4dbf4007875fc0.jpg?1786358487,Diamond,11,0,RDM
First Name,39082032,256,241,Gilgamesh,Aether,0,0,f61b7a515f332494dbc997024a22504d_b937560c841465f7c4bc8eb47ea7948afc0.jpg?1786359716,Diamond,141,0,UNK
Saria Desolita,7318698,257,244,Exodus,Primal,0,0,b9d47f2d43e0c5bf6c608abae563f12e_0cdf051c93865faa15cbc5cd3d2b69fbfc0.jpg?1786359723,Diamond,85,17,VPR
Claire Lamont,974282,258,242,Hyperion,Primal,0,0,4522bd271ee8879920f36521c2512945_57ae9ee5592123dd79c8912bf768cf99fc0.jpg?1786359481,Diamond,84,0,DRG
Chronochaos Asura,1230012,259,245,Excalibur,Primal,0,0,16f01a0a9404158e87254af5dbe09328_745baffc465480ed372e274d50318290fc0.jpg?1786359354,Diamond,63,0,SGE
Mika Makura,43900321,260,249,Sargatanas,Aether,0,0,08bc6e0e70d7337801784f174c698620_ba22853447012a24cee115315d6a5bebfc0.jpg?1786359390,Diamond,43,0,NIN
Shiba Kotohime,43864312,260,249,Balmung,Crystal,0,0,03f0a4821e97ef1e04b4bc44363c30e3_7a573cbc0cda3a3dfc1795cb3d9f7b23fc0.jpg?1786358459,Diamond,43,0,UNK
Rin Ruki,59858100,262,251,Exodus,Primal,0,0,7ec8676537a0b3fff644be3f10ee7741_0cdf051c93865faa15cbc5cd3d2b69fbfc0.jpg?1786360471,Diamond,41,0,UNK
Null Scapes,59976938,263,252,Midgardsormr,Aether,0,0,15e6a7125c017437361f0bcc34cb84af_5c8ecfbc673e1287a9b5e85423fe1657fc0.jpg?1786361167,Diamond,38,0,DRK
Mori Sumire,22629786,264,253,Zalera,Crystal,0,0,9d1372da41637e0a1cee75add0cdab3e_8106f857613f8fb994b0be37b26ff4bafc0.jpg?1786359683,Diamond,32,0,UNK
Nha-uwu John,47196895,265,254,Ultros,Primal,0,0,c74c6ed5858d763368f6267a128abb62_c514cdcdb619439df97d906d4434ccc6fc0.jpg?1786359160,Diamond,22,0,DRK
Gidson Brand,28304013,266,255,Goblin,Crystal,0,0,876c2dd63c77339205c6fe96b4bd3d82_8e81e2940511f7152ba4462fe53e35b8fc0.jpg?1786358313,Diamond,21,0,WAR
Mocha Sun,31799604,267,257,Coeurl,Crystal,0,0,3929588579c8d6631b5fe6a13edbb3dd_284358f8eb4efc9095914e46798c6ab3fc0.jpg?1786358180,Diamond,15,0,FSH
Madelynn Winterbliss,59174631,268,259,Lamia,Primal,0,0,99dacb207c1f7b71a22617fb8b8ca195_4d9be17b5e1edc617052b4dbf4007875fc0.jpg?1786360803,Diamond,13,0,RDM
Oni Akuma,7300790,269,262,Gilgamesh,Aether,0,0,e8e098720e245711114b4614110261b5_b937560c841465f7c4bc8eb47ea7948afc0.jpg?1786361184,Diamond,95,9,MNK
Lasaire Noluix,50446213,270,261,Kraken,Dynamis,0,0,150df0a9f35922b09ef77041463c8c88_049a956dfeb0eb2e19c417a1dde4d680fc0.jpg?1786357842,Diamond,89,2,VPR
V'linh Tia,35736983,271,286,Hyperion,Primal,0,0,760e31f96b4d3b3534fcdc43c9564fab_57ae9ee5592123dd79c8912bf768cf99fc0.jpg?1786361292,Diamond,74,2,SMN
Dewdrop Ex'nivis,42142474,272,0,Coeurl,Crystal,0,0,4d866401d0e56d8747b77e186b624f24_284358f8eb4efc9095914e46798c6ab3fc0.jpg?1786359640,Diamond,62,14,MCH
Baka Bao,48974722,273,292,Gilgamesh,Aether,0,0,ef2247fb5724315ecd96d1ac9c5804b1_b937560c841465f7c4bc8eb47ea7948afc0.jpg?1786360832,Diamond,48,10,SAM
Asera Albright,24908256,274,264,Siren,Aether,0,0,288dc7742b9eb8ec890c2b164e884a7b_58a84e851e55175d22158ca97af58a1ffc0.jpg?1786358216,Diamond,32,0,DRG
Isabeau Yuki,56519813,275,265,Balmung,Crystal,0,0,f89033dd8180df3efc68a5b0f142cf25_7a573cbc0cda3a3dfc1795cb3d9f7b23fc0.jpg?1786358067,Diamond,24,0,SMN
Jenova Catgirl,56356925,276,266,Balmung,Crystal,0,0,fdd023d68fd7a60dd9109a3f33c74fb1_7a573cbc0cda3a3dfc1795cb3d9f7b23fc0.jpg?1786361272,Diamond,23,0,PCT
Maz Hana,57951142,277,267,Brynhildr,Crystal,0,0,e287bc66dce0e20c44d2437e0ed71b93_d0a0f515a62457570c9b44997063e3c1fc0.jpg?1786358586,Diamond,22,3,UNK
Eris Valens,29017252,278,268,Ultros,Primal,0,0,843039b57a19bafbdba3c5235b6bb73b_c514cdcdb619439df97d906d4434ccc6fc0.jpg?1786360202,Diamond,16,0,DRK
Na In,32505635,278,268,Goblin,Crystal,0,0,6ad54caac94f2e89fe9d5acd94c2c145_8e81e2940511f7152ba4462fe53e35b8fc0.jpg?1786359166,Diamond,16,0,DRK
Caelestis Miserere,27413401,280,298,Gilgamesh,Aether,0,0,6648878dcffafd1735712db597d195f2_b937560c841465f7c4bc8eb47ea7948afc0.jpg?1786358770,Diamond,11,5,SCH
Shoujo Hime,18340055,281,270,Leviathan,Primal,0,0,c341075038058a45ef549f7bac1b9d25_a91aae52cff9ef65932db06b150ffd47fc0.jpg?1786360460,Diamond,97,14,AST
Saber Moon,21231710,282,270,Hyperion,Primal,0,0,f476acb444c0e146dd44d5351357e426_57ae9ee5592123dd79c8912bf768cf99fc0.jpg?1786360118,Diamond,83,0,DRK
Kahram Ramses,38869479,283,272,Sargatanas,Aether,0,0,e0151847f1fbf8f013cad87949b4272c_ba22853447012a24cee115315d6a5bebfc0.jpg?1786358154,Diamond,78,6,SAM
Nana Shirogane,27492589,284,273,Lamia,Primal,0,0,3cda69c8242e3525a60690e884546ccd_4d9be17b5e1edc617052b4dbf4007875fc0.jpg?1786358325,Diamond,74,4,UNK
Mutilated Remains,15274725,285,275,Adamantoise,Aether,0,0,8f629073b22cd80f608068b9cfd406f3_1f5fd239b885860b7c2bfc72ad1d97effc0.jpg?1786357921,Diamond,48,0,DRG
Shoji Takamura,61762635,285,0,Jenova,Aether,0,0,d5049e0803da1f5700919b28fc756498_ce736afe35e2ded4e46c4fd0659aef7efc0.jpg?1786358533,Diamond,48,4,DRG
Amelia Snowy,57212337,287,276,Sargatanas,Aether,0,0,3201ddb4acea86a57af9b79aaa1252d9_ba22853447012a24cee115315d6a5bebfc0.jpg?1786360903,Diamond,34,0,NIN
Xion Fleur,45111165,288,280,Leviathan,Primal,0,0,91cc4c8c334d9404f523f324d4439d0a_a91aae52cff9ef65932db06b150ffd47fc0.jpg?1786358595,Diamond,33,6,WAR
Kale Crow,57973655,289,277,Excalibur,Primal,0,0,39e30189265e5cf770bddc1b87bdb349_745baffc465480ed372e274d50318290fc0.jpg?1786357824,Diamond,31,0,UNK
Malachi Lights,12672217,289,277,Kraken,Dynamis,0,0,78c8b470bdf08206e10dc0aea773bc7c_049a956dfeb0eb2e19c417a1dde4d680fc0.jpg?1786361038,Diamond,31,0,DNC
Suziki Saiko,37802627,291,279,Zalera,Crystal,0,0,038df37d7a656c22a90167737f3a2ce9_8106f857613f8fb994b0be37b26ff4bafc0.jpg?1786360316,Diamond,29,0,MCH
Glowing Orchid,38774047,292,280,Siren,Aether,0,0,88f633924891d0f1c7e70d8b2684e821_58a84e851e55175d22158ca97af58a1ffc0.jpg?1786360227,Diamond,27,0,RDM
Glamour Police,42569529,293,282,Faerie,Aether,0,0,628a713ff9a3e9604964fec89696bc80_0e336ff6ad415f47233f0aaf127feac0fc0.jpg?1786358798,Diamond,16,0,AST
Diddly Gyatt,47133213,294,283,Excalibur,Primal,0,0,ccc0c02fa7582879eaf0559bd61758ec_745baffc465480ed372e274d50318290fc0.jpg?1786359171,Diamond,7,0,SAM
Rion Cousland,29846500,295,0,Excalibur,Primal,0,0,0afa2f6924c7a2aa1ff74ce7e9328201_745baffc465480ed372e274d50318290fc0.jpg?1786357907,Diamond,128,8,PLD
Eloza Ketsch,8667845,296,284,Malboro,Crystal,0,0,4414bb689fd8033d67e6821653f9a232_2e97c13fdd593d15d543093f8a37b6f0fc0.jpg?1786358446,Diamond,114,8,VPR
W'kepaga M'ankhad,51943168,297,285,Midgardsormr,Aether,0,0,2731864a3bfbb890bb0d554a4dbb55cc_5c8ecfbc673e1287a9b5e85423fe1657fc0.jpg?1786360296,Diamond,80,2,SMN
Virgil Acedia,61017952,298,287,Rafflesia,Dynamis,0,0,4e48ed51c8357d2676ed249b2a73c444_2783886613347a4db0bed7524de1298ffc0.jpg?1786358609,Diamond,66,0,PLD
Jen Helstrom,25258759,299,288,Coeurl,Crystal,0,0,04eae21709a39e9beb00eaf137a9c920_284358f8eb4efc9095914e46798c6ab3fc0.jpg?1786359548,Diamond,52,0,NIN
Jasper Leclaire,2908362,300,0,Maduin,Dynamis,0,0,f40ea9e3404cbab02b92f9bc1d80cdcd_7ff236346f6151d8a2c08fd0b4a0b806fc0.jpg?1786360693,Diamond,47,14,BRD
Ash Kitamura,26629771,1,0,Ravana,Materia,0,0,33c0c99f7649a707ea0e8e4da0340efb_2f53b2675d3eea360f0b48d74d30af15fc0.jpg?1786360470,Diamond,81,0,AST
Enrei Mihata,49665542,2,0,Ravana,Materia,0,0,9df67e19d234830f2d797bb6efbad836_2f53b2675d3eea360f0b48d74d30af15fc0.jpg?1786358367,Diamond,37,0,DRG
Fatahh Wizardcat,60429758,3,0,Zurvan,Materia,0,0,0a04508a6feea55f3b4227e7d574212a_1fa3a1b3845481a1b67b46854a3cc49afc0.jpg?1786358580,Platinum,52,0,DNC
Queue Up,44283543,4,0,Ravana,Materia,0,0,341e0565d728c5334b58960edfc1c897_2f53b2675d3eea360f0b48d74d30af15fc0.jpg?1786360518,Platinum,42,0,PLD
Shiki Hime,41619079,5,0,Sophia,Materia,0,0,e0f33871fdd9bcb0012cace0f140b504_ba15a18cd3a8fb567e39053022515eb6fc0.jpg?1786359323,Platinum,39,0,MNK
Sora Teppelin,7487042,6,0,Sophia,Materia,0,0,3d849e783499c238b2f4d439e3a8c2a7_ba15a18cd3a8fb567e39053022515eb6fc0.jpg?1786359344,Platinum,35,0,VPR
Shiny Jirachi,51220221,7,0,Sophia,Materia,0,0,f1b04aa626472a08642b4f93d911f87c_ba15a18cd3a8fb567e39053022515eb6fc0.jpg?1786359000,Platinum,11,0,SAM
Raiosu Eucliffe,45249258,8,0,Ravana,Materia,0,0,a21442f92d53ab89cab416d41fe9132d_2f53b2675d3eea360f0b48d74d30af15fc0.jpg?1786359557,Platinum,53,0,BRD
Nyanyanyanya Nyanyan,48648775,9,0,Ravana,Materia,0,0,ec08e9f45b8d4335b412f3e39f4458e2_2f53b2675d3eea360f0b48d74d30af15fc0.jpg?1786358436,Platinum,29,0,WHM
Ku Ku,58267971,10,0,Sophia,Materia,0,0,77db43d75ac5ffe3d585318a47534ab9_ba15a18cd3a8fb567e39053022515eb6fc0.jpg?1786360197,Platinum,52,0,BRD
Master Zoknik,61010055,11,0,Zurvan,Materia,0,0,bfa135b89b0fb27fe708b3a427bd667f_1fa3a1b3845481a1b67b46854a3cc49afc0.jpg?1786359170,Platinum,88,0,SMN
Jiraiya Sannin,47974804,12,0,Ravana,Materia,0,0,6a5cc312529bc78b7d0bbbf5f41983af_2f53b2675d3eea360f0b48d74d30af15fc0.jpg?1786360558,Platinum,45,0,WAR
Esperance Lightbound,16103781,13,0,Ravana,Materia,0,0,0d3ff648d49892a8fc3bd67490985032_2f53b2675d3eea360f0b48d74d30af15fc0.jpg?1786360256,Platinum,40,0,SGE
Syth Isi,14766898,14,0,Sephirot,Materia,0,0,4eef23c58ccbdfd054240b7a6afee3df_30a5f9eadea6e0cb684a5265362d0d59fc0.jpg?1786359841,Platinum,31,0,AST
Lil Wu,39781651,15,0,Ravana,Materia,0,0,883868199332c12050d61887025475bc_2f53b2675d3eea360f0b48d74d30af15fc0.jpg?1786360281,Platinum,38,0,SGE
Monkey Rat,28956529,16,0,Zurvan,Materia,0,0,bd13db4ebaa363278dd269b5941ae816_1fa3a1b3845481a1b67b46854a3cc49afc0.jpg?1786359856,Platinum,75,0,SGE
Unshao Theruun,36386941,17,0,Sephirot,Materia,0,0,ec8f93abdc73eddcd17e0450db1cb572_30a5f9eadea6e0cb684a5265362d0d59fc0.jpg?1786359590,Platinum,28,0,WAR
Aleksei Veldoch,39931654,18,0,Ravana,Materia,0,0,ef0923b785702de5a588b383a0d1bcea_2f53b2675d3eea360f0b48d74d30af15fc0.jpg?1786357847,Platinum,47,0,WAR
Noelle Frost,59496366,19,0,Zurvan,Materia,0,0,5e03b95700bb3e6556a80cb9336a41d2_1fa3a1b3845481a1b67b46854a3cc49afc0.jpg?1786359272,Platinum,40,0,WHM
Boz Ulceros,32280980,20,22,Ravana,Materia,0,0,269b081d650bf5598fd5a3f9419b8b43_2f53b2675d3eea360f0b48d74d30af15fc0.jpg?1786358799,Platinum,72,11,NIN
Mars Bars,41756039,21,20,Sophia,Materia,0,0,87af5886ec3b52e7e582ccc7755f6a9b_ba15a18cd3a8fb567e39053022515eb6fc0.jpg?1786360456,Platinum,49,0,DRG
Chs Crane,37655547,22,21,Sophia,Materia,0,0,7cd2d4b420716bf684bdd41ef37d9319_ba15a18cd3a8fb567e39053022515eb6fc0.jpg?1786358572,Platinum,30,0,CUL
Coffee Lover,50333621,23,57,Sophia,Materia,0,0,3c4552eb56bfb14f36d9b512873eac0d_ba15a18cd3a8fb567e39053022515eb6fc0.jpg?1786360367,Gold,42,10,UNK
Twitch Pvpash,58310287,24,23,Sephirot,Materia,0,0,825390c1ecfa92c4ed45d4ff7a91e39e_30a5f9eadea6e0cb684a5265362d0d59fc0.jpg?1786358009,Gold,35,1,PLD
Disco Knees,36101852,25,24,Sophia,Materia,0,0,48d0a8dae7efe9ad10780f28920a969b_ba15a18cd3a8fb567e39053022515eb6fc0.jpg?1786358690,Gold,33,0,DRG
Seth Nier,10650761,26,25,Sophia,Materia,0,0,64bba40966450747199bec23184e47a3_ba15a18cd3a8fb567e39053022515eb6fc0.jpg?1786359278,Gold,26,0,DRK
Simetras Sol,38726083,27,42,Ravana,Materia,0,0,fc54c458f2e80d3680f50e6026011ab7_2f53b2675d3eea360f0b48d74d30af15fc0.jpg?1786358748,Gold,123,15,SCH
Stupid Puzzle,57160120,28,26,Ravana,Materia,0,0,7af9b543418115db5c1299f1abb4e123_2f53b2675d3eea360f0b48d74d30af15fc0.jpg?1786360529,Gold,45,0,DRG
Stu Vermillion,45923134,29,27,Sephirot,Materia,0,0,542be51b9ba1f8c4c217e94d2b96e3aa_30a5f9eadea6e0cb684a5265362d0d59fc0.jpg?1786357850,Gold,34,0,PCT
Jena Kuwahara,28003546,30,28,Ravana,Materia,0,0,5bacb190ffd91b392df04923b13fa29a_2f53b2675d3eea360f0b48d74d30af15fc0.jpg?1786357845,Gold,85,11,AST
Funeral Pyre,29286073,31,56,Zurvan,Materia,0,0,48d5de4023484583f2225a2026548284_1fa3a1b3845481a1b67b46854a3cc49afc0.jpg?1786359814,Gold,59,14,SMN
Izaray Wintergray,40906176,32,29,Sophia,Materia,0,0,be2f5b4e324fa72cd4ef19d0c29f10da_ba15a18cd3a8fb567e39053022515eb6fc0.jpg?1786358966,Gold,36,0,AST
Noah Marlowe,16149159,33,30,Ravana,Materia,0,0,ec4ee34b34397ee883bd89175e1f15df_2f53b2675d3eea360f0b48d74d30af15fc0.jpg?1786357714,Gold,15,0,DNC
Scarlette Harlette,51206657,34,31,Sephirot,Materia,0,0,2f63ccbdc329fa14480887bf4c0dfa0e_30a5f9eadea6e0cb684a5265362d0d59fc0.jpg?1786357821,Gold,60,2,NIN
Berogi Avarous,37261319,35,32,Sophia,Materia,0,0,5fbe574c31dc7541b2bb18753fed8278_ba15a18cd3a8fb567e39053022515eb6fc0.jpg?1786358533,Gold,25,0,SGE
Han Liu,44640291,36,33,Ravana,Materia,0,0,55233b520f90487f51f380e2add5fc3d_2f53b2675d3eea360f0b48d74d30af15fc0.jpg?1786358202,Gold,80,6,NIN
Lion Lord,60332724,37,34,Ravana,Materia,0,0,72fbb269e357d68127cd61715f152bc8_2f53b2675d3eea360f0b48d74d30af15fc0.jpg?1786360498,Gold,42,0,RDM
Lupercal Aurelian,37936946,38,39,Ravana,Materia,0,0,93674d47ae679f2b2191e0d82e33123f_2f53b2675d3eea360f0b48d74d30af15fc0.jpg?1786358530,Gold,23,3,MNK
Brian Ricardo,41560139,39,35,Sophia,Materia,0,0,678ed14a243387459872b7217f75e382_ba15a18cd3a8fb567e39053022515eb6fc0.jpg?1786360462,Gold,18,0,SGE
Arvus Lake,60370728,40,0,Bismarck,Materia,0,0,3491a10775fcbbb5a0c1329925f30f4f_36f0570990ac5402b2ef514d36b0435cfc0.jpg?1786358019,Gold,17,0,MNK
Aislinn Rose,47395507,41,36,Ravana,Materia,0,0,920c56af8cba5363c65e0c83dbbcac71_2f53b2675d3eea360f0b48d74d30af15fc0.jpg?1786358897,Gold,60,8,WAR
Nirki Yukumo,41663432,42,37,Zurvan,Materia,0,0,c950234c9a872ae2ab8476f696fcb74f_1fa3a1b3845481a1b67b46854a3cc49afc0.jpg?1786359604,Gold,20,0,BSM
Neo Zee,58982637,43,38,Ravana,Materia,0,0,c042f71fe47095dad35d5764027056d1_2f53b2675d3eea360f0b48d74d30af15fc0.jpg?1786358254,Gold,38,0,BRD
Lillian Melikai,42502039,44,40,Ravana,Materia,0,0,6c5f22e96162240c2bb96702fcbe123b_2f53b2675d3eea360f0b48d74d30af15fc0.jpg?1786359289,Gold,39,0,DRG
Zervish Vanht,21659747,45,41,Ravana,Materia,0,0,ff2403388bd597c0b3fb62c30e9bff67_2f53b2675d3eea360f0b48d74d30af15fc0.jpg?1786357848,Gold,23,0,SMN
Vielle Drillemont,52770027,46,54,Ravana,Materia,0,0,6c212c0698d00b38fb5cb7d51dcf91bf_2f53b2675d3eea360f0b48d74d30af15fc0.jpg?1786358456,Gold,66,8,BLM
Juru'a Mihrulh,48704606,47,55,Zurvan,Materia,0,0,80aa9b34947750aa356810124a11ba19_1fa3a1b3845481a1b67b46854a3cc49afc0.jpg?1786360477,Gold,62,9,SMN
Wierd Dude,58113414,48,43,Sephirot,Materia,0,0,c887fa7d587b2205b349abb82627a0d1_30a5f9eadea6e0cb684a5265362d0d59fc0.jpg?1786359025,Gold,59,5,MCH
Sukoshi Ninjin,57860048,49,44,Sophia,Materia,0,0,b41a0bd7b5958d56cec5f84314a28f3a_ba15a18cd3a8fb567e39053022515eb6fc0.jpg?1786358537,Gold,32,0,UNK
Byakko Moon,10831175,50,45,Sephirot,Materia,0,0,7d8049ebe32efa74e5107944b1e43d15_30a5f9eadea6e0cb684a5265362d0d59fc0.jpg?1786357817,Gold,2,0,DRG
Aurum Blaiddyd,10794239,51,46,Sophia,Materia,0,0,8b76648a8cb1cbbd4f1c870189433f3a_ba15a18cd3a8fb567e39053022515eb6fc0.jpg?1786360221,Gold,13,0,PLD
Clars Lester,951178,52,48,Sephirot,Materia,0,0,46727c8d445323c9e5b8140d37027050_30a5f9eadea6e0cb684a5265362d0d59fc0.jpg?1786357847,Silver,61,7,MCH
Sebastian Michaelis,42038341,53,47,Sephirot,Materia,0,0,17f4346a95c45541b337263d60106b3f_30a5f9eadea6e0cb684a5265362d0d59fc0.jpg?1786360169,Silver,59,0,BTN
Sana Miyata,34196273,54,49,Ravana,Materia,0,0,4a94c0f8b59e635e8748a32f11cc42f8_2f53b2675d3eea360f0b48d74d30af15fc0.jpg?1786359939,Silver,31,0,SCH
Birdy Lou,40000398,55,50,Sophia,Materia,0,0,a8894121a60bc81621d47edf1ee0577b_ba15a18cd3a8fb567e39053022515eb6fc0.jpg?1786358088,Silver,29,0,UNK
J'mo H',10666399,56,51,Sephirot,Materia,0,0,53873e717cbf7baeb168205935077671_30a5f9eadea6e0cb684a5265362d0d59fc0.jpg?1786357997,Silver,17,4,AST
Cwenhild Reid,41763782,57,52,Sophia,Materia,0,0,c9d176025665cc1528a984e82a81fd64_ba15a18cd3a8fb567e39053022515eb6fc0.jpg?1786359502,Silver,24,0,DRK
Pollux Renault,45246168,58,85,Sophia,Materia,0,0,af456258cb5d3ca7c42bb950f92247de_ba15a18cd3a8fb567e39053022515eb6fc0.jpg?1786358537,Silver,13,7,MNK
Ranko Riselle,47223883,59,53,Sophia,Materia,0,0,301cb977b468ead36aa13c049b17f861_ba15a18cd3a8fb567e39053022515eb6fc0.jpg?1786358685,Silver,11,0,UNK
Anzac Fenrir,10988408,60,58,Ravana,Materia,0,0,6c7b02f93e5250249333e13f236fc545_2f53b2675d3eea360f0b48d74d30af15fc0.jpg?1786358532,Silver,31,0,SGE
Kensuke Sugimori,59626210,61,59,Zurvan,Materia,0,0,b8c23a3c5466f6621fe9629c20c0b897_1fa3a1b3845481a1b67b46854a3cc49afc0.jpg?1786361138,Silver,29,0,SAM
Eustace Madao,44593837,62,60,Ravana,Materia,0,0,687914339d33024fe783e72eb5a1929f_2f53b2675d3eea360f0b48d74d30af15fc0.jpg?1786360046,Silver,22,0,GSM
Elto Malto,55670275,63,61,Zurvan,Materia,0,0,6625d7f60a549d4e764bdbbb6315b573_1fa3a1b3845481a1b67b46854a3cc49afc0.jpg?1786358154,Silver,17,0,UNK
Peaceful Serenity,44576253,64,62,Sephirot,Materia,0,0,ae7fb16a93fad97a522145bf683d894f_30a5f9eadea6e0cb684a5265362d0d59fc0.jpg?1786361164,Silver,0,0,RDM
Cucu Cucumber,43336963,65,63,Sophia,Materia,0,0,d0bedba76c1744686e4fafd9d31eeb08_ba15a18cd3a8fb567e39053022515eb6fc0.jpg?1786359661,Silver,40,0,BLM
Frierens Feet,18696306,66,64,Bismarck,Materia,0,0,55c56c5779dac3caf6a9e915a44a972d_36f0570990ac5402b2ef514d36b0435cfc0.jpg?1786360301,Silver,29,0,SMN
Persona Non-grata,59997612,66,64,Ravana,Materia,0,0,817d96e78e710beff47ca2d76caa6b30_2f53b2675d3eea360f0b48d74d30af15fc0.jpg?1786359270,Silver,29,0,PLD
C'ranmaia Lizha,60465549,68,66,Bismarck,Materia,0,0,f41736abfa17637ee6e1f020f2787726_36f0570990ac5402b2ef514d36b0435cfc0.jpg?1786359278,Silver,18,0,UNK
Shiny Garchomp,44081260,69,67,Ravana,Materia,0,0,a9aeaf4658d90c68d46e7086d323e456_2f53b2675d3eea360f0b48d74d30af15fc0.jpg?1786358774,Silver,17,0,MCH
Minty Dew,11254788,70,68,Sephirot,Materia,0,0,afdf4d4e1f96c8e17ed8dbbb09ea4e01_30a5f9eadea6e0cb684a5265362d0d59fc0.jpg?1786357848,Silver,12,0,DRG
Pompitous Litchous,28520377,71,69,Sephirot,Materia,0,0,ab4abed9c2f0b5369480818f95581f87_30a5f9eadea6e0cb684a5265362d0d59fc0.jpg?1786360114,Silver,10,0,MCH
Red Pocket,57790009,72,70,Zurvan,Materia,0,0,9ee6578b70ebe2412c9a6a3b9539d845_1fa3a1b3845481a1b67b46854a3cc49afc0.jpg?1786360601,Silver,1,0,UNK
Magnolia Moonsong,39932795,73,71,Ravana,Materia,0,0,a9e5b8f87ce0e4e7d236eef2abfe90e0_2f53b2675d3eea360f0b48d74d30af15fc0.jpg?1786361173,Silver,19,0,DNC
Sil Vanht,3592400,74,72,Ravana,Materia,0,0,7557bb5d8d4d13b13e750b30dbd34093_2f53b2675d3eea360f0b48d74d30af15fc0.jpg?1786357848,Silver,9,0,SMN
Re- G',41760350,75,73,Sophia,Materia,0,0,b5e032ba04147a101b5a91d07703c313_ba15a18cd3a8fb567e39053022515eb6fc0.jpg?1786360741,Silver,0,0,UNK
Tiny Seda,43818296,76,74,Ravana,Materia,0,0,21e2b2de9125d9cf1b99748fa9eef0e2_2f53b2675d3eea360f0b48d74d30af15fc0.jpg?1786359460,Silver,37,1,SMN
Venase Tym,61779775,77,75,Sophia,Materia,0,0,24aac6d5abd68d4dc957bd7c98ba27f2_ba15a18cd3a8fb567e39053022515eb6fc0.jpg?1786357925,Silver,18,0,UNK
Zero Alexander,18446688,78,76,Sophia,Materia,0,0,f2e26342d51255236baa45461f41bf5b_ba15a18cd3a8fb567e39053022515eb6fc0.jpg?1786359604,Silver,14,0,AST
Temp Arie,41750566,79,77,Zurvan,Materia,0,0,73bdd493fc471827004a90a5745ff400_1fa3a1b3845481a1b67b46854a3cc49afc0.jpg?1786360407,Silver,13,0,RDM
Awayi Soleil,40986096,80,78,Zurvan,Materia,0,0,c84676ef434b75aec3260707fcad3d8a_1fa3a1b3845481a1b67b46854a3cc49afc0.jpg?1786360470,Silver,12,0,DNC
Swhe Swoo,28568079,81,79,Sephirot,Materia,0,0,fbccbe709d21605c6f47dec5052b1238_30a5f9eadea6e0cb684a5265362d0d59fc0.jpg?1786360722,Silver,9,0,DRK
Liachen Thrope,29127861,82,80,Sophia,Materia,0,0,b0722934ed1329725ff744f9ae52c7ba_ba15a18cd3a8fb567e39053022515eb6fc0.jpg?1786358761,Silver,9,0,MCH
Goober Gooberm,48887220,83,81,Ravana,Materia,0,0,4523e0b4a5f923b67e31f18f801210af_2f53b2675d3eea360f0b48d74d30af15fc0.jpg?1786360702,Silver,18,0,BLM
Athena' Aria,29939277,84,82,Ravana,Materia,0,0,c678c1cf7f9d7de3e80882588e7606e8_2f53b2675d3eea360f0b48d74d30af15fc0.jpg?1786359101,Silver,6,0,AST
Turuturu Mennmenn,51356780,85,83,Sephirot,Materia,0,0,501dec1a7db9bac050ecbd4f8028e6e6_30a5f9eadea6e0cb684a5265362d0d59fc0.jpg?1786358833,Bronze,19,0,MNK
Hotsingles Inyourarea,43275845,86,84,Sephirot,Materia,0,0,08be8dec8891190a5227c50c7650dd29_30a5f9eadea6e0cb684a5265362d0d59fc0.jpg?1786358633,Bronze,15,0,PCT
Makh'a Zruhn,42193944,87,85,Ravana,Materia,0,0,323be164f5593618bf1111ae4538ad96_2f53b2675d3eea360f0b48d74d30af15fc0.jpg?1786361173,Bronze,6,0,WAR
Ashmi Rae,18364101,88,87,Bismarck,Materia,0,0,2b3a41d227e2937852d5c1e031d5aba0_36f0570990ac5402b2ef514d36b0435cfc0.jpg?1786358805,Bronze,5,0,BRD
Tiny Wrath,25583557,89,88,Zurvan,Materia,0,0,2c82c1a404fc646361cabcf478aed323_1fa3a1b3845481a1b67b46854a3cc49afc0.jpg?1786360369,Bronze,24,3,WHM
Fio Vanetti,41633033,90,89,Ravana,Materia,0,0,f237b05eb696b7fe8e05b757513a1ca2_2f53b2675d3eea360f0b48d74d30af15fc0.jpg?1786359038,Bronze,12,0,DRG
Ashe Elven,60375475,91,90,Ravana,Materia,0,0,d4a5d51981aa859d5ce41248e280c696_2f53b2675d3eea360f0b48d74d30af15fc0.jpg?1786360359,Bronze,5,0,PLD
Vistra Vistra,37543108,92,91,Sophia,Materia,0,0,b46ab5b00ca34214d4593336a0f112ed_ba15a18cd3a8fb567e39053022515eb6fc0.jpg?1786358384,Bronze,4,0,RPR
Zepherii Sui,43963552,93,92,Sophia,Materia,0,0,31b395238c6120dc114964c652dc393b_ba15a18cd3a8fb567e39053022515eb6fc0.jpg?1786358419,Bronze,13,2,DNC
Inconspicuous Miqo'te,3493859,94,92,Sophia,Materia,0,0,0b6b4d2c312f136911f9717c83c17997_ba15a18cd3a8fb567e39053022515eb6fc0.jpg?1786357875,Bronze,11,0,VPR
Aethon Shaan,60332336,95,94,Zurvan,Materia,0,0,2c608a6ec9ff59b0783f70b9c665a4b2_1fa3a1b3845481a1b67b46854a3cc49afc0.jpg?1786359562,Bronze,9,0,RDM
Therise Yld'amore,41754598,96,95,Bismarck,Materia,0,0,dea40bb49832c184ff5941cee3006818_36f0570990ac5402b2ef514d36b0435cfc0.jpg?1786359392,Bronze,7,0,DNC
Daeneris Stormborn,17816677,97,96,Zurvan,Materia,0,0,dd3c1f830e92ca4f902d42575517a37d_1fa3a1b3845481a1b67b46854a3cc49afc0.jpg?1786358695,Bronze,4,0,WHM
Samara Glazghotwyn,40818042,98,97,Sephirot,Materia,0,0,d89bdc111b4127d9f80e3d6a0ed3a55b_30a5f9eadea6e0cb684a5265362d0d59fc0.jpg?1786357807,Bronze,0,0,SAM
Jaliqai Bairon,49027736,99,98,Sophia,Materia,0,0,bb5b2ab907893aa971f0d78c6164de8c_ba15a18cd3a8fb567e39053022515eb6fc0.jpg?1786359736,Bronze,19,0,SMN
Lilith Sanguine,36164895,100,99,Sephirot,Materia,0,0,b5a3ec57fa0658672b263f583c34b618_30a5f9eadea6e0cb684a5265362d0d59fc0.jpg?1786360167,Bronze,18,0,SAM
