name,id,cur_rank,prev_rank,world,dc,points,points_delta,portrait,tier,wins,wins_delta,job
Cliffe Zanza,36074329,1,0,Spriggan,Chaos,5088,0,d8d2fa78adb447ec4b6d5d747f5d5f84_feaf0a2e88ff164813fbc9b85876fa48fc0.jpg?1791564412,Ultima,276,0,MNK
Mamiyama Kamimama,37371304,2,0,Spriggan,Chaos,4738,0,3c6fd6569d3dce40308c9a2a1f3c3bfa_feaf0a2e88ff164813fbc9b85876fa48fc0.jpg?1791562848,Ultima,523,0,AST
Scarlet Rose,26616217,3,0,Spriggan,Chaos,4270,0,96ad88f23a708e8d6e391f669986d57c_feaf0a2e88ff164813fbc9b85876fa48fc0.jpg?1791564904,Ultima,577,0,DRG
Saboree Catboy,36051653,4,0,Spriggan,Chaos,4078,0,b61ec1080d608b5a83f30baef219dc02_feaf0a2e88ff164813fbc9b85876fa48fc0.jpg?1791562337,Ultima,385,0,WAR
Deadrise Mutombo,31730694,5,0,Ragnarok,Chaos,3761,0,a382acb94313f23d966dd6d39d909bea_40d57ba713628f3f1ef5ef204b6d76d2fc0.jpg?1791563475,Ultima,277,0,RDM
Auelin Fae,18291844,6,0,Zodiark,Light,3725,0,2d6204db02c5efce86aca234fd6f1ce1_c274370774c6bc3483cc8740805f41bcfc0.jpg?1791562408,Ultima,164,0,NIN
Crow Kaien,44749262,7,0,Zodiark,Light,3652,0,54e5719ccbdb45c6de28f017b4365207_c274370774c6bc3483cc8740805f41bcfc0.jpg?1791563016,Ultima,73,0,SCH
Tsukuyo Ritlas,37800185,8,0,Odin,Light,3614,0,eca30840fe0bed8e80f620b5f57c49de_644311b63b607133c989d7c1188467dafc0.jpg?1791562529,Ultima,168,0,RDM
Loty Coldwind,36521588,9,0,Twintania,Light,3590,0,3632cf6d20598f5c4c7b748be7e19153_c33f640c0cdd35f7def85b8aa31a0007fc0.jpg?1791561897,Ultima,428,0,MCH
Miyu Moon,58918526,10,0,Moogle,Chaos,3349,0,1abf5ce3756f6fa0d1c5be2cd39491bc_d7a9d5f85a29d6278ec1c7adc2c8d242fc0.jpg?1791564181,Ultima,138,0,SAM
Tia Tomoe,41293767,11,0,Phoenix,Light,3274,0,7dc31b9a880ba3f36a3ef1208e0c5909_5047bc596a4bab2dc7f7c120bb22dec5fc0.jpg?1791564993,Ultima,195,0,BRD
Elohim Meth,60682611,12,0,Raiden,Light,3254,0,0b14f1751b014118eca06236e1fdf2bf_a370664d98f658f4ed4e620f378f73cdfc0.jpg?1791562776,Ultima,202,0,UNK
Prisma Tic,38791879,13,0,Cerberus,Chaos,3237,0,5220c35172bb26154c862a6d485e37b8_777c57311d510ca65dac3c1077dee435fc0.jpg?1791563085,Ultima,318,0,DRK
Shino Yaru,38308969,14,0,Phoenix,Light,3026,0,0662727bb913ed7fe3009f3542ea1e64_5047bc596a4bab2dc7f7c120bb22dec5fc0.jpg?1791563366,Ultima,469,0,UNK
Ange Melrose,50267939,15,0,Omega,Chaos,3007,0,f2fb3057962bf3d28bcce976076f5368_39e25ac3d737c46452305eefe324372cfc0.jpg?1791562006,Ultima,399,0,SCH
Ivaious Zol,38270926,16,0,Odin,Light,2992,0,2e78b44195db83336b1acbe75927a864_644311b63b607133c989d7c1188467dafc0.jpg?1791562537,Omega,202,0,MNK
Moki Moki,14235486,17,0,Odin,Light,2881,0,82d3ef8d03fa7a6ddf4429f15fd296a2_644311b63b607133c989d7c1188467dafc0.jpg?1791563923,Omega,86,0,CUL
Yasuki San,61688064,18,0,Phantom,Chaos,2830,0,37dbf9b8936faaf9c75f598c38dcac11_f0a43d6e5eea19af337a176e9836acddfc0.jpg?1791565067,Omega,508,0,UNK
Totsu Geki,60147602,19,0,Spriggan,Chaos,2826,0,1b45188bdbf3dd4afe9a37a646eaa4b9_feaf0a2e88ff164813fbc9b85876fa48fc0.jpg?1791563062,Omega,510,0,DRK
Miyu Edelfelt,21335430,20,0,Phoenix,Light,2816,0,ba690d74246b4d07f543f0d9516feec2_5047bc596a4bab2dc7f7c120bb22dec5fc0.jpg?1791563231,Omega,287,0,SCH
Ase Dora,42603487,21,0,Alpha,Light,2806,0,78626e6cf6f07875d5ac9527a5bd0c4d_6132295fcf5570fb8b0a944ef322a598fc0.jpg?1791563211,Omega,605,0,CRP
Ten Gil,17217146,22,0,Louisoix,Chaos,2750,0,884fcae1e61228d09798c630a2c827fb_0a122616f3718d3f45cab10fd8fc1604fc0.jpg?1791564191,Omega,172,0,WHM
Xen Thique,40172078,23,0,Odin,Light,2747,0,8930228f4df0c18feea28ebbb1c451f2_644311b63b607133c989d7c1188467dafc0.jpg?1791562445,Omega,160,0,AST
Aura Sphere,30657353,24,0,Zodiark,Light,2741,0,6cc4a373eafbcbf88a340a52d95f133e_c274370774c6bc3483cc8740805f41bcfc0.jpg?1791564649,Omega,177,0,BRD
Akari Tsuki,31005286,25,0,Louisoix,Chaos,2700,0,28e1cfaecfbf911dc3621f5de74642aa_0a122616f3718d3f45cab10fd8fc1604fc0.jpg?1791562899,Omega,94,0,MNK
Maarato Cookie,20349526,26,0,Twintania,Light,2667,0,dbab16598b86bb31b2eb96070f723572_c33f640c0cdd35f7def85b8aa31a0007fc0.jpg?1791565444,Omega,242,0,DRG
Tarutella Goldfish,4235488,27,0,Phoenix,Light,2651,0,f269741c27ca22c02db955557e7283fa_5047bc596a4bab2dc7f7c120bb22dec5fc0.jpg?1791562134,Omega,250,0,SGE
Tei Tei,36611700,28,0,Odin,Light,2524,0,21c224545e3d3af775a3d377c8e444bf_644311b63b607133c989d7c1188467dafc0.jpg?1791565234,Omega,243,0,BRD
Sice Seven,15008161,29,0,Moogle,Chaos,2494,0,23657ac0d29f4bc5667ef1e00cf528f8_d7a9d5f85a29d6278ec1c7adc2c8d242fc0.jpg?1791563469,Omega,117,0,AST
Lex'ander Wayfarer,18009481,30,0,Odin,Light,2295,0,0adfa03fe11940a91e3b6a2ed08ddb88_644311b63b607133c989d7c1188467dafc0.jpg?1791563222,Omega,105,0,VPR
Resilla Frostflow,14658770,31,0,Cerberus,Chaos,2294,0,00a4e6250beb98b5644c87cffe8b7f4f_777c57311d510ca65dac3c1077dee435fc0.jpg?1791565120,Omega,185,0,DNC
Yamizura Kumozuma,19652230,32,0,Twintania,Light,2271,0,24bbc9cebf09eb83efcbc272c3085fd1_c33f640c0cdd35f7def85b8aa31a0007fc0.jpg?1791562910,Omega,43,0,SCH
Cat Wife,21099767,33,0,Zodiark,Light,2257,0,76d1664265ae631c957cfab6c72cfba9_c274370774c6bc3483cc8740805f41bcfc0.jpg?1791563442,Omega,47,0,MNK
Dalik Mathis,9537863,34,0,Ragnarok,Chaos,2246,0,fd4dde44208527cc20e58ba589d51f01_40d57ba713628f3f1ef5ef204b6d76d2fc0.jpg?1791563456,Omega,239,0,WAR
Ame Ame,20722816,35,0,Ragnarok,Chaos,2189,0,84eea0fa24e8d91df6e02312644e4c94_40d57ba713628f3f1ef5ef204b6d76d2fc0.jpg?1791562053,Omega,84,0,UNK
Lhei Tayun,25191408,36,0,Zodiark,Light,2179,0,6ee93960f16da0ea5150fe1b7590dfa4_c274370774c6bc3483cc8740805f41bcfc0.jpg?1791565231,Omega,283,0,BLM
Shia Sun,1754600,37,0,Odin,Light,2094,0,7550981ba488e5ebe919aa3cb39efbfa_644311b63b607133c989d7c1188467dafc0.jpg?1791562709,Omega,247,0,DRG
Two Koma,51508003,38,0,Zodiark,Light,2088,0,15a666f8d7bb67401300fae763ce4d32_c274370774c6bc3483cc8740805f41bcfc0.jpg?1791562383,Omega,176,0,MNK
Myst Freyja,33906213,39,0,Omega,Chaos,2086,0,240b879fd403fc16c04022b6075077ae_39e25ac3d737c46452305eefe324372cfc0.jpg?1791564063,Omega,84,0,RPR
Endorel Soro,12949151,40,0,Alpha,Light,2077,0,038b9a835f84a3b80a8a467605d3dd8c_6132295fcf5570fb8b0a944ef322a598fc0.jpg?1791564624,Omega,73,0,UNK
Sunie Mochi,12728791,41,0,Twintania,Light,2073,0,4760f9b45bd6f71f83adbd97ab87eae3_c33f640c0cdd35f7def85b8aa31a0007fc0.jpg?1791564742,Omega,241,0,DNC
Shadow Aya,54551815,42,0,Zodiark,Light,1991,0,5ca13f39db9eefc50e8e57be73e7254e_c274370774c6bc3483cc8740805f41bcfc0.jpg?1791562407,Omega,183,0,DRK
Leedo Dale,25033597,43,0,Zodiark,Light,1983,0,9e122691e98bda2ea6abe86ed7b81a63_c274370774c6bc3483cc8740805f41bcfc0.jpg?1791565458,Omega,524,0,SGE
Meryll Enetari,24681550,44,0,Cerberus,Chaos,1978,0,f4fe16c70d7023e2101e19421c5abf1e_777c57311d510ca65dac3c1077dee435fc0.jpg?1791561910,Omega,442,0,BRD
Yi Ma,60448295,45,0,Phoenix,Light,1949,0,bb3af62117cae7488d9b02007f341c7b_5047bc596a4bab2dc7f7c120bb22dec5fc0.jpg?1791562639,Omega,177,0,DNC
Delzor Waka,40194085,46,0,Odin,Light,1948,0,bde30c4caff355f65cf9761727b12725_644311b63b607133c989d7c1188467dafc0.jpg?1791563078,Omega,227,0,SGE
Purr It,40913226,47,0,Zodiark,Light,1947,0,9adf9c1689ff6761673da6e25b839b7b_c274370774c6bc3483cc8740805f41bcfc0.jpg?1791563281,Omega,317,0,VPR
Misora Kaiatsa,25126040,48,0,Moogle,Chaos,1917,0,80fa199452585ab77d14128509576300_d7a9d5f85a29d6278ec1c7adc2c8d242fc0.jpg?1791562421,Omega,187,0,RPR
Kimbi Aoe,24693270,49,0,Shiva,Light,1898,0,67e0ddfb70faf5725a971d086cfdce61_3fbff0e6b620e4d259dc427abc6574dafc0.jpg?1791563206,Omega,124,0,NIN
Marci Sidekick,41408431,50,0,Zodiark,Light,1887,0,a9c3b41a05dec1fd191fe80f38009aa5_c274370774c6bc3483cc8740805f41bcfc0.jpg?1791563810,Omega,64,0,WAR
Magna Shanoa,22946172,51,0,Omega,Chaos,1798,0,fa3b3fe187b1dcbf8c4a5af5b2c5d507_39e25ac3d737c46452305eefe324372cfc0.jpg?1791562919,Omega,89,0,SAM
Jun Moxiao,40533777,52,0,Odin,Light,1737,0,9f41b7adf0a59849ae35b17cdace2b32_644311b63b607133c989d7c1188467dafc0.jpg?1791565062,Omega,221,0,DRG
Baka Bao,30345026,53,0,Phantom,Chaos,1734,0,57df7efcbcdf8f1aca84c4f1435c36ba_f0a43d6e5eea19af337a176e9836acddfc0.jpg?1791564985,Omega,627,0,GNB
Alex Rider,18844824,54,0,Raiden,Light,1728,0,88e1d370b1f9d1b22933e6476449b463_a370664d98f658f4ed4e620f378f73cdfc0.jpg?1791563139,Omega,103,0,WAR
Terro Beoulevard,51148631,55,0,Sagittarius,Chaos,1726,0,758b534f47542287e0b99c648590b2ac_44ca0844398b2d010d8cd4a31ddb023dfc0.jpg?1791562638,Omega,95,0,RPR
Maggot Maggot,61703768,56,0,Omega,Chaos,1709,0,3657d57f4a20a5d901d7f4537f1b7307_39e25ac3d737c46452305eefe324372cfc0.jpg?1791563939,Omega,235,0,WAR
Yhren Vhal,56948558,57,0,Odin,Light,1693,0,3f62ad2093c1016540ef936a5563823b_644311b63b607133c989d7c1188467dafc0.jpg?1791562623,Omega,249,0,UNK
Mahou Mahou,5924021,58,0,Odin,Light,1690,0,4c6afcfde744ebab926aa3423b6c4064_644311b63b607133c989d7c1188467dafc0.jpg?1791563624,Omega,54,0,VPR
Sweet Light,41777815,59,0,Spriggan,Chaos,1686,0,2e6808627bd2b8f0f5f0377d20cbbbc5_feaf0a2e88ff164813fbc9b85876fa48fc0.jpg?1791565130,Omega,186,0,PLD
Vanilla Blossom,41496807,60,0,Moogle,Chaos,1680,0,b0e7d1b464d155d8791692fe2e47299d_d7a9d5f85a29d6278ec1c7adc2c8d242fc0.jpg?1791562517,Omega,108,0,FSH
Fygqhzr Zhgfjhh,49000606,61,0,Phantom,Chaos,1679,0,ed46d70a9c354991698a796aac7c462e_f0a43d6e5eea19af337a176e9836acddfc0.jpg?1791565490,Omega,46,0,DRG
Pan Ther,47356852,62,0,Twintania,Light,1651,0,fc9492796dbee9f84ae010350ec7759c_c33f640c0cdd35f7def85b8aa31a0007fc0.jpg?1791565458,Omega,173,0,NIN
Yun' Yun,11341467,63,0,Cerberus,Chaos,1592,0,df098ceed6d9cf14cf61cc4110cd6cb5_777c57311d510ca65dac3c1077dee435fc0.jpg?1791564914,Omega,160,0,WHM
Mew Rilah,53409550,64,0,Cerberus,Chaos,1590,0,e65ddd06c5702de8a5312239356a6e36_777c57311d510ca65dac3c1077dee435fc0.jpg?1791563559,Omega,150,0,MCH
Lylia Venis,13391767,65,0,Moogle,Chaos,1559,0,79af70239d663a69f312f0788f3cf927_d7a9d5f85a29d6278ec1c7adc2c8d242fc0.jpg?1791564330,Omega,30,0,MIN
Imy Pure,24943089,66,0,Cerberus,Chaos,1509,0,2e46879ac1baf7fc77ec2de872a0461c_777c57311d510ca65dac3c1077dee435fc0.jpg?1791562804,Omega,56,0,MNK
Raiden Thorne,27238016,67,0,Zodiark,Light,1506,0,96a909af8d24d60f6d8173f8cc16facb_c274370774c6bc3483cc8740805f41bcfc0.jpg?1791562989,Omega,41,0,SCH
Snap Ringer,18714030,68,0,Omega,Chaos,1502,0,77577ce781d587b133c9c53da0974817_39e25ac3d737c46452305eefe324372cfc0.jpg?1791564272,Omega,41,0,SAM
Chise Hatori',9182735,69,0,Ragnarok,Chaos,1500,0,236f29f4984f26e6b197da380f104a63_40d57ba713628f3f1ef5ef204b6d76d2fc0.jpg?1791563621,Omega,169,0,RPR
Aris Oz,41983172,70,0,Zodiark,Light,1500,0,abbd4cf51609bf59977c5b4850c4c351_c274370774c6bc3483cc8740805f41bcfc0.jpg?1791562590,Omega,70,0,WAR
Asuna Natsume,14428124,71,0,Raiden,Light,1498,0,142ba45dfd31aa40c0d2a1159d358f2d_a370664d98f658f4ed4e620f378f73cdfc0.jpg?1791563142,Crystal,76,0,WAR
Yuripa Arashi,37731658,72,0,Shiva,Light,1498,0,73ff0d0b3cc5f92ec79dabffa2bedf80_3fbff0e6b620e4d259dc427abc6574dafc0.jpg?1791562153,Crystal,62,0,MCH
Memento Mo'ri,1641495,73,0,Ragnarok,Chaos,1495,0,86323bce84189061b1d71ff1dc25266a_40d57ba713628f3f1ef5ef204b6d76d2fc0.jpg?1791563440,Crystal,131,0,WHM
A'dyalani Sato,10026278,74,0,Odin,Light,1487,0,d072994a22af88090aecf6e5a3b85c36_644311b63b607133c989d7c1188467dafc0.jpg?1791562907,Crystal,227,0,UNK
Farnese Bloodstorm,29144926,75,0,Odin,Light,1477,0,9d52a45ac0156312b562aef0a55cfff2_644311b63b607133c989d7c1188467dafc0.jpg?1791562437,Crystal,49,0,FSH
Spedah Sashihai,46717230,76,0,Phantom,Chaos,1475,0,916aa42d41d9cb06784f26d21d850c5a_f0a43d6e5eea19af337a176e9836acddfc0.jpg?1791562721,Crystal,340,0,SCH
Shimori Bunihara,35166011,77,0,Raiden,Light,1461,0,c44c8fc68c230b1051ec35a527afe9ed_a370664d98f658f4ed4e620f378f73cdfc0.jpg?1791562460,Crystal,134,0,RPR
Khorasan Ataraxia,47289604,78,0,Shiva,Light,1429,0,721a6c9c723209b16696818df4cf0c93_3fbff0e6b620e4d259dc427abc6574dafc0.jpg?1791562223,Crystal,375,0,UNK
Magic Beans,43732030,79,0,Phoenix,Light,1396,0,4a7e75e2be4f70e389e8807cc1d2b885_5047bc596a4bab2dc7f7c120bb22dec5fc0.jpg?1791563517,Crystal,179,0,DRK
Aurora Maou,26517539,80,0,Louisoix,Chaos,1388,0,433a49b5cc43b35afac03d97c50262f9_0a122616f3718d3f45cab10fd8fc1604fc0.jpg?1791562568,Crystal,106,0,PLD
Baby Starz,27999014,81,0,Omega,Chaos,1381,0,e8cb7daea22ff306dcc9397ecad5a4a2_39e25ac3d737c46452305eefe324372cfc0.jpg?1791562014,Crystal,195,0,NIN
Melinoe Mei,52244848,82,0,Odin,Light,1339,0,f2f35dd3d3f7ed2ab1eaf11e0291525a_644311b63b607133c989d7c1188467dafc0.jpg?1791561935,Crystal,86,0,UNK
Wwwwwwwwww Wwwwwwwwww,22934838,83,0,Odin,Light,1318,0,44b50a04ce7aed4e2c4699753f5b83bc_644311b63b607133c989d7c1188467dafc0.jpg?1791564493,Crystal,82,0,SMN
Blunt Man,35300195,84,0,Louisoix,Chaos,1308,0,bfddeb1fd8c57b9259f8bb179dd8158b_0a122616f3718d3f45cab10fd8fc1604fc0.jpg?1791562437,Crystal,307,0,SAM
Satoru Kobayashi,45096077,85,0,Raiden,Light,1284,0,69c528c4dcff12abeb6cf1d9696af468_a370664d98f658f4ed4e620f378f73cdfc0.jpg?1791562656,Crystal,92,0,AST
Lsi Lsi,47353875,86,0,Lich,Light,1209,0,792b3235fe2fbd35d956e856c210194f_7206469080400ed57a5373d0a9c55c59fc0.jpg?1791562108,Crystal,207,0,AST
Zot To,18725302,87,0,Cerberus,Chaos,1199,0,852c16bac4fe7f528a8653c65704e818_777c57311d510ca65dac3c1077dee435fc0.jpg?1791562600,Crystal,16,0,DRG
Based Miqote,46487952,88,0,Twintania,Light,1190,0,5e2bb42e554586a20b050b7fd3f88e26_c33f640c0cdd35f7def85b8aa31a0007fc0.jpg?1791564371,Crystal,148,0,UNK
Chie Chibana,52839770,89,0,Alpha,Light,1179,0,825f10ea00e64238dc349a5faa06969e_6132295fcf5570fb8b0a944ef322a598fc0.jpg?1791564343,Crystal,229,0,DRG
Kyouko Owo,25629243,90,0,Louisoix,Chaos,1157,0,4fbeb17208a00397ad05eebfc2d20d2f_0a122616f3718d3f45cab10fd8fc1604fc0.jpg?1791564746,Crystal,72,0,WHM
Mitsuki Mirai,18435457,91,0,Louisoix,Chaos,1142,0,365f1772f387bd280bdbfc16afbd5e4e_0a122616f3718d3f45cab10fd8fc1604fc0.jpg?1791563073,Crystal,89,0,WAR
General Aardvark,48423100,92,0,Twintania,Light,1103,0,cf88029724167c1d18ed8c536a862900_c33f640c0cdd35f7def85b8aa31a0007fc0.jpg?1791563098,Crystal,286,0,SMN
Holos Ymir,35299241,93,0,Cerberus,Chaos,1066,0,f8029ed36fad032333305dfa455cddec_777c57311d510ca65dac3c1077dee435fc0.jpg?1791564313,Crystal,119,0,AST
Feri De,32873333,94,0,Twintania,Light,1058,0,04fae792c920333e5bdc3287c0df72e4_c33f640c0cdd35f7def85b8aa31a0007fc0.jpg?1791563373,Crystal,239,0,BRD
Aru Chiikawa,53173199,95,0,Raiden,Light,1013,0,e04a223356da8c93c18581feda55b5bf_a370664d98f658f4ed4e620f378f73cdfc0.jpg?1791563466,Crystal,237,0,MCH
Phaey Yeon,58326616,96,0,Moogle,Chaos,1006,0,6497d439e55c80c0156c198e7f135c78_d7a9d5f85a29d6278ec1c7adc2c8d242fc0.jpg?1791563944,Crystal,112,0,UNK
William Sharpeye,31183782,97,0,Moogle,Chaos,1004,0,f90b7bfd929ec716aa63dc03d0533a18_d7a9d5f85a29d6278ec1c7adc2c8d242fc0.jpg?1791562523,Crystal,67,0,NIN
Kyra Nshakha,56831314,98,0,Alpha,Light,1000,0,b27d76c3fbe312d06184fd92f8aebc55_6132295fcf5570fb8b0a944ef322a598fc0.jpg?1791563211,Crystal,226,0,DNC
Tay Talenath,45740169,99,0,Raiden,Light,995,0,b2fa0c7222f7e3ebe117f24a200e11d8_a370664d98f658f4ed4e620f378f73cdfc0.jpg?1791563536,Crystal,190,0,DNC
Elyndra Mayhn,27143285,100,0,Twintania,Light,937,0,e4b30c11c8c987996e50ee4c5899c037_c33f640c0cdd35f7def85b8aa31a0007fc0.jpg?1791563366,Crystal,124,0,RPR
Tyra Kett,26531277,101,0,Spriggan,Chaos,926,0,101b7ec48bba5c5e5b34fda1316c57bc_feaf0a2e88ff164813fbc9b85876fa48fc0.jpg?1791563785,Crystal,126,0,DRG
Sin Mirrorslave,43994621,102,0,Raiden,Light,908,0,3f8e3345c252d3f9b50e27c481f91100_a370664d98f658f4ed4e620f378f73cdfc0.jpg?1791565052,Crystal,89,0,UNK
Aurora Aria,24116937,103,0,Phoenix,Light,894,0,05caa52c69a69c31a889325a1f319530_5047bc596a4bab2dc7f7c120bb22dec5fc0.jpg?1791562628,Crystal,160,0,SMN
Xanthe Hati,28239197,104,0,Sagittarius,Chaos,891,0,9bf816bfcd7f963908af59458b5500c9_44ca0844398b2d010d8cd4a31ddb023dfc0.jpg?1791562765,Crystal,74,0,DRG
Lybel Alyborias,25836089,105,0,Louisoix,Chaos,807,0,a86b680e6c4e5e23befaaaf535a158de_0a122616f3718d3f45cab10fd8fc1604fc0.jpg?1791564203,Crystal,67,0,GNB
Pat Olehouse,17156873,106,0,Lich,Light,806,0,54c944c62ef7bd68e95a2a558d856482_7206469080400ed57a5373d0a9c55c59fc0.jpg?1791564667,Crystal,117,0,RDM
Sotek Scherwil,486374,107,0,Twintania,Light,806,0,c881840c18d6c9fc415801f5f8240174_c33f640c0cdd35f7def85b8aa31a0007fc0.jpg?1791564911,Crystal,83,0,DRK
Brian Ricardo,23607238,108,0,Zodiark,Light,801,0,9c9d045f5f22c579ce5c24faa2b9b303_c274370774c6bc3483cc8740805f41bcfc0.jpg?1791563053,Crystal,67,0,AST
Drop Dead,61865612,109,0,Raiden,Light,796,0,8b4d73c68bf61dbad86bb051105da5ec_a370664d98f658f4ed4e620f378f73cdfc0.jpg?1791562136,Crystal,61,0,WAR
Rei Nara,30869508,110,0,Ragnarok,Chaos,795,0,6d7be1a63248369bf5017070a85d6bd0_40d57ba713628f3f1ef5ef204b6d76d2fc0.jpg?1791562526,Crystal,78,0,UNK
Acacia Strain,43137076,111,0,Raiden,Light,794,0,8678948c8fea34b563980d4a6da37e32_a370664d98f658f4ed4e620f378f73cdfc0.jpg?1791563142,Crystal,344,0,RDM
Sho'zhirr Shizahi-jo,28092848,112,0,Phoenix,Light,794,0,c6923f91c3f9e08d53d38488a3040788_5047bc596a4bab2dc7f7c120bb22dec5fc0.jpg?1791562845,Crystal,81,0,UNK
Sal Ren,40787945,113,0,Phoenix,Light,793,0,9613f7a8c0a759977b8a3fe787fed7e0_5047bc596a4bab2dc7f7c120bb22dec5fc0.jpg?1791562997,Crystal,220,0,WHM
Hyzenthlay Efrafa,1817919,114,0,Ragnarok,Chaos,790,0,f61f49f2ed95a3709fa034686da0eb63_40d57ba713628f3f1ef5ef204b6d76d2fc0.jpg?1791563096,Crystal,59,0,SMN
Limit Cat,37849108,115,0,Lich,Light,787,0,5b03795e0323d8633451ea410c4aeced_7206469080400ed57a5373d0a9c55c59fc0.jpg?1791564505,Crystal,36,0,MNK
Keylinda Heliopsis,44659154,116,0,Moogle,Chaos,784,0,aae227ec83063cc479b9c5f6fb803e66_d7a9d5f85a29d6278ec1c7adc2c8d242fc0.jpg?1791563727,Crystal,161,0,SGE
Skillpade Skyr,37019657,117,0,Lich,Light,782,0,e520a31662bd7030c96e4951a4f2d301_7206469080400ed57a5373d0a9c55c59fc0.jpg?1791564576,Crystal,146,0,DRK
Sekai Eri,41303117,118,0,Raiden,Light,705,0,cb1ac59e3c66b2050bc4ee7e3368c36c_a370664d98f658f4ed4e620f378f73cdfc0.jpg?1791562179,Crystal,235,0,UNK
Life Enjoyer,28145650,119,0,Raiden,Light,704,0,1f163924ab5a124c00b3684fe37e6e58_a370664d98f658f4ed4e620f378f73cdfc0.jpg?1791563952,Crystal,108,0,MNK
Manji Haq,30381529,120,0,Shiva,Light,702,0,1840291846e97e46d3053d2cb9351608_3fbff0e6b620e4d259dc427abc6574dafc0.jpg?1791562205,Crystal,272,0,MCH
Red Aura,58355527,121,0,Spriggan,Chaos,700,0,24685b07d940d962953f7111d4144e46_feaf0a2e88ff164813fbc9b85876fa48fc0.jpg?1791564840,Crystal,49,0,MNK
Diarmuidia Ua-dibhne,60435376,122,0,Cerberus,Chaos,699,0,5d9b7dcb4848e335ad4a88c0dc644669_777c57311d510ca65dac3c1077dee435fc0.jpg?1791562261,Crystal,107,0,ARC
Fae Mhis,16223299,123,0,Lich,Light,698,0,075328fa236ca776da32524ca8bd395c_7206469080400ed57a5373d0a9c55c59fc0.jpg?1791562961,Crystal,31,0,BRD
Kaixer Almasy,24721919,124,0,Ragnarok,Chaos,695,0,16b404151182dfe17ac302129a023750_40d57ba713628f3f1ef5ef204b6d76d2fc0.jpg?1791565214,Crystal,157,0,UNK
Lost Signal,56186869,125,0,Odin,Light,695,0,b36972ee34bfd25f82ce348b32b6f5da_644311b63b607133c989d7c1188467dafc0.jpg?1791563967,Crystal,126,0,DRK
Gabriel Zephyrus,11099535,126,0,Zodiark,Light,690,0,fb5c6913d0c275952def0841ab82887f_c274370774c6bc3483cc8740805f41bcfc0.jpg?1791562453,Crystal,199,0,UNK
Thor Strom,35911315,127,0,Cerberus,Chaos,685,0,3826da79ed71141aec290f69127b5c79_777c57311d510ca65dac3c1077dee435fc0.jpg?1791563471,Crystal,10,0,SCH
Laela Hyun,59589734,128,0,Phantom,Chaos,684,0,a377ba040d4300db7c8df4efc92acd53_f0a43d6e5eea19af337a176e9836acddfc0.jpg?1791562749,Crystal,55,0,UNK
Aeo We,10437907,129,0,Ragnarok,Chaos,681,0,2cc33bbd6e1f29b872030a98ed37c0fc_40d57ba713628f3f1ef5ef204b6d76d2fc0.jpg?1791564844,Crystal,41,0,FSH
Magidolce Magileine,39132419,130,0,Twintania,Light,614,0,088bd05d5a98251023ecb7e28a638b68_c33f640c0cdd35f7def85b8aa31a0007fc0.jpg?1791562501,Crystal,265,0,SMN
Dacien Darlett,3339751,131,0,Odin,Light,608,0,0311b8a0924e142c3f1da4b81f645156_644311b63b607133c989d7c1188467dafc0.jpg?1791564073,Crystal,184,0,MCH
Seraban Mistodisushi,25116690,132,0,Omega,Chaos,606,0,9ab6f5d4307a747e8378402c6070b2a7_39e25ac3d737c46452305eefe324372cfc0.jpg?1791565482,Crystal,250,0,UNK
Fay Fury,13801627,133,0,Alpha,Light,601,0,c8bf2d24d3b66a91e8891eb6b4043bd8_6132295fcf5570fb8b0a944ef322a598fc0.jpg?1791563232,Crystal,134,0,UNK
Sophia Ariadne,11431073,134,0,Odin,Light,600,0,f4329ddf82a418a6e12f1ba978bc1523_644311b63b607133c989d7c1188467dafc0.jpg?1791562468,Crystal,57,0,PCT
Judith Vaeyle,49905732,135,0,Sagittarius,Chaos,599,0,4fc6774f2e98f002c3180f372e3b54bf_44ca0844398b2d010d8cd4a31ddb023dfc0.jpg?1791565215,Crystal,72,0,GNB
Cipher Strife,7955322,136,0,Ragnarok,Chaos,597,0,fd0f2644fe22871d381e6bae8798c484_40d57ba713628f3f1ef5ef204b6d76d2fc0.jpg?1791565314,Crystal,432,0,SCH
Roy Dimgao,29524655,137,0,Omega,Chaos,597,0,320af7149c63c337e5826c2c2cc1bf37_39e25ac3d737c46452305eefe324372cfc0.jpg?1791564357,Crystal,187,0,SAM
Feral Jorex,21749898,138,0,Odin,Light,594,0,f9027c778862384a6ae4224efd2fe7c3_644311b63b607133c989d7c1188467dafc0.jpg?1791564691,Crystal,392,0,PLD
Queenie Skyfrost,34868775,139,0,Odin,Light,594,0,4c0182a4bd02a557a3e29b795c1e0b9c_644311b63b607133c989d7c1188467dafc0.jpg?1791563847,Crystal,102,0,PLD
Neclord Drakan,34358772,140,0,Phoenix,Light,510,0,7e002012c8fc4f9e493cd5879573e088_5047bc596a4bab2dc7f7c120bb22dec5fc0.jpg?1791562429,Crystal,41,0,DNC
Shiroko Momo,39619880,141,0,Odin,Light,504,0,83b4a27fbdf8dfdce9a7e095cc14bf41_644311b63b607133c989d7c1188467dafc0.jpg?1791562604,Crystal,150,0,NIN
Arima Sui,61051327,142,0,Alpha,Light,503,0,a616749d9bdfd00b6659f83dbb1c8a7f_6132295fcf5570fb8b0a944ef322a598fc0.jpg?1791563861,Crystal,513,0,MCH
Tikka Masola,44131885,143,0,Zodiark,Light,503,0,ef489d662d845a0d473f7abb93124d5e_c274370774c6bc3483cc8740805f41bcfc0.jpg?1791564130,Crystal,7,0,WAR
Slayn Lockmeier,43624360,144,0,Ragnarok,Chaos,501,0,6e8ed130575c22a15b32af255b35348b_40d57ba713628f3f1ef5ef204b6d76d2fc0.jpg?1791562954,Crystal,18,0,PCT
Master Zoknik,47233914,145,0,Omega,Chaos,498,0,47b7a0d3c4816d6dc7cb85c85a3685f7_39e25ac3d737c46452305eefe324372cfc0.jpg?1791562804,Crystal,69,0,WAR
Lion Lad,60548427,146,0,Phantom,Chaos,498,0,69af2e062eb7ba4549c964e1fbc8b79e_f0a43d6e5eea19af337a176e9836acddfc0.jpg?1791563374,Crystal,30,0,BRD
Yellow Blue,58488618,147,0,Spriggan,Chaos,497,0,51731f8a93c1d8b59b5c3ded4ffb5a64_feaf0a2e88ff164813fbc9b85876fa48fc0.jpg?1791565268,Crystal,80,0,DRG
Thesa Sergearis,47267643,148,0,Raiden,Light,497,0,09dba50da69ae23c7f77aa5135356ea2_a370664d98f658f4ed4e620f378f73cdfc0.jpg?1791562524,Crystal,36,0,RPR
Jou Bright,26172504,149,0,Shiva,Light,496,0,80f6d86c4118e80a4c51ba20920a1384_3fbff0e6b620e4d259dc427abc6574dafc0.jpg?1791562685,Crystal,196,0,NIN
Lolorei Lalarei,3686155,150,0,Omega,Chaos,496,0,da6ff12e4effc4cbacfe1b954f1c3bf5_39e25ac3d737c46452305eefe324372cfc0.jpg?1791564343,Crystal,149,0,MCH
Yin Mei,60684179,151,0,Raiden,Light,495,0,f01b244692f6f854c5f1789e2a131ffc_a370664d98f658f4ed4e620f378f73cdfc0.jpg?1791565329,Crystal,48,0,UNK
Bing Bing,50857849,152,0,Odin,Light,424,0,1a2b77cf04680b9bfe1c19f07f9f1f44_644311b63b607133c989d7c1188467dafc0.jpg?1791561924,Crystal,83,0,MCH
Zecht Bradamant,31785474,153,0,Omega,Chaos,415,0,b0b8438e6682f2931a1a930121d0ab43_39e25ac3d737c46452305eefe324372cfc0.jpg?1791562900,Crystal,103,0,WHM
Yinwea Levai,36476322,154,0,Shiva,Light,412,0,944bf3a8e93fcc8f15f3f521462d11b5_3fbff0e6b620e4d259dc427abc6574dafc0.jpg?1791565293,Crystal,154,0,WHM
Tiggy Rohart,23133091,155,0,Alpha,Light,406,0,aa27360383b1eb0f9b5bd135578bb7bb_6132295fcf5570fb8b0a944ef322a598fc0.jpg?1791565136,Crystal,104,0,PLD
Kaido Joestar,30360817,156,0,Phantom,Chaos,406,0,0b2c2c50e354a9b7aad5f6356e205149_f0a43d6e5eea19af337a176e9836acddfc0.jpg?1791565440,Crystal,30,0,WAR
Frankie Urien,32323176,157,0,Zodiark,Light,405,0,ffae33588fe71f102672b7defdb50a30_c274370774c6bc3483cc8740805f41bcfc0.jpg?1791564885,Crystal,212,0,WHM
Blaine Skyler,37236741,158,0,Louisoix,Chaos,404,0,f892c4691642e8efdead7c502a5d01f0_0a122616f3718d3f45cab10fd8fc1604fc0.jpg?1791562925,Crystal,108,0,WAR
Ul Unhu,9592278,159,0,Phoenix,Light,403,0,d703e404c81140848dbcd200abc4ef7e_5047bc596a4bab2dc7f7c120bb22dec5fc0.jpg?1791562763,Crystal,139,0,MNK
Isca Mog,32212471,160,0,Zodiark,Light,401,0,e47f3ccc4bd8599193929766ab0abd2c_c274370774c6bc3483cc8740805f41bcfc0.jpg?1791564263,Crystal,66,0,RDM
Lawr Hawk,28248881,161,0,Odin,Light,401,0,e241b26df61ea0e201b637a7ae6c4cd4_644311b63b607133c989d7c1188467dafc0.jpg?1791565067,Crystal,63,0,MCH
Firas Xll,61570305,162,0,Alpha,Light,397,0,180935d91342970858d2044d5c23d436_6132295fcf5570fb8b0a944ef322a598fc0.jpg?1791563132,Crystal,75,0,PLD
Rei Dassario,24597443,163,0,Raiden,Light,396,0,a51ce0a687a31ff3b67287e80ea30aed_a370664d98f658f4ed4e620f378f73cdfc0.jpg?1791564257,Crystal,74,0,VPR
Veritan Indaerus,21877909,164,0,Odin,Light,396,0,978a128ddf080c55e3afc742274d0c9f_644311b63b607133c989d7c1188467dafc0.jpg?1791562108,Crystal,55,0,DRG
Smoothie Sour,42056621,165,0,Zodiark,Light,389,0,247388cdfc4db1451cf9df83cce7b3a1_c274370774c6bc3483cc8740805f41bcfc0.jpg?1791564255,Crystal,64,0,UNK
Renna Vorak,25421061,166,0,Raiden,Light,310,0,c2dc94bad32c136ebcdcb42ec56ba1c3_a370664d98f658f4ed4e620f378f73cdfc0.jpg?1791562954,Crystal,75,0,SCH
Victoria Nyala,43751055,167,0,Phoenix,Light,304,0,d41ca298e2f03ee2273aca61640ebce0_5047bc596a4bab2dc7f7c120bb22dec5fc0.jpg?1791562614,Crystal,66,0,MCH
Yoe Lleufyn,28631681,168,0,Phoenix,Light,302,0,9584dd8fac44ba749b0855105a0e29e9_5047bc596a4bab2dc7f7c120bb22dec5fc0.jpg?1791563073,Crystal,159,0,PCT
Lina Sunstar,52075433,169,0,Spriggan,Chaos,301,0,d60c4576e74acfcd0ed77a6ea5d48800_feaf0a2e88ff164813fbc9b85876fa48fc0.jpg?1791564940,Crystal,204,0,WHM
Wimp Lo,37793632,170,0,Zodiark,Light,300,0,45ed053d252c3a44eabe55329426aa37_c274370774c6bc3483cc8740805f41bcfc0.jpg?1791563139,Crystal,150,0,DNC
Kalythas Alagria,37806271,171,0,Shiva,Light,300,0,4403baaa9e80e2bfd259c321ef6e7799_3fbff0e6b620e4d259dc427abc6574dafc0.jpg?1791564117,Crystal,81,0,SGE
Robin Baltemys,5860543,172,0,Odin,Light,300,0,c0b65624201e30005bd9dac89e14696a_644311b63b607133c989d7c1188467dafc0.jpg?1791562464,Crystal,25,0,MCH
Aiva Ibusaki,11039086,173,0,Shiva,Light,299,0,39b96ee63110c8909c27318f222d3695_3fbff0e6b620e4d259dc427abc6574dafc0.jpg?1791564766,Crystal,206,0,RDM
Lu Ni,58272624,174,0,Cerberus,Chaos,299,0,ab167867f3aa425b82e05a081df98df4_777c57311d510ca65dac3c1077dee435fc0.jpg?1791563171,Crystal,79,0,DRK
Medicine Melancholy,25525676,175,0,Raiden,Light,299,0,8a3aaef7e82e665cdb12f15457700593_a370664d98f658f4ed4e620f378f73cdfc0.jpg?1791563165,Crystal,71,0,GSM
Madelynn Veil,49771412,176,0,Omega,Chaos,299,0,92f91d9225bb816c6562fb117814681e_39e25ac3d737c46452305eefe324372cfc0.jpg?1791563941,Crystal,57,0,PCT
Kihn Shirudo,43951482,177,0,Spriggan,Chaos,298,0,2e619166d10daa6082c54563a5af17ff_feaf0a2e88ff164813fbc9b85876fa48fc0.jpg?1791564137,Crystal,118,0,SCH
Miimo Xa'ra,11362808,178,0,Shiva,Light,298,0,ce9814c05102c51abc5834316927fd0c_3fbff0e6b620e4d259dc427abc6574dafc0.jpg?1791564441,Crystal,76,0,PLD
Lunaelumen Heartless,3344766,179,0,Phoenix,Light,298,0,442c49c53db78614043ce10aa9733411_5047bc596a4bab2dc7f7c120bb22dec5fc0.jpg?1791564676,Crystal,48,0,DRK
Luna Everlight,11876492,180,0,Phantom,Chaos,298,0,87daed323422dd94882b0079ba9f6b3d_f0a43d6e5eea19af337a176e9836acddfc0.jpg?1791562918,Crystal,13,0,WAR
Riseon Misha,26343965,181,0,Zodiark,Light,297,0,d883dcfcee6650b3e6e1691bf6838f6c_c274370774c6bc3483cc8740805f41bcfc0.jpg?1791564421,Crystal,147,0,WAR
Ultimo Tower,13765195,182,0,Odin,Light,297,0,f3f293a7802e54bc6d3f5c2ceb6f4902_644311b63b607133c989d7c1188467dafc0.jpg?1791564883,Crystal,117,0,MNK
Dundee Nic'hpisfa,35976824,183,0,Odin,Light,296,0,8eda92b5ce2e258786d149b7cb349e09_644311b63b607133c989d7c1188467dafc0.jpg?1791564811,Crystal,196,0,SGE
Selin Naari,16360751,184,0,Cerberus,Chaos,296,0,fb2c3681e2cb33bdcd7894d5aad0b9ec_777c57311d510ca65dac3c1077dee435fc0.jpg?1791564008,Crystal,34,0,PLD
Hegel Gil,25438753,185,0,Omega,Chaos,295,0,5ed500fc1dd1d9cbbc95000a80326ff7_39e25ac3d737c46452305eefe324372cfc0.jpg?1791565449,Crystal,137,0,PCT
Akurei Amotanius,36595921,186,0,Odin,Light,294,0,ca5d9f24b62995e3bcb5d25cc576fc70_644311b63b607133c989d7c1188467dafc0.jpg?1791565473,Crystal,121,0,MNK
Night Siren,46140840,187,0,Alpha,Light,221,0,5b2c854dc9360523ee7fcd5bfee41621_6132295fcf5570fb8b0a944ef322a598fc0.jpg?1791562163,Crystal,168,0,GNB
Erion Hein,39135014,188,0,Twintania,Light,216,0,ba6bc1e1e70e5f3402d91ecfcf7d01e8_c33f640c0cdd35f7def85b8aa31a0007fc0.jpg?1791564015,Crystal,144,0,SMN
Airi Rhitik,2286171,189,0,Moogle,Chaos,212,0,0e7c747879926e0f575c8444323c478f_d7a9d5f85a29d6278ec1c7adc2c8d242fc0.jpg?1791562018,Crystal,150,0,WHM
Ayrelinia Saelinire,41821402,190,0,Spriggan,Chaos,207,0,8604bb768bf59461e5f44eef46ee9961_feaf0a2e88ff164813fbc9b85876fa48fc0.jpg?1791564267,Crystal,22,0,BLU
Onox Farbane,43799244,191,0,Zodiark,Light,206,0,c322e9dd886e64c0365244e0b587448f_c274370774c6bc3483cc8740805f41bcfc0.jpg?1791563227,Crystal,45,0,WAR
Brutal Killer,8885117,192,0,Raiden,Light,203,0,30c6a6207c7e93d407784888a7f29c97_a370664d98f658f4ed4e620f378f73cdfc0.jpg?1791564117,Crystal,3,0,WAR
Strife Duskblade,34142903,193,0,Omega,Chaos,202,0,e8d7518889e9dd65f6114527334ca66a_39e25ac3d737c46452305eefe324372cfc0.jpg?1791565174,Crystal,82,0,DRK
Gaspard Deguingoix,11032081,194,0,Moogle,Chaos,201,0,b9283e6a6be9cd219ee0afea98546775_d7a9d5f85a29d6278ec1c7adc2c8d242fc0.jpg?1791562467,Crystal,79,0,SGE
Sayuri Maeshima,33888798,195,0,Omega,Chaos,201,0,9543e703e2409901a4e4c51fcd72a0bd_39e25ac3d737c46452305eefe324372cfc0.jpg?1791562160,Crystal,57,0,NIN
Tiranna Reinford,12390793,196,0,Moogle,Chaos,201,0,287223c7dac01617ab03a9e54406de0e_d7a9d5f85a29d6278ec1c7adc2c8d242fc0.jpg?1791564267,Crystal,31,0,SCH
Shanks Haki,20417857,197,0,Louisoix,Chaos,200,0,01683c16881e9dfb6ce45ceb07293b70_0a122616f3718d3f45cab10fd8fc1604fc0.jpg?1791563778,Crystal,116,0,AST
Dessy Moonwalker,30980737,198,0,Zodiark,Light,200,0,e34bce9409ca557af54cb198e3aec31b_c274370774c6bc3483cc8740805f41bcfc0.jpg?1791564894,Crystal,93,0,AST
Asra Alvah,37928023,199,0,Raiden,Light,200,0,262658a82a5c4524098a08e12cb232b2_a370664d98f658f4ed4e620f378f73cdfc0.jpg?1791564334,Crystal,84,0,BLM
Mizu Shimizu,41402391,200,0,Twintania,Light,200,0,b745f1d87ccd905d96d6b6ca49092222_c33f640c0cdd35f7def85b8aa31a0007fc0.jpg?1791563431,Crystal,74,0,UNK
Ash Dreadsaint,16641514,201,0,Alpha,Light,200,0,35babc8a56d97c1de09ffbf594068bd0_6132295fcf5570fb8b0a944ef322a598fc0.jpg?1791564806,Crystal,67,0,SGE
Eve Naeuri,43290162,202,0,Sagittarius,Chaos,200,0,c143c5d5e461ba9e3f51c07a3de23e21_44ca0844398b2d010d8cd4a31ddb023dfc0.jpg?1791562887,Crystal,45,0,WHM
Krek Balflear,48912824,203,0,Sagittarius,Chaos,200,0,3ddedc4fdcf35465d04f99e2b4737a9f_44ca0844398b2d010d8cd4a31ddb023dfc0.jpg?1791564488,Crystal,42,0,BLM
Neppie Nen,38644421,204,0,Phoenix,Light,200,0,6744f6c777bfc017ed7318054ef44f3d_5047bc596a4bab2dc7f7c120bb22dec5fc0.jpg?1791564985,Crystal,31,0,GNB
Mer Lin,50434149,205,0,Spriggan,Chaos,200,0,52a13256ecf71bc72e25a6b211b196c8_feaf0a2e88ff164813fbc9b85876fa48fc0.jpg?1791564568,Crystal,18,0,DRK
Erika Avellana,45153856,206,0,Alpha,Light,199,0,d52954932b2c20e3d303cb8cf101f3eb_6132295fcf5570fb8b0a944ef322a598fc0.jpg?1791564808,Crystal,367,0,DRK
Vic Strider,53817077,207,0,Raiden,Light,199,0,64d68250fabd33e4972dcba2d2638d6c_a370664d98f658f4ed4e620f378f73cdfc0.jpg?1791564199,Crystal,156,0,WAR
Blauer Klappstuhl,26766763,208,0,Twintania,Light,199,0,f76377f6ab535a27f0b0fd1a7ab3b7a0_c33f640c0cdd35f7def85b8aa31a0007fc0.jpg?1791563342,Crystal,68,0,WAR
Tomo Kote,55321667,209,0,Zodiark,Light,199,0,5955a289356783d4701df9a9c192d2b8_c274370774c6bc3483cc8740805f41bcfc0.jpg?1791562511,Crystal,45,0,WAR
Yuumi Fish,25707217,210,0,Cerberus,Chaos,199,0,1a7ebbda26c28eb61f262b9fb37e8c6e_777c57311d510ca65dac3c1077dee435fc0.jpg?1791562374,Crystal,19,0,BLU
Leo Wolfram,55309464,211,0,Twintania,Light,198,0,137bda326a93315b803aa0d477a79942_c33f640c0cdd35f7def85b8aa31a0007fc0.jpg?1791563645,Crystal,66,0,DRK
Guimiko Miko,54285624,212,0,Moogle,Chaos,197,0,610c37aeb64c6149d7c6d5ea93a8114e_d7a9d5f85a29d6278ec1c7adc2c8d242fc0.jpg?1791564658,Crystal,51,0,ALC
Vyn Silvair,21908199,213,0,Shiva,Light,196,0,05a4597e1e8ad1e87cfc4aab88be286c_3fbff0e6b620e4d259dc427abc6574dafc0.jpg?1791565473,Crystal,87,0,RPR
Mats Luxed,36390152,214,0,Twintania,Light,196,0,4d98b4ef01ccfc9df166d83a5771a4ea_c33f640c0cdd35f7def85b8aa31a0007fc0.jpg?1791562276,Crystal,32,0,RDM
Luca Natura,26126798,215,0,Omega,Chaos,196,0,aee9a8f332f96a4c5a45923c0e82782a_39e25ac3d737c46452305eefe324372cfc0.jpg?1791562047,Crystal,24,0,GSM
Wieg Wiggles,35061622,216,0,Lich,Light,192,0,61256a3e6c4f0c3dcc05469f5550d102_7206469080400ed57a5373d0a9c55c59fc0.jpg?1791564595,Crystal,187,0,WAR
Deltimor Offerentis,53216923,217,0,Ragnarok,Chaos,101,0,b1f3b3bcc24281f671ac2ced6960431a_40d57ba713628f3f1ef5ef204b6d76d2fc0.jpg?1791565389,Crystal,292,0,WHM
Ezra Qestir,44134603,218,0,Raiden,Light,101,0,7200800b651be63ad1594ce634d2eb48_a370664d98f658f4ed4e620f378f73cdfc0.jpg?1791564286,Crystal,132,0,SAM
Song Shuhang,60751505,219,0,Louisoix,Chaos,101,0,908d04c341598c3e6095e2af05dfae15_0a122616f3718d3f45cab10fd8fc1604fc0.jpg?1791563742,Crystal,31,0,GNB
Eeva Lightwood,34867115,220,0,Phoenix,Light,100,0,029a994eac70f6897fab7cb241b4204b_5047bc596a4bab2dc7f7c120bb22dec5fc0.jpg?1791564161,Crystal,246,0,WHM
Rem Minase,15335467,221,0,Ragnarok,Chaos,100,0,6f4b9532213e5ed122fcac3e5c3b4cc5_40d57ba713628f3f1ef5ef204b6d76d2fc0.jpg?1791564955,Crystal,215,0,WAR
Freya Highwind,37533969,222,0,Spriggan,Chaos,100,0,de376c51fd21ccbb1018c1c3fb40734b_feaf0a2e88ff164813fbc9b85876fa48fc0.jpg?1791562413,Crystal,204,0,SMN
Sonnas Dedede,37860927,223,0,Twintania,Light,100,0,25b1bad7226a0841ef265c7dc5b0eba9_c33f640c0cdd35f7def85b8aa31a0007fc0.jpg?1791563144,Crystal,202,0,SAM
Laville Burns,44676490,224,0,Alpha,Light,100,0,1999bb362905ab6ad44fa2e8931ef3dc_6132295fcf5570fb8b0a944ef322a598fc0.jpg?1791565449,Crystal,200,0,MNK
Rose Nashi'rah,5586423,225,0,Moogle,Chaos,100,0,eabb33d9d4a68beb623fdbad8de0ccd2_d7a9d5f85a29d6278ec1c7adc2c8d242fc0.jpg?1791563600,Crystal,179,0,WVR
Keraunos Greywolfe,31183458,226,0,Alpha,Light,100,0,3431088cd9f33e5f20e30162c35286fd_6132295fcf5570fb8b0a944ef322a598fc0.jpg?1791562035,Crystal,177,0,DRK
Bagel Egg,18929023,227,0,Omega,Chaos,100,0,f655117235b1c0d199ca39849579a631_39e25ac3d737c46452305eefe324372cfc0.jpg?1791562597,Crystal,173,0,MCH
Staz Hellcat,8016319,228,0,Cerberus,Chaos,100,0,c7e860ceda35e35e41bca47bf02624be_777c57311d510ca65dac3c1077dee435fc0.jpg?1791564330,Crystal,155,0,PLD
Lazyy Kitty,53228784,229,0,Zodiark,Light,100,0,c09b1a0029bc70ebcdbedaad8618bbbc_c274370774c6bc3483cc8740805f41bcfc0.jpg?1791565202,Crystal,148,0,BLM
Lumine Heartseeker,37169102,229,0,Lich,Light,100,0,bef41e353f9709f6c26365adcd129410_7206469080400ed57a5373d0a9c55c59fc0.jpg?1791562711,Crystal,148,0,SMN
Magnus Skorweg,14288959,231,0,Cerberus,Chaos,100,0,36b3ca5cc0c3fa7edd1b5b276f54a6fc_777c57311d510ca65dac3c1077dee435fc0.jpg?1791563311,Crystal,145,0,SMN
Alabaster Arcadia,39618537,232,0,Phoenix,Light,100,0,04f03f1ffd5a39f931966123f856ea6c_5047bc596a4bab2dc7f7c120bb22dec5fc0.jpg?1791561949,Crystal,144,0,BRD
Merily Marlin,52216084,233,0,Louisoix,Chaos,100,0,1b485637d5f1df89d363a45b95cba49c_0a122616f3718d3f45cab10fd8fc1604fc0.jpg?1791563635,Crystal,124,0,WAR
Sir Azmuth,21784845,233,0,Lich,Light,100,0,aaa9e4ee439eaa5d584760975605186f_7206469080400ed57a5373d0a9c55c59fc0.jpg?1791562976,Crystal,124,0,SAM
Altair Nightveil,37899651,235,0,Odin,Light,100,0,66c10a4203ea077f0a752e4bf561ff53_644311b63b607133c989d7c1188467dafc0.jpg?1791564654,Crystal,122,0,WAR
Ai Ka',13500675,236,0,Ragnarok,Chaos,100,0,171f0ab92d0e928acdb718980be9c896_40d57ba713628f3f1ef5ef204b6d76d2fc0.jpg?1791562545,Crystal,115,0,WHM
Wilson D'ball,48646138,237,0,Phantom,Chaos,100,0,c7a54b3f5006e7e5afdef2d9e10421ad_f0a43d6e5eea19af337a176e9836acddfc0.jpg?1791565093,Crystal,113,0,WAR
Indrxon Darkdrake,39417099,238,0,Zodiark,Light,100,0,ad54d57c1df432e3d1125b26e7a70c69_c274370774c6bc3483cc8740805f41bcfc0.jpg?1791564129,Crystal,112,0,FSH
Deme Tayuun,14832348,239,0,Raiden,Light,100,0,ae2fb7b7ac8ad3f92247efdd9fade6e7_a370664d98f658f4ed4e620f378f73cdfc0.jpg?1791563278,Crystal,108,0,DRG
Haadin Maero,25649806,239,0,Cerberus,Chaos,100,0,ab3efb60a6f01134129c732e6e60c255_777c57311d510ca65dac3c1077dee435fc0.jpg?1791565410,Crystal,108,0,RDM
Lilia Sunvale,59323692,241,0,Phoenix,Light,100,0,01173bfd4d3bd682b07d6e9ac6dafd16_5047bc596a4bab2dc7f7c120bb22dec5fc0.jpg?1791564938,Crystal,105,0,BRD
Saku Rozen,1622070,242,0,Odin,Light,100,0,76d32a46909474e4b590ee6476bfabce_644311b63b607133c989d7c1188467dafc0.jpg?1791565204,Crystal,101,0,UNK
Tisha Adori,32551351,242,0,Zodiark,Light,100,0,a1f13f2decf7933275b7ce63051dc06f_c274370774c6bc3483cc8740805f41bcfc0.jpg?1791562037,Crystal,101,0,AST
Aragorn Pendragon,9019127,244,0,Ragnarok,Chaos,100,0,87aef8a41356f31d322683bdf3e6103b_40d57ba713628f3f1ef5ef204b6d76d2fc0.jpg?1791562839,Crystal,100,0,MCH
Hope Carmine,31931991,244,0,Odin,Light,100,0,4d5e5c176cb534aaf44e67236bf6c171_644311b63b607133c989d7c1188467dafc0.jpg?1791561933,Crystal,100,0,PCT
Rain Hoshino,6160241,246,0,Moogle,Chaos,100,0,fc4a751ebc0402023f56f7934007c9ef_d7a9d5f85a29d6278ec1c7adc2c8d242fc0.jpg?1791562528,Crystal,99,0,SAM
Pave Zen,51542459,247,0,Zodiark,Light,100,0,c62f2300698b05a5ff2e27ea4ec74914_c274370774c6bc3483cc8740805f41bcfc0.jpg?1791562041,Crystal,96,0,DNC
Haki Haki,8290724,248,0,Ragnarok,Chaos,100,0,3fc43df6da1c629c59b5cdae63dee7a7_40d57ba713628f3f1ef5ef204b6d76d2fc0.jpg?1791565466,Crystal,94,0,RPR
Ray Croft,29659793,249,0,Shiva,Light,100,0,56ebf33c0c49fd7529d32303d4b7c8d9_3fbff0e6b620e4d259dc427abc6574dafc0.jpg?1791562793,Crystal,89,0,MNK
Glyceri Chosuti,30338174,250,0,Moogle,Chaos,100,0,6d93c9241424e92e6f0351d35d8b6eaa_d7a9d5f85a29d6278ec1c7adc2c8d242fc0.jpg?1791562472,Crystal,88,0,DNC
Ark Kekko,50821807,251,0,Omega,Chaos,100,0,b81b1c241e98f7a5f9b9c81665be1243_39e25ac3d737c46452305eefe324372cfc0.jpg?1791563383,Crystal,86,0,BRD
Vincent God,14069867,252,0,Phoenix,Light,100,0,7d8e17eab1b900c1741204dbf199eb48_5047bc596a4bab2dc7f7c120bb22dec5fc0.jpg?1791562706,Crystal,84,0,ALC
Catlisaie Leveilleur,38928587,253,0,Sagittarius,Chaos,100,0,b49cedcc9313e5b78f3c3e17f3a3b68c_44ca0844398b2d010d8cd4a31ddb023dfc0.jpg?1791562904,Crystal,80,0,WAR
Ahri Astral,27303728,254,0,Ragnarok,Chaos,100,0,8a7c70df6b714ed519111f5eb5430952_40d57ba713628f3f1ef5ef204b6d76d2fc0.jpg?1791564566,Crystal,79,0,CUL
Gun Grave,39069917,255,0,Alpha,Light,100,0,89afa1641c5d0fb3c37ff5b905d4b26a_6132295fcf5570fb8b0a944ef322a598fc0.jpg?1791564402,Crystal,77,0,UNK
Sahamaru Kamijo,13566032,256,0,Lich,Light,100,0,ab5bb27991a2037ddd8e8b0aef304406_7206469080400ed57a5373d0a9c55c59fc0.jpg?1791565065,Crystal,75,0,MCH
Akito Kotomine,14113084,257,0,Cerberus,Chaos,100,0,6535eaee5701ca6c10beffbfc70273c9_777c57311d510ca65dac3c1077dee435fc0.jpg?1791564756,Crystal,70,0,RPR
Nemesis Sol,49622209,258,0,Shiva,Light,100,0,1bcb80e23a56918c49abb6d50ef563af_3fbff0e6b620e4d259dc427abc6574dafc0.jpg?1791564161,Crystal,67,0,AST
Tsuguri Tempest,8093380,259,0,Moogle,Chaos,100,0,673dd69d52b7f7c210bb231091fd1922_d7a9d5f85a29d6278ec1c7adc2c8d242fc0.jpg?1791563149,Crystal,66,0,SAM
Lolarita Rorry,39677497,260,0,Odin,Light,100,0,3c990f7c55a34985fb496735b20a6b10_644311b63b607133c989d7c1188467dafc0.jpg?1791563795,Crystal,65,0,AST
Core Flare,44609138,261,0,Raiden,Light,100,0,4d277108d876101c6b97212a26f6bc97_a370664d98f658f4ed4e620f378f73cdfc0.jpg?1791563731,Crystal,64,0,VPR
Magisa Vale,43527083,262,0,Phoenix,Light,100,0,50d54724458e52e82fcfc6d537b9e001_5047bc596a4bab2dc7f7c120bb22dec5fc0.jpg?1791562426,Crystal,56,0,SGE
Fandrix Shadowsong,36051326,263,0,Louisoix,Chaos,100,0,e8515941184b5c25f2622f1899a0969a_0a122616f3718d3f45cab10fd8fc1604fc0.jpg?1791563000,Crystal,50,0,BLM
Ino Based,41531397,264,0,Alpha,Light,100,0,ae8562754d31616305226909752bc4fd_6132295fcf5570fb8b0a944ef322a598fc0.jpg?1791563211,Crystal,49,0,WAR
Const Mar,17323909,265,0,Phoenix,Light,100,0,9b3b80b05e36ff71934a612327c91867_5047bc596a4bab2dc7f7c120bb22dec5fc0.jpg?1791562121,Crystal,47,0,PLD
Pattinger Kersel,8183392,266,0,Raiden,Light,100,0,4fec5839fc0fc0bba3a80fc4e1910660_a370664d98f658f4ed4e620f378f73cdfc0.jpg?1791563327,Crystal,44,0,MCH
Sarah Swordmoon,15666675,267,0,Ragnarok,Chaos,100,0,f4dc48a690259d750cc95afaff6386b8_40d57ba713628f3f1ef5ef204b6d76d2fc0.jpg?1791563853,Crystal,42,0,BRD
Maya White,9385038,268,0,Twintania,Light,100,0,1ab5adfc5d7d400ad0f8b4d181e6d2f0_c33f640c0cdd35f7def85b8aa31a0007fc0.jpg?1791564931,Crystal,40,0,SAM
Red Fluffy,41965323,269,0,Shiva,Light,100,0,6e4c702e77f55eff42d4c42a07f242db_3fbff0e6b620e4d259dc427abc6574dafc0.jpg?1791563932,Crystal,38,0,GNB
Gwen Farron,10011051,270,0,Ragnarok,Chaos,100,0,3348ff23f3315e0457aa0694f655e953_40d57ba713628f3f1ef5ef204b6d76d2fc0.jpg?1791562402,Crystal,35,0,BLM
Sakurane Zero'yuurai,13075529,271,0,Ragnarok,Chaos,100,0,b65369d4b043831749f5fa45d2428e30_40d57ba713628f3f1ef5ef204b6d76d2fc0.jpg?1791564985,Crystal,31,0,BLM
Gella Zenhat,16553524,272,0,Cerberus,Chaos,100,0,34542c2a2fe5b9a690d00a5565e15c1b_777c57311d510ca65dac3c1077dee435fc0.jpg?1791562572,Crystal,28,0,SCH
Ka La,18103622,272,0,Ragnarok,Chaos,100,0,79cb69a4d9a7535c8ee4e2bbfc9b2a1d_40d57ba713628f3f1ef5ef204b6d76d2fc0.jpg?1791565486,Crystal,28,0,DRG
Mhia Mewrilah,26716262,274,0,Omega,Chaos,100,0,6b70c463b87dca3437d37504f74aad3b_39e25ac3d737c46452305eefe324372cfc0.jpg?1791563051,Crystal,27,0,WHM
Xiex Xie,40733160,275,0,Zodiark,Light,100,0,f253e0943a65dac103a6dfd764a01f52_c274370774c6bc3483cc8740805f41bcfc0.jpg?1791564564,Crystal,25,0,VPR
Ebin Almsivi,35310847,276,0,Shiva,Light,100,0,0c72e527d2d86c2ee8f4698832e880b5_3fbff0e6b620e4d259dc427abc6574dafc0.jpg?1791563529,Crystal,23,0,PLD
Zhinna Maya,8219011,277,0,Odin,Light,100,0,b96bc839d3db0d26e61bf4b24282c925_644311b63b607133c989d7c1188467dafc0.jpg?1791565074,Crystal,15,0,WAR
Autuas Au,37357840,278,0,Phantom,Chaos,100,0,5c8929453beb42fb1a167e93eca11abf_f0a43d6e5eea19af337a176e9836acddfc0.jpg?1791564409,Crystal,13,0,UNK
Skaia Enirim,54107195,279,0,Phantom,Chaos,0,0,6e5d7cb14c89fb82a873ae38f4c26491_f0a43d6e5eea19af337a176e9836acddfc0.jpg?1791563606,Diamond,281,0,AST
Athena Olympe,44680885,280,0,Sagittarius,Chaos,0,0,7e7afe9e9cebc29cee3220c1e0530540_44ca0844398b2d010d8cd4a31ddb023dfc0.jpg?1791562572,Diamond,203,0,WAR
Lo Enha,27971408,281,0,Moogle,Chaos,0,0,5236c7cc585f6b9213e6d33f05e78c61_d7a9d5f85a29d6278ec1c7adc2c8d242fc0.jpg?1791562717,Diamond,148,0,DRG
Sangon Yukihoshi,11533024,282,0,Raiden,Light,0,0,d5814159d4f4b2afaa562891375a7b01_a370664d98f658f4ed4e620f378f73cdfc0.jpg?1791565459,Diamond,133,0,SGE
Lu Mi,47806406,283,0,Raiden,Light,0,0,c8d19bad38e9523a4db779b2bf514973_a370664d98f658f4ed4e620f378f73cdfc0.jpg?1791565246,Diamond,83,0,RDM
Rave Bae,47220633,284,0,Alpha,Light,0,0,e640b0d43fa0078b032cbecc50b4e94c_6132295fcf5570fb8b0a944ef322a598fc0.jpg?1791562422,Diamond,73,0,BRD
Libitina Incarne,53924694,285,0,Phantom,Chaos,0,0,43b10121c131b468c3e5c5fe3569ab0e_f0a43d6e5eea19af337a176e9836acddfc0.jpg?1791563138,Diamond,53,0,WAR
Paper Planes,59055005,286,0,Raiden,Light,0,0,1b7fc8e62eb37ebc10e0b203856e161c_a370664d98f658f4ed4e620f378f73cdfc0.jpg?1791563961,Diamond,21,0,RDM
Naralis A'roihan,35460975,287,0,Odin,Light,0,0,39833ac3dfdbb3ea64ab911763fea294_644311b63b607133c989d7c1188467dafc0.jpg?1791562255,Diamond,328,0,RDM
Tsu Kee,47596814,288,0,Zodiark,Light,0,0,df5063d6db141a1bc921d4623e08a366_c274370774c6bc3483cc8740805f41bcfc0.jpg?1791563161,Diamond,283,0,LNC
Lins Rehw-marouc,14630657,289,0,Odin,Light,0,0,6613def0ffe04fb55813301bfc92a2af_644311b63b607133c989d7c1188467dafc0.jpg?1791564243,Diamond,215,0,MNK
Vesper Lux,39986527,290,0,Phoenix,Light,0,0,3ffa8cf173ca00c6bd21dc61c1a7850f_5047bc596a4bab2dc7f7c120bb22dec5fc0.jpg?1791563157,Diamond,191,0,CUL
Jalsket Pirated,40728416,291,0,Zodiark,Light,0,0,18ffb968d4a5a0c03d5e251516a2c3aa_c274370774c6bc3483cc8740805f41bcfc0.jpg?1791563241,Diamond,133,0,DRK
Uraraka Lunae,19968499,292,0,Louisoix,Chaos,0,0,87178981b631653f4905b195c6c49583_0a122616f3718d3f45cab10fd8fc1604fc0.jpg?1791563241,Diamond,108,0,SAM
Shizuna Kha,34044483,293,0,Sagittarius,Chaos,0,0,6aba21e5b013fb13d6b90ad356453c58_44ca0844398b2d010d8cd4a31ddb023dfc0.jpg?1791562883,Diamond,91,0,BRD
Athena Divinita,29936247,294,0,Raiden,Light,0,0,d3fb26737b874d6c865e1ff9ba20a651_a370664d98f658f4ed4e620f378f73cdfc0.jpg?1791565157,Diamond,75,0,WHM
Alex Bean,24788739,295,0,Zodiark,Light,0,0,6aa5d269d2362413ba9a055f7c8f6704_c274370774c6bc3483cc8740805f41bcfc0.jpg?1791565145,Diamond,60,0,SMN
Rei Morow,28187368,296,0,Raiden,Light,0,0,3f9c2b5b08b9fdb4c7d188d33979cea6_a370664d98f658f4ed4e620f378f73cdfc0.jpg?1791565052,Diamond,57,0,UNK
Kaomi Silver's,31290391,297,0,Phantom,Chaos,0,0,239fcc464702423d7f9ce8c7854a4fc3_f0a43d6e5eea19af337a176e9836acddfc0.jpg?1791564835,Diamond,44,0,WHM
Irmele Elandris,13301011,298,0,Odin,Light,0,0,545d79c172c687ee4ac495ceca89d9dd_644311b63b607133c989d7c1188467dafc0.jpg?1791562571,Diamond,36,0,BLM
Misslove Beauty,44849524,299,0,Lich,Light,0,0,85155be3d7c3c8936c428085496b1e8d_7206469080400ed57a5373d0a9c55c59fc0.jpg?1791562800,Diamond,9,0,UNK
Lavender Yumori,47189865,300,0,Phoenix,Light,0,0,c0a56a85a3c082e0dd3b96359531f30f_5047bc596a4bab2dc7f7c120bb22dec5fc0.jpg?1791564584,Diamond,87,0,DRG
Rein Asshe,17170082,1,0,Ultima,Gaia,5305,0,f9ab83c24ecb748f4dad2b1415364524_9df1b3cb0da35db33c17ef11ddf12adafc0.jpg?1791563217,Ultima,229,0,SCH
Djinn Piston,44999217,2,0,Durandal,Gaia,5144,0,f34e66517ae3b26262c9b4f09835c5a0_806ea5b45071d5cd6bf393e38462ee71fc0.jpg?1791562301,Ultima,391,19,MNK
Yurugi Koyurugi,29769522,3,0,Belias,Meteor,4981,0,ce65dfc48d522a7a126208d94cdc2852_894c4bd0beab2e2beb44b74f4c4bd206fc0.jpg?1791563364,Ultima,159,0,VPR
Yoruki Hiroran,56925172,4,0,Typhon,Elemental,4981,0,68df19c82415e8fed5592345fb9acbd3_32d8c9c7cd5f62d62da2d31b6750a680fc0.jpg?1791562450,Ultima,113,0,PCT
Kite Free,28865954,5,33,Kujata,Elemental,4958,898,b602646591e3d050094503c65590ee4c_72c48f093f2278ac3243962d3eb6a8d7fc0.jpg?1791563379,Ultima,79,12,WAR
Yo Na,52935364,6,5,Fenrir,Gaia,4924,0,2517fd5dbad75617e546949761815db9_d384cf5ad7db803f29799f36ebbc3eadfc0.jpg?1791563498,Ultima,228,2,VPR
Bakeke Bake,40527195,7,6,Asura,Mana,4894,0,2df47416611081755cf9e0cd7c586afa_53f1445a9f28799a32ea55f046319fc3fc0.jpg?1791562616,Ultima,361,0,WAR
Noin Kurial,23981966,8,7,Asura,Mana,4894,0,83830f722858537d3bbdd6afabacaa3d_53f1445a9f28799a32ea55f046319fc3fc0.jpg?1791562498,Ultima,115,7,PLD
Konegai Konegai,3277232,9,8,Masamune,Mana,4839,0,3a445dba3d4d2882c60b55a59669971b_134930215abb8a90ec37d6cc05b05e08fc0.jpg?1791565453,Ultima,529,0,MCH
Makina Belg,23683223,10,9,Belias,Meteor,4686,0,ffed281791b6f91e5a2000e4917cfeeb_894c4bd0beab2e2beb44b74f4c4bd206fc0.jpg?1791562497,Ultima,312,0,NIN
Vivi Ann,4766157,11,10,Kujata,Elemental,4641,0,9543e197b2faf03aa21058f9deedc408_72c48f093f2278ac3243962d3eb6a8d7fc0.jpg?1791565349,Ultima,355,0,MCH
Rya Myosotisy,44244496,12,11,Asura,Mana,4599,0,d39af5863481d80b66f4fe05bf80d003_53f1445a9f28799a32ea55f046319fc3fc0.jpg?1791565296,Ultima,310,0,MNK
Silver Moonlight,47866219,13,15,Asura,Mana,4584,100,b17029022f297ae3f12ecf14c53a6acb_53f1445a9f28799a32ea55f046319fc3fc0.jpg?1791563624,Ultima,103,2,UNK
Robs Wiz,47501636,14,12,Aegis,Elemental,4583,0,24b0e4e155ae76da2a553003980ac156_3ea38e723c590aabf186367e1eb7e6a1fc0.jpg?1791563082,Ultima,646,5,DRG
Paker Zuka,35106373,15,13,Bahamut,Gaia,4566,0,1dfba22310e23cd21bd3a7481bf928e1_86da943caa70c8694707ab2ff74e68c9fc0.jpg?1791563091,Ultima,163,0,UNK
Ciel Cocco,27192023,16,14,Anima,Mana,4534,0,05df3829299dc9e3c4ba0bceb512525a_2f698530a28d671d20278c8518c804c9fc0.jpg?1791564574,Ultima,406,0,WHM
Okome Justice,58734775,17,16,Durandal,Gaia,4467,0,3589d26a22faffebd4c39812822aab8a_806ea5b45071d5cd6bf393e38462ee71fc0.jpg?1791563163,Ultima,165,0,NIN
Envy Lua,43034484,18,17,Valefor,Meteor,4342,0,e7cd2d55788c0aa6cbc5b71284096360_485f4777c38002871591fb54f27edc65fc0.jpg?1791565430,Ultima,299,0,MCH
Karma Strife,3816037,19,18,Chocobo,Mana,4307,0,7a25293b17ff84c0c64a519d1fc09720_781d6b3603312f6be41670afa37282e0fc0.jpg?1791562905,Ultima,293,9,MCH
Morumi Rumi,5819525,20,19,Fenrir,Gaia,4266,0,819c0240b9b23eef1ed8fc2d0f39d94f_d384cf5ad7db803f29799f36ebbc3eadfc0.jpg?1791564225,Ultima,169,0,UNK
Hollow Crown,59144034,21,20,Chocobo,Mana,4216,0,b91b6512544e8803d649622f67e53eab_781d6b3603312f6be41670afa37282e0fc0.jpg?1791562055,Ultima,236,0,AST
Ichigo Jasmine,57027122,22,21,Shinryu,Meteor,4209,0,17fae3561e1e77d262d93652dbd0bdc4_87b7d447f40b06dfc7228caf195f7dcffc0.jpg?1791562607,Ultima,143,1,PCT
Jay Eins,3930926,23,22,Chocobo,Mana,4195,0,31d212c5602873cad51c02ca3a1707f4_781d6b3603312f6be41670afa37282e0fc0.jpg?1791563708,Ultima,135,0,SGE
White Kagerou,3332749,24,23,Ifrit,Gaia,4188,0,c0a3e2364034ff7401f13d1a617d906e_f9f796348bc43067c7242ec4551cde69fc0.jpg?1791563988,Ultima,313,0,AST
Pitty What,32924935,25,24,Durandal,Gaia,4165,0,1ca1a6b980542985bc7d7cf818520e1f_806ea5b45071d5cd6bf393e38462ee71fc0.jpg?1791563085,Ultima,223,1,WAR
Tina Rilu,19729040,26,25,Garuda,Elemental,4132,0,d2789c8cf5b13d90860d1cf75ac8f3e4_fcb1f5b0249d1069e5bdc66d0796f26afc0.jpg?1791562933,Ultima,132,0,UNK
Tsuchi Tsuki,39089046,27,26,Bahamut,Gaia,4128,0,032858264c706c6341f57dbef9e86da1_86da943caa70c8694707ab2ff74e68c9fc0.jpg?1791565054,Ultima,174,4,DRK
Lancer Yan,18545180,28,27,Fenrir,Gaia,4122,0,b5d95c2f29f83c258c8ed96425acd32b_d384cf5ad7db803f29799f36ebbc3eadfc0.jpg?1791564715,Ultima,145,0,NIN
Minisuta Blood,24769179,29,28,Atomos,Elemental,4110,0,851ddd354ea9b3a8e623078a0f4d8a05_cf768a751b1f5e355c2fd39a9ed91f3ffc0.jpg?1791564968,Ultima,96,0,NIN
Sensei Jyutusi,20995129,30,29,Chocobo,Mana,4090,0,218ddf1e9e095da9f0b9d5866f9f2d80_781d6b3603312f6be41670afa37282e0fc0.jpg?1791564389,Ultima,163,0,SMN
Kim Shin,2354630,31,30,Masamune,Mana,4076,0,9d6bba308f1c44ad24883a9717b4d480_134930215abb8a90ec37d6cc05b05e08fc0.jpg?1791562439,Ultima,89,0,WAR
Mochi Dooooon,51161467,32,31,Hades,Mana,4062,0,fe8f2f3f207480dac3f25ca746d11cf4_a4730651230dd43cb129562a30d531aefc0.jpg?1791563105,Ultima,117,0,SGE
Rex Cold,46340519,33,32,Bahamut,Gaia,4060,0,5a590acfa6bbe6cddd1eb5143c7070f2_86da943caa70c8694707ab2ff74e68c9fc0.jpg?1791562230,Ultima,391,0,UNK
Ren Chamx,43411675,34,89,Chocobo,Mana,4052,696,d14faf3557b40f62c1fd8e9103ff0ca1_781d6b3603312f6be41670afa37282e0fc0.jpg?1791564626,Ultima,333,12,GNB
Furanzeska Sumeragi,8414050,35,34,Tonberry,Elemental,4052,0,7300d72d23103eb5494b3e21bf99b3b6_7bb6b1e488f0e4f01c5314d010b60f31fc0.jpg?1791562859,Ultima,288,0,MCH
Happo Hapo,59173770,36,35,Pandaemonium,Mana,4052,0,8d06d5697fa5f35516e08e77ecb4eff8_470db1bf2e865f9130531fea40b61ee4fc0.jpg?1791564241,Ultima,125,0,VPR
Yggdra Ashland,54877212,37,36,Tonberry,Elemental,4045,0,816b46afe7a43cca1a29679630895589_7bb6b1e488f0e4f01c5314d010b60f31fc0.jpg?1791562469,Ultima,106,0,BRD
Sorin Maki,53900927,38,37,Durandal,Gaia,4044,0,b0d4570e39585eb6b5ba7458ff8781a7_806ea5b45071d5cd6bf393e38462ee71fc0.jpg?1791562347,Ultima,171,0,RPR
Wuruwuru Yaya,19903532,39,38,Asura,Mana,4042,0,c4dcc6326814217e41a2636e5dd8eea3_53f1445a9f28799a32ea55f046319fc3fc0.jpg?1791564199,Ultima,474,0,NIN
Mame Poporu,22836070,40,39,Ixion,Mana,4022,0,a886d90317b0e4205db7046757e57e53_7126768d768f6c6c7fed3eaee98c3a8afc0.jpg?1791564119,Ultima,134,0,PLD
Ml Tei,47822875,41,40,Alexander,Gaia,4019,0,259bd72e639c252e3e6ab819661c07a6_b7a71d8799cf6dd75b711a7f52de6675fc0.jpg?1791563931,Ultima,117,0,VPR
Yuu Utsu,26831533,42,41,Garuda,Elemental,4019,0,aed9bb13f4dad6a80690e4d58ee69af3_fcb1f5b0249d1069e5bdc66d0796f26afc0.jpg?1791565119,Ultima,108,0,BLM
Azuma Seren,26759645,43,42,Pandaemonium,Mana,4018,0,a4c01bac3729f4096c6bba2011b6431e_470db1bf2e865f9130531fea40b61ee4fc0.jpg?1791563325,Ultima,162,0,SAM
Ame Ame,53697484,44,43,Titan,Mana,4016,0,93d3d9e0c4003776bb652473d623797e_e2bb3f9679fec6d4836fcf8abcc3eeacfc0.jpg?1791564456,Ultima,303,0,UNK
Emil Sarasun,7191072,45,44,Asura,Mana,4002,0,052a2527c0dee23533f8162c40d66898_53f1445a9f28799a32ea55f046319fc3fc0.jpg?1791564585,Ultima,165,0,WAR
Hatozo Ito,39455624,46,45,Typhon,Elemental,3999,0,a2de1cbebb1230e8f11f0fa765df7d0f_32d8c9c7cd5f62d62da2d31b6750a680fc0.jpg?1791563893,Omega,351,0,RDM
Merry Scrald,11886780,47,46,Belias,Meteor,3945,0,7bfbd82582fd003bc514339935d874a7_894c4bd0beab2e2beb44b74f4c4bd206fc0.jpg?1791562942,Omega,142,0,WAR
Mialulu Sabotage,33714151,48,47,Tiamat,Gaia,3944,0,ed107570ce5fd9ee695034c45ef4d395_9f10d335198e90990f3437c5733468e7fc0.jpg?1791563078,Omega,178,0,MCH
Lucifl Eorzea,2529903,49,48,Bahamut,Gaia,3933,0,5231f49a48c20dacf67cf900c7729ee4_86da943caa70c8694707ab2ff74e68c9fc0.jpg?1791562356,Omega,252,6,NIN
K' R',8489348,50,49,Chocobo,Mana,3873,0,38834b79bf39846f80b605b4a592c2eb_781d6b3603312f6be41670afa37282e0fc0.jpg?1791563552,Omega,379,12,AST
Tamago Crab,1576417,51,50,Chocobo,Mana,3847,0,0bce11216fe6e4e1cecfe7c969a1460f_781d6b3603312f6be41670afa37282e0fc0.jpg?1791563366,Omega,377,7,SMN
Aizen Sosuke,46625154,52,51,Asura,Mana,3844,0,084fe9c7ee753ba32657d9e49b4edde5_53f1445a9f28799a32ea55f046319fc3fc0.jpg?1791563852,Omega,281,0,UNK
Seraki Matsushima,43566777,53,52,Ixion,Mana,3836,0,1e4675de3ee8e4d8e053dede59297104_7126768d768f6c6c7fed3eaee98c3a8afc0.jpg?1791562367,Omega,124,0,PLD
Imlink Rr,46726473,54,53,Bahamut,Gaia,3829,0,6c9ffcd32b7d78e8b7e09c63d130ef2a_86da943caa70c8694707ab2ff74e68c9fc0.jpg?1791562110,Omega,572,0,MCH
Khelby Trickster,1496735,55,54,Gungnir,Elemental,3826,0,fde8b59fda65550661c58e15a9026a06_8f82f937943b6baf4c565020d5eba0ccfc0.jpg?1791563353,Omega,348,0,DRK
Ayazaki Sumire,26164844,56,55,Asura,Mana,3816,0,2fadd95176d086496eb44ad34740c02e_53f1445a9f28799a32ea55f046319fc3fc0.jpg?1791562781,Omega,274,17,WAR
Peng In,60228501,57,56,Bahamut,Gaia,3813,0,871397d65bde709b44c83fca4e18a1b3_86da943caa70c8694707ab2ff74e68c9fc0.jpg?1791563646,Omega,305,0,SMN
Yo Mono,29638044,58,57,Mandragora,Meteor,3784,0,f5b980a3f8621a5100e92963a63030bb_ee738654add55c3d07ea92d8e108074cfc0.jpg?1791564696,Omega,408,0,PLD
Ritsu Nikuno,23932877,59,58,Alexander,Gaia,3779,0,5ce857706fb6e7f76dd30d1ef38e16f7_b7a71d8799cf6dd75b711a7f52de6675fc0.jpg?1791565443,Omega,189,0,DRG
Hyunsik Lee,59757026,60,59,Typhon,Elemental,3778,0,d171f47402375bca99a35c72ebcb7e48_32d8c9c7cd5f62d62da2d31b6750a680fc0.jpg?1791564635,Omega,270,0,DNC
Gelgel Llin,36131481,61,60,Ridill,Gaia,3774,0,2a90eea47454447b3ae0d4df4fbfdc5e_138751880f18161a907d7cf0faa43f07fc0.jpg?1791563204,Omega,259,1,VPR
Nicku Nicku,18939474,62,61,Tonberry,Elemental,3773,0,c713d7a775bba8adf5d47b2630f63674_7bb6b1e488f0e4f01c5314d010b60f31fc0.jpg?1791562613,Omega,92,0,UNK
Kageto Magatsuki,36052369,63,62,Ultima,Gaia,3732,0,c99eebd98f0729313042324985a6fc9a_9df1b3cb0da35db33c17ef11ddf12adafc0.jpg?1791563204,Omega,212,3,DRK
Kana Drouv,37418772,64,63,Mandragora,Meteor,3731,0,556bea70c6c70acf776be4041d191d92_ee738654add55c3d07ea92d8e108074cfc0.jpg?1791564013,Omega,106,0,MCH
Ciao' Chu-ru,46227731,65,64,Asura,Mana,3725,0,4407462a62eb8cb31cec691e9f214c86_53f1445a9f28799a32ea55f046319fc3fc0.jpg?1791562669,Omega,135,10,UNK
Tomomomo Momomo,25830708,66,65,Ramuh,Meteor,3718,0,d1b6359fffbcc60e8bddc1120dc05d55_410ddb5a66a2fcacf538bec5ea5d0291fc0.jpg?1791563790,Omega,143,0,SCH
Shien Tia,43209576,67,66,Ixion,Mana,3595,0,bd7a6b413b4e6770e7c2860d540ae37a_7126768d768f6c6c7fed3eaee98c3a8afc0.jpg?1791562292,Omega,134,1,RDM
Chacha Ice,34287722,68,67,Pandaemonium,Mana,3585,0,0fa038dd2a9454d3c7a341a0cdbd0b41_470db1bf2e865f9130531fea40b61ee4fc0.jpg?1791562745,Omega,131,0,MNK
Laviera Rose,60788095,69,68,Masamune,Mana,3585,0,137281dbfd05a8698e1b5b46cb1d6d03_134930215abb8a90ec37d6cc05b05e08fc0.jpg?1791563357,Omega,104,2,PLD
Mozambique Here,27514804,70,69,Masamune,Mana,3584,0,279d13db60cdd9d339d0c85385d703d5_134930215abb8a90ec37d6cc05b05e08fc0.jpg?1791563109,Omega,124,4,DRG
Lazulim Langheim,1644495,71,70,Ultima,Gaia,3576,0,997660bb7160cf32fb6806926222d151_9df1b3cb0da35db33c17ef11ddf12adafc0.jpg?1791563961,Omega,150,0,NIN
Fuuga Reinfeldt,29495648,72,71,Unicorn,Meteor,3571,0,4441cdfb6f60085397a6647656e86646_393eb74047bb90c8d80dea54218430eefc0.jpg?1791563109,Omega,246,6,WAR
Scarlet Liora,50450849,73,72,Ridill,Gaia,3565,0,823b2552238fefce05d1a2e39630911f_138751880f18161a907d7cf0faa43f07fc0.jpg?1791562459,Omega,121,5,SAM
Sead Slendisch,27788989,74,73,Asura,Mana,3561,0,c9bd1276c77cf644ce955ce68575aa37_53f1445a9f28799a32ea55f046319fc3fc0.jpg?1791562498,Omega,467,1,SGE
Pallas Athene,2406168,75,74,Shinryu,Meteor,3561,5,53bb581fc41367c292fd90f3c8eafe9f_87b7d447f40b06dfc7228caf195f7dcffc0.jpg?1791565055,Omega,77,3,AST
Shining Star,60899272,76,75,Typhon,Elemental,3530,0,691eeafc0853bd2b215c57b64edd3a71_32d8c9c7cd5f62d62da2d31b6750a680fc0.jpg?1791563338,Omega,711,18,PLD
Snow Albarn,25263326,77,76,Fenrir,Gaia,3526,0,fa179c06d46acce251bb94d22a05e931_d384cf5ad7db803f29799f36ebbc3eadfc0.jpg?1791563077,Omega,321,9,MNK
Tam Sin,26754914,78,77,Ultima,Gaia,3522,0,4e875947aa4b95d1be857096f32d4ae8_9df1b3cb0da35db33c17ef11ddf12adafc0.jpg?1791563597,Omega,163,0,SAM
Walter Winston,3431710,79,78,Fenrir,Gaia,3492,0,bee8390354426d2c1d42d687a0de29d5_d384cf5ad7db803f29799f36ebbc3eadfc0.jpg?1791562433,Omega,230,2,WAR
Zsika Mu',18898369,80,79,Ridill,Gaia,3490,0,ed7f8569bf4537dfd9f2ea953ad59e8a_138751880f18161a907d7cf0faa43f07fc0.jpg?1791563409,Omega,116,0,UNK
Kappi Scarlet,11922639,81,80,Asura,Mana,3486,0,820f32c739a02029fdacf6c96cbf1fa4_53f1445a9f28799a32ea55f046319fc3fc0.jpg?1791562476,Omega,491,12,RPR
Hikaru Amanogawa,22328800,82,91,Unicorn,Meteor,3484,199,10c9a25326afee4317a56637bf59a2dc_393eb74047bb90c8d80dea54218430eefc0.jpg?1791561998,Omega,57,5,UNK
Yan Yan,3182501,83,81,Alexander,Gaia,3476,0,5cd079575de2bd01f87a188c93738695_b7a71d8799cf6dd75b711a7f52de6675fc0.jpg?1791563628,Omega,218,0,NIN
Tsuki Umi,11484,84,82,Aegis,Elemental,3475,0,3aaaae6cddd9873011bc36ef76a0b349_3ea38e723c590aabf186367e1eb7e6a1fc0.jpg?1791565359,Omega,71,0,UNK
Aman Kaharmine,37434311,85,83,Belias,Meteor,3457,0,7fa9aa672753e286a5710cf338755727_894c4bd0beab2e2beb44b74f4c4bd206fc0.jpg?1791563239,Omega,741,12,UNK
Jack O'brian,12218514,86,84,Valefor,Meteor,3433,0,c75b51feaef2edd8ae7e838fdfef63ae_485f4777c38002871591fb54f27edc65fc0.jpg?1791563493,Omega,252,0,MNK
Lain Wired,1578110,87,85,Chocobo,Mana,3428,0,51b29015827612eb3c28c2c8dd0f43ef_781d6b3603312f6be41670afa37282e0fc0.jpg?1791562153,Omega,377,4,PCT
Black' Cat,27132360,88,86,Ifrit,Gaia,3422,0,25f0dd65be1cf71e9e26e0bcc0dc271f_f9f796348bc43067c7242ec4551cde69fc0.jpg?1791563238,Omega,412,8,DRG
Piggy Walk,49739992,89,87,Alexander,Gaia,3385,0,3e967d228a864beca527f7f9e1561cb0_b7a71d8799cf6dd75b711a7f52de6675fc0.jpg?1791561944,Omega,141,0,NIN
Yumichin Nekoangel,11505114,90,88,Chocobo,Mana,3368,0,43e39ba4314b9f81eb1067f163d33ed5_781d6b3603312f6be41670afa37282e0fc0.jpg?1791563278,Omega,159,0,RPR
Taru Taro,25668590,91,90,Tiamat,Gaia,3288,0,b541a0a2f56c87b841eddbd08ea324d6_9f10d335198e90990f3437c5733468e7fc0.jpg?1791562365,Omega,130,0,PLD
Tige Noir,13429005,92,100,Ridill,Gaia,3286,97,92cf71f8edc971b0656a49db62280b09_138751880f18161a907d7cf0faa43f07fc0.jpg?1791564143,Omega,401,8,DNC
Atsu Bow,47953241,93,92,Mandragora,Meteor,3265,0,a397b9893231105b4549ed9a8721c60a_ee738654add55c3d07ea92d8e108074cfc0.jpg?1791564487,Omega,352,0,DRG
Anti-positional Moves,62492378,94,133,Typhon,Elemental,3246,296,46c2f4597af370d74e0aa69e85d5465d_32d8c9c7cd5f62d62da2d31b6750a680fc0.jpg?1791563341,Omega,182,3,GNB
Fukino- Tou,41897292,95,93,Atomos,Elemental,3240,0,00e4fa0363ae4aa7ef50ce8aa15dbd81_cf768a751b1f5e355c2fd39a9ed91f3ffc0.jpg?1791563888,Omega,344,0,MCH
Riria White,5417527,96,94,Tiamat,Gaia,3233,0,bc1c8819910c6bde035d9027e6f60183_9f10d335198e90990f3437c5733468e7fc0.jpg?1791563652,Omega,197,0,UNK
Surt Albert,36791487,97,95,Carbuncle,Elemental,3220,0,8a235875533c6a7a42c502326fca8981_9eb3c19866f7ae0eeeffac7bf770aba5fc0.jpg?1791563228,Omega,143,0,SGE
Deisia Touna,31397456,98,96,Mandragora,Meteor,3209,0,f9bdcbbd105a361017ee7dd26bde2ea6_ee738654add55c3d07ea92d8e108074cfc0.jpg?1791563191,Omega,320,0,SCH
Aries San,12460047,99,114,Tiamat,Gaia,3206,99,00a39e6a3c0cb6e9529ffdf15a10dadb_9f10d335198e90990f3437c5733468e7fc0.jpg?1791563237,Omega,176,6,DRK
Lil Latte,55025559,100,97,Anima,Mana,3205,0,2d01c7e9c74b9faebdd6d9ece7c9eb4a_2f698530a28d671d20278c8518c804c9fc0.jpg?1791562061,Omega,414,17,UNK
Kaede Felis,33728274,101,117,Typhon,Elemental,3202,114,40686a32bf2ab631ff7e7677fc614cb3_32d8c9c7cd5f62d62da2d31b6750a680fc0.jpg?1791562478,Omega,170,2,UNK
Lenias Nia,30635992,102,98,Masamune,Mana,3202,0,72f0d71a08956e402910a0df36e536eb_134930215abb8a90ec37d6cc05b05e08fc0.jpg?1791561986,Omega,143,5,SGE
God Moai,4474924,103,99,Atomos,Elemental,3198,0,05f6a7a1f7ee2f6b156d711777e8411f_cf768a751b1f5e355c2fd39a9ed91f3ffc0.jpg?1791562496,Omega,116,4,BRD
Fania Eckert,2837251,104,101,Titan,Mana,3179,0,7177d6fdd5036eebc72834f8376cd1cf_e2bb3f9679fec6d4836fcf8abcc3eeacfc0.jpg?1791562771,Omega,478,20,MCH
Ajika Rajika,6811285,105,102,Tiamat,Gaia,3177,0,97621d00c96124d00a3c01cec2dde5f8_9f10d335198e90990f3437c5733468e7fc0.jpg?1791562706,Omega,145,0,UNK
Sura Imo,25164389,106,103,Shinryu,Meteor,3171,0,d2cd07ab0f766e9dd870046dcc7fae97_87b7d447f40b06dfc7228caf195f7dcffc0.jpg?1791562397,Omega,89,0,NIN
Shamia Lafihna,19352479,107,104,Hades,Mana,3163,0,d0039c35e86ce2926331c5c708ef39f6_a4730651230dd43cb129562a30d531aefc0.jpg?1791564366,Omega,169,0,VPR
Gogant Gogant,24052697,108,105,Atomos,Elemental,3160,0,9b2637d94cc0b341ddad961722026fdf_cf768a751b1f5e355c2fd39a9ed91f3ffc0.jpg?1791563436,Omega,223,0,VPR
Aruku Babyun,7383311,109,106,Unicorn,Meteor,3159,0,c2fa4e98c1f4638d053218fa4c127b4c_393eb74047bb90c8d80dea54218430eefc0.jpg?1791563076,Omega,331,0,DRK
Syake Dog-nyan,1616788,110,107,Bahamut,Gaia,3155,0,39b434160e1c215835c854cb7a564018_86da943caa70c8694707ab2ff74e68c9fc0.jpg?1791563729,Omega,151,1,SCH
Desire Drive,5396012,111,108,Yojimbo,Meteor,3144,0,4f60f8a5453f05522e828234043a6edb_4a92c619bde4f34cfa77e05fef21ad85fc0.jpg?1791563237,Omega,105,18,SCH
Zitnn Alexand,10097624,112,109,Belias,Meteor,3142,0,9ba803d5e4d6d11746adc55721fd0c6e_894c4bd0beab2e2beb44b74f4c4bd206fc0.jpg?1791563470,Omega,164,0,PLD
Xignas Schwalbe,2577287,113,110,Anima,Mana,3140,0,726f737868161a35f25fb4e06bccf08e_2f698530a28d671d20278c8518c804c9fc0.jpg?1791562619,Omega,199,0,VPR
Ares Otto,43282642,114,111,Titan,Mana,3129,0,160478d21a77e441a6840ba10573538c_e2bb3f9679fec6d4836fcf8abcc3eeacfc0.jpg?1791563411,Omega,315,12,BLM
Tarex Youva,26374295,115,112,Tonberry,Elemental,3127,0,7dad78de32b2e7e31077d03f095a81ac_7bb6b1e488f0e4f01c5314d010b60f31fc0.jpg?1791564055,Omega,298,0,BLM
Coffee Mint,29415966,116,113,Titan,Mana,3120,0,e5a147803c62c81952bc0c786dcfc3cb_e2bb3f9679fec6d4836fcf8abcc3eeacfc0.jpg?1791562906,Omega,1168,0,SAM
Piccolo Saaaaann,23336998,117,124,Asura,Mana,3120,97,efa27fc6ea5fa0a09f429159c3346a0f_53f1445a9f28799a32ea55f046319fc3fc0.jpg?1791563245,Omega,754,16,VPR
World Travel,26227053,118,115,Asura,Mana,3101,0,8c5accf240d0634c0fb1fde191afedb7_53f1445a9f28799a32ea55f046319fc3fc0.jpg?1791564806,Omega,67,0,DRG
Bronze Warrior,33944385,119,141,Alexander,Gaia,3096,195,3a8559d847a626b7d8a2760ec13a73b5_b7a71d8799cf6dd75b711a7f52de6675fc0.jpg?1791565359,Omega,185,6,WAR
Nalulu Nal,43498135,120,116,Mandragora,Meteor,3092,0,16ff7f7686ef98ad33fcc0cd3d3eee51_ee738654add55c3d07ea92d8e108074cfc0.jpg?1791562388,Omega,335,4,UNK
Nocturne Midnightblue,55368101,121,118,Asura,Mana,3082,0,e9f7726a264875c782e0384932dbf161_53f1445a9f28799a32ea55f046319fc3fc0.jpg?1791564354,Omega,275,4,SMN
Wonton Starlight,27496660,122,119,Chocobo,Mana,3077,0,8d6c3f0a6f695cdc94b9234b6c28be22_781d6b3603312f6be41670afa37282e0fc0.jpg?1791563915,Omega,275,0,RPR
Ya Yu,34288352,123,120,Asura,Mana,3069,0,8ee4d542c051faaa0d111ca68c5e777b_53f1445a9f28799a32ea55f046319fc3fc0.jpg?1791563109,Omega,348,0,SMN
Elisa Wolframite,18964939,124,121,Hades,Mana,3063,0,5582934bb6b94d50874d7d241225aa74_a4730651230dd43cb129562a30d531aefc0.jpg?1791562131,Omega,246,0,BRD
Soujirou Seta,4110224,125,122,Tonberry,Elemental,3047,0,7453a7542d76520abe9dd8dcc3572b78_7bb6b1e488f0e4f01c5314d010b60f31fc0.jpg?1791562233,Omega,270,0,RDM
Regret Weise,15486920,126,123,Fenrir,Gaia,3033,0,13172be4a1ad05d87f2b3a6e43f14d31_d384cf5ad7db803f29799f36ebbc3eadfc0.jpg?1791563522,Omega,193,0,DRK
Syaharu Rau,42277277,127,125,Ultima,Gaia,3019,0,2fc2311e22f50bf5f2604260eee05be9_9df1b3cb0da35db33c17ef11ddf12adafc0.jpg?1791562907,Omega,323,0,DRG
Lupinus Lily,33777966,128,126,Ultima,Gaia,3017,0,6f019b443ab48375b1bcc5e5aa0debf9_9df1b3cb0da35db33c17ef11ddf12adafc0.jpg?1791565397,Omega,164,0,UNK
Inx Chrono,21920611,129,127,Yojimbo,Meteor,3015,0,83c01df24231dda93176c28e69768459_4a92c619bde4f34cfa77e05fef21ad85fc0.jpg?1791562005,Omega,559,0,SAM
Elosie Ue,46030616,130,128,Bahamut,Gaia,3012,0,cdd278ec7274c3a04f790d4954079c53_86da943caa70c8694707ab2ff74e68c9fc0.jpg?1791564781,Omega,200,0,SCH
Chloe Zoe,26000228,131,129,Yojimbo,Meteor,2983,0,e4a2f7e7168d13e80a63fcb6a7b92b57_4a92c619bde4f34cfa77e05fef21ad85fc0.jpg?1791563489,Omega,201,10,WAR
Dome Violet,45179152,132,137,Masamune,Mana,2979,61,a95c15ebd393e5497d6641d375ec02b1_134930215abb8a90ec37d6cc05b05e08fc0.jpg?1791562623,Omega,307,9,BRD
Hal Moonvine,6544837,133,220,Yojimbo,Meteor,2979,497,0b051eda0b20b820aec68545891c2ce7_4a92c619bde4f34cfa77e05fef21ad85fc0.jpg?1791564691,Omega,43,5,UNK
Yuki Yui,25457703,134,130,Ultima,Gaia,2978,0,53e27d2153b5d4878ef23b1326589ff5_9df1b3cb0da35db33c17ef11ddf12adafc0.jpg?1791563517,Omega,294,1,UNK
Iris Yamao,31576726,135,165,Shinryu,Meteor,2970,198,64c44722ec2c6ff7cfb9ab2e5554b730_87b7d447f40b06dfc7228caf195f7dcffc0.jpg?1791562013,Omega,81,4,DRK
Kurage Sorairo,27331838,136,131,Yojimbo,Meteor,2961,0,4da02ac9fa36714f3fbcc94a9e645756_4a92c619bde4f34cfa77e05fef21ad85fc0.jpg?1791562371,Omega,193,0,RDM
Ravena Veyne,62404830,137,132,Ultima,Gaia,2955,0,fbbf4c33beec891f7983973fc0f0c791_9df1b3cb0da35db33c17ef11ddf12adafc0.jpg?1791563335,Omega,123,0,PCT
Sukoya Mihirogi,42042279,138,134,Anima,Mana,2940,0,58dacb01c0c75e38125f892840beb026_2f698530a28d671d20278c8518c804c9fc0.jpg?1791562568,Omega,203,4,WAR
Rip Rill,726210,139,135,Gungnir,Elemental,2939,0,1ed2cf8fd8dc78c1ec061d9bb9c45462_8f82f937943b6baf4c565020d5eba0ccfc0.jpg?1791563524,Omega,462,6,WHM
Shiman Chu,38475144,140,136,Yojimbo,Meteor,2921,0,4cb93a24c937da83418345140d361e9b_4a92c619bde4f34cfa77e05fef21ad85fc0.jpg?1791561904,Omega,422,3,SAM
Lucy Tave,5530448,141,138,Durandal,Gaia,2913,0,fd7ea485d2ba7644c76c49d7b00fce24_806ea5b45071d5cd6bf393e38462ee71fc0.jpg?1791564637,Omega,1267,5,WAR
Erik Bural,20508529,142,139,Hades,Mana,2907,0,2ca5bed0ca0e49f68c7ca14062e0bacc_a4730651230dd43cb129562a30d531aefc0.jpg?1791563574,Omega,643,6,SMN
Endless Summer,36558820,143,140,Tiamat,Gaia,2905,0,0079a66433e68b1f473c7487944a4d3d_9f10d335198e90990f3437c5733468e7fc0.jpg?1791562917,Omega,257,0,WHM
Stardust Emilia,25988007,144,142,Hades,Mana,2895,0,b805b54635a07b2d9710df33b9a946aa_a4730651230dd43cb129562a30d531aefc0.jpg?1791562570,Omega,186,0,UNK
Pero Noir,27109057,145,143,Ultima,Gaia,2883,0,889b0b13f93f702d3df91ec97e272102_9df1b3cb0da35db33c17ef11ddf12adafc0.jpg?1791563192,Omega,178,2,DRK
Neneco Neko,60257588,146,144,Ultima,Gaia,2881,0,d410b53bdce1036d1d4331de5dd4f44e_9df1b3cb0da35db33c17ef11ddf12adafc0.jpg?1791563386,Omega,105,0,GSM
Lukos Vulpes,47911699,147,145,Tonberry,Elemental,2871,0,73775fb852b03d1976eaab2425fb9a4c_7bb6b1e488f0e4f01c5314d010b60f31fc0.jpg?1791563194,Omega,95,0,SMN
Momikucha Ocojo,51451812,148,146,Ixion,Mana,2869,0,52ebf8cad8e1a025e1469ada4534a0f2_7126768d768f6c6c7fed3eaee98c3a8afc0.jpg?1791565037,Omega,218,4,UNK
Ardlan Vorlesh,45102526,149,147,Asura,Mana,2865,0,04bfc027079d355fc717e8ec9a4b5f9e_53f1445a9f28799a32ea55f046319fc3fc0.jpg?1791562726,Omega,188,0,DRG
Shion Amber,26147773,150,163,Unicorn,Meteor,2864,88,e2ecf01d14ce449e8393bc3f5dfc57f4_393eb74047bb90c8d80dea54218430eefc0.jpg?1791564657,Omega,75,6,AST
Mun- Mutyo,18063500,151,148,Bahamut,Gaia,2860,0,870df3b6a4306c3c3de44d72fc9a577d_86da943caa70c8694707ab2ff74e68c9fc0.jpg?1791563197,Omega,453,0,NIN
Zwei Kreuz,14516450,152,149,Bahamut,Gaia,2860,0,367ea315b18ce50bb6f34a9ea77f3222_86da943caa70c8694707ab2ff74e68c9fc0.jpg?1791565291,Omega,87,13,UNK
Akatuki Re,22410327,153,150,Carbuncle,Elemental,2857,0,b3e601fbc493d7bc642faec11f3c05fb_9eb3c19866f7ae0eeeffac7bf770aba5fc0.jpg?1791563217,Omega,482,11,DRG
Lilica Astadir,3503219,154,151,Valefor,Meteor,2855,0,5af5f880cbf4a0fb2fc785912a217eae_485f4777c38002871591fb54f27edc65fc0.jpg?1791563913,Omega,241,0,DRG
Lucie Blanc,4813641,155,152,Anima,Mana,2854,0,9c05760085153887cf9c52f28861be7c_2f698530a28d671d20278c8518c804c9fc0.jpg?1791565439,Omega,303,0,RPR
Tiger Rutata,23825437,156,172,Asura,Mana,2850,108,a69a7fd0c20bbbd51ddf7cc27af7921e_53f1445a9f28799a32ea55f046319fc3fc0.jpg?1791563395,Omega,304,8,RDM
Zukasa Yatoh,8768354,157,168,Typhon,Elemental,2845,82,4b9242a67c4aa4390facfa8e2028de4b_32d8c9c7cd5f62d62da2d31b6750a680fc0.jpg?1791562056,Omega,336,1,DRG
Basta Reno,31797927,158,153,Carbuncle,Elemental,2819,0,22b32c1986bb9c2732e5f877f7cbdbd6_9eb3c19866f7ae0eeeffac7bf770aba5fc0.jpg?1791564026,Omega,151,0,SAM
Wally Deluaki,45789739,159,154,Hades,Mana,2816,0,4fb7feab6d0bc67088445d5355bf455a_a4730651230dd43cb129562a30d531aefc0.jpg?1791564579,Omega,220,6,DRK
Yoochan Fantasy,30892468,160,249,Anima,Mana,2811,440,179b316106d60bb1488917ac1c45548c_2f698530a28d671d20278c8518c804c9fc0.jpg?1791562298,Omega,104,19,DRG
Aria Canon,1030539,161,155,Pandaemonium,Mana,2809,0,c643f10c86a1dec8fe0358a24454dab6_470db1bf2e865f9130531fea40b61ee4fc0.jpg?1791562947,Omega,586,0,AST
Daigou Galgo,2296375,162,156,Titan,Mana,2807,0,efc8b209baac00094af6d1275f34048e_e2bb3f9679fec6d4836fcf8abcc3eeacfc0.jpg?1791565458,Omega,156,7,RDM
Yuki Bluemoon,1027053,163,157,Masamune,Mana,2804,0,ab9f3c611960b9a2cc6816f62342b0a0_134930215abb8a90ec37d6cc05b05e08fc0.jpg?1791562458,Omega,292,0,WAR
Dodopita Pittan,3558680,164,158,Tiamat,Gaia,2800,0,0c4178029dae08c0fcbe267d46034e76_9f10d335198e90990f3437c5733468e7fc0.jpg?1791564832,Omega,224,0,SAM
Tango Ngo,47753273,165,159,Alexander,Gaia,2795,0,c8ff6406f324ec51842e0a491ba1e4fa_b7a71d8799cf6dd75b711a7f52de6675fc0.jpg?1791563794,Omega,367,15,VPR
Scrambledegg Man,49825055,166,160,Atomos,Elemental,2795,0,1299b45b377e351257f93184002c1b42_cf768a751b1f5e355c2fd39a9ed91f3ffc0.jpg?1791563848,Omega,60,0,WHM
Nao Fu,41247403,167,161,Shinryu,Meteor,2788,0,cfc231e11fac22b1fb8d9d27cee48586_87b7d447f40b06dfc7228caf195f7dcffc0.jpg?1791563479,Omega,246,2,AST
Aeritte Ravel,41831914,168,162,Carbuncle,Elemental,2786,0,56a646fd4b2eb086bf8c9d712567e62f_9eb3c19866f7ae0eeeffac7bf770aba5fc0.jpg?1791564794,Omega,321,0,PLD
Sophia' Yule,26382957,169,164,Unicorn,Meteor,2773,0,121f584b89f4420ffef15e271fc8c0a3_393eb74047bb90c8d80dea54218430eefc0.jpg?1791562687,Omega,138,16,UNK
Shi Syou,5023543,170,166,Atomos,Elemental,2770,0,d930c67636980aa5cc10bd814bdc2dbd_cf768a751b1f5e355c2fd39a9ed91f3ffc0.jpg?1791563430,Omega,319,0,MCH
Ui Thrix,39291749,171,167,Chocobo,Mana,2764,0,08b70654c7812f561afc700e0756319a_781d6b3603312f6be41670afa37282e0fc0.jpg?1791562621,Omega,301,0,PCT
Kon Ganajai,30153993,172,169,Yojimbo,Meteor,2762,0,c4c400194f1226d993c42245f1f4b554_4a92c619bde4f34cfa77e05fef21ad85fc0.jpg?1791562507,Omega,153,5,SAM
Mitui Aset,29908583,173,170,Zeromus,Meteor,2758,0,03c5c419a0ed40508b02b7656c3bc1e1_c76848359d0b4d2f37aefbb9903ed97bfc0.jpg?1791563806,Omega,532,0,NIN
Takanuki Natsuki,44483226,174,171,Ifrit,Gaia,2756,0,8de59a64488817eb0f19310217960058_f9f796348bc43067c7242ec4551cde69fc0.jpg?1791564638,Omega,169,0,AST
Relative Senex,31616186,175,229,Garuda,Elemental,2751,298,55012f0806f55edae9834686c36e441e_fcb1f5b0249d1069e5bdc66d0796f26afc0.jpg?1791563067,Omega,51,6,NIN
Errer Errant,28706539,176,173,Asura,Mana,2733,0,14833bd371ac70e05cffe6a03634bb61_53f1445a9f28799a32ea55f046319fc3fc0.jpg?1791563036,Omega,101,0,VPR
Lan Dame-celot,31839759,177,174,Ifrit,Gaia,2731,0,c278e5b98fa396fbc950aeafdb5aaee8_f9f796348bc43067c7242ec4551cde69fc0.jpg?1791562981,Omega,87,0,GNB
Sol Perfect,13175986,178,175,Hades,Mana,2711,0,09b81422623fbfed2cbc5f5650d41a6f_a4730651230dd43cb129562a30d531aefc0.jpg?1791564013,Omega,226,3,BLM
Renard Blanche,23991579,179,176,Garuda,Elemental,2706,0,77da911f4046b7b2f7d2dfc59cc9aa3b_fcb1f5b0249d1069e5bdc66d0796f26afc0.jpg?1791562895,Omega,73,0,MNK
Ruru Rururun,41786182,180,177,Ifrit,Gaia,2704,0,3fd0ff0d0e58f6a761a54eebd33b7bc6_f9f796348bc43067c7242ec4551cde69fc0.jpg?1791562209,Omega,851,0,UNK
Inu- Pe-,42153397,181,238,Anima,Mana,2697,294,40c3101dfff66955ad4d9b06fda6e3a8_2f698530a28d671d20278c8518c804c9fc0.jpg?1791565379,Omega,406,8,SAM
Risu Iruyo,61259881,182,178,Chocobo,Mana,2696,0,2405cc4b75108a1384180ce7bafc3b98_781d6b3603312f6be41670afa37282e0fc0.jpg?1791563676,Omega,173,0,UNK
Zach Woden,41904788,183,179,Alexander,Gaia,2691,0,1c6025b83802002c372d550ea00c4b3f_b7a71d8799cf6dd75b711a7f52de6675fc0.jpg?1791562090,Omega,65,11,WAR
Kid Whew,62106062,184,191,Aegis,Elemental,2685,56,798e57e3e43ece4b4a8d6028b89dcfe3_3ea38e723c590aabf186367e1eb7e6a1fc0.jpg?1791564319,Omega,387,3,SMN
Eleanor Shimarute,17293497,185,180,Bahamut,Gaia,2684,0,2d83a52700c6c24b448ee5a1d52bf469_86da943caa70c8694707ab2ff74e68c9fc0.jpg?1791564158,Omega,236,0,UNK
Luluna Coco,23829165,186,181,Garuda,Elemental,2680,0,3eb7f6d6469ce3529ed00171b8214030_fcb1f5b0249d1069e5bdc66d0796f26afc0.jpg?1791563689,Omega,96,0,BSM
Liken Liekun,24806613,187,182,Shinryu,Meteor,2677,0,5aa5d27e0f5d07d19980648d6a9c2ba5_87b7d447f40b06dfc7228caf195f7dcffc0.jpg?1791562521,Omega,403,4,SGE
Sono Ta,49701933,188,183,Shinryu,Meteor,2672,0,c5fbe5dc524e8f9d2eb8b7c350df2a00_87b7d447f40b06dfc7228caf195f7dcffc0.jpg?1791563007,Omega,50,0,MNK
Ai Shironuko,19976423,189,184,Kujata,Elemental,2664,0,7036fde037e0136275a64cfa690a558c_72c48f093f2278ac3243962d3eb6a8d7fc0.jpg?1791563001,Omega,91,0,MCH
Ryon Wolves,14711544,190,185,Zeromus,Meteor,2658,0,6206f5b95096773177d18d03713dd07a_c76848359d0b4d2f37aefbb9903ed97bfc0.jpg?1791564699,Omega,83,0,SMN
Galois Etale,58660135,191,186,Chocobo,Mana,2653,0,7f835ad51f7703d8c7d073fc750b8987_781d6b3603312f6be41670afa37282e0fc0.jpg?1791564562,Omega,122,0,UNK
Meilkea Inori,40934425,192,187,Aegis,Elemental,2647,0,4c256b756b0f4f43b209ec71728dc0e2_3ea38e723c590aabf186367e1eb7e6a1fc0.jpg?1791563105,Omega,384,20,UNK
Nanasia Plum,21652201,193,188,Hades,Mana,2643,0,cf3c8499db7367663dbd8986b8c2d69d_a4730651230dd43cb129562a30d531aefc0.jpg?1791562910,Omega,215,6,BLM
Amarl Malaguld,27652092,194,189,Masamune,Mana,2633,0,92f5a8f587b00180a706bf0adc6692cb_134930215abb8a90ec37d6cc05b05e08fc0.jpg?1791564155,Omega,303,1,DRK
Death-by Glamour,50007656,195,190,Fenrir,Gaia,2630,0,73746aab8b21d5917fab43f4db6f35aa_d384cf5ad7db803f29799f36ebbc3eadfc0.jpg?1791562712,Omega,70,0,UNK
Alt Sanktgallen,2143482,196,192,Mandragora,Meteor,2629,0,5c873dda3f483d96a474d6049544be77_ee738654add55c3d07ea92d8e108074cfc0.jpg?1791563446,Omega,247,3,VPR
Sakura Nemutai,55109399,197,193,Titan,Mana,2628,0,efa9ef6672998c8a9c860e5e104d6b3e_e2bb3f9679fec6d4836fcf8abcc3eeacfc0.jpg?1791564720,Omega,255,4,SGE
Oscar Reaves,54683909,198,194,Asura,Mana,2601,0,9777a168dccc1bd77f09cfa13250d707_53f1445a9f28799a32ea55f046319fc3fc0.jpg?1791564952,Omega,163,0,UNK
Dopa Gaki,19292121,199,195,Garuda,Elemental,2590,0,922b912ad0f37ed8d9f8bf6c33abd9ad_fcb1f5b0249d1069e5bdc66d0796f26afc0.jpg?1791564074,Omega,414,0,UNK
Tea Blue,22003011,200,196,Ultima,Gaia,2583,0,8dbb02429651112846df1b474d603521_9df1b3cb0da35db33c17ef11ddf12adafc0.jpg?1791565020,Omega,105,0,SMN
Shinra Arasaka,24734269,201,197,Tiamat,Gaia,2576,0,2d735fa31b5cfcc7eabaae1839d0b731_9f10d335198e90990f3437c5733468e7fc0.jpg?1791563405,Omega,71,0,MNK
Zana'tan Stratos,7600570,202,198,Shinryu,Meteor,2572,0,e3525c189345468c5a9b4b37cf4fcd3e_87b7d447f40b06dfc7228caf195f7dcffc0.jpg?1791563082,Omega,45,0,WHM
Nemuko Makura,22952337,203,199,Durandal,Gaia,2570,0,2de9ba12432dbfa0962543bd77521100_806ea5b45071d5cd6bf393e38462ee71fc0.jpg?1791563644,Omega,75,6,AST
Fennel Earltea,21886406,204,200,Typhon,Elemental,2566,0,4e8f23f97ca17b02271d5d67829e204d_32d8c9c7cd5f62d62da2d31b6750a680fc0.jpg?1791562815,Omega,284,0,SCH
Hina Narumi,36489169,205,201,Masamune,Mana,2560,0,b92b3bffbe6d8e1f5f53a1f3735c1387_134930215abb8a90ec37d6cc05b05e08fc0.jpg?1791564538,Omega,203,0,BRD
U-ta Rona,33778140,206,202,Ifrit,Gaia,2560,0,5364399662a84913de2dc736c1cdcfc6_f9f796348bc43067c7242ec4551cde69fc0.jpg?1791563177,Omega,193,0,SCH
Hosi Lumier,20014623,207,203,Ridill,Gaia,2555,0,126e42d301322000c4e965281e8f7098_138751880f18161a907d7cf0faa43f07fc0.jpg?1791563123,Omega,413,2,PCT
Hashiwo Hashimov,18926265,208,204,Belias,Meteor,2549,0,63c08b5de92b37aae2433a5abc1e5d20_894c4bd0beab2e2beb44b74f4c4bd206fc0.jpg?1791563193,Omega,304,2,SAM
Oarkly Vitt,31318782,209,205,Bahamut,Gaia,2533,0,983948d8222d15214cc30f8669e5ba70_86da943caa70c8694707ab2ff74e68c9fc0.jpg?1791562334,Omega,86,0,SCH
Momochu Mochu,19191196,210,206,Ixion,Mana,2529,0,63045e6963dc7e2b1bd92da354dea6bc_7126768d768f6c6c7fed3eaee98c3a8afc0.jpg?1791563259,Omega,98,0,RDM
Jios Quartar,3179754,211,207,Tiamat,Gaia,2527,0,e4a3c15118c1258c3c33b152cbada545_9f10d335198e90990f3437c5733468e7fc0.jpg?1791564971,Omega,459,1,BRD
Yu Haru,31526046,212,208,Hades,Mana,2526,0,d1d463d935a459f76da24079cf48b932_a4730651230dd43cb129562a30d531aefc0.jpg?1791563435,Omega,81,0,UNK
Yagi San,39789403,213,209,Titan,Mana,2511,0,a9f69f22365543e496675c89e48486c0_e2bb3f9679fec6d4836fcf8abcc3eeacfc0.jpg?1791565483,Omega,81,0,DNC
Metis Tweedia,47503842,214,210,Ultima,Gaia,2506,0,973e5ce15468b989d4c867b1c2479d2a_9df1b3cb0da35db33c17ef11ddf12adafc0.jpg?1791563409,Omega,294,25,WAR
Tirumu Pirumu,31090405,215,211,Anima,Mana,2506,0,24135dbec64e2f95240873c43ad18659_2f698530a28d671d20278c8518c804c9fc0.jpg?1791563299,Omega,47,0,DRG
Inori Chan,54439983,216,212,Asura,Mana,2502,0,924e00538b2fef48f1ddd6b463e8f7ef_53f1445a9f28799a32ea55f046319fc3fc0.jpg?1791562482,Omega,47,0,NIN
Baked Potapota,42031891,217,213,Ramuh,Meteor,2495,0,1b1e5ff45bcbd6a80c94ee1c0c8bddcf_410ddb5a66a2fcacf538bec5ea5d0291fc0.jpg?1791562506,Omega,183,0,AST
H- H-,57048881,218,214,Ultima,Gaia,2494,0,1988e9fc4df817df742388c245715b40_9df1b3cb0da35db33c17ef11ddf12adafc0.jpg?1791565128,Omega,1209,0,UNK
Primlock Griffyn,37385266,219,215,Tonberry,Elemental,2492,0,89c0dfc59ff658981baaccf8c8d2b22b_7bb6b1e488f0e4f01c5314d010b60f31fc0.jpg?1791562621,Omega,353,22,SMN
Ema Chatnoir,44499145,220,216,Chocobo,Mana,2491,0,d8bef1d4cbd7f881f27ac3ffad5037f1_781d6b3603312f6be41670afa37282e0fc0.jpg?1791563537,Omega,97,0,UNK
Creya Oaks,20662074,221,217,Tonberry,Elemental,2487,0,0fb57385ff1c90e3ea26edc53722b78c_7bb6b1e488f0e4f01c5314d010b60f31fc0.jpg?1791564386,Omega,600,7,BLM
Monde Feint,60283925,222,218,Asura,Mana,2483,0,f6211ad3194a24970aaad2ebe03fb7ae_53f1445a9f28799a32ea55f046319fc3fc0.jpg?1791562472,Omega,175,0,NIN
Saibi Wasabi,59415917,223,219,Garuda,Elemental,2482,0,019ca60037f45abcd6d16fb450204162_fcb1f5b0249d1069e5bdc66d0796f26afc0.jpg?1791562402,Omega,126,0,SMN
Shino Sabury,1570016,224,221,Ramuh,Meteor,2479,0,554872db6961ea2dde7f5ab823211e5c_410ddb5a66a2fcacf538bec5ea5d0291fc0.jpg?1791562447,Omega,81,0,SMN
Ardbert Hylfyst,31584604,225,222,Belias,Meteor,2478,0,964952d6da8636ab55a5b87a925f0d4c_894c4bd0beab2e2beb44b74f4c4bd206fc0.jpg?1791562321,Omega,37,0,UNK
Hei Meiling,1856397,226,223,Anima,Mana,2477,0,4629fe3ae75d216d2429582d28bd3a7b_2f698530a28d671d20278c8518c804c9fc0.jpg?1791562714,Omega,95,0,WAR
Wasa Beef,49246246,227,224,Shinryu,Meteor,2476,0,e99b0c86882ba3bd71e3f5d7b719549c_87b7d447f40b06dfc7228caf195f7dcffc0.jpg?1791563384,Omega,103,0,UNK
Wolten Rema,17758406,228,225,Yojimbo,Meteor,2467,0,7f56f4547e5e3e1528ebc681d9618464_4a92c619bde4f34cfa77e05fef21ad85fc0.jpg?1791565163,Omega,79,0,PLD
Dorebi Sword,22804004,229,226,Zeromus,Meteor,2466,0,ed46a02d62fcf8c6d5d80225257e9635_c76848359d0b4d2f37aefbb9903ed97bfc0.jpg?1791565387,Omega,101,0,WAR
Aurelia Stratosfera,26527089,230,227,Unicorn,Meteor,2465,0,0ed689683555a9555b96a5599288d4a1_393eb74047bb90c8d80dea54218430eefc0.jpg?1791562657,Omega,80,0,SAM
Oriental Art,1070191,231,228,Chocobo,Mana,2463,0,d31830cb71830b425529f231f39e776b_781d6b3603312f6be41670afa37282e0fc0.jpg?1791563851,Omega,644,0,DRG
Lily Skywaker,6792620,232,230,Ixion,Mana,2450,0,2a199e9346f375c2f2e814be59d0cf09_7126768d768f6c6c7fed3eaee98c3a8afc0.jpg?1791564272,Omega,296,0,VPR
Riri Chan',39410077,233,231,Anima,Mana,2450,0,515f6b76a3ff79ea54a6f753dcfee0c6_2f698530a28d671d20278c8518c804c9fc0.jpg?1791563148,Omega,100,0,BRD
No Face,21065211,234,232,Mandragora,Meteor,2450,0,161fea5ab50a6e4a1e28d6b74b3f2ad2_ee738654add55c3d07ea92d8e108074cfc0.jpg?1791563151,Omega,78,0,GNB
Teka Etoile,25627481,235,255,Durandal,Gaia,2444,105,20c4e02c3b7c11c6ceb68582c409ceb9_806ea5b45071d5cd6bf393e38462ee71fc0.jpg?1791563183,Omega,342,2,GNB
Lala Ruru,23370112,236,233,Hades,Mana,2426,0,52987a3ea9f860f9522e49f36a51fcdf_a4730651230dd43cb129562a30d531aefc0.jpg?1791562779,Omega,342,0,WHM
Mily Sara,23911809,237,234,Aegis,Elemental,2422,0,19086b376708852503d1ac9c2b293b8c_3ea38e723c590aabf186367e1eb7e6a1fc0.jpg?1791563103,Omega,513,3,PLD
Aborigini Eve,41231646,238,235,Durandal,Gaia,2413,0,f51909d0dbf287a0c5ad1041eb658fcd_806ea5b45071d5cd6bf393e38462ee71fc0.jpg?1791564133,Omega,132,0,SGE
Mister Alpheratz,34950496,239,236,Ixion,Mana,2407,0,fdba356c4be03c92ffecec87e607f037_7126768d768f6c6c7fed3eaee98c3a8afc0.jpg?1791563656,Omega,231,0,VPR
Ame Miya',21669590,240,237,Ifrit,Gaia,2406,0,eae9af8df6602fbe67ca7b19fded5d23_f9f796348bc43067c7242ec4551cde69fc0.jpg?1791562497,Omega,72,0,SCH
Planet Exploration,30755276,241,239,Ixion,Mana,2402,0,b2df099dea56680a53bbc8588e28444f_7126768d768f6c6c7fed3eaee98c3a8afc0.jpg?1791563791,Omega,138,4,VPR
Ed Xii,61003934,242,240,Zeromus,Meteor,2401,0,abe7e4f5eb6a0af4b416d2bf4f34ef4d_c76848359d0b4d2f37aefbb9903ed97bfc0.jpg?1791562534,Omega,65,0,PLD
Sweetbleed Viras,56084804,243,241,Ridill,Gaia,2397,0,98404495f2c5b2af87b2eb9ff9b3aaf0_138751880f18161a907d7cf0faa43f07fc0.jpg?1791564379,Omega,276,0,SAM
Smol Stingray,34381085,244,242,Bahamut,Gaia,2395,0,460d13c62f024c5ce7a38a5cf1d0dd3f_86da943caa70c8694707ab2ff74e68c9fc0.jpg?1791565438,Omega,78,0,VPR
Anoma Loris,44038350,245,243,Valefor,Meteor,2383,0,57b0094511d082e7e7e8203d850b4159_485f4777c38002871591fb54f27edc65fc0.jpg?1791563685,Omega,122,0,SCH
Ponpo Pon,56873304,246,0,Hades,Mana,2382,307,600454317aaffa28f027b6565a3f96d4_a4730651230dd43cb129562a30d531aefc0.jpg?1791563340,Omega,36,10,UNK
Oracle Trezavejo,15712017,247,244,Bahamut,Gaia,2381,0,b4aa7ecb29192073338a2cc53603b062_86da943caa70c8694707ab2ff74e68c9fc0.jpg?1791563593,Omega,226,7,BLM
Woll Pack,20744019,248,245,Ridill,Gaia,2378,0,6c86e91fb15223c9e2f8c16040f1064f_138751880f18161a907d7cf0faa43f07fc0.jpg?1791563420,Omega,300,2,WAR
Last Occultism,58342443,249,246,Atomos,Elemental,2375,0,9be521cddaaa57bcf19272dbb73b7bef_cf768a751b1f5e355c2fd39a9ed91f3ffc0.jpg?1791564887,Omega,142,7,DRG
Frey'a Anastarsha,60508318,250,247,Typhon,Elemental,2374,0,5b7cc6263f1925f3b01bf736603b78c6_32d8c9c7cd5f62d62da2d31b6750a680fc0.jpg?1791563687,Omega,78,0,SAM
Hakune Maxamu,77133,251,248,Aegis,Elemental,2372,0,0da51f9178d181145d00e4129da4e8b1_3ea38e723c590aabf186367e1eb7e6a1fc0.jpg?1791563168,Omega,116,9,AST
Taroe Kobuta,8734523,252,250,Kujata,Elemental,2367,0,821347c202f7d7d6b676bd393bcdfdae_72c48f093f2278ac3243962d3eb6a8d7fc0.jpg?1791565189,Omega,393,0,RPR
Sha Moji,19121169,253,251,Carbuncle,Elemental,2363,0,eb82915777eea0c952b2885bf59641d9_9eb3c19866f7ae0eeeffac7bf770aba5fc0.jpg?1791563402,Omega,255,0,MCH
Lycan Roar,52059954,254,252,Titan,Mana,2349,0,29dea1cc321c3f2275d537c23520e2b8_e2bb3f9679fec6d4836fcf8abcc3eeacfc0.jpg?1791563463,Omega,191,0,UNK
Reign Helel,33069610,255,0,Masamune,Mana,2347,181,aba8fef3e6fdf5194ae7fe9d3c439ec7_134930215abb8a90ec37d6cc05b05e08fc0.jpg?1791563283,Omega,176,4,SAM
Blari Taraba,29682913,256,253,Ultima,Gaia,2344,0,8715585bf23b1871520e0b6c478fa049_9df1b3cb0da35db33c17ef11ddf12adafc0.jpg?1791562328,Omega,184,0,RPR
Ena Lucida,46120110,257,254,Valefor,Meteor,2342,0,0d22e7ccb96b881d94b2eaac8c63f55c_485f4777c38002871591fb54f27edc65fc0.jpg?1791562180,Omega,184,0,UNK
Muu Date,7798871,258,0,Aegis,Elemental,2332,300,4db3bfab0be78f8a4cb395c667ee56de_3ea38e723c590aabf186367e1eb7e6a1fc0.jpg?1791563423,Omega,255,6,SCH
Loussier Ellerensia,18596456,259,256,Hades,Mana,2326,0,1bf2ff58d52f79b841b10e792fe24dcc_a4730651230dd43cb129562a30d531aefc0.jpg?1791562934,Omega,370,11,DRK
Orphan Prorsum,1167516,260,0,Tiamat,Gaia,2321,702,ec31a48f93aaca623e613ce076581855_9f10d335198e90990f3437c5733468e7fc0.jpg?1791563998,Omega,128,7,BRD
Amiri Rapie,57309034,261,257,Mandragora,Meteor,2320,0,1e72875461073f396031c5c24e9aa6cc_ee738654add55c3d07ea92d8e108074cfc0.jpg?1791563575,Omega,87,0,UNK
Poor Soul,37510733,262,258,Bahamut,Gaia,2306,0,5c666b6b6ca45452af52f22a48d69eb2_86da943caa70c8694707ab2ff74e68c9fc0.jpg?1791563101,Omega,95,0,BLM
Waka'ri Mii,5525644,263,259,Chocobo,Mana,2299,0,779528f8c170270a5dcbb5e911db62e9_781d6b3603312f6be41670afa37282e0fc0.jpg?1791562388,Omega,85,5,UNK
Hakuen Sinonome,10757391,264,260,Asura,Mana,2297,0,6660ba18e406e22fbec52d7b8d1ac332_53f1445a9f28799a32ea55f046319fc3fc0.jpg?1791565450,Omega,59,0,UNK
Henri Bencolin,315343,265,261,Masamune,Mana,2293,0,abe0707ed14f2ed01bf2e61c3b3ad2d6_134930215abb8a90ec37d6cc05b05e08fc0.jpg?1791563814,Omega,371,0,NIN
Ku Chan,35624538,266,262,Shinryu,Meteor,2290,0,c563ef5b623babbcbf7d852a7e64c31e_87b7d447f40b06dfc7228caf195f7dcffc0.jpg?1791563267,Omega,81,0,WHM
Quina Quale,22357925,267,263,Chocobo,Mana,2284,0,8e04161822614b18e307be12f4aecf1e_781d6b3603312f6be41670afa37282e0fc0.jpg?1791563218,Omega,73,0,SCH
Elegiac Undertaker,56785532,268,264,Masamune,Mana,2283,0,cc863d867d7a8601c54e7da91165c54a_134930215abb8a90ec37d6cc05b05e08fc0.jpg?1791563123,Omega,124,11,VPR
Niku Hiro,21497796,269,265,Zeromus,Meteor,2280,0,c7796fe9cd3f3997d3f2a4d6050c5640_c76848359d0b4d2f37aefbb9903ed97bfc0.jpg?1791562379,Omega,178,0,NIN
Iz Levmel,17594950,270,266,Garuda,Elemental,2273,0,9e457ec4068931e92288544db8499aae_fcb1f5b0249d1069e5bdc66d0796f26afc0.jpg?1791562086,Omega,334,7,BRD
Rogu Neko,26163972,271,267,Yojimbo,Meteor,2271,0,42e041610a7b1c81627133d63628767f_4a92c619bde4f34cfa77e05fef21ad85fc0.jpg?1791563525,Omega,625,8,DNC
Now Tarako,25271680,272,268,Belias,Meteor,2271,0,238a3ddced202809c65eaecd03eda2d1_894c4bd0beab2e2beb44b74f4c4bd206fc0.jpg?1791565277,Omega,124,0,MCH
Akki Noc,2298162,273,269,Alexander,Gaia,2265,0,4a145f36c7316e0d32845d32af5e92bd_b7a71d8799cf6dd75b711a7f52de6675fc0.jpg?1791564368,Omega,404,0,SGE
Beatrice Rosenkreuz,31285042,274,270,Tiamat,Gaia,2264,0,1972bc9fb243d5cb03ad68af2779564d_9f10d335198e90990f3437c5733468e7fc0.jpg?1791562472,Omega,93,0,PLD
Kuno Cadenzavnaeve,42178142,275,271,Ifrit,Gaia,2262,0,85baa25ca299e93ef56226f40814f03b_f9f796348bc43067c7242ec4551cde69fc0.jpg?1791563340,Omega,136,0,SGE
Jawa San,3768644,276,272,Titan,Mana,2261,0,6dc7f48778a077c0339870e942a79f2e_e2bb3f9679fec6d4836fcf8abcc3eeacfc0.jpg?1791563342,Omega,154,0,NIN
Aki Shicluf,31636434,277,273,Yojimbo,Meteor,2261,0,e29b66178cc9612b8cf5af565a9f6239_4a92c619bde4f34cfa77e05fef21ad85fc0.jpg?1791563206,Omega,93,8,DRK
Naneli Zaneli,38900974,278,274,Ridill,Gaia,2261,0,b247b4deaeed92f6830196dc97bceda2_138751880f18161a907d7cf0faa43f07fc0.jpg?1791563748,Omega,54,0,AST
Kupfdoen Mynaikoensyn,2336564,279,275,Garuda,Elemental,2249,0,89679647ba7b815cb23d73ae2d6050eb_fcb1f5b0249d1069e5bdc66d0796f26afc0.jpg?1791563324,Omega,377,9,RPR
Kyo Twilight,30343517,280,0,Ifrit,Gaia,2249,494,6defc9436b918d5f2bdbfb72c3e4d06e_f9f796348bc43067c7242ec4551cde69fc0.jpg?1791565269,Omega,103,6,SGE
Tori Momo,47876183,281,276,Unicorn,Meteor,2246,0,3672fa98c1d2b3d4855d7f0bdad1caf8_393eb74047bb90c8d80dea54218430eefc0.jpg?1791563593,Omega,256,0,WHM
Velvet Shilky,15655369,282,277,Anima,Mana,2244,0,988a0ec11e3b6bbbfc5478b0eab4b03f_2f698530a28d671d20278c8518c804c9fc0.jpg?1791563251,Omega,434,0,PLD
Nuts-eater Masako,58818316,283,278,Aegis,Elemental,2243,0,ce8fb0e3178706a835225acb9558c0ed_3ea38e723c590aabf186367e1eb7e6a1fc0.jpg?1791564023,Omega,142,0,UNK
Riyusy Rxyxu,41841486,284,279,Belias,Meteor,2242,0,3658c88c2210b7b79ce2a2605d1141d8_894c4bd0beab2e2beb44b74f4c4bd206fc0.jpg?1791563170,Omega,167,0,DRG
Adelbert Arde,2303486,285,280,Aegis,Elemental,2234,0,116777aa8f26a0d0d17dc0b82cca79e6_3ea38e723c590aabf186367e1eb7e6a1fc0.jpg?1791563418,Omega,374,0,DRG
Moo Tarm,58329682,286,281,Mandragora,Meteor,2233,0,f24fe9c1ea6c09f2a9c7bd84788ffccc_ee738654add55c3d07ea92d8e108074cfc0.jpg?1791562199,Omega,70,0,VPR
Shanghai Kouchakann,25534790,287,282,Ifrit,Gaia,2219,0,dbf6e083205ad5e3158ee8fff1e78206_f9f796348bc43067c7242ec4551cde69fc0.jpg?1791562775,Omega,393,0,PLD
Nighty Night,18988730,288,283,Ridill,Gaia,2208,0,c6cbc2cdcc7153997bd10caf6fb0befb_138751880f18161a907d7cf0faa43f07fc0.jpg?1791563053,Omega,78,0,UNK
Hibarii Maiden,2220475,289,284,Garuda,Elemental,2204,0,46a565a07005b1224b7facd2223d54b9_fcb1f5b0249d1069e5bdc66d0796f26afc0.jpg?1791565208,Omega,133,0,MCH
Dfrtgyhoaa Tfgvyuhjia,40611054,290,285,Ifrit,Gaia,2200,0,86983d39a93a36f0dbcbe24e8569c4bd_f9f796348bc43067c7242ec4551cde69fc0.jpg?1791562465,Omega,51,0,SGE
Link Ring,55955379,291,286,Durandal,Gaia,2199,0,cd57a4705e19ebab4b3922b039f3a7b7_806ea5b45071d5cd6bf393e38462ee71fc0.jpg?1791561905,Omega,128,0,BLM
Bradley Hamhem,31961449,292,287,Belias,Meteor,2199,0,1e1ce91d9c26527150f86441a7ec16c6_894c4bd0beab2e2beb44b74f4c4bd206fc0.jpg?1791564026,Omega,105,0,DRG
Hso Gkd,39936541,293,288,Asura,Mana,2199,0,4f7b0c3e146a0735f571292dfccd0adb_53f1445a9f28799a32ea55f046319fc3fc0.jpg?1791564838,Omega,78,0,SAM
Aqua Wilhelm,9520123,294,289,Bahamut,Gaia,2198,0,d9ecd2e4aaf99d3ce6be3c4714ef31ca_86da943caa70c8694707ab2ff74e68c9fc0.jpg?1791563209,Omega,100,2,PLD
Aslan Miller,42003071,295,290,Ixion,Mana,2196,0,091d6880c471f9f4c412b704f952af81_7126768d768f6c6c7fed3eaee98c3a8afc0.jpg?1791564027,Omega,335,0,MCH
Diao Tiandi,56776774,296,291,Ixion,Mana,2193,0,d3f8787a245e6cabd6ee8065c6eeefb5_7126768d768f6c6c7fed3eaee98c3a8afc0.jpg?1791562222,Omega,176,0,PCT
Minato Haruka,57459700,297,293,Asura,Mana,2192,2,5f7508268722022e26bb9950825f7dea_53f1445a9f28799a32ea55f046319fc3fc0.jpg?1791563789,Omega,126,3,MNK
Roric Thorne,59323169,298,292,Pandaemonium,Mana,2191,0,4ff669632484c5fdf241ea2b9f955435_470db1bf2e865f9130531fea40b61ee4fc0.jpg?1791562472,Omega,31,0,VPR
Hildemir Draekhal,19867869,299,294,Pandaemonium,Mana,2186,0,c9139c74e892e02e3f093ba41bd8a7e8_470db1bf2e865f9130531fea40b61ee4fc0.jpg?1791563915,Omega,39,0,WHM
Mumucha Sushiroll,1576167,300,295,Mandragora,Meteor,2185,0,f8e461e3429acde067b399f6743f575d_ee738654add55c3d07ea92d8e108074cfc0.jpg?1791562151,Omega,125,0,UNK
Miyu Moon,14522179,1,0,Mateus,Crystal,4859,0,3562f4cf44aad7d526acbf8fae3937b0_f0c52cc66e124fc2e641d7c21ab2ce79fc0.jpg?1791564947,Ultima,125,0,SAM
Pekora Meow,37421725,2,0,Leviathan,Primal,4230,0,dc85502f9baa330d5a15d3c0a6f002a0_a91aae52cff9ef65932db06b150ffd47fc0.jpg?1791562611,Ultima,275,0,VPR
Legendary Ash,10855248,3,0,Faerie,Aether,3772,0,6fd699132806b61c9dcb8613c3ae11a3_0e336ff6ad415f47233f0aaf127feac0fc0.jpg?1791562502,Ultima,136,0,NIN
Ahri Meow,42604315,4,0,Leviathan,Primal,3739,0,99498e3de5cc49aacddccc855d4ee19d_a91aae52cff9ef65932db06b150ffd47fc0.jpg?1791564128,Ultima,207,0,DRG
Emi Meow,44729199,5,0,Siren,Aether,3675,0,39fec9b8eaf71c699797cd15ef87009b_58a84e851e55175d22158ca97af58a1ffc0.jpg?1791562698,Ultima,95,0,MNK
Crow Meow,54328117,6,0,Jenova,Aether,3448,0,7eded062751a7f80f7f3d9fbe0ab8e34_ce736afe35e2ded4e46c4fd0659aef7efc0.jpg?1791562896,Ultima,106,0,SCH
Tomo Kote,38176817,7,0,Gilgamesh,Aether,3171,0,e5d7502ad7f21874552a4fc21553ee9e_b937560c841465f7c4bc8eb47ea7948afc0.jpg?1791565223,Ultima,273,0,PLD
Hollow Bastion,56455630,8,0,Rafflesia,Dynamis,3156,0,1f48f716d376c4c54dbbeedac9f01255_2783886613347a4db0bed7524de1298ffc0.jpg?1791563799,Ultima,86,0,UNK
Azar Kaveh,16748899,9,0,Mateus,Crystal,3139,0,1d25f3d1883510d8fd010504471516b8_f0c52cc66e124fc2e641d7c21ab2ce79fc0.jpg?1791563026,Ultima,624,0,SCH
Ham Baga,28276994,10,0,Balmung,Crystal,3120,0,80672270fca68b3d3fa2f4c0b220427a_7a573cbc0cda3a3dfc1795cb3d9f7b23fc0.jpg?1791564606,Ultima,286,0,SCH
Kuzo Makuzo,29453053,11,0,Exodus,Primal,3083,0,c143f86dcebb42612bbef964edfc96ab_0cdf051c93865faa15cbc5cd3d2b69fbfc0.jpg?1791563545,Ultima,105,0,UNK
Skeith Granz,17864089,12,0,Gilgamesh,Aether,3079,0,5456a33c0abb12eab1bf88281486246e_b937560c841465f7c4bc8eb47ea7948afc0.jpg?1791565439,Ultima,59,0,DRG
Sparrow Hawk,50867063,13,0,Seraph,Dynamis,3077,0,1253b18a592d2d3c5133e9b86ab20c5a_07fb0511053f398d1f2d6831e6a6b4c8fc0.jpg?1791562680,Ultima,186,0,MCH
Kris Lhea,39204335,14,0,Mateus,Crystal,3075,0,982639accd39a2021d8f112bb5e763df_f0c52cc66e124fc2e641d7c21ab2ce79fc0.jpg?1791562955,Ultima,84,0,BRD
Meteor Moon,29693876,15,0,Rafflesia,Dynamis,3072,0,7f262df9422aa27c9dd850d004812561_2783886613347a4db0bed7524de1298ffc0.jpg?1791565470,Ultima,292,0,SGE
Terro Beoulve,45682109,16,0,Coeurl,Crystal,3070,0,5c8262e03844a30a89d0d2374247f03c_284358f8eb4efc9095914e46798c6ab3fc0.jpg?1791563754,Ultima,189,0,VPR
Saraliah Dawnbringer,21371539,17,0,Coeurl,Crystal,3067,0,6cef2d612818607782b7fbc356526664_284358f8eb4efc9095914e46798c6ab3fc0.jpg?1791564967,Ultima,63,0,SMN
Artesia Saeyrs,2957946,18,0,Sargatanas,Aether,3061,0,e1a9c389a8110feceacc91a730bfc558_ba22853447012a24cee115315d6a5bebfc0.jpg?1791562655,Ultima,58,0,MIN
Cyphos Ultimus,2288366,19,0,Balmung,Crystal,3045,0,b980cc0ff24da63437a59ef78df763c0_7a573cbc0cda3a3dfc1795cb3d9f7b23fc0.jpg?1791564017,Ultima,195,0,WAR
Mac Arena,21560395,20,0,Adamantoise,Aether,3034,0,30fa962580974874808d1a8b67407ebb_1f5fd239b885860b7c2bfc72ad1d97effc0.jpg?1791563652,Ultima,167,0,GNB
Barock Obama,52411158,21,0,Siren,Aether,3029,0,05a5459925b46dd9d074e273b24d5d27_58a84e851e55175d22158ca97af58a1ffc0.jpg?1791562713,Ultima,554,0,FSH
Kairi Rune,28236760,22,0,Hyperion,Primal,3024,0,ce129fc5d83b1472a349e0e1053aee02_57ae9ee5592123dd79c8912bf768cf99fc0.jpg?1791562147,Ultima,305,0,DRG
Local-area Network,28168413,23,0,Cactuar,Aether,3012,0,5181fed39656c5cf1dc247fe1bf97832_96ab1df8877c1f8ba6a89a39cccfd437fc0.jpg?1791562377,Ultima,92,0,SAM
Merlin Emryss,9605720,24,0,Faerie,Aether,2859,0,87179f28ae17956a4d43567dadf6ea60_0e336ff6ad415f47233f0aaf127feac0fc0.jpg?1791563414,Omega,303,0,BLM
Sanahi Keto,57330112,25,0,Hyperion,Primal,2819,0,6531a5f5216bf8e7efcdcf26e24615cb_57ae9ee5592123dd79c8912bf768cf99fc0.jpg?1791563999,Omega,345,0,SCH
Lucio Harundo,4012099,26,0,Leviathan,Primal,2708,0,d042eff245eaa56c0b6989df68a99564_a91aae52cff9ef65932db06b150ffd47fc0.jpg?1791562237,Omega,587,0,WHM
Kasai Kage,21886030,27,0,Adamantoise,Aether,2691,0,6835735c490425c8a49d6889308a3484_1f5fd239b885860b7c2bfc72ad1d97effc0.jpg?1791564719,Omega,77,0,NIN
Im Dead,44727021,28,0,Balmung,Crystal,2651,0,382bb5e8fe23a4e04750cfd29fa9f46c_7a573cbc0cda3a3dfc1795cb3d9f7b23fc0.jpg?1791564627,Omega,82,0,WHM
Suhr Zarek,8876676,29,0,Balmung,Crystal,2620,0,c09e4087ccb76545f31b81fa5ca01485_7a573cbc0cda3a3dfc1795cb3d9f7b23fc0.jpg?1791562685,Omega,605,0,PLD
Sylvie Chan,48678953,30,0,Brynhildr,Crystal,2523,0,14580705b6124b25ef19217300b4891f_d0a0f515a62457570c9b44997063e3c1fc0.jpg?1791562885,Omega,334,0,ALC
Fye Alanyk,48751064,31,0,Diabolos,Crystal,2517,0,d605d68b88b347dfdb8a9b9e6c3539d6_7b33d33ae3ecb996f778a5f67a6a0af6fc0.jpg?1791564825,Omega,444,0,AST
Hrothmar Blackburns,28757856,32,0,Adamantoise,Aether,2506,0,ba6405bac0d5b1fb489962984f0d9fb9_1f5fd239b885860b7c2bfc72ad1d97effc0.jpg?1791563315,Omega,528,0,UNK
Norma Jeannie,28105106,33,0,Jenova,Aether,2488,0,bff6f64f1e9dd700a962c74db4bf4812_ce736afe35e2ded4e46c4fd0659aef7efc0.jpg?1791564393,Omega,98,0,MCH
La Bubu,26625120,34,0,Diabolos,Crystal,2481,0,733d34df72366760c6f44581681c9088_7b33d33ae3ecb996f778a5f67a6a0af6fc0.jpg?1791563641,Omega,205,0,BLM
Labrys Roux,31449732,35,0,Ultros,Primal,2444,0,b78d649d03beba97a36fa9eebc98afc4_c514cdcdb619439df97d906d4434ccc6fc0.jpg?1791563370,Omega,246,0,SCH
Pvp Badboy,38919488,36,0,Sargatanas,Aether,2421,0,8833f678967938d2e79b8d993021ce3f_ba22853447012a24cee115315d6a5bebfc0.jpg?1791564630,Omega,215,0,NIN
Ren Meow,50978506,37,0,Midgardsormr,Aether,2379,0,7b0d37527fbf80936d64911e4e02726d_5c8ecfbc673e1287a9b5e85423fe1657fc0.jpg?1791564688,Omega,48,0,SCH
Deadrise Mutambo,49340180,38,0,Diabolos,Crystal,2368,0,05829ade005fe971a894d48d18963c4f_7b33d33ae3ecb996f778a5f67a6a0af6fc0.jpg?1791564585,Omega,102,0,NIN
Zypris Allsbane,13616095,39,0,Leviathan,Primal,2364,0,8194751bb802fcd9691a7ee558040836_a91aae52cff9ef65932db06b150ffd47fc0.jpg?1791562805,Omega,151,0,RPR
Olivia Lugria,15149290,40,0,Sargatanas,Aether,2361,0,c230658574a9dc12a4eb6fae2e16ceb4_ba22853447012a24cee115315d6a5bebfc0.jpg?1791564581,Omega,295,0,SAM
Fulheart Grit,38212551,41,0,Balmung,Crystal,2347,0,4a4d99f967c37bf42bd739857921e360_7a573cbc0cda3a3dfc1795cb3d9f7b23fc0.jpg?1791562507,Omega,203,0,PLD
Rin Ruki,59858100,42,0,Exodus,Primal,2297,0,7ec8676537a0b3fff644be3f10ee7741_0cdf051c93865faa15cbc5cd3d2b69fbfc0.jpg?1791564795,Omega,100,0,UNK
Size Difference,33536390,43,0,Sargatanas,Aether,2271,0,770b5bd32a40e292765490f8e46eaf60_ba22853447012a24cee115315d6a5bebfc0.jpg?1791562714,Omega,190,0,MNK
Vittorio Moretti,61421815,44,0,Diabolos,Crystal,2263,0,8c11f65c791a4f39ba7c716aeb6bc8d9_7b33d33ae3ecb996f778a5f67a6a0af6fc0.jpg?1791562523,Omega,153,0,SMN
Rae Rea,58956664,45,0,Adamantoise,Aether,2194,0,72766cccd8c79e6afd3055accfc559fa_1f5fd239b885860b7c2bfc72ad1d97effc0.jpg?1791564538,Omega,45,0,MNK
Ailbhe Costa,24483224,46,0,Golem,Dynamis,2189,0,d2a07a324d29f192eabbae6adeb2462b_dd61c3dc259e5c43722e89409499b669fc0.jpg?1791564783,Omega,53,0,UNK
Sanguinius Smolblood,33489157,47,0,Kraken,Dynamis,2172,0,461663ac9dfac06c5d61bc05d26ae652_049a956dfeb0eb2e19c417a1dde4d680fc0.jpg?1791563846,Omega,291,0,PLD
Aibertain Mando,32541700,48,0,Jenova,Aether,2094,0,8dec967ad48c9a703018a7445740a7f3_ce736afe35e2ded4e46c4fd0659aef7efc0.jpg?1791562056,Omega,441,0,VPR
Shuba Rashii,43704609,49,0,Adamantoise,Aether,2087,0,a0c17bafae65d503976e3a231681fc34_1f5fd239b885860b7c2bfc72ad1d97effc0.jpg?1791563900,Omega,67,0,PLD
Gongsun Qerel,38059779,50,0,Mateus,Crystal,2063,0,015ef2d1ef8f18b0cf7fa0e646fa2d12_f0c52cc66e124fc2e641d7c21ab2ce79fc0.jpg?1791561943,Omega,250,0,VPR
Rubedo Ginshi,15639088,51,0,Lamia,Primal,2061,0,bbc5b3eb96e1a1691fb9abb344fc3217_4d9be17b5e1edc617052b4dbf4007875fc0.jpg?1791563758,Omega,163,0,RPR
Neo Dymium,33030676,52,0,Seraph,Dynamis,2046,0,24be6098cf7acc2de169d92917d3299f_07fb0511053f398d1f2d6831e6a6b4c8fc0.jpg?1791562753,Omega,121,0,WAR
Medori Tenosu,31992476,53,0,Jenova,Aether,2030,0,2d7230bf79f29d3570cfdc7390506985_ce736afe35e2ded4e46c4fd0659aef7efc0.jpg?1791564459,Omega,433,0,NIN
Myu Meow,9691497,54,0,Leviathan,Primal,2015,0,d925a41776719d761c94e8e32e5e7a0f_a91aae52cff9ef65932db06b150ffd47fc0.jpg?1791561978,Omega,147,0,UNK
Yua Churu,57865436,55,0,Goblin,Crystal,2002,0,f101295546bd5a2b87478407b6d55ffd_8e81e2940511f7152ba4462fe53e35b8fc0.jpg?1791564387,Omega,180,0,AST
Fortune Days,44283538,56,0,Zalera,Crystal,1999,0,044cf6044387105edf58d48a910b1ae4_8106f857613f8fb994b0be37b26ff4bafc0.jpg?1791565331,Omega,99,0,DNC
Clara Green,44437004,57,0,Gilgamesh,Aether,1982,0,9fdf7ee98ab3c5eb9220a6d31f045135_b937560c841465f7c4bc8eb47ea7948afc0.jpg?1791565076,Omega,127,0,PCT
Air Azure,41482862,58,0,Rafflesia,Dynamis,1979,0,a32fc7c37974e2629ce594c455ff54a7_2783886613347a4db0bed7524de1298ffc0.jpg?1791562247,Omega,210,0,SCH
Death Reaps,8773483,59,0,Balmung,Crystal,1958,0,265183f487ab7e0a5a5b3128ec29a82a_7a573cbc0cda3a3dfc1795cb3d9f7b23fc0.jpg?1791563735,Omega,252,0,SMN
Xiao Longbao,31670807,60,0,Excalibur,Primal,1909,0,b9d8562547d5b9d8e86054d9061c6a23_745baffc465480ed372e274d50318290fc0.jpg?1791563070,Omega,706,0,DRK
Momo Meow,50898775,61,0,Siren,Aether,1909,0,6abf63b1f0755aa211bfd1dadc66e3b9_58a84e851e55175d22158ca97af58a1ffc0.jpg?1791564804,Omega,48,0,MNK
Vaal Hazak,26534863,62,0,Zalera,Crystal,1898,0,7c44a75a2f3d57a9cd3b86235340939b_8106f857613f8fb994b0be37b26ff4bafc0.jpg?1791563288,Omega,299,0,GNB
Kahlil Immortalis,22812670,63,0,Diabolos,Crystal,1890,0,0451aa29bd529c5d15b718b74c287dd2_7b33d33ae3ecb996f778a5f67a6a0af6fc0.jpg?1791562775,Omega,209,0,UNK
Bepsi Kola,41348459,64,0,Adamantoise,Aether,1879,0,cc3717bc9d9d5c90534918043bb3ba56_1f5fd239b885860b7c2bfc72ad1d97effc0.jpg?1791562925,Omega,220,0,WAR
Suhr Zarek,41651606,65,0,Goblin,Crystal,1861,0,9a55a7c2b29a7a0b7de33b2fcc5a0411_8e81e2940511f7152ba4462fe53e35b8fc0.jpg?1791562679,Omega,113,0,MNK
Yuseong Regilis,60222350,66,0,Exodus,Primal,1827,0,1c96ea3b1132f01c102abfff5ab289ec_0cdf051c93865faa15cbc5cd3d2b69fbfc0.jpg?1791564589,Omega,111,0,UNK
Micro Uryade,37487800,67,0,Sargatanas,Aether,1819,0,d9df4db31e4d391c99006db3caa4b5f9_ba22853447012a24cee115315d6a5bebfc0.jpg?1791562547,Omega,316,0,WHM
P'roto Idola,35374628,68,0,Brynhildr,Crystal,1796,0,a91ad9e8c6c6ddb0905cd9aa6cede8e3_d0a0f515a62457570c9b44997063e3c1fc0.jpg?1791565109,Omega,127,0,GNB
Orpheus Laine,29851207,69,0,Gilgamesh,Aether,1780,0,5939235fbb052c79392d334cce14ca00_b937560c841465f7c4bc8eb47ea7948afc0.jpg?1791562517,Omega,98,0,UNK
Sitri Belladonna,44271644,70,0,Maduin,Dynamis,1776,0,d5fba1e5169b57a308fb1ea60e3553cf_7ff236346f6151d8a2c08fd0b4a0b806fc0.jpg?1791562817,Omega,168,0,DRG
Haha Unless,35825889,71,0,Faerie,Aether,1750,0,3c249691791cbe0f2fb3ccc230c9a4e4_0e336ff6ad415f47233f0aaf127feac0fc0.jpg?1791562169,Omega,134,0,DRK
Gidding Mimid,9835761,72,0,Exodus,Primal,1722,0,97296d489ec3afb5d7c65e3c6fa7fc05_0cdf051c93865faa15cbc5cd3d2b69fbfc0.jpg?1791563582,Omega,354,0,NIN
Ryan Hoshiko,10323495,73,0,Lamia,Primal,1719,0,b8f720f05e5314618bc7341f856d075d_4d9be17b5e1edc617052b4dbf4007875fc0.jpg?1791563908,Omega,80,0,BRD
Naomi Hakoma,13697124,74,0,Halicarnassus,Dynamis,1710,0,a6732f9cc34509a6761d618186e745fd_f2d324d722b28bbe681b2898bcdca8bffc0.jpg?1791563913,Omega,85,0,GNB
Show Maker,61843104,75,0,Kraken,Dynamis,1699,0,a2da8d9d3d95080eac0c8ad1975a70ac_049a956dfeb0eb2e19c417a1dde4d680fc0.jpg?1791565489,Omega,121,0,UNK
Kylis Pendragon,36050245,76,0,Balmung,Crystal,1685,0,6d0f4e4d3e36c9a4dd7fccd76f9effc3_7a573cbc0cda3a3dfc1795cb3d9f7b23fc0.jpg?1791562614,Omega,387,0,PLD
Marci Meow,54739620,77,0,Balmung,Crystal,1683,0,4ebc98a9ae6cf756ec75bc3db97f87f6_7a573cbc0cda3a3dfc1795cb3d9f7b23fc0.jpg?1791564460,Omega,78,0,DRG
Azura Skye,61832185,78,0,Goblin,Crystal,1678,0,06833163f0059227fbc31ba3c8c36610_8e81e2940511f7152ba4462fe53e35b8fc0.jpg?1791563106,Omega,99,0,PLD
Rhiki Nelhah,29582811,79,0,Balmung,Crystal,1669,0,0ad8b0bcd2e47e8bf6c0716959820415_7a573cbc0cda3a3dfc1795cb3d9f7b23fc0.jpg?1791562612,Omega,219,0,UNK
Akari Tsuki,46655701,80,0,Adamantoise,Aether,1633,0,08f7ffe45c1b134f99ea040b39ee2bdd_1f5fd239b885860b7c2bfc72ad1d97effc0.jpg?1791561938,Omega,61,0,MNK
Mtn Boop,36509633,81,0,Brynhildr,Crystal,1616,0,175f521a1de707cbfb345e95df5e588c_d0a0f515a62457570c9b44997063e3c1fc0.jpg?1791562513,Omega,37,0,VPR
Azureal Grandeur,20448737,82,0,Marilith,Dynamis,1615,0,fa989d1d00d58fc1b4171abefb5e22b7_bbfb28d5a9059cd0c768daf77ab29982fc0.jpg?1791564732,Omega,191,0,BRD
Big Three,48089951,83,0,Famfrit,Primal,1606,0,17799d8133ebe53d6d3662f6d31a1360_fce4949e615393e574f2d57134b31fc1fc0.jpg?1791562208,Omega,83,0,WAR
Silanah Sylphrena,45709349,84,0,Faerie,Aether,1604,0,353d000e66ebf6b7715ff5998504f784_0e336ff6ad415f47233f0aaf127feac0fc0.jpg?1791562953,Omega,56,0,SCH
Raphtalia Solari,8126326,85,0,Adamantoise,Aether,1602,0,baeca36f0f50dbb796496ea18e58ee30_1f5fd239b885860b7c2bfc72ad1d97effc0.jpg?1791562110,Omega,105,0,SGE
Justa Noob,14910418,86,0,Goblin,Crystal,1600,0,3fef42aa15ca55571d82f4697df41210_8e81e2940511f7152ba4462fe53e35b8fc0.jpg?1791563936,Omega,35,0,SGE
Josh Trigiani,6965228,87,0,Lamia,Primal,1595,0,22f547722b0454bc3b30d7f6a8ac5b0a_4d9be17b5e1edc617052b4dbf4007875fc0.jpg?1791561955,Omega,42,0,BLM
The Feast,46586541,88,0,Behemoth,Primal,1592,0,db9e7409cc816f51307405b49c8b5713_be20385e18333edb329d4574f364a1f0fc0.jpg?1791562947,Omega,113,0,UNK
Sovereign Phil,14314725,89,0,Goblin,Crystal,1586,0,acf642268567c66b82aaf11114198670_8e81e2940511f7152ba4462fe53e35b8fc0.jpg?1791565344,Omega,31,0,SGE
Nemx Takeuchi,43679010,90,0,Excalibur,Primal,1586,0,14abc372f60fdda90f30d64457c232b3_745baffc465480ed372e274d50318290fc0.jpg?1791562067,Omega,30,0,MCH
Mavis Enyo,14769968,91,0,Excalibur,Primal,1578,0,00bced457c7cea8ae968197c61367bed_745baffc465480ed372e274d50318290fc0.jpg?1791564529,Omega,37,0,RDM
Lia Kiri,52292388,92,0,Lamia,Primal,1577,0,297469abea049ff5cfb98af6fe45176f_4d9be17b5e1edc617052b4dbf4007875fc0.jpg?1791564118,Omega,77,0,NIN
Aerika Meow,27836279,93,0,Faerie,Aether,1574,0,cefa16e18644e0b625a0d52d2df514b9_0e336ff6ad415f47233f0aaf127feac0fc0.jpg?1791564277,Omega,48,0,DNC
Sponge Cake,15121944,94,0,Faerie,Aether,1566,0,3428a89877f1f714b6306dba262cd7ea_0e336ff6ad415f47233f0aaf127feac0fc0.jpg?1791562330,Omega,71,0,RDM
Air Weaver,12424525,95,0,Coeurl,Crystal,1564,0,06474f472310d759766363e8e8f53b3f_284358f8eb4efc9095914e46798c6ab3fc0.jpg?1791563152,Omega,62,0,WHM
Gio Vanna,33440191,96,0,Adamantoise,Aether,1546,0,7d1d14338474ce900c0581dbd778d321_1f5fd239b885860b7c2bfc72ad1d97effc0.jpg?1791563158,Omega,77,0,SGE
Chocolate Mint,12837521,97,0,Mateus,Crystal,1534,0,96f57e6a545b8f0a814d211bd90bda0a_f0c52cc66e124fc2e641d7c21ab2ce79fc0.jpg?1791563674,Omega,35,0,BLM
Peregrine Lofte,21726171,98,0,Leviathan,Primal,1523,0,351c30387c9048190075024c6b344ead_a91aae52cff9ef65932db06b150ffd47fc0.jpg?1791564874,Omega,62,0,WHM
Bisukito Neko,32261082,99,0,Zalera,Crystal,1522,0,3462c7ee2de7556ca86498dc5214a7fb_8106f857613f8fb994b0be37b26ff4bafc0.jpg?1791564207,Omega,56,0,UNK
Zeta Salazar,44375733,100,0,Midgardsormr,Aether,1520,0,4be3c205f3892cdbc09e8417ad6dbb68_5c8ecfbc673e1287a9b5e85423fe1657fc0.jpg?1791564735,Omega,223,0,DRG
Milla Wilder,10826315,101,0,Exodus,Primal,1507,0,c9949330d11abf504236795bf6bd61f9_0cdf051c93865faa15cbc5cd3d2b69fbfc0.jpg?1791563059,Omega,130,0,DRG
Navori Valois,48622291,102,0,Adamantoise,Aether,1504,0,4facdc408c9ad771bc52001d3c82fa9f_1f5fd239b885860b7c2bfc72ad1d97effc0.jpg?1791563003,Omega,95,0,RPR
Eloza Ketsch,8667845,103,0,Malboro,Crystal,1503,0,4414bb689fd8033d67e6821653f9a232_2e97c13fdd593d15d543093f8a37b6f0fc0.jpg?1791565014,Omega,320,0,VPR
Eyre Stahl,32745572,104,0,Maduin,Dynamis,1489,0,0d24cf6e8f53fc59a993fd5e5311d4e0_7ff236346f6151d8a2c08fd0b4a0b806fc0.jpg?1791564912,Crystal,92,0,SAM
Uki Yo,50106047,105,0,Adamantoise,Aether,1488,0,75e9983a4dd07e7e5de0ed1ac11a23fb_1f5fd239b885860b7c2bfc72ad1d97effc0.jpg?1791564122,Crystal,42,0,DRG
Haley Autouria,105933,106,0,Coeurl,Crystal,1482,0,8e6b9b10fc2e31af21e24fdaae151c61_284358f8eb4efc9095914e46798c6ab3fc0.jpg?1791562378,Crystal,70,0,UNK
Fire Strike,52397705,107,0,Kraken,Dynamis,1480,0,b9c1021d4aa2ae66682e7904857161ed_049a956dfeb0eb2e19c417a1dde4d680fc0.jpg?1791562284,Crystal,68,0,BLM
Aesa Iys,59631795,108,0,Kraken,Dynamis,1453,0,60f73c621a5b6dec56728cc5466268c2_049a956dfeb0eb2e19c417a1dde4d680fc0.jpg?1791563974,Crystal,294,0,UNK
Sera Yatsuzuka,55095335,109,0,Balmung,Crystal,1407,0,3531afbf77c8233b92b28b214039f903_7a573cbc0cda3a3dfc1795cb3d9f7b23fc0.jpg?1791562230,Crystal,79,0,SAM
Yui Fins,46861659,110,0,Adamantoise,Aether,1404,0,477904411f28cfd029518422146e02f0_1f5fd239b885860b7c2bfc72ad1d97effc0.jpg?1791562396,Crystal,855,0,PLD
Seto Mimyho,20943977,111,0,Behemoth,Primal,1394,0,e0110a23ddcddf11cb8bf1e895c56d75_be20385e18333edb329d4574f364a1f0fc0.jpg?1791562913,Crystal,55,0,MNK
Mash Buttons,12470854,112,0,Ultros,Primal,1388,0,eec5508ec2ce3844fd62caa5b87a24d8_c514cdcdb619439df97d906d4434ccc6fc0.jpg?1791561951,Crystal,98,0,DRG
Dandy Lyon,9088850,113,0,Leviathan,Primal,1379,0,5e652518b4930ff5cb411a5818760318_a91aae52cff9ef65932db06b150ffd47fc0.jpg?1791565102,Crystal,97,0,NIN
Finch Curador,30712387,114,0,Leviathan,Primal,1378,0,a7767d35320b852f509e7dd68b0151d4_a91aae52cff9ef65932db06b150ffd47fc0.jpg?1791565053,Crystal,55,0,BLM
Skyanar Tyrunas,42486942,115,0,Siren,Aether,1376,0,ba17697df023a58dbdba8be74f3894f2_58a84e851e55175d22158ca97af58a1ffc0.jpg?1791561956,Crystal,209,0,MNK
Ninety-nine Agility,43878532,116,0,Famfrit,Primal,1367,0,07309ebd18b321f5df47f9ab79049d40_fce4949e615393e574f2d57134b31fc1fc0.jpg?1791563505,Crystal,47,0,MCH
Lazy Bear,39566180,117,0,Faerie,Aether,1298,0,a07cf0c35d5a78a5a1b9ca16d6f41803_0e336ff6ad415f47233f0aaf127feac0fc0.jpg?1791561998,Crystal,172,0,MNK
Shimori Bunihara,50186185,118,0,Kraken,Dynamis,1298,0,c7cd2842a29701e0963bf6d156392014_049a956dfeb0eb2e19c417a1dde4d680fc0.jpg?1791564310,Crystal,58,0,SMN
Wmmmmmmmmm Wmmmmmmmmm,56778920,119,0,Halicarnassus,Dynamis,1296,0,9e294822ea14ed4084dfe667478bc6e5_f2d324d722b28bbe681b2898bcdca8bffc0.jpg?1791563522,Crystal,46,0,PLD
Vann Healsing,6572,120,0,Coeurl,Crystal,1287,0,e19ce452168669ef7abba0e26cc8ee4c_284358f8eb4efc9095914e46798c6ab3fc0.jpg?1791562291,Crystal,28,0,GNB
Kuina Kagetsu,36802695,121,0,Ultros,Primal,1286,0,dd8ffbe11c53ea988c605c9c24157c59_c514cdcdb619439df97d906d4434ccc6fc0.jpg?1791562611,Crystal,107,0,DRK
Reed Diamond,7237831,122,0,Ultros,Primal,1227,0,132bb33f336f4f3ae42c3cf9a96a11ad_c514cdcdb619439df97d906d4434ccc6fc0.jpg?1791562910,Crystal,221,0,MNK
Boo Nuts,2234245,123,0,Zalera,Crystal,1224,0,0d8b9ae74f55ea0ba374fa7b38b48862_8106f857613f8fb994b0be37b26ff4bafc0.jpg?1791563802,Crystal,181,0,BRD
Baka Bao,48974722,124,0,Gilgamesh,Aether,1217,0,ef2247fb5724315ecd96d1ac9c5804b1_b937560c841465f7c4bc8eb47ea7948afc0.jpg?1791562543,Crystal,324,0,SAM
Celeste Aeternum,38129090,125,0,Adamantoise,Aether,1210,0,76510814c4215ff9bd016e9313ee6e2c_1f5fd239b885860b7c2bfc72ad1d97effc0.jpg?1791563231,Crystal,304,0,MNK
Apple Thief,43679241,126,0,Balmung,Crystal,1204,0,746256d82b3652ef93bbd475defb85ac_7a573cbc0cda3a3dfc1795cb3d9f7b23fc0.jpg?1791565486,Crystal,788,0,SAM
Fyoriah Aliapoh,44734635,127,0,Faerie,Aether,1204,0,298901c71b421faa4612e0bbd9420820_0e336ff6ad415f47233f0aaf127feac0fc0.jpg?1791564249,Crystal,176,0,SCH
Ellie Titis,36865882,128,0,Midgardsormr,Aether,1198,0,71601f63eddfe2db7e4ec2213790102c_5c8ecfbc673e1287a9b5e85423fe1657fc0.jpg?1791563516,Crystal,45,0,DRG
Rachna Rindou,54825028,129,0,Brynhildr,Crystal,1195,0,782b01c1201a9b4642438d41202796f6_d0a0f515a62457570c9b44997063e3c1fc0.jpg?1791562915,Crystal,53,0,MCH
Mo Azure,47140618,130,0,Lamia,Primal,1193,0,8e6a4b8b298b5523d1f99888dd9f36cf_4d9be17b5e1edc617052b4dbf4007875fc0.jpg?1791564634,Crystal,27,0,WHM
Cain Molkoh,57323197,131,0,Goblin,Crystal,1189,0,889deea7b0b76edd744a2b6fb24a09a1_8e81e2940511f7152ba4462fe53e35b8fc0.jpg?1791563137,Crystal,180,0,PCT
Zaneko Yuneko,61640151,132,0,Goblin,Crystal,1182,0,e90101e9d13d827fb83b96932b2de05b_8e81e2940511f7152ba4462fe53e35b8fc0.jpg?1791564757,Crystal,78,0,SMN
Karl Rex,48615049,133,0,Siren,Aether,1179,0,a7f2129699ecb71e801871425b8cbc52_58a84e851e55175d22158ca97af58a1ffc0.jpg?1791565120,Crystal,259,0,BLM
Zolzayaa Noykin,34804380,134,0,Balmung,Crystal,1129,0,ff773bbf0388cc8a61ac7c87e78f978f_7a573cbc0cda3a3dfc1795cb3d9f7b23fc0.jpg?1791565476,Crystal,111,0,NIN
Cayen Cen,13893282,135,0,Cactuar,Aether,1124,0,736a684af24050d9faf2a50c1a5ea0b6_96ab1df8877c1f8ba6a89a39cccfd437fc0.jpg?1791562185,Crystal,74,0,UNK
Yneca Matan,52351159,136,0,Rafflesia,Dynamis,1113,0,aa6e6c057603c70f4559f29fce683a54_2783886613347a4db0bed7524de1298ffc0.jpg?1791563185,Crystal,63,0,GNB
No Bee,37102144,137,0,Lamia,Primal,1110,0,5c741048df2befeb7f80a2b03bb02aee_4d9be17b5e1edc617052b4dbf4007875fc0.jpg?1791564918,Crystal,147,0,MNK
Anti Luminosity,53824427,138,0,Marilith,Dynamis,1107,0,345441c3ea324bf07484e7e6f1031ccc_bbfb28d5a9059cd0c768daf77ab29982fc0.jpg?1791563171,Crystal,217,0,RPR
Johnny Rotten,60584717,139,0,Balmung,Crystal,1101,0,16dd0eb6be877814ca22fed24fe6191d_7a573cbc0cda3a3dfc1795cb3d9f7b23fc0.jpg?1791564581,Crystal,130,0,SGE
Bibi Zuzu,57423691,140,0,Rafflesia,Dynamis,1097,0,8b943a88460eb71bae75bfbd8b2408e8_2783886613347a4db0bed7524de1298ffc0.jpg?1791563376,Crystal,116,0,DNC
Adrianne Lehman,335503,141,0,Jenova,Aether,1096,0,9487d4bc6332e7a22c323a4ee321ffa1_ce736afe35e2ded4e46c4fd0659aef7efc0.jpg?1791562465,Crystal,464,0,NIN
Scythe Horrorblade,32713598,142,0,Mateus,Crystal,1096,0,43c41a5aa8d981f109e6d76f3347bd93_f0c52cc66e124fc2e641d7c21ab2ce79fc0.jpg?1791564060,Crystal,410,0,MNK
Fain Doncel'aram,18921518,143,0,Jenova,Aether,1096,0,99d5d58c7b97e260ff83d3d4b87a7103_ce736afe35e2ded4e46c4fd0659aef7efc0.jpg?1791563991,Crystal,38,0,MNK
Limit Less,48764071,144,0,Jenova,Aether,1094,0,cfaa3805c7a62fc99a75b9c68da57b17_ce736afe35e2ded4e46c4fd0659aef7efc0.jpg?1791562773,Crystal,32,0,MNK
Si Fu,16648383,145,0,Balmung,Crystal,1089,0,47661dc0b135d6c15fadc46a3fa85816_7a573cbc0cda3a3dfc1795cb3d9f7b23fc0.jpg?1791562276,Crystal,224,0,WAR
Unit Chan,37998953,146,0,Jenova,Aether,1089,0,edbb6ab0cdf4eefcc524df286e3ff034_ce736afe35e2ded4e46c4fd0659aef7efc0.jpg?1791563095,Crystal,146,0,GNB
Null Scapes,59976938,147,0,Midgardsormr,Aether,1080,0,15e6a7125c017437361f0bcc34cb84af_5c8ecfbc673e1287a9b5e85423fe1657fc0.jpg?1791562512,Crystal,82,0,DRG
Kanae Meow,36806118,148,0,Ultros,Primal,1079,0,8969e8a0b518902a3996525f822b4701_c514cdcdb619439df97d906d4434ccc6fc0.jpg?1791565040,Crystal,258,0,WHM
Noel Bunny,5201676,149,0,Behemoth,Primal,1079,0,c7f99603b6e09c43470bbabaed203add_be20385e18333edb329d4574f364a1f0fc0.jpg?1791563514,Crystal,206,0,UNK
Doomballoon Dapingus,19169037,150,0,Diabolos,Crystal,1017,0,e43cef91ca38a14de0e5bea2295ba9c0_7b33d33ae3ecb996f778a5f67a6a0af6fc0.jpg?1791562505,Crystal,75,0,SAM
Silah Zetsku,53965328,151,0,Hyperion,Primal,1012,0,d2b4042f092dccb0d381fdc61afe74c3_57ae9ee5592123dd79c8912bf768cf99fc0.jpg?1791562764,Crystal,77,0,WAR
Zithiel Bihrul,44613484,152,0,Faerie,Aether,1003,0,4abc29f0f384c794c1f6c7e7e60b8ed8_0e336ff6ad415f47233f0aaf127feac0fc0.jpg?1791562531,Crystal,226,0,MCH
Nero Cor,51685882,153,0,Cactuar,Aether,1001,0,a53a1a6499997a089c36337bcc3ae46d_96ab1df8877c1f8ba6a89a39cccfd437fc0.jpg?1791564617,Crystal,96,0,SAM
F'ool Pr'oof,27802292,154,0,Behemoth,Primal,1001,0,07756f3cccf4cada3f3d40b5d44ef841_be20385e18333edb329d4574f364a1f0fc0.jpg?1791562001,Crystal,83,0,SMN
Kirishoto Azphina,7859003,155,0,Excalibur,Primal,999,0,c9689b4fc4af55f8366432b02c0ce55f_745baffc465480ed372e274d50318290fc0.jpg?1791564385,Crystal,62,0,DNC
Yulia Lunaria,82714,156,0,Coeurl,Crystal,995,0,30d19e29baad4dfe064001a80a4466e1_284358f8eb4efc9095914e46798c6ab3fc0.jpg?1791562854,Crystal,54,0,RDM
Kuhl World,37758198,157,0,Siren,Aether,990,0,f50e6e509584057795c9e4befd5e5d69_58a84e851e55175d22158ca97af58a1ffc0.jpg?1791562703,Crystal,73,0,GSM
Raiden Meow,60049984,158,0,Halicarnassus,Dynamis,990,0,82a7874a19aee552f4a0f8ff2b663dff_f2d324d722b28bbe681b2898bcdca8bffc0.jpg?1791565404,Crystal,31,0,SCH
Cynthia Noir,25307713,159,0,Leviathan,Primal,988,0,5b4f8d78ae6dd18586116fe673617384_a91aae52cff9ef65932db06b150ffd47fc0.jpg?1791564655,Crystal,486,0,BLM
Keyleth Creed,45772844,160,0,Ultros,Primal,987,0,fafdc7854669343158328c3adeb0a3ae_c514cdcdb619439df97d906d4434ccc6fc0.jpg?1791563332,Crystal,29,0,UNK
Erik Jormungandr,21053207,161,0,Balmung,Crystal,985,0,d279bad4f9c048ee2cb4310b2dabb453_7a573cbc0cda3a3dfc1795cb3d9f7b23fc0.jpg?1791563139,Crystal,37,0,NIN
Xale Solace,52728205,162,0,Adamantoise,Aether,936,0,5272a5d5dea9738bb4a6638ac3f083d2_1f5fd239b885860b7c2bfc72ad1d97effc0.jpg?1791565414,Crystal,162,0,WHM
Celesse Archon,5403993,163,0,Midgardsormr,Aether,911,0,46c05696a375eb66cab3503bea79e4e4_5c8ecfbc673e1287a9b5e85423fe1657fc0.jpg?1791563555,Crystal,49,0,RPR
Rathais Gunnach,32955444,164,0,Brynhildr,Crystal,910,0,2a434eda7d82f52a4a70d056b83f2c27_d0a0f515a62457570c9b44997063e3c1fc0.jpg?1791565117,Crystal,62,0,DNC
Ash Ymir,50182260,165,0,Gilgamesh,Aether,906,0,571648c27d0568207bb3ebea02244e4e_b937560c841465f7c4bc8eb47ea7948afc0.jpg?1791563104,Crystal,92,0,UNK
Unagi Box,34773273,166,0,Cuchulainn,Dynamis,905,0,05a513d02b60c767bfb83440ab2d406b_b4a106e4893fd452df0001eaeecf9d7efc0.jpg?1791563024,Crystal,68,0,UNK
Boulder Beholder,10981587,167,0,Faerie,Aether,905,0,9de7d0362a3a832a7171bfe262bb5d94_0e336ff6ad415f47233f0aaf127feac0fc0.jpg?1791562159,Crystal,18,0,RDM
Xianra Bryne,4015592,168,0,Excalibur,Primal,905,0,770b7228e5d013ae3146fc6330b9b756_745baffc465480ed372e274d50318290fc0.jpg?1791563503,Crystal,17,0,SGE
Minato Maki,53819658,169,0,Excalibur,Primal,904,0,03c1d1dc5b9a30317518ec9a30c301ab_745baffc465480ed372e274d50318290fc0.jpg?1791564164,Crystal,38,0,MNK
Mirae Malaguld,50148809,170,0,Famfrit,Primal,902,0,6eb6ea3365a1160e9537ec75ff91463a_fce4949e615393e574f2d57134b31fc1fc0.jpg?1791563177,Crystal,17,0,WAR
Silvy Kaenbyou,45504540,171,0,Goblin,Crystal,901,0,3a856bd5c7e35d95f6afcc57be4321a1_8e81e2940511f7152ba4462fe53e35b8fc0.jpg?1791563870,Crystal,305,0,GNB
Somnidemn Serdorm,37031558,172,0,Goblin,Crystal,901,0,6147ca113912ee7b9ac321313bbf5863_8e81e2940511f7152ba4462fe53e35b8fc0.jpg?1791565360,Crystal,72,0,SCH
Theory Ai,55206021,173,0,Leviathan,Primal,897,0,018be547248466158b1d0f9de4315340_a91aae52cff9ef65932db06b150ffd47fc0.jpg?1791565184,Crystal,232,0,BLU
June Buggy,39873640,174,0,Brynhildr,Crystal,896,0,929fb7f3958e6f1fbc9e559d731c0108_d0a0f515a62457570c9b44997063e3c1fc0.jpg?1791563153,Crystal,51,0,MNK
Twist Slaps,45827554,175,0,Balmung,Crystal,894,0,15159b4ecdb811d022905e8cd9bc4839_7a573cbc0cda3a3dfc1795cb3d9f7b23fc0.jpg?1791562686,Crystal,81,0,SCH
Nia Yukumo,22530343,176,0,Lamia,Primal,893,0,41fe576462de4cc12ab76d6d29ef58e4_4d9be17b5e1edc617052b4dbf4007875fc0.jpg?1791563638,Crystal,109,0,UNK
Ice Mage,56719413,177,0,Golem,Dynamis,893,0,20eb207dbce003e2fb1842e0c47aacc7_dd61c3dc259e5c43722e89409499b669fc0.jpg?1791564455,Crystal,65,0,BLM
Garu Kettle,7054871,178,0,Behemoth,Primal,887,0,e03f1b46663ddb8c150315a88c79c9f1_be20385e18333edb329d4574f364a1f0fc0.jpg?1791562773,Crystal,192,0,UNK
Aahaha Hahahahaha,31743716,179,0,Exodus,Primal,887,0,77935bdcfdbdbcd8404ce28584023170_0cdf051c93865faa15cbc5cd3d2b69fbfc0.jpg?1791562968,Crystal,83,0,VPR
Nori Uxu,59427885,180,0,Famfrit,Primal,886,0,f6e4448deaa96d55d9e4599f8eba8c7c_fce4949e615393e574f2d57134b31fc1fc0.jpg?1791565200,Crystal,23,0,PLD
Phrosticus Maximus,51732834,181,0,Kraken,Dynamis,831,0,36921233b0c05085a501c86bb51f5633_049a956dfeb0eb2e19c417a1dde4d680fc0.jpg?1791564940,Crystal,395,0,BRD
Kiitla Hundar,21600585,182,0,Brynhildr,Crystal,821,0,acff83df95bca2189584bd6af72e84ce_d0a0f515a62457570c9b44997063e3c1fc0.jpg?1791564321,Crystal,168,0,UNK
Horan Lou,38248988,183,0,Brynhildr,Crystal,817,0,3c88d2c3502bacefa5eb1e223a75217b_d0a0f515a62457570c9b44997063e3c1fc0.jpg?1791565008,Crystal,110,0,DRG
Suho Thamasa,29478863,184,0,Hyperion,Primal,807,0,5a1f26eb5676742192b41e767e7e2071_57ae9ee5592123dd79c8912bf768cf99fc0.jpg?1791562570,Crystal,110,0,SCH
Judas Demaio,7957583,185,0,Balmung,Crystal,800,0,802e8b947615ba3fa10ac8d8e4fb1ebf_7a573cbc0cda3a3dfc1795cb3d9f7b23fc0.jpg?1791564282,Crystal,55,0,UNK
Shadow Reve,6323548,186,0,Gilgamesh,Aether,799,0,cbca7664e2c3d133469b2f7134ae8c01_b937560c841465f7c4bc8eb47ea7948afc0.jpg?1791562714,Crystal,42,0,UNK
Rin Denma,33178809,187,0,Gilgamesh,Aether,799,0,6c5bab6678d3c44b6e646bc8726eb9f9_b937560c841465f7c4bc8eb47ea7948afc0.jpg?1791565455,Crystal,19,0,UNK
Satoshi Itaori,52546108,188,0,Golem,Dynamis,798,0,1ecf4d8479fa0e8c3c4b6fe005108b6d_dd61c3dc259e5c43722e89409499b669fc0.jpg?1791562393,Crystal,46,0,AST
Night Mare,49589109,189,0,Marilith,Dynamis,797,0,74a99084a5440a692e093c03a82eb17d_bbfb28d5a9059cd0c768daf77ab29982fc0.jpg?1791565238,Crystal,46,0,UNK
Io Isana,33563057,190,0,Coeurl,Crystal,796,0,bb1bccc46bef2876072e2e7fa326fa12_284358f8eb4efc9095914e46798c6ab3fc0.jpg?1791561957,Crystal,33,0,BRD
Alex Rider,61850079,191,0,Hyperion,Primal,794,0,d221a7b6c00ffa393c988249ed242d9a_57ae9ee5592123dd79c8912bf768cf99fc0.jpg?1791562460,Crystal,109,0,DRG
Lelouch Masamune,12543299,192,0,Malboro,Crystal,793,0,711457fd66b589fb422ba4640a4826f0_2e97c13fdd593d15d543093f8a37b6f0fc0.jpg?1791565234,Crystal,84,0,SGE
Gracidea Blossom,4573171,193,0,Lamia,Primal,792,0,12afdfb12aebd14365b3149875fee65f_4d9be17b5e1edc617052b4dbf4007875fc0.jpg?1791563902,Crystal,93,0,WHM
Alana Mystranquil,38447772,194,0,Coeurl,Crystal,787,0,a3b4e0628a97b6c3941d78fd1af36b81_284358f8eb4efc9095914e46798c6ab3fc0.jpg?1791563469,Crystal,43,0,AST
Onigiri Bunny,7352884,195,0,Behemoth,Primal,780,0,382f2b7a0b15514c38a6e2d5af3d8014_be20385e18333edb329d4574f364a1f0fc0.jpg?1791564578,Crystal,15,0,UNK
Radanis Luminacht,16920977,196,0,Sargatanas,Aether,710,0,b371d311f8b15d14c5d5b08dda36ab7f_ba22853447012a24cee115315d6a5bebfc0.jpg?1791563340,Crystal,21,0,DRK
S'tille Fhey,8693680,197,0,Midgardsormr,Aether,709,0,d02ff61e52c6b3e4eadaf1f6172fe557_5c8ecfbc673e1287a9b5e85423fe1657fc0.jpg?1791563176,Crystal,79,0,WAR
Zed Kirimaru,28104766,198,0,Gilgamesh,Aether,706,0,9a08c73e22d960e1fb9034a9ceb619a9_b937560c841465f7c4bc8eb47ea7948afc0.jpg?1791563913,Crystal,148,0,RDM
Jin Mercer,31096690,199,0,Marilith,Dynamis,704,0,708b770d30658bbff6a84015d913b518_bbfb28d5a9059cd0c768daf77ab29982fc0.jpg?1791562620,Crystal,248,0,NIN
Koifucius Dao-master,37165464,200,0,Exodus,Primal,704,0,030277d5215f88056127d2b9e88474e4_0cdf051c93865faa15cbc5cd3d2b69fbfc0.jpg?1791564846,Crystal,23,0,UNK
Rusheel Vasscus,2314921,201,0,Adamantoise,Aether,702,0,a4248cc27f1d518fee3b2b12da021669_1f5fd239b885860b7c2bfc72ad1d97effc0.jpg?1791562383,Crystal,15,0,MNK
Hilto Feltre,55076328,202,0,Sargatanas,Aether,700,0,4a850e1dbb7f6f3aeff5b21df6166f3f_ba22853447012a24cee115315d6a5bebfc0.jpg?1791562866,Crystal,59,0,MCH
Mori Sumire,22629786,203,0,Zalera,Crystal,694,0,9d1372da41637e0a1cee75add0cdab3e_8106f857613f8fb994b0be37b26ff4bafc0.jpg?1791563246,Crystal,86,0,UNK
Bento Manjusaka,8342791,204,0,Famfrit,Primal,693,0,6ad6165e804ca5f8a6e46061f7c359ec_fce4949e615393e574f2d57134b31fc1fc0.jpg?1791564712,Crystal,223,0,BRD
Master Zoknik,48144446,205,0,Balmung,Crystal,692,0,3c54e73f2ad7023aa3b173793f95c070_7a573cbc0cda3a3dfc1795cb3d9f7b23fc0.jpg?1791565495,Crystal,29,0,DRK
Zot Meow,34168568,206,0,Sargatanas,Aether,690,0,857170879bee95fc8f3f62ae264a46ce_ba22853447012a24cee115315d6a5bebfc0.jpg?1791565031,Crystal,28,0,SGE
Lolly Pops,11573609,207,0,Leviathan,Primal,685,0,a38b4d4cbcfc624c56b5db6efb627dd2_a91aae52cff9ef65932db06b150ffd47fc0.jpg?1791563187,Crystal,343,0,CRP
Pravik Rhati,30628415,208,0,Zalera,Crystal,623,0,6f338ced5bbbd90812f4a17468f53684_8106f857613f8fb994b0be37b26ff4bafc0.jpg?1791562453,Crystal,310,0,UNK
Ethan Dumas,2337003,209,0,Zalera,Crystal,612,0,4363afb6aeff95a15293cf3907560f7b_8106f857613f8fb994b0be37b26ff4bafc0.jpg?1791562675,Crystal,175,0,RDM
Naeng Myeon,35393894,210,0,Jenova,Aether,611,0,e834ee8ccde5fd99424275ed75278f5b_ce736afe35e2ded4e46c4fd0659aef7efc0.jpg?1791564734,Crystal,178,0,PLD
Tc Sola,43984930,211,0,Zalera,Crystal,608,0,1bde011c1056c258b5456fb7d0f6283f_8106f857613f8fb994b0be37b26ff4bafc0.jpg?1791564126,Crystal,110,0,DRK
Kyda Oriana,7676781,212,0,Balmung,Crystal,607,0,5a1ffcf9ec98159ee3f6c3727943f30f_7a573cbc0cda3a3dfc1795cb3d9f7b23fc0.jpg?1791563878,Crystal,40,0,WAR
Novical Astrea,42979170,213,0,Exodus,Primal,604,0,b638930bbe9987be79fa698126728549_0cdf051c93865faa15cbc5cd3d2b69fbfc0.jpg?1791562825,Crystal,124,0,LTW
Cely Bee,10350871,214,0,Hyperion,Primal,604,0,3c8a305d1be098e7d8a443da34c6ec9f_57ae9ee5592123dd79c8912bf768cf99fc0.jpg?1791563232,Crystal,83,0,WHM
Ivy Storm,61727582,215,0,Zalera,Crystal,604,0,27a648f77de0ff7a1a44539cbd062203_8106f857613f8fb994b0be37b26ff4bafc0.jpg?1791563687,Crystal,81,0,MCH
Dank Lollington,37820692,216,0,Exodus,Primal,604,0,2b6faafd9620689cd5e4222c96529aa5_0cdf051c93865faa15cbc5cd3d2b69fbfc0.jpg?1791564451,Crystal,26,0,SAM
Shiroi Kijo,44769088,217,0,Ultros,Primal,602,0,2bc8c14bed99e41cc16db823a37e5295_c514cdcdb619439df97d906d4434ccc6fc0.jpg?1791564044,Crystal,196,0,SMN
Shum One,31246227,218,0,Midgardsormr,Aether,602,0,6a9ab1154c9d9a712cc039f45837db6d_5c8ecfbc673e1287a9b5e85423fe1657fc0.jpg?1791563957,Crystal,93,0,VPR
Alma Braver,729037,219,0,Goblin,Crystal,602,0,1d50d402d833734bf7f0d1fe6b3af5e8_8e81e2940511f7152ba4462fe53e35b8fc0.jpg?1791563080,Crystal,63,0,UNK
Nikau Milkdud,30842976,220,0,Lamia,Primal,601,0,2ffee265e9fb9491997d30306dc67cc3_4d9be17b5e1edc617052b4dbf4007875fc0.jpg?1791563424,Crystal,20,0,MCH
Teysa Montgomery,6201712,221,0,Cactuar,Aether,600,0,eb51f53fb1f2b23ee171b4e92895e9b4_96ab1df8877c1f8ba6a89a39cccfd437fc0.jpg?1791565240,Crystal,311,0,DRG
Kohvu Lynx,1558192,222,0,Exodus,Primal,600,0,071acbe4f7c99524490dc3ec23aca0f1_0cdf051c93865faa15cbc5cd3d2b69fbfc0.jpg?1791562229,Crystal,49,0,WHM
Sarantsatsral Kha,26082962,223,0,Behemoth,Primal,600,0,f8735f190504d139ee16ec1a623371dc_be20385e18333edb329d4574f364a1f0fc0.jpg?1791563729,Crystal,45,0,AST
Hunie Pop,37396085,224,0,Ultros,Primal,599,0,8a72b357002474c02d597d6e8bc94cee_c514cdcdb619439df97d906d4434ccc6fc0.jpg?1791562575,Crystal,224,0,WHM
Mimiko Kino,37737560,225,0,Cactuar,Aether,598,0,2f578a342ca6fc6db5f86b231212e716_96ab1df8877c1f8ba6a89a39cccfd437fc0.jpg?1791562155,Crystal,37,0,WAR
Ever After,61886458,226,0,Golem,Dynamis,597,0,ce6d0aed1a633df84225c3db33b7d3b6_dd61c3dc259e5c43722e89409499b669fc0.jpg?1791562697,Crystal,93,0,AST
Freelili Baylili,41088797,227,0,Famfrit,Primal,591,0,2fd0edea93f7f1b96bfa59c24d04a2af_fce4949e615393e574f2d57134b31fc1fc0.jpg?1791563110,Crystal,68,0,BLM
Cassian Syndriel,52998476,228,0,Ultros,Primal,507,0,db812378f708097c17610e9e6817f749_c514cdcdb619439df97d906d4434ccc6fc0.jpg?1791562746,Crystal,82,0,SAM
Larxis Themage,9284703,229,0,Mateus,Crystal,506,0,f1440421e273892659981868cbc99f9b_f0c52cc66e124fc2e641d7c21ab2ce79fc0.jpg?1791565238,Crystal,292,0,BLM
Cecils Lunas,39054438,230,0,Brynhildr,Crystal,506,0,4f553dbd79cfae0460c3d43b82171d15_d0a0f515a62457570c9b44997063e3c1fc0.jpg?1791563405,Crystal,59,0,DRG
Airi Aogane,46241895,231,0,Sargatanas,Aether,503,0,11367baad718b56f9682513d9430146d_ba22853447012a24cee115315d6a5bebfc0.jpg?1791563095,Crystal,117,0,UNK
V'linh Tia,35736983,232,0,Hyperion,Primal,501,0,760e31f96b4d3b3534fcdc43c9564fab_57ae9ee5592123dd79c8912bf768cf99fc0.jpg?1791564148,Crystal,178,0,WAR
Yos Sy,23664999,233,0,Jenova,Aether,501,0,01f58e6e2269085746fd0a5b6fe0e7f2_ce736afe35e2ded4e46c4fd0659aef7efc0.jpg?1791562412,Crystal,153,0,MCH
Chronochaos Asura,1230012,234,0,Excalibur,Primal,501,0,16f01a0a9404158e87254af5dbe09328_745baffc465480ed372e274d50318290fc0.jpg?1791562378,Crystal,95,0,VPR
Kotsu Inaro,30630355,235,0,Exodus,Primal,501,0,366970acd3e57071fd4ad21f6339b0d7_0cdf051c93865faa15cbc5cd3d2b69fbfc0.jpg?1791564104,Crystal,48,0,UNK
Blonde Redhead,49490935,236,0,Marilith,Dynamis,501,0,0e239c86e9da893fd26a7749174eb81a_bbfb28d5a9059cd0c768daf77ab29982fc0.jpg?1791562981,Crystal,24,0,DNC
Virtus Giruvegan,3183831,236,0,Gilgamesh,Aether,501,0,e8050cdd79efaaf143d74f9ae4cdcfb1_b937560c841465f7c4bc8eb47ea7948afc0.jpg?1791562542,Crystal,24,0,UNK
Oni Akuma,7300790,238,0,Gilgamesh,Aether,500,0,e8e098720e245711114b4614110261b5_b937560c841465f7c4bc8eb47ea7948afc0.jpg?1791563389,Crystal,197,0,NIN
Veri Luominen,55705450,239,0,Lamia,Primal,500,0,950efa363fdbeeb92977c51680813524_4d9be17b5e1edc617052b4dbf4007875fc0.jpg?1791565207,Crystal,47,0,MNK
Senka Kyo,40405843,240,0,Adamantoise,Aether,500,0,57edcac1396cccc62373cfaa1109ab06_1f5fd239b885860b7c2bfc72ad1d97effc0.jpg?1791563654,Crystal,4,0,CUL
Aelara Nightelm,2908362,241,0,Maduin,Dynamis,499,0,f40ea9e3404cbab02b92f9bc1d80cdcd_7ff236346f6151d8a2c08fd0b4a0b806fc0.jpg?1791564787,Crystal,136,0,UNK
M' Twelve,36885704,242,0,Halicarnassus,Dynamis,499,0,0f10ff80520b725264b0aed8ac62d609_f2d324d722b28bbe681b2898bcdca8bffc0.jpg?1791562948,Crystal,75,0,UNK
Honey Toast,57307408,243,0,Exodus,Primal,499,0,f4ce05067fa4042fad64931eb5015841_0cdf051c93865faa15cbc5cd3d2b69fbfc0.jpg?1791563834,Crystal,55,0,UNK
Brian Ricardo,9364090,244,0,Adamantoise,Aether,499,0,c00688b4ac9b567c1a4de9d648fbbff4_1f5fd239b885860b7c2bfc72ad1d97effc0.jpg?1791563830,Crystal,37,0,UNK
Shinra Tatsuya,8648762,245,0,Gilgamesh,Aether,498,0,7dccb5e520b149afd2b044279fa8694e_b937560c841465f7c4bc8eb47ea7948afc0.jpg?1791563137,Crystal,142,0,MCH
Mahou Mahou,47196016,246,0,Rafflesia,Dynamis,497,0,6e978054777e93d657aa58ae97d863a9_2783886613347a4db0bed7524de1298ffc0.jpg?1791562484,Crystal,14,0,VPR
Lulu Meow,48275257,247,0,Seraph,Dynamis,497,0,51be8970a98b1eb6f9a2235e0c2b943b_07fb0511053f398d1f2d6831e6a6b4c8fc0.jpg?1791564322,Crystal,8,0,WHM
Tio Tot,32427648,248,0,Jenova,Aether,493,0,b6b5f99e0b2c9878499873fdbe82cda3_ce736afe35e2ded4e46c4fd0659aef7efc0.jpg?1791565438,Crystal,27,0,PCT
Nika Arwing,12407061,249,0,Behemoth,Primal,480,0,f0ebfd95e843addaab2471d3cb028eb6_be20385e18333edb329d4574f364a1f0fc0.jpg?1791562577,Crystal,12,0,NIN
Bigg Succ,14228989,250,0,Coeurl,Crystal,408,0,d833225ff74a6d00fc89b134cc155262_284358f8eb4efc9095914e46798c6ab3fc0.jpg?1791564611,Crystal,7,0,MCH
Bean Waters,34305264,251,0,Famfrit,Primal,406,0,bcdcd97b24d4dfc6b3e643c8670b6f7c_fce4949e615393e574f2d57134b31fc1fc0.jpg?1791564375,Crystal,47,0,WHM
Lowan Gleview,48863675,252,0,Gilgamesh,Aether,406,0,3ed0770e9633fa9630af57f595f1d68d_b937560c841465f7c4bc8eb47ea7948afc0.jpg?1791563022,Crystal,35,0,NIN
Obelisk Silvermoon,18585285,253,0,Zalera,Crystal,403,0,7af7eadecc57bb171735e8cd2c455a5c_8106f857613f8fb994b0be37b26ff4bafc0.jpg?1791564870,Crystal,28,0,UNK
Clyde Valentine,47896182,254,0,Faerie,Aether,402,0,7643a89a2b062b2c4613ed6226d9ca00_0e336ff6ad415f47233f0aaf127feac0fc0.jpg?1791562051,Crystal,83,0,UNK
Roland Montpensier,27408688,255,0,Mateus,Crystal,402,0,f999e29fa2ab10f6ba02338f493e886b_f0c52cc66e124fc2e641d7c21ab2ce79fc0.jpg?1791565346,Crystal,27,0,DRK
Lean Bean,27288162,256,0,Leviathan,Primal,402,0,10eb9c645841623c4f9edb8e24e49d0e_a91aae52cff9ef65932db06b150ffd47fc0.jpg?1791564918,Crystal,21,0,PCT
Jay Roguelike,58381347,257,0,Gilgamesh,Aether,401,0,616328e702b2b2e8d452581d53ec9f88_b937560c841465f7c4bc8eb47ea7948afc0.jpg?1791565174,Crystal,102,0,GNB
Very Shooooooooooort,49384501,258,0,Hyperion,Primal,401,0,084259a7b0d5cdac112faebe64bac849_57ae9ee5592123dd79c8912bf768cf99fc0.jpg?1791564268,Crystal,88,0,UNK
O'naeas Du'faigh,39414113,259,0,Ultros,Primal,401,0,7994a259bec436115a0081b11babf4f8_c514cdcdb619439df97d906d4434ccc6fc0.jpg?1791561934,Crystal,75,0,MCH
Vicious Nouzen,42001229,260,0,Adamantoise,Aether,401,0,94ccc3f4ceffc2356f1ddd47d85ca9f7_1f5fd239b885860b7c2bfc72ad1d97effc0.jpg?1791562465,Crystal,58,0,MNK
Rail Ying,33252892,261,0,Famfrit,Primal,400,0,e9ae8b691e418ccccf35ebe11804f497_fce4949e615393e574f2d57134b31fc1fc0.jpg?1791565331,Crystal,341,0,RPR
Coffee Dawg,17085073,262,0,Famfrit,Primal,400,0,3f73984ff31eed30a16eba5ac017bdda_fce4949e615393e574f2d57134b31fc1fc0.jpg?1791564825,Crystal,72,0,GNB
Nero K'ten,6155374,263,0,Lamia,Primal,400,0,457604f04300faac0e52a053884e2bb7_4d9be17b5e1edc617052b4dbf4007875fc0.jpg?1791562226,Crystal,54,0,MIN
Cj Deux,23394493,264,0,Lamia,Primal,399,0,64702aeefa55d2931c531ddadd7964ea_4d9be17b5e1edc617052b4dbf4007875fc0.jpg?1791563198,Crystal,364,0,BLM
Communal Cheeks,27114083,265,0,Exodus,Primal,399,0,3fc08de400212f238f1a14efeb29b544_0cdf051c93865faa15cbc5cd3d2b69fbfc0.jpg?1791565021,Crystal,133,0,MCH
Lenpao Victus,30455513,266,0,Midgardsormr,Aether,399,0,6067c0a6b77debbd9a03665d4d13dd52_5c8ecfbc673e1287a9b5e85423fe1657fc0.jpg?1791564861,Crystal,78,0,UNK
Pvp Wintrader,55633250,267,0,Rafflesia,Dynamis,399,0,a95c4512f0f35cf564aac910d19b00e2_2783886613347a4db0bed7524de1298ffc0.jpg?1791564877,Crystal,41,0,BRD
So What,33785359,268,0,Ultros,Primal,398,0,b0f894a94041f0bd4b241723ce815801_c514cdcdb619439df97d906d4434ccc6fc0.jpg?1791562492,Crystal,66,0,NIN
Kaede Obinata,32151196,269,0,Marilith,Dynamis,398,0,460d631b298c83b035fb70ac5669658d_bbfb28d5a9059cd0c768daf77ab29982fc0.jpg?1791563667,Crystal,46,0,SGE
Ava Falafell,7835301,270,0,Cactuar,Aether,398,0,037dd67f6ab82aadfe3e7b3e4973d525_96ab1df8877c1f8ba6a89a39cccfd437fc0.jpg?1791563276,Crystal,32,0,WHM
Milly Mina,37964161,271,0,Cuchulainn,Dynamis,398,0,f3300c3e28b3c5b4a3767a587341831e_b4a106e4893fd452df0001eaeecf9d7efc0.jpg?1791563407,Crystal,25,0,BLU
Cadence Cantus,33044984,272,0,Siren,Aether,398,0,44e7dbfa977275caf68524c22df4eed0_58a84e851e55175d22158ca97af58a1ffc0.jpg?1791564693,Crystal,8,0,BRD
Shoujo Hime,18340055,273,0,Leviathan,Primal,397,0,c341075038058a45ef549f7bac1b9d25_a91aae52cff9ef65932db06b150ffd47fc0.jpg?1791563287,Crystal,211,0,AST
Aurora Aura,51466191,274,0,Coeurl,Crystal,397,0,6bf65747d41f881881af0d8d8ee83bb9_284358f8eb4efc9095914e46798c6ab3fc0.jpg?1791565497,Crystal,124,0,SMN
Pinky Auto'break,59213242,275,0,Halicarnassus,Dynamis,397,0,9ac8bffaba88f1f4c7fe1238e6a7dcb0_f2d324d722b28bbe681b2898bcdca8bffc0.jpg?1791563554,Crystal,41,0,UNK
Sammy Young,6615078,276,0,Siren,Aether,396,0,45fe6dff76e055741580aebf281d0495_58a84e851e55175d22158ca97af58a1ffc0.jpg?1791565067,Crystal,89,0,PCT
Kale Crow,57973655,277,0,Excalibur,Primal,396,0,39e30189265e5cf770bddc1b87bdb349_745baffc465480ed372e274d50318290fc0.jpg?1791563012,Crystal,66,0,UNK
Goemon Da-cat,33537349,278,0,Behemoth,Primal,395,0,43966a550ccf1c1bef04bbdf44d30910_be20385e18333edb329d4574f364a1f0fc0.jpg?1791565048,Crystal,41,0,BRD
Jon Jitsu,3287137,279,0,Exodus,Primal,395,0,40995ea7a6a7bd4a2bf41fe663bdcd2a_0cdf051c93865faa15cbc5cd3d2b69fbfc0.jpg?1791562249,Crystal,30,0,RDM
Thamiel Blade,11845109,280,0,Malboro,Crystal,393,0,80ba6f7aa26a72c98ebf41b210be27be_2e97c13fdd593d15d543093f8a37b6f0fc0.jpg?1791565299,Crystal,84,0,DRK
Gidson Brand,28304013,281,0,Goblin,Crystal,390,0,876c2dd63c77339205c6fe96b4bd3d82_8e81e2940511f7152ba4462fe53e35b8fc0.jpg?1791564025,Crystal,53,0,WAR
Kala Bean,47191581,282,0,Sargatanas,Aether,390,0,652d26fa63ddcd1da1592c0daad3e3e7_ba22853447012a24cee115315d6a5bebfc0.jpg?1791562539,Crystal,35,0,SGE
Kiro Storm,2229937,283,0,Faerie,Aether,311,0,80b8683df1ad9172d59a3f29dba5f221_0e336ff6ad415f47233f0aaf127feac0fc0.jpg?1791562688,Crystal,51,0,WAR
Shana Ni,36321546,284,0,Adamantoise,Aether,310,0,f05c605e44129957276c3ebb9c62ebed_1f5fd239b885860b7c2bfc72ad1d97effc0.jpg?1791565008,Crystal,117,0,WAR
Meridia Grimmlock,2197600,285,0,Diabolos,Crystal,306,0,f48032d38e2fc8781b9bbdff444a3cac_7b33d33ae3ecb996f778a5f67a6a0af6fc0.jpg?1791563964,Crystal,51,0,PLD
Eroison Chren,42575447,286,0,Ultros,Primal,302,0,d66c862181da18eea3335d6667510dc6_c514cdcdb619439df97d906d4434ccc6fc0.jpg?1791562676,Crystal,56,0,SCH
Malorec Achlur,23572490,287,0,Balmung,Crystal,302,0,2a92fda1b2bcfc00ac608ee4842abefc_7a573cbc0cda3a3dfc1795cb3d9f7b23fc0.jpg?1791563269,Crystal,20,0,UNK
Tarex Youva,34244171,288,0,Behemoth,Primal,301,0,f62a1a6593a19abc7f2ade2191e57159_be20385e18333edb329d4574f364a1f0fc0.jpg?1791565416,Crystal,75,0,GNB
Rei Isley,13459122,289,0,Diabolos,Crystal,301,0,88c32525ec552513d3e9559ec647512c_7b33d33ae3ecb996f778a5f67a6a0af6fc0.jpg?1791565437,Crystal,54,0,SAM
Denmo Mcstronghuge,1150717,290,0,Excalibur,Primal,301,0,bb33b9be77e28ab26ee6367ad6ba7cac_745baffc465480ed372e274d50318290fc0.jpg?1791565010,Crystal,20,0,DRG
Erdrick Than'talas,35169837,291,0,Behemoth,Primal,300,0,bcdde4e2fbfba10f901006ffbc7723cc_be20385e18333edb329d4574f364a1f0fc0.jpg?1791565255,Crystal,375,0,GNB
Ciel Sorrel,22647977,292,0,Zalera,Crystal,300,0,4feb2b2835b10561864f50a075fa571c_8106f857613f8fb994b0be37b26ff4bafc0.jpg?1791563367,Crystal,95,0,UNK
Eternal Slumber,25903660,293,0,Hyperion,Primal,300,0,e04969696b7e202db5371bd7c0b62231_57ae9ee5592123dd79c8912bf768cf99fc0.jpg?1791565350,Crystal,76,0,NIN
Shannon Le-turtle,39536399,294,0,Seraph,Dynamis,300,0,e571ca9c826cb66d6fa7846b5d384a46_07fb0511053f398d1f2d6831e6a6b4c8fc0.jpg?1791564986,Crystal,62,0,SAM
Chocolate Sundae,11896647,295,0,Leviathan,Primal,300,0,e75ff0153c7586a9f758c64c6f71a8a2_a91aae52cff9ef65932db06b150ffd47fc0.jpg?1791564344,Crystal,58,0,UNK
Ezekiell Zepol,1180389,296,0,Excalibur,Primal,300,0,4ad42e78dbedc29967c7a80c89723218_745baffc465480ed372e274d50318290fc0.jpg?1791562306,Crystal,42,0,RPR
Sumia Flor,33531136,297,0,Siren,Aether,300,0,48d2b4acca8a2f9b8af413bf808c0b05_58a84e851e55175d22158ca97af58a1ffc0.jpg?1791564583,Crystal,21,0,BLU
Onion Little,37583983,298,0,Zalera,Crystal,300,0,59533d6fd2d0a8b58595bf860ae3f36a_8106f857613f8fb994b0be37b26ff4bafc0.jpg?1791562927,Crystal,13,0,ALC
W'kepaga M'ankhad,51943168,299,0,Midgardsormr,Aether,299,0,2731864a3bfbb890bb0d554a4dbb55cc_5c8ecfbc673e1287a9b5e85423fe1657fc0.jpg?1791562858,Crystal,266,0,SMN
Blair Dorne,29869596,300,0,Ultros,Primal,299,0,9e146102ba59effa56603b6cece7193d_c514cdcdb619439df97d906d4434ccc6fc0.jpg?1791561958,Crystal,169,0,NIN
Ash Kitamura,26629771,1,0,Ravana,Materia,0,0,33c0c99f7649a707ea0e8e4da0340efb_2f53b2675d3eea360f0b48d74d30af15fc0.jpg?1791562470,Diamond,81,0,AST
Enrei Mihata,49665542,2,0,Ravana,Materia,0,0,9df67e19d234830f2d797bb6efbad836_2f53b2675d3eea360f0b48d74d30af15fc0.jpg?1791563967,Diamond,37,0,DRG
Fatahh Wizardcat,60429758,3,0,Zurvan,Materia,0,0,0a04508a6feea55f3b4227e7d574212a_1fa3a1b3845481a1b67b46854a3cc49afc0.jpg?1791565025,Platinum,52,0,BLM
Queue Up,44283543,4,0,Ravana,Materia,0,0,341e0565d728c5334b58960edfc1c897_2f53b2675d3eea360f0b48d74d30af15fc0.jpg?1791562518,Platinum,42,0,PLD
Shiki Hime,41619079,5,0,Sophia,Materia,0,0,e0f33871fdd9bcb0012cace0f140b504_ba15a18cd3a8fb567e39053022515eb6fc0.jpg?1791563546,Platinum,39,0,MNK
Sora Teppelin,7487042,6,0,Sophia,Materia,0,0,3d849e783499c238b2f4d439e3a8c2a7_ba15a18cd3a8fb567e39053022515eb6fc0.jpg?1791564967,Platinum,35,0,PLD
Shiny Jirachi,51220221,7,0,Sophia,Materia,0,0,f1b04aa626472a08642b4f93d911f87c_ba15a18cd3a8fb567e39053022515eb6fc0.jpg?1791563431,Platinum,11,0,RDM
Raiosu Eucliffe,45249258,8,0,Ravana,Materia,0,0,a21442f92d53ab89cab416d41fe9132d_2f53b2675d3eea360f0b48d74d30af15fc0.jpg?1791562666,Platinum,53,0,BRD
Nyanyanyanya Nyanyan,48648775,9,0,Ravana,Materia,0,0,ec08e9f45b8d4335b412f3e39f4458e2_2f53b2675d3eea360f0b48d74d30af15fc0.jpg?1791564036,Platinum,29,0,WHM
Ku Ku,58267971,10,0,Sophia,Materia,0,0,77db43d75ac5ffe3d585318a47534ab9_ba15a18cd3a8fb567e39053022515eb6fc0.jpg?1791563727,Platinum,52,0,BLM
Master Zoknik,61010055,11,0,Zurvan,Materia,0,0,bfa135b89b0fb27fe708b3a427bd667f_1fa3a1b3845481a1b67b46854a3cc49afc0.jpg?1791564770,Platinum,88,0,SMN
Jiraiya Sannin,47974804,12,0,Ravana,Materia,0,0,6a5cc312529bc78b7d0bbbf5f41983af_2f53b2675d3eea360f0b48d74d30af15fc0.jpg?1791562558,Platinum,45,0,WAR
Esperance Lightbound,16103781,13,0,Ravana,Materia,0,0,0d3ff648d49892a8fc3bd67490985032_2f53b2675d3eea360f0b48d74d30af15fc0.jpg?1791562678,Platinum,40,0,AST
Syth Isi,14766898,14,0,Sephirot,Materia,0,0,4eef23c58ccbdfd054240b7a6afee3df_30a5f9eadea6e0cb684a5265362d0d59fc0.jpg?1791562128,Platinum,31,0,SGE
Lil Wu,39781651,15,0,Ravana,Materia,0,0,883868199332c12050d61887025475bc_2f53b2675d3eea360f0b48d74d30af15fc0.jpg?1791562042,Platinum,38,0,PLD
Monkey Rat,28956529,16,0,Zurvan,Materia,0,0,bd13db4ebaa363278dd269b5941ae816_1fa3a1b3845481a1b67b46854a3cc49afc0.jpg?1791564549,Platinum,75,0,SGE
Unshao Theruun,36386941,17,0,Sephirot,Materia,0,0,ec8f93abdc73eddcd17e0450db1cb572_30a5f9eadea6e0cb684a5265362d0d59fc0.jpg?1791564010,Platinum,28,0,WAR
Aleksei Veldoch,39931654,18,0,Ravana,Materia,0,0,ef0923b785702de5a588b383a0d1bcea_2f53b2675d3eea360f0b48d74d30af15fc0.jpg?1791563001,Platinum,47,0,DRG
Noelle Frost,59496366,19,0,Zurvan,Materia,0,0,5e03b95700bb3e6556a80cb9336a41d2_1fa3a1b3845481a1b67b46854a3cc49afc0.jpg?1791564040,Platinum,40,0,UNK
Boz Ulceros,32280980,20,0,Ravana,Materia,0,0,269b081d650bf5598fd5a3f9419b8b43_2f53b2675d3eea360f0b48d74d30af15fc0.jpg?1791563433,Platinum,72,0,NIN
Funeral Pyre,29286073,21,0,Zurvan,Materia,0,0,48d5de4023484583f2225a2026548284_1fa3a1b3845481a1b67b46854a3cc49afc0.jpg?1791565414,Platinum,61,0,SMN
Stu Vermillion,45923134,22,0,Sephirot,Materia,0,0,542be51b9ba1f8c4c217e94d2b96e3aa_30a5f9eadea6e0cb684a5265362d0d59fc0.jpg?1791562063,Platinum,58,0,SAM
Mars Bars,41756039,23,0,Sophia,Materia,0,0,87af5886ec3b52e7e582ccc7755f6a9b_ba15a18cd3a8fb567e39053022515eb6fc0.jpg?1791562456,Platinum,49,0,DRG
Chs Crane,37655547,24,0,Sophia,Materia,0,0,7cd2d4b420716bf684bdd41ef37d9319_ba15a18cd3a8fb567e39053022515eb6fc0.jpg?1791563939,Platinum,30,0,BLM
Leopold Summerhill,45926061,25,0,Zurvan,Materia,0,0,9974ad1d2dd892e3d97989536f82b01c_1fa3a1b3845481a1b67b46854a3cc49afc0.jpg?1791562575,Platinum,26,0,SCH
Simetras Sol,38726083,26,0,Ravana,Materia,0,0,fc54c458f2e80d3680f50e6026011ab7_2f53b2675d3eea360f0b48d74d30af15fc0.jpg?1791563951,Gold,131,0,NIN
Wierd Dude,58113414,27,0,Sephirot,Materia,0,0,c887fa7d587b2205b349abb82627a0d1_30a5f9eadea6e0cb684a5265362d0d59fc0.jpg?1791563179,Gold,84,0,MCH
Lillian Melikai,42502039,28,0,Ravana,Materia,0,0,6c5f22e96162240c2bb96702fcbe123b_2f53b2675d3eea360f0b48d74d30af15fc0.jpg?1791563870,Gold,47,0,RDM
Coffee Lover,50333621,29,0,Sophia,Materia,0,0,3c4552eb56bfb14f36d9b512873eac0d_ba15a18cd3a8fb567e39053022515eb6fc0.jpg?1791562367,Gold,42,0,UNK
Izaray Wintergray,40906176,29,0,Sophia,Materia,0,0,be2f5b4e324fa72cd4ef19d0c29f10da_ba15a18cd3a8fb567e39053022515eb6fc0.jpg?1791564282,Gold,42,0,PLD
Twitch Pvpash,58310287,31,0,Sephirot,Materia,0,0,825390c1ecfa92c4ed45d4ff7a91e39e_30a5f9eadea6e0cb684a5265362d0d59fc0.jpg?1791563095,Gold,35,0,PLD
Disco Knees,36101852,32,0,Sophia,Materia,0,0,48d0a8dae7efe9ad10780f28920a969b_ba15a18cd3a8fb567e39053022515eb6fc0.jpg?1791563091,Gold,33,0,BLM
Nirki Yukumo,41663432,33,0,Zurvan,Materia,0,0,c950234c9a872ae2ab8476f696fcb74f_1fa3a1b3845481a1b67b46854a3cc49afc0.jpg?1791564366,Gold,28,0,NIN
Seth Nier,10650761,34,0,Sophia,Materia,0,0,64bba40966450747199bec23184e47a3_ba15a18cd3a8fb567e39053022515eb6fc0.jpg?1791563001,Gold,26,0,MNK
Sleepy Head,54923482,35,0,Ravana,Materia,0,0,31221d074cff9a4777b8f0f6dc349444_2f53b2675d3eea360f0b48d74d30af15fc0.jpg?1791562088,Gold,20,0,BLM
Jena Kuwahara,28003546,36,0,Ravana,Materia,0,0,5bacb190ffd91b392df04923b13fa29a_2f53b2675d3eea360f0b48d74d30af15fc0.jpg?1791565251,Gold,158,0,WHM
Fokus Galantryus,40738924,37,0,Sophia,Materia,0,0,93e1d720637fb04b8b4f9b7a346a6a4e_ba15a18cd3a8fb567e39053022515eb6fc0.jpg?1791564738,Gold,31,0,DRG
Han Liu,44640291,38,0,Ravana,Materia,0,0,55233b520f90487f51f380e2add5fc3d_2f53b2675d3eea360f0b48d74d30af15fc0.jpg?1791563602,Gold,119,0,SGE
Vielle Drillemont,52770027,39,0,Ravana,Materia,0,0,6c212c0698d00b38fb5cb7d51dcf91bf_2f53b2675d3eea360f0b48d74d30af15fc0.jpg?1791565250,Gold,80,0,WAR
Scarlette Harlette,51206657,40,0,Sephirot,Materia,0,0,2f63ccbdc329fa14480887bf4c0dfa0e_30a5f9eadea6e0cb684a5265362d0d59fc0.jpg?1791565245,Gold,71,0,DNC
Stupid Puzzle,57160120,41,0,Ravana,Materia,0,0,7af9b543418115db5c1299f1abb4e123_2f53b2675d3eea360f0b48d74d30af15fc0.jpg?1791562529,Gold,45,0,DRG
X'lloon Nitsah,40170182,42,0,Ravana,Materia,0,0,69f494d732cbf667fa486e1042bd3619_2f53b2675d3eea360f0b48d74d30af15fc0.jpg?1791565428,Gold,44,0,GNB
Juru'a Mihrulh,48704606,43,0,Zurvan,Materia,0,0,80aa9b34947750aa356810124a11ba19_1fa3a1b3845481a1b67b46854a3cc49afc0.jpg?1791562618,Gold,77,0,MCH
Aislinn Rose,47395507,44,0,Ravana,Materia,0,0,920c56af8cba5363c65e0c83dbbcac71_2f53b2675d3eea360f0b48d74d30af15fc0.jpg?1791563032,Gold,68,0,BRD
Brian Ricardo,41560139,45,0,Sophia,Materia,0,0,678ed14a243387459872b7217f75e382_ba15a18cd3a8fb567e39053022515eb6fc0.jpg?1791562462,Gold,26,0,SGE
Noah Marlowe,16149159,46,0,Ravana,Materia,0,0,ec4ee34b34397ee883bd89175e1f15df_2f53b2675d3eea360f0b48d74d30af15fc0.jpg?1791565331,Gold,15,0,RDM
J'mo H',10666399,47,0,Sephirot,Materia,0,0,53873e717cbf7baeb168205935077671_30a5f9eadea6e0cb684a5265362d0d59fc0.jpg?1791562238,Gold,28,0,BLM
Berogi Avarous,37261319,48,0,Sophia,Materia,0,0,5fbe574c31dc7541b2bb18753fed8278_ba15a18cd3a8fb567e39053022515eb6fc0.jpg?1791563045,Gold,25,0,VPR
Rika Chan,47643751,49,0,Sophia,Materia,0,0,5a30dadaa36de4a3a212770057bb19d2_ba15a18cd3a8fb567e39053022515eb6fc0.jpg?1791563767,Gold,17,0,RPR
Lion Lord,60332724,50,0,Ravana,Materia,0,0,72fbb269e357d68127cd61715f152bc8_2f53b2675d3eea360f0b48d74d30af15fc0.jpg?1791563845,Gold,63,0,DRK
Anwir De-viece,58698037,51,0,Ravana,Materia,0,0,2a85cf689dc656e43470cb547586f207_2f53b2675d3eea360f0b48d74d30af15fc0.jpg?1791562240,Gold,52,0,WHM
Lupercal Aurelian,37936946,52,0,Ravana,Materia,0,0,93674d47ae679f2b2191e0d82e33123f_2f53b2675d3eea360f0b48d74d30af15fc0.jpg?1791561974,Gold,30,0,RDM
Arvus Lake,60370728,53,0,Bismarck,Materia,0,0,3491a10775fcbbb5a0c1329925f30f4f_36f0570990ac5402b2ef514d36b0435cfc0.jpg?1791563619,Gold,17,0,MNK
Neo Zee,58982637,54,0,Ravana,Materia,0,0,c042f71fe47095dad35d5764027056d1_2f53b2675d3eea360f0b48d74d30af15fc0.jpg?1791563854,Gold,38,0,BRD
Qu Poh,56997475,55,0,Ravana,Materia,0,0,f2fd5a4d7f0de6829d04c017f63724e3_2f53b2675d3eea360f0b48d74d30af15fc0.jpg?1791563545,Gold,26,0,UNK
Zervish Vanht,21659747,56,0,Ravana,Materia,0,0,ff2403388bd597c0b3fb62c30e9bff67_2f53b2675d3eea360f0b48d74d30af15fc0.jpg?1791565230,Gold,23,0,DRK
Byakko Moon,10831175,57,0,Sephirot,Materia,0,0,7d8049ebe32efa74e5107944b1e43d15_30a5f9eadea6e0cb684a5265362d0d59fc0.jpg?1791563895,Gold,11,0,PLD
Sukoshi Ninjin,57860048,58,0,Sophia,Materia,0,0,b41a0bd7b5958d56cec5f84314a28f3a_ba15a18cd3a8fb567e39053022515eb6fc0.jpg?1791563160,Gold,32,0,UNK
Aurum Blaiddyd,10794239,59,0,Sophia,Materia,0,0,8b76648a8cb1cbbd4f1c870189433f3a_ba15a18cd3a8fb567e39053022515eb6fc0.jpg?1791563329,Gold,13,0,UNK
Clars Lester,951178,60,0,Sephirot,Materia,0,0,46727c8d445323c9e5b8140d37027050_30a5f9eadea6e0cb684a5265362d0d59fc0.jpg?1791562082,Silver,64,0,WAR
Sebastian Michaelis,42038341,61,0,Sephirot,Materia,0,0,17f4346a95c45541b337263d60106b3f_30a5f9eadea6e0cb684a5265362d0d59fc0.jpg?1791563351,Silver,59,0,CUL
Sana Miyata,34196273,62,0,Ravana,Materia,0,0,4a94c0f8b59e635e8748a32f11cc42f8_2f53b2675d3eea360f0b48d74d30af15fc0.jpg?1791561939,Silver,31,0,SCH
Birdy Lou,40000398,63,0,Sophia,Materia,0,0,a8894121a60bc81621d47edf1ee0577b_ba15a18cd3a8fb567e39053022515eb6fc0.jpg?1791565150,Silver,29,0,SGE
Meteor O'shepherd,45930708,64,0,Zurvan,Materia,0,0,d7760185abedc0450a1b24e845299a23_1fa3a1b3845481a1b67b46854a3cc49afc0.jpg?1791562799,Silver,20,0,VPR
Rorqual Kasa,57902813,65,0,Sophia,Materia,0,0,7feae505b9896a3e51486698db2446ea_ba15a18cd3a8fb567e39053022515eb6fc0.jpg?1791565031,Silver,36,0,DNC
Cwenhild Reid,41763782,66,0,Sophia,Materia,0,0,c9d176025665cc1528a984e82a81fd64_ba15a18cd3a8fb567e39053022515eb6fc0.jpg?1791562127,Silver,24,0,DRK
Pollux Renault,45246168,67,0,Ravana,Materia,0,0,af456258cb5d3ca7c42bb950f92247de_2f53b2675d3eea360f0b48d74d30af15fc0.jpg?1791564542,Silver,13,0,UNK
Ranko Riselle,47223883,68,0,Sophia,Materia,0,0,301cb977b468ead36aa13c049b17f861_ba15a18cd3a8fb567e39053022515eb6fc0.jpg?1791562808,Silver,11,0,UNK
Your Conscience,16441762,69,0,Sophia,Materia,0,0,2b2174722b7610bb306987526ac6cb6d_ba15a18cd3a8fb567e39053022515eb6fc0.jpg?1791565357,Silver,41,0,SMN
Anzac Fenrir,10988408,70,0,Ravana,Materia,0,0,6c7b02f93e5250249333e13f236fc545_2f53b2675d3eea360f0b48d74d30af15fc0.jpg?1791563030,Silver,31,0,BTN
Kensuke Sugimori,59626210,70,0,Ravana,Materia,0,0,b8c23a3c5466f6621fe9629c20c0b897_2f53b2675d3eea360f0b48d74d30af15fc0.jpg?1791562319,Silver,31,0,NIN
Eustace Madao,44593837,72,0,Ravana,Materia,0,0,687914339d33024fe783e72eb5a1929f_2f53b2675d3eea360f0b48d74d30af15fc0.jpg?1791563605,Silver,22,0,PCT
Tasty Yoo,15561721,73,0,Sophia,Materia,0,0,235b517496d3b18ad6050b7e4f89124e_ba15a18cd3a8fb567e39053022515eb6fc0.jpg?1791563978,Silver,19,0,MCH
Elto Malto,55670275,74,0,Zurvan,Materia,0,0,6625d7f60a549d4e764bdbbb6315b573_1fa3a1b3845481a1b67b46854a3cc49afc0.jpg?1791563913,Silver,17,0,UNK
Peaceful Serenity,44576253,75,0,Sephirot,Materia,0,0,ae7fb16a93fad97a522145bf683d894f_30a5f9eadea6e0cb684a5265362d0d59fc0.jpg?1791563164,Silver,0,0,RDM
Persona Non-grata,59997612,76,0,Ravana,Materia,0,0,817d96e78e710beff47ca2d76caa6b30_2f53b2675d3eea360f0b48d74d30af15fc0.jpg?1791564870,Silver,42,0,PLD
Cucu Cucumber,43336963,77,0,Sophia,Materia,0,0,d0bedba76c1744686e4fafd9d31eeb08_ba15a18cd3a8fb567e39053022515eb6fc0.jpg?1791565261,Silver,40,0,BLM
Frierens Feet,18696306,78,0,Bismarck,Materia,0,0,55c56c5779dac3caf6a9e915a44a972d_36f0570990ac5402b2ef514d36b0435cfc0.jpg?1791562301,Silver,29,0,SMN
C'ranmaia Lizha,60465549,79,0,Bismarck,Materia,0,0,f41736abfa17637ee6e1f020f2787726_36f0570990ac5402b2ef514d36b0435cfc0.jpg?1791562452,Silver,18,0,UNK
Shiny Garchomp,44081260,80,0,Ravana,Materia,0,0,a9aeaf4658d90c68d46e7086d323e456_2f53b2675d3eea360f0b48d74d30af15fc0.jpg?1791564374,Silver,17,0,MCH
Erovy Chan,53456997,81,0,Sephirot,Materia,0,0,913fe829d75c62866a74a4c8bd6f0e51_30a5f9eadea6e0cb684a5265362d0d59fc0.jpg?1791564013,Silver,13,0,DRG
Sen Zeka,62124659,82,0,Sophia,Materia,0,0,1823c4c042b6dba95a5ad3e3a8d5658b_ba15a18cd3a8fb567e39053022515eb6fc0.jpg?1791564776,Silver,15,0,ROG
Ban Kai,47225010,83,0,Sephirot,Materia,0,0,78a29399957ac8f8c2ed7341e41f580c_30a5f9eadea6e0cb684a5265362d0d59fc0.jpg?1791562409,Silver,14,0,WAR
Seda Bellveil,37097307,84,0,Ravana,Materia,0,0,e4179b7160fc91432b06479833527c48_2f53b2675d3eea360f0b48d74d30af15fc0.jpg?1791562284,Silver,13,0,SAM
Minty Dew,11254788,85,0,Sephirot,Materia,0,0,afdf4d4e1f96c8e17ed8dbbb09ea4e01_30a5f9eadea6e0cb684a5265362d0d59fc0.jpg?1791562526,Silver,12,0,PLD
Pompitous Litchous,28520377,86,0,Sephirot,Materia,0,0,ab4abed9c2f0b5369480818f95581f87_30a5f9eadea6e0cb684a5265362d0d59fc0.jpg?1791562516,Silver,10,0,UNK
Magnolia Moonsong,39932795,87,0,Sephirot,Materia,0,0,a9e5b8f87ce0e4e7d236eef2abfe90e0_30a5f9eadea6e0cb684a5265362d0d59fc0.jpg?1791562303,Silver,19,0,RDM
Zepherii Sui,43963552,87,0,Sophia,Materia,0,0,31b395238c6120dc114964c652dc393b_ba15a18cd3a8fb567e39053022515eb6fc0.jpg?1791562201,Silver,19,0,MCH
Yayaka Muli,41698484,89,0,Sophia,Materia,0,0,20cb36e61ec6056e895410e846d2f65d_ba15a18cd3a8fb567e39053022515eb6fc0.jpg?1791562422,Silver,18,0,SCH
Sil Vanht,3592400,90,0,Ravana,Materia,0,0,7557bb5d8d4d13b13e750b30dbd34093_2f53b2675d3eea360f0b48d74d30af15fc0.jpg?1791564808,Silver,9,0,PLD
Re- G',41760350,91,0,Sophia,Materia,0,0,b5e032ba04147a101b5a91d07703c313_ba15a18cd3a8fb567e39053022515eb6fc0.jpg?1791563024,Silver,0,0,UNK
Tiny Seda,43818296,92,0,Ravana,Materia,0,0,21e2b2de9125d9cf1b99748fa9eef0e2_2f53b2675d3eea360f0b48d74d30af15fc0.jpg?1791562303,Silver,55,0,GSM
Venase Tym,61779775,93,0,Sophia,Materia,0,0,24aac6d5abd68d4dc957bd7c98ba27f2_ba15a18cd3a8fb567e39053022515eb6fc0.jpg?1791563628,Silver,18,0,UNK
Zero Alexander,18446688,94,0,Sophia,Materia,0,0,f2e26342d51255236baa45461f41bf5b_ba15a18cd3a8fb567e39053022515eb6fc0.jpg?1791563096,Silver,14,0,WHM
Temp Arie,41750566,95,0,Zurvan,Materia,0,0,73bdd493fc471827004a90a5745ff400_1fa3a1b3845481a1b67b46854a3cc49afc0.jpg?1791561982,Silver,13,0,RDM
Awayi Soleil,40986096,96,0,Zurvan,Materia,0,0,c84676ef434b75aec3260707fcad3d8a_1fa3a1b3845481a1b67b46854a3cc49afc0.jpg?1791562429,Silver,12,0,UNK
Swhe Swoo,28568079,97,0,Sephirot,Materia,0,0,fbccbe709d21605c6f47dec5052b1238_30a5f9eadea6e0cb684a5265362d0d59fc0.jpg?1791562979,Silver,9,0,GNB
Levinia Lumina,25634480,98,0,Ravana,Materia,0,0,9ba79c01085813db00f74aa9a46fd0c8_2f53b2675d3eea360f0b48d74d30af15fc0.jpg?1791562631,Silver,12,0,MCH
Faye Amoret,28738568,99,0,Sophia,Materia,0,0,db40e5035f6f662b6a8b36ecf79df1fc_ba15a18cd3a8fb567e39053022515eb6fc0.jpg?1791564470,Silver,11,0,BRD
Liachen Thrope,29127861,100,0,Sophia,Materia,0,0,b0722934ed1329725ff744f9ae52c7ba_ba15a18cd3a8fb567e39053022515eb6fc0.jpg?1791563019,Silver,9,0,MCH
