name,id,cur_rank,prev_rank,world,dc,points,points_delta,portrait,tier,wins,wins_delta,job
Cliffe Zanza,36074329,1,0,Spriggan,Chaos,3228,97,d8d2fa78adb447ec4b6d5d747f5d5f84_feaf0a2e88ff164813fbc9b85876fa48fc0.jpg?1787395219,Ultima,182,4,MNK
Miyu Moon,58918526,2,0,Moogle,Chaos,3093,2,1abf5ce3756f6fa0d1c5be2cd39491bc_d7a9d5f85a29d6278ec1c7adc2c8d242fc0.jpg?1787392335,Ultima,78,2,SAM
Scarlet Rose,26616217,3,0,Spriggan,Chaos,2863,0,96ad88f23a708e8d6e391f669986d57c_feaf0a2e88ff164813fbc9b85876fa48fc0.jpg?1787393159,Omega,376,18,PLD
Totsu Geki,60147602,4,0,Spriggan,Chaos,2826,0,1b45188bdbf3dd4afe9a37a646eaa4b9_feaf0a2e88ff164813fbc9b85876fa48fc0.jpg?1787394788,Omega,353,30,SAM
Mamiyama Kamimama,37371304,5,0,Spriggan,Chaos,2817,73,3c6fd6569d3dce40308c9a2a1f3c3bfa_feaf0a2e88ff164813fbc9b85876fa48fc0.jpg?1787394581,Omega,352,32,SCH
Shino Yaru,38308969,6,15,Phoenix,Light,2740,457,0662727bb913ed7fe3009f3542ea1e64_5047bc596a4bab2dc7f7c120bb22dec5fc0.jpg?1787391931,Omega,212,23,UNK
Saboree Catboy,36051653,7,6,Spriggan,Chaos,2548,0,b61ec1080d608b5a83f30baef219dc02_feaf0a2e88ff164813fbc9b85876fa48fc0.jpg?1787393371,Omega,244,3,MNK
Tsukuyo Ritlas,37800185,8,7,Odin,Light,2484,0,eca30840fe0bed8e80f620b5f57c49de_644311b63b607133c989d7c1188467dafc0.jpg?1787393797,Omega,94,0,RDM
Yasuki San,61688064,9,0,Phantom,Chaos,2477,86,37dbf9b8936faaf9c75f598c38dcac11_f0a43d6e5eea19af337a176e9836acddfc0.jpg?1787393906,Omega,392,12,UNK
Ange Melrose,50267939,10,8,Omega,Chaos,2432,0,f2fb3057962bf3d28bcce976076f5368_39e25ac3d737c46452305eefe324372cfc0.jpg?1787394272,Omega,207,17,PLD
Crow Kaien,44749262,11,10,Zodiark,Light,2375,0,54e5719ccbdb45c6de28f017b4365207_c274370774c6bc3483cc8740805f41bcfc0.jpg?1787395322,Omega,46,0,NIN
Aura Sphere,30657353,12,11,Zodiark,Light,2355,0,6cc4a373eafbcbf88a340a52d95f133e_c274370774c6bc3483cc8740805f41bcfc0.jpg?1787395355,Omega,111,9,AST
Prisma Tic,38791879,13,12,Cerberus,Chaos,2350,2,5220c35172bb26154c862a6d485e37b8_777c57311d510ca65dac3c1077dee435fc0.jpg?1787392741,Omega,260,3,SAM
Lex'ander Wayfarer,18009481,14,13,Odin,Light,2295,0,0adfa03fe11940a91e3b6a2ed08ddb88_644311b63b607133c989d7c1188467dafc0.jpg?1787395450,Omega,72,0,MCH
Resilla Frostflow,14658770,15,14,Cerberus,Chaos,2294,0,00a4e6250beb98b5644c87cffe8b7f4f_777c57311d510ca65dac3c1077dee435fc0.jpg?1787392195,Omega,140,0,AST
Auelin Fae,18291844,16,0,Zodiark,Light,2271,0,2d6204db02c5efce86aca234fd6f1ce1_c274370774c6bc3483cc8740805f41bcfc0.jpg?1787394455,Omega,112,0,DRG
Tia Tomoe,41293767,17,0,Phoenix,Light,2265,0,7dc31b9a880ba3f36a3ef1208e0c5909_5047bc596a4bab2dc7f7c120bb22dec5fc0.jpg?1787391984,Omega,97,0,SMN
Ivaious Zol,38270926,18,0,Odin,Light,2215,0,2e78b44195db83336b1acbe75927a864_644311b63b607133c989d7c1188467dafc0.jpg?1787394614,Omega,113,9,RDM
Sice Seven,15008161,19,20,Moogle,Chaos,2184,80,23657ac0d29f4bc5667ef1e00cf528f8_d7a9d5f85a29d6278ec1c7adc2c8d242fc0.jpg?1787393309,Omega,92,4,BRD
Lhei Tayun,25191408,20,19,Zodiark,Light,2179,0,6ee93960f16da0ea5150fe1b7590dfa4_c274370774c6bc3483cc8740805f41bcfc0.jpg?1787393211,Omega,213,12,BLM
Ase Dora,42603487,21,22,Alpha,Light,2161,142,78626e6cf6f07875d5ac9527a5bd0c4d_6132295fcf5570fb8b0a944ef322a598fc0.jpg?1787393742,Omega,407,16,MCH
Loty Coldwind,36521588,22,21,Twintania,Light,2082,0,3632cf6d20598f5c4c7b748be7e19153_c33f640c0cdd35f7def85b8aa31a0007fc0.jpg?1787393698,Omega,266,0,MNK
Maarato Cookie,20349526,23,0,Twintania,Light,2002,0,dbab16598b86bb31b2eb96070f723572_c33f640c0cdd35f7def85b8aa31a0007fc0.jpg?1787394038,Omega,167,0,BRD
Tarutella Goldfish,4235488,24,0,Phoenix,Light,1989,0,f269741c27ca22c02db955557e7283fa_5047bc596a4bab2dc7f7c120bb22dec5fc0.jpg?1787393084,Omega,77,1,SGE
Leedo Dale,25033597,25,0,Zodiark,Light,1983,0,9e122691e98bda2ea6abe86ed7b81a63_c274370774c6bc3483cc8740805f41bcfc0.jpg?1787394735,Omega,417,18,SGE
Elohim Meth,60682611,26,0,Raiden,Light,1930,0,0b14f1751b014118eca06236e1fdf2bf_a370664d98f658f4ed4e620f378f73cdfc0.jpg?1787393182,Omega,141,0,UNK
Deadrise Mutombo,31730694,27,0,Ragnarok,Chaos,1928,0,a382acb94313f23d966dd6d39d909bea_40d57ba713628f3f1ef5ef204b6d76d2fc0.jpg?1787393152,Omega,140,9,NIN
Arale Il,15406803,28,0,Ragnarok,Chaos,1919,0,e5c2a19e43a1edb9b276827163b36a1b_40d57ba713628f3f1ef5ef204b6d76d2fc0.jpg?1787392249,Omega,142,0,AST
Not Marci,51672179,29,0,Louisoix,Chaos,1828,0,b6c4338b1daa8161914134b74ee784f0_0a122616f3718d3f45cab10fd8fc1604fc0.jpg?1787393384,Omega,104,0,DRG
Misora Kaiatsa,25126040,30,0,Moogle,Chaos,1814,10,80fa199452585ab77d14128509576300_d7a9d5f85a29d6278ec1c7adc2c8d242fc0.jpg?1787393942,Omega,122,4,RPR
Tei Tei,36611700,31,0,Odin,Light,1800,2,21c224545e3d3af775a3d377c8e444bf_644311b63b607133c989d7c1188467dafc0.jpg?1787392985,Omega,123,1,WHM
Xen Thique,40172078,32,0,Odin,Light,1797,0,8930228f4df0c18feea28ebbb1c451f2_644311b63b607133c989d7c1188467dafc0.jpg?1787394333,Omega,107,0,SCH
Miyu Edelfelt,21335430,33,0,Phoenix,Light,1785,0,ba690d74246b4d07f543f0d9516feec2_5047bc596a4bab2dc7f7c120bb22dec5fc0.jpg?1787394445,Omega,189,20,WHM
Maggot Maggot,61703768,34,0,Omega,Chaos,1709,0,3657d57f4a20a5d901d7f4537f1b7307_39e25ac3d737c46452305eefe324372cfc0.jpg?1787392113,Omega,235,0,WAR
Dalik Mathis,9537863,35,0,Ragnarok,Chaos,1694,0,fd4dde44208527cc20e58ba589d51f01_40d57ba713628f3f1ef5ef204b6d76d2fc0.jpg?1787392837,Omega,146,12,GNB
Sweet Light,41777815,36,0,Spriggan,Chaos,1679,0,2e6808627bd2b8f0f5f0377d20cbbbc5_feaf0a2e88ff164813fbc9b85876fa48fc0.jpg?1787394478,Omega,91,0,RDM
Fygqhzr Zhgfjhh,49000606,37,0,Phantom,Chaos,1679,0,ed46d70a9c354991698a796aac7c462e_f0a43d6e5eea19af337a176e9836acddfc0.jpg?1787393090,Omega,46,0,DRG
Shia Sun,1754600,38,0,Odin,Light,1678,0,7550981ba488e5ebe919aa3cb39efbfa_644311b63b607133c989d7c1188467dafc0.jpg?1787392198,Omega,176,1,DRG
Delzor Waka,40194085,39,0,Odin,Light,1663,0,bde30c4caff355f65cf9761727b12725_644311b63b607133c989d7c1188467dafc0.jpg?1787391951,Omega,156,0,MCH
Pan Ther,47356852,40,0,Twintania,Light,1651,0,fc9492796dbee9f84ae010350ec7759c_c33f640c0cdd35f7def85b8aa31a0007fc0.jpg?1787394756,Omega,148,0,RPR
Two Koma,51508003,41,0,Zodiark,Light,1595,0,15a666f8d7bb67401300fae763ce4d32_c274370774c6bc3483cc8740805f41bcfc0.jpg?1787393304,Omega,125,0,WAR
Kimbi Aoe,24693270,42,0,Shiva,Light,1593,0,67e0ddfb70faf5725a971d086cfdce61_3fbff0e6b620e4d259dc427abc6574dafc0.jpg?1787393687,Omega,79,0,SAM
Ame Ame,20722816,43,62,Ragnarok,Chaos,1587,500,84eea0fa24e8d91df6e02312644e4c94_40d57ba713628f3f1ef5ef204b6d76d2fc0.jpg?1787391927,Omega,62,7,UNK
Cat Wife,21099767,44,43,Zodiark,Light,1584,0,76d1664265ae631c957cfab6c72cfba9_c274370774c6bc3483cc8740805f41bcfc0.jpg?1787393272,Omega,25,0,WAR
Jun Moxiao,40533777,45,44,Odin,Light,1571,0,9f41b7adf0a59849ae35b17cdace2b32_644311b63b607133c989d7c1188467dafc0.jpg?1787394464,Omega,125,0,VPR
Yi Ma,60448295,46,45,Phoenix,Light,1564,0,bb3af62117cae7488d9b02007f341c7b_5047bc596a4bab2dc7f7c120bb22dec5fc0.jpg?1787394115,Omega,121,0,SMN
Akari Tsuki,31005286,47,46,Louisoix,Chaos,1509,0,28e1cfaecfbf911dc3621f5de74642aa_0a122616f3718d3f45cab10fd8fc1604fc0.jpg?1787395327,Omega,58,0,MNK
Ten Gil,17217146,48,49,Louisoix,Chaos,1506,20,884fcae1e61228d09798c630a2c827fb_0a122616f3718d3f45cab10fd8fc1604fc0.jpg?1787393548,Omega,67,14,SMN
Chise Hatori',9182735,49,52,Ragnarok,Chaos,1496,192,236f29f4984f26e6b197da380f104a63_40d57ba713628f3f1ef5ef204b6d76d2fc0.jpg?1787392846,Crystal,164,10,RDM
Memento Mo'ri,1641495,50,47,Ragnarok,Chaos,1495,0,86323bce84189061b1d71ff1dc25266a_40d57ba713628f3f1ef5ef204b6d76d2fc0.jpg?1787393230,Crystal,102,8,SGE
A'dyalani Sato,10026278,51,48,Odin,Light,1487,0,d072994a22af88090aecf6e5a3b85c36_644311b63b607133c989d7c1188467dafc0.jpg?1787393885,Crystal,187,7,NIN
Shimori Bunihara,35166011,52,50,Raiden,Light,1461,0,c44c8fc68c230b1051ec35a527afe9ed_a370664d98f658f4ed4e620f378f73cdfc0.jpg?1787393320,Crystal,134,0,CUL
Yhren Vhal,56948558,53,55,Odin,Light,1414,203,3f62ad2093c1016540ef936a5563823b_644311b63b607133c989d7c1188467dafc0.jpg?1787395446,Crystal,239,13,UNK
Aurora Maou,26517539,54,51,Louisoix,Chaos,1388,0,433a49b5cc43b35afac03d97c50262f9_0a122616f3718d3f45cab10fd8fc1604fc0.jpg?1787394659,Crystal,106,0,MNK
Meryll Enetari,24681550,55,53,Cerberus,Chaos,1293,0,f4fe16c70d7023e2101e19421c5abf1e_777c57311d510ca65dac3c1077dee435fc0.jpg?1787393538,Crystal,296,8,RDM
Sunie Mochi,12728791,56,54,Twintania,Light,1264,5,4760f9b45bd6f71f83adbd97ab87eae3_c33f640c0cdd35f7def85b8aa31a0007fc0.jpg?1787393895,Crystal,200,9,DNC
Lsi Lsi,47353875,57,58,Lich,Light,1209,102,792b3235fe2fbd35d956e856c210194f_7206469080400ed57a5373d0a9c55c59fc0.jpg?1787393893,Crystal,106,13,MNK
Yun' Yun,11341467,58,56,Cerberus,Chaos,1203,0,df098ceed6d9cf14cf61cc4110cd6cb5_777c57311d510ca65dac3c1077dee435fc0.jpg?1787393009,Crystal,154,0,AST
Kyouko Owo,25629243,59,57,Louisoix,Chaos,1157,0,4fbeb17208a00397ad05eebfc2d20d2f_0a122616f3718d3f45cab10fd8fc1604fc0.jpg?1787394297,Crystal,57,1,WHM
Based Miqote,46487952,60,59,Twintania,Light,1102,0,5e2bb42e554586a20b050b7fd3f88e26_c33f640c0cdd35f7def85b8aa31a0007fc0.jpg?1787392174,Crystal,103,4,UNK
Myst Freyja,33906213,61,60,Omega,Chaos,1102,0,240b879fd403fc16c04022b6075077ae_39e25ac3d737c46452305eefe324372cfc0.jpg?1787395316,Crystal,69,0,RDM
Snap Ringer,18714030,62,61,Omega,Chaos,1093,0,77577ce781d587b133c9c53da0974817_39e25ac3d737c46452305eefe324372cfc0.jpg?1787395475,Crystal,22,0,FSH
Yamizura Kumozuma,19652230,63,0,Twintania,Light,1080,0,24bbc9cebf09eb83efcbc272c3085fd1_c33f640c0cdd35f7def85b8aa31a0007fc0.jpg?1787392447,Crystal,15,0,SCH
Phaey Yeon,58326616,64,0,Moogle,Chaos,1006,0,6497d439e55c80c0156c198e7f135c78_d7a9d5f85a29d6278ec1c7adc2c8d242fc0.jpg?1787393572,Crystal,112,0,UNK
Imy Pure,24943089,65,0,Cerberus,Chaos,1006,0,2e46879ac1baf7fc77ec2de872a0461c_777c57311d510ca65dac3c1077dee435fc0.jpg?1787393438,Crystal,24,0,SCH
Magna Shanoa,22946172,66,0,Omega,Chaos,1002,0,fa3b3fe187b1dcbf8c4a5af5b2c5d507_39e25ac3d737c46452305eefe324372cfc0.jpg?1787393083,Crystal,40,0,GNB
Raiden Thorne,27238016,67,0,Zodiark,Light,996,0,96a909af8d24d60f6d8173f8cc16facb_c274370774c6bc3483cc8740805f41bcfc0.jpg?1787393935,Crystal,16,0,SAM
Elyndra Mayhn,27143285,68,0,Twintania,Light,937,0,e4b30c11c8c987996e50ee4c5899c037_c33f640c0cdd35f7def85b8aa31a0007fc0.jpg?1787392912,Crystal,124,0,BRD
Tyra Kett,26531277,69,0,Spriggan,Chaos,926,0,101b7ec48bba5c5e5b34fda1316c57bc_feaf0a2e88ff164813fbc9b85876fa48fc0.jpg?1787394985,Crystal,126,0,DRG
Wwwwwwwwww Wwwwwwwwww,22934838,70,75,Odin,Light,910,103,44b50a04ce7aed4e2c4699753f5b83bc_644311b63b607133c989d7c1188467dafc0.jpg?1787394263,Crystal,58,4,SMN
Sin Mirrorslave,43994621,71,70,Raiden,Light,908,0,3f8e3345c252d3f9b50e27c481f91100_a370664d98f658f4ed4e620f378f73cdfc0.jpg?1787394770,Crystal,59,0,UNK
Magic Beans,43732030,72,71,Phoenix,Light,905,0,4a7e75e2be4f70e389e8807cc1d2b885_5047bc596a4bab2dc7f7c120bb22dec5fc0.jpg?1787392493,Crystal,134,5,PLD
Kyra Nshakha,56831314,73,91,Alpha,Light,905,208,b27d76c3fbe312d06184fd92f8aebc55_6132295fcf5570fb8b0a944ef322a598fc0.jpg?1787392825,Crystal,112,5,GNB
Holos Ymir,35299241,74,72,Cerberus,Chaos,876,0,f8029ed36fad032333305dfa455cddec_777c57311d510ca65dac3c1077dee435fc0.jpg?1787392853,Crystal,78,0,MCH
Khorasan Ataraxia,47289604,75,73,Shiva,Light,811,0,721a6c9c723209b16696818df4cf0c93_3fbff0e6b620e4d259dc427abc6574dafc0.jpg?1787394442,Crystal,245,6,UNK
Lybel Alyborias,25836089,76,74,Louisoix,Chaos,807,0,a86b680e6c4e5e23befaaaf535a158de_0a122616f3718d3f45cab10fd8fc1604fc0.jpg?1787393840,Crystal,67,0,RDM
Baka Bao,30345026,77,76,Phantom,Chaos,801,0,57df7efcbcdf8f1aca84c4f1435c36ba_f0a43d6e5eea19af337a176e9836acddfc0.jpg?1787393166,Crystal,450,23,SAM
Brian Ricardo,23607238,78,77,Zodiark,Light,801,0,9c9d045f5f22c579ce5c24faa2b9b303_c274370774c6bc3483cc8740805f41bcfc0.jpg?1787394253,Crystal,65,0,AST
Tay Talenath,45740169,79,78,Raiden,Light,799,0,b2fa0c7222f7e3ebe117f24a200e11d8_a370664d98f658f4ed4e620f378f73cdfc0.jpg?1787394737,Crystal,168,0,SCH
Drop Dead,61865612,80,79,Raiden,Light,796,0,8b4d73c68bf61dbad86bb051105da5ec_a370664d98f658f4ed4e620f378f73cdfc0.jpg?1787392340,Crystal,61,0,VPR
Endorel Soro,12949151,81,80,Alpha,Light,796,0,038b9a835f84a3b80a8a467605d3dd8c_6132295fcf5570fb8b0a944ef322a598fc0.jpg?1787393808,Crystal,43,0,UNK
Acacia Strain,43137076,82,81,Raiden,Light,794,0,8678948c8fea34b563980d4a6da37e32_a370664d98f658f4ed4e620f378f73cdfc0.jpg?1787394953,Crystal,317,0,RDM
Mitsuki Mirai,18435457,83,107,Louisoix,Chaos,794,297,365f1772f387bd280bdbfc16afbd5e4e_0a122616f3718d3f45cab10fd8fc1604fc0.jpg?1787392799,Crystal,37,6,MCH
Sal Ren,40787945,84,82,Phoenix,Light,793,0,9613f7a8c0a759977b8a3fe787fed7e0_5047bc596a4bab2dc7f7c120bb22dec5fc0.jpg?1787392900,Crystal,75,0,WAR
Hyzenthlay Efrafa,1817919,85,83,Ragnarok,Chaos,790,0,f61f49f2ed95a3709fa034686da0eb63_40d57ba713628f3f1ef5ef204b6d76d2fc0.jpg?1787392745,Crystal,59,0,RPR
Skillpade Skyr,37019657,86,84,Lich,Light,782,0,e520a31662bd7030c96e4951a4f2d301_7206469080400ed57a5373d0a9c55c59fc0.jpg?1787393088,Crystal,146,0,DRK
Terro Beoulevard,51148631,87,85,Sagittarius,Chaos,709,0,758b534f47542287e0b99c648590b2ac_44ca0844398b2d010d8cd4a31ddb023dfc0.jpg?1787392043,Crystal,62,2,VPR
Life Enjoyer,28145650,88,86,Raiden,Light,704,0,1f163924ab5a124c00b3684fe37e6e58_a370664d98f658f4ed4e620f378f73cdfc0.jpg?1787392325,Crystal,104,2,DRG
Farnese Shieldmaiden,24419493,89,87,Cerberus,Chaos,701,0,dcec016c4a6cd9a2bd3a2b73183f5a65_777c57311d510ca65dac3c1077dee435fc0.jpg?1787394260,Crystal,25,2,PLD
Red Aura,58355527,90,88,Spriggan,Chaos,700,0,24685b07d940d962953f7111d4144e46_feaf0a2e88ff164813fbc9b85876fa48fc0.jpg?1787392440,Crystal,49,0,MNK
Diarmuidia Ua-dibhne,60435376,91,89,Cerberus,Chaos,699,0,5d9b7dcb4848e335ad4a88c0dc644669_777c57311d510ca65dac3c1077dee435fc0.jpg?1787394071,Crystal,99,0,DRG
Feri De,32873333,92,90,Twintania,Light,698,0,04fae792c920333e5bdc3287c0df72e4_c33f640c0cdd35f7def85b8aa31a0007fc0.jpg?1787393030,Crystal,148,14,SGE
Spedah Sashihai,46717230,93,92,Phantom,Chaos,697,0,916aa42d41d9cb06784f26d21d850c5a_f0a43d6e5eea19af337a176e9836acddfc0.jpg?1787395165,Crystal,90,12,SGE
Lost Signal,56186869,94,93,Odin,Light,695,0,b36972ee34bfd25f82ce348b32b6f5da_644311b63b607133c989d7c1188467dafc0.jpg?1787395387,Crystal,121,3,RDM
Gabriel Zephyrus,11099535,95,94,Zodiark,Light,690,0,fb5c6913d0c275952def0841ab82887f_c274370774c6bc3483cc8740805f41bcfc0.jpg?1787393885,Crystal,199,0,RPR
Laela Hyun,59589734,96,95,Phantom,Chaos,684,0,a377ba040d4300db7c8df4efc92acd53_f0a43d6e5eea19af337a176e9836acddfc0.jpg?1787393659,Crystal,55,0,UNK
Magidolce Magileine,39132419,97,96,Twintania,Light,614,0,088bd05d5a98251023ecb7e28a638b68_c33f640c0cdd35f7def85b8aa31a0007fc0.jpg?1787394589,Crystal,217,24,MCH
Sophia Ariadne,11431073,98,97,Odin,Light,600,0,f4329ddf82a418a6e12f1ba978bc1523_644311b63b607133c989d7c1188467dafc0.jpg?1787392068,Crystal,57,0,NIN
Roy Dimgao,29524655,99,98,Omega,Chaos,597,0,320af7149c63c337e5826c2c2cc1bf37_39e25ac3d737c46452305eefe324372cfc0.jpg?1787394894,Crystal,187,0,RDM
Feral Jorex,21749898,100,99,Odin,Light,594,0,f9027c778862384a6ae4224efd2fe7c3_644311b63b607133c989d7c1188467dafc0.jpg?1787393934,Crystal,243,18,SMN
General Aardvark,48423100,101,100,Twintania,Light,514,0,cf88029724167c1d18ed8c536a862900_c33f640c0cdd35f7def85b8aa31a0007fc0.jpg?1787395165,Crystal,153,5,DRG
Neclord Drakan,34358772,102,101,Phoenix,Light,510,0,7e002012c8fc4f9e493cd5879573e088_5047bc596a4bab2dc7f7c120bb22dec5fc0.jpg?1787393381,Crystal,41,0,SGE
Shiroko Momo,39619880,103,102,Odin,Light,504,0,83b4a27fbdf8dfdce9a7e095cc14bf41_644311b63b607133c989d7c1188467dafc0.jpg?1787394248,Crystal,148,0,MCH
Aris Oz,41983172,104,119,Zodiark,Light,500,99,abbd4cf51609bf59977c5b4850c4c351_c274370774c6bc3483cc8740805f41bcfc0.jpg?1787395334,Crystal,45,1,MNK
Master Zoknik,47233914,105,103,Omega,Chaos,498,0,47b7a0d3c4816d6dc7cb85c85a3685f7_39e25ac3d737c46452305eefe324372cfc0.jpg?1787392984,Crystal,69,0,GLA
Alex Rider,15112833,106,104,Alpha,Light,497,0,3c32a1d9439fd94359ee9df8b368df94_6132295fcf5570fb8b0a944ef322a598fc0.jpg?1787395050,Crystal,81,0,MNK
Yellow Blue,58488618,107,105,Spriggan,Chaos,497,0,51731f8a93c1d8b59b5c3ded4ffb5a64_feaf0a2e88ff164813fbc9b85876fa48fc0.jpg?1787392868,Crystal,80,0,DRG
Yuripa Arashi,37731658,108,106,Shiva,Light,497,0,73ff0d0b3cc5f92ec79dabffa2bedf80_3fbff0e6b620e4d259dc427abc6574dafc0.jpg?1787393493,Crystal,40,6,SGE
Jou Bright,26172504,109,130,Shiva,Light,496,198,80f6d86c4118e80a4c51ba20920a1384_3fbff0e6b620e4d259dc427abc6574dafc0.jpg?1787392841,Crystal,182,5,BRD
Thor Strom,35911315,110,108,Cerberus,Chaos,496,0,3826da79ed71141aec290f69127b5c79_777c57311d510ca65dac3c1077dee435fc0.jpg?1787394671,Crystal,5,0,SCH
Baby Starz,27999014,111,109,Omega,Chaos,494,0,e8cb7daea22ff306dcc9397ecad5a4a2_39e25ac3d737c46452305eefe324372cfc0.jpg?1787392754,Crystal,150,3,SMN
Reireiko Reiko,51402233,112,110,Alpha,Light,491,0,6bb627130b2067e09c7110eb74707745_6132295fcf5570fb8b0a944ef322a598fc0.jpg?1787395307,Crystal,37,0,SAM
Zot To,18725302,113,134,Cerberus,Chaos,491,198,852c16bac4fe7f528a8653c65704e818_777c57311d510ca65dac3c1077dee435fc0.jpg?1787394274,Crystal,4,2,MNK
Bing Bing,50857849,114,0,Odin,Light,424,20,1a2b77cf04680b9bfe1c19f07f9f1f44_644311b63b607133c989d7c1188467dafc0.jpg?1787392624,Crystal,73,7,MNK
Zecht Bradamant,31785474,115,111,Omega,Chaos,415,0,b0b8438e6682f2931a1a930121d0ab43_39e25ac3d737c46452305eefe324372cfc0.jpg?1787392482,Crystal,103,0,DRG
Yinwea Levai,36476322,116,112,Shiva,Light,412,0,944bf3a8e93fcc8f15f3f521462d11b5_3fbff0e6b620e4d259dc427abc6574dafc0.jpg?1787392958,Crystal,154,0,WHM
Frankie Urien,32323176,117,113,Odin,Light,405,0,ffae33588fe71f102672b7defdb50a30_644311b63b607133c989d7c1188467dafc0.jpg?1787393766,Crystal,212,0,WHM
Ul Unhu,9592278,118,115,Phoenix,Light,403,0,d703e404c81140848dbcd200abc4ef7e_5047bc596a4bab2dc7f7c120bb22dec5fc0.jpg?1787395097,Crystal,136,0,BRD
Sho'zhirr Shizahi-jo,28092848,119,116,Phoenix,Light,403,0,c6923f91c3f9e08d53d38488a3040788_5047bc596a4bab2dc7f7c120bb22dec5fc0.jpg?1787393224,Crystal,72,9,UNK
Seraban Mistodisushi,25116690,120,117,Omega,Chaos,402,0,9ab6f5d4307a747e8378402c6070b2a7_39e25ac3d737c46452305eefe324372cfc0.jpg?1787395239,Crystal,98,0,UNK
Lawr Hawk,28248881,121,118,Odin,Light,401,0,e241b26df61ea0e201b637a7ae6c4cd4_644311b63b607133c989d7c1188467dafc0.jpg?1787392671,Crystal,63,0,SGE
Cipher Strife,7955322,122,120,Ragnarok,Chaos,400,0,fd0f2644fe22871d381e6bae8798c484_40d57ba713628f3f1ef5ef204b6d76d2fc0.jpg?1787394450,Crystal,228,11,VPR
Rin Tanaka,24116937,123,121,Phoenix,Light,398,0,05caa52c69a69c31a889325a1f319530_5047bc596a4bab2dc7f7c120bb22dec5fc0.jpg?1787393372,Crystal,106,0,MCH
Lion Lad,60548427,124,122,Phantom,Chaos,398,0,69af2e062eb7ba4549c964e1fbc8b79e_f0a43d6e5eea19af337a176e9836acddfc0.jpg?1787395267,Crystal,29,0,BRD
Firas Xll,61570305,125,123,Alpha,Light,397,0,180935d91342970858d2044d5c23d436_6132295fcf5570fb8b0a944ef322a598fc0.jpg?1787393244,Crystal,68,0,SGE
Purr It,40913226,126,124,Zodiark,Light,383,0,9adf9c1689ff6761673da6e25b839b7b_c274370774c6bc3483cc8740805f41bcfc0.jpg?1787393132,Crystal,120,0,RPR
Pat Olehouse,17156873,127,125,Lich,Light,304,0,54c944c62ef7bd68e95a2a558d856482_7206469080400ed57a5373d0a9c55c59fc0.jpg?1787395164,Crystal,88,0,PLD
Victoria Nyala,43751055,128,126,Phoenix,Light,304,0,d41ca298e2f03ee2273aca61640ebce0_5047bc596a4bab2dc7f7c120bb22dec5fc0.jpg?1787395146,Crystal,59,0,WAR
Yoe Lleufyn,28631681,129,127,Phoenix,Light,302,0,9584dd8fac44ba749b0855105a0e29e9_5047bc596a4bab2dc7f7c120bb22dec5fc0.jpg?1787393252,Crystal,86,0,PCT
Neo Saladin,60195724,130,128,Alpha,Light,299,0,d61ef205c9700150e78797546d2ac263_6132295fcf5570fb8b0a944ef322a598fc0.jpg?1787392909,Crystal,90,0,MCH
Madelynn Veil,49771412,131,129,Omega,Chaos,299,0,92f91d9225bb816c6562fb117814681e_39e25ac3d737c46452305eefe324372cfc0.jpg?1787392411,Crystal,57,0,VPR
Lunaelumen Heartless,3344766,132,131,Phoenix,Light,298,0,442c49c53db78614043ce10aa9733411_5047bc596a4bab2dc7f7c120bb22dec5fc0.jpg?1787394006,Crystal,48,0,DNC
Ultimo Tower,13765195,133,132,Odin,Light,297,0,f3f293a7802e54bc6d3f5c2ceb6f4902_644311b63b607133c989d7c1188467dafc0.jpg?1787392346,Crystal,97,0,DRK
Dundee Nic'hpisfa,35976824,134,133,Odin,Light,296,0,8eda92b5ce2e258786d149b7cb349e09_644311b63b607133c989d7c1188467dafc0.jpg?1787392599,Crystal,196,0,SGE
Night Siren,46140840,135,0,Alpha,Light,221,0,5b2c854dc9360523ee7fcd5bfee41621_6132295fcf5570fb8b0a944ef322a598fc0.jpg?1787393363,Crystal,168,1,GNB
Erion Hein,39135014,136,0,Twintania,Light,216,0,ba6bc1e1e70e5f3402d91ecfcf7d01e8_c33f640c0cdd35f7def85b8aa31a0007fc0.jpg?1787391940,Crystal,144,0,MIN
Renna Vorak,25421061,137,0,Raiden,Light,206,0,c2dc94bad32c136ebcdcb42ec56ba1c3_a370664d98f658f4ed4e620f378f73cdfc0.jpg?1787391938,Crystal,73,0,PLD
Brutal Killer,8885117,138,0,Ragnarok,Chaos,203,0,30c6a6207c7e93d407784888a7f29c97_40d57ba713628f3f1ef5ef204b6d76d2fc0.jpg?1787395231,Crystal,3,0,DRK
Strife Duskblade,34142903,139,0,Omega,Chaos,202,202,e8d7518889e9dd65f6114527334ca66a_39e25ac3d737c46452305eefe324372cfc0.jpg?1787394700,Crystal,82,16,DRK
Gaspard Deguingoix,11032081,140,139,Moogle,Chaos,201,0,b9283e6a6be9cd219ee0afea98546775_d7a9d5f85a29d6278ec1c7adc2c8d242fc0.jpg?1787395468,Crystal,79,0,SGE
Sayuri Maeshima,33888798,141,140,Omega,Chaos,201,0,9543e703e2409901a4e4c51fcd72a0bd_39e25ac3d737c46452305eefe324372cfc0.jpg?1787392973,Crystal,57,1,DNC
Tiranna Reinford,12390793,142,141,Moogle,Chaos,201,0,287223c7dac01617ab03a9e54406de0e_d7a9d5f85a29d6278ec1c7adc2c8d242fc0.jpg?1787393293,Crystal,31,0,GNB
Blunt Man,35300195,143,142,Louisoix,Chaos,200,0,bfddeb1fd8c57b9259f8bb179dd8158b_0a122616f3718d3f45cab10fd8fc1604fc0.jpg?1787393965,Crystal,129,0,SAM
Riseon Misha,26343965,144,143,Zodiark,Light,200,0,d883dcfcee6650b3e6e1691bf6838f6c_c274370774c6bc3483cc8740805f41bcfc0.jpg?1787393845,Crystal,99,5,SMN
Mizu Shimizu,41402391,145,144,Twintania,Light,200,0,b745f1d87ccd905d96d6b6ca49092222_c33f640c0cdd35f7def85b8aa31a0007fc0.jpg?1787394631,Crystal,74,0,UNK
Ash Dreadsaint,16641514,146,145,Alpha,Light,200,0,35babc8a56d97c1de09ffbf594068bd0_6132295fcf5570fb8b0a944ef322a598fc0.jpg?1787394681,Crystal,67,7,WVR
Shadow Aya,54551815,147,145,Zodiark,Light,200,0,5ca13f39db9eefc50e8e57be73e7254e_c274370774c6bc3483cc8740805f41bcfc0.jpg?1787392711,Crystal,60,0,DRK
Krek Balflear,48912824,148,147,Sagittarius,Chaos,200,0,3ddedc4fdcf35465d04f99e2b4737a9f_44ca0844398b2d010d8cd4a31ddb023dfc0.jpg?1787393724,Crystal,42,0,RPR
Eve Naeuri,43290162,149,0,Sagittarius,Chaos,200,0,c143c5d5e461ba9e3f51c07a3de23e21_44ca0844398b2d010d8cd4a31ddb023dfc0.jpg?1787394811,Crystal,32,4,RDM
Neppie Nen,38644421,150,148,Phoenix,Light,200,0,6744f6c777bfc017ed7318054ef44f3d_5047bc596a4bab2dc7f7c120bb22dec5fc0.jpg?1787395003,Crystal,31,0,BLU
Selin Naari,16360751,151,150,Cerberus,Chaos,200,0,fb2c3681e2cb33bdcd7894d5aad0b9ec_777c57311d510ca65dac3c1077dee435fc0.jpg?1787392660,Crystal,21,0,SGE
Medicine Melancholy,25525676,152,151,Raiden,Light,199,0,8a3aaef7e82e665cdb12f15457700593_a370664d98f658f4ed4e620f378f73cdfc0.jpg?1787393151,Crystal,70,0,BRD
Airi Rhitik,2286171,153,152,Moogle,Chaos,197,0,0e7c747879926e0f575c8444323c478f_d7a9d5f85a29d6278ec1c7adc2c8d242fc0.jpg?1787393547,Crystal,112,3,WHM
Vyn Silvair,21908199,154,153,Shiva,Light,196,0,05a4597e1e8ad1e87cfc4aab88be286c_3fbff0e6b620e4d259dc427abc6574dafc0.jpg?1787393371,Crystal,87,0,WHM
Mats Luxed,36390152,155,154,Twintania,Light,196,0,4d98b4ef01ccfc9df166d83a5771a4ea_c33f640c0cdd35f7def85b8aa31a0007fc0.jpg?1787392490,Crystal,32,0,RDM
Luca Natura,26126798,156,155,Omega,Chaos,196,0,aee9a8f332f96a4c5a45923c0e82782a_39e25ac3d737c46452305eefe324372cfc0.jpg?1787393968,Crystal,24,0,GSM
Kihn Shirudo,43951482,157,156,Spriggan,Chaos,195,0,2e619166d10daa6082c54563a5af17ff_feaf0a2e88ff164813fbc9b85876fa48fc0.jpg?1787394111,Crystal,46,0,DRK
Wieg Wiggles,35061622,158,157,Lich,Light,192,0,61256a3e6c4f0c3dcc05469f5550d102_7206469080400ed57a5373d0a9c55c59fc0.jpg?1787395460,Crystal,171,0,WAR
Deltimor Offerentis,53216923,159,158,Ragnarok,Chaos,101,0,b1f3b3bcc24281f671ac2ced6960431a_40d57ba713628f3f1ef5ef204b6d76d2fc0.jpg?1787393716,Crystal,292,0,BLM
Arima Sui,61051327,160,159,Alpha,Light,100,0,a616749d9bdfd00b6659f83dbb1c8a7f_6132295fcf5570fb8b0a944ef322a598fc0.jpg?1787394680,Crystal,305,10,WAR
Freya Highwind,37533969,161,160,Spriggan,Chaos,100,0,de376c51fd21ccbb1018c1c3fb40734b_feaf0a2e88ff164813fbc9b85876fa48fc0.jpg?1787393391,Crystal,204,0,SMN
Sonnas Dedede,37860927,162,161,Twintania,Light,100,0,25b1bad7226a0841ef265c7dc5b0eba9_c33f640c0cdd35f7def85b8aa31a0007fc0.jpg?1787394344,Crystal,202,0,SAM
Laville Burns,44676490,163,162,Alpha,Light,100,0,1999bb362905ab6ad44fa2e8931ef3dc_6132295fcf5570fb8b0a944ef322a598fc0.jpg?1787394568,Crystal,200,0,DRG
Arienai Nashi,47596567,164,163,Zodiark,Light,100,0,ccbc05e41375849179a5f554d78d7ae1_c274370774c6bc3483cc8740805f41bcfc0.jpg?1787393129,Crystal,184,0,CRP
Keraunos Greywolfe,31183458,165,164,Alpha,Light,100,0,3431088cd9f33e5f20e30162c35286fd_6132295fcf5570fb8b0a944ef322a598fc0.jpg?1787395313,Crystal,177,0,DRK
Staz Hellcat,8016319,166,165,Cerberus,Chaos,100,0,c7e860ceda35e35e41bca47bf02624be_777c57311d510ca65dac3c1077dee435fc0.jpg?1787393856,Crystal,155,0,RDM
Dacien Darlett,3339751,167,166,Odin,Light,100,0,0311b8a0924e142c3f1da4b81f645156_644311b63b607133c989d7c1188467dafc0.jpg?1787393638,Crystal,152,0,SCH
Lumine Heartseeker,37169102,168,167,Lich,Light,100,0,bef41e353f9709f6c26365adcd129410_7206469080400ed57a5373d0a9c55c59fc0.jpg?1787394131,Crystal,148,0,SGE
Lina Sunstar,52075433,169,168,Spriggan,Chaos,100,0,d60c4576e74acfcd0ed77a6ea5d48800_feaf0a2e88ff164813fbc9b85876fa48fc0.jpg?1787394319,Crystal,147,0,WHM
Magnus Skorweg,14288959,170,169,Cerberus,Chaos,100,0,36b3ca5cc0c3fa7edd1b5b276f54a6fc_777c57311d510ca65dac3c1077dee435fc0.jpg?1787393326,Crystal,145,0,SMN
Wimp Lo,37793632,171,0,Zodiark,Light,100,0,45ed053d252c3a44eabe55329426aa37_c274370774c6bc3483cc8740805f41bcfc0.jpg?1787393059,Crystal,142,15,RPR
Lolorei Lalarei,3686155,172,170,Omega,Chaos,100,0,da6ff12e4effc4cbacfe1b954f1c3bf5_39e25ac3d737c46452305eefe324372cfc0.jpg?1787392137,Crystal,136,1,SCH
Sekai Eri,41303117,173,248,Raiden,Light,100,100,cb1ac59e3c66b2050bc4ee7e3368c36c_a370664d98f658f4ed4e620f378f73cdfc0.jpg?1787392141,Crystal,124,4,UNK
Keylinda Heliopsis,44659154,174,0,Moogle,Chaos,100,0,aae227ec83063cc479b9c5f6fb803e66_d7a9d5f85a29d6278ec1c7adc2c8d242fc0.jpg?1787392650,Crystal,110,5,SAM
Deme Tayuun,14832348,175,172,Lich,Light,100,0,ae2fb7b7ac8ad3f92247efdd9fade6e7_7206469080400ed57a5373d0a9c55c59fc0.jpg?1787393106,Crystal,108,0,WAR
Haadin Maero,25649806,175,172,Cerberus,Chaos,100,0,ab3efb60a6f01134129c732e6e60c255_777c57311d510ca65dac3c1077dee435fc0.jpg?1787393010,Crystal,108,0,RDM
Lilia Sunvale,59323692,177,174,Phoenix,Light,100,0,01173bfd4d3bd682b07d6e9ac6dafd16_5047bc596a4bab2dc7f7c120bb22dec5fc0.jpg?1787392538,Crystal,105,0,BRD
Blaine Skyler,37236741,178,176,Louisoix,Chaos,100,0,f892c4691642e8efdead7c502a5d01f0_0a122616f3718d3f45cab10fd8fc1604fc0.jpg?1787393598,Crystal,101,0,DRK
Saku Rozen,1622070,178,176,Odin,Light,100,0,76d32a46909474e4b590ee6476bfabce_644311b63b607133c989d7c1188467dafc0.jpg?1787393695,Crystal,101,0,UNK
Aragorn Pendragon,9019127,180,178,Ragnarok,Chaos,100,0,87aef8a41356f31d322683bdf3e6103b_40d57ba713628f3f1ef5ef204b6d76d2fc0.jpg?1787394525,Crystal,100,0,WHM
Hope Carmine,31931991,180,0,Odin,Light,100,0,4d5e5c176cb534aaf44e67236bf6c171_644311b63b607133c989d7c1188467dafc0.jpg?1787393080,Crystal,100,3,RDM
Rain Hoshino,6160241,182,179,Moogle,Chaos,100,0,fc4a751ebc0402023f56f7934007c9ef_d7a9d5f85a29d6278ec1c7adc2c8d242fc0.jpg?1787395347,Crystal,99,0,PLD
Pave Zen,51542459,183,181,Zodiark,Light,100,0,c62f2300698b05a5ff2e27ea4ec74914_c274370774c6bc3483cc8740805f41bcfc0.jpg?1787393896,Crystal,96,0,BRD
Haki Haki,8290724,184,182,Ragnarok,Chaos,100,0,3fc43df6da1c629c59b5cdae63dee7a7_40d57ba713628f3f1ef5ef204b6d76d2fc0.jpg?1787393333,Crystal,94,0,MNK
Glyceri Chosuti,30338174,185,183,Moogle,Chaos,100,0,6d93c9241424e92e6f0351d35d8b6eaa_d7a9d5f85a29d6278ec1c7adc2c8d242fc0.jpg?1787394264,Crystal,88,0,DNC
Ark Kekko,50821807,186,184,Omega,Chaos,100,0,b81b1c241e98f7a5f9b9c81665be1243_39e25ac3d737c46452305eefe324372cfc0.jpg?1787392576,Crystal,86,0,RDM
Gun Grave,39069917,187,185,Alpha,Light,100,0,89afa1641c5d0fb3c37ff5b905d4b26a_6132295fcf5570fb8b0a944ef322a598fc0.jpg?1787394840,Crystal,77,0,UNK
Sahamaru Kamijo,13566032,188,186,Lich,Light,100,0,ab5bb27991a2037ddd8e8b0aef304406_7206469080400ed57a5373d0a9c55c59fc0.jpg?1787394991,Crystal,75,0,DRK
Akito Kotomine,14113084,189,187,Cerberus,Chaos,100,0,6535eaee5701ca6c10beffbfc70273c9_777c57311d510ca65dac3c1077dee435fc0.jpg?1787392356,Crystal,70,0,RPR
Lolarita Rorry,39677497,190,188,Odin,Light,100,0,3c990f7c55a34985fb496735b20a6b10_644311b63b607133c989d7c1188467dafc0.jpg?1787392825,Crystal,65,0,WHM
Tisha Adori,32551351,191,189,Zodiark,Light,100,0,a1f13f2decf7933275b7ce63051dc06f_c274370774c6bc3483cc8740805f41bcfc0.jpg?1787393478,Crystal,57,0,AST
Magisa Vale,43527083,192,240,Phoenix,Light,100,100,50d54724458e52e82fcfc6d537b9e001_5047bc596a4bab2dc7f7c120bb22dec5fc0.jpg?1787393089,Crystal,55,3,RDM
Guimiko Miko,54285624,193,190,Moogle,Chaos,100,0,610c37aeb64c6149d7c6d5ea93a8114e_d7a9d5f85a29d6278ec1c7adc2c8d242fc0.jpg?1787395131,Crystal,50,0,NIN
Ino Based,41531397,194,191,Alpha,Light,100,0,ae8562754d31616305226909752bc4fd_6132295fcf5570fb8b0a944ef322a598fc0.jpg?1787395370,Crystal,49,0,VPR
Const Mar,17323909,195,192,Phoenix,Light,100,0,9b3b80b05e36ff71934a612327c91867_5047bc596a4bab2dc7f7c120bb22dec5fc0.jpg?1787394267,Crystal,47,0,PLD
Onox Farbane,43799244,196,193,Zodiark,Light,100,0,c322e9dd886e64c0365244e0b587448f_c274370774c6bc3483cc8740805f41bcfc0.jpg?1787392598,Crystal,44,0,WAR
Pattinger Kersel,8183392,196,193,Raiden,Light,100,0,4fec5839fc0fc0bba3a80fc4e1910660_a370664d98f658f4ed4e620f378f73cdfc0.jpg?1787393124,Crystal,44,0,BLM
Sarah Swordmoon,15666675,198,195,Ragnarok,Chaos,100,0,f4dc48a690259d750cc95afaff6386b8_40d57ba713628f3f1ef5ef204b6d76d2fc0.jpg?1787392106,Crystal,42,1,WHM
Tomo Kote,55321667,199,195,Zodiark,Light,100,0,5955a289356783d4701df9a9c192d2b8_c274370774c6bc3483cc8740805f41bcfc0.jpg?1787392629,Crystal,41,0,WAR
Maya White,9385038,200,197,Twintania,Light,100,0,1ab5adfc5d7d400ad0f8b4d181e6d2f0_c33f640c0cdd35f7def85b8aa31a0007fc0.jpg?1787393945,Crystal,40,0,WAR
Sotek Scherwil,486374,201,198,Twintania,Light,100,0,c881840c18d6c9fc415801f5f8240174_c33f640c0cdd35f7def85b8aa31a0007fc0.jpg?1787392537,Crystal,37,0,DRK
Gwen Farron,10011051,202,199,Ragnarok,Chaos,100,0,3348ff23f3315e0457aa0694f655e953_40d57ba713628f3f1ef5ef204b6d76d2fc0.jpg?1787392677,Crystal,35,0,VPR
Athena Sol,50536957,203,200,Shiva,Light,100,0,a48751f04a5919018a07933f39c07e7c_3fbff0e6b620e4d259dc427abc6574dafc0.jpg?1787394798,Crystal,33,0,AST
Sakurane Zero'yuurai,13075529,204,201,Ragnarok,Chaos,100,0,b65369d4b043831749f5fa45d2428e30_40d57ba713628f3f1ef5ef204b6d76d2fc0.jpg?1787392093,Crystal,31,0,SGE
Ka La,18103622,205,202,Ragnarok,Chaos,100,0,79cb69a4d9a7535c8ee4e2bbfc9b2a1d_40d57ba713628f3f1ef5ef204b6d76d2fc0.jpg?1787395469,Crystal,28,0,SMN
Mhia Mewrilah,26716262,206,203,Omega,Chaos,100,0,6b70c463b87dca3437d37504f74aad3b_39e25ac3d737c46452305eefe324372cfc0.jpg?1787392275,Crystal,27,0,WHM
Ebin Almsivi,35310847,207,204,Shiva,Light,100,0,0c72e527d2d86c2ee8f4698832e880b5_3fbff0e6b620e4d259dc427abc6574dafc0.jpg?1787394729,Crystal,23,0,PLD
Vanilla Blossom,41496807,207,204,Moogle,Chaos,100,0,b0e7d1b464d155d8791692fe2e47299d_d7a9d5f85a29d6278ec1c7adc2c8d242fc0.jpg?1787392336,Crystal,23,0,MCH
Ayrelinia Saelinire,41821402,209,206,Spriggan,Chaos,100,0,8604bb768bf59461e5f44eef46ee9961_feaf0a2e88ff164813fbc9b85876fa48fc0.jpg?1787395246,Crystal,20,0,CRP
Yuumi Fish,25707217,210,207,Cerberus,Chaos,100,0,1a7ebbda26c28eb61f262b9fb37e8c6e_777c57311d510ca65dac3c1077dee435fc0.jpg?1787393858,Crystal,18,0,WVR
Aeo We,10437907,211,208,Ragnarok,Chaos,100,0,2cc33bbd6e1f29b872030a98ed37c0fc_40d57ba713628f3f1ef5ef204b6d76d2fc0.jpg?1787392927,Crystal,17,0,UNK
Limit Cat,37849108,212,209,Lich,Light,100,0,5b03795e0323d8633451ea410c4aeced_7206469080400ed57a5373d0a9c55c59fc0.jpg?1787392499,Crystal,9,6,BRD
Moki Moki,14235486,213,210,Odin,Light,100,0,82d3ef8d03fa7a6ddf4429f15fd296a2_644311b63b607133c989d7c1188467dafc0.jpg?1787392811,Crystal,1,0,MNK
Lylia Venis,13391767,214,211,Moogle,Chaos,100,0,79af70239d663a69f312f0788f3cf927_d7a9d5f85a29d6278ec1c7adc2c8d242fc0.jpg?1787393047,Crystal,0,0,PLD
Rem Minase,15335467,215,217,Ragnarok,Chaos,0,0,6f4b9532213e5ed122fcac3e5c3b4cc5_40d57ba713628f3f1ef5ef204b6d76d2fc0.jpg?1787392960,Diamond,194,9,SAM
Athena Olympe,44680885,216,212,Sagittarius,Chaos,0,0,7e7afe9e9cebc29cee3220c1e0530540_44ca0844398b2d010d8cd4a31ddb023dfc0.jpg?1787395135,Diamond,174,0,WAR
Bagel Egg,18929023,217,213,Omega,Chaos,0,0,f655117235b1c0d199ca39849579a631_39e25ac3d737c46452305eefe324372cfc0.jpg?1787393386,Diamond,158,0,BLM
Lu Mi,47806406,218,214,Raiden,Light,0,0,c8d19bad38e9523a4db779b2bf514973_a370664d98f658f4ed4e620f378f73cdfc0.jpg?1787392430,Diamond,83,0,VPR
Rave Bae,47220633,219,215,Alpha,Light,0,0,e640b0d43fa0078b032cbecc50b4e94c_6132295fcf5570fb8b0a944ef322a598fc0.jpg?1787392534,Diamond,68,7,SMN
Tsuguri Tempest,8093380,220,216,Moogle,Chaos,0,0,673dd69d52b7f7c210bb231091fd1922_d7a9d5f85a29d6278ec1c7adc2c8d242fc0.jpg?1787392351,Diamond,39,8,DRK
Paper Planes,59055005,221,0,Raiden,Light,0,0,1b7fc8e62eb37ebc10e0b203856e161c_a370664d98f658f4ed4e620f378f73cdfc0.jpg?1787392253,Diamond,20,9,RDM
Naralis A'roihan,35460975,222,224,Odin,Light,0,0,39833ac3dfdbb3ea64ab911763fea294_644311b63b607133c989d7c1188467dafc0.jpg?1787395142,Diamond,297,9,SCH
Tsu Kee,47596814,223,217,Zodiark,Light,0,0,df5063d6db141a1bc921d4623e08a366_c274370774c6bc3483cc8740805f41bcfc0.jpg?1787394872,Diamond,185,0,BRD
Vesper Lux,39986527,223,0,Phoenix,Light,0,0,3ffa8cf173ca00c6bd21dc61c1a7850f_5047bc596a4bab2dc7f7c120bb22dec5fc0.jpg?1787392429,Diamond,185,18,RDM
Vic Strider,53817077,225,219,Raiden,Light,0,0,64d68250fabd33e4972dcba2d2638d6c_a370664d98f658f4ed4e620f378f73cdfc0.jpg?1787394623,Diamond,121,0,WHM
Sir Azmuth,21784845,226,220,Lich,Light,0,0,aaa9e4ee439eaa5d584760975605186f_7206469080400ed57a5373d0a9c55c59fc0.jpg?1787394014,Diamond,109,7,SAM
Sangon Yukihoshi,11533024,227,221,Raiden,Light,0,0,d5814159d4f4b2afaa562891375a7b01_a370664d98f658f4ed4e620f378f73cdfc0.jpg?1787395454,Diamond,49,5,PLD
Irmele Elandris,13301011,228,222,Odin,Light,0,0,545d79c172c687ee4ac495ceca89d9dd_644311b63b607133c989d7c1188467dafc0.jpg?1787394053,Diamond,28,0,AST
Littlebard Crits,44849524,229,223,Lich,Light,0,0,85155be3d7c3c8936c428085496b1e8d_7206469080400ed57a5373d0a9c55c59fc0.jpg?1787395274,Diamond,9,0,UNK
Rose Nashi'rah,5586423,230,280,Moogle,Chaos,0,0,eabb33d9d4a68beb623fdbad8de0ccd2_d7a9d5f85a29d6278ec1c7adc2c8d242fc0.jpg?1787393863,Diamond,168,19,AST
Manji Haq,30381529,231,225,Shiva,Light,0,0,1840291846e97e46d3053d2cb9351608_3fbff0e6b620e4d259dc427abc6574dafc0.jpg?1787395389,Diamond,154,0,RPR
Lavender Yumori,47189865,232,226,Phoenix,Light,0,0,c0a56a85a3c082e0dd3b96359531f30f_5047bc596a4bab2dc7f7c120bb22dec5fc0.jpg?1787392273,Diamond,87,0,DNC
Vincent God,14069867,233,227,Phoenix,Light,0,0,7d8e17eab1b900c1741204dbf199eb48_5047bc596a4bab2dc7f7c120bb22dec5fc0.jpg?1787395441,Diamond,75,0,MCH
Princess Emi,5884527,234,228,Twintania,Light,0,0,4ab2080550ab1fb15ca76fbfe8e8d512_c33f640c0cdd35f7def85b8aa31a0007fc0.jpg?1787391933,Diamond,57,0,PLD
Shiva Dorys,36432577,235,229,Phoenix,Light,0,0,df6ee6331f96148f2b97966d8a3e2a5a_5047bc596a4bab2dc7f7c120bb22dec5fc0.jpg?1787393097,Diamond,54,0,WHM
Veritan Indaerus,21877909,236,230,Odin,Light,0,0,978a128ddf080c55e3afc742274d0c9f_644311b63b607133c989d7c1188467dafc0.jpg?1787395214,Diamond,33,0,DRG
Doctor Zoidberg,9214410,237,231,Cerberus,Chaos,0,0,40bc630c90e57d0ca265dd7fc809d5c8_777c57311d510ca65dac3c1077dee435fc0.jpg?1787394692,Diamond,18,0,WAR
Mer Lin,50434149,238,232,Spriggan,Chaos,0,0,52a13256ecf71bc72e25a6b211b196c8_feaf0a2e88ff164813fbc9b85876fa48fc0.jpg?1787392168,Diamond,15,0,DRK
Katarina Kittycat,24355925,239,233,Twintania,Light,0,0,488decc103448e79430a7f4ffa3674c5_c33f640c0cdd35f7def85b8aa31a0007fc0.jpg?1787392101,Diamond,125,1,UNK
Benedikta Cucumber,55428569,240,234,Sagittarius,Chaos,0,0,1091166e96bfe839d8a067a8fc27848a_44ca0844398b2d010d8cd4a31ddb023dfc0.jpg?1787394560,Diamond,119,0,GNB
Charon Tesar,2860491,241,235,Shiva,Light,0,0,71fb4ffe6d15608a77682afdbdef53d7_3fbff0e6b620e4d259dc427abc6574dafc0.jpg?1787393859,Diamond,110,1,VPR
Lu' Bu',21757305,242,236,Odin,Light,0,0,20b9e744e2190850310da72ffaf5c5d4_644311b63b607133c989d7c1188467dafc0.jpg?1787393017,Diamond,88,0,VPR
Protos Heis,34597162,243,250,Spriggan,Chaos,0,0,1227bb2a621e4455479d060e840ff145_feaf0a2e88ff164813fbc9b85876fa48fc0.jpg?1787395288,Diamond,76,9,MCH
Zerith Ars,7801227,243,237,Zodiark,Light,0,0,d9b23bac7d7203e071be18c6932a61a8_c274370774c6bc3483cc8740805f41bcfc0.jpg?1787394336,Diamond,76,0,DRG
Yuki Shinryu,18457903,245,238,Omega,Chaos,0,0,7c3380880e156cefcc0afc85574b6091_39e25ac3d737c46452305eefe324372cfc0.jpg?1787394804,Diamond,55,0,SCH
Leenar Raim,45005021,246,239,Raiden,Light,0,0,cd15b6146d9e895f605fe9d8aa6e46d2_a370664d98f658f4ed4e620f378f73cdfc0.jpg?1787392171,Diamond,53,0,SGE
Decha Kirk,32806624,247,241,Moogle,Chaos,0,0,e50b415f85b832de8463247f434991ce_d7a9d5f85a29d6278ec1c7adc2c8d242fc0.jpg?1787394106,Diamond,34,0,RPR
Xanthe Hati,28239197,248,243,Sagittarius,Chaos,0,0,9bf816bfcd7f963908af59458b5500c9_44ca0844398b2d010d8cd4a31ddb023dfc0.jpg?1787394055,Diamond,30,11,DRG
Red Fluffy,41965323,249,242,Shiva,Light,0,0,6e4c702e77f55eff42d4c42a07f242db_3fbff0e6b620e4d259dc427abc6574dafc0.jpg?1787395156,Diamond,26,0,GNB
Lia Lothje,30611623,250,244,Odin,Light,0,0,12f34ee0f0d0404c9b47a7fea301f068_644311b63b607133c989d7c1188467dafc0.jpg?1787393865,Diamond,12,0,WAR
Luna Everlight,11876492,251,245,Phantom,Chaos,0,0,87daed323422dd94882b0079ba9f6b3d_f0a43d6e5eea19af337a176e9836acddfc0.jpg?1787392742,Diamond,8,0,RDM
Hiyuki Korikawa,55814095,252,246,Alpha,Light,0,0,74afa7e4138c1508f5559cba8b88f0c4_6132295fcf5570fb8b0a944ef322a598fc0.jpg?1787392998,Diamond,161,0,WAR
Aru Chiikawa,53173199,253,247,Raiden,Light,0,0,e04a223356da8c93c18581feda55b5bf_a370664d98f658f4ed4e620f378f73cdfc0.jpg?1787392309,Diamond,133,1,AST
Alabaster Arcadia,39618537,254,249,Phoenix,Light,0,0,04f03f1ffd5a39f931966123f856ea6c_5047bc596a4bab2dc7f7c120bb22dec5fc0.jpg?1787394318,Diamond,85,5,BRD
Rei Dassario,24597443,255,251,Raiden,Light,0,0,a51ce0a687a31ff3b67287e80ea30aed_a370664d98f658f4ed4e620f378f73cdfc0.jpg?1787394531,Diamond,47,0,SAM
Saki Aiko,58256956,256,252,Zodiark,Light,0,0,f65bf40d95342ebe3141def95c5232bc_c274370774c6bc3483cc8740805f41bcfc0.jpg?1787394129,Diamond,43,0,WHM
Sheidyn Windsor,30282791,257,253,Omega,Chaos,0,0,e3eaa192d0e2b6192580f940474cd0b5_39e25ac3d737c46452305eefe324372cfc0.jpg?1787394840,Diamond,33,0,RPR
Fandrix Shadowsong,36051326,258,254,Louisoix,Chaos,0,0,e8515941184b5c25f2622f1899a0969a_0a122616f3718d3f45cab10fd8fc1604fc0.jpg?1787394638,Diamond,24,0,RPR
Certin Ferocia,26600453,259,255,Spriggan,Chaos,0,0,528919b4d45df00513ad6c80440fc2f4_feaf0a2e88ff164813fbc9b85876fa48fc0.jpg?1787393292,Diamond,10,0,DNC
Erika Avellana,45153856,260,256,Alpha,Light,0,0,d52954932b2c20e3d303cb8cf101f3eb_6132295fcf5570fb8b0a944ef322a598fc0.jpg?1787393396,Diamond,318,0,DRK
Duessa Fidessa,47722925,261,257,Louisoix,Chaos,0,0,3e992addf0aaeeda98883cfe0443f4c4_0a122616f3718d3f45cab10fd8fc1604fc0.jpg?1787394104,Diamond,225,7,SMN
Ash Zero,49368748,262,258,Shiva,Light,0,0,8c69f041cca72fdc1059bfc9f2f8ecc9_3fbff0e6b620e4d259dc427abc6574dafc0.jpg?1787395153,Diamond,125,0,PLD
Hegel Gil,25438753,263,259,Omega,Chaos,0,0,5ed500fc1dd1d9cbbc95000a80326ff7_39e25ac3d737c46452305eefe324372cfc0.jpg?1787392658,Diamond,102,0,SGE
Flynn Cethlenne,35848614,264,260,Zodiark,Light,0,0,2543efc6def84f10fb27cc68c29b1460_c274370774c6bc3483cc8740805f41bcfc0.jpg?1787395355,Diamond,99,0,PLD
Lo Enha,27971408,265,261,Moogle,Chaos,0,0,5236c7cc585f6b9213e6d33f05e78c61_d7a9d5f85a29d6278ec1c7adc2c8d242fc0.jpg?1787393728,Diamond,96,3,BLM
Yorda Dormin,35730883,266,262,Phantom,Chaos,0,0,37968b7968327b583f23e52d999337f9_f0a43d6e5eea19af337a176e9836acddfc0.jpg?1787392916,Diamond,83,0,UNK
Nana Usui,34696904,267,263,Moogle,Chaos,0,0,abd9e807ccb2486ea89e3deab9cc56d2_d7a9d5f85a29d6278ec1c7adc2c8d242fc0.jpg?1787394002,Diamond,76,0,AST
Tung Kniv,36744544,268,264,Spriggan,Chaos,0,0,63aabeb5204c3ae5d2f0295a0f4a8e22_feaf0a2e88ff164813fbc9b85876fa48fc0.jpg?1787393968,Diamond,65,1,SGE
Lu Ni,58272624,269,273,Cerberus,Chaos,0,0,ab167867f3aa425b82e05a081df98df4_777c57311d510ca65dac3c1077dee435fc0.jpg?1787392602,Diamond,47,3,DRK
Stephanie Dolla,28876458,270,265,Lich,Light,0,0,753eeef7260d5b48fedb9d189d2b51ca_7206469080400ed57a5373d0a9c55c59fc0.jpg?1787395291,Diamond,42,0,MNK
Durinta Borlaaq,37706432,271,266,Twintania,Light,0,0,5f122a4f83176fe089d903a59809e108_c33f640c0cdd35f7def85b8aa31a0007fc0.jpg?1787393302,Diamond,37,0,SCH
Autuas Au,37357840,272,267,Phantom,Chaos,0,0,5c8929453beb42fb1a167e93eca11abf_f0a43d6e5eea19af337a176e9836acddfc0.jpg?1787394704,Diamond,7,0,UNK
Ryssrael Niunaglwyn,33315027,273,268,Omega,Chaos,0,0,33b521784d0398ac0bb6736f1c6d0a15_39e25ac3d737c46452305eefe324372cfc0.jpg?1787394487,Diamond,215,0,MCH
Caelvyr Corvayn,37557023,274,269,Louisoix,Chaos,0,0,ed18601452ec3c3b1def16f37ba89988_0a122616f3718d3f45cab10fd8fc1604fc0.jpg?1787394612,Diamond,153,5,UNK
Eeva Lightwood,34867115,275,0,Phoenix,Light,0,0,029a994eac70f6897fab7cb241b4204b_5047bc596a4bab2dc7f7c120bb22dec5fc0.jpg?1787394327,Diamond,141,6,SMN
May Bloom,20580663,276,270,Twintania,Light,0,0,c24fd8278a4825a56c81ac07e6f2f43d_c33f640c0cdd35f7def85b8aa31a0007fc0.jpg?1787393992,Diamond,133,0,SMN
Aiva Ibusaki,11039086,277,0,Shiva,Light,0,0,39b96ee63110c8909c27318f222d3695_3fbff0e6b620e4d259dc427abc6574dafc0.jpg?1787394469,Diamond,104,15,MCH
Altair Nightveil,37899651,278,0,Odin,Light,0,0,66c10a4203ea077f0a752e4bf561ff53_644311b63b607133c989d7c1188467dafc0.jpg?1787393576,Diamond,84,15,BLM
Aelin Jules,51609568,279,271,Alpha,Light,0,0,8a02014e6ec7a7fb938b61c29b83b641_6132295fcf5570fb8b0a944ef322a598fc0.jpg?1787392921,Diamond,64,0,SGE
Akurei Amotanius,36595921,280,272,Odin,Light,0,0,ca5d9f24b62995e3bcb5d25cc576fc70_644311b63b607133c989d7c1188467dafc0.jpg?1787395496,Diamond,49,0,MNK
Nicco Sushi,42846008,281,274,Alpha,Light,0,0,ffcb0ee6f92ba9224ade0ee2b0e9917b_6132295fcf5570fb8b0a944ef322a598fc0.jpg?1787393381,Diamond,36,0,GNB
Isca Mog,32212471,282,275,Zodiark,Light,0,0,e47f3ccc4bd8599193929766ab0abd2c_c274370774c6bc3483cc8740805f41bcfc0.jpg?1787392273,Diamond,19,0,BLM
Ego Baby,50543888,283,276,Raiden,Light,0,0,712f53c2b6ed3bc9fa9cc0b0b60a16d7_a370664d98f658f4ed4e620f378f73cdfc0.jpg?1787392308,Diamond,16,0,VPR
Bun Boy,44543603,284,277,Phantom,Chaos,0,0,1a283e4ef1314e4af955db9fcc8300a8_f0a43d6e5eea19af337a176e9836acddfc0.jpg?1787394273,Diamond,13,0,PLD
Yamakaji Edo'sen,22194618,285,278,Moogle,Chaos,0,0,d7972041e4c6c98f2e38ec21d2bc56c2_d7a9d5f85a29d6278ec1c7adc2c8d242fc0.jpg?1787395052,Diamond,10,0,UNK
Zhinna Maya,8219011,286,279,Odin,Light,0,0,b96bc839d3db0d26e61bf4b24282c925_644311b63b607133c989d7c1188467dafc0.jpg?1787393862,Diamond,7,0,WAR
Joshu Allagyn,27728519,287,281,Odin,Light,0,0,f798676d84c6f5f85c2bb9f1b6c5e18b_644311b63b607133c989d7c1188467dafc0.jpg?1787392903,Diamond,139,1,VPR
Minmo Dev,7902844,288,282,Zodiark,Light,0,0,782214fa536a78747ce926bd4967671f_c274370774c6bc3483cc8740805f41bcfc0.jpg?1787392802,Diamond,108,0,SGE
Leia Leia,61767715,289,283,Twintania,Light,0,0,da1bea022b3ca64e80681b4a30a9d7e1_c33f640c0cdd35f7def85b8aa31a0007fc0.jpg?1787395293,Diamond,58,0,UNK
Zaiko Kazer,29649679,290,284,Lich,Light,0,0,ab5b87afe7d1d53f8a61b85e0c0d0e8d_7206469080400ed57a5373d0a9c55c59fc0.jpg?1787393234,Diamond,48,0,DRK
Hikari Iroaseta,40065818,291,285,Lich,Light,0,0,69d4a6d73b4cec60f92f1c27efd88471_7206469080400ed57a5373d0a9c55c59fc0.jpg?1787394063,Diamond,42,0,RDM
Dopa Mine,44403027,292,286,Phantom,Chaos,0,0,8d27501fd3361cf138655132263db4b5_f0a43d6e5eea19af337a176e9836acddfc0.jpg?1787395041,Diamond,30,0,ARM
Zylith Everis,28966943,292,286,Twintania,Light,0,0,7026f5dd5e5e7bb5563ceb3c506856ee_c33f640c0cdd35f7def85b8aa31a0007fc0.jpg?1787394435,Diamond,30,0,MCH
Roomi Mae,47248743,294,288,Raiden,Light,0,0,770a624522dc3f95ef75247a554dceb7_a370664d98f658f4ed4e620f378f73cdfc0.jpg?1787394911,Diamond,5,0,RDM
Crystalia Aguilau'ra,51094995,295,289,Phantom,Chaos,0,0,e8e576c74bb3b06299949b7258aa8c6b_f0a43d6e5eea19af337a176e9836acddfc0.jpg?1787392723,Diamond,359,10,UNK
Riku Yamamoto,50962515,296,290,Raiden,Light,0,0,2737e3393944ab82a3eec48071df16a8_a370664d98f658f4ed4e620f378f73cdfc0.jpg?1787394899,Diamond,121,0,DRK
Ye Jin,49057312,297,291,Alpha,Light,0,0,c230435310db6e112e461dbdcafe4cf0_6132295fcf5570fb8b0a944ef322a598fc0.jpg?1787395316,Diamond,85,0,UNK
Losifara Murubra,60831841,298,292,Spriggan,Chaos,0,0,8213c4db91e45c0cc6a39282273c0a37_feaf0a2e88ff164813fbc9b85876fa48fc0.jpg?1787395302,Diamond,76,2,DNC
Ray Croft,29659793,299,293,Shiva,Light,0,0,56ebf33c0c49fd7529d32303d4b7c8d9_3fbff0e6b620e4d259dc427abc6574dafc0.jpg?1787395450,Diamond,61,2,GNB
Core Flare,44609138,300,294,Raiden,Light,0,0,4d277108d876101c6b97212a26f6bc97_a370664d98f658f4ed4e620f378f73cdfc0.jpg?1787393884,Diamond,52,0,NIN
Kim Shin,2354630,1,2,Masamune,Mana,4076,380,9d6bba308f1c44ad24883a9717b4d480_134930215abb8a90ec37d6cc05b05e08fc0.jpg?1787395060,Ultima,89,18,MNK
Sensei Jyutusi,20995129,2,1,Chocobo,Mana,3731,0,218ddf1e9e095da9f0b9d5866f9f2d80_781d6b3603312f6be41670afa37282e0fc0.jpg?1787393770,Omega,157,10,WHM
Happo Hapo,59173770,3,0,Pandaemonium,Mana,3485,205,8d06d5697fa5f35516e08e77ecb4eff8_470db1bf2e865f9130531fea40b61ee4fc0.jpg?1787395441,Omega,67,7,VPR
Sorin Maki,53900927,4,0,Durandal,Gaia,3247,0,b0d4570e39585eb6b5ba7458ff8781a7_806ea5b45071d5cd6bf393e38462ee71fc0.jpg?1787394660,Omega,101,0,RPR
Hatozo Ito,39455624,5,7,Typhon,Elemental,3232,78,a2de1cbebb1230e8f11f0fa765df7d0f_32d8c9c7cd5f62d62da2d31b6750a680fc0.jpg?1787393582,Omega,68,11,RDM
K' R',8489348,6,5,Chocobo,Mana,3197,0,38834b79bf39846f80b605b4a592c2eb_781d6b3603312f6be41670afa37282e0fc0.jpg?1787393470,Omega,114,0,WAR
Yurugi Koyurugi,29769522,7,6,Belias,Meteor,3177,0,ce65dfc48d522a7a126208d94cdc2852_894c4bd0beab2e2beb44b74f4c4bd206fc0.jpg?1787395297,Omega,70,0,PLD
Merry Scrald,11886780,8,0,Belias,Meteor,2969,0,7bfbd82582fd003bc514339935d874a7_894c4bd0beab2e2beb44b74f4c4bd206fc0.jpg?1787394335,Omega,80,0,AST
Dome Violet,45179152,9,0,Masamune,Mana,2918,0,a95c15ebd393e5497d6641d375ec02b1_134930215abb8a90ec37d6cc05b05e08fc0.jpg?1787394473,Omega,184,7,BRD
Paker Zuka,35106373,10,0,Bahamut,Gaia,2910,0,1dfba22310e23cd21bd3a7481bf928e1_86da943caa70c8694707ab2ff74e68c9fc0.jpg?1787392037,Omega,90,5,UNK
Naku Cha,51398763,11,0,Zeromus,Meteor,2897,0,d1f355424cec05811e0f15dc0a707de5_c76848359d0b4d2f37aefbb9903ed97bfc0.jpg?1787392237,Omega,57,7,PLD
Wonton Starlight,27496660,12,0,Chocobo,Mana,2885,0,8d6c3f0a6f695cdc94b9234b6c28be22_781d6b3603312f6be41670afa37282e0fc0.jpg?1787394816,Omega,190,0,RPR
Djinn Piston,44999217,13,0,Durandal,Gaia,2831,0,f34e66517ae3b26262c9b4f09835c5a0_806ea5b45071d5cd6bf393e38462ee71fc0.jpg?1787394232,Omega,64,0,MNK
Ciel Cocco,27192023,14,18,Anima,Mana,2769,100,05df3829299dc9e3c4ba0bceb512525a_2f698530a28d671d20278c8518c804c9fc0.jpg?1787394446,Omega,156,2,DRG
Kappi Scarlet,11922639,15,14,Asura,Mana,2698,0,820f32c739a02029fdacf6c96cbf1fa4_53f1445a9f28799a32ea55f046319fc3fc0.jpg?1787393167,Omega,123,0,SMN
Bakeke Bake,40527195,16,15,Asura,Mana,2695,0,2df47416611081755cf9e0cd7c586afa_53f1445a9f28799a32ea55f046319fc3fc0.jpg?1787393505,Omega,126,0,MCH
Grey Book,51082088,17,16,Alexander,Gaia,2695,0,2b2e5a5f068a7529dabfbbf6c918d473_b7a71d8799cf6dd75b711a7f52de6675fc0.jpg?1787391914,Omega,87,0,VPR
Vivi Ann,4766157,18,17,Kujata,Elemental,2694,0,9543e197b2faf03aa21058f9deedc408_72c48f093f2278ac3243962d3eb6a8d7fc0.jpg?1787393801,Omega,122,0,PLD
Imlink Rr,46726473,19,0,Bahamut,Gaia,2636,74,6c9ffcd32b7d78e8b7e09c63d130ef2a_86da943caa70c8694707ab2ff74e68c9fc0.jpg?1787394075,Omega,244,4,MCH
Aman Kaharmine,37434311,20,24,Belias,Meteor,2538,101,7fa9aa672753e286a5710cf338755727_894c4bd0beab2e2beb44b74f4c4bd206fc0.jpg?1787395333,Omega,267,4,UNK
Jay Eins,3930926,21,20,Chocobo,Mana,2499,0,31d212c5602873cad51c02ca3a1707f4_781d6b3603312f6be41670afa37282e0fc0.jpg?1787392602,Omega,66,0,BRD
Aizen Sosuke,46625154,22,21,Asura,Mana,2498,0,084fe9c7ee753ba32657d9e49b4edde5_53f1445a9f28799a32ea55f046319fc3fc0.jpg?1787393571,Omega,129,0,UNK
Robs Wiz,47501636,23,22,Aegis,Elemental,2491,0,24b0e4e155ae76da2a553003980ac156_3ea38e723c590aabf186367e1eb7e6a1fc0.jpg?1787393628,Omega,195,10,DRG
Tsuchi Tsuki,39089046,24,23,Bahamut,Gaia,2465,0,032858264c706c6341f57dbef9e86da1_86da943caa70c8694707ab2ff74e68c9fc0.jpg?1787394732,Omega,59,1,DRK
Makina Belg,23683223,25,0,Belias,Meteor,2431,0,ffed281791b6f91e5a2000e4917cfeeb_894c4bd0beab2e2beb44b74f4c4bd206fc0.jpg?1787393338,Omega,138,0,MNK
Zsika Mu',18898369,26,35,Ridill,Gaia,2396,99,ed7f8569bf4537dfd9f2ea953ad59e8a_138751880f18161a907d7cf0faa43f07fc0.jpg?1787393970,Omega,55,1,UNK
Lucy Tave,5530448,27,26,Durandal,Gaia,2382,0,fd7ea485d2ba7644c76c49d7b00fce24_806ea5b45071d5cd6bf393e38462ee71fc0.jpg?1787392624,Omega,501,27,WAR
Shiman Chu,38475144,28,27,Yojimbo,Meteor,2381,0,4cb93a24c937da83418345140d361e9b_4a92c619bde4f34cfa77e05fef21ad85fc0.jpg?1787395425,Omega,101,21,SAM
Mun- Mutyo,18063500,29,28,Bahamut,Gaia,2377,0,870df3b6a4306c3c3de44d72fc9a577d_86da943caa70c8694707ab2ff74e68c9fc0.jpg?1787393639,Omega,144,0,PCT
Atsu Bow,47953241,30,29,Mandragora,Meteor,2370,0,a397b9893231105b4549ed9a8721c60a_ee738654add55c3d07ea92d8e108074cfc0.jpg?1787394968,Omega,193,21,DRG
Taroe Kobuta,8734523,31,30,Kujata,Elemental,2367,0,821347c202f7d7d6b676bd393bcdfdae_72c48f093f2278ac3243962d3eb6a8d7fc0.jpg?1787393510,Omega,323,13,RPR
Minisuta Blood,24769179,32,61,Atomos,Elemental,2360,282,851ddd354ea9b3a8e623078a0f4d8a05_cf768a751b1f5e355c2fd39a9ed91f3ffc0.jpg?1787393024,Omega,39,4,DRG
Aurora Duskveil,14659861,33,31,Carbuncle,Elemental,2347,0,8d51113f06ccc3227a4928f8ab5ddee6_9eb3c19866f7ae0eeeffac7bf770aba5fc0.jpg?1787394478,Omega,138,0,AST
Snow Albarn,25263326,34,32,Fenrir,Gaia,2336,0,fa179c06d46acce251bb94d22a05e931_d384cf5ad7db803f29799f36ebbc3eadfc0.jpg?1787392668,Omega,139,6,DRG
Emil Sarasun,7191072,35,33,Asura,Mana,2333,0,052a2527c0dee23533f8162c40d66898_53f1445a9f28799a32ea55f046319fc3fc0.jpg?1787394136,Omega,86,0,VPR
Basta Reno,31797927,36,34,Carbuncle,Elemental,2305,0,22b32c1986bb9c2732e5f877f7cbdbd6_9eb3c19866f7ae0eeeffac7bf770aba5fc0.jpg?1787395429,Omega,66,0,VPR
Sono Ta,49701933,37,36,Shinryu,Meteor,2276,0,c5fbe5dc524e8f9d2eb8b7c350df2a00_87b7d447f40b06dfc7228caf195f7dcffc0.jpg?1787392336,Omega,45,0,MNK
Tarex Youva,26374295,38,44,Tonberry,Elemental,2265,100,7dad78de32b2e7e31077d03f095a81ac_7bb6b1e488f0e4f01c5314d010b60f31fc0.jpg?1787394295,Omega,167,2,BLM
Lupinus Lily,33777966,39,37,Ultima,Gaia,2263,0,6f019b443ab48375b1bcc5e5aa0debf9_9df1b3cb0da35db33c17ef11ddf12adafc0.jpg?1787393425,Omega,85,0,GNB
Kuno Cadenzavnaeve,42178142,40,38,Ifrit,Gaia,2260,0,85baa25ca299e93ef56226f40814f03b_f9f796348bc43067c7242ec4551cde69fc0.jpg?1787393746,Omega,97,8,WAR
Lan Dame-celot,31839759,41,40,Ifrit,Gaia,2247,9,c278e5b98fa396fbc950aeafdb5aaee8_f9f796348bc43067c7242ec4551cde69fc0.jpg?1787394940,Omega,59,2,WAR
Velvet Shilky,15655369,42,39,Anima,Mana,2244,0,988a0ec11e3b6bbbfc5478b0eab4b03f_2f698530a28d671d20278c8518c804c9fc0.jpg?1787393041,Omega,255,12,PLD
Peng In,60228501,43,45,Bahamut,Gaia,2242,90,871397d65bde709b44c83fca4e18a1b3_86da943caa70c8694707ab2ff74e68c9fc0.jpg?1787394846,Omega,85,4,SMN
Death-by Glamour,50007656,44,41,Fenrir,Gaia,2236,0,73746aab8b21d5917fab43f4db6f35aa_d384cf5ad7db803f29799f36ebbc3eadfc0.jpg?1787392578,Omega,57,0,UNK
Xignas Schwalbe,2577287,45,64,Anima,Mana,2174,100,726f737868161a35f25fb4e06bccf08e_2f698530a28d671d20278c8518c804c9fc0.jpg?1787394634,Omega,168,1,VPR
Furanzeska Sumeragi,8414050,46,42,Tonberry,Elemental,2171,0,7300d72d23103eb5494b3e21bf99b3b6_7bb6b1e488f0e4f01c5314d010b60f31fc0.jpg?1787392227,Omega,79,0,SMN
Tige Noir,13429005,47,43,Ridill,Gaia,2170,0,92cf71f8edc971b0656a49db62280b09_138751880f18161a907d7cf0faa43f07fc0.jpg?1787395343,Omega,198,0,DNC
Sukoya Mihirogi,42042279,48,46,Anima,Mana,2150,0,58dacb01c0c75e38125f892840beb026_2f698530a28d671d20278c8518c804c9fc0.jpg?1787393776,Omega,132,0,WAR
Lil Latte,55025559,49,47,Anima,Mana,2140,0,2d01c7e9c74b9faebdd6d9ece7c9eb4a_2f698530a28d671d20278c8518c804c9fc0.jpg?1787395414,Omega,200,0,UNK
Sidurgu Obsidian,17768556,50,48,Garuda,Elemental,2139,0,19277f9e0fcd9432fb16b0e1cbad47a7_fcb1f5b0249d1069e5bdc66d0796f26afc0.jpg?1787394050,Omega,83,0,WHM
Ciao' Chu-ru,46227731,51,49,Asura,Mana,2137,0,4407462a62eb8cb31cec691e9f214c86_53f1445a9f28799a32ea55f046319fc3fc0.jpg?1787394075,Omega,71,0,UNK
Neneco Neko,60257588,52,50,Ultima,Gaia,2089,0,d410b53bdce1036d1d4331de5dd4f44e_9df1b3cb0da35db33c17ef11ddf12adafc0.jpg?1787392097,Omega,63,0,BSM
Flavia Saurva,29364722,53,51,Chocobo,Mana,2089,0,4a9b8d9e5f338a0c28625b5656567941_781d6b3603312f6be41670afa37282e0fc0.jpg?1787394936,Omega,52,0,RPR
Sura Imo,25164389,54,184,Shinryu,Meteor,2088,703,d2cd07ab0f766e9dd870046dcc7fae97_87b7d447f40b06dfc7228caf195f7dcffc0.jpg?1787394010,Omega,43,8,NIN
Yuki Macaron-vanille,37997737,55,52,Ridill,Gaia,2087,0,87df14febf49ad8a24a323b239fb3250_138751880f18161a907d7cf0faa43f07fc0.jpg?1787394497,Omega,66,0,RDM
Kikiru Kiru,32877503,56,53,Pandaemonium,Mana,2086,0,e7b80247dc6473f7ec0cd4127f78efb3_470db1bf2e865f9130531fea40b61ee4fc0.jpg?1787395305,Omega,35,0,RDM
Avail Tec,46450631,57,54,Garuda,Elemental,2085,0,174c8b1a79d654754078bef6b8c51067_fcb1f5b0249d1069e5bdc66d0796f26afc0.jpg?1787393175,Omega,78,0,SAM
Ardbert Hylfyst,31584604,58,55,Belias,Meteor,2085,0,964952d6da8636ab55a5b87a925f0d4c_894c4bd0beab2e2beb44b74f4c4bd206fc0.jpg?1787393917,Omega,31,0,UNK
Rip Rill,726210,59,115,Gungnir,Elemental,2084,391,1ed2cf8fd8dc78c1ec061d9bb9c45462_8f82f937943b6baf4c565020d5eba0ccfc0.jpg?1787394392,Omega,207,11,WHM
Inori Chan,54439983,60,56,Asura,Mana,2084,0,924e00538b2fef48f1ddd6b463e8f7ef_53f1445a9f28799a32ea55f046319fc3fc0.jpg?1787393900,Omega,24,0,VPR
Kite Free,28865954,61,57,Kujata,Elemental,2083,0,b602646591e3d050094503c65590ee4c_72c48f093f2278ac3243962d3eb6a8d7fc0.jpg?1787395114,Omega,26,0,DRK
Muutyo Ganajai,35379364,62,58,Ridill,Gaia,2082,0,5435163c8ed77079a8f6bdb50b7b4da2_138751880f18161a907d7cf0faa43f07fc0.jpg?1787394823,Omega,68,0,SGE
Ura Ururu,59087727,63,59,Chocobo,Mana,2080,0,cbc6fb7e99cc3d57226a4684079c139c_781d6b3603312f6be41670afa37282e0fc0.jpg?1787393802,Omega,40,0,BRD
Muri Puri,48472062,64,60,Ramuh,Meteor,2080,0,fcc01230b112ceb73d1f33197394d5c6_410ddb5a66a2fcacf538bec5ea5d0291fc0.jpg?1787394982,Omega,32,0,PLD
Fania Eckert,2837251,65,62,Titan,Mana,2076,0,7177d6fdd5036eebc72834f8376cd1cf_e2bb3f9679fec6d4836fcf8abcc3eeacfc0.jpg?1787393978,Omega,180,0,CNJ
Shion Amber,26147773,66,63,Unicorn,Meteor,2075,0,e2ecf01d14ce449e8393bc3f5dfc57f4_393eb74047bb90c8d80dea54218430eefc0.jpg?1787395054,Omega,32,0,AST
Akki Noc,2298162,67,78,Alexander,Gaia,2071,74,4a145f36c7316e0d32845d32af5e92bd_b7a71d8799cf6dd75b711a7f52de6675fc0.jpg?1787394938,Omega,114,15,SGE
Sha Moji,19121169,68,65,Carbuncle,Elemental,2068,0,eb82915777eea0c952b2885bf59641d9_9eb3c19866f7ae0eeeffac7bf770aba5fc0.jpg?1787394821,Omega,145,12,MCH
Suteiki Niku,21443132,69,66,Ixion,Mana,2065,0,2f186f805d4bb29abd9458d61593b81a_7126768d768f6c6c7fed3eaee98c3a8afc0.jpg?1787393149,Omega,197,9,DRK
Lancer Yan,18545180,70,67,Fenrir,Gaia,2059,0,b5d95c2f29f83c258c8ed96425acd32b_d384cf5ad7db803f29799f36ebbc3eadfc0.jpg?1787393510,Omega,59,0,NIN
Scarlet Liora,50450849,71,68,Ridill,Gaia,2056,0,823b2552238fefce05d1a2e39630911f_138751880f18161a907d7cf0faa43f07fc0.jpg?1787395014,Omega,75,0,PCT
Coffee Mint,29415966,72,97,Titan,Mana,2054,226,e5a147803c62c81952bc0c786dcfc3cb_e2bb3f9679fec6d4836fcf8abcc3eeacfc0.jpg?1787394431,Omega,639,45,WAR
Akatuki Re,22410327,73,69,Carbuncle,Elemental,2051,0,b3e601fbc493d7bc642faec11f3c05fb_9eb3c19866f7ae0eeeffac7bf770aba5fc0.jpg?1787394900,Omega,94,1,SCH
Tango Ngo,47753273,74,70,Alexander,Gaia,2047,0,c8ff6406f324ec51842e0a491ba1e4fa_b7a71d8799cf6dd75b711a7f52de6675fc0.jpg?1787393848,Omega,178,0,VPR
Aslan Miller,42003071,75,71,Ixion,Mana,2042,0,091d6880c471f9f4c412b704f952af81_7126768d768f6c6c7fed3eaee98c3a8afc0.jpg?1787394944,Omega,152,0,MCH
Creya Oaks,20662074,76,72,Tonberry,Elemental,2037,0,0fb57385ff1c90e3ea26edc53722b78c_7bb6b1e488f0e4f01c5314d010b60f31fc0.jpg?1787393274,Omega,204,0,BRD
Sakura Nemutai,55109399,77,73,Titan,Mana,2021,0,efa9ef6672998c8a9c860e5e104d6b3e_e2bb3f9679fec6d4836fcf8abcc3eeacfc0.jpg?1787392320,Omega,137,0,SGE
Devil May'cry,43140387,78,74,Chocobo,Mana,2015,0,bc38e75d4332eb0a661f158200cedb80_781d6b3603312f6be41670afa37282e0fc0.jpg?1787394354,Omega,44,0,UNK
Walter Winston,3431710,79,75,Fenrir,Gaia,2006,0,bee8390354426d2c1d42d687a0de29d5_d384cf5ad7db803f29799f36ebbc3eadfc0.jpg?1787393473,Omega,74,0,WAR
Yuki Yui,25457703,80,76,Ultima,Gaia,2004,0,53e27d2153b5d4878ef23b1326589ff5_9df1b3cb0da35db33c17ef11ddf12adafc0.jpg?1787392389,Omega,124,0,UNK
Yoruki Hiroran,56925172,81,77,Typhon,Elemental,2001,0,68df19c82415e8fed5592345fb9acbd3_32d8c9c7cd5f62d62da2d31b6750a680fc0.jpg?1787394577,Omega,43,0,SGE
Fuki Non,51302585,82,89,Titan,Mana,1999,105,99d46e5dfaf54e3a630e700cbd41968b_e2bb3f9679fec6d4836fcf8abcc3eeacfc0.jpg?1787393657,Crystal,64,3,WHM
Uta Tubame,12421333,83,79,Zeromus,Meteor,1979,0,4c1c1810ab77c61696ca66b0716fd309_c76848359d0b4d2f37aefbb9903ed97bfc0.jpg?1787394493,Crystal,90,0,MNK
Iroha Date,6961136,84,81,Aegis,Elemental,1973,5,554b38366a6696fd4ca04583ad727660_3ea38e723c590aabf186367e1eb7e6a1fc0.jpg?1787393423,Crystal,108,5,SCH
Kirakira Akira,55531034,85,80,Typhon,Elemental,1973,0,5934f798f998575286709c767ba05f59_32d8c9c7cd5f62d62da2d31b6750a680fc0.jpg?1787395377,Crystal,35,0,WAR
Ajika Rajika,6811285,86,82,Tiamat,Gaia,1916,0,97621d00c96124d00a3c01cec2dde5f8_9f10d335198e90990f3437c5733468e7fc0.jpg?1787395098,Crystal,104,0,UNK
Che'rie Amiri,60682859,87,83,Zeromus,Meteor,1913,0,74b40d795da2cd26657f9838869b63da_c76848359d0b4d2f37aefbb9903ed97bfc0.jpg?1787391997,Crystal,105,0,UNK
Jawa San,3768644,88,84,Titan,Mana,1912,0,6dc7f48778a077c0339870e942a79f2e_e2bb3f9679fec6d4836fcf8abcc3eeacfc0.jpg?1787394542,Crystal,111,0,NIN
Meilkea Inori,40934425,89,85,Aegis,Elemental,1904,0,4c256b756b0f4f43b209ec71728dc0e2_3ea38e723c590aabf186367e1eb7e6a1fc0.jpg?1787392877,Crystal,262,1,UNK
Wuruwuru Yaya,19903532,90,86,Asura,Mana,1904,0,c4dcc6326814217e41a2636e5dd8eea3_53f1445a9f28799a32ea55f046319fc3fc0.jpg?1787395399,Crystal,126,0,NIN
Nao Fu,41247403,91,87,Shinryu,Meteor,1897,0,cfc231e11fac22b1fb8d9d27cee48586_87b7d447f40b06dfc7228caf195f7dcffc0.jpg?1787393968,Crystal,90,6,AST
Roric Thorne,59323169,92,88,Pandaemonium,Mana,1895,0,4ff669632484c5fdf241ea2b9f955435_470db1bf2e865f9130531fea40b61ee4fc0.jpg?1787393526,Crystal,24,0,PCT
Hana'ni Narou,55619969,93,0,Bahamut,Gaia,1890,0,6fed23863620c8b715cbb8ea2b38180f_86da943caa70c8694707ab2ff74e68c9fc0.jpg?1787394771,Crystal,27,0,SAM
Cait Sith,1574936,94,90,Tiamat,Gaia,1883,0,fc4156170aa1fca8004a80238705e5cf_9f10d335198e90990f3437c5733468e7fc0.jpg?1787395407,Crystal,115,9,SMN
Lain Wired,1578110,95,91,Chocobo,Mana,1881,0,51b29015827612eb3c28c2c8dd0f43ef_781d6b3603312f6be41670afa37282e0fc0.jpg?1787394249,Crystal,182,21,SGE
Inx Chrono,21920611,96,92,Yojimbo,Meteor,1875,0,83c01df24231dda93176c28e69768459_4a92c619bde4f34cfa77e05fef21ad85fc0.jpg?1787395303,Crystal,185,16,WHM
Amarl Malaguld,27652092,97,93,Masamune,Mana,1873,0,92f5a8f587b00180a706bf0adc6692cb_134930215abb8a90ec37d6cc05b05e08fc0.jpg?1787392748,Crystal,40,1,DNC
U-ta Rona,33778140,98,94,Ifrit,Gaia,1862,0,5364399662a84913de2dc736c1cdcfc6_f9f796348bc43067c7242ec4551cde69fc0.jpg?1787395054,Crystal,84,0,PCT
Tam Sin,26754914,99,95,Ultima,Gaia,1861,0,4e875947aa4b95d1be857096f32d4ae8_9df1b3cb0da35db33c17ef11ddf12adafc0.jpg?1787394797,Crystal,62,0,SAM
Wabi Suke,1601102,100,96,Asura,Mana,1855,0,355b0ae1cb512875c96e88afa06d36a7_53f1445a9f28799a32ea55f046319fc3fc0.jpg?1787395054,Crystal,358,28,NIN
Yan Yan,3182501,101,98,Alexander,Gaia,1813,0,5cd079575de2bd01f87a188c93738695_b7a71d8799cf6dd75b711a7f52de6675fc0.jpg?1787394986,Crystal,72,0,NIN
Ruru Rururun,41786182,102,99,Ifrit,Gaia,1812,0,3fd0ff0d0e58f6a761a54eebd33b7bc6_f9f796348bc43067c7242ec4551cde69fc0.jpg?1787395502,Crystal,313,14,UNK
Baked Potapota,42031891,103,100,Ramuh,Meteor,1810,0,1b1e5ff45bcbd6a80c94ee1c0c8bddcf_410ddb5a66a2fcacf538bec5ea5d0291fc0.jpg?1787393706,Crystal,95,0,AST
Ame Ame,53697484,104,206,Titan,Mana,1808,504,93d3d9e0c4003776bb652473d623797e_e2bb3f9679fec6d4836fcf8abcc3eeacfc0.jpg?1787392296,Crystal,50,10,UNK
Kaede Felis,33728274,105,109,Typhon,Elemental,1804,94,40686a32bf2ab631ff7e7677fc614cb3_32d8c9c7cd5f62d62da2d31b6750a680fc0.jpg?1787395098,Crystal,124,2,DRG
Black' Cat,27132360,106,101,Ifrit,Gaia,1800,0,25f0dd65be1cf71e9e26e0bcc0dc271f_f9f796348bc43067c7242ec4551cde69fc0.jpg?1787395047,Crystal,120,22,DRK
Tomomomo Momomo,25830708,107,137,Ramuh,Meteor,1786,197,d1b6359fffbcc60e8bddc1120dc05d55_410ddb5a66a2fcacf538bec5ea5d0291fc0.jpg?1787395395,Crystal,42,3,SCH
Cey Noqed,56239764,108,102,Anima,Mana,1783,0,05a455503c1b9dc0712f50ad519d9d21_2f698530a28d671d20278c8518c804c9fc0.jpg?1787392151,Crystal,94,8,BLM
Yo Na,52935364,109,241,Fenrir,Gaia,1783,587,2517fd5dbad75617e546949761815db9_d384cf5ad7db803f29799f36ebbc3eadfc0.jpg?1787393103,Crystal,67,13,NIN
Elisa Wolframite,18964939,110,164,Hades,Mana,1773,299,5582934bb6b94d50874d7d241225aa74_a4730651230dd43cb129562a30d531aefc0.jpg?1787392388,Crystal,121,3,DRK
Beatrice Rosenkreuz,31285042,111,103,Tiamat,Gaia,1771,0,1972bc9fb243d5cb03ad68af2779564d_9f10d335198e90990f3437c5733468e7fc0.jpg?1787395271,Crystal,51,0,AST
Piccolo Saaaaann,23336998,112,104,Asura,Mana,1770,0,efa27fc6ea5fa0a09f429159c3346a0f_53f1445a9f28799a32ea55f046319fc3fc0.jpg?1787392688,Crystal,233,7,WAR
Korone Yubi,38334943,113,105,Yojimbo,Meteor,1768,0,f96e46a75ff8692aefd4bf0841f4e177_4a92c619bde4f34cfa77e05fef21ad85fc0.jpg?1787393970,Crystal,115,0,SGE
Soujirou Seta,4110224,114,106,Tonberry,Elemental,1761,0,7453a7542d76520abe9dd8dcc3572b78_7bb6b1e488f0e4f01c5314d010b60f31fc0.jpg?1787392441,Crystal,106,0,WAR
Yuuki Swallowtail,32886185,115,107,Kujata,Elemental,1714,0,712840b89db68c0862aff570eefb28c6_72c48f093f2278ac3243962d3eb6a8d7fc0.jpg?1787394214,Crystal,129,0,DRK
Cinzia Castagnone,42223337,116,108,Ultima,Gaia,1713,0,f04869081ccf9229ca06746e399b2740_9df1b3cb0da35db33c17ef11ddf12adafc0.jpg?1787393973,Crystal,94,3,AST
Rex Cold,46340519,117,110,Bahamut,Gaia,1709,0,5a590acfa6bbe6cddd1eb5143c7070f2_86da943caa70c8694707ab2ff74e68c9fc0.jpg?1787392679,Crystal,55,0,UNK
Fuuga Reinfeldt,29495648,118,145,Unicorn,Meteor,1706,907,4441cdfb6f60085397a6647656e86646_393eb74047bb90c8d80dea54218430eefc0.jpg?1787394343,Crystal,70,33,DRG
Orpheus Jongleur,3414846,119,111,Bahamut,Gaia,1702,0,091f84408fe996c55b0d18af8fc1d9d6_86da943caa70c8694707ab2ff74e68c9fc0.jpg?1787393004,Crystal,64,0,SCH
Mialulu Sabotage,33714151,120,112,Tiamat,Gaia,1701,0,ed107570ce5fd9ee695034c45ef4d395_9f10d335198e90990f3437c5733468e7fc0.jpg?1787393824,Crystal,43,0,AST
Jios Quartar,3179754,121,113,Tiamat,Gaia,1695,0,e4a3c15118c1258c3c33b152cbada545_9f10d335198e90990f3437c5733468e7fc0.jpg?1787394534,Crystal,122,0,SGE
Ml Tei,47822875,122,114,Alexander,Gaia,1695,0,259bd72e639c252e3e6ab819661c07a6_b7a71d8799cf6dd75b711a7f52de6675fc0.jpg?1787394747,Crystal,25,0,DRG
Aeritte Ravel,41831914,123,173,Carbuncle,Elemental,1694,298,56a646fd4b2eb086bf8c9d712567e62f_9eb3c19866f7ae0eeeffac7bf770aba5fc0.jpg?1787393346,Crystal,142,19,BLU
Tamago Crab,1576417,124,139,Chocobo,Mana,1689,103,0bce11216fe6e4e1cecfe7c969a1460f_781d6b3603312f6be41670afa37282e0fc0.jpg?1787394979,Crystal,88,10,MNK
Laru Gucchi,4772544,125,116,Durandal,Gaia,1686,0,766e8af080f3aa6e38ee510dee4807b8_806ea5b45071d5cd6bf393e38462ee71fc0.jpg?1787392598,Crystal,58,24,DRG
Sead Slendisch,27788989,126,117,Asura,Mana,1683,0,c9bd1276c77cf644ce955ce68575aa37_53f1445a9f28799a32ea55f046319fc3fc0.jpg?1787392330,Crystal,95,9,SGE
Alt Sanktgallen,2143482,127,118,Mandragora,Meteor,1683,0,5c873dda3f483d96a474d6049544be77_ee738654add55c3d07ea92d8e108074cfc0.jpg?1787394836,Crystal,73,12,VPR
Ria Esta,46580024,128,119,Typhon,Elemental,1683,0,537b652a83e9ead35e927e93170f46f0_32d8c9c7cd5f62d62da2d31b6750a680fc0.jpg?1787395258,Crystal,44,0,MCH
Pero Noir,27109057,129,120,Ultima,Gaia,1682,0,889b0b13f93f702d3df91ec97e272102_9df1b3cb0da35db33c17ef11ddf12adafc0.jpg?1787392951,Crystal,51,0,VPR
Kana Drouv,37418772,130,121,Mandragora,Meteor,1678,0,556bea70c6c70acf776be4041d191d92_ee738654add55c3d07ea92d8e108074cfc0.jpg?1787392325,Crystal,34,0,AST
Lilica Astadir,3503219,131,122,Valefor,Meteor,1677,0,5af5f880cbf4a0fb2fc785912a217eae_485f4777c38002871591fb54f27edc65fc0.jpg?1787394440,Crystal,68,4,DRG
Mao Caprice,32793338,132,123,Titan,Mana,1675,0,101c8c73de660221dc8ad95fafa4ad3c_e2bb3f9679fec6d4836fcf8abcc3eeacfc0.jpg?1787394854,Crystal,77,0,PLD
Aurelia Stratosfera,26527089,133,124,Unicorn,Meteor,1675,0,0ed689683555a9555b96a5599288d4a1_393eb74047bb90c8d80dea54218430eefc0.jpg?1787392271,Crystal,64,0,SAM
Moi Pomme,56383677,134,125,Anima,Mana,1672,0,df195b6c463065fc5c6cf34724d6875c_2f698530a28d671d20278c8518c804c9fc0.jpg?1787394447,Crystal,76,0,SMN
Regret Weise,15486920,135,126,Fenrir,Gaia,1670,0,13172be4a1ad05d87f2b3a6e43f14d31_d384cf5ad7db803f29799f36ebbc3eadfc0.jpg?1787392001,Crystal,60,0,DRK
Gogant Gogant,24052697,136,127,Atomos,Elemental,1665,0,9b2637d94cc0b341ddad961722026fdf_cf768a751b1f5e355c2fd39a9ed91f3ffc0.jpg?1787394467,Crystal,108,0,PCT
Chrono Meter,4807361,137,199,Zeromus,Meteor,1622,302,b74f258cbaba5cb680ca0095a0758cbb_c76848359d0b4d2f37aefbb9903ed97bfc0.jpg?1787394624,Crystal,253,37,UNK
Envy Lua,43034484,138,232,Valefor,Meteor,1612,400,e7cd2d55788c0aa6cbc5b71284096360_485f4777c38002871591fb54f27edc65fc0.jpg?1787394427,Crystal,63,12,AST
Ren Chamx,43411675,139,128,Chocobo,Mana,1611,0,d14faf3557b40f62c1fd8e9103ff0ca1_781d6b3603312f6be41670afa37282e0fc0.jpg?1787393382,Crystal,101,8,BLM
Scrambledegg Man,49825055,140,129,Atomos,Elemental,1609,0,1299b45b377e351257f93184002c1b42_cf768a751b1f5e355c2fd39a9ed91f3ffc0.jpg?1787393739,Crystal,32,0,MCH
Falaris Whitemoon,39272552,141,130,Carbuncle,Elemental,1602,0,ba7f541c520a57e21fce1321218d73b3_9eb3c19866f7ae0eeeffac7bf770aba5fc0.jpg?1787394536,Crystal,58,0,MNK
Hakuen Sinonome,10757391,142,131,Asura,Mana,1601,0,6660ba18e406e22fbec52d7b8d1ac332_53f1445a9f28799a32ea55f046319fc3fc0.jpg?1787393339,Crystal,29,1,NIN
Aristel Brown,3214595,143,132,Typhon,Elemental,1599,0,edba68904ef1184c5563cdd263603a74_32d8c9c7cd5f62d62da2d31b6750a680fc0.jpg?1787393337,Crystal,376,10,MCH
Planet Exploration,30755276,144,133,Ixion,Mana,1595,0,b2df099dea56680a53bbc8588e28444f_7126768d768f6c6c7fed3eaee98c3a8afc0.jpg?1787395169,Crystal,60,0,SGE
Ririca Rica,22451341,145,134,Valefor,Meteor,1594,0,b82d75152d14ebf44db2622ef433b4f4_485f4777c38002871591fb54f27edc65fc0.jpg?1787395182,Crystal,183,1,RPR
Nov Noa,56271994,146,135,Tiamat,Gaia,1594,0,0711a53e252756264a473f2b53d53cad_9f10d335198e90990f3437c5733468e7fc0.jpg?1787392252,Crystal,27,0,SCH
Fennel Earltea,21886406,147,136,Typhon,Elemental,1591,0,4e8f23f97ca17b02271d5d67829e204d_32d8c9c7cd5f62d62da2d31b6750a680fc0.jpg?1787392476,Crystal,100,0,DRK
Katuo Bushi,48894263,148,138,Garuda,Elemental,1588,0,8b92a347d66765b2b2d24c1ad40d5afa_fcb1f5b0249d1069e5bdc66d0796f26afc0.jpg?1787394311,Crystal,135,7,SAM
Shamia Lafihna,19352479,149,154,Hades,Mana,1586,94,d0039c35e86ce2926331c5c708ef39f6_a4730651230dd43cb129562a30d531aefc0.jpg?1787392500,Crystal,71,1,VPR
Zwei Kreuz,14516450,150,140,Bahamut,Gaia,1577,0,367ea315b18ce50bb6f34a9ea77f3222_86da943caa70c8694707ab2ff74e68c9fc0.jpg?1787395414,Crystal,33,1,UNK
Hina Narumi,36489169,151,141,Masamune,Mana,1575,0,b92b3bffbe6d8e1f5f53a1f3735c1387_134930215abb8a90ec37d6cc05b05e08fc0.jpg?1787392119,Crystal,59,0,DRG
Douglas Ward,32519646,152,142,Asura,Mana,1573,0,5902010d301aa95176126fcdef0dc7c7_53f1445a9f28799a32ea55f046319fc3fc0.jpg?1787394297,Crystal,314,12,RDM
Honey Cat,51251838,153,143,Ultima,Gaia,1565,0,c89504a579493fe83a6003536b5fcfdf_9df1b3cb0da35db33c17ef11ddf12adafc0.jpg?1787393836,Crystal,122,0,MCH
Deisia Touna,31397456,154,144,Mandragora,Meteor,1528,0,f9bdcbbd105a361017ee7dd26bde2ea6_ee738654add55c3d07ea92d8e108074cfc0.jpg?1787392507,Crystal,195,0,PLD
Khelby Trickster,1496735,155,202,Gungnir,Elemental,1521,211,fde8b59fda65550661c58e15a9026a06_8f82f937943b6baf4c565020d5eba0ccfc0.jpg?1787394782,Crystal,88,13,PLD
Erik Bural,20508529,156,146,Hades,Mana,1511,0,2ca5bed0ca0e49f68c7ca14062e0bacc_a4730651230dd43cb129562a30d531aefc0.jpg?1787393097,Crystal,304,20,MCH
Aruku Babyun,7383311,157,147,Unicorn,Meteor,1509,0,c2fa4e98c1f4638d053218fa4c127b4c_393eb74047bb90c8d80dea54218430eefc0.jpg?1787394336,Crystal,167,15,DRK
Notttz Imbrium,50270248,158,148,Titan,Mana,1509,0,58a87ecc9a18820b07646a481a8154a4_e2bb3f9679fec6d4836fcf8abcc3eeacfc0.jpg?1787392116,Crystal,57,3,PLD
Hyunsik Lee,59757026,159,0,Typhon,Elemental,1506,995,d171f47402375bca99a35c72ebcb7e48_32d8c9c7cd5f62d62da2d31b6750a680fc0.jpg?1787392235,Crystal,32,25,DNC
Now Tarako,25271680,160,149,Belias,Meteor,1504,0,238a3ddced202809c65eaecd03eda2d1_894c4bd0beab2e2beb44b74f4c4bd206fc0.jpg?1787393601,Crystal,63,0,WAR
Lily Skywaker,6792620,161,150,Ixion,Mana,1503,0,2a199e9346f375c2f2e814be59d0cf09_7126768d768f6c6c7fed3eaee98c3a8afc0.jpg?1787393416,Crystal,151,0,MCH
Comachi Dj,13425678,162,151,Hades,Mana,1503,0,4983bf5b31ed2764865b5fd4a01a64a5_a4730651230dd43cb129562a30d531aefc0.jpg?1787395169,Crystal,121,0,VPR
Nacreous Snowmelt,55586649,163,152,Asura,Mana,1500,0,2927bf8e620ad06dc8e1e74d7e3c071f_53f1445a9f28799a32ea55f046319fc3fc0.jpg?1787393633,Crystal,23,0,NIN
Link Ring,55955379,164,262,Durandal,Gaia,1497,396,cd57a4705e19ebab4b3922b039f3a7b7_806ea5b45071d5cd6bf393e38462ee71fc0.jpg?1787393105,Crystal,80,5,BLM
Sol Perfect,13175986,165,267,Hades,Mana,1494,397,09b81422623fbfed2cbc5f5650d41a6f_a4730651230dd43cb129562a30d531aefc0.jpg?1787393359,Crystal,48,4,VPR
Shinra Arasaka,24734269,166,156,Tiamat,Gaia,1493,3,2d735fa31b5cfcc7eabaae1839d0b731_9f10d335198e90990f3437c5733468e7fc0.jpg?1787393043,Crystal,43,2,RPR
Jack O'brian,12218514,167,153,Valefor,Meteor,1493,0,c75b51feaef2edd8ae7e838fdfef63ae_485f4777c38002871591fb54f27edc65fc0.jpg?1787394272,Crystal,33,0,MNK
Rinfia Rint,24291060,168,261,Durandal,Gaia,1491,390,a0d48d9035ce8cb65db8d80e6f885428_806ea5b45071d5cd6bf393e38462ee71fc0.jpg?1787393261,Crystal,153,5,WHM
Boku Hide,61259881,169,155,Chocobo,Mana,1490,0,2405cc4b75108a1384180ce7bafc3b98_781d6b3603312f6be41670afa37282e0fc0.jpg?1787394966,Crystal,58,0,UNK
Happy Gigapanda,29631468,170,157,Belias,Meteor,1488,0,d689aa402e0869833ed03b58aa3396a8_894c4bd0beab2e2beb44b74f4c4bd206fc0.jpg?1787393028,Crystal,107,0,PLD
Maito Melek,26875635,171,158,Hades,Mana,1488,0,f46d534bca38450ba9b70bb608411c3e_a4730651230dd43cb129562a30d531aefc0.jpg?1787394113,Crystal,16,0,UNK
Ursula Hackenschmidt,42648090,172,159,Fenrir,Gaia,1487,0,a665d50be7723b1660e54e045bb7a2fe_d384cf5ad7db803f29799f36ebbc3eadfc0.jpg?1787395115,Crystal,25,0,PLD
Luna Nana,41082381,173,160,Typhon,Elemental,1485,0,35d0842e516aa886b3d925659c693234_32d8c9c7cd5f62d62da2d31b6750a680fc0.jpg?1787392899,Crystal,119,0,BRD
Blari Taraba,29682913,174,161,Ultima,Gaia,1481,0,8715585bf23b1871520e0b6c478fa049_9df1b3cb0da35db33c17ef11ddf12adafc0.jpg?1787394345,Crystal,85,4,RPR
Ardlan Vorlesh,45102526,175,162,Asura,Mana,1481,0,04bfc027079d355fc717e8ec9a4b5f9e_53f1445a9f28799a32ea55f046319fc3fc0.jpg?1787394658,Crystal,79,1,DRG
Momikucha Ocojo,51451812,176,186,Ixion,Mana,1479,96,52ebf8cad8e1a025e1469ada4534a0f2_7126768d768f6c6c7fed3eaee98c3a8afc0.jpg?1787392232,Crystal,94,12,UNK
Dodopita Pittan,3558680,177,187,Tiamat,Gaia,1479,96,0c4178029dae08c0fcbe267d46034e76_9f10d335198e90990f3437c5733468e7fc0.jpg?1787393456,Crystal,81,2,SAM
Kur Age,27916663,178,163,Ifrit,Gaia,1478,0,b6c15539902ac3615580d0c358a2ce3a_f9f796348bc43067c7242ec4551cde69fc0.jpg?1787393619,Crystal,29,0,SGE
Vir Sanctus,38437893,179,165,Asura,Mana,1469,0,e0afc9c178de541c5ba8a1afafa4bb02_53f1445a9f28799a32ea55f046319fc3fc0.jpg?1787393355,Crystal,48,0,SMN
Aries San,12460047,180,166,Tiamat,Gaia,1468,6,00a39e6a3c0cb6e9529ffdf15a10dadb_9f10d335198e90990f3437c5733468e7fc0.jpg?1787395150,Crystal,93,3,PCT
Hateful Past,26237856,181,195,Asura,Mana,1460,101,ed0c8f5d7b00b4c718fd834e96efdd7e_53f1445a9f28799a32ea55f046319fc3fc0.jpg?1787393811,Crystal,57,3,PLD
Crystalline Conflict,56094564,182,213,Kujata,Elemental,1456,180,dcae5be360cd5ac359780dd998fbbf57_72c48f093f2278ac3243962d3eb6a8d7fc0.jpg?1787394831,Crystal,107,10,UNK
Lala Ruru,23370112,183,167,Hades,Mana,1442,0,52987a3ea9f860f9522e49f36a51fcdf_a4730651230dd43cb129562a30d531aefc0.jpg?1787393949,Crystal,184,5,WHM
Mao Niang,52828242,184,168,Ramuh,Meteor,1418,2,8d9afe0653c54c1b87570b3e2bbd4aad_410ddb5a66a2fcacf538bec5ea5d0291fc0.jpg?1787394150,Crystal,71,2,PLD
Mochi Dooooon,51161467,185,201,Hades,Mana,1411,100,fe8f2f3f207480dac3f25ca746d11cf4_a4730651230dd43cb129562a30d531aefc0.jpg?1787392519,Crystal,36,5,SGE
Kenta Kinta,54649892,186,169,Hades,Mana,1410,0,034a59cd1d3c2627f2c2324aca8056b2_a4730651230dd43cb129562a30d531aefc0.jpg?1787394069,Crystal,95,0,UNK
Diao Tiandi,56776774,187,170,Ixion,Mana,1408,0,d3f8787a245e6cabd6ee8065c6eeefb5_7126768d768f6c6c7fed3eaee98c3a8afc0.jpg?1787393651,Crystal,84,0,PLD
Kotori Angel,11433233,188,0,Alexander,Gaia,1403,497,249a60efd4f3f03c25a40a0c3c35d33f_b7a71d8799cf6dd75b711a7f52de6675fc0.jpg?1787394727,Crystal,41,5,DRG
Anoma Loris,44038350,189,266,Valefor,Meteor,1401,303,57b0094511d082e7e7e8203d850b4159_485f4777c38002871591fb54f27edc65fc0.jpg?1787394123,Crystal,74,11,AST
Aria Canon,1030539,190,171,Pandaemonium,Mana,1399,0,c643f10c86a1dec8fe0358a24454dab6_470db1bf2e865f9130531fea40b61ee4fc0.jpg?1787393705,Crystal,147,7,AST
Nocturne Midnightblue,55368101,191,172,Asura,Mana,1397,0,e9f7726a264875c782e0384932dbf161_53f1445a9f28799a32ea55f046319fc3fc0.jpg?1787393304,Crystal,50,0,SMN
Sylphiette Luglia,13255770,192,174,Ultima,Gaia,1394,0,50ff78ae7a4200bc288765aa81af5849_9df1b3cb0da35db33c17ef11ddf12adafc0.jpg?1787393746,Crystal,140,0,MNK
Yi Xiangfeng,57320880,193,175,Titan,Mana,1394,0,a98e604367a6e3fd017185877e3a9227_e2bb3f9679fec6d4836fcf8abcc3eeacfc0.jpg?1787392994,Crystal,31,0,DRG
Evariste Galois,58660135,194,176,Chocobo,Mana,1392,0,7f835ad51f7703d8c7d073fc750b8987_781d6b3603312f6be41670afa37282e0fc0.jpg?1787393016,Crystal,72,0,UNK
Okome Justice,58734775,195,177,Durandal,Gaia,1392,0,3589d26a22faffebd4c39812822aab8a_806ea5b45071d5cd6bf393e38462ee71fc0.jpg?1787395099,Crystal,34,0,PCT
In Darkness,58974244,196,178,Chocobo,Mana,1391,0,d7230442a7c392d7ef8e729a84ab3182_781d6b3603312f6be41670afa37282e0fc0.jpg?1787392558,Crystal,365,20,AST
Syake Dog-nyan,1616788,197,179,Bahamut,Gaia,1390,0,39b434160e1c215835c854cb7a564018_86da943caa70c8694707ab2ff74e68c9fc0.jpg?1787394455,Crystal,69,0,WHM
Avaron Ninesisters,1584314,198,180,Tiamat,Gaia,1387,0,5c1970240f5e1f80ffabdd3988080f5e_9f10d335198e90990f3437c5733468e7fc0.jpg?1787393759,Crystal,133,0,WHM
Nina Vailu,50599787,199,181,Yojimbo,Meteor,1387,0,0a657d81c5b867d2f49d51382bc7b94c_4a92c619bde4f34cfa77e05fef21ad85fc0.jpg?1787394804,Crystal,111,0,DNC
Oracle Trezavejo,15712017,200,182,Bahamut,Gaia,1386,0,b4aa7ecb29192073338a2cc53603b062_86da943caa70c8694707ab2ff74e68c9fc0.jpg?1787394056,Crystal,93,0,MCH
Mily Sara,23911809,201,183,Aegis,Elemental,1385,0,19086b376708852503d1ac9c2b293b8c_3ea38e723c590aabf186367e1eb7e6a1fc0.jpg?1787394395,Crystal,158,0,DRG
Sana Papa,44925625,202,185,Ramuh,Meteor,1384,0,6a2d4e251458356b738142d6b0653c03_410ddb5a66a2fcacf538bec5ea5d0291fc0.jpg?1787395021,Crystal,40,0,MCH
Kageto Magatsuki,36052369,203,188,Ultima,Gaia,1381,0,c99eebd98f0729313042324985a6fc9a_9df1b3cb0da35db33c17ef11ddf12adafc0.jpg?1787392464,Crystal,42,0,VPR
San Sowa,35604125,204,189,Ridill,Gaia,1379,0,c5fbf3709fd6b4c8fba74f67e0820609_138751880f18161a907d7cf0faa43f07fc0.jpg?1787393039,Crystal,220,16,UNK
Ui Thrix,39291749,205,190,Chocobo,Mana,1379,0,08b70654c7812f561afc700e0756319a_781d6b3603312f6be41670afa37282e0fc0.jpg?1787394506,Crystal,35,0,WHM
Seraki Matsushima,43566777,206,191,Ixion,Mana,1378,0,1e4675de3ee8e4d8e053dede59297104_7126768d768f6c6c7fed3eaee98c3a8afc0.jpg?1787393782,Crystal,34,0,PCT
Inu- Pe-,42153397,207,192,Anima,Mana,1375,0,40c3101dfff66955ad4d9b06fda6e3a8_2f698530a28d671d20278c8518c804c9fc0.jpg?1787395169,Crystal,220,19,MNK
Lhei Tayun,55776060,208,193,Chocobo,Mana,1366,0,d1e1c509f0fac227ceada972ddb424d4_781d6b3603312f6be41670afa37282e0fc0.jpg?1787392434,Crystal,60,0,BLM
Shi Syou,5023543,209,194,Atomos,Elemental,1364,0,d930c67636980aa5cc10bd814bdc2dbd_cf768a751b1f5e355c2fd39a9ed91f3ffc0.jpg?1787393802,Crystal,109,2,MCH
Rariboy Xx,4660025,210,196,Garuda,Elemental,1356,0,80b036f210d47467413b630ce1537551_fcb1f5b0249d1069e5bdc66d0796f26afc0.jpg?1787393161,Crystal,72,0,WAR
Zukasa Yatoh,8768354,211,197,Typhon,Elemental,1342,0,4b9242a67c4aa4390facfa8e2028de4b_32d8c9c7cd5f62d62da2d31b6750a680fc0.jpg?1787395351,Crystal,157,0,DRG
Karma Strife,3816037,212,198,Chocobo,Mana,1325,0,7a25293b17ff84c0c64a519d1fc09720_781d6b3603312f6be41670afa37282e0fc0.jpg?1787392781,Crystal,82,0,PCT
Nyaruga Kyuruga,4962287,213,200,Atomos,Elemental,1319,0,fb555ad539f0f8689a39c65513b388b2_cf768a751b1f5e355c2fd39a9ed91f3ffc0.jpg?1787393653,Crystal,118,0,WAR
Piggy Walk,49739992,214,0,Alexander,Gaia,1319,403,3e967d228a864beca527f7f9e1561cb0_b7a71d8799cf6dd75b711a7f52de6675fc0.jpg?1787395311,Crystal,33,11,NIN
Ichigo Jasmine,57027122,215,203,Shinryu,Meteor,1309,0,17fae3561e1e77d262d93652dbd0bdc4_87b7d447f40b06dfc7228caf195f7dcffc0.jpg?1787393155,Crystal,42,0,VPR
Maru Fleur,39475833,216,204,Hades,Mana,1304,0,7a1bf315cc0f4ac30d41db1ed80d9048_a4730651230dd43cb129562a30d531aefc0.jpg?1787394596,Crystal,157,23,BRD
Atai Ikuyo,4875570,217,205,Titan,Mana,1304,0,12a0ba7f14e1c5c5942f18c9c8e760b2_e2bb3f9679fec6d4836fcf8abcc3eeacfc0.jpg?1787392152,Crystal,47,4,DRG
Konegai Konegai,3277232,218,207,Masamune,Mana,1301,0,3a445dba3d4d2882c60b55a59669971b_134930215abb8a90ec37d6cc05b05e08fc0.jpg?1787395109,Crystal,132,30,SCH
Lili Lehua,27944338,219,0,Masamune,Mana,1301,398,056c488a78bcafadc030f4e9c9592b5a_134930215abb8a90ec37d6cc05b05e08fc0.jpg?1787395285,Crystal,91,8,SGE
Elu Acknowless,58699844,220,208,Mandragora,Meteor,1300,0,60c2649fe79faac79d3e7ac948084121_ee738654add55c3d07ea92d8e108074cfc0.jpg?1787394130,Crystal,278,4,RDM
Nicku Nicku,18939474,221,209,Tonberry,Elemental,1299,0,c713d7a775bba8adf5d47b2630f63674_7bb6b1e488f0e4f01c5314d010b60f31fc0.jpg?1787395427,Crystal,14,0,UNK
Super Gal,52139020,222,210,Bahamut,Gaia,1296,0,2a20ce1a576737898f3290324b402cd6_86da943caa70c8694707ab2ff74e68c9fc0.jpg?1787393740,Crystal,227,2,RDM
Go Mee,19423327,223,211,Ifrit,Gaia,1294,0,a075edbb8331e7e875aae500a9e7a435_f9f796348bc43067c7242ec4551cde69fc0.jpg?1787393189,Crystal,59,0,SGE
Chiaki Nanami,43953309,224,212,Titan,Mana,1293,0,82751b490967f6572406e72b39592925_e2bb3f9679fec6d4836fcf8abcc3eeacfc0.jpg?1787393629,Crystal,21,0,VPR
Ruglia Obrien,1099057,225,273,Masamune,Mana,1292,200,9fd45de12b0555b6eec1eda137762381_134930215abb8a90ec37d6cc05b05e08fc0.jpg?1787392545,Crystal,74,4,DRG
Momo Hito,39797602,226,214,Yojimbo,Meteor,1292,0,8d799e9e2471cc9ce1eb0d9ee9e83ee6_4a92c619bde4f34cfa77e05fef21ad85fc0.jpg?1787393735,Crystal,59,0,DNC
Nana Degu,42551273,227,215,Asura,Mana,1292,0,f0ca36e4824faa31992738bb368e803c_53f1445a9f28799a32ea55f046319fc3fc0.jpg?1787394978,Crystal,33,0,DRG
Ame Azarashi,23141823,228,216,Durandal,Gaia,1291,0,3169ff74c51973a08f1b5c47026339a9_806ea5b45071d5cd6bf393e38462ee71fc0.jpg?1787393393,Crystal,27,1,GNB
Neku Xyst,23660389,229,217,Ifrit,Gaia,1289,0,fb1f5fe2519e579c50b2b5aa89992706_f9f796348bc43067c7242ec4551cde69fc0.jpg?1787394485,Crystal,41,0,VPR
Teka Etoile,25627481,230,218,Durandal,Gaia,1288,0,20c4e02c3b7c11c6ceb68582c409ceb9_806ea5b45071d5cd6bf393e38462ee71fc0.jpg?1787394913,Crystal,130,2,WHM
Gobou Mekara,16295932,231,219,Chocobo,Mana,1288,0,b0b05a15f0e0132f73d76efb146bb255_781d6b3603312f6be41670afa37282e0fc0.jpg?1787395208,Crystal,104,0,PCT
Lufefe Lufe,8829146,232,221,Mandragora,Meteor,1287,1,91e252cc1edf40cc72e7912c50fbfde7_ee738654add55c3d07ea92d8e108074cfc0.jpg?1787393086,Crystal,85,1,NIN
Ezorisu Kawaii,51560730,233,220,Titan,Mana,1286,0,7675cffdccbd9f4ab08148da1ec78753_e2bb3f9679fec6d4836fcf8abcc3eeacfc0.jpg?1787395279,Crystal,157,0,UNK
Citrullus Lanatus,44400335,234,282,Yojimbo,Meteor,1286,300,13ea310de2d8cda4dccc636dbfe2e046_4a92c619bde4f34cfa77e05fef21ad85fc0.jpg?1787395275,Crystal,39,7,AST
Oriental Art,1070191,235,222,Chocobo,Mana,1284,0,d31830cb71830b425529f231f39e776b_781d6b3603312f6be41670afa37282e0fc0.jpg?1787395068,Crystal,284,11,DRG
Extra Mage,26831533,236,223,Garuda,Elemental,1283,0,aed9bb13f4dad6a80690e4d58ee69af3_fcb1f5b0249d1069e5bdc66d0796f26afc0.jpg?1787394854,Crystal,23,2,PLD
Mitui Aset,29908583,237,224,Zeromus,Meteor,1276,0,03c5c419a0ed40508b02b7656c3bc1e1_c76848359d0b4d2f37aefbb9903ed97bfc0.jpg?1787392044,Crystal,338,8,DRK
Rocket Chan,50900360,238,225,Ixion,Mana,1232,0,d2030f1358523e62231fffc0004f1ae9_7126768d768f6c6c7fed3eaee98c3a8afc0.jpg?1787392210,Crystal,49,0,UNK
Kinq-of- Platinum,48727904,239,226,Gungnir,Elemental,1226,0,3c8d43a875a038c5fbf54250da8a5442_8f82f937943b6baf4c565020d5eba0ccfc0.jpg?1787393980,Crystal,111,4,DRG
Endless Summer,36558820,240,227,Tiamat,Gaia,1224,0,0079a66433e68b1f473c7487944a4d3d_9f10d335198e90990f3437c5733468e7fc0.jpg?1787395204,Crystal,124,0,PCT
Iz Levmel,17594950,241,229,Garuda,Elemental,1222,7,9e457ec4068931e92288544db8499aae_fcb1f5b0249d1069e5bdc66d0796f26afc0.jpg?1787394106,Crystal,104,10,SAM
Hoshino Ai,47933529,242,228,Titan,Mana,1220,0,82bad71f761726aa0a737f36447d9f50_e2bb3f9679fec6d4836fcf8abcc3eeacfc0.jpg?1787392437,Crystal,35,2,MNK
Shattered Onyx,61529398,243,0,Mandragora,Meteor,1219,316,4507237b3154f0500f368c8975cd596c_ee738654add55c3d07ea92d8e108074cfc0.jpg?1787393264,Crystal,96,16,VPR
Ena Lucida,46120110,244,0,Valefor,Meteor,1215,419,0d22e7ccb96b881d94b2eaac8c63f55c_485f4777c38002871591fb54f27edc65fc0.jpg?1787394848,Crystal,99,9,UNK
Lucie Blanc,4813641,245,230,Anima,Mana,1213,0,9c05760085153887cf9c52f28861be7c_2f698530a28d671d20278c8518c804c9fc0.jpg?1787395239,Crystal,82,8,VPR
Teeteena Teena,50846425,246,231,Kujata,Elemental,1212,0,cf3af51a3535bb934dc9fab3e2db7e3a_72c48f093f2278ac3243962d3eb6a8d7fc0.jpg?1787393562,Crystal,205,0,BRD
Odwit Vendisch,42078574,247,233,Aegis,Elemental,1209,0,16b22e919d37aaeda97dfa361cf8659d_3ea38e723c590aabf186367e1eb7e6a1fc0.jpg?1787394491,Crystal,307,29,UNK
Creed Arks,30577704,248,234,Zeromus,Meteor,1207,0,2aae48156b8dfc008ca2584c7d0e8752_c76848359d0b4d2f37aefbb9903ed97bfc0.jpg?1787393533,Crystal,50,0,BLM
Rohesa Morgan,10586618,249,235,Ramuh,Meteor,1201,0,1b6623c84e2fcee5c1d726a691ab88ba_410ddb5a66a2fcacf538bec5ea5d0291fc0.jpg?1787394826,Crystal,163,11,BSM
Ieajheg Ftydryhc,20204391,250,0,Chocobo,Mana,1200,1200,5b94b6423a78c8a54f86294e40d71a5f_781d6b3603312f6be41670afa37282e0fc0.jpg?1787393860,Crystal,60,17,DRG
Cardinal Shiten,32020696,251,236,Asura,Mana,1199,0,22c6fdca1c107eb07233d098b04cf126_53f1445a9f28799a32ea55f046319fc3fc0.jpg?1787395111,Crystal,160,20,DRG
Aster Sion,3717138,252,237,Valefor,Meteor,1199,0,bb0aa6be216055a36aa59e813ca0ebdb_485f4777c38002871591fb54f27edc65fc0.jpg?1787395113,Crystal,35,0,BLM
He Ro,57048881,253,269,Ultima,Gaia,1197,101,1988e9fc4df817df742388c245715b40_9df1b3cb0da35db33c17ef11ddf12adafc0.jpg?1787392700,Crystal,512,37,UNK
Pekemi Vs,34522615,254,238,Carbuncle,Elemental,1197,0,9fa0d9dd5f5841a202fb4f9e517211e7_9eb3c19866f7ae0eeeffac7bf770aba5fc0.jpg?1787395041,Crystal,348,12,PLD
Miki Triode,8299904,255,239,Pandaemonium,Mana,1196,0,c1667dda66d9bf6140e1aa1c18277ece_470db1bf2e865f9130531fea40b61ee4fc0.jpg?1787393732,Crystal,94,4,RDM
Chisato Laetitia,56099994,256,240,Bahamut,Gaia,1196,0,1ba731eb7e63c6a087133132bbb51418_86da943caa70c8694707ab2ff74e68c9fc0.jpg?1787392133,Crystal,82,0,UNK
Bikkuri Donkey,59256942,257,242,Belias,Meteor,1195,0,96f62f47670d9d1c85e1a464d6f4da65_894c4bd0beab2e2beb44b74f4c4bd206fc0.jpg?1787394453,Crystal,51,0,PCT
Momochi Thunder,9048595,258,243,Bahamut,Gaia,1194,0,3ce0fcc40e818a0d134a6c043d2c09f5_86da943caa70c8694707ab2ff74e68c9fc0.jpg?1787395249,Crystal,76,35,SMN
Fall Leaves,22881570,259,244,Masamune,Mana,1192,0,23540a672824a88d3fc727e33d7f3254_134930215abb8a90ec37d6cc05b05e08fc0.jpg?1787392810,Crystal,138,4,WAR
Pipi Rupipi,46388617,260,0,Ridill,Gaia,1191,482,b5eafab62aeba30f47ef1dc72cff8b3e_138751880f18161a907d7cf0faa43f07fc0.jpg?1787392162,Crystal,43,9,PLD
Jin Walker,25662452,261,245,Hades,Mana,1187,0,f3ff10f6b027a5423c3b035a420aad0e_a4730651230dd43cb129562a30d531aefc0.jpg?1787394010,Crystal,91,0,PLD
Oto Fille,23303467,262,246,Alexander,Gaia,1186,0,6214b825e1ceaec460e508a95aa8b013_b7a71d8799cf6dd75b711a7f52de6675fc0.jpg?1787395138,Crystal,141,1,WHM
Asth Galleria,5330266,263,247,Pandaemonium,Mana,1185,0,69f14cfe9aed20abab40d9c371b581d9_470db1bf2e865f9130531fea40b61ee4fc0.jpg?1787394320,Crystal,93,0,MCH
Takesiba Musasino,29225556,264,248,Durandal,Gaia,1182,0,5cacf8dd1a9dae9427de92b387913396_806ea5b45071d5cd6bf393e38462ee71fc0.jpg?1787395438,Crystal,164,5,NIN
Merlin Emryss,51163079,265,249,Titan,Mana,1182,0,6c3a26e8ea52d6775ebbad30debb56a9_e2bb3f9679fec6d4836fcf8abcc3eeacfc0.jpg?1787392739,Crystal,30,7,DRK
Liken Liekun,24806613,266,250,Shinryu,Meteor,1180,0,5aa5d27e0f5d07d19980648d6a9c2ba5_87b7d447f40b06dfc7228caf195f7dcffc0.jpg?1787393759,Crystal,155,2,AST
Dion Magnus,1559686,267,251,Durandal,Gaia,1179,0,91593ad4939f54221e1d28f542192cc4_806ea5b45071d5cd6bf393e38462ee71fc0.jpg?1787392048,Crystal,106,1,DRG
Aran Tyler,47478713,268,286,Zeromus,Meteor,1168,91,601da8267e6037e1adc37928f1ab982b_c76848359d0b4d2f37aefbb9903ed97bfc0.jpg?1787393683,Crystal,82,3,SAM
Monica Bryant,34559458,269,252,Garuda,Elemental,1167,0,40cd2c4ca4c17623d5c27dfb19831017_fcb1f5b0249d1069e5bdc66d0796f26afc0.jpg?1787391917,Crystal,201,0,BSM
Rokka Gallete,23609500,270,253,Kujata,Elemental,1118,0,6cb05d39414f85c9977ed746371b9289_72c48f093f2278ac3243962d3eb6a8d7fc0.jpg?1787395028,Crystal,33,0,GNB
Hei Meiling,1856397,271,254,Anima,Mana,1118,0,4629fe3ae75d216d2429582d28bd3a7b_2f698530a28d671d20278c8518c804c9fc0.jpg?1787392988,Crystal,14,0,SAM
Hoshikuz Siina,1173407,272,255,Tiamat,Gaia,1115,0,f966bf2277aea0b0af7b96dbbca7abc1_9f10d335198e90990f3437c5733468e7fc0.jpg?1787392919,Crystal,48,0,SAM
Itiban'shibori K'irin,13611420,273,256,Pandaemonium,Mana,1110,0,f9d90367d5f9b5e6b829cac00cdb9431_470db1bf2e865f9130531fea40b61ee4fc0.jpg?1787394216,Crystal,57,0,BLM
Battoh Nuko,1022118,274,257,Durandal,Gaia,1110,0,bdbb91b8d6d4eaa2d99a4a18d13153cb_806ea5b45071d5cd6bf393e38462ee71fc0.jpg?1787394190,Crystal,30,0,DRG
En Avant,46371551,275,296,Belias,Meteor,1109,100,d6c3784f3b06c119ae16dd725e2a2b6e_894c4bd0beab2e2beb44b74f4c4bd206fc0.jpg?1787392707,Crystal,107,3,GNB
Ga Nadi,61801184,276,258,Titan,Mana,1107,0,6d775dc29259442bd6ad12437fe3339b_e2bb3f9679fec6d4836fcf8abcc3eeacfc0.jpg?1787393024,Crystal,190,15,AST
Karewa Kare,53675376,277,0,Durandal,Gaia,1107,496,cbdbee91e564af7bf540b273708c9d13_806ea5b45071d5cd6bf393e38462ee71fc0.jpg?1787393734,Crystal,65,13,SCH
Mino Tina,44341808,278,259,Alexander,Gaia,1106,0,b522d1a64b8b3abdb32b2fe08a7ff496_b7a71d8799cf6dd75b711a7f52de6675fc0.jpg?1787394139,Crystal,113,6,WHM
Gotail Tayuun,55601162,279,260,Asura,Mana,1105,0,086bca05ed8ce4d77d93a8ecc053170a_53f1445a9f28799a32ea55f046319fc3fc0.jpg?1787394204,Crystal,60,0,AST
Obasan Maximum,55901444,280,0,Yojimbo,Meteor,1103,599,0a1ae378145a14e5d2f276738d8b4ba1_4a92c619bde4f34cfa77e05fef21ad85fc0.jpg?1787392911,Crystal,55,13,RPR
Iyuga Fushimi,32792531,281,263,Mandragora,Meteor,1100,0,6ee4fccb5c3189ef27ade8cad61ecbfd_ee738654add55c3d07ea92d8e108074cfc0.jpg?1787393588,Crystal,109,0,SAM
Aquamarine Freyja,30360317,282,264,Titan,Mana,1099,0,0dfd1b818fb45dff90b6c17b14b71318_e2bb3f9679fec6d4836fcf8abcc3eeacfc0.jpg?1787393669,Crystal,31,0,MNK
Yagi San,51169718,283,265,Pandaemonium,Mana,1099,0,5c2aa18cba3910e6bcd393aabddfe674_470db1bf2e865f9130531fea40b61ee4fc0.jpg?1787393892,Crystal,12,0,SAM
Pokeball Bahamut,42274942,284,268,Valefor,Meteor,1096,0,fdf4bab958d2fbf65e0c07739622a1f7_485f4777c38002871591fb54f27edc65fc0.jpg?1787395103,Crystal,527,0,GNB
Ku Zu,8645344,285,0,Tiamat,Gaia,1095,101,9a0526547e58b7d9b5216f686d6d3929_9f10d335198e90990f3437c5733468e7fc0.jpg?1787394712,Crystal,145,3,UNK
Lucy Fortress,40591757,286,270,Yojimbo,Meteor,1095,0,6a8471ce8f811950fa73ff799371ba9d_4a92c619bde4f34cfa77e05fef21ad85fc0.jpg?1787392660,Crystal,130,8,UNK
Saza Nami,28815785,287,271,Valefor,Meteor,1094,0,b7132de4e22a14984e00a5a4feabfdc1_485f4777c38002871591fb54f27edc65fc0.jpg?1787392641,Crystal,88,17,SAM
Haine Balantin,25261749,288,272,Ifrit,Gaia,1093,0,95d742d2775dc4ae64696462b68ee21f_f9f796348bc43067c7242ec4551cde69fc0.jpg?1787392223,Crystal,161,3,DRK
Potato Taylor,33472337,289,274,Pandaemonium,Mana,1090,0,5505eedc1be058336fcf5870330a637e_470db1bf2e865f9130531fea40b61ee4fc0.jpg?1787395124,Crystal,104,14,SGE
Shiki Hime,30001957,290,275,Kujata,Elemental,1090,0,b06fdd560338ca779e896af5187d8c0f_72c48f093f2278ac3243962d3eb6a8d7fc0.jpg?1787393437,Crystal,23,0,MNK
Tomako Nanakusa,28099035,291,276,Alexander,Gaia,1088,0,33c328cb042802fb4ddc287b21165e26_b7a71d8799cf6dd75b711a7f52de6675fc0.jpg?1787394259,Crystal,201,12,MCH
Reeki Veo,17619704,292,277,Tonberry,Elemental,1088,0,1c9005e54e77bfe231e5bdebc829854c_7bb6b1e488f0e4f01c5314d010b60f31fc0.jpg?1787395164,Crystal,161,16,BLM
Dumb Catgirl,49931257,293,278,Ultima,Gaia,1087,0,6fc4eb8844117360fb2f23f75b38a18b_9df1b3cb0da35db33c17ef11ddf12adafc0.jpg?1787392802,Crystal,30,0,RDM
Jake Emethart,30406074,294,279,Alexander,Gaia,1086,0,0bb538c469f634e7e8b6453518a8df60_b7a71d8799cf6dd75b711a7f52de6675fc0.jpg?1787395384,Crystal,75,0,RPR
R'mike Yellow,30277049,295,280,Unicorn,Meteor,1086,0,4dab4d39c0358465c2eebc7f4b6c6e13_393eb74047bb90c8d80dea54218430eefc0.jpg?1787392861,Crystal,54,0,PCT
Mundane Mann,42589754,296,281,Asura,Mana,1082,0,605c543ad4053338807ead77553c263b_53f1445a9f28799a32ea55f046319fc3fc0.jpg?1787394270,Crystal,19,0,SAM
Mame Poporu,22836070,297,283,Ixion,Mana,1079,0,a886d90317b0e4205db7046757e57e53_7126768d768f6c6c7fed3eaee98c3a8afc0.jpg?1787391948,Crystal,34,0,BLM
Umai Okawari,28809423,298,284,Zeromus,Meteor,1078,0,603544c81055f8085a950feb781bee2a_c76848359d0b4d2f37aefbb9903ed97bfc0.jpg?1787394375,Crystal,58,7,PLD
Mimi Lilac,34297778,299,285,Chocobo,Mana,1077,0,85d714107184fc9726edcd5c95b5aa6e_781d6b3603312f6be41670afa37282e0fc0.jpg?1787394449,Crystal,142,7,UNK
Maplesyrup Hunnyhunt,5036291,300,287,Unicorn,Meteor,1072,0,30c7709ed0a59cb5eb0c9201d62deb82_393eb74047bb90c8d80dea54218430eefc0.jpg?1787392005,Crystal,77,0,MNK
Miyu Moon,14522179,1,0,Mateus,Crystal,3659,115,3562f4cf44aad7d526acbf8fae3937b0_f0c52cc66e124fc2e641d7c21ab2ce79fc0.jpg?1787394468,Ultima,87,3,SAM
Pekora Meow,37421725,2,0,Leviathan,Primal,3385,0,dc85502f9baa330d5a15d3c0a6f002a0_a91aae52cff9ef65932db06b150ffd47fc0.jpg?1787395442,Ultima,226,2,AST
Legendary Ash,10855248,3,4,Faerie,Aether,3190,98,6fd699132806b61c9dcb8613c3ae11a3_0e336ff6ad415f47233f0aaf127feac0fc0.jpg?1787392886,Ultima,112,1,PCT
Ahri Meow,42604315,4,3,Leviathan,Primal,3135,0,99498e3de5cc49aacddccc855d4ee19d_a91aae52cff9ef65932db06b150ffd47fc0.jpg?1787394696,Ultima,131,8,RDM
Hollow Bastion,56455630,5,0,Rafflesia,Dynamis,2884,0,1f48f716d376c4c54dbbeedac9f01255_2783886613347a4db0bed7524de1298ffc0.jpg?1787394047,Omega,73,0,UNK
Sanahi Keto,57330112,6,0,Hyperion,Primal,2819,0,6531a5f5216bf8e7efcdcf26e24615cb_57ae9ee5592123dd79c8912bf768cf99fc0.jpg?1787395415,Omega,235,0,PCT
Cyphos Ultimus,2288366,7,15,Balmung,Crystal,2685,296,b980cc0ff24da63437a59ef78df763c0_7a573cbc0cda3a3dfc1795cb3d9f7b23fc0.jpg?1787393653,Omega,127,11,DRG
Azure Balmung,17864089,8,7,Gilgamesh,Aether,2680,0,5456a33c0abb12eab1bf88281486246e_b937560c841465f7c4bc8eb47ea7948afc0.jpg?1787392774,Omega,54,0,NIN
Kairi Rune,28236760,9,8,Hyperion,Primal,2664,0,ce129fc5d83b1472a349e0e1053aee02_57ae9ee5592123dd79c8912bf768cf99fc0.jpg?1787394962,Omega,201,15,RDM
Azar Kaveh,16748899,10,9,Mateus,Crystal,2584,0,1d25f3d1883510d8fd010504471516b8_f0c52cc66e124fc2e641d7c21ab2ce79fc0.jpg?1787392335,Omega,424,28,NIN
Barock Obama,52411158,11,10,Siren,Aether,2534,0,05a5459925b46dd9d074e273b24d5d27_58a84e851e55175d22158ca97af58a1ffc0.jpg?1787395085,Omega,317,7,PLD
Fye Alanyk,48751064,12,13,Diabolos,Crystal,2517,100,d605d68b88b347dfdb8a9b9e6c3539d6_7b33d33ae3ecb996f778a5f67a6a0af6fc0.jpg?1787392197,Omega,262,18,BLM
Tomo Kote,38176817,13,11,Gilgamesh,Aether,2484,0,e5d7502ad7f21874552a4fc21553ee9e_b937560c841465f7c4bc8eb47ea7948afc0.jpg?1787394780,Omega,190,17,DRG
Pvp Badboy,38919488,14,12,Sargatanas,Aether,2421,0,8833f678967938d2e79b8d993021ce3f_ba22853447012a24cee115315d6a5bebfc0.jpg?1787392310,Omega,160,3,NIN
Ham Baga,28276994,15,14,Balmung,Crystal,2389,0,80672270fca68b3d3fa2f4c0b220427a_7a573cbc0cda3a3dfc1795cb3d9f7b23fc0.jpg?1787393393,Omega,164,15,BLM
Artesia Saeyrs,2957946,16,29,Sargatanas,Aether,2371,394,e1a9c389a8110feceacc91a730bfc558_ba22853447012a24cee115315d6a5bebfc0.jpg?1787392982,Omega,35,7,AST
Rin Ruki,59858100,17,16,Exodus,Primal,2297,0,7ec8676537a0b3fff644be3f10ee7741_0cdf051c93865faa15cbc5cd3d2b69fbfc0.jpg?1787392218,Omega,87,0,UNK
Fulheart Grit,38212551,18,17,Balmung,Crystal,2273,0,4a4d99f967c37bf42bd739857921e360_7a573cbc0cda3a3dfc1795cb3d9f7b23fc0.jpg?1787394165,Omega,104,0,WAR
Size Difference,33536390,19,18,Sargatanas,Aether,2271,0,770b5bd32a40e292765490f8e46eaf60_ba22853447012a24cee115315d6a5bebfc0.jpg?1787394779,Omega,178,0,SMN
Vittorio Moretti,61421815,20,19,Diabolos,Crystal,2263,0,8c11f65c791a4f39ba7c716aeb6bc8d9_7b33d33ae3ecb996f778a5f67a6a0af6fc0.jpg?1787394307,Omega,137,5,SMN
Zypris Allsbane,13616095,21,42,Leviathan,Primal,2260,591,8194751bb802fcd9691a7ee558040836_a91aae52cff9ef65932db06b150ffd47fc0.jpg?1787393013,Omega,92,13,RPR
Terro Beoulve,45682109,22,20,Coeurl,Crystal,2208,0,5c8262e03844a30a89d0d2374247f03c_284358f8eb4efc9095914e46798c6ab3fc0.jpg?1787392779,Omega,108,0,VPR
Rae Rea,58956664,23,21,Adamantoise,Aether,2194,0,72766cccd8c79e6afd3055accfc559fa_1f5fd239b885860b7c2bfc72ad1d97effc0.jpg?1787393512,Omega,34,0,WAR
Merlin Emryss,9605720,24,0,Faerie,Aether,2191,101,87179f28ae17956a4d43567dadf6ea60_0e336ff6ad415f47233f0aaf127feac0fc0.jpg?1787393138,Omega,146,3,SGE
Crow Meow,54328117,25,22,Jenova,Aether,2170,0,7eded062751a7f80f7f3d9fbe0ab8e34_ce736afe35e2ded4e46c4fd0659aef7efc0.jpg?1787392006,Omega,52,0,AST
Suhr Zarek,8876676,26,23,Balmung,Crystal,2096,0,c09e4087ccb76545f31b81fa5ca01485_7a573cbc0cda3a3dfc1795cb3d9f7b23fc0.jpg?1787394776,Omega,273,23,DRK
Sanguinius Smolblood,33489157,27,25,Kraken,Dynamis,2078,0,461663ac9dfac06c5d61bc05d26ae652_049a956dfeb0eb2e19c417a1dde4d680fc0.jpg?1787392816,Omega,135,13,PLD
Gongsun Qerel,38059779,28,26,Mateus,Crystal,2063,0,015ef2d1ef8f18b0cf7fa0e646fa2d12_f0c52cc66e124fc2e641d7c21ab2ce79fc0.jpg?1787394457,Omega,172,7,VPR
Emi Meow,44729199,29,27,Siren,Aether,1994,0,39fec9b8eaf71c699797cd15ef87009b_58a84e851e55175d22158ca97af58a1ffc0.jpg?1787394835,Omega,34,0,RDM
Clara Green,44437004,30,28,Gilgamesh,Aether,1982,0,9fdf7ee98ab3c5eb9220a6d31f045135_b937560c841465f7c4bc8eb47ea7948afc0.jpg?1787392623,Omega,112,0,SAM
Olivia Lugria,15149290,31,30,Sargatanas,Aether,1969,0,c230658574a9dc12a4eb6fae2e16ceb4_ba22853447012a24cee115315d6a5bebfc0.jpg?1787392470,Omega,224,0,DRG
Meteor Moon,29693876,32,31,Rafflesia,Dynamis,1942,0,7f262df9422aa27c9dd850d004812561_2783886613347a4db0bed7524de1298ffc0.jpg?1787394081,Omega,232,15,SGE
Sylvie Chan,48678953,33,32,Brynhildr,Crystal,1846,0,14580705b6124b25ef19217300b4891f_d0a0f515a62457570c9b44997063e3c1fc0.jpg?1787393036,Omega,186,0,DRG
Sparrow Hawk,50867063,34,33,Seraph,Dynamis,1790,0,1253b18a592d2d3c5133e9b86ab20c5a_07fb0511053f398d1f2d6831e6a6b4c8fc0.jpg?1787392546,Omega,71,0,DRG
Kahlil Immortalis,22812670,35,34,Diabolos,Crystal,1789,0,0451aa29bd529c5d15b718b74c287dd2_7b33d33ae3ecb996f778a5f67a6a0af6fc0.jpg?1787394106,Omega,95,3,UNK
Xiao Longbao,31670807,36,35,Excalibur,Primal,1787,0,b9d8562547d5b9d8e86054d9061c6a23_745baffc465480ed372e274d50318290fc0.jpg?1787394031,Omega,265,30,MIN
Suhr Zarek,41651606,37,60,Goblin,Crystal,1781,294,9a55a7c2b29a7a0b7de33b2fcc5a0411_8e81e2940511f7152ba4462fe53e35b8fc0.jpg?1787395351,Omega,39,8,MNK
Bepsi Kola,41348459,38,36,Adamantoise,Aether,1707,0,cc3717bc9d9d5c90534918043bb3ba56_1f5fd239b885860b7c2bfc72ad1d97effc0.jpg?1787394964,Omega,153,0,DNC
Air Azure,41482862,39,37,Rafflesia,Dynamis,1703,0,a32fc7c37974e2629ce594c455ff54a7_2783886613347a4db0bed7524de1298ffc0.jpg?1787394452,Omega,117,5,WHM
Myu Meow,9691497,40,37,Leviathan,Primal,1703,0,d925a41776719d761c94e8e32e5e7a0f_a91aae52cff9ef65932db06b150ffd47fc0.jpg?1787393960,Omega,112,0,WHM
Show Maker,61843104,41,39,Kraken,Dynamis,1699,0,a2da8d9d3d95080eac0c8ad1975a70ac_049a956dfeb0eb2e19c417a1dde4d680fc0.jpg?1787393845,Omega,107,0,SMN
Lucio Harundo,4012099,42,44,Leviathan,Primal,1696,81,d042eff245eaa56c0b6989df68a99564_a91aae52cff9ef65932db06b150ffd47fc0.jpg?1787394788,Omega,299,12,DRK
Kylis Pendragon,36050245,43,40,Balmung,Crystal,1685,0,6d0f4e4d3e36c9a4dd7fccd76f9effc3_7a573cbc0cda3a3dfc1795cb3d9f7b23fc0.jpg?1787394853,Omega,228,1,BRD
Marci Meow,54739620,44,41,Balmung,Crystal,1683,0,4ebc98a9ae6cf756ec75bc3db97f87f6_7a573cbc0cda3a3dfc1795cb3d9f7b23fc0.jpg?1787392060,Omega,78,4,DRG
Rubedo Ginshi,15639088,45,43,Lamia,Primal,1662,0,bbc5b3eb96e1a1691fb9abb344fc3217_4d9be17b5e1edc617052b4dbf4007875fc0.jpg?1787394423,Omega,135,9,RPR
Yuseong Regilis,60222350,46,66,Exodus,Primal,1623,293,1c96ea3b1132f01c102abfff5ab289ec_0cdf051c93865faa15cbc5cd3d2b69fbfc0.jpg?1787394425,Omega,107,11,UNK
Kris Lhea,39204335,47,45,Mateus,Crystal,1602,0,982639accd39a2021d8f112bb5e763df_f0c52cc66e124fc2e641d7c21ab2ce79fc0.jpg?1787395272,Omega,59,0,SAM
Death Reaps,8773483,48,46,Balmung,Crystal,1598,0,265183f487ab7e0a5a5b3128ec29a82a_7a573cbc0cda3a3dfc1795cb3d9f7b23fc0.jpg?1787394282,Omega,139,10,SAM
Josh Trigiani,6965228,49,47,Lamia,Primal,1595,0,22f547722b0454bc3b30d7f6a8ac5b0a_4d9be17b5e1edc617052b4dbf4007875fc0.jpg?1787392385,Omega,42,0,BLM
The Feast,46586541,50,48,Behemoth,Primal,1592,0,db9e7409cc816f51307405b49c8b5713_be20385e18333edb329d4574f364a1f0fc0.jpg?1787393465,Omega,74,0,UNK
Saraliah Dawnbringer,21371539,51,49,Coeurl,Crystal,1588,0,6cef2d612818607782b7fbc356526664_284358f8eb4efc9095914e46798c6ab3fc0.jpg?1787392790,Omega,39,0,SAM
Sovereign Phil,14314725,52,50,Goblin,Crystal,1586,0,acf642268567c66b82aaf11114198670_8e81e2940511f7152ba4462fe53e35b8fc0.jpg?1787394533,Omega,31,0,WHM
Mavis Enyo,14769968,53,51,Excalibur,Primal,1578,0,00bced457c7cea8ae968197c61367bed_745baffc465480ed372e274d50318290fc0.jpg?1787391966,Omega,37,0,PLD
Lia Kiri,52292388,54,52,Lamia,Primal,1577,0,297469abea049ff5cfb98af6fe45176f_4d9be17b5e1edc617052b4dbf4007875fc0.jpg?1787394049,Omega,77,0,VPR
Bisukito Neko,32261082,55,53,Zalera,Crystal,1522,0,3462c7ee2de7556ca86498dc5214a7fb_8106f857613f8fb994b0be37b26ff4bafc0.jpg?1787392366,Omega,56,0,UNK
Hrothmar Blackburns,28757856,56,54,Adamantoise,Aether,1516,0,ba6405bac0d5b1fb489962984f0d9fb9_1f5fd239b885860b7c2bfc72ad1d97effc0.jpg?1787394359,Omega,297,21,BLM
Azureal Grandeur,20448737,57,55,Marilith,Dynamis,1516,0,fa989d1d00d58fc1b4171abefb5e22b7_bbfb28d5a9059cd0c768daf77ab29982fc0.jpg?1787392528,Omega,189,0,BRD
Momo Meow,50898775,58,56,Siren,Aether,1513,0,6abf63b1f0755aa211bfd1dadc66e3b9_58a84e851e55175d22158ca97af58a1ffc0.jpg?1787393140,Omega,25,0,WHM
Navori Valois,48622291,59,57,Adamantoise,Aether,1504,0,4facdc408c9ad771bc52001d3c82fa9f_1f5fd239b885860b7c2bfc72ad1d97effc0.jpg?1787392407,Omega,81,0,UNK
P'roto Idola,35374628,60,58,Brynhildr,Crystal,1503,0,a91ad9e8c6c6ddb0905cd9aa6cede8e3_d0a0f515a62457570c9b44997063e3c1fc0.jpg?1787394454,Omega,77,0,WAR
Mac Arena,45492392,61,59,Halicarnassus,Dynamis,1502,0,727c03e055fd72360cd347e8a6365e3a_f2d324d722b28bbe681b2898bcdca8bffc0.jpg?1787394133,Omega,45,0,GNB
Fire Strike,52397705,62,61,Kraken,Dynamis,1480,0,b9c1021d4aa2ae66682e7904857161ed_049a956dfeb0eb2e19c417a1dde4d680fc0.jpg?1787395101,Crystal,55,0,RDM
Zeta Salazar,44375733,63,62,Midgardsormr,Aether,1405,0,4be3c205f3892cdbc09e8417ad6dbb68_5c8ecfbc673e1287a9b5e85423fe1657fc0.jpg?1787394139,Crystal,200,15,SAM
Fortune Days,44283538,64,63,Zalera,Crystal,1395,0,044cf6044387105edf58d48a910b1ae4_8106f857613f8fb994b0be37b26ff4bafc0.jpg?1787393884,Crystal,49,4,PLD
Gidding Mimid,9835761,65,64,Exodus,Primal,1394,0,97296d489ec3afb5d7c65e3c6fa7fc05_0cdf051c93865faa15cbc5cd3d2b69fbfc0.jpg?1787394013,Crystal,173,20,NIN
Dandy Lyon,9088850,66,65,Leviathan,Primal,1379,0,5e652518b4930ff5cb411a5818760318_a91aae52cff9ef65932db06b150ffd47fc0.jpg?1787392533,Crystal,75,12,NIN
Micro Uryade,37487800,67,0,Sargatanas,Aether,1320,0,d9df4db31e4d391c99006db3caa4b5f9_ba22853447012a24cee115315d6a5bebfc0.jpg?1787393649,Crystal,181,10,RPR
Lazy Bear,39566180,68,0,Faerie,Aether,1298,0,a07cf0c35d5a78a5a1b9ca16d6f41803_0e336ff6ad415f47233f0aaf127feac0fc0.jpg?1787394076,Crystal,165,0,SAM
Kuina Kagetsu,36802695,69,0,Ultros,Primal,1286,0,dd8ffbe11c53ea988c605c9c24157c59_c514cdcdb619439df97d906d4434ccc6fc0.jpg?1787395492,Crystal,86,0,AST
Aerika Meow,27836279,70,0,Faerie,Aether,1285,0,cefa16e18644e0b625a0d52d2df514b9_0e336ff6ad415f47233f0aaf127feac0fc0.jpg?1787392056,Crystal,32,0,DNC
Skyanar Tyrunas,42486942,71,78,Siren,Aether,1278,99,ba17697df023a58dbdba8be74f3894f2_58a84e851e55175d22158ca97af58a1ffc0.jpg?1787394065,Crystal,123,6,PLD
Gio Vanna,33440191,72,94,Adamantoise,Aether,1239,302,7d1d14338474ce900c0581dbd778d321_1f5fd239b885860b7c2bfc72ad1d97effc0.jpg?1787394358,Crystal,62,6,SGE
Crew Mate,58619876,73,71,Rafflesia,Dynamis,1212,0,8fabef2de621b0cab9b478c17a74d44f_2783886613347a4db0bed7524de1298ffc0.jpg?1787394886,Crystal,40,0,UNK
La Bubu,26625120,74,72,Diabolos,Crystal,1207,0,733d34df72366760c6f44581681c9088_7b33d33ae3ecb996f778a5f67a6a0af6fc0.jpg?1787395442,Crystal,90,8,BRD
Neo Dymium,33030676,75,73,Seraph,Dynamis,1201,0,24be6098cf7acc2de169d92917d3299f_07fb0511053f398d1f2d6831e6a6b4c8fc0.jpg?1787393528,Crystal,52,3,WAR
Silanah Sylphrena,45709349,76,74,Faerie,Aether,1199,0,353d000e66ebf6b7715ff5998504f784_0e336ff6ad415f47233f0aaf127feac0fc0.jpg?1787395304,Crystal,25,0,AST
Fyoriah Aliapoh,44734635,77,101,Faerie,Aether,1198,297,298901c71b421faa4612e0bbd9420820_0e336ff6ad415f47233f0aaf127feac0fc0.jpg?1787395057,Crystal,92,10,NIN
Nemx Eisenhorn,2244246,78,75,Excalibur,Primal,1195,0,8d22c9821683049e16868ac1de65df41_745baffc465480ed372e274d50318290fc0.jpg?1787393602,Crystal,75,11,RDM
Big Three,47754584,79,76,Zalera,Crystal,1183,0,ef1725c11b5e975338a0b9d2fccdabfe_8106f857613f8fb994b0be37b26ff4bafc0.jpg?1787393731,Crystal,95,20,WAR
Karl Rex,48615049,80,77,Siren,Aether,1179,0,a7f2129699ecb71e801871425b8cbc52_58a84e851e55175d22158ca97af58a1ffc0.jpg?1787393536,Crystal,253,3,WAR
Haha Unless,35825889,81,79,Faerie,Aether,1161,3,3c249691791cbe0f2fb3ccc230c9a4e4_0e336ff6ad415f47233f0aaf127feac0fc0.jpg?1787394167,Crystal,59,4,DNC
Yui Fins,46861659,82,83,Adamantoise,Aether,1122,26,477904411f28cfd029518422146e02f0_1f5fd239b885860b7c2bfc72ad1d97effc0.jpg?1787394753,Crystal,400,27,PLD
Labrys Roux,31449732,83,80,Ultros,Primal,1106,0,b78d649d03beba97a36fa9eebc98afc4_c514cdcdb619439df97d906d4434ccc6fc0.jpg?1787393816,Crystal,107,0,AST
Shionne Ripley,21758358,84,81,Exodus,Primal,1101,0,bb79dff7e2cdc4dfc99c188be01080ba_0cdf051c93865faa15cbc5cd3d2b69fbfc0.jpg?1787395338,Crystal,80,0,MNK
Deadrise Mutambo,49340180,85,82,Diabolos,Crystal,1101,0,05829ade005fe971a894d48d18963c4f_7b33d33ae3ecb996f778a5f67a6a0af6fc0.jpg?1787392185,Crystal,67,5,NIN
Unit Chan,37998953,86,84,Jenova,Aether,1089,0,edbb6ab0cdf4eefcc524df286e3ff034_ce736afe35e2ded4e46c4fd0659aef7efc0.jpg?1787394830,Crystal,118,0,MNK
Aibertain Mando,32541700,87,85,Jenova,Aether,1076,0,8dec967ad48c9a703018a7445740a7f3_ce736afe35e2ded4e46c4fd0659aef7efc0.jpg?1787393645,Crystal,227,21,MCH
Doomballoon Dapingus,19169037,88,86,Diabolos,Crystal,1017,0,e43cef91ca38a14de0e5bea2295ba9c0_7b33d33ae3ecb996f778a5f67a6a0af6fc0.jpg?1787395337,Crystal,54,0,WHM
Unknown O'juan,20213719,89,87,Maduin,Dynamis,1005,0,27df6ef8a3aa80b9f976110e12831743_7ff236346f6151d8a2c08fd0b4a0b806fc0.jpg?1787391978,Crystal,28,0,AST
Zithiel Bihrul,44613484,90,88,Faerie,Aether,1003,0,4abc29f0f384c794c1f6c7e7e60b8ed8_0e336ff6ad415f47233f0aaf127feac0fc0.jpg?1787393099,Crystal,138,5,GNB
Vaal Hazak,26534863,91,126,Zalera,Crystal,1003,301,7c44a75a2f3d57a9cd3b86235340939b_8106f857613f8fb994b0be37b26ff4bafc0.jpg?1787394201,Crystal,132,9,SAM
Nero Cor,51685882,92,89,Cactuar,Aether,1001,0,a53a1a6499997a089c36337bcc3ae46d_96ab1df8877c1f8ba6a89a39cccfd437fc0.jpg?1787394950,Crystal,96,0,RDM
F'ool Pr'oof,27802292,93,90,Behemoth,Primal,1001,0,07756f3cccf4cada3f3d40b5d44ef841_be20385e18333edb329d4574f364a1f0fc0.jpg?1787392955,Crystal,77,1,SMN
Kirishoto Azphina,7859003,94,91,Excalibur,Primal,999,0,c9689b4fc4af55f8366432b02c0ce55f_745baffc465480ed372e274d50318290fc0.jpg?1787394320,Crystal,60,0,PLD
Baka Bao,48974722,95,92,Gilgamesh,Aether,997,0,ef2247fb5724315ecd96d1ac9c5804b1_b937560c841465f7c4bc8eb47ea7948afc0.jpg?1787395313,Crystal,164,16,SAM
Raiden Meow,60049984,96,93,Halicarnassus,Dynamis,990,0,82a7874a19aee552f4a0f8ff2b663dff_f2d324d722b28bbe681b2898bcdca8bffc0.jpg?1787393980,Crystal,29,0,MNK
Tiny Sosig,16648383,97,95,Balmung,Crystal,911,0,47661dc0b135d6c15fadc46a3fa85816_7a573cbc0cda3a3dfc1795cb3d9f7b23fc0.jpg?1787394477,Crystal,161,8,MNK
Raphtalia Solari,8126326,98,96,Adamantoise,Aether,908,0,baeca36f0f50dbb796496ea18e58ee30_1f5fd239b885860b7c2bfc72ad1d97effc0.jpg?1787395503,Crystal,91,0,SGE
No Buts,2234245,99,103,Zalera,Crystal,906,5,0d8b9ae74f55ea0ba374fa7b38b48862_8106f857613f8fb994b0be37b26ff4bafc0.jpg?1787395092,Crystal,70,6,BRD
Ash Ymir,50182260,100,97,Gilgamesh,Aether,906,0,571648c27d0568207bb3ebea02244e4e_b937560c841465f7c4bc8eb47ea7948afc0.jpg?1787394263,Crystal,37,1,UNK
Celesse Archon,5403993,101,98,Midgardsormr,Aether,902,0,46c05696a375eb66cab3503bea79e4e4_5c8ecfbc673e1287a9b5e85423fe1657fc0.jpg?1787393629,Crystal,32,0,AST
Limit Less,48764071,102,99,Jenova,Aether,902,0,cfaa3805c7a62fc99a75b9c68da57b17_ce736afe35e2ded4e46c4fd0659aef7efc0.jpg?1787395295,Crystal,10,0,PCT
Silvy Kaenbyou,45504540,103,100,Goblin,Crystal,901,0,3a856bd5c7e35d95f6afcc57be4321a1_8e81e2940511f7152ba4462fe53e35b8fc0.jpg?1787392584,Crystal,196,17,MCH
Somnidemn Serdorm,37031558,104,102,Goblin,Crystal,901,0,6147ca113912ee7b9ac321313bbf5863_8e81e2940511f7152ba4462fe53e35b8fc0.jpg?1787392302,Crystal,72,0,FSH
Anti Luminosity,53824427,105,104,Marilith,Dynamis,900,2,345441c3ea324bf07484e7e6f1031ccc_bbfb28d5a9059cd0c768daf77ab29982fc0.jpg?1787394893,Crystal,165,8,RPR
Seto Mimyho,20943977,106,115,Behemoth,Primal,899,101,e0110a23ddcddf11cb8bf1e895c56d75_be20385e18333edb329d4574f364a1f0fc0.jpg?1787392447,Crystal,48,2,SGE
Naomi Hakoma,13697124,107,105,Halicarnassus,Dynamis,897,0,a6732f9cc34509a6761d618186e745fd_f2d324d722b28bbe681b2898bcdca8bffc0.jpg?1787395202,Crystal,63,2,CUL
Aesa Iys,59631795,108,128,Kraken,Dynamis,895,196,60f73c621a5b6dec56728cc5466268c2_049a956dfeb0eb2e19c417a1dde4d680fc0.jpg?1787393255,Crystal,204,19,UNK
Nia Yukumo,22530343,109,106,Lamia,Primal,893,0,41fe576462de4cc12ab76d6d29ef58e4_4d9be17b5e1edc617052b4dbf4007875fc0.jpg?1787395091,Crystal,109,0,BRD
Ice Mage,56719413,110,107,Golem,Dynamis,893,0,20eb207dbce003e2fb1842e0c47aacc7_dd61c3dc259e5c43722e89409499b669fc0.jpg?1787392055,Crystal,62,0,BLM
Nanamie Namie,54007603,111,108,Seraph,Dynamis,884,0,0a2ba3a431605dbe05215a75dffd70e7_07fb0511053f398d1f2d6831e6a6b4c8fc0.jpg?1787393352,Crystal,92,0,MNK
Uki Yo,50106047,112,109,Adamantoise,Aether,879,0,75e9983a4dd07e7e5de0ed1ac11a23fb_1f5fd239b885860b7c2bfc72ad1d97effc0.jpg?1787392058,Crystal,19,0,MNK
Phrosticus Maximus,51732834,113,110,Kraken,Dynamis,831,0,36921233b0c05085a501c86bb51f5633_049a956dfeb0eb2e19c417a1dde4d680fc0.jpg?1787394914,Crystal,233,21,NIN
Kiitla Hundar,21600585,114,111,Brynhildr,Crystal,821,0,acff83df95bca2189584bd6af72e84ce_d0a0f515a62457570c9b44997063e3c1fc0.jpg?1787392033,Crystal,104,0,UNK
Horan Lou,38248988,115,112,Brynhildr,Crystal,817,0,3c88d2c3502bacefa5eb1e223a75217b_d0a0f515a62457570c9b44997063e3c1fc0.jpg?1787394066,Crystal,100,3,RPR
Ryan Hoshiko,10323495,116,113,Lamia,Primal,815,0,b8f720f05e5314618bc7341f856d075d_4d9be17b5e1edc617052b4dbf4007875fc0.jpg?1787394028,Crystal,56,0,RDM
Silah Zetsku,53965328,117,114,Marilith,Dynamis,809,5,d2b4042f092dccb0d381fdc61afe74c3_bbfb28d5a9059cd0c768daf77ab29982fc0.jpg?1787392221,Crystal,46,6,MCH
Adrianne Lehman,335503,118,149,Jenova,Aether,801,210,9487d4bc6332e7a22c323a4ee321ffa1_ce736afe35e2ded4e46c4fd0659aef7efc0.jpg?1787393373,Crystal,269,7,MCH
Satoshi Itaori,52546108,119,116,Golem,Dynamis,798,0,1ecf4d8479fa0e8c3c4b6fe005108b6d_dd61c3dc259e5c43722e89409499b669fc0.jpg?1787393276,Crystal,32,0,MCH
Mtn Boop,36509633,120,168,Brynhildr,Crystal,797,303,175f521a1de707cbfb345e95df5e588c_d0a0f515a62457570c9b44997063e3c1fc0.jpg?1787393030,Crystal,17,6,SGE
Wmmmmmmmmm Wmmmmmmmmm,56778920,121,117,Halicarnassus,Dynamis,795,0,9e294822ea14ed4084dfe667478bc6e5_f2d324d722b28bbe681b2898bcdca8bffc0.jpg?1787393236,Crystal,26,0,AST
Shimori Bunihara,50186185,122,118,Kraken,Dynamis,793,0,c7cd2842a29701e0963bf6d156392014_049a956dfeb0eb2e19c417a1dde4d680fc0.jpg?1787392682,Crystal,40,0,RPR
Norma Jeannie,28105106,123,135,Jenova,Aether,792,103,bff6f64f1e9dd700a962c74db4bf4812_ce736afe35e2ded4e46c4fd0659aef7efc0.jpg?1787393034,Crystal,58,5,SCH
Banana Skye,48159675,124,119,Faerie,Aether,790,0,37d6f3f177181cc95ef2e697d25b0c85_0e336ff6ad415f47233f0aaf127feac0fc0.jpg?1787394488,Crystal,62,0,WHM
Garu Kettle,7054871,125,121,Behemoth,Primal,789,10,e03f1b46663ddb8c150315a88c79c9f1_be20385e18333edb329d4574f364a1f0fc0.jpg?1787393723,Crystal,127,16,UNK
Im Dead,44727021,126,120,Balmung,Crystal,789,0,382bb5e8fe23a4e04750cfd29fa9f46c_7a573cbc0cda3a3dfc1795cb3d9f7b23fc0.jpg?1787394126,Crystal,38,0,MNK
Finch Curador,30712387,127,152,Leviathan,Primal,784,203,a7767d35320b852f509e7dd68b0151d4_a91aae52cff9ef65932db06b150ffd47fc0.jpg?1787392624,Crystal,16,5,BLM
S'tille Fhey,8693680,128,122,Midgardsormr,Aether,709,0,d02ff61e52c6b3e4eadaf1f6172fe557_5c8ecfbc673e1287a9b5e85423fe1657fc0.jpg?1787393466,Crystal,79,0,BRD
Judas Demaio,7957583,129,123,Balmung,Crystal,709,0,802e8b947615ba3fa10ac8d8e4fb1ebf_7a573cbc0cda3a3dfc1795cb3d9f7b23fc0.jpg?1787395293,Crystal,43,0,UNK
Ellie Titis,36865882,130,124,Midgardsormr,Aether,707,0,71601f63eddfe2db7e4ec2213790102c_5c8ecfbc673e1287a9b5e85423fe1657fc0.jpg?1787392892,Crystal,30,0,PLD
Scythe Horrorblade,32713598,131,125,Mateus,Crystal,702,0,43c41a5aa8d981f109e6d76f3347bd93_f0c52cc66e124fc2e641d7c21ab2ce79fc0.jpg?1787392818,Crystal,319,0,DRG
Rusheel Vasscus,2314921,132,127,Adamantoise,Aether,702,0,a4248cc27f1d518fee3b2b12da021669_1f5fd239b885860b7c2bfc72ad1d97effc0.jpg?1787393732,Crystal,15,0,MNK
Fryar Vagrant,27459700,133,244,Jenova,Aether,698,698,5f83a04d01483896e3082832a5e6a7f0_ce736afe35e2ded4e46c4fd0659aef7efc0.jpg?1787394419,Crystal,65,21,MNK
Noel Bunny,5201676,134,129,Behemoth,Primal,697,0,c7f99603b6e09c43470bbabaed203add_be20385e18333edb329d4574f364a1f0fc0.jpg?1787393087,Crystal,141,0,UNK
Io Isana,33563057,135,130,Coeurl,Crystal,695,0,bb1bccc46bef2876072e2e7fa326fa12_284358f8eb4efc9095914e46798c6ab3fc0.jpg?1787393431,Crystal,18,1,SAM
Alex Rider,61850079,136,131,Hyperion,Primal,694,0,d221a7b6c00ffa393c988249ed242d9a_57ae9ee5592123dd79c8912bf768cf99fc0.jpg?1787393891,Crystal,75,0,DRG
Mo Azure,47140618,137,223,Lamia,Primal,694,397,8e6a4b8b298b5523d1f99888dd9f36cf_4d9be17b5e1edc617052b4dbf4007875fc0.jpg?1787394730,Crystal,19,6,PLD
Master Zoknik,48144446,138,132,Balmung,Crystal,692,0,3c54e73f2ad7023aa3b173793f95c070_7a573cbc0cda3a3dfc1795cb3d9f7b23fc0.jpg?1787391956,Crystal,29,0,SMN
Alana Mystranquil,38447772,139,133,Coeurl,Crystal,690,0,a3b4e0628a97b6c3941d78fd1af36b81_284358f8eb4efc9095914e46798c6ab3fc0.jpg?1787391973,Crystal,29,0,SCH
Zot Meow,34168568,140,134,Sargatanas,Aether,690,0,857170879bee95fc8f3f62ae264a46ce_ba22853447012a24cee115315d6a5bebfc0.jpg?1787392631,Crystal,28,0,SGE
Lolly Pops,11573609,141,136,Leviathan,Primal,685,0,a38b4d4cbcfc624c56b5db6efb627dd2_a91aae52cff9ef65932db06b150ffd47fc0.jpg?1787394456,Crystal,255,31,MCH
Kasai Kage,21886030,142,137,Adamantoise,Aether,618,0,6835735c490425c8a49d6889308a3484_1f5fd239b885860b7c2bfc72ad1d97effc0.jpg?1787394207,Crystal,25,0,NIN
Akari Tsuki,46655701,143,138,Adamantoise,Aether,608,0,08f7ffe45c1b134f99ea040b39ee2bdd_1f5fd239b885860b7c2bfc72ad1d97effc0.jpg?1787391996,Crystal,24,0,SMN
No Bee,37102144,144,139,Lamia,Primal,606,0,5c741048df2befeb7f80a2b03bb02aee_4d9be17b5e1edc617052b4dbf4007875fc0.jpg?1787394779,Crystal,85,18,BRD
Hilto Feltre,55076328,145,140,Sargatanas,Aether,605,0,4a850e1dbb7f6f3aeff5b21df6166f3f_ba22853447012a24cee115315d6a5bebfc0.jpg?1787393636,Crystal,45,0,RPR
Ivy Storm,61727582,146,141,Zalera,Crystal,604,0,27a648f77de0ff7a1a44539cbd062203_8106f857613f8fb994b0be37b26ff4bafc0.jpg?1787394887,Crystal,81,0,MCH
Shum One,31246227,147,142,Midgardsormr,Aether,602,0,6a9ab1154c9d9a712cc039f45837db6d_5c8ecfbc673e1287a9b5e85423fe1657fc0.jpg?1787395157,Crystal,93,0,VPR
Alma Braver,729037,148,143,Goblin,Crystal,602,0,1d50d402d833734bf7f0d1fe6b3af5e8_8e81e2940511f7152ba4462fe53e35b8fc0.jpg?1787393782,Crystal,49,0,SMN
Orpheus Laine,29851207,149,160,Gilgamesh,Aether,601,98,5939235fbb052c79392d334cce14ca00_b937560c841465f7c4bc8eb47ea7948afc0.jpg?1787393528,Crystal,37,5,BLM
Nikau Milkdud,30842976,150,144,Lamia,Primal,601,0,2ffee265e9fb9491997d30306dc67cc3_4d9be17b5e1edc617052b4dbf4007875fc0.jpg?1787392548,Crystal,20,0,MNK
Hunie Pop,37396085,151,145,Ultros,Primal,599,0,8a72b357002474c02d597d6e8bc94cee_c514cdcdb619439df97d906d4434ccc6fc0.jpg?1787393203,Crystal,113,3,WHM
Ethan Dumas,2337003,152,146,Zalera,Crystal,599,0,4363afb6aeff95a15293cf3907560f7b_8106f857613f8fb994b0be37b26ff4bafc0.jpg?1787393119,Crystal,104,0,RDM
June Buggy,39873640,153,147,Brynhildr,Crystal,595,0,929fb7f3958e6f1fbc9e559d731c0108_d0a0f515a62457570c9b44997063e3c1fc0.jpg?1787394662,Crystal,43,0,PLD
Eyre Stahl,32745572,154,148,Maduin,Dynamis,593,0,0d24cf6e8f53fc59a993fd5e5311d4e0_7ff236346f6151d8a2c08fd0b4a0b806fc0.jpg?1787394124,Crystal,35,1,SAM
Teysa Montgomery,6201712,155,150,Cactuar,Aether,591,0,eb51f53fb1f2b23ee171b4e92895e9b4_96ab1df8877c1f8ba6a89a39cccfd437fc0.jpg?1787392443,Crystal,177,6,DRG
Vann Healsing,6572,156,217,Coeurl,Crystal,589,291,e19ce452168669ef7abba0e26cc8ee4c_284358f8eb4efc9095914e46798c6ab3fc0.jpg?1787394591,Crystal,12,5,DRG
Sarantsatsral Kha,26082962,157,151,Behemoth,Primal,586,0,f8735f190504d139ee16ec1a623371dc_be20385e18333edb329d4574f364a1f0fc0.jpg?1787392014,Crystal,26,0,BLM
Rasan Sena,13544028,158,153,Kraken,Dynamis,508,0,70d1ba94bcbeff8a384f1e364b2ee863_049a956dfeb0eb2e19c417a1dde4d680fc0.jpg?1787394205,Crystal,63,0,MNK
Rachna's Kitten,60414129,159,154,Diabolos,Crystal,508,0,5a2079c26296ecf9252da83453669ee7_7b33d33ae3ecb996f778a5f67a6a0af6fc0.jpg?1787395366,Crystal,34,0,UNK
Cassian Syndriel,52998476,160,155,Ultros,Primal,507,0,db812378f708097c17610e9e6817f749_c514cdcdb619439df97d906d4434ccc6fc0.jpg?1787394837,Crystal,82,0,SAM
Cain Molkoh,57323197,161,156,Goblin,Crystal,506,0,889deea7b0b76edd744a2b6fb24a09a1_8e81e2940511f7152ba4462fe53e35b8fc0.jpg?1787393708,Crystal,111,0,BLM
Naeng Myeon,35393894,162,157,Jenova,Aether,506,0,e834ee8ccde5fd99424275ed75278f5b_ce736afe35e2ded4e46c4fd0659aef7efc0.jpg?1787394221,Crystal,92,19,MCH
Mori Sumire,22629786,163,158,Zalera,Crystal,504,0,9d1372da41637e0a1cee75add0cdab3e_8106f857613f8fb994b0be37b26ff4bafc0.jpg?1787394498,Crystal,68,3,UNK
Airi Aogane,46241895,164,159,Sargatanas,Aether,503,0,11367baad718b56f9682513d9430146d_ba22853447012a24cee115315d6a5bebfc0.jpg?1787395341,Crystal,117,0,VPR
Rin Denma,33178809,165,161,Gilgamesh,Aether,501,0,6c5bab6678d3c44b6e646bc8726eb9f9_b937560c841465f7c4bc8eb47ea7948afc0.jpg?1787394715,Crystal,11,0,UNK
Oni Akuma,7300790,166,162,Gilgamesh,Aether,500,0,e8e098720e245711114b4614110261b5_b937560c841465f7c4bc8eb47ea7948afc0.jpg?1787393474,Crystal,188,5,MNK
Minato Maki,53819658,167,163,Excalibur,Primal,500,0,03c1d1dc5b9a30317518ec9a30c301ab_745baffc465480ed372e274d50318290fc0.jpg?1787395022,Crystal,30,0,VPR
Aelara Nightelm,2908362,168,164,Maduin,Dynamis,499,0,f40ea9e3404cbab02b92f9bc1d80cdcd_7ff236346f6151d8a2c08fd0b4a0b806fc0.jpg?1787392411,Crystal,136,0,AST
Lelouch Masamune,12543299,169,165,Malboro,Crystal,499,0,711457fd66b589fb422ba4640a4826f0_2e97c13fdd593d15d543093f8a37b6f0fc0.jpg?1787393706,Crystal,76,0,SCH
Shinra Tatsuya,8648762,170,166,Gilgamesh,Aether,498,0,7dccb5e520b149afd2b044279fa8694e_b937560c841465f7c4bc8eb47ea7948afc0.jpg?1787392746,Crystal,86,3,SAM
Xale Solace,52728205,171,167,Adamantoise,Aether,497,0,5272a5d5dea9738bb4a6638ac3f083d2_1f5fd239b885860b7c2bfc72ad1d97effc0.jpg?1787392871,Crystal,64,3,DRG
High Five,40416979,172,169,Brynhildr,Crystal,493,0,f6eae218fa6037625ae22a8c800d935d_d0a0f515a62457570c9b44997063e3c1fc0.jpg?1787393327,Crystal,21,0,BRD
Tc Sola,43984930,173,170,Zalera,Crystal,489,0,1bde011c1056c258b5456fb7d0f6283f_8106f857613f8fb994b0be37b26ff4bafc0.jpg?1787395401,Crystal,78,0,RDM
Yos Sy,23664999,174,191,Jenova,Aether,479,81,01f58e6e2269085746fd0a5b6fe0e7f2_ce736afe35e2ded4e46c4fd0659aef7efc0.jpg?1787393975,Crystal,82,11,PLD
Azura Skye,61832185,175,171,Goblin,Crystal,408,0,06833163f0059227fbc31ba3c8c36610_8e81e2940511f7152ba4462fe53e35b8fc0.jpg?1787393771,Crystal,61,0,FSH
Bigg Succ,14228989,176,172,Coeurl,Crystal,408,0,d833225ff74a6d00fc89b134cc155262_284358f8eb4efc9095914e46798c6ab3fc0.jpg?1787395500,Crystal,7,0,MCH
Bean Waters,34305264,177,173,Famfrit,Primal,406,0,bcdcd97b24d4dfc6b3e643c8670b6f7c_fce4949e615393e574f2d57134b31fc1fc0.jpg?1787394420,Crystal,47,0,SAM
Lowan Gleview,48863675,178,174,Gilgamesh,Aether,406,0,3ed0770e9633fa9630af57f595f1d68d_b937560c841465f7c4bc8eb47ea7948afc0.jpg?1787394222,Crystal,35,0,NIN
Roland Montpensier,27408688,179,175,Mateus,Crystal,402,0,f999e29fa2ab10f6ba02338f493e886b_f0c52cc66e124fc2e641d7c21ab2ce79fc0.jpg?1787393988,Crystal,26,0,DRG
Tio Tot,32427648,180,176,Jenova,Aether,402,0,b6b5f99e0b2c9878499873fdbe82cda3_ce736afe35e2ded4e46c4fd0659aef7efc0.jpg?1787392232,Crystal,25,0,DRG
Larxis Themage,9284703,181,177,Mateus,Crystal,401,0,f1440421e273892659981868cbc99f9b_f0c52cc66e124fc2e641d7c21ab2ce79fc0.jpg?1787392217,Crystal,159,9,BLM
Von Columbine,58381347,182,178,Gilgamesh,Aether,401,0,616328e702b2b2e8d452581d53ec9f88_b937560c841465f7c4bc8eb47ea7948afc0.jpg?1787392469,Crystal,102,0,GNB
O'naeas Du'faigh,39414113,183,179,Ultros,Primal,401,0,7994a259bec436115a0081b11babf4f8_c514cdcdb619439df97d906d4434ccc6fc0.jpg?1787394861,Crystal,75,0,WAR
Jin Mercer,31096690,184,180,Marilith,Dynamis,401,0,708b770d30658bbff6a84015d913b518_bbfb28d5a9059cd0c768daf77ab29982fc0.jpg?1787394367,Crystal,74,3,MCH
Very Shooooooooooort,49384501,185,181,Hyperion,Primal,401,0,084259a7b0d5cdac112faebe64bac849_57ae9ee5592123dd79c8912bf768cf99fc0.jpg?1787394791,Crystal,60,0,UNK
Vicious Nouzen,42001229,186,182,Jenova,Aether,401,0,94ccc3f4ceffc2356f1ddd47d85ca9f7_ce736afe35e2ded4e46c4fd0659aef7efc0.jpg?1787392892,Crystal,51,0,MNK
Virtus Giruvegan,3183831,187,242,Gilgamesh,Aether,401,202,e8050cdd79efaaf143d74f9ae4cdcfb1_b937560c841465f7c4bc8eb47ea7948afc0.jpg?1787394994,Crystal,23,9,UNK
Senka Kyo,40405843,188,183,Adamantoise,Aether,401,0,57edcac1396cccc62373cfaa1109ab06_1f5fd239b885860b7c2bfc72ad1d97effc0.jpg?1787394458,Crystal,3,0,MCH
Rail Ying,33252892,189,184,Famfrit,Primal,400,0,e9ae8b691e418ccccf35ebe11804f497_fce4949e615393e574f2d57134b31fc1fc0.jpg?1787392931,Crystal,341,0,RPR
Coffee Dawg,17085073,190,185,Famfrit,Primal,400,0,3f73984ff31eed30a16eba5ac017bdda_fce4949e615393e574f2d57134b31fc1fc0.jpg?1787393658,Crystal,67,2,SCH
Nero K'ten,6155374,191,186,Lamia,Primal,400,0,457604f04300faac0e52a053884e2bb7_4d9be17b5e1edc617052b4dbf4007875fc0.jpg?1787395296,Crystal,53,0,AST
Freelili Baylili,41088797,192,187,Famfrit,Primal,400,0,2fd0edea93f7f1b96bfa59c24d04a2af_fce4949e615393e574f2d57134b31fc1fc0.jpg?1787394877,Crystal,49,0,RPR
Cj Deux,23394493,193,188,Lamia,Primal,399,0,64702aeefa55d2931c531ddadd7964ea_4d9be17b5e1edc617052b4dbf4007875fc0.jpg?1787394678,Crystal,203,0,BLM
Shiroi Kijo,44769088,194,189,Ultros,Primal,399,0,2bc8c14bed99e41cc16db823a37e5295_c514cdcdb619439df97d906d4434ccc6fc0.jpg?1787393076,Crystal,128,20,SMN
Pvp Wintrader,55633250,195,190,Rafflesia,Dynamis,399,0,a95c4512f0f35cf564aac910d19b00e2_2783886613347a4db0bed7524de1298ffc0.jpg?1787392477,Crystal,41,0,BRD
Johnny Rotten,60584717,196,192,Balmung,Crystal,398,0,16dd0eb6be877814ca22fed24fe6191d_7a573cbc0cda3a3dfc1795cb3d9f7b23fc0.jpg?1787393802,Crystal,56,0,MCH
Kaede Obinata,32151196,197,193,Marilith,Dynamis,398,0,460d631b298c83b035fb70ac5669658d_bbfb28d5a9059cd0c768daf77ab29982fc0.jpg?1787395512,Crystal,46,0,NIN
Honey Toast,57307408,198,194,Exodus,Primal,398,0,f4ce05067fa4042fad64931eb5015841_0cdf051c93865faa15cbc5cd3d2b69fbfc0.jpg?1787394536,Crystal,33,0,UNK
Ava Falafell,7835301,199,195,Cactuar,Aether,398,0,037dd67f6ab82aadfe3e7b3e4973d525_96ab1df8877c1f8ba6a89a39cccfd437fc0.jpg?1787394275,Crystal,32,0,WHM
Unagi Box,34773273,200,196,Cuchulainn,Dynamis,398,0,05a513d02b60c767bfb83440ab2d406b_b4a106e4893fd452df0001eaeecf9d7efc0.jpg?1787393273,Crystal,26,0,MCH
Milly Mina,37964161,201,197,Cuchulainn,Dynamis,398,0,f3300c3e28b3c5b4a3767a587341831e_b4a106e4893fd452df0001eaeecf9d7efc0.jpg?1787393564,Crystal,17,0,RDM
Mirae Malaguld,50148809,202,198,Famfrit,Primal,398,0,6eb6ea3365a1160e9537ec75ff91463a_fce4949e615393e574f2d57134b31fc1fc0.jpg?1787393514,Crystal,5,0,DRK
Shoujo Hime,18340055,203,199,Leviathan,Primal,397,0,c341075038058a45ef549f7bac1b9d25_a91aae52cff9ef65932db06b150ffd47fc0.jpg?1787393720,Crystal,211,0,AST
Mash Buttons,12470854,204,200,Ultros,Primal,394,0,eec5508ec2ce3844fd62caa5b87a24d8_c514cdcdb619439df97d906d4434ccc6fc0.jpg?1787393291,Crystal,39,0,BRD
Thamiel Blade,11845109,205,201,Malboro,Crystal,393,0,80ba6f7aa26a72c98ebf41b210be27be_2e97c13fdd593d15d543093f8a37b6f0fc0.jpg?1787393816,Crystal,84,10,RDM
Aurora Aura,51466191,206,202,Coeurl,Crystal,392,0,6bf65747d41f881881af0d8d8ee83bb9_284358f8eb4efc9095914e46798c6ab3fc0.jpg?1787394693,Crystal,109,0,SAM
Gracidea Blossom,4573171,207,203,Lamia,Primal,392,0,12afdfb12aebd14365b3149875fee65f_4d9be17b5e1edc617052b4dbf4007875fc0.jpg?1787395102,Crystal,55,8,WHM
Cynthia Noir,25307713,208,204,Leviathan,Primal,388,0,5b4f8d78ae6dd18586116fe673617384_a91aae52cff9ef65932db06b150ffd47fc0.jpg?1787392807,Crystal,243,8,BLM
Boulder Beholder,10981587,209,205,Faerie,Aether,310,0,9de7d0362a3a832a7171bfe262bb5d94_0e336ff6ad415f47233f0aaf127feac0fc0.jpg?1787393269,Crystal,6,0,GNB
Dank Lollington,37820692,210,206,Exodus,Primal,304,0,2b6faafd9620689cd5e4222c96529aa5_0cdf051c93865faa15cbc5cd3d2b69fbfc0.jpg?1787392717,Crystal,21,0,RDM
Celeste Aeternum,38129090,211,207,Adamantoise,Aether,301,0,76510814c4215ff9bd016e9313ee6e2c_1f5fd239b885860b7c2bfc72ad1d97effc0.jpg?1787394002,Crystal,129,6,PCT
Tarex Youva,34244171,212,208,Behemoth,Primal,301,0,f62a1a6593a19abc7f2ade2191e57159_be20385e18333edb329d4574f364a1f0fc0.jpg?1787392795,Crystal,59,4,SAM
Denmo Mcstronghuge,1150717,213,209,Excalibur,Primal,301,0,bb33b9be77e28ab26ee6367ad6ba7cac_745baffc465480ed372e274d50318290fc0.jpg?1787394232,Crystal,20,0,MNK
Erdrick Than'talas,35169837,214,0,Behemoth,Primal,300,300,bcdde4e2fbfba10f901006ffbc7723cc_be20385e18333edb329d4574f364a1f0fc0.jpg?1787393994,Crystal,283,15,PLD
Eternal Slumber,25903660,215,272,Hyperion,Primal,300,200,e04969696b7e202db5371bd7c0b62231_57ae9ee5592123dd79c8912bf768cf99fc0.jpg?1787395096,Crystal,61,8,NIN
Ciel Sorrel,22647977,216,210,Zalera,Crystal,300,0,4feb2b2835b10561864f50a075fa571c_8106f857613f8fb994b0be37b26ff4bafc0.jpg?1787393466,Crystal,48,0,UNK
Onion Little,37583983,217,211,Zalera,Crystal,300,0,59533d6fd2d0a8b58595bf860ae3f36a_8106f857613f8fb994b0be37b26ff4bafc0.jpg?1787394499,Crystal,13,0,AST
W'kepaga M'ankhad,51943168,218,212,Midgardsormr,Aether,299,0,2731864a3bfbb890bb0d554a4dbb55cc_5c8ecfbc673e1287a9b5e85423fe1657fc0.jpg?1787392291,Crystal,165,2,SMN
Novical Astrea,42979170,219,213,Exodus,Primal,299,0,b638930bbe9987be79fa698126728549_0cdf051c93865faa15cbc5cd3d2b69fbfc0.jpg?1787392885,Crystal,74,0,BRD
Lux Mas,23065843,220,214,Sargatanas,Aether,298,0,88a2ca0abf69b95b8d6893d740e04615_ba22853447012a24cee115315d6a5bebfc0.jpg?1787392295,Crystal,99,8,RDM
Rathais Gunnach,32955444,221,215,Brynhildr,Crystal,298,0,2a434eda7d82f52a4a70d056b83f2c27_d0a0f515a62457570c9b44997063e3c1fc0.jpg?1787395108,Crystal,53,0,SMN
Yulia Lunaria,82714,222,216,Coeurl,Crystal,298,0,30d19e29baad4dfe064001a80a4466e1_284358f8eb4efc9095914e46798c6ab3fc0.jpg?1787395100,Crystal,12,0,BLM
Kemono Friends,9960513,223,218,Balmung,Crystal,298,0,32976001d45735dc6eed07706ce7c1aa_7a573cbc0cda3a3dfc1795cb3d9f7b23fc0.jpg?1787394044,Crystal,6,0,WHM
Aesa Reign,35916991,224,219,Behemoth,Primal,298,0,41b39fb2112c54e35953a1e9bca43b2b_be20385e18333edb329d4574f364a1f0fc0.jpg?1787393351,Crystal,3,0,WAR
Reed Diamond,7237831,225,220,Ultros,Primal,297,0,132bb33f336f4f3ae42c3cf9a96a11ad_c514cdcdb619439df97d906d4434ccc6fc0.jpg?1787394971,Crystal,101,0,MNK
Zolzayaa Noykin,34804380,226,221,Balmung,Crystal,297,0,ff773bbf0388cc8a61ac7c87e78f978f_7a573cbc0cda3a3dfc1795cb3d9f7b23fc0.jpg?1787395031,Crystal,68,1,VPR
Asteroth Rayet,34556987,227,222,Coeurl,Crystal,297,0,074f19c1dfdaef751b93ed3b29eeb320_284358f8eb4efc9095914e46798c6ab3fc0.jpg?1787394106,Crystal,23,0,GNB
Nava Savitra,11866965,228,0,Behemoth,Primal,296,296,192dd5e055cc8be6175a56a286c32203_be20385e18333edb329d4574f364a1f0fc0.jpg?1787394964,Crystal,87,8,BLM
Sitri Belladonna,44271644,229,224,Maduin,Dynamis,296,0,d5fba1e5169b57a308fb1ea60e3553cf_7ff236346f6151d8a2c08fd0b4a0b806fc0.jpg?1787395264,Crystal,58,0,WAR
Nika Arwing,12407061,230,225,Behemoth,Primal,294,0,f0ebfd95e843addaab2471d3cb028eb6_be20385e18333edb329d4574f364a1f0fc0.jpg?1787392100,Crystal,8,0,NIN
Eroison Chren,42575447,231,226,Ultros,Primal,293,0,d66c862181da18eea3335d6667510dc6_c514cdcdb619439df97d906d4434ccc6fc0.jpg?1787393800,Crystal,46,0,DRK
Marika Mjolnir,38212348,232,227,Malboro,Crystal,292,0,969a50dcb0d9777a00aae149894ab7f5_2e97c13fdd593d15d543093f8a37b6f0fc0.jpg?1787395277,Crystal,181,0,WAR
Nixacu Murubra,24114126,233,228,Lamia,Primal,205,0,68206034a86cf63bd8aecd714ae17955_4d9be17b5e1edc617052b4dbf4007875fc0.jpg?1787393060,Crystal,66,0,AST
Theory Ai,55206021,234,229,Leviathan,Primal,204,0,018be547248466158b1d0f9de4315340_a91aae52cff9ef65932db06b150ffd47fc0.jpg?1787394113,Crystal,206,1,PLD
Lumiel Alstreim,6929457,235,230,Balmung,Crystal,204,0,6004c4e57250b544ed36bf6b310e878a_7a573cbc0cda3a3dfc1795cb3d9f7b23fc0.jpg?1787393372,Crystal,46,0,PCT
Abel Catallus,20632128,236,231,Hyperion,Primal,203,0,a753917cbe6dc89a0ba41f10003a621d_57ae9ee5592123dd79c8912bf768cf99fc0.jpg?1787392952,Crystal,72,0,SMN
Apple Thief,43679241,237,232,Balmung,Crystal,200,0,746256d82b3652ef93bbd475defb85ac_7a573cbc0cda3a3dfc1795cb3d9f7b23fc0.jpg?1787392014,Crystal,391,22,PCT
Rhiki Nelhah,29582811,238,0,Balmung,Crystal,200,200,0ad8b0bcd2e47e8bf6c0716959820415_7a573cbc0cda3a3dfc1795cb3d9f7b23fc0.jpg?1787395165,Crystal,45,21,UNK
Aiberaint Mando,58601227,239,233,Faerie,Aether,200,0,b7621f9e3f9c7a33ce4acd4a392c3a41_0e336ff6ad415f47233f0aaf127feac0fc0.jpg?1787392880,Crystal,33,0,RPR
Nonoha Noha,32959229,240,234,Balmung,Crystal,200,0,d9c4977477ddfaebc0c2204729f692f9_7a573cbc0cda3a3dfc1795cb3d9f7b23fc0.jpg?1787392233,Crystal,22,0,RDM
Joe Biden',48592929,241,235,Seraph,Dynamis,200,0,c06fd69e6b294b74118f1a8ad5727f56_07fb0511053f398d1f2d6831e6a6b4c8fc0.jpg?1787393261,Crystal,2,0,UNK
Giselle Aureillien,29155636,242,236,Coeurl,Crystal,200,0,0864f26f62e17d3942c765f8a16665d2_284358f8eb4efc9095914e46798c6ab3fc0.jpg?1787393648,Crystal,1,0,NIN
Eloza Ketsch,8667845,243,237,Malboro,Crystal,199,0,4414bb689fd8033d67e6821653f9a232_2e97c13fdd593d15d543093f8a37b6f0fc0.jpg?1787394673,Crystal,165,19,SMN
Vayce Lilacspark,4565408,244,238,Balmung,Crystal,199,0,e9f3928d81a9f68a9cfae3a6a414feb8_7a573cbc0cda3a3dfc1795cb3d9f7b23fc0.jpg?1787393933,Crystal,137,0,DRK
V'linh Tia,35736983,245,239,Hyperion,Primal,199,0,760e31f96b4d3b3534fcdc43c9564fab_57ae9ee5592123dd79c8912bf768cf99fc0.jpg?1787393168,Crystal,96,0,SMN
Chronochaos Asura,1230012,246,240,Excalibur,Primal,199,0,16f01a0a9404158e87254af5dbe09328_745baffc465480ed372e274d50318290fc0.jpg?1787392216,Crystal,75,0,ALC
Nickon Malek,36659706,247,241,Zalera,Crystal,199,0,d4f6bca99d38c68180883a3bd35b4647_8106f857613f8fb994b0be37b26ff4bafc0.jpg?1787393694,Crystal,37,0,AST
Mits Suki,33204212,248,243,Famfrit,Primal,199,0,5bb063598970951b9c8c586bd4f0db1f_fce4949e615393e574f2d57134b31fc1fc0.jpg?1787393248,Crystal,5,2,BLM
Sandoz Nakao,10931721,249,245,Sargatanas,Aether,198,0,dbfb04dfbbe3ea56cd066152b1c185fb_ba22853447012a24cee115315d6a5bebfc0.jpg?1787394591,Crystal,178,0,PCT
Cassian Aten,49727028,250,246,Ultros,Primal,198,0,beba5702725b35f7f383e56d8c6eeb6c_c514cdcdb619439df97d906d4434ccc6fc0.jpg?1787392207,Crystal,68,0,UNK
Glamour Police,42569529,251,247,Faerie,Aether,198,0,628a713ff9a3e9604964fec89696bc80_0e336ff6ad415f47233f0aaf127feac0fc0.jpg?1787394655,Crystal,54,0,MCH
Radanis Luminacht,16920977,252,248,Sargatanas,Aether,198,0,b371d311f8b15d14c5d5b08dda36ab7f_ba22853447012a24cee115315d6a5bebfc0.jpg?1787393911,Crystal,1,0,DRK
Bento Manjusaka,8342791,253,249,Famfrit,Primal,197,0,6ad6165e804ca5f8a6e46061f7c359ec_fce4949e615393e574f2d57134b31fc1fc0.jpg?1787392700,Crystal,33,0,BRD
Tree Cat,26335365,254,250,Jenova,Aether,197,0,33c88618a561b4c9a812b3fe8cb0ba15_ce736afe35e2ded4e46c4fd0659aef7efc0.jpg?1787393683,Crystal,2,0,AST
Onigiri Bunny,7352884,255,251,Behemoth,Primal,197,0,382f2b7a0b15514c38a6e2d5af3d8014_be20385e18333edb329d4574f364a1f0fc0.jpg?1787394922,Crystal,1,0,UNK
Ailbhe Costa,24483224,256,252,Golem,Dynamis,196,0,d2a07a324d29f192eabbae6adeb2462b_dd61c3dc259e5c43722e89409499b669fc0.jpg?1787393666,Crystal,1,0,UNK
Sensus Meow,3918158,256,252,Gilgamesh,Aether,196,0,c830651186889d4902ef13cefd58a832_b937560c841465f7c4bc8eb47ea7948afc0.jpg?1787392980,Crystal,1,0,DRG
Unit Two,9241194,258,254,Ultros,Primal,195,0,641de9f4edfaf7fe05a95460092c87ef_c514cdcdb619439df97d906d4434ccc6fc0.jpg?1787392201,Crystal,147,0,SCH
Flipped Hellcat,21788780,259,255,Brynhildr,Crystal,105,0,2ae61210380d605b7b52e1b3372b5079_d0a0f515a62457570c9b44997063e3c1fc0.jpg?1787395034,Crystal,21,1,UNK
Kanae Meow,36806118,260,256,Ultros,Primal,104,0,8969e8a0b518902a3996525f822b4701_c514cdcdb619439df97d906d4434ccc6fc0.jpg?1787393970,Crystal,109,6,WHM
Yuki Yozora,32275648,261,257,Faerie,Aether,103,0,bed164ee9535c02b6ea7cc8b5000c845_0e336ff6ad415f47233f0aaf127feac0fc0.jpg?1787393395,Crystal,156,0,SAM
Erik Jormungandr,21053207,262,258,Balmung,Crystal,102,0,d279bad4f9c048ee2cb4310b2dabb453_7a573cbc0cda3a3dfc1795cb3d9f7b23fc0.jpg?1787394738,Crystal,10,0,DRK
Tegridy Weed,3469679,263,294,Midgardsormr,Aether,101,1,96f7b1ca58cffc2cdcbb1df90d116807_5c8ecfbc673e1287a9b5e85423fe1657fc0.jpg?1787394239,Crystal,23,5,VPR
Deep-fried Shrimp,39013955,264,259,Halicarnassus,Dynamis,100,0,8c854c8dde07c11059f113329f369709_f2d324d722b28bbe681b2898bcdca8bffc0.jpg?1787394013,Crystal,187,0,VPR
Renzo Jinwoo,34732404,265,0,Seraph,Dynamis,100,100,5661b5945f2e3c2ffb7cc17ead7445b0_07fb0511053f398d1f2d6831e6a6b4c8fc0.jpg?1787395517,Crystal,116,22,RDM
Saber Moon,21231710,266,260,Hyperion,Primal,100,0,f476acb444c0e146dd44d5351357e426_57ae9ee5592123dd79c8912bf768cf99fc0.jpg?1787394034,Crystal,92,0,VPR
Kalatia Silverscale,52796419,267,261,Hyperion,Primal,100,0,1a27aed774a0a73e8c95467c7bf6e956_57ae9ee5592123dd79c8912bf768cf99fc0.jpg?1787395059,Crystal,91,0,UNK
Haley Comet,27668347,268,262,Cactuar,Aether,100,0,2b237658ff580795f602f2f1b6069a76_96ab1df8877c1f8ba6a89a39cccfd437fc0.jpg?1787394498,Crystal,89,0,BRD
John Darksouls,32702843,269,263,Adamantoise,Aether,100,0,f1fbda91f49b5975e8a2cb80a74e40ad_1f5fd239b885860b7c2bfc72ad1d97effc0.jpg?1787395033,Crystal,70,0,PLD
Leifon Altugle,8395678,270,264,Gilgamesh,Aether,100,0,3e2aacdbdd9e8d035f4294a4a24ef84d_b937560c841465f7c4bc8eb47ea7948afc0.jpg?1787394113,Crystal,69,0,VPR
Rouge Sunwing,50315022,271,265,Excalibur,Primal,100,0,e083dde5de8a5564f1aa8b12e6add888_745baffc465480ed372e274d50318290fc0.jpg?1787393908,Crystal,64,1,DRG
Abare Horo,12853954,272,266,Cuchulainn,Dynamis,100,0,b007ad11da1613038b2e8acb70f76ea6_b4a106e4893fd452df0001eaeecf9d7efc0.jpg?1787394025,Crystal,61,0,AST
Fenrir Mani,46990212,273,267,Siren,Aether,100,0,9d52f579ab24f21101afab7ee04fd086_58a84e851e55175d22158ca97af58a1ffc0.jpg?1787394143,Crystal,60,0,VPR
Asera Albright,24908256,274,268,Siren,Aether,100,0,288dc7742b9eb8ec890c2b164e884a7b_58a84e851e55175d22158ca97af58a1ffc0.jpg?1787393907,Crystal,58,0,SCH
Beef Testoserone,31210622,275,269,Lamia,Primal,100,0,8722cb428122ce685cf8b96a844468f3_4d9be17b5e1edc617052b4dbf4007875fc0.jpg?1787394290,Crystal,57,0,DRG
Stephanie Dolla,28812314,276,270,Zalera,Crystal,100,0,d9051d9ee54d0e9f8178549cfed7d8cf_8106f857613f8fb994b0be37b26ff4bafc0.jpg?1787394340,Crystal,56,0,NIN
Kale Crow,57973655,277,271,Excalibur,Primal,100,0,39e30189265e5cf770bddc1b87bdb349_745baffc465480ed372e274d50318290fc0.jpg?1787393647,Crystal,54,0,UNK
Cecils Lunas,39054438,278,277,Brynhildr,Crystal,100,0,4f553dbd79cfae0460c3d43b82171d15_d0a0f515a62457570c9b44997063e3c1fc0.jpg?1787392567,Crystal,53,11,SMN
Zaneko Yuneko,61640151,279,273,Goblin,Crystal,100,0,e90101e9d13d827fb83b96932b2de05b_8e81e2940511f7152ba4462fe53e35b8fc0.jpg?1787395438,Crystal,51,0,SMN
Zerth Voldrin,14915863,280,274,Cactuar,Aether,100,0,81a8fef4d9feb3b13352e547c9dcf7d5_96ab1df8877c1f8ba6a89a39cccfd437fc0.jpg?1787392442,Crystal,48,0,DRK
Misdes Lightborn,15985822,281,275,Excalibur,Primal,100,0,b5a720db92fc3ecb59bb12c0885b2648_745baffc465480ed372e274d50318290fc0.jpg?1787393394,Crystal,47,0,WHM
Elphen Gura,2247953,282,276,Gilgamesh,Aether,100,0,292e135e4f46290be61b4699e8236363_b937560c841465f7c4bc8eb47ea7948afc0.jpg?1787392958,Crystal,45,0,RDM
Haru Ymir,52781467,283,278,Coeurl,Crystal,100,0,5b0c97a3958f165ea8d2566964423df5_284358f8eb4efc9095914e46798c6ab3fc0.jpg?1787393010,Crystal,41,0,DRG
Cleo Kaisuri,49507760,284,0,Hyperion,Primal,100,100,b3c346a088e9876c531a3dcecd6b78db_57ae9ee5592123dd79c8912bf768cf99fc0.jpg?1787394493,Crystal,40,14,BRD
Sirkitten Wrath,24932332,285,279,Coeurl,Crystal,100,0,248a1e6798b3538fe783585b1686cadd_284358f8eb4efc9095914e46798c6ab3fc0.jpg?1787394757,Crystal,38,0,MCH
Clyde Valentine,47896182,286,280,Faerie,Aether,100,0,7643a89a2b062b2c4613ed6226d9ca00_0e336ff6ad415f47233f0aaf127feac0fc0.jpg?1787393167,Crystal,35,0,UNK
Kiro Storm,2229937,287,281,Zalera,Crystal,100,0,80b8683df1ad9172d59a3f29dba5f221_8106f857613f8fb994b0be37b26ff4bafc0.jpg?1787394474,Crystal,31,0,WAR
Neco-arc Myuri,1364925,288,282,Balmung,Crystal,100,0,45595754292a6e60dac91dc40349a619_7a573cbc0cda3a3dfc1795cb3d9f7b23fc0.jpg?1787394369,Crystal,30,0,UNK
Stark Yaksha,37508817,288,282,Excalibur,Primal,100,0,e4e46dcca7ba886c463380686ec8fa70_745baffc465480ed372e274d50318290fc0.jpg?1787392749,Crystal,30,0,RDM
Minome Meisuri,39947262,290,284,Sargatanas,Aether,100,0,ce2ec1dde05d4468145ef246155ea290_ba22853447012a24cee115315d6a5bebfc0.jpg?1787394383,Crystal,29,0,MCH
Brian Ricardo,9364090,291,285,Adamantoise,Aether,100,0,c00688b4ac9b567c1a4de9d648fbbff4_1f5fd239b885860b7c2bfc72ad1d97effc0.jpg?1787391970,Crystal,26,0,AST
Peregrine Lofte,21726171,291,285,Leviathan,Primal,100,0,351c30387c9048190075024c6b344ead_a91aae52cff9ef65932db06b150ffd47fc0.jpg?1787395339,Crystal,26,0,DRG
A'kena Themis,30488636,293,290,Cuchulainn,Dynamis,100,0,0dfbdcebc19679eb813e05521b4bc587_b4a106e4893fd452df0001eaeecf9d7efc0.jpg?1787393070,Crystal,25,2,DNC
Deez Crits,37202007,293,287,Excalibur,Primal,100,0,71f51af3126f0c7f7c30ffe8aee550f9_745baffc465480ed372e274d50318290fc0.jpg?1787394457,Crystal,25,0,DRG
Snowsteps Frozenheart,25431273,293,287,Siren,Aether,100,0,3e9412aba214d5dab23b4cdfc8b81294_58a84e851e55175d22158ca97af58a1ffc0.jpg?1787392534,Crystal,25,0,DNC
Sanctified Meiyi,17664808,296,289,Exodus,Primal,100,0,97897e3416901b29df2a39b2d1b02741_0cdf051c93865faa15cbc5cd3d2b69fbfc0.jpg?1787395109,Crystal,24,0,SAM
Jon Jitsu,3287137,297,290,Exodus,Primal,100,0,40995ea7a6a7bd4a2bf41fe663bdcd2a_0cdf051c93865faa15cbc5cd3d2b69fbfc0.jpg?1787393252,Crystal,23,0,PLD
Vaeltis Nyght,16404977,298,292,Famfrit,Primal,100,0,0caba4911a7521943ad38550f8faec63_fce4949e615393e574f2d57134b31fc1fc0.jpg?1787394232,Crystal,21,0,FSH
Rhynnian Embersong,25760441,299,293,Mateus,Crystal,100,0,871ea245000038e6ec3461df23e3688f_f0c52cc66e124fc2e641d7c21ab2ce79fc0.jpg?1787395398,Crystal,20,0,BLM
Belle Quicksilver,2897739,300,295,Balmung,Crystal,100,0,4f386af86d2c8049f58f4baaeeb4a3a3_7a573cbc0cda3a3dfc1795cb3d9f7b23fc0.jpg?1787393757,Crystal,17,0,UNK
Ash Kitamura,26629771,1,0,Ravana,Materia,0,0,33c0c99f7649a707ea0e8e4da0340efb_2f53b2675d3eea360f0b48d74d30af15fc0.jpg?1787393670,Diamond,81,0,AST
Enrei Mihata,49665542,2,0,Ravana,Materia,0,0,9df67e19d234830f2d797bb6efbad836_2f53b2675d3eea360f0b48d74d30af15fc0.jpg?1787395167,Diamond,37,0,DRG
Fatahh Wizardcat,60429758,3,0,Zurvan,Materia,0,0,0a04508a6feea55f3b4227e7d574212a_1fa3a1b3845481a1b67b46854a3cc49afc0.jpg?1787392625,Platinum,52,0,BLM
Queue Up,44283543,4,0,Ravana,Materia,0,0,341e0565d728c5334b58960edfc1c897_2f53b2675d3eea360f0b48d74d30af15fc0.jpg?1787393718,Platinum,42,0,PLD
Shiki Hime,41619079,5,0,Sophia,Materia,0,0,e0f33871fdd9bcb0012cace0f140b504_ba15a18cd3a8fb567e39053022515eb6fc0.jpg?1787392523,Platinum,39,0,MNK
Sora Teppelin,7487042,6,0,Sophia,Materia,0,0,3d849e783499c238b2f4d439e3a8c2a7_ba15a18cd3a8fb567e39053022515eb6fc0.jpg?1787392544,Platinum,35,0,VPR
Shiny Jirachi,51220221,7,0,Sophia,Materia,0,0,f1b04aa626472a08642b4f93d911f87c_ba15a18cd3a8fb567e39053022515eb6fc0.jpg?1787392200,Platinum,11,0,SAM
Raiosu Eucliffe,45249258,8,0,Ravana,Materia,0,0,a21442f92d53ab89cab416d41fe9132d_2f53b2675d3eea360f0b48d74d30af15fc0.jpg?1787392757,Platinum,53,0,BRD
Nyanyanyanya Nyanyan,48648775,9,0,Ravana,Materia,0,0,ec08e9f45b8d4335b412f3e39f4458e2_2f53b2675d3eea360f0b48d74d30af15fc0.jpg?1787395236,Platinum,29,0,WHM
Ku Ku,58267971,10,0,Sophia,Materia,0,0,77db43d75ac5ffe3d585318a47534ab9_ba15a18cd3a8fb567e39053022515eb6fc0.jpg?1787393397,Platinum,52,0,BRD
Master Zoknik,61010055,11,0,Zurvan,Materia,0,0,bfa135b89b0fb27fe708b3a427bd667f_1fa3a1b3845481a1b67b46854a3cc49afc0.jpg?1787392370,Platinum,88,0,SMN
Jiraiya Sannin,47974804,12,0,Ravana,Materia,0,0,6a5cc312529bc78b7d0bbbf5f41983af_2f53b2675d3eea360f0b48d74d30af15fc0.jpg?1787393758,Platinum,45,0,WAR
Esperance Lightbound,16103781,13,0,Ravana,Materia,0,0,0d3ff648d49892a8fc3bd67490985032_2f53b2675d3eea360f0b48d74d30af15fc0.jpg?1787392237,Platinum,40,0,AST
Syth Isi,14766898,14,0,Sephirot,Materia,0,0,4eef23c58ccbdfd054240b7a6afee3df_30a5f9eadea6e0cb684a5265362d0d59fc0.jpg?1787394775,Platinum,31,0,PLD
Lil Wu,39781651,15,0,Ravana,Materia,0,0,883868199332c12050d61887025475bc_2f53b2675d3eea360f0b48d74d30af15fc0.jpg?1787393242,Platinum,38,0,PLD
Monkey Rat,28956529,16,0,Zurvan,Materia,0,0,bd13db4ebaa363278dd269b5941ae816_1fa3a1b3845481a1b67b46854a3cc49afc0.jpg?1787392697,Platinum,75,0,SGE
Unshao Theruun,36386941,17,0,Sephirot,Materia,0,0,ec8f93abdc73eddcd17e0450db1cb572_30a5f9eadea6e0cb684a5265362d0d59fc0.jpg?1787392583,Platinum,28,0,WAR
Aleksei Veldoch,39931654,18,0,Ravana,Materia,0,0,ef0923b785702de5a588b383a0d1bcea_2f53b2675d3eea360f0b48d74d30af15fc0.jpg?1787391977,Platinum,47,0,SAM
Noelle Frost,59496366,19,0,Zurvan,Materia,0,0,5e03b95700bb3e6556a80cb9336a41d2_1fa3a1b3845481a1b67b46854a3cc49afc0.jpg?1787392148,Platinum,40,0,DRG
Boz Ulceros,32280980,20,0,Ravana,Materia,0,0,269b081d650bf5598fd5a3f9419b8b43_2f53b2675d3eea360f0b48d74d30af15fc0.jpg?1787394393,Platinum,72,0,SAM
Funeral Pyre,29286073,21,0,Zurvan,Materia,0,0,48d5de4023484583f2225a2026548284_1fa3a1b3845481a1b67b46854a3cc49afc0.jpg?1787393014,Platinum,61,0,SMN
Mars Bars,41756039,22,0,Sophia,Materia,0,0,87af5886ec3b52e7e582ccc7755f6a9b_ba15a18cd3a8fb567e39053022515eb6fc0.jpg?1787393656,Platinum,49,0,DRG
Chs Crane,37655547,23,0,Sophia,Materia,0,0,7cd2d4b420716bf684bdd41ef37d9319_ba15a18cd3a8fb567e39053022515eb6fc0.jpg?1787394636,Platinum,30,0,DRG
Simetras Sol,38726083,24,0,Ravana,Materia,0,0,fc54c458f2e80d3680f50e6026011ab7_2f53b2675d3eea360f0b48d74d30af15fc0.jpg?1787393914,Gold,131,0,AST
Lillian Melikai,42502039,25,0,Ravana,Materia,0,0,6c5f22e96162240c2bb96702fcbe123b_2f53b2675d3eea360f0b48d74d30af15fc0.jpg?1787392775,Gold,47,0,MNK
Coffee Lover,50333621,26,0,Sophia,Materia,0,0,3c4552eb56bfb14f36d9b512873eac0d_ba15a18cd3a8fb567e39053022515eb6fc0.jpg?1787393567,Gold,42,0,UNK
Twitch Pvpash,58310287,27,0,Sephirot,Materia,0,0,825390c1ecfa92c4ed45d4ff7a91e39e_30a5f9eadea6e0cb684a5265362d0d59fc0.jpg?1787394809,Gold,35,0,PLD
Disco Knees,36101852,28,0,Sophia,Materia,0,0,48d0a8dae7efe9ad10780f28920a969b_ba15a18cd3a8fb567e39053022515eb6fc0.jpg?1787395490,Gold,33,0,DRG
Seth Nier,10650761,29,0,Sophia,Materia,0,0,64bba40966450747199bec23184e47a3_ba15a18cd3a8fb567e39053022515eb6fc0.jpg?1787392679,Gold,26,0,DRK
Stupid Puzzle,57160120,30,0,Ravana,Materia,0,0,7af9b543418115db5c1299f1abb4e123_2f53b2675d3eea360f0b48d74d30af15fc0.jpg?1787393729,Gold,45,0,DRG
Stu Vermillion,45923134,31,0,Sephirot,Materia,0,0,542be51b9ba1f8c4c217e94d2b96e3aa_30a5f9eadea6e0cb684a5265362d0d59fc0.jpg?1787394653,Gold,34,0,SAM
Jena Kuwahara,28003546,32,0,Ravana,Materia,0,0,5bacb190ffd91b392df04923b13fa29a_2f53b2675d3eea360f0b48d74d30af15fc0.jpg?1787392265,Gold,92,0,BRD
Izaray Wintergray,40906176,33,0,Sophia,Materia,0,0,be2f5b4e324fa72cd4ef19d0c29f10da_ba15a18cd3a8fb567e39053022515eb6fc0.jpg?1787393895,Gold,36,0,AST
Brian Ricardo,41560139,34,0,Sophia,Materia,0,0,678ed14a243387459872b7217f75e382_ba15a18cd3a8fb567e39053022515eb6fc0.jpg?1787393662,Gold,26,0,SGE
Noah Marlowe,16149159,35,0,Ravana,Materia,0,0,ec4ee34b34397ee883bd89175e1f15df_2f53b2675d3eea360f0b48d74d30af15fc0.jpg?1787392931,Gold,15,0,RDM
Scarlette Harlette,51206657,36,0,Sephirot,Materia,0,0,2f63ccbdc329fa14480887bf4c0dfa0e_30a5f9eadea6e0cb684a5265362d0d59fc0.jpg?1787395338,Gold,64,0,SAM
Berogi Avarous,37261319,37,0,Sophia,Materia,0,0,5fbe574c31dc7541b2bb18753fed8278_ba15a18cd3a8fb567e39053022515eb6fc0.jpg?1787394936,Gold,25,0,RPR
Han Liu,44640291,38,0,Ravana,Materia,0,0,55233b520f90487f51f380e2add5fc3d_2f53b2675d3eea360f0b48d74d30af15fc0.jpg?1787393375,Gold,80,0,SGE
Lion Lord,60332724,39,0,Ravana,Materia,0,0,72fbb269e357d68127cd61715f152bc8_2f53b2675d3eea360f0b48d74d30af15fc0.jpg?1787393806,Gold,57,0,BRD
Lupercal Aurelian,37936946,40,0,Ravana,Materia,0,0,93674d47ae679f2b2191e0d82e33123f_2f53b2675d3eea360f0b48d74d30af15fc0.jpg?1787392514,Gold,25,0,MCH
Arvus Lake,60370728,41,0,Bismarck,Materia,0,0,3491a10775fcbbb5a0c1329925f30f4f_36f0570990ac5402b2ef514d36b0435cfc0.jpg?1787394819,Gold,17,0,MNK
Aislinn Rose,47395507,42,0,Ravana,Materia,0,0,920c56af8cba5363c65e0c83dbbcac71_2f53b2675d3eea360f0b48d74d30af15fc0.jpg?1787394655,Gold,60,0,MNK
Nirki Yukumo,41663432,43,0,Zurvan,Materia,0,0,c950234c9a872ae2ab8476f696fcb74f_1fa3a1b3845481a1b67b46854a3cc49afc0.jpg?1787392312,Gold,20,0,NIN
Neo Zee,58982637,44,0,Ravana,Materia,0,0,c042f71fe47095dad35d5764027056d1_2f53b2675d3eea360f0b48d74d30af15fc0.jpg?1787395054,Gold,38,0,BRD
Juru'a Mihrulh,48704606,45,0,Zurvan,Materia,0,0,80aa9b34947750aa356810124a11ba19_1fa3a1b3845481a1b67b46854a3cc49afc0.jpg?1787395252,Gold,63,0,SGE
Zervish Vanht,21659747,46,0,Ravana,Materia,0,0,ff2403388bd597c0b3fb62c30e9bff67_2f53b2675d3eea360f0b48d74d30af15fc0.jpg?1787393602,Gold,23,0,SMN
Byakko Moon,10831175,47,0,Sephirot,Materia,0,0,7d8049ebe32efa74e5107944b1e43d15_30a5f9eadea6e0cb684a5265362d0d59fc0.jpg?1787395038,Gold,3,0,SAM
Vielle Drillemont,52770027,48,0,Ravana,Materia,0,0,6c212c0698d00b38fb5cb7d51dcf91bf_2f53b2675d3eea360f0b48d74d30af15fc0.jpg?1787393143,Gold,66,0,WHM
Wierd Dude,58113414,49,0,Sephirot,Materia,0,0,c887fa7d587b2205b349abb82627a0d1_30a5f9eadea6e0cb684a5265362d0d59fc0.jpg?1787393045,Gold,63,0,MCH
Sukoshi Ninjin,57860048,50,0,Sophia,Materia,0,0,b41a0bd7b5958d56cec5f84314a28f3a_ba15a18cd3a8fb567e39053022515eb6fc0.jpg?1787393478,Gold,32,0,UNK
Aurum Blaiddyd,10794239,51,0,Sophia,Materia,0,0,8b76648a8cb1cbbd4f1c870189433f3a_ba15a18cd3a8fb567e39053022515eb6fc0.jpg?1787393247,Gold,13,0,PCT
Clars Lester,951178,52,0,Sephirot,Materia,0,0,46727c8d445323c9e5b8140d37027050_30a5f9eadea6e0cb684a5265362d0d59fc0.jpg?1787392307,Silver,61,0,WAR
Sebastian Michaelis,42038341,53,0,Sephirot,Materia,0,0,17f4346a95c45541b337263d60106b3f_30a5f9eadea6e0cb684a5265362d0d59fc0.jpg?1787393917,Silver,59,0,BTN
Sana Miyata,34196273,54,0,Ravana,Materia,0,0,4a94c0f8b59e635e8748a32f11cc42f8_2f53b2675d3eea360f0b48d74d30af15fc0.jpg?1787393139,Silver,31,0,SCH
Birdy Lou,40000398,55,0,Sophia,Materia,0,0,a8894121a60bc81621d47edf1ee0577b_ba15a18cd3a8fb567e39053022515eb6fc0.jpg?1787393172,Silver,29,0,UNK
J'mo H',10666399,56,0,Sephirot,Materia,0,0,53873e717cbf7baeb168205935077671_30a5f9eadea6e0cb684a5265362d0d59fc0.jpg?1787393712,Silver,17,0,WHM
Cwenhild Reid,41763782,57,0,Sophia,Materia,0,0,c9d176025665cc1528a984e82a81fd64_ba15a18cd3a8fb567e39053022515eb6fc0.jpg?1787394630,Silver,24,0,SAM
Pollux Renault,45246168,58,0,Ravana,Materia,0,0,af456258cb5d3ca7c42bb950f92247de_2f53b2675d3eea360f0b48d74d30af15fc0.jpg?1787393520,Silver,13,0,MNK
Ranko Riselle,47223883,59,0,Sophia,Materia,0,0,301cb977b468ead36aa13c049b17f861_ba15a18cd3a8fb567e39053022515eb6fc0.jpg?1787394008,Silver,11,0,UNK
Anzac Fenrir,10988408,60,0,Ravana,Materia,0,0,6c7b02f93e5250249333e13f236fc545_2f53b2675d3eea360f0b48d74d30af15fc0.jpg?1787393192,Silver,31,0,PCT
Kensuke Sugimori,59626210,60,0,Zurvan,Materia,0,0,b8c23a3c5466f6621fe9629c20c0b897_1fa3a1b3845481a1b67b46854a3cc49afc0.jpg?1787392701,Silver,31,0,NIN
Eustace Madao,44593837,62,0,Ravana,Materia,0,0,687914339d33024fe783e72eb5a1929f_2f53b2675d3eea360f0b48d74d30af15fc0.jpg?1787393422,Silver,22,0,RPR
Elto Malto,55670275,63,0,Zurvan,Materia,0,0,6625d7f60a549d4e764bdbbb6315b573_1fa3a1b3845481a1b67b46854a3cc49afc0.jpg?1787394954,Silver,17,0,UNK
Peaceful Serenity,44576253,64,0,Sephirot,Materia,0,0,ae7fb16a93fad97a522145bf683d894f_30a5f9eadea6e0cb684a5265362d0d59fc0.jpg?1787394364,Silver,0,0,RDM
Cucu Cucumber,43336963,65,0,Sophia,Materia,0,0,d0bedba76c1744686e4fafd9d31eeb08_ba15a18cd3a8fb567e39053022515eb6fc0.jpg?1787392861,Silver,40,0,BLM
Frierens Feet,18696306,66,0,Bismarck,Materia,0,0,55c56c5779dac3caf6a9e915a44a972d_36f0570990ac5402b2ef514d36b0435cfc0.jpg?1787393501,Silver,29,0,SMN
Persona Non-grata,59997612,66,0,Ravana,Materia,0,0,817d96e78e710beff47ca2d76caa6b30_2f53b2675d3eea360f0b48d74d30af15fc0.jpg?1787392470,Silver,29,0,PLD
C'ranmaia Lizha,60465549,68,0,Bismarck,Materia,0,0,f41736abfa17637ee6e1f020f2787726_36f0570990ac5402b2ef514d36b0435cfc0.jpg?1787393652,Silver,18,0,UNK
Shiny Garchomp,44081260,69,0,Ravana,Materia,0,0,a9aeaf4658d90c68d46e7086d323e456_2f53b2675d3eea360f0b48d74d30af15fc0.jpg?1787391974,Silver,17,0,MCH
Minty Dew,11254788,70,0,Sephirot,Materia,0,0,afdf4d4e1f96c8e17ed8dbbb09ea4e01_30a5f9eadea6e0cb684a5265362d0d59fc0.jpg?1787393344,Silver,12,0,DNC
Pompitous Litchous,28520377,71,0,Sephirot,Materia,0,0,ab4abed9c2f0b5369480818f95581f87_30a5f9eadea6e0cb684a5265362d0d59fc0.jpg?1787394599,Silver,10,0,MCH
Red Pocket,57790009,72,0,Zurvan,Materia,0,0,9ee6578b70ebe2412c9a6a3b9539d845_1fa3a1b3845481a1b67b46854a3cc49afc0.jpg?1787393801,Silver,1,0,UNK
Magnolia Moonsong,39932795,73,0,Sephirot,Materia,0,0,a9e5b8f87ce0e4e7d236eef2abfe90e0_30a5f9eadea6e0cb684a5265362d0d59fc0.jpg?1787394888,Silver,19,0,SCH
Sil Vanht,3592400,74,0,Ravana,Materia,0,0,7557bb5d8d4d13b13e750b30dbd34093_2f53b2675d3eea360f0b48d74d30af15fc0.jpg?1787392874,Silver,9,0,SMN
Re- G',41760350,75,0,Sophia,Materia,0,0,b5e032ba04147a101b5a91d07703c313_ba15a18cd3a8fb567e39053022515eb6fc0.jpg?1787394224,Silver,0,0,UNK
Tiny Seda,43818296,76,0,Ravana,Materia,0,0,21e2b2de9125d9cf1b99748fa9eef0e2_2f53b2675d3eea360f0b48d74d30af15fc0.jpg?1787392927,Silver,37,0,BLM
Venase Tym,61779775,77,0,Sophia,Materia,0,0,24aac6d5abd68d4dc957bd7c98ba27f2_ba15a18cd3a8fb567e39053022515eb6fc0.jpg?1787394828,Silver,18,0,UNK
Zero Alexander,18446688,78,0,Sophia,Materia,0,0,f2e26342d51255236baa45461f41bf5b_ba15a18cd3a8fb567e39053022515eb6fc0.jpg?1787394857,Silver,14,0,WHM
Temp Arie,41750566,79,0,Zurvan,Materia,0,0,73bdd493fc471827004a90a5745ff400_1fa3a1b3845481a1b67b46854a3cc49afc0.jpg?1787392777,Silver,13,0,WAR
Awayi Soleil,40986096,80,0,Zurvan,Materia,0,0,c84676ef434b75aec3260707fcad3d8a_1fa3a1b3845481a1b67b46854a3cc49afc0.jpg?1787393193,Silver,12,0,BLM
Swhe Swoo,28568079,81,0,Sephirot,Materia,0,0,fbccbe709d21605c6f47dec5052b1238_30a5f9eadea6e0cb684a5265362d0d59fc0.jpg?1787391945,Silver,9,0,VPR
Levinia Lumina,25634480,82,0,Ravana,Materia,0,0,9ba79c01085813db00f74aa9a46fd0c8_2f53b2675d3eea360f0b48d74d30af15fc0.jpg?1787393831,Silver,12,0,MCH
Liachen Thrope,29127861,83,0,Sophia,Materia,0,0,b0722934ed1329725ff744f9ae52c7ba_ba15a18cd3a8fb567e39053022515eb6fc0.jpg?1787391953,Silver,9,0,AST
Goober Gooberm,48887220,84,0,Ravana,Materia,0,0,4523e0b4a5f923b67e31f18f801210af_2f53b2675d3eea360f0b48d74d30af15fc0.jpg?1787394435,Silver,18,0,ALC
Athena' Aria,29939277,85,0,Ravana,Materia,0,0,c678c1cf7f9d7de3e80882588e7606e8_2f53b2675d3eea360f0b48d74d30af15fc0.jpg?1787392301,Silver,6,0,AST
Turuturu Mennmenn,51356780,86,0,Sephirot,Materia,0,0,501dec1a7db9bac050ecbd4f8028e6e6_30a5f9eadea6e0cb684a5265362d0d59fc0.jpg?1787394858,Bronze,19,0,MNK
Hotsingles Inyourarea,43275845,87,0,Sephirot,Materia,0,0,08be8dec8891190a5227c50c7650dd29_30a5f9eadea6e0cb684a5265362d0d59fc0.jpg?1787395433,Bronze,15,0,PCT
Makh'a Zruhn,42193944,88,0,Ravana,Materia,0,0,323be164f5593618bf1111ae4538ad96_2f53b2675d3eea360f0b48d74d30af15fc0.jpg?1787392774,Bronze,6,0,SAM
Ashmi Rae,18364101,89,0,Bismarck,Materia,0,0,2b3a41d227e2937852d5c1e031d5aba0_36f0570990ac5402b2ef514d36b0435cfc0.jpg?1787392005,Bronze,5,0,BRD
Tiny Wrath,25583557,90,0,Zurvan,Materia,0,0,2c82c1a404fc646361cabcf478aed323_1fa3a1b3845481a1b67b46854a3cc49afc0.jpg?1787392138,Bronze,24,0,PLD
Fio Vanetti,41633033,91,0,Ravana,Materia,0,0,f237b05eb696b7fe8e05b757513a1ca2_2f53b2675d3eea360f0b48d74d30af15fc0.jpg?1787392238,Bronze,12,0,DRG
Ashe Elven,60375475,92,0,Ravana,Materia,0,0,d4a5d51981aa859d5ce41248e280c696_2f53b2675d3eea360f0b48d74d30af15fc0.jpg?1787393559,Bronze,10,0,PLD
Vistra Vistra,37543108,93,0,Sophia,Materia,0,0,b46ab5b00ca34214d4593336a0f112ed_ba15a18cd3a8fb567e39053022515eb6fc0.jpg?1787394230,Bronze,4,0,VPR
Zepherii Sui,43963552,94,0,Sophia,Materia,0,0,31b395238c6120dc114964c652dc393b_ba15a18cd3a8fb567e39053022515eb6fc0.jpg?1787393056,Bronze,13,0,PCT
Inconspicuous Miqo'te,3493859,95,0,Sophia,Materia,0,0,0b6b4d2c312f136911f9717c83c17997_ba15a18cd3a8fb567e39053022515eb6fc0.jpg?1787394675,Bronze,11,0,VPR
Aethon Shaan,60332336,96,0,Zurvan,Materia,0,0,2c608a6ec9ff59b0783f70b9c665a4b2_1fa3a1b3845481a1b67b46854a3cc49afc0.jpg?1787394469,Bronze,9,0,VPR
Therise Yld'amore,41754598,97,0,Bismarck,Materia,0,0,dea40bb49832c184ff5941cee3006818_36f0570990ac5402b2ef514d36b0435cfc0.jpg?1787392433,Bronze,7,0,BTN
Daeneris Stormborn,17816677,98,0,Zurvan,Materia,0,0,dd3c1f830e92ca4f902d42575517a37d_1fa3a1b3845481a1b67b46854a3cc49afc0.jpg?1787393144,Bronze,4,0,DRG
Samara Glazghotwyn,40818042,99,0,Sephirot,Materia,0,0,d89bdc111b4127d9f80e3d6a0ed3a55b_30a5f9eadea6e0cb684a5265362d0d59fc0.jpg?1787394250,Bronze,0,0,BLM
Jaliqai Bairon,49027736,100,0,Sophia,Materia,0,0,bb5b2ab907893aa971f0d78c6164de8c_ba15a18cd3a8fb567e39053022515eb6fc0.jpg?1787392936,Bronze,19,0,SMN
