name,id,cur_rank,prev_rank,world,dc,points,points_delta,portrait,tier,wins,wins_delta,job
Cliffe Zanza,36074329,1,0,Spriggan,Chaos,2919,47,d8d2fa78adb447ec4b6d5d747f5d5f84_feaf0a2e88ff164813fbc9b85876fa48fc0.jpg?1786788256,Omega,168,33,MNK
Totsu Geki,60147602,2,0,Spriggan,Chaos,2826,0,1b45188bdbf3dd4afe9a37a646eaa4b9_feaf0a2e88ff164813fbc9b85876fa48fc0.jpg?1786789988,Omega,323,0,SAM
Mamiyama Kamimama,37371304,3,0,Spriggan,Chaos,2744,0,3c6fd6569d3dce40308c9a2a1f3c3bfa_feaf0a2e88ff164813fbc9b85876fa48fc0.jpg?1786787325,Omega,319,28,DNC
Scarlet Rose,26616217,4,0,Spriggan,Chaos,2614,0,96ad88f23a708e8d6e391f669986d57c_feaf0a2e88ff164813fbc9b85876fa48fc0.jpg?1786789270,Omega,294,6,PLD
Saboree Catboy,36051653,5,0,Spriggan,Chaos,2548,0,b61ec1080d608b5a83f30baef219dc02_feaf0a2e88ff164813fbc9b85876fa48fc0.jpg?1786787891,Omega,186,0,MNK
Tsukuyo Ritlas,37800185,6,0,Odin,Light,2386,0,eca30840fe0bed8e80f620b5f57c49de_644311b63b607133c989d7c1188467dafc0.jpg?1786788997,Omega,84,0,RDM
Crow Kaien,44749262,7,9,Zodiark,Light,2375,98,54e5719ccbdb45c6de28f017b4365207_c274370774c6bc3483cc8740805f41bcfc0.jpg?1786788249,Omega,42,2,SCH
Aura Sphere,30657353,8,7,Zodiark,Light,2355,0,6cc4a373eafbcbf88a340a52d95f133e_c274370774c6bc3483cc8740805f41bcfc0.jpg?1786788888,Omega,102,6,DRG
Resilla Frostflow,14658770,9,8,Cerberus,Chaos,2294,0,00a4e6250beb98b5644c87cffe8b7f4f_777c57311d510ca65dac3c1077dee435fc0.jpg?1786789188,Omega,127,0,RDM
Auelin Fae,18291844,10,0,Zodiark,Light,2271,0,2d6204db02c5efce86aca234fd6f1ce1_c274370774c6bc3483cc8740805f41bcfc0.jpg?1786790274,Omega,112,0,WAR
Lhei Tayun,25191408,11,0,Zodiark,Light,2179,0,6ee93960f16da0ea5150fe1b7590dfa4_c274370774c6bc3483cc8740805f41bcfc0.jpg?1786787771,Omega,171,18,BLM
Sice Seven,15008161,12,0,Moogle,Chaos,2104,0,23657ac0d29f4bc5667ef1e00cf528f8_d7a9d5f85a29d6278ec1c7adc2c8d242fc0.jpg?1786788509,Omega,78,2,BRD
Prisma Tic,38791879,13,0,Cerberus,Chaos,2074,0,5220c35172bb26154c862a6d485e37b8_777c57311d510ca65dac3c1077dee435fc0.jpg?1786788905,Omega,218,15,PCT
Yasuki San,61688064,14,0,Phantom,Chaos,2009,0,37dbf9b8936faaf9c75f598c38dcac11_f0a43d6e5eea19af337a176e9836acddfc0.jpg?1786789888,Omega,284,10,UNK
Maarato Cookie,20349526,15,26,Twintania,Light,1998,395,dbab16598b86bb31b2eb96070f723572_c33f640c0cdd35f7def85b8aa31a0007fc0.jpg?1786788041,Omega,111,6,DRG
Ange Melrose,50267939,16,15,Omega,Chaos,1929,0,f2fb3057962bf3d28bcce976076f5368_39e25ac3d737c46452305eefe324372cfc0.jpg?1786788424,Omega,92,0,BLM
Arale Il,15406803,17,16,Ragnarok,Chaos,1919,0,e5c2a19e43a1edb9b276827163b36a1b_40d57ba713628f3f1ef5ef204b6d76d2fc0.jpg?1786787308,Omega,142,7,PLD
Deadrise Mutombo,31730694,18,34,Ragnarok,Chaos,1911,497,a382acb94313f23d966dd6d39d909bea_40d57ba713628f3f1ef5ef204b6d76d2fc0.jpg?1786788289,Omega,85,10,NIN
Miyu Moon,58918526,19,17,Moogle,Chaos,1894,0,1abf5ce3756f6fa0d1c5be2cd39491bc_d7a9d5f85a29d6278ec1c7adc2c8d242fc0.jpg?1786787143,Omega,51,0,SAM
Loty Coldwind,36521588,20,18,Twintania,Light,1859,0,3632cf6d20598f5c4c7b748be7e19153_c33f640c0cdd35f7def85b8aa31a0007fc0.jpg?1786790576,Omega,199,32,WHM
Elohim Meth,60682611,21,0,Raiden,Light,1830,49,0b14f1751b014118eca06236e1fdf2bf_a370664d98f658f4ed4e620f378f73cdfc0.jpg?1786790113,Omega,117,25,UNK
Not Marci,51672179,22,19,Louisoix,Chaos,1828,0,b6c4338b1daa8161914134b74ee784f0_0a122616f3718d3f45cab10fd8fc1604fc0.jpg?1786788584,Omega,104,0,DRG
Miyu Edelfelt,21335430,23,20,Phoenix,Light,1785,0,ba690d74246b4d07f543f0d9516feec2_5047bc596a4bab2dc7f7c120bb22dec5fc0.jpg?1786789886,Omega,143,15,AST
Ase Dora,42603487,24,35,Alpha,Light,1737,324,78626e6cf6f07875d5ac9527a5bd0c4d_6132295fcf5570fb8b0a944ef322a598fc0.jpg?1786787573,Omega,291,18,MCH
Fygqhzr Zhgfjhh,49000606,25,29,Phantom,Chaos,1679,100,ed46d70a9c354991698a796aac7c462e_f0a43d6e5eea19af337a176e9836acddfc0.jpg?1786788290,Omega,44,1,DRG
Shia Sun,1754600,26,22,Odin,Light,1678,0,7550981ba488e5ebe919aa3cb39efbfa_644311b63b607133c989d7c1188467dafc0.jpg?1786787868,Omega,147,8,DNC
Delzor Waka,40194085,27,23,Odin,Light,1663,0,bde30c4caff355f65cf9761727b12725_644311b63b607133c989d7c1188467dafc0.jpg?1786787267,Omega,144,4,MCH
Pan Ther,47356852,28,24,Twintania,Light,1651,0,fc9492796dbee9f84ae010350ec7759c_c33f640c0cdd35f7def85b8aa31a0007fc0.jpg?1786789956,Omega,148,0,RPR
Shino Yaru,38308969,29,25,Phoenix,Light,1606,0,0662727bb913ed7fe3009f3542ea1e64_5047bc596a4bab2dc7f7c120bb22dec5fc0.jpg?1786787183,Omega,135,0,UNK
Kimbi Aoe,24693270,30,27,Shiva,Light,1593,0,67e0ddfb70faf5725a971d086cfdce61_3fbff0e6b620e4d259dc427abc6574dafc0.jpg?1786789811,Omega,79,0,MCH
Xen Thique,40172078,31,28,Odin,Light,1592,0,8930228f4df0c18feea28ebbb1c451f2_644311b63b607133c989d7c1188467dafc0.jpg?1786788326,Omega,98,0,SGE
Misora Kaiatsa,25126040,32,30,Moogle,Chaos,1507,0,80fa199452585ab77d14128509576300_d7a9d5f85a29d6278ec1c7adc2c8d242fc0.jpg?1786787300,Omega,86,0,RPR
Tei Tei,36611700,33,31,Odin,Light,1503,1,21c224545e3d3af775a3d377c8e444bf_644311b63b607133c989d7c1188467dafc0.jpg?1786790004,Omega,103,1,AST
Tarutella Goldfish,4235488,34,46,Phoenix,Light,1497,294,f269741c27ca22c02db955557e7283fa_5047bc596a4bab2dc7f7c120bb22dec5fc0.jpg?1786790033,Crystal,47,18,SGE
Maggot Maggot,61703768,35,42,Omega,Chaos,1495,191,3657d57f4a20a5d901d7f4537f1b7307_39e25ac3d737c46452305eefe324372cfc0.jpg?1786789094,Crystal,197,28,DRK
Sweet Light,41777815,36,32,Spriggan,Chaos,1489,0,2e6808627bd2b8f0f5f0377d20cbbbc5_feaf0a2e88ff164813fbc9b85876fa48fc0.jpg?1786788246,Crystal,65,5,DNC
Ten Gil,17217146,37,33,Louisoix,Chaos,1486,0,884fcae1e61228d09798c630a2c827fb_0a122616f3718d3f45cab10fd8fc1604fc0.jpg?1786789008,Crystal,42,2,SMN
Tia Tomoe,41293767,38,36,Phoenix,Light,1408,0,7dc31b9a880ba3f36a3ef1208e0c5909_5047bc596a4bab2dc7f7c120bb22dec5fc0.jpg?1786789388,Crystal,46,0,BRD
Akari Tsuki,31005286,39,37,Louisoix,Chaos,1398,0,28e1cfaecfbf911dc3621f5de74642aa_0a122616f3718d3f45cab10fd8fc1604fc0.jpg?1786788402,Crystal,46,0,WHM
Cat Wife,21099767,40,38,Zodiark,Light,1394,0,76d1664265ae631c957cfab6c72cfba9_c274370774c6bc3483cc8740805f41bcfc0.jpg?1786787064,Crystal,20,0,RDM
Aurora Maou,26517539,41,39,Louisoix,Chaos,1388,0,433a49b5cc43b35afac03d97c50262f9_0a122616f3718d3f45cab10fd8fc1604fc0.jpg?1786788371,Crystal,106,0,GNB
Leedo Dale,25033597,42,40,Zodiark,Light,1367,0,9e122691e98bda2ea6abe86ed7b81a63_c274370774c6bc3483cc8740805f41bcfc0.jpg?1786787273,Crystal,341,6,SGE
Shimori Bunihara,35166011,43,41,Raiden,Light,1362,0,c44c8fc68c230b1051ec35a527afe9ed_a370664d98f658f4ed4e620f378f73cdfc0.jpg?1786788915,Crystal,117,0,RPR
Two Koma,51508003,44,45,Zodiark,Light,1309,100,15a666f8d7bb67401300fae763ce4d32_c274370774c6bc3483cc8740805f41bcfc0.jpg?1786787718,Crystal,106,1,BLM
Memento Mo'ri,1641495,45,49,Ragnarok,Chaos,1294,197,86323bce84189061b1d71ff1dc25266a_40d57ba713628f3f1ef5ef204b6d76d2fc0.jpg?1786787958,Crystal,85,5,SMN
Meryll Enetari,24681550,46,43,Cerberus,Chaos,1293,0,f4fe16c70d7023e2101e19421c5abf1e_777c57311d510ca65dac3c1077dee435fc0.jpg?1786789783,Crystal,239,0,RDM
Lex'ander Wayfarer,18009481,47,44,Odin,Light,1211,0,0adfa03fe11940a91e3b6a2ed08ddb88_644311b63b607133c989d7c1188467dafc0.jpg?1786788134,Crystal,53,0,SAM
Dalik Mathis,9537863,48,47,Ragnarok,Chaos,1194,0,fd4dde44208527cc20e58ba589d51f01_40d57ba713628f3f1ef5ef204b6d76d2fc0.jpg?1786790068,Crystal,93,0,BLM
Based Miqote,46487952,49,48,Twintania,Light,1102,0,5e2bb42e554586a20b050b7fd3f88e26_c33f640c0cdd35f7def85b8aa31a0007fc0.jpg?1786790156,Crystal,99,0,UNK
Yi Ma,60448295,50,0,Phoenix,Light,1077,0,bb3af62117cae7488d9b02007f341c7b_5047bc596a4bab2dc7f7c120bb22dec5fc0.jpg?1786789696,Crystal,89,17,SMN
Phaey Yeon,58326616,51,54,Moogle,Chaos,999,102,6497d439e55c80c0156c198e7f135c78_d7a9d5f85a29d6278ec1c7adc2c8d242fc0.jpg?1786787525,Crystal,95,6,UNK
Elyndra Mayhn,27143285,52,57,Twintania,Light,937,119,e4b30c11c8c987996e50ee4c5899c037_c33f640c0cdd35f7def85b8aa31a0007fc0.jpg?1786788847,Crystal,114,12,BLM
Tyra Kett,26531277,53,51,Spriggan,Chaos,926,0,101b7ec48bba5c5e5b34fda1316c57bc_feaf0a2e88ff164813fbc9b85876fa48fc0.jpg?1786790185,Crystal,126,6,DRG
Yhren Vhal,56948558,54,52,Odin,Light,912,0,3f62ad2093c1016540ef936a5563823b_644311b63b607133c989d7c1188467dafc0.jpg?1786787394,Crystal,130,18,UNK
Myst Freyja,33906213,55,53,Omega,Chaos,912,0,240b879fd403fc16c04022b6075077ae_39e25ac3d737c46452305eefe324372cfc0.jpg?1786790516,Crystal,64,0,RDM
Yun' Yun,11341467,56,55,Cerberus,Chaos,896,0,df098ceed6d9cf14cf61cc4110cd6cb5_777c57311d510ca65dac3c1077dee435fc0.jpg?1786787083,Crystal,141,0,SAM
Holos Ymir,35299241,57,56,Cerberus,Chaos,876,0,f8029ed36fad032333305dfa455cddec_777c57311d510ca65dac3c1077dee435fc0.jpg?1786788698,Crystal,64,0,PLD
Khorasan Ataraxia,47289604,58,82,Shiva,Light,808,310,721a6c9c723209b16696818df4cf0c93_3fbff0e6b620e4d259dc427abc6574dafc0.jpg?1786789621,Crystal,199,14,UNK
Lybel Alyborias,25836089,59,58,Louisoix,Chaos,807,0,a86b680e6c4e5e23befaaaf535a158de_0a122616f3718d3f45cab10fd8fc1604fc0.jpg?1786789040,Crystal,67,0,RDM
Sin Mirrorslave,43994621,60,59,Raiden,Light,807,0,3f8e3345c252d3f9b50e27c481f91100_a370664d98f658f4ed4e620f378f73cdfc0.jpg?1786787771,Crystal,54,0,UNK
Tay Talenath,45740169,61,80,Raiden,Light,799,298,b2fa0c7222f7e3ebe117f24a200e11d8_a370664d98f658f4ed4e620f378f73cdfc0.jpg?1786787084,Crystal,168,6,DNC
Sunie Mochi,12728791,62,60,Twintania,Light,796,0,4760f9b45bd6f71f83adbd97ab87eae3_c33f640c0cdd35f7def85b8aa31a0007fc0.jpg?1786787317,Crystal,140,0,DNC
Yamizura Kumozuma,19652230,63,61,Twintania,Light,787,0,24bbc9cebf09eb83efcbc272c3085fd1_c33f640c0cdd35f7def85b8aa31a0007fc0.jpg?1786787830,Crystal,11,0,SMN
Skillpade Skyr,37019657,64,72,Lich,Light,782,97,e520a31662bd7030c96e4951a4f2d301_7206469080400ed57a5373d0a9c55c59fc0.jpg?1786790496,Crystal,139,2,DRK
Ivaious Zol,38270926,65,62,Odin,Light,703,0,2e78b44195db83336b1acbe75927a864_644311b63b607133c989d7c1188467dafc0.jpg?1786788589,Crystal,64,7,RDM
Farnese Shieldmaiden,24419493,66,63,Cerberus,Chaos,701,0,dcec016c4a6cd9a2bd3a2b73183f5a65_777c57311d510ca65dac3c1077dee435fc0.jpg?1786788487,Crystal,20,0,DRK
Red Aura,58355527,67,64,Spriggan,Chaos,700,0,24685b07d940d962953f7111d4144e46_feaf0a2e88ff164813fbc9b85876fa48fc0.jpg?1786787640,Crystal,49,0,MNK
Spedah Sashihai,46717230,68,65,Phantom,Chaos,697,0,916aa42d41d9cb06784f26d21d850c5a_f0a43d6e5eea19af337a176e9836acddfc0.jpg?1786788147,Crystal,77,0,SCH
Hyzenthlay Efrafa,1817919,69,66,Ragnarok,Chaos,697,0,f61f49f2ed95a3709fa034686da0eb63_40d57ba713628f3f1ef5ef204b6d76d2fc0.jpg?1786790518,Crystal,40,0,RPR
Lost Signal,56186869,70,67,Odin,Light,695,0,b36972ee34bfd25f82ce348b32b6f5da_644311b63b607133c989d7c1188467dafc0.jpg?1786788976,Crystal,101,2,MNK
Wwwwwwwwww Wwwwwwwwww,22934838,71,68,Odin,Light,695,0,44b50a04ce7aed4e2c4699753f5b83bc_644311b63b607133c989d7c1188467dafc0.jpg?1786787369,Crystal,41,0,FSH
A'dyalani Sato,10026278,72,69,Odin,Light,693,0,d072994a22af88090aecf6e5a3b85c36_644311b63b607133c989d7c1188467dafc0.jpg?1786789145,Crystal,122,10,MCH
Baka Bao,30345026,73,70,Phantom,Chaos,692,0,57df7efcbcdf8f1aca84c4f1435c36ba_f0a43d6e5eea19af337a176e9836acddfc0.jpg?1786790275,Crystal,303,13,SAM
Gabriel Zephyrus,11099535,74,71,Zodiark,Light,690,0,fb5c6913d0c275952def0841ab82887f_c274370774c6bc3483cc8740805f41bcfc0.jpg?1786790637,Crystal,170,14,RPR
Laela Hyun,59589734,75,73,Phantom,Chaos,684,0,a377ba040d4300db7c8df4efc92acd53_f0a43d6e5eea19af337a176e9836acddfc0.jpg?1786788859,Crystal,55,0,UNK
Magidolce Magileine,39132419,76,74,Twintania,Light,614,0,088bd05d5a98251023ecb7e28a638b68_c33f640c0cdd35f7def85b8aa31a0007fc0.jpg?1786790560,Crystal,123,8,SMN
Magic Beans,43732030,77,81,Phoenix,Light,602,101,4a7e75e2be4f70e389e8807cc1d2b885_5047bc596a4bab2dc7f7c120bb22dec5fc0.jpg?1786790590,Crystal,92,2,DRK
Sophia Ariadne,11431073,78,75,Odin,Light,600,0,f4329ddf82a418a6e12f1ba978bc1523_644311b63b607133c989d7c1188467dafc0.jpg?1786788672,Crystal,45,0,DNC
Roy Dimgao,29524655,79,188,Omega,Chaos,597,597,320af7149c63c337e5826c2c2cc1bf37_39e25ac3d737c46452305eefe324372cfc0.jpg?1786789964,Crystal,185,15,MCH
General Aardvark,48423100,80,76,Twintania,Light,514,0,cf88029724167c1d18ed8c536a862900_c33f640c0cdd35f7def85b8aa31a0007fc0.jpg?1786789683,Crystal,132,2,DRG
Lsi Lsi,47353875,81,77,Lich,Light,513,0,792b3235fe2fbd35d956e856c210194f_7206469080400ed57a5373d0a9c55c59fc0.jpg?1786788977,Crystal,62,0,PCT
Neclord Drakan,34358772,82,78,Phoenix,Light,510,0,7e002012c8fc4f9e493cd5879573e088_5047bc596a4bab2dc7f7c120bb22dec5fc0.jpg?1786788581,Crystal,41,0,SGE
Brian Ricardo,23607238,83,79,Zodiark,Light,506,0,9c9d045f5f22c579ce5c24faa2b9b303_c274370774c6bc3483cc8740805f41bcfc0.jpg?1786790604,Crystal,56,1,AST
Shiroko Momo,39619880,84,94,Odin,Light,502,106,83b4a27fbdf8dfdce9a7e095cc14bf41_644311b63b607133c989d7c1188467dafc0.jpg?1786787380,Crystal,144,2,MNK
Master Zoknik,47233914,85,83,Omega,Chaos,498,0,47b7a0d3c4816d6dc7cb85c85a3685f7_39e25ac3d737c46452305eefe324372cfc0.jpg?1786790613,Crystal,69,0,DRK
Yellow Blue,58488618,86,84,Spriggan,Chaos,497,0,51731f8a93c1d8b59b5c3ded4ffb5a64_feaf0a2e88ff164813fbc9b85876fa48fc0.jpg?1786788068,Crystal,80,1,DRG
Thor Strom,35911315,87,85,Cerberus,Chaos,496,0,3826da79ed71141aec290f69127b5c79_777c57311d510ca65dac3c1077dee435fc0.jpg?1786789871,Crystal,5,0,SCH
Sal Ren,40787945,88,86,Phoenix,Light,491,0,9613f7a8c0a759977b8a3fe787fed7e0_5047bc596a4bab2dc7f7c120bb22dec5fc0.jpg?1786788845,Crystal,51,0,MNK
Kyouko Owo,25629243,89,87,Louisoix,Chaos,491,0,4fbeb17208a00397ad05eebfc2d20d2f_0a122616f3718d3f45cab10fd8fc1604fc0.jpg?1786790111,Crystal,36,5,WHM
Zecht Bradamant,31785474,90,88,Omega,Chaos,415,0,b0b8438e6682f2931a1a930121d0ab43_39e25ac3d737c46452305eefe324372cfc0.jpg?1786790445,Crystal,103,0,GNB
Yinwea Levai,36476322,91,89,Shiva,Light,412,0,944bf3a8e93fcc8f15f3f521462d11b5_3fbff0e6b620e4d259dc427abc6574dafc0.jpg?1786787703,Crystal,154,0,BLM
Ul Unhu,9592278,92,90,Phoenix,Light,403,0,d703e404c81140848dbcd200abc4ef7e_5047bc596a4bab2dc7f7c120bb22dec5fc0.jpg?1786787246,Crystal,132,0,CRP
Seraban Mistodisushi,25116690,93,91,Omega,Chaos,402,0,9ab6f5d4307a747e8378402c6070b2a7_39e25ac3d737c46452305eefe324372cfc0.jpg?1786790439,Crystal,98,0,UNK
Imy Pure,24943089,94,97,Cerberus,Chaos,401,99,2e46879ac1baf7fc77ec2de872a0461c_777c57311d510ca65dac3c1077dee435fc0.jpg?1786788080,Crystal,3,1,SCH
Raiden Thorne,27238016,95,92,Zodiark,Light,399,0,96a909af8d24d60f6d8173f8cc16facb_c274370774c6bc3483cc8740805f41bcfc0.jpg?1786789552,Crystal,10,0,SAM
Lawr Hawk,28248881,96,174,Odin,Light,398,398,e241b26df61ea0e201b637a7ae6c4cd4_644311b63b607133c989d7c1188467dafc0.jpg?1786790145,Crystal,56,10,SMN
Lion Lad,60548427,97,93,Phantom,Chaos,398,0,69af2e062eb7ba4549c964e1fbc8b79e_f0a43d6e5eea19af337a176e9836acddfc0.jpg?1786790467,Crystal,29,0,BRD
Diarmuidia Ua-dibhne,60435376,98,126,Cerberus,Chaos,397,296,5d9b7dcb4848e335ad4a88c0dc644669_777c57311d510ca65dac3c1077dee435fc0.jpg?1786789271,Crystal,88,19,DRG
Firas Xll,61570305,99,203,Alpha,Light,397,397,180935d91342970858d2044d5c23d436_6132295fcf5570fb8b0a944ef322a598fc0.jpg?1786790388,Crystal,59,9,MNK
Mitsuki Mirai,18435457,100,95,Louisoix,Chaos,384,0,365f1772f387bd280bdbfc16afbd5e4e_0a122616f3718d3f45cab10fd8fc1604fc0.jpg?1786789360,Crystal,14,5,SAM
Victoria Nyala,43751055,101,96,Phoenix,Light,304,0,d41ca298e2f03ee2273aca61640ebce0_5047bc596a4bab2dc7f7c120bb22dec5fc0.jpg?1786787500,Crystal,59,1,PCT
Bing Bing,50857849,102,107,Odin,Light,302,100,1a2b77cf04680b9bfe1c19f07f9f1f44_644311b63b607133c989d7c1188467dafc0.jpg?1786787153,Crystal,59,1,MCH
Aris Oz,41983172,103,98,Zodiark,Light,301,0,abbd4cf51609bf59977c5b4850c4c351_c274370774c6bc3483cc8740805f41bcfc0.jpg?1786787081,Crystal,43,0,MNK
Reireiko Reiko,51402233,104,99,Alpha,Light,301,0,6bb627130b2067e09c7110eb74707745_6132295fcf5570fb8b0a944ef322a598fc0.jpg?1786790113,Crystal,18,1,GNB
Neo Saladin,60195724,105,100,Alpha,Light,299,0,d61ef205c9700150e78797546d2ac263_6132295fcf5570fb8b0a944ef322a598fc0.jpg?1786787392,Crystal,90,0,MCH
Madelynn Veil,49771412,106,101,Omega,Chaos,299,0,92f91d9225bb816c6562fb117814681e_39e25ac3d737c46452305eefe324372cfc0.jpg?1786789815,Crystal,57,0,RDM
Lunaelumen Heartless,3344766,107,102,Phoenix,Light,298,0,442c49c53db78614043ce10aa9733411_5047bc596a4bab2dc7f7c120bb22dec5fc0.jpg?1786788919,Crystal,48,0,BLU
Ultimo Tower,13765195,108,103,Odin,Light,297,0,f3f293a7802e54bc6d3f5c2ceb6f4902_644311b63b607133c989d7c1188467dafc0.jpg?1786789881,Crystal,87,0,DRK
Zot To,18725302,109,104,Cerberus,Chaos,293,0,852c16bac4fe7f528a8653c65704e818_777c57311d510ca65dac3c1077dee435fc0.jpg?1786788903,Crystal,2,0,VPR
Erion Hein,39135014,110,105,Twintania,Light,216,0,ba6bc1e1e70e5f3402d91ecfcf7d01e8_c33f640c0cdd35f7def85b8aa31a0007fc0.jpg?1786787633,Crystal,144,0,ALC
Brutal Killer,8885117,111,106,Ragnarok,Chaos,203,0,30c6a6207c7e93d407784888a7f29c97_40d57ba713628f3f1ef5ef204b6d76d2fc0.jpg?1786788527,Crystal,3,0,GNB
Acacia Strain,43137076,112,108,Raiden,Light,201,0,8678948c8fea34b563980d4a6da37e32_a370664d98f658f4ed4e620f378f73cdfc0.jpg?1786789404,Crystal,256,9,SMN
Cipher Strife,7955322,113,109,Ragnarok,Chaos,201,0,fd0f2644fe22871d381e6bae8798c484_40d57ba713628f3f1ef5ef204b6d76d2fc0.jpg?1786788831,Crystal,199,0,DRK
Sayuri Maeshima,33888798,114,110,Omega,Chaos,201,0,9543e703e2409901a4e4c51fcd72a0bd_39e25ac3d737c46452305eefe324372cfc0.jpg?1786789584,Crystal,46,2,AST
Gaspard Deguingoix,11032081,115,111,Moogle,Chaos,200,0,b9283e6a6be9cd219ee0afea98546775_d7a9d5f85a29d6278ec1c7adc2c8d242fc0.jpg?1786789163,Crystal,72,0,SGE
Riseon Misha,26343965,116,112,Zodiark,Light,200,0,d883dcfcee6650b3e6e1691bf6838f6c_c274370774c6bc3483cc8740805f41bcfc0.jpg?1786787328,Crystal,71,0,SMN
Rin Tanaka,24116937,117,150,Phoenix,Light,200,100,05caa52c69a69c31a889325a1f319530_5047bc596a4bab2dc7f7c120bb22dec5fc0.jpg?1786790117,Crystal,62,1,DRG
Krek Balflear,48912824,118,113,Sagittarius,Chaos,200,0,3ddedc4fdcf35465d04f99e2b4737a9f_44ca0844398b2d010d8cd4a31ddb023dfc0.jpg?1786787062,Crystal,42,0,RPR
Shadow Aya,54551815,119,114,Zodiark,Light,200,0,5ca13f39db9eefc50e8e57be73e7254e_c274370774c6bc3483cc8740805f41bcfc0.jpg?1786788753,Crystal,34,2,DRK
Neppie Nen,38644421,120,115,Phoenix,Light,200,0,6744f6c777bfc017ed7318054ef44f3d_5047bc596a4bab2dc7f7c120bb22dec5fc0.jpg?1786789299,Crystal,31,0,RDM
Eve Naeuri,43290162,121,116,Sagittarius,Chaos,200,0,c143c5d5e461ba9e3f51c07a3de23e21_44ca0844398b2d010d8cd4a31ddb023dfc0.jpg?1786790282,Crystal,20,0,WHM
Selin Naari,16360751,121,116,Cerberus,Chaos,200,0,fb2c3681e2cb33bdcd7894d5aad0b9ec_777c57311d510ca65dac3c1077dee435fc0.jpg?1786790635,Crystal,20,0,DRG
Frankie Urien,32323176,123,118,Odin,Light,199,0,ffae33588fe71f102672b7defdb50a30_644311b63b607133c989d7c1188467dafc0.jpg?1786787128,Crystal,191,15,GNB
Pat Olehouse,17156873,124,119,Lich,Light,199,0,54c944c62ef7bd68e95a2a558d856482_7206469080400ed57a5373d0a9c55c59fc0.jpg?1786787493,Crystal,81,0,PLD
Vyn Silvair,21908199,125,120,Shiva,Light,196,0,05a4597e1e8ad1e87cfc4aab88be286c_3fbff0e6b620e4d259dc427abc6574dafc0.jpg?1786790496,Crystal,87,0,WAR
Mats Luxed,36390152,126,121,Twintania,Light,196,0,4d98b4ef01ccfc9df166d83a5771a4ea_c33f640c0cdd35f7def85b8aa31a0007fc0.jpg?1786787531,Crystal,32,0,RDM
Luca Natura,26126798,127,122,Omega,Chaos,196,0,aee9a8f332f96a4c5a45923c0e82782a_39e25ac3d737c46452305eefe324372cfc0.jpg?1786788643,Crystal,24,0,WAR
Blunt Man,35300195,128,123,Louisoix,Chaos,193,0,bfddeb1fd8c57b9259f8bb179dd8158b_0a122616f3718d3f45cab10fd8fc1604fc0.jpg?1786789285,Crystal,109,9,SAM
Wieg Wiggles,35061622,129,133,Lich,Light,192,92,61256a3e6c4f0c3dcc05469f5550d102_7206469080400ed57a5373d0a9c55c59fc0.jpg?1786790461,Crystal,128,12,WAR
Chise Hatori',9182735,130,124,Ragnarok,Chaos,103,0,236f29f4984f26e6b197da380f104a63_40d57ba713628f3f1ef5ef204b6d76d2fc0.jpg?1786788937,Crystal,107,2,VPR
Night Siren,46140840,131,200,Alpha,Light,102,102,5b2c854dc9360523ee7fcd5bfee41621_6132295fcf5570fb8b0a944ef322a598fc0.jpg?1786788563,Crystal,153,12,GNB
Deltimor Offerentis,53216923,132,125,Ragnarok,Chaos,101,0,b1f3b3bcc24281f671ac2ced6960431a_40d57ba713628f3f1ef5ef204b6d76d2fc0.jpg?1786788514,Crystal,258,26,RDM
Freya Highwind,37533969,133,127,Spriggan,Chaos,100,0,de376c51fd21ccbb1018c1c3fb40734b_feaf0a2e88ff164813fbc9b85876fa48fc0.jpg?1786789796,Crystal,204,0,RDM
Arienai Nashi,47596567,134,128,Zodiark,Light,100,0,ccbc05e41375849179a5f554d78d7ae1_c274370774c6bc3483cc8740805f41bcfc0.jpg?1786789380,Crystal,184,0,SGE
Keraunos Greywolfe,31183458,135,129,Alpha,Light,100,0,3431088cd9f33e5f20e30162c35286fd_6132295fcf5570fb8b0a944ef322a598fc0.jpg?1786789907,Crystal,177,0,DRK
Staz Hellcat,8016319,136,130,Cerberus,Chaos,100,0,c7e860ceda35e35e41bca47bf02624be_777c57311d510ca65dac3c1077dee435fc0.jpg?1786787387,Crystal,155,0,CRP
Lumine Heartseeker,37169102,137,131,Lich,Light,100,0,bef41e353f9709f6c26365adcd129410_7206469080400ed57a5373d0a9c55c59fc0.jpg?1786787617,Crystal,148,0,BLU
Lina Sunstar,52075433,138,176,Spriggan,Chaos,100,100,d60c4576e74acfcd0ed77a6ea5d48800_feaf0a2e88ff164813fbc9b85876fa48fc0.jpg?1786787792,Crystal,147,2,WHM
Magnus Skorweg,14288959,139,132,Cerberus,Chaos,100,0,36b3ca5cc0c3fa7edd1b5b276f54a6fc_777c57311d510ca65dac3c1077dee435fc0.jpg?1786790010,Crystal,145,0,SAM
Deme Tayuun,14832348,140,134,Lich,Light,100,0,ae2fb7b7ac8ad3f92247efdd9fade6e7_7206469080400ed57a5373d0a9c55c59fc0.jpg?1786788835,Crystal,108,0,NIN
Haadin Maero,25649806,140,134,Cerberus,Chaos,100,0,ab3efb60a6f01134129c732e6e60c255_777c57311d510ca65dac3c1077dee435fc0.jpg?1786788210,Crystal,108,0,RDM
Lilia Sunvale,59323692,142,136,Phoenix,Light,100,0,01173bfd4d3bd682b07d6e9ac6dafd16_5047bc596a4bab2dc7f7c120bb22dec5fc0.jpg?1786787738,Crystal,105,0,BRD
Saku Rozen,1622070,143,137,Odin,Light,100,0,76d32a46909474e4b590ee6476bfabce_644311b63b607133c989d7c1188467dafc0.jpg?1786789432,Crystal,101,0,UNK
Rain Hoshino,6160241,144,138,Moogle,Chaos,100,0,fc4a751ebc0402023f56f7934007c9ef_d7a9d5f85a29d6278ec1c7adc2c8d242fc0.jpg?1786790547,Crystal,99,0,PLD
Haki Haki,8290724,145,139,Ragnarok,Chaos,100,0,3fc43df6da1c629c59b5cdae63dee7a7_40d57ba713628f3f1ef5ef204b6d76d2fc0.jpg?1786787415,Crystal,94,0,RPR
Baby Starz,27999014,146,140,Omega,Chaos,100,0,e8cb7daea22ff306dcc9397ecad5a4a2_39e25ac3d737c46452305eefe324372cfc0.jpg?1786788594,Crystal,93,0,DRG
Glyceri Chosuti,30338174,147,141,Moogle,Chaos,100,0,6d93c9241424e92e6f0351d35d8b6eaa_d7a9d5f85a29d6278ec1c7adc2c8d242fc0.jpg?1786787225,Crystal,88,0,DNC
Ark Kekko,50821807,148,142,Omega,Chaos,100,0,b81b1c241e98f7a5f9b9c81665be1243_39e25ac3d737c46452305eefe324372cfc0.jpg?1786787541,Crystal,86,0,BRD
Aragorn Pendragon,9019127,149,143,Ragnarok,Chaos,100,0,87aef8a41356f31d322683bdf3e6103b_40d57ba713628f3f1ef5ef204b6d76d2fc0.jpg?1786789153,Crystal,83,0,MCH
Feri De,32873333,150,144,Twintania,Light,100,0,04fae792c920333e5bdc3287c0df72e4_c33f640c0cdd35f7def85b8aa31a0007fc0.jpg?1786789374,Crystal,78,3,SGE
Sahamaru Kamijo,13566032,151,144,Lich,Light,100,0,ab5bb27991a2037ddd8e8b0aef304406_7206469080400ed57a5373d0a9c55c59fc0.jpg?1786790172,Crystal,75,0,NIN
Wimp Lo,37793632,152,146,Zodiark,Light,100,0,45ed053d252c3a44eabe55329426aa37_c274370774c6bc3483cc8740805f41bcfc0.jpg?1786789131,Crystal,73,0,RPR
Renna Vorak,25421061,153,147,Raiden,Light,100,0,c2dc94bad32c136ebcdcb42ec56ba1c3_a370664d98f658f4ed4e620f378f73cdfc0.jpg?1786788078,Crystal,72,0,BRD
Akito Kotomine,14113084,154,148,Cerberus,Chaos,100,0,6535eaee5701ca6c10beffbfc70273c9_777c57311d510ca65dac3c1077dee435fc0.jpg?1786787556,Crystal,70,0,RPR
Purr It,40913226,155,149,Zodiark,Light,100,0,9adf9c1689ff6761673da6e25b839b7b_c274370774c6bc3483cc8740805f41bcfc0.jpg?1786789280,Crystal,69,3,DRK
Guimiko Miko,54285624,156,151,Moogle,Chaos,100,0,610c37aeb64c6149d7c6d5ea93a8114e_d7a9d5f85a29d6278ec1c7adc2c8d242fc0.jpg?1786789514,Crystal,50,0,PCT
Ino Based,41531397,157,152,Alpha,Light,100,0,ae8562754d31616305226909752bc4fd_6132295fcf5570fb8b0a944ef322a598fc0.jpg?1786788372,Crystal,49,0,DNC
Alex Rider,18844824,158,153,Raiden,Light,100,0,88e1d370b1f9d1b22933e6476449b463_a370664d98f658f4ed4e620f378f73cdfc0.jpg?1786790509,Crystal,47,0,SMN
Const Mar,17323909,158,0,Phoenix,Light,100,100,9b3b80b05e36ff71934a612327c91867_5047bc596a4bab2dc7f7c120bb22dec5fc0.jpg?1786789941,Crystal,47,38,PLD
Drop Dead,61865612,158,178,Raiden,Light,100,100,8b4d73c68bf61dbad86bb051105da5ec_a370664d98f658f4ed4e620f378f73cdfc0.jpg?1786790551,Crystal,47,3,SMN
Onox Farbane,43799244,161,0,Zodiark,Light,100,100,c322e9dd886e64c0365244e0b587448f_c274370774c6bc3483cc8740805f41bcfc0.jpg?1786788488,Crystal,44,11,WAR
Pattinger Kersel,8183392,161,154,Raiden,Light,100,0,4fec5839fc0fc0bba3a80fc4e1910660_a370664d98f658f4ed4e620f378f73cdfc0.jpg?1786790086,Crystal,44,0,SCH
Sotek Scherwil,486374,163,155,Twintania,Light,100,0,c881840c18d6c9fc415801f5f8240174_c33f640c0cdd35f7def85b8aa31a0007fc0.jpg?1786789856,Crystal,37,0,BLU
Gwen Farron,10011051,164,156,Ragnarok,Chaos,100,0,3348ff23f3315e0457aa0694f655e953_40d57ba713628f3f1ef5ef204b6d76d2fc0.jpg?1786789493,Crystal,35,0,DRK
Sakurane Zero'yuurai,13075529,165,157,Ragnarok,Chaos,100,0,b65369d4b043831749f5fa45d2428e30_40d57ba713628f3f1ef5ef204b6d76d2fc0.jpg?1786789766,Crystal,31,0,BSM
Ka La,18103622,166,158,Ragnarok,Chaos,100,0,79cb69a4d9a7535c8ee4e2bbfc9b2a1d_40d57ba713628f3f1ef5ef204b6d76d2fc0.jpg?1786788670,Crystal,28,0,WAR
Mhia Mewrilah,26716262,167,159,Omega,Chaos,100,0,6b70c463b87dca3437d37504f74aad3b_39e25ac3d737c46452305eefe324372cfc0.jpg?1786789045,Crystal,27,0,WHM
Yuripa Arashi,37731658,168,160,Shiva,Light,100,0,73ff0d0b3cc5f92ec79dabffa2bedf80_3fbff0e6b620e4d259dc427abc6574dafc0.jpg?1786789544,Crystal,24,0,WAR
Ebin Almsivi,35310847,169,161,Shiva,Light,100,0,0c72e527d2d86c2ee8f4698832e880b5_3fbff0e6b620e4d259dc427abc6574dafc0.jpg?1786789126,Crystal,23,0,PLD
Vanilla Blossom,41496807,169,161,Moogle,Chaos,100,0,b0e7d1b464d155d8791692fe2e47299d_d7a9d5f85a29d6278ec1c7adc2c8d242fc0.jpg?1786787406,Crystal,23,0,PCT
Ayrelinia Saelinire,41821402,171,163,Spriggan,Chaos,100,0,8604bb768bf59461e5f44eef46ee9961_feaf0a2e88ff164813fbc9b85876fa48fc0.jpg?1786788294,Crystal,20,0,VPR
Yuumi Fish,25707217,172,164,Cerberus,Chaos,100,0,1a7ebbda26c28eb61f262b9fb37e8c6e_777c57311d510ca65dac3c1077dee435fc0.jpg?1786789683,Crystal,18,0,CRP
Aeo We,10437907,173,165,Ragnarok,Chaos,100,0,2cc33bbd6e1f29b872030a98ed37c0fc_40d57ba713628f3f1ef5ef204b6d76d2fc0.jpg?1786787321,Crystal,16,0,UNK
Themis Sol,47563479,174,166,Shiva,Light,100,0,6640d69e3c987c86a5b702d852d86325_3fbff0e6b620e4d259dc427abc6574dafc0.jpg?1786788815,Crystal,13,0,WAR
Moki Moki,14235486,175,167,Odin,Light,100,0,82d3ef8d03fa7a6ddf4429f15fd296a2_644311b63b607133c989d7c1188467dafc0.jpg?1786789934,Crystal,1,0,MNK
Snap Ringer,18714030,175,167,Omega,Chaos,100,0,77577ce781d587b133c9c53da0974817_39e25ac3d737c46452305eefe324372cfc0.jpg?1786787120,Crystal,1,0,SAM
Limit Cat,37849108,177,169,Lich,Light,100,0,5b03795e0323d8633451ea410c4aeced_7206469080400ed57a5373d0a9c55c59fc0.jpg?1786790508,Crystal,0,0,MNK
Lylia Venis,13391767,177,0,Moogle,Chaos,100,0,79af70239d663a69f312f0788f3cf927_d7a9d5f85a29d6278ec1c7adc2c8d242fc0.jpg?1786788104,Crystal,0,0,RDM
Athena Olympe,44680885,179,171,Sagittarius,Chaos,0,0,7e7afe9e9cebc29cee3220c1e0530540_44ca0844398b2d010d8cd4a31ddb023dfc0.jpg?1786789580,Diamond,162,17,BLM
Jou Bright,26172504,180,170,Shiva,Light,0,0,80f6d86c4118e80a4c51ba20920a1384_3fbff0e6b620e4d259dc427abc6574dafc0.jpg?1786790217,Diamond,157,0,DRK
Bagel Egg,18929023,181,172,Omega,Chaos,0,0,f655117235b1c0d199ca39849579a631_39e25ac3d737c46452305eefe324372cfc0.jpg?1786788483,Diamond,136,0,BLM
Lu Mi,47806406,182,216,Raiden,Light,0,0,c8d19bad38e9523a4db779b2bf514973_a370664d98f658f4ed4e620f378f73cdfc0.jpg?1786787166,Diamond,83,6,BRD
Rave Bae,47220633,183,173,Alpha,Light,0,0,e640b0d43fa0078b032cbecc50b4e94c_6132295fcf5570fb8b0a944ef322a598fc0.jpg?1786789468,Diamond,61,0,WHM
Tsu Kee,47596814,184,175,Zodiark,Light,0,0,df5063d6db141a1bc921d4623e08a366_c274370774c6bc3483cc8740805f41bcfc0.jpg?1786788077,Diamond,183,0,WAR
Feral Jorex,21749898,185,183,Odin,Light,0,0,f9027c778862384a6ae4224efd2fe7c3_644311b63b607133c989d7c1188467dafc0.jpg?1786787822,Diamond,177,17,SMN
Vic Strider,53817077,186,177,Raiden,Light,0,0,64d68250fabd33e4972dcba2d2638d6c_a370664d98f658f4ed4e620f378f73cdfc0.jpg?1786789571,Diamond,113,0,WAR
Sir Azmuth,21784845,187,180,Lich,Light,0,0,aaa9e4ee439eaa5d584760975605186f_7206469080400ed57a5373d0a9c55c59fc0.jpg?1786788917,Diamond,53,11,SAM
Sangon Yukihoshi,11533024,188,178,Raiden,Light,0,0,d5814159d4f4b2afaa562891375a7b01_a370664d98f658f4ed4e620f378f73cdfc0.jpg?1786787077,Diamond,44,0,GNB
Irmele Elandris,13301011,189,181,Odin,Light,0,0,545d79c172c687ee4ac495ceca89d9dd_644311b63b607133c989d7c1188467dafc0.jpg?1786790072,Diamond,28,0,MIN
Littlebard Crits,44849524,190,182,Lich,Light,0,0,85155be3d7c3c8936c428085496b1e8d_7206469080400ed57a5373d0a9c55c59fc0.jpg?1786789873,Diamond,9,0,UNK
Lavender Yumori,47189865,191,184,Phoenix,Light,0,0,c0a56a85a3c082e0dd3b96359531f30f_5047bc596a4bab2dc7f7c120bb22dec5fc0.jpg?1786787473,Diamond,87,0,DNC
Princess Emi,5884527,192,185,Twintania,Light,0,0,4ab2080550ab1fb15ca76fbfe8e8d512_c33f640c0cdd35f7def85b8aa31a0007fc0.jpg?1786787649,Diamond,57,0,PLD
Sho'zhirr Shizahi-jo,28092848,193,186,Phoenix,Light,0,0,c6923f91c3f9e08d53d38488a3040788_5047bc596a4bab2dc7f7c120bb22dec5fc0.jpg?1786789371,Diamond,43,0,UNK
Tsuguri Tempest,8093380,194,187,Moogle,Chaos,0,0,673dd69d52b7f7c210bb231091fd1922_d7a9d5f85a29d6278ec1c7adc2c8d242fc0.jpg?1786789626,Diamond,13,3,VPR
Dacien Darlett,3339751,195,189,Odin,Light,0,0,0311b8a0924e142c3f1da4b81f645156_644311b63b607133c989d7c1188467dafc0.jpg?1786788341,Diamond,146,0,SCH
Benedikta Cucumber,55428569,196,190,Sagittarius,Chaos,0,0,1091166e96bfe839d8a067a8fc27848a_44ca0844398b2d010d8cd4a31ddb023dfc0.jpg?1786789192,Diamond,113,13,AST
Lu' Bu',21757305,197,192,Odin,Light,0,0,20b9e744e2190850310da72ffaf5c5d4_644311b63b607133c989d7c1188467dafc0.jpg?1786790276,Diamond,88,16,DRG
Zerith Ars,7801227,198,191,Zodiark,Light,0,0,d9b23bac7d7203e071be18c6932a61a8_c274370774c6bc3483cc8740805f41bcfc0.jpg?1786789536,Diamond,76,0,DRG
Keylinda Heliopsis,44659154,199,193,Moogle,Chaos,0,0,aae227ec83063cc479b9c5f6fb803e66_d7a9d5f85a29d6278ec1c7adc2c8d242fc0.jpg?1786789760,Diamond,73,17,SMN
Jun Moxiao,40533777,200,0,Odin,Light,0,0,9f41b7adf0a59849ae35b17cdace2b32_644311b63b607133c989d7c1188467dafc0.jpg?1786789369,Diamond,65,21,VPR
Leenar Raim,45005021,201,194,Raiden,Light,0,0,cd15b6146d9e895f605fe9d8aa6e46d2_a370664d98f658f4ed4e620f378f73cdfc0.jpg?1786789918,Diamond,53,0,AST
Magisa Vale,43527083,202,195,Phoenix,Light,0,0,50d54724458e52e82fcfc6d537b9e001_5047bc596a4bab2dc7f7c120bb22dec5fc0.jpg?1786788147,Diamond,35,0,RDM
Decha Kirk,32806624,203,196,Moogle,Chaos,0,0,e50b415f85b832de8463247f434991ce_d7a9d5f85a29d6278ec1c7adc2c8d242fc0.jpg?1786790222,Diamond,29,0,MCH
Yuki Shinryu,18457903,204,197,Omega,Chaos,0,0,7c3380880e156cefcc0afc85574b6091_39e25ac3d737c46452305eefe324372cfc0.jpg?1786789380,Diamond,20,0,PLD
Xanthe Hati,28239197,205,198,Sagittarius,Chaos,0,0,9bf816bfcd7f963908af59458b5500c9_44ca0844398b2d010d8cd4a31ddb023dfc0.jpg?1786789255,Diamond,19,0,DRG
Lia Lothje,30611623,206,199,Odin,Light,0,0,12f34ee0f0d0404c9b47a7fea301f068_644311b63b607133c989d7c1188467dafc0.jpg?1786789207,Diamond,12,0,MCH
Lolorei Lalarei,3686155,207,201,Omega,Chaos,0,0,da6ff12e4effc4cbacfe1b954f1c3bf5_39e25ac3d737c46452305eefe324372cfc0.jpg?1786790313,Diamond,95,0,WHM
Yoe Lleufyn,28631681,208,202,Phoenix,Light,0,0,9584dd8fac44ba749b0855105a0e29e9_5047bc596a4bab2dc7f7c120bb22dec5fc0.jpg?1786787311,Diamond,56,0,PCT
Rei Dassario,24597443,209,239,Raiden,Light,0,0,a51ce0a687a31ff3b67287e80ea30aed_a370664d98f658f4ed4e620f378f73cdfc0.jpg?1786790276,Diamond,42,6,SAM
Sheidyn Windsor,30282791,210,204,Omega,Chaos,0,0,e3eaa192d0e2b6192580f940474cd0b5_39e25ac3d737c46452305eefe324372cfc0.jpg?1786787269,Diamond,33,0,SAM
Veritan Indaerus,21877909,211,205,Odin,Light,0,0,978a128ddf080c55e3afc742274d0c9f_644311b63b607133c989d7c1188467dafc0.jpg?1786790251,Diamond,26,0,DRG
Fandrix Shadowsong,36051326,212,206,Louisoix,Chaos,0,0,e8515941184b5c25f2622f1899a0969a_0a122616f3718d3f45cab10fd8fc1604fc0.jpg?1786788435,Diamond,21,0,RPR
Erika Avellana,45153856,213,207,Alpha,Light,0,0,d52954932b2c20e3d303cb8cf101f3eb_6132295fcf5570fb8b0a944ef322a598fc0.jpg?1786788126,Diamond,300,0,DRK
Duessa Fidessa,47722925,214,208,Louisoix,Chaos,0,0,3e992addf0aaeeda98883cfe0443f4c4_0a122616f3718d3f45cab10fd8fc1604fc0.jpg?1786789026,Diamond,159,8,BLU
Laville Burns,44676490,215,231,Alpha,Light,0,0,1999bb362905ab6ad44fa2e8931ef3dc_6132295fcf5570fb8b0a944ef322a598fc0.jpg?1786788762,Diamond,158,11,ARC
Ash Zero,49368748,216,209,Shiva,Light,0,0,8c69f041cca72fdc1059bfc9f2f8ecc9_3fbff0e6b620e4d259dc427abc6574dafc0.jpg?1786787931,Diamond,119,4,PCT
Hegel Gil,25438753,217,210,Omega,Chaos,0,0,5ed500fc1dd1d9cbbc95000a80326ff7_39e25ac3d737c46452305eefe324372cfc0.jpg?1786788001,Diamond,102,6,SGE
Nana Usui,34696904,218,211,Moogle,Chaos,0,0,abd9e807ccb2486ea89e3deab9cc56d2_d7a9d5f85a29d6278ec1c7adc2c8d242fc0.jpg?1786787417,Diamond,76,0,AST
Tung Kniv,36744544,219,0,Spriggan,Chaos,0,0,63aabeb5204c3ae5d2f0295a0f4a8e22_feaf0a2e88ff164813fbc9b85876fa48fc0.jpg?1786788288,Diamond,49,13,DNC
Stephanie Dolla,28876458,220,212,Lich,Light,0,0,753eeef7260d5b48fedb9d189d2b51ca_7206469080400ed57a5373d0a9c55c59fc0.jpg?1786790491,Diamond,42,0,MNK
Durinta Borlaaq,37706432,221,213,Twintania,Light,0,0,5f122a4f83176fe089d903a59809e108_c33f640c0cdd35f7def85b8aa31a0007fc0.jpg?1786788502,Diamond,37,0,SCH
Kihn Shirudo,43951482,222,214,Spriggan,Chaos,0,0,2e619166d10daa6082c54563a5af17ff_feaf0a2e88ff164813fbc9b85876fa48fc0.jpg?1786788917,Diamond,36,0,DRK
Autuas Au,37357840,223,215,Phantom,Chaos,0,0,5c8929453beb42fb1a167e93eca11abf_f0a43d6e5eea19af337a176e9836acddfc0.jpg?1786789904,Diamond,7,0,UNK
Flynn Cethlenne,35848614,224,236,Zodiark,Light,0,0,2543efc6def84f10fb27cc68c29b1460_c274370774c6bc3483cc8740805f41bcfc0.jpg?1786787128,Diamond,73,11,SMN
Akurei Amotanius,36595921,225,217,Odin,Light,0,0,ca5d9f24b62995e3bcb5d25cc576fc70_644311b63b607133c989d7c1188467dafc0.jpg?1786787592,Diamond,49,0,MNK
Nicco Sushi,42846008,226,218,Alpha,Light,0,0,ffcb0ee6f92ba9224ade0ee2b0e9917b_6132295fcf5570fb8b0a944ef322a598fc0.jpg?1786789716,Diamond,36,0,GNB
Isca Mog,32212471,227,219,Zodiark,Light,0,0,e47f3ccc4bd8599193929766ab0abd2c_c274370774c6bc3483cc8740805f41bcfc0.jpg?1786789933,Diamond,19,0,AST
Mina Ha,50543888,228,220,Raiden,Light,0,0,712f53c2b6ed3bc9fa9cc0b0b60a16d7_a370664d98f658f4ed4e620f378f73cdfc0.jpg?1786789856,Diamond,16,0,PLD
Zhinna Maya,8219011,229,0,Odin,Light,0,0,b96bc839d3db0d26e61bf4b24282c925_644311b63b607133c989d7c1188467dafc0.jpg?1786790635,Diamond,7,0,WAR
Naralis A'roihan,35460975,230,221,Odin,Light,0,0,39833ac3dfdbb3ea64ab911763fea294_644311b63b607133c989d7c1188467dafc0.jpg?1786787792,Diamond,209,21,SCH
Dundee Nic'hpisfa,35976824,231,223,Odin,Light,0,0,8eda92b5ce2e258786d149b7cb349e09_644311b63b607133c989d7c1188467dafc0.jpg?1786789351,Diamond,124,15,BRD
Rose Nashi'rah,5586423,232,222,Moogle,Chaos,0,0,eabb33d9d4a68beb623fdbad8de0ccd2_d7a9d5f85a29d6278ec1c7adc2c8d242fc0.jpg?1786789459,Diamond,118,6,SMN
Minmo Dev,7902844,233,224,Zodiark,Light,0,0,782214fa536a78747ce926bd4967671f_c274370774c6bc3483cc8740805f41bcfc0.jpg?1786789608,Diamond,108,0,FSH
Lo Enha,27971408,234,256,Moogle,Chaos,0,0,5236c7cc585f6b9213e6d33f05e78c61_d7a9d5f85a29d6278ec1c7adc2c8d242fc0.jpg?1786787953,Diamond,85,13,BLM
Yorda Dormin,35730883,235,277,Phantom,Chaos,0,0,37968b7968327b583f23e52d999337f9_f0a43d6e5eea19af337a176e9836acddfc0.jpg?1786787564,Diamond,75,4,UNK
Leia Leia,61767715,236,225,Twintania,Light,0,0,da1bea022b3ca64e80681b4a30a9d7e1_c33f640c0cdd35f7def85b8aa31a0007fc0.jpg?1786790493,Diamond,58,0,UNK
Zaiko Kazer,29649679,237,226,Lich,Light,0,0,ab5b87afe7d1d53f8a61b85e0c0d0e8d_7206469080400ed57a5373d0a9c55c59fc0.jpg?1786788434,Diamond,48,0,DRK
Tisha Adori,32551351,238,227,Zodiark,Light,0,0,a1f13f2decf7933275b7ce63051dc06f_c274370774c6bc3483cc8740805f41bcfc0.jpg?1786789942,Diamond,35,0,BLM
Dopa Mine,44403027,239,228,Phantom,Chaos,0,0,8d27501fd3361cf138655132263db4b5_f0a43d6e5eea19af337a176e9836acddfc0.jpg?1786789611,Diamond,30,0,AST
Doctor Zoidberg,9214410,240,0,Cerberus,Chaos,0,0,40bc630c90e57d0ca265dd7fc809d5c8_777c57311d510ca65dac3c1077dee435fc0.jpg?1786788193,Diamond,14,11,PLD
Roomi Mae,47248743,241,229,Raiden,Light,0,0,770a624522dc3f95ef75247a554dceb7_a370664d98f658f4ed4e620f378f73cdfc0.jpg?1786788832,Diamond,5,0,FSH
Crystalia Aguilau'ra,51094995,242,230,Phantom,Chaos,0,0,e8e576c74bb3b06299949b7258aa8c6b_f0a43d6e5eea19af337a176e9836acddfc0.jpg?1786788931,Diamond,311,8,UNK
Ryssrael Niunaglwyn,33315027,243,242,Omega,Chaos,0,0,33b521784d0398ac0bb6736f1c6d0a15_39e25ac3d737c46452305eefe324372cfc0.jpg?1786787223,Diamond,193,14,WAR
Cleave Swayne,32152099,244,265,Spriggan,Chaos,0,0,6e24d9e414ab0c7f3318dd753ec84764_feaf0a2e88ff164813fbc9b85876fa48fc0.jpg?1786790026,Diamond,140,11,DRK
Riku Yamamoto,50962515,245,232,Raiden,Light,0,0,2737e3393944ab82a3eec48071df16a8_a370664d98f658f4ed4e620f378f73cdfc0.jpg?1786790129,Diamond,115,0,DRK
Aru Chiikawa,53173199,246,233,Raiden,Light,0,0,e04a223356da8c93c18581feda55b5bf_a370664d98f658f4ed4e620f378f73cdfc0.jpg?1786789329,Diamond,93,3,SMN
Ye Jin,49057312,247,234,Alpha,Light,0,0,c230435310db6e112e461dbdcafe4cf0_6132295fcf5570fb8b0a944ef322a598fc0.jpg?1786790580,Diamond,79,0,UNK
Airi Rhitik,2286171,248,235,Moogle,Chaos,0,0,0e7c747879926e0f575c8444323c478f_d7a9d5f85a29d6278ec1c7adc2c8d242fc0.jpg?1786787170,Diamond,76,7,WHM
Losifara Murubra,60831841,249,0,Spriggan,Chaos,0,0,8213c4db91e45c0cc6a39282273c0a37_feaf0a2e88ff164813fbc9b85876fa48fc0.jpg?1786790502,Diamond,74,9,DNC
Core Flare,44609138,250,237,Raiden,Light,0,0,4d277108d876101c6b97212a26f6bc97_a370664d98f658f4ed4e620f378f73cdfc0.jpg?1786787947,Diamond,52,0,MNK
Monoplof Stormbringer,25662739,251,238,Raiden,Light,0,0,8d6ac074a075b30c794a796a54a7b6dc_a370664d98f658f4ed4e620f378f73cdfc0.jpg?1786789306,Diamond,42,0,WAR
Red Fluffy,41965323,252,261,Shiva,Light,0,0,6e4c702e77f55eff42d4c42a07f242db_3fbff0e6b620e4d259dc427abc6574dafc0.jpg?1786789269,Diamond,20,6,SGE
Yamakaji Edo'sen,22194618,253,240,Moogle,Chaos,0,0,d7972041e4c6c98f2e38ec21d2bc56c2_d7a9d5f85a29d6278ec1c7adc2c8d242fc0.jpg?1786788359,Diamond,8,0,UNK
Remy Galleu,52837552,254,241,Alpha,Light,0,0,1c98cde60dda0890554eff5601f7b441_6132295fcf5570fb8b0a944ef322a598fc0.jpg?1786787866,Diamond,7,0,UNK
Rem Minase,15335467,255,243,Ragnarok,Chaos,0,0,6f4b9532213e5ed122fcac3e5c3b4cc5_40d57ba713628f3f1ef5ef204b6d76d2fc0.jpg?1786790191,Diamond,155,8,SMN
Alice Kittimo,34781171,256,244,Cerberus,Chaos,0,0,ec971a9e6eba1c32ecd2e88bec8f2c49_777c57311d510ca65dac3c1077dee435fc0.jpg?1786788778,Diamond,70,0,WHM
Vincent God,14069867,257,245,Phoenix,Light,0,0,7d8e17eab1b900c1741204dbf199eb48_5047bc596a4bab2dc7f7c120bb22dec5fc0.jpg?1786790452,Diamond,68,0,CUL
Mizu Shimizu,41402391,258,246,Twintania,Light,0,0,b745f1d87ccd905d96d6b6ca49092222_c33f640c0cdd35f7def85b8aa31a0007fc0.jpg?1786788620,Diamond,58,0,UNK
Queenie Skyfrost,34868775,259,247,Odin,Light,0,0,4c0182a4bd02a557a3e29b795c1e0b9c_644311b63b607133c989d7c1188467dafc0.jpg?1786789789,Diamond,53,0,SMN
Lolarita Rorry,39677497,260,248,Odin,Light,0,0,3c990f7c55a34985fb496735b20a6b10_644311b63b607133c989d7c1188467dafc0.jpg?1786787705,Diamond,46,0,DNC
Shiva Dorys,36432577,261,249,Phoenix,Light,0,0,df6ee6331f96148f2b97966d8a3e2a5a_5047bc596a4bab2dc7f7c120bb22dec5fc0.jpg?1786788297,Diamond,44,0,WHM
Smoothie Sour,42056621,262,250,Zodiark,Light,0,0,247388cdfc4db1451cf9df83cce7b3a1_c274370774c6bc3483cc8740805f41bcfc0.jpg?1786789856,Diamond,43,0,WAR
Feru Gray,23862847,263,251,Phoenix,Light,0,0,92d6f7ccce171db148f573ffecc8e15d_5047bc596a4bab2dc7f7c120bb22dec5fc0.jpg?1786788186,Diamond,42,0,AST
Mirajane Hylian,24248886,264,252,Omega,Chaos,0,0,32bbb40f8ae6e32a1317f2919c7a1a42_39e25ac3d737c46452305eefe324372cfc0.jpg?1786790504,Diamond,7,0,MNK
Naja Hena,47023573,265,253,Phantom,Chaos,0,0,b5a2b24e4a5514b38ac2cb02bb3fdd7f_f0a43d6e5eea19af337a176e9836acddfc0.jpg?1786788677,Diamond,4,0,NIN
Eeva Lightwood,34867115,266,254,Phoenix,Light,0,0,029a994eac70f6897fab7cb241b4204b_5047bc596a4bab2dc7f7c120bb22dec5fc0.jpg?1786788805,Diamond,107,6,NIN
Charon Tesar,2860491,267,255,Shiva,Light,0,0,71fb4ffe6d15608a77682afdbdef53d7_3fbff0e6b620e4d259dc427abc6574dafc0.jpg?1786789058,Diamond,98,4,FSH
Hope Carmine,31931991,268,257,Odin,Light,0,0,4d5e5c176cb534aaf44e67236bf6c171_644311b63b607133c989d7c1188467dafc0.jpg?1786790276,Diamond,63,1,RDM
Uraraka Lunae,19968499,269,258,Louisoix,Chaos,0,0,87178981b631653f4905b195c6c49583_0a122616f3718d3f45cab10fd8fc1604fc0.jpg?1786790552,Diamond,38,0,DRK
Catlisaie Leveilleur,38928587,270,259,Sagittarius,Chaos,0,0,b49cedcc9313e5b78f3c3e17f3a3b68c_44ca0844398b2d010d8cd4a31ddb023dfc0.jpg?1786787237,Diamond,19,0,WHM
Brindacier Alomon,26055030,271,260,Phoenix,Light,0,0,fbefc8262b34e93b398aa2dde0c2e4b8_5047bc596a4bab2dc7f7c120bb22dec5fc0.jpg?1786787344,Diamond,15,0,DRK
Endorel Soro,12949151,272,262,Alpha,Light,0,0,038b9a835f84a3b80a8a467605d3dd8c_6132295fcf5570fb8b0a944ef322a598fc0.jpg?1786788140,Diamond,10,0,UNK
Taivas L'tulta,46948666,272,262,Odin,Light,0,0,30ba088e17b99c9f748bd47b4ff33fb4_644311b63b607133c989d7c1188467dafc0.jpg?1786789274,Diamond,10,0,SCH
Astral Highwind,29689702,274,264,Omega,Chaos,0,0,97af63b900951c4e5b86b87e21f0d233_39e25ac3d737c46452305eefe324372cfc0.jpg?1786790224,Diamond,3,0,AST
Merily Marlin,52216084,275,266,Louisoix,Chaos,0,0,1b485637d5f1df89d363a45b95cba49c_0a122616f3718d3f45cab10fd8fc1604fc0.jpg?1786789774,Diamond,83,0,PLD
Rinne Arryn,28659392,276,267,Lich,Light,0,0,ccaa6881b10221d6509a436bc761d3c5_7206469080400ed57a5373d0a9c55c59fc0.jpg?1786789479,Diamond,65,0,UNK
Dessy Moonwalker,30980737,277,268,Zodiark,Light,0,0,e34bce9409ca557af54cb198e3aec31b_c274370774c6bc3483cc8740805f41bcfc0.jpg?1786787956,Diamond,43,0,FSH
Matthew Farron,46382254,278,269,Raiden,Light,0,0,8a0cac368a690f9e4989035a34aafa37_a370664d98f658f4ed4e620f378f73cdfc0.jpg?1786788514,Diamond,32,0,PLD
Mestari Kalastaja,38441307,279,270,Omega,Chaos,0,0,52dc7dc38ddeaaedbae9f2b43a6ca546_39e25ac3d737c46452305eefe324372cfc0.jpg?1786789702,Diamond,17,0,WHM
Izuma Knox,48747330,280,271,Spriggan,Chaos,0,0,e4ecfd700fe3f6df45f6409e46a09d8b_feaf0a2e88ff164813fbc9b85876fa48fc0.jpg?1786787247,Diamond,9,0,SCH
Wept Sama,51306317,281,272,Louisoix,Chaos,0,0,26258172f2f7d8adbd729f60cdc1b12d_0a122616f3718d3f45cab10fd8fc1604fc0.jpg?1786787574,Diamond,7,0,SAM
Altrios Alrun,37280856,282,273,Odin,Light,0,0,eed006603ff3859a7471671dcb9c221c_644311b63b607133c989d7c1188467dafc0.jpg?1786788581,Diamond,3,0,GNB
Manji Haq,30381529,283,274,Shiva,Light,0,0,1840291846e97e46d3053d2cb9351608_3fbff0e6b620e4d259dc427abc6574dafc0.jpg?1786789680,Diamond,119,12,MCH
Jalsket Pirated,40728416,284,275,Zodiark,Light,0,0,18ffb968d4a5a0c03d5e251516a2c3aa_c274370774c6bc3483cc8740805f41bcfc0.jpg?1786789759,Diamond,112,7,NIN
Gradivica Sieglinde,43339481,285,0,Omega,Chaos,0,0,9bc326097f18271c87730299219db5db_39e25ac3d737c46452305eefe324372cfc0.jpg?1786787553,Diamond,97,16,DRG
K'too Cr'too,41878191,286,276,Raiden,Light,0,0,819cffdba090932f449a2600b7201615_a370664d98f658f4ed4e620f378f73cdfc0.jpg?1786789475,Diamond,89,0,NIN
Medicine Melancholy,25525676,287,278,Raiden,Light,0,0,8a3aaef7e82e665cdb12f15457700593_a370664d98f658f4ed4e620f378f73cdfc0.jpg?1786787066,Diamond,46,0,RDM
Jektiss Shishiza,28449147,288,279,Odin,Light,0,0,ba4e836ce41c5f87fc85491f43336934_644311b63b607133c989d7c1188467dafc0.jpg?1786790192,Diamond,42,0,BLM
Alex Bean,24788739,289,280,Zodiark,Light,0,0,6aa5d269d2362413ba9a055f7c8f6704_c274370774c6bc3483cc8740805f41bcfc0.jpg?1786789883,Diamond,41,0,SCH
Arenne Cine,24108313,290,0,Zodiark,Light,0,0,b2833a2b4e618072a6309f375128e34b_c274370774c6bc3483cc8740805f41bcfc0.jpg?1786788087,Diamond,31,12,MCH
Ossim Numine,26339671,291,281,Spriggan,Chaos,0,0,c5d164dd5b0090daf2749023d8296214_feaf0a2e88ff164813fbc9b85876fa48fc0.jpg?1786789519,Diamond,26,0,DRK
Certin Ferocia,26600453,292,285,Spriggan,Chaos,0,0,528919b4d45df00513ad6c80440fc2f4_feaf0a2e88ff164813fbc9b85876fa48fc0.jpg?1786787860,Diamond,6,4,WHM
Ny Aa,49048302,293,282,Zodiark,Light,0,0,a75fda4dbe97ffbaf98a55c7ea86fa64_c274370774c6bc3483cc8740805f41bcfc0.jpg?1786790611,Diamond,4,0,RDM
Snow Wishzz,8043778,293,282,Cerberus,Chaos,0,0,e964018fc04a5d599aaff395d6f7d33d_777c57311d510ca65dac3c1077dee435fc0.jpg?1786787728,Diamond,4,0,SAM
Maru Tani,58799026,295,284,Alpha,Light,0,0,b632027978294d1f77f2347d48fc3704_6132295fcf5570fb8b0a944ef322a598fc0.jpg?1786790109,Diamond,3,0,SMN
Luna Everlight,11876492,296,285,Phantom,Chaos,0,0,87daed323422dd94882b0079ba9f6b3d_f0a43d6e5eea19af337a176e9836acddfc0.jpg?1786787942,Diamond,2,0,RDM
Slayn Lockmeier,43624360,296,285,Ragnarok,Chaos,0,0,6e8ed130575c22a15b32af255b35348b_40d57ba713628f3f1ef5ef204b6d76d2fc0.jpg?1786788917,Diamond,2,0,PCT
Xayah Highwind,30034741,296,285,Twintania,Light,0,0,4630d9647d6a9f9bc77297c5ac1fcdf8_c33f640c0cdd35f7def85b8aa31a0007fc0.jpg?1786787635,Diamond,2,0,GNB
Fay Fury,13801627,299,289,Alpha,Light,0,0,c8bf2d24d3b66a91e8891eb6b4043bd8_6132295fcf5570fb8b0a944ef322a598fc0.jpg?1786789724,Diamond,95,0,UNK
Yuno Aiko,41057734,300,0,Zodiark,Light,0,0,1857c02309b39202502cb14a787bf0b4_c274370774c6bc3483cc8740805f41bcfc0.jpg?1786789576,Diamond,80,13,DNC
K' R',8489348,1,2,Chocobo,Mana,3197,289,38834b79bf39846f80b605b4a592c2eb_781d6b3603312f6be41670afa37282e0fc0.jpg?1786787960,Omega,105,10,AST
Yurugi Koyurugi,29769522,2,3,Belias,Meteor,3177,285,ce65dfc48d522a7a126208d94cdc2852_894c4bd0beab2e2beb44b74f4c4bd206fc0.jpg?1786789191,Omega,70,7,CUL
Sensei Jyutusi,20995129,3,1,Chocobo,Mana,3134,198,218ddf1e9e095da9f0b9d5866f9f2d80_781d6b3603312f6be41670afa37282e0fc0.jpg?1786789787,Omega,115,2,WHM
Dome Violet,45179152,4,47,Masamune,Mana,2718,783,a95c15ebd393e5497d6641d375ec02b1_134930215abb8a90ec37d6cc05b05e08fc0.jpg?1786788425,Omega,146,11,BRD
Happo Hapo,59173770,5,4,Pandaemonium,Mana,2679,0,8d06d5697fa5f35516e08e77ecb4eff8_470db1bf2e865f9130531fea40b61ee4fc0.jpg?1786787041,Omega,36,0,VPR
Paker Zuka,35106373,6,9,Bahamut,Gaia,2618,195,1dfba22310e23cd21bd3a7481bf928e1_86da943caa70c8694707ab2ff74e68c9fc0.jpg?1786789934,Omega,78,2,UNK
Jay Eins,3930926,7,5,Chocobo,Mana,2499,0,31d212c5602873cad51c02ca3a1707f4_781d6b3603312f6be41670afa37282e0fc0.jpg?1786789684,Omega,66,0,PCT
Aizen Sosuke,46625154,8,6,Asura,Mana,2486,0,084fe9c7ee753ba32657d9e49b4edde5_53f1445a9f28799a32ea55f046319fc3fc0.jpg?1786787762,Omega,107,0,UNK
Vivi Ann,4766157,9,7,Kujata,Elemental,2475,0,9543e197b2faf03aa21058f9deedc408_72c48f093f2278ac3243962d3eb6a8d7fc0.jpg?1786790379,Omega,79,14,AST
Ciel Cocco,27192023,10,8,Anima,Mana,2470,0,05df3829299dc9e3c4ba0bceb512525a_2f698530a28d671d20278c8518c804c9fc0.jpg?1786790078,Omega,96,7,RPR
Makina Belg,23683223,11,12,Belias,Meteor,2431,90,ffed281791b6f91e5a2000e4917cfeeb_894c4bd0beab2e2beb44b74f4c4bd206fc0.jpg?1786789686,Omega,138,9,MNK
Wonton Starlight,27496660,12,36,Chocobo,Mana,2370,298,8d6c3f0a6f695cdc94b9234b6c28be22_781d6b3603312f6be41670afa37282e0fc0.jpg?1786789643,Omega,167,3,AST
Atsu Bow,47953241,13,10,Mandragora,Meteor,2370,0,a397b9893231105b4549ed9a8721c60a_ee738654add55c3d07ea92d8e108074cfc0.jpg?1786788734,Omega,145,6,DRG
Taroe Kobuta,8734523,14,11,Kujata,Elemental,2367,0,821347c202f7d7d6b676bd393bcdfdae_72c48f093f2278ac3243962d3eb6a8d7fc0.jpg?1786788710,Omega,219,26,RPR
Tsuchi Tsuki,39089046,15,0,Bahamut,Gaia,2366,100,032858264c706c6341f57dbef9e86da1_86da943caa70c8694707ab2ff74e68c9fc0.jpg?1786789932,Omega,43,1,DRK
Snow Albarn,25263326,16,13,Fenrir,Gaia,2336,0,fa179c06d46acce251bb94d22a05e931_d384cf5ad7db803f29799f36ebbc3eadfc0.jpg?1786787282,Omega,87,12,MNK
Basta Reno,31797927,17,14,Carbuncle,Elemental,2305,0,22b32c1986bb9c2732e5f877f7cbdbd6_9eb3c19866f7ae0eeeffac7bf770aba5fc0.jpg?1786789461,Omega,64,1,DRK
Robs Wiz,47501636,18,23,Aegis,Elemental,2297,196,24b0e4e155ae76da2a553003980ac156_3ea38e723c590aabf186367e1eb7e6a1fc0.jpg?1786788759,Omega,160,5,DRG
Zsika Mu',18898369,19,20,Ridill,Gaia,2297,101,ed7f8569bf4537dfd9f2ea953ad59e8a_138751880f18161a907d7cf0faa43f07fc0.jpg?1786789170,Omega,54,1,UNK
Kuno Cadenzavnaeve,42178142,20,16,Ifrit,Gaia,2260,0,85baa25ca299e93ef56226f40814f03b_f9f796348bc43067c7242ec4551cde69fc0.jpg?1786787270,Omega,84,0,PLD
Imlink Rr,46726473,21,17,Bahamut,Gaia,2245,0,6c9ffcd32b7d78e8b7e09c63d130ef2a_86da943caa70c8694707ab2ff74e68c9fc0.jpg?1786789275,Omega,180,7,MCH
Velvet Shilky,15655369,22,39,Anima,Mana,2244,198,988a0ec11e3b6bbbfc5478b0eab4b03f_2f698530a28d671d20278c8518c804c9fc0.jpg?1786789114,Omega,171,6,PLD
Death-by Glamour,50007656,23,18,Fenrir,Gaia,2236,0,73746aab8b21d5917fab43f4db6f35aa_d384cf5ad7db803f29799f36ebbc3eadfc0.jpg?1786787778,Omega,56,0,UNK
Kappi Scarlet,11922639,24,19,Asura,Mana,2221,0,820f32c739a02029fdacf6c96cbf1fa4_53f1445a9f28799a32ea55f046319fc3fc0.jpg?1786790144,Omega,105,0,DRG
Bakeke Bake,40527195,25,45,Asura,Mana,2203,196,2df47416611081755cf9e0cd7c586afa_53f1445a9f28799a32ea55f046319fc3fc0.jpg?1786787292,Omega,91,4,MCH
Tarex Youva,26374295,26,21,Tonberry,Elemental,2154,0,7dad78de32b2e7e31077d03f095a81ac_7bb6b1e488f0e4f01c5314d010b60f31fc0.jpg?1786787234,Omega,149,1,PLD
Sorin Maki,53900927,27,38,Durandal,Gaia,2154,99,b0d4570e39585eb6b5ba7458ff8781a7_806ea5b45071d5cd6bf393e38462ee71fc0.jpg?1786787066,Omega,88,4,SAM
Lan Dame-celot,31839759,28,22,Ifrit,Gaia,2140,0,c278e5b98fa396fbc950aeafdb5aaee8_f9f796348bc43067c7242ec4551cde69fc0.jpg?1786789311,Omega,53,0,PLD
Shiman Chu,38475144,29,24,Yojimbo,Meteor,2092,0,4cb93a24c937da83418345140d361e9b_4a92c619bde4f34cfa77e05fef21ad85fc0.jpg?1786788630,Omega,57,0,GNB
Rein Asshe,17170082,30,46,Ultima,Gaia,2092,697,f9ab83c24ecb748f4dad2b1415364524_9df1b3cb0da35db33c17ef11ddf12adafc0.jpg?1786787766,Omega,33,8,NIN
Flavia Saurva,29364722,31,25,Chocobo,Mana,2089,0,4a9b8d9e5f338a0c28625b5656567941_781d6b3603312f6be41670afa37282e0fc0.jpg?1786790136,Omega,52,0,RPR
Yuki Macaron-vanille,37997737,32,26,Ridill,Gaia,2087,0,87df14febf49ad8a24a323b239fb3250_138751880f18161a907d7cf0faa43f07fc0.jpg?1786787315,Omega,66,0,RDM
Kikiru Kiru,32877503,33,27,Pandaemonium,Mana,2086,0,e7b80247dc6473f7ec0cd4127f78efb3_470db1bf2e865f9130531fea40b61ee4fc0.jpg?1786790505,Omega,35,0,RDM
Avail Tec,46450631,34,28,Garuda,Elemental,2085,0,174c8b1a79d654754078bef6b8c51067_fcb1f5b0249d1069e5bdc66d0796f26afc0.jpg?1786788375,Omega,78,0,SAM
Ardbert Hylfyst,31584604,35,78,Belias,Meteor,2085,484,964952d6da8636ab55a5b87a925f0d4c_894c4bd0beab2e2beb44b74f4c4bd206fc0.jpg?1786790440,Omega,31,14,UNK
Rya Myosotisy,44244496,36,29,Asura,Mana,2084,0,d39af5863481d80b66f4fe05bf80d003_53f1445a9f28799a32ea55f046319fc3fc0.jpg?1786787862,Omega,106,0,MNK
Kite Free,28865954,37,30,Kujata,Elemental,2083,0,b602646591e3d050094503c65590ee4c_72c48f093f2278ac3243962d3eb6a8d7fc0.jpg?1786790314,Omega,26,0,DRK
Ura Ururu,59087727,38,31,Chocobo,Mana,2080,0,cbc6fb7e99cc3d57226a4684079c139c_781d6b3603312f6be41670afa37282e0fc0.jpg?1786789002,Omega,40,0,BRD
Muri Puri,48472062,39,32,Ramuh,Meteor,2080,0,fcc01230b112ceb73d1f33197394d5c6_410ddb5a66a2fcacf538bec5ea5d0291fc0.jpg?1786788593,Omega,32,0,SAM
Hatozo Ito,39455624,40,33,Typhon,Elemental,2077,0,a2de1cbebb1230e8f11f0fa765df7d0f_32d8c9c7cd5f62d62da2d31b6750a680fc0.jpg?1786789031,Omega,26,0,RDM
Fania Eckert,2837251,41,34,Titan,Mana,2076,0,7177d6fdd5036eebc72834f8376cd1cf_e2bb3f9679fec6d4836fcf8abcc3eeacfc0.jpg?1786788778,Omega,180,0,PCT
Shion Amber,26147773,42,35,Unicorn,Meteor,2075,0,e2ecf01d14ce449e8393bc3f5dfc57f4_393eb74047bb90c8d80dea54218430eefc0.jpg?1786787548,Omega,32,0,WAR
Merry Scrald,11886780,43,37,Belias,Meteor,2069,0,7bfbd82582fd003bc514339935d874a7_894c4bd0beab2e2beb44b74f4c4bd206fc0.jpg?1786789726,Omega,44,0,AST
Sukoya Mihirogi,42042279,44,120,Anima,Mana,2050,682,58dacb01c0c75e38125f892840beb026_2f698530a28d671d20278c8518c804c9fc0.jpg?1786789960,Omega,131,14,DRG
Ciao' Chu-ru,46227731,45,40,Asura,Mana,2042,0,4407462a62eb8cb31cec691e9f214c86_53f1445a9f28799a32ea55f046319fc3fc0.jpg?1786790573,Omega,62,0,UNK
Sidurgu Obsidian,17768556,46,41,Garuda,Elemental,2040,0,19277f9e0fcd9432fb16b0e1cbad47a7_fcb1f5b0249d1069e5bdc66d0796f26afc0.jpg?1786787987,Omega,82,0,AST
Creya Oaks,20662074,47,42,Tonberry,Elemental,2037,0,0fb57385ff1c90e3ea26edc53722b78c_7bb6b1e488f0e4f01c5314d010b60f31fc0.jpg?1786787797,Omega,156,0,BRD
Emil Sarasun,7191072,48,43,Asura,Mana,2035,0,052a2527c0dee23533f8162c40d66898_53f1445a9f28799a32ea55f046319fc3fc0.jpg?1786789592,Omega,69,0,PLD
Sakura Nemutai,55109399,49,56,Titan,Mana,2021,202,efa9ef6672998c8a9c860e5e104d6b3e_e2bb3f9679fec6d4836fcf8abcc3eeacfc0.jpg?1786787520,Omega,128,5,SGE
Devil May'cry,43140387,50,44,Chocobo,Mana,2015,0,bc38e75d4332eb0a661f158200cedb80_781d6b3603312f6be41670afa37282e0fc0.jpg?1786789554,Omega,44,0,UNK
Holala Vvn,53437527,51,48,Durandal,Gaia,2008,97,60894d30cd8e7f556c8f877555a9e623_806ea5b45071d5cd6bf393e38462ee71fc0.jpg?1786790509,Omega,56,6,UNK
Ajika Rajika,6811285,52,49,Tiamat,Gaia,1916,0,97621d00c96124d00a3c01cec2dde5f8_9f10d335198e90990f3437c5733468e7fc0.jpg?1786790298,Crystal,94,0,UNK
Wuruwuru Yaya,19903532,53,50,Asura,Mana,1904,0,c4dcc6326814217e41a2636e5dd8eea3_53f1445a9f28799a32ea55f046319fc3fc0.jpg?1786790599,Crystal,94,0,NIN
Tango Ngo,47753273,54,51,Alexander,Gaia,1885,0,c8ff6406f324ec51842e0a491ba1e4fa_b7a71d8799cf6dd75b711a7f52de6675fc0.jpg?1786790175,Crystal,118,0,VPR
Inx Chrono,21920611,55,52,Yojimbo,Meteor,1875,0,83c01df24231dda93176c28e69768459_4a92c619bde4f34cfa77e05fef21ad85fc0.jpg?1786789457,Crystal,119,18,MCH
Sha Moji,19121169,56,67,Carbuncle,Elemental,1875,200,eb82915777eea0c952b2885bf59641d9_9eb3c19866f7ae0eeeffac7bf770aba5fc0.jpg?1786787344,Crystal,115,16,MCH
Djinn Piston,44999217,57,53,Durandal,Gaia,1873,0,f34e66517ae3b26262c9b4f09835c5a0_806ea5b45071d5cd6bf393e38462ee71fc0.jpg?1786789606,Crystal,27,0,MNK
Aman Kaharmine,37434311,58,54,Belias,Meteor,1869,0,7fa9aa672753e286a5710cf338755727_894c4bd0beab2e2beb44b74f4c4bd206fc0.jpg?1786789874,Crystal,224,9,UNK
Coffee Mint,29415966,59,55,Titan,Mana,1828,0,e5a147803c62c81952bc0c786dcfc3cb_e2bb3f9679fec6d4836fcf8abcc3eeacfc0.jpg?1786790230,Crystal,547,12,SMN
Black' Cat,27132360,60,57,Ifrit,Gaia,1800,0,25f0dd65be1cf71e9e26e0bcc0dc271f_f9f796348bc43067c7242ec4551cde69fc0.jpg?1786790439,Crystal,60,5,DRK
Fukino- Tou,41897292,61,58,Atomos,Elemental,1795,0,00e4fa0363ae4aa7ef50ce8aa15dbd81_cf768a751b1f5e355c2fd39a9ed91f3ffc0.jpg?1786788420,Crystal,80,3,MCH
Furanzeska Sumeragi,8414050,62,65,Tonberry,Elemental,1779,78,7300d72d23103eb5494b3e21bf99b3b6_7bb6b1e488f0e4f01c5314d010b60f31fc0.jpg?1786788743,Crystal,65,2,RDM
Lucy Tave,5530448,63,59,Durandal,Gaia,1774,0,fd7ea485d2ba7644c76c49d7b00fce24_806ea5b45071d5cd6bf393e38462ee71fc0.jpg?1786787824,Crystal,354,26,WAR
Dee Jack,60388425,64,119,Ifrit,Gaia,1762,393,a2c1d34590941ade3ad6e25cd2926cb5_f9f796348bc43067c7242ec4551cde69fc0.jpg?1786787842,Crystal,107,21,SAM
Yuuki Swallowtail,32886185,65,60,Kujata,Elemental,1714,0,712840b89db68c0862aff570eefb28c6_72c48f093f2278ac3243962d3eb6a8d7fc0.jpg?1786787183,Crystal,78,5,BRD
Rex Cold,46340519,66,61,Bahamut,Gaia,1709,0,5a590acfa6bbe6cddd1eb5143c7070f2_86da943caa70c8694707ab2ff74e68c9fc0.jpg?1786787879,Crystal,55,0,UNK
Lain Wired,1578110,67,62,Chocobo,Mana,1708,0,51b29015827612eb3c28c2c8dd0f43ef_781d6b3603312f6be41670afa37282e0fc0.jpg?1786790297,Crystal,102,17,SGE
Orpheus Jongleur,3414846,68,63,Bahamut,Gaia,1702,0,091f84408fe996c55b0d18af8fc1d9d6_86da943caa70c8694707ab2ff74e68c9fc0.jpg?1786789075,Crystal,64,0,BRD
Aurora Duskveil,14659861,69,64,Carbuncle,Elemental,1701,0,8d51113f06ccc3227a4928f8ab5ddee6_9eb3c19866f7ae0eeeffac7bf770aba5fc0.jpg?1786788858,Crystal,74,7,SMN
Ml Tei,47822875,70,66,Alexander,Gaia,1695,0,259bd72e639c252e3e6ab819661c07a6_b7a71d8799cf6dd75b711a7f52de6675fc0.jpg?1786787340,Crystal,24,0,BRD
Suteiki Niku,21443132,71,228,Ixion,Mana,1687,781,2f186f805d4bb29abd9458d61593b81a_7126768d768f6c6c7fed3eaee98c3a8afc0.jpg?1786789202,Crystal,144,11,BLM
Mao Caprice,32793338,72,68,Titan,Mana,1675,0,101c8c73de660221dc8ad95fafa4ad3c_e2bb3f9679fec6d4836fcf8abcc3eeacfc0.jpg?1786790343,Crystal,77,0,MNK
Aurelia Stratosfera,26527089,73,69,Unicorn,Meteor,1675,0,0ed689683555a9555b96a5599288d4a1_393eb74047bb90c8d80dea54218430eefc0.jpg?1786787471,Crystal,64,0,SAM
Wabi Suke,1601102,74,70,Asura,Mana,1674,0,355b0ae1cb512875c96e88afa06d36a7_53f1445a9f28799a32ea55f046319fc3fc0.jpg?1786787355,Crystal,252,24,NIN
Moi Pomme,56383677,75,71,Anima,Mana,1667,0,df195b6c463065fc5c6cf34724d6875c_2f698530a28d671d20278c8518c804c9fc0.jpg?1786790426,Crystal,54,0,RPR
Xignas Schwalbe,2577287,76,72,Anima,Mana,1663,0,726f737868161a35f25fb4e06bccf08e_2f698530a28d671d20278c8518c804c9fc0.jpg?1786787684,Crystal,145,3,PLD
Yuki Yui,25457703,77,73,Ultima,Gaia,1622,0,53e27d2153b5d4878ef23b1326589ff5_9df1b3cb0da35db33c17ef11ddf12adafc0.jpg?1786789897,Crystal,103,0,UNK
Jawa San,3768644,78,79,Titan,Mana,1616,16,6dc7f48778a077c0339870e942a79f2e_e2bb3f9679fec6d4836fcf8abcc3eeacfc0.jpg?1786789742,Crystal,71,8,NIN
Kawlo Wilhelm,53079906,79,74,Ixion,Mana,1610,0,c9dcb47fbd9f0b8b6bf1b3ac91b2e802_7126768d768f6c6c7fed3eaee98c3a8afc0.jpg?1786790288,Crystal,28,0,UNK
Scrambledegg Man,49825055,80,75,Atomos,Elemental,1608,0,1299b45b377e351257f93184002c1b42_cf768a751b1f5e355c2fd39a9ed91f3ffc0.jpg?1786787120,Crystal,24,0,GNB
Falaris Whitemoon,39272552,81,76,Carbuncle,Elemental,1602,0,ba7f541c520a57e21fce1321218d73b3_9eb3c19866f7ae0eeeffac7bf770aba5fc0.jpg?1786789736,Crystal,58,0,MNK
Hakuen Sinonome,10757391,82,77,Asura,Mana,1601,0,6660ba18e406e22fbec52d7b8d1ac332_53f1445a9f28799a32ea55f046319fc3fc0.jpg?1786788757,Crystal,19,0,WAR
Aristel Brown,3214595,83,80,Typhon,Elemental,1599,0,edba68904ef1184c5563cdd263603a74_32d8c9c7cd5f62d62da2d31b6750a680fc0.jpg?1786787390,Crystal,320,25,PCT
Roric Thorne,59323169,84,81,Pandaemonium,Mana,1594,0,4ff669632484c5fdf241ea2b9f955435_470db1bf2e865f9130531fea40b61ee4fc0.jpg?1786789910,Crystal,18,0,VPR
Cey Noqed,56239764,85,107,Anima,Mana,1592,197,05a455503c1b9dc0712f50ad519d9d21_2f698530a28d671d20278c8518c804c9fc0.jpg?1786787351,Crystal,68,8,BLM
Fennel Earltea,21886406,86,82,Typhon,Elemental,1591,0,4e8f23f97ca17b02271d5d67829e204d_32d8c9c7cd5f62d62da2d31b6750a680fc0.jpg?1786787337,Crystal,100,0,SMN
Katuo Bushi,48894263,87,83,Garuda,Elemental,1588,0,8b92a347d66765b2b2d24c1ad40d5afa_fcb1f5b0249d1069e5bdc66d0796f26afc0.jpg?1786789055,Crystal,112,5,SAM
Soujirou Seta,4110224,88,84,Tonberry,Elemental,1587,0,7453a7542d76520abe9dd8dcc3572b78_7bb6b1e488f0e4f01c5314d010b60f31fc0.jpg?1786790097,Crystal,84,0,SAM
Meilkea Inori,40934425,89,85,Aegis,Elemental,1586,0,4c256b756b0f4f43b209ec71728dc0e2_3ea38e723c590aabf186367e1eb7e6a1fc0.jpg?1786787117,Crystal,226,7,UNK
Douglas Ward,32519646,90,86,Asura,Mana,1573,0,5902010d301aa95176126fcdef0dc7c7_53f1445a9f28799a32ea55f046319fc3fc0.jpg?1786787174,Crystal,211,44,SCH
Honey Cat,51251838,91,87,Ultima,Gaia,1565,0,c89504a579493fe83a6003536b5fcfdf_9df1b3cb0da35db33c17ef11ddf12adafc0.jpg?1786789036,Crystal,122,0,MCH
Korone Yubi,38334943,92,98,Yojimbo,Meteor,1565,99,f96e46a75ff8692aefd4bf0841f4e177_4a92c619bde4f34cfa77e05fef21ad85fc0.jpg?1786787247,Crystal,96,1,RDM
Ruru Rururun,41786182,93,118,Ifrit,Gaia,1527,153,3fd0ff0d0e58f6a761a54eebd33b7bc6_f9f796348bc43067c7242ec4551cde69fc0.jpg?1786789590,Crystal,211,4,UNK
Kine Uffelmann,20050491,94,88,Kujata,Elemental,1515,0,3411a0b34b7e20b7f4516cd81c87ae01_72c48f093f2278ac3243962d3eb6a8d7fc0.jpg?1786789561,Crystal,87,6,WAR
Aruku Babyun,7383311,95,143,Unicorn,Meteor,1509,295,c2fa4e98c1f4638d053218fa4c127b4c_393eb74047bb90c8d80dea54218430eefc0.jpg?1786788781,Crystal,146,11,DRK
Notttz Imbrium,50270248,96,89,Titan,Mana,1509,0,58a87ecc9a18820b07646a481a8154a4_e2bb3f9679fec6d4836fcf8abcc3eeacfc0.jpg?1786788747,Crystal,50,0,MIN
Lily Skywaker,6792620,97,90,Ixion,Mana,1503,0,2a199e9346f375c2f2e814be59d0cf09_7126768d768f6c6c7fed3eaee98c3a8afc0.jpg?1786787668,Crystal,119,3,VPR
Comachi Dj,13425678,98,91,Hades,Mana,1503,0,4983bf5b31ed2764865b5fd4a01a64a5_a4730651230dd43cb129562a30d531aefc0.jpg?1786789971,Crystal,111,0,NIN
Nacreous Snowmelt,55586649,99,92,Asura,Mana,1500,0,2927bf8e620ad06dc8e1e74d7e3c071f_53f1445a9f28799a32ea55f046319fc3fc0.jpg?1786788833,Crystal,23,0,NIN
Mialulu Sabotage,33714151,100,93,Tiamat,Gaia,1495,0,ed107570ce5fd9ee695034c45ef4d395_9f10d335198e90990f3437c5733468e7fc0.jpg?1786790445,Crystal,36,1,PLD
Boku Hide,61259881,101,94,Chocobo,Mana,1490,0,2405cc4b75108a1384180ce7bafc3b98_781d6b3603312f6be41670afa37282e0fc0.jpg?1786790613,Crystal,58,0,UNK
Tamago Crab,1576417,102,95,Chocobo,Mana,1489,0,0bce11216fe6e4e1cecfe7c969a1460f_781d6b3603312f6be41670afa37282e0fc0.jpg?1786789084,Crystal,30,0,MNK
Happy Gigapanda,29631468,103,96,Belias,Meteor,1488,0,d689aa402e0869833ed03b58aa3396a8_894c4bd0beab2e2beb44b74f4c4bd206fc0.jpg?1786790186,Crystal,107,0,PLD
Hina Narumi,36489169,104,97,Masamune,Mana,1472,0,b92b3bffbe6d8e1f5f53a1f3735c1387_134930215abb8a90ec37d6cc05b05e08fc0.jpg?1786789949,Crystal,39,0,NIN
Aslan Miller,42003071,105,165,Ixion,Mana,1463,363,091d6880c471f9f4c412b704f952af81_7126768d768f6c6c7fed3eaee98c3a8afc0.jpg?1786789851,Crystal,82,26,PLD
Aries San,12460047,106,99,Tiamat,Gaia,1462,0,00a39e6a3c0cb6e9529ffdf15a10dadb_9f10d335198e90990f3437c5733468e7fc0.jpg?1786790000,Crystal,75,0,PCT
Akatuki Re,22410327,107,100,Carbuncle,Elemental,1459,0,b3e601fbc493d7bc642faec11f3c05fb_9eb3c19866f7ae0eeeffac7bf770aba5fc0.jpg?1786789998,Crystal,57,0,SCH
Tige Noir,13429005,108,101,Ridill,Gaia,1432,0,92cf71f8edc971b0656a49db62280b09_138751880f18161a907d7cf0faa43f07fc0.jpg?1786790543,Crystal,151,0,DNC
Deisia Touna,31397456,109,126,Mandragora,Meteor,1415,99,f9bdcbbd105a361017ee7dd26bde2ea6_ee738654add55c3d07ea92d8e108074cfc0.jpg?1786787782,Crystal,128,24,MCH
Diao Tiandi,56776774,110,102,Ixion,Mana,1408,0,d3f8787a245e6cabd6ee8065c6eeefb5_7126768d768f6c6c7fed3eaee98c3a8afc0.jpg?1786790413,Crystal,62,2,SCH
Yoruki Hiroran,56925172,111,0,Typhon,Elemental,1406,1112,68df19c82415e8fed5592345fb9acbd3_32d8c9c7cd5f62d62da2d31b6750a680fc0.jpg?1786789881,Crystal,34,16,SGE
Nao Fu,41247403,112,103,Shinryu,Meteor,1402,0,cfc231e11fac22b1fb8d9d27cee48586_87b7d447f40b06dfc7228caf195f7dcffc0.jpg?1786790513,Crystal,50,7,AST
Laru Gucchi,4772544,113,104,Durandal,Gaia,1397,0,766e8af080f3aa6e38ee510dee4807b8_806ea5b45071d5cd6bf393e38462ee71fc0.jpg?1786787894,Crystal,27,0,AST
Aeritte Ravel,41831914,114,105,Carbuncle,Elemental,1396,0,56a646fd4b2eb086bf8c9d712567e62f_9eb3c19866f7ae0eeeffac7bf770aba5fc0.jpg?1786788631,Crystal,95,0,SCH
Shamia Lafihna,19352479,115,106,Hades,Mana,1396,0,d0039c35e86ce2926331c5c708ef39f6_a4730651230dd43cb129562a30d531aefc0.jpg?1786788348,Crystal,52,0,VPR
Yi Xiangfeng,57320880,116,108,Titan,Mana,1394,0,a98e604367a6e3fd017185877e3a9227_e2bb3f9679fec6d4836fcf8abcc3eeacfc0.jpg?1786789950,Crystal,31,0,MNK
Evariste Galois,58660135,117,109,Chocobo,Mana,1392,0,7f835ad51f7703d8c7d073fc750b8987_781d6b3603312f6be41670afa37282e0fc0.jpg?1786789614,Crystal,72,0,UNK
Okome Justice,58734775,118,110,Durandal,Gaia,1392,0,3589d26a22faffebd4c39812822aab8a_806ea5b45071d5cd6bf393e38462ee71fc0.jpg?1786788113,Crystal,34,0,WAR
Kaede Felis,33728274,119,111,Typhon,Elemental,1388,0,40686a32bf2ab631ff7e7677fc614cb3_32d8c9c7cd5f62d62da2d31b6750a680fc0.jpg?1786789914,Crystal,91,16,DRG
Avaron Ninesisters,1584314,120,164,Tiamat,Gaia,1387,273,5c1970240f5e1f80ffabdd3988080f5e_9f10d335198e90990f3437c5733468e7fc0.jpg?1786788959,Crystal,121,16,WHM
Mily Sara,23911809,121,112,Aegis,Elemental,1385,0,19086b376708852503d1ac9c2b293b8c_3ea38e723c590aabf186367e1eb7e6a1fc0.jpg?1786789770,Crystal,125,0,SGE
Sana Papa,44925625,122,113,Ramuh,Meteor,1384,0,6a2d4e251458356b738142d6b0653c03_410ddb5a66a2fcacf538bec5ea5d0291fc0.jpg?1786790221,Crystal,40,0,MCH
Dodopita Pittan,3558680,123,114,Tiamat,Gaia,1383,0,0c4178029dae08c0fcbe267d46034e76_9f10d335198e90990f3437c5733468e7fc0.jpg?1786788656,Crystal,44,8,SAM
San Sowa,35604125,124,115,Ridill,Gaia,1379,0,c5fbf3709fd6b4c8fba74f67e0820609_138751880f18161a907d7cf0faa43f07fc0.jpg?1786789937,Crystal,161,0,UNK
Seraki Matsushima,43566777,125,116,Ixion,Mana,1378,0,1e4675de3ee8e4d8e053dede59297104_7126768d768f6c6c7fed3eaee98c3a8afc0.jpg?1786789269,Crystal,34,0,PLD
Piccolo Saaaaann,23336998,126,127,Asura,Mana,1377,63,efa27fc6ea5fa0a09f429159c3346a0f_53f1445a9f28799a32ea55f046319fc3fc0.jpg?1786788991,Crystal,157,27,SAM
Beatrice Rosenkreuz,31285042,127,117,Tiamat,Gaia,1377,0,1972bc9fb243d5cb03ad68af2779564d_9f10d335198e90990f3437c5733468e7fc0.jpg?1786790559,Crystal,39,0,DRG
U-ta Rona,33778140,128,180,Ifrit,Gaia,1371,297,5364399662a84913de2dc736c1cdcfc6_f9f796348bc43067c7242ec4551cde69fc0.jpg?1786790334,Crystal,48,8,AST
Shi Syou,5023543,129,121,Atomos,Elemental,1364,0,d930c67636980aa5cc10bd814bdc2dbd_cf768a751b1f5e355c2fd39a9ed91f3ffc0.jpg?1786788286,Crystal,76,13,MCH
Hateful Past,26237856,130,122,Asura,Mana,1359,0,ed0c8f5d7b00b4c718fd834e96efdd7e_53f1445a9f28799a32ea55f046319fc3fc0.jpg?1786789618,Crystal,54,0,DNC
Rariboy Xx,4660025,131,123,Garuda,Elemental,1356,0,80b036f210d47467413b630ce1537551_fcb1f5b0249d1069e5bdc66d0796f26afc0.jpg?1786787754,Crystal,60,0,WAR
Karma Strife,3816037,132,124,Chocobo,Mana,1325,0,7a25293b17ff84c0c64a519d1fc09720_781d6b3603312f6be41670afa37282e0fc0.jpg?1786788597,Crystal,82,1,MNK
Erik Bural,20508529,133,125,Hades,Mana,1316,0,2ca5bed0ca0e49f68c7ca14062e0bacc_a4730651230dd43cb129562a30d531aefc0.jpg?1786788338,Crystal,232,23,SCH
Ichigo Jasmine,57027122,134,128,Shinryu,Meteor,1309,0,17fae3561e1e77d262d93652dbd0bdc4_87b7d447f40b06dfc7228caf195f7dcffc0.jpg?1786788801,Crystal,33,0,SMN
Akki Noc,2298162,135,129,Alexander,Gaia,1305,0,4a145f36c7316e0d32845d32af5e92bd_b7a71d8799cf6dd75b711a7f52de6675fc0.jpg?1786787931,Crystal,62,0,SGE
Maru Fleur,39475833,136,130,Hades,Mana,1304,0,7a1bf315cc0f4ac30d41db1ed80d9048_a4730651230dd43cb129562a30d531aefc0.jpg?1786787839,Crystal,73,15,BRD
Nov Noa,56271994,137,150,Tiamat,Gaia,1295,99,0711a53e252756264a473f2b53d53cad_9f10d335198e90990f3437c5733468e7fc0.jpg?1786788287,Crystal,24,2,SGE
Tam Sin,26754914,138,131,Ultima,Gaia,1293,0,4e875947aa4b95d1be857096f32d4ae8_9df1b3cb0da35db33c17ef11ddf12adafc0.jpg?1786789997,Crystal,43,0,SAM
Shinra Arasaka,24734269,139,132,Tiamat,Gaia,1293,0,2d735fa31b5cfcc7eabaae1839d0b731_9f10d335198e90990f3437c5733468e7fc0.jpg?1786789550,Crystal,36,0,SGE
Momo Hito,39797602,140,133,Yojimbo,Meteor,1292,0,8d799e9e2471cc9ce1eb0d9ee9e83ee6_4a92c619bde4f34cfa77e05fef21ad85fc0.jpg?1786790226,Crystal,58,3,DNC
Yan Yan,3182501,141,204,Alexander,Gaia,1292,299,5cd079575de2bd01f87a188c93738695_b7a71d8799cf6dd75b711a7f52de6675fc0.jpg?1786790371,Crystal,46,8,NIN
Nana Degu,42551273,142,134,Asura,Mana,1292,0,f0ca36e4824faa31992738bb368e803c_53f1445a9f28799a32ea55f046319fc3fc0.jpg?1786790201,Crystal,33,0,DRG
Neku Xyst,23660389,143,135,Ifrit,Gaia,1289,0,fb1f5fe2519e579c50b2b5aa89992706_f9f796348bc43067c7242ec4551cde69fc0.jpg?1786789685,Crystal,41,0,VPR
Kana Drouv,37418772,144,172,Mandragora,Meteor,1289,199,556bea70c6c70acf776be4041d191d92_ee738654add55c3d07ea92d8e108074cfc0.jpg?1786789389,Crystal,20,3,NIN
Gobou Mekara,16295932,145,136,Chocobo,Mana,1288,0,b0b05a15f0e0132f73d76efb146bb255_781d6b3603312f6be41670afa37282e0fc0.jpg?1786788314,Crystal,84,0,PLD
Syake Dog-nyan,1616788,146,137,Bahamut,Gaia,1287,0,39b434160e1c215835c854cb7a564018_86da943caa70c8694707ab2ff74e68c9fc0.jpg?1786789876,Crystal,51,7,SGE
Zwei Kreuz,14516450,147,138,Bahamut,Gaia,1287,0,367ea315b18ce50bb6f34a9ea77f3222_86da943caa70c8694707ab2ff74e68c9fc0.jpg?1786790080,Crystal,27,0,UNK
Lhei Tayun,55776060,148,139,Chocobo,Mana,1286,0,d1e1c509f0fac227ceada972ddb424d4_781d6b3603312f6be41670afa37282e0fc0.jpg?1786787634,Crystal,35,0,BLM
Oriental Art,1070191,149,140,Chocobo,Mana,1284,0,d31830cb71830b425529f231f39e776b_781d6b3603312f6be41670afa37282e0fc0.jpg?1786790268,Crystal,212,8,DRG
Lala Ruru,23370112,150,155,Hades,Mana,1276,89,52987a3ea9f860f9522e49f36a51fcdf_a4730651230dd43cb129562a30d531aefc0.jpg?1786790569,Crystal,127,15,WHM
Crystalline Conflict,56094564,151,141,Kujata,Elemental,1276,0,dcae5be360cd5ac359780dd998fbbf57_72c48f093f2278ac3243962d3eb6a8d7fc0.jpg?1786790031,Crystal,64,15,UNK
Endless Summer,36558820,152,188,Tiamat,Gaia,1224,221,0079a66433e68b1f473c7487944a4d3d_9f10d335198e90990f3437c5733468e7fc0.jpg?1786790404,Crystal,110,10,PCT
Chrono Meter,4807361,153,0,Zeromus,Meteor,1221,918,b74f258cbaba5cb680ca0095a0758cbb_c76848359d0b4d2f37aefbb9903ed97bfc0.jpg?1786788968,Crystal,202,29,UNK
Hoshino Ai,47933529,154,142,Titan,Mana,1220,0,82bad71f761726aa0a737f36447d9f50_e2bb3f9679fec6d4836fcf8abcc3eeacfc0.jpg?1786787637,Crystal,33,0,MNK
Walter Winston,3431710,155,224,Fenrir,Gaia,1216,298,bee8390354426d2c1d42d687a0de29d5_d384cf5ad7db803f29799f36ebbc3eadfc0.jpg?1786788673,Crystal,57,4,WAR
Envy Lua,43034484,156,144,Valefor,Meteor,1212,0,e7cd2d55788c0aa6cbc5b71284096360_485f4777c38002871591fb54f27edc65fc0.jpg?1786788152,Crystal,51,0,AST
Khelby Trickster,1496735,157,145,Gungnir,Elemental,1210,0,fde8b59fda65550661c58e15a9026a06_8f82f937943b6baf4c565020d5eba0ccfc0.jpg?1786787654,Crystal,49,0,PLD
Odwit Vendisch,42078574,158,146,Aegis,Elemental,1209,0,16b22e919d37aaeda97dfa361cf8659d_3ea38e723c590aabf186367e1eb7e6a1fc0.jpg?1786789637,Crystal,203,0,UNK
Iz Levmel,17594950,159,187,Garuda,Elemental,1208,204,9e457ec4068931e92288544db8499aae_fcb1f5b0249d1069e5bdc66d0796f26afc0.jpg?1786789565,Crystal,79,17,BLM
Kim Shin,2354630,160,0,Masamune,Mana,1204,0,9d6bba308f1c44ad24883a9717b4d480_134930215abb8a90ec37d6cc05b05e08fc0.jpg?1786787559,Crystal,23,0,DRK
Ririca Rica,22451341,161,147,Valefor,Meteor,1202,0,b82d75152d14ebf44db2622ef433b4f4_485f4777c38002871591fb54f27edc65fc0.jpg?1786788084,Crystal,141,15,RPR
Cardinal Shiten,32020696,162,148,Asura,Mana,1199,0,22c6fdca1c107eb07233d098b04cf126_53f1445a9f28799a32ea55f046319fc3fc0.jpg?1786789983,Crystal,100,0,SAM
Chisato Laetitia,56099994,163,166,Bahamut,Gaia,1196,98,1ba731eb7e63c6a087133132bbb51418_86da943caa70c8694707ab2ff74e68c9fc0.jpg?1786789105,Crystal,75,13,UNK
Yo Na,52935364,164,149,Fenrir,Gaia,1196,0,2517fd5dbad75617e546949761815db9_d384cf5ad7db803f29799f36ebbc3eadfc0.jpg?1786788303,Crystal,54,0,NIN
Nemu Nenemu,58833619,165,151,Anima,Mana,1195,0,4cdac6083f665767750f3c7804d18a24_2f698530a28d671d20278c8518c804c9fc0.jpg?1786790044,Crystal,70,0,RDM
Fall Leaves,22881570,166,152,Masamune,Mana,1192,0,23540a672824a88d3fc727e33d7f3254_134930215abb8a90ec37d6cc05b05e08fc0.jpg?1786789856,Crystal,98,8,NIN
Ursula Hackenschmidt,42648090,167,153,Fenrir,Gaia,1191,0,a665d50be7723b1660e54e045bb7a2fe_d384cf5ad7db803f29799f36ebbc3eadfc0.jpg?1786790315,Crystal,17,0,PLD
Mitui Aset,29908583,168,154,Zeromus,Meteor,1190,0,03c5c419a0ed40508b02b7656c3bc1e1_c76848359d0b4d2f37aefbb9903ed97bfc0.jpg?1786788275,Crystal,270,16,NIN
Luna Nana,41082381,169,156,Typhon,Elemental,1187,0,35d0842e516aa886b3d925659c693234_32d8c9c7cd5f62d62da2d31b6750a680fc0.jpg?1786790211,Crystal,101,0,BRD
Kageto Magatsuki,36052369,170,157,Ultima,Gaia,1187,0,c99eebd98f0729313042324985a6fc9a_9df1b3cb0da35db33c17ef11ddf12adafc0.jpg?1786788711,Crystal,35,0,VPR
Takesiba Musasino,29225556,171,158,Durandal,Gaia,1182,0,5cacf8dd1a9dae9427de92b387913396_806ea5b45071d5cd6bf393e38462ee71fc0.jpg?1786789703,Crystal,130,4,NIN
Merlin Emryss,51163079,172,159,Titan,Mana,1182,0,6c3a26e8ea52d6775ebbad30debb56a9_e2bb3f9679fec6d4836fcf8abcc3eeacfc0.jpg?1786789273,Crystal,23,2,BRD
Ui Thrix,39291749,173,160,Chocobo,Mana,1181,0,08b70654c7812f561afc700e0756319a_781d6b3603312f6be41670afa37282e0fc0.jpg?1786789149,Crystal,33,0,AST
Liken Liekun,24806613,174,161,Shinryu,Meteor,1180,3,5aa5d27e0f5d07d19980648d6a9c2ba5_87b7d447f40b06dfc7228caf195f7dcffc0.jpg?1786789667,Crystal,110,9,AST
Monica Bryant,34559458,175,162,Garuda,Elemental,1167,0,40cd2c4ca4c17623d5c27dfb19831017_fcb1f5b0249d1069e5bdc66d0796f26afc0.jpg?1786789410,Crystal,201,10,BLM
Scarlet Liora,50450849,176,284,Ridill,Gaia,1164,370,823b2552238fefce05d1a2e39630911f_138751880f18161a907d7cf0faa43f07fc0.jpg?1786790616,Crystal,61,32,SGE
Hoshikuz Siina,1173407,177,163,Tiamat,Gaia,1115,0,f966bf2277aea0b0af7b96dbbca7abc1_9f10d335198e90990f3437c5733468e7fc0.jpg?1786789354,Crystal,48,0,SAM
Now Tarako,25271680,178,186,Belias,Meteor,1108,100,238a3ddced202809c65eaecd03eda2d1_894c4bd0beab2e2beb44b74f4c4bd206fc0.jpg?1786788916,Crystal,45,1,DRG
Pokeball Bahamut,42274942,179,167,Valefor,Meteor,1096,0,fdf4bab958d2fbf65e0c07739622a1f7_485f4777c38002871591fb54f27edc65fc0.jpg?1786788792,Crystal,353,43,MCH
He Ro,57048881,180,168,Ultima,Gaia,1096,0,1988e9fc4df817df742388c245715b40_9df1b3cb0da35db33c17ef11ddf12adafc0.jpg?1786789080,Crystal,324,22,UNK
Unchou Kan,1575311,181,169,Aegis,Elemental,1096,0,43eef415e4c92f6ff93b1d4dae6b7ab8_3ea38e723c590aabf186367e1eb7e6a1fc0.jpg?1786789505,Crystal,14,0,GNB
Lucy Fortress,40591757,182,170,Yojimbo,Meteor,1095,0,6a8471ce8f811950fa73ff799371ba9d_4a92c619bde4f34cfa77e05fef21ad85fc0.jpg?1786788138,Crystal,90,0,UNK
Momochi Thunder,9048595,183,203,Bahamut,Gaia,1094,100,3ce0fcc40e818a0d134a6c043d2c09f5_86da943caa70c8694707ab2ff74e68c9fc0.jpg?1786787184,Crystal,36,1,PLD
Haine Balantin,25261749,184,171,Ifrit,Gaia,1093,0,95d742d2775dc4ae64696462b68ee21f_f9f796348bc43067c7242ec4551cde69fc0.jpg?1786790474,Crystal,97,0,WAR
Gogant Gogant,24052697,185,296,Atomos,Elemental,1090,302,9b2637d94cc0b341ddad961722026fdf_cf768a751b1f5e355c2fd39a9ed91f3ffc0.jpg?1786789102,Crystal,75,11,VPR
Tomako Nanakusa,28099035,186,173,Alexander,Gaia,1088,0,33c328cb042802fb4ddc287b21165e26_b7a71d8799cf6dd75b711a7f52de6675fc0.jpg?1786788699,Crystal,142,25,MCH
Chiaki Nanami,43953309,187,175,Titan,Mana,1088,1,82751b490967f6572406e72b39592925_e2bb3f9679fec6d4836fcf8abcc3eeacfc0.jpg?1786788829,Crystal,18,1,VPR
Kur Age,27916663,188,174,Ifrit,Gaia,1087,0,b6c15539902ac3615580d0c358a2ce3a_f9f796348bc43067c7242ec4551cde69fc0.jpg?1786788008,Crystal,23,0,SGE
Dion Magnus,1559686,189,176,Durandal,Gaia,1086,0,91593ad4939f54221e1d28f542192cc4_806ea5b45071d5cd6bf393e38462ee71fc0.jpg?1786787395,Crystal,74,0,DRG
Ezorisu Kawaii,51560730,190,213,Titan,Mana,1084,97,7675cffdccbd9f4ab08148da1ec78753_e2bb3f9679fec6d4836fcf8abcc3eeacfc0.jpg?1786787450,Crystal,139,9,UNK
Elisa Wolframite,18964939,191,177,Hades,Mana,1084,0,5582934bb6b94d50874d7d241225aa74_a4730651230dd43cb129562a30d531aefc0.jpg?1786788332,Crystal,94,9,NIN
Mundane Mann,42589754,192,178,Asura,Mana,1082,0,605c543ad4053338807ead77553c263b_53f1445a9f28799a32ea55f046319fc3fc0.jpg?1786789470,Crystal,19,0,SAM
Vir Sanctus,38437893,193,179,Asura,Mana,1079,0,e0afc9c178de541c5ba8a1afafa4bb02_53f1445a9f28799a32ea55f046319fc3fc0.jpg?1786788436,Crystal,38,0,DRG
Lupinus Lily,33777966,194,217,Ultima,Gaia,1076,92,6f019b443ab48375b1bcc5e5aa0debf9_9df1b3cb0da35db33c17ef11ddf12adafc0.jpg?1786788625,Crystal,64,6,GNB
Maplesyrup Hunnyhunt,5036291,195,181,Unicorn,Meteor,1070,0,30c7709ed0a59cb5eb0c9201d62deb82_393eb74047bb90c8d80dea54218430eefc0.jpg?1786787758,Crystal,48,0,MNK
Regret Weise,15486920,196,221,Fenrir,Gaia,1070,101,13172be4a1ad05d87f2b3a6e43f14d31_d384cf5ad7db803f29799f36ebbc3eadfc0.jpg?1786789022,Crystal,43,5,DRK
Zukasa Yatoh,8768354,197,184,Typhon,Elemental,1045,24,4b9242a67c4aa4390facfa8e2028de4b_32d8c9c7cd5f62d62da2d31b6750a680fc0.jpg?1786790099,Crystal,149,9,DRG
Konegai Konegai,3277232,198,182,Masamune,Mana,1026,0,3a445dba3d4d2882c60b55a59669971b_134930215abb8a90ec37d6cc05b05e08fc0.jpg?1786790391,Crystal,69,0,BLM
Lil Latte,55025559,199,0,Anima,Mana,1022,240,2d01c7e9c74b9faebdd6d9ece7c9eb4a_2f698530a28d671d20278c8518c804c9fc0.jpg?1786789686,Crystal,166,32,UNK
Kamio Hoshi,51915197,200,183,Gungnir,Elemental,1021,0,6b5003e9f40b5f1a448a1ba748afc9e5_8f82f937943b6baf4c565020d5eba0ccfc0.jpg?1786788378,Crystal,171,4,MNK
Ryuu Nanmei,51950007,201,185,Alexander,Gaia,1020,0,73df97379b8a82a83c16a8b38c83134e_b7a71d8799cf6dd75b711a7f52de6675fc0.jpg?1786788956,Crystal,149,4,UNK
Kaheo Milde,30278970,202,223,Ultima,Gaia,1016,98,b92bf3d51d1bfabde325071eedf3d3e0_9df1b3cb0da35db33c17ef11ddf12adafc0.jpg?1786789337,Crystal,103,3,VPR
Super Gal,52139020,203,198,Bahamut,Gaia,1004,8,2a20ce1a576737898f3290324b402cd6_86da943caa70c8694707ab2ff74e68c9fc0.jpg?1786788163,Crystal,209,19,RDM
Nicole Alto,29493765,204,189,Masamune,Mana,1003,0,a2498d373544544a03c04cf423aad336_134930215abb8a90ec37d6cc05b05e08fc0.jpg?1786788313,Crystal,38,0,UNK
Tomomomo Momomo,25830708,205,0,Ramuh,Meteor,1003,409,d1b6359fffbcc60e8bddc1120dc05d55_410ddb5a66a2fcacf538bec5ea5d0291fc0.jpg?1786787914,Crystal,22,11,DNC
Errer Errant,28706539,206,190,Asura,Mana,1003,0,14833bd371ac70e05cffe6a03634bb61_53f1445a9f28799a32ea55f046319fc3fc0.jpg?1786790136,Crystal,11,0,MCH
Zill Eleutheria,29923965,207,191,Zeromus,Meteor,1001,0,a65d1152cafb72e2a518225f9347a73f_c76848359d0b4d2f37aefbb9903ed97bfc0.jpg?1786790094,Crystal,91,0,SCH
Chanel-lonua Vuarnet,14003613,208,192,Unicorn,Meteor,1001,0,233358d5fdef79b0bdd20cbf96f5d3a1_393eb74047bb90c8d80dea54218430eefc0.jpg?1786787802,Crystal,69,0,RDM
Raiden Thorne,60267443,209,193,Tiamat,Gaia,1001,0,d973da1a88fef8b53bb1c5cad4ee7a1f_9f10d335198e90990f3437c5733468e7fc0.jpg?1786787424,Crystal,33,0,MNK
Sead Slendisch,27788989,210,194,Asura,Mana,1000,0,c9bd1276c77cf644ce955ce68575aa37_53f1445a9f28799a32ea55f046319fc3fc0.jpg?1786788834,Crystal,60,7,SGE
Iroha Date,6961136,211,0,Aegis,Elemental,999,597,554b38366a6696fd4ca04583ad727660_3ea38e723c590aabf186367e1eb7e6a1fc0.jpg?1786788623,Crystal,75,14,SCH
Mashumaro Tsurugi,50222807,212,195,Durandal,Gaia,999,0,31fd330df465ff1080752e19d6bc9eb7_806ea5b45071d5cd6bf393e38462ee71fc0.jpg?1786787915,Crystal,15,0,MNK
Gelgel Llin,36131481,213,196,Ridill,Gaia,997,0,2a90eea47454447b3ae0d4df4fbfdc5e_138751880f18161a907d7cf0faa43f07fc0.jpg?1786789649,Crystal,45,0,MNK
Bikkuri Donkey,59256942,214,197,Belias,Meteor,997,0,96f62f47670d9d1c85e1a464d6f4da65_894c4bd0beab2e2beb44b74f4c4bd206fc0.jpg?1786788753,Crystal,26,0,PCT
Planet Exploration,30755276,215,199,Ixion,Mana,995,0,b2df099dea56680a53bbc8588e28444f_7126768d768f6c6c7fed3eaee98c3a8afc0.jpg?1786790235,Crystal,49,0,PLD
Kirad Tia,52085181,216,200,Fenrir,Gaia,994,0,d3f59510dedf1f64397d736361862a6d_d384cf5ad7db803f29799f36ebbc3eadfc0.jpg?1786787797,Crystal,132,0,AST
Zitnn Alexand,10097624,217,202,Belias,Meteor,994,0,9ba803d5e4d6d11746adc55721fd0c6e_894c4bd0beab2e2beb44b74f4c4bd206fc0.jpg?1786787295,Crystal,53,11,NIN
Momojiri Kakure,18051279,218,201,Anima,Mana,994,0,17f5cab570f2898b55037a8db7b1c871_2f698530a28d671d20278c8518c804c9fc0.jpg?1786789726,Crystal,48,0,RDM
Teka Etoile,25627481,219,205,Durandal,Gaia,992,0,20c4e02c3b7c11c6ceb68582c409ceb9_806ea5b45071d5cd6bf393e38462ee71fc0.jpg?1786787768,Crystal,100,1,SAM
Mar Lenka,41124823,220,206,Titan,Mana,991,0,17ded7cc07efaeffdb7d5035983dc7e4_e2bb3f9679fec6d4836fcf8abcc3eeacfc0.jpg?1786787592,Crystal,52,1,UNK
Lazuli Wing,40955023,221,207,Asura,Mana,991,0,9a25b0d5f7c6a97caeb2e0047aaeded8_53f1445a9f28799a32ea55f046319fc3fc0.jpg?1786790060,Crystal,18,0,UNK
M'imawari Akhita,45963674,222,208,Ixion,Mana,990,0,0fbed422b8a4192861c7db4580ff2a3d_7126768d768f6c6c7fed3eaee98c3a8afc0.jpg?1786788473,Crystal,71,18,SAM
Elu Acknowless,58699844,223,209,Mandragora,Meteor,989,0,60c2649fe79faac79d3e7ac948084121_ee738654add55c3d07ea92d8e108074cfc0.jpg?1786787941,Crystal,193,9,RDM
Momikucha Ocojo,51451812,224,210,Ixion,Mana,989,0,52ebf8cad8e1a025e1469ada4534a0f2_7126768d768f6c6c7fed3eaee98c3a8afc0.jpg?1786788860,Crystal,63,4,UNK
Hattori Kaze,57332259,225,211,Alexander,Gaia,989,0,2ec48d7f5caadae4f62dc2d1cdc75610_b7a71d8799cf6dd75b711a7f52de6675fc0.jpg?1786788581,Crystal,22,0,UNK
Inu- Pe-,42153397,226,212,Anima,Mana,988,0,40c3101dfff66955ad4d9b06fda6e3a8_2f698530a28d671d20278c8518c804c9fc0.jpg?1786789610,Crystal,125,23,GNB
Brie Eilwenys,56321107,227,214,Kujata,Elemental,987,0,0f703ad8635efd214c6e20d8d730abb0_72c48f093f2278ac3243962d3eb6a8d7fc0.jpg?1786789844,Crystal,73,0,SGE
Minato Haruka,57459700,228,215,Asura,Mana,986,0,5f7508268722022e26bb9950825f7dea_53f1445a9f28799a32ea55f046319fc3fc0.jpg?1786788869,Crystal,43,4,DRG
Yulia Argyll,12282717,229,216,Ixion,Mana,985,0,9e8379380afef978f6888a4261fde3da_7126768d768f6c6c7fed3eaee98c3a8afc0.jpg?1786787912,Crystal,148,0,AST
Zero No'name,24180515,230,218,Titan,Mana,984,0,3f2ec2a99605ed4d05ef0e5bc0f3b8d4_e2bb3f9679fec6d4836fcf8abcc3eeacfc0.jpg?1786789961,Crystal,35,0,VPR
Sylvandre Valenholt,43771964,231,219,Kujata,Elemental,983,0,944d1322d9f84d9f44c76549c8fdca79_72c48f093f2278ac3243962d3eb6a8d7fc0.jpg?1786790519,Crystal,139,18,GNB
Azuma Seren,26759645,232,220,Pandaemonium,Mana,977,0,a4c01bac3729f4096c6bba2011b6431e_470db1bf2e865f9130531fea40b61ee4fc0.jpg?1786788413,Crystal,48,0,BRD
Rip Rill,726210,233,222,Gungnir,Elemental,923,0,1ed2cf8fd8dc78c1ec061d9bb9c45462_8f82f937943b6baf4c565020d5eba0ccfc0.jpg?1786789592,Crystal,120,0,WHM
Choi Choi,21476713,234,269,Ridill,Gaia,917,121,eb5761358ba215960780a48c39d26cbf_138751880f18161a907d7cf0faa43f07fc0.jpg?1786789141,Crystal,141,21,VPR
Revi Kola,39228750,235,225,Ultima,Gaia,914,0,385da10c7487a4af698c3fe738df5488_9df1b3cb0da35db33c17ef11ddf12adafc0.jpg?1786790083,Crystal,73,0,WAR
Nagisa Ronie,13153895,236,226,Valefor,Meteor,914,0,3873a6871eabe50155d9e95b98a66906_485f4777c38002871591fb54f27edc65fc0.jpg?1786788751,Crystal,51,5,VPR
Azunyan Suta,3609752,237,258,Kujata,Elemental,911,99,6eb87d1db5778a022b84283d0be6d5af_72c48f093f2278ac3243962d3eb6a8d7fc0.jpg?1786789405,Crystal,66,3,WAR
Seiran Kinu,21860725,238,227,Garuda,Elemental,909,0,9f56e5ce6724c71b09720cc28df7a0dc_fcb1f5b0249d1069e5bdc66d0796f26afc0.jpg?1786787455,Crystal,11,0,DRK
Lycoris Read,35000546,239,229,Garuda,Elemental,905,0,01b7ec3219b5992bd6418e7f58d96f03_fcb1f5b0249d1069e5bdc66d0796f26afc0.jpg?1786789982,Crystal,99,0,WHM
Ritsu Nikuno,23932877,240,230,Alexander,Gaia,905,0,5ce857706fb6e7f76dd30d1ef38e16f7_b7a71d8799cf6dd75b711a7f52de6675fc0.jpg?1786789886,Crystal,13,0,WAR
Sweetbleed Viras,56084804,241,249,Ridill,Gaia,904,17,98404495f2c5b2af87b2eb9ff9b3aaf0_138751880f18161a907d7cf0faa43f07fc0.jpg?1786787098,Crystal,82,14,RPR
Edward Samo,31678496,242,231,Asura,Mana,903,0,f8a852f1de974337bcb13e843be90dad_53f1445a9f28799a32ea55f046319fc3fc0.jpg?1786789710,Crystal,33,3,VPR
Rohesa Morgan,10586618,243,248,Ramuh,Meteor,902,15,1b6623c84e2fcee5c1d726a691ab88ba_410ddb5a66a2fcacf538bec5ea5d0291fc0.jpg?1786788221,Crystal,108,6,ARM
Shiro Yozora,25997255,244,232,Titan,Mana,901,0,4fb271416b8be97cbd977dc4cd9a7c1b_e2bb3f9679fec6d4836fcf8abcc3eeacfc0.jpg?1786790020,Crystal,55,0,BLM
Amaoto Amane,53619927,245,233,Durandal,Gaia,901,0,11fe39a3b3f0f6fd7e6600ee68e590c6_806ea5b45071d5cd6bf393e38462ee71fc0.jpg?1786789899,Crystal,36,0,WHM
White Lycoris,25503606,246,234,Ixion,Mana,900,0,1fd05d6baab5439d2c33292c473844fe_7126768d768f6c6c7fed3eaee98c3a8afc0.jpg?1786789823,Crystal,174,1,SAM
Tatsumi Berserk,19183868,247,235,Ifrit,Gaia,899,0,54a616ddbe0b20dbfc773ec735961a62_f9f796348bc43067c7242ec4551cde69fc0.jpg?1786789669,Crystal,211,0,SGE
Kinq-of- Platinum,48727904,248,270,Gungnir,Elemental,899,99,3c8d43a875a038c5fbf54250da8a5442_8f82f937943b6baf4c565020d5eba0ccfc0.jpg?1786789180,Crystal,57,3,DRG
Amelia Noin,10857008,249,236,Shinryu,Meteor,898,0,e3b9588cb22fca69d27a06b6b3f7f74b_87b7d447f40b06dfc7228caf195f7dcffc0.jpg?1786787084,Crystal,202,9,WHM
Roro Ruru,54598122,250,0,Titan,Mana,898,199,eb3f13253410220e0a01755e072f6ca0_e2bb3f9679fec6d4836fcf8abcc3eeacfc0.jpg?1786789885,Crystal,20,2,SMN
Iyuga Fushimi,32792531,251,237,Mandragora,Meteor,897,0,6ee4fccb5c3189ef27ade8cad61ecbfd_ee738654add55c3d07ea92d8e108074cfc0.jpg?1786789661,Crystal,89,0,AST
Soda Nau,4216535,252,238,Kujata,Elemental,896,0,6347e35ea2258bf08c3db2fef4742728_72c48f093f2278ac3243962d3eb6a8d7fc0.jpg?1786789395,Crystal,98,0,MNK
Aquamarine Freyja,30360317,253,276,Titan,Mana,896,99,0dfd1b818fb45dff90b6c17b14b71318_e2bb3f9679fec6d4836fcf8abcc3eeacfc0.jpg?1786788077,Crystal,20,4,MNK
Shino Sabury,1570016,254,239,Ramuh,Meteor,896,0,554872db6961ea2dde7f5ab823211e5c_410ddb5a66a2fcacf538bec5ea5d0291fc0.jpg?1786789279,Crystal,19,0,VPR
Ame Azarashi,23141823,255,240,Durandal,Gaia,896,0,3169ff74c51973a08f1b5c47026339a9_806ea5b45071d5cd6bf393e38462ee71fc0.jpg?1786790387,Crystal,15,0,GNB
Final Takeshi,56280818,256,0,Ridill,Gaia,895,205,80ac3657109108f25d8d46b65c0d5fb6_138751880f18161a907d7cf0faa43f07fc0.jpg?1786790152,Crystal,54,4,DNC
Nullmayu Alstreim,50689752,257,241,Pandaemonium,Mana,894,0,23191ba285c55eb2dbf258afbacccf4b_470db1bf2e865f9130531fea40b61ee4fc0.jpg?1786789383,Crystal,134,15,WAR
Reeki Veo,17619704,258,0,Tonberry,Elemental,894,299,1c9005e54e77bfe231e5bdebc829854c_7bb6b1e488f0e4f01c5314d010b60f31fc0.jpg?1786789672,Crystal,121,23,BLM
Jaeger Lecoultre,12503010,259,242,Carbuncle,Elemental,894,0,18c881fcad647894e4d32c9bf33662e3_9eb3c19866f7ae0eeeffac7bf770aba5fc0.jpg?1786789816,Crystal,10,0,WAR
Nina Vailu,50599787,260,244,Yojimbo,Meteor,893,0,0a657d81c5b867d2f49d51382bc7b94c_4a92c619bde4f34cfa77e05fef21ad85fc0.jpg?1786790004,Crystal,81,9,DNC
Cait Sith,1574936,261,243,Tiamat,Gaia,893,0,fc4156170aa1fca8004a80238705e5cf_9f10d335198e90990f3437c5733468e7fc0.jpg?1786787098,Crystal,77,0,AST
Nao Silver,7061459,262,245,Ridill,Gaia,893,0,5b47b6dc6257d8717a69638713cf3379_138751880f18161a907d7cf0faa43f07fc0.jpg?1786789667,Crystal,50,0,UNK
Amani Taru,13062779,263,246,Mandragora,Meteor,892,0,37294ee1ef2528b65e45560a5afed880_ee738654add55c3d07ea92d8e108074cfc0.jpg?1786787254,Crystal,15,0,AST
Ardlan Vorlesh,45102526,264,247,Asura,Mana,890,0,04bfc027079d355fc717e8ec9a4b5f9e_53f1445a9f28799a32ea55f046319fc3fc0.jpg?1786790002,Crystal,57,4,DRG
Borte Dotharl,35505954,265,250,Zeromus,Meteor,886,0,e175f0657f3ded77a0e8fde1c1ceeff2_c76848359d0b4d2f37aefbb9903ed97bfc0.jpg?1786789857,Crystal,130,11,BRD
Rebecca Miyamoto,1030969,266,251,Masamune,Mana,886,0,256a66f24613cb496dae31eb2270d226_134930215abb8a90ec37d6cc05b05e08fc0.jpg?1786787252,Crystal,94,0,SAM
Zero Nox,2468417,267,252,Alexander,Gaia,885,0,d402005d8e26ea9d6b72ff80a5a60b9e_b7a71d8799cf6dd75b711a7f52de6675fc0.jpg?1786790255,Crystal,8,0,SCH
Smol Despair,46030499,268,253,Kujata,Elemental,884,0,fa02f92ff876436157f679735d22c53c_72c48f093f2278ac3243962d3eb6a8d7fc0.jpg?1786789649,Crystal,64,8,AST
Umai Okawari,28809423,269,254,Zeromus,Meteor,883,0,603544c81055f8085a950feb781bee2a_c76848359d0b4d2f37aefbb9903ed97bfc0.jpg?1786790580,Crystal,22,0,SCH
Pitty What,32924935,270,255,Durandal,Gaia,880,0,1ca1a6b980542985bc7d7cf818520e1f_806ea5b45071d5cd6bf393e38462ee71fc0.jpg?1786787708,Crystal,41,0,NIN
Aran Tyler,47478713,271,256,Zeromus,Meteor,870,0,601da8267e6037e1adc37928f1ab982b_c76848359d0b4d2f37aefbb9903ed97bfc0.jpg?1786789145,Crystal,55,0,SAM
Ocha Mayo,39740843,272,0,Ixion,Mana,845,93,3701f55ea1acbbf295b1f0e41f4429ed_7126768d768f6c6c7fed3eaee98c3a8afc0.jpg?1786789657,Crystal,88,7,BLM
Stardust Emilia,25988007,273,257,Hades,Mana,827,0,b805b54635a07b2d9710df33b9a946aa_a4730651230dd43cb129562a30d531aefc0.jpg?1786790385,Crystal,54,0,UNK
Nyaruga Kyuruga,4962287,274,259,Atomos,Elemental,811,0,fb555ad539f0f8689a39c65513b388b2_cf768a751b1f5e355c2fd39a9ed91f3ffc0.jpg?1786788853,Crystal,77,0,WAR
Priscus Nox,14520043,275,260,Carbuncle,Elemental,810,0,ab599df2a57275d15bc8674ee2f2ea67_9eb3c19866f7ae0eeeffac7bf770aba5fc0.jpg?1786789360,Crystal,51,0,RDM
Torime Nico,26400369,276,261,Atomos,Elemental,809,0,dbb2fb17c00b9c7a6e6ca0a65c888ac6_cf768a751b1f5e355c2fd39a9ed91f3ffc0.jpg?1786788830,Crystal,56,0,DRG
Lucie Blanc,4813641,277,0,Anima,Mana,809,88,9c05760085153887cf9c52f28861be7c_2f698530a28d671d20278c8518c804c9fc0.jpg?1786789108,Crystal,48,22,VPR
Yu Lluvia,48936263,278,262,Ultima,Gaia,805,0,3a5dd0f5dc6a7ba5985a690e9b6ae465_9df1b3cb0da35db33c17ef11ddf12adafc0.jpg?1786789468,Crystal,96,20,BLM
Tori Momo,47876183,279,0,Unicorn,Meteor,804,101,3672fa98c1d2b3d4855d7f0bdad1caf8_393eb74047bb90c8d80dea54218430eefc0.jpg?1786789073,Crystal,99,14,WHM
Miru Polo,34988923,280,263,Durandal,Gaia,803,0,59d4898ce75bbcb5a6e6e1bd5a42efa5_806ea5b45071d5cd6bf393e38462ee71fc0.jpg?1786789213,Crystal,38,0,AST
Dorebi Sword,22804004,281,264,Zeromus,Meteor,803,0,ed46a02d62fcf8c6d5d80225257e9635_c76848359d0b4d2f37aefbb9903ed97bfc0.jpg?1786788684,Crystal,9,0,PLD
Genki Sunrise,17856651,282,265,Atomos,Elemental,802,0,b84defd5dc50cc992f4745d230a6cddb_cf768a751b1f5e355c2fd39a9ed91f3ffc0.jpg?1786788915,Crystal,87,4,UNK
Flame Lieutenant,27336347,283,266,Carbuncle,Elemental,802,0,d0817be17ae2ce45486a2e26ae5d06d6_9eb3c19866f7ae0eeeffac7bf770aba5fc0.jpg?1786790476,Crystal,68,0,AST
Uta Tubame,12421333,284,267,Zeromus,Meteor,802,0,4c1c1810ab77c61696ca66b0716fd309_c76848359d0b4d2f37aefbb9903ed97bfc0.jpg?1786789924,Crystal,55,2,PCT
Lily Ito,39726026,285,268,Yojimbo,Meteor,801,0,dcb8f97948435043fc4c631f645bfcb3_4a92c619bde4f34cfa77e05fef21ad85fc0.jpg?1786788510,Crystal,47,0,BLM
Rokka Gallete,23609500,286,0,Kujata,Elemental,801,99,6cb05d39414f85c9977ed746371b9289_72c48f093f2278ac3243962d3eb6a8d7fc0.jpg?1786787830,Crystal,11,1,GNB
Hu Chu,30263341,287,271,Tonberry,Elemental,799,0,1101e6802231a590d6e9cd6d77e6116f_7bb6b1e488f0e4f01c5314d010b60f31fc0.jpg?1786787753,Crystal,160,3,UNK
Mio Youmu,57323733,288,272,Ixion,Mana,799,0,9507babebf0a85031aca059da299a6fa_7126768d768f6c6c7fed3eaee98c3a8afc0.jpg?1786789998,Crystal,22,0,SCH
Fio Waldstein,15536952,289,273,Chocobo,Mana,797,0,cad62c88f360d5d6d4f48b42b2e493d0_781d6b3603312f6be41670afa37282e0fc0.jpg?1786787106,Crystal,89,6,DRG
Pero Noir,27109057,290,275,Ultima,Gaia,797,0,889b0b13f93f702d3df91ec97e272102_9df1b3cb0da35db33c17ef11ddf12adafc0.jpg?1786787729,Crystal,28,7,VPR
Yu Haru,31526046,291,274,Hades,Mana,797,0,d1d463d935a459f76da24079cf48b932_a4730651230dd43cb129562a30d531aefc0.jpg?1786788777,Crystal,25,0,UNK
Natsu Dragneel',11165272,292,277,Hades,Mana,796,0,df606d5e7d70292de5ae57a55e18910a_a4730651230dd43cb129562a30d531aefc0.jpg?1786788014,Crystal,242,19,PCT
Mofuta Mofuko,22445943,293,278,Durandal,Gaia,796,0,cfecccb23138c82d54ae523eec712304_806ea5b45071d5cd6bf393e38462ee71fc0.jpg?1786787134,Crystal,76,0,SMN
Yunfu Eraser,34385661,294,279,Ridill,Gaia,796,0,e4240b28448eb337c089ba2c9164a967_138751880f18161a907d7cf0faa43f07fc0.jpg?1786789999,Crystal,38,2,SAM
In Darkness,58974244,295,280,Chocobo,Mana,795,0,d7230442a7c392d7ef8e729a84ab3182_781d6b3603312f6be41670afa37282e0fc0.jpg?1786789694,Crystal,244,14,RPR
Mimi Lilac,34297778,296,281,Chocobo,Mana,795,0,85d714107184fc9726edcd5c95b5aa6e_781d6b3603312f6be41670afa37282e0fc0.jpg?1786789896,Crystal,107,0,UNK
Oracle Trezavejo,15712017,297,282,Bahamut,Gaia,794,0,b4aa7ecb29192073338a2cc53603b062_86da943caa70c8694707ab2ff74e68c9fc0.jpg?1786789072,Crystal,72,3,SMN
Cinzia Castagnone,42223337,298,283,Ultima,Gaia,794,0,f04869081ccf9229ca06746e399b2740_9df1b3cb0da35db33c17ef11ddf12adafc0.jpg?1786789173,Crystal,67,0,AST
Bug Cut,48066025,299,285,Alexander,Gaia,794,0,eb099ae5ed67142ac0888bf755079790_b7a71d8799cf6dd75b711a7f52de6675fc0.jpg?1786790155,Crystal,12,0,BRD
Oto Fille,23303467,300,0,Alexander,Gaia,793,85,6214b825e1ceaec460e508a95aa8b013_b7a71d8799cf6dd75b711a7f52de6675fc0.jpg?1786790279,Crystal,123,3,BLM
Azure Balmung,17864089,1,0,Gilgamesh,Aether,2680,0,5456a33c0abb12eab1bf88281486246e_b937560c841465f7c4bc8eb47ea7948afc0.jpg?1786789629,Omega,54,0,MNK
Miyu Moon,14522179,2,0,Mateus,Crystal,2672,0,3562f4cf44aad7d526acbf8fae3937b0_f0c52cc66e124fc2e641d7c21ab2ce79fc0.jpg?1786790547,Omega,59,0,SAM
Sanahi Keto,57330112,3,0,Hyperion,Primal,2628,0,6531a5f5216bf8e7efcdcf26e24615cb_57ae9ee5592123dd79c8912bf768cf99fc0.jpg?1786787285,Omega,169,19,RPR
Azar Kaveh,16748899,4,0,Mateus,Crystal,2584,0,1d25f3d1883510d8fd010504471516b8_f0c52cc66e124fc2e641d7c21ab2ce79fc0.jpg?1786787306,Omega,264,17,RPR
Pekora Meow,37421725,5,0,Leviathan,Primal,2551,0,dc85502f9baa330d5a15d3c0a6f002a0_a91aae52cff9ef65932db06b150ffd47fc0.jpg?1786789996,Omega,173,0,RDM
Ham Baga,28276994,6,0,Balmung,Crystal,2389,0,80672270fca68b3d3fa2f4c0b220427a_7a573cbc0cda3a3dfc1795cb3d9f7b23fc0.jpg?1786790577,Omega,62,6,SAM
Legendary Ash,10855248,7,0,Faerie,Aether,2337,0,6fd699132806b61c9dcb8613c3ae11a3_0e336ff6ad415f47233f0aaf127feac0fc0.jpg?1786787843,Omega,72,0,RDM
Size Difference,33536390,8,0,Sargatanas,Aether,2271,0,770b5bd32a40e292765490f8e46eaf60_ba22853447012a24cee115315d6a5bebfc0.jpg?1786789542,Omega,178,0,RPR
Vittorio Moretti,61421815,9,0,Diabolos,Crystal,2262,0,8c11f65c791a4f39ba7c716aeb6bc8d9_7b33d33ae3ecb996f778a5f67a6a0af6fc0.jpg?1786787268,Omega,119,0,RPR
Kairi Rune,28236760,10,0,Hyperion,Primal,2069,0,ce129fc5d83b1472a349e0e1053aee02_57ae9ee5592123dd79c8912bf768cf99fc0.jpg?1786788240,Omega,89,25,DRG
Barock Obama,52411158,11,0,Siren,Aether,2054,0,05a5459925b46dd9d074e273b24d5d27_58a84e851e55175d22158ca97af58a1ffc0.jpg?1786787592,Omega,230,5,PLD
Gongsun Qerel,38059779,12,0,Mateus,Crystal,1999,0,015ef2d1ef8f18b0cf7fa0e646fa2d12_f0c52cc66e124fc2e641d7c21ab2ce79fc0.jpg?1786789657,Omega,136,8,VPR
Clara Green,44437004,13,0,Gilgamesh,Aether,1982,0,9fdf7ee98ab3c5eb9220a6d31f045135_b937560c841465f7c4bc8eb47ea7948afc0.jpg?1786788702,Omega,93,0,AST
Tomo Kote,38176817,14,0,Gilgamesh,Aether,1979,0,e5d7502ad7f21874552a4fc21553ee9e_b937560c841465f7c4bc8eb47ea7948afc0.jpg?1786789151,Omega,98,0,MNK
Fye Alanyk,48751064,15,22,Diabolos,Crystal,1958,298,d605d68b88b347dfdb8a9b9e6c3539d6_7b33d33ae3ecb996f778a5f67a6a0af6fc0.jpg?1786787444,Omega,179,7,VPR
Meteor Moon,29693876,16,15,Rafflesia,Dynamis,1942,0,7f262df9422aa27c9dd850d004812561_2783886613347a4db0bed7524de1298ffc0.jpg?1786787951,Omega,186,13,SGE
Terro Beoulve,45682109,17,16,Coeurl,Crystal,1911,0,5c8262e03844a30a89d0d2374247f03c_284358f8eb4efc9095914e46798c6ab3fc0.jpg?1786788785,Omega,89,0,DNC
Sylvie Chan,48678953,18,17,Brynhildr,Crystal,1846,0,14580705b6124b25ef19217300b4891f_d0a0f515a62457570c9b44997063e3c1fc0.jpg?1786787758,Omega,153,25,PLD
Suhr Zarek,8876676,19,18,Balmung,Crystal,1806,0,c09e4087ccb76545f31b81fa5ca01485_7a573cbc0cda3a3dfc1795cb3d9f7b23fc0.jpg?1786787303,Omega,169,16,PLD
Xiao Longbao,31670807,20,19,Excalibur,Primal,1787,0,b9d8562547d5b9d8e86054d9061c6a23_745baffc465480ed372e274d50318290fc0.jpg?1786789883,Omega,101,22,RDM
Sanguinius Smolblood,33489157,21,28,Kraken,Dynamis,1784,199,461663ac9dfac06c5d61bc05d26ae652_049a956dfeb0eb2e19c417a1dde4d680fc0.jpg?1786789502,Omega,93,11,DRK
Show Maker,61843104,22,20,Kraken,Dynamis,1699,0,a2da8d9d3d95080eac0c8ad1975a70ac_049a956dfeb0eb2e19c417a1dde4d680fc0.jpg?1786789045,Omega,107,0,SMN
Marci Meow,54739620,23,21,Balmung,Crystal,1683,0,4ebc98a9ae6cf756ec75bc3db97f87f6_7a573cbc0cda3a3dfc1795cb3d9f7b23fc0.jpg?1786787260,Omega,62,0,DRG
Bepsi Kola,41348459,24,52,Adamantoise,Aether,1616,504,cc3717bc9d9d5c90534918043bb3ba56_1f5fd239b885860b7c2bfc72ad1d97effc0.jpg?1786789805,Omega,77,14,GNB
Kris Lhea,39204335,25,23,Mateus,Crystal,1602,0,982639accd39a2021d8f112bb5e763df_f0c52cc66e124fc2e641d7c21ab2ce79fc0.jpg?1786789150,Omega,59,0,BRD
Cyphos Ultimus,2288366,26,24,Balmung,Crystal,1599,0,b980cc0ff24da63437a59ef78df763c0_7a573cbc0cda3a3dfc1795cb3d9f7b23fc0.jpg?1786788718,Omega,77,9,DRG
Death Reaps,8773483,27,25,Balmung,Crystal,1598,0,265183f487ab7e0a5a5b3128ec29a82a_7a573cbc0cda3a3dfc1795cb3d9f7b23fc0.jpg?1786788205,Omega,117,4,SAM
Rin Ruki,59858100,28,77,Exodus,Primal,1594,693,7ec8676537a0b3fff644be3f10ee7741_0cdf051c93865faa15cbc5cd3d2b69fbfc0.jpg?1786788161,Omega,73,9,UNK
The Feast,46586541,29,26,Behemoth,Primal,1592,0,db9e7409cc816f51307405b49c8b5713_be20385e18333edb329d4574f364a1f0fc0.jpg?1786787676,Omega,71,0,UNK
Saraliah Dawnbringer,21371539,30,27,Coeurl,Crystal,1588,0,6cef2d612818607782b7fbc356526664_284358f8eb4efc9095914e46798c6ab3fc0.jpg?1786789743,Omega,39,0,SAM
Sovereign Phil,14314725,31,42,Goblin,Crystal,1586,198,acf642268567c66b82aaf11114198670_8e81e2940511f7152ba4462fe53e35b8fc0.jpg?1786787175,Omega,31,4,SGE
Mavis Enyo,14769968,32,29,Excalibur,Primal,1578,0,00bced457c7cea8ae968197c61367bed_745baffc465480ed372e274d50318290fc0.jpg?1786789765,Omega,37,0,AST
Lyra Evelyn,52292388,33,30,Lamia,Primal,1577,0,297469abea049ff5cfb98af6fe45176f_4d9be17b5e1edc617052b4dbf4007875fc0.jpg?1786790024,Omega,77,0,BRD
Crow Meow,54328117,34,31,Jenova,Aether,1577,0,7eded062751a7f80f7f3d9fbe0ab8e34_ce736afe35e2ded4e46c4fd0659aef7efc0.jpg?1786787505,Omega,38,0,DRK
Fulheart Grit,38212551,35,32,Balmung,Crystal,1565,0,4a4d99f967c37bf42bd739857921e360_7a573cbc0cda3a3dfc1795cb3d9f7b23fc0.jpg?1786789257,Omega,70,0,WAR
Lucio Harundo,4012099,36,33,Leviathan,Primal,1530,0,d042eff245eaa56c0b6989df68a99564_a91aae52cff9ef65932db06b150ffd47fc0.jpg?1786790215,Omega,217,10,DRK
Momo Meow,50898775,37,34,Siren,Aether,1512,0,6abf63b1f0755aa211bfd1dadc66e3b9_58a84e851e55175d22158ca97af58a1ffc0.jpg?1786788541,Omega,19,0,WHM
Jay Vermillion,20310837,38,35,Adamantoise,Aether,1506,0,ae2f157d9c523947744b038a73f77be6_1f5fd239b885860b7c2bfc72ad1d97effc0.jpg?1786788917,Omega,104,0,SCH
Rae Rea,58956664,39,36,Adamantoise,Aether,1498,0,72766cccd8c79e6afd3055accfc559fa_1f5fd239b885860b7c2bfc72ad1d97effc0.jpg?1786787966,Crystal,24,0,SGE
Lillian Floresca,58646686,40,37,Diabolos,Crystal,1413,0,4855e798f71f9426ff66aa8bcfc65aed_7b33d33ae3ecb996f778a5f67a6a0af6fc0.jpg?1786790582,Crystal,60,0,UNK
Zeta Salazar,44375733,41,54,Midgardsormr,Aether,1405,302,4be3c205f3892cdbc09e8417ad6dbb68_5c8ecfbc673e1287a9b5e85423fe1657fc0.jpg?1786788861,Crystal,148,15,MNK
Merlin Emryss,9605720,42,38,Faerie,Aether,1398,0,87179f28ae17956a4d43567dadf6ea60_0e336ff6ad415f47233f0aaf127feac0fc0.jpg?1786787776,Crystal,108,0,BRD
Fortune Days,44283538,43,39,Zalera,Crystal,1395,0,044cf6044387105edf58d48a910b1ae4_8106f857613f8fb994b0be37b26ff4bafc0.jpg?1786790213,Crystal,44,0,SCH
Gidding Mimid,9835761,44,40,Exodus,Primal,1394,0,97296d489ec3afb5d7c65e3c6fa7fc05_0cdf051c93865faa15cbc5cd3d2b69fbfc0.jpg?1786789594,Crystal,114,5,NIN
Olivia Lugria,15149290,45,41,Sargatanas,Aether,1388,0,c230658574a9dc12a4eb6fae2e16ceb4_ba22853447012a24cee115315d6a5bebfc0.jpg?1786789359,Crystal,205,0,SMN
Micro Uryade,37487800,46,43,Sargatanas,Aether,1320,0,d9df4db31e4d391c99006db3caa4b5f9_ba22853447012a24cee115315d6a5bebfc0.jpg?1786790339,Crystal,137,8,NIN
Myu Meow,9691497,47,44,Leviathan,Primal,1306,0,d925a41776719d761c94e8e32e5e7a0f_a91aae52cff9ef65932db06b150ffd47fc0.jpg?1786788332,Crystal,67,4,MCH
Josh Trigiani,6965228,48,45,Lamia,Primal,1298,0,22f547722b0454bc3b30d7f6a8ac5b0a_4d9be17b5e1edc617052b4dbf4007875fc0.jpg?1786790465,Crystal,39,0,BLM
Kuina Kagetsu,36802695,49,46,Ultros,Primal,1286,0,dd8ffbe11c53ea988c605c9c24157c59_c514cdcdb619439df97d906d4434ccc6fc0.jpg?1786787092,Crystal,86,0,AST
Air Azure,41482862,50,47,Rafflesia,Dynamis,1279,0,a32fc7c37974e2629ce594c455ff54a7_2783886613347a4db0bed7524de1298ffc0.jpg?1786787956,Crystal,61,0,AST
Rubedo Ginshi,15639088,51,48,Lamia,Primal,1263,0,bbc5b3eb96e1a1691fb9abb344fc3217_4d9be17b5e1edc617052b4dbf4007875fc0.jpg?1786789897,Crystal,84,0,DRK
La Bubu,26625120,52,53,Diabolos,Crystal,1207,99,733d34df72366760c6f44581681c9088_7b33d33ae3ecb996f778a5f67a6a0af6fc0.jpg?1786789305,Crystal,36,6,MCH
Navori Valois,48622291,53,64,Adamantoise,Aether,1202,202,4facdc408c9ad771bc52001d3c82fa9f_1f5fd239b885860b7c2bfc72ad1d97effc0.jpg?1786789029,Crystal,57,2,UNK
Nemx Takeuchi,43679010,54,49,Excalibur,Primal,1191,0,14abc372f60fdda90f30d64457c232b3_745baffc465480ed372e274d50318290fc0.jpg?1786787424,Crystal,11,0,RDM
P'roto Idola,35374628,55,79,Brynhildr,Crystal,1189,295,a91ad9e8c6c6ddb0905cd9aa6cede8e3_d0a0f515a62457570c9b44997063e3c1fc0.jpg?1786787781,Crystal,66,9,WAR
Big Three,47754584,56,83,Zalera,Crystal,1183,298,ef1725c11b5e975338a0b9d2fccdabfe_8106f857613f8fb994b0be37b26ff4bafc0.jpg?1786788931,Crystal,56,3,WAR
Hrothmar Blackburns,28757856,57,50,Adamantoise,Aether,1118,0,ba6405bac0d5b1fb489962984f0d9fb9_1f5fd239b885860b7c2bfc72ad1d97effc0.jpg?1786788439,Crystal,187,0,BLM
Pvp Badboy,38919488,58,51,Sargatanas,Aether,1116,0,8833f678967938d2e79b8d993021ce3f_ba22853447012a24cee115315d6a5bebfc0.jpg?1786790403,Crystal,87,3,NIN
Deadrise Mutambo,49340180,59,55,Diabolos,Crystal,1101,0,05829ade005fe971a894d48d18963c4f_7b33d33ae3ecb996f778a5f67a6a0af6fc0.jpg?1786787990,Crystal,58,0,DRG
Bisukito Neko,32261082,60,56,Zalera,Crystal,1097,0,3462c7ee2de7556ca86498dc5214a7fb_8106f857613f8fb994b0be37b26ff4bafc0.jpg?1786790403,Crystal,42,0,UNK
Ahri Meow,42604315,61,57,Leviathan,Primal,1089,0,99498e3de5cc49aacddccc855d4ee19d_a91aae52cff9ef65932db06b150ffd47fc0.jpg?1786787484,Crystal,43,0,RDM
Kylis Pendragon,36050245,62,92,Balmung,Crystal,1083,378,6d0f4e4d3e36c9a4dd7fccd76f9effc3_7a573cbc0cda3a3dfc1795cb3d9f7b23fc0.jpg?1786789025,Crystal,185,11,BRD
Ninety-nine Agility,43878532,63,58,Famfrit,Primal,1078,0,07309ebd18b321f5df47f9ab79049d40_fce4949e615393e574f2d57134b31fc1fc0.jpg?1786790643,Crystal,23,0,DNC
Aibertain Mando,32541700,64,59,Jenova,Aether,1076,0,8dec967ad48c9a703018a7445740a7f3_ce736afe35e2ded4e46c4fd0659aef7efc0.jpg?1786788572,Crystal,163,16,MCH
Doomballoon Dapingus,19169037,65,60,Diabolos,Crystal,1017,0,e43cef91ca38a14de0e5bea2295ba9c0_7b33d33ae3ecb996f778a5f67a6a0af6fc0.jpg?1786789582,Crystal,54,0,BLM
Azureal Grandeur,20448737,66,61,Marilith,Dynamis,1002,0,fa989d1d00d58fc1b4171abefb5e22b7_bbfb28d5a9059cd0c768daf77ab29982fc0.jpg?1786789597,Crystal,135,7,PCT
Nero Cor,51685882,67,62,Cactuar,Aether,1001,0,a53a1a6499997a089c36337bcc3ae46d_96ab1df8877c1f8ba6a89a39cccfd437fc0.jpg?1786790150,Crystal,96,0,RDM
F'ool Pr'oof,27802292,68,63,Behemoth,Primal,1001,0,07756f3cccf4cada3f3d40b5d44ef841_be20385e18333edb329d4574f364a1f0fc0.jpg?1786788893,Crystal,76,6,SMN
Silanah Sylphrena,45709349,69,65,Faerie,Aether,1000,0,353d000e66ebf6b7715ff5998504f784_0e336ff6ad415f47233f0aaf127feac0fc0.jpg?1786787724,Crystal,23,2,AST
Yui Fins,46861659,70,66,Adamantoise,Aether,999,0,477904411f28cfd029518422146e02f0_1f5fd239b885860b7c2bfc72ad1d97effc0.jpg?1786790177,Crystal,270,6,PLD
Kirishoto Azphina,7859003,71,67,Excalibur,Primal,999,0,c9689b4fc4af55f8366432b02c0ce55f_745baffc465480ed372e274d50318290fc0.jpg?1786787281,Crystal,60,0,WAR
Emi Meow,44729199,72,68,Siren,Aether,997,0,39fec9b8eaf71c699797cd15ef87009b_58a84e851e55175d22158ca97af58a1ffc0.jpg?1786789148,Crystal,14,0,RPR
Sparrow Hawk,50867063,73,69,Seraph,Dynamis,995,0,1253b18a592d2d3c5133e9b86ab20c5a_07fb0511053f398d1f2d6831e6a6b4c8fc0.jpg?1786787746,Crystal,38,4,DRG
Suhr Zarek,41651606,74,70,Goblin,Crystal,994,0,9a55a7c2b29a7a0b7de33b2fcc5a0411_8e81e2940511f7152ba4462fe53e35b8fc0.jpg?1786790458,Crystal,21,0,MNK
Dandy Lyon,9088850,75,71,Leviathan,Primal,991,0,5e652518b4930ff5cb411a5818760318_a91aae52cff9ef65932db06b150ffd47fc0.jpg?1786787701,Crystal,57,0,SAM
Raiden Meow,60049984,76,72,Halicarnassus,Dynamis,990,0,82a7874a19aee552f4a0f8ff2b663dff_f2d324d722b28bbe681b2898bcdca8bffc0.jpg?1786787090,Crystal,28,0,MNK
Aerika Meow,27836279,77,73,Faerie,Aether,988,0,cefa16e18644e0b625a0d52d2df514b9_0e336ff6ad415f47233f0aaf127feac0fc0.jpg?1786787256,Crystal,17,0,DNC
Haha Unless,35825889,78,74,Faerie,Aether,908,0,3c249691791cbe0f2fb3ccc230c9a4e4_0e336ff6ad415f47233f0aaf127feac0fc0.jpg?1786789214,Crystal,21,0,MCH
Ash Ymir,50182260,79,75,Gilgamesh,Aether,906,0,571648c27d0568207bb3ebea02244e4e_b937560c841465f7c4bc8eb47ea7948afc0.jpg?1786790502,Crystal,30,5,UNK
Celesse Archon,5403993,80,76,Midgardsormr,Aether,902,0,46c05696a375eb66cab3503bea79e4e4_5c8ecfbc673e1287a9b5e85423fe1657fc0.jpg?1786788829,Crystal,32,0,AST
No Buts,2234245,81,77,Zalera,Crystal,901,0,0d8b9ae74f55ea0ba374fa7b38b48862_8106f857613f8fb994b0be37b26ff4bafc0.jpg?1786787161,Crystal,64,0,BRD
Somnidemn Serdorm,37031558,82,0,Goblin,Crystal,900,10,6147ca113912ee7b9ac321313bbf5863_8e81e2940511f7152ba4462fe53e35b8fc0.jpg?1786790318,Crystal,34,4,SCH
Ice Mage,56719413,83,80,Golem,Dynamis,893,0,20eb207dbce003e2fb1842e0c47aacc7_dd61c3dc259e5c43722e89409499b669fc0.jpg?1786787255,Crystal,62,0,BLM
Sea Jae,24245597,84,81,Sargatanas,Aether,893,0,e896e8ff7d9b55dbc92cd30362aecf3a_ba22853447012a24cee115315d6a5bebfc0.jpg?1786789908,Crystal,33,0,MNK
Uki Yo,50106047,85,84,Adamantoise,Aether,879,0,75e9983a4dd07e7e5de0ed1ac11a23fb_1f5fd239b885860b7c2bfc72ad1d97effc0.jpg?1786790214,Crystal,19,0,DRG
Kiitla Hundar,21600585,86,85,Brynhildr,Crystal,821,0,acff83df95bca2189584bd6af72e84ce_d0a0f515a62457570c9b44997063e3c1fc0.jpg?1786789384,Crystal,60,2,UNK
Silah Zetsku,53965328,87,86,Marilith,Dynamis,804,0,d2b4042f092dccb0d381fdc61afe74c3_bbfb28d5a9059cd0c768daf77ab29982fc0.jpg?1786787313,Crystal,36,0,DRK
Raphtalia Solari,8126326,88,87,Adamantoise,Aether,799,0,baeca36f0f50dbb796496ea18e58ee30_1f5fd239b885860b7c2bfc72ad1d97effc0.jpg?1786790000,Crystal,35,2,SGE
Banana Skye,48159675,89,88,Faerie,Aether,790,0,37d6f3f177181cc95ef2e697d25b0c85_0e336ff6ad415f47233f0aaf127feac0fc0.jpg?1786789688,Crystal,62,0,WHM
Im Dead,44727021,90,89,Balmung,Crystal,789,0,382bb5e8fe23a4e04750cfd29fa9f46c_7a573cbc0cda3a3dfc1795cb3d9f7b23fc0.jpg?1786789326,Crystal,38,0,MNK
Nanamie Namie,54007603,91,90,Seraph,Dynamis,785,0,0a2ba3a431605dbe05215a75dffd70e7_07fb0511053f398d1f2d6831e6a6b4c8fc0.jpg?1786789204,Crystal,91,0,GNB
Ellie Titis,36865882,92,91,Midgardsormr,Aether,707,0,71601f63eddfe2db7e4ec2213790102c_5c8ecfbc673e1287a9b5e85423fe1657fc0.jpg?1786788581,Crystal,30,0,DRG
Gojo San,48764071,93,0,Jenova,Aether,705,0,cfaa3805c7a62fc99a75b9c68da57b17_ce736afe35e2ded4e46c4fd0659aef7efc0.jpg?1786787444,Crystal,8,0,VPR
Ryan Hoshiko,10323495,94,0,Lamia,Primal,702,0,b8f720f05e5314618bc7341f856d075d_4d9be17b5e1edc617052b4dbf4007875fc0.jpg?1786788497,Crystal,51,0,RDM
Neo Dymium,33030676,95,97,Seraph,Dynamis,699,2,24be6098cf7acc2de169d92917d3299f_07fb0511053f398d1f2d6831e6a6b4c8fc0.jpg?1786787678,Crystal,35,1,MNK
Satoshi Itaori,52546108,96,95,Golem,Dynamis,699,0,1ecf4d8479fa0e8c3c4b6fe005108b6d_dd61c3dc259e5c43722e89409499b669fc0.jpg?1786788085,Crystal,25,0,DNC
Seto Mimyho,20943977,97,96,Behemoth,Primal,698,0,e0110a23ddcddf11cb8bf1e895c56d75_be20385e18333edb329d4574f364a1f0fc0.jpg?1786787311,Crystal,39,0,CRP
Aesa Iys,59631795,98,0,Kraken,Dynamis,696,0,60f73c621a5b6dec56728cc5466268c2_049a956dfeb0eb2e19c417a1dde4d680fc0.jpg?1786788257,Crystal,143,0,UNK
Zypris Allsbane,13616095,99,0,Leviathan,Primal,696,0,8194751bb802fcd9691a7ee558040836_a91aae52cff9ef65932db06b150ffd47fc0.jpg?1786787506,Crystal,44,0,RPR
Io Isana,33563057,100,115,Coeurl,Crystal,695,101,bb1bccc46bef2876072e2e7fa326fa12_284358f8eb4efc9095914e46798c6ab3fc0.jpg?1786790284,Crystal,17,3,NIN
Yozen Ballistar,24434537,101,100,Hyperion,Primal,695,0,087acc31d84823e50be37be0af3a3640_57ae9ee5592123dd79c8912bf768cf99fc0.jpg?1786790124,Crystal,8,0,WHM
Alex Rider,61850079,102,101,Hyperion,Primal,694,0,d221a7b6c00ffa393c988249ed242d9a_57ae9ee5592123dd79c8912bf768cf99fc0.jpg?1786790466,Crystal,70,0,DRG
Master Zoknik,48144446,103,251,Balmung,Crystal,692,592,3c54e73f2ad7023aa3b173793f95c070_7a573cbc0cda3a3dfc1795cb3d9f7b23fc0.jpg?1786787518,Crystal,26,15,DRK
Karl Rex,48615049,104,0,Siren,Aether,687,80,a7f2129699ecb71e801871425b8cbc52_58a84e851e55175d22158ca97af58a1ffc0.jpg?1786787715,Crystal,232,5,BRD
Kasai Kage,21886030,105,102,Adamantoise,Aether,618,0,6835735c490425c8a49d6889308a3484_1f5fd239b885860b7c2bfc72ad1d97effc0.jpg?1786790074,Crystal,14,0,NIN
Akari Tsuki,46655701,106,103,Adamantoise,Aether,608,0,08f7ffe45c1b134f99ea040b39ee2bdd_1f5fd239b885860b7c2bfc72ad1d97effc0.jpg?1786787196,Crystal,24,1,SMN
Tiny Sosig,16648383,107,105,Balmung,Crystal,605,0,47661dc0b135d6c15fadc46a3fa85816_7a573cbc0cda3a3dfc1795cb3d9f7b23fc0.jpg?1786790172,Crystal,135,8,MNK
Hilto Feltre,55076328,108,106,Sargatanas,Aether,605,0,4a850e1dbb7f6f3aeff5b21df6166f3f_ba22853447012a24cee115315d6a5bebfc0.jpg?1786788860,Crystal,45,0,RPR
Lazy Bear,39566180,109,150,Faerie,Aether,604,207,a07cf0c35d5a78a5a1b9ca16d6f41803_0e336ff6ad415f47233f0aaf127feac0fc0.jpg?1786788361,Crystal,139,9,SMN
Ivy Storm,61727582,110,107,Zalera,Crystal,604,0,27a648f77de0ff7a1a44539cbd062203_8106f857613f8fb994b0be37b26ff4bafc0.jpg?1786790087,Crystal,81,0,MCH
Judas Demaio,7957583,111,108,Balmung,Crystal,604,0,802e8b947615ba3fa10ac8d8e4fb1ebf_7a573cbc0cda3a3dfc1795cb3d9f7b23fc0.jpg?1786787281,Crystal,19,0,UNK
Alma Braver,729037,112,109,Goblin,Crystal,602,0,1d50d402d833734bf7f0d1fe6b3af5e8_8e81e2940511f7152ba4462fe53e35b8fc0.jpg?1786788763,Crystal,37,0,WHM
Ethan Dumas,2337003,113,110,Zalera,Crystal,599,0,4363afb6aeff95a15293cf3907560f7b_8106f857613f8fb994b0be37b26ff4bafc0.jpg?1786788319,Crystal,103,0,RDM
Baka Bao,48974722,114,111,Gilgamesh,Aether,599,0,ef2247fb5724315ecd96d1ac9c5804b1_b937560c841465f7c4bc8eb47ea7948afc0.jpg?1786789245,Crystal,79,0,MNK
Hunie Pop,37396085,115,112,Ultros,Primal,599,0,8a72b357002474c02d597d6e8bc94cee_c514cdcdb619439df97d906d4434ccc6fc0.jpg?1786789096,Crystal,64,0,WHM
Silvy Kaenbyou,45504540,116,113,Goblin,Crystal,598,0,3a856bd5c7e35d95f6afcc57be4321a1_8e81e2940511f7152ba4462fe53e35b8fc0.jpg?1786789422,Crystal,124,8,BLM
Phrosticus Maximus,51732834,117,114,Kraken,Dynamis,594,0,36921233b0c05085a501c86bb51f5633_049a956dfeb0eb2e19c417a1dde4d680fc0.jpg?1786790114,Crystal,151,0,NIN
Adrianne Lehman,335503,118,116,Jenova,Aether,591,0,9487d4bc6332e7a22c323a4ee321ffa1_ce736afe35e2ded4e46c4fd0659aef7efc0.jpg?1786787047,Crystal,211,4,RDM
Teysa Montgomery,6201712,119,117,Cactuar,Aether,591,0,eb51f53fb1f2b23ee171b4e92895e9b4_96ab1df8877c1f8ba6a89a39cccfd437fc0.jpg?1786787601,Crystal,98,0,DRG
Sarantsatsral Kha,26082962,120,118,Behemoth,Primal,586,0,f8735f190504d139ee16ec1a623371dc_be20385e18333edb329d4574f364a1f0fc0.jpg?1786789368,Crystal,26,0,PLD
Finch Curador,30712387,121,119,Leviathan,Primal,581,0,a7767d35320b852f509e7dd68b0151d4_a91aae52cff9ef65932db06b150ffd47fc0.jpg?1786790198,Crystal,11,0,BRD
Gin Grimes,53824427,122,120,Marilith,Dynamis,510,0,345441c3ea324bf07484e7e6f1031ccc_bbfb28d5a9059cd0c768daf77ab29982fc0.jpg?1786787912,Crystal,101,0,RPR
Lolly Pops,11573609,123,166,Leviathan,Primal,509,209,a38b4d4cbcfc624c56b5db6efb627dd2_a91aae52cff9ef65932db06b150ffd47fc0.jpg?1786788375,Crystal,165,22,MCH
Shionne Ripley,21758358,124,121,Exodus,Primal,503,0,bb79dff7e2cdc4dfc99c188be01080ba_0cdf051c93865faa15cbc5cd3d2b69fbfc0.jpg?1786789486,Crystal,62,1,DRG
Shum One,31246227,125,122,Midgardsormr,Aether,502,0,6a9ab1154c9d9a712cc039f45837db6d_5c8ecfbc673e1287a9b5e85423fe1657fc0.jpg?1786790357,Crystal,86,0,VPR
No Bee,37102144,126,129,Lamia,Primal,501,99,5c741048df2befeb7f80a2b03bb02aee_4d9be17b5e1edc617052b4dbf4007875fc0.jpg?1786787733,Crystal,52,3,DRG
Rin Denma,33178809,127,123,Gilgamesh,Aether,501,0,6c5bab6678d3c44b6e646bc8726eb9f9_b937560c841465f7c4bc8eb47ea7948afc0.jpg?1786788491,Crystal,9,2,UNK
Lelouch Masamune,12543299,128,124,Malboro,Crystal,499,0,711457fd66b589fb422ba4640a4826f0_2e97c13fdd593d15d543093f8a37b6f0fc0.jpg?1786788906,Crystal,76,0,SCH
Xale Solace,52728205,129,125,Adamantoise,Aether,497,0,5272a5d5dea9738bb4a6638ac3f083d2_1f5fd239b885860b7c2bfc72ad1d97effc0.jpg?1786788254,Crystal,54,0,DRG
High Five,40416979,130,126,Brynhildr,Crystal,492,0,f6eae218fa6037625ae22a8c800d935d_d0a0f515a62457570c9b44997063e3c1fc0.jpg?1786788527,Crystal,16,0,BRD
Lowan Gleview,48863675,131,127,Gilgamesh,Aether,406,0,3ed0770e9633fa9630af57f595f1d68d_b937560c841465f7c4bc8eb47ea7948afc0.jpg?1786789422,Crystal,35,1,NIN
Nikau Milkdud,30842976,132,128,Lamia,Primal,404,0,2ffee265e9fb9491997d30306dc67cc3_4d9be17b5e1edc617052b4dbf4007875fc0.jpg?1786789540,Crystal,4,0,MNK
Naeng Myeon,35393894,133,130,Jenova,Aether,402,0,e834ee8ccde5fd99424275ed75278f5b_ce736afe35e2ded4e46c4fd0659aef7efc0.jpg?1786789598,Crystal,42,0,RDM
Labrys Roux,31449732,134,131,Ultros,Primal,402,0,b78d649d03beba97a36fa9eebc98afc4_c514cdcdb619439df97d906d4434ccc6fc0.jpg?1786789784,Crystal,40,0,SCH
Tio Tot,32427648,135,132,Jenova,Aether,402,0,b6b5f99e0b2c9878499873fdbe82cda3_ce736afe35e2ded4e46c4fd0659aef7efc0.jpg?1786789994,Crystal,25,2,DNC
Very Shooooooooooort,49384501,136,133,Hyperion,Primal,401,0,084259a7b0d5cdac112faebe64bac849_57ae9ee5592123dd79c8912bf768cf99fc0.jpg?1786789991,Crystal,60,0,UNK
Von Columbine,58381347,136,133,Gilgamesh,Aether,401,0,616328e702b2b2e8d452581d53ec9f88_b937560c841465f7c4bc8eb47ea7948afc0.jpg?1786788547,Crystal,60,0,GNB
Vicious Nouzen,42001229,138,135,Jenova,Aether,401,0,94ccc3f4ceffc2356f1ddd47d85ca9f7_ce736afe35e2ded4e46c4fd0659aef7efc0.jpg?1786787975,Crystal,50,0,GNB
Jin Mercer,31096690,139,140,Marilith,Dynamis,401,1,708b770d30658bbff6a84015d913b518_bbfb28d5a9059cd0c768daf77ab29982fc0.jpg?1786790642,Crystal,44,4,MCH
Zot Meow,34168568,140,136,Sargatanas,Aether,401,0,857170879bee95fc8f3f62ae264a46ce_ba22853447012a24cee115315d6a5bebfc0.jpg?1786789586,Crystal,24,0,DNC
Roland Montpensier,27408688,141,145,Mateus,Crystal,401,2,f999e29fa2ab10f6ba02338f493e886b_f0c52cc66e124fc2e641d7c21ab2ce79fc0.jpg?1786790557,Crystal,20,1,DRG
Rail Ying,33252892,142,137,Famfrit,Primal,400,0,e9ae8b691e418ccccf35ebe11804f497_fce4949e615393e574f2d57134b31fc1fc0.jpg?1786787078,Crystal,316,13,SAM
Nero K'ten,6155374,143,138,Lamia,Primal,400,0,457604f04300faac0e52a053884e2bb7_4d9be17b5e1edc617052b4dbf4007875fc0.jpg?1786789393,Crystal,53,0,AST
Freelili Baylili,41088797,144,139,Famfrit,Primal,400,0,2fd0edea93f7f1b96bfa59c24d04a2af_fce4949e615393e574f2d57134b31fc1fc0.jpg?1786790601,Crystal,49,0,MCH
Rachna Rindou,54825028,145,141,Brynhildr,Crystal,400,0,782b01c1201a9b4642438d41202796f6_d0a0f515a62457570c9b44997063e3c1fc0.jpg?1786787576,Crystal,12,0,MNK
Cj Deux,23394493,146,142,Lamia,Primal,399,0,64702aeefa55d2931c531ddadd7964ea_4d9be17b5e1edc617052b4dbf4007875fc0.jpg?1786787313,Crystal,192,5,RDM
Shiroi Kijo,44769088,147,164,Ultros,Primal,399,98,2bc8c14bed99e41cc16db823a37e5295_c514cdcdb619439df97d906d4434ccc6fc0.jpg?1786788276,Crystal,83,9,SMN
Pvp Wintrader,55633250,148,143,Rafflesia,Dynamis,399,0,a95c4512f0f35cf564aac910d19b00e2_2783886613347a4db0bed7524de1298ffc0.jpg?1786787677,Crystal,41,0,BRD
June Buggy,39873640,149,144,Brynhildr,Crystal,399,0,929fb7f3958e6f1fbc9e559d731c0108_d0a0f515a62457570c9b44997063e3c1fc0.jpg?1786787821,Crystal,34,0,WHM
Shinra Tatsuya,8648762,150,212,Gilgamesh,Aether,398,297,7dccb5e520b149afd2b044279fa8694e_b937560c841465f7c4bc8eb47ea7948afc0.jpg?1786789889,Crystal,64,3,SAM
Kaede Obinata,32151196,151,146,Marilith,Dynamis,398,0,460d631b298c83b035fb70ac5669658d_bbfb28d5a9059cd0c768daf77ab29982fc0.jpg?1786788663,Crystal,46,0,NIN
Ava Falafell,7835301,152,147,Cactuar,Aether,398,0,037dd67f6ab82aadfe3e7b3e4973d525_96ab1df8877c1f8ba6a89a39cccfd437fc0.jpg?1786790161,Crystal,32,0,WHM
Honey Toast,57307408,153,148,Exodus,Primal,398,0,f4ce05067fa4042fad64931eb5015841_0cdf051c93865faa15cbc5cd3d2b69fbfc0.jpg?1786789736,Crystal,16,0,UNK
Mtn Boop,36509633,154,149,Brynhildr,Crystal,398,0,175f521a1de707cbfb345e95df5e588c_d0a0f515a62457570c9b44997063e3c1fc0.jpg?1786789752,Crystal,8,0,BLU
Zithiel Bihrul,44613484,155,151,Faerie,Aether,397,0,4abc29f0f384c794c1f6c7e7e60b8ed8_0e336ff6ad415f47233f0aaf127feac0fc0.jpg?1786787279,Crystal,107,0,BRD
Cain Molkoh,57323197,156,152,Goblin,Crystal,397,0,889deea7b0b76edd744a2b6fb24a09a1_8e81e2940511f7152ba4462fe53e35b8fc0.jpg?1786789013,Crystal,106,0,BRD
Garu Kettle,7054871,157,153,Behemoth,Primal,397,0,e03f1b46663ddb8c150315a88c79c9f1_be20385e18333edb329d4574f364a1f0fc0.jpg?1786789210,Crystal,79,0,UNK
Nia Yukumo,22530343,158,154,Lamia,Primal,396,0,41fe576462de4cc12ab76d6d29ef58e4_4d9be17b5e1edc617052b4dbf4007875fc0.jpg?1786788235,Crystal,32,0,SMN
Eyre Stahl,32745572,159,155,Maduin,Dynamis,396,0,0d24cf6e8f53fc59a993fd5e5311d4e0_7ff236346f6151d8a2c08fd0b4a0b806fc0.jpg?1786789187,Crystal,3,0,MNK
Thamiel Blade,11845109,160,156,Malboro,Crystal,393,0,80ba6f7aa26a72c98ebf41b210be27be_2e97c13fdd593d15d543093f8a37b6f0fc0.jpg?1786790346,Crystal,62,0,SMN
Aurora Aura,51466191,161,157,Coeurl,Crystal,392,0,6bf65747d41f881881af0d8d8ee83bb9_284358f8eb4efc9095914e46798c6ab3fc0.jpg?1786790295,Crystal,104,0,MNK
Coffee Dawg,17085073,162,158,Famfrit,Primal,391,0,3f73984ff31eed30a16eba5ac017bdda_fce4949e615393e574f2d57134b31fc1fc0.jpg?1786787745,Crystal,44,1,SCH
Boulder Beholder,10981587,163,159,Faerie,Aether,310,0,9de7d0362a3a832a7171bfe262bb5d94_0e336ff6ad415f47233f0aaf127feac0fc0.jpg?1786787228,Crystal,6,0,RDM
Shimori Bunihara,50186185,164,160,Kraken,Dynamis,308,0,c7cd2842a29701e0963bf6d156392014_049a956dfeb0eb2e19c417a1dde4d680fc0.jpg?1786790088,Crystal,18,1,MNK
Noel Bunny,5201676,165,161,Behemoth,Primal,306,0,c7f99603b6e09c43470bbabaed203add_be20385e18333edb329d4574f364a1f0fc0.jpg?1786787931,Crystal,112,0,UNK
Larxis Themage,9284703,166,162,Mateus,Crystal,304,0,f1440421e273892659981868cbc99f9b_f0c52cc66e124fc2e641d7c21ab2ce79fc0.jpg?1786787627,Crystal,113,7,BLM
Dank Lollington,37820692,167,163,Exodus,Primal,304,0,2b6faafd9620689cd5e4222c96529aa5_0cdf051c93865faa15cbc5cd3d2b69fbfc0.jpg?1786790096,Crystal,21,0,MCH
Oni Akuma,7300790,168,201,Gilgamesh,Aether,302,104,e8e098720e245711114b4614110261b5_b937560c841465f7c4bc8eb47ea7948afc0.jpg?1786788674,Crystal,150,14,MNK
Chile Mango,7219005,169,262,Midgardsormr,Aether,302,302,bb020a9c79bd14c1a9689a5d75a802c7_5c8ecfbc673e1287a9b5e85423fe1657fc0.jpg?1786790254,Crystal,49,10,MCH
Senka Kyo,40405843,170,192,Adamantoise,Aether,302,102,57edcac1396cccc62373cfaa1109ab06_1f5fd239b885860b7c2bfc72ad1d97effc0.jpg?1786789741,Crystal,2,1,BLM
Tarex Youva,34244171,171,165,Behemoth,Primal,301,0,f62a1a6593a19abc7f2ade2191e57159_be20385e18333edb329d4574f364a1f0fc0.jpg?1786789230,Crystal,53,0,PLD
Unit Chan,37998953,172,167,Jenova,Aether,300,0,edbb6ab0cdf4eefcc524df286e3ff034_ce736afe35e2ded4e46c4fd0659aef7efc0.jpg?1786788620,Crystal,76,0,PCT
Mash Buttons,12470854,173,168,Ultros,Primal,300,0,eec5508ec2ce3844fd62caa5b87a24d8_c514cdcdb619439df97d906d4434ccc6fc0.jpg?1786788491,Crystal,29,0,BRD
Onion Little,37583983,174,169,Zalera,Crystal,300,0,59533d6fd2d0a8b58595bf860ae3f36a_8106f857613f8fb994b0be37b26ff4bafc0.jpg?1786790031,Crystal,13,0,PLD
Novical Astrea,42979170,175,170,Exodus,Primal,299,0,b638930bbe9987be79fa698126728549_0cdf051c93865faa15cbc5cd3d2b69fbfc0.jpg?1786788398,Crystal,65,0,BRD
Lux Mas,23065843,176,171,Sargatanas,Aether,298,0,88a2ca0abf69b95b8d6893d740e04615_ba22853447012a24cee115315d6a5bebfc0.jpg?1786787285,Crystal,82,2,RDM
Rathais Gunnach,32955444,177,172,Brynhildr,Crystal,298,0,2a434eda7d82f52a4a70d056b83f2c27_d0a0f515a62457570c9b44997063e3c1fc0.jpg?1786790165,Crystal,49,0,SAM
Yulia Lunaria,82714,178,173,Coeurl,Crystal,298,0,30d19e29baad4dfe064001a80a4466e1_284358f8eb4efc9095914e46798c6ab3fc0.jpg?1786787983,Crystal,12,0,WAR
Vann Healsing,6572,179,174,Coeurl,Crystal,298,0,e19ce452168669ef7abba0e26cc8ee4c_284358f8eb4efc9095914e46798c6ab3fc0.jpg?1786789353,Crystal,5,0,GNB
Aesa Reign,35916991,180,175,Behemoth,Primal,298,0,41b39fb2112c54e35953a1e9bca43b2b_be20385e18333edb329d4574f364a1f0fc0.jpg?1786790326,Crystal,3,0,WAR
Bigg Succ,14228989,181,176,Coeurl,Crystal,298,0,d833225ff74a6d00fc89b134cc155262_284358f8eb4efc9095914e46798c6ab3fc0.jpg?1786788351,Crystal,2,0,MNK
Reed Diamond,7237831,182,177,Ultros,Primal,297,0,132bb33f336f4f3ae42c3cf9a96a11ad_c514cdcdb619439df97d906d4434ccc6fc0.jpg?1786790171,Crystal,89,5,MNK
Sitri Belladonna,44271644,183,178,Maduin,Dynamis,296,0,d5fba1e5169b57a308fb1ea60e3553cf_7ff236346f6151d8a2c08fd0b4a0b806fc0.jpg?1786788965,Crystal,50,0,MCH
Nika Arwing,12407061,184,179,Behemoth,Primal,294,0,f0ebfd95e843addaab2471d3cb028eb6_be20385e18333edb329d4574f364a1f0fc0.jpg?1786790325,Crystal,8,0,MCH
Marika Mjolnir,38212348,185,180,Malboro,Crystal,292,0,969a50dcb0d9777a00aae149894ab7f5_2e97c13fdd593d15d543093f8a37b6f0fc0.jpg?1786788360,Crystal,181,0,WAR
Theory Ai,55206021,186,181,Leviathan,Primal,204,0,018be547248466158b1d0f9de4315340_a91aae52cff9ef65932db06b150ffd47fc0.jpg?1786790283,Crystal,194,0,PCT
Minato Maki,53819658,187,182,Excalibur,Primal,204,0,03c1d1dc5b9a30317518ec9a30c301ab_745baffc465480ed372e274d50318290fc0.jpg?1786789039,Crystal,26,0,RDM
Abel Catallus,20632128,188,183,Hyperion,Primal,202,0,a753917cbe6dc89a0ba41f10003a621d_57ae9ee5592123dd79c8912bf768cf99fc0.jpg?1786787427,Crystal,67,0,SMN
Bean Waters,34305264,189,0,Famfrit,Primal,202,202,bcdcd97b24d4dfc6b3e643c8670b6f7c_fce4949e615393e574f2d57134b31fc1fc0.jpg?1786789351,Crystal,45,24,SAM
Gracidea Blossom,4573171,190,184,Lamia,Primal,202,0,12afdfb12aebd14365b3149875fee65f_4d9be17b5e1edc617052b4dbf4007875fc0.jpg?1786790302,Crystal,29,0,WHM
Denmo Mcstronghuge,1150717,191,185,Excalibur,Primal,202,0,bb33b9be77e28ab26ee6367ad6ba7cac_745baffc465480ed372e274d50318290fc0.jpg?1786789282,Crystal,19,1,MNK
Vaal Hazak,26534863,192,186,Zalera,Crystal,201,0,7c44a75a2f3d57a9cd3b86235340939b_8106f857613f8fb994b0be37b26ff4bafc0.jpg?1786790050,Crystal,74,6,DRK
Rusheel Vasscus,2314921,193,187,Adamantoise,Aether,201,0,a4248cc27f1d518fee3b2b12da021669_1f5fd239b885860b7c2bfc72ad1d97effc0.jpg?1786789829,Crystal,1,0,DNC
Zolzayaa Noykin,34804380,194,188,Balmung,Crystal,200,0,ff773bbf0388cc8a61ac7c87e78f978f_7a573cbc0cda3a3dfc1795cb3d9f7b23fc0.jpg?1786787758,Crystal,47,4,BLM
Aiberaint Mando,58601227,195,189,Faerie,Aether,200,0,b7621f9e3f9c7a33ce4acd4a392c3a41_0e336ff6ad415f47233f0aaf127feac0fc0.jpg?1786788080,Crystal,33,0,RPR
Nonoha Noha,32959229,196,190,Balmung,Crystal,200,0,d9c4977477ddfaebc0c2204729f692f9_7a573cbc0cda3a3dfc1795cb3d9f7b23fc0.jpg?1786788785,Crystal,22,0,RDM
Joe Biden',48592929,197,191,Seraph,Dynamis,200,0,c06fd69e6b294b74118f1a8ad5727f56_07fb0511053f398d1f2d6831e6a6b4c8fc0.jpg?1786788461,Crystal,2,0,UNK
Giselle Aureillien,29155636,198,192,Coeurl,Crystal,200,0,0864f26f62e17d3942c765f8a16665d2_284358f8eb4efc9095914e46798c6ab3fc0.jpg?1786789256,Crystal,1,0,NIN
Vayce Lilacspark,4565408,199,194,Balmung,Crystal,199,0,e9f3928d81a9f68a9cfae3a6a414feb8_7a573cbc0cda3a3dfc1795cb3d9f7b23fc0.jpg?1786789133,Crystal,137,0,DRK
Chronochaos Asura,1230012,200,284,Excalibur,Primal,199,199,16f01a0a9404158e87254af5dbe09328_745baffc465480ed372e274d50318290fc0.jpg?1786787513,Crystal,75,6,NIN
Hijiri Sagoonja,61517900,201,195,Marilith,Dynamis,199,0,490b8d7e00e9479812f4686618ba59ec_bbfb28d5a9059cd0c768daf77ab29982fc0.jpg?1786788247,Crystal,71,0,DNC
Orpheus Laine,29851207,202,196,Gilgamesh,Aether,199,0,5939235fbb052c79392d334cce14ca00_b937560c841465f7c4bc8eb47ea7948afc0.jpg?1786790379,Crystal,27,0,PCT
Unagi Box,34773273,203,197,Cuchulainn,Dynamis,199,0,05a513d02b60c767bfb83440ab2d406b_b4a106e4893fd452df0001eaeecf9d7efc0.jpg?1786788521,Crystal,22,0,GNB
Milly Mina,37964161,204,198,Cuchulainn,Dynamis,199,0,f3300c3e28b3c5b4a3767a587341831e_b4a106e4893fd452df0001eaeecf9d7efc0.jpg?1786788546,Crystal,5,0,FSH
Mits Suki,33204212,205,199,Famfrit,Primal,199,0,5bb063598970951b9c8c586bd4f0db1f_fce4949e615393e574f2d57134b31fc1fc0.jpg?1786787767,Crystal,3,0,MCH
Fain Doncel'aram,18921518,206,200,Jenova,Aether,199,0,99d5d58c7b97e260ff83d3d4b87a7103_ce736afe35e2ded4e46c4fd0659aef7efc0.jpg?1786789122,Crystal,2,0,MNK
Sandoz Nakao,10931721,207,0,Sargatanas,Aether,198,198,dbfb04dfbbe3ea56cd066152b1c185fb_ba22853447012a24cee115315d6a5bebfc0.jpg?1786789510,Crystal,158,10,PCT
Radanis Luminacht,16920977,208,202,Sargatanas,Aether,198,0,b371d311f8b15d14c5d5b08dda36ab7f_ba22853447012a24cee115315d6a5bebfc0.jpg?1786787934,Crystal,1,0,DRK
Fyoriah Aliapoh,44734635,209,203,Faerie,Aether,197,0,298901c71b421faa4612e0bbd9420820_0e336ff6ad415f47233f0aaf127feac0fc0.jpg?1786789506,Crystal,41,0,RDM
Mirae Malaguld,50148809,210,204,Famfrit,Primal,197,0,6eb6ea3365a1160e9537ec75ff91463a_fce4949e615393e574f2d57134b31fc1fc0.jpg?1786787293,Crystal,1,0,WHM
Onigiri Bunny,7352884,210,204,Behemoth,Primal,197,0,382f2b7a0b15514c38a6e2d5af3d8014_be20385e18333edb329d4574f364a1f0fc0.jpg?1786787850,Crystal,1,0,UNK
Ailbhe Costa,24483224,212,206,Golem,Dynamis,196,0,d2a07a324d29f192eabbae6adeb2462b_dd61c3dc259e5c43722e89409499b669fc0.jpg?1786788866,Crystal,1,0,UNK
Sensus Meow,3918158,212,206,Gilgamesh,Aether,196,0,c830651186889d4902ef13cefd58a832_b937560c841465f7c4bc8eb47ea7948afc0.jpg?1786789650,Crystal,1,0,NIN
Unit Two,9241194,214,208,Ultros,Primal,195,0,641de9f4edfaf7fe05a95460092c87ef_c514cdcdb619439df97d906d4434ccc6fc0.jpg?1786789508,Crystal,147,0,SCH
Kanae Meow,36806118,215,209,Ultros,Primal,104,0,8969e8a0b518902a3996525f822b4701_c514cdcdb619439df97d906d4434ccc6fc0.jpg?1786787975,Crystal,103,0,WHM
Yuki Yozora,32275648,216,210,Faerie,Aether,103,0,bed164ee9535c02b6ea7cc8b5000c845_0e336ff6ad415f47233f0aaf127feac0fc0.jpg?1786790092,Crystal,134,24,WAR
Cassian Syndriel,52998476,217,220,Ultros,Primal,102,2,db812378f708097c17610e9e6817f749_c514cdcdb619439df97d906d4434ccc6fc0.jpg?1786788543,Crystal,64,4,SAM
Erik Jormungandr,21053207,218,211,Balmung,Crystal,102,0,d279bad4f9c048ee2cb4310b2dabb453_7a573cbc0cda3a3dfc1795cb3d9f7b23fc0.jpg?1786788306,Crystal,10,0,SMN
Apple Thief,43679241,219,213,Balmung,Crystal,100,0,746256d82b3652ef93bbd475defb85ac_7a573cbc0cda3a3dfc1795cb3d9f7b23fc0.jpg?1786787546,Crystal,309,18,WHM
Scythe Horrorblade,32713598,220,214,Mateus,Crystal,100,0,43c41a5aa8d981f109e6d76f3347bd93_f0c52cc66e124fc2e641d7c21ab2ce79fc0.jpg?1786788840,Crystal,233,13,GNB
Cynthia Noir,25307713,221,215,Leviathan,Primal,100,0,5b4f8d78ae6dd18586116fe673617384_a91aae52cff9ef65932db06b150ffd47fc0.jpg?1786789959,Crystal,225,16,BLM
Deep-fried Shrimp,39013955,222,295,Halicarnassus,Dynamis,100,100,8c854c8dde07c11059f113329f369709_f2d324d722b28bbe681b2898bcdca8bffc0.jpg?1786789656,Crystal,187,11,VPR
Kalatia Silverscale,52796419,223,216,Hyperion,Primal,100,0,1a27aed774a0a73e8c95467c7bf6e956_57ae9ee5592123dd79c8912bf768cf99fc0.jpg?1786788093,Crystal,91,0,UNK
Haley Comet,27668347,224,217,Cactuar,Aether,100,0,2b237658ff580795f602f2f1b6069a76_96ab1df8877c1f8ba6a89a39cccfd437fc0.jpg?1786789622,Crystal,89,0,BRD
Celeste Aeternum,38129090,225,218,Adamantoise,Aether,100,0,76510814c4215ff9bd016e9313ee6e2c_1f5fd239b885860b7c2bfc72ad1d97effc0.jpg?1786787226,Crystal,88,1,DRG
John Darksouls,32702843,226,220,Adamantoise,Aether,100,0,f1fbda91f49b5975e8a2cb80a74e40ad_1f5fd239b885860b7c2bfc72ad1d97effc0.jpg?1786790543,Crystal,63,3,PLD
Tc Sola,43984930,227,219,Zalera,Crystal,100,0,1bde011c1056c258b5456fb7d0f6283f_8106f857613f8fb994b0be37b26ff4bafc0.jpg?1786789655,Crystal,62,0,GNB
Rouge Sunwing,50315022,228,220,Excalibur,Primal,100,0,e083dde5de8a5564f1aa8b12e6add888_745baffc465480ed372e274d50318290fc0.jpg?1786790381,Crystal,60,0,FSH
Beef Testoserone,31210622,229,223,Lamia,Primal,100,0,8722cb428122ce685cf8b96a844468f3_4d9be17b5e1edc617052b4dbf4007875fc0.jpg?1786789490,Crystal,57,0,DRG
Stephanie Dolla,28812314,230,224,Zalera,Crystal,100,0,d9051d9ee54d0e9f8178549cfed7d8cf_8106f857613f8fb994b0be37b26ff4bafc0.jpg?1786788448,Crystal,56,0,MNK
Zaneko Yuneko,61640151,231,225,Goblin,Crystal,100,0,e90101e9d13d827fb83b96932b2de05b_8e81e2940511f7152ba4462fe53e35b8fc0.jpg?1786787561,Crystal,51,0,SCH
Zerth Voldrin,14915863,232,226,Cactuar,Aether,100,0,81a8fef4d9feb3b13352e547c9dcf7d5_96ab1df8877c1f8ba6a89a39cccfd437fc0.jpg?1786790270,Crystal,48,0,DRK
Elphen Gura,2247953,233,227,Gilgamesh,Aether,100,0,292e135e4f46290be61b4699e8236363_b937560c841465f7c4bc8eb47ea7948afc0.jpg?1786788176,Crystal,45,0,DNC
Mori Sumire,22629786,233,228,Zalera,Crystal,100,0,9d1372da41637e0a1cee75add0cdab3e_8106f857613f8fb994b0be37b26ff4bafc0.jpg?1786788239,Crystal,45,2,UNK
Cecils Lunas,39054438,235,229,Brynhildr,Crystal,100,0,4f553dbd79cfae0460c3d43b82171d15_d0a0f515a62457570c9b44997063e3c1fc0.jpg?1786790468,Crystal,42,0,SGE
Eroison Chren,42575447,236,230,Ultros,Primal,100,0,d66c862181da18eea3335d6667510dc6_c514cdcdb619439df97d906d4434ccc6fc0.jpg?1786790150,Crystal,41,0,MIN
Haru Ymir,52781467,236,230,Coeurl,Crystal,100,0,5b0c97a3958f165ea8d2566964423df5_284358f8eb4efc9095914e46798c6ab3fc0.jpg?1786789189,Crystal,41,0,DRG
Sirkitten Wrath,24932332,238,232,Coeurl,Crystal,100,0,248a1e6798b3538fe783585b1686cadd_284358f8eb4efc9095914e46798c6ab3fc0.jpg?1786789957,Crystal,38,0,MCH
Fenrir Mani,46990212,239,233,Siren,Aether,100,0,9d52f579ab24f21101afab7ee04fd086_58a84e851e55175d22158ca97af58a1ffc0.jpg?1786788955,Crystal,34,0,SAM
Naomi Hakoma,13697124,239,233,Halicarnassus,Dynamis,100,0,a6732f9cc34509a6761d618186e745fd_f2d324d722b28bbe681b2898bcdca8bffc0.jpg?1786789739,Crystal,34,0,BSM
Neco-arc Myuri,1364925,241,235,Balmung,Crystal,100,0,45595754292a6e60dac91dc40349a619_7a573cbc0cda3a3dfc1795cb3d9f7b23fc0.jpg?1786790515,Crystal,30,0,UNK
Minome Meisuri,39947262,242,236,Sargatanas,Aether,100,0,ce2ec1dde05d4468145ef246155ea290_ba22853447012a24cee115315d6a5bebfc0.jpg?1786790410,Crystal,29,0,DNC
Rasan Sena,13544028,242,244,Kraken,Dynamis,100,0,70d1ba94bcbeff8a384f1e364b2ee863_049a956dfeb0eb2e19c417a1dde4d680fc0.jpg?1786789096,Crystal,29,7,UNK
Brian Ricardo,9364090,244,237,Adamantoise,Aether,100,0,c00688b4ac9b567c1a4de9d648fbbff4_1f5fd239b885860b7c2bfc72ad1d97effc0.jpg?1786788016,Crystal,26,0,SGE
Ciel Sorrel,22647977,244,239,Zalera,Crystal,100,0,4feb2b2835b10561864f50a075fa571c_8106f857613f8fb994b0be37b26ff4bafc0.jpg?1786790121,Crystal,26,1,WHM
Peregrine Lofte,21726171,244,237,Leviathan,Primal,100,0,351c30387c9048190075024c6b344ead_a91aae52cff9ef65932db06b150ffd47fc0.jpg?1786788902,Crystal,26,0,DRG
Deez Crits,37202007,247,239,Excalibur,Primal,100,0,71f51af3126f0c7f7c30ffe8aee550f9_745baffc465480ed372e274d50318290fc0.jpg?1786788093,Crystal,25,0,CUL
Snowsteps Frozenheart,25431273,247,239,Siren,Aether,100,0,3e9412aba214d5dab23b4cdfc8b81294_58a84e851e55175d22158ca97af58a1ffc0.jpg?1786788080,Crystal,25,0,WHM
Sanctified Meiyi,17664808,249,242,Exodus,Primal,100,0,97897e3416901b29df2a39b2d1b02741_0cdf051c93865faa15cbc5cd3d2b69fbfc0.jpg?1786790309,Crystal,24,0,SAM
Jon Jitsu,3287137,250,243,Exodus,Primal,100,0,40995ea7a6a7bd4a2bf41fe663bdcd2a_0cdf051c93865faa15cbc5cd3d2b69fbfc0.jpg?1786788452,Crystal,23,0,PLD
Vaeltis Nyght,16404977,251,245,Famfrit,Primal,100,0,0caba4911a7521943ad38550f8faec63_fce4949e615393e574f2d57134b31fc1fc0.jpg?1786787545,Crystal,21,0,BRD
Rhynnian Embersong,25760441,252,0,Mateus,Crystal,100,100,871ea245000038e6ec3461df23e3688f_f0c52cc66e124fc2e641d7c21ab2ce79fc0.jpg?1786790598,Crystal,20,14,BLM
A'kena Themis,30488636,253,246,Cuchulainn,Dynamis,100,0,0dfbdcebc19679eb813e05521b4bc587_b4a106e4893fd452df0001eaeecf9d7efc0.jpg?1786788211,Crystal,19,0,DNC
Tegridy Weed,3469679,254,247,Midgardsormr,Aether,100,0,96f7b1ca58cffc2cdcbb1df90d116807_5c8ecfbc673e1287a9b5e85423fe1657fc0.jpg?1786790372,Crystal,18,0,DRK
Alana Mystranquil,38447772,255,248,Coeurl,Crystal,100,0,a3b4e0628a97b6c3941d78fd1af36b81_284358f8eb4efc9095914e46798c6ab3fc0.jpg?1786788227,Crystal,17,0,AST
Belle Quicksilver,2897739,255,248,Balmung,Crystal,100,0,4f386af86d2c8049f58f4baaeeb4a3a3_7a573cbc0cda3a3dfc1795cb3d9f7b23fc0.jpg?1786788549,Crystal,17,0,UNK
Reina Crowley,19324150,257,250,Malboro,Crystal,100,0,d8624175065ad845c6d16c7f8638cc12_2e97c13fdd593d15d543093f8a37b6f0fc0.jpg?1786789396,Crystal,16,0,UNK
Virtus Giruvegan,3183831,258,251,Gilgamesh,Aether,100,0,e8050cdd79efaaf143d74f9ae4cdcfb1_b937560c841465f7c4bc8eb47ea7948afc0.jpg?1786787425,Crystal,12,1,UNK
Maley Seven,44133393,259,0,Brynhildr,Crystal,100,0,9e4efda1836be2a8875ea1ffd7413a95_d0a0f515a62457570c9b44997063e3c1fc0.jpg?1786790132,Crystal,10,0,NIN
Akam Mizuna,11803947,260,253,Leviathan,Primal,100,0,8c8c482c7a3d1c6cf89407e6cf103b32_a91aae52cff9ef65932db06b150ffd47fc0.jpg?1786789537,Crystal,3,0,SGE
Aoi Kami,40024501,261,254,Gilgamesh,Aether,100,0,fa9503916a97f3312ed499ca2c78b1a7_b937560c841465f7c4bc8eb47ea7948afc0.jpg?1786789275,Crystal,0,0,UNK
Haley Autouria,105933,261,254,Coeurl,Crystal,100,0,8e6b9b10fc2e31af21e24fdaae151c61_284358f8eb4efc9095914e46798c6ab3fc0.jpg?1786789953,Crystal,0,0,UNK
Pinky Meow,59213242,261,254,Halicarnassus,Dynamis,100,0,9ac8bffaba88f1f4c7fe1238e6a7dcb0_f2d324d722b28bbe681b2898bcdca8bffc0.jpg?1786788549,Crystal,0,0,UNK
Xeyr Aea,10478615,261,0,Diabolos,Crystal,100,0,afc00073149550ad623df3280d05956f_7b33d33ae3ecb996f778a5f67a6a0af6fc0.jpg?1786787527,Crystal,0,0,SMN
Skyanar Tyrunas,42486942,265,257,Siren,Aether,0,0,ba17697df023a58dbdba8be74f3894f2_58a84e851e55175d22158ca97af58a1ffc0.jpg?1786789900,Diamond,80,0,MNK
V'linh Tia,35736983,266,258,Hyperion,Primal,0,0,760e31f96b4d3b3534fcdc43c9564fab_57ae9ee5592123dd79c8912bf768cf99fc0.jpg?1786788771,Diamond,77,0,NIN
Bam Pepo,22678638,267,259,Adamantoise,Aether,0,0,8533b0fce359fe75fd8f831869cf110d_1f5fd239b885860b7c2bfc72ad1d97effc0.jpg?1786790638,Diamond,67,0,RPR
Deimus Holden,13275823,268,0,Behemoth,Primal,0,0,5974f9a64fc213565d8fd6d3df91e58f_be20385e18333edb329d4574f364a1f0fc0.jpg?1786789850,Diamond,63,12,SGE
Dread Ross,4916315,269,260,Exodus,Primal,0,0,dafd63f0b3ce97e8283a4d153f0acd06_0cdf051c93865faa15cbc5cd3d2b69fbfc0.jpg?1786788172,Diamond,61,0,DNC
Levy Scarlett,35085988,270,261,Coeurl,Crystal,0,0,74fe88584bdffbcc051a81a168ff958f_284358f8eb4efc9095914e46798c6ab3fc0.jpg?1786789703,Diamond,51,0,SAM
Lief Eksil,20195744,271,263,Jenova,Aether,0,0,33906bd77a7d2eb73c8c22b2225fae2d_ce736afe35e2ded4e46c4fd0659aef7efc0.jpg?1786789987,Diamond,37,0,RPR
Aster Minyu,54375843,272,264,Lamia,Primal,0,0,380928b9020a6bb0bcfa44d88b6df112_4d9be17b5e1edc617052b4dbf4007875fc0.jpg?1786789264,Diamond,35,0,DRK
Neo Zee',28714097,273,265,Balmung,Crystal,0,0,ecd9a08521dcc0c1872ac990f3a534b9_7a573cbc0cda3a3dfc1795cb3d9f7b23fc0.jpg?1786787595,Diamond,29,0,BRD
Stark Yaksha,37508817,274,0,Excalibur,Primal,0,0,e4e46dcca7ba886c463380686ec8fa70_745baffc465480ed372e274d50318290fc0.jpg?1786789638,Diamond,27,20,RDM
Erdrick Than'talas,35169837,275,266,Behemoth,Primal,0,0,bcdde4e2fbfba10f901006ffbc7723cc_be20385e18333edb329d4574f364a1f0fc0.jpg?1786787390,Diamond,195,11,WAR
Pu'erh Da'yeh,32091528,276,267,Cactuar,Aether,0,0,5e7e03f636b640c83b460f61eed7ed35_96ab1df8877c1f8ba6a89a39cccfd437fc0.jpg?1786790022,Diamond,126,2,AST
Airi Aogane,46241895,277,268,Sargatanas,Aether,0,0,11367baad718b56f9682513d9430146d_ba22853447012a24cee115315d6a5bebfc0.jpg?1786787550,Diamond,105,0,MNK
Kayin Fenrir,3137688,278,270,Faerie,Aether,0,0,a8e94b088cd60ef0124b965aedec3772_0e336ff6ad415f47233f0aaf127feac0fc0.jpg?1786787062,Diamond,104,15,MNK
Delin Windsong,5444135,279,269,Leviathan,Primal,0,0,84bdef2b116c23becb02390c2f9c14a6_a91aae52cff9ef65932db06b150ffd47fc0.jpg?1786787943,Diamond,100,2,MCH
Fitzwilliam Darcy,1762059,280,271,Ultros,Primal,0,0,cc022b0932ebd420f837539b13158866_c514cdcdb619439df97d906d4434ccc6fc0.jpg?1786789286,Diamond,61,0,RDM
M' Twelve,36885704,281,272,Halicarnassus,Dynamis,0,0,0f10ff80520b725264b0aed8ac62d609_f2d324d722b28bbe681b2898bcdca8bffc0.jpg?1786789664,Diamond,51,0,UNK
Asera Albright,24908256,282,273,Siren,Aether,0,0,288dc7742b9eb8ec890c2b164e884a7b_58a84e851e55175d22158ca97af58a1ffc0.jpg?1786789199,Diamond,50,0,PCT
So What,33785359,283,274,Ultros,Primal,0,0,b0f894a94041f0bd4b241723ce815801_c514cdcdb619439df97d906d4434ccc6fc0.jpg?1786788718,Diamond,22,0,RDM
Aavlen Zo,32887243,284,275,Brynhildr,Crystal,0,0,2a3e3ea4d262cfdf8a2ee034b379b099_d0a0f515a62457570c9b44997063e3c1fc0.jpg?1786789862,Diamond,17,0,WHM
Severa Dusk,13863840,285,276,Jenova,Aether,0,0,ef7af6415e3d4ca938b715c7f955ae8b_ce736afe35e2ded4e46c4fd0659aef7efc0.jpg?1786788682,Diamond,12,0,RDM
Allie Hanakawa,39304561,286,277,Exodus,Primal,0,0,192583449e14f0f2ee3f8251fb5a562b_0cdf051c93865faa15cbc5cd3d2b69fbfc0.jpg?1786787166,Diamond,236,18,SMN
Pravik Rhati,30628415,287,278,Zalera,Crystal,0,0,6f338ced5bbbd90812f4a17468f53684_8106f857613f8fb994b0be37b26ff4bafc0.jpg?1786788858,Diamond,196,20,WAR
Shoujo Hime,18340055,288,279,Leviathan,Primal,0,0,c341075038058a45ef549f7bac1b9d25_a91aae52cff9ef65932db06b150ffd47fc0.jpg?1786787345,Diamond,156,0,AST
Aelara Nightelm,2908362,289,280,Maduin,Dynamis,0,0,f40ea9e3404cbab02b92f9bc1d80cdcd_7ff236346f6151d8a2c08fd0b4a0b806fc0.jpg?1786790218,Diamond,119,15,RDM
Draiser Montblanc,32398472,290,283,Lamia,Primal,0,0,7815697ae034669b4e9620865400c384_4d9be17b5e1edc617052b4dbf4007875fc0.jpg?1786788182,Diamond,90,5,WAR
Saber Moon,21231710,291,281,Hyperion,Primal,0,0,f476acb444c0e146dd44d5351357e426_57ae9ee5592123dd79c8912bf768cf99fc0.jpg?1786789020,Diamond,89,0,RPR
Savard Qerel,20600432,292,282,Diabolos,Crystal,0,0,db0af86bd2eb90f70c42b9e65658aff2_7b33d33ae3ecb996f778a5f67a6a0af6fc0.jpg?1786788924,Diamond,88,2,PLD
Cassian Aten,49727028,293,0,Ultros,Primal,0,0,beba5702725b35f7f383e56d8c6eeb6c_c514cdcdb619439df97d906d4434ccc6fc0.jpg?1786787982,Diamond,65,10,UNK
Jen Helstrom,25258759,293,285,Coeurl,Crystal,0,0,04eae21709a39e9beb00eaf137a9c920_284358f8eb4efc9095914e46798c6ab3fc0.jpg?1786787565,Diamond,65,0,DNC
Snow Villiers,4012879,295,286,Exodus,Primal,0,0,f7bcd8d10229610a06160664e0fe796c_0cdf051c93865faa15cbc5cd3d2b69fbfc0.jpg?1786787508,Diamond,53,9,DRK
Sabe Kryze,21508368,296,287,Coeurl,Crystal,0,0,a0a944e1f5230b8ce9389d528bf274af_284358f8eb4efc9095914e46798c6ab3fc0.jpg?1786789570,Diamond,42,0,SCH
Riki Gandrake,1558233,297,288,Balmung,Crystal,0,0,442f4df63f0df0c75d240ab042e3fcdb_7a573cbc0cda3a3dfc1795cb3d9f7b23fc0.jpg?1786787084,Diamond,38,0,BRD
Lumiel Alstreim,6929457,298,289,Balmung,Crystal,0,0,6004c4e57250b544ed36bf6b310e878a_7a573cbc0cda3a3dfc1795cb3d9f7b23fc0.jpg?1786788572,Diamond,35,1,PCT
Misdes Lightborn,15985822,298,291,Excalibur,Primal,0,0,b5a720db92fc3ecb59bb12c0885b2648_745baffc465480ed372e274d50318290fc0.jpg?1786787219,Diamond,35,6,NIN
Gidson Brand,28304013,300,290,Goblin,Crystal,0,0,876c2dd63c77339205c6fe96b4bd3d82_8e81e2940511f7152ba4462fe53e35b8fc0.jpg?1786787578,Diamond,32,0,WAR
Ash Kitamura,26629771,1,0,Ravana,Materia,0,0,33c0c99f7649a707ea0e8e4da0340efb_2f53b2675d3eea360f0b48d74d30af15fc0.jpg?1786788870,Diamond,81,0,AST
Enrei Mihata,49665542,2,0,Ravana,Materia,0,0,9df67e19d234830f2d797bb6efbad836_2f53b2675d3eea360f0b48d74d30af15fc0.jpg?1786790367,Diamond,37,0,DRG
Fatahh Wizardcat,60429758,3,0,Zurvan,Materia,0,0,0a04508a6feea55f3b4227e7d574212a_1fa3a1b3845481a1b67b46854a3cc49afc0.jpg?1786787825,Platinum,52,0,BLM
Queue Up,44283543,4,0,Ravana,Materia,0,0,341e0565d728c5334b58960edfc1c897_2f53b2675d3eea360f0b48d74d30af15fc0.jpg?1786788918,Platinum,42,0,PLD
Shiki Hime,41619079,5,0,Sophia,Materia,0,0,e0f33871fdd9bcb0012cace0f140b504_ba15a18cd3a8fb567e39053022515eb6fc0.jpg?1786787723,Platinum,39,0,MNK
Sora Teppelin,7487042,6,0,Sophia,Materia,0,0,3d849e783499c238b2f4d439e3a8c2a7_ba15a18cd3a8fb567e39053022515eb6fc0.jpg?1786787744,Platinum,35,0,VPR
Shiny Jirachi,51220221,7,0,Sophia,Materia,0,0,f1b04aa626472a08642b4f93d911f87c_ba15a18cd3a8fb567e39053022515eb6fc0.jpg?1786787400,Platinum,11,0,SAM
Raiosu Eucliffe,45249258,8,0,Ravana,Materia,0,0,a21442f92d53ab89cab416d41fe9132d_2f53b2675d3eea360f0b48d74d30af15fc0.jpg?1786787957,Platinum,53,0,BRD
Nyanyanyanya Nyanyan,48648775,9,0,Ravana,Materia,0,0,ec08e9f45b8d4335b412f3e39f4458e2_2f53b2675d3eea360f0b48d74d30af15fc0.jpg?1786790436,Platinum,29,0,WHM
Ku Ku,58267971,10,0,Sophia,Materia,0,0,77db43d75ac5ffe3d585318a47534ab9_ba15a18cd3a8fb567e39053022515eb6fc0.jpg?1786788597,Platinum,52,0,BRD
Master Zoknik,61010055,11,0,Zurvan,Materia,0,0,bfa135b89b0fb27fe708b3a427bd667f_1fa3a1b3845481a1b67b46854a3cc49afc0.jpg?1786787570,Platinum,88,0,SMN
Jiraiya Sannin,47974804,12,0,Ravana,Materia,0,0,6a5cc312529bc78b7d0bbbf5f41983af_2f53b2675d3eea360f0b48d74d30af15fc0.jpg?1786788958,Platinum,45,0,WAR
Esperance Lightbound,16103781,13,0,Ravana,Materia,0,0,0d3ff648d49892a8fc3bd67490985032_2f53b2675d3eea360f0b48d74d30af15fc0.jpg?1786788254,Platinum,40,0,AST
Syth Isi,14766898,14,0,Sephirot,Materia,0,0,4eef23c58ccbdfd054240b7a6afee3df_30a5f9eadea6e0cb684a5265362d0d59fc0.jpg?1786789937,Platinum,31,0,MCH
Lil Wu,39781651,15,0,Ravana,Materia,0,0,883868199332c12050d61887025475bc_2f53b2675d3eea360f0b48d74d30af15fc0.jpg?1786788442,Platinum,38,0,PLD
Monkey Rat,28956529,16,0,Zurvan,Materia,0,0,bd13db4ebaa363278dd269b5941ae816_1fa3a1b3845481a1b67b46854a3cc49afc0.jpg?1786787875,Platinum,75,0,GNB
Unshao Theruun,36386941,17,0,Sephirot,Materia,0,0,ec8f93abdc73eddcd17e0450db1cb572_30a5f9eadea6e0cb684a5265362d0d59fc0.jpg?1786789936,Platinum,28,0,WAR
Aleksei Veldoch,39931654,18,0,Ravana,Materia,0,0,ef0923b785702de5a588b383a0d1bcea_2f53b2675d3eea360f0b48d74d30af15fc0.jpg?1786788562,Platinum,47,0,DRG
Noelle Frost,59496366,19,0,Zurvan,Materia,0,0,5e03b95700bb3e6556a80cb9336a41d2_1fa3a1b3845481a1b67b46854a3cc49afc0.jpg?1786787348,Platinum,40,0,DRG
Boz Ulceros,32280980,20,0,Ravana,Materia,0,0,269b081d650bf5598fd5a3f9419b8b43_2f53b2675d3eea360f0b48d74d30af15fc0.jpg?1786789910,Platinum,72,0,NIN
Funeral Pyre,29286073,21,0,Zurvan,Materia,0,0,48d5de4023484583f2225a2026548284_1fa3a1b3845481a1b67b46854a3cc49afc0.jpg?1786788214,Platinum,61,0,SMN
Mars Bars,41756039,22,0,Sophia,Materia,0,0,87af5886ec3b52e7e582ccc7755f6a9b_ba15a18cd3a8fb567e39053022515eb6fc0.jpg?1786788856,Platinum,49,0,DRG
Chs Crane,37655547,23,0,Sophia,Materia,0,0,7cd2d4b420716bf684bdd41ef37d9319_ba15a18cd3a8fb567e39053022515eb6fc0.jpg?1786787574,Platinum,30,0,CUL
Simetras Sol,38726083,24,0,Ravana,Materia,0,0,fc54c458f2e80d3680f50e6026011ab7_2f53b2675d3eea360f0b48d74d30af15fc0.jpg?1786790640,Gold,131,0,SCH
Lillian Melikai,42502039,25,0,Ravana,Materia,0,0,6c5f22e96162240c2bb96702fcbe123b_2f53b2675d3eea360f0b48d74d30af15fc0.jpg?1786788776,Gold,47,0,DRG
Coffee Lover,50333621,26,0,Sophia,Materia,0,0,3c4552eb56bfb14f36d9b512873eac0d_ba15a18cd3a8fb567e39053022515eb6fc0.jpg?1786788767,Gold,42,0,UNK
Twitch Pvpash,58310287,27,0,Sephirot,Materia,0,0,825390c1ecfa92c4ed45d4ff7a91e39e_30a5f9eadea6e0cb684a5265362d0d59fc0.jpg?1786790009,Gold,35,0,PLD
Disco Knees,36101852,28,0,Sophia,Materia,0,0,48d0a8dae7efe9ad10780f28920a969b_ba15a18cd3a8fb567e39053022515eb6fc0.jpg?1786787090,Gold,33,0,DRG
Seth Nier,10650761,29,0,Sophia,Materia,0,0,64bba40966450747199bec23184e47a3_ba15a18cd3a8fb567e39053022515eb6fc0.jpg?1786790222,Gold,26,0,PLD
Stupid Puzzle,57160120,30,0,Ravana,Materia,0,0,7af9b543418115db5c1299f1abb4e123_2f53b2675d3eea360f0b48d74d30af15fc0.jpg?1786788929,Gold,45,0,DRG
Stu Vermillion,45923134,31,0,Sephirot,Materia,0,0,542be51b9ba1f8c4c217e94d2b96e3aa_30a5f9eadea6e0cb684a5265362d0d59fc0.jpg?1786790028,Gold,34,0,DNC
Jena Kuwahara,28003546,32,0,Ravana,Materia,0,0,5bacb190ffd91b392df04923b13fa29a_2f53b2675d3eea360f0b48d74d30af15fc0.jpg?1786790399,Gold,92,0,WHM
Izaray Wintergray,40906176,33,0,Sophia,Materia,0,0,be2f5b4e324fa72cd4ef19d0c29f10da_ba15a18cd3a8fb567e39053022515eb6fc0.jpg?1786787754,Gold,36,0,AST
Brian Ricardo,41560139,34,0,Sophia,Materia,0,0,678ed14a243387459872b7217f75e382_ba15a18cd3a8fb567e39053022515eb6fc0.jpg?1786788862,Gold,26,0,SGE
Noah Marlowe,16149159,35,0,Ravana,Materia,0,0,ec4ee34b34397ee883bd89175e1f15df_2f53b2675d3eea360f0b48d74d30af15fc0.jpg?1786788131,Gold,15,0,RDM
Scarlette Harlette,51206657,36,0,Sephirot,Materia,0,0,2f63ccbdc329fa14480887bf4c0dfa0e_30a5f9eadea6e0cb684a5265362d0d59fc0.jpg?1786790522,Gold,64,0,DRG
Berogi Avarous,37261319,37,0,Sophia,Materia,0,0,5fbe574c31dc7541b2bb18753fed8278_ba15a18cd3a8fb567e39053022515eb6fc0.jpg?1786790213,Gold,25,0,VPR
Han Liu,44640291,38,0,Ravana,Materia,0,0,55233b520f90487f51f380e2add5fc3d_2f53b2675d3eea360f0b48d74d30af15fc0.jpg?1786790134,Gold,80,0,BRD
Lion Lord,60332724,39,0,Ravana,Materia,0,0,72fbb269e357d68127cd61715f152bc8_2f53b2675d3eea360f0b48d74d30af15fc0.jpg?1786789006,Gold,57,0,BRD
Lupercal Aurelian,37936946,40,0,Ravana,Materia,0,0,93674d47ae679f2b2191e0d82e33123f_2f53b2675d3eea360f0b48d74d30af15fc0.jpg?1786788642,Gold,25,0,MNK
Arvus Lake,60370728,41,0,Bismarck,Materia,0,0,3491a10775fcbbb5a0c1329925f30f4f_36f0570990ac5402b2ef514d36b0435cfc0.jpg?1786790019,Gold,17,0,MNK
Aislinn Rose,47395507,42,0,Ravana,Materia,0,0,920c56af8cba5363c65e0c83dbbcac71_2f53b2675d3eea360f0b48d74d30af15fc0.jpg?1786790643,Gold,60,0,WAR
Nirki Yukumo,41663432,43,0,Zurvan,Materia,0,0,c950234c9a872ae2ab8476f696fcb74f_1fa3a1b3845481a1b67b46854a3cc49afc0.jpg?1786787472,Gold,20,0,NIN
Neo Zee,58982637,44,0,Ravana,Materia,0,0,c042f71fe47095dad35d5764027056d1_2f53b2675d3eea360f0b48d74d30af15fc0.jpg?1786790254,Gold,38,0,BRD
Juru'a Mihrulh,48704606,45,0,Zurvan,Materia,0,0,80aa9b34947750aa356810124a11ba19_1fa3a1b3845481a1b67b46854a3cc49afc0.jpg?1786789430,Gold,63,0,WHM
Zervish Vanht,21659747,46,0,Ravana,Materia,0,0,ff2403388bd597c0b3fb62c30e9bff67_2f53b2675d3eea360f0b48d74d30af15fc0.jpg?1786790641,Gold,23,0,SMN
Byakko Moon,10831175,47,0,Sephirot,Materia,0,0,7d8049ebe32efa74e5107944b1e43d15_30a5f9eadea6e0cb684a5265362d0d59fc0.jpg?1786789679,Gold,3,0,VPR
Vielle Drillemont,52770027,48,0,Ravana,Materia,0,0,6c212c0698d00b38fb5cb7d51dcf91bf_2f53b2675d3eea360f0b48d74d30af15fc0.jpg?1786787261,Gold,66,0,BLM
Wierd Dude,58113414,49,0,Sephirot,Materia,0,0,c887fa7d587b2205b349abb82627a0d1_30a5f9eadea6e0cb684a5265362d0d59fc0.jpg?1786789238,Gold,63,0,GNB
Sukoshi Ninjin,57860048,50,0,Sophia,Materia,0,0,b41a0bd7b5958d56cec5f84314a28f3a_ba15a18cd3a8fb567e39053022515eb6fc0.jpg?1786788883,Gold,32,0,UNK
Aurum Blaiddyd,10794239,51,0,Sophia,Materia,0,0,8b76648a8cb1cbbd4f1c870189433f3a_ba15a18cd3a8fb567e39053022515eb6fc0.jpg?1786790253,Gold,13,0,PLD
Clars Lester,951178,52,0,Sephirot,Materia,0,0,46727c8d445323c9e5b8140d37027050_30a5f9eadea6e0cb684a5265362d0d59fc0.jpg?1786788831,Silver,61,0,MCH
Sebastian Michaelis,42038341,53,0,Sephirot,Materia,0,0,17f4346a95c45541b337263d60106b3f_30a5f9eadea6e0cb684a5265362d0d59fc0.jpg?1786788458,Silver,59,0,RDM
Sana Miyata,34196273,54,0,Ravana,Materia,0,0,4a94c0f8b59e635e8748a32f11cc42f8_2f53b2675d3eea360f0b48d74d30af15fc0.jpg?1786788339,Silver,31,0,SCH
Birdy Lou,40000398,55,0,Sophia,Materia,0,0,a8894121a60bc81621d47edf1ee0577b_ba15a18cd3a8fb567e39053022515eb6fc0.jpg?1786787472,Silver,29,0,UNK
J'mo H',10666399,56,0,Sephirot,Materia,0,0,53873e717cbf7baeb168205935077671_30a5f9eadea6e0cb684a5265362d0d59fc0.jpg?1786789231,Silver,17,0,BLM
Cwenhild Reid,41763782,57,0,Sophia,Materia,0,0,c9d176025665cc1528a984e82a81fd64_ba15a18cd3a8fb567e39053022515eb6fc0.jpg?1786788837,Silver,24,0,SAM
Pollux Renault,45246168,58,0,Ravana,Materia,0,0,af456258cb5d3ca7c42bb950f92247de_2f53b2675d3eea360f0b48d74d30af15fc0.jpg?1786788837,Silver,13,0,MNK
Ranko Riselle,47223883,59,0,Sophia,Materia,0,0,301cb977b468ead36aa13c049b17f861_ba15a18cd3a8fb567e39053022515eb6fc0.jpg?1786788771,Silver,11,0,UNK
Anzac Fenrir,10988408,60,0,Ravana,Materia,0,0,6c7b02f93e5250249333e13f236fc545_2f53b2675d3eea360f0b48d74d30af15fc0.jpg?1786789027,Silver,31,0,MCH
Kensuke Sugimori,59626210,60,0,Zurvan,Materia,0,0,b8c23a3c5466f6621fe9629c20c0b897_1fa3a1b3845481a1b67b46854a3cc49afc0.jpg?1786790394,Silver,31,0,NIN
Eustace Madao,44593837,62,0,Ravana,Materia,0,0,687914339d33024fe783e72eb5a1929f_2f53b2675d3eea360f0b48d74d30af15fc0.jpg?1786789335,Silver,22,0,RPR
Elto Malto,55670275,63,0,Zurvan,Materia,0,0,6625d7f60a549d4e764bdbbb6315b573_1fa3a1b3845481a1b67b46854a3cc49afc0.jpg?1786790154,Silver,17,0,UNK
Peaceful Serenity,44576253,64,0,Sephirot,Materia,0,0,ae7fb16a93fad97a522145bf683d894f_30a5f9eadea6e0cb684a5265362d0d59fc0.jpg?1786789564,Silver,0,0,RDM
Cucu Cucumber,43336963,65,0,Sophia,Materia,0,0,d0bedba76c1744686e4fafd9d31eeb08_ba15a18cd3a8fb567e39053022515eb6fc0.jpg?1786788061,Silver,40,0,BLM
Frierens Feet,18696306,66,0,Bismarck,Materia,0,0,55c56c5779dac3caf6a9e915a44a972d_36f0570990ac5402b2ef514d36b0435cfc0.jpg?1786788701,Silver,29,0,SMN
Persona Non-grata,59997612,66,0,Ravana,Materia,0,0,817d96e78e710beff47ca2d76caa6b30_2f53b2675d3eea360f0b48d74d30af15fc0.jpg?1786787670,Silver,29,0,PLD
C'ranmaia Lizha,60465549,68,0,Bismarck,Materia,0,0,f41736abfa17637ee6e1f020f2787726_36f0570990ac5402b2ef514d36b0435cfc0.jpg?1786788852,Silver,18,0,UNK
Shiny Garchomp,44081260,69,0,Ravana,Materia,0,0,a9aeaf4658d90c68d46e7086d323e456_2f53b2675d3eea360f0b48d74d30af15fc0.jpg?1786787174,Silver,17,0,MCH
Minty Dew,11254788,70,0,Sephirot,Materia,0,0,afdf4d4e1f96c8e17ed8dbbb09ea4e01_30a5f9eadea6e0cb684a5265362d0d59fc0.jpg?1786789680,Silver,12,0,DRG
Pompitous Litchous,28520377,71,0,Sephirot,Materia,0,0,ab4abed9c2f0b5369480818f95581f87_30a5f9eadea6e0cb684a5265362d0d59fc0.jpg?1786789799,Silver,10,0,MCH
Red Pocket,57790009,72,0,Zurvan,Materia,0,0,9ee6578b70ebe2412c9a6a3b9539d845_1fa3a1b3845481a1b67b46854a3cc49afc0.jpg?1786789001,Silver,1,0,UNK
Magnolia Moonsong,39932795,73,0,Sephirot,Materia,0,0,a9e5b8f87ce0e4e7d236eef2abfe90e0_30a5f9eadea6e0cb684a5265362d0d59fc0.jpg?1786789488,Silver,19,0,RDM
Sil Vanht,3592400,74,0,Ravana,Materia,0,0,7557bb5d8d4d13b13e750b30dbd34093_2f53b2675d3eea360f0b48d74d30af15fc0.jpg?1786788842,Silver,9,0,PLD
Re- G',41760350,75,0,Sophia,Materia,0,0,b5e032ba04147a101b5a91d07703c313_ba15a18cd3a8fb567e39053022515eb6fc0.jpg?1786789141,Silver,0,0,UNK
Tiny Seda,43818296,76,0,Ravana,Materia,0,0,21e2b2de9125d9cf1b99748fa9eef0e2_2f53b2675d3eea360f0b48d74d30af15fc0.jpg?1786788125,Silver,37,0,BLM
Venase Tym,61779775,77,0,Sophia,Materia,0,0,24aac6d5abd68d4dc957bd7c98ba27f2_ba15a18cd3a8fb567e39053022515eb6fc0.jpg?1786790028,Silver,18,0,UNK
Zero Alexander,18446688,78,0,Sophia,Materia,0,0,f2e26342d51255236baa45461f41bf5b_ba15a18cd3a8fb567e39053022515eb6fc0.jpg?1786788483,Silver,14,0,DNC
Temp Arie,41750566,79,0,Zurvan,Materia,0,0,73bdd493fc471827004a90a5745ff400_1fa3a1b3845481a1b67b46854a3cc49afc0.jpg?1786788406,Silver,13,0,RDM
Awayi Soleil,40986096,80,0,Zurvan,Materia,0,0,c84676ef434b75aec3260707fcad3d8a_1fa3a1b3845481a1b67b46854a3cc49afc0.jpg?1786788393,Silver,12,0,BLM
Swhe Swoo,28568079,81,0,Sephirot,Materia,0,0,fbccbe709d21605c6f47dec5052b1238_30a5f9eadea6e0cb684a5265362d0d59fc0.jpg?1786789543,Silver,9,0,GNB
Levinia Lumina,25634480,82,0,Ravana,Materia,0,0,9ba79c01085813db00f74aa9a46fd0c8_2f53b2675d3eea360f0b48d74d30af15fc0.jpg?1786789031,Silver,12,0,MCH
Liachen Thrope,29127861,83,0,Sophia,Materia,0,0,b0722934ed1329725ff744f9ae52c7ba_ba15a18cd3a8fb567e39053022515eb6fc0.jpg?1786790576,Silver,9,0,GSM
Goober Gooberm,48887220,84,0,Ravana,Materia,0,0,4523e0b4a5f923b67e31f18f801210af_2f53b2675d3eea360f0b48d74d30af15fc0.jpg?1786789635,Silver,18,0,ALC
Athena' Aria,29939277,85,0,Ravana,Materia,0,0,c678c1cf7f9d7de3e80882588e7606e8_2f53b2675d3eea360f0b48d74d30af15fc0.jpg?1786787501,Silver,6,0,AST
Turuturu Mennmenn,51356780,86,0,Sephirot,Materia,0,0,501dec1a7db9bac050ecbd4f8028e6e6_30a5f9eadea6e0cb684a5265362d0d59fc0.jpg?1786787233,Bronze,19,0,MNK
Hotsingles Inyourarea,43275845,87,0,Sephirot,Materia,0,0,08be8dec8891190a5227c50c7650dd29_30a5f9eadea6e0cb684a5265362d0d59fc0.jpg?1786790633,Bronze,15,0,PCT
Makh'a Zruhn,42193944,88,0,Ravana,Materia,0,0,323be164f5593618bf1111ae4538ad96_2f53b2675d3eea360f0b48d74d30af15fc0.jpg?1786789095,Bronze,6,0,SGE
Ashmi Rae,18364101,89,0,Bismarck,Materia,0,0,2b3a41d227e2937852d5c1e031d5aba0_36f0570990ac5402b2ef514d36b0435cfc0.jpg?1786787205,Bronze,5,0,BRD
Tiny Wrath,25583557,90,0,Zurvan,Materia,0,0,2c82c1a404fc646361cabcf478aed323_1fa3a1b3845481a1b67b46854a3cc49afc0.jpg?1786789956,Bronze,24,0,WHM
Fio Vanetti,41633033,91,0,Ravana,Materia,0,0,f237b05eb696b7fe8e05b757513a1ca2_2f53b2675d3eea360f0b48d74d30af15fc0.jpg?1786787438,Bronze,12,0,DRG
Ashe Elven,60375475,92,0,Ravana,Materia,0,0,d4a5d51981aa859d5ce41248e280c696_2f53b2675d3eea360f0b48d74d30af15fc0.jpg?1786788759,Bronze,10,0,PLD
Vistra Vistra,37543108,93,0,Sophia,Materia,0,0,b46ab5b00ca34214d4593336a0f112ed_ba15a18cd3a8fb567e39053022515eb6fc0.jpg?1786788691,Bronze,4,0,MCH
Zepherii Sui,43963552,94,0,Sophia,Materia,0,0,31b395238c6120dc114964c652dc393b_ba15a18cd3a8fb567e39053022515eb6fc0.jpg?1786787875,Bronze,13,0,BRD
Inconspicuous Miqo'te,3493859,95,0,Sophia,Materia,0,0,0b6b4d2c312f136911f9717c83c17997_ba15a18cd3a8fb567e39053022515eb6fc0.jpg?1786789875,Bronze,11,0,VPR
Aethon Shaan,60332336,96,0,Zurvan,Materia,0,0,2c608a6ec9ff59b0783f70b9c665a4b2_1fa3a1b3845481a1b67b46854a3cc49afc0.jpg?1786789669,Bronze,9,0,VPR
Therise Yld'amore,41754598,97,0,Bismarck,Materia,0,0,dea40bb49832c184ff5941cee3006818_36f0570990ac5402b2ef514d36b0435cfc0.jpg?1786787700,Bronze,7,0,FSH
Daeneris Stormborn,17816677,98,0,Zurvan,Materia,0,0,dd3c1f830e92ca4f902d42575517a37d_1fa3a1b3845481a1b67b46854a3cc49afc0.jpg?1786787438,Bronze,4,0,WHM
Samara Glazghotwyn,40818042,99,0,Sephirot,Materia,0,0,d89bdc111b4127d9f80e3d6a0ed3a55b_30a5f9eadea6e0cb684a5265362d0d59fc0.jpg?1786789977,Bronze,0,0,SAM
Jaliqai Bairon,49027736,100,0,Sophia,Materia,0,0,bb5b2ab907893aa971f0d78c6164de8c_ba15a18cd3a8fb567e39053022515eb6fc0.jpg?1786788136,Bronze,19,0,SMN
