name,id,cur_rank,prev_rank,world,dc,points,points_delta,portrait,tier,wins,wins_delta,job
Cliffe Zanza,36074329,1,0,Spriggan,Chaos,3320,0,d8d2fa78adb447ec4b6d5d747f5d5f84_feaf0a2e88ff164813fbc9b85876fa48fc0.jpg?1787568019,Ultima,185,0,MNK
Miyu Moon,58918526,2,0,Moogle,Chaos,3093,0,1abf5ce3756f6fa0d1c5be2cd39491bc_d7a9d5f85a29d6278ec1c7adc2c8d242fc0.jpg?1787568735,Ultima,90,12,SAM
Auelin Fae,18291844,3,0,Zodiark,Light,3057,0,2d6204db02c5efce86aca234fd6f1ce1_c274370774c6bc3483cc8740805f41bcfc0.jpg?1787566457,Ultima,130,0,WHM
Shino Yaru,38308969,4,0,Phoenix,Light,3026,0,0662727bb913ed7fe3009f3542ea1e64_5047bc596a4bab2dc7f7c120bb22dec5fc0.jpg?1787568566,Ultima,245,22,UNK
Tsukuyo Ritlas,37800185,5,0,Odin,Light,3005,121,eca30840fe0bed8e80f620b5f57c49de_644311b63b607133c989d7c1188467dafc0.jpg?1787568988,Ultima,113,4,RDM
Mamiyama Kamimama,37371304,6,8,Spriggan,Chaos,2908,86,3c6fd6569d3dce40308c9a2a1f3c3bfa_feaf0a2e88ff164813fbc9b85876fa48fc0.jpg?1787568505,Omega,377,13,SCH
Scarlet Rose,26616217,7,6,Spriggan,Chaos,2863,0,96ad88f23a708e8d6e391f669986d57c_feaf0a2e88ff164813fbc9b85876fa48fc0.jpg?1787567556,Omega,411,8,PLD
Totsu Geki,60147602,8,7,Spriggan,Chaos,2826,0,1b45188bdbf3dd4afe9a37a646eaa4b9_feaf0a2e88ff164813fbc9b85876fa48fc0.jpg?1787567801,Omega,405,32,MCH
Saboree Catboy,36051653,9,0,Spriggan,Chaos,2548,0,b61ec1080d608b5a83f30baef219dc02_feaf0a2e88ff164813fbc9b85876fa48fc0.jpg?1787568256,Omega,291,29,DNC
Yasuki San,61688064,10,0,Phantom,Chaos,2477,0,37dbf9b8936faaf9c75f598c38dcac11_f0a43d6e5eea19af337a176e9836acddfc0.jpg?1787568859,Omega,411,10,UNK
Ange Melrose,50267939,11,0,Omega,Chaos,2432,0,f2fb3057962bf3d28bcce976076f5368_39e25ac3d737c46452305eefe324372cfc0.jpg?1787568691,Omega,236,17,DRG
Tia Tomoe,41293767,12,16,Phoenix,Light,2425,89,7dc31b9a880ba3f36a3ef1208e0c5909_5047bc596a4bab2dc7f7c120bb22dec5fc0.jpg?1787568252,Omega,135,16,SMN
Sice Seven,15008161,13,21,Moogle,Chaos,2376,192,23657ac0d29f4bc5667ef1e00cf528f8_d7a9d5f85a29d6278ec1c7adc2c8d242fc0.jpg?1787566109,Omega,98,6,BRD
Crow Kaien,44749262,14,12,Zodiark,Light,2375,0,54e5719ccbdb45c6de28f017b4365207_c274370774c6bc3483cc8740805f41bcfc0.jpg?1787567539,Omega,46,0,FSH
Tarutella Goldfish,4235488,15,13,Phoenix,Light,2357,0,f269741c27ca22c02db955557e7283fa_5047bc596a4bab2dc7f7c120bb22dec5fc0.jpg?1787565884,Omega,87,1,SGE
Aura Sphere,30657353,16,14,Zodiark,Light,2355,0,6cc4a373eafbcbf88a340a52d95f133e_c274370774c6bc3483cc8740805f41bcfc0.jpg?1787567317,Omega,113,2,BLM
Prisma Tic,38791879,17,15,Cerberus,Chaos,2350,0,5220c35172bb26154c862a6d485e37b8_777c57311d510ca65dac3c1077dee435fc0.jpg?1787565541,Omega,260,0,SAM
Ase Dora,42603487,18,19,Alpha,Light,2340,98,78626e6cf6f07875d5ac9527a5bd0c4d_6132295fcf5570fb8b0a944ef322a598fc0.jpg?1787566724,Omega,434,3,BRD
Lex'ander Wayfarer,18009481,19,17,Odin,Light,2295,0,0adfa03fe11940a91e3b6a2ed08ddb88_644311b63b607133c989d7c1188467dafc0.jpg?1787568250,Omega,72,0,MCH
Resilla Frostflow,14658770,20,18,Cerberus,Chaos,2294,0,00a4e6250beb98b5644c87cffe8b7f4f_777c57311d510ca65dac3c1077dee435fc0.jpg?1787568665,Omega,146,0,WAR
Elohim Meth,60682611,21,26,Raiden,Light,2225,295,0b14f1751b014118eca06236e1fdf2bf_a370664d98f658f4ed4e620f378f73cdfc0.jpg?1787565982,Omega,146,5,UNK
Ivaious Zol,38270926,22,20,Odin,Light,2215,0,2e78b44195db83336b1acbe75927a864_644311b63b607133c989d7c1188467dafc0.jpg?1787566748,Omega,135,12,RDM
Lhei Tayun,25191408,23,22,Zodiark,Light,2179,0,6ee93960f16da0ea5150fe1b7590dfa4_c274370774c6bc3483cc8740805f41bcfc0.jpg?1787567688,Omega,240,10,BLM
Loty Coldwind,36521588,24,23,Twintania,Light,2102,0,3632cf6d20598f5c4c7b748be7e19153_c33f640c0cdd35f7def85b8aa31a0007fc0.jpg?1787566685,Omega,297,14,SCH
Akari Tsuki,31005286,25,48,Louisoix,Chaos,2006,497,28e1cfaecfbf911dc3621f5de74642aa_0a122616f3718d3f45cab10fd8fc1604fc0.jpg?1787568127,Omega,63,5,MNK
Maarato Cookie,20349526,26,24,Twintania,Light,2002,0,dbab16598b86bb31b2eb96070f723572_c33f640c0cdd35f7def85b8aa31a0007fc0.jpg?1787567304,Omega,187,20,BLM
Leedo Dale,25033597,27,25,Zodiark,Light,1983,0,9e122691e98bda2ea6abe86ed7b81a63_c274370774c6bc3483cc8740805f41bcfc0.jpg?1787568320,Omega,445,22,RDM
Deadrise Mutombo,31730694,28,27,Ragnarok,Chaos,1928,0,a382acb94313f23d966dd6d39d909bea_40d57ba713628f3f1ef5ef204b6d76d2fc0.jpg?1787566753,Omega,150,3,NIN
Arale Il,15406803,29,28,Ragnarok,Chaos,1919,0,e5c2a19e43a1edb9b276827163b36a1b_40d57ba713628f3f1ef5ef204b6d76d2fc0.jpg?1787566591,Omega,142,0,AST
Xen Thique,40172078,30,32,Odin,Light,1894,97,8930228f4df0c18feea28ebbb1c451f2_644311b63b607133c989d7c1188467dafc0.jpg?1787567367,Omega,108,1,SCH
Marci Sidekick,41408431,31,29,Zodiark,Light,1887,102,a9c3b41a05dec1fd191fe80f38009aa5_c274370774c6bc3483cc8740805f41bcfc0.jpg?1787568496,Omega,64,1,DRG
Tei Tei,36611700,32,31,Odin,Light,1886,86,21c224545e3d3af775a3d377c8e444bf_644311b63b607133c989d7c1188467dafc0.jpg?1787568641,Omega,145,17,AST
Miyu Edelfelt,21335430,33,0,Phoenix,Light,1827,42,ba690d74246b4d07f543f0d9516feec2_5047bc596a4bab2dc7f7c120bb22dec5fc0.jpg?1787568503,Omega,215,16,SGE
Misora Kaiatsa,25126040,34,30,Moogle,Chaos,1814,0,80fa199452585ab77d14128509576300_d7a9d5f85a29d6278ec1c7adc2c8d242fc0.jpg?1787565922,Omega,131,2,RDM
Maggot Maggot,61703768,35,34,Omega,Chaos,1709,0,3657d57f4a20a5d901d7f4537f1b7307_39e25ac3d737c46452305eefe324372cfc0.jpg?1787568513,Omega,235,0,WAR
Dalik Mathis,9537863,36,35,Ragnarok,Chaos,1694,0,fd4dde44208527cc20e58ba589d51f01_40d57ba713628f3f1ef5ef204b6d76d2fc0.jpg?1787566489,Omega,161,5,GNB
Ame Ame,20722816,37,36,Ragnarok,Chaos,1694,0,84eea0fa24e8d91df6e02312644e4c94_40d57ba713628f3f1ef5ef204b6d76d2fc0.jpg?1787567165,Omega,67,0,UNK
Yhren Vhal,56948558,38,51,Odin,Light,1693,196,3f62ad2093c1016540ef936a5563823b_644311b63b607133c989d7c1188467dafc0.jpg?1787566930,Omega,248,2,UNK
Kimbi Aoe,24693270,39,43,Shiva,Light,1692,99,67e0ddfb70faf5725a971d086cfdce61_3fbff0e6b620e4d259dc427abc6574dafc0.jpg?1787565714,Omega,80,1,MCH
Sweet Light,41777815,40,37,Spriggan,Chaos,1679,0,2e6808627bd2b8f0f5f0377d20cbbbc5_feaf0a2e88ff164813fbc9b85876fa48fc0.jpg?1787567010,Omega,100,3,WHM
Fygqhzr Zhgfjhh,49000606,41,38,Phantom,Chaos,1679,0,ed46d70a9c354991698a796aac7c462e_f0a43d6e5eea19af337a176e9836acddfc0.jpg?1787565890,Omega,46,0,DRG
Shia Sun,1754600,42,39,Odin,Light,1678,0,7550981ba488e5ebe919aa3cb39efbfa_644311b63b607133c989d7c1188467dafc0.jpg?1787567372,Omega,183,3,PCT
Delzor Waka,40194085,43,40,Odin,Light,1663,0,bde30c4caff355f65cf9761727b12725_644311b63b607133c989d7c1188467dafc0.jpg?1787566910,Omega,168,7,MCH
Pan Ther,47356852,44,41,Twintania,Light,1651,0,fc9492796dbee9f84ae010350ec7759c_c33f640c0cdd35f7def85b8aa31a0007fc0.jpg?1787567556,Omega,148,0,RPR
Jun Moxiao,40533777,45,46,Odin,Light,1634,63,9f41b7adf0a59849ae35b17cdace2b32_644311b63b607133c989d7c1188467dafc0.jpg?1787566796,Omega,139,14,VPR
Two Koma,51508003,46,42,Zodiark,Light,1595,0,15a666f8d7bb67401300fae763ce4d32_c274370774c6bc3483cc8740805f41bcfc0.jpg?1787568603,Omega,125,0,VPR
Yun' Yun,11341467,47,60,Cerberus,Chaos,1592,389,df098ceed6d9cf14cf61cc4110cd6cb5_777c57311d510ca65dac3c1077dee435fc0.jpg?1787568914,Omega,160,6,WHM
Magna Shanoa,22946172,48,44,Omega,Chaos,1591,0,fa3b3fe187b1dcbf8c4a5af5b2c5d507_39e25ac3d737c46452305eefe324372cfc0.jpg?1787565883,Omega,61,0,GNB
Cat Wife,21099767,49,45,Zodiark,Light,1584,0,76d1664265ae631c957cfab6c72cfba9_c274370774c6bc3483cc8740805f41bcfc0.jpg?1787566990,Omega,25,0,RDM
Yi Ma,60448295,50,47,Phoenix,Light,1564,0,bb3af62117cae7488d9b02007f341c7b_5047bc596a4bab2dc7f7c120bb22dec5fc0.jpg?1787565958,Omega,121,0,DNC
Ten Gil,17217146,51,49,Louisoix,Chaos,1506,0,884fcae1e61228d09798c630a2c827fb_0a122616f3718d3f45cab10fd8fc1604fc0.jpg?1787567541,Omega,67,0,SMN
Chise Hatori',9182735,52,50,Ragnarok,Chaos,1500,0,236f29f4984f26e6b197da380f104a63_40d57ba713628f3f1ef5ef204b6d76d2fc0.jpg?1787565646,Omega,169,0,RDM
Memento Mo'ri,1641495,53,52,Ragnarok,Chaos,1495,0,86323bce84189061b1d71ff1dc25266a_40d57ba713628f3f1ef5ef204b6d76d2fc0.jpg?1787568905,Crystal,120,0,WHM
A'dyalani Sato,10026278,54,53,Odin,Light,1487,0,d072994a22af88090aecf6e5a3b85c36_644311b63b607133c989d7c1188467dafc0.jpg?1787567500,Crystal,208,10,NIN
Shimori Bunihara,35166011,55,54,Raiden,Light,1461,0,c44c8fc68c230b1051ec35a527afe9ed_a370664d98f658f4ed4e620f378f73cdfc0.jpg?1787567881,Crystal,134,0,RPR
Aurora Maou,26517539,56,55,Louisoix,Chaos,1388,0,433a49b5cc43b35afac03d97c50262f9_0a122616f3718d3f45cab10fd8fc1604fc0.jpg?1787566558,Crystal,106,0,GNB
Baby Starz,27999014,57,56,Omega,Chaos,1381,3,e8cb7daea22ff306dcc9397ecad5a4a2_39e25ac3d737c46452305eefe324372cfc0.jpg?1787566681,Crystal,167,6,MNK
Sunie Mochi,12728791,58,57,Twintania,Light,1374,0,4760f9b45bd6f71f83adbd97ab87eae3_c33f640c0cdd35f7def85b8aa31a0007fc0.jpg?1787566695,Crystal,207,0,DNC
Meryll Enetari,24681550,59,58,Cerberus,Chaos,1293,0,f4fe16c70d7023e2101e19421c5abf1e_777c57311d510ca65dac3c1077dee435fc0.jpg?1787567278,Crystal,315,9,VPR
Lsi Lsi,47353875,60,59,Lich,Light,1209,0,792b3235fe2fbd35d956e856c210194f_7206469080400ed57a5373d0a9c55c59fc0.jpg?1787566693,Crystal,127,5,MNK
Based Miqote,46487952,61,0,Twintania,Light,1190,0,5e2bb42e554586a20b050b7fd3f88e26_c33f640c0cdd35f7def85b8aa31a0007fc0.jpg?1787568574,Crystal,117,6,UNK
Yamizura Kumozuma,19652230,62,65,Twintania,Light,1179,99,24bbc9cebf09eb83efcbc272c3085fd1_c33f640c0cdd35f7def85b8aa31a0007fc0.jpg?1787566197,Crystal,16,1,SCH
Kyouko Owo,25629243,63,62,Louisoix,Chaos,1157,0,4fbeb17208a00397ad05eebfc2d20d2f_0a122616f3718d3f45cab10fd8fc1604fc0.jpg?1787567001,Crystal,68,3,WHM
Myst Freyja,33906213,64,63,Omega,Chaos,1102,0,240b879fd403fc16c04022b6075077ae_39e25ac3d737c46452305eefe324372cfc0.jpg?1787568116,Crystal,69,0,RDM
Snap Ringer,18714030,65,64,Omega,Chaos,1093,0,77577ce781d587b133c9c53da0974817_39e25ac3d737c46452305eefe324372cfc0.jpg?1787568751,Crystal,22,0,SAM
Phaey Yeon,58326616,66,0,Moogle,Chaos,1006,0,6497d439e55c80c0156c198e7f135c78_d7a9d5f85a29d6278ec1c7adc2c8d242fc0.jpg?1787566372,Crystal,112,0,UNK
Imy Pure,24943089,67,0,Cerberus,Chaos,1006,0,2e46879ac1baf7fc77ec2de872a0461c_777c57311d510ca65dac3c1077dee435fc0.jpg?1787568819,Crystal,24,0,CUL
Raiden Thorne,27238016,68,0,Zodiark,Light,996,0,96a909af8d24d60f6d8173f8cc16facb_c274370774c6bc3483cc8740805f41bcfc0.jpg?1787569031,Crystal,18,0,RDM
Yuripa Arashi,37731658,69,109,Shiva,Light,984,487,73ff0d0b3cc5f92ec79dabffa2bedf80_3fbff0e6b620e4d259dc427abc6574dafc0.jpg?1787568426,Crystal,48,8,WAR
Elyndra Mayhn,27143285,70,69,Twintania,Light,937,0,e4b30c11c8c987996e50ee4c5899c037_c33f640c0cdd35f7def85b8aa31a0007fc0.jpg?1787567211,Crystal,124,0,BRD
Tyra Kett,26531277,71,70,Spriggan,Chaos,926,0,101b7ec48bba5c5e5b34fda1316c57bc_feaf0a2e88ff164813fbc9b85876fa48fc0.jpg?1787567785,Crystal,126,0,DRG
Mitsuki Mirai,18435457,72,71,Louisoix,Chaos,918,1,365f1772f387bd280bdbfc16afbd5e4e_0a122616f3718d3f45cab10fd8fc1604fc0.jpg?1787568985,Crystal,48,1,SAM
Farnese Shieldmaiden,24419493,73,89,Cerberus,Chaos,913,198,dcec016c4a6cd9a2bd3a2b73183f5a65_777c57311d510ca65dac3c1077dee435fc0.jpg?1787566419,Crystal,37,3,PLD
Wwwwwwwwww Wwwwwwwwww,22934838,74,72,Odin,Light,910,0,44b50a04ce7aed4e2c4699753f5b83bc_644311b63b607133c989d7c1188467dafc0.jpg?1787567720,Crystal,61,0,SMN
Sin Mirrorslave,43994621,75,73,Raiden,Light,908,0,3f8e3345c252d3f9b50e27c481f91100_a370664d98f658f4ed4e620f378f73cdfc0.jpg?1787567864,Crystal,59,0,UNK
Kyra Nshakha,56831314,76,75,Alpha,Light,905,0,b27d76c3fbe312d06184fd92f8aebc55_6132295fcf5570fb8b0a944ef322a598fc0.jpg?1787568117,Crystal,146,12,DRG
Magic Beans,43732030,77,74,Phoenix,Light,905,0,4a7e75e2be4f70e389e8807cc1d2b885_5047bc596a4bab2dc7f7c120bb22dec5fc0.jpg?1787568486,Crystal,145,0,SCH
Xanthe Hati,28239197,78,134,Sagittarius,Chaos,891,593,9bf816bfcd7f963908af59458b5500c9_44ca0844398b2d010d8cd4a31ddb023dfc0.jpg?1787568166,Crystal,62,11,VPR
Holos Ymir,35299241,79,76,Cerberus,Chaos,876,0,f8029ed36fad032333305dfa455cddec_777c57311d510ca65dac3c1077dee435fc0.jpg?1787568082,Crystal,84,6,MCH
Khorasan Ataraxia,47289604,80,77,Shiva,Light,811,0,721a6c9c723209b16696818df4cf0c93_3fbff0e6b620e4d259dc427abc6574dafc0.jpg?1787569068,Crystal,258,9,UNK
Lybel Alyborias,25836089,81,78,Louisoix,Chaos,807,0,a86b680e6c4e5e23befaaaf535a158de_0a122616f3718d3f45cab10fd8fc1604fc0.jpg?1787567133,Crystal,67,0,RDM
Baka Bao,30345026,82,79,Phantom,Chaos,801,0,57df7efcbcdf8f1aca84c4f1435c36ba_f0a43d6e5eea19af337a176e9836acddfc0.jpg?1787566915,Crystal,490,22,SAM
Brian Ricardo,23607238,83,80,Zodiark,Light,801,0,9c9d045f5f22c579ce5c24faa2b9b303_c274370774c6bc3483cc8740805f41bcfc0.jpg?1787567053,Crystal,65,0,AST
Tay Talenath,45740169,84,81,Raiden,Light,799,0,b2fa0c7222f7e3ebe117f24a200e11d8_a370664d98f658f4ed4e620f378f73cdfc0.jpg?1787567624,Crystal,168,0,PCT
Spedah Sashihai,46717230,85,82,Phantom,Chaos,797,0,916aa42d41d9cb06784f26d21d850c5a_f0a43d6e5eea19af337a176e9836acddfc0.jpg?1787567965,Crystal,131,16,SGE
Drop Dead,61865612,86,83,Raiden,Light,796,0,8b4d73c68bf61dbad86bb051105da5ec_a370664d98f658f4ed4e620f378f73cdfc0.jpg?1787567519,Crystal,61,0,VPR
Endorel Soro,12949151,87,84,Alpha,Light,796,0,038b9a835f84a3b80a8a467605d3dd8c_6132295fcf5570fb8b0a944ef322a598fc0.jpg?1787565646,Crystal,43,0,UNK
Acacia Strain,43137076,88,85,Raiden,Light,794,0,8678948c8fea34b563980d4a6da37e32_a370664d98f658f4ed4e620f378f73cdfc0.jpg?1787566593,Crystal,331,0,SMN
Sal Ren,40787945,89,86,Phoenix,Light,793,0,9613f7a8c0a759977b8a3fe787fed7e0_5047bc596a4bab2dc7f7c120bb22dec5fc0.jpg?1787567319,Crystal,98,12,DRG
Hyzenthlay Efrafa,1817919,90,87,Ragnarok,Chaos,790,0,f61f49f2ed95a3709fa034686da0eb63_40d57ba713628f3f1ef5ef204b6d76d2fc0.jpg?1787566208,Crystal,59,0,RPR
Skillpade Skyr,37019657,91,88,Lich,Light,782,0,e520a31662bd7030c96e4951a4f2d301_7206469080400ed57a5373d0a9c55c59fc0.jpg?1787568162,Crystal,146,0,DRK
Terro Beoulevard,51148631,92,90,Sagittarius,Chaos,709,0,758b534f47542287e0b99c648590b2ac_44ca0844398b2d010d8cd4a31ddb023dfc0.jpg?1787568443,Crystal,62,0,VPR
Life Enjoyer,28145650,93,91,Raiden,Light,704,0,1f163924ab5a124c00b3684fe37e6e58_a370664d98f658f4ed4e620f378f73cdfc0.jpg?1787568725,Crystal,104,0,DRG
Alex Rider,18844824,94,107,Raiden,Light,702,602,88e1d370b1f9d1b22933e6476449b463_a370664d98f658f4ed4e620f378f73cdfc0.jpg?1787565703,Crystal,57,10,WHM
Red Aura,58355527,95,92,Spriggan,Chaos,700,0,24685b07d940d962953f7111d4144e46_feaf0a2e88ff164813fbc9b85876fa48fc0.jpg?1787568840,Crystal,49,0,MNK
Diarmuidia Ua-dibhne,60435376,96,93,Cerberus,Chaos,699,0,5d9b7dcb4848e335ad4a88c0dc644669_777c57311d510ca65dac3c1077dee435fc0.jpg?1787566871,Crystal,99,0,DRG
Feri De,32873333,97,94,Twintania,Light,698,0,04fae792c920333e5bdc3287c0df72e4_c33f640c0cdd35f7def85b8aa31a0007fc0.jpg?1787565667,Crystal,162,10,PCT
Lost Signal,56186869,98,95,Odin,Light,695,0,b36972ee34bfd25f82ce348b32b6f5da_644311b63b607133c989d7c1188467dafc0.jpg?1787565809,Crystal,121,0,SAM
Gabriel Zephyrus,11099535,99,96,Zodiark,Light,690,0,fb5c6913d0c275952def0841ab82887f_c274370774c6bc3483cc8740805f41bcfc0.jpg?1787566685,Crystal,199,0,RPR
Laela Hyun,59589734,100,97,Phantom,Chaos,684,0,a377ba040d4300db7c8df4efc92acd53_f0a43d6e5eea19af337a176e9836acddfc0.jpg?1787566459,Crystal,55,0,UNK
Magidolce Magileine,39132419,101,98,Twintania,Light,614,0,088bd05d5a98251023ecb7e28a638b68_c33f640c0cdd35f7def85b8aa31a0007fc0.jpg?1787568008,Crystal,265,18,SMN
Sophia Ariadne,11431073,102,99,Odin,Light,600,0,f4329ddf82a418a6e12f1ba978bc1523_644311b63b607133c989d7c1188467dafc0.jpg?1787568890,Crystal,57,0,WHM
Roy Dimgao,29524655,103,100,Omega,Chaos,597,0,320af7149c63c337e5826c2c2cc1bf37_39e25ac3d737c46452305eefe324372cfc0.jpg?1787565553,Crystal,187,0,RDM
Feral Jorex,21749898,104,101,Odin,Light,594,0,f9027c778862384a6ae4224efd2fe7c3_644311b63b607133c989d7c1188467dafc0.jpg?1787567401,Crystal,282,20,SMN
General Aardvark,48423100,105,102,Twintania,Light,514,0,cf88029724167c1d18ed8c536a862900_c33f640c0cdd35f7def85b8aa31a0007fc0.jpg?1787566584,Crystal,169,4,SAM
Neclord Drakan,34358772,106,103,Phoenix,Light,510,0,7e002012c8fc4f9e493cd5879573e088_5047bc596a4bab2dc7f7c120bb22dec5fc0.jpg?1787566181,Crystal,41,0,SGE
Shiroko Momo,39619880,107,104,Odin,Light,504,0,83b4a27fbdf8dfdce9a7e095cc14bf41_644311b63b607133c989d7c1188467dafc0.jpg?1787568599,Crystal,148,0,WHM
Aris Oz,41983172,108,105,Zodiark,Light,504,3,abbd4cf51609bf59977c5b4850c4c351_c274370774c6bc3483cc8740805f41bcfc0.jpg?1787565568,Crystal,50,4,WAR
Master Zoknik,47233914,109,106,Omega,Chaos,498,0,47b7a0d3c4816d6dc7cb85c85a3685f7_39e25ac3d737c46452305eefe324372cfc0.jpg?1787567512,Crystal,69,0,DRK
Yellow Blue,58488618,110,108,Spriggan,Chaos,497,0,51731f8a93c1d8b59b5c3ded4ffb5a64_feaf0a2e88ff164813fbc9b85876fa48fc0.jpg?1787565668,Crystal,80,0,DRG
Jou Bright,26172504,111,110,Shiva,Light,496,0,80f6d86c4118e80a4c51ba20920a1384_3fbff0e6b620e4d259dc427abc6574dafc0.jpg?1787565694,Crystal,182,0,WAR
Lolorei Lalarei,3686155,112,163,Omega,Chaos,496,303,da6ff12e4effc4cbacfe1b954f1c3bf5_39e25ac3d737c46452305eefe324372cfc0.jpg?1787566355,Crystal,147,6,WHM
Thor Strom,35911315,113,111,Cerberus,Chaos,496,0,3826da79ed71141aec290f69127b5c79_777c57311d510ca65dac3c1077dee435fc0.jpg?1787567471,Crystal,5,0,SCH
Reireiko Reiko,51402233,114,112,Alpha,Light,491,0,6bb627130b2067e09c7110eb74707745_6132295fcf5570fb8b0a944ef322a598fc0.jpg?1787565784,Crystal,37,0,GNB
Zot To,18725302,115,113,Cerberus,Chaos,491,0,852c16bac4fe7f528a8653c65704e818_777c57311d510ca65dac3c1077dee435fc0.jpg?1787567754,Crystal,4,0,AST
Bing Bing,50857849,116,114,Odin,Light,424,0,1a2b77cf04680b9bfe1c19f07f9f1f44_644311b63b607133c989d7c1188467dafc0.jpg?1787566504,Crystal,74,0,MNK
Zecht Bradamant,31785474,117,115,Omega,Chaos,415,0,b0b8438e6682f2931a1a930121d0ab43_39e25ac3d737c46452305eefe324372cfc0.jpg?1787566409,Crystal,103,0,GNB
Yinwea Levai,36476322,118,116,Shiva,Light,412,0,944bf3a8e93fcc8f15f3f521462d11b5_3fbff0e6b620e4d259dc427abc6574dafc0.jpg?1787566347,Crystal,154,0,AST
Frankie Urien,32323176,119,117,Odin,Light,405,0,ffae33588fe71f102672b7defdb50a30_644311b63b607133c989d7c1188467dafc0.jpg?1787566062,Crystal,212,0,DNC
Pat Olehouse,17156873,120,128,Lich,Light,404,100,54c944c62ef7bd68e95a2a558d856482_7206469080400ed57a5373d0a9c55c59fc0.jpg?1787567964,Crystal,91,3,PLD
Ul Unhu,9592278,121,118,Phoenix,Light,403,0,d703e404c81140848dbcd200abc4ef7e_5047bc596a4bab2dc7f7c120bb22dec5fc0.jpg?1787566689,Crystal,139,3,AST
Sho'zhirr Shizahi-jo,28092848,122,119,Phoenix,Light,403,0,c6923f91c3f9e08d53d38488a3040788_5047bc596a4bab2dc7f7c120bb22dec5fc0.jpg?1787567411,Crystal,72,0,UNK
Seraban Mistodisushi,25116690,123,120,Omega,Chaos,402,0,9ab6f5d4307a747e8378402c6070b2a7_39e25ac3d737c46452305eefe324372cfc0.jpg?1787566594,Crystal,114,4,UNK
Lawr Hawk,28248881,124,121,Odin,Light,401,0,e241b26df61ea0e201b637a7ae6c4cd4_644311b63b607133c989d7c1188467dafc0.jpg?1787566075,Crystal,63,0,PCT
Cipher Strife,7955322,125,122,Ragnarok,Chaos,400,0,fd0f2644fe22871d381e6bae8798c484_40d57ba713628f3f1ef5ef204b6d76d2fc0.jpg?1787566970,Crystal,257,12,GNB
Rin Tanaka,24116937,126,123,Phoenix,Light,398,0,05caa52c69a69c31a889325a1f319530_5047bc596a4bab2dc7f7c120bb22dec5fc0.jpg?1787568626,Crystal,122,6,WHM
Lion Lad,60548427,127,124,Phantom,Chaos,398,0,69af2e062eb7ba4549c964e1fbc8b79e_f0a43d6e5eea19af337a176e9836acddfc0.jpg?1787568067,Crystal,29,0,BRD
Firas Xll,61570305,128,125,Alpha,Light,397,0,180935d91342970858d2044d5c23d436_6132295fcf5570fb8b0a944ef322a598fc0.jpg?1787568407,Crystal,68,0,SCH
Aeo We,10437907,129,126,Ragnarok,Chaos,397,0,2cc33bbd6e1f29b872030a98ed37c0fc_40d57ba713628f3f1ef5ef204b6d76d2fc0.jpg?1787567806,Crystal,31,4,UNK
Blunt Man,35300195,130,144,Louisoix,Chaos,396,193,bfddeb1fd8c57b9259f8bb179dd8158b_0a122616f3718d3f45cab10fd8fc1604fc0.jpg?1787566765,Crystal,146,14,SAM
Purr It,40913226,131,127,Zodiark,Light,383,0,9adf9c1689ff6761673da6e25b839b7b_c274370774c6bc3483cc8740805f41bcfc0.jpg?1787565673,Crystal,129,0,RPR
Victoria Nyala,43751055,132,129,Phoenix,Light,304,0,d41ca298e2f03ee2273aca61640ebce0_5047bc596a4bab2dc7f7c120bb22dec5fc0.jpg?1787567304,Crystal,59,0,MCH
Yoe Lleufyn,28631681,133,130,Phoenix,Light,302,0,9584dd8fac44ba749b0855105a0e29e9_5047bc596a4bab2dc7f7c120bb22dec5fc0.jpg?1787568980,Crystal,90,4,PCT
Neo Saladin,60195724,134,131,Alpha,Light,299,0,d61ef205c9700150e78797546d2ac263_6132295fcf5570fb8b0a944ef322a598fc0.jpg?1787568726,Crystal,90,0,MCH
Medicine Melancholy,25525676,135,158,Raiden,Light,299,100,8a3aaef7e82e665cdb12f15457700593_a370664d98f658f4ed4e620f378f73cdfc0.jpg?1787565882,Crystal,71,1,RDM
Madelynn Veil,49771412,136,132,Omega,Chaos,299,0,92f91d9225bb816c6562fb117814681e_39e25ac3d737c46452305eefe324372cfc0.jpg?1787566773,Crystal,57,0,BLM
Kihn Shirudo,43951482,137,133,Spriggan,Chaos,298,0,2e619166d10daa6082c54563a5af17ff_feaf0a2e88ff164813fbc9b85876fa48fc0.jpg?1787566911,Crystal,54,0,DRK
Lunaelumen Heartless,3344766,138,135,Phoenix,Light,298,0,442c49c53db78614043ce10aa9733411_5047bc596a4bab2dc7f7c120bb22dec5fc0.jpg?1787569090,Crystal,48,0,DRK
Riseon Misha,26343965,139,136,Zodiark,Light,297,0,d883dcfcee6650b3e6e1691bf6838f6c_c274370774c6bc3483cc8740805f41bcfc0.jpg?1787567625,Crystal,121,4,WHM
Ultimo Tower,13765195,140,137,Odin,Light,297,0,f3f293a7802e54bc6d3f5c2ceb6f4902_644311b63b607133c989d7c1188467dafc0.jpg?1787566176,Crystal,102,0,DRK
Dundee Nic'hpisfa,35976824,141,138,Odin,Light,296,0,8eda92b5ce2e258786d149b7cb349e09_644311b63b607133c989d7c1188467dafc0.jpg?1787567361,Crystal,196,0,SGE
Night Siren,46140840,142,139,Alpha,Light,221,0,5b2c854dc9360523ee7fcd5bfee41621_6132295fcf5570fb8b0a944ef322a598fc0.jpg?1787566163,Crystal,168,0,GNB
Erion Hein,39135014,143,140,Twintania,Light,216,0,ba6bc1e1e70e5f3402d91ecfcf7d01e8_c33f640c0cdd35f7def85b8aa31a0007fc0.jpg?1787569089,Crystal,144,0,MIN
Ayrelinia Saelinire,41821402,144,141,Spriggan,Chaos,207,0,8604bb768bf59461e5f44eef46ee9961_feaf0a2e88ff164813fbc9b85876fa48fc0.jpg?1787567249,Crystal,22,0,WHM
Renna Vorak,25421061,145,142,Raiden,Light,206,0,c2dc94bad32c136ebcdcb42ec56ba1c3_a370664d98f658f4ed4e620f378f73cdfc0.jpg?1787568895,Crystal,73,0,BRD
Keylinda Heliopsis,44659154,146,143,Moogle,Chaos,204,0,aae227ec83063cc479b9c5f6fb803e66_d7a9d5f85a29d6278ec1c7adc2c8d242fc0.jpg?1787569073,Crystal,125,2,WHM
Brutal Killer,8885117,147,145,Ragnarok,Chaos,203,0,30c6a6207c7e93d407784888a7f29c97_40d57ba713628f3f1ef5ef204b6d76d2fc0.jpg?1787566405,Crystal,3,0,DRK
Strife Duskblade,34142903,148,146,Omega,Chaos,202,0,e8d7518889e9dd65f6114527334ca66a_39e25ac3d737c46452305eefe324372cfc0.jpg?1787568012,Crystal,82,0,DRK
Gaspard Deguingoix,11032081,149,147,Moogle,Chaos,201,0,b9283e6a6be9cd219ee0afea98546775_d7a9d5f85a29d6278ec1c7adc2c8d242fc0.jpg?1787566692,Crystal,79,0,SGE
Sayuri Maeshima,33888798,150,148,Omega,Chaos,201,0,9543e703e2409901a4e4c51fcd72a0bd_39e25ac3d737c46452305eefe324372cfc0.jpg?1787566107,Crystal,57,0,FSH
Tiranna Reinford,12390793,151,149,Moogle,Chaos,201,0,287223c7dac01617ab03a9e54406de0e_d7a9d5f85a29d6278ec1c7adc2c8d242fc0.jpg?1787567627,Crystal,31,0,WAR
Mizu Shimizu,41402391,152,150,Twintania,Light,200,0,b745f1d87ccd905d96d6b6ca49092222_c33f640c0cdd35f7def85b8aa31a0007fc0.jpg?1787567431,Crystal,74,0,UNK
Ash Dreadsaint,16641514,153,151,Alpha,Light,200,0,35babc8a56d97c1de09ffbf594068bd0_6132295fcf5570fb8b0a944ef322a598fc0.jpg?1787566408,Crystal,67,0,GNB
Shadow Aya,54551815,154,152,Zodiark,Light,200,0,5ca13f39db9eefc50e8e57be73e7254e_c274370774c6bc3483cc8740805f41bcfc0.jpg?1787568746,Crystal,60,0,DRK
Krek Balflear,48912824,155,153,Sagittarius,Chaos,200,0,3ddedc4fdcf35465d04f99e2b4737a9f_44ca0844398b2d010d8cd4a31ddb023dfc0.jpg?1787567072,Crystal,42,0,RPR
Eve Naeuri,43290162,156,154,Sagittarius,Chaos,200,0,c143c5d5e461ba9e3f51c07a3de23e21_44ca0844398b2d010d8cd4a31ddb023dfc0.jpg?1787567718,Crystal,39,1,WAR
Neppie Nen,38644421,157,155,Phoenix,Light,200,0,6744f6c777bfc017ed7318054ef44f3d_5047bc596a4bab2dc7f7c120bb22dec5fc0.jpg?1787567746,Crystal,31,0,RDM
Selin Naari,16360751,158,156,Cerberus,Chaos,200,0,fb2c3681e2cb33bdcd7894d5aad0b9ec_777c57311d510ca65dac3c1077dee435fc0.jpg?1787567958,Crystal,21,0,PLD
Wimp Lo,37793632,159,157,Zodiark,Light,199,0,45ed053d252c3a44eabe55329426aa37_c274370774c6bc3483cc8740805f41bcfc0.jpg?1787566308,Crystal,143,0,RPR
Airi Rhitik,2286171,160,159,Moogle,Chaos,197,0,0e7c747879926e0f575c8444323c478f_d7a9d5f85a29d6278ec1c7adc2c8d242fc0.jpg?1787568745,Crystal,113,0,AST
Vyn Silvair,21908199,161,160,Shiva,Light,196,0,05a4597e1e8ad1e87cfc4aab88be286c_3fbff0e6b620e4d259dc427abc6574dafc0.jpg?1787566171,Crystal,87,0,WHM
Mats Luxed,36390152,162,161,Twintania,Light,196,0,4d98b4ef01ccfc9df166d83a5771a4ea_c33f640c0cdd35f7def85b8aa31a0007fc0.jpg?1787568818,Crystal,32,0,SAM
Luca Natura,26126798,163,162,Omega,Chaos,196,0,aee9a8f332f96a4c5a45923c0e82782a_39e25ac3d737c46452305eefe324372cfc0.jpg?1787566768,Crystal,24,0,GSM
Wieg Wiggles,35061622,164,0,Lich,Light,192,0,61256a3e6c4f0c3dcc05469f5550d102_7206469080400ed57a5373d0a9c55c59fc0.jpg?1787568260,Crystal,171,0,WAR
Limit Cat,37849108,165,0,Lich,Light,191,0,5b03795e0323d8633451ea410c4aeced_7206469080400ed57a5373d0a9c55c59fc0.jpg?1787566759,Crystal,18,3,RDM
Deltimor Offerentis,53216923,166,0,Ragnarok,Chaos,101,0,b1f3b3bcc24281f671ac2ced6960431a_40d57ba713628f3f1ef5ef204b6d76d2fc0.jpg?1787566516,Crystal,292,0,BLM
Arima Sui,61051327,167,0,Alpha,Light,100,0,a616749d9bdfd00b6659f83dbb1c8a7f_6132295fcf5570fb8b0a944ef322a598fc0.jpg?1787568567,Crystal,355,24,MCH
Freya Highwind,37533969,168,0,Spriggan,Chaos,100,0,de376c51fd21ccbb1018c1c3fb40734b_feaf0a2e88ff164813fbc9b85876fa48fc0.jpg?1787566504,Crystal,204,0,WAR
Sonnas Dedede,37860927,169,0,Twintania,Light,100,0,25b1bad7226a0841ef265c7dc5b0eba9_c33f640c0cdd35f7def85b8aa31a0007fc0.jpg?1787567144,Crystal,202,0,SAM
Laville Burns,44676490,170,0,Alpha,Light,100,0,1999bb362905ab6ad44fa2e8931ef3dc_6132295fcf5570fb8b0a944ef322a598fc0.jpg?1787565727,Crystal,200,0,RDM
Arienai Nashi,47596567,171,0,Zodiark,Light,100,0,ccbc05e41375849179a5f554d78d7ae1_c274370774c6bc3483cc8740805f41bcfc0.jpg?1787567168,Crystal,184,0,PCT
Rose Nashi'rah,5586423,172,232,Moogle,Chaos,100,100,eabb33d9d4a68beb623fdbad8de0ccd2_d7a9d5f85a29d6278ec1c7adc2c8d242fc0.jpg?1787567072,Crystal,179,4,SMN
Keraunos Greywolfe,31183458,173,172,Alpha,Light,100,0,3431088cd9f33e5f20e30162c35286fd_6132295fcf5570fb8b0a944ef322a598fc0.jpg?1787568113,Crystal,177,0,DRK
Staz Hellcat,8016319,174,173,Cerberus,Chaos,100,0,c7e860ceda35e35e41bca47bf02624be_777c57311d510ca65dac3c1077dee435fc0.jpg?1787566182,Crystal,155,0,RDM
Dacien Darlett,3339751,175,174,Odin,Light,100,0,0311b8a0924e142c3f1da4b81f645156_644311b63b607133c989d7c1188467dafc0.jpg?1787567500,Crystal,152,0,SCH
Lumine Heartseeker,37169102,176,175,Lich,Light,100,0,bef41e353f9709f6c26365adcd129410_7206469080400ed57a5373d0a9c55c59fc0.jpg?1787566584,Crystal,148,0,WAR
Lina Sunstar,52075433,177,176,Spriggan,Chaos,100,0,d60c4576e74acfcd0ed77a6ea5d48800_feaf0a2e88ff164813fbc9b85876fa48fc0.jpg?1787567119,Crystal,147,0,WHM
Magnus Skorweg,14288959,178,177,Cerberus,Chaos,100,0,36b3ca5cc0c3fa7edd1b5b276f54a6fc_777c57311d510ca65dac3c1077dee435fc0.jpg?1787567302,Crystal,145,0,SMN
Sekai Eri,41303117,179,178,Raiden,Light,100,0,cb1ac59e3c66b2050bc4ee7e3368c36c_a370664d98f658f4ed4e620f378f73cdfc0.jpg?1787568959,Crystal,125,1,UNK
Sir Azmuth,21784845,180,178,Lich,Light,100,0,aaa9e4ee439eaa5d584760975605186f_7206469080400ed57a5373d0a9c55c59fc0.jpg?1787566929,Crystal,124,0,SAM
Deme Tayuun,14832348,181,180,Lich,Light,100,0,ae2fb7b7ac8ad3f92247efdd9fade6e7_7206469080400ed57a5373d0a9c55c59fc0.jpg?1787565697,Crystal,108,0,UNK
Haadin Maero,25649806,181,180,Cerberus,Chaos,100,0,ab3efb60a6f01134129c732e6e60c255_777c57311d510ca65dac3c1077dee435fc0.jpg?1787565810,Crystal,108,0,RDM
Lilia Sunvale,59323692,183,182,Phoenix,Light,100,0,01173bfd4d3bd682b07d6e9ac6dafd16_5047bc596a4bab2dc7f7c120bb22dec5fc0.jpg?1787568938,Crystal,105,0,BRD
Blaine Skyler,37236741,184,183,Louisoix,Chaos,100,0,f892c4691642e8efdead7c502a5d01f0_0a122616f3718d3f45cab10fd8fc1604fc0.jpg?1787568228,Crystal,101,0,DRG
Saku Rozen,1622070,184,183,Odin,Light,100,0,76d32a46909474e4b590ee6476bfabce_644311b63b607133c989d7c1188467dafc0.jpg?1787567393,Crystal,101,0,UNK
Aragorn Pendragon,9019127,186,185,Ragnarok,Chaos,100,0,87aef8a41356f31d322683bdf3e6103b_40d57ba713628f3f1ef5ef204b6d76d2fc0.jpg?1787567325,Crystal,100,0,WHM
Hope Carmine,31931991,186,185,Odin,Light,100,0,4d5e5c176cb534aaf44e67236bf6c171_644311b63b607133c989d7c1188467dafc0.jpg?1787565880,Crystal,100,0,RDM
Rain Hoshino,6160241,188,187,Moogle,Chaos,100,0,fc4a751ebc0402023f56f7934007c9ef_d7a9d5f85a29d6278ec1c7adc2c8d242fc0.jpg?1787568147,Crystal,99,0,PLD
Pave Zen,51542459,189,188,Zodiark,Light,100,0,c62f2300698b05a5ff2e27ea4ec74914_c274370774c6bc3483cc8740805f41bcfc0.jpg?1787567697,Crystal,96,0,SMN
Haki Haki,8290724,190,189,Ragnarok,Chaos,100,0,3fc43df6da1c629c59b5cdae63dee7a7_40d57ba713628f3f1ef5ef204b6d76d2fc0.jpg?1787568281,Crystal,94,0,PCT
Ray Croft,29659793,191,290,Shiva,Light,100,100,56ebf33c0c49fd7529d32303d4b7c8d9_3fbff0e6b620e4d259dc427abc6574dafc0.jpg?1787566991,Crystal,89,11,RDM
Glyceri Chosuti,30338174,192,190,Moogle,Chaos,100,0,6d93c9241424e92e6f0351d35d8b6eaa_d7a9d5f85a29d6278ec1c7adc2c8d242fc0.jpg?1787567891,Crystal,88,0,SMN
Ark Kekko,50821807,193,191,Omega,Chaos,100,0,b81b1c241e98f7a5f9b9c81665be1243_39e25ac3d737c46452305eefe324372cfc0.jpg?1787568976,Crystal,86,0,RDM
Gun Grave,39069917,194,192,Alpha,Light,100,0,89afa1641c5d0fb3c37ff5b905d4b26a_6132295fcf5570fb8b0a944ef322a598fc0.jpg?1787567551,Crystal,77,0,UNK
Sahamaru Kamijo,13566032,195,193,Lich,Light,100,0,ab5bb27991a2037ddd8e8b0aef304406_7206469080400ed57a5373d0a9c55c59fc0.jpg?1787568223,Crystal,75,0,MCH
Akito Kotomine,14113084,196,194,Cerberus,Chaos,100,0,6535eaee5701ca6c10beffbfc70273c9_777c57311d510ca65dac3c1077dee435fc0.jpg?1787568756,Crystal,70,0,RPR
Lolarita Rorry,39677497,197,195,Odin,Light,100,0,3c990f7c55a34985fb496735b20a6b10_644311b63b607133c989d7c1188467dafc0.jpg?1787565868,Crystal,65,0,SGE
Tisha Adori,32551351,197,196,Zodiark,Light,100,0,a1f13f2decf7933275b7ce63051dc06f_c274370774c6bc3483cc8740805f41bcfc0.jpg?1787568417,Crystal,65,6,MCH
Magisa Vale,43527083,199,197,Phoenix,Light,100,0,50d54724458e52e82fcfc6d537b9e001_5047bc596a4bab2dc7f7c120bb22dec5fc0.jpg?1787567930,Crystal,55,0,DRG
Guimiko Miko,54285624,200,198,Moogle,Chaos,100,0,610c37aeb64c6149d7c6d5ea93a8114e_d7a9d5f85a29d6278ec1c7adc2c8d242fc0.jpg?1787565705,Crystal,50,0,PLD
Ino Based,41531397,201,199,Alpha,Light,100,0,ae8562754d31616305226909752bc4fd_6132295fcf5570fb8b0a944ef322a598fc0.jpg?1787567995,Crystal,49,0,DNC
Const Mar,17323909,202,200,Phoenix,Light,100,0,9b3b80b05e36ff71934a612327c91867_5047bc596a4bab2dc7f7c120bb22dec5fc0.jpg?1787566896,Crystal,47,0,VPR
Onox Farbane,43799244,203,201,Zodiark,Light,100,0,c322e9dd886e64c0365244e0b587448f_c274370774c6bc3483cc8740805f41bcfc0.jpg?1787568191,Crystal,44,0,WAR
Pattinger Kersel,8183392,203,201,Raiden,Light,100,0,4fec5839fc0fc0bba3a80fc4e1910660_a370664d98f658f4ed4e620f378f73cdfc0.jpg?1787567484,Crystal,44,0,SCH
Veritan Indaerus,21877909,203,201,Odin,Light,100,0,978a128ddf080c55e3afc742274d0c9f_644311b63b607133c989d7c1188467dafc0.jpg?1787568014,Crystal,44,0,DRG
Sarah Swordmoon,15666675,206,204,Ragnarok,Chaos,100,0,f4dc48a690259d750cc95afaff6386b8_40d57ba713628f3f1ef5ef204b6d76d2fc0.jpg?1787568953,Crystal,42,0,MNK
Tomo Kote,55321667,207,205,Zodiark,Light,100,0,5955a289356783d4701df9a9c192d2b8_c274370774c6bc3483cc8740805f41bcfc0.jpg?1787569029,Crystal,41,0,WAR
Maya White,9385038,208,206,Twintania,Light,100,0,1ab5adfc5d7d400ad0f8b4d181e6d2f0_c33f640c0cdd35f7def85b8aa31a0007fc0.jpg?1787566745,Crystal,40,0,WAR
Sotek Scherwil,486374,209,207,Twintania,Light,100,0,c881840c18d6c9fc415801f5f8240174_c33f640c0cdd35f7def85b8aa31a0007fc0.jpg?1787568937,Crystal,37,0,DRK
Gwen Farron,10011051,210,208,Ragnarok,Chaos,100,0,3348ff23f3315e0457aa0694f655e953_40d57ba713628f3f1ef5ef204b6d76d2fc0.jpg?1787568341,Crystal,35,0,WAR
Athena Sol,50536957,211,209,Shiva,Light,100,0,a48751f04a5919018a07933f39c07e7c_3fbff0e6b620e4d259dc427abc6574dafc0.jpg?1787567598,Crystal,33,0,AST
Sakurane Zero'yuurai,13075529,212,210,Ragnarok,Chaos,100,0,b65369d4b043831749f5fa45d2428e30_40d57ba713628f3f1ef5ef204b6d76d2fc0.jpg?1787568493,Crystal,31,0,SGE
Ka La,18103622,213,211,Ragnarok,Chaos,100,0,79cb69a4d9a7535c8ee4e2bbfc9b2a1d_40d57ba713628f3f1ef5ef204b6d76d2fc0.jpg?1787565783,Crystal,28,0,AST
Mhia Mewrilah,26716262,214,212,Omega,Chaos,100,0,6b70c463b87dca3437d37504f74aad3b_39e25ac3d737c46452305eefe324372cfc0.jpg?1787567323,Crystal,27,0,WHM
Ebin Almsivi,35310847,215,213,Shiva,Light,100,0,0c72e527d2d86c2ee8f4698832e880b5_3fbff0e6b620e4d259dc427abc6574dafc0.jpg?1787567529,Crystal,23,0,PLD
Vanilla Blossom,41496807,215,213,Moogle,Chaos,100,0,b0e7d1b464d155d8791692fe2e47299d_d7a9d5f85a29d6278ec1c7adc2c8d242fc0.jpg?1787568496,Crystal,23,0,MCH
Yuumi Fish,25707217,217,215,Cerberus,Chaos,100,0,1a7ebbda26c28eb61f262b9fb37e8c6e_777c57311d510ca65dac3c1077dee435fc0.jpg?1787568367,Crystal,18,0,BSM
Autuas Au,37357840,218,274,Phantom,Chaos,100,100,5c8929453beb42fb1a167e93eca11abf_f0a43d6e5eea19af337a176e9836acddfc0.jpg?1787569078,Crystal,13,6,UNK
Moki Moki,14235486,219,216,Odin,Light,100,0,82d3ef8d03fa7a6ddf4429f15fd296a2_644311b63b607133c989d7c1188467dafc0.jpg?1787565611,Crystal,1,0,MNK
Lylia Venis,13391767,220,217,Moogle,Chaos,100,0,79af70239d663a69f312f0788f3cf927_d7a9d5f85a29d6278ec1c7adc2c8d242fc0.jpg?1787568882,Crystal,0,0,RDM
Rem Minase,15335467,221,218,Ragnarok,Chaos,0,0,6f4b9532213e5ed122fcac3e5c3b4cc5_40d57ba713628f3f1ef5ef204b6d76d2fc0.jpg?1787568577,Diamond,195,0,SAM
Athena Olympe,44680885,222,219,Sagittarius,Chaos,0,0,7e7afe9e9cebc29cee3220c1e0530540_44ca0844398b2d010d8cd4a31ddb023dfc0.jpg?1787566808,Diamond,175,0,WAR
Bagel Egg,18929023,223,220,Omega,Chaos,0,0,f655117235b1c0d199ca39849579a631_39e25ac3d737c46452305eefe324372cfc0.jpg?1787567461,Diamond,167,3,BLM
Lu Mi,47806406,224,221,Raiden,Light,0,0,c8d19bad38e9523a4db779b2bf514973_a370664d98f658f4ed4e620f378f73cdfc0.jpg?1787565709,Diamond,83,0,VPR
Rave Bae,47220633,225,222,Alpha,Light,0,0,e640b0d43fa0078b032cbecc50b4e94c_6132295fcf5570fb8b0a944ef322a598fc0.jpg?1787568934,Diamond,68,0,SMN
Tsuguri Tempest,8093380,226,223,Moogle,Chaos,0,0,673dd69d52b7f7c210bb231091fd1922_d7a9d5f85a29d6278ec1c7adc2c8d242fc0.jpg?1787565895,Diamond,46,4,SAM
Paper Planes,59055005,227,224,Raiden,Light,0,0,1b7fc8e62eb37ebc10e0b203856e161c_a370664d98f658f4ed4e620f378f73cdfc0.jpg?1787567901,Diamond,21,1,DRG
Naralis A'roihan,35460975,228,225,Odin,Light,0,0,39833ac3dfdbb3ea64ab911763fea294_644311b63b607133c989d7c1188467dafc0.jpg?1787567942,Diamond,318,8,SCH
Tsu Kee,47596814,229,226,Zodiark,Light,0,0,df5063d6db141a1bc921d4623e08a366_c274370774c6bc3483cc8740805f41bcfc0.jpg?1787567672,Diamond,185,0,BRD
Vesper Lux,39986527,229,226,Phoenix,Light,0,0,3ffa8cf173ca00c6bd21dc61c1a7850f_5047bc596a4bab2dc7f7c120bb22dec5fc0.jpg?1787568265,Diamond,185,0,RDM
Vic Strider,53817077,231,228,Raiden,Light,0,0,64d68250fabd33e4972dcba2d2638d6c_a370664d98f658f4ed4e620f378f73cdfc0.jpg?1787566269,Diamond,122,1,WAR
Sangon Yukihoshi,11533024,232,229,Raiden,Light,0,0,d5814159d4f4b2afaa562891375a7b01_a370664d98f658f4ed4e620f378f73cdfc0.jpg?1787566946,Diamond,49,0,PLD
Irmele Elandris,13301011,233,230,Odin,Light,0,0,545d79c172c687ee4ac495ceca89d9dd_644311b63b607133c989d7c1188467dafc0.jpg?1787567796,Diamond,28,0,MIN
Littlebard Crits,44849524,234,231,Lich,Light,0,0,85155be3d7c3c8936c428085496b1e8d_7206469080400ed57a5373d0a9c55c59fc0.jpg?1787568074,Diamond,9,0,UNK
Manji Haq,30381529,235,233,Shiva,Light,0,0,1840291846e97e46d3053d2cb9351608_3fbff0e6b620e4d259dc427abc6574dafc0.jpg?1787567128,Diamond,163,0,MCH
Eeva Lightwood,34867115,236,277,Phoenix,Light,0,0,029a994eac70f6897fab7cb241b4204b_5047bc596a4bab2dc7f7c120bb22dec5fc0.jpg?1787566051,Diamond,150,8,VPR
Lavender Yumori,47189865,237,234,Phoenix,Light,0,0,c0a56a85a3c082e0dd3b96359531f30f_5047bc596a4bab2dc7f7c120bb22dec5fc0.jpg?1787568673,Diamond,87,0,DNC
Vincent God,14069867,238,235,Phoenix,Light,0,0,7d8e17eab1b900c1741204dbf199eb48_5047bc596a4bab2dc7f7c120bb22dec5fc0.jpg?1787566438,Diamond,75,0,CUL
Lu Ni,58272624,239,238,Cerberus,Chaos,0,0,ab167867f3aa425b82e05a081df98df4_777c57311d510ca65dac3c1077dee435fc0.jpg?1787569027,Diamond,59,7,DRK
Princess Emi,5884527,240,236,Twintania,Light,0,0,4ab2080550ab1fb15ca76fbfe8e8d512_c33f640c0cdd35f7def85b8aa31a0007fc0.jpg?1787568333,Diamond,57,0,PLD
Shiva Dorys,36432577,241,237,Phoenix,Light,0,0,df6ee6331f96148f2b97966d8a3e2a5a_5047bc596a4bab2dc7f7c120bb22dec5fc0.jpg?1787565897,Diamond,54,0,WHM
Doctor Zoidberg,9214410,242,239,Cerberus,Chaos,0,0,40bc630c90e57d0ca265dd7fc809d5c8_777c57311d510ca65dac3c1077dee435fc0.jpg?1787568128,Diamond,18,0,WAR
Mer Lin,50434149,243,240,Spriggan,Chaos,0,0,52a13256ecf71bc72e25a6b211b196c8_feaf0a2e88ff164813fbc9b85876fa48fc0.jpg?1787568568,Diamond,15,0,DRK
Katarina Kittycat,24355925,244,241,Twintania,Light,0,0,488decc103448e79430a7f4ffa3674c5_c33f640c0cdd35f7def85b8aa31a0007fc0.jpg?1787566784,Diamond,138,8,UNK
Benedikta Cucumber,55428569,245,242,Sagittarius,Chaos,0,0,1091166e96bfe839d8a067a8fc27848a_44ca0844398b2d010d8cd4a31ddb023dfc0.jpg?1787567360,Diamond,119,0,GNB
Aiva Ibusaki,11039086,246,243,Shiva,Light,0,0,39b96ee63110c8909c27318f222d3695_3fbff0e6b620e4d259dc427abc6574dafc0.jpg?1787568582,Diamond,110,0,MCH
Charon Tesar,2860491,246,243,Shiva,Light,0,0,71fb4ffe6d15608a77682afdbdef53d7_3fbff0e6b620e4d259dc427abc6574dafc0.jpg?1787568178,Diamond,110,0,PCT
Lu' Bu',21757305,248,245,Odin,Light,0,0,20b9e744e2190850310da72ffaf5c5d4_644311b63b607133c989d7c1188467dafc0.jpg?1787565817,Diamond,88,0,VPR
Protos Heis,34597162,249,246,Spriggan,Chaos,0,0,1227bb2a621e4455479d060e840ff145_feaf0a2e88ff164813fbc9b85876fa48fc0.jpg?1787566913,Diamond,85,4,MCH
Zerith Ars,7801227,250,247,Zodiark,Light,0,0,d9b23bac7d7203e071be18c6932a61a8_c274370774c6bc3483cc8740805f41bcfc0.jpg?1787567136,Diamond,76,0,DRG
Yuki Shinryu,18457903,251,248,Omega,Chaos,0,0,7c3380880e156cefcc0afc85574b6091_39e25ac3d737c46452305eefe324372cfc0.jpg?1787565770,Diamond,59,0,WHM
Leenar Raim,45005021,252,249,Raiden,Light,0,0,cd15b6146d9e895f605fe9d8aa6e46d2_a370664d98f658f4ed4e620f378f73cdfc0.jpg?1787568418,Diamond,53,0,SCH
Decha Kirk,32806624,253,250,Moogle,Chaos,0,0,e50b415f85b832de8463247f434991ce_d7a9d5f85a29d6278ec1c7adc2c8d242fc0.jpg?1787566072,Diamond,34,0,MCH
Red Fluffy,41965323,254,251,Shiva,Light,0,0,6e4c702e77f55eff42d4c42a07f242db_3fbff0e6b620e4d259dc427abc6574dafc0.jpg?1787566585,Diamond,26,0,DRG
Certin Ferocia,26600453,255,262,Spriggan,Chaos,0,0,528919b4d45df00513ad6c80440fc2f4_feaf0a2e88ff164813fbc9b85876fa48fc0.jpg?1787565531,Diamond,15,5,DNC
Lia Lothje,30611623,256,252,Odin,Light,0,0,12f34ee0f0d0404c9b47a7fea301f068_644311b63b607133c989d7c1188467dafc0.jpg?1787568795,Diamond,12,0,SCH
Luna Everlight,11876492,257,253,Phantom,Chaos,0,0,87daed323422dd94882b0079ba9f6b3d_f0a43d6e5eea19af337a176e9836acddfc0.jpg?1787565542,Diamond,8,0,RDM
Hiyuki Korikawa,55814095,258,254,Alpha,Light,0,0,74afa7e4138c1508f5559cba8b88f0c4_6132295fcf5570fb8b0a944ef322a598fc0.jpg?1787566996,Diamond,161,0,RDM
Aru Chiikawa,53173199,259,255,Raiden,Light,0,0,e04a223356da8c93c18581feda55b5bf_a370664d98f658f4ed4e620f378f73cdfc0.jpg?1787568810,Diamond,143,10,MNK
Alabaster Arcadia,39618537,260,256,Phoenix,Light,0,0,04f03f1ffd5a39f931966123f856ea6c_5047bc596a4bab2dc7f7c120bb22dec5fc0.jpg?1787567138,Diamond,89,4,BRD
Rei Dassario,24597443,261,257,Raiden,Light,0,0,a51ce0a687a31ff3b67287e80ea30aed_a370664d98f658f4ed4e620f378f73cdfc0.jpg?1787566989,Diamond,54,7,SAM
Saki Aiko,58256956,262,258,Zodiark,Light,0,0,f65bf40d95342ebe3141def95c5232bc_c274370774c6bc3483cc8740805f41bcfc0.jpg?1787566929,Diamond,43,0,WHM
Uraraka Lunae,19968499,263,259,Louisoix,Chaos,0,0,87178981b631653f4905b195c6c49583_0a122616f3718d3f45cab10fd8fc1604fc0.jpg?1787567953,Diamond,42,0,DRG
Sheidyn Windsor,30282791,264,260,Omega,Chaos,0,0,e3eaa192d0e2b6192580f940474cd0b5_39e25ac3d737c46452305eefe324372cfc0.jpg?1787567640,Diamond,33,0,RPR
Fandrix Shadowsong,36051326,265,261,Louisoix,Chaos,0,0,e8515941184b5c25f2622f1899a0969a_0a122616f3718d3f45cab10fd8fc1604fc0.jpg?1787565535,Diamond,24,0,GNB
Erika Avellana,45153856,266,263,Alpha,Light,0,0,d52954932b2c20e3d303cb8cf101f3eb_6132295fcf5570fb8b0a944ef322a598fc0.jpg?1787567498,Diamond,320,2,PCT
Duessa Fidessa,47722925,267,264,Louisoix,Chaos,0,0,3e992addf0aaeeda98883cfe0443f4c4_0a122616f3718d3f45cab10fd8fc1604fc0.jpg?1787565797,Diamond,245,12,SMN
Ash Zero,49368748,268,265,Shiva,Light,0,0,8c69f041cca72fdc1059bfc9f2f8ecc9_3fbff0e6b620e4d259dc427abc6574dafc0.jpg?1787567953,Diamond,125,0,PLD
Lo Enha,27971408,269,266,Moogle,Chaos,0,0,5236c7cc585f6b9213e6d33f05e78c61_d7a9d5f85a29d6278ec1c7adc2c8d242fc0.jpg?1787566528,Diamond,104,0,BLM
Hegel Gil,25438753,270,267,Omega,Chaos,0,0,5ed500fc1dd1d9cbbc95000a80326ff7_39e25ac3d737c46452305eefe324372cfc0.jpg?1787567682,Diamond,102,0,WAR
Flynn Cethlenne,35848614,271,268,Zodiark,Light,0,0,2543efc6def84f10fb27cc68c29b1460_c274370774c6bc3483cc8740805f41bcfc0.jpg?1787566283,Diamond,99,0,PLD
Yorda Dormin,35730883,272,269,Phantom,Chaos,0,0,37968b7968327b583f23e52d999337f9_f0a43d6e5eea19af337a176e9836acddfc0.jpg?1787565716,Diamond,83,0,UNK
Nana Usui,34696904,273,270,Moogle,Chaos,0,0,abd9e807ccb2486ea89e3deab9cc56d2_d7a9d5f85a29d6278ec1c7adc2c8d242fc0.jpg?1787568199,Diamond,76,0,WHM
Tung Kniv,36744544,274,271,Spriggan,Chaos,0,0,63aabeb5204c3ae5d2f0295a0f4a8e22_feaf0a2e88ff164813fbc9b85876fa48fc0.jpg?1787566206,Diamond,65,0,PLD
Stephanie Dolla,28876458,275,272,Lich,Light,0,0,753eeef7260d5b48fedb9d189d2b51ca_7206469080400ed57a5373d0a9c55c59fc0.jpg?1787568091,Diamond,42,0,MNK
Durinta Borlaaq,37706432,276,273,Twintania,Light,0,0,5f122a4f83176fe089d903a59809e108_c33f640c0cdd35f7def85b8aa31a0007fc0.jpg?1787568767,Diamond,37,0,PLD
Ryssrael Niunaglwyn,33315027,277,275,Omega,Chaos,0,0,33b521784d0398ac0bb6736f1c6d0a15_39e25ac3d737c46452305eefe324372cfc0.jpg?1787567158,Diamond,222,2,MCH
Caelvyr Corvayn,37557023,278,276,Louisoix,Chaos,0,0,ed18601452ec3c3b1def16f37ba89988_0a122616f3718d3f45cab10fd8fc1604fc0.jpg?1787567295,Diamond,158,2,UNK
May Bloom,20580663,279,278,Twintania,Light,0,0,c24fd8278a4825a56c81ac07e6f2f43d_c33f640c0cdd35f7def85b8aa31a0007fc0.jpg?1787566792,Diamond,136,2,SMN
Altair Nightveil,37899651,280,279,Odin,Light,0,0,66c10a4203ea077f0a752e4bf561ff53_644311b63b607133c989d7c1188467dafc0.jpg?1787567668,Diamond,95,2,BLM
Aelin Jules,51609568,281,280,Alpha,Light,0,0,8a02014e6ec7a7fb938b61c29b83b641_6132295fcf5570fb8b0a944ef322a598fc0.jpg?1787565832,Diamond,64,0,SGE
Akurei Amotanius,36595921,282,281,Odin,Light,0,0,ca5d9f24b62995e3bcb5d25cc576fc70_644311b63b607133c989d7c1188467dafc0.jpg?1787567386,Diamond,49,0,MNK
Nicco Sushi,42846008,283,282,Alpha,Light,0,0,ffcb0ee6f92ba9224ade0ee2b0e9917b_6132295fcf5570fb8b0a944ef322a598fc0.jpg?1787567569,Diamond,36,0,GNB
Isca Mog,32212471,284,283,Zodiark,Light,0,0,e47f3ccc4bd8599193929766ab0abd2c_c274370774c6bc3483cc8740805f41bcfc0.jpg?1787568738,Diamond,19,0,BLM
Ego Baby,50543888,285,284,Raiden,Light,0,0,712f53c2b6ed3bc9fa9cc0b0b60a16d7_a370664d98f658f4ed4e620f378f73cdfc0.jpg?1787568956,Diamond,16,0,DRK
Bun Boy,44543603,286,285,Phantom,Chaos,0,0,1a283e4ef1314e4af955db9fcc8300a8_f0a43d6e5eea19af337a176e9836acddfc0.jpg?1787566541,Diamond,13,0,SAM
Yamakaji Edo'sen,22194618,287,286,Moogle,Chaos,0,0,d7972041e4c6c98f2e38ec21d2bc56c2_d7a9d5f85a29d6278ec1c7adc2c8d242fc0.jpg?1787566903,Diamond,10,0,UNK
Zhinna Maya,8219011,288,287,Odin,Light,0,0,b96bc839d3db0d26e61bf4b24282c925_644311b63b607133c989d7c1188467dafc0.jpg?1787566662,Diamond,7,0,WAR
Joshu Allagyn,27728519,289,288,Odin,Light,0,0,f798676d84c6f5f85c2bb9f1b6c5e18b_644311b63b607133c989d7c1188467dafc0.jpg?1787565703,Diamond,139,0,VPR
Minmo Dev,7902844,290,289,Zodiark,Light,0,0,782214fa536a78747ce926bd4967671f_c274370774c6bc3483cc8740805f41bcfc0.jpg?1787568833,Diamond,111,0,RPR
Leia Leia,61767715,291,0,Twintania,Light,0,0,da1bea022b3ca64e80681b4a30a9d7e1_c33f640c0cdd35f7def85b8aa31a0007fc0.jpg?1787568093,Diamond,58,0,UNK
Zaiko Kazer,29649679,292,0,Lich,Light,0,0,ab5b87afe7d1d53f8a61b85e0c0d0e8d_7206469080400ed57a5373d0a9c55c59fc0.jpg?1787566034,Diamond,48,0,DRK
Hikari Iroaseta,40065818,293,0,Lich,Light,0,0,69d4a6d73b4cec60f92f1c27efd88471_7206469080400ed57a5373d0a9c55c59fc0.jpg?1787566863,Diamond,42,0,RDM
Dopa Mine,44403027,294,0,Phantom,Chaos,0,0,8d27501fd3361cf138655132263db4b5_f0a43d6e5eea19af337a176e9836acddfc0.jpg?1787566113,Diamond,30,0,PLD
Zylith Everis,28966943,294,0,Twintania,Light,0,0,7026f5dd5e5e7bb5563ceb3c506856ee_c33f640c0cdd35f7def85b8aa31a0007fc0.jpg?1787567238,Diamond,30,0,WAR
Roomi Mae,47248743,296,0,Raiden,Light,0,0,770a624522dc3f95ef75247a554dceb7_a370664d98f658f4ed4e620f378f73cdfc0.jpg?1787565890,Diamond,5,0,RDM
Crystalia Aguilau'ra,51094995,297,0,Phantom,Chaos,0,0,e8e576c74bb3b06299949b7258aa8c6b_f0a43d6e5eea19af337a176e9836acddfc0.jpg?1787568836,Diamond,388,24,UNK
Riku Yamamoto,50962515,298,0,Raiden,Light,0,0,2737e3393944ab82a3eec48071df16a8_a370664d98f658f4ed4e620f378f73cdfc0.jpg?1787567681,Diamond,121,0,DRK
Shanks Haki,20417857,299,0,Louisoix,Chaos,0,0,01683c16881e9dfb6ce45ceb07293b70_0a122616f3718d3f45cab10fd8fc1604fc0.jpg?1787565707,Diamond,94,0,PLD
Ye Jin,49057312,300,0,Alpha,Light,0,0,c230435310db6e112e461dbdcafe4cf0_6132295fcf5570fb8b0a944ef322a598fc0.jpg?1787567298,Diamond,91,6,UNK
Sensei Jyutusi,20995129,1,0,Chocobo,Mana,4090,0,218ddf1e9e095da9f0b9d5866f9f2d80_781d6b3603312f6be41670afa37282e0fc0.jpg?1787566570,Ultima,163,0,WHM
Kim Shin,2354630,2,0,Masamune,Mana,4076,0,9d6bba308f1c44ad24883a9717b4d480_134930215abb8a90ec37d6cc05b05e08fc0.jpg?1787566157,Ultima,89,0,VPR
Yurugi Koyurugi,29769522,3,0,Belias,Meteor,3851,0,ce65dfc48d522a7a126208d94cdc2852_894c4bd0beab2e2beb44b74f4c4bd206fc0.jpg?1787568201,Omega,83,0,PLD
Happo Hapo,59173770,4,0,Pandaemonium,Mana,3485,0,8d06d5697fa5f35516e08e77ecb4eff8_470db1bf2e865f9130531fea40b61ee4fc0.jpg?1787568241,Omega,68,0,VPR
Sorin Maki,53900927,5,0,Durandal,Gaia,3247,0,b0d4570e39585eb6b5ba7458ff8781a7_806ea5b45071d5cd6bf393e38462ee71fc0.jpg?1787568255,Omega,101,0,VPR
Hatozo Ito,39455624,6,0,Typhon,Elemental,3232,0,a2de1cbebb1230e8f11f0fa765df7d0f_32d8c9c7cd5f62d62da2d31b6750a680fc0.jpg?1787567793,Omega,97,14,RDM
K' R',8489348,7,0,Chocobo,Mana,3197,0,38834b79bf39846f80b605b4a592c2eb_781d6b3603312f6be41670afa37282e0fc0.jpg?1787567552,Omega,132,0,AST
Merry Scrald,11886780,8,0,Belias,Meteor,3078,109,7bfbd82582fd003bc514339935d874a7_894c4bd0beab2e2beb44b74f4c4bd206fc0.jpg?1787567720,Omega,89,8,AST
Ciel Cocco,27192023,9,13,Anima,Mana,3065,198,05df3829299dc9e3c4ba0bceb512525a_2f698530a28d671d20278c8518c804c9fc0.jpg?1787567839,Omega,172,12,RPR
Dome Violet,45179152,10,9,Masamune,Mana,2918,0,a95c15ebd393e5497d6641d375ec02b1_134930215abb8a90ec37d6cc05b05e08fc0.jpg?1787566487,Omega,193,0,BRD
Paker Zuka,35106373,11,10,Bahamut,Gaia,2914,4,1dfba22310e23cd21bd3a7481bf928e1_86da943caa70c8694707ab2ff74e68c9fc0.jpg?1787568437,Omega,95,5,UNK
Naku Cha,51398763,12,11,Zeromus,Meteor,2897,0,d1f355424cec05811e0f15dc0a707de5_c76848359d0b4d2f37aefbb9903ed97bfc0.jpg?1787566761,Omega,61,2,NIN
Wonton Starlight,27496660,13,12,Chocobo,Mana,2885,0,8d6c3f0a6f695cdc94b9234b6c28be22_781d6b3603312f6be41670afa37282e0fc0.jpg?1787567193,Omega,206,8,SAM
Emil Sarasun,7191072,14,0,Asura,Mana,2832,0,052a2527c0dee23533f8162c40d66898_53f1445a9f28799a32ea55f046319fc3fc0.jpg?1787568750,Omega,96,0,SMN
Djinn Piston,44999217,15,0,Durandal,Gaia,2831,0,f34e66517ae3b26262c9b4f09835c5a0_806ea5b45071d5cd6bf393e38462ee71fc0.jpg?1787567032,Omega,64,0,MNK
Aizen Sosuke,46625154,16,21,Asura,Mana,2791,195,084fe9c7ee753ba32657d9e49b4edde5_53f1445a9f28799a32ea55f046319fc3fc0.jpg?1787566762,Omega,139,6,UNK
Makina Belg,23683223,17,29,Belias,Meteor,2729,298,ffed281791b6f91e5a2000e4917cfeeb_894c4bd0beab2e2beb44b74f4c4bd206fc0.jpg?1787567495,Omega,153,15,DRK
Kappi Scarlet,11922639,18,16,Asura,Mana,2698,0,820f32c739a02029fdacf6c96cbf1fa4_53f1445a9f28799a32ea55f046319fc3fc0.jpg?1787569099,Omega,149,14,RPR
Bakeke Bake,40527195,19,17,Asura,Mana,2695,0,2df47416611081755cf9e0cd7c586afa_53f1445a9f28799a32ea55f046319fc3fc0.jpg?1787568234,Omega,130,4,MCH
Grey Book,51082088,20,18,Alexander,Gaia,2695,0,2b2e5a5f068a7529dabfbbf6c918d473_b7a71d8799cf6dd75b711a7f52de6675fc0.jpg?1787568314,Omega,87,0,VPR
Vivi Ann,4766157,21,19,Kujata,Elemental,2694,0,9543e197b2faf03aa21058f9deedc408_72c48f093f2278ac3243962d3eb6a8d7fc0.jpg?1787566637,Omega,133,9,SCH
Imlink Rr,46726473,22,20,Bahamut,Gaia,2636,0,6c9ffcd32b7d78e8b7e09c63d130ef2a_86da943caa70c8694707ab2ff74e68c9fc0.jpg?1787567560,Omega,256,7,MCH
Tango Ngo,47753273,23,81,Alexander,Gaia,2629,582,c8ff6406f324ec51842e0a491ba1e4fa_b7a71d8799cf6dd75b711a7f52de6675fc0.jpg?1787566648,Omega,208,16,VPR
Sura Imo,25164389,24,22,Shinryu,Meteor,2584,0,d2cd07ab0f766e9dd870046dcc7fae97_87b7d447f40b06dfc7228caf195f7dcffc0.jpg?1787567342,Omega,48,0,SAM
Mun- Mutyo,18063500,25,23,Bahamut,Gaia,2580,0,870df3b6a4306c3c3de44d72fc9a577d_86da943caa70c8694707ab2ff74e68c9fc0.jpg?1787566424,Omega,167,0,PCT
Sono Ta,49701933,26,24,Shinryu,Meteor,2574,0,c5fbe5dc524e8f9d2eb8b7c350df2a00_87b7d447f40b06dfc7228caf195f7dcffc0.jpg?1787568799,Omega,48,0,DRK
Tarex Youva,26374295,27,36,Tonberry,Elemental,2562,201,7dad78de32b2e7e31077d03f095a81ac_7bb6b1e488f0e4f01c5314d010b60f31fc0.jpg?1787567005,Omega,172,3,SAM
Aman Kaharmine,37434311,28,25,Belias,Meteor,2538,0,7fa9aa672753e286a5710cf338755727_894c4bd0beab2e2beb44b74f4c4bd206fc0.jpg?1787567264,Omega,298,26,UNK
Jay Eins,3930926,29,26,Chocobo,Mana,2499,0,31d212c5602873cad51c02ca3a1707f4_781d6b3603312f6be41670afa37282e0fc0.jpg?1787567916,Omega,66,0,NIN
Robs Wiz,47501636,30,27,Aegis,Elemental,2491,0,24b0e4e155ae76da2a553003980ac156_3ea38e723c590aabf186367e1eb7e6a1fc0.jpg?1787567513,Omega,199,0,DRG
Tsuchi Tsuki,39089046,31,28,Bahamut,Gaia,2481,16,032858264c706c6341f57dbef9e86da1_86da943caa70c8694707ab2ff74e68c9fc0.jpg?1787566131,Omega,62,3,DRK
Peng In,60228501,32,39,Bahamut,Gaia,2436,95,871397d65bde709b44c83fca4e18a1b3_86da943caa70c8694707ab2ff74e68c9fc0.jpg?1787567646,Omega,101,4,SMN
Zsika Mu',18898369,33,30,Ridill,Gaia,2396,0,ed7f8569bf4537dfd9f2ea953ad59e8a_138751880f18161a907d7cf0faa43f07fc0.jpg?1787565848,Omega,56,1,UNK
Neneco Neko,60257588,34,31,Ultima,Gaia,2392,0,d410b53bdce1036d1d4331de5dd4f44e_9df1b3cb0da35db33c17ef11ddf12adafc0.jpg?1787566527,Omega,69,0,ALC
Lucy Tave,5530448,35,32,Durandal,Gaia,2382,0,fd7ea485d2ba7644c76c49d7b00fce24_806ea5b45071d5cd6bf393e38462ee71fc0.jpg?1787569024,Omega,565,23,WAR
Shiman Chu,38475144,36,33,Yojimbo,Meteor,2381,0,4cb93a24c937da83418345140d361e9b_4a92c619bde4f34cfa77e05fef21ad85fc0.jpg?1787567142,Omega,117,3,SAM
Atsu Bow,47953241,37,34,Mandragora,Meteor,2370,0,a397b9893231105b4549ed9a8721c60a_ee738654add55c3d07ea92d8e108074cfc0.jpg?1787568868,Omega,235,3,DRG
Taroe Kobuta,8734523,38,35,Kujata,Elemental,2367,0,821347c202f7d7d6b676bd393bcdfdae_72c48f093f2278ac3243962d3eb6a8d7fc0.jpg?1787568228,Omega,355,15,RPR
Minisuta Blood,24769179,39,37,Atomos,Elemental,2360,0,851ddd354ea9b3a8e623078a0f4d8a05_cf768a751b1f5e355c2fd39a9ed91f3ffc0.jpg?1787565824,Omega,39,0,DRG
Lancer Yan,18545180,40,76,Fenrir,Gaia,2354,295,b5d95c2f29f83c258c8ed96425acd32b_d384cf5ad7db803f29799f36ebbc3eadfc0.jpg?1787566310,Omega,63,4,NIN
Aurora Duskveil,14659861,41,38,Carbuncle,Elemental,2347,0,8d51113f06ccc3227a4928f8ab5ddee6_9eb3c19866f7ae0eeeffac7bf770aba5fc0.jpg?1787566831,Omega,139,1,AST
Lan Dame-celot,31839759,42,40,Ifrit,Gaia,2338,0,c278e5b98fa396fbc950aeafdb5aaee8_f9f796348bc43067c7242ec4551cde69fc0.jpg?1787567232,Omega,69,0,DRK
Snow Albarn,25263326,43,41,Fenrir,Gaia,2336,0,fa179c06d46acce251bb94d22a05e931_d384cf5ad7db803f29799f36ebbc3eadfc0.jpg?1787567835,Omega,145,1,BLM
Basta Reno,31797927,44,42,Carbuncle,Elemental,2305,0,22b32c1986bb9c2732e5f877f7cbdbd6_9eb3c19866f7ae0eeeffac7bf770aba5fc0.jpg?1787567616,Omega,68,2,DRG
Furanzeska Sumeragi,8414050,45,43,Tonberry,Elemental,2269,0,7300d72d23103eb5494b3e21bf99b3b6_7bb6b1e488f0e4f01c5314d010b60f31fc0.jpg?1787568627,Omega,80,0,SMN
Lupinus Lily,33777966,46,44,Ultima,Gaia,2263,0,6f019b443ab48375b1bcc5e5aa0debf9_9df1b3cb0da35db33c17ef11ddf12adafc0.jpg?1787566225,Omega,89,1,GNB
Kuno Cadenzavnaeve,42178142,47,45,Ifrit,Gaia,2260,0,85baa25ca299e93ef56226f40814f03b_f9f796348bc43067c7242ec4551cde69fc0.jpg?1787567430,Omega,97,0,WAR
Velvet Shilky,15655369,48,46,Anima,Mana,2244,0,988a0ec11e3b6bbbfc5478b0eab4b03f_2f698530a28d671d20278c8518c804c9fc0.jpg?1787567881,Omega,281,9,DRG
Ciao' Chu-ru,46227731,49,56,Asura,Mana,2243,106,4407462a62eb8cb31cec691e9f214c86_53f1445a9f28799a32ea55f046319fc3fc0.jpg?1787566875,Omega,82,11,UNK
Death-by Glamour,50007656,50,47,Fenrir,Gaia,2236,0,73746aab8b21d5917fab43f4db6f35aa_d384cf5ad7db803f29799f36ebbc3eadfc0.jpg?1787568978,Omega,57,0,UNK
Aeritte Ravel,41831914,51,48,Carbuncle,Elemental,2177,0,56a646fd4b2eb086bf8c9d712567e62f_9eb3c19866f7ae0eeeffac7bf770aba5fc0.jpg?1787567704,Omega,157,0,GNB
Fania Eckert,2837251,52,71,Titan,Mana,2175,99,7177d6fdd5036eebc72834f8376cd1cf_e2bb3f9679fec6d4836fcf8abcc3eeacfc0.jpg?1787565806,Omega,182,2,PCT
Xignas Schwalbe,2577287,53,49,Anima,Mana,2174,0,726f737868161a35f25fb4e06bccf08e_2f698530a28d671d20278c8518c804c9fc0.jpg?1787565640,Omega,168,0,VPR
Tige Noir,13429005,54,50,Ridill,Gaia,2170,0,92cf71f8edc971b0656a49db62280b09_138751880f18161a907d7cf0faa43f07fc0.jpg?1787568143,Omega,224,16,DNC
Akki Noc,2298162,55,51,Alexander,Gaia,2165,0,4a145f36c7316e0d32845d32af5e92bd_b7a71d8799cf6dd75b711a7f52de6675fc0.jpg?1787567440,Omega,115,0,SGE
Gogant Gogant,24052697,56,100,Atomos,Elemental,2163,201,9b2637d94cc0b341ddad961722026fdf_cf768a751b1f5e355c2fd39a9ed91f3ffc0.jpg?1787567832,Omega,115,3,SAM
Tam Sin,26754914,57,52,Ultima,Gaia,2157,0,4e875947aa4b95d1be857096f32d4ae8_9df1b3cb0da35db33c17ef11ddf12adafc0.jpg?1787567597,Omega,76,4,SAM
Coffee Mint,29415966,58,79,Titan,Mana,2154,100,e5a147803c62c81952bc0c786dcfc3cb_e2bb3f9679fec6d4836fcf8abcc3eeacfc0.jpg?1787566684,Omega,640,1,WAR
Soujirou Seta,4110224,59,78,Tonberry,Elemental,2153,98,7453a7542d76520abe9dd8dcc3572b78_7bb6b1e488f0e4f01c5314d010b60f31fc0.jpg?1787567101,Omega,118,4,SAM
Sukoya Mihirogi,42042279,60,53,Anima,Mana,2150,0,58dacb01c0c75e38125f892840beb026_2f698530a28d671d20278c8518c804c9fc0.jpg?1787566711,Omega,132,0,MCH
Lil Latte,55025559,61,54,Anima,Mana,2142,0,2d01c7e9c74b9faebdd6d9ece7c9eb4a_2f698530a28d671d20278c8518c804c9fc0.jpg?1787568214,Omega,219,9,UNK
Aslan Miller,42003071,62,82,Ixion,Mana,2142,100,091d6880c471f9f4c412b704f952af81_7126768d768f6c6c7fed3eaee98c3a8afc0.jpg?1787566673,Omega,170,18,WHM
Sidurgu Obsidian,17768556,63,55,Garuda,Elemental,2139,0,19277f9e0fcd9432fb16b0e1cbad47a7_fcb1f5b0249d1069e5bdc66d0796f26afc0.jpg?1787566850,Omega,83,0,WHM
Yuki Yui,25457703,64,90,Ultima,Gaia,2105,101,53e27d2153b5d4878ef23b1326589ff5_9df1b3cb0da35db33c17ef11ddf12adafc0.jpg?1787568789,Omega,127,3,UNK
Walter Winston,3431710,65,89,Fenrir,Gaia,2104,98,bee8390354426d2c1d42d687a0de29d5_d384cf5ad7db803f29799f36ebbc3eadfc0.jpg?1787567411,Omega,75,1,WAR
Kotori Angel,11433233,66,108,Alexander,Gaia,2094,199,249a60efd4f3f03c25a40a0c3c35d33f_b7a71d8799cf6dd75b711a7f52de6675fc0.jpg?1787567527,Omega,60,11,DRG
Mialulu Sabotage,33714151,67,134,Tiamat,Gaia,2093,392,ed107570ce5fd9ee695034c45ef4d395_9f10d335198e90990f3437c5733468e7fc0.jpg?1787568620,Omega,49,6,GNB
Flavia Saurva,29364722,68,57,Chocobo,Mana,2089,0,4a9b8d9e5f338a0c28625b5656567941_781d6b3603312f6be41670afa37282e0fc0.jpg?1787567736,Omega,52,0,RPR
Yuki Macaron-vanille,37997737,69,58,Ridill,Gaia,2087,0,87df14febf49ad8a24a323b239fb3250_138751880f18161a907d7cf0faa43f07fc0.jpg?1787567111,Omega,66,0,RDM
Kikiru Kiru,32877503,70,59,Pandaemonium,Mana,2086,0,e7b80247dc6473f7ec0cd4127f78efb3_470db1bf2e865f9130531fea40b61ee4fc0.jpg?1787568105,Omega,35,0,RDM
Avail Tec,46450631,71,60,Garuda,Elemental,2085,0,174c8b1a79d654754078bef6b8c51067_fcb1f5b0249d1069e5bdc66d0796f26afc0.jpg?1787565975,Omega,78,0,SAM
Ardbert Hylfyst,31584604,72,61,Belias,Meteor,2085,0,964952d6da8636ab55a5b87a925f0d4c_894c4bd0beab2e2beb44b74f4c4bd206fc0.jpg?1787566771,Omega,31,0,UNK
Rip Rill,726210,73,62,Gungnir,Elemental,2084,0,1ed2cf8fd8dc78c1ec061d9bb9c45462_8f82f937943b6baf4c565020d5eba0ccfc0.jpg?1787567192,Omega,221,10,WHM
Inori Chan,54439983,74,63,Asura,Mana,2084,0,924e00538b2fef48f1ddd6b463e8f7ef_53f1445a9f28799a32ea55f046319fc3fc0.jpg?1787567977,Omega,24,0,VPR
Yoochan Fantasy,30892468,75,64,Anima,Mana,2083,0,179b316106d60bb1488917ac1c45548c_2f698530a28d671d20278c8518c804c9fc0.jpg?1787566649,Omega,66,7,DRG
Kite Free,28865954,76,65,Kujata,Elemental,2083,0,b602646591e3d050094503c65590ee4c_72c48f093f2278ac3243962d3eb6a8d7fc0.jpg?1787567914,Omega,26,0,DRK
Muutyo Ganajai,35379364,77,66,Ridill,Gaia,2082,0,5435163c8ed77079a8f6bdb50b7b4da2_138751880f18161a907d7cf0faa43f07fc0.jpg?1787567623,Omega,68,0,SGE
Tomomomo Momomo,25830708,78,67,Ramuh,Meteor,2080,0,d1b6359fffbcc60e8bddc1120dc05d55_410ddb5a66a2fcacf538bec5ea5d0291fc0.jpg?1787568065,Omega,46,0,DRG
Ura Ururu,59087727,79,68,Chocobo,Mana,2080,0,cbc6fb7e99cc3d57226a4684079c139c_781d6b3603312f6be41670afa37282e0fc0.jpg?1787566602,Omega,40,0,BRD
Muri Puri,48472062,80,69,Ramuh,Meteor,2080,0,fcc01230b112ceb73d1f33197394d5c6_410ddb5a66a2fcacf538bec5ea5d0291fc0.jpg?1787567782,Omega,32,0,PLD
Douglas Ward,32519646,81,70,Asura,Mana,2077,0,5902010d301aa95176126fcdef0dc7c7_53f1445a9f28799a32ea55f046319fc3fc0.jpg?1787568737,Omega,322,0,RDM
Shion Amber,26147773,82,72,Unicorn,Meteor,2075,0,e2ecf01d14ce449e8393bc3f5dfc57f4_393eb74047bb90c8d80dea54218430eefc0.jpg?1787567412,Omega,32,0,AST
Ria Esta,46580024,83,95,Typhon,Elemental,2071,90,537b652a83e9ead35e927e93170f46f0_32d8c9c7cd5f62d62da2d31b6750a680fc0.jpg?1787567839,Omega,52,3,MCH
Sha Moji,19121169,84,73,Carbuncle,Elemental,2068,0,eb82915777eea0c952b2885bf59641d9_9eb3c19866f7ae0eeeffac7bf770aba5fc0.jpg?1787567621,Omega,154,5,MCH
Kana Drouv,37418772,85,74,Mandragora,Meteor,2068,0,556bea70c6c70acf776be4041d191d92_ee738654add55c3d07ea92d8e108074cfc0.jpg?1787568155,Omega,40,0,SAM
Suteiki Niku,21443132,86,75,Ixion,Mana,2065,0,2f186f805d4bb29abd9458d61593b81a_7126768d768f6c6c7fed3eaee98c3a8afc0.jpg?1787566369,Omega,204,0,VPR
Jawa San,3768644,87,103,Titan,Mana,2065,153,6dc7f48778a077c0339870e942a79f2e_e2bb3f9679fec6d4836fcf8abcc3eeacfc0.jpg?1787567342,Omega,138,14,NIN
Scarlet Liora,50450849,88,77,Ridill,Gaia,2056,0,823b2552238fefce05d1a2e39630911f_138751880f18161a907d7cf0faa43f07fc0.jpg?1787567814,Omega,75,0,PCT
Akatuki Re,22410327,89,80,Carbuncle,Elemental,2051,0,b3e601fbc493d7bc642faec11f3c05fb_9eb3c19866f7ae0eeeffac7bf770aba5fc0.jpg?1787568469,Omega,117,7,RDM
Creya Oaks,20662074,90,83,Tonberry,Elemental,2037,0,0fb57385ff1c90e3ea26edc53722b78c_7bb6b1e488f0e4f01c5314d010b60f31fc0.jpg?1787567799,Omega,226,11,PLD
Inx Chrono,21920611,91,84,Yojimbo,Meteor,2024,0,83c01df24231dda93176c28e69768459_4a92c619bde4f34cfa77e05fef21ad85fc0.jpg?1787567794,Omega,214,0,DNC
Ren Chamx,43411675,92,85,Chocobo,Mana,2023,0,d14faf3557b40f62c1fd8e9103ff0ca1_781d6b3603312f6be41670afa37282e0fc0.jpg?1787567524,Omega,163,0,MCH
Sakura Nemutai,55109399,93,86,Titan,Mana,2021,0,efa9ef6672998c8a9c860e5e104d6b3e_e2bb3f9679fec6d4836fcf8abcc3eeacfc0.jpg?1787568720,Omega,151,4,SGE
Devil May'cry,43140387,94,87,Chocobo,Mana,2015,0,bc38e75d4332eb0a661f158200cedb80_781d6b3603312f6be41670afa37282e0fc0.jpg?1787567154,Omega,44,0,UNK
Yan Yan,3182501,95,88,Alexander,Gaia,2012,0,5cd079575de2bd01f87a188c93738695_b7a71d8799cf6dd75b711a7f52de6675fc0.jpg?1787566455,Omega,74,0,NIN
Kaede Felis,33728274,96,91,Typhon,Elemental,2002,0,40686a32bf2ab631ff7e7677fc614cb3_32d8c9c7cd5f62d62da2d31b6750a680fc0.jpg?1787565674,Omega,127,0,DRG
Yoruki Hiroran,56925172,97,92,Typhon,Elemental,2001,0,68df19c82415e8fed5592345fb9acbd3_32d8c9c7cd5f62d62da2d31b6750a680fc0.jpg?1787566692,Omega,43,0,SGE
Fuki Non,51302585,98,93,Titan,Mana,1999,0,99d46e5dfaf54e3a630e700cbd41968b_e2bb3f9679fec6d4836fcf8abcc3eeacfc0.jpg?1787566457,Crystal,64,0,WHM
Ame Ame,53697484,99,122,Titan,Mana,1997,189,93d3d9e0c4003776bb652473d623797e_e2bb3f9679fec6d4836fcf8abcc3eeacfc0.jpg?1787567882,Crystal,52,2,UNK
Neku Xyst,23660389,100,243,Ifrit,Gaia,1991,702,fb1f5fe2519e579c50b2b5aa89992706_f9f796348bc43067c7242ec4551cde69fc0.jpg?1787567285,Crystal,64,23,VPR
He Ro,57048881,101,265,Ultima,Gaia,1988,791,1988e9fc4df817df742388c245715b40_9df1b3cb0da35db33c17ef11ddf12adafc0.jpg?1787567051,Crystal,525,13,UNK
Hosi Lumier,20014623,102,94,Ridill,Gaia,1981,0,126e42d301322000c4e965281e8f7098_138751880f18161a907d7cf0faa43f07fc0.jpg?1787567277,Crystal,156,3,BRD
Uta Tubame,12421333,103,96,Zeromus,Meteor,1981,2,4c1c1810ab77c61696ca66b0716fd309_c76848359d0b4d2f37aefbb9903ed97bfc0.jpg?1787567718,Crystal,93,1,PCT
Iroha Date,6961136,104,97,Aegis,Elemental,1973,0,554b38366a6696fd4ca04583ad727660_3ea38e723c590aabf186367e1eb7e6a1fc0.jpg?1787567390,Crystal,129,12,SCH
Kirakira Akira,55531034,105,98,Typhon,Elemental,1973,0,5934f798f998575286709c767ba05f59_32d8c9c7cd5f62d62da2d31b6750a680fc0.jpg?1787567988,Crystal,35,0,SMN
Elisa Wolframite,18964939,106,126,Hades,Mana,1970,197,5582934bb6b94d50874d7d241225aa74_a4730651230dd43cb129562a30d531aefc0.jpg?1787567873,Crystal,123,2,SAM
Amarl Malaguld,27652092,107,99,Masamune,Mana,1966,0,92f5a8f587b00180a706bf0adc6692cb_134930215abb8a90ec37d6cc05b05e08fc0.jpg?1787569113,Crystal,65,12,SMN
Ajika Rajika,6811285,108,101,Tiamat,Gaia,1916,0,97621d00c96124d00a3c01cec2dde5f8_9f10d335198e90990f3437c5733468e7fc0.jpg?1787567898,Crystal,104,0,UNK
Che'rie Amiri,60682859,109,102,Zeromus,Meteor,1913,0,74b40d795da2cd26657f9838869b63da_c76848359d0b4d2f37aefbb9903ed97bfc0.jpg?1787566975,Crystal,113,0,UNK
Meilkea Inori,40934425,110,104,Aegis,Elemental,1904,0,4c256b756b0f4f43b209ec71728dc0e2_3ea38e723c590aabf186367e1eb7e6a1fc0.jpg?1787566503,Crystal,284,7,UNK
Wuruwuru Yaya,19903532,111,105,Asura,Mana,1904,0,c4dcc6326814217e41a2636e5dd8eea3_53f1445a9f28799a32ea55f046319fc3fc0.jpg?1787568199,Crystal,126,0,NIN
Link Ring,55955379,112,106,Durandal,Gaia,1899,0,cd57a4705e19ebab4b3922b039f3a7b7_806ea5b45071d5cd6bf393e38462ee71fc0.jpg?1787565905,Crystal,100,6,BLM
Nao Fu,41247403,113,107,Shinryu,Meteor,1897,0,cfc231e11fac22b1fb8d9d27cee48586_87b7d447f40b06dfc7228caf195f7dcffc0.jpg?1787568548,Crystal,101,4,AST
Roric Thorne,59323169,114,109,Pandaemonium,Mana,1895,0,4ff669632484c5fdf241ea2b9f955435_470db1bf2e865f9130531fea40b61ee4fc0.jpg?1787566326,Crystal,24,0,PCT
Ririca Rica,22451341,115,135,Valefor,Meteor,1891,192,b82d75152d14ebf44db2622ef433b4f4_485f4777c38002871591fb54f27edc65fc0.jpg?1787568366,Crystal,192,3,RPR
Hana'ni Narou,55619969,116,110,Bahamut,Gaia,1890,0,6fed23863620c8b715cbb8ea2b38180f_86da943caa70c8694707ab2ff74e68c9fc0.jpg?1787567738,Crystal,44,17,AST
Okome Justice,58734775,117,111,Durandal,Gaia,1889,0,3589d26a22faffebd4c39812822aab8a_806ea5b45071d5cd6bf393e38462ee71fc0.jpg?1787567909,Crystal,41,0,MCH
Sead Slendisch,27788989,118,140,Asura,Mana,1888,205,c9bd1276c77cf644ce955ce68575aa37_53f1445a9f28799a32ea55f046319fc3fc0.jpg?1787566930,Crystal,135,18,SGE
Rohesa Morgan,10586618,119,262,Ramuh,Meteor,1884,683,1b6623c84e2fcee5c1d726a691ab88ba_410ddb5a66a2fcacf538bec5ea5d0291fc0.jpg?1787566293,Crystal,190,13,GSM
Cait Sith,1574936,120,112,Tiamat,Gaia,1883,0,fc4156170aa1fca8004a80238705e5cf_9f10d335198e90990f3437c5733468e7fc0.jpg?1787567139,Crystal,115,0,CUL
Lain Wired,1578110,121,113,Chocobo,Mana,1881,0,51b29015827612eb3c28c2c8dd0f43ef_781d6b3603312f6be41670afa37282e0fc0.jpg?1787566212,Crystal,215,6,PCT
Hollow Crown,59144034,122,114,Chocobo,Mana,1880,0,b91b6512544e8803d649622f67e53eab_781d6b3603312f6be41670afa37282e0fc0.jpg?1787568761,Crystal,31,4,MNK
Kur Age,27916663,123,193,Ifrit,Gaia,1872,394,b6c15539902ac3615580d0c358a2ce3a_f9f796348bc43067c7242ec4551cde69fc0.jpg?1787566419,Crystal,46,17,SGE
Regret Weise,15486920,124,115,Fenrir,Gaia,1870,0,13172be4a1ad05d87f2b3a6e43f14d31_d384cf5ad7db803f29799f36ebbc3eadfc0.jpg?1787568379,Crystal,65,0,SAM
U-ta Rona,33778140,125,116,Ifrit,Gaia,1862,0,5364399662a84913de2dc736c1cdcfc6_f9f796348bc43067c7242ec4551cde69fc0.jpg?1787567854,Crystal,84,0,PCT
Wabi Suke,1601102,126,117,Asura,Mana,1855,0,355b0ae1cb512875c96e88afa06d36a7_53f1445a9f28799a32ea55f046319fc3fc0.jpg?1787567862,Crystal,426,28,NIN
Crystalline Conflict,56094564,127,118,Kujata,Elemental,1852,0,dcae5be360cd5ac359780dd998fbbf57_72c48f093f2278ac3243962d3eb6a8d7fc0.jpg?1787567631,Crystal,112,0,UNK
Fuuga Reinfeldt,29495648,128,119,Unicorn,Meteor,1844,12,4441cdfb6f60085397a6647656e86646_393eb74047bb90c8d80dea54218430eefc0.jpg?1787568229,Crystal,129,17,WAR
Baked Potapota,42031891,129,121,Ramuh,Meteor,1815,5,1b1e5ff45bcbd6a80c94ee1c0c8bddcf_410ddb5a66a2fcacf538bec5ea5d0291fc0.jpg?1787566506,Crystal,98,3,AST
Ruru Rururun,41786182,130,120,Ifrit,Gaia,1812,0,3fd0ff0d0e58f6a761a54eebd33b7bc6_f9f796348bc43067c7242ec4551cde69fc0.jpg?1787569114,Crystal,376,32,UNK
Nicku Nicku,18939474,131,235,Tonberry,Elemental,1804,505,c713d7a775bba8adf5d47b2630f63674_7bb6b1e488f0e4f01c5314d010b60f31fc0.jpg?1787566003,Crystal,20,6,UNK
Black' Cat,27132360,132,123,Ifrit,Gaia,1800,0,25f0dd65be1cf71e9e26e0bcc0dc271f_f9f796348bc43067c7242ec4551cde69fc0.jpg?1787567763,Crystal,131,6,DRG
Nocturne Midnightblue,55368101,133,182,Asura,Mana,1798,302,e9f7726a264875c782e0384932dbf161_53f1445a9f28799a32ea55f046319fc3fc0.jpg?1787567836,Crystal,68,17,WHM
Pero Noir,27109057,134,142,Ultima,Gaia,1784,102,889b0b13f93f702d3df91ec97e272102_9df1b3cb0da35db33c17ef11ddf12adafc0.jpg?1787568894,Crystal,52,1,DRK
Cey Noqed,56239764,135,124,Anima,Mana,1783,0,05a455503c1b9dc0712f50ad519d9d21_2f698530a28d671d20278c8518c804c9fc0.jpg?1787568551,Crystal,100,4,BLM
Yo Na,52935364,136,125,Fenrir,Gaia,1783,0,2517fd5dbad75617e546949761815db9_d384cf5ad7db803f29799f36ebbc3eadfc0.jpg?1787565903,Crystal,67,0,NIN
Beatrice Rosenkreuz,31285042,137,127,Tiamat,Gaia,1771,0,1972bc9fb243d5cb03ad68af2779564d_9f10d335198e90990f3437c5733468e7fc0.jpg?1787567084,Crystal,51,0,FSH
Piccolo Saaaaann,23336998,138,128,Asura,Mana,1770,0,efa27fc6ea5fa0a09f429159c3346a0f_53f1445a9f28799a32ea55f046319fc3fc0.jpg?1787567222,Crystal,262,20,PLD
Korone Yubi,38334943,139,129,Yojimbo,Meteor,1768,0,f96e46a75ff8692aefd4bf0841f4e177_4a92c619bde4f34cfa77e05fef21ad85fc0.jpg?1787568420,Crystal,115,0,SGE
Yuuki Swallowtail,32886185,140,130,Kujata,Elemental,1714,0,712840b89db68c0862aff570eefb28c6_72c48f093f2278ac3243962d3eb6a8d7fc0.jpg?1787565851,Crystal,129,0,SMN
Cinzia Castagnone,42223337,141,131,Ultima,Gaia,1713,0,f04869081ccf9229ca06746e399b2740_9df1b3cb0da35db33c17ef11ddf12adafc0.jpg?1787566773,Crystal,105,11,AST
Rex Cold,46340519,142,132,Bahamut,Gaia,1709,0,5a590acfa6bbe6cddd1eb5143c7070f2_86da943caa70c8694707ab2ff74e68c9fc0.jpg?1787569079,Crystal,55,0,UNK
Orpheus Jongleur,3414846,143,133,Bahamut,Gaia,1702,0,091f84408fe996c55b0d18af8fc1d9d6_86da943caa70c8694707ab2ff74e68c9fc0.jpg?1787565804,Crystal,64,0,SCH
Inu- Pe-,42153397,144,221,Anima,Mana,1697,322,40c3101dfff66955ad4d9b06fda6e3a8_2f698530a28d671d20278c8518c804c9fc0.jpg?1787568645,Crystal,261,9,SAM
Jios Quartar,3179754,145,136,Tiamat,Gaia,1695,0,e4a3c15118c1258c3c33b152cbada545_9f10d335198e90990f3437c5733468e7fc0.jpg?1787565882,Crystal,122,0,VPR
Ml Tei,47822875,146,137,Alexander,Gaia,1695,0,259bd72e639c252e3e6ab819661c07a6_b7a71d8799cf6dd75b711a7f52de6675fc0.jpg?1787567026,Crystal,25,0,DRK
Fury Halone,31201226,147,152,Chocobo,Mana,1694,99,391e22872f5bc92045c105b0c7778c1b_781d6b3603312f6be41670afa37282e0fc0.jpg?1787566415,Crystal,45,4,DRG
Elosie Ue,46030616,148,0,Bahamut,Gaia,1692,1290,cdd278ec7274c3a04f790d4954079c53_86da943caa70c8694707ab2ff74e68c9fc0.jpg?1787566095,Crystal,71,29,MCH
Lufefe Lufe,8829146,149,212,Mandragora,Meteor,1691,305,91e252cc1edf40cc72e7912c50fbfde7_ee738654add55c3d07ea92d8e108074cfc0.jpg?1787566426,Crystal,95,8,NIN
Tamago Crab,1576417,150,138,Chocobo,Mana,1689,0,0bce11216fe6e4e1cecfe7c969a1460f_781d6b3603312f6be41670afa37282e0fc0.jpg?1787565937,Crystal,109,9,SMN
Jack O'brian,12218514,151,185,Valefor,Meteor,1689,196,c75b51feaef2edd8ae7e838fdfef63ae_485f4777c38002871591fb54f27edc65fc0.jpg?1787567072,Crystal,39,6,MNK
Laru Gucchi,4772544,152,139,Durandal,Gaia,1686,0,766e8af080f3aa6e38ee510dee4807b8_806ea5b45071d5cd6bf393e38462ee71fc0.jpg?1787566702,Crystal,84,5,VPR
Alt Sanktgallen,2143482,153,141,Mandragora,Meteor,1683,0,5c873dda3f483d96a474d6049544be77_ee738654add55c3d07ea92d8e108074cfc0.jpg?1787566970,Crystal,84,8,VPR
Maito Melek,26875635,154,143,Hades,Mana,1680,0,f46d534bca38450ba9b70bb608411c3e_a4730651230dd43cb129562a30d531aefc0.jpg?1787567224,Crystal,18,0,UNK
Lilica Astadir,3503219,155,144,Valefor,Meteor,1677,0,5af5f880cbf4a0fb2fc785912a217eae_485f4777c38002871591fb54f27edc65fc0.jpg?1787567240,Crystal,81,8,DRG
Citrullus Lanatus,44400335,156,217,Yojimbo,Meteor,1677,391,13ea310de2d8cda4dccc636dbfe2e046_4a92c619bde4f34cfa77e05fef21ad85fc0.jpg?1787566557,Crystal,44,5,SAM
Mao Caprice,32793338,157,145,Titan,Mana,1675,0,101c8c73de660221dc8ad95fafa4ad3c_e2bb3f9679fec6d4836fcf8abcc3eeacfc0.jpg?1787566071,Crystal,77,0,SGE
Aurelia Stratosfera,26527089,158,146,Unicorn,Meteor,1675,0,0ed689683555a9555b96a5599288d4a1_393eb74047bb90c8d80dea54218430eefc0.jpg?1787568671,Crystal,64,0,SAM
Liken Liekun,24806613,159,280,Shinryu,Meteor,1673,493,5aa5d27e0f5d07d19980648d6a9c2ba5_87b7d447f40b06dfc7228caf195f7dcffc0.jpg?1787568442,Crystal,166,11,SGE
Moi Pomme,56383677,160,147,Anima,Mana,1672,0,df195b6c463065fc5c6cf34724d6875c_2f698530a28d671d20278c8518c804c9fc0.jpg?1787567247,Crystal,76,0,SMN
Aries San,12460047,161,148,Tiamat,Gaia,1668,0,00a39e6a3c0cb6e9529ffdf15a10dadb_9f10d335198e90990f3437c5733468e7fc0.jpg?1787565597,Crystal,100,0,AST
Envy Lua,43034484,162,149,Valefor,Meteor,1632,0,e7cd2d55788c0aa6cbc5b71284096360_485f4777c38002871591fb54f27edc65fc0.jpg?1787567227,Crystal,84,0,AST
Chrono Meter,4807361,163,150,Zeromus,Meteor,1622,0,b74f258cbaba5cb680ca0095a0758cbb_c76848359d0b4d2f37aefbb9903ed97bfc0.jpg?1787565690,Crystal,312,26,UNK
Shattered Onyx,61529398,164,151,Mandragora,Meteor,1621,0,4507237b3154f0500f368c8975cd596c_ee738654add55c3d07ea92d8e108074cfc0.jpg?1787568456,Crystal,109,0,VPR
Ena Lucida,46120110,165,153,Valefor,Meteor,1602,0,0d22e7ccb96b881d94b2eaac8c63f55c_485f4777c38002871591fb54f27edc65fc0.jpg?1787567798,Crystal,122,6,UNK
Falaris Whitemoon,39272552,166,154,Carbuncle,Elemental,1602,0,ba7f541c520a57e21fce1321218d73b3_9eb3c19866f7ae0eeeffac7bf770aba5fc0.jpg?1787567336,Crystal,58,0,MNK
Hakuen Sinonome,10757391,167,155,Asura,Mana,1601,0,6660ba18e406e22fbec52d7b8d1ac332_53f1445a9f28799a32ea55f046319fc3fc0.jpg?1787566139,Crystal,29,0,NIN
Aquamarine Freyja,30360317,168,156,Titan,Mana,1600,0,0dfd1b818fb45dff90b6c17b14b71318_e2bb3f9679fec6d4836fcf8abcc3eeacfc0.jpg?1787568766,Crystal,62,22,DRK
Aristel Brown,3214595,169,157,Typhon,Elemental,1599,0,edba68904ef1184c5563cdd263603a74_32d8c9c7cd5f62d62da2d31b6750a680fc0.jpg?1787566137,Crystal,402,0,MCH
Planet Exploration,30755276,170,158,Ixion,Mana,1595,0,b2df099dea56680a53bbc8588e28444f_7126768d768f6c6c7fed3eaee98c3a8afc0.jpg?1787567969,Crystal,60,0,SGE
Nov Noa,56271994,171,159,Tiamat,Gaia,1594,0,0711a53e252756264a473f2b53d53cad_9f10d335198e90990f3437c5733468e7fc0.jpg?1787568652,Crystal,27,0,SCH
Fennel Earltea,21886406,172,160,Typhon,Elemental,1591,0,4e8f23f97ca17b02271d5d67829e204d_32d8c9c7cd5f62d62da2d31b6750a680fc0.jpg?1787568876,Crystal,100,0,DRK
Katuo Bushi,48894263,173,161,Garuda,Elemental,1588,0,8b92a347d66765b2b2d24c1ad40d5afa_fcb1f5b0249d1069e5bdc66d0796f26afc0.jpg?1787566067,Crystal,167,15,RDM
Rinfia Rint,24291060,174,162,Durandal,Gaia,1586,0,a0d48d9035ce8cb65db8d80e6f885428_806ea5b45071d5cd6bf393e38462ee71fc0.jpg?1787567409,Crystal,175,14,WHM
Shamia Lafihna,19352479,175,163,Hades,Mana,1586,0,d0039c35e86ce2926331c5c708ef39f6_a4730651230dd43cb129562a30d531aefc0.jpg?1787568900,Crystal,71,0,VPR
Ursula Hackenschmidt,42648090,176,164,Fenrir,Gaia,1584,0,a665d50be7723b1660e54e045bb7a2fe_d384cf5ad7db803f29799f36ebbc3eadfc0.jpg?1787567915,Crystal,27,0,PLD
Zwei Kreuz,14516450,177,165,Bahamut,Gaia,1577,0,367ea315b18ce50bb6f34a9ea77f3222_86da943caa70c8694707ab2ff74e68c9fc0.jpg?1787566721,Crystal,33,0,UNK
Hina Narumi,36489169,178,166,Masamune,Mana,1575,0,b92b3bffbe6d8e1f5f53a1f3735c1387_134930215abb8a90ec37d6cc05b05e08fc0.jpg?1787568519,Crystal,59,0,DRG
Honey Cat,51251838,179,167,Ultima,Gaia,1565,0,c89504a579493fe83a6003536b5fcfdf_9df1b3cb0da35db33c17ef11ddf12adafc0.jpg?1787566636,Crystal,122,0,MCH
Hateful Past,26237856,180,168,Asura,Mana,1560,0,ed0c8f5d7b00b4c718fd834e96efdd7e_53f1445a9f28799a32ea55f046319fc3fc0.jpg?1787566682,Crystal,61,0,PLD
Aruku Babyun,7383311,181,169,Unicorn,Meteor,1558,0,c2fa4e98c1f4638d053218fa4c127b4c_393eb74047bb90c8d80dea54218430eefc0.jpg?1787568111,Crystal,181,0,NIN
Mitui Aset,29908583,182,170,Zeromus,Meteor,1554,0,03c5c419a0ed40508b02b7656c3bc1e1_c76848359d0b4d2f37aefbb9903ed97bfc0.jpg?1787567748,Crystal,368,1,WAR
Zukasa Yatoh,8768354,183,171,Typhon,Elemental,1547,0,4b9242a67c4aa4390facfa8e2028de4b_32d8c9c7cd5f62d62da2d31b6750a680fc0.jpg?1787567178,Crystal,161,0,DRG
Deisia Touna,31397456,184,172,Mandragora,Meteor,1528,0,f9bdcbbd105a361017ee7dd26bde2ea6_ee738654add55c3d07ea92d8e108074cfc0.jpg?1787566783,Crystal,217,6,DRG
Hoshino Ai,47933529,185,173,Titan,Mana,1528,0,82bad71f761726aa0a737f36447d9f50_e2bb3f9679fec6d4836fcf8abcc3eeacfc0.jpg?1787566937,Crystal,55,0,WAR
Khelby Trickster,1496735,186,174,Gungnir,Elemental,1526,5,fde8b59fda65550661c58e15a9026a06_8f82f937943b6baf4c565020d5eba0ccfc0.jpg?1787567324,Crystal,95,7,PCT
Erik Bural,20508529,187,175,Hades,Mana,1511,0,2ca5bed0ca0e49f68c7ca14062e0bacc_a4730651230dd43cb129562a30d531aefc0.jpg?1787567984,Crystal,337,16,AST
Notttz Imbrium,50270248,188,176,Titan,Mana,1509,0,58a87ecc9a18820b07646a481a8154a4_e2bb3f9679fec6d4836fcf8abcc3eeacfc0.jpg?1787566256,Crystal,57,0,BLM
Karewa Kare,53675376,189,292,Durandal,Gaia,1508,401,cbdbee91e564af7bf540b273708c9d13_806ea5b45071d5cd6bf393e38462ee71fc0.jpg?1787566685,Crystal,75,10,WHM
Mochi Dooooon,51161467,190,197,Hades,Mana,1508,97,fe8f2f3f207480dac3f25ca746d11cf4_a4730651230dd43cb129562a30d531aefc0.jpg?1787568698,Crystal,37,1,SGE
Hyunsik Lee,59757026,191,177,Typhon,Elemental,1506,0,d171f47402375bca99a35c72ebcb7e48_32d8c9c7cd5f62d62da2d31b6750a680fc0.jpg?1787568635,Crystal,43,11,DNC
Now Tarako,25271680,192,178,Belias,Meteor,1504,0,238a3ddced202809c65eaecd03eda2d1_894c4bd0beab2e2beb44b74f4c4bd206fc0.jpg?1787567476,Crystal,69,4,SMN
Lily Skywaker,6792620,193,179,Ixion,Mana,1503,0,2a199e9346f375c2f2e814be59d0cf09_7126768d768f6c6c7fed3eaee98c3a8afc0.jpg?1787567763,Crystal,166,15,PCT
Comachi Dj,13425678,194,180,Hades,Mana,1503,0,4983bf5b31ed2764865b5fd4a01a64a5_a4730651230dd43cb129562a30d531aefc0.jpg?1787567969,Crystal,121,0,VPR
Nacreous Snowmelt,55586649,195,181,Asura,Mana,1500,0,2927bf8e620ad06dc8e1e74d7e3c071f_53f1445a9f28799a32ea55f046319fc3fc0.jpg?1787567626,Crystal,23,0,WAR
Sol Perfect,13175986,196,183,Hades,Mana,1494,0,09b81422623fbfed2cbc5f5650d41a6f_a4730651230dd43cb129562a30d531aefc0.jpg?1787566159,Crystal,48,0,VPR
In Darkness,58974244,197,205,Chocobo,Mana,1493,102,d7230442a7c392d7ef8e729a84ab3182_781d6b3603312f6be41670afa37282e0fc0.jpg?1787566167,Crystal,382,17,SMN
Shinra Arasaka,24734269,198,184,Tiamat,Gaia,1493,0,2d735fa31b5cfcc7eabaae1839d0b731_9f10d335198e90990f3437c5733468e7fc0.jpg?1787567913,Crystal,43,0,MNK
Boku Hide,61259881,199,186,Chocobo,Mana,1490,0,2405cc4b75108a1384180ce7bafc3b98_781d6b3603312f6be41670afa37282e0fc0.jpg?1787567946,Crystal,59,0,UNK
Happy Gigapanda,29631468,200,187,Belias,Meteor,1488,0,d689aa402e0869833ed03b58aa3396a8_894c4bd0beab2e2beb44b74f4c4bd206fc0.jpg?1787566816,Crystal,107,0,SAM
Luna Nana,41082381,201,188,Typhon,Elemental,1485,0,35d0842e516aa886b3d925659c693234_32d8c9c7cd5f62d62da2d31b6750a680fc0.jpg?1787565699,Crystal,119,0,BRD
Momikucha Ocojo,51451812,202,191,Ixion,Mana,1482,3,52ebf8cad8e1a025e1469ada4534a0f2_7126768d768f6c6c7fed3eaee98c3a8afc0.jpg?1787568093,Crystal,106,2,UNK
Ardlan Vorlesh,45102526,203,190,Asura,Mana,1481,0,04bfc027079d355fc717e8ec9a4b5f9e_53f1445a9f28799a32ea55f046319fc3fc0.jpg?1787567458,Crystal,88,4,DRG
Blari Taraba,29682913,204,189,Ultima,Gaia,1481,0,8715585bf23b1871520e0b6c478fa049_9df1b3cb0da35db33c17ef11ddf12adafc0.jpg?1787568560,Crystal,86,0,MNK
Tomato Mato,54649869,205,198,Ixion,Mana,1480,297,e417d4ddd5bd7df8155005f15bd1ab53_7126768d768f6c6c7fed3eaee98c3a8afc0.jpg?1787566669,Crystal,43,14,UNK
Dodopita Pittan,3558680,206,192,Tiamat,Gaia,1479,0,0c4178029dae08c0fcbe267d46034e76_9f10d335198e90990f3437c5733468e7fc0.jpg?1787566256,Crystal,87,6,SAM
Vir Sanctus,38437893,207,194,Asura,Mana,1469,0,e0afc9c178de541c5ba8a1afafa4bb02_53f1445a9f28799a32ea55f046319fc3fc0.jpg?1787567874,Crystal,54,6,MCH
Lala Ruru,23370112,208,195,Hades,Mana,1442,0,52987a3ea9f860f9522e49f36a51fcdf_a4730651230dd43cb129562a30d531aefc0.jpg?1787566749,Crystal,200,11,WHM
Mao Niang,52828242,209,196,Ramuh,Meteor,1418,0,8d9afe0653c54c1b87570b3e2bbd4aad_410ddb5a66a2fcacf538bec5ea5d0291fc0.jpg?1787567134,Crystal,85,6,GNB
Diao Tiandi,56776774,210,199,Ixion,Mana,1408,0,d3f8787a245e6cabd6ee8065c6eeefb5_7126768d768f6c6c7fed3eaee98c3a8afc0.jpg?1787566451,Crystal,84,0,PLD
Maplesyrup Hunnyhunt,5036291,211,0,Unicorn,Meteor,1401,329,30c7709ed0a59cb5eb0c9201d62deb82_393eb74047bb90c8d80dea54218430eefc0.jpg?1787568251,Crystal,103,14,MNK
Anoma Loris,44038350,212,200,Valefor,Meteor,1401,0,57b0094511d082e7e7e8203d850b4159_485f4777c38002871591fb54f27edc65fc0.jpg?1787566923,Crystal,76,2,AST
Aria Canon,1030539,213,201,Pandaemonium,Mana,1399,0,c643f10c86a1dec8fe0358a24454dab6_470db1bf2e865f9130531fea40b61ee4fc0.jpg?1787565742,Crystal,186,8,BLM
Super Gal,52139020,214,236,Bahamut,Gaia,1396,100,2a20ce1a576737898f3290324b402cd6_86da943caa70c8694707ab2ff74e68c9fc0.jpg?1787566540,Crystal,244,4,RDM
Sylphiette Luglia,13255770,215,202,Ultima,Gaia,1394,0,50ff78ae7a4200bc288765aa81af5849_9df1b3cb0da35db33c17ef11ddf12adafc0.jpg?1787566546,Crystal,140,0,MNK
Yi Xiangfeng,57320880,216,203,Titan,Mana,1394,0,a98e604367a6e3fd017185877e3a9227_e2bb3f9679fec6d4836fcf8abcc3eeacfc0.jpg?1787568765,Crystal,31,0,BRD
Sweetbleed Viras,56084804,217,271,Ridill,Gaia,1393,200,98404495f2c5b2af87b2eb9ff9b3aaf0_138751880f18161a907d7cf0faa43f07fc0.jpg?1787568024,Crystal,149,6,GNB
Evariste Galois,58660135,218,204,Chocobo,Mana,1392,0,7f835ad51f7703d8c7d073fc750b8987_781d6b3603312f6be41670afa37282e0fc0.jpg?1787565816,Crystal,72,0,UNK
Go Mee,19423327,219,237,Ifrit,Gaia,1391,97,a075edbb8331e7e875aae500a9e7a435_f9f796348bc43067c7242ec4551cde69fc0.jpg?1787566130,Crystal,68,9,GNB
Nina Vailu,50599787,220,210,Yojimbo,Meteor,1390,3,0a657d81c5b867d2f49d51382bc7b94c_4a92c619bde4f34cfa77e05fef21ad85fc0.jpg?1787566720,Crystal,116,5,DNC
Syake Dog-nyan,1616788,221,206,Bahamut,Gaia,1390,0,39b434160e1c215835c854cb7a564018_86da943caa70c8694707ab2ff74e68c9fc0.jpg?1787566046,Crystal,76,4,SCH
Ame Azarashi,23141823,222,207,Durandal,Gaia,1390,0,3169ff74c51973a08f1b5c47026339a9_806ea5b45071d5cd6bf393e38462ee71fc0.jpg?1787568554,Crystal,30,0,GNB
Aster Sion,3717138,223,208,Valefor,Meteor,1389,0,bb0aa6be216055a36aa59e813ca0ebdb_485f4777c38002871591fb54f27edc65fc0.jpg?1787567840,Crystal,41,1,WAR
Avaron Ninesisters,1584314,224,209,Tiamat,Gaia,1387,0,5c1970240f5e1f80ffabdd3988080f5e_9f10d335198e90990f3437c5733468e7fc0.jpg?1787566559,Crystal,162,15,WHM
Royce Farrell,16260248,225,0,Tiamat,Gaia,1387,492,dc9ad81c6df424c2b17bd56da6b0cc85_9f10d335198e90990f3437c5733468e7fc0.jpg?1787567600,Crystal,59,6,RPR
Oracle Trezavejo,15712017,226,211,Bahamut,Gaia,1386,0,b4aa7ecb29192073338a2cc53603b062_86da943caa70c8694707ab2ff74e68c9fc0.jpg?1787566530,Crystal,93,0,SMN
Mily Sara,23911809,227,213,Aegis,Elemental,1385,0,19086b376708852503d1ac9c2b293b8c_3ea38e723c590aabf186367e1eb7e6a1fc0.jpg?1787566597,Crystal,162,4,SGE
Sana Papa,44925625,228,214,Ramuh,Meteor,1384,0,6a2d4e251458356b738142d6b0653c03_410ddb5a66a2fcacf538bec5ea5d0291fc0.jpg?1787567821,Crystal,40,0,MCH
Save Metaru,4884743,229,0,Titan,Mana,1383,401,9a955c2a6fd15f44207aa0dbedbb58f0_e2bb3f9679fec6d4836fcf8abcc3eeacfc0.jpg?1787566613,Crystal,31,7,RDM
Konegai Konegai,3277232,230,232,Masamune,Mana,1382,81,3a445dba3d4d2882c60b55a59669971b_134930215abb8a90ec37d6cc05b05e08fc0.jpg?1787567385,Crystal,164,13,MCH
Kageto Magatsuki,36052369,231,215,Ultima,Gaia,1381,0,c99eebd98f0729313042324985a6fc9a_9df1b3cb0da35db33c17ef11ddf12adafc0.jpg?1787567256,Crystal,42,0,BSM
Zero No'name,24180515,231,0,Titan,Mana,1381,397,3f2ec2a99605ed4d05ef0e5bc0f3b8d4_e2bb3f9679fec6d4836fcf8abcc3eeacfc0.jpg?1787566403,Crystal,42,7,PLD
Ui Thrix,39291749,233,218,Chocobo,Mana,1381,2,08b70654c7812f561afc700e0756319a_781d6b3603312f6be41670afa37282e0fc0.jpg?1787566973,Crystal,37,2,WHM
San Sowa,35604125,234,216,Ridill,Gaia,1379,0,c5fbf3709fd6b4c8fba74f67e0820609_138751880f18161a907d7cf0faa43f07fc0.jpg?1787566198,Crystal,241,8,UNK
Jake Emethart,30406074,235,219,Alexander,Gaia,1378,0,0bb538c469f634e7e8b6453518a8df60_b7a71d8799cf6dd75b711a7f52de6675fc0.jpg?1787565995,Crystal,84,0,RPR
Seraki Matsushima,43566777,236,220,Ixion,Mana,1378,0,1e4675de3ee8e4d8e053dede59297104_7126768d768f6c6c7fed3eaee98c3a8afc0.jpg?1787568951,Crystal,37,3,VPR
Kupfdoen Mynaikoensyn,2336564,237,222,Garuda,Elemental,1369,0,89679647ba7b815cb23d73ae2d6050eb_fcb1f5b0249d1069e5bdc66d0796f26afc0.jpg?1787566644,Crystal,139,1,BLM
Lhei Tayun,55776060,238,223,Chocobo,Mana,1366,0,d1e1c509f0fac227ceada972ddb424d4_781d6b3603312f6be41670afa37282e0fc0.jpg?1787568834,Crystal,66,0,BLM
Shi Syou,5023543,239,224,Atomos,Elemental,1364,0,d930c67636980aa5cc10bd814bdc2dbd_cf768a751b1f5e355c2fd39a9ed91f3ffc0.jpg?1787567252,Crystal,120,5,MCH
Rariboy Xx,4660025,240,225,Garuda,Elemental,1356,0,80b036f210d47467413b630ce1537551_fcb1f5b0249d1069e5bdc66d0796f26afc0.jpg?1787567729,Crystal,73,0,MCH
Rius Celma,2593636,241,289,Gungnir,Elemental,1325,216,0cd92976f9846763acada5649dcee812_8f82f937943b6baf4c565020d5eba0ccfc0.jpg?1787568365,Crystal,138,22,RDM
Karma Strife,3816037,242,226,Chocobo,Mana,1325,0,7a25293b17ff84c0c64a519d1fc09720_781d6b3603312f6be41670afa37282e0fc0.jpg?1787566116,Crystal,82,0,SCH
Nyaruga Kyuruga,4962287,243,227,Atomos,Elemental,1319,0,fb555ad539f0f8689a39c65513b388b2_cf768a751b1f5e355c2fd39a9ed91f3ffc0.jpg?1787566453,Crystal,118,0,WAR
Piggy Walk,49739992,244,228,Alexander,Gaia,1319,0,3e967d228a864beca527f7f9e1561cb0_b7a71d8799cf6dd75b711a7f52de6675fc0.jpg?1787565860,Crystal,40,0,RDM
Ichigo Jasmine,57027122,245,229,Shinryu,Meteor,1309,0,17fae3561e1e77d262d93652dbd0bdc4_87b7d447f40b06dfc7228caf195f7dcffc0.jpg?1787567261,Crystal,42,0,AST
Maru Fleur,39475833,246,230,Hades,Mana,1304,0,7a1bf315cc0f4ac30d41db1ed80d9048_a4730651230dd43cb129562a30d531aefc0.jpg?1787567396,Crystal,158,0,BRD
Atai Ikuyo,4875570,247,231,Titan,Mana,1304,0,12a0ba7f14e1c5c5942f18c9c8e760b2_e2bb3f9679fec6d4836fcf8abcc3eeacfc0.jpg?1787565837,Crystal,55,0,DRG
En Avant,46371551,248,290,Belias,Meteor,1302,193,d6c3784f3b06c119ae16dd725e2a2b6e_894c4bd0beab2e2beb44b74f4c4bd206fc0.jpg?1787567259,Crystal,110,2,SMN
Lili Lehua,27944338,249,233,Masamune,Mana,1301,0,056c488a78bcafadc030f4e9c9592b5a_134930215abb8a90ec37d6cc05b05e08fc0.jpg?1787568085,Crystal,101,3,SGE
Elu Acknowless,58699844,250,234,Mandragora,Meteor,1300,0,60c2649fe79faac79d3e7ac948084121_ee738654add55c3d07ea92d8e108074cfc0.jpg?1787566930,Crystal,278,0,RDM
Primlock Griffyn,37385266,251,0,Tonberry,Elemental,1297,492,89c0dfc59ff658981baaccf8c8d2b22b_7bb6b1e488f0e4f01c5314d010b60f31fc0.jpg?1787565693,Crystal,84,14,SMN
Chiaki Nanami,43953309,252,238,Titan,Mana,1293,0,82751b490967f6572406e72b39592925_e2bb3f9679fec6d4836fcf8abcc3eeacfc0.jpg?1787566429,Crystal,21,0,VPR
Rebecca Miyamoto,1030969,253,239,Masamune,Mana,1292,0,256a66f24613cb496dae31eb2270d226_134930215abb8a90ec37d6cc05b05e08fc0.jpg?1787565998,Crystal,143,7,MCH
Ruglia Obrien,1099057,254,240,Masamune,Mana,1292,0,9fd45de12b0555b6eec1eda137762381_134930215abb8a90ec37d6cc05b05e08fc0.jpg?1787568945,Crystal,117,18,DRG
Momo Hito,39797602,255,241,Yojimbo,Meteor,1292,0,8d799e9e2471cc9ce1eb0d9ee9e83ee6_4a92c619bde4f34cfa77e05fef21ad85fc0.jpg?1787567951,Crystal,63,0,DNC
Nana Degu,42551273,256,242,Asura,Mana,1292,0,f0ca36e4824faa31992738bb368e803c_53f1445a9f28799a32ea55f046319fc3fc0.jpg?1787567778,Crystal,33,0,DRG
Teka Etoile,25627481,257,244,Durandal,Gaia,1288,0,20c4e02c3b7c11c6ceb68582c409ceb9_806ea5b45071d5cd6bf393e38462ee71fc0.jpg?1787567713,Crystal,147,7,WHM
Gobou Mekara,16295932,258,245,Chocobo,Mana,1288,0,b0b05a15f0e0132f73d76efb146bb255_781d6b3603312f6be41670afa37282e0fc0.jpg?1787568003,Crystal,118,6,WVR
Ezorisu Kawaii,51560730,259,246,Titan,Mana,1286,0,7675cffdccbd9f4ab08148da1ec78753_e2bb3f9679fec6d4836fcf8abcc3eeacfc0.jpg?1787568079,Crystal,157,0,UNK
Pina Mini,51164343,260,247,Chocobo,Mana,1286,0,7258ed0d45dcb9d06d0fa94dcbfa778b_781d6b3603312f6be41670afa37282e0fc0.jpg?1787566696,Crystal,107,4,UNK
Oriental Art,1070191,261,248,Chocobo,Mana,1284,0,d31830cb71830b425529f231f39e776b_781d6b3603312f6be41670afa37282e0fc0.jpg?1787567868,Crystal,323,20,DRG
Extra Mage,26831533,262,249,Garuda,Elemental,1283,0,aed9bb13f4dad6a80690e4d58ee69af3_fcb1f5b0249d1069e5bdc66d0796f26afc0.jpg?1787567654,Crystal,23,0,PLD
Hyde Suta,3129505,263,0,Carbuncle,Elemental,1273,193,4535742390448a5e3b926ce9d7f18056_9eb3c19866f7ae0eeeffac7bf770aba5fc0.jpg?1787568202,Crystal,102,4,AST
Aran Tyler,47478713,264,250,Zeromus,Meteor,1269,0,601da8267e6037e1adc37928f1ab982b_c76848359d0b4d2f37aefbb9903ed97bfc0.jpg?1787565540,Crystal,88,4,AST
Rocket Chan,50900360,265,251,Ixion,Mana,1232,0,d2030f1358523e62231fffc0004f1ae9_7126768d768f6c6c7fed3eaee98c3a8afc0.jpg?1787565681,Crystal,59,0,UNK
Kinq-of- Platinum,48727904,266,252,Gungnir,Elemental,1226,0,3c8d43a875a038c5fbf54250da8a5442_8f82f937943b6baf4c565020d5eba0ccfc0.jpg?1787566780,Crystal,142,11,DRG
Endless Summer,36558820,267,253,Tiamat,Gaia,1224,0,0079a66433e68b1f473c7487944a4d3d_9f10d335198e90990f3437c5733468e7fc0.jpg?1787568004,Crystal,124,0,PCT
Iz Levmel,17594950,268,254,Garuda,Elemental,1222,0,9e457ec4068931e92288544db8499aae_fcb1f5b0249d1069e5bdc66d0796f26afc0.jpg?1787567396,Crystal,139,6,AST
Choi Choi,21476713,269,255,Ridill,Gaia,1218,0,eb5761358ba215960780a48c39d26cbf_138751880f18161a907d7cf0faa43f07fc0.jpg?1787566741,Crystal,149,0,VPR
Alisha A'lisha,22587475,270,256,Valefor,Meteor,1214,0,8d066e8b8c9ac4ac15470748192e4e8f_485f4777c38002871591fb54f27edc65fc0.jpg?1787569069,Crystal,106,5,BLM
Lucie Blanc,4813641,271,257,Anima,Mana,1213,0,9c05760085153887cf9c52f28861be7c_2f698530a28d671d20278c8518c804c9fc0.jpg?1787565805,Crystal,98,16,BLM
Teeteena Teena,50846425,272,258,Kujata,Elemental,1212,0,cf3af51a3535bb934dc9fab3e2db7e3a_72c48f093f2278ac3243962d3eb6a8d7fc0.jpg?1787567273,Crystal,207,2,SCH
Odwit Vendisch,42078574,273,259,Aegis,Elemental,1209,0,16b22e919d37aaeda97dfa361cf8659d_3ea38e723c590aabf186367e1eb7e6a1fc0.jpg?1787566653,Crystal,311,0,UNK
Ritsu Nikuno,23932877,274,260,Alexander,Gaia,1209,0,5ce857706fb6e7f76dd30d1ef38e16f7_b7a71d8799cf6dd75b711a7f52de6675fc0.jpg?1787567080,Crystal,30,0,WAR
Creed Arks,30577704,275,261,Zeromus,Meteor,1207,0,2aae48156b8dfc008ca2584c7d0e8752_c76848359d0b4d2f37aefbb9903ed97bfc0.jpg?1787568295,Crystal,65,11,VPR
Ieajheg Ftydryhc,20204391,276,263,Chocobo,Mana,1200,0,5b94b6423a78c8a54f86294e40d71a5f_781d6b3603312f6be41670afa37282e0fc0.jpg?1787566660,Crystal,60,0,DRG
Cardinal Shiten,32020696,277,264,Asura,Mana,1199,0,22c6fdca1c107eb07233d098b04cf126_53f1445a9f28799a32ea55f046319fc3fc0.jpg?1787566107,Crystal,178,3,DRK
Pekemi Vs,34522615,278,266,Carbuncle,Elemental,1197,0,9fa0d9dd5f5841a202fb4f9e517211e7_9eb3c19866f7ae0eeeffac7bf770aba5fc0.jpg?1787566903,Crystal,382,21,PLD
Miki Triode,8299904,279,267,Pandaemonium,Mana,1196,0,c1667dda66d9bf6140e1aa1c18277ece_470db1bf2e865f9130531fea40b61ee4fc0.jpg?1787566532,Crystal,99,0,RDM
Chisato Laetitia,56099994,280,268,Bahamut,Gaia,1196,0,1ba731eb7e63c6a087133132bbb51418_86da943caa70c8694707ab2ff74e68c9fc0.jpg?1787566927,Crystal,86,1,UNK
Bikkuri Donkey,59256942,281,269,Belias,Meteor,1195,0,96f62f47670d9d1c85e1a464d6f4da65_894c4bd0beab2e2beb44b74f4c4bd206fc0.jpg?1787567426,Crystal,51,0,RDM
Momochi Thunder,9048595,282,270,Bahamut,Gaia,1194,0,3ce0fcc40e818a0d134a6c043d2c09f5_86da943caa70c8694707ab2ff74e68c9fc0.jpg?1787566441,Crystal,118,41,SMN
Fall Leaves,22881570,283,272,Masamune,Mana,1192,0,23540a672824a88d3fc727e33d7f3254_134930215abb8a90ec37d6cc05b05e08fc0.jpg?1787565832,Crystal,153,0,WAR
Pipi Rupipi,46388617,284,273,Ridill,Gaia,1191,0,b5eafab62aeba30f47ef1dc72cff8b3e_138751880f18161a907d7cf0faa43f07fc0.jpg?1787566117,Crystal,67,9,PLD
Zill Eleutheria,29923965,285,0,Zeromus,Meteor,1189,97,a65d1152cafb72e2a518225f9347a73f_c76848359d0b4d2f37aefbb9903ed97bfc0.jpg?1787568435,Crystal,107,4,SCH
Zitnn Alexand,10097624,286,0,Belias,Meteor,1188,194,9ba803d5e4d6d11746adc55721fd0c6e_894c4bd0beab2e2beb44b74f4c4bd206fc0.jpg?1787568224,Crystal,74,12,WAR
Haine Balantin,25261749,287,0,Ifrit,Gaia,1187,94,95d742d2775dc4ae64696462b68ee21f_f9f796348bc43067c7242ec4551cde69fc0.jpg?1787568212,Crystal,167,4,DRK
Jin Walker,25662452,288,274,Hades,Mana,1187,0,f3ff10f6b027a5423c3b035a420aad0e_a4730651230dd43cb129562a30d531aefc0.jpg?1787566112,Crystal,91,0,DRG
Oto Fille,23303467,289,275,Alexander,Gaia,1186,0,6214b825e1ceaec460e508a95aa8b013_b7a71d8799cf6dd75b711a7f52de6675fc0.jpg?1787567827,Crystal,154,7,BLM
Hina Sakura,30285983,290,276,Gungnir,Elemental,1186,0,04e69a1dac98087dc754691453a0fb34_8f82f937943b6baf4c565020d5eba0ccfc0.jpg?1787567864,Crystal,27,0,SCH
Asth Galleria,5330266,291,277,Pandaemonium,Mana,1185,0,69f14cfe9aed20abab40d9c371b581d9_470db1bf2e865f9130531fea40b61ee4fc0.jpg?1787567120,Crystal,96,0,MCH
Takesiba Musasino,29225556,292,278,Durandal,Gaia,1182,0,5cacf8dd1a9dae9427de92b387913396_806ea5b45071d5cd6bf393e38462ee71fc0.jpg?1787566568,Crystal,171,2,NIN
Merlin Emryss,51163079,293,279,Titan,Mana,1182,0,6c3a26e8ea52d6775ebbad30debb56a9_e2bb3f9679fec6d4836fcf8abcc3eeacfc0.jpg?1787565539,Crystal,30,0,DRK
Yunaneko Supira,25194794,294,0,Ultima,Gaia,1180,293,c0bc711bf1246d0da5eda5edf888392b_9df1b3cb0da35db33c17ef11ddf12adafc0.jpg?1787567570,Crystal,63,10,UNK
Dion Magnus,1559686,295,281,Durandal,Gaia,1179,0,91593ad4939f54221e1d28f542192cc4_806ea5b45071d5cd6bf393e38462ee71fc0.jpg?1787568209,Crystal,110,2,DRG
Ya Nyanya,47853658,296,0,Unicorn,Meteor,1175,488,7533d6ebdaccdada645aa388ebaaf114_393eb74047bb90c8d80dea54218430eefc0.jpg?1787565936,Crystal,107,8,DRK
Monica Bryant,34559458,297,282,Garuda,Elemental,1167,0,40cd2c4ca4c17623d5c27dfb19831017_fcb1f5b0249d1069e5bdc66d0796f26afc0.jpg?1787568457,Crystal,254,22,WVR
Ayano Wraith,25168048,298,0,Anima,Mana,1164,182,00c17a14e654d3f5c4240fa1a76b61e5_2f698530a28d671d20278c8518c804c9fc0.jpg?1787566375,Crystal,61,19,SCH
Awayuki Setu,33258355,299,283,Ifrit,Gaia,1123,0,f32c3844eb5d976376b67910940d6d48_f9f796348bc43067c7242ec4551cde69fc0.jpg?1787567945,Crystal,50,0,MCH
Rokka Gallete,23609500,300,284,Kujata,Elemental,1118,0,6cb05d39414f85c9977ed746371b9289_72c48f093f2278ac3243962d3eb6a8d7fc0.jpg?1787567828,Crystal,33,0,GNB
Miyu Moon,14522179,1,0,Mateus,Crystal,3756,0,3562f4cf44aad7d526acbf8fae3937b0_f0c52cc66e124fc2e641d7c21ab2ce79fc0.jpg?1787567505,Ultima,92,0,SAM
Pekora Meow,37421725,2,0,Leviathan,Primal,3385,0,dc85502f9baa330d5a15d3c0a6f002a0_a91aae52cff9ef65932db06b150ffd47fc0.jpg?1787565925,Ultima,232,0,AST
Ahri Meow,42604315,3,0,Leviathan,Primal,3334,0,99498e3de5cc49aacddccc855d4ee19d_a91aae52cff9ef65932db06b150ffd47fc0.jpg?1787567498,Ultima,136,0,RDM
Legendary Ash,10855248,4,0,Faerie,Aether,3294,0,6fd699132806b61c9dcb8613c3ae11a3_0e336ff6ad415f47233f0aaf127feac0fc0.jpg?1787565686,Ultima,117,0,PCT
Azure Balmung,17864089,5,10,Gilgamesh,Aether,3079,399,5456a33c0abb12eab1bf88281486246e_b937560c841465f7c4bc8eb47ea7948afc0.jpg?1787569107,Ultima,59,5,MCH
Meteor Moon,29693876,6,5,Rafflesia,Dynamis,3072,0,7f262df9422aa27c9dd850d004812561_2783886613347a4db0bed7524de1298ffc0.jpg?1787566881,Ultima,279,0,SGE
Hollow Bastion,56455630,7,6,Rafflesia,Dynamis,3057,0,1f48f716d376c4c54dbbeedac9f01255_2783886613347a4db0bed7524de1298ffc0.jpg?1787566847,Ultima,78,0,UNK
Artesia Saeyrs,2957946,8,12,Sargatanas,Aether,2965,304,e1a9c389a8110feceacc91a730bfc558_ba22853447012a24cee115315d6a5bebfc0.jpg?1787568923,Omega,56,8,DRK
Cyphos Ultimus,2288366,9,7,Balmung,Crystal,2896,0,b980cc0ff24da63437a59ef78df763c0_7a573cbc0cda3a3dfc1795cb3d9f7b23fc0.jpg?1787568031,Omega,135,4,PLD
Sanahi Keto,57330112,10,8,Hyperion,Primal,2819,0,6531a5f5216bf8e7efcdcf26e24615cb_57ae9ee5592123dd79c8912bf768cf99fc0.jpg?1787567129,Omega,255,0,DRK
Merlin Emryss,9605720,11,9,Faerie,Aether,2684,0,87179f28ae17956a4d43567dadf6ea60_0e336ff6ad415f47233f0aaf127feac0fc0.jpg?1787566298,Omega,153,2,BLM
Tomo Kote,38176817,12,14,Gilgamesh,Aether,2681,99,e5d7502ad7f21874552a4fc21553ee9e_b937560c841465f7c4bc8eb47ea7948afc0.jpg?1787565811,Omega,229,18,PLD
Kairi Rune,28236760,13,11,Hyperion,Primal,2664,0,ce129fc5d83b1472a349e0e1053aee02_57ae9ee5592123dd79c8912bf768cf99fc0.jpg?1787568014,Omega,235,9,MCH
Crow Meow,54328117,14,26,Jenova,Aether,2658,488,7eded062751a7f80f7f3d9fbe0ab8e34_ce736afe35e2ded4e46c4fd0659aef7efc0.jpg?1787566044,Omega,69,17,AST
Azar Kaveh,16748899,15,13,Mateus,Crystal,2584,0,1d25f3d1883510d8fd010504471516b8_f0c52cc66e124fc2e641d7c21ab2ce79fc0.jpg?1787567081,Omega,478,15,WVR
Barock Obama,52411158,16,15,Siren,Aether,2534,0,05a5459925b46dd9d074e273b24d5d27_58a84e851e55175d22158ca97af58a1ffc0.jpg?1787567080,Omega,317,0,PLD
Fye Alanyk,48751064,17,16,Diabolos,Crystal,2517,0,d605d68b88b347dfdb8a9b9e6c3539d6_7b33d33ae3ecb996f778a5f67a6a0af6fc0.jpg?1787565758,Omega,295,19,DRK
Local-area Network,28168413,18,27,Cactuar,Aether,2510,394,5181fed39656c5cf1dc247fe1bf97832_96ab1df8877c1f8ba6a89a39cccfd437fc0.jpg?1787568032,Omega,51,16,SAM
Pvp Badboy,38919488,19,17,Sargatanas,Aether,2421,0,8833f678967938d2e79b8d993021ce3f_ba22853447012a24cee115315d6a5bebfc0.jpg?1787565738,Omega,160,0,NIN
Emi Meow,44729199,20,31,Siren,Aether,2401,407,39fec9b8eaf71c699797cd15ef87009b_58a84e851e55175d22158ca97af58a1ffc0.jpg?1787566481,Omega,39,5,MNK
Ham Baga,28276994,21,18,Balmung,Crystal,2389,0,80672270fca68b3d3fa2f4c0b220427a_7a573cbc0cda3a3dfc1795cb3d9f7b23fc0.jpg?1787566043,Omega,191,20,WHM
Rin Ruki,59858100,22,19,Exodus,Primal,2297,0,7ec8676537a0b3fff644be3f10ee7741_0cdf051c93865faa15cbc5cd3d2b69fbfc0.jpg?1787568593,Omega,90,3,UNK
Fulheart Grit,38212551,23,20,Balmung,Crystal,2273,0,4a4d99f967c37bf42bd739857921e360_7a573cbc0cda3a3dfc1795cb3d9f7b23fc0.jpg?1787567217,Omega,104,0,WHM
Size Difference,33536390,24,21,Sargatanas,Aether,2271,0,770b5bd32a40e292765490f8e46eaf60_ba22853447012a24cee115315d6a5bebfc0.jpg?1787568898,Omega,190,0,NIN
Vittorio Moretti,61421815,25,22,Diabolos,Crystal,2263,0,8c11f65c791a4f39ba7c716aeb6bc8d9_7b33d33ae3ecb996f778a5f67a6a0af6fc0.jpg?1787567466,Omega,148,0,RDM
Zypris Allsbane,13616095,26,23,Leviathan,Primal,2261,1,8194751bb802fcd9691a7ee558040836_a91aae52cff9ef65932db06b150ffd47fc0.jpg?1787569002,Omega,105,5,RPR
Terro Beoulve,45682109,27,24,Coeurl,Crystal,2208,0,5c8262e03844a30a89d0d2374247f03c_284358f8eb4efc9095914e46798c6ab3fc0.jpg?1787567205,Omega,143,8,VPR
Rae Rea,58956664,28,25,Adamantoise,Aether,2194,0,72766cccd8c79e6afd3055accfc559fa_1f5fd239b885860b7c2bfc72ad1d97effc0.jpg?1787565600,Omega,35,1,WHM
Suhr Zarek,8876676,29,28,Balmung,Crystal,2096,0,c09e4087ccb76545f31b81fa5ca01485_7a573cbc0cda3a3dfc1795cb3d9f7b23fc0.jpg?1787566846,Omega,318,17,PLD
Sanguinius Smolblood,33489157,30,29,Kraken,Dynamis,2078,0,461663ac9dfac06c5d61bc05d26ae652_049a956dfeb0eb2e19c417a1dde4d680fc0.jpg?1787567773,Omega,176,15,PLD
Gongsun Qerel,38059779,31,30,Mateus,Crystal,2063,0,015ef2d1ef8f18b0cf7fa0e646fa2d12_f0c52cc66e124fc2e641d7c21ab2ce79fc0.jpg?1787567257,Omega,172,0,VPR
Clara Green,44437004,32,0,Gilgamesh,Aether,1982,0,9fdf7ee98ab3c5eb9220a6d31f045135_b937560c841465f7c4bc8eb47ea7948afc0.jpg?1787568621,Omega,113,0,AST
Olivia Lugria,15149290,33,0,Sargatanas,Aether,1969,0,c230658574a9dc12a4eb6fae2e16ceb4_ba22853447012a24cee115315d6a5bebfc0.jpg?1787566394,Omega,224,0,DRK
Lucio Harundo,4012099,34,37,Leviathan,Primal,1914,106,d042eff245eaa56c0b6989df68a99564_a91aae52cff9ef65932db06b150ffd47fc0.jpg?1787567671,Omega,335,12,WAR
Kahlil Immortalis,22812670,35,34,Diabolos,Crystal,1890,0,0451aa29bd529c5d15b718b74c287dd2_7b33d33ae3ecb996f778a5f67a6a0af6fc0.jpg?1787569113,Omega,103,0,UNK
Bepsi Kola,41348459,36,35,Adamantoise,Aether,1879,0,cc3717bc9d9d5c90534918043bb3ba56_1f5fd239b885860b7c2bfc72ad1d97effc0.jpg?1787567249,Omega,174,9,DNC
Sylvie Chan,48678953,37,36,Brynhildr,Crystal,1846,0,14580705b6124b25ef19217300b4891f_d0a0f515a62457570c9b44997063e3c1fc0.jpg?1787567243,Omega,204,1,GNB
Fortune Days,44283538,38,0,Zalera,Crystal,1807,0,044cf6044387105edf58d48a910b1ae4_8106f857613f8fb994b0be37b26ff4bafc0.jpg?1787566794,Omega,78,4,MCH
Sparrow Hawk,50867063,39,0,Seraph,Dynamis,1790,0,1253b18a592d2d3c5133e9b86ab20c5a_07fb0511053f398d1f2d6831e6a6b4c8fc0.jpg?1787567819,Omega,71,0,SCH
Xiao Longbao,31670807,40,0,Excalibur,Primal,1787,0,b9d8562547d5b9d8e86054d9061c6a23_745baffc465480ed372e274d50318290fc0.jpg?1787565951,Omega,307,19,RDM
Suhr Zarek,41651606,41,0,Goblin,Crystal,1781,0,9a55a7c2b29a7a0b7de33b2fcc5a0411_8e81e2940511f7152ba4462fe53e35b8fc0.jpg?1787568151,Omega,64,0,MNK
Death Reaps,8773483,42,0,Balmung,Crystal,1771,0,265183f487ab7e0a5a5b3128ec29a82a_7a573cbc0cda3a3dfc1795cb3d9f7b23fc0.jpg?1787567311,Omega,155,3,SAM
Air Azure,41482862,43,0,Rafflesia,Dynamis,1703,0,a32fc7c37974e2629ce594c455ff54a7_2783886613347a4db0bed7524de1298ffc0.jpg?1787565675,Omega,118,0,BRD
Myu Meow,9691497,44,0,Leviathan,Primal,1703,0,d925a41776719d761c94e8e32e5e7a0f_a91aae52cff9ef65932db06b150ffd47fc0.jpg?1787567872,Omega,112,0,MCH
Show Maker,61843104,45,0,Kraken,Dynamis,1699,0,a2da8d9d3d95080eac0c8ad1975a70ac_049a956dfeb0eb2e19c417a1dde4d680fc0.jpg?1787566645,Omega,113,6,SMN
Kylis Pendragon,36050245,46,0,Balmung,Crystal,1685,0,6d0f4e4d3e36c9a4dd7fccd76f9effc3_7a573cbc0cda3a3dfc1795cb3d9f7b23fc0.jpg?1787566532,Omega,236,3,NIN
Marci Meow,54739620,47,0,Balmung,Crystal,1683,0,4ebc98a9ae6cf756ec75bc3db97f87f6_7a573cbc0cda3a3dfc1795cb3d9f7b23fc0.jpg?1787568460,Omega,78,0,DRG
Rubedo Ginshi,15639088,48,0,Lamia,Primal,1662,0,bbc5b3eb96e1a1691fb9abb344fc3217_4d9be17b5e1edc617052b4dbf4007875fc0.jpg?1787566619,Omega,147,0,RPR
Yuseong Regilis,60222350,49,0,Exodus,Primal,1623,0,1c96ea3b1132f01c102abfff5ab289ec_0cdf051c93865faa15cbc5cd3d2b69fbfc0.jpg?1787566823,Omega,107,0,UNK
Micro Uryade,37487800,50,71,Sargatanas,Aether,1622,302,d9df4db31e4d391c99006db3caa4b5f9_ba22853447012a24cee115315d6a5bebfc0.jpg?1787568418,Omega,189,7,WAR
Azureal Grandeur,20448737,51,62,Marilith,Dynamis,1615,99,fa989d1d00d58fc1b4171abefb5e22b7_bbfb28d5a9059cd0c768daf77ab29982fc0.jpg?1787569084,Omega,190,1,PCT
Kris Lhea,39204335,52,50,Mateus,Crystal,1602,0,982639accd39a2021d8f112bb5e763df_f0c52cc66e124fc2e641d7c21ab2ce79fc0.jpg?1787568688,Omega,59,0,BRD
Josh Trigiani,6965228,53,51,Lamia,Primal,1595,0,22f547722b0454bc3b30d7f6a8ac5b0a_4d9be17b5e1edc617052b4dbf4007875fc0.jpg?1787567235,Omega,42,0,PCT
The Feast,46586541,54,52,Behemoth,Primal,1592,0,db9e7409cc816f51307405b49c8b5713_be20385e18333edb329d4574f364a1f0fc0.jpg?1787566265,Omega,81,0,UNK
Mac Arena,41515245,55,53,Lamia,Primal,1592,0,5f1fd66e9824593ba5bdee1507b1de5f_4d9be17b5e1edc617052b4dbf4007875fc0.jpg?1787568794,Omega,37,0,GNB
Saraliah Dawnbringer,21371539,56,54,Coeurl,Crystal,1588,0,6cef2d612818607782b7fbc356526664_284358f8eb4efc9095914e46798c6ab3fc0.jpg?1787568821,Omega,39,0,SAM
Sovereign Phil,14314725,57,55,Goblin,Crystal,1586,0,acf642268567c66b82aaf11114198670_8e81e2940511f7152ba4462fe53e35b8fc0.jpg?1787568510,Omega,31,0,SGE
Mavis Enyo,14769968,58,56,Excalibur,Primal,1578,0,00bced457c7cea8ae968197c61367bed_745baffc465480ed372e274d50318290fc0.jpg?1787568366,Omega,37,0,PLD
Lia Kiri,52292388,59,57,Lamia,Primal,1577,0,297469abea049ff5cfb98af6fe45176f_4d9be17b5e1edc617052b4dbf4007875fc0.jpg?1787566892,Omega,77,0,NIN
Gio Vanna,33440191,60,58,Adamantoise,Aether,1546,0,7d1d14338474ce900c0581dbd778d321_1f5fd239b885860b7c2bfc72ad1d97effc0.jpg?1787567158,Omega,77,0,SGE
Bisukito Neko,32261082,61,59,Zalera,Crystal,1522,0,3462c7ee2de7556ca86498dc5214a7fb_8106f857613f8fb994b0be37b26ff4bafc0.jpg?1787567621,Omega,56,0,UNK
Zeta Salazar,44375733,62,60,Midgardsormr,Aether,1520,0,4be3c205f3892cdbc09e8417ad6dbb68_5c8ecfbc673e1287a9b5e85423fe1657fc0.jpg?1787567085,Omega,204,0,MNK
Hrothmar Blackburns,28757856,63,61,Adamantoise,Aether,1516,0,ba6405bac0d5b1fb489962984f0d9fb9_1f5fd239b885860b7c2bfc72ad1d97effc0.jpg?1787565642,Omega,297,0,BLM
Momo Meow,50898775,64,63,Siren,Aether,1513,0,6abf63b1f0755aa211bfd1dadc66e3b9_58a84e851e55175d22158ca97af58a1ffc0.jpg?1787565940,Omega,25,0,WHM
Labrys Roux,31449732,65,79,Ultros,Primal,1507,296,b78d649d03beba97a36fa9eebc98afc4_c514cdcdb619439df97d906d4434ccc6fc0.jpg?1787566616,Omega,117,5,AST
Raphtalia Solari,8126326,66,93,Adamantoise,Aether,1507,500,baeca36f0f50dbb796496ea18e58ee30_1f5fd239b885860b7c2bfc72ad1d97effc0.jpg?1787568303,Omega,104,6,SGE
Navori Valois,48622291,67,64,Adamantoise,Aether,1504,0,4facdc408c9ad771bc52001d3c82fa9f_1f5fd239b885860b7c2bfc72ad1d97effc0.jpg?1787568807,Omega,81,0,UNK
P'roto Idola,35374628,68,65,Brynhildr,Crystal,1503,0,a91ad9e8c6c6ddb0905cd9aa6cede8e3_d0a0f515a62457570c9b44997063e3c1fc0.jpg?1787566590,Omega,88,0,SGE
Fire Strike,52397705,69,66,Kraken,Dynamis,1480,0,b9c1021d4aa2ae66682e7904857161ed_049a956dfeb0eb2e19c417a1dde4d680fc0.jpg?1787567901,Crystal,63,8,RDM
Air Weaver,12424525,70,67,Coeurl,Crystal,1460,0,06474f472310d759766363e8e8f53b3f_284358f8eb4efc9095914e46798c6ab3fc0.jpg?1787566619,Crystal,58,0,SCH
Kasai Kage,21886030,71,145,Adamantoise,Aether,1398,780,6835735c490425c8a49d6889308a3484_1f5fd239b885860b7c2bfc72ad1d97effc0.jpg?1787565565,Crystal,39,14,NIN
Gidding Mimid,9835761,72,68,Exodus,Primal,1394,0,97296d489ec3afb5d7c65e3c6fa7fc05_0cdf051c93865faa15cbc5cd3d2b69fbfc0.jpg?1787566813,Crystal,198,4,NIN
Yua Churu,57865436,73,0,Goblin,Crystal,1394,1394,f101295546bd5a2b87478407b6d55ffd_8e81e2940511f7152ba4462fe53e35b8fc0.jpg?1787568325,Crystal,66,57,NIN
Dandy Lyon,9088850,74,69,Leviathan,Primal,1379,0,5e652518b4930ff5cb411a5818760318_a91aae52cff9ef65932db06b150ffd47fc0.jpg?1787568933,Crystal,75,0,NIN
Haha Unless,35825889,75,70,Faerie,Aether,1355,0,3c249691791cbe0f2fb3ccc230c9a4e4_0e336ff6ad415f47233f0aaf127feac0fc0.jpg?1787566967,Crystal,75,11,DNC
Lazy Bear,39566180,76,72,Faerie,Aether,1298,0,a07cf0c35d5a78a5a1b9ca16d6f41803_0e336ff6ad415f47233f0aaf127feac0fc0.jpg?1787566876,Crystal,165,0,SAM
Shimori Bunihara,50186185,77,130,Kraken,Dynamis,1298,505,c7cd2842a29701e0963bf6d156392014_049a956dfeb0eb2e19c417a1dde4d680fc0.jpg?1787565556,Crystal,58,18,SAM
Kuina Kagetsu,36802695,78,73,Ultros,Primal,1286,0,dd8ffbe11c53ea988c605c9c24157c59_c514cdcdb619439df97d906d4434ccc6fc0.jpg?1787568292,Crystal,86,0,AST
Aerika Meow,27836279,79,74,Faerie,Aether,1285,0,cefa16e18644e0b625a0d52d2df514b9_0e336ff6ad415f47233f0aaf127feac0fc0.jpg?1787568456,Crystal,32,0,DNC
Finch Curador,30712387,79,75,Leviathan,Primal,1285,0,a7767d35320b852f509e7dd68b0151d4_a91aae52cff9ef65932db06b150ffd47fc0.jpg?1787568085,Crystal,32,1,BLM
Skyanar Tyrunas,42486942,81,76,Siren,Aether,1278,0,ba17697df023a58dbdba8be74f3894f2_58a84e851e55175d22158ca97af58a1ffc0.jpg?1787567107,Crystal,127,3,MNK
Big Three,47754584,82,77,Zalera,Crystal,1254,0,ef1725c11b5e975338a0b9d2fccdabfe_8106f857613f8fb994b0be37b26ff4bafc0.jpg?1787566531,Crystal,111,1,WAR
Crew Mate,58619876,83,78,Rafflesia,Dynamis,1212,0,8fabef2de621b0cab9b478c17a74d44f_2783886613347a4db0bed7524de1298ffc0.jpg?1787565552,Crystal,40,0,UNK
La Bubu,26625120,84,80,Diabolos,Crystal,1207,0,733d34df72366760c6f44581681c9088_7b33d33ae3ecb996f778a5f67a6a0af6fc0.jpg?1787567853,Crystal,115,4,DRG
Fyoriah Aliapoh,44734635,85,81,Faerie,Aether,1204,0,298901c71b421faa4612e0bbd9420820_0e336ff6ad415f47233f0aaf127feac0fc0.jpg?1787566526,Crystal,110,4,SAM
Neo Dymium,33030676,86,82,Seraph,Dynamis,1201,0,24be6098cf7acc2de169d92917d3299f_07fb0511053f398d1f2d6831e6a6b4c8fc0.jpg?1787566328,Crystal,52,0,WAR
Silanah Sylphrena,45709349,87,83,Faerie,Aether,1199,0,353d000e66ebf6b7715ff5998504f784_0e336ff6ad415f47233f0aaf127feac0fc0.jpg?1787565890,Crystal,36,0,AST
Nemx Eisenhorn,2244246,88,84,Excalibur,Primal,1195,0,8d22c9821683049e16868ac1de65df41_745baffc465480ed372e274d50318290fc0.jpg?1787567585,Crystal,88,9,RDM
Norma Jeannie,28105106,89,101,Jenova,Aether,1189,194,bff6f64f1e9dd700a962c74db4bf4812_ce736afe35e2ded4e46c4fd0659aef7efc0.jpg?1787569038,Crystal,67,3,AST
Karl Rex,48615049,90,85,Siren,Aether,1179,0,a7f2129699ecb71e801871425b8cbc52_58a84e851e55175d22158ca97af58a1ffc0.jpg?1787567544,Crystal,259,5,SMN
Yui Fins,46861659,91,86,Adamantoise,Aether,1122,0,477904411f28cfd029518422146e02f0_1f5fd239b885860b7c2bfc72ad1d97effc0.jpg?1787565649,Crystal,441,17,PLD
Shionne Ripley,21758358,92,87,Exodus,Primal,1101,0,bb79dff7e2cdc4dfc99c188be01080ba_0cdf051c93865faa15cbc5cd3d2b69fbfc0.jpg?1787565643,Crystal,89,0,DRG
Deadrise Mutambo,49340180,93,88,Diabolos,Crystal,1101,0,05829ade005fe971a894d48d18963c4f_7b33d33ae3ecb996f778a5f67a6a0af6fc0.jpg?1787568585,Crystal,76,0,NIN
Anti Luminosity,53824427,94,100,Marilith,Dynamis,1096,100,345441c3ea324bf07484e7e6f1031ccc_bbfb28d5a9059cd0c768daf77ab29982fc0.jpg?1787567693,Crystal,176,6,RPR
Unit Chan,37998953,95,89,Jenova,Aether,1089,0,edbb6ab0cdf4eefcc524df286e3ff034_ce736afe35e2ded4e46c4fd0659aef7efc0.jpg?1787568812,Crystal,121,0,DRG
Aibertain Mando,32541700,96,90,Jenova,Aether,1076,0,8dec967ad48c9a703018a7445740a7f3_ce736afe35e2ded4e46c4fd0659aef7efc0.jpg?1787567938,Crystal,231,0,VPR
Vaal Hazak,26534863,97,91,Zalera,Crystal,1022,0,7c44a75a2f3d57a9cd3b86235340939b_8106f857613f8fb994b0be37b26ff4bafc0.jpg?1787568207,Crystal,154,9,NIN
Doomballoon Dapingus,19169037,98,92,Diabolos,Crystal,1017,0,e43cef91ca38a14de0e5bea2295ba9c0_7b33d33ae3ecb996f778a5f67a6a0af6fc0.jpg?1787568944,Crystal,55,1,AST
Zithiel Bihrul,44613484,99,94,Faerie,Aether,1003,0,4abc29f0f384c794c1f6c7e7e60b8ed8_0e336ff6ad415f47233f0aaf127feac0fc0.jpg?1787567710,Crystal,163,14,GNB
Nero Cor,51685882,100,95,Cactuar,Aether,1001,0,a53a1a6499997a089c36337bcc3ae46d_96ab1df8877c1f8ba6a89a39cccfd437fc0.jpg?1787567750,Crystal,96,0,RDM
F'ool Pr'oof,27802292,101,96,Behemoth,Primal,1001,0,07756f3cccf4cada3f3d40b5d44ef841_be20385e18333edb329d4574f364a1f0fc0.jpg?1787565755,Crystal,77,0,SMN
Kirishoto Azphina,7859003,102,97,Excalibur,Primal,999,0,c9689b4fc4af55f8366432b02c0ce55f_745baffc465480ed372e274d50318290fc0.jpg?1787568504,Crystal,60,0,WHM
Baka Bao,48974722,103,98,Gilgamesh,Aether,997,0,ef2247fb5724315ecd96d1ac9c5804b1_b937560c841465f7c4bc8eb47ea7948afc0.jpg?1787568146,Crystal,171,0,MNK
Adrianne Lehman,335503,104,99,Jenova,Aether,996,0,9487d4bc6332e7a22c323a4ee321ffa1_ce736afe35e2ded4e46c4fd0659aef7efc0.jpg?1787566696,Crystal,278,7,BRD
Raiden Meow,60049984,105,102,Halicarnassus,Dynamis,990,0,82a7874a19aee552f4a0f8ff2b663dff_f2d324d722b28bbe681b2898bcdca8bffc0.jpg?1787566780,Crystal,29,0,MNK
Keyleth Creed,45772844,106,103,Ultros,Primal,987,0,fafdc7854669343158328c3adeb0a3ae_c514cdcdb619439df97d906d4434ccc6fc0.jpg?1787567359,Crystal,29,0,UNK
Cain Molkoh,57323197,107,117,Goblin,Crystal,983,94,889deea7b0b76edd744a2b6fb24a09a1_8e81e2940511f7152ba4462fe53e35b8fc0.jpg?1787567531,Crystal,123,1,AST
Ryan Hoshiko,10323495,108,124,Lamia,Primal,917,102,b8f720f05e5314618bc7341f856d075d_4d9be17b5e1edc617052b4dbf4007875fc0.jpg?1787566665,Crystal,57,1,RPR
Tiny Sosig,16648383,109,104,Balmung,Crystal,911,0,47661dc0b135d6c15fadc46a3fa85816_7a573cbc0cda3a3dfc1795cb3d9f7b23fc0.jpg?1787565686,Crystal,173,4,MNK
Rathais Gunnach,32955444,110,231,Brynhildr,Crystal,910,612,2a434eda7d82f52a4a70d056b83f2c27_d0a0f515a62457570c9b44997063e3c1fc0.jpg?1787568877,Crystal,62,9,SMN
Naomi Hakoma,13697124,111,113,Halicarnassus,Dynamis,908,11,a6732f9cc34509a6761d618186e745fd_f2d324d722b28bbe681b2898bcdca8bffc0.jpg?1787567670,Crystal,71,8,GNB
No Buts,2234245,112,105,Zalera,Crystal,906,0,0d8b9ae74f55ea0ba374fa7b38b48862_8106f857613f8fb994b0be37b26ff4bafc0.jpg?1787566951,Crystal,70,0,BRD
Ash Ymir,50182260,113,106,Gilgamesh,Aether,906,0,571648c27d0568207bb3ebea02244e4e_b937560c841465f7c4bc8eb47ea7948afc0.jpg?1787568133,Crystal,42,0,UNK
Celesse Archon,5403993,114,107,Midgardsormr,Aether,902,0,46c05696a375eb66cab3503bea79e4e4_5c8ecfbc673e1287a9b5e85423fe1657fc0.jpg?1787566429,Crystal,32,0,AST
Limit Less,48764071,115,108,Jenova,Aether,902,0,cfaa3805c7a62fc99a75b9c68da57b17_ce736afe35e2ded4e46c4fd0659aef7efc0.jpg?1787568720,Crystal,10,0,PCT
Silvy Kaenbyou,45504540,116,109,Goblin,Crystal,901,0,3a856bd5c7e35d95f6afcc57be4321a1_8e81e2940511f7152ba4462fe53e35b8fc0.jpg?1787567548,Crystal,223,11,MCH
Somnidemn Serdorm,37031558,117,110,Goblin,Crystal,901,0,6147ca113912ee7b9ac321313bbf5863_8e81e2940511f7152ba4462fe53e35b8fc0.jpg?1787566106,Crystal,72,0,SCH
Mtn Boop,36509633,118,111,Brynhildr,Crystal,901,0,175f521a1de707cbfb345e95df5e588c_d0a0f515a62457570c9b44997063e3c1fc0.jpg?1787565830,Crystal,20,0,SGE
Seto Mimyho,20943977,119,112,Behemoth,Primal,899,0,e0110a23ddcddf11cb8bf1e895c56d75_be20385e18333edb329d4574f364a1f0fc0.jpg?1787568847,Crystal,48,0,SGE
Aesa Iys,59631795,120,114,Kraken,Dynamis,895,0,60f73c621a5b6dec56728cc5466268c2_049a956dfeb0eb2e19c417a1dde4d680fc0.jpg?1787566480,Crystal,222,5,UNK
Nia Yukumo,22530343,121,115,Lamia,Primal,893,0,41fe576462de4cc12ab76d6d29ef58e4_4d9be17b5e1edc617052b4dbf4007875fc0.jpg?1787568542,Crystal,109,0,DRK
Ice Mage,56719413,122,116,Golem,Dynamis,893,0,20eb207dbce003e2fb1842e0c47aacc7_dd61c3dc259e5c43722e89409499b669fc0.jpg?1787568455,Crystal,62,0,BLM
Garu Kettle,7054871,123,118,Behemoth,Primal,887,0,e03f1b46663ddb8c150315a88c79c9f1_be20385e18333edb329d4574f364a1f0fc0.jpg?1787568522,Crystal,152,0,UNK
Nanamie Namie,54007603,124,119,Seraph,Dynamis,884,0,0a2ba3a431605dbe05215a75dffd70e7_07fb0511053f398d1f2d6831e6a6b4c8fc0.jpg?1787566152,Crystal,92,0,MNK
Orpheus Laine,29851207,125,154,Gilgamesh,Aether,881,280,5939235fbb052c79392d334cce14ca00_b937560c841465f7c4bc8eb47ea7948afc0.jpg?1787566668,Crystal,48,5,BLM
Uki Yo,50106047,126,120,Adamantoise,Aether,879,0,75e9983a4dd07e7e5de0ed1ac11a23fb_1f5fd239b885860b7c2bfc72ad1d97effc0.jpg?1787566691,Crystal,24,5,MNK
Phrosticus Maximus,51732834,127,121,Kraken,Dynamis,831,0,36921233b0c05085a501c86bb51f5633_049a956dfeb0eb2e19c417a1dde4d680fc0.jpg?1787567714,Crystal,252,9,NIN
Kiitla Hundar,21600585,128,122,Brynhildr,Crystal,821,0,acff83df95bca2189584bd6af72e84ce_d0a0f515a62457570c9b44997063e3c1fc0.jpg?1787569124,Crystal,111,0,UNK
Horan Lou,38248988,129,123,Brynhildr,Crystal,817,0,3c88d2c3502bacefa5eb1e223a75217b_d0a0f515a62457570c9b44997063e3c1fc0.jpg?1787567494,Crystal,100,0,DRK
Silah Zetsku,53965328,130,125,Marilith,Dynamis,809,0,d2b4042f092dccb0d381fdc61afe74c3_bbfb28d5a9059cd0c768daf77ab29982fc0.jpg?1787568621,Crystal,47,0,MCH
Xianra Bryne,4015592,131,126,Excalibur,Primal,806,0,770b7228e5d013ae3146fc6330b9b756_745baffc465480ed372e274d50318290fc0.jpg?1787569025,Crystal,16,0,SGE
Mirae Malaguld,50148809,132,210,Famfrit,Primal,803,405,6eb6ea3365a1160e9537ec75ff91463a_fce4949e615393e574f2d57134b31fc1fc0.jpg?1787565903,Crystal,16,11,DRG
Satoshi Itaori,52546108,133,127,Golem,Dynamis,798,0,1ecf4d8479fa0e8c3c4b6fe005108b6d_dd61c3dc259e5c43722e89409499b669fc0.jpg?1787566076,Crystal,32,0,MCH
Fryar Vagrant,27459700,134,128,Jenova,Aether,797,0,5f83a04d01483896e3082832a5e6a7f0_ce736afe35e2ded4e46c4fd0659aef7efc0.jpg?1787567219,Crystal,78,10,MNK
Wmmmmmmmmm Wmmmmmmmmm,56778920,135,129,Halicarnassus,Dynamis,795,0,9e294822ea14ed4084dfe667478bc6e5_f2d324d722b28bbe681b2898bcdca8bffc0.jpg?1787566036,Crystal,26,0,AST
Zaneko Yuneko,61640151,136,171,Goblin,Crystal,793,290,e90101e9d13d827fb83b96932b2de05b_8e81e2940511f7152ba4462fe53e35b8fc0.jpg?1787568238,Crystal,65,4,SMN
Im Dead,44727021,137,131,Balmung,Crystal,789,0,382bb5e8fe23a4e04750cfd29fa9f46c_7a573cbc0cda3a3dfc1795cb3d9f7b23fc0.jpg?1787566926,Crystal,38,0,MNK
S'tille Fhey,8693680,138,132,Midgardsormr,Aether,709,0,d02ff61e52c6b3e4eadaf1f6172fe557_5c8ecfbc673e1287a9b5e85423fe1657fc0.jpg?1787567500,Crystal,79,0,GNB
Judas Demaio,7957583,139,133,Balmung,Crystal,709,0,802e8b947615ba3fa10ac8d8e4fb1ebf_7a573cbc0cda3a3dfc1795cb3d9f7b23fc0.jpg?1787566400,Crystal,46,3,UNK
Ellie Titis,36865882,140,134,Midgardsormr,Aether,707,0,71601f63eddfe2db7e4ec2213790102c_5c8ecfbc673e1287a9b5e85423fe1657fc0.jpg?1787568766,Crystal,30,0,MNK
Scythe Horrorblade,32713598,141,135,Mateus,Crystal,702,0,43c41a5aa8d981f109e6d76f3347bd93_f0c52cc66e124fc2e641d7c21ab2ce79fc0.jpg?1787565618,Crystal,319,0,DRG
Rusheel Vasscus,2314921,142,136,Adamantoise,Aether,702,0,a4248cc27f1d518fee3b2b12da021669_1f5fd239b885860b7c2bfc72ad1d97effc0.jpg?1787566575,Crystal,15,0,MNK
Noel Bunny,5201676,143,137,Behemoth,Primal,697,0,c7f99603b6e09c43470bbabaed203add_be20385e18333edb329d4574f364a1f0fc0.jpg?1787566694,Crystal,153,12,UNK
Io Isana,33563057,144,138,Coeurl,Crystal,695,0,bb1bccc46bef2876072e2e7fa326fa12_284358f8eb4efc9095914e46798c6ab3fc0.jpg?1787567780,Crystal,21,2,RDM
Alex Rider,61850079,145,139,Hyperion,Primal,694,0,d221a7b6c00ffa393c988249ed242d9a_57ae9ee5592123dd79c8912bf768cf99fc0.jpg?1787566691,Crystal,87,3,DRG
Mo Azure,47140618,146,140,Lamia,Primal,694,0,8e6a4b8b298b5523d1f99888dd9f36cf_4d9be17b5e1edc617052b4dbf4007875fc0.jpg?1787567843,Crystal,19,0,WHM
Master Zoknik,48144446,147,141,Balmung,Crystal,692,0,3c54e73f2ad7023aa3b173793f95c070_7a573cbc0cda3a3dfc1795cb3d9f7b23fc0.jpg?1787567524,Crystal,29,0,RDM
Alana Mystranquil,38447772,148,142,Coeurl,Crystal,690,0,a3b4e0628a97b6c3941d78fd1af36b81_284358f8eb4efc9095914e46798c6ab3fc0.jpg?1787568373,Crystal,29,0,SCH
Zot Meow,34168568,149,143,Sargatanas,Aether,690,0,857170879bee95fc8f3f62ae264a46ce_ba22853447012a24cee115315d6a5bebfc0.jpg?1787569031,Crystal,28,0,SGE
Lolly Pops,11573609,150,144,Leviathan,Primal,685,0,a38b4d4cbcfc624c56b5db6efb627dd2_a91aae52cff9ef65932db06b150ffd47fc0.jpg?1787567720,Crystal,300,10,MCH
Akari Tsuki,46655701,151,146,Adamantoise,Aether,608,0,08f7ffe45c1b134f99ea040b39ee2bdd_1f5fd239b885860b7c2bfc72ad1d97effc0.jpg?1787568396,Crystal,24,0,SMN
Kyda Oriana,7676781,152,147,Balmung,Crystal,607,0,5a1ffcf9ec98159ee3f6c3727943f30f_7a573cbc0cda3a3dfc1795cb3d9f7b23fc0.jpg?1787566234,Crystal,31,7,GNB
No Bee,37102144,153,148,Lamia,Primal,606,0,5c741048df2befeb7f80a2b03bb02aee_4d9be17b5e1edc617052b4dbf4007875fc0.jpg?1787566143,Crystal,97,5,BRD
Hilto Feltre,55076328,154,149,Sargatanas,Aether,605,0,4a850e1dbb7f6f3aeff5b21df6166f3f_ba22853447012a24cee115315d6a5bebfc0.jpg?1787566942,Crystal,45,0,SGE
Ivy Storm,61727582,155,150,Zalera,Crystal,604,0,27a648f77de0ff7a1a44539cbd062203_8106f857613f8fb994b0be37b26ff4bafc0.jpg?1787567687,Crystal,81,0,MCH
Eloza Ketsch,8667845,156,151,Malboro,Crystal,602,0,4414bb689fd8033d67e6821653f9a232_2e97c13fdd593d15d543093f8a37b6f0fc0.jpg?1787568924,Crystal,207,15,SMN
Shiroi Kijo,44769088,157,202,Ultros,Primal,602,203,2bc8c14bed99e41cc16db823a37e5295_c514cdcdb619439df97d906d4434ccc6fc0.jpg?1787565978,Crystal,141,5,DRG
Shum One,31246227,158,152,Midgardsormr,Aether,602,0,6a9ab1154c9d9a712cc039f45837db6d_5c8ecfbc673e1287a9b5e85423fe1657fc0.jpg?1787567957,Crystal,93,0,VPR
Alma Braver,729037,159,153,Goblin,Crystal,602,0,1d50d402d833734bf7f0d1fe6b3af5e8_8e81e2940511f7152ba4462fe53e35b8fc0.jpg?1787568095,Crystal,61,0,RDM
Apple Thief,43679241,160,158,Balmung,Crystal,601,3,746256d82b3652ef93bbd475defb85ac_7a573cbc0cda3a3dfc1795cb3d9f7b23fc0.jpg?1787565666,Crystal,416,3,SCH
Nikau Milkdud,30842976,161,155,Lamia,Primal,601,0,2ffee265e9fb9491997d30306dc67cc3_4d9be17b5e1edc617052b4dbf4007875fc0.jpg?1787566786,Crystal,20,0,DNC
Hunie Pop,37396085,162,156,Ultros,Primal,599,0,8a72b357002474c02d597d6e8bc94cee_c514cdcdb619439df97d906d4434ccc6fc0.jpg?1787566003,Crystal,121,8,WHM
Ethan Dumas,2337003,163,157,Zalera,Crystal,599,0,4363afb6aeff95a15293cf3907560f7b_8106f857613f8fb994b0be37b26ff4bafc0.jpg?1787565919,Crystal,104,0,RDM
Mori Sumire,22629786,164,159,Zalera,Crystal,598,0,9d1372da41637e0a1cee75add0cdab3e_8106f857613f8fb994b0be37b26ff4bafc0.jpg?1787565929,Crystal,79,0,UNK
Tc Sola,43984930,165,160,Zalera,Crystal,597,0,1bde011c1056c258b5456fb7d0f6283f_8106f857613f8fb994b0be37b26ff4bafc0.jpg?1787566418,Crystal,82,0,GNB
June Buggy,39873640,166,161,Brynhildr,Crystal,595,0,929fb7f3958e6f1fbc9e559d731c0108_d0a0f515a62457570c9b44997063e3c1fc0.jpg?1787566859,Crystal,43,0,RDM
Unagi Box,34773273,167,208,Cuchulainn,Dynamis,595,197,05a513d02b60c767bfb83440ab2d406b_b4a106e4893fd452df0001eaeecf9d7efc0.jpg?1787566404,Crystal,28,2,GNB
Eyre Stahl,32745572,168,162,Maduin,Dynamis,593,0,0d24cf6e8f53fc59a993fd5e5311d4e0_7ff236346f6151d8a2c08fd0b4a0b806fc0.jpg?1787567719,Crystal,52,0,MNK
Teysa Montgomery,6201712,169,163,Cactuar,Aether,591,0,eb51f53fb1f2b23ee171b4e92895e9b4_96ab1df8877c1f8ba6a89a39cccfd437fc0.jpg?1787568411,Crystal,187,3,SMN
Vann Healsing,6572,170,164,Coeurl,Crystal,589,0,e19ce452168669ef7abba0e26cc8ee4c_284358f8eb4efc9095914e46798c6ab3fc0.jpg?1787567324,Crystal,12,0,WAR
Sarantsatsral Kha,26082962,171,165,Behemoth,Primal,586,0,f8735f190504d139ee16ec1a623371dc_be20385e18333edb329d4574f364a1f0fc0.jpg?1787568435,Crystal,26,0,PLD
Rasan Sena,13544028,172,166,Kraken,Dynamis,508,0,70d1ba94bcbeff8a384f1e364b2ee863_049a956dfeb0eb2e19c417a1dde4d680fc0.jpg?1787567005,Crystal,63,0,MNK
Rachna's Kitten,60414129,173,167,Diabolos,Crystal,508,0,5a2079c26296ecf9252da83453669ee7_7b33d33ae3ecb996f778a5f67a6a0af6fc0.jpg?1787568064,Crystal,42,7,UNK
Cassian Syndriel,52998476,174,168,Ultros,Primal,507,0,db812378f708097c17610e9e6817f749_c514cdcdb619439df97d906d4434ccc6fc0.jpg?1787566827,Crystal,82,0,DRG
Naeng Myeon,35393894,175,169,Jenova,Aether,506,0,e834ee8ccde5fd99424275ed75278f5b_ce736afe35e2ded4e46c4fd0659aef7efc0.jpg?1787568315,Crystal,103,6,MNK
Airi Aogane,46241895,176,170,Sargatanas,Aether,503,0,11367baad718b56f9682513d9430146d_ba22853447012a24cee115315d6a5bebfc0.jpg?1787568107,Crystal,117,0,DNC
Yos Sy,23664999,177,180,Jenova,Aether,501,22,01f58e6e2269085746fd0a5b6fe0e7f2_ce736afe35e2ded4e46c4fd0659aef7efc0.jpg?1787567019,Crystal,114,12,MNK
Rin Denma,33178809,178,172,Gilgamesh,Aether,501,0,6c5bab6678d3c44b6e646bc8726eb9f9_b937560c841465f7c4bc8eb47ea7948afc0.jpg?1787569017,Crystal,12,1,UNK
Oni Akuma,7300790,179,173,Gilgamesh,Aether,500,0,e8e098720e245711114b4614110261b5_b937560c841465f7c4bc8eb47ea7948afc0.jpg?1787566274,Crystal,188,0,MNK
Minato Maki,53819658,180,174,Excalibur,Primal,500,0,03c1d1dc5b9a30317518ec9a30c301ab_745baffc465480ed372e274d50318290fc0.jpg?1787567822,Crystal,30,0,VPR
Aelara Nightelm,2908362,181,175,Maduin,Dynamis,499,0,f40ea9e3404cbab02b92f9bc1d80cdcd_7ff236346f6151d8a2c08fd0b4a0b806fc0.jpg?1787568811,Crystal,136,0,AST
Lelouch Masamune,12543299,182,176,Malboro,Crystal,499,0,711457fd66b589fb422ba4640a4826f0_2e97c13fdd593d15d543093f8a37b6f0fc0.jpg?1787566506,Crystal,76,0,SCH
Shinra Tatsuya,8648762,183,177,Gilgamesh,Aether,498,0,7dccb5e520b149afd2b044279fa8694e_b937560c841465f7c4bc8eb47ea7948afc0.jpg?1787568204,Crystal,92,2,SAM
Xale Solace,52728205,184,178,Adamantoise,Aether,497,0,5272a5d5dea9738bb4a6638ac3f083d2_1f5fd239b885860b7c2bfc72ad1d97effc0.jpg?1787567643,Crystal,77,11,DRG
High Five,40416979,185,179,Brynhildr,Crystal,493,0,f6eae218fa6037625ae22a8c800d935d_d0a0f515a62457570c9b44997063e3c1fc0.jpg?1787566127,Crystal,21,0,BRD
Gracidea Blossom,4573171,186,181,Lamia,Primal,416,0,12afdfb12aebd14365b3149875fee65f_4d9be17b5e1edc617052b4dbf4007875fc0.jpg?1787567902,Crystal,73,1,WHM
Azura Skye,61832185,187,182,Goblin,Crystal,408,0,06833163f0059227fbc31ba3c8c36610_8e81e2940511f7152ba4462fe53e35b8fc0.jpg?1787568365,Crystal,65,4,MCH
Bigg Succ,14228989,188,183,Coeurl,Crystal,408,0,d833225ff74a6d00fc89b134cc155262_284358f8eb4efc9095914e46798c6ab3fc0.jpg?1787568300,Crystal,7,0,MCH
Bean Waters,34305264,189,184,Famfrit,Primal,406,0,bcdcd97b24d4dfc6b3e643c8670b6f7c_fce4949e615393e574f2d57134b31fc1fc0.jpg?1787567874,Crystal,47,0,SAM
Lowan Gleview,48863675,190,185,Gilgamesh,Aether,406,0,3ed0770e9633fa9630af57f595f1d68d_b937560c841465f7c4bc8eb47ea7948afc0.jpg?1787567022,Crystal,35,0,NIN
Khione Ruhewann,46320064,191,186,Famfrit,Primal,403,0,7f4213b80626d593c297255cb1c55698_fce4949e615393e574f2d57134b31fc1fc0.jpg?1787566908,Crystal,123,0,PLD
Roland Montpensier,27408688,192,187,Mateus,Crystal,402,0,f999e29fa2ab10f6ba02338f493e886b_f0c52cc66e124fc2e641d7c21ab2ce79fc0.jpg?1787566788,Crystal,26,0,DRG
Tio Tot,32427648,193,188,Jenova,Aether,402,0,b6b5f99e0b2c9878499873fdbe82cda3_ce736afe35e2ded4e46c4fd0659aef7efc0.jpg?1787568443,Crystal,25,0,MNK
Larxis Themage,9284703,194,189,Mateus,Crystal,401,0,f1440421e273892659981868cbc99f9b_f0c52cc66e124fc2e641d7c21ab2ce79fc0.jpg?1787567482,Crystal,180,10,BLM
Von Columbine,58381347,195,190,Gilgamesh,Aether,401,0,616328e702b2b2e8d452581d53ec9f88_b937560c841465f7c4bc8eb47ea7948afc0.jpg?1787569118,Crystal,102,0,DRG
Jin Mercer,31096690,196,191,Marilith,Dynamis,401,0,708b770d30658bbff6a84015d913b518_bbfb28d5a9059cd0c768daf77ab29982fc0.jpg?1787566145,Crystal,87,1,MCH
O'naeas Du'faigh,39414113,197,192,Ultros,Primal,401,0,7994a259bec436115a0081b11babf4f8_c514cdcdb619439df97d906d4434ccc6fc0.jpg?1787566344,Crystal,75,0,WAR
Very Shooooooooooort,49384501,198,193,Hyperion,Primal,401,0,084259a7b0d5cdac112faebe64bac849_57ae9ee5592123dd79c8912bf768cf99fc0.jpg?1787567591,Crystal,60,0,UNK
Vicious Nouzen,42001229,199,194,Jenova,Aether,401,0,94ccc3f4ceffc2356f1ddd47d85ca9f7_ce736afe35e2ded4e46c4fd0659aef7efc0.jpg?1787567307,Crystal,51,0,SAM
Virtus Giruvegan,3183831,200,195,Gilgamesh,Aether,401,0,e8050cdd79efaaf143d74f9ae4cdcfb1_b937560c841465f7c4bc8eb47ea7948afc0.jpg?1787568132,Crystal,23,0,UNK
Yulia Lunaria,82714,201,196,Coeurl,Crystal,401,0,30d19e29baad4dfe064001a80a4466e1_284358f8eb4efc9095914e46798c6ab3fc0.jpg?1787568990,Crystal,17,0,DRG
Senka Kyo,40405843,202,197,Adamantoise,Aether,401,0,57edcac1396cccc62373cfaa1109ab06_1f5fd239b885860b7c2bfc72ad1d97effc0.jpg?1787565928,Crystal,3,0,PLD
Rail Ying,33252892,203,198,Famfrit,Primal,400,0,e9ae8b691e418ccccf35ebe11804f497_fce4949e615393e574f2d57134b31fc1fc0.jpg?1787565731,Crystal,341,0,RPR
Coffee Dawg,17085073,204,199,Famfrit,Primal,400,0,3f73984ff31eed30a16eba5ac017bdda_fce4949e615393e574f2d57134b31fc1fc0.jpg?1787567974,Crystal,69,2,SMN
Nero K'ten,6155374,205,200,Lamia,Primal,400,0,457604f04300faac0e52a053884e2bb7_4d9be17b5e1edc617052b4dbf4007875fc0.jpg?1787567331,Crystal,53,0,CUL
Cj Deux,23394493,206,201,Lamia,Primal,399,0,64702aeefa55d2931c531ddadd7964ea_4d9be17b5e1edc617052b4dbf4007875fc0.jpg?1787567454,Crystal,220,0,PCT
Pvp Wintrader,55633250,207,203,Rafflesia,Dynamis,399,0,a95c4512f0f35cf564aac910d19b00e2_2783886613347a4db0bed7524de1298ffc0.jpg?1787568877,Crystal,41,0,BRD
Johnny Rotten,60584717,208,204,Balmung,Crystal,398,0,16dd0eb6be877814ca22fed24fe6191d_7a573cbc0cda3a3dfc1795cb3d9f7b23fc0.jpg?1787568449,Crystal,62,6,VPR
Kaede Obinata,32151196,209,205,Marilith,Dynamis,398,0,460d631b298c83b035fb70ac5669658d_bbfb28d5a9059cd0c768daf77ab29982fc0.jpg?1787565587,Crystal,46,0,NIN
Honey Toast,57307408,210,206,Exodus,Primal,398,0,f4ce05067fa4042fad64931eb5015841_0cdf051c93865faa15cbc5cd3d2b69fbfc0.jpg?1787567336,Crystal,36,0,UNK
Ava Falafell,7835301,211,207,Cactuar,Aether,398,0,037dd67f6ab82aadfe3e7b3e4973d525_96ab1df8877c1f8ba6a89a39cccfd437fc0.jpg?1787567075,Crystal,32,0,WHM
Milly Mina,37964161,212,209,Cuchulainn,Dynamis,398,0,f3300c3e28b3c5b4a3767a587341831e_b4a106e4893fd452df0001eaeecf9d7efc0.jpg?1787565909,Crystal,20,3,AST
Shoujo Hime,18340055,213,211,Leviathan,Primal,397,0,c341075038058a45ef549f7bac1b9d25_a91aae52cff9ef65932db06b150ffd47fc0.jpg?1787565829,Crystal,211,0,WHM
Kale Crow,57973655,214,212,Excalibur,Primal,396,0,39e30189265e5cf770bddc1b87bdb349_745baffc465480ed372e274d50318290fc0.jpg?1787566032,Crystal,65,0,UNK
Mash Buttons,12470854,215,213,Ultros,Primal,394,0,eec5508ec2ce3844fd62caa5b87a24d8_c514cdcdb619439df97d906d4434ccc6fc0.jpg?1787566091,Crystal,40,1,BRD
Thamiel Blade,11845109,216,214,Malboro,Crystal,393,0,80ba6f7aa26a72c98ebf41b210be27be_2e97c13fdd593d15d543093f8a37b6f0fc0.jpg?1787568504,Crystal,84,0,PLD
Aurora Aura,51466191,217,215,Coeurl,Crystal,392,0,6bf65747d41f881881af0d8d8ee83bb9_284358f8eb4efc9095914e46798c6ab3fc0.jpg?1787567493,Crystal,109,0,SAM
Cynthia Noir,25307713,218,216,Leviathan,Primal,388,0,5b4f8d78ae6dd18586116fe673617384_a91aae52cff9ef65932db06b150ffd47fc0.jpg?1787566553,Crystal,243,0,RPR
Boulder Beholder,10981587,219,217,Faerie,Aether,310,0,9de7d0362a3a832a7171bfe262bb5d94_0e336ff6ad415f47233f0aaf127feac0fc0.jpg?1787566069,Crystal,6,0,GNB
Rhiki Nelhah,29582811,220,218,Balmung,Crystal,309,5,0ad8b0bcd2e47e8bf6c0716959820415_7a573cbc0cda3a3dfc1795cb3d9f7b23fc0.jpg?1787568652,Crystal,76,18,UNK
Dank Lollington,37820692,221,219,Exodus,Primal,304,0,2b6faafd9620689cd5e4222c96529aa5_0cdf051c93865faa15cbc5cd3d2b69fbfc0.jpg?1787566953,Crystal,21,0,MCH
Celeste Aeternum,38129090,222,220,Adamantoise,Aether,301,0,76510814c4215ff9bd016e9313ee6e2c_1f5fd239b885860b7c2bfc72ad1d97effc0.jpg?1787567122,Crystal,139,2,VPR
Tarex Youva,34244171,223,221,Behemoth,Primal,301,0,f62a1a6593a19abc7f2ade2191e57159_be20385e18333edb329d4574f364a1f0fc0.jpg?1787568151,Crystal,66,7,SAM
Denmo Mcstronghuge,1150717,224,222,Excalibur,Primal,301,0,bb33b9be77e28ab26ee6367ad6ba7cac_745baffc465480ed372e274d50318290fc0.jpg?1787566588,Crystal,20,0,BLM
Erdrick Than'talas,35169837,225,223,Behemoth,Primal,300,0,bcdde4e2fbfba10f901006ffbc7723cc_be20385e18333edb329d4574f364a1f0fc0.jpg?1787568491,Crystal,283,0,WAR
Ciel Sorrel,22647977,226,225,Zalera,Crystal,300,0,4feb2b2835b10561864f50a075fa571c_8106f857613f8fb994b0be37b26ff4bafc0.jpg?1787565910,Crystal,69,5,UNK
Eternal Slumber,25903660,227,224,Hyperion,Primal,300,0,e04969696b7e202db5371bd7c0b62231_57ae9ee5592123dd79c8912bf768cf99fc0.jpg?1787568478,Crystal,66,1,NIN
Onion Little,37583983,228,226,Zalera,Crystal,300,0,59533d6fd2d0a8b58595bf860ae3f36a_8106f857613f8fb994b0be37b26ff4bafc0.jpg?1787567231,Crystal,13,0,WVR
W'kepaga M'ankhad,51943168,229,227,Midgardsormr,Aether,299,0,2731864a3bfbb890bb0d554a4dbb55cc_5c8ecfbc673e1287a9b5e85423fe1657fc0.jpg?1787567352,Crystal,175,6,SMN
Nava Savitra,11866965,230,228,Behemoth,Primal,299,0,192dd5e055cc8be6175a56a286c32203_be20385e18333edb329d4574f364a1f0fc0.jpg?1787565865,Crystal,91,0,GNB
Novical Astrea,42979170,231,229,Exodus,Primal,299,0,b638930bbe9987be79fa698126728549_0cdf051c93865faa15cbc5cd3d2b69fbfc0.jpg?1787567104,Crystal,74,0,BRD
Lux Mas,23065843,232,230,Sargatanas,Aether,298,0,88a2ca0abf69b95b8d6893d740e04615_ba22853447012a24cee115315d6a5bebfc0.jpg?1787568695,Crystal,113,2,RDM
Bento Manjusaka,8342791,233,259,Famfrit,Primal,298,101,6ad6165e804ca5f8a6e46061f7c359ec_fce4949e615393e574f2d57134b31fc1fc0.jpg?1787568938,Crystal,41,8,MCH
Kemono Friends,9960513,234,232,Balmung,Crystal,298,0,32976001d45735dc6eed07706ce7c1aa_7a573cbc0cda3a3dfc1795cb3d9f7b23fc0.jpg?1787566844,Crystal,6,0,WHM
Aesa Reign,35916991,235,233,Behemoth,Primal,298,0,41b39fb2112c54e35953a1e9bca43b2b_be20385e18333edb329d4574f364a1f0fc0.jpg?1787569032,Crystal,3,0,PCT
Reed Diamond,7237831,236,234,Ultros,Primal,297,0,132bb33f336f4f3ae42c3cf9a96a11ad_c514cdcdb619439df97d906d4434ccc6fc0.jpg?1787567771,Crystal,106,0,MNK
Zolzayaa Noykin,34804380,237,235,Balmung,Crystal,297,0,ff773bbf0388cc8a61ac7c87e78f978f_7a573cbc0cda3a3dfc1795cb3d9f7b23fc0.jpg?1787567831,Crystal,68,0,VPR
Aahaha Hahahahaha,31743716,238,0,Exodus,Primal,297,297,77935bdcfdbdbcd8404ce28584023170_0cdf051c93865faa15cbc5cd3d2b69fbfc0.jpg?1787565752,Crystal,49,14,BLM
Asteroth Rayet,34556987,239,236,Coeurl,Crystal,297,0,074f19c1dfdaef751b93ed3b29eeb320_284358f8eb4efc9095914e46798c6ab3fc0.jpg?1787566068,Crystal,26,3,GNB
Sitri Belladonna,44271644,240,237,Maduin,Dynamis,296,0,d5fba1e5169b57a308fb1ea60e3553cf_7ff236346f6151d8a2c08fd0b4a0b806fc0.jpg?1787566214,Crystal,58,0,GNB
Medori Tenosu,31992476,241,0,Jenova,Aether,294,294,2d7230bf79f29d3570cfdc7390506985_ce736afe35e2ded4e46c4fd0659aef7efc0.jpg?1787568551,Crystal,70,53,SCH
Nika Arwing,12407061,242,238,Behemoth,Primal,294,0,f0ebfd95e843addaab2471d3cb028eb6_be20385e18333edb329d4574f364a1f0fc0.jpg?1787566828,Crystal,8,0,NIN
Eroison Chren,42575447,243,239,Ultros,Primal,293,0,d66c862181da18eea3335d6667510dc6_c514cdcdb619439df97d906d4434ccc6fc0.jpg?1787566941,Crystal,46,0,BRD
Marika Mjolnir,38212348,244,240,Malboro,Crystal,292,0,969a50dcb0d9777a00aae149894ab7f5_2e97c13fdd593d15d543093f8a37b6f0fc0.jpg?1787568077,Crystal,181,0,WAR
Onigiri Bunny,7352884,245,261,Behemoth,Primal,290,93,382f2b7a0b15514c38a6e2d5af3d8014_be20385e18333edb329d4574f364a1f0fc0.jpg?1787567994,Crystal,5,4,UNK
Nixacu Murubra,24114126,246,241,Lamia,Primal,205,0,68206034a86cf63bd8aecd714ae17955_4d9be17b5e1edc617052b4dbf4007875fc0.jpg?1787568117,Crystal,66,0,NIN
Theory Ai,55206021,247,242,Leviathan,Primal,204,0,018be547248466158b1d0f9de4315340_a91aae52cff9ef65932db06b150ffd47fc0.jpg?1787567815,Crystal,207,0,SAM
Lumiel Alstreim,6929457,248,243,Balmung,Crystal,204,0,6004c4e57250b544ed36bf6b310e878a_7a573cbc0cda3a3dfc1795cb3d9f7b23fc0.jpg?1787566172,Crystal,46,0,PCT
Abel Catallus,20632128,249,244,Hyperion,Primal,203,0,a753917cbe6dc89a0ba41f10003a621d_57ae9ee5592123dd79c8912bf768cf99fc0.jpg?1787565752,Crystal,72,0,SMN
Aiberaint Mando,58601227,250,245,Faerie,Aether,200,0,b7621f9e3f9c7a33ce4acd4a392c3a41_0e336ff6ad415f47233f0aaf127feac0fc0.jpg?1787565680,Crystal,33,0,RPR
Nonoha Noha,32959229,251,246,Balmung,Crystal,200,0,d9c4977477ddfaebc0c2204729f692f9_7a573cbc0cda3a3dfc1795cb3d9f7b23fc0.jpg?1787568633,Crystal,22,0,UNK
Joe Biden',48592929,252,247,Seraph,Dynamis,200,0,c06fd69e6b294b74118f1a8ad5727f56_07fb0511053f398d1f2d6831e6a6b4c8fc0.jpg?1787566061,Crystal,2,0,UNK
Giselle Aureillien,29155636,253,248,Coeurl,Crystal,200,0,0864f26f62e17d3942c765f8a16665d2_284358f8eb4efc9095914e46798c6ab3fc0.jpg?1787568649,Crystal,1,0,RDM
Vayce Lilacspark,4565408,254,249,Balmung,Crystal,199,0,e9f3928d81a9f68a9cfae3a6a414feb8_7a573cbc0cda3a3dfc1795cb3d9f7b23fc0.jpg?1787566733,Crystal,137,0,DRK
V'linh Tia,35736983,255,250,Hyperion,Primal,199,0,760e31f96b4d3b3534fcdc43c9564fab_57ae9ee5592123dd79c8912bf768cf99fc0.jpg?1787566620,Crystal,96,0,WHM
Chronochaos Asura,1230012,256,251,Excalibur,Primal,199,0,16f01a0a9404158e87254af5dbe09328_745baffc465480ed372e274d50318290fc0.jpg?1787568928,Crystal,75,0,VPR
Cleo Kaisuri,49507760,257,252,Hyperion,Primal,199,0,b3c346a088e9876c531a3dcecd6b78db_57ae9ee5592123dd79c8912bf768cf99fc0.jpg?1787568158,Crystal,43,0,MCH
Nickon Malek,36659706,258,253,Zalera,Crystal,199,0,d4f6bca99d38c68180883a3bd35b4647_8106f857613f8fb994b0be37b26ff4bafc0.jpg?1787567356,Crystal,37,0,RDM
Mits Suki,33204212,259,254,Famfrit,Primal,199,0,5bb063598970951b9c8c586bd4f0db1f_fce4949e615393e574f2d57134b31fc1fc0.jpg?1787566048,Crystal,5,0,BLM
Sandoz Nakao,10931721,260,255,Sargatanas,Aether,198,0,dbfb04dfbbe3ea56cd066152b1c185fb_ba22853447012a24cee115315d6a5bebfc0.jpg?1787568447,Crystal,178,0,GNB
Cassian Aten,49727028,261,256,Ultros,Primal,198,0,beba5702725b35f7f383e56d8c6eeb6c_c514cdcdb619439df97d906d4434ccc6fc0.jpg?1787568607,Crystal,68,0,UNK
Glamour Police,42569529,262,257,Faerie,Aether,198,0,628a713ff9a3e9604964fec89696bc80_0e336ff6ad415f47233f0aaf127feac0fc0.jpg?1787568355,Crystal,54,0,DRK
Radanis Luminacht,16920977,263,258,Sargatanas,Aether,198,0,b371d311f8b15d14c5d5b08dda36ab7f_ba22853447012a24cee115315d6a5bebfc0.jpg?1787567257,Crystal,1,0,VPR
Tree Cat,26335365,264,260,Jenova,Aether,197,0,33c88618a561b4c9a812b3fe8cb0ba15_ce736afe35e2ded4e46c4fd0659aef7efc0.jpg?1787565832,Crystal,2,0,NIN
Ailbhe Costa,24483224,265,262,Golem,Dynamis,196,0,d2a07a324d29f192eabbae6adeb2462b_dd61c3dc259e5c43722e89409499b669fc0.jpg?1787566466,Crystal,1,0,UNK
Sensus Meow,3918158,265,262,Gilgamesh,Aether,196,0,c830651186889d4902ef13cefd58a832_b937560c841465f7c4bc8eb47ea7948afc0.jpg?1787566728,Crystal,1,0,DRG
Unit Two,9241194,267,264,Ultros,Primal,195,0,641de9f4edfaf7fe05a95460092c87ef_c514cdcdb619439df97d906d4434ccc6fc0.jpg?1787568601,Crystal,147,0,SCH
Flipped Hellcat,21788780,268,265,Brynhildr,Crystal,105,0,2ae61210380d605b7b52e1b3372b5079_d0a0f515a62457570c9b44997063e3c1fc0.jpg?1787567673,Crystal,28,0,UNK
Kanae Meow,36806118,269,266,Ultros,Primal,104,0,8969e8a0b518902a3996525f822b4701_c514cdcdb619439df97d906d4434ccc6fc0.jpg?1787565964,Crystal,141,25,DNC
Yuki Yozora,32275648,270,267,Faerie,Aether,103,0,bed164ee9535c02b6ea7cc8b5000c845_0e336ff6ad415f47233f0aaf127feac0fc0.jpg?1787567192,Crystal,187,7,SAM
Renzo Jinwoo,34732404,271,273,Seraph,Dynamis,102,2,5661b5945f2e3c2ffb7cc17ead7445b0_07fb0511053f398d1f2d6831e6a6b4c8fc0.jpg?1787567825,Crystal,135,13,MCH
Erik Jormungandr,21053207,272,268,Balmung,Crystal,102,0,d279bad4f9c048ee2cb4310b2dabb453_7a573cbc0cda3a3dfc1795cb3d9f7b23fc0.jpg?1787566326,Crystal,15,0,SMN
Agreed Indeed,35442337,273,269,Cactuar,Aether,102,0,420d1175f93ad013aa9ab84ae2d42209_96ab1df8877c1f8ba6a89a39cccfd437fc0.jpg?1787567182,Crystal,11,0,SGE
Tegridy Weed,3469679,274,270,Midgardsormr,Aether,101,0,96f7b1ca58cffc2cdcbb1df90d116807_5c8ecfbc673e1287a9b5e85423fe1657fc0.jpg?1787567039,Crystal,23,0,VPR
June Freyja,10894711,275,271,Brynhildr,Crystal,100,0,a53a85398b567470f54962e592f2684d_d0a0f515a62457570c9b44997063e3c1fc0.jpg?1787566915,Crystal,191,0,SAM
Deep-fried Shrimp,39013955,276,272,Halicarnassus,Dynamis,100,0,8c854c8dde07c11059f113329f369709_f2d324d722b28bbe681b2898bcdca8bffc0.jpg?1787567795,Crystal,187,0,MCH
Dewdrop Ex'nivis,42142474,277,0,Coeurl,Crystal,100,100,4d866401d0e56d8747b77e186b624f24_284358f8eb4efc9095914e46798c6ab3fc0.jpg?1787566668,Crystal,147,20,MCH
Fawa Gyoji,37307350,278,274,Famfrit,Primal,100,0,e22002145961150a9fd58c297601d8b8_fce4949e615393e574f2d57134b31fc1fc0.jpg?1787567235,Crystal,118,0,WHM
Saber Moon,21231710,279,275,Hyperion,Primal,100,0,f476acb444c0e146dd44d5351357e426_57ae9ee5592123dd79c8912bf768cf99fc0.jpg?1787568409,Crystal,92,0,DRK
Kalatia Silverscale,52796419,280,276,Hyperion,Primal,100,0,1a27aed774a0a73e8c95467c7bf6e956_57ae9ee5592123dd79c8912bf768cf99fc0.jpg?1787566091,Crystal,91,0,UNK
Haley Comet,27668347,281,277,Cactuar,Aether,100,0,2b237658ff580795f602f2f1b6069a76_96ab1df8877c1f8ba6a89a39cccfd437fc0.jpg?1787567577,Crystal,89,0,BRD
Rouge Sunwing,50315022,282,278,Excalibur,Primal,100,0,e083dde5de8a5564f1aa8b12e6add888_745baffc465480ed372e274d50318290fc0.jpg?1787567039,Crystal,80,5,DRG
John Darksouls,32702843,283,279,Adamantoise,Aether,100,0,f1fbda91f49b5975e8a2cb80a74e40ad_1f5fd239b885860b7c2bfc72ad1d97effc0.jpg?1787567833,Crystal,72,0,PLD
Leifon Altugle,8395678,284,280,Gilgamesh,Aether,100,0,3e2aacdbdd9e8d035f4294a4a24ef84d_b937560c841465f7c4bc8eb47ea7948afc0.jpg?1787566401,Crystal,69,0,WAR
Lenpao Victus,30455513,284,280,Midgardsormr,Aether,100,0,6067c0a6b77debbd9a03665d4d13dd52_5c8ecfbc673e1287a9b5e85423fe1657fc0.jpg?1787568688,Crystal,69,0,UNK
Mutilated Remains,15274725,286,282,Adamantoise,Aether,100,0,8f629073b22cd80f608068b9cfd406f3_1f5fd239b885860b7c2bfc72ad1d97effc0.jpg?1787568863,Crystal,64,0,DRG
Levy Scarlett,35085988,287,0,Coeurl,Crystal,100,100,74fe88584bdffbcc051a81a168ff958f_284358f8eb4efc9095914e46798c6ab3fc0.jpg?1787569064,Crystal,63,6,RPR
Abare Horo,12853954,288,283,Cuchulainn,Dynamis,100,0,b007ad11da1613038b2e8acb70f76ea6_b4a106e4893fd452df0001eaeecf9d7efc0.jpg?1787567580,Crystal,61,0,WHM
Fenrir Mani,46990212,289,284,Siren,Aether,100,0,9d52f579ab24f21101afab7ee04fd086_58a84e851e55175d22158ca97af58a1ffc0.jpg?1787568686,Crystal,60,0,RPR
Asera Albright,24908256,290,285,Siren,Aether,100,0,288dc7742b9eb8ec890c2b164e884a7b_58a84e851e55175d22158ca97af58a1ffc0.jpg?1787566620,Crystal,58,0,DRG
Beef Testoserone,31210622,291,286,Lamia,Primal,100,0,8722cb428122ce685cf8b96a844468f3_4d9be17b5e1edc617052b4dbf4007875fc0.jpg?1787567090,Crystal,57,0,DRG
Stephanie Dolla,28812314,292,287,Zalera,Crystal,100,0,d9051d9ee54d0e9f8178549cfed7d8cf_8106f857613f8fb994b0be37b26ff4bafc0.jpg?1787567140,Crystal,56,0,NIN
Cecils Lunas,39054438,293,288,Brynhildr,Crystal,100,0,4f553dbd79cfae0460c3d43b82171d15_d0a0f515a62457570c9b44997063e3c1fc0.jpg?1787565767,Crystal,53,0,SGE
Sturm Brenner,3156329,294,0,Balmung,Crystal,100,100,4b1a0753456562f9df953891a981ddbc_7a573cbc0cda3a3dfc1795cb3d9f7b23fc0.jpg?1787566943,Crystal,52,13,BRD
Zerth Voldrin,14915863,295,289,Cactuar,Aether,100,0,81a8fef4d9feb3b13352e547c9dcf7d5_96ab1df8877c1f8ba6a89a39cccfd437fc0.jpg?1787565762,Crystal,48,0,WAR
Misdes Lightborn,15985822,296,290,Excalibur,Primal,100,0,b5a720db92fc3ecb59bb12c0885b2648_745baffc465480ed372e274d50318290fc0.jpg?1787565831,Crystal,47,0,WAR
Shiri Grey,32860535,296,290,Cactuar,Aether,100,0,98556472ecc5021f50bd474340b4927f_96ab1df8877c1f8ba6a89a39cccfd437fc0.jpg?1787566593,Crystal,47,0,SGE
Scraticus Lepus,30427225,298,292,Excalibur,Primal,100,0,e06f8c09d01e16c57c66f5f4b0bdc46c_745baffc465480ed372e274d50318290fc0.jpg?1787567702,Crystal,46,0,GNB
Elphen Gura,2247953,299,293,Gilgamesh,Aether,100,0,292e135e4f46290be61b4699e8236363_b937560c841465f7c4bc8eb47ea7948afc0.jpg?1787567251,Crystal,45,0,SMN
Hasu Rean,43334048,299,293,Behemoth,Primal,100,0,5c5ae8746bdf9b8c55b8f84d16546192_be20385e18333edb329d4574f364a1f0fc0.jpg?1787567623,Crystal,45,0,MCH
Ash Kitamura,26629771,1,0,Ravana,Materia,0,0,33c0c99f7649a707ea0e8e4da0340efb_2f53b2675d3eea360f0b48d74d30af15fc0.jpg?1787566470,Diamond,81,0,AST
Enrei Mihata,49665542,2,0,Ravana,Materia,0,0,9df67e19d234830f2d797bb6efbad836_2f53b2675d3eea360f0b48d74d30af15fc0.jpg?1787567967,Diamond,37,0,DRG
Fatahh Wizardcat,60429758,3,0,Zurvan,Materia,0,0,0a04508a6feea55f3b4227e7d574212a_1fa3a1b3845481a1b67b46854a3cc49afc0.jpg?1787569025,Platinum,52,0,BLM
Queue Up,44283543,4,0,Ravana,Materia,0,0,341e0565d728c5334b58960edfc1c897_2f53b2675d3eea360f0b48d74d30af15fc0.jpg?1787566518,Platinum,42,0,PLD
Shiki Hime,41619079,5,0,Sophia,Materia,0,0,e0f33871fdd9bcb0012cace0f140b504_ba15a18cd3a8fb567e39053022515eb6fc0.jpg?1787567997,Platinum,39,0,MNK
Sora Teppelin,7487042,6,0,Sophia,Materia,0,0,3d849e783499c238b2f4d439e3a8c2a7_ba15a18cd3a8fb567e39053022515eb6fc0.jpg?1787568944,Platinum,35,0,VPR
Shiny Jirachi,51220221,7,0,Sophia,Materia,0,0,f1b04aa626472a08642b4f93d911f87c_ba15a18cd3a8fb567e39053022515eb6fc0.jpg?1787568600,Platinum,11,0,SAM
Raiosu Eucliffe,45249258,8,0,Ravana,Materia,0,0,a21442f92d53ab89cab416d41fe9132d_2f53b2675d3eea360f0b48d74d30af15fc0.jpg?1787565557,Platinum,53,0,BRD
Nyanyanyanya Nyanyan,48648775,9,0,Ravana,Materia,0,0,ec08e9f45b8d4335b412f3e39f4458e2_2f53b2675d3eea360f0b48d74d30af15fc0.jpg?1787568036,Platinum,29,0,WHM
Ku Ku,58267971,10,0,Sophia,Materia,0,0,77db43d75ac5ffe3d585318a47534ab9_ba15a18cd3a8fb567e39053022515eb6fc0.jpg?1787566197,Platinum,52,0,BRD
Master Zoknik,61010055,11,0,Zurvan,Materia,0,0,bfa135b89b0fb27fe708b3a427bd667f_1fa3a1b3845481a1b67b46854a3cc49afc0.jpg?1787568770,Platinum,88,0,SMN
Jiraiya Sannin,47974804,12,0,Ravana,Materia,0,0,6a5cc312529bc78b7d0bbbf5f41983af_2f53b2675d3eea360f0b48d74d30af15fc0.jpg?1787566558,Platinum,45,0,WAR
Esperance Lightbound,16103781,13,0,Ravana,Materia,0,0,0d3ff648d49892a8fc3bd67490985032_2f53b2675d3eea360f0b48d74d30af15fc0.jpg?1787567448,Platinum,40,0,RPR
Syth Isi,14766898,14,0,Sephirot,Materia,0,0,4eef23c58ccbdfd054240b7a6afee3df_30a5f9eadea6e0cb684a5265362d0d59fc0.jpg?1787566524,Platinum,31,0,SGE
Lil Wu,39781651,15,0,Ravana,Materia,0,0,883868199332c12050d61887025475bc_2f53b2675d3eea360f0b48d74d30af15fc0.jpg?1787566042,Platinum,38,0,PLD
Monkey Rat,28956529,16,0,Zurvan,Materia,0,0,bd13db4ebaa363278dd269b5941ae816_1fa3a1b3845481a1b67b46854a3cc49afc0.jpg?1787566241,Platinum,75,0,SGE
Unshao Theruun,36386941,17,0,Sephirot,Materia,0,0,ec8f93abdc73eddcd17e0450db1cb572_30a5f9eadea6e0cb684a5265362d0d59fc0.jpg?1787567694,Platinum,28,0,WAR
Aleksei Veldoch,39931654,18,0,Ravana,Materia,0,0,ef0923b785702de5a588b383a0d1bcea_2f53b2675d3eea360f0b48d74d30af15fc0.jpg?1787565595,Platinum,47,0,SAM
Noelle Frost,59496366,19,0,Zurvan,Materia,0,0,5e03b95700bb3e6556a80cb9336a41d2_1fa3a1b3845481a1b67b46854a3cc49afc0.jpg?1787568548,Platinum,40,0,DRG
Boz Ulceros,32280980,20,0,Ravana,Materia,0,0,269b081d650bf5598fd5a3f9419b8b43_2f53b2675d3eea360f0b48d74d30af15fc0.jpg?1787567193,Platinum,72,0,SAM
Funeral Pyre,29286073,21,0,Zurvan,Materia,0,0,48d5de4023484583f2225a2026548284_1fa3a1b3845481a1b67b46854a3cc49afc0.jpg?1787565814,Platinum,61,0,SMN
Mars Bars,41756039,22,0,Sophia,Materia,0,0,87af5886ec3b52e7e582ccc7755f6a9b_ba15a18cd3a8fb567e39053022515eb6fc0.jpg?1787566456,Platinum,49,0,DRG
Chs Crane,37655547,23,0,Sophia,Materia,0,0,7cd2d4b420716bf684bdd41ef37d9319_ba15a18cd3a8fb567e39053022515eb6fc0.jpg?1787568204,Platinum,30,0,MIN
Simetras Sol,38726083,24,0,Ravana,Materia,0,0,fc54c458f2e80d3680f50e6026011ab7_2f53b2675d3eea360f0b48d74d30af15fc0.jpg?1787566861,Gold,131,0,AST
Lillian Melikai,42502039,25,0,Ravana,Materia,0,0,6c5f22e96162240c2bb96702fcbe123b_2f53b2675d3eea360f0b48d74d30af15fc0.jpg?1787568652,Gold,47,0,DRK
Coffee Lover,50333621,26,0,Sophia,Materia,0,0,3c4552eb56bfb14f36d9b512873eac0d_ba15a18cd3a8fb567e39053022515eb6fc0.jpg?1787566367,Gold,42,0,UNK
Twitch Pvpash,58310287,27,0,Sephirot,Materia,0,0,825390c1ecfa92c4ed45d4ff7a91e39e_30a5f9eadea6e0cb684a5265362d0d59fc0.jpg?1787567609,Gold,35,0,PLD
Disco Knees,36101852,28,0,Sophia,Materia,0,0,48d0a8dae7efe9ad10780f28920a969b_ba15a18cd3a8fb567e39053022515eb6fc0.jpg?1787568290,Gold,33,0,DRG
Seth Nier,10650761,29,0,Sophia,Materia,0,0,64bba40966450747199bec23184e47a3_ba15a18cd3a8fb567e39053022515eb6fc0.jpg?1787569079,Gold,26,0,DRK
Izaray Wintergray,40906176,30,33,Sophia,Materia,0,0,be2f5b4e324fa72cd4ef19d0c29f10da_ba15a18cd3a8fb567e39053022515eb6fc0.jpg?1787567251,Gold,37,1,PLD
Stupid Puzzle,57160120,31,30,Ravana,Materia,0,0,7af9b543418115db5c1299f1abb4e123_2f53b2675d3eea360f0b48d74d30af15fc0.jpg?1787566529,Gold,45,0,DRG
Stu Vermillion,45923134,32,31,Sephirot,Materia,0,0,542be51b9ba1f8c4c217e94d2b96e3aa_30a5f9eadea6e0cb684a5265362d0d59fc0.jpg?1787567499,Gold,35,1,DNC
Jena Kuwahara,28003546,33,32,Ravana,Materia,0,0,5bacb190ffd91b392df04923b13fa29a_2f53b2675d3eea360f0b48d74d30af15fc0.jpg?1787567494,Gold,98,6,DRK
Vielle Drillemont,52770027,34,48,Ravana,Materia,0,0,6c212c0698d00b38fb5cb7d51dcf91bf_2f53b2675d3eea360f0b48d74d30af15fc0.jpg?1787568926,Gold,74,8,WAR
Aislinn Rose,47395507,35,42,Ravana,Materia,0,0,920c56af8cba5363c65e0c83dbbcac71_2f53b2675d3eea360f0b48d74d30af15fc0.jpg?1787567943,Gold,68,8,SAM
Brian Ricardo,41560139,36,34,Sophia,Materia,0,0,678ed14a243387459872b7217f75e382_ba15a18cd3a8fb567e39053022515eb6fc0.jpg?1787566462,Gold,26,0,SGE
Noah Marlowe,16149159,37,35,Ravana,Materia,0,0,ec4ee34b34397ee883bd89175e1f15df_2f53b2675d3eea360f0b48d74d30af15fc0.jpg?1787565731,Gold,15,0,RDM
Scarlette Harlette,51206657,38,36,Sephirot,Materia,0,0,2f63ccbdc329fa14480887bf4c0dfa0e_30a5f9eadea6e0cb684a5265362d0d59fc0.jpg?1787567498,Gold,64,0,NIN
Berogi Avarous,37261319,39,37,Sophia,Materia,0,0,5fbe574c31dc7541b2bb18753fed8278_ba15a18cd3a8fb567e39053022515eb6fc0.jpg?1787565556,Gold,25,0,BLM
Han Liu,44640291,40,38,Ravana,Materia,0,0,55233b520f90487f51f380e2add5fc3d_2f53b2675d3eea360f0b48d74d30af15fc0.jpg?1787566933,Gold,87,7,NIN
Lion Lord,60332724,41,39,Ravana,Materia,0,0,72fbb269e357d68127cd61715f152bc8_2f53b2675d3eea360f0b48d74d30af15fc0.jpg?1787566606,Gold,57,0,BRD
Lupercal Aurelian,37936946,42,40,Ravana,Materia,0,0,93674d47ae679f2b2191e0d82e33123f_2f53b2675d3eea360f0b48d74d30af15fc0.jpg?1787565596,Gold,25,0,MCH
Arvus Lake,60370728,43,41,Bismarck,Materia,0,0,3491a10775fcbbb5a0c1329925f30f4f_36f0570990ac5402b2ef514d36b0435cfc0.jpg?1787567619,Gold,17,0,MNK
Nirki Yukumo,41663432,44,43,Zurvan,Materia,0,0,c950234c9a872ae2ab8476f696fcb74f_1fa3a1b3845481a1b67b46854a3cc49afc0.jpg?1787569094,Gold,20,0,NIN
Neo Zee,58982637,45,44,Ravana,Materia,0,0,c042f71fe47095dad35d5764027056d1_2f53b2675d3eea360f0b48d74d30af15fc0.jpg?1787567854,Gold,38,0,BRD
Juru'a Mihrulh,48704606,46,45,Zurvan,Materia,0,0,80aa9b34947750aa356810124a11ba19_1fa3a1b3845481a1b67b46854a3cc49afc0.jpg?1787566481,Gold,63,0,PCT
Zervish Vanht,21659747,47,46,Ravana,Materia,0,0,ff2403388bd597c0b3fb62c30e9bff67_2f53b2675d3eea360f0b48d74d30af15fc0.jpg?1787567179,Gold,23,0,WAR
Byakko Moon,10831175,48,47,Sephirot,Materia,0,0,7d8049ebe32efa74e5107944b1e43d15_30a5f9eadea6e0cb684a5265362d0d59fc0.jpg?1787567497,Gold,3,0,NIN
Wierd Dude,58113414,49,0,Sephirot,Materia,0,0,c887fa7d587b2205b349abb82627a0d1_30a5f9eadea6e0cb684a5265362d0d59fc0.jpg?1787566525,Gold,63,0,MCH
Sukoshi Ninjin,57860048,50,0,Sophia,Materia,0,0,b41a0bd7b5958d56cec5f84314a28f3a_ba15a18cd3a8fb567e39053022515eb6fc0.jpg?1787568792,Gold,32,0,UNK
Aurum Blaiddyd,10794239,51,0,Sophia,Materia,0,0,8b76648a8cb1cbbd4f1c870189433f3a_ba15a18cd3a8fb567e39053022515eb6fc0.jpg?1787567927,Gold,13,0,PCT
Clars Lester,951178,52,0,Sephirot,Materia,0,0,46727c8d445323c9e5b8140d37027050_30a5f9eadea6e0cb684a5265362d0d59fc0.jpg?1787568504,Silver,62,1,WAR
Sebastian Michaelis,42038341,53,0,Sephirot,Materia,0,0,17f4346a95c45541b337263d60106b3f_30a5f9eadea6e0cb684a5265362d0d59fc0.jpg?1787566695,Silver,59,0,RDM
Sana Miyata,34196273,54,0,Ravana,Materia,0,0,4a94c0f8b59e635e8748a32f11cc42f8_2f53b2675d3eea360f0b48d74d30af15fc0.jpg?1787565939,Silver,31,0,SCH
Birdy Lou,40000398,55,0,Sophia,Materia,0,0,a8894121a60bc81621d47edf1ee0577b_ba15a18cd3a8fb567e39053022515eb6fc0.jpg?1787568069,Silver,29,0,PLD
J'mo H',10666399,56,0,Sephirot,Materia,0,0,53873e717cbf7baeb168205935077671_30a5f9eadea6e0cb684a5265362d0d59fc0.jpg?1787567380,Silver,17,0,AST
Cwenhild Reid,41763782,57,0,Sophia,Materia,0,0,c9d176025665cc1528a984e82a81fd64_ba15a18cd3a8fb567e39053022515eb6fc0.jpg?1787565982,Silver,24,0,DRK
Pollux Renault,45246168,58,0,Ravana,Materia,0,0,af456258cb5d3ca7c42bb950f92247de_2f53b2675d3eea360f0b48d74d30af15fc0.jpg?1787567498,Silver,13,0,SMN
Ranko Riselle,47223883,59,0,Sophia,Materia,0,0,301cb977b468ead36aa13c049b17f861_ba15a18cd3a8fb567e39053022515eb6fc0.jpg?1787566808,Silver,11,0,UNK
Anzac Fenrir,10988408,60,0,Ravana,Materia,0,0,6c7b02f93e5250249333e13f236fc545_2f53b2675d3eea360f0b48d74d30af15fc0.jpg?1787567487,Silver,31,0,DRG
Kensuke Sugimori,59626210,60,0,Zurvan,Materia,0,0,b8c23a3c5466f6621fe9629c20c0b897_1fa3a1b3845481a1b67b46854a3cc49afc0.jpg?1787566241,Silver,31,0,NIN
Eustace Madao,44593837,62,0,Ravana,Materia,0,0,687914339d33024fe783e72eb5a1929f_2f53b2675d3eea360f0b48d74d30af15fc0.jpg?1787567394,Silver,22,0,RPR
Elto Malto,55670275,63,0,Zurvan,Materia,0,0,6625d7f60a549d4e764bdbbb6315b573_1fa3a1b3845481a1b67b46854a3cc49afc0.jpg?1787567754,Silver,17,0,UNK
Peaceful Serenity,44576253,64,0,Sephirot,Materia,0,0,ae7fb16a93fad97a522145bf683d894f_30a5f9eadea6e0cb684a5265362d0d59fc0.jpg?1787567164,Silver,0,0,RDM
Cucu Cucumber,43336963,65,0,Sophia,Materia,0,0,d0bedba76c1744686e4fafd9d31eeb08_ba15a18cd3a8fb567e39053022515eb6fc0.jpg?1787565661,Silver,40,0,BLM
Frierens Feet,18696306,66,0,Bismarck,Materia,0,0,55c56c5779dac3caf6a9e915a44a972d_36f0570990ac5402b2ef514d36b0435cfc0.jpg?1787566301,Silver,29,0,SMN
Persona Non-grata,59997612,66,0,Ravana,Materia,0,0,817d96e78e710beff47ca2d76caa6b30_2f53b2675d3eea360f0b48d74d30af15fc0.jpg?1787568870,Silver,29,0,PLD
C'ranmaia Lizha,60465549,68,0,Bismarck,Materia,0,0,f41736abfa17637ee6e1f020f2787726_36f0570990ac5402b2ef514d36b0435cfc0.jpg?1787566452,Silver,18,0,UNK
Shiny Garchomp,44081260,69,0,Ravana,Materia,0,0,a9aeaf4658d90c68d46e7086d323e456_2f53b2675d3eea360f0b48d74d30af15fc0.jpg?1787568374,Silver,17,0,MCH
Minty Dew,11254788,70,0,Sephirot,Materia,0,0,afdf4d4e1f96c8e17ed8dbbb09ea4e01_30a5f9eadea6e0cb684a5265362d0d59fc0.jpg?1787567538,Silver,12,0,MCH
Pompitous Litchous,28520377,71,0,Sephirot,Materia,0,0,ab4abed9c2f0b5369480818f95581f87_30a5f9eadea6e0cb684a5265362d0d59fc0.jpg?1787567667,Silver,10,0,RPR
Red Pocket,57790009,72,0,Zurvan,Materia,0,0,9ee6578b70ebe2412c9a6a3b9539d845_1fa3a1b3845481a1b67b46854a3cc49afc0.jpg?1787566601,Silver,1,0,UNK
Magnolia Moonsong,39932795,73,0,Sephirot,Materia,0,0,a9e5b8f87ce0e4e7d236eef2abfe90e0_30a5f9eadea6e0cb684a5265362d0d59fc0.jpg?1787567688,Silver,19,0,SCH
Sil Vanht,3592400,74,0,Ravana,Materia,0,0,7557bb5d8d4d13b13e750b30dbd34093_2f53b2675d3eea360f0b48d74d30af15fc0.jpg?1787567179,Silver,9,0,WAR
Re- G',41760350,75,0,Sophia,Materia,0,0,b5e032ba04147a101b5a91d07703c313_ba15a18cd3a8fb567e39053022515eb6fc0.jpg?1787567024,Silver,0,0,UNK
Tiny Seda,43818296,76,0,Ravana,Materia,0,0,21e2b2de9125d9cf1b99748fa9eef0e2_2f53b2675d3eea360f0b48d74d30af15fc0.jpg?1787569115,Silver,37,0,AST
Venase Tym,61779775,77,0,Sophia,Materia,0,0,24aac6d5abd68d4dc957bd7c98ba27f2_ba15a18cd3a8fb567e39053022515eb6fc0.jpg?1787567628,Silver,18,0,UNK
Zero Alexander,18446688,78,0,Sophia,Materia,0,0,f2e26342d51255236baa45461f41bf5b_ba15a18cd3a8fb567e39053022515eb6fc0.jpg?1787568151,Silver,14,0,VPR
Temp Arie,41750566,79,0,Zurvan,Materia,0,0,73bdd493fc471827004a90a5745ff400_1fa3a1b3845481a1b67b46854a3cc49afc0.jpg?1787568136,Silver,13,0,PLD
Awayi Soleil,40986096,80,0,Zurvan,Materia,0,0,c84676ef434b75aec3260707fcad3d8a_1fa3a1b3845481a1b67b46854a3cc49afc0.jpg?1787565993,Silver,12,0,BLM
Swhe Swoo,28568079,81,0,Sephirot,Materia,0,0,fbccbe709d21605c6f47dec5052b1238_30a5f9eadea6e0cb684a5265362d0d59fc0.jpg?1787567201,Silver,9,0,DRK
Levinia Lumina,25634480,82,0,Ravana,Materia,0,0,9ba79c01085813db00f74aa9a46fd0c8_2f53b2675d3eea360f0b48d74d30af15fc0.jpg?1787566631,Silver,12,0,MCH
Liachen Thrope,29127861,83,0,Sophia,Materia,0,0,b0722934ed1329725ff744f9ae52c7ba_ba15a18cd3a8fb567e39053022515eb6fc0.jpg?1787566486,Silver,9,0,MCH
Goober Gooberm,48887220,84,0,Ravana,Materia,0,0,4523e0b4a5f923b67e31f18f801210af_2f53b2675d3eea360f0b48d74d30af15fc0.jpg?1787567235,Silver,18,0,ALC
Zepherii Sui,43963552,85,94,Sophia,Materia,0,0,31b395238c6120dc114964c652dc393b_ba15a18cd3a8fb567e39053022515eb6fc0.jpg?1787568495,Silver,16,3,MCH
Athena' Aria,29939277,86,85,Ravana,Materia,0,0,c678c1cf7f9d7de3e80882588e7606e8_2f53b2675d3eea360f0b48d74d30af15fc0.jpg?1787568701,Silver,6,0,AST
Turuturu Mennmenn,51356780,87,86,Sephirot,Materia,0,0,501dec1a7db9bac050ecbd4f8028e6e6_30a5f9eadea6e0cb684a5265362d0d59fc0.jpg?1787567658,Bronze,19,0,MNK
Hotsingles Inyourarea,43275845,88,87,Sephirot,Materia,0,0,08be8dec8891190a5227c50c7650dd29_30a5f9eadea6e0cb684a5265362d0d59fc0.jpg?1787568233,Bronze,15,0,PCT
Makh'a Zruhn,42193944,89,88,Ravana,Materia,0,0,323be164f5593618bf1111ae4538ad96_2f53b2675d3eea360f0b48d74d30af15fc0.jpg?1787569097,Bronze,6,0,PCT
Ashmi Rae,18364101,90,89,Bismarck,Materia,0,0,2b3a41d227e2937852d5c1e031d5aba0_36f0570990ac5402b2ef514d36b0435cfc0.jpg?1787566751,Bronze,5,0,BRD
Tiny Wrath,25583557,91,90,Zurvan,Materia,0,0,2c82c1a404fc646361cabcf478aed323_1fa3a1b3845481a1b67b46854a3cc49afc0.jpg?1787567986,Bronze,24,0,WAR
Fio Vanetti,41633033,92,91,Ravana,Materia,0,0,f237b05eb696b7fe8e05b757513a1ca2_2f53b2675d3eea360f0b48d74d30af15fc0.jpg?1787568638,Bronze,12,0,DRG
Esuna Me,41693115,93,0,Sophia,Materia,0,0,a228e053489ecc9e042fda80c30c0c67_ba15a18cd3a8fb567e39053022515eb6fc0.jpg?1787566915,Bronze,11,0,SMN
Ashe Elven,60375475,94,92,Ravana,Materia,0,0,d4a5d51981aa859d5ce41248e280c696_2f53b2675d3eea360f0b48d74d30af15fc0.jpg?1787566359,Bronze,10,0,PLD
Mandakavaa Malaguld,37955863,95,0,Bismarck,Materia,0,0,28368cf0fe654896ddafdbaa7c7a6a56_36f0570990ac5402b2ef514d36b0435cfc0.jpg?1787567275,Bronze,8,8,FSH
Vistra Vistra,37543108,96,93,Sophia,Materia,0,0,b46ab5b00ca34214d4593336a0f112ed_ba15a18cd3a8fb567e39053022515eb6fc0.jpg?1787567776,Bronze,4,0,CRP
Inconspicuous Miqo'te,3493859,97,95,Sophia,Materia,0,0,0b6b4d2c312f136911f9717c83c17997_ba15a18cd3a8fb567e39053022515eb6fc0.jpg?1787567475,Bronze,11,0,VPR
Aethon Shaan,60332336,98,96,Zurvan,Materia,0,0,2c608a6ec9ff59b0783f70b9c665a4b2_1fa3a1b3845481a1b67b46854a3cc49afc0.jpg?1787567269,Bronze,9,0,VPR
Therise Yld'amore,41754598,99,97,Bismarck,Materia,0,0,dea40bb49832c184ff5941cee3006818_36f0570990ac5402b2ef514d36b0435cfc0.jpg?1787565666,Bronze,7,0,FSH
Daeneris Stormborn,17816677,100,98,Zurvan,Materia,0,0,dd3c1f830e92ca4f902d42575517a37d_1fa3a1b3845481a1b67b46854a3cc49afc0.jpg?1787567514,Bronze,4,0,WHM
